laserlabel_id,image_id,dive_id,is_canonical,superseded,completed,label_studio_task_id,label_studio_project_id,ann_id,labeler,cancelled,lead_time,created_at,parent_prediction,parent_annotation,last_action,n_kp,x_pct,y_pct,ow,oh,kp_label,origin
69037,129437,471,t,f,t,223582,63,121854,10,f,26.213,2025-11-06T19:44:38.569889Z,20611.0,,,1,52.067762830094665,54.144562334217504,4014.0,3016.0,Green Laser,prediction
68296,78700,279,t,f,t,222286,57,118338,10,f,30.399,2025-10-21T01:56:52.233635Z,19913.0,,,1,47.53585718572849,36.72908015526855,4014.0,3016.0,Red Laser,prediction
68425,129461,471,t,f,t,223606,63,121932,10,f,21.031,2025-11-06T19:55:52.336156Z,20633.0,,,1,51.71898355754858,52.28779840848807,4014.0,3016.0,Green Laser,prediction
68364,129296,465,t,f,t,223334,61,126333,10,f,18.099,2025-11-14T02:30:30.959344Z,20423.0,,,1,49.078226208271055,42.40716180371353,4014.0,3016.0,Green Laser,prediction
68796,129344,465,t,f,t,223382,61,126381,10,f,38.759,2025-11-14T02:58:37.165477Z,,,,1,49.40516496542451,43.89193734042496,4014.0,3016.0,Green Laser,prediction-changed
69171,129345,465,t,f,t,223383,61,126382,10,f,29.665,2025-11-14T02:59:08.045670Z,20455.0,,,1,49.450286579718046,44.07642680302273,4014.0,3016.0,Green Laser,prediction-changed
68480,101278,341,t,f,t,222618,58,120335,10,f,8.991,2025-10-28T15:41:53.893630Z,20028.0,,,1,48.3863471970654,43.31162771514056,4014.0,3016.0,Red Laser,prediction
68438,129462,471,t,f,t,223607,63,121933,10,f,19.457,2025-11-06T19:56:15.746883Z,20634.0,,,1,50.64773293472845,47.8448275862069,4014.0,3016.0,Green Laser,prediction
68292,101346,341,t,f,t,222686,58,120501,10,f,16.904,2025-10-29T15:03:53.957606Z,20086.0,,,1,45.07991243297242,29.53814810840073,4014.0,3016.0,Red Laser,prediction
68937,102927,347,t,f,t,223159,60,121598,26,f,33.323,2025-11-04T23:01:53.121230Z,20314.0,,,1,49.20654670678043,41.91713161193614,4014.0,3016.0,Green Laser,prediction
68974,101343,341,t,f,t,222683,58,120498,10,f,13.351,2025-10-29T15:02:48.777562Z,20083.0,,,1,45.02670389275104,29.533956267940106,4014.0,3016.0,Red Laser,prediction
68887,102835,347,t,f,t,223067,60,121505,26,f,28.395,2025-11-04T04:37:03.261215Z,20250.0,,,1,49.91950279841472,44.76474960906607,4014.0,3016.0,Green Laser,prediction
68970,102946,347,t,f,t,223178,60,121617,26,f,19.418,2025-11-04T23:13:46.878110Z,20321.0,,,1,49.6022673676566,43.659785016988806,4014.0,3016.0,Green Laser,prediction
68484,102610,349,t,f,t,222866,59,120209,10,f,20.362,2025-10-28T00:14:51.946843Z,20175.0,,,1,49.17787742899851,50.3315649867374,4014.0,3016.0,Green Laser,prediction
68931,102922,347,t,f,t,223154,60,121593,26,f,22.564,2025-11-04T22:54:18.331819Z,20309.0,,,1,49.180749250759455,41.92256394116173,4014.0,3016.0,Green Laser,prediction
69053,101366,341,t,f,t,222706,58,120521,10,f,38.192,2025-10-29T15:16:56.376473Z,20106.0,,,1,45.264758203089855,30.364522217463875,4014.0,3016.0,Red Laser,prediction
69258,102557,349,t,f,t,222813,59,120126,10,f,26.274,2025-10-27T23:36:05.890242Z,20167.0,,,1,48.62979571499751,47.57957559681697,4014.0,3016.0,Green Laser,prediction
69302,102867,347,t,f,t,223099,60,121538,26,f,30.644,2025-11-04T18:27:56.062482Z,20267.0,,,1,47.5736501215836,35.18374193157408,4014.0,3016.0,Green Laser,prediction
68719,102993,347,t,f,t,223225,60,121664,26,f,26.191,2025-11-05T03:16:02.914858Z,20359.0,,,1,50.07004402169094,45.68009256468325,4014.0,3016.0,Green Laser,prediction
69390,102870,347,t,f,t,223102,60,121541,26,f,25.466,2025-11-04T18:29:25.756766Z,20270.0,,,1,47.5367995964472,35.0053281893772,4014.0,3016.0,Green Laser,prediction
69029,129426,471,t,f,t,223571,63,121834,10,f,19.981,2025-11-06T19:39:21.871292Z,20607.0,,,1,51.96811160936722,53.44827586206896,4014.0,3016.0,Green Laser,prediction
69139,102806,347,t,f,t,223038,60,121476,26,f,26.436,2025-11-04T04:04:02.988351Z,20230.0,,,1,49.338850353408574,42.24249179157358,4014.0,3016.0,Green Laser,prediction
69041,101261,341,t,f,t,222601,58,120318,10,f,10.734,2025-10-28T15:32:00.663043Z,20011.0,,,1,47.46168093905256,39.29239253865759,4014.0,3016.0,Red Laser,prediction
68285,129205,466,t,f,t,223489,62,122921,10,f,28.001,2025-11-08T03:15:53.732283Z,20537.0,,,1,53.064275037369214,50.03315649867373,4014.0,3016.0,Green Laser,prediction
68639,101302,341,t,f,t,222642,58,120435,10,f,24.646,2025-10-29T14:47:12.500547Z,20050.0,,,1,47.397379563610144,39.60875697607368,4014.0,3016.0,Red Laser,prediction
68608,129402,471,t,f,t,223547,63,121794,10,f,10.127,2025-11-06T02:03:03.356873Z,20590.0,,,1,51.195814648729446,49.8342175066313,4014.0,3016.0,Green Laser,prediction
69091,101363,341,t,f,t,222703,58,120518,10,f,19.615,2025-10-29T15:15:56.831159Z,20103.0,,,1,46.2326169882027,34.90777265325397,4014.0,3016.0,Red Laser,prediction
68787,129460,471,t,f,t,223605,63,121930,10,f,14.414,2025-11-06T19:55:28.415122Z,20632.0,,,1,51.71898355754858,52.254641909814325,4014.0,3016.0,Green Laser,prediction
68583,129341,465,t,f,t,223379,61,126378,10,f,18.903,2025-11-14T02:56:36.083146Z,20451.0,,,1,48.95366218236173,41.97612732095491,4014.0,3016.0,Green Laser,prediction
68793,103030,347,t,f,t,223262,60,121840,26,f,47.233,2025-11-06T19:41:06.675108Z,,,,0,,,,,,
68409,129200,466,t,f,t,223484,62,122914,10,f,38.998,2025-11-08T03:13:30.254433Z,20534.0,,,1,52.2477641723269,46.55281802288864,4014.0,3016.0,Green Laser,prediction-changed
68389,129304,465,t,f,t,223342,61,126341,10,f,25.609,2025-11-14T02:35:32.175150Z,20431.0,,,1,48.62979571499751,40.45092838196286,4014.0,3016.0,Green Laser,prediction
69229,129175,466,t,f,t,223459,62,122124,10,f,27.276,2025-11-07T01:59:28.452608Z,20512.0,,,1,52.41654210264076,47.181697612732094,4014.0,3016.0,Green Laser,prediction
68271,129184,466,t,f,t,223468,62,122895,10,f,42.068000000000005,2025-11-08T02:59:05.828982Z,20519.0,,,1,53.56253114100648,52.08885941644562,4014.0,3016.0,Green Laser,prediction
68503,129213,466,t,f,t,223497,62,122931,10,f,23.891,2025-11-08T03:20:08.374385Z,20545.0,,,1,52.79023418036872,48.54111405835544,4014.0,3016.0,Green Laser,prediction
68840,129188,466,t,f,t,223472,62,122899,10,f,52.502,2025-11-08T03:02:33.260086Z,20523.0,,,1,53.238664673642255,50.56366047745357,4014.0,3016.0,Green Laser,prediction
68384,129300,465,t,f,t,223338,61,126337,10,f,21.05,2025-11-14T02:32:42.722860Z,20427.0,,,1,48.9785749875436,41.94297082228117,4014.0,3016.0,Green Laser,prediction
69208,129393,465,t,f,t,223431,61,126430,10,f,22.881,2025-11-14T03:28:43.275700Z,20490.0,,,1,48.66299319515328,40.82675416320651,4014.0,3016.0,Green Laser,prediction-changed
43254,79433,256,t,t,t,84716,10,52353,55,f,61.395,2025-02-08T19:17:33.618982Z,,,,1,55.6175976386766,69.21649434852286,3987.0,3016.0,Red Laser,manual
43254,79433,256,t,t,t,84716,10,64600,20,f,55.931,2025-02-26T19:22:40.234692Z,,,,0,,,,,,
59125,77642,255,t,t,t,117690,10,44329,33,f,284.142,2025-01-30T22:37:33.708987Z,,,,1,54.11380148413202,45.54183337639815,3987.0,3016.0,Green Laser,manual
59125,77642,255,t,t,t,117690,10,57483,20,f,24.908,2025-02-13T16:59:33.180484Z,,,,0,,,,,,
43221,78806,279,t,t,t,84638,10,35667,20,f,19.15,2025-01-23T21:29:10.092115Z,,,,1,50.1494767722277,51.77474985887192,3987.0,3016.0,Green Laser,manual
59162,78689,279,t,t,t,115919,10,54785,78,f,31.924,2025-02-11T15:31:41.435505Z,,,,1,58.20246226106603,16.148478763220258,3987.0,3016.0,Green Laser,manual
58779,78676,279,t,t,t,115874,10,26532,54,f,24.776,2025-01-17T14:27:44.157226Z,,,,1,58.2082420892522,40.46532185824435,3987.0,3016.0,Red Laser,manual
69130,78806,279,t,t,t,222392,57,118115,4,f,12.838,2025-10-17T18:35:05.712180Z,20006.0,,,1,49.812148453132,51.77474985887192,4014.0,3016.0,Green Laser,prediction
58781,78677,279,t,t,t,115877,10,42556,33,f,140.954,2025-01-30T17:43:29.265801Z,,,,1,54.98054165307238,37.92373643392456,3987.0,3016.0,Green Laser,manual
69310,102890,347,t,f,t,223122,60,121561,26,f,12.01,2025-11-04T18:38:44.947843Z,20287.0,,,1,48.21083071768759,37.695524653381405,4014.0,3016.0,Green Laser,prediction
68255,101321,341,t,f,t,222661,58,120476,10,f,12.559,2025-10-29T14:52:49.957826Z,20069.0,,,1,46.76256880829565,36.919759650287645,4014.0,3016.0,Red Laser,prediction
49374,101314,341,t,t,t,98717,10,33281,62,f,5.811,2025-01-22T17:10:02.301388Z,,,,1,47.38388634285594,37.0429252782194,3987.0,3016.0,Red Laser,manual
69052,101272,341,t,t,t,222612,58,120329,10,f,72.648,2025-10-28T15:35:53.037667Z,20022.0,,,1,48.35152379203683,42.56177715540424,4014.0,3016.0,Red Laser,prediction
49359,101299,341,t,t,t,98702,10,40528,33,f,8.019,2025-01-28T23:13:38.489672Z,,,,1,47.35839031585411,37.30299129518426,3987.0,3016.0,Red Laser,manual
69065,101372,341,t,t,t,222712,58,120627,10,f,19.168,2025-10-29T17:44:07.146685Z,20112.0,,,1,44.078792588420654,24.6422893481717,4014.0,3016.0,Red Laser,prediction
68660,101358,341,t,t,t,222698,58,120513,10,f,20.96,2025-10-29T15:06:34.694975Z,20098.0,,,1,46.3484323151957,35.6120826709062,4014.0,3016.0,Red Laser,prediction
49334,101272,341,t,t,t,98675,10,51202,62,f,4.706,2025-02-07T19:01:54.129043Z,,,,1,48.67896074773911,42.56177715540424,3987.0,3016.0,Red Laser,manual
68240,101314,341,t,t,t,222654,58,120464,10,f,8.318,2025-10-29T14:51:25.496019Z,20062.0,,,1,47.06516064996677,37.0429252782194,4014.0,3016.0,Red Laser,prediction
49423,101372,341,t,t,t,98775,10,32904,62,f,7.459,2025-01-22T16:26:17.675968Z,,,,1,44.37729456983208,24.6422893481717,3987.0,3016.0,Red Laser,manual
49410,101358,341,t,t,t,98762,10,44122,62,f,103.787,2025-01-30T22:04:06.787936Z,,,,1,46.66230431733021,35.6120826709062,3987.0,3016.0,Red Laser,manual
49420,101369,341,t,t,t,98772,10,33444,62,f,5.753,2025-01-22T17:23:36.351956Z,,,,1,44.61782191167399,27.344992050874406,3987.0,3016.0,Red Laser,manual
68631,101300,341,t,t,t,222640,58,120433,10,f,87.97500000000001,2025-10-29T14:46:27.497830Z,20048.0,,,1,47.30619011808589,39.76706400662408,4014.0,3016.0,Red Laser,prediction
68350,101338,341,t,t,t,222678,58,120493,10,f,16.592,2025-10-29T15:01:34.127134Z,20078.0,,,1,46.61460679675045,37.3364232622339,4014.0,3016.0,Red Laser,prediction
66029,101329,341,t,t,t,195987,43,89895,128,f,12.09,2025-05-15T01:39:28.464160Z,,,,1,53.91568612037933,54.40985354101088,3987.0,3016.0,Green Laser,manual
69009,101353,341,t,t,t,222693,58,120508,10,f,4.906,2025-10-29T15:05:30.428898Z,20093.0,,,1,45.06545039306141,29.08545784483677,4014.0,3016.0,Red Laser,prediction
49405,101353,341,t,t,t,98756,10,63234,78,f,22.626,2025-02-25T02:35:58.069943Z,,,,1,45.370634030034736,29.08545784483677,3987.0,3016.0,Red Laser,manual
49555,102872,347,t,t,t,98993,10,30397,62,f,10.764,2025-01-21T15:58:08.663983Z,,,,1,47.98333847322608,35.074755011750256,3987.0,3016.0,Green Laser,manual
49483,102743,347,t,t,t,98866,10,20918,46,f,46.791,2025-01-07T17:31:57.361613Z,,,,1,51.91562059443415,46.80942048078704,3987.0,3016.0,Green Laser,manual
69393,102872,347,t,t,t,223104,60,121543,26,f,39.689,2025-11-04T18:30:56.184305Z,20272.0,,,1,47.66058059111918,35.074755011750256,4014.0,3016.0,Green Laser,prediction
49484,102744,347,t,t,t,98868,10,33530,62,f,9.893,2025-01-22T17:31:07.779668Z,,,,1,49.5847139661628,47.64096181756595,3987.0,3016.0,Red Laser,manual
49488,102756,347,t,t,t,98877,10,49341,62,f,10.737,2025-02-05T20:43:28.571602Z,,,,1,52.82025038301015,47.72544527864487,3987.0,3016.0,Green Laser,manual
68276,102756,347,t,t,t,222988,60,120587,26,f,10.765,2025-10-29T17:29:42.929879Z,20201.0,,,1,52.41006464974941,47.664235394740594,4014.0,3016.0,Green Laser,prediction-changed
68679,102764,347,t,t,t,222996,60,120615,26,f,43.371,2025-10-29T17:39:53.227943Z,20204.0,,,1,49.962030301446106,44.54762688963186,4014.0,3016.0,Green Laser,prediction
49485,102749,347,t,t,t,98869,10,28053,62,f,8.478,2025-01-18T17:39:32.139320Z,,,,1,48.23722065284239,45.7139369822328,3987.0,3016.0,Green Laser,manual
49495,102768,347,t,t,t,98889,10,63408,33,f,9.836,2025-02-25T18:24:40.278499Z,,,,1,50.42356799870467,45.040225653346674,3987.0,3016.0,Green Laser,manual
68990,103008,347,t,t,t,223240,60,121679,26,f,37.491,2025-11-05T03:28:48.699625Z,20369.0,,,1,49.1433359261212,42.32085454988992,4014.0,3016.0,Green Laser,prediction
68489,102768,347,t,t,t,223000,60,120628,26,f,17.892,2025-10-29T17:44:22.006150Z,20208.0,,,1,50.0843960166506,45.040225653346674,4014.0,3016.0,Green Laser,prediction
49619,102969,347,t,t,t,99088,10,34415,62,f,8.697,2025-01-22T23:01:55.773559Z,,,,1,48.64089191575848,39.10894868508468,3987.0,3016.0,Green Laser,manual
49656,103023,347,t,t,t,99144,10,64241,55,f,36.297,2025-02-26T16:44:17.113164Z,,,,1,51.10895902630628,47.75943787075776,3987.0,3016.0,Red Laser,manual
68650,102950,347,t,t,t,223182,60,121621,26,f,46.264,2025-11-04T23:16:17.354063Z,20324.0,,,1,47.97647353207665,37.401819289767175,4014.0,3016.0,Green Laser,prediction
68247,102956,347,t,t,t,223188,60,121627,26,f,24.945,2025-11-04T23:20:18.581523Z,20330.0,,,1,47.901343707199686,37.20190779014308,4014.0,3016.0,Green Laser,prediction
49658,103036,347,t,t,t,99156,10,57053,62,f,7.469,2025-02-13T15:11:08.263697Z,,,,1,48.90104277376343,29.636048526863085,3987.0,3016.0,Green Laser,manual
69345,103019,347,t,t,t,223251,60,121823,26,f,58.629,2025-11-06T19:35:43.668977Z,20376.0,,,1,51.62508974742621,42.16253430298774,4014.0,3016.0,Green Laser,prediction
49654,103019,347,t,t,t,99140,10,49444,62,f,17.869,2025-02-05T20:56:11.990657Z,,,,1,51.97469532133655,42.16253430298773,3987.0,3016.0,Green Laser,manual
66030,102826,347,t,t,t,196049,43,85268,46,f,82.582,2025-04-22T21:05:04.528872Z,,,,1,44.476187055035005,31.95889264922061,4014.0,3016.0,Red Laser,manual
68819,103036,347,t,t,t,223268,60,121852,26,f,16.424,2025-11-06T19:43:55.115202Z,20381.0,,,1,48.57798966277049,29.870727663130104,4014.0,3016.0,Green Laser,prediction-changed
68674,102914,347,t,t,t,223146,60,121585,26,f,28.088,2025-11-04T18:52:47.368087Z,20301.0,,,1,49.33480037674183,42.92527821939587,4014.0,3016.0,Green Laser,prediction
66032,103024,347,t,t,t,196114,43,99965,45,f,28.774,2025-06-17T19:50:17.247988Z,,,,1,52.8912948767299,45.61325929959367,4014.0,3016.0,Red Laser,manual
69206,102828,347,t,t,t,223060,60,121498,26,f,8.308,2025-11-04T04:34:11.954344Z,20246.0,,,1,48.07802389248853,36.68017702920247,4014.0,3016.0,Green Laser,prediction
68581,102841,347,t,t,t,223073,60,121511,26,f,22.737,2025-11-04T04:40:17.843123Z,20252.0,,,1,50.82796269441408,21.408961420755087,4014.0,3016.0,Green Laser,prediction
49586,102914,347,t,t,t,99037,10,51113,62,f,3.794,2025-02-07T18:55:05.684099Z,,,,1,49.66889609035407,42.92527821939587,3987.0,3016.0,Green Laser,manual
24641,102699,349,t,t,t,214219,43,89437,128,f,9.746,2025-05-13T18:10:44.429596Z,,,,1,48.67924464262951,47.29790690544137,4014.0,3016.0,Green Laser,manual
24639,102701,349,t,t,t,214206,43,89952,128,f,42.931,2025-05-15T02:10:01.732887Z,,,,1,48.62626834938092,47.07707670882256,4014.0,3016.0,Green Laser,manual
68635,102699,349,t,t,t,222955,59,120307,10,f,24.357,2025-10-28T01:15:45.867083Z,20182.0,,,1,48.67962132536123,47.314323607427056,4014.0,3016.0,Green Laser,prediction
24640,102704,349,t,t,t,214210,43,89632,128,f,9.625,2025-05-14T18:28:02.797454Z,,,,1,48.494674438951726,46.51184345975159,4014.0,3016.0,Green Laser,manual
68657,102704,349,t,t,t,222960,59,120312,10,f,34.796,2025-10-28T01:19:49.428779Z,20184.0,,,1,48.50523168908819,46.5185676392573,4014.0,3016.0,Green Laser,prediction
13466,102575,349,t,t,t,213879,43,89499,128,f,13.235,2025-05-14T17:34:18.601493Z,,,,1,53.062322434385365,52.84217154949823,4014.0,3016.0,Green Laser,manual
69412,111925,383,t,f,t,224639,70,134888,10,f,44.235,2025-12-09T01:12:01.579001Z,20646.0,,,1,50.61359432764079,46.34621671967134,4014.0,3016.0,Red Laser,prediction-changed
69399,111912,383,t,t,t,224626,70,134874,10,f,20.598,2025-12-09T01:02:53.317919Z,20644.0,,,1,51.842023567094245,48.74560029413106,4014.0,3016.0,Red Laser,prediction-changed
21361,111912,383,t,t,t,207757,43,89602,128,f,8.775,2025-05-14T18:05:26.612995Z,,,,1,51.842023567094245,48.70810384113721,4014.0,3016.0,Red Laser,manual
12176,118342,424,t,t,t,196856,43,89669,128,f,17.683,2025-05-14T18:39:12.605559Z,,,,1,45.48461944751861,42.98684942331614,4014.0,3016.0,Green Laser,manual
23967,118326,424,t,t,t,197001,43,89297,128,f,9.345,2025-05-13T13:36:48.340851Z,,,,1,48.4584676168779,44.75859272689944,4014.0,3016.0,Green Laser,manual
24499,118355,424,t,t,t,192642,43,85263,46,f,16.22,2025-04-22T21:02:30.867662Z,,,,1,45.55369976725056,43.33751030462889,4014.0,3016.0,Green Laser,manual
12153,118534,424,t,t,t,196846,43,99824,45,f,18.344,2025-06-17T18:54:43.576902Z,,,,1,45.00811672959142,43.44273249035694,4014.0,3016.0,Green Laser,manual
23976,118357,424,t,t,t,197076,43,89639,128,f,8.851,2025-05-14T18:29:54.808740Z,,,,1,45.53213809971958,43.3420426150075,4014.0,3016.0,Green Laser,manual
65058,129232,466,t,t,t,155399,42,99659,62,f,11.453,2025-06-16T15:31:32.743642Z,,,,1,51.11811576508681,49.717119840827394,4014.0,3016.0,Green Laser,manual
68724,129232,466,t,t,t,223516,62,122955,10,f,26.907,2025-11-08T03:31:21.533426Z,20559.0,,,1,51.07973407227047,49.708379979446526,4014.0,3016.0,Green Laser,prediction-changed
63486,129152,466,t,t,t,155658,42,84252,55,f,60.233,2025-04-16T10:46:13.652848Z,,,,1,50.30536297129795,43.138429550666544,4014.0,3016.0,Green Laser,manual
65891,129229,466,t,t,t,154203,42,93192,46,f,23.958,2025-05-23T15:17:17.891298Z,,,,1,51.56308275515941,51.88325222094867,4014.0,3016.0,Green Laser,manual
65321,129153,466,t,t,t,155660,42,86519,55,f,8.422,2025-04-29T19:53:31.876517Z,,,,1,51.28841956977424,47.54227033967076,4014.0,3016.0,Green Laser,manual
68539,129226,466,t,t,t,223510,62,122948,10,f,29.35,2025-11-08T03:28:38.710191Z,20555.0,,,1,51.34043879438678,50.88144433096905,4014.0,3016.0,Green Laser,prediction-changed
61027,129228,466,t,t,t,154830,42,86029,46,f,21.737,2025-04-24T15:25:19.747234Z,,,,1,51.56217791477182,51.82249635736257,4014.0,3016.0,Green Laser,manual
63736,129234,466,t,t,t,155406,42,90037,55,f,10.06,2025-05-15T17:35:25.275744Z,,,,1,51.01706107702916,49.35993342849239,4014.0,3016.0,Green Laser,manual
68548,129236,466,t,t,t,223520,62,122959,10,f,26.556,2025-11-08T03:33:13.091071Z,20563.0,,,1,51.34045016916557,50.84894738085767,4014.0,3016.0,Green Laser,prediction-changed
68988,129228,466,t,t,t,223512,62,122950,10,f,34.791,2025-11-08T03:29:46.381480Z,20556.0,,,1,51.55521201185381,51.80838752056618,4014.0,3016.0,Green Laser,prediction-changed
61173,129244,466,t,t,t,155415,42,88001,46,f,14.549,2025-05-06T20:17:21.687294Z,,,,1,50.90786687135092,49.11830154169097,4014.0,3016.0,Green Laser,manual
59393,129226,466,t,t,t,154828,42,95041,33,f,23.46,2025-05-29T21:59:33.505472Z,,,,1,51.34448741084331,50.87075909046563,4014.0,3016.0,Green Laser,manual
61095,129235,466,t,t,t,155418,42,87044,46,f,14.691,2025-05-02T16:17:49.220891Z,,,,1,50.98485400775225,49.34952871080148,4014.0,3016.0,Green Laser,manual
68379,129152,466,t,t,t,223436,62,122101,10,f,62.972,2025-11-07T01:44:49.310706Z,20493.0,,,1,50.29895366218236,43.13660477453581,4014.0,3016.0,Green Laser,prediction
6825,129237,466,t,t,t,160505,42,98779,62,f,10.599,2025-06-13T16:03:33.545990Z,,,,1,51.63731808522394,52.10168856253215,4014.0,3016.0,Green Laser,manual
56541,129238,466,t,t,t,155409,42,101862,46,f,17.283,2025-06-24T16:10:28.534064Z,,,,1,51.34486352429393,51.01465979067951,4014.0,3016.0,Green Laser,manual
20363,129239,466,t,t,t,155416,42,98799,62,f,11.748,2025-06-13T16:10:29.429324Z,,,,1,51.16464848494351,50.214458016584906,4014.0,3016.0,Green Laser,manual
65319,129236,466,t,t,t,155413,42,100809,46,f,24.535,2025-06-21T15:02:24.391044Z,,,,1,51.33136258266708,50.83644162218207,4014.0,3016.0,Green Laser,manual
69299,129320,465,t,t,t,223358,61,126357,10,f,34.521,2025-11-14T02:41:18.273864Z,20440.0,,,1,48.85401096163428,42.241379310344826,4014.0,3016.0,Green Laser,prediction
65320,129240,466,t,t,t,155414,42,103245,142,f,5.591,2025-06-27T00:12:23.927458Z,,,,1,51.16227381438886,50.02155212217341,4014.0,3016.0,Green Laser,manual
68562,129238,466,t,t,t,223522,62,122961,10,f,25.151,2025-11-08T03:34:07.989551Z,20565.0,,,1,51.36799450549732,51.01921844967815,4014.0,3016.0,Green Laser,prediction-changed
63021,129452,471,t,t,t,155552,42,98594,62,f,9.398,2025-06-13T14:45:33.273170Z,,,,1,51.02829168827097,50.24678907911731,4014.0,3016.0,Green Laser,manual
23774,129265,465,t,t,t,154472,42,90614,46,f,16.276,2025-05-17T14:30:16.633291Z,,,,1,49.52989367763561,43.89778524449163,4014.0,3016.0,Green Laser,manual
69177,129364,465,t,t,t,223402,61,126401,10,f,74.72,2025-11-14T03:08:42.232539Z,20469.0,,,1,49.12805181863477,43.50132625994695,4014.0,3016.0,Green Laser,prediction
63248,129249,466,t,t,t,155403,42,103653,46,f,26.393,2025-06-29T14:16:21.886184Z,,,,1,50.6687435637879,47.3967410524859,4014.0,3016.0,Green Laser,manual
24026,129263,465,t,t,t,159675,42,103445,46,f,19.482,2025-06-27T16:29:12.017993Z,,,,1,49.45557017949596,43.555939727998016,4014.0,3016.0,Green Laser,manual
6728,129243,466,t,t,t,160469,42,90829,46,f,13.024,2025-05-17T22:35:48.712080Z,,,,1,50.50255563058334,47.5281916089312,4014.0,3016.0,Green Laser,manual
68231,129358,465,t,t,t,223396,61,126395,10,f,38.361,2025-11-14T03:06:23.146243Z,20467.0,,,1,48.22201945963134,39.64121734431458,4014.0,3016.0,Green Laser,prediction-changed
61109,129241,466,t,t,t,160255,42,93229,46,f,12.418,2025-05-23T15:29:56.372029Z,,,,1,51.297277967296814,50.81503549157078,4014.0,3016.0,Green Laser,manual
68863,129243,466,t,t,t,223527,62,122966,10,f,33.864,2025-11-08T03:36:52.975870Z,20570.0,,,1,50.53190320383496,47.54013122186876,4014.0,3016.0,Green Laser,prediction-changed
68264,129246,466,t,t,t,223530,62,122971,10,f,32.604,2025-11-08T03:38:40.544350Z,20573.0,,,1,51.25058639412728,50.71400227719626,4014.0,3016.0,Green Laser,prediction-changed
68865,129248,466,t,t,t,223532,62,122973,10,f,38.446,2025-11-08T03:39:49.850726Z,20575.0,,,1,51.30425261739065,50.29840848806367,4014.0,3016.0,Green Laser,prediction-changed
68800,129353,465,t,t,t,223391,61,126390,10,f,33.922,2025-11-14T03:03:47.653811Z,20462.0,,,1,48.46590336576378,40.5521361766758,4014.0,3016.0,Green Laser,prediction-changed
68573,129241,466,t,t,t,223525,62,122964,10,f,38.367,2025-11-08T03:35:49.743535Z,20568.0,,,1,51.30495924767791,50.81627769825946,4014.0,3016.0,Green Laser,prediction-changed
23740,129474,471,t,t,t,155711,42,84797,46,f,19.863,2025-04-18T15:42:36.839583Z,,,,1,50.55034776142239,48.081547651706096,4014.0,3016.0,Green Laser,manual
21979,129358,465,t,t,t,159830,42,98665,62,f,10.702,2025-06-13T15:21:19.967766Z,,,,1,48.28392826855407,39.6842164928964,4014.0,3016.0,Green Laser,manual
62550,129359,465,t,t,t,159678,42,90418,46,f,14.999,2025-05-16T14:13:50.662391Z,,,,1,48.20513894774366,39.24022968620016,4014.0,3016.0,Green Laser,manual
707,129381,465,t,t,t,154933,42,98692,62,f,10.976,2025-06-13T15:32:32.926727Z,,,,1,49.15910847585236,43.78695233828693,4014.0,3016.0,Green Laser,manual
56490,129245,466,t,t,t,155410,42,88106,33,f,13.44,2025-05-08T22:38:10.146203Z,,,,1,50.3592857132846,46.92216745615274,4014.0,3016.0,Green Laser,manual
22901,129364,465,t,t,t,159780,42,86601,55,f,11.161,2025-04-29T20:55:31.128082Z,,,,1,49.13996430184782,43.5041650444051,4014.0,3016.0,Green Laser,manual
23843,129248,466,t,t,t,155405,42,102934,138,f,10.506,2025-06-26T23:32:41.630862Z,,,,1,51.319152524270905,50.305072059509904,4014.0,3016.0,Green Laser,manual
69189,129381,465,t,t,t,223419,61,126418,10,f,39.269,2025-11-14T03:22:58.228748Z,20480.0,,,1,49.14870007762247,43.737302062482144,4014.0,3016.0,Green Laser,prediction-changed
68441,129474,471,t,t,t,223619,63,122096,10,f,30.044,2025-11-07T01:30:27.413631Z,20642.0,,,1,50.54808171400099,48.07692307692308,4014.0,3016.0,Green Laser,prediction
68456,129384,465,t,t,t,223422,61,126421,10,f,34.975,2025-11-14T03:24:43.114988Z,20483.0,,,1,49.136967332495104,43.6102209535282,4014.0,3016.0,Green Laser,prediction-changed
63196,129392,465,t,t,t,154848,42,103042,142,f,7.901,2025-06-26T23:47:12.122356Z,,,,1,48.37422980521344,40.32971195311277,4014.0,3016.0,Green Laser,manual
68540,129249,466,t,t,t,223533,62,124432,10,f,36.036,2025-11-11T20:56:45.499991Z,20576.0,,,1,50.67264573991031,47.39475738815301,4014.0,3016.0,Green Laser,prediction-changed
68641,129389,465,t,t,t,223427,61,126426,10,f,20.267,2025-11-14T03:27:21.923027Z,20487.0,,,1,49.12805181863477,43.63395225464191,4014.0,3016.0,Green Laser,prediction
65059,129250,466,t,t,t,155404,42,88194,33,f,12.9,2025-05-08T23:26:06.146980Z,,,,1,51.54260515482283,51.17553392423291,4014.0,3016.0,Green Laser,manual
68299,129251,466,t,t,t,223535,62,124443,10,f,26.593,2025-11-11T20:57:39.430176Z,20578.0,,,1,51.569506726457405,51.35941644562334,4014.0,3016.0,Green Laser,prediction
68236,129255,466,t,t,t,223539,62,124462,10,f,9.386,2025-11-11T20:58:49.357890Z,20582.0,,,1,51.59441953163926,51.657824933687,4014.0,3016.0,Green Laser,prediction
60617,129253,466,t,t,t,160324,42,86391,55,f,18.525,2025-04-29T15:51:03.295852Z,,,,1,51.59507317515788,51.5861935910088,4014.0,3016.0,Green Laser,manual
65060,129254,466,t,t,t,155420,42,97211,46,f,23.082,2025-06-07T15:24:35.159602Z,,,,1,51.573510581900486,51.65768542606685,4014.0,3016.0,Green Laser,manual
68595,129254,466,t,t,t,223538,62,124457,10,f,13.179,2025-11-11T20:58:27.993074Z,20581.0,,,1,51.569506726457405,51.657824933687,4014.0,3016.0,Green Laser,prediction
23865,129218,466,t,t,t,155663,42,87035,46,f,23.503,2025-05-02T16:14:44.954239Z,,,,1,51.70803371581185,52.56532999749066,4014.0,3016.0,Green Laser,manual
68333,129218,466,t,t,t,223502,62,122939,10,f,38.028,2025-11-08T03:25:11.975014Z,20550.0,,,1,51.705395990985714,52.54852946351863,4014.0,3016.0,Green Laser,prediction-changed
20566,129225,466,t,t,t,159902,42,102805,138,f,12.939,2025-06-26T23:17:52.388384Z,,,,1,50.92130144680217,48.96868204509504,4014.0,3016.0,Green Laser,manual
24056,129223,466,t,t,t,160265,42,101926,46,f,20.952,2025-06-24T16:36:46.422286Z,,,,1,51.46767343802664,51.50197149145734,4014.0,3016.0,Green Laser,manual
68521,129223,466,t,t,t,223507,62,122944,10,f,32.378,2025-11-08T03:26:49.201983Z,20552.0,,,1,51.48275992029908,51.50349212577261,4014.0,3016.0,Green Laser,prediction-changed
60771,129224,466,t,t,t,159901,42,90741,46,f,79.849,2025-05-17T21:51:49.577288Z,,,,1,51.085845676913,48.37740989892176,4014.0,3016.0,Green Laser,manual
68651,129154,466,t,t,t,223438,62,122103,10,f,13.445,2025-11-07T01:45:16.308535Z,20495.0,,,1,51.32037867463877,47.712201591511935,4014.0,3016.0,Green Laser,prediction
22032,129156,466,t,t,t,160260,42,90348,46,f,14.699,2025-05-16T13:44:09.398294Z,,,,1,51.87833899153691,50.04113054064677,4014.0,3016.0,Green Laser,manual
68404,129156,466,t,t,t,223440,62,122105,10,f,22.724,2025-11-07T01:45:40.816132Z,20496.0,,,1,51.91115217631729,50.04452022705765,4014.0,3016.0,Green Laser,prediction-changed
61108,129158,466,t,t,t,160254,42,88143,33,f,8.316,2025-05-08T23:09:36.269534Z,,,,1,51.90006551898991,49.97585084654176,4014.0,3016.0,Red Laser,manual
68399,129158,466,t,t,t,223442,62,122109,10,f,48.137,2025-11-07T01:48:55.313429Z,,,,1,51.89539425194073,49.99052668863313,4014.0,3016.0,Green Laser,manual
22204,4878,84,t,t,t,210032,43,97603,46,f,14.995,2025-06-08T13:59:05.895154Z,,,,1,48.59684711440862,43.08391330042562,4014.0,3016.0,Red Laser,manual
68512,101448,341,t,t,t,222788,58,121786,10,f,22.623,2025-11-06T01:45:56.396417Z,20165.0,,,1,47.16294443875413,38.92433925540098,4014.0,3016.0,Red Laser,prediction
69061,101348,341,t,t,t,222688,58,120503,10,f,25.793,2025-10-29T15:04:39.941989Z,20088.0,,,1,45.21969538644445,29.72943841489663,4014.0,3016.0,Red Laser,prediction
69372,102763,347,t,t,t,222995,60,120611,26,f,75.187,2025-10-29T17:36:58.785569Z,20203.0,,,1,49.93879057204206,44.53628090414436,4014.0,3016.0,Green Laser,prediction-changed
68901,102772,347,t,t,t,223004,60,120636,26,f,16.587,2025-10-29T17:45:47.455795Z,20209.0,,,2,50.167485747191165,45.415199481978895,4014.0,3016.0,Green Laser,prediction
49496,102772,347,t,t,t,98892,10,21532,49,f,22.747,2025-01-08T02:41:27.342337Z,,,,1,50.5072204136507,45.4151994819789,3987.0,3016.0,Green Laser,manual
68748,102774,347,t,t,t,223006,60,120648,26,f,30.46,2025-10-29T17:48:38.342660Z,20211.0,,,1,50.24120477551533,45.75657055168057,4014.0,3016.0,Green Laser,prediction
69371,102775,347,t,t,t,223007,60,120650,26,f,42.788,2025-10-29T17:49:21.976729Z,20212.0,,,1,50.241063800813066,45.75456499148195,4014.0,3016.0,Green Laser,prediction
68476,103043,347,t,t,t,223275,60,121878,26,f,11.584,2025-11-06T19:48:17.704138Z,20383.0,,,1,49.43243146777988,43.234647109398985,4014.0,3016.0,Green Laser,prediction
23971,118585,424,t,t,t,197031,43,89878,128,f,11.823,2025-05-15T01:35:16.482882Z,,,,1,44.575593675532296,40.55788513709639,4014.0,3016.0,Green Laser,manual
65672,118596,424,t,t,t,196954,43,89813,128,f,14.162,2025-05-15T01:10:51.771406Z,,,,1,45.249362881130686,43.83504527851655,4014.0,3016.0,Green Laser,manual
65671,118581,424,t,t,t,196952,43,96303,46,f,21.55,2025-06-05T15:46:54.548811Z,,,,1,45.15503555196052,43.226229373554645,4014.0,3016.0,Green Laser,manual
69341,102980,347,t,f,t,223212,60,121651,26,f,6.405,2025-11-05T03:04:26.132830Z,20350.0,,,1,49.10288933594971,41.72924488339911,4014.0,3016.0,Green Laser,prediction
69049,129454,471,t,f,t,223599,63,121914,10,f,9.706,2025-11-06T19:52:55.442641Z,20628.0,,,1,51.64424514200299,52.38726790450928,4014.0,3016.0,Green Laser,prediction
62436,129182,466,t,t,t,155472,42,99461,62,f,8.797,2025-06-16T14:54:31.457902Z,,,,1,52.8848832877851,48.56924873093666,4014.0,3016.0,Green Laser,manual
68417,129164,466,t,t,t,223448,62,122112,10,f,22.671,2025-11-07T01:50:28.722459Z,20503.0,,,1,52.98953662182362,50.56366047745357,4014.0,3016.0,Green Laser,prediction
22903,129161,466,t,t,t,160488,42,99545,46,f,21.032,2025-06-16T15:09:35.547549Z,,,,1,52.28952020713452,47.34570911026169,4014.0,3016.0,Green Laser,manual
23845,129168,466,t,t,t,155437,42,98582,62,f,33.187,2025-06-13T14:39:48.627043Z,,,,1,53.734328583608026,50.64890849630274,4014.0,3016.0,Green Laser,manual
69183,129378,465,t,t,t,223416,61,126415,10,f,58.571,2025-11-14T03:20:14.881178Z,20478.0,,,1,49.44311163199268,44.71639590582792,4014.0,3016.0,Green Laser,prediction-changed
59475,129378,465,t,t,t,154855,42,90723,46,f,23.643,2025-05-17T21:41:29.941523Z,,,,1,49.45136061487984,44.7347687035122,4014.0,3016.0,Green Laser,manual
703,129380,465,t,t,t,154891,42,87668,46,f,46.023,2025-05-04T22:47:31.960878Z,,,,1,49.46816273635704,44.85663197293879,4014.0,3016.0,Green Laser,manual
61215,129353,465,t,t,t,159619,42,99012,62,f,10.101,2025-06-13T19:15:02.397884Z,,,,1,48.5165585830018,40.53227351022678,4014.0,3016.0,Green Laser,manual
61097,129400,471,t,t,t,155705,42,99430,62,f,9.698,2025-06-16T14:50:05.144464Z,,,,1,52.41545619643661,54.88990622326727,4014.0,3016.0,Green Laser,manual
49366,101306,341,t,f,t,98709,10,42761,62,f,5.684,2025-01-30T18:24:35.065267Z,,,,1,47.761273287522826,39.88657844990548,3987.0,3016.0,Red Laser,manual
68991,101350,341,t,t,t,222690,58,120505,10,f,13.18,2025-10-29T15:05:06.983694Z,20090.0,,,1,45.03903808673989,29.11910694931888,4014.0,3016.0,Red Laser,prediction
69089,101409,341,t,t,t,222749,58,120727,10,f,29.713,2025-10-29T19:07:14.107893Z,20131.0,,,1,45.51904282896852,31.031913753793443,4014.0,3016.0,Red Laser,prediction
49440,101407,341,t,t,t,98810,10,46753,33,f,14.004,2025-02-03T17:39:19.583664Z,,,,1,48.33366397993705,42.369832255488646,3987.0,3016.0,Red Laser,manual
68692,102765,347,t,t,t,222997,60,120618,26,f,93.454,2025-10-29T17:41:31.991950Z,20205.0,,,1,50.01099059152993,44.86836274265716,4014.0,3016.0,Green Laser,prediction
69373,102773,347,t,t,t,223005,60,120646,26,f,121.915,2025-10-29T17:48:06.820512Z,20210.0,,,1,50.228490179329945,45.7790664619282,4014.0,3016.0,Green Laser,prediction
62457,129370,465,t,t,t,159871,42,87442,33,f,8.704,2025-05-04T16:32:21.251410Z,,,,1,48.967315943259976,42.45312610347367,4014.0,3016.0,Green Laser,manual
24883,129186,466,t,t,t,160264,42,103306,46,f,16.122,2025-06-27T15:30:26.215807Z,,,,1,53.30497877084387,50.5165148580792,4014.0,3016.0,Green Laser,manual
49494,102766,347,t,t,t,98888,10,49174,46,f,17.482,2025-02-05T18:39:16.561074Z,,,,1,50.38240640522144,45.05683264071613,3987.0,3016.0,Green Laser,manual
65061,129181,466,t,t,t,155662,42,86963,46,f,14.087,2025-05-02T15:46:36.886453Z,,,,1,52.92612522675627,49.00386420227584,4014.0,3016.0,Green Laser,manual
43046,78688,279,t,t,t,84275,10,62885,46,f,45.009,2025-02-24T15:48:44.720704Z,,,,2,45.61140024028649,26.86924887109441,3987.0,3016.0,Red Laser,manual
24215,102549,349,t,t,t,213668,43,85508,46,f,12.525,2025-04-23T15:03:53.175368Z,,,,1,48.63354245618925,47.49760850012889,4014.0,3016.0,Green Laser,manual
68693,102769,347,t,f,t,223001,60,120630,26,f,7.576,2025-10-29T17:44:56.829859Z,,,,0,,,,,,
68834,129183,466,t,t,t,223467,62,122894,10,f,59.979,2025-11-08T02:58:28.815845Z,20518.0,,,1,53.3383158943697,50.72944297082229,4014.0,3016.0,Green Laser,prediction
60772,129183,466,t,t,t,159971,42,102791,139,f,69.196,2025-06-26T23:16:34.718057Z,,,,1,53.33635717580558,50.73698570288698,4014.0,3016.0,Green Laser,manual
68450,129372,465,t,t,t,223410,61,126409,10,f,31.978,2025-11-14T03:16:33.777000Z,20477.0,,,1,48.983787848023816,42.47990180698418,4014.0,3016.0,Green Laser,prediction-changed
20332,129262,465,t,t,t,154870,42,103200,138,f,14.409,2025-06-27T00:05:46.053039Z,,,,1,48.79499450717705,40.83485528015815,4014.0,3016.0,Green Laser,manual
20554,129260,465,t,t,t,159787,42,102056,46,f,18.459,2025-06-24T17:09:29.153060Z,,,,1,48.63088967445672,40.12362173878076,4014.0,3016.0,Green Laser,manual
69179,129366,465,t,t,t,223404,61,126403,10,f,78.136,2025-11-14T03:10:40.669663Z,20471.0,,,1,48.91211767071265,42.14742048520628,4014.0,3016.0,Green Laser,prediction-changed
61516,129390,465,t,t,t,159727,42,103260,138,f,21.545,2025-06-27T00:14:32.784125Z,,,,1,49.26957173685506,43.71957734006907,4014.0,3016.0,Green Laser,manual
69248,101403,341,t,f,t,222743,58,120721,10,f,18.271,2025-10-29T19:05:13.032624Z,20126.0,,,1,46.83123023429188,37.269986556915015,4014.0,3016.0,Red Laser,prediction
68722,102781,347,t,f,t,223013,60,120882,26,f,47.257,2025-10-29T20:08:21.944831Z,,,,0,,,,,,
56515,129305,465,t,t,t,154879,42,99361,62,f,8.118,2025-06-16T14:32:34.322179Z,,,,1,48.63477431115815,40.17262182591107,4014.0,3016.0,Green Laser,manual
56540,129356,465,t,t,t,154867,42,90733,46,f,20.439,2025-05-17T21:47:29.588907Z,,,,1,48.70240554349788,41.21002059466329,4014.0,3016.0,Green Laser,manual
68905,129369,465,t,t,t,223407,61,126406,10,f,36.784,2025-11-14T03:14:14.499476Z,20474.0,,,1,49.17787742899851,43.26923076923077,4014.0,3016.0,Green Laser,prediction
69138,129220,466,t,f,t,223504,62,122941,10,f,6.967,2025-11-08T03:25:47.708068Z,,,,0,,,,,,
69218,101444,341,t,t,t,222784,58,121782,10,f,21.716,2025-11-06T01:44:27.158454Z,20161.0,,,1,46.46788703765755,35.930047694753576,4014.0,3016.0,Red Laser,prediction
23824,129357,465,t,t,t,154754,42,100598,33,f,11.492,2025-06-20T20:23:08.448972Z,,,,1,48.77477460285777,41.515808401669865,4014.0,3016.0,Green Laser,manual
68405,129351,465,t,f,t,223389,61,126388,10,f,63.942,2025-11-14T03:02:51.913755Z,20460.0,,,1,49.28662273456685,43.60079575596817,4014.0,3016.0,Green Laser,prediction-changed
68414,101422,341,t,t,t,222762,58,120847,10,f,68.553,2025-10-29T19:40:19.559705Z,20141.0,,,1,47.29118162537265,39.32884168960914,4014.0,3016.0,Red Laser,prediction
68244,78726,279,t,t,t,222312,57,118266,10,f,10.091,2025-10-21T01:17:04.711785Z,19939.0,,,1,48.21042308765332,41.58266930294804,4014.0,3016.0,Red Laser,prediction
68889,78729,279,t,t,t,222315,57,118269,10,f,10.503,2025-10-21T01:18:47.175580Z,19942.0,,,1,48.73752676443259,44.19713831478538,4014.0,3016.0,Red Laser,prediction
68623,78756,279,t,t,t,222342,57,118296,10,f,18.022,2025-10-21T01:35:03.069851Z,19960.0,,,1,48.946021072367024,44.96034928539067,4014.0,3016.0,Red Laser,prediction
68917,78722,279,t,t,t,222308,57,118262,10,f,11.73,2025-10-21T01:03:58.131250Z,19935.0,,,1,47.86611698375157,39.88657844990548,4014.0,3016.0,Red Laser,prediction
68792,78735,279,t,t,t,222321,57,118275,10,f,28.385,2025-10-21T01:23:05.726447Z,19948.0,,,1,48.7451182049684,44.02714846791817,4014.0,3016.0,Red Laser,prediction
68896,78740,279,t,t,t,222326,57,118280,10,f,26.608,2025-10-21T01:28:01.227233Z,19953.0,,,1,48.96674871172767,44.8230741532595,4014.0,3016.0,Red Laser,prediction
68944,78732,279,t,t,t,222318,57,118272,10,f,40.78,2025-10-21T01:21:01.021969Z,19945.0,,,1,48.66488406625672,43.75247037329981,4014.0,3016.0,Red Laser,prediction
68770,78716,279,t,t,t,222302,57,118256,10,f,58.221,2025-10-21T00:57:29.417227Z,19929.0,,,1,49.57517416414382,45.55714079606644,4014.0,3016.0,Red Laser,prediction
68957,78739,279,t,t,t,222325,57,118279,10,f,14.544,2025-10-21T01:27:30.040231Z,19952.0,,,1,48.81649083790408,44.24218039333778,4014.0,3016.0,Red Laser,prediction
43191,78784,279,t,t,t,84575,10,39186,47,f,42.343,2025-01-28T00:29:16.236711Z,,,,1,55.61502981084182,69.19876674616107,3987.0,3016.0,Red Laser,manual
68855,78777,279,t,t,t,222363,57,118317,10,f,41.498,2025-10-21T01:45:59.407753Z,19980.0,,,1,49.23798846893017,44.1908866995074,4014.0,3016.0,Red Laser,prediction
68878,78711,279,t,t,t,222297,57,118251,10,f,30.983,2025-10-21T00:54:21.875664Z,19924.0,,,1,49.14210361308978,43.71566821267723,4014.0,3016.0,Red Laser,prediction
68351,129434,471,t,f,t,223579,63,121847,10,f,21.859,2025-11-06T19:42:28.422838Z,20609.0,,,1,52.3168908819133,55.13925729442971,4014.0,3016.0,Green Laser,prediction
69143,101433,341,t,f,t,222773,58,121771,10,f,5.027,2025-11-06T01:40:39.555153Z,20151.0,,,1,45.16353958060031,30.06582404852193,4014.0,3016.0,Red Laser,prediction
65086,129446,471,t,t,t,154622,42,90398,46,f,21.213,2025-05-16T14:06:29.158673Z,,,,1,51.53796137135763,52.10425118375629,4014.0,3016.0,Green Laser,manual
70985,4675,60,t,f,t,279677352,276057,100518528,"141592",f,11.319,2026-07-29T04:10:50.705133Z,62153055.0,,accepted,1,49.86187260603513,44.007367607136935,4014.0,3016.0,Red Laser,prediction
70985,4675,60,t,f,t,279677352,276057,100858697,"200825",f,2.848,2026-08-04T18:40:29.638117Z,62153055.0,,prediction,1,49.86187260603513,44.007367607136935,4014.0,3016.0,Red Laser,prediction
68862,129419,471,t,f,t,223564,63,121811,10,f,39.808,2025-11-06T02:10:20.720239Z,20601.0,,,1,52.0428500249128,53.812997347480106,4014.0,3016.0,Green Laser,prediction
70990,4878,84,t,t,t,279678675,274728,100521644,"141592",f,6.54,2026-07-29T05:38:49.290701Z,62153772.0,,prediction,1,48.60024825221101,42.995564185023625,4014.0,3016.0,Red Laser,prediction
71010,4901,84,t,f,t,279678697,274728,100521790,"141592",f,12.155,2026-07-29T05:43:29.961837Z,62153794.0,,accepted,1,48.905679487029765,43.07204026442308,4014.0,3016.0,Red Laser,prediction
71019,4907,84,t,f,t,279678702,274728,100521827,"141592",f,6.201,2026-07-29T05:44:16.660111Z,62153799.0,,accepted,1,48.84991458119239,42.82234252605894,4014.0,3016.0,Red Laser,prediction
71248,118539,424,t,t,t,282853286,282038,102053156,"141592",f,137.592,2026-08-27T22:03:13.390877Z,62634085.0,,prediction,1,44.80290966480599,42.532085550242456,4014.0,3016.0,Green Laser,prediction-changed
71301,118596,424,t,f,t,282853337,282038,102054140,"141592",f,12.185,2026-08-27T22:25:03.062621Z,62634136.0,,prediction,1,45.34268305559448,43.82322195037923,4014.0,3016.0,Green Laser,prediction-changed
71281,118581,424,t,t,t,282853323,282038,102053979,"141592",f,9.591,2026-08-27T22:21:41.865403Z,62634122.0,,prediction,1,45.118516466780335,43.16894774095449,4014.0,3016.0,Green Laser,prediction-changed
71314,118208,425,t,f,t,282855928,282045,102054310,"141592",f,60.436,2026-08-27T22:34:14.546726Z,62635985.0,,prediction,1,48.80269824656671,47.86406904063744,4014.0,3016.0,Green Laser,prediction-changed
68918,102908,347,t,f,t,223140,60,121579,26,f,43.732,2025-11-04T18:49:28.606421Z,20295.0,,,1,49.63031825056169,43.83552627673389,4014.0,3016.0,Green Laser,prediction
71051,118326,424,t,t,t,282853088,282038,102042075,"141592",f,36.177,2026-08-27T17:31:04.631759Z,62633887.0,,prediction,1,48.471432749050194,44.795700599407326,4014.0,3016.0,Red Laser,prediction
71080,118357,424,t,t,t,282853118,282038,102043000,"141592",f,12.203,2026-08-27T17:48:34.715445Z,62633917.0,,prediction,1,45.53572384350087,43.32684180464605,4014.0,3016.0,Green Laser,prediction-changed
71277,118573,424,t,f,t,282853316,282038,102053825,"141592",f,24.995,2026-08-27T22:18:05.118418Z,62634115.0,,prediction,1,45.296433650173626,43.14348276810176,4014.0,3016.0,Green Laser,prediction-changed
20366,129255,466,t,t,t,155417,42,102733,141,f,49.089,2025-06-26T23:10:09.794872Z,,,,1,51.58424671993056,51.64647454257024,4014.0,3016.0,Green Laser,manual
71243,118534,424,t,t,t,282853281,282038,102052982,"141592",f,9.733,2026-08-27T21:57:13.790075Z,62634080.0,,prediction,1,44.97089775629048,43.44905377699146,4014.0,3016.0,Green Laser,prediction-changed
22288,118208,425,t,t,t,211579,43,89772,128,f,12.486,2025-05-15T00:58:42.359782Z,,,,1,48.83984351622729,47.8466904561326,4014.0,3016.0,Green Laser,manual
68588,102865,347,t,f,t,223097,60,121536,26,f,23.432,2025-11-04T18:27:01.599184Z,20265.0,,,1,47.60912405686144,35.340208529878154,4014.0,3016.0,Green Laser,prediction
69226,102849,347,t,f,t,223081,60,121519,26,f,25.391,2025-11-04T04:42:52.179234Z,20254.0,,,1,50.05322915214144,45.40339436093595,4014.0,3016.0,Green Laser,prediction
69378,102830,347,t,f,t,223062,60,121500,26,f,29.388,2025-11-04T04:34:46.028224Z,20248.0,,,1,47.80262582930153,36.01241907244533,4014.0,3016.0,Green Laser,prediction
69329,102941,347,t,f,t,223173,60,121612,26,f,38.058,2025-11-04T23:09:16.599893Z,20318.0,,,1,49.68009087810038,44.10039084140025,4014.0,3016.0,Green Laser,prediction
68958,102948,347,t,f,t,223180,60,121619,26,f,39.743,2025-11-04T23:14:40.428278Z,20323.0,,,1,49.61035477137331,43.69502708549647,4014.0,3016.0,Green Laser,prediction
68708,102976,347,t,f,t,223208,60,121647,26,f,55.762,2025-11-04T23:30:43.807584Z,20348.0,,,1,48.52656742598156,39.2789281715029,4014.0,3016.0,Green Laser,prediction
68237,129274,465,t,f,t,223312,61,124947,10,f,43.398,2025-11-11T23:19:45.621200Z,,,,1,49.388374503429056,43.58699306719759,4014.0,3016.0,Green Laser,manual
69040,129280,465,t,f,t,223318,61,124953,10,f,37.079,2025-11-11T23:34:13.636816Z,20412.0,,,1,49.14966201864453,42.58253132605557,4014.0,3016.0,Green Laser,prediction-changed
68775,129311,465,t,f,t,223349,61,126348,10,f,24.834,2025-11-14T02:38:24.736918Z,20438.0,,,1,48.181365221723965,38.75994694960212,4014.0,3016.0,Green Laser,prediction
68680,103004,347,t,f,t,223236,60,121675,26,f,61.491,2025-11-05T03:26:49.529956Z,20367.0,,,1,49.56339343202754,43.58558240055101,4014.0,3016.0,Green Laser,prediction
68996,129224,466,t,f,t,223508,62,122945,10,f,51.403,2025-11-08T03:27:41.690654Z,20553.0,,,0,,,,,,
69088,101295,341,t,f,t,222635,58,120428,10,f,42.9,2025-10-29T14:44:02.730093Z,,,,1,46.98125338646608,37.380570013520384,4014.0,3016.0,Red Laser,prediction
68530,102960,347,t,f,t,223192,60,121631,26,f,10.735,2025-11-04T23:21:55.643265Z,20334.0,,,1,48.290806184791656,38.318225613988304,4014.0,3016.0,Green Laser,prediction
68642,101304,341,t,f,t,222644,58,120437,10,f,11.703,2025-10-29T14:47:39.104354Z,20052.0,,,1,47.299482615945486,39.30959067079631,4014.0,3016.0,Red Laser,prediction
68977,101318,341,t,f,t,222658,58,120471,10,f,5.519,2025-10-29T14:52:19.396013Z,20066.0,,,1,46.77627673371149,36.81066819974266,4014.0,3016.0,Red Laser,prediction
68984,101341,341,t,f,t,222681,58,120496,10,f,12.46,2025-10-29T15:02:21.664576Z,20081.0,,,1,45.22368494876721,30.28103466260798,4014.0,3016.0,Red Laser,prediction
68673,101367,341,t,f,t,222707,58,120522,10,f,15.871,2025-10-29T15:17:13.517801Z,20107.0,,,1,44.85163782964964,28.64927732978579,4014.0,3016.0,Red Laser,prediction
68374,101396,341,t,f,t,222736,58,120714,10,f,18.09,2025-10-29T19:02:22.534385Z,20119.0,,,1,45.56769171649057,31.62870931641604,4014.0,3016.0,Red Laser,prediction
68406,101406,341,t,f,t,222746,58,120724,10,f,20.857,2025-10-29T19:06:13.517830Z,20129.0,,,1,47.01581105821755,37.89430847975636,4014.0,3016.0,Red Laser,prediction
68542,102810,347,t,f,t,223042,60,121480,26,f,71.683,2025-11-04T04:06:38.075124Z,20234.0,,,1,49.726336667973385,43.78785189628858,4014.0,3016.0,Green Laser,prediction
68270,103048,347,t,f,t,223280,60,121890,26,f,17.571,2025-11-06T19:50:22.968213Z,20386.0,,,1,49.28732404050852,42.55351008061954,4014.0,3016.0,Green Laser,prediction
69239,101389,341,t,f,t,222729,58,120707,10,f,9.324,2025-10-29T18:34:54.333481Z,20117.0,,,1,48.28210964855052,43.25744112644461,4014.0,3016.0,Red Laser,prediction
68706,102966,347,t,f,t,223198,60,121637,26,f,23.793,2025-11-04T23:24:51.528082Z,20338.0,,,1,48.3880330523424,38.58605857184428,4014.0,3016.0,Green Laser,prediction
69282,103060,347,t,f,t,223292,60,121915,26,f,15.557,2025-11-06T19:52:56.748052Z,20391.0,,,1,50.13776506402586,46.04161485912117,4014.0,3016.0,Green Laser,prediction-changed
69152,101430,341,t,f,t,222770,58,121768,10,f,12.43,2025-11-06T01:40:11.966806Z,20148.0,,,1,45.05103261528869,29.5773612193655,4014.0,3016.0,Red Laser,prediction
68502,101447,341,t,f,t,222787,58,121785,10,f,19.926,2025-11-06T01:45:32.758658Z,20164.0,,,1,47.102729482350966,38.444724406711686,4014.0,3016.0,Red Laser,prediction
71289,118585,424,t,t,t,282853327,282038,102054013,"141592",f,9.012,2026-08-27T22:22:26.012064Z,62634126.0,,prediction,1,44.54287921960638,40.55151091962658,4014.0,3016.0,Green Laser,prediction-changed
6806,118212,425,t,t,t,211255,43,88089,4,f,14.401,2025-05-08T00:07:22.016788Z,,,,1,47.91321184260151,42.95722876259909,4014.0,3016.0,Green Laser,manual
68711,102972,347,t,f,t,223204,60,121643,26,f,29.861,2025-11-04T23:27:55.836192Z,20344.0,,,1,48.59934771514218,39.46926230624041,4014.0,3016.0,Green Laser,prediction
71077,118355,424,t,t,t,282853116,282038,102042988,"141592",f,10.06,2026-08-27T17:48:09.029048Z,62633915.0,,prediction,1,45.54493537754578,43.34419311199644,4014.0,3016.0,Green Laser,prediction-changed
22509,118239,425,t,t,t,212112,43,85570,46,f,20.151,2025-04-23T15:29:25.569709Z,,,,1,49.0779586627705,45.75661255866012,4014.0,3016.0,Green Laser,manual
22787,118294,425,t,t,t,212148,43,99888,45,f,14.332,2025-06-17T19:22:13.925356Z,,,,1,47.76974251670362,43.55069249234977,4014.0,3016.0,Green Laser,manual
71317,118212,425,t,f,t,282855932,282045,102054333,"141592",f,11.863,2026-08-27T22:35:42.152221Z,62635989.0,,prediction,1,47.9387968526174,42.91086778716636,4014.0,3016.0,Green Laser,prediction-changed
71338,118239,425,t,f,t,282855951,282045,102054422,"141592",f,19.335,2026-08-27T22:41:21.179729Z,62636008.0,,prediction,1,49.10122407885644,45.72206581517938,4014.0,3016.0,Green Laser,prediction-changed
68617,102625,349,t,f,t,222881,59,120233,10,f,24.943,2025-10-28T00:27:02.339376Z,,,,0,,,,,,
71376,118294,425,t,f,t,282855989,282045,102054688,"141592",f,15.585,2026-08-27T22:55:27.945542Z,62636046.0,,prediction,1,47.78172636008346,43.58579600205156,4014.0,3016.0,Green Laser,prediction-changed
69102,78765,279,t,f,t,222351,57,118305,10,f,51.521,2025-10-21T01:39:49.194709Z,19969.0,,,1,48.59269188288886,41.74462739315546,4014.0,3016.0,Red Laser,prediction
71065,118342,424,t,t,t,282853103,282038,102042750,"141592",f,12.657,2026-08-27T17:42:43.445374Z,62633902.0,,prediction,1,45.48717854209486,43.02997133776111,4014.0,3016.0,Green Laser,prediction-changed
71267,118558,424,t,t,t,282853305,282038,102053703,"141592",f,9.339,2026-08-27T22:15:20.632873Z,62634104.0,,prediction,1,45.08026533597253,43.22330464734955,4014.0,3016.0,Green Laser,prediction-changed
68873,129193,466,t,f,t,223477,62,122905,10,f,25.592,2025-11-08T03:09:08.913647Z,20527.0,,,1,52.66567015445938,48.27586206896552,4014.0,3016.0,Green Laser,prediction
68961,101322,341,t,f,t,222662,58,120477,10,f,5.25,2025-10-29T14:52:56.857647Z,20070.0,,,1,46.83072989737846,36.77905512575485,4014.0,3016.0,Red Laser,prediction
68942,101317,341,t,f,t,222657,58,120469,10,f,4.909,2025-10-29T14:52:12.516340Z,20065.0,,,1,46.80829110053525,36.89145998816213,4014.0,3016.0,Red Laser,prediction
69290,102609,349,t,f,t,222865,59,120208,10,f,23.675,2025-10-28T00:14:30.582736Z,20174.0,,,1,49.17787742899851,50.46419098143235,4014.0,3016.0,Green Laser,prediction
68828,78770,279,t,f,t,222356,57,118310,10,f,23.118,2025-10-21T01:42:23.707583Z,19974.0,,,1,48.48077319311759,41.28153539050908,4014.0,3016.0,Red Laser,prediction
68845,78771,279,t,f,t,222357,57,118311,10,f,24.774,2025-10-21T01:42:58.676862Z,19975.0,,,1,48.4624976376546,41.17074147702817,4014.0,3016.0,Red Laser,prediction
68750,129310,465,t,f,t,223348,61,126347,10,f,17.141,2025-11-14T02:37:58.663939Z,20437.0,,,1,48.33084205281515,39.42307692307692,4014.0,3016.0,Green Laser,prediction
68222,129326,465,t,f,t,223364,61,126363,10,f,33.766,2025-11-14T02:44:03.649131Z,20443.0,,,1,48.9785749875436,42.00928381962864,4014.0,3016.0,Green Laser,prediction
68818,78796,279,t,f,t,222382,57,118336,10,f,15.146,2025-10-21T01:55:14.810072Z,19999.0,,,1,48.738747147549645,42.701178919225526,4014.0,3016.0,Red Laser,prediction
68337,102798,347,t,f,t,223030,60,121468,26,f,10.539,2025-11-04T03:59:50.100083Z,20225.0,,,1,49.96903215584036,44.95663119590803,4014.0,3016.0,Green Laser,prediction
68757,102802,347,t,f,t,223034,60,121472,26,f,42.193,2025-11-04T04:02:16.229663Z,20226.0,,,1,49.40311518063559,42.4785175254033,4014.0,3016.0,Green Laser,prediction
68764,102807,347,t,f,t,223039,60,121477,26,f,22.13,2025-11-04T04:04:26.055611Z,20231.0,,,1,49.37989855552715,42.360983053702135,4014.0,3016.0,Green Laser,prediction
69182,102824,347,t,f,t,223056,60,121494,26,f,20.282,2025-11-04T04:13:58.544855Z,20244.0,,,1,50.159277449915294,45.66709107858559,4014.0,3016.0,Green Laser,prediction
69008,102996,347,t,f,t,223228,60,121667,26,f,32.029,2025-11-05T03:19:22.991949Z,20362.0,,,1,50.11562770213324,45.65754439389544,4014.0,3016.0,Green Laser,prediction
69174,129355,465,t,f,t,223393,61,126392,10,f,30.642,2025-11-14T03:04:38.952949Z,20464.0,,,1,48.62979571499751,40.84880636604775,4014.0,3016.0,Green Laser,prediction
69158,101432,341,t,f,t,222772,58,121770,10,f,5.937,2025-11-06T01:40:33.468273Z,20150.0,,,1,45.387162058866274,30.65021180996682,4014.0,3016.0,Red Laser,prediction
68682,101429,341,t,f,t,222769,58,121767,10,f,12.421,2025-11-06T01:39:58.292371Z,20147.0,,,1,45.13407057569959,30.241278684105176,4014.0,3016.0,Red Laser,prediction
68613,129411,471,t,f,t,223556,63,121803,10,f,11.199,2025-11-06T02:06:55.685312Z,,,,0,,,,,,
69161,129403,471,t,f,t,223548,63,121795,10,f,16.354,2025-11-06T02:03:24.455915Z,,,,0,,,,,,
68847,78701,279,t,f,t,222287,57,118339,10,f,26.034,2025-10-21T01:57:14.922366Z,19914.0,,,1,47.524835773227366,36.6763674913711,4014.0,3016.0,Red Laser,prediction
68740,103018,347,t,f,t,223250,60,121822,26,f,34.2,2025-11-06T19:34:44.004273Z,20375.0,,,1,49.99047026235696,45.24647964605983,4014.0,3016.0,Green Laser,prediction-changed
69169,103049,347,t,f,t,223281,60,121891,26,f,12.325,2025-11-06T19:50:36.443364Z,20387.0,,,1,49.41437878627589,43.08732564937832,4014.0,3016.0,Green Laser,prediction
68368,129444,471,t,f,t,223589,63,121872,10,f,20.842,2025-11-06T19:47:39.468263Z,20618.0,,,1,51.91828599900349,53.68037135278515,4014.0,3016.0,Green Laser,prediction
69013,78781,279,t,f,t,222367,57,118321,10,f,60.924,2025-10-21T01:48:17.630697Z,19984.0,,,1,48.96508502434,44.07274502321796,4014.0,3016.0,Red Laser,prediction
69275,103023,347,t,f,t,223255,60,121827,26,f,50.751,2025-11-06T19:38:00.322941Z,20378.0,,,0,,,,,,
69264,103051,347,t,f,t,223283,60,121896,26,f,7.955,2025-11-06T19:51:02.321367Z,20389.0,,,1,49.28480392677331,42.52340869355319,4014.0,3016.0,Green Laser,prediction
69099,102634,349,t,f,t,222890,59,120242,10,f,21.114,2025-10-28T00:32:49.849329Z,20176.0,,,1,49.327354260089685,51.293103448275865,4014.0,3016.0,Green Laser,prediction
68468,129178,466,t,f,t,223462,62,122127,10,f,63.202,2025-11-07T02:01:13.923616Z,,,,1,52.52962361626357,47.66100719870259,4014.0,3016.0,Green Laser,manual
69385,102879,347,t,f,t,223111,60,121550,26,f,16.921,2025-11-04T18:35:15.250232Z,20276.0,,,1,49.43285884305108,42.8478183003058,4014.0,3016.0,Green Laser,prediction
68324,129425,471,t,f,t,223570,63,121831,10,f,20.818,2025-11-06T19:38:56.466290Z,20606.0,,,1,51.99302441454908,53.51458885941645,4014.0,3016.0,Green Laser,prediction
68928,101305,341,t,f,t,222645,58,120438,10,f,11.096,2025-10-29T14:47:51.370439Z,20053.0,,,1,47.36431623102622,39.46464152510272,4014.0,3016.0,Red Laser,prediction
68356,129294,465,t,f,t,223332,61,126331,10,f,49.395,2025-11-14T02:29:47.807206Z,20421.0,,,1,49.30244145490782,43.40185676392573,4014.0,3016.0,Green Laser,prediction
69244,102859,347,t,f,t,223091,60,121530,26,f,32.017,2025-11-04T18:07:11.621795Z,20259.0,,,1,47.662434262276,35.294117647058826,4014.0,3016.0,Green Laser,prediction
69096,102790,347,t,f,t,223022,60,120904,26,f,16.794,2025-10-29T20:19:39.712966Z,20223.0,,,1,49.59457617144066,43.27280168795799,4014.0,3016.0,Green Laser,prediction
68965,101336,341,t,f,t,222676,58,120491,10,f,29.973,2025-10-29T15:00:54.799342Z,20076.0,,,1,48.20770806920041,42.56116626472464,4014.0,3016.0,Red Laser,prediction
68455,102582,349,t,f,t,222838,59,120168,10,f,44.762,2025-10-27T23:55:26.805084Z,20172.0,,,1,48.62979571499751,47.8448275862069,4014.0,3016.0,Green Laser,prediction
69030,129267,465,t,f,t,223305,61,124874,10,f,65.724,2025-11-11T22:31:28.460757Z,20400.0,,,1,49.11167974590823,42.48484169023357,4014.0,3016.0,Green Laser,prediction-changed
69293,129309,465,t,f,t,223347,61,126346,10,f,44.529,2025-11-14T02:37:40.303239Z,20436.0,,,1,48.38066766317887,39.52254641909814,4014.0,3016.0,Green Laser,prediction
69186,102829,347,t,f,t,223061,60,121499,26,f,6.673,2025-11-04T04:34:19.712897Z,20247.0,,,1,47.85641131249786,36.25435525611469,4014.0,3016.0,Green Laser,prediction
69044,101265,341,t,f,t,222605,58,120322,10,f,10.438,2025-10-28T15:33:09.825139Z,20015.0,,,1,47.40013073825666,38.9948006932409,4014.0,3016.0,Red Laser,prediction
68844,101264,341,t,f,t,222604,58,120321,10,f,11.662,2025-10-28T15:32:58.282073Z,20014.0,,,1,47.34430562592023,38.97234627439919,4014.0,3016.0,Red Laser,prediction
68938,101315,341,t,f,t,222655,58,120465,10,f,18.306,2025-10-29T14:51:41.681427Z,20063.0,,,1,46.83235422109174,36.9159311588766,4014.0,3016.0,Red Laser,prediction
69246,101400,341,t,f,t,222740,58,120718,10,f,17.109,2025-10-29T19:04:03.715782Z,20123.0,,,1,46.945705927504925,37.36089030206677,4014.0,3016.0,Red Laser,prediction
68376,101401,341,t,f,t,222741,58,120719,10,f,26.521,2025-10-29T19:04:31.774680Z,20124.0,,,1,46.89960410474245,37.29994876513062,4014.0,3016.0,Red Laser,prediction
68683,103009,347,t,f,t,223241,60,121680,26,f,9.499,2025-11-05T03:28:59.348656Z,20370.0,,,1,49.37572073872354,42.46973016282443,4014.0,3016.0,Green Laser,prediction
69167,102813,347,t,f,t,223045,60,121483,26,f,37.221,2025-11-04T04:08:39.774640Z,20237.0,,,1,49.5634772973282,43.255746301523445,4014.0,3016.0,Green Laser,prediction
65687,129284,465,t,f,t,154888,42,102723,141,f,24.757,2025-06-26T23:07:59.359400Z,,,,1,49.12733930772131,42.46654018720245,4014.0,3016.0,Green Laser,manual
69202,101438,341,t,f,t,222778,58,121776,10,f,14.85,2025-11-06T01:42:23.631686Z,20155.0,,,1,47.660571017038286,40.72790294627383,4014.0,3016.0,Red Laser,prediction
69304,102868,347,t,f,t,223100,60,121539,26,f,28.675,2025-11-04T18:28:25.886892Z,20268.0,,,1,47.52449662502545,34.78004773918226,4014.0,3016.0,Green Laser,prediction
68332,102788,347,t,f,t,223020,60,120899,26,f,20.895,2025-10-29T20:15:28.862463Z,20221.0,,,1,49.60443585652373,43.30913660192104,4014.0,3016.0,Green Laser,prediction
68286,102878,347,t,f,t,223110,60,121549,26,f,20.193,2025-11-04T18:34:57.075981Z,20275.0,,,1,49.392969189096654,42.721758210550576,4014.0,3016.0,Green Laser,prediction
68903,102886,347,t,f,t,223118,60,121557,26,f,16.466,2025-11-04T18:37:35.396799Z,20283.0,,,1,49.3758602845325,42.66410172096536,4014.0,3016.0,Green Laser,prediction
69057,101368,341,t,f,t,222708,58,120523,10,f,23.138,2025-10-29T15:17:38.059884Z,20108.0,,,1,44.16974524284786,25.851423537825276,4014.0,3016.0,Red Laser,prediction
69145,101423,341,t,f,t,222763,58,120850,10,f,227.989,2025-10-29T19:43:53.878795Z,20142.0,,,1,47.27513243131589,38.97879042671232,4014.0,3016.0,Red Laser,prediction
69312,102887,347,t,f,t,223119,60,121558,26,f,26.272,2025-11-04T18:38:02.710032Z,20284.0,,,1,48.23414310314634,37.94743350607626,4014.0,3016.0,Green Laser,prediction
68877,102831,347,t,f,t,223063,60,121501,26,f,30.862,2025-11-04T04:35:17.986374Z,20249.0,,,1,47.81924400421308,36.18563742119655,4014.0,3016.0,Green Laser,prediction
69323,102911,347,t,f,t,223143,60,121582,26,f,24.02,2025-11-04T18:50:56.988294Z,20298.0,,,1,49.61307953546281,43.85033561984873,4014.0,3016.0,Green Laser,prediction
68224,102916,347,t,f,t,223148,60,121587,26,f,116.205,2025-11-04T18:55:27.293434Z,20303.0,,,1,49.42680176987876,42.92596286318815,4014.0,3016.0,Green Laser,prediction
69294,129307,465,t,f,t,223345,61,126344,10,f,17.801,2025-11-14T02:36:41.943471Z,20434.0,,,1,48.53014449427005,40.1525198938992,4014.0,3016.0,Green Laser,prediction
69002,102954,347,t,f,t,223186,60,121625,26,f,75.801,2025-11-04T23:19:25.571329Z,20328.0,,,1,47.95902761710813,37.09712277647007,4014.0,3016.0,Green Laser,prediction
68893,129212,466,t,f,t,223496,62,122930,10,f,28.754,2025-11-08T03:19:43.392893Z,20544.0,,,1,52.61584454409567,47.8448275862069,4014.0,3016.0,Green Laser,prediction
68358,129440,471,t,f,t,223585,63,121861,10,f,27.021,2025-11-06T19:46:03.358681Z,20614.0,,,1,51.76880916791231,52.88461538461539,4014.0,3016.0,Green Laser,prediction
68230,102938,347,t,f,t,223170,60,121609,26,f,27.41,2025-11-04T23:07:59.942071Z,20317.0,,,1,49.88660785836607,44.841219625054975,4014.0,3016.0,Green Laser,prediction
68686,102876,347,t,f,t,223108,60,121547,26,f,16.346,2025-11-04T18:33:59.465843Z,20274.0,,,1,49.48861391162479,43.02388937339915,4014.0,3016.0,Green Laser,prediction
68761,102957,347,t,f,t,223189,60,121628,26,f,18.864,2025-11-04T23:20:38.819586Z,20331.0,,,1,48.14025315212337,37.36089030206677,4014.0,3016.0,Green Laser,prediction
68989,102988,347,t,f,t,223220,60,121659,26,f,37.892,2025-11-05T03:10:35.490216Z,20356.0,,,1,49.83207226799863,44.50493546941851,4014.0,3016.0,Green Laser,prediction
69166,129342,465,t,f,t,223380,61,126379,10,f,38.242,2025-11-14T02:57:12.352967Z,20452.0,,,1,48.80418535127056,41.279840848806366,4014.0,3016.0,Green Laser,prediction
68783,102918,347,t,f,t,223150,60,121589,26,f,24.697,2025-11-04T22:52:02.557001Z,20305.0,,,1,49.07823371077452,41.46184021239833,4014.0,3016.0,Green Laser,prediction
69360,129276,465,t,f,t,223314,61,124949,10,f,35.038,2025-11-11T23:32:12.275469Z,20408.0,,,1,49.27752864972596,43.14462148554469,4014.0,3016.0,Green Laser,prediction-changed
68980,102884,347,t,f,t,223116,60,121555,26,f,15.07,2025-11-04T18:36:52.060848Z,20281.0,,,1,49.382752991534126,42.66110448061095,4014.0,3016.0,Green Laser,prediction
69315,102901,347,t,f,t,223133,60,121572,26,f,28.97,2025-11-04T18:45:24.284249Z,20288.0,,,1,49.27466335017598,42.23120189474609,4014.0,3016.0,Green Laser,prediction
68269,102952,347,t,f,t,223184,60,121623,26,f,13.702,2025-11-04T23:17:18.686062Z,20326.0,,,1,48.611300903858016,39.68932445370123,4014.0,3016.0,Green Laser,prediction
68415,101434,341,t,f,t,222774,58,121772,10,f,27.017,2025-11-06T01:41:04.302271Z,20152.0,,,1,46.46335044286917,35.76735969599529,4014.0,3016.0,Red Laser,prediction
69032,101269,341,t,f,t,222609,58,120326,10,f,22.064,2025-10-28T15:34:09.978344Z,20019.0,,,1,48.17070752472706,42.32809362531874,4014.0,3016.0,Red Laser,prediction
68361,129441,471,t,f,t,223586,63,121863,10,f,19.658,2025-11-06T19:46:27.285805Z,20615.0,,,1,51.59441953163926,52.22148541114059,4014.0,3016.0,Green Laser,prediction
68308,101347,341,t,f,t,222687,58,120502,10,f,17.688,2025-10-29T15:04:12.841293Z,20087.0,,,1,45.10541664361493,29.67397192249452,4014.0,3016.0,Red Laser,prediction
68671,129291,465,t,f,t,223329,61,126328,10,f,115.177,2025-11-14T02:27:58.767141Z,,,,0,,,,,,
69050,101271,341,t,f,t,222611,58,120328,10,f,10.288,2025-10-28T15:34:39.111050Z,20021.0,,,1,48.14798239000611,42.36306968541611,4014.0,3016.0,Red Laser,prediction
68665,101354,341,t,f,t,222694,58,120509,10,f,9.711,2025-10-29T15:05:41.402837Z,20094.0,,,1,44.9752991997092,28.94489786164809,4014.0,3016.0,Red Laser,prediction
68986,102947,347,t,f,t,223179,60,121618,26,f,10.982,2025-11-04T23:13:59.450442Z,20322.0,,,1,49.7044651495268,44.06461746348894,4014.0,3016.0,Green Laser,prediction
69010,101332,341,t,f,t,222672,58,120487,10,f,15.717,2025-10-29T14:59:26.779203Z,20073.0,,,1,48.14360203763231,42.628446970834666,4014.0,3016.0,Red Laser,prediction
68531,129222,466,t,f,t,223506,62,122943,10,f,6.32,2025-11-08T03:26:15.585148Z,,,,0,,,,,,
68300,101344,341,t,f,t,222684,58,120499,10,f,12.238,2025-10-29T15:03:02.310690Z,20084.0,,,1,44.99398467165811,29.424545258585063,4014.0,3016.0,Red Laser,prediction
68387,101402,341,t,f,t,222742,58,120720,10,f,19.968,2025-10-29T19:04:53.301784Z,20125.0,,,1,46.93224681492069,37.57395064007408,4014.0,3016.0,Red Laser,prediction
68999,102994,347,t,f,t,223226,60,121665,26,f,19.451,2025-11-05T03:16:23.380942Z,20360.0,,,1,50.06203091643619,45.65416496604323,4014.0,3016.0,Green Laser,prediction
69005,102995,347,t,f,t,223227,60,121666,26,f,72.06,2025-11-05T03:16:40.319828Z,20361.0,,,1,50.0737172296614,45.63203822580637,4014.0,3016.0,Green Laser,prediction
68667,103000,347,t,f,t,223232,60,121671,26,f,21.234,2025-11-05T03:23:31.452991Z,20364.0,,,1,49.58683787885557,43.71381931160487,4014.0,3016.0,Green Laser,prediction
69298,129312,465,t,f,t,223350,61,126349,10,f,31.558,2025-11-14T02:38:57.411023Z,20439.0,,,1,48.181365221723965,38.726790450928384,4014.0,3016.0,Green Laser,prediction
69105,101411,341,t,f,t,222751,58,120730,10,f,29.014,2025-10-29T19:08:02.184279Z,20133.0,,,1,45.36466862748868,30.98212649973392,4014.0,3016.0,Red Laser,prediction
68587,102847,347,t,f,t,223079,60,121517,26,f,13.954,2025-11-04T04:42:02.456704Z,20253.0,,,1,50.09271505759535,45.3739664636635,4014.0,3016.0,Green Laser,prediction
68499,102816,347,t,f,t,223048,60,121486,26,f,23.942,2025-11-04T04:10:20.329347Z,20240.0,,,1,49.51196140520345,42.98925809755384,4014.0,3016.0,Green Laser,prediction
68607,102864,347,t,f,t,223096,60,121535,26,f,27.448,2025-11-04T18:10:21.197168Z,20264.0,,,1,47.66229999104115,35.42411941171081,4014.0,3016.0,Green Laser,prediction
68951,102943,347,t,f,t,223175,60,121614,26,f,111.712,2025-11-04T23:12:35.774829Z,20319.0,,,1,49.66417375874293,43.90350990534687,4014.0,3016.0,Green Laser,prediction
68925,102910,347,t,f,t,223142,60,121581,26,f,29.327,2025-11-04T18:50:31.697131Z,20297.0,,,1,49.60043176271862,43.77374179500799,4014.0,3016.0,Green Laser,prediction
68738,103005,347,t,f,t,223237,60,121676,26,f,36.459,2025-11-05T03:27:26.996826Z,20368.0,,,1,49.304214263555416,42.505337125556885,4014.0,3016.0,Green Laser,prediction
68780,103052,347,t,f,t,223284,60,121898,26,f,8.995,2025-11-06T19:51:12.362359Z,20390.0,,,1,49.215174409796056,42.257032244615125,4014.0,3016.0,Green Laser,prediction
68899,129439,471,t,f,t,223584,63,122088,10,f,59.620000000000005,2025-11-07T01:24:45.570689Z,,,,1,52.01793721973094,54.07824933687002,4014.0,3016.0,Green Laser,prediction
68259,129174,466,t,f,t,223458,62,122123,10,f,49.309,2025-11-07T01:58:49.257011Z,20511.0,,,1,53.26169702628785,50.67026183147063,4014.0,3016.0,Green Laser,prediction-changed
69355,103061,347,t,f,t,223293,60,121919,26,f,4.917,2025-11-06T19:53:31.578328Z,,,,0,,,,,,
69395,102904,347,t,f,t,223136,60,121575,26,f,26.03,2025-11-04T18:47:08.728412Z,20291.0,,,1,49.25294781447202,41.89143471533667,4014.0,3016.0,Green Laser,prediction
69285,129278,465,t,f,t,223316,61,124951,10,f,32.123,2025-11-11T23:33:11.522178Z,20410.0,,,1,49.27752864972596,43.202917771883286,4014.0,3016.0,Green Laser,prediction
68767,129282,465,t,f,t,223320,61,124955,10,f,25.635,2025-11-11T23:35:09.084618Z,20414.0,,,1,49.17787742899851,42.6392572944297,4014.0,3016.0,Green Laser,prediction
68934,101311,341,t,f,t,222651,58,120459,10,f,24.097,2025-10-29T14:50:55.925810Z,20059.0,,,1,46.92309588729992,37.05330256305542,4014.0,3016.0,Red Laser,prediction
68646,101307,341,t,f,t,222647,58,120441,10,f,16.267,2025-10-29T14:48:18.662372Z,20055.0,,,1,47.33458681779639,39.30595010625879,4014.0,3016.0,Red Laser,prediction
68365,101398,341,t,f,t,222738,58,120716,10,f,18.8,2025-10-29T19:03:04.941819Z,20121.0,,,1,45.49777025448329,31.34532364677028,4014.0,3016.0,Red Laser,prediction
68263,101324,341,t,f,t,222664,58,120479,10,f,25.621,2025-10-29T14:53:50.474365Z,20071.0,,,1,48.20132411997975,42.86366478825611,4014.0,3016.0,Red Laser,prediction
69035,101262,341,t,f,t,222602,58,120319,10,f,10.17,2025-10-28T15:32:12.067844Z,20012.0,,,1,47.4310899761932,39.18325662913523,4014.0,3016.0,Red Laser,prediction
68471,101277,341,t,f,t,222617,58,120334,10,f,29.793,2025-10-28T15:41:43.659006Z,20027.0,,,1,48.407921430977616,43.31123710794527,4014.0,3016.0,Red Laser,prediction
68475,101316,341,t,f,t,222656,58,120466,10,f,4.957,2025-10-29T14:51:47.854464Z,20064.0,,,1,46.82263882292319,36.92464288398333,4014.0,3016.0,Red Laser,prediction
68315,101355,341,t,f,t,222695,58,120510,10,f,6.967,2025-10-29T15:05:49.668563Z,20095.0,,,1,45.1863883686128,30.32928942807625,4014.0,3016.0,Red Laser,prediction
69211,101441,341,t,f,t,222781,58,121779,10,f,28.064,2025-11-06T01:43:17.363010Z,20158.0,,,1,46.51779345056331,35.89394674769807,4014.0,3016.0,Red Laser,prediction
69209,101373,341,t,f,t,222713,58,120629,10,f,16.458,2025-10-29T17:44:25.047143Z,20113.0,,,1,46.30692125849086,34.7429265390444,4014.0,3016.0,Red Laser,prediction
68614,102869,347,t,f,t,223101,60,121540,26,f,32.112,2025-11-04T18:28:59.086115Z,20269.0,,,1,47.56597184901312,34.9808423445988,4014.0,3016.0,Green Laser,prediction-changed
68927,102915,347,t,f,t,223147,60,121586,26,f,41.567,2025-11-04T18:53:29.933884Z,20302.0,,,1,49.392922291542895,42.79942244696946,4014.0,3016.0,Green Laser,prediction
69147,102809,347,t,f,t,223041,60,121479,26,f,31.238,2025-11-04T04:05:25.273871Z,20233.0,,,1,49.66965000270561,43.63874596405179,4014.0,3016.0,Green Laser,prediction
68935,102926,347,t,f,t,223158,60,121597,26,f,38.894,2025-11-04T23:01:18.281733Z,20313.0,,,1,49.21935956048126,41.99555869238797,4014.0,3016.0,Green Laser,prediction
69154,102812,347,t,f,t,223044,60,121482,26,f,56.204,2025-11-04T04:08:01.359920Z,,,,1,49.61735753720152,43.39068401453704,4014.0,3016.0,Green Laser,prediction
68637,102906,347,t,f,t,223138,60,121577,26,f,34.935,2025-11-04T18:48:08.332011Z,20293.0,,,1,49.623698557376194,43.88368974983427,4014.0,3016.0,Green Laser,prediction
69178,102821,347,t,f,t,223053,60,121491,26,f,22.341,2025-11-04T04:12:40.180160Z,20242.0,,,1,50.12229617161685,45.54734757658692,4014.0,3016.0,Green Laser,prediction
69336,102953,347,t,f,t,223185,60,121624,26,f,48.202,2025-11-04T23:18:08.318740Z,20327.0,,,1,48.0389982411256,37.32615268804971,4014.0,3016.0,Green Laser,prediction
69389,102861,347,t,f,t,223093,60,121532,26,f,91.137,2025-11-04T18:09:14.197686Z,20261.0,,,1,47.62004983609817,35.34933133506118,4014.0,3016.0,Green Laser,prediction
68939,102928,347,t,f,t,223160,60,121599,26,f,36.665,2025-11-04T23:02:31.437239Z,20315.0,,,1,49.2048823094886,41.92537515142601,4014.0,3016.0,Green Laser,prediction
69386,102858,347,t,f,t,223090,60,121529,26,f,21.422,2025-11-04T18:06:56.045103Z,20258.0,,,1,47.588515705226186,35.2146020073141,4014.0,3016.0,Green Laser,prediction
68309,129412,471,t,f,t,223557,63,121804,10,f,27.082,2025-11-06T02:07:27.714050Z,20595.0,,,1,52.267065271549576,54.64190981432361,4014.0,3016.0,Green Laser,prediction
68907,102907,347,t,f,t,223139,60,121578,26,f,34.416,2025-11-04T18:48:43.814384Z,20294.0,,,1,49.6103857845462,43.82926567958557,4014.0,3016.0,Green Laser,prediction
69255,101440,341,t,f,t,222780,58,121778,10,f,30.762,2025-11-06T01:43:01.102270Z,20157.0,,,1,47.60198614960582,40.59840171349743,4014.0,3016.0,Red Laser,prediction
68972,102951,347,t,f,t,223183,60,121622,26,f,44.863,2025-11-04T23:17:03.589683Z,20325.0,,,1,47.92705186964015,36.940161061828086,4014.0,3016.0,Green Laser,prediction
68979,102964,347,t,f,t,223196,60,121635,26,f,24.457,2025-11-04T23:23:58.576822Z,20337.0,,,1,48.4164669415693,38.8129391766695,4014.0,3016.0,Green Laser,prediction
69055,101273,341,t,f,t,222613,58,120330,10,f,162.064,2025-10-28T15:39:14.027831Z,,,,1,48.13878491052704,42.34316379305925,4014.0,3016.0,Red Laser,prediction
68649,129423,471,t,f,t,223568,63,121820,10,f,28.483,2025-11-06T19:34:01.168491Z,20605.0,,,1,51.44494270054808,51.293103448275865,4014.0,3016.0,Green Laser,prediction
69350,103016,347,t,f,t,223248,60,121819,26,f,49.909,2025-11-06T19:33:55.138090Z,20373.0,,,1,50.00788297685539,45.44971428723197,4014.0,3016.0,Green Laser,prediction
68776,129459,471,t,f,t,223604,63,121927,10,f,26.517,2025-11-06T19:54:57.880705Z,20631.0,,,1,51.86846038863976,52.851458885941646,4014.0,3016.0,Green Laser,prediction
68246,101312,341,t,f,t,222652,58,120460,10,f,9.583,2025-10-29T14:51:06.683886Z,20060.0,,,1,46.91397470028523,37.06324071687296,4014.0,3016.0,Red Laser,prediction
68243,78676,279,t,f,t,222262,57,117972,26,f,82.32600000000001,2025-10-16T16:24:01.533885Z,19897.0,,,0,,,,,,
68258,102959,347,t,f,t,223191,60,121630,26,f,44.363,2025-11-04T23:21:43.426372Z,20333.0,,,1,48.39747975099499,38.738989133302944,4014.0,3016.0,Green Laser,prediction
68275,129192,466,t,f,t,223476,62,122904,10,f,34.538000000000004,2025-11-08T03:08:42.190461Z,20526.0,,,1,52.66567015445938,48.27586206896552,4014.0,3016.0,Green Laser,prediction
68303,78706,279,t,f,t,222292,57,118344,10,f,26.592,2025-10-21T01:59:49.701215Z,19919.0,,,1,47.98679478501857,38.72918009445437,4014.0,3016.0,Red Laser,prediction
68307,78708,279,t,f,t,222294,57,118346,10,f,265.091,2025-10-21T02:00:41.420077Z,,,,1,47.93148031324259,38.54385760066356,4014.0,3016.0,Red Laser,prediction
68335,129217,466,t,f,t,223501,62,122936,10,f,40.924,2025-11-08T03:22:22.946678Z,20549.0,,,1,53.56253114100648,52.08885941644562,4014.0,3016.0,Green Laser,prediction
68375,78800,279,t,f,t,222386,57,118122,4,f,16.317,2025-10-17T18:37:18.781544Z,20003.0,,,1,48.80603821367187,42.9407965730794,4014.0,3016.0,Red Laser,prediction
69333,102955,347,t,f,t,223187,60,121626,26,f,25.419,2025-11-04T23:19:52.418857Z,20329.0,,,1,47.938365720237016,37.0232372190434,4014.0,3016.0,Green Laser,prediction
68444,78677,279,t,f,t,222263,57,117973,26,f,49.699,2025-10-16T16:24:14.441882Z,19898.0,,,0,,,,,,
68714,102975,347,t,f,t,223207,60,121646,26,f,30.934,2025-11-04T23:29:46.543193Z,20347.0,,,1,48.66675472538269,39.993824610334464,4014.0,3016.0,Green Laser,prediction
68488,129181,466,t,f,t,223465,62,122892,10,f,31.76,2025-11-08T02:56:58.196409Z,20516.0,,,1,52.91479820627802,49.0053050397878,4014.0,3016.0,Green Laser,prediction
68517,129214,466,t,f,t,223498,62,122932,10,f,17.281,2025-11-08T03:20:26.815027Z,20546.0,,,1,52.84005979073244,48.773209549071616,4014.0,3016.0,Green Laser,prediction
68525,129206,466,t,f,t,223490,62,122922,10,f,20.618,2025-11-08T03:16:15.444968Z,20538.0,,,1,52.864972595914296,49.237400530503976,4014.0,3016.0,Green Laser,prediction
68482,78793,279,t,f,t,222379,57,118333,10,f,15.403,2025-10-21T01:54:15.365049Z,19996.0,,,1,48.68288127628858,42.64698433219421,4014.0,3016.0,Red Laser,prediction
68856,78782,279,t,f,t,222368,57,118322,10,f,18.031,2025-10-21T01:48:40.846446Z,19985.0,,,1,48.928062569548416,43.90221999358721,4014.0,3016.0,Red Laser,prediction
68678,78776,279,t,f,t,222362,57,118316,10,f,25.991,2025-10-21T01:45:23.296944Z,19979.0,,,1,48.99293782841207,44.14312917732835,4014.0,3016.0,Red Laser,prediction
69021,78773,279,t,f,t,222359,57,118313,10,f,25.857,2025-10-21T01:44:05.132643Z,19977.0,,,1,48.452662589561626,41.189178458405166,4014.0,3016.0,Red Laser,prediction
68545,129470,471,t,f,t,223615,63,122094,10,f,75.545,2025-11-07T01:29:34.409383Z,20639.0,,,1,50.59790732436472,47.679045092838194,4014.0,3016.0,Green Laser,prediction
68557,129336,465,t,f,t,223374,61,126373,10,f,18.217,2025-11-14T02:53:09.121869Z,,,,0,,,,,,
69034,78790,279,t,f,t,222376,57,118330,10,f,10.245,2025-10-21T01:53:38.734834Z,19993.0,,,1,48.737706606457735,42.64267993586231,4014.0,3016.0,Red Laser,prediction
68558,129472,471,t,f,t,223617,63,121789,10,f,12.876,2025-11-06T01:57:50.732797Z,20641.0,,,1,52.14250124564026,54.11140583554377,4014.0,3016.0,Green Laser,prediction
68566,78666,279,t,f,t,222252,57,117942,4,f,218.909,2025-10-15T21:10:56.570698Z,19891.0,,,1,49.08221189998697,44.44128413294742,4014.0,3016.0,Red Laser,prediction-changed
68817,78795,279,t,f,t,222381,57,118335,10,f,6.223,2025-10-21T01:54:55.373214Z,19998.0,,,1,48.7357729635584,42.73654262501497,4014.0,3016.0,Red Laser,prediction
68831,129177,466,t,f,t,223461,62,122126,10,f,30.4,2025-11-07T02:00:40.872805Z,20514.0,,,1,52.56601893373194,47.91114058355438,4014.0,3016.0,Green Laser,prediction
69026,78788,279,t,f,t,222374,57,118328,10,f,15.635,2025-10-21T01:53:04.877719Z,19991.0,,,1,49.16971908727892,44.89999404784116,4014.0,3016.0,Red Laser,prediction
68582,78686,279,t,t,t,222272,57,117986,26,f,35.83,2025-10-16T16:28:17.442202Z,19905.0,,,1,46.10335466840985,29.916128498866595,4014.0,3016.0,Red Laser,prediction
68773,129298,465,t,f,t,223336,61,126335,10,f,36.691,2025-11-14T02:31:37.103217Z,20425.0,,,1,49.02840059790732,42.04244031830239,4014.0,3016.0,Green Laser,prediction
68625,78778,279,t,f,t,222364,57,118318,10,f,25.152,2025-10-21T01:46:29.388556Z,19981.0,,,1,49.01155341073687,44.26460377695209,4014.0,3016.0,Red Laser,prediction
68628,78787,279,t,f,t,222373,57,118327,10,f,21.797,2025-10-21T01:52:36.370382Z,19990.0,,,1,49.41879121487754,45.90106998884824,4014.0,3016.0,Red Laser,prediction
68636,129417,471,t,f,t,223562,63,121809,10,f,17.261,2025-11-06T02:09:40.413446Z,20600.0,,,1,51.71898355754858,52.38726790450928,4014.0,3016.0,Green Laser,prediction
68633,102902,347,t,f,t,223134,60,121573,26,f,38.134,2025-11-04T18:46:03.490990Z,20289.0,,,1,49.14716204166013,41.70696782509788,4014.0,3016.0,Green Laser,prediction
68648,101309,341,t,f,t,222649,58,120444,10,f,18.281,2025-10-29T14:48:35.963839Z,20057.0,,,1,47.25219345464112,39.03707757051716,4014.0,3016.0,Red Laser,prediction
68694,102929,347,t,f,t,223161,60,121600,26,f,19.699,2025-11-04T23:02:53.051958Z,20316.0,,,1,49.21814755637467,42.06194084193148,4014.0,3016.0,Green Laser,prediction
68728,78766,279,t,f,t,222352,57,118306,10,f,21.223,2025-10-21T01:40:16.711605Z,19970.0,,,1,48.69049878208928,42.52384052940965,4014.0,3016.0,Red Laser,prediction
69048,129283,465,t,f,t,223321,61,124956,10,f,21.999,2025-11-11T23:35:32.260900Z,20415.0,,,1,49.10313901345291,42.60610079575597,4014.0,3016.0,Green Laser,prediction
68732,102997,347,t,f,t,223229,60,121668,26,f,59.101,2025-11-05T03:20:23.183357Z,20363.0,,,1,50.05429979673441,45.61317489356818,4014.0,3016.0,Green Laser,prediction
68760,129468,471,t,f,t,223613,63,122092,10,f,38.173,2025-11-07T01:28:05.696574Z,20638.0,,,1,51.54459392127554,51.55835543766578,4014.0,3016.0,Green Laser,prediction
68768,78774,279,t,f,t,222360,57,118314,10,f,14.491,2025-10-21T01:44:25.477907Z,19978.0,,,1,49.038054267583405,44.24138048048111,4014.0,3016.0,Red Laser,prediction
68769,129357,465,t,f,t,223395,61,126394,10,f,20.437,2025-11-14T03:05:43.486066Z,20466.0,,,1,48.77927254608869,41.51193633952255,4014.0,3016.0,Green Laser,prediction
68784,129328,465,t,f,t,223366,61,126365,10,f,32.965,2025-11-14T02:46:02.455901Z,,,,1,48.91715238567807,41.7240222563362,4014.0,3016.0,Green Laser,prediction-changed
68778,78785,279,t,f,t,222371,57,118325,10,f,22.707,2025-10-21T01:51:51.909732Z,19988.0,,,1,49.07414906577935,44.427007314780894,4014.0,3016.0,Red Laser,prediction
68842,101263,341,t,f,t,222603,58,120320,10,f,32.346,2025-10-28T15:32:45.558655Z,20013.0,,,1,47.40086321220924,39.07824149534613,4014.0,3016.0,Red Laser,prediction-changed
68872,78779,279,t,f,t,222365,57,118319,10,f,23.192,2025-10-21T01:46:58.149050Z,19982.0,,,1,48.943270471810365,44.01718843747396,4014.0,3016.0,Red Laser,prediction
68880,101294,341,t,f,t,222634,58,120351,10,f,37.911,2025-10-28T15:51:25.107884Z,20042.0,,,1,47.038414974610816,37.51390501267976,4014.0,3016.0,Red Laser,prediction
68885,101296,341,t,f,t,222636,58,120429,10,f,14.434,2025-10-29T14:44:18.265664Z,20044.0,,,1,46.96136459436883,37.22246260852111,4014.0,3016.0,Red Laser,prediction
68921,102923,347,t,f,t,223155,60,121594,26,f,40.91,2025-11-04T22:55:00.746144Z,20310.0,,,1,49.19000834515109,41.89055424129198,4014.0,3016.0,Green Laser,prediction
68985,102970,347,t,f,t,223202,60,121641,26,f,28.121,2025-11-04T23:27:00.080466Z,20342.0,,,1,48.41893191415338,38.8267767320003,4014.0,3016.0,Green Laser,prediction
69001,102958,347,t,f,t,223190,60,121629,26,f,17.08,2025-11-04T23:20:57.389842Z,20332.0,,,1,48.10260806469414,37.64567841447085,4014.0,3016.0,Green Laser,prediction
69011,129398,471,t,f,t,223543,63,121790,10,f,19.182,2025-11-06T01:58:19.641802Z,20586.0,,,1,51.04633781763827,49.237400530503976,4014.0,3016.0,Green Laser,prediction
69007,78789,279,t,f,t,222375,57,118329,10,f,14.269,2025-10-21T01:53:24.015809Z,19992.0,,,1,48.74302924989825,42.615393353078346,4014.0,3016.0,Red Laser,prediction
69012,103001,347,t,f,t,223233,60,121672,26,f,58.767,2025-11-05T03:24:31.371594Z,20365.0,,,1,49.64446444713915,43.9226368709481,4014.0,3016.0,Green Laser,prediction
69068,101286,341,t,f,t,222626,58,120343,10,f,222.674,2025-10-28T15:46:58.912914Z,20036.0,,,1,48.4100011293645,43.22279664149406,4014.0,3016.0,Red Laser,prediction
69097,103021,347,t,f,t,223253,60,121825,26,f,14.911,2025-11-06T19:36:17.715184Z,20377.0,,,1,49.98208622272177,45.22411843863674,4014.0,3016.0,Green Laser,prediction
69090,129180,466,t,f,t,223464,62,124423,10,f,26.975,2025-11-11T20:56:08.377084Z,,,,1,53.70037524397115,52.264791316286704,4014.0,3016.0,Green Laser,manual
69118,102871,347,t,f,t,223103,60,121542,26,f,48.284,2025-11-04T18:30:15.319414Z,20271.0,,,1,47.568572129560295,35.065688104127084,4014.0,3016.0,Green Laser,prediction
69114,102981,347,t,f,t,223213,60,121652,26,f,8.223,2025-11-05T03:04:35.344181Z,20351.0,,,1,49.09572973330717,41.673313688020926,4014.0,3016.0,Green Laser,prediction
69117,129306,465,t,f,t,223344,61,126343,10,f,26.831,2025-11-14T02:36:23.045694Z,20433.0,,,1,48.55505729945192,40.1525198938992,4014.0,3016.0,Green Laser,prediction
69113,78808,279,t,f,t,222394,57,118094,4,f,40.358,2025-10-17T18:04:18.109121Z,20007.0,,,0,,,,,,
69136,101260,341,t,f,t,222600,58,120317,10,f,11.449,2025-10-28T15:31:48.709532Z,20010.0,,,1,47.49629288301176,39.42884537650432,4014.0,3016.0,Red Laser,prediction
69141,102808,347,t,f,t,223040,60,121478,26,f,25.9,2025-11-04T04:04:52.883083Z,20232.0,,,1,49.6851501126424,43.70122140073194,4014.0,3016.0,Green Laser,prediction
69164,129340,465,t,f,t,223378,61,126377,10,f,125.066,2025-11-14T02:56:15.902948Z,20450.0,,,1,49.57648231190832,44.49602122015915,4014.0,3016.0,Green Laser,prediction
68339,102732,347,t,f,t,222964,60,120528,26,f,12.503,2025-10-29T15:25:40.283856Z,,,,1,48.86227922319317,40.50075059535425,4014.0,3016.0,Green Laser,prediction
68923,101323,341,t,f,t,222663,58,120478,10,f,32.952,2025-10-29T14:53:27.358828Z,,,,0,,,,,,
69042,101266,341,t,f,t,222606,58,120323,10,f,11.334,2025-10-28T15:33:22.305157Z,20016.0,,,1,48.18122287477535,42.23073620346627,4014.0,3016.0,Red Laser,prediction
68460,101283,341,t,f,t,222623,58,120340,10,f,7.939,2025-10-28T15:42:51.794323Z,20033.0,,,1,48.38720644806853,43.22963969095221,4014.0,3016.0,Red Laser,prediction
69148,101416,341,t,f,t,222756,58,120738,10,f,23.655,2025-10-29T19:10:56.047511Z,20137.0,,,1,46.56321813784994,35.998943945427335,4014.0,3016.0,Red Laser,prediction
68920,101301,341,t,f,t,222641,58,120434,10,f,17.959,2025-10-29T14:46:46.640792Z,20049.0,,,1,47.38406526247788,39.58437007292987,4014.0,3016.0,Red Laser,prediction
68559,101303,341,t,f,t,222643,58,120436,10,f,12.463,2025-10-29T14:47:26.344616Z,20051.0,,,1,47.38336777468496,39.62043386196452,4014.0,3016.0,Red Laser,prediction
69039,101337,341,t,f,t,222677,58,120492,10,f,20.309,2025-10-29T15:01:16.245865Z,20077.0,,,1,46.93150077799464,37.74239267112177,4014.0,3016.0,Red Laser,prediction
69370,102760,347,t,f,t,222992,60,120598,26,f,48.861,2025-10-29T17:32:37.382376Z,,,,0,,,,,,
69374,102789,347,t,f,t,223021,60,120903,26,f,232.115,2025-10-29T20:19:21.950229Z,20222.0,,,1,49.57900608960057,43.18755699907868,4014.0,3016.0,Green Laser,prediction
68852,129194,466,t,f,t,223478,62,122907,10,f,38.543,2025-11-08T03:09:48.665033Z,20528.0,,,1,52.41654210264076,47.3474801061008,4014.0,3016.0,Green Laser,prediction
68526,129215,466,t,f,t,223499,62,122933,10,f,45.172,2025-11-08T03:21:13.108905Z,20547.0,,,1,53.29156394149087,50.87039394682178,4014.0,3016.0,Green Laser,prediction-changed
68858,129211,466,t,f,t,223495,62,122928,10,f,27.697,2025-11-08T03:19:13.577229Z,20543.0,,,1,53.3383158943697,50.99469496021221,4014.0,3016.0,Green Laser,prediction
69031,129286,465,t,f,t,223324,61,124959,10,f,34.355,2025-11-11T23:37:15.908722Z,20418.0,,,1,49.43007746797834,43.78338067637396,4014.0,3016.0,Green Laser,prediction-changed
68225,129329,465,t,f,t,223367,61,126366,10,f,27.341,2025-11-14T02:47:13.314785Z,20445.0,,,1,48.903836571998006,41.71087533156499,4014.0,3016.0,Green Laser,prediction
68632,129414,471,t,f,t,223559,63,121806,10,f,23.405,2025-11-06T02:08:23.899290Z,20597.0,,,1,52.01793721973094,53.64721485411141,4014.0,3016.0,Green Laser,prediction
68815,78794,279,t,f,t,222380,57,118334,10,f,14.516,2025-10-21T01:54:44.459168Z,19997.0,,,1,48.68835888201117,42.58581119088187,4014.0,3016.0,Red Laser,prediction
68836,78704,279,t,f,t,222290,57,118342,10,f,38.259,2025-10-21T01:58:52.350529Z,19917.0,,,1,47.53200184170044,36.683735000484965,4014.0,3016.0,Red Laser,prediction
68472,129185,466,t,f,t,223469,62,122896,10,f,19.153,2025-11-08T02:59:52.551090Z,20520.0,,,1,53.53761833582461,51.657824933687,4014.0,3016.0,Green Laser,prediction
69361,129277,465,t,f,t,223315,61,124950,10,f,24.66,2025-11-11T23:32:38.169228Z,20409.0,,,1,49.252615844544096,43.103448275862064,4014.0,3016.0,Green Laser,prediction
69287,129285,465,t,f,t,223323,61,124958,10,f,29.287,2025-11-11T23:36:26.818891Z,20417.0,,,1,49.02840059790732,42.06066084959975,4014.0,3016.0,Green Laser,prediction-changed
68426,129352,465,t,f,t,223390,61,126389,10,f,19.362,2025-11-14T03:03:12.430476Z,20461.0,,,1,49.30244145490782,43.667108753315645,4014.0,3016.0,Green Laser,prediction
68363,129295,465,t,f,t,223333,61,126332,10,f,22.647,2025-11-14T02:30:11.733871Z,20422.0,,,1,49.078226208271055,42.47347480106101,4014.0,3016.0,Green Laser,prediction
69291,129299,465,t,f,t,223337,61,126336,10,f,42.149,2025-11-14T02:32:20.451649Z,20426.0,,,1,48.9785749875436,41.87665782493369,4014.0,3016.0,Green Laser,prediction
69122,103046,347,t,f,t,223278,60,121885,26,f,10.039,2025-11-06T19:49:35.882549Z,20384.0,,,1,49.38929431969864,42.92393122795578,4014.0,3016.0,Green Laser,prediction
68431,129170,466,t,f,t,223454,62,122119,10,f,17.539,2025-11-07T01:56:42.468546Z,,,,0,,,,,,
69321,102909,347,t,f,t,223141,60,121580,26,f,31.634,2025-11-04T18:50:01.446034Z,20296.0,,,1,49.5988523750734,43.76389301283768,4014.0,3016.0,Green Laser,prediction
68500,129197,466,t,f,t,223481,62,122910,10,f,28.914,2025-11-08T03:12:00.202475Z,20531.0,,,1,52.84005979073244,49.10477453580902,4014.0,3016.0,Green Laser,prediction
68915,101306,341,t,f,t,222646,58,120439,10,f,8.331,2025-10-29T14:48:00.989798Z,20054.0,,,1,47.44000911742739,39.88657844990548,4014.0,3016.0,Red Laser,prediction
68496,101352,341,t,f,t,222692,58,120507,10,f,5.081,2025-10-29T15:05:24.114104Z,20092.0,,,1,45.153885090577255,30.047694753577108,4014.0,3016.0,Red Laser,prediction
68846,101421,341,t,f,t,222761,58,120843,10,f,29.616,2025-10-29T19:39:14.183271Z,20140.0,,,1,46.55815137292628,35.928929289401914,4014.0,3016.0,Red Laser,prediction-changed
69107,101415,341,t,f,t,222755,58,120737,10,f,32.21,2025-10-29T19:10:30.781862Z,20136.0,,,1,46.5880066375742,36.113956826552105,4014.0,3016.0,Red Laser,prediction
68447,101418,341,t,f,t,222758,58,120743,10,f,23.531,2025-10-29T19:12:13.278286Z,20139.0,,,1,46.587341760119386,36.08903020667727,4014.0,3016.0,Red Laser,prediction
69262,102570,349,t,f,t,222826,59,120148,10,f,35.244,2025-10-27T23:46:45.727730Z,20168.0,,,1,48.704534130543095,48.14323607427056,4014.0,3016.0,Green Laser,prediction
69309,102880,347,t,f,t,223112,60,121551,26,f,31.109,2025-11-04T18:35:47.578624Z,20277.0,,,1,49.44315011383858,42.90296625320128,4014.0,3016.0,Green Laser,prediction
68888,102885,347,t,f,t,223117,60,121556,26,f,24.748,2025-11-04T18:37:17.827607Z,20282.0,,,1,49.38365352619565,42.687972046214576,4014.0,3016.0,Green Laser,prediction
68720,102873,347,t,f,t,223105,60,121544,26,f,7.07,2025-11-04T18:31:04.346459Z,20273.0,,,1,47.08752909117802,33.16177613036805,4014.0,3016.0,Green Laser,prediction
69305,102888,347,t,f,t,223120,60,121559,26,f,11.324,2025-11-04T18:38:15.151979Z,20285.0,,,1,48.19357175654897,37.77966736379948,4014.0,3016.0,Green Laser,prediction
68785,102963,347,t,f,t,223195,60,121634,26,f,6.905,2025-11-04T23:23:32.735771Z,20336.0,,,1,49.013598602835714,41.37674984120368,4014.0,3016.0,Green Laser,prediction
68710,102967,347,t,f,t,223199,60,121638,26,f,24.693,2025-11-04T23:25:18.311332Z,20339.0,,,1,48.47804397010514,39.061875213987456,4014.0,3016.0,Green Laser,prediction
69082,101359,341,t,f,t,222699,58,120514,10,f,8.858,2025-10-29T15:07:02.504696Z,20099.0,,,1,46.4322740029961,35.489550597643124,4014.0,3016.0,Red Laser,prediction
69123,101365,341,t,f,t,222705,58,120520,10,f,9.634,2025-10-29T15:16:25.094928Z,20105.0,,,1,46.5681468505831,36.13045375360712,4014.0,3016.0,Red Laser,prediction
69344,103024,347,t,f,t,223256,60,121829,26,f,25.533,2025-11-06T19:38:27.086156Z,,,,0,,,,,,
69016,101356,341,t,f,t,222696,58,120511,10,f,6.015,2025-10-29T15:05:56.896962Z,20096.0,,,1,45.1349715967876,29.932416538872147,4014.0,3016.0,Red Laser,prediction
68353,101360,341,t,f,t,222700,58,120515,10,f,25.242,2025-10-29T15:07:23.991861Z,20100.0,,,1,46.228977592733855,34.81717011128776,4014.0,3016.0,Red Laser,prediction
69210,101374,341,t,f,t,222714,58,120640,10,f,160.676,2025-10-29T17:47:06.817090Z,20114.0,,,1,45.622763888315575,31.747035610212897,4014.0,3016.0,Red Laser,prediction
69207,101370,341,t,f,t,222710,58,120525,10,f,19.003,2025-10-29T15:18:44.833531Z,20110.0,,,1,44.46414472848888,26.97664420058368,4014.0,3016.0,Red Laser,prediction
69213,101376,341,t,f,t,222716,58,120645,10,f,17.985,2025-10-29T17:47:42.736044Z,20116.0,,,1,46.53076374369958,35.719016260484565,4014.0,3016.0,Red Laser,prediction
68886,101425,341,t,f,t,222765,58,122099,10,f,21.213,2025-11-07T01:37:48.212165Z,,,,1,47.35092987149505,39.54907419661888,4014.0,3016.0,Red Laser,prediction
69253,101426,341,t,f,t,222766,58,122098,10,f,35.169,2025-11-07T01:36:13.890759Z,,,,1,47.25958658685416,39.17617615569383,4014.0,3016.0,Red Laser,prediction
68832,129469,471,t,f,t,223614,63,122093,10,f,10.851,2025-11-07T01:28:17.605847Z,,,,0,,,,,,
69364,129284,465,t,f,t,223322,61,124957,10,f,22.887,2025-11-11T23:35:56.317009Z,20416.0,,,1,49.12805181863477,42.47347480106101,4014.0,3016.0,Green Laser,prediction
68477,129179,466,t,f,t,223463,62,122128,10,f,28.634,2025-11-07T02:01:48.301356Z,20515.0,,,1,52.70397409113762,48.23331182843626,4014.0,3016.0,Green Laser,prediction-changed
69295,129308,465,t,f,t,223346,61,126345,10,f,11.511,2025-11-14T02:36:54.718633Z,20435.0,,,1,48.55505729945192,40.185676392572944,4014.0,3016.0,Green Laser,prediction
68357,78783,279,t,f,t,222369,57,118323,10,f,22.822,2025-10-21T01:49:07.581868Z,19986.0,,,1,48.93650599556879,43.93500997331808,4014.0,3016.0,Red Laser,prediction
68457,102579,349,t,f,t,222835,59,120162,10,f,25.578,2025-10-27T23:53:39.691266Z,20170.0,,,1,48.654708520179376,47.8448275862069,4014.0,3016.0,Green Laser,prediction
68824,129176,466,t,f,t,223460,62,122125,10,f,30.195,2025-11-07T02:00:04.419242Z,20513.0,,,1,52.46636771300448,47.5132625994695,4014.0,3016.0,Green Laser,prediction
68268,129401,471,t,f,t,223546,63,121793,10,f,9.846,2025-11-06T02:02:46.852408Z,20589.0,,,1,51.569506726457405,51.45888594164456,4014.0,3016.0,Green Laser,prediction
68411,129458,471,t,f,t,223603,63,121925,10,f,17.405,2025-11-06T19:54:28.229384Z,20630.0,,,1,51.66915794718485,51.92307692307693,4014.0,3016.0,Green Laser,prediction
68774,129303,465,t,f,t,223341,61,126340,10,f,26.713,2025-11-14T02:35:05.348354Z,20430.0,,,1,48.60488290981564,40.48408488063661,4014.0,3016.0,Green Laser,prediction
12122,118539,424,t,t,t,196827,43,89949,128,f,137.389,2025-05-15T02:08:54.248595Z,,,,1,44.7577370253711,42.46475738696455,4014.0,3016.0,Green Laser,manual
69070,101375,341,t,f,t,222715,58,120643,10,f,15.546,2025-10-29T17:47:23.541251Z,20115.0,,,1,45.71274646828461,32.31372155353077,4014.0,3016.0,Red Laser,prediction
68736,101399,341,t,f,t,222739,58,120717,10,f,9.536,2025-10-29T19:03:15.941394Z,20122.0,,,1,45.46238315179377,31.21761005319932,4014.0,3016.0,Red Laser,prediction
68510,102767,347,t,f,t,222999,60,120626,26,f,24.969,2025-10-29T17:44:03.115154Z,20207.0,,,1,50.00111245939388,44.94147559111445,4014.0,3016.0,Green Laser,prediction
69224,129173,466,t,f,t,223457,62,122122,10,f,29.991,2025-11-07T01:57:58.603039Z,20510.0,,,1,53.08549329224642,49.95272375688386,4014.0,3016.0,Green Laser,prediction-changed
68282,129203,466,t,f,t,223487,62,122918,10,f,42.784,2025-11-08T03:14:58.186732Z,20536.0,,,1,52.51619332336821,47.81167108753316,4014.0,3016.0,Green Laser,prediction
68505,129190,466,t,f,t,223474,62,122902,10,f,30.651,2025-11-08T03:05:45.876768Z,20524.0,,,1,53.064275037369214,50.13262599469496,4014.0,3016.0,Green Laser,prediction
68821,78798,279,t,f,t,222384,57,118124,4,f,18.104,2025-10-17T18:37:45.462015Z,20001.0,,,1,48.627261241468354,42.24792211777004,4014.0,3016.0,Red Laser,prediction
69272,103014,347,t,f,t,223246,60,121816,26,f,46.109,2025-11-06T19:31:56.133366Z,20372.0,,,1,50.022233728815024,45.47931351687587,4014.0,3016.0,Green Laser,prediction
69003,101327,341,t,f,t,222667,58,120482,10,f,30.51,2025-10-29T14:55:31.311534Z,20072.0,,,1,48.172449761146645,42.94453746918518,4014.0,3016.0,Red Laser,prediction
69056,101345,341,t,f,t,222685,58,120500,10,f,21.214,2025-10-29T15:03:21.607545Z,20085.0,,,1,45.11543526178354,29.61914037420213,4014.0,3016.0,Red Laser,prediction
68745,129447,471,t,f,t,223592,63,121888,10,f,18.525,2025-11-06T19:50:00.300096Z,20621.0,,,1,51.44494270054808,51.59151193633952,4014.0,3016.0,Green Laser,prediction
68987,101351,341,t,f,t,222691,58,120506,10,f,9.69,2025-10-29T15:05:17.893780Z,20091.0,,,1,45.17619313881132,30.191258814429617,4014.0,3016.0,Red Laser,prediction
69080,101397,341,t,f,t,222737,58,120715,10,f,25.016,2025-10-29T19:02:49.130335Z,20120.0,,,1,45.761267720255375,32.49281286471986,4014.0,3016.0,Red Laser,prediction
69033,129273,465,t,f,t,223311,61,124946,10,f,35.065,2025-11-11T23:19:01.147566Z,20406.0,,,1,49.40313972441981,43.65777451544392,4014.0,3016.0,Green Laser,prediction-changed
69250,101410,341,t,f,t,222750,58,120728,10,f,15.711,2025-10-29T19:07:31.461773Z,20132.0,,,1,45.339477052374896,30.75045182884973,4014.0,3016.0,Red Laser,prediction
68392,129394,465,t,f,t,223432,61,126431,10,f,28.832,2025-11-14T03:29:40.467830Z,20491.0,,,1,49.395859377163006,43.81631750169805,4014.0,3016.0,Green Laser,prediction-changed
68833,102814,347,t,f,t,223046,60,121484,26,f,34.104,2025-11-04T04:09:11.097012Z,20238.0,,,1,49.53678133090335,43.053805631703,4014.0,3016.0,Green Laser,prediction
68610,102866,347,t,f,t,223098,60,121537,26,f,21.658,2025-11-04T18:27:24.448409Z,20266.0,,,1,47.6425181422874,35.40117248026924,4014.0,3016.0,Green Laser,prediction
69225,102846,347,t,f,t,223078,60,121516,26,f,26.876,2025-11-04T04:41:47.501571Z,,,,0,,,,,,
68789,102920,347,t,f,t,223152,60,121591,26,f,15.79,2025-11-04T22:53:13.129392Z,20307.0,,,1,49.26506122175768,42.19428398983263,4014.0,3016.0,Green Laser,prediction
69337,102961,347,t,f,t,223193,60,121632,26,f,39.815,2025-11-04T23:22:36.908964Z,20335.0,,,1,48.25970787458521,37.83783783783783,4014.0,3016.0,Green Laser,prediction
69227,102986,347,t,f,t,223218,60,121657,26,f,77.729,2025-11-05T03:07:12.972703Z,20354.0,,,1,49.70462575706152,44.190632336392696,4014.0,3016.0,Green Laser,prediction-changed
68272,129338,465,t,f,t,223376,61,126375,10,f,10.789,2025-11-14T02:53:43.738460Z,,,,0,,,,,,
68850,101268,341,t,f,t,222608,58,120325,10,f,11.869,2025-10-28T15:33:46.821927Z,20018.0,,,1,48.16937822989742,42.28830141739158,4014.0,3016.0,Red Laser,prediction
68890,101297,341,t,f,t,222637,58,120430,10,f,22.501,2025-10-29T14:44:41.998508Z,20045.0,,,1,46.95804779996133,37.18804603774792,4014.0,3016.0,Red Laser,prediction
68520,102641,349,t,f,t,222897,59,120249,10,f,27.035,2025-10-28T00:37:26.726987Z,20177.0,,,1,48.903836571998006,49.37002652519894,4014.0,3016.0,Green Laser,prediction
69300,102860,347,t,f,t,223092,60,121531,26,f,29.265,2025-11-04T18:07:41.905313Z,20260.0,,,1,47.62609071363547,35.390497501227145,4014.0,3016.0,Green Laser,prediction
68287,101339,341,t,f,t,222679,58,120494,10,f,14.798,2025-10-29T15:01:50.165531Z,20079.0,,,1,45.212981382545074,29.982437621677526,4014.0,3016.0,Red Laser,prediction
68861,101288,341,t,f,t,222628,58,120345,10,f,99.393,2025-10-28T15:48:54.211684Z,20038.0,,,1,48.39625253254916,43.181400075277146,4014.0,3016.0,Red Laser,prediction
68924,101308,341,t,f,t,222648,58,120443,10,f,21.196,2025-10-29T14:48:27.278413Z,20056.0,,,1,47.28862017235386,39.174121158485896,4014.0,3016.0,Red Laser,prediction
68895,102862,347,t,f,t,223094,60,121533,26,f,92.298,2025-11-04T18:09:22.926831Z,20262.0,,,1,47.64203084356161,35.40761304571771,4014.0,3016.0,Green Laser,prediction
69252,101417,341,t,f,t,222757,58,120740,10,f,22.866,2025-10-29T19:11:20.533236Z,20138.0,,,1,46.64257918900439,36.38357736278879,4014.0,3016.0,Red Laser,prediction
68452,102803,347,t,f,t,223035,60,121473,26,f,22.992,2025-11-04T04:02:40.586263Z,20227.0,,,1,49.35272946681692,42.41049382451038,4014.0,3016.0,Green Laser,prediction
69157,101431,341,t,f,t,222771,58,121769,10,f,13.199,2025-11-06T01:40:26.358546Z,20149.0,,,1,45.0259552871412,29.50720162126232,4014.0,3016.0,Red Laser,prediction
69256,101445,341,t,f,t,222785,58,121783,10,f,29.115,2025-11-06T01:44:45.919964Z,20162.0,,,1,46.35997677124782,35.42610671652217,4014.0,3016.0,Red Laser,prediction
68810,102758,347,t,f,t,222990,60,120590,26,f,20.297,2025-10-29T17:30:13.005136Z,20202.0,,,0,,,,,,
69387,102883,347,t,f,t,223115,60,121554,26,f,15.449,2025-11-04T18:36:35.937785Z,20280.0,,,1,49.39405810500916,42.67961234165537,4014.0,3016.0,Green Laser,prediction
69392,102882,347,t,f,t,223114,60,121553,26,f,16.286,2025-11-04T18:36:19.412947Z,20279.0,,,1,49.40051078033668,42.6742106582515,4014.0,3016.0,Green Laser,prediction
69319,102913,347,t,f,t,223145,60,121584,26,f,45.228,2025-11-04T18:52:18.178126Z,20300.0,,,1,49.71258440448977,44.234404536862,4014.0,3016.0,Green Laser,prediction
69324,102921,347,t,f,t,223153,60,121592,26,f,28.781,2025-11-04T22:53:43.410400Z,20308.0,,,1,49.33480037674183,42.607313195548485,4014.0,3016.0,Green Laser,prediction
68297,103013,347,t,f,t,223245,60,121815,26,f,243.528,2025-11-06T19:31:08.936444Z,20371.0,,,1,50.0614610974456,45.63456160450286,4014.0,3016.0,Green Laser,prediction
69059,129463,471,t,f,t,223608,63,121936,10,f,25.118,2025-11-06T19:56:41.524805Z,20635.0,,,1,51.42002989536621,50.92838196286472,4014.0,3016.0,Green Laser,prediction
68301,78705,279,t,f,t,222291,57,118343,10,f,20.537,2025-10-21T01:59:17.903568Z,19918.0,,,1,47.53766253982006,36.89729520762839,4014.0,3016.0,Red Laser,prediction
69017,78772,279,t,f,t,222358,57,118312,10,f,22.525,2025-10-21T01:43:33.318891Z,19976.0,,,1,48.457654700485776,41.2455334696714,4014.0,3016.0,Red Laser,prediction
68969,129207,466,t,f,t,223491,62,122923,10,f,31.433,2025-11-08T03:16:43.402750Z,20539.0,,,1,53.16392625809666,50.43103448275862,4014.0,3016.0,Green Laser,prediction
68604,129449,471,t,f,t,223594,63,121892,10,f,20.602,2025-11-06T19:50:37.795555Z,20623.0,,,1,51.99302441454908,53.94562334217506,4014.0,3016.0,Green Laser,prediction
69159,101437,341,t,f,t,222777,58,121775,10,f,23.066000000000003,2025-11-06T01:42:07.584889Z,20154.0,,,1,46.5338456488819,36.11137051003463,4014.0,3016.0,Red Laser,prediction
68741,129451,471,t,f,t,223596,63,121901,10,f,20.079,2025-11-06T19:51:49.126391Z,20625.0,,,1,52.09267563527653,54.40981432360743,4014.0,3016.0,Green Laser,prediction
69342,102985,347,t,f,t,223217,60,121656,26,f,37.081,2025-11-05T03:05:54.042914Z,20353.0,,,1,49.73637938229031,44.285646655021566,4014.0,3016.0,Green Laser,prediction
69353,103020,347,t,f,t,223252,60,121824,26,f,16.415,2025-11-06T19:36:01.794800Z,,,,0,,,,,,
68618,78703,279,t,f,t,222289,57,118341,10,f,20.123,2025-10-21T01:58:15.734187Z,19916.0,,,1,47.564533564638026,36.83053260336344,4014.0,3016.0,Red Laser,prediction
69292,129302,465,t,f,t,223340,61,126339,10,f,68.217,2025-11-14T02:34:37.442831Z,20429.0,,,1,48.704534130543095,40.71618037135279,4014.0,3016.0,Green Laser,prediction
68242,129367,465,t,f,t,223405,61,126404,10,f,36.66,2025-11-14T03:11:18.439888Z,20472.0,,,1,49.01851346178838,42.38716409088556,4014.0,3016.0,Green Laser,prediction-changed
68465,101319,341,t,f,t,222659,58,120472,10,f,5.397,2025-10-29T14:52:26.557340Z,20067.0,,,1,46.79057179711976,36.76232713057357,4014.0,3016.0,Red Laser,prediction
68265,101329,341,t,f,t,222669,58,120484,10,f,23.491,2025-10-29T14:56:58.188307Z,,,,0,,,,,,
68391,101404,341,t,f,t,222744,58,120722,10,f,19.513,2025-10-29T19:05:34.075821Z,20127.0,,,1,46.788128381341856,37.12352067377248,4014.0,3016.0,Red Laser,prediction
69063,101371,341,t,f,t,222711,58,120625,10,f,62.179,2025-10-29T17:43:46.771057Z,20111.0,,,1,45.05632408788404,29.519611494890608,4014.0,3016.0,Red Laser,prediction
69406,111919,383,t,f,t,224633,70,134881,10,f,36.694,2025-12-09T01:08:26.270647Z,20645.0,,,1,50.50832915130804,46.238209421667456,4014.0,3016.0,Red Laser,prediction
62477,129282,465,t,f,t,154697,42,90823,46,f,22.701,2025-05-17T22:32:58.159468Z,,,,1,49.17279671173277,42.64037515677103,4014.0,3016.0,Green Laser,manual
69391,102905,347,t,f,t,223137,60,121576,26,f,22.495,2025-11-04T18:47:32.248961Z,20292.0,,,1,49.65318704858836,43.88284062305348,4014.0,3016.0,Green Laser,prediction
68945,102924,347,t,f,t,223156,60,121595,26,f,25.614,2025-11-04T22:58:10.849945Z,20311.0,,,1,49.22575188518529,42.01884118134615,4014.0,3016.0,Green Laser,prediction
69137,102805,347,t,f,t,223037,60,121475,26,f,29.899,2025-11-04T04:03:35.640897Z,20229.0,,,1,49.32728972917872,42.1586373050082,4014.0,3016.0,Green Laser,prediction
68629,102982,347,t,f,t,223214,60,121653,26,f,6.254,2025-11-05T03:04:42.664278Z,20352.0,,,1,49.09040367069651,41.621198696931,4014.0,3016.0,Green Laser,prediction
68788,103047,347,t,f,t,223279,60,121889,26,f,5.295,2025-11-06T19:50:03.874931Z,20385.0,,,1,49.45177255316042,43.17583100739011,4014.0,3016.0,Green Laser,prediction
68396,101270,341,t,f,t,222610,58,120327,10,f,16.144,2025-10-28T15:34:27.378178Z,20020.0,,,1,48.17756477617009,42.35600958786951,4014.0,3016.0,Red Laser,prediction
68295,101342,341,t,f,t,222682,58,120497,10,f,11.323,2025-10-29T15:02:34.255983Z,20082.0,,,1,45.16743383036499,30.056710775047257,4014.0,3016.0,Red Laser,prediction
68655,101357,341,t,f,t,222697,58,120512,10,f,19.861,2025-10-29T15:06:17.938733Z,20097.0,,,1,46.38415007075164,35.3369111457445,4014.0,3016.0,Red Laser,prediction
69366,102787,347,t,f,t,223019,60,120898,26,f,50.15,2025-10-29T20:15:06.859052Z,20220.0,,,1,49.58800923475013,43.22354108432645,4014.0,3016.0,Green Laser,prediction
68948,101310,341,t,f,t,222650,58,120446,10,f,5.894,2025-10-29T14:48:42.870166Z,20058.0,,,1,47.31409755734576,39.1299057697124,4014.0,3016.0,Red Laser,prediction
69071,101395,341,t,f,t,222735,58,120713,10,f,14.436,2025-10-29T19:02:02.927938Z,20118.0,,,1,46.167154599521865,34.41383247004465,4014.0,3016.0,Red Laser,prediction
68362,101361,341,t,f,t,222701,58,120516,10,f,12.082,2025-10-29T15:08:00.114232Z,20101.0,,,1,46.15435538523101,34.507798443826815,4014.0,3016.0,Red Laser,prediction
69388,102881,347,t,f,t,223113,60,121552,26,f,13.061,2025-11-04T18:36:01.625779Z,20278.0,,,1,49.39185025987946,42.72660118716034,4014.0,3016.0,Green Laser,prediction
69308,102889,347,t,f,t,223121,60,121560,26,f,15.095,2025-11-04T18:38:31.241808Z,20286.0,,,1,48.30651361080832,38.099007974699525,4014.0,3016.0,Green Laser,prediction
69149,101427,341,t,f,t,222767,58,121765,10,f,23.824,2025-11-06T01:39:36.611316Z,20145.0,,,1,44.99514318664256,29.2945092928246,4014.0,3016.0,Red Laser,prediction
68823,78799,279,t,f,t,222385,57,118123,4,f,15.169,2025-10-17T18:37:31.960008Z,20002.0,,,1,48.76256906249702,42.82794271100807,4014.0,3016.0,Red Laser,prediction
69058,101274,341,t,f,t,222614,58,120331,10,f,16.526,2025-10-28T15:39:32.006958Z,20024.0,,,1,48.25970787458521,42.607313195548485,4014.0,3016.0,Red Laser,prediction
68403,129457,471,t,f,t,223602,63,121923,10,f,23.444,2025-11-06T19:54:04.893973Z,20629.0,,,1,51.64424514200299,52.02254641909815,4014.0,3016.0,Green Laser,prediction
68666,102675,349,t,f,t,222931,59,120283,10,f,16.138,2025-10-28T00:59:42.395991Z,20179.0,,,1,48.30592924763329,46.5185676392573,4014.0,3016.0,Green Laser,prediction
68291,78699,279,t,f,t,222285,57,118023,26,f,45.529,2025-10-16T18:32:52.103278Z,19912.0,,,1,47.50237398737718,36.76155651017067,4014.0,3016.0,Red Laser,prediction
68291,78699,279,t,f,t,222285,57,118337,10,f,109.421,2025-10-21T01:56:10.402547Z,,,,1,47.50237398737718,36.76155651017067,4014.0,3016.0,Red Laser,prediction
68848,102857,347,t,f,t,223089,60,121528,26,f,26.294,2025-11-04T18:06:36.524888Z,20257.0,,,1,47.660571017038286,35.52859618717504,4014.0,3016.0,Green Laser,prediction
69338,102971,347,t,f,t,223203,60,121642,26,f,22.91,2025-11-04T23:27:24.419985Z,20343.0,,,1,48.57211199277398,39.168110918544194,4014.0,3016.0,Green Laser,prediction
69316,102895,347,t,f,t,223127,60,121566,26,f,14.622,2025-11-04T18:40:32.817730Z,,,,0,,,,,,
68859,101279,341,t,f,t,222619,58,120336,10,f,13.495,2025-10-28T15:42:08.556923Z,20029.0,,,1,48.37340430522837,43.333725344963504,4014.0,3016.0,Red Laser,prediction
69036,101267,341,t,f,t,222607,58,120324,10,f,10.586,2025-10-28T15:33:33.905944Z,20017.0,,,1,48.15018889463437,42.34404536862003,4014.0,3016.0,Red Laser,prediction
68506,129195,466,t,f,t,223479,62,122908,10,f,44.557,2025-11-08T03:10:54.970113Z,20529.0,,,1,52.56601893373194,47.91114058355438,4014.0,3016.0,Green Laser,prediction
68312,129413,471,t,f,t,223558,63,121805,10,f,26.961,2025-11-06T02:07:54.259615Z,20596.0,,,1,52.3168908819133,54.70822281167109,4014.0,3016.0,Green Laser,prediction
69020,129415,471,t,f,t,223560,63,121807,10,f,15.82,2025-11-06T02:08:45.780062Z,20598.0,,,1,51.99302441454908,53.44827586206896,4014.0,3016.0,Green Laser,prediction
49486,102754,347,t,f,t,98873,10,41199,20,f,19.004,2025-01-29T15:10:11.691595Z,,,,1,50.52612873825333,45.47857765179714,3987.0,3016.0,Green Laser,manual
69172,102739,347,t,t,t,222971,60,120534,26,f,51.441,2025-10-29T15:53:35.792481Z,20191.0,,,1,49.24668604194037,41.60504967438101,4014.0,3016.0,Green Laser,prediction
49474,102731,347,t,f,t,98853,10,34608,62,f,10.457,2025-01-23T00:40:29.398413Z,,,,1,49.38379361510887,40.74040171606392,3987.0,3016.0,Green Laser,manual
69054,102751,347,t,t,t,222983,60,120572,26,f,13.931,2025-10-29T17:23:36.535963Z,20198.0,,,1,50.17873999287268,45.53419852770611,4014.0,3016.0,Green Laser,prediction
68795,102731,347,t,t,t,222963,60,120527,26,f,43.935,2025-10-29T15:25:35.295862Z,,,,1,49.051615631150746,40.74040171606392,4014.0,3016.0,Green Laser,prediction
49475,102735,347,t,f,t,98855,10,29271,54,f,46.747,2025-01-19T18:47:11.419532Z,,,,1,49.38268936022904,40.94479650373175,3987.0,3016.0,Green Laser,manual
68227,102744,347,t,f,t,222976,60,120539,26,f,44.09,2025-10-29T15:58:21.354101Z,,,,1,49.963212260595526,44.54816849563719,4014.0,3016.0,Green Laser,manual
68808,102733,347,t,f,t,222965,60,120529,26,f,23.916,2025-10-29T15:25:53.608945Z,,,,1,49.015039188952365,40.76979952589413,4014.0,3016.0,Green Laser,manual
69414,111927,383,t,t,t,224641,70,134890,10,f,29.367,2025-12-09T01:13:11.895076Z,20647.0,,,1,50.127915319126224,44.13346773268082,4014.0,3016.0,Red Laser,prediction-changed
69129,101259,341,t,f,t,222599,58,120316,10,f,14.649,2025-10-28T15:31:36.035943Z,20009.0,,,1,47.5230881679117,39.526695661742814,4014.0,3016.0,Red Laser,prediction
68327,129430,471,t,f,t,223575,63,121841,10,f,33.635000000000005,2025-11-06T19:41:07.852537Z,20608.0,,,1,52.21723966118586,54.54244031830239,4014.0,3016.0,Green Laser,prediction
68781,129199,466,t,f,t,223483,62,122913,10,f,19.469,2025-11-08T03:12:41.467881Z,20533.0,,,1,52.81514698555058,49.03846153846153,4014.0,3016.0,Green Laser,prediction
69046,101275,341,t,f,t,222615,58,120332,10,f,12.904,2025-10-28T15:39:46.170841Z,20025.0,,,1,48.41747304296254,43.28416717734498,4014.0,3016.0,Red Laser,prediction
68658,101335,341,t,f,t,222675,58,120490,10,f,18.636,2025-10-29T15:00:23.601586Z,20075.0,,,1,48.16580552469348,42.63793673482631,4014.0,3016.0,Red Laser,prediction
68491,101287,341,t,f,t,222627,58,120344,10,f,13.132,2025-10-28T15:47:13.477794Z,20037.0,,,1,48.40400821652801,43.19795600372039,4014.0,3016.0,Red Laser,prediction
68412,101412,341,t,f,t,222752,58,120731,10,f,13.663,2025-10-29T19:08:17.424913Z,20134.0,,,1,45.42595489999438,31.07826823355931,4014.0,3016.0,Red Laser,prediction
68897,101428,341,t,f,t,222768,58,121766,10,f,6.892,2025-11-06T01:39:44.660053Z,20146.0,,,1,45.096237673381815,29.85543920974052,4014.0,3016.0,Red Laser,prediction
69103,102968,347,t,f,t,223200,60,121639,26,f,51.103,2025-11-04T23:26:10.638846Z,20340.0,,,1,48.46066960247281,39.02494199884828,4014.0,3016.0,Green Laser,prediction
69352,103050,347,t,f,t,223282,60,121894,26,f,15.913,2025-11-06T19:50:53.270485Z,20388.0,,,1,49.250662130679984,42.38766131657182,4014.0,3016.0,Green Laser,prediction
68662,102665,349,t,f,t,222921,59,120273,10,f,18.722,2025-10-28T00:55:40.029399Z,20178.0,,,1,48.38066766317887,46.71750663129973,4014.0,3016.0,Green Laser,prediction
69195,102853,347,t,f,t,223085,60,121523,26,f,17.741,2025-11-04T04:43:47.257257Z,,,,0,,,,,,
68490,101282,341,t,f,t,222622,58,120339,10,f,8.882,2025-10-28T15:42:42.695489Z,20032.0,,,1,48.39208898422547,43.26365615843406,4014.0,3016.0,Red Laser,prediction
68273,102974,347,t,f,t,223206,60,121645,26,f,22.284,2025-11-04T23:29:14.082808Z,20346.0,,,1,48.49402540227586,39.17974114487065,4014.0,3016.0,Green Laser,prediction
69093,129301,465,t,f,t,223339,61,126338,10,f,44.272,2025-11-14T02:33:28.099442Z,20428.0,,,1,48.95366218236173,41.90981432360743,4014.0,3016.0,Green Laser,prediction
69120,78801,279,t,f,t,222387,57,118121,4,f,33.404,2025-10-17T18:37:03.474977Z,20004.0,,,0,,,,,,
69127,78797,279,t,f,t,222383,57,118125,4,f,16.773,2025-10-17T18:37:58.399343Z,20000.0,,,1,48.61686311248369,42.22314806343385,4014.0,3016.0,Red Laser,prediction
68440,129172,466,t,f,t,223456,62,122121,10,f,14.138,2025-11-07T01:57:23.015286Z,20509.0,,,1,53.3383158943697,51.160477453580896,4014.0,3016.0,Green Laser,prediction
69276,102581,349,t,f,t,222837,59,120165,10,f,25.189,2025-10-27T23:54:40.840818Z,20171.0,,,1,48.654708520179376,47.91114058355438,4014.0,3016.0,Green Laser,prediction
68908,102912,347,t,f,t,223144,60,121583,26,f,33.494,2025-11-04T18:51:31.699063Z,20299.0,,,1,49.60878815642481,43.80954240505026,4014.0,3016.0,Green Laser,prediction
68900,102863,347,t,f,t,223095,60,121534,26,f,26.327,2025-11-04T18:10:13.022733Z,20263.0,,,1,47.58095251891519,35.25108149988249,4014.0,3016.0,Green Laser,prediction
68421,102811,347,t,f,t,223043,60,121481,26,f,22.009,2025-11-04T04:07:01.245249Z,20235.0,,,1,49.60946907702984,43.35145593444854,4014.0,3016.0,Green Laser,prediction
68866,102823,347,t,f,t,223055,60,121493,26,f,29.403,2025-11-04T04:13:37.109028Z,20243.0,,,1,50.188980257574045,45.77167674424482,4014.0,3016.0,Green Laser,prediction
68260,102944,347,t,f,t,223176,60,121615,26,f,31.133,2025-11-04T23:13:08.164257Z,20320.0,,,1,49.63073607152923,43.78378388027433,4014.0,3016.0,Green Laser,prediction
69108,102979,347,t,f,t,223211,60,121650,26,f,72.268,2025-11-05T03:04:18.676633Z,20349.0,,,1,49.22639307708922,42.2201595708752,4014.0,3016.0,Green Laser,prediction
68743,129266,465,t,f,t,223304,61,124868,10,f,33.77,2025-11-11T22:30:21.606699Z,20399.0,,,1,49.10313901345291,42.50663129973475,4014.0,3016.0,Green Laser,prediction
68478,102591,349,t,f,t,222847,59,120179,10,f,32.753,2025-10-28T00:01:11.834833Z,20173.0,,,1,47.98206278026906,44.92705570291777,4014.0,3016.0,Green Laser,prediction
68811,78791,279,t,f,t,222377,57,118331,10,f,7.659,2025-10-21T01:53:50.678556Z,19994.0,,,1,48.725626724230125,42.625792805920405,4014.0,3016.0,Red Laser,prediction
68867,78713,279,t,f,t,222299,57,118253,10,f,15.819,2025-10-21T00:55:43.545401Z,19926.0,,,1,48.98098433694027,43.5390619087088,4014.0,3016.0,Red Laser,prediction
68968,129196,466,t,f,t,223480,62,122909,10,f,33.599,2025-11-08T03:11:30.121025Z,20530.0,,,1,53.36322869955157,51.42572944297083,4014.0,3016.0,Green Laser,prediction
68267,129386,465,t,f,t,223424,61,126423,10,f,19.34,2025-11-14T03:25:38.505900Z,,,,0,,,,,,
68943,129171,466,t,f,t,223455,62,122120,10,f,15.726,2025-11-07T01:57:03.785479Z,20508.0,,,1,53.36322869955157,51.25994694960212,4014.0,3016.0,Green Laser,prediction
68696,129198,466,t,f,t,223482,62,122911,10,f,19.474,2025-11-08T03:12:20.870997Z,20532.0,,,1,52.61584454409567,48.242705570291776,4014.0,3016.0,Green Laser,prediction
68930,78687,279,t,t,t,222273,57,117987,26,f,21.659,2025-10-16T16:28:40.423797Z,19906.0,,,1,45.79124264486209,28.094455844953615,4014.0,3016.0,Red Laser,prediction
68699,78780,279,t,f,t,222366,57,118320,10,f,18.213,2025-10-21T01:47:21.025182Z,19983.0,,,1,48.960980008680274,44.036830796899885,4014.0,3016.0,Red Laser,prediction
69027,78786,279,t,f,t,222372,57,118326,10,f,16.901,2025-10-21T01:52:15.947588Z,19989.0,,,1,49.08859510008149,44.42592324666445,4014.0,3016.0,Red Laser,prediction
69078,101290,341,t,f,t,222630,58,120347,10,f,12.746,2025-10-28T15:49:25.266888Z,20040.0,,,1,48.36807968202029,43.18758304509158,4014.0,3016.0,Red Laser,prediction
68289,101340,341,t,f,t,222680,58,120495,10,f,16.544,2025-10-29T15:02:07.949506Z,20080.0,,,1,45.07711027233201,29.45406355137673,4014.0,3016.0,Red Laser,prediction
68191,103030,347,t,f,t,196120,43,97520,46,f,27.942,2025-06-08T13:31:00.308678Z,,,,0,,,,,,
68449,101284,341,t,f,t,222624,58,120341,10,f,11.249,2025-10-28T15:43:04.232153Z,20034.0,,,1,48.424173276255225,43.202452619387,4014.0,3016.0,Red Laser,prediction
68941,78679,279,t,t,t,222265,57,117975,26,f,40.284,2025-10-16T16:24:45.710844Z,19899.0,,,1,49.68360670709151,46.24958689961992,4014.0,3016.0,Red Laser,prediction
49649,103013,347,t,f,t,99132,10,66804,33,f,31.318,2025-03-04T18:28:50.236471Z,,,,1,50.400477764019726,45.63456160450286,3987.0,3016.0,Green Laser,manual
49558,102880,347,t,f,t,98999,10,60319,46,f,16.139,2025-02-17T18:15:52.045504Z,,,,1,49.77797957284877,42.90296625320128,3987.0,3016.0,Green Laser,manual
68874,78709,279,t,t,t,222295,57,118249,10,f,26.312,2025-10-21T00:49:26.650990Z,,,,1,49.12561970635779,43.7315573904203,4014.0,3016.0,Red Laser,prediction
43065,78706,279,t,f,t,84335,10,29160,46,f,14.91,2025-01-19T17:42:51.291897Z,,,,1,48.31176179259206,38.72918009445437,3987.0,3016.0,Red Laser,manual
69301,129324,465,t,t,t,223362,61,126361,10,f,40.861,2025-11-14T02:42:57.681283Z,20441.0,,,1,48.95366218236173,42.274535809018566,4014.0,3016.0,Green Laser,prediction
61376,103035,347,t,t,t,99155,10,28600,62,f,6.305,2025-01-18T19:31:22.278987Z,,,,1,40.904799726165216,49.9088837349702,3987.0,3016.0,Green Laser,manual
49375,101315,341,t,f,t,98718,10,36692,59,f,34.597,2025-01-25T12:19:19.714138Z,,,,1,47.14950334674248,36.91593115887659,3987.0,3016.0,Red Laser,manual
49375,101315,341,t,f,t,98718,10,36694,73,f,47.452,2025-01-25T12:21:02.512467Z,,,,1,47.14429874164295,36.9081863222187,3987.0,3016.0,Red Laser,manual
6918,129198,466,t,f,t,159960,42,112017,55,f,281.116,2025-08-22T07:07:35.919657Z,,,,1,52.62064006336358,48.24610053514014,4014.0,3016.0,Green Laser,manual
49493,102767,347,t,f,t,98887,10,58180,76,f,49.361,2025-02-13T19:35:35.742545Z,,,,1,50.339720444446215,44.94147559111444,3987.0,3016.0,Green Laser,manual
49449,101418,341,t,f,t,98821,10,51535,62,f,4.242,2025-02-07T21:02:51.931959Z,,,,1,46.90283165917212,36.08903020667727,3987.0,3016.0,Red Laser,manual
58795,78734,279,t,t,t,116048,10,20688,46,f,20.937,2025-01-06T18:51:14.957270Z,,,,1,49.087062623308185,44.100204989617765,3987.0,3016.0,Red Laser,manual
43119,78741,279,t,t,t,84440,10,35434,46,f,32.173,2025-01-23T17:42:56.173186Z,,,,1,49.604192850502784,46.10151148294639,3987.0,3016.0,Red Laser,manual
43024,78669,279,t,t,t,84224,10,33533,62,f,11.26,2025-01-22T17:31:36.423397Z,,,,1,49.57571409734074,44.4530883085399,3987.0,3016.0,Red Laser,manual
68860,129240,466,t,t,t,223524,62,122963,10,f,38.631,2025-11-08T03:35:10.074485Z,20567.0,,,1,51.13813984816681,50.04405726077212,4014.0,3016.0,Green Laser,prediction-changed
49326,101264,341,t,f,t,98667,10,25247,53,f,15.724,2025-01-15T01:37:42.431128Z,,,,1,47.66492169110705,38.97234627439919,3987.0,3016.0,Red Laser,manual
49331,101269,341,t,f,t,98672,10,26739,20,f,12.492,2025-01-17T17:08:07.396149Z,,,,1,48.49691999103447,42.32809362531874,3987.0,3016.0,Red Laser,manual
49346,101284,341,t,f,t,98687,10,67612,47,f,12.721,2025-03-06T00:31:42.804864Z,,,,1,48.75210221492062,43.202452619387,3987.0,3016.0,Red Laser,manual
49367,101307,341,t,f,t,98710,10,14067,32,f,15.366,2024-12-12T17:05:52.608608Z,,,,1,47.65513706712685,39.3059501062588,3987.0,3016.0,Red Laser,manual
68464,129162,466,t,t,t,223446,62,122110,10,f,49.557,2025-11-07T01:49:33.385422Z,20501.0,,,1,52.3916292974589,47.91114058355438,4014.0,3016.0,Green Laser,prediction
49383,101324,341,t,f,t,98728,10,14117,33,f,56.467,2024-12-12T18:05:23.176859Z,,,,1,48.52774392214665,42.86366478825611,3987.0,3016.0,Red Laser,manual
49392,101342,341,t,f,t,98743,10,46603,62,f,7.07,2025-02-03T16:51:42.968633Z,,,,1,45.47330810009658,30.056710775047257,3987.0,3016.0,Red Laser,manual
49388,101336,341,t,f,t,98739,10,49487,62,f,9.115,2025-02-05T21:08:26.211911Z,,,,1,48.53417110352908,42.56116626472464,3987.0,3016.0,Red Laser,manual
49429,101399,341,t,f,t,98799,10,14632,19,f,13.024,2024-12-12T19:40:22.871207Z,,,,1,45.77025482099328,31.21761005319932,3987.0,3016.0,Red Laser,manual
68997,129234,466,t,t,t,223518,62,122957,10,f,24.231,2025-11-08T03:32:18.640974Z,20561.0,,,1,51.01645941609569,49.35680906784312,4014.0,3016.0,Green Laser,prediction-changed
49468,101446,341,t,f,t,98847,10,46508,62,f,6.976,2025-02-03T16:34:03.656233Z,,,,1,46.78256798825116,35.6120826709062,3987.0,3016.0,Red Laser,manual
49473,102732,347,t,f,t,98852,10,79459,55,f,12.192,2025-03-28T15:51:50.341776Z,,,,1,49.19317501928703,40.50075059535424,3987.0,3016.0,Green Laser,manual
49530,102828,347,t,t,t,98949,10,14016,32,f,25.941,2024-12-12T16:20:17.585531Z,,,,1,48.40360870440155,36.68017702920247,3987.0,3016.0,Green Laser,manual
49542,102859,347,t,f,t,98980,10,51540,62,f,4.932,2025-02-07T21:03:23.139272Z,,,,1,47.9852046974607,35.294117647058826,3987.0,3016.0,Green Laser,manual
49550,102867,347,t,f,t,98988,10,62747,46,f,13.17,2025-02-23T18:02:10.644462Z,,,,1,47.89581930976588,35.18374193157408,3987.0,3016.0,Green Laser,manual
49552,102870,347,t,f,t,98990,10,52255,55,f,8.978,2025-02-08T18:22:17.870350Z,,,,1,47.85871923254052,35.0053281893772,3987.0,3016.0,Green Laser,manual
69356,129260,465,t,t,t,223298,61,124854,10,f,9.463,2025-11-11T22:28:30.120578Z,20394.0,,,1,48.62979571499751,40.11936339522546,4014.0,3016.0,Green Laser,prediction
68627,129263,465,t,t,t,223301,61,124860,10,f,8.756,2025-11-11T22:29:18.867104Z,20397.0,,,1,49.451918285999,43.56763925729442,4014.0,3016.0,Green Laser,prediction
49612,102958,347,t,f,t,99078,10,24341,52,f,101.635,2025-01-13T23:05:16.736109Z,,,,1,48.42835936084331,37.64567841447086,3987.0,3016.0,Green Laser,manual
49667,103052,347,t,f,t,99172,10,19282,30,f,18.211,2024-12-30T07:58:22.692599Z,,,,1,49.54846001528001,42.25703224461512,3987.0,3016.0,Green Laser,manual
49461,101437,341,t,f,t,98838,10,15190,30,f,30.345,2024-12-13T04:14:27.067900Z,,,,1,46.84897327178629,36.11137051003463,3987.0,3016.0,Red Laser,manual
49327,101265,341,t,f,t,98668,10,55251,62,f,20.432,2025-02-11T17:18:49.769241Z,,,,1,47.72112485160828,38.9948006932409,3987.0,3016.0,Red Laser,manual
49332,101270,341,t,f,t,98673,10,48852,46,f,16.397,2025-02-05T18:02:37.654084Z,,,,1,48.50382367984618,42.35600958786951,3987.0,3016.0,Red Laser,manual
49350,101288,341,t,f,t,98691,10,27881,62,f,13.856,2025-01-18T17:12:49.010821Z,,,,1,48.72399239168606,43.181400075277146,3987.0,3016.0,Red Laser,manual
49358,101298,341,t,t,t,98701,10,31509,62,f,5.146,2025-01-21T19:52:49.933559Z,,,,1,47.38388634285594,37.51987281399046,3987.0,3016.0,Red Laser,manual
49360,101300,341,t,t,t,98703,10,44171,62,f,6.13,2025-01-30T22:11:56.010286Z,,,,1,47.626548064709496,39.76706400662407,3987.0,3016.0,Red Laser,manual
43168,78773,279,t,f,t,84533,10,35930,33,f,7.619,2025-01-23T23:44:50.057330Z,,,,1,48.78078445811397,41.189178458405166,3987.0,3016.0,Red Laser,manual
49453,101423,341,t,f,t,98829,10,68877,96,f,47.48,2025-03-08T19:14:54.807394Z,,,,1,47.59528005500426,38.97879042671232,3987.0,3016.0,Red Laser,manual
49564,102884,347,t,f,t,99005,10,38229,55,f,18.343,2025-01-27T17:12:30.548621Z,,,,1,49.717173440686736,42.66110448061095,3987.0,3016.0,Green Laser,manual
49498,102773,347,t,t,t,98895,10,40838,54,f,51.931,2025-01-29T02:28:15.322069Z,,,,1,50.56863796835474,45.7790664619282,3987.0,3016.0,Green Laser,manual
59591,78793,279,t,f,t,116225,10,22474,52,f,9.154,2025-01-10T00:51:49.046972Z,,,,1,49.01256218786616,42.64698433219421,3987.0,3016.0,Red Laser,manual
59597,78798,279,t,f,t,116237,10,67353,46,f,14.921,2025-03-05T16:24:10.690170Z,,,,1,48.95656549366792,42.24792211777004,3987.0,3016.0,Red Laser,manual
43136,78756,279,t,t,t,84479,10,41251,20,f,12.052,2025-01-29T15:29:50.668285Z,,,,1,49.27748396901963,44.96034928539067,3987.0,3016.0,Red Laser,manual
43058,78700,279,t,f,t,84320,10,63334,33,f,6.55,2025-02-25T18:06:44.371948Z,,,,1,47.85777043980792,36.72908015526855,3987.0,3016.0,Red Laser,manual
49527,102824,347,t,f,t,98944,10,56127,57,f,13.554,2025-02-12T03:10:05.644593Z,,,,1,50.49895652971157,45.66709107858559,3987.0,3016.0,Green Laser,manual
49510,102797,347,t,t,t,98917,10,45400,62,f,10.518,2025-02-01T19:38:11.286741Z,,,,1,50.397024093014096,42.12174300495021,3987.0,3016.0,Green Laser,manual
43090,78719,279,t,t,t,84377,10,33148,62,f,10.561,2025-01-22T16:52:34.953464Z,,,,1,52.381848455117904,47.96383551013509,3987.0,3016.0,Green Laser,manual
59384,78778,279,t,f,t,116174,10,19322,33,f,8.592,2024-12-30T17:28:41.064586Z,,,,1,49.34346009297663,44.26460377695209,3987.0,3016.0,Red Laser,manual
60874,129430,471,t,f,t,159625,42,112018,55,f,8.681,2025-08-22T07:07:45.572366Z,,,,1,52.20530711662339,54.53572024452511,4014.0,3016.0,Green Laser,manual
58793,78686,279,t,t,t,115910,10,42631,33,f,24.778,2025-01-30T18:01:59.550020Z,,,,1,46.41556700250744,29.916128498866595,3987.0,3016.0,Red Laser,manual
59236,78729,279,t,t,t,116030,10,31472,62,f,5.622,2025-01-21T19:47:32.245747Z,,,,1,49.06757773574929,44.19713831478537,3987.0,3016.0,Red Laser,manual
49434,101403,341,t,f,t,98804,10,31902,33,f,10.134,2025-01-21T23:14:27.851294Z,,,,1,47.148371748293854,37.269986556915015,3987.0,3016.0,Red Laser,manual
49369,101309,341,t,f,t,98712,10,24535,47,f,15.262,2025-01-13T23:59:51.013668Z,,,,1,47.57218573537233,39.03707757051716,3987.0,3016.0,Red Laser,manual
43080,78715,279,t,t,t,84359,10,29899,7,f,24.451,2025-01-21T04:50:54.214026Z,,,,1,49.4048268288269,43.45355270293134,3987.0,3016.0,Red Laser,manual
49653,103018,347,t,f,t,99138,10,46746,62,f,36.799,2025-02-03T17:36:52.406205Z,,,,1,50.32042059516547,45.39024327855997,3987.0,3016.0,Green Laser,manual
43085,78717,279,t,t,t,84368,10,58223,76,f,12.601,2025-02-13T19:43:59.569896Z,,,,1,49.88237616557534,45.66026522530312,3987.0,3016.0,Red Laser,manual
49506,102786,347,t,t,t,98907,10,48779,46,f,19.231,2025-02-05T17:42:25.165057Z,,,,1,49.9609091719552,43.29733916151034,3987.0,3016.0,Green Laser,manual
49592,102925,347,t,f,t,99043,10,24754,55,f,18.755,2025-01-14T13:51:40.238846Z,,,,1,49.55234858581546,42.04460335114537,3987.0,3016.0,Green Laser,manual
49620,102971,347,t,f,t,99089,10,57068,62,f,16.514,2025-02-13T15:13:14.256065Z,,,,1,48.90104277376343,39.168110918544194,3987.0,3016.0,Green Laser,manual
49482,102741,347,t,t,t,98863,10,47109,25,f,13.161,2025-02-03T19:18:13.501425Z,,,,1,50.208691739084685,44.27206336371061,3987.0,3016.0,Green Laser,manual
59164,78694,279,t,t,t,115925,10,55869,33,f,35.624,2025-02-11T20:49:44.193931Z,,,,1,55.61668466153669,69.20660389851359,3987.0,3016.0,Red Laser,manual
49503,102779,347,t,t,t,98900,10,30161,55,f,34.191,2025-01-21T13:45:40.453195Z,,,,1,50.626857419072735,45.87038832838218,3987.0,3016.0,Green Laser,manual
49640,102995,347,t,f,t,99115,10,19205,30,f,19.18,2024-12-28T04:56:41.237476Z,,,,1,50.41281689487356,45.632038225806376,3987.0,3016.0,Green Laser,manual
49628,102979,347,t,f,t,99099,10,31675,33,f,79.566,2025-01-21T20:22:14.782136Z,,,,1,49.55975465548937,42.2201595708752,3987.0,3016.0,Green Laser,manual
49491,102764,347,t,t,t,98885,10,58706,33,f,8.063,2025-02-14T18:22:03.161492Z,,,,1,50.30037362177192,44.54762688963186,3987.0,3016.0,Green Laser,manual
49606,102951,347,t,f,t,99072,10,29094,46,f,15.111,2025-01-19T17:21:30.260785Z,,,,1,48.25161429765127,36.94016106182808,3987.0,3016.0,Green Laser,manual
49418,101371,341,t,f,t,98770,10,14839,20,f,7.158,2024-12-12T21:16:42.434615Z,,,,1,45.3614459214363,29.519611494890608,3987.0,3016.0,Red Laser,manual
43110,78737,279,t,t,t,84428,10,24077,46,f,15.129,2025-01-12T19:36:56.722591Z,,,,1,49.20423840326406,44.5963802185244,3987.0,3016.0,Red Laser,manual
43159,78765,279,t,f,t,84521,10,26776,20,f,12.65,2025-01-17T17:15:58.780902Z,,,,1,48.92176203107997,41.74462739315546,3987.0,3016.0,Red Laser,manual
49371,101311,341,t,f,t,98714,10,71431,89,f,4.132,2025-03-13T01:04:33.284318Z,,,,1,47.24085951633356,37.05330256305542,3987.0,3016.0,Red Laser,manual
49396,101343,341,t,f,t,98747,10,40986,55,f,17.814,2025-01-29T13:18:08.110511Z,,,,1,45.33162513807441,29.533956267940106,3987.0,3016.0,Red Laser,manual
49535,102836,347,t,f,t,98957,10,25083,32,f,17.183,2025-01-14T20:03:03.074206Z,,,,1,50.24038401039813,44.71350398191013,3987.0,3016.0,Green Laser,manual
43188,78786,279,t,f,t,84569,10,12930,7,f,24.821,2024-12-07T22:12:43.631741Z,,,,1,49.42102350933712,44.42592324666446,3987.0,3016.0,Red Laser,manual
43027,78668,279,t,t,t,84230,10,33616,46,f,15.195,2025-01-22T18:13:12.384933Z,,,,1,49.60221590291498,44.57873020416279,3987.0,3016.0,Red Laser,manual
49477,102738,347,t,f,t,98858,10,14316,25,f,10.695,2024-12-12T19:07:44.109828Z,,,,1,49.48866336594596,41.37653593400605,3987.0,3016.0,Green Laser,manual
49368,101308,341,t,f,t,98711,10,23680,52,f,6.574,2025-01-11T18:42:07.654451Z,,,,1,47.60885913514633,39.174121158485896,3987.0,3016.0,Red Laser,manual
43202,78791,279,t,f,t,84593,10,54753,78,f,20.802,2025-02-11T15:13:50.816577Z,,,,1,49.05559710836712,42.62579280592041,3987.0,3016.0,Red Laser,manual
49532,102830,347,t,f,t,98951,10,21688,46,f,28.431,2025-01-08T16:31:40.953502Z,,,,1,48.12634564304398,36.01241907244533,3987.0,3016.0,Green Laser,manual
49450,101421,341,t,f,t,98822,10,49142,55,f,19.915,2025-02-05T18:33:53.448815Z,,,,1,46.846221488972326,35.93066351817944,3987.0,3016.0,Red Laser,manual
49448,101416,341,t,f,t,98820,10,31692,33,f,11.897,2025-01-21T20:25:51.504637Z,,,,1,46.87854467151484,35.99894394542733,3987.0,3016.0,Red Laser,manual
49563,102882,347,t,f,t,99004,10,25122,54,f,25.024,2025-01-14T20:37:13.738655Z,,,,1,49.7350514853954,42.674210658251496,3987.0,3016.0,Green Laser,manual
49622,102967,347,t,f,t,99091,10,14722,11,f,15.699,2024-12-12T20:55:05.188297Z,,,,1,48.806337721595696,39.06187521398746,3987.0,3016.0,Green Laser,manual
49668,103060,347,t,f,t,99178,10,51458,55,f,151.321,2025-02-07T20:04:39.277294Z,,,,1,50.47813156674459,46.06254008881263,3987.0,3016.0,Green Laser,manual
61962,101355,341,t,f,t,98759,10,55672,62,f,5.134,2025-02-11T20:08:58.124382Z,,,,1,45.49239099864856,30.32928942807625,3987.0,3016.0,Red Laser,manual
49534,102835,347,t,f,t,98956,10,17910,40,f,16.767,2024-12-19T21:41:40.400273Z,,,,1,50.25755812210602,44.76474960906607,3987.0,3016.0,Green Laser,manual
49614,102960,347,t,f,t,99080,10,35901,33,f,8.121,2025-01-23T23:41:36.470660Z,,,,1,48.61783196030944,38.3182256139883,3987.0,3016.0,Green Laser,manual
49415,101361,341,t,f,t,98767,10,62470,23,f,7.461,2025-02-22T10:29:21.163087Z,,,,1,46.4669130966434,34.50779844382681,3987.0,3016.0,Red Laser,manual
49604,102952,347,t,f,t,99070,10,19872,10,f,21.784,2025-01-03T18:29:47.279843Z,,,,1,48.94049707250717,39.68932445370123,3987.0,3016.0,Green Laser,manual
60159,129188,466,t,f,t,159908,42,98880,62,f,9.486,2025-06-13T17:33:09.092878Z,,,,1,53.23257798617036,50.550442242567925,4014.0,3016.0,Green Laser,manual
49355,101295,341,t,f,t,98698,10,18311,8,f,4.231,2024-12-20T17:17:25.028954Z,,,,1,47.29941085860919,37.380570013520384,3987.0,3016.0,Red Laser,manual
49621,102968,347,t,f,t,99090,10,68485,33,f,7.198,2025-03-07T18:36:38.491761Z,,,,1,48.78884569458888,39.02494199884828,3987.0,3016.0,Green Laser,manual
61374,101427,341,t,f,t,98832,10,26548,54,f,18.998,2025-01-17T14:37:52.725406Z,,,,1,45.29985070257919,29.2945092928246,3987.0,3016.0,Red Laser,manual
49480,102740,347,t,f,t,98861,10,32968,62,f,6.819,2025-01-22T16:34:51.984552Z,,,,1,49.69067323275992,41.666968280865866,3987.0,3016.0,Green Laser,manual
49487,102751,347,t,f,t,98874,10,62927,46,f,18.54,2025-02-24T16:01:26.316059Z,,,,1,50.51855087318559,45.53419852770611,3987.0,3016.0,Green Laser,manual
43183,78780,279,t,f,t,84557,10,14154,33,f,9.478,2024-12-12T18:20:35.747536Z,,,,1,49.29254420738465,44.03683079689989,3987.0,3016.0,Red Laser,manual
49590,102920,347,t,f,t,99041,10,44505,20,f,12.102,2025-01-31T14:24:48.664953Z,,,,1,49.59868466118267,42.19428398983263,3987.0,3016.0,Green Laser,manual
49624,102976,347,t,f,t,99093,10,21102,7,f,19.069,2025-01-07T20:23:46.626524Z,,,,1,48.85518977875344,39.27892817150289,3987.0,3016.0,Green Laser,manual
49637,102992,347,t,f,t,99112,10,38920,53,f,13.841,2025-01-27T23:06:53.311682Z,,,,1,50.42368392687684,45.70865671257013,3987.0,3016.0,Green Laser,manual
49569,102888,347,t,f,t,99010,10,21664,32,f,16.568,2025-01-08T15:52:23.126224Z,,,,1,48.51993905964072,37.77966736379947,3987.0,3016.0,Green Laser,manual
49657,103028,347,t,f,t,99147,10,61972,76,f,27.731,2025-02-20T14:44:36.013118Z,,,,1,47.45154144715835,33.37378705347695,3987.0,3016.0,Green Laser,manual
49551,102871,347,t,f,t,98989,10,59375,55,f,12.699,2025-02-16T11:48:03.410230Z,,,,1,47.89070692953474,35.06568810412709,3987.0,3016.0,Green Laser,manual
49481,102742,347,t,t,t,98862,10,47072,25,f,57.159,2025-02-03T19:09:33.838411Z,,,,1,50.20154011433968,44.1829937172686,3987.0,3016.0,Green Laser,manual
49379,101319,341,t,f,t,98722,10,79230,55,f,7.511,2025-03-28T15:21:59.930704Z,,,,1,47.10743797181809,36.76232713057357,3987.0,3016.0,Red Laser,manual
49382,101322,341,t,f,t,98725,10,21463,33,f,7.79,2025-01-07T23:35:23.050449Z,,,,1,47.14786802309435,36.77905512575485,3987.0,3016.0,Red Laser,manual
49580,102912,347,t,f,t,99031,10,21605,33,f,11.409,2025-01-08T03:46:09.242947Z,,,,1,49.944739317755,43.80954240505026,3987.0,3016.0,Green Laser,manual
60577,102788,347,t,f,t,98909,10,48678,46,f,12.054,2025-02-05T17:14:18.491402Z,,,,1,49.94035754403969,43.30913660192104,3987.0,3016.0,Green Laser,manual
49342,101280,341,t,f,t,98683,10,65040,33,f,12.905,2025-02-28T21:53:10.697315Z,,,,1,48.698600876460766,43.11745899733263,3987.0,3016.0,Red Laser,manual
49370,101310,341,t,f,t,98713,10,40062,33,f,6.664,2025-01-28T21:17:03.609518Z,,,,1,47.63450905321943,39.1299057697124,3987.0,3016.0,Red Laser,manual
55895,102805,347,t,f,t,98928,10,34809,72,f,21.067,2025-01-23T01:21:27.373996Z,,,,1,49.66133458061785,42.1586373050082,3987.0,3016.0,Green Laser,manual
49377,101317,341,t,f,t,98720,10,65647,46,f,14.451,2025-03-02T16:06:02.162567Z,,,,1,47.1252772705163,36.89145998816214,3987.0,3016.0,Red Laser,manual
49507,102790,347,t,f,t,98908,10,36218,46,f,44.815,2025-01-24T18:34:28.407084Z,,,,1,49.93043108908021,43.27280168795799,3987.0,3016.0,Green Laser,manual
49347,101285,341,t,f,t,98688,10,54750,78,f,23.988,2025-02-11T15:12:27.232550Z,,,,1,48.76518811994266,43.22416162919773,3987.0,3016.0,Red Laser,manual
59229,78721,279,t,t,t,116009,10,21216,46,f,13.009,2025-01-07T20:50:39.188821Z,,,,1,48.16645969225295,40.21021039649497,3987.0,3016.0,Red Laser,manual
49433,101402,341,t,f,t,98803,10,20511,46,f,25.023,2025-01-06T17:37:34.854596Z,,,,1,47.2500724141188,37.57395064007408,3987.0,3016.0,Red Laser,manual
56470,102927,347,t,f,t,99048,10,14488,32,f,12.435,2024-12-12T19:26:09.799870Z,,,,1,49.53977388538165,41.91713161193614,3987.0,3016.0,Green Laser,manual
49447,101415,341,t,f,t,98819,10,32276,59,f,47.987,2025-01-22T10:26:24.821434Z,,,,1,46.903501039183055,36.113956826552105,3987.0,3016.0,Red Laser,manual
49578,102909,347,t,f,t,99029,10,61843,33,f,6.495,2025-02-20T04:52:14.208384Z,,,,1,49.934736251202565,43.76389301283768,3987.0,3016.0,Green Laser,manual
49399,101348,341,t,t,t,98750,10,32202,23,f,11.076,2025-01-22T08:14:45.794202Z,,,,1,45.5259235719057,29.72943841489663,3987.0,3016.0,Red Laser,manual
49546,102864,347,t,f,t,98984,10,23894,52,f,9.948,2025-01-12T18:25:43.962746Z,,,,1,47.98506951693985,35.42411941171081,3987.0,3016.0,Green Laser,manual
49462,101434,341,t,f,t,98839,10,36081,46,f,17.818,2025-01-24T18:09:57.821809Z,,,,1,46.77800067160192,35.76735969599529,3987.0,3016.0,Red Laser,manual
49605,102950,347,t,t,t,99071,10,29591,16,f,12.594,2025-01-20T19:42:48.934340Z,,,,1,48.301370644032026,37.40181928976718,3987.0,3016.0,Green Laser,manual
49348,101286,341,t,f,t,98689,10,54569,30,f,14.783,2025-02-11T08:09:31.658516Z,,,,1,48.73783409412317,43.22279664149405,3987.0,3016.0,Red Laser,manual
49376,101316,341,t,f,t,98719,10,32091,48,f,32.903,2025-01-22T00:44:32.371351Z,,,,1,47.13972215580981,36.92464288398333,3987.0,3016.0,Red Laser,manual
59707,78805,279,t,f,t,116261,10,24407,52,f,8.436,2025-01-13T23:22:27.068089Z,,,,1,49.73290383778342,45.74891988799366,3987.0,3016.0,Red Laser,manual
49384,101327,341,t,f,t,98729,10,46749,62,f,8.381,2025-02-03T17:37:17.426917Z,,,,1,48.498674025894815,42.94453746918517,3987.0,3016.0,Red Laser,manual
49567,102887,347,t,f,t,99008,10,23166,46,f,22.322,2025-01-11T16:39:12.726951Z,,,,1,48.56078515576358,37.94743350607626,3987.0,3016.0,Green Laser,manual
58799,78738,279,t,t,t,116060,10,33018,62,f,4.861,2025-01-22T16:40:11.571857Z,,,,1,49.187841406670245,44.51510333863275,3987.0,3016.0,Red Laser,manual
49533,102831,347,t,f,t,98952,10,34477,62,f,8.872,2025-01-23T00:23:58.804048Z,,,,1,48.14307635638608,36.18563742119655,3987.0,3016.0,Green Laser,manual
49625,102972,347,t,f,t,99094,10,26395,55,f,35.65,2025-01-16T18:36:13.591599Z,,,,1,48.92846293668941,39.46926230624041,3987.0,3016.0,Green Laser,manual
49601,102944,347,t,f,t,99066,10,57135,46,f,14.837,2025-02-13T16:08:06.802327Z,,,,1,49.96683586433868,43.783783880274335,3987.0,3016.0,Green Laser,manual
49463,101440,341,t,f,t,98841,10,53799,78,f,28.045,2025-02-10T16:38:05.543869Z,,,,1,47.92434722962572,40.59840171349744,3987.0,3016.0,Red Laser,manual
43077,78713,279,t,f,t,84353,10,33563,62,f,7.834,2025-01-22T17:35:44.518078Z,,,,1,49.31268400513625,43.5390619087088,3987.0,3016.0,Red Laser,manual
49579,102910,347,t,f,t,99030,10,62369,33,f,7.191,2025-02-21T19:19:08.789944Z,,,,1,49.936326334475176,43.77374179500799,3987.0,3016.0,Green Laser,manual
58821,78758,279,t,t,t,116123,10,57059,62,f,4.909,2025-02-13T15:12:06.386659Z,,,,1,49.29434874781515,45.233968804159446,3987.0,3016.0,Red Laser,manual
49566,102885,347,t,f,t,99007,10,13266,27,f,8.486,2024-12-10T22:23:25.827815Z,,,,1,49.71808007377711,42.68797204621458,3987.0,3016.0,Green Laser,manual
49607,102955,347,t,f,t,99073,10,41147,20,f,18.84,2025-01-29T14:55:00.348643Z,,,,1,48.26300476574652,37.0232372190434,3987.0,3016.0,Green Laser,manual
49372,101312,341,t,f,t,98715,10,28374,62,f,10.343,2025-01-18T18:58:04.939515Z,,,,1,47.23167656055804,37.06324071687295,3987.0,3016.0,Red Laser,manual
43151,78764,279,t,t,t,84509,10,53812,59,f,136.316,2025-02-10T16:44:08.030865Z,,,,1,49.36495710182178,44.85789368631593,3987.0,3016.0,Red Laser,manual
49512,102804,347,t,t,t,98923,10,50329,62,f,7.61,2025-02-07T17:27:05.050865Z,,,,1,49.86796193384718,42.576436426703815,3987.0,3016.0,Green Laser,manual
49492,102765,347,t,t,t,98886,10,64379,55,f,19.248,2025-02-26T17:08:41.655063Z,,,,1,50.34966547138227,44.86836274265716,3987.0,3016.0,Green Laser,manual
49583,102913,347,t,f,t,99034,10,46575,62,f,5.275,2025-02-03T16:45:47.036721Z,,,,1,50.04923847494906,44.234404536862,3987.0,3016.0,Green Laser,manual
43223,78808,279,t,t,t,84641,10,65650,46,f,35.927,2025-03-02T16:07:03.820135Z,,,,1,48.35221874930343,40.74475116629486,3987.0,3016.0,Green Laser,manual
43148,78762,279,t,t,t,84506,10,27939,46,f,15.355,2025-01-18T17:22:11.252175Z,,,,1,49.32981722720082,44.81607969799051,3987.0,3016.0,Red Laser,manual
49602,102946,347,t,f,t,99068,10,69497,55,f,20.393,2025-03-10T17:48:46.662474Z,,,,1,49.93817437014638,43.659785016988806,3987.0,3016.0,Green Laser,manual
49364,101304,341,t,f,t,98707,10,43994,62,f,5.767,2025-01-30T21:36:16.241890Z,,,,1,47.61979513930404,39.30959067079631,3987.0,3016.0,Red Laser,manual
49501,102775,347,t,t,t,98898,10,22311,40,f,10.839,2025-01-09T22:56:43.780736Z,,,,1,50.58129673851609,45.75456499148195,3987.0,3016.0,Green Laser,manual
43048,78691,279,t,t,t,84284,10,44030,62,f,8.884,2025-01-30T21:41:47.648359Z,,,,1,50.02968710311693,20.03179650238474,3987.0,3016.0,Green Laser,manual
49404,101354,341,t,f,t,98755,10,20160,34,f,25.98,2025-01-04T16:52:14.612509Z,,,,2,45.27987233198714,28.94489786164809,3987.0,3016.0,Red Laser,manual
49349,101287,341,t,f,t,98690,10,46095,46,f,14.156,2025-02-02T19:21:37.886955Z,,,,1,48.73180059722685,43.19795600372039,3987.0,3016.0,Red Laser,manual
58825,78761,279,t,t,t,116129,10,29600,55,f,23.27,2025-01-20T20:21:18.400799Z,,,,1,49.29897050421364,44.866665562926464,3987.0,3016.0,Red Laser,manual
49466,101441,341,t,f,t,98844,10,20327,16,f,23.051,2025-01-06T01:49:18.737227Z,,,,1,46.83281236783575,35.89394674769807,3987.0,3016.0,Red Laser,manual
61963,102753,347,t,f,t,98876,10,67232,46,f,15.476,2025-03-05T15:53:16.544547Z,,,,1,50.53514090492013,45.5933617267452,3987.0,3016.0,Green Laser,manual
49454,101429,341,t,f,t,98830,10,37480,46,f,16.027,2025-01-26T16:41:49.347631Z,,,,1,45.43971890916934,30.241278684105176,3987.0,3016.0,Red Laser,manual
49598,102938,347,t,f,t,99057,10,64988,33,f,13.3,2025-02-28T18:12:15.051946Z,,,,1,50.22444041722633,44.841219625054975,3987.0,3016.0,Green Laser,manual
43039,78683,279,t,t,t,84263,10,65884,32,f,23.149,2025-03-03T15:39:47.788633Z,,,,1,49.99938439945975,46.151074764314416,3987.0,3016.0,Red Laser,manual
49645,103000,347,t,f,t,99122,10,38455,33,f,16.955,2025-01-27T21:55:58.420805Z,,,,1,49.92264039270786,43.71381931160487,3987.0,3016.0,Green Laser,manual
61964,102806,347,t,f,t,98927,10,26292,57,f,15.588,2025-01-16T04:30:26.469542Z,,,,1,49.67297349349938,42.24249179157358,3987.0,3016.0,Green Laser,manual
49489,102758,347,t,t,t,98878,10,62957,46,f,25.618,2025-02-24T16:10:23.504222Z,,,,1,52.28607916799316,45.12037291000826,3987.0,3016.0,Green Laser,manual
49490,102763,347,t,t,t,98884,10,31343,62,f,9.29,2025-01-21T19:33:36.449673Z,,,,1,50.3194648674012,44.542888871415336,3987.0,3016.0,Green Laser,manual
43068,78707,279,t,t,t,84338,10,61405,29,f,7.399,2025-02-19T17:53:10.102077Z,,,,1,48.42840512223516,38.78129216935366,3987.0,3016.0,Red Laser,manual
49341,101279,341,t,f,t,98682,10,37247,46,f,14.708,2025-01-26T15:54:03.280212Z,,,,1,48.70098943596355,43.333725344963504,3987.0,3016.0,Red Laser,manual
68826,102749,347,t,t,t,222981,60,120570,26,f,15.429,2025-10-29T17:22:53.170828Z,20197.0,,,1,47.91275504306991,45.7139369822328,4014.0,3016.0,Green Laser,prediction
49560,102878,347,t,f,t,99001,10,66044,47,f,37.513,2025-03-03T22:48:05.564205Z,,,,1,49.727458822431394,42.72175821055057,3987.0,3016.0,Green Laser,manual
23849,129192,466,t,f,t,155473,42,84208,55,f,12.523,2025-04-16T10:31:36.223661Z,,,,1,52.67379538535105,48.28817549597522,4014.0,3016.0,Green Laser,manual
69271,102575,349,t,t,t,222831,59,120156,10,f,19.385,2025-10-27T23:50:42.667006Z,20169.0,,,1,53.064275037369214,52.851458885941646,4014.0,3016.0,Green Laser,prediction
43138,78757,279,t,t,t,84482,10,60900,78,f,25.525,2025-02-18T22:09:34.099283Z,,,,1,49.09529202834928,44.186825679441455,3987.0,3016.0,Red Laser,manual
49664,103048,347,t,f,t,99169,10,70780,89,f,7.637,2025-03-13T00:39:24.707154Z,,,,1,49.62109824394311,42.55351008061954,3987.0,3016.0,Green Laser,manual
49568,102889,347,t,f,t,99009,10,34234,62,f,5.568,2025-01-22T22:26:03.213637Z,,,,1,48.63364575715692,38.099007974699525,3987.0,3016.0,Green Laser,manual
49643,103001,347,t,f,t,99120,10,71381,89,f,6.414,2025-03-13T01:02:19.417354Z,,,,1,49.98065720863219,43.9226368709481,3987.0,3016.0,Green Laser,manual
49394,101340,341,t,f,t,98745,10,53773,78,f,23.439,2025-02-10T16:25:38.214892Z,,,,1,45.38237287011303,29.45406355137673,3987.0,3016.0,Red Laser,manual
49323,101261,341,t,f,t,98664,10,29315,23,f,15.888,2025-01-20T09:23:39.175778Z,,,,1,47.783091870919726,39.29239253865759,3987.0,3016.0,Red Laser,manual
49439,101406,341,t,f,t,98809,10,38892,62,f,6.29,2025-01-27T23:01:57.723179Z,,,,1,47.334202555225794,37.89430847975636,3987.0,3016.0,Red Laser,manual
49616,102963,347,t,f,t,99082,10,27808,59,f,15.318,2025-01-18T10:44:44.152768Z,,,,1,49.34551913513483,41.37674984120368,3987.0,3016.0,Green Laser,manual
49380,101320,341,t,f,t,98723,10,79382,55,f,16.545,2025-03-28T15:43:17.691414Z,,,,1,47.08542867378198,36.7468216030564,3987.0,3016.0,Red Laser,manual
49600,102943,347,t,f,t,99065,10,18787,37,f,20.594,2024-12-24T02:47:19.848765Z,,,,1,50.00049999187212,43.90350990534687,3987.0,3016.0,Green Laser,manual
49511,102798,347,t,f,t,98918,10,37648,34,f,40.596,2025-01-26T18:11:17.897734Z,,,,1,50.30742289278736,44.95663119590803,3987.0,3016.0,Green Laser,manual
59374,78766,279,t,f,t,116141,10,66599,46,f,13.435,2025-03-04T16:33:00.140630Z,,,,1,49.02023127948492,42.52384052940965,3987.0,3016.0,Red Laser,manual
61818,101375,341,t,f,t,98777,10,38274,55,f,28.828,2025-01-27T17:24:18.857841Z,,,,1,46.02231360012401,32.31372155353077,3987.0,3016.0,Red Laser,manual
49471,101448,341,t,t,t,98850,10,58743,33,f,5.8,2025-02-14T18:30:11.108106Z,,,,1,47.482332324343886,38.92433925540098,3987.0,3016.0,Red Laser,manual
43133,78753,279,t,t,t,84476,10,45548,55,f,24.092,2025-02-01T23:28:30.246341Z,,,,1,49.10747133572232,44.16697305025652,3987.0,3016.0,Red Laser,manual
49559,102879,347,t,f,t,99000,10,68488,33,f,6.534,2025-03-07T18:37:05.339314Z,,,,1,49.767618609482575,42.8478183003058,3987.0,3016.0,Green Laser,manual
49413,101360,341,t,f,t,98765,10,46830,62,f,5.21,2025-02-03T17:47:57.886478Z,,,,1,46.542040646409255,34.81717011128776,3987.0,3016.0,Red Laser,manual
49452,101426,341,t,f,t,98828,10,48393,57,f,15.108,2025-02-05T02:25:12.805515Z,,,,1,47.57962893394346,39.176176155693824,3987.0,3016.0,Red Laser,manual
43056,78701,279,t,f,t,84317,10,9987,2,f,8.932,2024-11-21T05:59:26.208973Z,,,,1,47.84667439020182,36.676367491371096,3987.0,3016.0,Red Laser,manual
49437,101401,341,t,f,t,98807,10,51767,33,f,6.889,2025-02-07T23:01:20.077652Z,,,,1,47.21720864721248,37.29994876513062,3987.0,3016.0,Red Laser,manual
49561,102881,347,t,f,t,99002,10,45477,55,f,22.44,2025-02-01T22:08:58.447362Z,,,,1,49.72633231581544,42.726601187160334,3987.0,3016.0,Green Laser,manual
49651,103016,347,t,f,t,99136,10,47787,55,f,20.418,2025-02-04T17:51:53.936085Z,,,,1,50.3465368119131,45.44971428723197,3987.0,3016.0,Green Laser,manual
49638,102993,347,t,f,t,99113,10,15519,32,f,12.007,2024-12-13T19:49:00.456011Z,,,,1,50.40911881190555,45.68009256468324,3987.0,3016.0,Green Laser,manual
68192,103061,347,t,f,t,196137,43,89814,128,f,68.256,2025-05-15T01:12:01.089209Z,,,,0,,,,,,
24042,129210,466,t,f,t,159958,42,84318,55,f,9.872,2025-04-16T11:00:44.383594Z,,,,1,53.301572054135015,50.9385874172535,4014.0,3016.0,Green Laser,manual
49412,101363,341,t,f,t,98764,10,58407,49,f,17.451,2025-02-13T21:03:11.280395Z,,,,1,46.54570468789708,34.907772653253964,3987.0,3016.0,Red Laser,manual
49537,102849,347,t,f,t,98968,10,45027,46,f,24.183,2025-01-31T19:34:55.557742Z,,,,1,50.39219007190764,45.40339436093595,3987.0,3016.0,Green Laser,manual
23709,129307,465,t,f,t,154339,42,87001,46,f,14.857,2025-05-02T16:02:45.020987Z,,,,1,48.53542892117465,40.15027406578632,4014.0,3016.0,Green Laser,manual
43189,78785,279,t,f,t,84572,10,54107,55,f,31.849,2025-02-10T18:40:40.949911Z,,,,1,49.40647964636025,44.4270073147809,3987.0,3016.0,Red Laser,manual
49435,101400,341,t,f,t,98805,10,49390,62,f,5.222,2025-02-05T20:49:23.231803Z,,,,1,47.26362267193498,37.36089030206677,3987.0,3016.0,Red Laser,manual
49338,101276,341,t,f,t,98679,10,26753,20,f,22.168,2025-01-17T17:11:22.971086Z,,,,1,48.72956254631547,43.303927943663176,3987.0,3016.0,Red Laser,manual
49571,102901,347,t,f,t,99022,10,26103,57,f,14.9,2025-01-16T01:13:28.328043Z,,,,1,49.60835181530132,42.23120189474609,3987.0,3016.0,Green Laser,manual
43139,78754,279,t,t,t,84485,10,17772,32,f,15.313,2024-12-19T19:49:55.271429Z,,,,1,49.05693435755892,44.07116869217344,3987.0,3016.0,Red Laser,manual
49325,101263,341,t,f,t,98666,10,32678,20,f,12.849,2025-01-22T15:55:21.680685Z,,,,1,47.73927415240679,39.06003695114823,3987.0,3016.0,Red Laser,manual
49401,101346,341,t,f,t,98752,10,41739,33,f,54.905,2025-01-29T19:40:36.490311Z,,,,1,45.38519400701061,29.53814810840073,3987.0,3016.0,Red Laser,manual
63012,129300,465,t,f,t,154889,42,112014,55,f,17.796,2025-08-22T07:02:09.933229Z,,,,1,48.99085495863526,41.93946043902316,4014.0,3016.0,Green Laser,manual
49581,102911,347,t,f,t,99032,10,59464,55,f,17.92,2025-02-16T12:32:16.418240Z,,,,1,49.94905975805059,43.85033561984872,3987.0,3016.0,Green Laser,manual
43162,78769,279,t,t,t,84524,10,57417,62,f,11.518,2025-02-13T16:50:01.549457Z,,,,1,49.032144765114005,41.59445407279029,3987.0,3016.0,Red Laser,manual
49594,102923,347,t,f,t,99046,10,55760,33,f,7.081,2025-02-11T20:20:58.625328Z,,,,1,49.52312352581803,41.89055424129198,3987.0,3016.0,Green Laser,manual
43144,78760,279,t,t,t,84497,10,60740,33,f,7.365,2025-02-18T18:20:22.968078Z,,,,1,49.32593778047009,45.00529674530826,3987.0,3016.0,Red Laser,manual
59551,78790,279,t,f,t,116219,10,16792,34,f,18.663,2024-12-17T00:05:20.100825Z,,,,1,49.06775879566626,42.64267993586231,3987.0,3016.0,Red Laser,manual
49585,102915,347,t,f,t,99036,10,64839,33,f,6.093,2025-02-27T19:21:51.482187Z,,,,1,49.72741160728698,42.79942244696945,3987.0,3016.0,Green Laser,manual
49544,102857,347,t,f,t,98982,10,28437,62,f,7.459,2025-01-18T19:08:50.600545Z,,,,1,47.98332883430943,35.52859618717504,3987.0,3016.0,Green Laser,manual
49455,101430,341,t,f,t,98831,10,47786,55,f,21.026,2025-02-04T17:51:32.310082Z,,,,1,45.35611861494076,29.5773612193655,3987.0,3016.0,Red Laser,manual
43096,78723,279,t,t,t,84392,10,41291,20,f,16.85,2025-01-29T15:42:05.194169Z,,,,1,48.13836380147363,39.826776668765945,3987.0,3016.0,Red Laser,manual
49391,101339,341,t,f,t,98742,10,21330,46,f,33.002,2025-01-07T21:14:39.236737Z,,,,1,45.51916410071129,29.982437621677526,3987.0,3016.0,Red Laser,manual
43196,78788,279,t,f,t,84581,10,43860,62,f,7.043,2025-01-30T20:59:35.048498Z,,,,1,49.502696868908345,44.89999404784116,3987.0,3016.0,Red Laser,manual
60226,129415,471,t,f,t,154589,42,88149,33,f,9.305,2025-05-08T23:11:07.587853Z,,,,1,51.98484276644332,53.45833736536181,4014.0,3016.0,Green Laser,manual
49328,101266,341,t,f,t,98669,10,80923,55,f,35.351,2025-03-31T18:33:15.862137Z,,,,1,48.50750655112823,42.23073620346627,3987.0,3016.0,Red Laser,manual
65329,129342,465,t,f,t,159852,42,99568,62,f,10.181,2025-06-16T15:13:34.622416Z,,,,1,48.80750633697262,41.2801734366458,4014.0,3016.0,Green Laser,manual
59169,78699,279,t,f,t,115943,10,46471,59,f,31.898,2025-02-03T10:20:41.153959Z,,,,1,47.82406049293505,36.76155651017067,3987.0,3016.0,Red Laser,manual
59235,78727,279,t,t,t,116027,10,11894,25,f,24.015,2024-12-05T20:56:03.349991Z,,,,1,47.31774211614501,35.84930574987936,3987.0,3016.0,Red Laser,manual
55899,103004,347,t,f,t,99123,10,23657,52,f,15.734,2025-01-11T18:38:16.316118Z,,,,1,49.89903717987422,43.58558240055101,3987.0,3016.0,Green Laser,manual
49459,101432,341,t,f,t,98836,10,38751,53,f,10.924,2025-01-27T22:46:30.588131Z,,,,1,45.69452433014528,30.65021180996682,3987.0,3016.0,Red Laser,manual
49500,102777,347,t,t,t,98897,10,27026,33,f,12.553,2025-01-17T21:10:01.738806Z,,,,1,50.57372497259407,45.747915908175,3987.0,3016.0,Green Laser,manual
60775,129203,466,t,f,t,160479,42,99760,62,f,15.836,2025-06-16T15:55:31.364392Z,,,,1,52.50719739283466,47.798845160102246,4014.0,3016.0,Green Laser,manual
49562,102883,347,t,f,t,99003,10,25273,53,f,14.45,2025-01-15T01:41:42.255372Z,,,,1,49.72855511249229,42.67961234165537,3987.0,3016.0,Green Laser,manual
68841,129258,465,t,t,t,223296,61,124845,10,f,12.209,2025-11-11T22:27:36.896518Z,20392.0,,,1,48.50523168908819,39.58885941644562,4014.0,3016.0,Green Laser,prediction
43132,78752,279,t,t,t,84473,10,55475,55,f,80.146,2025-02-11T17:47:44.376429Z,,,,1,49.66612538449413,46.44856362385201,3987.0,3016.0,Red Laser,manual
49593,102922,347,t,f,t,99045,10,53560,53,f,25.719,2025-02-09T23:26:29.118586Z,,,,1,49.51380172875557,41.92256394116173,3987.0,3016.0,Green Laser,manual
49497,102774,347,t,t,t,98894,10,41488,46,f,20.563,2025-01-29T17:37:58.860937Z,,,,1,50.5814386679003,45.75657055168057,3987.0,3016.0,Green Laser,manual
49538,102847,347,t,f,t,98969,10,55458,62,f,11.618,2025-02-11T17:45:36.913667Z,,,,1,50.43194337626981,45.3739664636635,3987.0,3016.0,Green Laser,manual
49613,102961,347,t,f,t,99079,10,48267,62,f,4.252,2025-02-04T21:43:53.227814Z,,,,1,48.58652305206547,37.83783783783784,3987.0,3016.0,Green Laser,manual
49644,103002,347,t,f,t,99121,10,40591,55,f,35.654,2025-01-28T23:24:05.689293Z,,,,1,49.954585356272375,43.80475760912088,3987.0,3016.0,Green Laser,manual
68294,129253,466,t,t,t,223537,62,124452,10,f,13.344,2025-11-11T20:58:13.598245Z,20580.0,,,1,51.59441953163926,51.59151193633952,4014.0,3016.0,Green Laser,prediction
1849,129414,471,t,f,t,159617,42,100777,46,f,24.567,2025-06-21T14:50:52.022395Z,,,,1,52.02617361976931,53.6584181526104,4014.0,3016.0,Green Laser,manual
49476,102736,347,t,f,t,98857,10,33652,46,f,16.072,2025-01-22T18:24:26.898465Z,,,,1,49.45975659892908,41.2264222382424,3987.0,3016.0,Green Laser,manual
43095,78722,279,t,t,t,84386,10,42706,62,f,12.268,2025-01-30T18:16:38.630054Z,,,,1,48.19026676016525,39.88657844990548,3987.0,3016.0,Red Laser,manual
49553,102868,347,t,f,t,98991,10,24712,29,f,20.159,2025-01-14T02:30:45.922092Z,,,,2,47.84633294528521,34.78004773918226,3987.0,3016.0,Green Laser,manual
49548,102865,347,t,f,t,98986,10,67982,47,f,13.737,2025-03-06T15:55:06.746481Z,,,,1,47.93153347485373,35.340208529878154,3987.0,3016.0,Green Laser,manual
49630,102980,347,t,f,t,99101,10,36989,55,f,43.526,2025-01-25T19:18:10.905569Z,,,,1,49.43541454589971,41.72924488339911,3987.0,3016.0,Green Laser,manual
49516,102808,347,t,f,t,98929,10,68442,33,f,6.69,2025-03-07T18:30:25.438991Z,,,,1,50.02161839782959,43.70122140073193,3987.0,3016.0,Green Laser,manual
49577,102907,347,t,f,t,99028,10,23238,46,f,18.886,2025-01-11T16:48:56.808775Z,,,,1,49.946347765028456,43.82926567958557,3987.0,3016.0,Green Laser,manual
49411,101364,341,t,t,t,98763,10,65817,46,f,15.321,2025-03-02T16:52:25.625500Z,,,,1,46.57450578944171,35.08030709079503,3987.0,3016.0,Red Laser,manual
49557,102876,347,t,f,t,98997,10,25478,55,f,33.536,2025-01-15T08:52:31.698084Z,,,,1,49.8237512518841,43.02388937339915,3987.0,3016.0,Green Laser,manual
49652,103017,347,t,f,t,99137,10,23746,33,f,14.718,2025-01-12T17:25:09.984672Z,,,,1,50.32248100307554,45.33706504965506,3987.0,3016.0,Green Laser,manual
43114,78739,279,t,t,t,84434,10,58827,33,f,7.989,2025-02-14T21:58:31.151044Z,,,,1,49.14707655463933,44.24218039333778,3987.0,3016.0,Red Laser,manual
49333,101271,341,t,f,t,98674,10,52484,55,f,18.635,2025-02-09T12:26:39.563046Z,,,,1,48.474040961496,42.36306968541611,3987.0,3016.0,Red Laser,manual
43097,78726,279,t,t,t,84395,10,64281,76,f,9.023,2025-02-26T16:53:45.354700Z,,,,1,48.53690450811147,41.58266930294804,3987.0,3016.0,Red Laser,manual
49387,101335,341,t,f,t,98738,10,40389,55,f,17.83,2025-01-28T22:31:26.718691Z,,,,1,48.4919847946124,42.63793673482631,3987.0,3016.0,Red Laser,manual
49515,102807,347,t,f,t,98926,10,47920,55,f,23.628,2025-02-04T18:28:11.694087Z,,,,1,49.71429967441333,42.36098305370213,3987.0,3016.0,Green Laser,manual
49573,102903,347,t,f,t,99024,10,44626,20,f,6.459,2025-01-31T15:48:29.931754Z,,,,1,49.49479117134714,41.76386271178302,3987.0,3016.0,Green Laser,manual
61081,129447,471,t,t,t,154623,42,98803,62,f,12.391,2025-06-13T16:11:21.067890Z,,,,1,51.433310340720894,51.58877918933478,4014.0,3016.0,Green Laser,manual
43198,78789,279,t,f,t,84584,10,61164,76,f,42.525,2025-02-19T15:26:33.693178Z,,,,1,49.07311748409621,42.61539335307834,3987.0,3016.0,Red Laser,manual
69216,129157,466,t,t,t,223441,62,122106,10,f,28.942,2025-11-07T01:45:52.275365Z,20497.0,,,1,51.873709056554375,49.93847084759822,4014.0,3016.0,Green Laser,prediction-changed
49362,101302,341,t,f,t,98705,10,26868,20,f,13.131,2025-01-17T17:39:09.382950Z,,,,1,47.71835504598222,39.608756976073686,3987.0,3016.0,Red Laser,manual
49407,101356,341,t,f,t,98758,10,35945,59,f,16.825,2025-01-24T14:18:03.968593Z,,,,1,45.44062603198029,29.932416538872147,3987.0,3016.0,Red Laser,manual
25485,129280,465,t,f,t,159850,42,103582,46,f,17.532,2025-06-29T13:51:06.385062Z,,,,1,49.14035071258389,42.556901381143,4014.0,3016.0,Green Laser,manual
49479,102739,347,t,f,t,98860,10,45851,46,f,33.904,2025-02-02T18:13:53.781770Z,,,,1,49.58018504448172,41.60504967438101,3987.0,3016.0,Green Laser,manual
68232,129235,466,t,t,t,223519,62,122958,10,f,25.43,2025-11-08T03:32:45.351808Z,20562.0,,,1,50.99651220727453,49.3368700265252,4014.0,3016.0,Green Laser,prediction
68533,129225,466,t,t,t,223509,62,122946,10,f,25.505,2025-11-08T03:28:08.242860Z,20554.0,,,1,50.90800582345714,48.94771676155325,4014.0,3016.0,Green Laser,prediction-changed
65333,129185,466,t,f,t,160385,42,84765,46,f,17.92,2025-04-18T15:27:57.013066Z,,,,1,53.5348763706631,51.643168383726376,4014.0,3016.0,Green Laser,manual
68544,129250,466,t,t,t,223534,62,124437,10,f,25.223,2025-11-11T20:57:11.796167Z,20577.0,,,1,51.54459392127554,51.160477453580896,4014.0,3016.0,Green Laser,prediction
49641,102997,347,t,f,t,99116,10,14031,32,f,14.174,2024-12-12T16:23:49.184120Z,,,,1,50.39326796691546,45.61317489356818,3987.0,3016.0,Green Laser,manual
43193,78787,279,t,f,t,84578,10,12975,19,f,12.665,2024-12-09T15:58:50.073514Z,,,,1,49.753455715204026,45.90106998884824,3987.0,3016.0,Red Laser,manual
61175,129193,466,t,f,t,155462,42,85062,33,f,5.69,2025-04-21T16:50:57.867019Z,,,,1,52.65508887145754,48.28679406779512,4014.0,3016.0,Green Laser,manual
49541,102860,347,t,f,t,98978,10,23737,33,f,7.714,2025-01-12T17:20:14.112608Z,,,,1,47.94861502998064,35.390497501227145,3987.0,3016.0,Green Laser,manual
49531,102829,347,t,f,t,98950,10,32029,48,f,19.075,2025-01-22T00:26:54.327524Z,,,,1,48.18049536201816,36.25435525611469,3987.0,3016.0,Green Laser,manual
24875,129296,465,t,f,t,159660,42,86067,46,f,25.455,2025-04-24T19:18:42.667678Z,,,,1,49.06843050593866,42.39890538512905,4014.0,3016.0,Green Laser,manual
59181,78708,279,t,f,t,115970,10,21700,46,f,19.571,2025-01-08T16:36:05.959709Z,,,,1,48.25607273071376,38.54385760066355,3987.0,3016.0,Red Laser,manual
59379,78772,279,t,f,t,116159,10,65745,46,f,12.991,2025-03-02T16:32:17.765087Z,,,,1,48.785810375658365,41.2455334696714,3987.0,3016.0,Red Laser,manual
49525,102821,347,t,f,t,98942,10,44743,20,f,24.16,2025-01-31T16:21:10.473578Z,,,,1,50.46172481386256,45.54734757658692,3987.0,3016.0,Green Laser,manual
63488,129299,465,t,f,t,159854,42,99791,62,f,28.286,2025-06-16T16:05:18.621817Z,,,,1,48.988562119562445,41.87839575995757,4014.0,3016.0,Green Laser,manual
49610,102953,347,t,f,t,99076,10,44785,20,f,6.996,2025-01-31T16:31:17.549126Z,,,,1,48.36431877097521,37.32615268804971,3987.0,3016.0,Green Laser,manual
49597,102929,347,t,f,t,99050,10,34092,53,f,19.378,2025-01-22T21:59:09.837847Z,,,,1,49.55145329603409,42.06194084193148,3987.0,3016.0,Green Laser,manual
59353,129162,466,t,t,t,160541,42,99735,62,f,9.395,2025-06-16T15:49:34.603289Z,,,,1,52.38064923962198,47.904800954394695,4014.0,3016.0,Green Laser,manual
49582,102908,347,t,f,t,99033,10,64581,33,f,6.895,2025-02-26T17:54:59.245930Z,,,,1,49.96641521388378,43.83552627673389,3987.0,3016.0,Green Laser,manual
55897,102926,347,t,f,t,99044,10,42140,33,f,15.537,2025-01-30T03:10:01.303690Z,,,,1,49.55267350784344,41.99555869238797,3987.0,3016.0,Green Laser,manual
43063,78705,279,t,f,t,84332,10,50916,59,f,28.386,2025-02-07T18:37:44.603621Z,,,,1,47.859588019773696,36.8972952076284,3987.0,3016.0,Red Laser,manual
49502,102778,347,t,t,t,98899,10,77095,55,f,253.333,2025-03-20T12:32:53.659278Z,,,,1,50.60091268347173,45.93722989061727,3987.0,3016.0,Green Laser,manual
49591,102918,347,t,f,t,99042,10,12759,20,f,24.883,2024-12-06T17:27:16.250835Z,,,,1,49.410591952608215,41.46184021239833,3987.0,3016.0,Green Laser,manual
49570,102890,347,t,f,t,99011,10,48583,46,f,16.52,2025-02-05T16:58:25.014184Z,,,,1,48.53731489862002,37.695524653381405,3987.0,3016.0,Green Laser,manual
49441,101409,341,t,t,t,98812,10,50960,62,f,10.736,2025-02-07T18:42:31.092530Z,,,,1,45.82729819801345,31.031913753793443,3987.0,3016.0,Red Laser,manual
43176,78777,279,t,t,t,84548,10,17151,36,f,20.763,2024-12-18T00:04:01.983671Z,,,,1,49.57142857142857,44.1908866995074,3987.0,3016.0,Red Laser,manual
43142,78759,279,t,t,t,84491,10,46981,76,f,15.545,2025-02-03T18:43:56.335549Z,,,,1,49.342525029290975,45.08251622241637,3987.0,3016.0,Red Laser,manual
58794,78733,279,t,t,t,116045,10,17198,36,f,12.931,2024-12-18T00:25:06.361314Z,,,,1,49.142857142857146,43.81318681318682,3987.0,3016.0,Red Laser,manual
49608,102956,347,t,t,t,99074,10,49303,62,f,5.257,2025-02-05T20:38:54.251921Z,,,,1,48.22573203930261,37.20190779014308,3987.0,3016.0,Green Laser,manual
738,129266,465,t,f,t,154890,42,98985,33,f,30.727,2025-06-13T19:10:20.154692Z,,,,1,49.10240263912402,42.4943397005383,4014.0,3016.0,Green Laser,manual
43060,78704,279,t,f,t,84326,10,36239,46,f,13.947,2025-01-24T18:38:04.308327Z,,,,1,47.85388898735529,36.68373500048497,3987.0,3016.0,Red Laser,manual
43171,78771,279,t,f,t,84536,10,11011,11,f,14.767,2024-11-25T19:41:42.156870Z,,,,1,48.79068610924142,41.17074147702817,3987.0,3016.0,Red Laser,manual
43079,78712,279,t,t,t,84356,10,69218,23,f,12.533,2025-03-09T08:08:07.836625Z,,,,1,49.41338439385972,43.48349895296691,3987.0,3016.0,Red Laser,manual
49340,101278,341,t,f,t,98681,10,21920,48,f,99.039,2025-01-08T21:46:32.205717Z,,,,1,48.71401997718097,43.31162771514056,3987.0,3016.0,Red Laser,manual
43107,78735,279,t,t,t,84422,10,47267,25,f,10.2,2025-02-03T19:48:38.809648Z,,,,1,49.07522058558895,44.02714846791817,3987.0,3016.0,Red Laser,manual
49633,102987,347,t,f,t,99107,10,14689,32,f,12.051,2024-12-12T20:02:15.219732Z,,,,1,50.04746388734132,44.26664264479732,3987.0,3016.0,Green Laser,manual
65694,129174,466,t,f,t,155468,42,99493,62,f,24.45,2025-06-16T15:00:24.553060Z,,,,1,53.28867887557735,50.66862583077173,4014.0,3016.0,Green Laser,manual
59592,78795,279,t,f,t,116228,10,75647,55,f,10.199,2025-03-17T18:40:47.637362Z,,,,1,49.06581205811976,42.73654262501497,3987.0,3016.0,Red Laser,manual
59232,78725,279,t,t,t,116018,10,15276,32,f,16.531,2024-12-13T14:55:52.312484Z,,,,1,48.12585516039164,39.75625703277025,3987.0,3016.0,Red Laser,manual
49365,101305,341,t,f,t,98708,10,63995,78,f,29.564,2025-02-26T02:29:50.057653Z,,,,1,47.6850678082115,39.46464152510272,3987.0,3016.0,Red Laser,manual
43102,78731,279,t,t,t,84407,10,62371,33,f,5.052,2025-02-21T19:19:20.461486Z,,,,1,48.95407889749872,43.576457977037336,3987.0,3016.0,Red Laser,manual
59174,78702,279,t,t,t,115952,10,40049,62,f,87.241,2025-01-28T21:15:25.606428Z,,,,1,47.9852046974607,36.56597774244833,3987.0,3016.0,Red Laser,manual
49470,101443,341,t,t,t,98849,10,61557,33,f,6.055,2025-02-19T19:31:09.275223Z,,,,1,47.34814817096793,38.35351296027559,3987.0,3016.0,Red Laser,manual
25884,129277,465,t,f,t,159721,42,98450,46,f,25.787,2025-06-11T15:31:11.617220Z,,,,1,49.248896682995046,43.107705466632055,4014.0,3016.0,Green Laser,manual
43155,78768,279,t,t,t,84515,10,49375,62,f,5.247,2025-02-05T20:47:44.650854Z,,,,1,49.3081050775912,42.76629570747218,3987.0,3016.0,Red Laser,manual
49520,102812,347,t,f,t,98933,10,64386,55,f,14.543,2025-02-26T17:09:43.417446Z,,,,1,49.95336673045571,43.39068401453703,3987.0,3016.0,Green Laser,manual
58798,78736,279,t,t,t,116054,10,29345,33,f,9.347,2025-01-20T15:34:03.098613Z,,,,1,49.10939334430914,44.17708197968745,3987.0,3016.0,Red Laser,manual
49609,102954,347,t,f,t,99075,10,56420,76,f,11.218,2025-02-12T15:16:24.665100Z,,,,1,48.28380658516981,37.09712277647007,3987.0,3016.0,Green Laser,manual
49345,101283,341,t,f,t,98686,10,58396,49,f,23.842,2025-02-13T20:57:18.740731Z,,,,1,48.71488504703965,43.22963969095221,3987.0,3016.0,Red Laser,manual
43061,78703,279,t,f,t,84329,10,63336,33,f,5.096,2025-02-25T18:06:56.455890Z,,,,1,47.88664101541436,36.83053260336344,3987.0,3016.0,Red Laser,manual
49584,102916,347,t,f,t,99035,10,24550,47,f,17.19,2025-01-14T00:04:57.506316Z,,,,1,49.76152051775604,42.92596286318815,3987.0,3016.0,Green Laser,manual
43117,78740,279,t,t,t,84437,10,31847,33,f,9.375,2025-01-21T23:04:09.260255Z,,,,1,49.29835197614118,44.82307415325951,3987.0,3016.0,Red Laser,manual
23741,129468,471,t,f,t,155714,42,99509,62,f,14.785,2025-06-16T15:03:08.727345Z,,,,1,51.54321121105826,51.56527021408864,4014.0,3016.0,Green Laser,manual
60273,129259,465,t,f,t,154853,42,90327,46,f,16.608,2025-05-16T13:35:23.107128Z,,,,1,48.36968642581854,39.55809224623786,4014.0,3016.0,Green Laser,manual
61163,129443,471,t,t,t,154636,42,112019,55,f,16.543,2025-08-22T07:08:02.997997Z,,,,1,51.29939631744007,51.04154267808331,4014.0,3016.0,Green Laser,manual
59998,129410,471,t,f,t,154618,42,102852,141,f,29.267,2025-06-26T23:21:06.464370Z,,,,1,52.00764284349751,53.49364209005324,4014.0,3016.0,Green Laser,manual
49549,102863,347,t,f,t,98987,10,19865,10,f,17.691,2025-01-03T18:27:53.222941Z,,,,1,47.90317115899813,35.25108149988249,3987.0,3016.0,Green Laser,manual
49390,101337,341,t,f,t,98741,10,29772,47,f,13.793,2025-01-20T23:54:28.144595Z,,,,1,47.24932132502395,37.74239267112177,3987.0,3016.0,Red Laser,manual
49639,102994,347,t,f,t,99114,10,38661,53,f,14.668,2025-01-27T22:32:18.515988Z,,,,1,50.40105144182967,45.65416496604323,3987.0,3016.0,Green Laser,manual
63799,129393,465,t,f,t,159663,42,90424,46,f,15.463,2025-05-16T14:15:39.238629Z,,,,1,48.65344026187987,40.86002445420765,4014.0,3016.0,Green Laser,manual
49603,102947,347,t,f,t,99069,10,35659,20,f,18.524,2025-01-23T21:26:52.219006Z,,,,1,50.04106423631818,44.06461746348894,3987.0,3016.0,Green Laser,manual
49397,101345,341,t,f,t,98748,10,14903,11,f,15.392,2024-12-12T21:49:10.751506Z,,,,1,45.42095739673918,29.61914037420213,3987.0,3016.0,Red Laser,manual
49595,102924,347,t,f,t,99047,10,31529,62,f,6.739,2025-01-21T19:55:27.035779Z,,,,1,49.55910912142808,42.01884118134615,3987.0,3016.0,Green Laser,manual
63239,129306,465,t,f,t,159711,42,86791,46,f,15.528,2025-04-30T15:45:56.161887Z,,,,1,48.5568953404996,40.15419395664748,4014.0,3016.0,Green Laser,manual
49665,103050,347,t,f,t,99170,10,27134,20,f,13.585,2025-01-17T21:50:07.229843Z,,,,1,49.58418805933019,42.38766131657183,3987.0,3016.0,Green Laser,manual
49596,102928,347,t,f,t,99049,10,61233,78,f,22.952,2025-02-19T15:54:11.197300Z,,,,1,49.53809821677633,41.92537515142601,3987.0,3016.0,Green Laser,manual
49611,102957,347,t,f,t,99077,10,46483,62,f,7.047,2025-02-03T16:29:57.552197Z,,,,1,48.466259381144525,37.36089030206677,3987.0,3016.0,Green Laser,manual
49395,101344,341,t,f,t,98746,10,11937,20,f,14.296,2024-12-05T21:00:55.564394Z,,,,1,45.29868434212081,29.424545258585063,3987.0,3016.0,Red Laser,manual
43023,78667,279,t,t,t,84218,10,65766,46,f,14.622,2025-03-02T16:39:05.182471Z,,,,1,49.57007472652381,44.416092110287664,3987.0,3016.0,Red Laser,manual
49599,102941,347,t,f,t,99064,10,31660,62,f,7.748,2025-01-21T20:11:50.372448Z,,,,1,50.01652490210557,44.10039084140025,3987.0,3016.0,Green Laser,manual
43041,78684,279,t,t,t,84266,10,58909,33,f,13.754,2025-02-14T22:18:15.825982Z,,,,1,50.01174751202064,46.19667247376312,3987.0,3016.0,Red Laser,manual
49337,101275,341,t,f,t,98678,10,12526,20,f,15.455,2024-12-06T16:19:36.074471Z,,,,1,48.74535660758757,43.28416717734498,3987.0,3016.0,Red Laser,manual
49575,102905,347,t,f,t,99026,10,26221,57,f,17.628,2025-01-16T04:00:20.739574Z,,,,1,49.989438879617175,43.88284062305348,3987.0,3016.0,Green Laser,manual
25295,129369,465,t,t,t,154944,42,90609,46,f,21.368,2025-05-17T14:28:45.368941Z,,,,1,49.18297221059964,43.27378558623135,4014.0,3016.0,Green Laser,manual
49428,101398,341,t,f,t,98798,10,38720,53,f,13.118,2025-01-27T22:39:53.594794Z,,,,1,45.80588156546174,31.34532364677028,3987.0,3016.0,Red Laser,manual
49353,101293,341,t,t,t,98696,10,30437,62,f,8.58,2025-01-21T16:03:56.809890Z,,,,1,47.62441368469784,37.67885532591415,3987.0,3016.0,Red Laser,manual
49634,102985,347,t,f,t,99108,10,71477,89,f,4.684,2025-03-13T01:06:33.252026Z,,,,1,50.07319459255413,44.285646655021566,3987.0,3016.0,Green Laser,manual
49526,102819,347,t,f,t,98943,10,65717,46,f,32.903,2025-03-02T16:24:56.247888Z,,,,1,50.48127983626178,45.669589785505735,3987.0,3016.0,Green Laser,manual
49431,101395,341,t,f,t,98801,10,29354,33,f,10.593,2025-01-20T15:36:21.216704Z,,,,1,46.47979898732901,34.41383247004465,3987.0,3016.0,Red Laser,manual
49627,102975,347,t,f,t,99096,10,51877,62,f,7.955,2025-02-08T12:33:59.608361Z,,,,1,48.99632642781192,39.99382461033447,3987.0,3016.0,Green Laser,manual
43208,78796,279,t,f,t,84605,10,61126,55,f,19.366,2025-02-19T14:51:03.099723Z,,,,1,49.06880638331183,42.701178919225526,3987.0,3016.0,Red Laser,manual
49416,101365,341,t,f,t,98768,10,46484,62,f,20.577,2025-02-03T16:30:18.530350Z,,,,1,46.88350676153513,36.13045375360712,3987.0,3016.0,Red Laser,manual
49508,102787,347,t,f,t,98910,10,54542,34,f,17.184,2025-02-11T02:12:16.445852Z,,,,1,49.92381968103512,43.223541084326456,3987.0,3016.0,Green Laser,manual
49432,101397,341,t,f,t,98802,10,37147,55,f,16.776,2025-01-26T15:13:19.494963Z,,,,1,46.07116343845124,32.49281286471986,3987.0,3016.0,Red Laser,manual
49339,101277,341,t,f,t,98680,10,44501,20,f,12.924,2025-01-31T14:23:53.200528Z,,,,1,48.73574031200004,43.31123710794527,3987.0,3016.0,Red Laser,manual
43206,78794,279,t,f,t,84602,10,11546,16,f,13.364,2024-12-04T18:12:27.666693Z,,,,1,49.018076887984165,42.58581119088187,3987.0,3016.0,Red Laser,manual
49322,101260,341,t,f,t,98663,10,77408,55,f,16.588,2025-03-21T12:30:58.084265Z,,,,1,47.81793820727594,39.42884537650432,3987.0,3016.0,Red Laser,manual
49514,102803,347,t,f,t,98925,10,37334,46,f,16.113,2025-01-26T16:08:14.998322Z,,,,1,49.68694659638904,42.410493824510375,3987.0,3016.0,Green Laser,manual
49522,102815,347,t,f,t,98935,10,38626,62,f,23.756,2025-01-27T22:29:39.557534Z,,,,1,49.91884969851617,43.28065718344581,3987.0,3016.0,Green Laser,manual
49457,101428,341,t,f,t,98834,10,16754,29,f,19.125,2024-12-16T21:40:12.913803Z,,,,1,45.40162980209546,29.85543920974052,3987.0,3016.0,Red Laser,manual
49518,102810,347,t,f,t,98931,10,55575,62,f,11.629,2025-02-11T17:59:47.328298Z,,,,1,50.06308386888517,43.78785189628858,3987.0,3016.0,Green Laser,manual
49336,101274,341,t,f,t,98677,10,50596,62,f,4.12,2025-02-07T17:58:28.070047Z,,,,1,48.58652305206547,42.60731319554849,3987.0,3016.0,Red Laser,manual
43199,78792,279,t,f,t,84587,10,44470,74,f,20.53,2025-01-31T13:05:28.657210Z,,,,1,49.06811130527681,42.62808830589388,3987.0,3016.0,Red Laser,manual
49343,101281,341,t,f,t,98684,10,67476,33,f,7.277,2025-03-05T18:28:15.609560Z,,,,1,48.73769662869209,43.120683722238695,3987.0,3016.0,Red Laser,manual
49528,102823,347,t,f,t,98945,10,30270,62,f,75.575,2025-01-21T15:39:01.069917Z,,,,1,50.52886048505197,45.77167674424482,3987.0,3016.0,Green Laser,manual
62813,129172,466,t,f,t,155439,42,91228,46,f,20.909,2025-05-20T15:50:13.222799Z,,,,1,53.34207317621914,51.15707650060099,4014.0,3016.0,Green Laser,manual
60578,102964,347,t,f,t,99086,10,63236,78,f,36.581,2025-02-25T02:37:04.433253Z,,,,1,48.74434369286661,38.8129391766695,3987.0,3016.0,Green Laser,manual
49393,101341,341,t,f,t,98744,10,45942,46,f,17.204,2025-02-02T18:41:20.484324Z,,,,1,45.529940151580526,30.28103466260798,3987.0,3016.0,Red Laser,manual
23847,129215,466,t,f,t,155460,42,103082,142,f,21.161,2025-06-26T23:51:29.730129Z,,,,1,53.27562963660488,50.88132806057315,4014.0,3016.0,Green Laser,manual
49623,102974,347,t,f,t,99092,10,52450,55,f,15.93,2025-02-09T12:04:37.781438Z,,,,1,48.82242738016937,39.17974114487064,3987.0,3016.0,Green Laser,manual
49330,101268,341,t,f,t,98671,10,36098,46,f,18.066,2025-01-24T18:14:19.258280Z,,,,1,48.49558169420824,42.28830141739158,3987.0,3016.0,Red Laser,manual
43081,78714,279,t,t,t,84362,10,23703,33,f,10.084,2025-01-12T16:23:32.107335Z,,,,1,49.397994500181895,43.44027759178375,3987.0,3016.0,Red Laser,manual
68401,101405,341,t,t,t,222745,58,120723,10,f,15.486,2025-10-29T19:05:51.118806Z,20128.0,,,1,47.0689997036141,37.492828583768535,4014.0,3016.0,Red Laser,prediction
49472,101447,341,t,f,t,98851,10,75627,55,f,9.68,2025-03-17T18:36:24.855326Z,,,,1,47.421709591712265,38.44472440671168,3987.0,3016.0,Red Laser,manual
43075,78710,279,t,t,t,84350,10,66063,47,f,12.035,2025-03-03T23:03:35.179949Z,,,,1,49.44608106117604,43.64076141000197,3987.0,3016.0,Red Laser,manual
21881,129401,471,t,f,t,155555,42,86917,46,f,28.264,2025-05-02T15:41:12.385881Z,,,,1,51.57200101655338,51.47317416307872,4014.0,3016.0,Green Laser,manual
59555,129351,465,t,f,t,159626,42,99043,62,f,9.158,2025-06-13T19:27:01.962263Z,,,,1,49.2951799681855,43.59471005637742,4014.0,3016.0,Green Laser,manual
49409,101357,341,t,f,t,98761,10,23401,46,f,29.912,2025-01-11T17:15:30.943253Z,,,,1,46.69826395384927,35.3369111457445,3987.0,3016.0,Red Laser,manual
56567,129421,471,t,f,t,154752,42,91929,46,f,23.718,2025-05-21T15:38:24.915348Z,,,,2,51.53839210152762,51.68635216651762,4014.0,3016.0,Green Laser,manual
49400,101347,341,t,f,t,98751,10,37524,46,f,20.235,2025-01-26T16:55:07.246710Z,,,,1,45.41087093239788,29.67397192249452,3987.0,3016.0,Red Laser,manual
62551,129344,465,t,f,t,159856,42,100725,46,f,22.023,2025-06-21T14:29:38.046870Z,,,,1,49.42093503360614,43.89211471395447,4014.0,3016.0,Green Laser,manual
25915,129365,465,t,t,t,159681,42,86800,46,f,21.071,2025-04-30T15:49:51.698672Z,,,,1,49.00738322654438,42.63642556064245,4014.0,3016.0,Green Laser,manual
60418,129398,471,t,f,t,155707,42,100813,46,f,14.68,2025-06-21T15:03:30.086741Z,,,,1,51.04159734199838,49.226096069196,4014.0,3016.0,Green Laser,manual
49458,101433,341,t,f,t,98835,10,43252,55,f,13.503,2025-01-30T18:52:08.982619Z,,,,1,45.469387478437326,30.06582404852193,3987.0,3016.0,Red Laser,manual
49426,101373,341,t,f,t,98779,10,36838,74,f,35.99,2025-01-25T15:16:56.062130Z,,,,1,46.62051214737455,34.742926539044404,3987.0,3016.0,Red Laser,manual
49335,101273,341,t,f,t,98676,10,40346,55,f,12.581,2025-01-28T22:10:29.954503Z,,,,1,48.46478119660284,42.34316379305925,3987.0,3016.0,Red Laser,manual
49467,101445,341,t,f,t,98846,10,68050,33,f,5.55,2025-03-06T18:50:30.874038Z,,,,1,46.67392695254296,35.42610671652217,3987.0,3016.0,Red Laser,manual
58766,78666,279,t,f,t,115844,10,65931,33,f,6.06,2025-03-03T18:37:47.887877Z,,,,1,49.42989486668367,44.43162232791688,3987.0,3016.0,Red Laser,manual
43146,78763,279,t,t,t,84503,10,39373,20,f,20.104,2025-01-28T17:06:59.976321Z,,,,1,49.346868527314,44.86265885656479,3987.0,3016.0,Red Laser,manual
68466,129163,466,t,t,t,223447,62,122111,10,f,30.334,2025-11-07T01:50:04.884371Z,20502.0,,,1,53.26357747882412,51.856763925729446,4014.0,3016.0,Green Laser,prediction
49524,102816,347,t,f,t,98937,10,39108,53,f,15.888,2025-01-27T23:31:05.227642Z,,,,1,49.84725685490009,42.98925809755384,3987.0,3016.0,Green Laser,manual
49655,103021,347,t,f,t,99141,10,35940,30,f,15.56,2025-01-24T08:51:08.086248Z,,,,1,50.32056536192757,45.22411843863674,3987.0,3016.0,Green Laser,manual
68443,129359,465,t,t,t,223397,61,126396,10,f,13.35,2025-11-14T03:06:37.857908Z,20468.0,,,1,48.20627802690583,39.22413793103448,4014.0,3016.0,Green Laser,prediction
49356,101296,341,t,f,t,98699,10,36993,55,f,14.466,2025-01-25T19:19:10.693593Z,,,,1,47.27938737943228,37.2224626085211,3987.0,3016.0,Red Laser,manual
23850,129175,466,t,f,t,155474,42,100800,46,f,18.544,2025-06-21T14:59:16.780032Z,,,,1,52.409227996522,47.18830096588748,4014.0,3016.0,Green Laser,manual
68416,129350,465,t,t,t,223388,61,126387,10,f,31.546,2025-11-14T03:01:46.780450Z,20459.0,,,1,49.252615844544096,43.53448275862069,4014.0,3016.0,Green Laser,prediction
49402,101351,341,t,f,t,98753,10,39454,76,f,17.994,2025-01-28T17:19:34.630098Z,,,,1,45.4821267266588,30.191258814429617,3987.0,3016.0,Red Laser,manual
43071,78709,279,t,t,t,84344,10,30844,62,f,9.225,2025-01-21T18:29:08.394692Z,,,,1,49.45829884658144,43.7315573904203,3987.0,3016.0,Red Laser,manual
49421,101370,341,t,f,t,98773,10,45448,55,f,107.414,2025-02-01T21:56:38.651777Z,,,,1,44.765256318072325,26.97664420058368,3987.0,3016.0,Red Laser,manual
23973,118573,424,t,t,t,197038,43,97561,46,f,31.428,2025-06-08T13:45:03.186943Z,,,,1,45.42373468391918,43.06675994555069,4014.0,3016.0,Green Laser,manual
49509,102789,347,t,f,t,98911,10,32069,48,f,26.29,2025-01-22T00:36:28.509699Z,,,,1,49.91475556650531,43.18755699907867,3987.0,3016.0,Green Laser,manual
61714,129420,471,t,f,t,154750,42,102411,46,f,14.622,2025-06-25T15:13:27.924105Z,,,,1,51.57553846560058,51.85151704794554,4014.0,3016.0,Green Laser,manual
62876,129285,465,t,f,t,154471,42,88051,46,f,14.759,2025-05-06T20:41:41.144100Z,,,,1,49.03387130640233,42.059240277341,4014.0,3016.0,Green Laser,manual
49406,101352,341,t,f,t,98757,10,50402,62,f,4.947,2025-02-07T17:36:34.973376Z,,,,1,45.45966760812067,30.047694753577108,3987.0,3016.0,Red Laser,manual
60618,129199,466,t,f,t,160328,42,84426,46,f,13.626,2025-04-16T15:23:03.807129Z,,,,1,52.80346711932103,49.044857444980586,4014.0,3016.0,Green Laser,manual
68305,103042,347,t,t,t,223274,60,121876,26,f,13.544,2025-11-06T19:48:05.038995Z,20382.0,,,1,49.485346415782026,43.42876388383367,4014.0,3016.0,Green Laser,prediction
49427,101389,341,t,f,t,98792,10,35737,33,f,21.476,2025-01-23T22:43:14.299632Z,,,,1,48.60907653104634,43.2574411264446,3987.0,3016.0,Red Laser,manual
49381,101321,341,t,f,t,98724,10,28427,62,f,6.959,2025-01-18T19:07:00.010321Z,,,,1,47.07924534650081,36.919759650287645,3987.0,3016.0,Red Laser,manual
49648,103009,347,t,f,t,99129,10,56858,62,f,26.207,2025-02-13T14:34:12.232298Z,,,,1,49.710093565396605,42.46973016282443,3987.0,3016.0,Green Laser,manual
59705,78801,279,t,t,t,116255,10,42573,33,f,38.622,2025-01-30T17:48:07.338327Z,,,,1,55.61290443761317,69.20431406389865,3987.0,3016.0,Red Laser,manual
49436,101404,341,t,f,t,98806,10,48506,30,f,26.84,2025-02-05T07:04:30.482051Z,,,,1,47.10497800920647,37.12352067377248,3987.0,3016.0,Red Laser,manual
49425,101376,341,t,f,t,98778,10,39600,76,f,35.459,2025-01-28T18:53:06.171688Z,,,,1,46.84587049591424,35.719016260484565,3987.0,3016.0,Red Laser,manual
49565,102886,347,t,f,t,99006,10,52117,55,f,13.562,2025-02-08T16:37:31.257128Z,,,,1,49.71023405621105,42.66410172096536,3987.0,3016.0,Green Laser,manual
49424,101374,341,t,f,t,98776,10,24063,46,f,22.312,2025-01-12T19:30:47.471966Z,,,,1,45.93172165731095,31.747035610212897,3987.0,3016.0,Red Laser,manual
49661,103046,347,t,f,t,99166,10,27095,20,f,15.396,2025-01-17T21:38:24.601850Z,,,,1,49.72375906678464,42.92393122795578,3987.0,3016.0,Green Laser,manual
43164,78770,279,t,f,t,84527,10,9968,2,f,14.865,2024-11-21T05:53:37.988276Z,,,,1,48.80908542693102,41.281535390509084,3987.0,3016.0,Red Laser,manual
49443,101412,341,t,f,t,98814,10,76525,55,f,10.666,2025-03-18T17:02:14.092111Z,,,,1,45.73357987674378,31.07826823355931,3987.0,3016.0,Red Laser,manual
49646,103005,347,t,f,t,99126,10,48058,62,f,7.213,2025-02-04T20:35:34.766369Z,,,,1,49.63810284773299,42.50533712555688,3987.0,3016.0,Green Laser,manual
49663,103049,347,t,f,t,99168,10,12762,20,f,16.286,2024-12-06T17:27:58.529098Z,,,,1,49.749013405596045,43.08732564937832,3987.0,3016.0,Green Laser,manual
68188,102846,347,t,f,t,196062,43,89828,128,f,31.416,2025-05-15T01:22:14.352070Z,,,,0,,,,,,
24869,129472,471,t,f,t,159623,42,86164,46,f,17.125,2025-04-24T20:00:56.745297Z,,,,1,52.1502411452125,54.12447751904544,4014.0,3016.0,Green Laser,manual
49662,103047,347,t,f,t,99167,10,63023,46,f,15.578,2025-02-24T16:28:33.786938Z,,,,1,49.78666040340756,43.17583100739011,3987.0,3016.0,Green Laser,manual
49363,101303,341,t,f,t,98706,10,28143,46,f,16.096,2025-01-18T17:49:56.507960Z,,,,1,47.70424836909592,39.62043386196453,3987.0,3016.0,Red Laser,manual
49635,102988,347,t,f,t,99109,10,39648,62,f,31.915,2025-01-28T19:10:13.925722Z,,,,1,50.169535511348506,44.50493546941851,3987.0,3016.0,Green Laser,manual
69047,102682,349,t,t,t,222938,59,120292,10,f,44.348,2025-10-28T01:06:20.776197Z,,,,1,49.078226208271055,49.37002652519894,4014.0,3016.0,Green Laser,prediction
49386,101332,341,t,f,t,98737,10,27488,54,f,61.879,2025-01-17T23:33:34.193530Z,,,,1,48.46963094533637,42.628446970834666,3987.0,3016.0,Red Laser,manual
25921,129340,465,t,f,t,159709,42,103316,46,f,18.729,2025-06-27T15:33:38.064701Z,,,,1,49.58334603860604,44.50712142548681,4014.0,3016.0,Green Laser,manual
43026,78671,279,t,t,t,84227,10,67383,33,f,6.012,2025-03-05T18:08:23.583981Z,,,,1,49.58621586562646,44.46226237149201,3987.0,3016.0,Red Laser,manual
61174,129167,466,t,t,t,155434,42,102557,139,f,36.019,2025-06-26T22:10:23.632294Z,,,,1,53.75906191556096,50.90255237317363,4014.0,3016.0,Green Laser,manual
43073,78711,279,t,t,t,84347,10,38271,55,f,58.172,2025-01-27T17:22:39.834435Z,,,,1,49.47489438247865,43.71566821267723,3987.0,3016.0,Red Laser,manual
49617,102966,347,t,f,t,99085,10,12035,25,f,10.583,2024-12-05T21:10:51.514937Z,,,,1,48.71571724908512,38.58605857184428,3987.0,3016.0,Green Laser,manual
69134,102804,347,t,t,t,223036,60,121474,26,f,22.956,2025-11-04T04:03:04.683129Z,20228.0,,,1,49.53252721231905,42.576436426703815,4014.0,3016.0,Green Laser,prediction
68812,102736,347,t,t,t,222968,60,120531,26,f,9.872,2025-10-29T15:52:10.648858Z,20188.0,,,1,49.12706765319637,41.2264222382424,4014.0,3016.0,Green Laser,prediction
49417,101366,341,t,f,t,98769,10,60338,46,f,14.342,2025-02-17T18:19:05.017968Z,,,,1,45.57129155435232,30.364522217463875,3987.0,3016.0,Red Laser,manual
43187,78782,279,t,f,t,84566,10,56210,59,f,26.872,2025-02-12T10:42:31.650085Z,,,,1,49.25940385105777,43.90221999358722,3987.0,3016.0,Red Laser,manual
20577,129184,466,t,f,t,160165,42,85010,46,f,18.326,2025-04-21T15:24:10.898056Z,,,,1,53.56294391838055,52.10355497006661,4014.0,3016.0,Green Laser,manual
49398,101349,341,t,t,t,98749,10,52099,62,f,5.412,2025-02-08T13:23:50.425616Z,,,,1,45.57993127904162,30.047694753577108,3987.0,3016.0,Red Laser,manual
65050,129434,471,t,f,t,154650,42,87565,46,f,19.846,2025-05-04T21:59:34.946621Z,,,,1,52.30934199692175,55.13378875012286,4014.0,3016.0,Green Laser,manual
49631,102982,347,t,f,t,99102,10,26870,20,f,19.637,2025-01-17T17:39:40.962643Z,,,,1,49.42284432760867,41.621198696931,3987.0,3016.0,Green Laser,manual
68813,102741,347,t,t,t,222973,60,120536,26,f,30.847,2025-10-29T15:55:15.817592Z,20193.0,,,1,49.87096511303703,44.27206336371061,4014.0,3016.0,Green Laser,prediction
61158,129308,465,t,f,t,154338,42,88165,33,f,7.204,2025-05-08T23:14:51.280197Z,,,,1,48.55541740150897,40.17111486499967,4014.0,3016.0,Green Laser,manual
63136,129470,471,t,f,t,155712,42,100785,46,f,14.862,2025-06-21T14:53:57.384688Z,,,,1,50.59537271038028,47.68196397466035,4014.0,3016.0,Green Laser,manual
49478,102737,347,t,f,t,98859,10,55112,46,f,16.807,2025-02-11T17:00:19.629476Z,,,,1,49.53522496895613,41.53293017338447,3987.0,3016.0,Green Laser,manual
49445,101417,341,t,f,t,98817,10,41539,46,f,15.184,2025-01-29T17:56:28.711318Z,,,,1,46.95844315642428,36.38357736278879,3987.0,3016.0,Red Laser,manual
49666,103051,347,t,f,t,99171,10,25988,52,f,7.145,2025-01-15T22:31:04.289053Z,,,,1,49.61856106397493,42.52340869355319,3987.0,3016.0,Green Laser,manual
68189,102853,347,t,f,t,196067,43,99836,45,f,52.082,2025-06-17T19:00:12.910183Z,,,,0,,,,,,
49615,102959,347,t,f,t,99081,10,54080,33,f,6.712,2025-02-10T18:33:00.143428Z,,,,1,48.72522792086629,38.73898913330294,3987.0,3016.0,Green Laser,manual
49344,101282,341,t,f,t,98685,10,79147,55,f,9.129,2025-03-28T15:09:07.059134Z,,,,1,48.71980064777552,43.26365615843406,3987.0,3016.0,Red Laser,manual
49357,101297,341,t,f,t,98700,10,59385,55,f,22.386,2025-02-16T12:00:53.579776Z,,,,1,47.2760481236631,37.18804603774792,3987.0,3016.0,Red Laser,manual
49636,102990,347,t,f,t,99110,10,27639,57,f,12.465,2025-01-18T04:43:30.243517Z,,,,1,50.09227313252064,44.378057477216814,3987.0,3016.0,Green Laser,manual
58789,78682,279,t,t,t,115889,10,15280,32,f,13.835,2024-12-13T14:56:49.220310Z,,,,1,45.575951145980255,27.411196891022534,3987.0,3016.0,Red Laser,manual
68960,78754,279,t,t,t,222340,57,118294,10,f,16.803,2025-10-21T01:34:19.967206Z,19958.0,,,1,48.7269549784722,44.07116869217344,4014.0,3016.0,Red Laser,prediction
43088,78720,279,t,t,t,84374,10,59035,55,f,49.402,2025-02-15T11:48:28.151212Z,,,,1,49.89924652682618,45.74614781319234,3987.0,3016.0,Red Laser,manual
21905,129460,471,t,f,t,155543,42,99189,62,f,16.61,2025-06-13T20:08:55.779754Z,,,,1,51.71877500995125,52.25422438602716,4014.0,3016.0,Green Laser,manual
49419,101367,341,t,f,t,98771,10,40375,55,f,14.1,2025-01-28T22:26:18.293946Z,,,,1,45.15537352601295,28.64927732978579,3987.0,3016.0,Red Laser,manual
60473,129326,465,t,f,t,159692,42,100713,46,f,17.037,2025-06-21T14:20:06.723456Z,,,,1,48.97900407659407,42.0069649343108,4014.0,3016.0,Green Laser,manual
43211,78799,279,t,f,t,84614,10,62230,33,f,24.382,2025-02-20T23:18:56.526448Z,,,,1,49.09278962048233,42.82794271100807,3987.0,3016.0,Red Laser,manual
58792,78687,279,t,t,t,115907,10,48899,46,f,23.95,2025-02-05T18:09:48.192316Z,,,,1,46.10134135351804,28.094455844953615,3987.0,3016.0,Red Laser,manual
49588,102921,347,t,f,t,99039,10,49552,62,f,4.968,2025-02-05T21:15:26.667382Z,,,,1,49.66889609035407,42.60731319554849,3987.0,3016.0,Green Laser,manual
68933,78731,279,t,t,t,222317,57,118271,10,f,34.456,2025-10-21T01:20:05.700575Z,19944.0,,,1,48.62479137128236,43.57645797703733,4014.0,3016.0,Red Laser,prediction
65070,129273,465,t,f,t,159718,42,99322,62,f,91.674,2025-06-16T14:19:09.435440Z,,,,1,49.41463078444548,43.64947243731528,4014.0,3016.0,Green Laser,manual
65325,129394,465,t,f,t,159726,42,103264,138,f,12.394,2025-06-27T00:14:59.135462Z,,,,1,49.3714982818827,43.83313957577239,4014.0,3016.0,Green Laser,manual
58787,78680,279,t,t,t,115886,10,18418,32,f,72.549,2024-12-20T19:05:47.361253Z,,,,1,50.02313955487347,46.240426327095406,3987.0,3016.0,Red Laser,manual
59584,129341,465,t,f,t,159712,42,87436,33,f,10.508,2025-05-04T16:29:15.407128Z,,,,1,48.94359042911388,41.96085177023933,4014.0,3016.0,Green Laser,manual
59441,78779,279,t,f,t,116189,10,65845,32,f,10.571,2025-03-03T15:27:45.731755Z,,,,1,49.27471474137116,44.01718843747396,3987.0,3016.0,Red Laser,manual
49438,101405,341,t,t,t,98808,10,51870,62,f,8.138,2025-02-08T12:32:44.678478Z,,,,1,47.38775139460923,37.492828583768535,3987.0,3016.0,Red Laser,manual
49505,102785,347,t,t,t,98906,10,28899,55,f,64.085,2025-01-18T22:04:41.033949Z,,,,1,49.96835395182588,43.30925402467358,3987.0,3016.0,Green Laser,manual
68805,78753,279,t,t,t,222339,57,118293,10,f,28.074,2025-10-21T01:33:58.516409Z,19957.0,,,1,48.7771520218049,44.16697305025651,4014.0,3016.0,Red Laser,prediction
49539,102855,347,t,f,t,98976,10,19925,44,f,21.893,2025-01-03T19:47:11.135261Z,,,,1,49.64200477487594,42.204043006060346,3987.0,3016.0,Green Laser,manual
69098,78757,279,t,t,t,222343,57,118297,10,f,15.03,2025-10-21T01:35:22.598924Z,19961.0,,,1,48.76505463802406,44.186825679441455,4014.0,3016.0,Red Laser,prediction
49460,101436,341,t,t,t,98837,10,30472,62,f,7.888,2025-01-21T16:09:46.919086Z,,,,1,46.84843284221799,36.26371985633045,3987.0,3016.0,Red Laser,manual
49451,101422,341,t,t,t,98827,10,63660,53,f,32.517,2025-02-25T23:38:37.912381Z,,,,1,47.61143793434809,39.32884168960914,3987.0,3016.0,Red Laser,manual
61088,129298,465,t,f,t,154858,42,88217,33,f,11.582,2025-05-08T23:33:39.435335Z,,,,1,49.02790979301111,42.05735460734166,4014.0,3016.0,Green Laser,manual
49464,101438,341,t,f,t,98842,10,57305,62,f,5.69,2025-02-13T16:35:45.389113Z,,,,1,47.98332883430943,40.72790294627383,3987.0,3016.0,Red Laser,manual
49543,102858,347,t,f,t,98981,10,66516,46,f,11.999,2025-03-04T16:09:35.404625Z,,,,1,47.91078556327512,35.2146020073141,3987.0,3016.0,Green Laser,manual
49523,102814,347,t,f,t,98936,10,44439,57,f,35.985,2025-01-31T03:33:38.936233Z,,,,1,49.87224486136093,43.053805631703,3987.0,3016.0,Green Laser,manual
59382,78774,279,t,f,t,116171,10,36768,73,f,15.511,2025-01-25T12:47:21.430887Z,,,,1,49.370140413865,44.24138048048112,3987.0,3016.0,Red Laser,manual
49618,102970,347,t,f,t,99087,10,18207,32,f,11.655,2024-12-20T16:05:40.082945Z,,,,1,48.746825358267294,38.8267767320003,3987.0,3016.0,Green Laser,manual
61819,101444,341,t,t,t,98845,10,32723,62,f,8.68,2025-01-22T16:09:51.648402Z,,,,1,46.78256798825116,35.930047694753576,3987.0,3016.0,Red Laser,manual
68912,78719,279,t,t,t,222305,57,118257,10,f,97.416,2025-10-21T01:00:27.910632Z,19932.0,,,1,49.63649004415714,45.73228901516784,4014.0,3016.0,Red Laser,manual
68220,78671,279,t,t,t,222257,57,117967,26,f,31.254,2025-10-16T16:22:35.248911Z,19896.0,,,1,49.2526762970236,44.46226237149201,4014.0,3016.0,Red Laser,prediction
69076,101289,341,t,t,t,222629,58,120346,10,f,15.869,2025-10-28T15:49:11.391896Z,20039.0,,,1,48.46290390449082,43.31425949300375,4014.0,3016.0,Red Laser,prediction
68853,78684,279,t,t,t,222270,57,117982,26,f,26.162,2025-10-16T16:26:01.048063Z,19904.0,,,1,49.67534562292633,46.19667247376312,4014.0,3016.0,Red Laser,prediction
68341,78762,279,t,t,t,222348,57,118302,10,f,24.697,2025-10-21T01:38:05.029718Z,19966.0,,,1,48.99800231311652,44.81607969799051,4014.0,3016.0,Red Laser,prediction
68370,101364,341,t,t,t,222704,58,120519,10,f,16.038,2025-10-29T15:16:14.213839Z,20104.0,,,1,46.26122436036475,35.08030709079504,4014.0,3016.0,Red Laser,prediction
69109,78714,279,t,t,t,222300,57,118254,10,f,19.574,2025-10-21T00:56:07.046519Z,,,,1,49.06572099457529,43.44027759178375,4014.0,3016.0,Red Laser,prediction
68902,78717,279,t,t,t,222303,57,118260,10,f,42.632,2025-10-21T01:02:25.380302Z,,,,1,49.54684448733156,45.66026522530312,4014.0,3016.0,Red Laser,prediction
69215,101442,341,t,f,t,222782,58,121780,10,f,17.55,2025-11-06T01:43:58.459858Z,20159.0,,,1,46.35031033152456,35.43623112700941,4014.0,3016.0,Red Laser,prediction
69219,102549,349,t,t,t,222805,59,120116,10,f,43.096,2025-10-27T23:29:32.039931Z,20166.0,,,1,48.62979571499751,47.5132625994695,4014.0,3016.0,Green Laser,prediction
69205,129390,465,t,t,t,223428,61,126427,10,f,14.624,2025-11-14T03:27:37.726022Z,20488.0,,,1,49.27752864972596,43.73342175066313,4014.0,3016.0,Green Laser,prediction
68331,129219,466,t,t,t,223503,62,122940,10,f,25.44,2025-11-08T03:25:39.265455Z,20551.0,,,1,50.59790732436472,47.712201591511935,4014.0,3016.0,Green Laser,prediction
69112,129305,465,t,t,t,223343,61,126342,10,f,21.782,2025-11-14T02:35:55.109369Z,20432.0,,,1,48.62979571499751,40.185676392572944,4014.0,3016.0,Green Laser,prediction
68589,102685,349,t,t,t,222941,59,120293,10,f,24.845,2025-10-28T01:06:23.790402Z,20181.0,,,1,48.654708520179376,47.57957559681697,4014.0,3016.0,Green Laser,prediction
68433,129356,465,t,t,t,223394,61,126393,10,f,41.455,2025-11-14T03:05:21.722214Z,20465.0,,,1,48.704534130543095,41.213527851458885,4014.0,3016.0,Green Laser,prediction
68936,78668,279,t,t,t,222254,57,117984,26,f,31.607,2025-10-16T16:26:45.949618Z,19893.0,,,1,49.268568710742905,44.57873020416279,4014.0,3016.0,Red Laser,prediction
68547,102743,347,t,t,t,222975,60,120538,26,f,13.519,2025-10-29T15:56:27.018835Z,20195.0,,,1,51.56641238415769,46.80942048078704,4014.0,3016.0,Green Laser,prediction
68995,78758,279,t,t,t,222344,57,118298,10,f,30.004,2025-10-21T01:35:57.095367Z,19962.0,,,1,48.96277241094644,45.233968804159446,4014.0,3016.0,Red Laser,prediction
68219,78680,279,t,t,t,222266,57,117976,26,f,18.77,2025-10-16T16:24:53.523390Z,19900.0,,,1,49.68666103768822,46.240426327095406,4014.0,3016.0,Red Laser,prediction
68249,129347,465,t,f,t,223385,61,126384,10,f,26.302,2025-11-14T03:00:29.087856Z,20457.0,,,1,49.80993699197915,45.84314087315825,4014.0,3016.0,Green Laser,prediction-changed
68579,78681,279,t,t,t,222267,57,117977,26,f,27.15,2025-10-16T16:25:02.525898Z,19901.0,,,1,49.684091253558805,46.1881433611258,4014.0,3016.0,Red Laser,prediction
24338,102634,349,t,f,t,214278,43,85208,46,f,25.259,2025-04-22T20:38:40.785392Z,,,,1,49.33926240014112,51.28426454663565,4014.0,3016.0,Green Laser,manual
68584,129244,466,t,t,t,223528,62,122968,10,f,33.169,2025-11-08T03:37:21.281556Z,20571.0,,,1,50.91351816574669,49.13802817843513,4014.0,3016.0,Green Laser,prediction-changed
49469,101442,341,t,f,t,98848,10,60477,55,f,20.838,2025-02-17T19:58:57.678505Z,,,,1,46.6641950516026,35.43623112700941,3987.0,3016.0,Red Laser,manual
24218,102570,349,t,f,t,213674,43,85345,46,f,13.316,2025-04-22T21:37:56.213734Z,,,,1,48.71520796416002,48.13735670875168,4014.0,3016.0,Green Laser,manual
23254,111927,383,t,f,t,207624,43,89960,128,f,9.755,2025-05-15T02:12:36.351278Z,,,,1,50.08099731601376,44.071024406611606,4014.0,3016.0,Red Laser,manual
68266,129453,471,t,t,t,223598,63,121913,10,f,19.99,2025-11-06T19:52:41.592293Z,20627.0,,,1,51.59441953163926,52.55305039787799,4014.0,3016.0,Green Laser,prediction
24053,129160,466,t,t,t,160149,42,84341,55,f,8.66,2025-04-16T11:05:47.914868Z,,,,1,52.14636074413554,46.894720250085385,4014.0,3016.0,Green Laser,manual
69435,111948,383,t,t,t,224662,70,134911,10,f,24.129,2025-12-09T01:23:10.952057Z,20648.0,,,1,50.6617548618462,48.6735537988294,4014.0,3016.0,Red Laser,prediction-changed
23527,111919,383,t,f,t,207321,43,100336,46,f,12.918,2025-06-20T14:28:00.569511Z,,,,1,50.50832915130804,46.238209421667456,4014.0,3016.0,Red Laser,manual
68328,78761,279,t,t,t,222347,57,118301,10,f,30.574,2025-10-21T01:37:35.923280Z,19965.0,,,1,48.96736307929741,44.866665562926464,4014.0,3016.0,Red Laser,prediction
68611,129400,471,t,t,t,223545,63,121792,10,f,11.586,2025-11-06T01:58:59.846648Z,20588.0,,,1,52.41654210264076,54.87400530503979,4014.0,3016.0,Green Laser,prediction
68605,129452,471,t,t,t,223597,63,121906,10,f,21.962,2025-11-06T19:52:16.827454Z,20626.0,,,1,51.0214250124564,50.232095490716176,4014.0,3016.0,Green Laser,prediction
69119,101298,341,t,t,t,222638,58,120431,10,f,10.178,2025-10-29T14:44:53.260528Z,20046.0,,,1,47.06516064996677,37.51987281399046,4014.0,3016.0,Red Laser,prediction
68932,101349,341,t,t,t,222689,58,120504,10,f,11.148,2025-10-29T15:04:52.559717Z,20089.0,,,1,45.2733398130391,30.047694753577108,4014.0,3016.0,Red Laser,prediction
12140,118558,424,t,t,t,196829,43,89435,128,f,15.551,2025-05-13T18:10:22.151964Z,,,,1,45.03649998640704,43.21127024177002,4014.0,3016.0,Green Laser,manual
68759,103035,347,t,t,t,223267,60,121853,26,f,27.581000000000003,2025-11-06T19:44:13.325041Z,,,,1,40.62965533338832,49.9088837349702,4014.0,3016.0,Green Laser,prediction
68546,102742,347,t,t,t,222974,60,120537,26,f,31.084,2025-10-29T15:55:50.049761Z,20194.0,,,1,49.863861593391206,44.1829937172686,4014.0,3016.0,Green Laser,prediction
68721,102766,347,t,t,t,222998,60,120622,26,f,61.631,2025-10-29T17:42:34.676946Z,20206.0,,,1,50.04351129487241,45.05683264071613,4014.0,3016.0,Green Laser,prediction
68663,102754,347,t,t,t,222986,60,120584,26,f,13.478,2025-10-29T17:29:13.372871Z,20200.0,,,1,50.18626688575386,45.47857765179714,4014.0,3016.0,Green Laser,prediction
68550,102737,347,t,t,t,222969,60,120532,26,f,9.023,2025-10-29T15:52:24.971729Z,20189.0,,,1,49.20202838844745,41.53293017338447,4014.0,3016.0,Green Laser,prediction
68184,102769,347,t,f,t,196029,43,89911,128,f,25.242,2025-05-15T01:44:39.583757Z,,,,0,,,,,,
24055,129197,466,t,f,t,160164,42,103697,46,f,24.465,2025-06-29T14:32:13.337654Z,,,,1,52.837117070993465,49.1096338241859,4014.0,3016.0,Green Laser,manual
68314,78720,279,t,t,t,222306,57,118259,10,f,37.28,2025-10-21T01:02:09.238851Z,19933.0,,,1,49.56360137081614,45.74614781319234,4014.0,3016.0,Red Laser,prediction
68257,129168,466,t,t,t,223452,62,122117,10,f,41.619,2025-11-07T01:55:50.924799Z,20507.0,,,1,53.72168280719627,50.71383071315424,4014.0,3016.0,Green Laser,prediction-changed
68284,129166,466,t,t,t,223450,62,122114,10,f,16.456,2025-11-07T01:51:04.769968Z,20505.0,,,1,53.01444942700548,50.96153846153846,4014.0,3016.0,Green Laser,prediction
68281,129399,471,t,t,t,223544,63,121791,10,f,15.639,2025-11-06T01:58:42.815625Z,20587.0,,,1,52.3916292974589,54.907161803713535,4014.0,3016.0,Green Laser,prediction
68277,102786,347,t,t,t,223018,60,120897,26,f,58.002,2025-10-29T20:14:15.568407Z,20219.0,,,1,49.62484924478957,43.29733916151034,4014.0,3016.0,Green Laser,prediction
68360,78784,279,t,t,t,222370,57,118324,10,f,11.142,2025-10-21T01:51:24.538792Z,19987.0,,,1,55.240937682069344,69.19876674616107,4014.0,3016.0,Red Laser,prediction
68373,78727,279,t,t,t,222313,57,118267,10,f,11.276,2025-10-21T01:17:19.833420Z,19940.0,,,1,46.99946133957901,35.84930574987936,4014.0,3016.0,Red Laser,prediction
68956,78737,279,t,t,t,222323,57,118277,10,f,43.38,2025-10-21T01:25:16.512597Z,19950.0,,,1,48.87326818978919,44.5963802185244,4014.0,3016.0,Red Laser,prediction
68772,78733,279,t,t,t,222319,57,118273,10,f,34.492,2025-10-21T01:21:32.463708Z,19946.0,,,1,48.81229980781551,43.81318681318682,4014.0,3016.0,Red Laser,prediction
68864,78707,279,t,t,t,222293,57,118345,10,f,17.404,2025-10-21T02:00:12.304423Z,19920.0,,,1,48.10265351827393,38.78129216935366,4014.0,3016.0,Red Laser,prediction
68541,129229,466,t,t,t,223513,62,122951,10,f,24.74,2025-11-08T03:30:12.200677Z,20557.0,,,1,51.56110009132877,51.87873200580779,4014.0,3016.0,Green Laser,prediction-changed
68552,129247,466,t,t,t,223531,62,122972,10,f,28.399,2025-11-08T03:39:10.165185Z,20574.0,,,1,51.62777694639104,51.74043599135024,4014.0,3016.0,Green Laser,prediction-changed
68322,78759,279,t,t,t,222345,57,118299,10,f,24.599,2025-10-21T01:36:26.311884Z,19963.0,,,1,49.01062463671727,45.08251622241638,4014.0,3016.0,Red Laser,prediction
68894,78741,279,t,t,t,222327,57,118281,10,f,19.452,2025-10-21T01:28:25.198774Z,19954.0,,,1,49.27053236047698,46.10151148294639,4014.0,3016.0,Red Laser,prediction
68723,129161,466,t,t,t,223445,62,122116,10,f,52.629,2025-11-07T01:52:52.675277Z,,,,1,52.29197807673144,47.3474801061008,4014.0,3016.0,Green Laser,prediction
68597,78694,279,t,t,t,222280,57,118097,4,f,14.478,2025-10-17T18:27:50.501062Z,19910.0,,,1,55.2425814014815,69.20660389851359,4014.0,3016.0,Red Laser,prediction
68659,102753,347,t,t,t,222985,60,120582,26,f,12.022,2025-10-29T17:28:58.799611Z,20199.0,,,1,50.1952184324655,45.5933617267452,4014.0,3016.0,Green Laser,prediction
68644,129392,465,t,t,t,223430,61,126429,10,f,20.098,2025-11-14T03:28:19.257099Z,20489.0,,,1,48.4034921650826,40.2069193010172,4014.0,3016.0,Green Laser,prediction-changed
68782,129160,466,t,t,t,223444,62,122108,10,f,27.513,2025-11-07T01:48:15.513931Z,20499.0,,,1,52.14250124564026,46.88328912466844,4014.0,3016.0,Green Laser,prediction
68797,129261,465,t,t,t,223299,61,124855,10,f,9.177,2025-11-11T22:28:40.377023Z,20395.0,,,1,48.654708520179376,40.1525198938992,4014.0,3016.0,Green Laser,prediction
68803,129365,465,t,t,t,223403,61,126402,10,f,37.895,2025-11-14T03:09:21.338740Z,20470.0,,,1,49.00348779272546,42.6392572944297,4014.0,3016.0,Green Laser,prediction
68731,78768,279,t,t,t,222354,57,118308,10,f,25.896,2025-10-21T01:41:32.335600Z,19972.0,,,1,48.97643620935629,42.76629570747218,4014.0,3016.0,Red Laser,prediction
68922,78728,279,t,t,t,222314,57,118268,10,f,34.661,2025-10-21T01:18:00.207232Z,19941.0,,,1,48.63042348894852,43.72963692387446,4014.0,3016.0,Red Laser,prediction
69006,78764,279,t,t,t,222350,57,118304,10,f,16.313,2025-10-21T01:38:51.758183Z,19968.0,,,1,49.03290582086783,44.85789368631593,4014.0,3016.0,Red Laser,prediction
69212,129153,466,t,t,t,223437,62,122102,10,f,11.006,2025-11-07T01:45:01.578729Z,20494.0,,,1,51.295465869456905,47.54641909814323,4014.0,3016.0,Green Laser,prediction
69106,78769,279,t,t,t,222355,57,118309,10,f,16.88,2025-10-21T01:41:54.542702Z,19973.0,,,1,48.702332132164806,41.59445407279029,4014.0,3016.0,Red Laser,prediction
69162,129331,465,t,f,t,223369,61,126368,10,f,22.671,2025-11-14T02:48:19.634583Z,20447.0,,,1,49.47683109118087,44.46286472148541,4014.0,3016.0,Green Laser,prediction
68347,102740,347,t,t,t,222972,60,120535,26,f,45.787,2025-10-29T15:53:54.637778Z,20192.0,,,1,49.356431036127006,41.666968280865866,4014.0,3016.0,Green Laser,prediction
25080,102557,349,t,f,t,213872,43,85539,46,f,13.526,2025-04-23T15:16:05.775966Z,,,,1,48.623783692017454,47.583700735561415,4014.0,3016.0,Green Laser,manual
61693,129417,471,t,f,t,154639,42,93180,46,f,16.256,2025-05-23T15:11:11.520055Z,,,,1,51.72225953993896,52.39910218549236,4014.0,3016.0,Green Laser,manual
62636,129190,466,t,f,t,155466,42,87576,46,f,13.648,2025-05-04T22:04:32.967251Z,,,,1,53.069365267525285,50.134394894462496,4014.0,3016.0,Green Laser,manual
60938,129301,465,t,f,t,154875,42,86985,46,f,19.728,2025-05-02T15:56:09.124419Z,,,,1,48.95569388306645,41.91986292371965,4014.0,3016.0,Green Laser,manual
60877,129179,466,t,t,t,160125,42,103247,142,f,10.446,2025-06-27T00:12:35.195504Z,,,,1,52.76685499602058,48.34641263244935,4014.0,3016.0,Green Laser,manual
22693,129207,466,t,f,t,160326,42,98364,46,f,14.899,2025-06-11T14:49:58.494809Z,,,,1,53.1668253944534,50.43056764313424,4014.0,3016.0,Green Laser,manual
25261,129450,471,t,f,t,154619,42,90374,46,f,18.055,2025-05-16T13:55:58.483991Z,,,,1,52.10390782986075,54.5169697489028,4014.0,3016.0,Green Laser,manual
59794,129423,471,t,f,t,154630,42,101922,46,f,13.684,2025-06-24T16:35:33.010222Z,,,,1,51.43427389278203,51.285138158792286,4014.0,3016.0,Green Laser,manual
61107,129187,466,t,t,t,160166,42,102959,138,f,16.459,2025-06-26T23:37:39.752205Z,,,,1,53.480352605582496,51.29380333870144,4014.0,3016.0,Green Laser,manual
20370,129171,466,t,f,t,155435,42,103575,46,f,17.98,2025-06-29T13:48:59.255569Z,,,,1,53.37239235834579,51.25668500680859,4014.0,3016.0,Green Laser,manual
62451,129349,465,t,t,t,159853,42,86783,46,f,15.884,2025-04-30T15:43:00.069180Z,,,,1,48.8184728763956,42.07477832417216,4014.0,3016.0,Green Laser,manual
63469,129164,466,t,t,t,159941,42,99613,46,f,24.197,2025-06-16T15:21:54.459993Z,,,,1,52.98038888895049,50.569874712682925,4014.0,3016.0,Green Laser,manual
65049,129462,471,t,f,t,154632,42,98333,46,f,14.352,2025-06-09T15:03:07.394413Z,,,,1,50.65352579896481,47.82845826583284,4014.0,3016.0,Green Laser,manual
20317,129294,465,t,f,t,154849,42,84620,46,f,16.835,2025-04-18T12:08:50.319526Z,,,,1,49.30262364743277,43.39189475638271,4014.0,3016.0,Green Laser,manual
60465,129437,471,t,f,t,154655,42,99715,62,f,9.185,2025-06-16T15:44:46.132453Z,,,,1,52.06891257924292,54.12816445619269,4014.0,3016.0,Green Laser,manual
326,129173,466,t,f,t,160280,42,90333,46,f,17.177,2025-05-16T13:37:51.742005Z,,,,1,53.064969013253794,49.957787058319774,4014.0,3016.0,Green Laser,manual
68420,102779,347,t,t,t,223011,60,120877,26,f,32.429,2025-10-29T20:05:39.527678Z,20216.0,,,1,50.28631801939287,45.87038832838218,4014.0,3016.0,Green Laser,prediction
63797,129355,465,t,f,t,159630,42,85025,46,f,14.33,2025-04-21T15:29:58.947987Z,,,,1,48.62700972188385,40.85818858370583,4014.0,3016.0,Green Laser,manual
24882,129214,466,t,f,t,160187,42,99688,62,f,9.287,2025-06-16T15:36:11.563937Z,,,,1,52.84716315187923,48.77005592659467,4014.0,3016.0,Green Laser,manual
59506,129347,465,t,f,t,159869,42,84964,46,f,15.461,2025-04-21T15:06:27.360495Z,,,,1,49.80586224964752,45.844073605551934,4014.0,3016.0,Green Laser,manual
23675,129309,465,t,f,t,154340,42,102631,143,f,8.832,2025-06-26T22:42:17.044914Z,,,,1,48.37594066905396,39.53098295010398,4014.0,3016.0,Green Laser,manual
63187,129329,465,t,f,t,159820,42,98979,33,f,24.146,2025-06-13T19:08:04.676757Z,,,,1,48.9069084416459,41.70356911093753,4014.0,3016.0,Green Laser,manual
59472,129459,471,t,f,t,154572,42,103626,46,f,19.044,2025-06-29T14:06:51.635927Z,,,,1,51.86954800369067,52.84567789725861,4014.0,3016.0,Green Laser,manual
20333,129261,465,t,t,t,154874,42,84325,55,f,13.47,2025-04-16T11:02:02.892730Z,,,,1,48.648454280040696,40.15237903085514,4014.0,3016.0,Green Laser,manual
68586,129245,466,t,t,t,223529,62,122969,10,f,29.331,2025-11-08T03:37:51.855556Z,20572.0,,,1,50.38547524335625,46.92865532067964,4014.0,3016.0,Green Laser,prediction-changed
60399,129328,465,t,f,t,159716,42,99676,46,f,27.667,2025-06-16T15:34:18.310739Z,,,,1,48.91687317332119,41.69336016406423,4014.0,3016.0,Green Laser,manual
59492,129367,465,t,f,t,159668,42,84803,46,f,19.952,2025-04-18T15:44:26.766075Z,,,,1,49.015127826157766,42.3959564762006,4014.0,3016.0,Green Laser,manual
20362,129251,466,t,t,t,155412,42,98463,46,f,14.574,2025-06-13T01:23:03.913320Z,,,,1,51.57744150374045,51.34613658338999,4014.0,3016.0,Green Laser,manual
56499,129205,466,t,f,t,160327,42,91939,46,f,14.363,2025-05-21T15:41:28.442033Z,,,,1,53.064662542459615,50.0453229098036,4014.0,3016.0,Green Laser,manual
61695,129312,465,t,f,t,154868,42,87984,46,f,18.357,2025-05-06T20:10:01.061999Z,,,,1,48.19196100789984,38.71692462476562,4014.0,3016.0,Green Laser,manual
63755,129154,466,t,t,t,155659,42,86333,46,f,13.327,2025-04-25T14:56:44.139435Z,,,,1,51.32652361485358,47.70045216014851,4014.0,3016.0,Green Laser,manual
24051,129219,466,t,t,t,160089,42,103364,46,f,25.569,2025-06-27T15:53:30.714950Z,,,,1,50.59519134033148,47.70286713071227,4014.0,3016.0,Green Laser,manual
23457,129413,471,t,f,t,154587,42,99558,62,f,9.307,2025-06-16T15:11:44.499385Z,,,,1,52.30838301380684,54.6958106422658,4014.0,3016.0,Green Laser,manual
63143,129163,466,t,t,t,160384,42,86708,46,f,21.084,2025-04-30T15:14:17.963550Z,,,,1,53.25574067391487,51.86957002939868,4014.0,3016.0,Green Laser,manual
68262,129182,466,t,t,t,223466,62,122893,10,f,31.748,2025-11-08T02:57:31.169117Z,20517.0,,,1,52.88988540109616,48.57427055702917,4014.0,3016.0,Green Laser,prediction
65328,129269,465,t,f,t,159809,42,84274,55,f,11.604,2025-04-16T10:50:56.605951Z,,,,1,49.09455612967824,42.47222713748851,4014.0,3016.0,Green Laser,manual
68245,129385,465,t,t,t,223423,61,126422,10,f,33.697,2025-11-14T03:25:18.146070Z,20484.0,,,1,48.9785749875436,42.672413793103445,4014.0,3016.0,Green Laser,prediction
69196,129388,465,t,t,t,223426,61,126425,10,f,34.906,2025-11-14T03:27:00.406857Z,20486.0,,,1,48.93114275023107,42.49388990718377,4014.0,3016.0,Green Laser,prediction-changed
25085,102591,349,t,f,t,214250,43,89924,128,f,271.783,2025-05-15T01:56:44.843192Z,,,,1,47.97170076019806,44.93532746065079,4014.0,3016.0,Green Laser,manual
63729,129439,471,t,f,t,154631,42,98402,46,f,30.42,2025-06-11T15:05:52.626285Z,,,,1,52.017493309523424,54.06773115487352,4014.0,3016.0,Green Laser,manual
63478,129310,465,t,f,t,154341,42,100690,46,f,17.342,2025-06-21T14:11:29.589819Z,,,,1,48.32221010305341,39.41996399843972,4014.0,3016.0,Green Laser,manual
20548,129278,465,t,f,t,159781,42,103186,141,f,17.915,2025-06-27T00:04:11.406869Z,,,,1,49.27865030579199,43.194217418649,4014.0,3016.0,Green Laser,manual
61140,129336,465,t,f,t,154876,42,84263,55,f,17.189,2025-04-16T10:48:46.586248Z,,,,0,,,,,,
25486,129283,465,t,f,t,159851,42,98754,62,f,6.137,2025-06-13T15:52:27.071644Z,,,,1,49.09589093181812,42.60731319554849,4014.0,3016.0,Green Laser,manual
60869,129438,471,t,t,t,154625,42,97182,46,f,13.569,2025-06-07T15:12:55.071866Z,,,,1,51.35296652515893,51.31617730069669,4014.0,3016.0,Green Laser,manual
66031,103020,347,t,f,t,196112,43,85420,46,f,24.641,2025-04-22T22:07:11.498920Z,,,,1,49.991448824016906,45.23988854645814,4014.0,3016.0,Green Laser,manual
68226,78688,279,t,t,t,222274,57,117989,26,f,21.192,2025-10-16T16:28:55.471123Z,19907.0,,,1,45.30459709965676,26.86924887109441,4014.0,3016.0,Red Laser,prediction
22028,129194,466,t,f,t,160204,42,100796,46,f,15.551,2025-06-21T14:57:43.762389Z,,,,1,52.407221430966565,47.34357389762205,4014.0,3016.0,Green Laser,manual
68992,78683,279,t,t,t,222269,57,117980,26,f,46.717000000000006,2025-10-16T16:25:47.036178Z,19903.0,,,1,49.663065670315405,46.151074764314416,4014.0,3016.0,Red Laser,prediction
68382,78670,279,t,t,t,222256,57,117966,26,f,26.182,2025-10-16T16:22:25.205780Z,19895.0,,,1,49.260211198230216,44.46816842266416,4014.0,3016.0,Red Laser,prediction
25081,102582,349,t,f,t,213877,43,97573,46,f,13.978,2025-06-08T13:48:31.636952Z,,,,1,48.62772562358446,47.85846985032477,4014.0,3016.0,Green Laser,manual
68982,78760,279,t,t,t,222346,57,118300,10,f,24.039,2025-10-21T01:36:55.241239Z,19964.0,,,1,48.99414896131895,45.00529674530826,4014.0,3016.0,Red Laser,prediction
68884,78715,279,t,t,t,222301,57,118255,10,f,14.701,2025-10-21T00:56:25.328027Z,19928.0,,,1,49.07250736585272,43.45355270293133,4014.0,3016.0,Red Laser,prediction
63188,129345,465,t,f,t,159855,42,98903,62,f,51.185,2025-06-13T17:39:25.644516Z,,,,1,49.46421959793469,44.10083185179327,4014.0,3016.0,Green Laser,manual
61563,129384,465,t,t,t,154757,42,102654,138,f,13.759,2025-06-26T22:56:27.549735Z,,,,1,49.15427755400123,43.559589854790666,4014.0,3016.0,Green Laser,manual
65686,129258,465,t,t,t,154877,42,100666,46,f,17.066,2025-06-21T14:00:38.426445Z,,,,1,48.49298484083853,39.57805953598702,4014.0,3016.0,Green Laser,manual
65077,129180,466,t,f,t,155661,42,102843,141,f,51.864,2025-06-26T23:20:36.542682Z,,,,0,,,,,,
60798,129449,471,t,f,t,154504,42,100805,46,f,28.419,2025-06-21T15:00:57.197724Z,,,,1,51.98084253549269,53.94413849032333,4014.0,3016.0,Green Laser,manual
60570,129453,471,t,t,t,154626,42,102586,138,f,15.216,2025-06-26T22:15:16.592210Z,,,,1,51.603506464901926,52.545782360611646,4014.0,3016.0,Green Laser,manual
25086,102609,349,t,f,t,214252,43,100411,46,f,13.868,2025-06-20T14:56:28.298827Z,,,,1,49.16829660837884,50.44948340301095,4014.0,3016.0,Green Laser,manual
65892,129302,465,t,f,t,154759,42,98839,62,f,8.682,2025-06-13T17:22:17.645602Z,,,,1,48.70797914357865,40.72918560791468,4014.0,3016.0,Green Laser,manual
68180,101323,341,t,f,t,195984,43,85445,46,f,38.239,2025-04-22T22:16:22.671688Z,,,,0,,,,,,
65706,129324,465,t,f,t,159779,42,98697,62,f,36.138,2025-06-13T15:34:06.366025Z,,,,1,48.96128146007571,42.27994001531805,4014.0,3016.0,Green Laser,manual
65695,129402,471,t,f,t,155556,42,98630,62,f,9.821,2025-06-13T15:07:21.247753Z,,,,1,51.20600707496805,49.84430347995934,4014.0,3016.0,Green Laser,manual
60831,129311,465,t,f,t,154337,42,102630,143,f,15.732,2025-06-26T22:42:05.900349Z,,,,1,48.16920273525046,38.77579498018297,4014.0,3016.0,Green Laser,manual
23985,102685,349,t,t,t,214261,43,99942,45,f,16.652,2025-06-17T19:42:53.495689Z,,,,1,48.66630713096468,47.57098631809393,4014.0,3016.0,Green Laser,manual
20323,129297,465,t,t,t,154865,42,99203,62,f,7.535,2025-06-13T20:12:26.465038Z,,,,1,49.07020145616946,42.02709962280663,4014.0,3016.0,Green Laser,manual
60228,129368,465,t,f,t,154733,42,86087,46,f,20.661,2025-04-24T19:27:38.717461Z,,,,1,49.43898491943348,44.300748651483126,4014.0,3016.0,Green Laser,manual
63480,129385,465,t,t,t,154755,42,87557,46,f,28.966,2025-05-04T21:55:39.258278Z,,,,1,48.981330404235166,42.67992672280028,4014.0,3016.0,Green Laser,manual
69072,129262,465,t,t,t,223300,61,124858,10,f,27.488,2025-11-11T22:29:08.930469Z,20396.0,,,1,48.80418535127056,40.84880636604775,4014.0,3016.0,Green Laser,prediction
68551,129242,466,t,t,t,223526,62,122965,10,f,26.996,2025-11-08T03:36:17.937419Z,20569.0,,,1,50.572994519182856,47.78024185233775,4014.0,3016.0,Green Laser,prediction-changed
68609,129256,466,t,t,t,223540,62,124465,10,f,11.765,2025-11-11T20:59:02.190004Z,20583.0,,,1,51.59441953163926,51.59151193633952,4014.0,3016.0,Green Laser,prediction
68735,129438,471,t,t,t,223583,63,121856,10,f,25.749,2025-11-06T19:45:09.095868Z,20612.0,,,1,51.34529147982063,51.326259946949605,4014.0,3016.0,Green Laser,prediction
20570,129256,466,t,t,t,159904,42,90422,46,f,23.256,2025-05-16T14:15:08.230685Z,,,,1,51.58833193504958,51.576001181807165,4014.0,3016.0,Green Laser,manual
18786,102625,349,t,f,t,214265,43,99946,45,f,51.722,2025-06-17T19:44:40.462207Z,,,,0,,,,,,
23834,129425,471,t,f,t,154656,42,84770,46,f,18.995,2025-04-18T15:30:02.304145Z,,,,1,51.99982199423548,53.5307413070294,4014.0,3016.0,Green Laser,manual
65691,129246,466,t,t,t,155400,42,99516,62,f,9.553,2025-06-16T15:04:11.918951Z,,,,1,51.25839726225738,50.68456998519781,4014.0,3016.0,Green Laser,manual
62450,129286,465,t,f,t,159829,42,87657,46,f,22.9,2025-05-04T22:42:31.931815Z,,,,1,49.4306673553132,43.78628653108268,4014.0,3016.0,Green Laser,manual
23455,129458,471,t,f,t,154573,42,98405,46,f,19.007,2025-06-11T15:06:51.369062Z,,,,1,51.67407530037495,51.91541222873988,4014.0,3016.0,Green Laser,manual
13468,102579,349,t,f,t,213882,43,89647,128,f,31.808,2025-05-14T18:32:10.217963Z,,,,1,48.65260607303785,47.85914350817021,4014.0,3016.0,Green Laser,manual
23418,129440,471,t,f,t,154643,42,84694,46,f,18.276,2025-04-18T15:06:31.937414Z,,,,1,51.76880542292833,52.8856067331222,4014.0,3016.0,Green Laser,manual
25263,129461,471,t,f,t,154628,42,95023,33,f,12.109,2025-05-29T21:55:37.428545Z,,,,1,51.72971227021053,52.29126140318533,4014.0,3016.0,Green Laser,manual
25885,129388,465,t,t,t,159725,42,98424,46,f,21.268,2025-06-11T15:14:50.139362Z,,,,1,48.92548042769852,42.50551983001293,4014.0,3016.0,Green Laser,manual
25488,129320,465,t,t,t,159858,42,102613,138,f,30.896,2025-06-26T22:35:16.568773Z,,,,1,48.85327889503328,42.24013218693787,4014.0,3016.0,Green Laser,manual
21970,129389,465,t,t,t,159813,42,87517,46,f,18.767,2025-05-04T21:35:14.928410Z,,,,1,49.139585277504885,43.62842028640877,4014.0,3016.0,Green Laser,manual
59851,129303,465,t,f,t,154469,42,99744,62,f,9.896,2025-06-16T15:51:48.012894Z,,,,1,48.6066843334098,40.47835030438336,4014.0,3016.0,Green Laser,manual
2231,129426,471,t,f,t,159691,42,103772,138,f,12.021,2025-06-30T16:18:30.259499Z,,,,1,51.96850977106546,53.445717476558286,4014.0,3016.0,Green Laser,manual
59999,129372,465,t,f,t,154938,42,98572,62,f,36.457,2025-06-13T14:36:36.706227Z,,,,1,49.02840657394745,42.45355708484256,4014.0,3016.0,Green Laser,manual
60803,129419,471,t,f,t,154751,42,103367,46,f,20.401,2025-06-27T15:54:41.653631Z,,,,1,52.05207397925481,53.82355154682003,4014.0,3016.0,Green Laser,manual
25262,129445,471,t,t,t,154627,42,98486,46,f,12.397,2025-06-13T01:32:06.862632Z,,,,1,51.25175228007943,50.87258399836014,4014.0,3016.0,Green Laser,manual
68950,78736,279,t,t,t,222322,57,118276,10,f,28.016,2025-10-21T01:23:38.400204Z,19949.0,,,1,48.77906110208284,44.17708197968744,4014.0,3016.0,Red Laser,prediction
56498,129352,465,t,f,t,159870,42,88162,33,f,18.696,2025-05-08T23:14:02.219851Z,,,,1,49.3103188962232,43.68008081892055,4014.0,3016.0,Green Laser,manual
6831,129469,471,t,f,t,159618,42,102575,139,f,25.612,2025-06-26T22:12:22.372155Z,,,,0,,,,,,
6866,129403,471,t,f,t,159624,42,84623,46,f,56.825,2025-04-18T12:10:26.758861Z,,,,0,,,,,,
59442,78783,279,t,f,t,116192,10,39163,53,f,13.735,2025-01-27T23:42:59.090638Z,,,,1,49.26790445603539,43.93500997331809,3987.0,3016.0,Red Laser,manual
25083,102641,349,t,f,t,213889,43,85359,46,f,14.478,2025-04-22T21:42:55.239808Z,,,,1,48.903432749570605,49.37156616601335,4014.0,3016.0,Green Laser,manual
24638,102581,349,t,f,t,214200,43,105442,162,f,194.952,2025-07-27T18:48:33.783124Z,,,,1,48.65577671636973,47.90777721398699,4014.0,3016.0,Green Laser,manual
24645,102675,349,t,f,t,214419,43,89588,128,f,12.774,2025-05-14T18:01:51.734465Z,,,,1,48.31010423527394,46.51184345975159,4014.0,3016.0,Green Laser,manual
6827,129274,465,t,f,t,159867,42,103179,138,f,40.74,2025-06-27T00:03:29.080251Z,,,,0,,,,,,
563,129441,471,t,f,t,154640,42,84718,46,f,13.665,2025-04-18T15:16:09.505431Z,,,,1,51.60352643015541,52.21918949339217,4014.0,3016.0,Green Laser,manual
23570,111948,383,t,t,t,207544,43,89917,128,f,12.308,2025-05-15T01:49:59.875763Z,,,,1,50.64218806990115,48.69959530717374,4014.0,3016.0,Red Laser,manual
68567,78669,279,t,t,t,222255,57,117965,26,f,61.083000000000006,2025-10-16T16:22:14.787873Z,19894.0,,,1,49.24224516843486,44.45308830853989,4014.0,3016.0,Red Laser,prediction
68599,129446,471,t,t,t,223591,63,121879,10,f,85.34899999999999,2025-11-06T19:48:38.703147Z,20620.0,,,1,51.54459392127554,52.08885941644562,4014.0,3016.0,Green Laser,prediction
68978,78752,279,t,t,t,222338,57,118292,10,f,13.083,2025-10-21T01:33:25.903833Z,19956.0,,,1,49.332048307916814,46.44856362385201,4014.0,3016.0,Red Laser,prediction
68615,78710,279,t,t,t,222296,57,118250,10,f,34.431999999999995,2025-10-21T00:49:51.848579Z,,,,1,49.11348410336544,43.64076141000197,4014.0,3016.0,Red Laser,prediction
69191,129382,465,t,t,t,223420,61,126419,10,f,33.403,2025-11-14T03:23:33.001406Z,20481.0,,,1,49.11637271182556,43.2920247598933,4014.0,3016.0,Green Laser,prediction-changed
69200,78725,279,t,t,t,222311,57,118265,10,f,12.691,2025-10-21T01:04:44.438774Z,19938.0,,,1,47.80213864585986,39.75625703277025,4014.0,3016.0,Red Laser,prediction
69110,78721,279,t,t,t,222307,57,118261,10,f,13.122,2025-10-21T01:03:42.576837Z,19934.0,,,1,47.84247005306739,40.21021039649497,4014.0,3016.0,Red Laser,prediction
68882,78712,279,t,t,t,222298,57,118252,10,f,20.661,2025-10-21T00:55:23.457256Z,,,,1,49.08100736878891,43.48349895296691,4014.0,3016.0,Red Laser,prediction
68218,129297,465,t,t,t,223335,61,126334,10,f,27.155,2025-11-14T02:30:59.218959Z,20424.0,,,1,49.078226208271055,42.04244031830239,4014.0,3016.0,Green Laser,prediction
69245,129349,465,t,t,t,223387,61,126386,10,f,29.579,2025-11-14T03:01:14.003796Z,20458.0,,,1,48.82909815645242,42.07559681697613,4014.0,3016.0,Green Laser,prediction
68453,129370,465,t,t,t,223408,61,126407,10,f,73.084,2025-11-14T03:15:28.735137Z,20475.0,,,1,48.972951667075726,42.45528649413775,4014.0,3016.0,Green Laser,prediction-changed
68911,78723,279,t,t,t,222309,57,118263,10,f,7.972,2025-10-21T01:04:10.418112Z,19936.0,,,1,47.81456314810049,39.826776668765945,4014.0,3016.0,Red Laser,prediction
68594,78691,279,t,t,t,222277,57,117995,26,f,51.402,2025-10-16T16:31:22.532884Z,19909.0,,,1,48.70199500221582,41.94946967842693,4014.0,3016.0,Red Laser,manual
68343,102735,347,t,t,t,222967,60,120530,26,f,12.822,2025-10-29T15:26:31.892990Z,20187.0,,,1,49.05051880399432,40.94479650373176,4014.0,3016.0,Green Laser,prediction
69060,102738,347,t,t,t,222970,60,120533,26,f,8.937,2025-10-29T15:52:36.056708Z,20190.0,,,1,49.15577998007637,41.37653593400604,4014.0,3016.0,Green Laser,prediction
68959,78744,279,t,t,t,222330,57,118284,10,f,22.736,2025-10-21T01:29:25.199242Z,19955.0,,,1,55.24148077082995,69.21391456513561,4014.0,3016.0,Red Laser,prediction
68929,78667,279,t,t,t,222253,57,117943,4,f,35.197,2025-10-15T21:17:55.465335Z,19892.0,,,1,49.23664373060549,44.416092110287664,4014.0,3016.0,Red Laser,prediction
68385,129445,471,t,t,t,223590,63,121875,10,f,20.71,2025-11-06T19:48:04.064780Z,20619.0,,,1,51.24564025909317,50.86206896551724,4014.0,3016.0,Green Laser,prediction
69365,102777,347,t,t,t,223009,60,120870,26,f,49.538,2025-10-29T20:04:09.301377Z,20214.0,,,1,50.23354296605196,45.747915908175,4014.0,3016.0,Green Laser,prediction
68906,102785,347,t,t,t,223017,60,120893,26,f,36.314,2025-10-29T20:12:54.745909Z,20218.0,,,2,49.632243947665614,43.30925402467358,4014.0,3016.0,Green Laser,prediction
68393,129450,471,t,t,t,223595,63,121899,10,f,22.296,2025-11-06T19:51:23.095469Z,20624.0,,,1,52.09267563527653,54.50928381962865,4014.0,3016.0,Green Laser,prediction
69101,101299,341,t,t,t,222639,58,120432,10,f,8.648,2025-10-29T14:45:03.010144Z,20047.0,,,1,47.03983612090442,37.30299129518426,4014.0,3016.0,Red Laser,prediction
69115,102797,347,t,t,t,223029,60,121467,26,f,11.595,2025-11-04T03:59:38.311443Z,20224.0,,,1,50.05803065741087,42.12174300495022,4014.0,3016.0,Green Laser,prediction
69133,101258,341,t,t,t,222598,58,120315,10,f,32.63,2025-10-28T15:31:20.228067Z,20008.0,,,1,47.34843973383087,39.731207852251856,4014.0,3016.0,Red Laser,prediction
69254,101436,341,t,t,t,222776,58,121774,10,f,28.598,2025-11-06T01:41:47.400652Z,20153.0,,,1,46.53330885449007,36.26371985633045,4014.0,3016.0,Red Laser,prediction
68395,101407,341,t,t,t,222747,58,120725,10,f,14.926,2025-10-29T19:06:30.023560Z,20130.0,,,1,48.00854964823345,42.369832255488646,4014.0,3016.0,Red Laser,prediction
68814,129380,465,t,t,t,223418,61,126417,10,f,17.418,2025-11-14T03:21:45.668577Z,20479.0,,,1,49.47683109118087,44.860742705570296,4014.0,3016.0,Green Laser,prediction
68868,102778,347,t,t,t,223010,60,120875,26,f,45.84,2025-10-29T20:05:19.553766Z,20215.0,,,1,50.260547799950615,45.93722989061727,4014.0,3016.0,Green Laser,prediction
69073,101285,341,t,f,t,222625,58,120342,10,f,9.704,2025-10-28T15:43:15.178917Z,20035.0,,,1,48.43717115949462,43.22416162919773,4014.0,3016.0,Red Laser,prediction
68849,78702,279,t,t,t,222288,57,118340,10,f,27.985,2025-10-21T01:57:49.313571Z,19915.0,,,1,47.662434262276,36.56597774244833,4014.0,3016.0,Red Laser,prediction
60350,129295,465,t,f,t,159715,42,98947,33,f,13.775,2025-06-13T18:48:23.594305Z,,,,1,49.08784921900372,42.48086540122306,4014.0,3016.0,Green Laser,manual
69331,102969,347,t,t,t,223201,60,121640,26,f,18.47,2025-11-04T23:26:30.612143Z,20341.0,,,1,48.31371102843276,39.10894868508468,4014.0,3016.0,Green Laser,prediction
68954,101313,341,t,t,t,222653,58,120462,10,f,8.032,2025-10-29T14:51:15.915819Z,20061.0,,,1,46.94347231442416,37.01239056963204,4014.0,3016.0,Red Laser,prediction
68590,78689,279,t,t,t,222275,57,117990,26,f,57.433,2025-10-16T16:29:09.775806Z,19908.0,,,1,48.628034314722754,41.63167509756527,4014.0,3016.0,Red Laser,manual
60829,129220,466,t,t,t,155665,42,99441,62,t,17.492,2025-06-16T14:51:53.260272Z,,,,0,,,,,,
60829,129220,466,t,t,t,155665,42,101804,46,f,32.133,2025-06-24T15:47:26.883699Z,,,,1,50.73593511745473,48.29034566671393,4014.0,3016.0,Green Laser,manual
68229,129239,466,t,t,t,223523,62,122962,10,f,21.109,2025-11-08T03:34:30.327691Z,20566.0,,,1,51.170901843547576,50.19893899204244,4014.0,3016.0,Green Laser,prediction
69074,129265,465,t,t,t,223303,61,124864,10,f,9.858,2025-11-11T22:29:46.703556Z,20398.0,,,1,49.52665670154459,43.89920424403183,4014.0,3016.0,Green Laser,prediction
69180,129371,465,t,t,t,223409,61,126408,10,f,30.428,2025-11-14T03:16:00.505681Z,20476.0,,,1,48.960456349852805,42.41394398040608,4014.0,3016.0,Green Laser,prediction-changed
6913,102610,349,t,f,t,214401,43,97700,46,f,15.279,2025-06-08T14:34:05.819710Z,,,,1,49.186177375282334,50.32503965093768,4014.0,3016.0,Green Laser,manual
68252,129167,466,t,t,t,223451,62,122115,10,f,49.969,2025-11-07T01:51:30.455983Z,20506.0,,,1,53.761833582461385,50.895225464190986,4014.0,3016.0,Green Laser,prediction
68318,78734,279,t,t,t,222320,57,118274,10,f,27.862,2025-10-21T01:22:38.210791Z,19947.0,,,1,48.75688058772539,44.100204989617765,4014.0,3016.0,Red Laser,prediction
1844,129463,471,t,f,t,159616,42,86346,46,f,18.632,2025-04-25T15:02:42.421603Z,,,,1,51.41378745008375,50.921000306169496,4014.0,3016.0,Green Laser,manual
65305,129331,465,t,f,t,154856,42,103410,46,f,17.37,2025-06-27T16:14:23.894697Z,,,,1,49.48143332703864,44.448654922455056,4014.0,3016.0,Green Laser,manual
20559,129304,465,t,f,t,159847,42,86210,46,f,17.544,2025-04-25T14:11:46.876408Z,,,,1,48.62945164577282,40.46528944451818,4014.0,3016.0,Green Laser,manual
60773,129196,466,t,f,t,160167,42,87068,46,f,20.158,2025-05-02T16:27:20.746480Z,,,,1,53.36252082798356,51.43103683623673,4014.0,3016.0,Green Laser,manual
25260,129442,471,t,t,t,154617,42,102543,141,f,97.888,2025-06-26T22:09:03.695797Z,,,,1,51.35940632187744,51.38318458289379,4014.0,3016.0,Green Laser,manual
61040,129177,466,t,f,t,155467,42,102570,140,f,10.558,2025-06-26T22:11:42.335150Z,,,,1,52.56162076350955,47.91121926075138,4014.0,3016.0,Green Laser,manual
63195,129457,471,t,f,t,154621,42,103148,142,f,9.422,2025-06-26T23:59:37.229060Z,,,,1,51.6357408251487,52.0326650039454,4014.0,3016.0,Green Laser,manual
20571,129211,466,t,f,t,159906,42,103140,142,f,5.99,2025-06-26T23:58:16.101443Z,,,,1,53.3476999912809,51.00543130679225,4014.0,3016.0,Green Laser,manual
68580,78682,279,t,t,t,222268,57,117979,26,f,21.876,2025-10-16T16:25:12.941441Z,19902.0,,,1,45.26938645217321,27.411196891022534,4014.0,3016.0,Red Laser,prediction
23852,129399,471,t,t,t,155557,42,103267,138,f,32.025,2025-06-27T00:15:31.954252Z,,,,1,52.39048248949057,54.91918032837332,4014.0,3016.0,Green Laser,manual
49456,101431,341,t,f,t,98833,10,48459,57,f,14.123,2025-02-05T02:46:52.516908Z,,,,1,45.33087146290061,29.50720162126232,3987.0,3016.0,Red Laser,manual
6914,129178,466,t,f,t,159934,42,102826,139,f,4.723,2025-06-26T23:19:28.864758Z,,,,0,,,,,,
49536,102841,347,t,t,t,98964,10,19340,33,f,83.589,2024-12-30T17:39:09.828181Z,,,,1,51.17217011672388,21.408961420755087,3987.0,3016.0,Green Laser,manual
49572,102902,347,t,f,t,99023,10,17619,38,f,24.083,2024-12-19T00:26:46.350711Z,,,,1,49.47998706677295,41.70696782509787,3987.0,3016.0,Green Laser,manual
49422,101368,341,t,f,t,98774,10,33720,46,f,18.414,2025-01-22T18:44:06.283965Z,,,,1,44.46886315645631,25.851423537825276,3987.0,3016.0,Red Laser,manual
20326,129371,465,t,t,t,154869,42,84415,44,f,18.244,2025-04-16T15:15:11.835373Z,,,,1,48.93529395887914,42.42572093540237,4014.0,3016.0,Green Laser,manual
61090,129366,465,t,t,t,154939,42,86790,46,f,17.085,2025-04-30T15:45:39.688331Z,,,,1,48.90948794844533,42.14157859264977,4014.0,3016.0,Green Laser,manual
68871,129442,471,t,t,t,223587,63,121866,10,f,18.005,2025-11-06T19:46:51.457044Z,20616.0,,,1,51.370204285002494,51.39257294429708,4014.0,3016.0,Green Laser,prediction
25495,129382,465,t,t,t,159863,42,86735,46,f,18.054,2025-04-30T15:24:50.920167Z,,,,1,49.11584830130653,43.30221643772283,4014.0,3016.0,Green Laser,manual
23458,129412,471,t,f,t,154588,42,88019,46,f,22.823,2025-05-06T20:28:46.316037Z,,,,1,52.2766580056962,54.64819257179915,4014.0,3016.0,Green Laser,manual
25924,129276,465,t,f,t,159713,42,93277,2,f,4.723,2025-05-24T03:35:07.682630Z,,,,1,49.27609113568357,43.1664014063342,4014.0,3016.0,Green Laser,manual
68182,102733,347,t,f,t,196015,43,89791,128,f,14.633,2025-05-15T01:03:25.229546Z,,,,0,,,,,,
23255,111925,383,t,f,t,207630,43,89589,128,f,9.186,2025-05-14T18:02:01.925578Z,,,,1,50.57360609674058,46.29299625044022,4014.0,3016.0,Red Laser,manual
68498,129186,466,t,t,t,223470,62,122897,10,f,67.215,2025-11-08T03:01:00.945163Z,20521.0,,,1,53.31340308918784,50.53050397877984,4014.0,3016.0,Green Laser,prediction
68919,78724,279,t,t,t,222310,57,118264,10,f,7.964,2025-10-21T01:04:25.193392Z,19937.0,,,1,47.79738258739839,39.97065087770111,4014.0,3016.0,Red Laser,prediction
68485,129187,466,t,t,t,223471,62,122898,10,f,37.595,2025-11-08T03:01:39.699916Z,20522.0,,,1,53.48779272546089,51.293103448275865,4014.0,3016.0,Green Laser,prediction
24879,129451,471,t,f,t,159669,42,98557,62,f,17.627,2025-06-13T14:30:31.882005Z,,,,1,52.09860816487759,54.41676428128637,4014.0,3016.0,Green Laser,manual
68926,78730,279,t,t,t,222316,57,118270,10,f,35.786,2025-10-21T01:19:07.353990Z,19943.0,,,1,48.59758448858271,43.40442677544294,4014.0,3016.0,Red Laser,prediction
68621,102701,349,t,t,t,222957,59,120309,10,f,30.405,2025-10-28T01:17:24.627009Z,20183.0,,,1,48.62979571499751,47.08222811671088,4014.0,3016.0,Green Laser,prediction
68553,129237,466,t,t,t,223521,62,122960,10,f,27.354,2025-11-08T03:33:41.692123Z,20564.0,,,1,51.62586779589989,52.10991860087167,4014.0,3016.0,Green Laser,prediction-changed
68703,129443,471,t,t,t,223588,63,121869,10,f,14.511,2025-11-06T19:47:14.106822Z,20617.0,,,1,51.295465869456905,51.02785145888594,4014.0,3016.0,Green Laser,prediction
68688,101443,341,t,t,t,222783,58,121781,10,f,10.748,2025-11-06T01:44:10.290463Z,20160.0,,,1,47.029662869369496,38.35351296027558,4014.0,3016.0,Red Laser,prediction
68914,129368,465,t,t,t,223406,61,126405,10,f,136.929,2025-11-14T03:13:36.652494Z,20473.0,,,1,49.42700548081714,44.29708222811672,4014.0,3016.0,Green Laser,prediction
25082,102665,349,t,f,t,213887,43,89455,128,f,12.501,2025-05-14T12:29:47.331514Z,,,,1,48.383932316745046,46.70835932117404,4014.0,3016.0,Green Laser,manual
63468,129212,466,t,f,t,159932,42,90561,46,f,12.874,2025-05-17T14:09:24.725998Z,,,,1,52.60743910524936,47.85820291311597,4014.0,3016.0,Green Laser,manual
6839,129217,466,t,f,t,160554,42,90571,46,f,26.077,2025-05-17T14:14:07.902173Z,,,,1,53.55747059976461,52.083947392769744,4014.0,3016.0,Green Laser,manual
63244,129444,471,t,f,t,154464,42,101814,46,f,16.814,2025-06-24T15:51:23.667608Z,,,,1,51.917669174257,53.66703189285662,4014.0,3016.0,Green Laser,manual
737,129267,465,t,f,t,154886,42,97212,46,f,21.146,2025-06-07T15:24:57.262652Z,,,,1,49.10365126959746,42.48956327789956,4014.0,3016.0,Green Laser,manual
63007,129157,466,t,t,t,154200,42,101895,46,f,13.569,2025-06-24T16:23:17.525065Z,,,,1,51.87866466529688,49.92363926450993,4014.0,3016.0,Green Laser,manual
63189,129195,466,t,f,t,160330,42,101864,46,f,17.491,2025-06-24T16:11:05.005415Z,,,,1,52.56455974012007,47.920369139787184,4014.0,3016.0,Green Laser,manual
23844,129247,466,t,t,t,155407,42,102124,46,f,18.664,2025-06-24T17:35:07.835293Z,,,,1,51.628892956079,51.74178206572364,4014.0,3016.0,Green Laser,manual
60637,129206,466,t,f,t,159907,42,102143,46,f,15.946,2025-06-24T17:42:22.188336Z,,,,1,52.8582598253484,49.251588431461926,4014.0,3016.0,Green Laser,manual
68909,78718,279,t,t,t,222304,57,118258,10,f,33.41,2025-10-21T01:01:25.746982Z,19931.0,,,1,50.202447874793066,45.509824268179365,4014.0,3016.0,Green Laser,prediction
68598,78695,279,t,t,t,222281,57,118098,4,f,10.319,2025-10-17T18:28:00.388582Z,19911.0,,,1,49.759190641077325,46.65751402697108,4014.0,3016.0,Red Laser,prediction
68801,78738,279,t,t,t,222324,57,118278,10,f,46.232,2025-10-21T01:26:41.182415Z,19951.0,,,1,48.85698148689443,44.51510333863275,4014.0,3016.0,Red Laser,prediction
68716,78763,279,t,t,t,222349,57,118303,10,f,20.376,2025-10-21T01:38:30.791143Z,19967.0,,,1,49.01493891838587,44.86265885656479,4014.0,3016.0,Red Laser,prediction
69204,101369,341,t,t,t,222709,58,120524,10,f,24.096,2025-10-29T15:18:24.505591Z,20109.0,,,1,44.31770203334434,27.344992050874406,4014.0,3016.0,Red Laser,prediction
61727,129176,466,t,f,t,155471,42,86058,46,f,14.053,2025-04-24T19:14:05.719123Z,,,,1,52.46092592580703,47.50414929577094,4014.0,3016.0,Green Laser,manual
61609,129338,465,t,f,t,154758,42,97237,46,f,32.307,2025-06-07T15:35:47.058708Z,,,,0,,,,,,
25084,102682,349,t,t,t,214239,43,99887,45,f,21.665,2025-06-17T19:21:58.712031Z,,,,1,49.07763504879007,49.377288447021726,4014.0,3016.0,Green Laser,manual
55898,102948,347,t,f,t,99067,10,65140,33,f,6.832,2025-03-01T01:07:07.793874Z,,,,1,49.94631654183408,43.69502708549647,3987.0,3016.0,Green Laser,manual
63010,129454,471,t,f,t,154629,42,90754,46,f,54.003,2025-05-17T21:56:55.452721Z,,,,1,51.64500634621433,52.3786405905457,4014.0,3016.0,Green Laser,manual
61110,129200,466,t,f,t,160299,42,99333,62,f,23.362,2025-06-16T14:22:51.105889Z,,,,1,52.19160812451072,46.64470428445339,4014.0,3016.0,Green Laser,manual
20371,129166,466,t,t,t,155436,42,102537,138,f,31.956,2025-06-26T22:08:31.647288Z,,,,1,53.02173041150285,50.975829604826586,4014.0,3016.0,Green Laser,manual
61607,129170,466,t,f,t,155440,42,100614,33,f,42.922,2025-06-20T20:31:58.328753Z,,,,0,,,,,,
65078,129411,471,t,f,t,154463,42,102487,20,f,1.831,2025-06-26T18:57:53.992077Z,,,,0,,,,,,
6907,129386,465,t,f,t,154857,42,102869,139,f,6.27,2025-06-26T23:22:56.498794Z,,,,0,,,,,,
60982,129222,466,t,f,t,154845,42,112039,55,f,77.393,2025-08-22T07:28:38.468905Z,,,,0,,,,,,
49321,101259,341,t,f,t,98662,10,79325,55,f,7.047,2025-03-28T15:32:07.301445Z,,,,1,47.84491495008717,39.526695661742814,3987.0,3016.0,Red Laser,manual
49320,101258,341,t,t,t,98661,10,54558,30,f,12.8,2025-02-11T08:07:03.041680Z,,,,1,47.66908379523379,39.731207852251856,3987.0,3016.0,Red Laser,manual
49354,101294,341,t,f,t,98697,10,12010,20,f,11.121,2024-12-05T21:08:31.535929Z,,,,1,47.356959545544974,37.51390501267976,3987.0,3016.0,Red Laser,manual
49352,101290,341,t,f,t,98693,10,32663,20,f,13.271,2025-01-22T15:51:36.529674Z,,,,1,48.69562875435904,43.18758304509158,3987.0,3016.0,Red Laser,manual
49361,101301,341,t,f,t,98704,10,52307,55,f,12.787,2025-02-08T18:55:36.846355Z,,,,1,47.70495058028247,39.58437007292987,3987.0,3016.0,Red Laser,manual
49351,101289,341,t,t,t,98692,10,48192,62,f,5.436,2025-02-04T20:57:04.209637Z,,,,1,48.791095127320325,43.31425949300375,3987.0,3016.0,Red Laser,manual
60835,129291,465,t,f,t,154932,42,90382,46,f,17.888,2025-05-16T13:59:56.802619Z,,,,0,,,,,,
49442,101411,341,t,f,t,98813,10,39136,53,f,11.496,2025-01-27T23:37:05.200580Z,,,,1,45.67187857304729,30.98212649973392,3987.0,3016.0,Red Laser,manual
49444,101410,341,t,f,t,98815,10,39840,62,f,36.298,2025-01-28T20:10:18.981725Z,,,,1,45.64651640035938,30.75045182884973,3987.0,3016.0,Red Laser,manual
49547,102866,347,t,f,t,98985,10,12660,20,f,11.286,2024-12-06T16:55:22.767858Z,,,,1,47.96515370532772,35.40117248026924,3987.0,3016.0,Green Laser,manual
49545,102862,347,t,f,t,98983,10,56297,55,f,9.541,2025-02-12T13:19:25.975105Z,,,,1,47.96466310661056,35.40761304571771,3987.0,3016.0,Green Laser,manual
49574,102904,347,t,f,t,99025,10,28338,62,f,6.489,2025-01-18T18:12:38.722887Z,,,,1,49.5864892217935,41.89143471533668,3987.0,3016.0,Green Laser,manual
49576,102906,347,t,f,t,99027,10,21229,46,f,19.618,2025-01-07T20:53:19.065614Z,,,,1,49.95975069207626,43.88368974983426,3987.0,3016.0,Green Laser,manual
49650,103014,347,t,f,t,99135,10,71530,89,f,4.83,2025-03-13T01:09:18.989085Z,,,,1,50.36098474729459,45.47931351687587,3987.0,3016.0,Green Laser,manual
68185,102781,347,t,f,t,196034,43,113166,55,f,18.78,2025-08-25T11:28:06.796534Z,,,,0,,,,,,
2669,129213,466,t,f,t,159969,42,90739,46,f,22.047,2025-05-17T21:50:12.173144Z,,,,1,52.79547867383979,48.52927157687304,4014.0,3016.0,Green Laser,manual
49324,101262,341,t,f,t,98665,10,25713,53,f,21.108,2025-01-15T18:39:38.778585Z,,,,1,47.75229374578368,39.18325662913523,3987.0,3016.0,Red Laser,manual
49389,101338,341,t,t,t,98740,10,27004,46,f,20.617,2025-01-17T21:05:26.407486Z,,,,1,46.93028133487744,37.3364232622339,3987.0,3016.0,Red Laser,manual
49513,102802,347,t,f,t,98924,10,79182,55,f,8.204,2025-03-28T15:15:39.951718Z,,,,1,49.73767352271664,42.4785175254033,3987.0,3016.0,Green Laser,manual
43086,78718,279,t,t,t,84371,10,66410,32,f,12.418,2025-03-04T14:50:28.777613Z,,,,1,50.54241930509641,45.509824268179365,3987.0,3016.0,Green Laser,manual
43083,78716,279,t,t,t,84365,10,28578,62,f,8.717,2025-01-18T19:28:21.178756Z,,,,1,49.91089769121477,45.55714079606643,3987.0,3016.0,Red Laser,manual
43101,78728,279,t,t,t,84404,10,20318,16,f,12.212,2025-01-06T01:46:25.041169Z,,,,1,48.95974915591656,43.72963692387446,3987.0,3016.0,Red Laser,manual
43093,78724,279,t,t,t,84383,10,37465,46,f,13.897,2025-01-26T16:37:37.487185Z,,,,1,48.12106689385933,39.97065087770111,3987.0,3016.0,Red Laser,manual
49408,101359,341,t,f,t,98760,10,39431,76,f,39.024,2025-01-28T17:16:53.359992Z,,,,1,46.74671378179743,35.489550597643124,3987.0,3016.0,Red Laser,manual
49521,102811,347,t,f,t,98934,10,68459,33,f,14.985,2025-03-07T18:32:45.820644Z,,,,1,49.94542484956052,43.35145593444854,3987.0,3016.0,Green Laser,manual
49519,102813,347,t,f,t,98932,10,21413,48,f,68.553,2025-01-07T21:51:52.334334Z,,,,1,49.89912161311146,43.255746301523445,3987.0,3016.0,Green Laser,manual
49403,101350,341,t,t,t,98754,10,13700,30,f,22.171,2024-12-12T06:05:35.013243Z,,,,1,45.34404285933633,29.11910694931888,3987.0,3016.0,Red Laser,manual
49517,102809,347,t,f,t,98930,10,13247,27,f,16.521,2024-12-10T22:20:28.918134Z,,,,1,50.00601332100836,43.63874596405179,3987.0,3016.0,Green Laser,manual
49659,103042,347,t,t,t,99162,10,62908,46,f,14.419,2025-02-24T15:55:19.189423Z,,,,1,49.82046162852999,43.42876388383367,3987.0,3016.0,Green Laser,manual
55894,101425,341,t,f,t,98826,10,14163,33,f,14.697,2024-12-12T18:21:47.665624Z,,,,1,47.67159079613271,39.54907419661888,3987.0,3016.0,Red Laser,manual
55896,102861,347,t,f,t,98979,10,35303,33,f,6.977,2025-01-23T15:17:52.190557Z,,,,1,47.942533243566096,35.34933133506119,3987.0,3016.0,Green Laser,manual
59389,78776,279,t,f,t,116180,10,75370,96,f,197.169,2025-03-16T18:30:12.252070Z,,,,1,49.32471844576023,44.14312917732835,3987.0,3016.0,Red Laser,manual
58770,78670,279,t,t,t,115850,10,17015,33,f,12.372,2024-12-17T18:20:09.578938Z,,,,1,49.59380179325208,44.46816842266416,3987.0,3016.0,Red Laser,manual
58785,78679,279,t,t,t,115883,10,22446,40,f,18.885,2025-01-10T00:27:39.808712Z,,,,1,50.02006454032237,46.24958689961992,3987.0,3016.0,Red Laser,manual
59240,78732,279,t,t,t,116042,10,77985,55,f,9.257,2025-03-24T20:06:35.045624Z,,,,1,48.99444310056546,43.75247037329981,3987.0,3016.0,Red Laser,manual
49556,102873,347,t,f,t,98994,10,63433,76,f,12.987,2025-02-25T21:33:26.011834Z,,,,1,47.40640626335304,33.16177613036805,3987.0,3016.0,Green Laser,manual
49554,102869,347,t,t,t,98992,10,33479,62,f,14.717,2025-01-22T17:26:32.979889Z,,,,1,44.95952426662686,23.85630341431941,3987.0,3016.0,Green Laser,manual
49329,101267,341,t,f,t,98670,10,34699,62,f,5.186,2025-01-23T00:52:13.410481Z,,,,1,48.47626240859352,42.34404536862004,3987.0,3016.0,Red Laser,manual
49430,101396,341,t,f,t,98800,10,22293,40,f,19.552,2025-01-09T22:53:24.464819Z,,,,1,45.87627653624107,31.62870931641604,3987.0,3016.0,Red Laser,manual
49632,102986,347,t,f,t,99105,10,49293,62,f,4.86,2025-02-05T20:37:48.708944Z,,,,1,50.14995077403788,44.67408585055644,3987.0,3016.0,Green Laser,manual
49629,102981,347,t,f,t,99100,10,55942,76,f,14.817,2025-02-11T21:24:20.019440Z,,,,1,49.42820645836342,41.673313688020926,3987.0,3016.0,Green Laser,manual
49642,102996,347,t,f,t,99117,10,56967,62,f,11.697,2025-02-13T14:56:46.569100Z,,,,1,50.45501118544339,45.65754439389544,3987.0,3016.0,Green Laser,manual
49647,103008,347,t,t,t,99128,10,22927,29,f,12.869,2025-01-10T17:58:20.768298Z,,,,1,49.47613504074505,42.32085454988992,3987.0,3016.0,Green Laser,manual
49660,103043,347,t,t,t,99165,10,40017,33,f,7.74,2025-01-28T21:07:45.645959Z,,,,1,49.76718834002217,43.234647109398985,3987.0,3016.0,Green Laser,manual
68183,102760,347,t,f,t,196027,43,89818,128,f,19.577,2025-05-15T01:19:33.140299Z,,,,0,,,,,,
68187,102845,347,t,f,t,196061,43,100316,46,f,82.388,2025-06-20T14:19:30.483170Z,,,,0,,,,,,
68190,102895,347,t,f,t,196074,43,85563,46,f,39.738,2025-04-23T15:27:41.663167Z,,,,0,,,,,,
59167,78695,279,t,t,t,115934,10,59166,33,f,182.922,2025-02-15T22:11:56.567335Z,,,,1,50.096160329391616,46.65751402697108,3987.0,3016.0,Red Laser,manual
20368,129242,466,t,t,t,155419,42,84483,46,f,20.831,2025-04-16T15:44:55.515118Z,,,,1,50.57069081169854,47.79668086337264,4014.0,3016.0,Green Laser,manual
43043,78681,279,t,t,t,84269,10,66069,47,f,14.308,2025-03-03T23:05:56.776171Z,,,,1,50.02055236814272,46.1881433611258,3987.0,3016.0,Red Laser,manual
43123,78744,279,t,t,t,84452,10,65406,55,f,33.519,2025-03-01T13:37:14.143786Z,,,,1,55.61557657740441,69.21391456513561,3987.0,3016.0,Red Laser,manual
43180,78781,279,t,f,t,84554,10,65707,46,f,56.315,2025-03-02T16:22:03.849768Z,,,,1,49.29667702224749,44.07274502321797,3987.0,3016.0,Red Laser,manual
43209,78797,279,t,f,t,84611,10,46979,76,f,37.519,2025-02-03T18:43:21.157636Z,,,,1,48.94609694845988,42.22314806343385,3987.0,3016.0,Red Laser,manual
43213,78800,279,t,f,t,84617,10,11833,25,f,24.873,2024-12-05T20:48:52.366150Z,,,,1,49.13655314514144,42.9407965730794,3987.0,3016.0,Red Laser,manual
43103,78730,279,t,t,t,84410,10,24746,55,f,19.085,2025-01-14T13:45:18.286505Z,,,,1,48.92668776954377,43.40442677544294,3987.0,3016.0,Red Laser,manual
49378,101318,341,t,f,t,98721,10,27797,59,f,28.79,2025-01-18T10:42:01.859063Z,,,,1,47.09304610211133,36.81066819974266,3987.0,3016.0,Red Laser,manual
49373,101313,341,t,t,t,98716,10,54447,55,f,12.133,2025-02-10T20:25:30.213979Z,,,,1,47.261373932806265,37.01239056963203,3987.0,3016.0,Red Laser,manual
61232,129350,465,t,f,t,159628,42,100593,33,f,12.682,2025-06-20T20:21:09.857192Z,,,,1,49.26095460242555,43.53659065199339,4014.0,3016.0,Green Laser,manual
69067,101281,341,t,f,t,222621,58,120338,10,f,10.278,2025-10-28T15:42:32.738514Z,20031.0,,,1,48.40986458858878,43.120683722238695,4014.0,3016.0,Red Laser,prediction
68239,129410,471,t,f,t,223555,63,121802,10,f,17.856,2025-11-06T02:06:35.888297Z,20594.0,,,1,52.01793721973094,53.48143236074271,4014.0,3016.0,Green Laser,prediction
6799,4901,84,t,t,t,211153,43,100493,46,f,29.347,2025-06-20T15:26:57.291103Z,,,,1,48.92601101033222,43.03488938527117,4014.0,3016.0,Red Laser,manual
69247,129210,466,t,f,t,223494,62,122927,10,f,31.224,2025-11-08T03:18:44.745910Z,20542.0,,,1,53.31340308918784,50.92838196286472,4014.0,3016.0,Green Laser,prediction
22286,4907,84,t,t,t,211575,43,85285,46,f,25.72,2025-04-22T21:12:00.874013Z,,,,1,48.87850857076798,42.917200457236255,4014.0,3016.0,Red Laser,manual
69381,102836,347,t,f,t,223068,60,121506,26,f,21.287,2025-11-04T04:37:25.776046Z,20251.0,,,1,49.9024442076376,44.71350398191013,4014.0,3016.0,Green Laser,prediction
68311,103017,347,t,f,t,223249,60,121821,26,f,12.522,2025-11-06T19:34:08.733455Z,20374.0,,,1,49.98398897839117,45.33706504965506,4014.0,3016.0,Green Laser,prediction
69339,102987,347,t,f,t,223219,60,121658,26,f,162.456,2025-11-05T03:09:56.533973Z,20355.0,,,1,49.71082175356996,44.26664264479732,4014.0,3016.0,Green Laser,prediction
68507,102826,347,t,f,t,223058,60,121496,26,f,18.779,2025-11-04T04:14:36.295118Z,,,,0,,,,,,
69394,102903,347,t,f,t,223135,60,121574,26,f,36.762,2025-11-04T18:46:41.619945Z,20290.0,,,1,49.16186656705557,41.76386271178302,4014.0,3016.0,Green Laser,prediction
69203,102845,347,t,f,t,223077,60,121515,26,f,10.74,2025-11-04T04:41:19.612275Z,,,,0,,,,,,
69379,102855,347,t,f,t,223087,60,121525,26,f,9.547,2025-11-04T04:44:24.287139Z,20255.0,,,1,49.30808994455166,42.204043006060346,4014.0,3016.0,Green Laser,prediction
68727,102992,347,t,f,t,223224,60,121663,26,f,30.046,2025-11-05T03:15:19.972928Z,20358.0,,,1,50.08451116503686,45.70865671257013,4014.0,3016.0,Green Laser,prediction
68790,129259,465,t,f,t,223297,61,124852,10,f,41.556,2025-11-11T22:28:19.495096Z,20393.0,,,1,48.38066766317887,39.55570291777188,4014.0,3016.0,Green Laser,prediction
68310,129269,465,t,f,t,223307,61,124942,10,f,31.05,2025-11-11T23:16:11.884747Z,20402.0,,,1,49.10313901345291,42.47347480106101,4014.0,3016.0,Green Laser,prediction
69062,101280,341,t,f,t,222620,58,120337,10,f,11.495,2025-10-28T15:42:21.198157Z,20030.0,,,1,48.37103181226933,43.11745899733263,4014.0,3016.0,Red Laser,prediction
68435,102815,347,t,f,t,223047,60,121485,26,f,21.077,2025-11-04T04:09:33.549808Z,20239.0,,,1,49.58307268260687,43.28065718344581,4014.0,3016.0,Green Laser,prediction
69051,101276,341,t,f,t,222616,58,120333,10,f,85.362,2025-10-28T15:41:12.707299Z,20026.0,,,1,48.40178521977075,43.303927943663176,4014.0,3016.0,Red Laser,prediction
69084,101293,341,t,f,t,222633,58,120350,10,f,51.879,2025-10-28T15:50:45.941156Z,20041.0,,,1,47.04428090052916,37.63275475244097,4014.0,3016.0,Red Laser,prediction-changed
68253,101320,341,t,f,t,222660,58,120474,10,f,8.553,2025-10-29T14:52:36.157586Z,20068.0,,,1,46.76871054368928,36.7468216030564,4014.0,3016.0,Red Laser,prediction
23001,121672,437,t,f,t,218843,42,103108,143,f,7.868,2025-06-26T23:54:14.586778Z,,,,1,52.30194283034929,45.10743821253328,4014.0,3016.0,Green Laser,manual
23001,121672,437,t,f,t,218843,42,103112,141,f,48.493,2025-06-26T23:54:38.605133Z,,,,1,52.31433145557509,45.09811878705215,4014.0,3016.0,Green Laser,manual
69257,101446,341,t,f,t,222786,58,121784,10,f,34.796,2025-11-06T01:45:11.704793Z,20163.0,,,1,46.46788703765755,35.6120826709062,4014.0,3016.0,Red Laser,prediction
69384,102819,347,t,f,t,223051,60,121489,26,f,28.129,2025-11-04T04:11:25.570923Z,20241.0,,,1,50.14171965799097,45.669589785505735,4014.0,3016.0,Green Laser,prediction
69124,129420,471,t,f,t,223565,63,121812,10,f,111.732,2025-11-06T02:10:48.787184Z,20602.0,,,1,51.58534703243646,51.846222994328414,4014.0,3016.0,Green Laser,prediction-changed
68233,102925,347,t,f,t,223157,60,121596,26,f,145.49,2025-11-04T23:00:37.868871Z,20312.0,,,1,49.21903682402746,42.04460335114536,4014.0,3016.0,Green Laser,prediction
68316,129421,471,t,f,t,223566,63,121813,10,f,25.679,2025-11-06T02:11:16.226275Z,20603.0,,,1,51.54459392127554,51.690981432360736,4014.0,3016.0,Green Laser,prediction
68290,102990,347,t,f,t,223222,60,121661,26,f,27.457,2025-11-05T03:12:05.036004Z,20357.0,,,1,49.755329591270495,44.378057477216814,4014.0,3016.0,Green Laser,prediction
68744,103028,347,t,f,t,223260,60,121836,26,f,25.003,2025-11-06T19:39:47.037022Z,20379.0,,,1,47.13236067509226,33.37378705347695,4014.0,3016.0,Green Laser,prediction
68304,103002,347,t,f,t,223234,60,121673,26,f,22.634,2025-11-05T03:24:54.881165Z,20366.0,,,1,49.61856796598354,43.80475760912088,4014.0,3016.0,Green Laser,prediction
68372,78792,279,t,f,t,222378,57,118332,10,f,6.396,2025-10-21T01:54:01.835304Z,19995.0,,,1,48.73805674492741,42.62808830589388,4014.0,3016.0,Red Laser,prediction
68825,78805,279,t,f,t,222391,57,118116,4,f,12.783,2025-10-17T18:35:15.366671Z,20005.0,,,1,49.39837757878488,45.74891988799366,4014.0,3016.0,Red Laser,prediction
