id,image_id,x,y,superseded,completed,label_studio_project_id,updated_at
69037,129437,2090.0,1633.0,f,t,63,2025-11-06 19:44:38.698355+00
68296,78700,1908.0893074351416,1107.7490574828994,f,t,57,2025-10-21 01:56:52.386386+00
68425,129461,2076.0,1577.0,f,t,63,2025-11-06 19:56:24.371259+00
68364,129296,1970.0,1279.0,f,t,61,2025-11-14 02:30:31.10726+00
68796,129344,1983.12332171214,1323.780830187217,f,t,61,2025-11-14 02:58:37.286327+00
69171,129345,1984.9345033098823,1329.345032379165,f,t,61,2025-11-14 02:59:08.186232+00
68480,101278,1942.227976490205,1306.2786918886393,f,t,58,2025-10-28 15:41:54.043519+00
69041,101261,1905.1118728935696,1185.0585589659129,f,t,58,2025-10-28 15:32:00.810972+00
68285,129205,2130.0000000000005,1508.9999999999998,f,t,62,2025-11-08 03:15:53.850988+00
68639,101302,1902.5308156833112,1194.6001103983822,f,t,58,2025-10-29 14:47:12.617289+00
68608,129402,2055.0,1503.0,f,t,63,2025-11-06 02:03:03.512395+00
69091,101363,1855.7772459064563,1052.81842322214,f,t,58,2025-10-29 15:15:56.967873+00
68787,129460,2076.0,1576.0,f,t,63,2025-11-06 19:55:28.538841+00
68372,78792,1956.3455977413864,1285.6631433057594,f,t,57,2025-10-21 01:54:01.954798+00
68825,78805,1982.850876012425,1379.7874238218888,f,t,57,2025-10-21 01:12:58.522554+00
68583,129341,1965.0,1266.0,f,t,61,2025-11-14 02:56:36.221234+00
68438,129462,2033.0,1443.0,f,t,63,2025-11-06 19:56:15.87965+00
68292,101346,1809.507685059513,890.8705469493659,f,t,58,2025-10-29 15:03:54.087873+00
68937,102927,1975.1507848101664,1264.220689415994,f,t,60,2025-11-04 23:01:53.242896+00
68974,101343,1807.3718942550267,890.7441210410735,f,t,58,2025-10-29 15:02:48.930044+00
68887,102835,2003.7688423283669,1350.1048482094327,f,t,60,2025-11-04 04:37:03.392404+00
68970,102946,1991.035012137736,1316.7791161123823,f,t,60,2025-11-04 23:13:47.020075+00
68484,102610,1974.0,1518.0,f,t,59,2025-10-28 00:14:52.09683+00
68931,102922,1974.1152749254843,1264.3845284654378,f,t,60,2025-11-04 22:54:18.466434+00
69053,101366,1816.9273942720267,915.7939900787104,f,t,58,2025-10-29 15:17:53.264965+00
69258,102557,1952.0,1435.0,f,t,59,2025-10-27 23:36:06.016778+00
69302,102867,1909.606315880366,1061.1416566562743,f,t,60,2025-11-04 18:27:56.192427+00
68719,102993,2009.8115670306745,1377.7115917508468,f,t,60,2025-11-05 03:17:01.761148+00
69390,102870,1908.1271358013903,1055.7606981916165,f,t,60,2025-11-04 18:29:25.907986+00
69029,129426,2086.0000000000005,1612.0,f,t,63,2025-11-06 19:39:21.994787+00
69139,102806,1980.46145318582,1274.033552433859,f,t,60,2025-11-04 04:04:03.131172+00
69310,102890,1935.18274500798,1136.897023545983,f,t,60,2025-11-04 18:38:45.059489+00
68255,101321,1877.049511964988,1113.4999510526752,f,t,58,2025-10-29 14:52:50.104745+00
68793,103030,,,f,t,60,2025-11-06 19:41:06.809944+00
68409,129200,2097.225253877202,1404.0329915703217,f,t,62,2025-11-08 03:13:30.394611+00
68389,129304,1952.0,1219.9999999999998,f,t,61,2025-11-14 02:35:32.374795+00
69229,129175,2104.0000000000005,1423.0,f,t,62,2025-11-07 01:59:28.57735+00
68271,129184,2150.0,1571.0,f,t,62,2025-11-08 02:59:25.905736+00
68503,129213,2119.0000000000005,1464.0,f,t,62,2025-11-08 03:20:08.530685+00
68840,129188,2137.0,1524.9999999999998,f,t,62,2025-11-08 03:02:33.41+00
68384,129300,1966.0,1265.0,f,t,61,2025-11-14 02:32:42.843851+00
69208,129393,1953.3325468534524,1231.3349055623082,f,t,61,2025-11-14 03:28:43.420365+00
43254,79433,2217.473617854036,2087.5694695514494,t,t,10,2025-02-26 19:22:40.276128+00
59125,77642,2157.517265172344,1373.5416946321682,t,t,10,2025-02-13 16:59:33.205435+00
43221,78806,1999.4596389087185,1561.526455743577,t,t,10,2025-01-23 21:29:10.125546+00
59162,78689,2320.532170348703,487.038119498723,t,t,10,2025-02-11 15:31:41.467806+00
58779,78676,2320.762612098485,1220.4341072446496,t,t,10,2025-01-17 14:27:44.18092+00
69130,78806,1999.4596389087185,1561.526455743577,t,t,57,2025-10-21 01:14:17.112834+00
58781,78677,2192.074195707996,1143.7798908471648,t,t,10,2025-02-12 21:35:44.869058+00
49374,101314,1889.1955484896664,1117.2146263910972,t,t,10,2025-01-22 17:10:02.338852+00
69052,101272,1940.8301650123583,1283.6631990069918,t,t,58,2025-10-28 15:35:53.156973+00
49359,101299,1888.1790218931037,1125.0582174627573,t,t,10,2025-01-28 23:13:38.523292+00
69065,101372,1769.322734499205,743.2114467408585,t,t,58,2025-10-29 17:44:07.27409+00
68660,101358,1860.4260731319555,1074.060413354531,t,t,58,2025-10-29 15:06:48.46936+00
49334,101272,1940.8301650123583,1283.6631990069918,t,t,10,2025-02-07 19:01:54.151604+00
68240,101314,1889.1955484896664,1117.2146263910972,t,t,58,2025-10-29 14:51:25.613997+00
49423,101372,1769.3227344992051,743.2114467408585,t,t,10,2025-01-22 16:26:17.709078+00
49410,101358,1860.4260731319555,1074.060413354531,t,t,10,2025-01-30 22:04:06.821219+00
49420,101369,1778.9125596184415,824.724960254372,t,t,10,2025-01-22 17:23:36.376482+00
68631,101300,1898.870471339968,1199.374650439782,t,t,58,2025-10-29 14:49:51.948738+00
68350,101338,1871.1103168215632,1126.0665255889744,t,t,58,2025-10-29 15:01:34.273417+00
66029,101329,2149.618405619524,1641.001182796888,t,t,43,2025-05-15 01:39:28.604948+00
69009,101353,1808.9271787774849,877.2174086002769,t,t,58,2025-10-29 15:05:30.536636+00
49405,101353,1808.9271787774849,877.217408600277,t,t,10,2025-02-25 02:35:58.104028+00
49555,102872,1913.095704927524,1057.8546111543878,t,t,10,2025-01-21 15:58:08.693067+00
49483,102743,2069.8757931000896,1411.7721217005371,t,t,10,2025-01-07 17:31:57.386367+00
69393,102872,1913.095704927524,1057.8546111543876,t,t,60,2025-11-04 18:30:56.298707+00
49484,102744,1976.9425458309108,1436.8514084177891,t,t,10,2025-01-22 17:31:07.8034+00
49488,102756,2105.943382770615,1439.399429603929,t,t,10,2025-02-05 20:43:28.608175+00
68276,102756,2103.7399950409413,1437.5533395053762,t,t,60,2025-10-29 17:29:43.061496+00
68679,102764,2005.4758963000463,1343.5564269912968,t,t,60,2025-10-29 17:42:51.966989+00
49485,102749,1923.217987428826,1378.7323393841411,t,t,10,2025-01-18 17:39:32.164146+00
49495,102768,2010.387656108355,1358.4132057049355,t,t,10,2025-02-25 18:24:40.305981+00
68990,103008,1972.6135040745053,1276.39697322468,t,t,60,2025-11-05 03:28:48.842093+00
68489,102768,2010.3876561083557,1358.4132057049358,t,t,60,2025-10-29 17:44:22.124803+00
49619,102969,1939.3123606812908,1179.5258923421538,t,t,10,2025-01-22 23:01:55.79799+00
49656,103023,2037.7141963788315,1440.424646182054,t,t,10,2025-02-26 16:44:17.138184+00
68650,102950,1925.775647577557,1128.038869779378,t,t,60,2025-11-04 23:16:17.497962+00
68247,102956,1922.7599364069956,1122.0095389507153,t,t,60,2025-11-04 23:20:18.719181+00
49658,103036,1949.684575389948,893.8232235701906,t,t,10,2025-02-13 15:11:08.286666+00
69345,103019,2072.231102461688,1271.6220345781103,t,t,60,2025-11-06 19:35:44.440187+00
49654,103019,2072.2311024616884,1271.62203457811,t,t,10,2025-02-05 20:56:12.015675+00
66030,102826,1785.274148389105,963.8802023004936,t,t,43,2025-04-22 21:05:04.566554+00
68819,103036,1949.9205050636076,900.901146320004,t,t,60,2025-11-06 19:43:55.240706+00
68674,102914,1980.298887122417,1294.6263910969794,t,t,60,2025-11-04 18:52:47.523135+00
66032,103024,2123.056576351938,1375.695900475745,t,t,43,2025-06-17 19:50:17.381925+00
69206,102828,1929.8518790444896,1106.2741392007465,t,t,60,2025-11-04 04:34:12.078122+00
68581,102841,2040.2344225537809,645.6942764499734,t,t,60,2025-11-04 04:40:17.982683+00
49586,102914,1980.2988871224168,1294.6263910969794,t,t,10,2025-02-07 18:55:05.708389+00
24641,102699,1953.9848799551487,1426.5048722681115,t,t,43,2025-05-13 18:10:44.599621+00
24639,102701,1951.8584115441504,1419.8446335380884,t,t,43,2025-05-15 02:10:01.87255+00
68635,102699,1954.0,1427.0,t,t,59,2025-10-28 01:15:46.003773+00
24640,102704,1946.5762319795224,1402.797198746108,t,t,43,2025-05-14 18:28:02.93993+00
68657,102704,1947.0,1403.0,t,t,59,2025-10-28 01:19:49.550048+00
13466,102575,2129.9216225162286,1593.7198939328666,t,t,43,2025-05-14 17:34:18.760399+00
69412,111925,2031.6296763115013,1397.8018962652875,f,t,70,2025-12-09 01:12:01.704715+00
69399,111912,2080.938825983163,1470.167304870993,t,t,70,2025-12-09 01:02:53.472394+00
21361,111912,2080.938825983163,1469.0364118486984,t,t,43,2025-05-14 18:05:26.753226+00
12176,118342,1825.7526246233967,1296.4833786072147,t,t,43,2025-05-14 18:39:12.730987+00
23967,118326,1945.1228901414788,1349.919156643287,t,t,43,2025-05-13 13:36:48.501274+00
24499,118355,1828.5255086574375,1307.0593107876075,t,t,43,2025-04-22 21:02:30.90499+00
12153,118534,1806.6258055257997,1310.232811909165,t,t,43,2025-06-17 18:54:43.751867+00
23976,118357,1827.660023322744,1307.196005268626,t,t,43,2025-05-14 18:29:54.971139+00
65058,129232,2051.8811668105845,1499.4683343993545,t,t,42,2025-06-16 15:31:32.881913+00
68724,129232,2050.3405256609367,1499.2047401801071,t,t,62,2025-11-08 03:31:21.662904+00
63486,129152,2019.2572696679,1301.055035248103,t,t,42,2025-04-16 10:46:13.678648+00
65891,129229,2069.7421417920987,1564.798886983812,t,t,42,2025-05-23 15:17:18.045372+00
65321,129153,2058.717161530738,1433.87487344447,t,t,42,2025-04-29 19:53:32.067003+00
68539,129226,2060.805213206685,1534.5843610220263,t,t,62,2025-11-08 03:28:38.906759+00
61027,129228,2069.705821498941,1562.9664901380552,t,t,42,2025-04-24 15:25:19.778291+00
63736,129234,2047.8248316319505,1488.6955922033303,t,t,42,2025-05-15 17:35:25.429682+00
68548,129236,2060.8056697903057,1533.604253006667,t,t,62,2025-11-08 03:33:13.277964+00
68988,129228,2069.4262101558115,1562.540967620276,t,t,62,2025-11-08 03:29:46.53071+00
61173,129244,2043.4417762160256,1481.4079744973997,t,t,42,2025-05-06 20:17:21.821498+00
59393,129226,2060.9677246712504,1534.2620941684436,t,t,42,2025-05-29 21:59:33.675371+00
61095,129235,2046.5320398711751,1488.3817859177725,t,t,42,2025-05-02 16:17:49.355542+00
68379,129152,2019.0,1301.0000000000002,t,t,62,2025-11-07 01:44:49.442211+00
6825,129237,2072.7219479408886,1571.3869270459695,t,t,42,2025-06-13 16:03:33.728307+00
56541,129238,2060.9828218651583,1538.6021392868938,t,t,42,2025-06-24 16:10:28.700807+00
20363,129239,2053.7489901856325,1514.4680537802008,t,t,42,2025-06-13 16:10:29.57638+00
65319,129236,2060.4408940682565,1533.2270793250111,t,t,42,2025-06-21 15:02:24.51834+00
69299,129320,1961.0,1274.0,t,t,61,2025-11-14 02:42:14.109743+00
65320,129240,2053.653670909569,1508.65001200475,t,t,42,2025-06-27 00:12:24.109257+00
68562,129238,2061.911299450662,1538.739628442293,t,t,62,2025-11-08 03:34:08.152234+00
63021,129452,2048.2756283671965,1515.4431586261785,t,t,42,2025-06-13 14:45:33.441389+00
23774,129265,1988.1299322202933,1323.9572029738674,t,t,42,2025-05-17 14:30:16.746748+00
69177,129364,1972.0,1312.0,t,t,61,2025-11-14 03:08:42.378347+00
63248,129249,2033.8433666504463,1429.4857101429748,t,t,42,2025-06-29 14:16:22.042119+00
24026,129263,1985.146587004968,1313.6471421964202,t,t,42,2025-06-27 16:29:12.176847+00
6728,129243,2027.172583011615,1433.450258925365,t,t,42,2025-05-17 22:35:48.875044+00
68231,129358,1935.631861109602,1195.5791151045278,t,t,61,2025-11-14 03:06:23.304311+00
61109,129241,2059.072737607294,1532.5814704257748,t,t,42,2025-05-23 15:29:56.519141+00
68863,129243,2028.3505946019352,1433.8103576515618,t,t,62,2025-11-08 03:36:53.100838+00
68264,129246,2057.198537860269,1529.5343086802393,t,t,62,2025-11-08 03:38:40.682555+00
68865,129248,2059.352700062061,1517.0000000000002,t,t,62,2025-11-08 03:39:49.99744+00
68800,129353,1945.421361101758,1223.052427088542,t,t,61,2025-11-14 03:03:47.778249+00
68573,129241,2059.381064201791,1532.6189353795053,t,t,62,2025-11-08 03:35:49.900899+00
23740,129474,2029.0909591434947,1450.1394771754558,t,t,42,2025-04-18 15:42:36.873195+00
21979,129358,1938.1168806997605,1196.875969425755,t,t,42,2025-06-13 15:21:20.105624+00
62550,129359,1934.9542773624307,1183.485327335797,t,t,42,2025-05-16 14:13:50.825844+00
707,129381,1973.2466142207136,1320.614482522734,t,t,42,2025-06-13 15:32:33.060992+00
56490,129245,2021.421728531244,1415.1725704775668,t,t,42,2025-05-08 22:38:10.296186+00
22901,129364,1972.4781670761715,1312.0856177392575,t,t,42,2025-04-29 20:55:31.264874+00
23843,129248,2059.9507823242343,1517.2009733148186,t,t,42,2025-06-26 23:32:41.773719+00
69189,129381,1972.828821115766,1319.1170302044616,t,t,61,2025-11-14 03:22:58.349078+00
68441,129474,2029.0,1450.0,t,t,63,2025-11-07 01:31:05.389372+00
68456,129384,1972.3578687263532,1315.2842639584103,t,t,61,2025-11-14 03:24:43.265077+00
63196,129392,1941.7415843812676,1216.3441125058812,t,t,42,2025-06-26 23:47:12.270053+00
68540,129249,2034.0,1429.4258828266948,t,t,62,2025-11-11 20:56:45.63295+00
68641,129389,1972.0,1316.0,t,t,61,2025-11-14 03:27:22.054895+00
65059,129250,2068.920170914588,1543.4541031548645,t,t,42,2025-05-08 23:26:06.281886+00
68299,129251,2070.0000000000005,1549.0,t,t,62,2025-11-11 20:57:39.573728+00
68236,129255,2071.0,1558.0,t,t,62,2025-11-11 20:58:49.489081+00
60617,129253,2071.0262372508373,1555.8395987048254,t,t,42,2025-04-29 15:51:03.466566+00
65060,129254,2070.160714757485,1557.9957924501762,t,t,42,2025-06-07 15:24:35.302976+00
68595,129254,2070.0000000000005,1558.0,t,t,62,2025-11-11 20:58:28.11479+00
23865,129218,2075.560473352688,1585.3703527243183,t,t,42,2025-05-02 16:14:45.094942+00
68333,129218,2075.4545950781667,1584.863648619722,t,t,62,2025-11-08 03:25:12.460711+00
20566,129225,2043.9810400746392,1476.8954504800663,t,t,42,2025-06-26 23:17:52.555048+00
24056,129223,2065.912411802389,1553.2994601823534,t,t,42,2025-06-24 16:36:46.564567+00
68521,129223,2066.517983200805,1553.345322513302,t,t,62,2025-11-08 03:26:49.346782+00
60771,129224,2050.585845471288,1459.06268255148,t,t,42,2025-05-17 21:51:49.761951+00
68651,129154,2060.0,1439.0,t,t,62,2025-11-07 01:45:16.429184+00
22032,129156,2082.3965271202915,1509.2404971059066,t,t,42,2025-05-16 13:44:09.539144+00
68404,129156,2083.713648357376,1509.342730048059,t,t,62,2025-11-07 01:46:50.761366+00
61108,129158,2083.268629932255,1507.2716615316997,t,t,42,2025-05-08 23:09:36.408512+00
68399,129158,2083.081125272901,1507.7142849291754,t,t,62,2025-11-07 01:48:55.435151+00
22204,4878,1950.6774431723616,1299.4108251408368,t,t,43,2025-06-08 13:59:06.039516+00
68512,101448,1893.1205897715909,1173.9580719428936,t,t,58,2025-11-06 01:45:56.562756+00
69061,101348,1815.11857281188,896.6398625932825,t,t,58,2025-10-29 15:04:40.078417+00
69372,102763,2004.5430535617684,1343.2142320689936,t,t,60,2025-10-29 17:36:58.930234+00
68901,102772,2013.7228778922536,1369.7224163764834,t,t,60,2025-10-29 17:45:47.597625+00
49496,102772,2013.722877892253,1369.7224163764836,t,t,10,2025-01-08 02:41:27.365344+00
68748,102774,2016.6819596891853,1380.018167838686,t,t,60,2025-10-29 17:48:38.453632+00
69371,102775,2016.6763009646363,1379.9576801430956,t,t,60,2025-10-29 17:49:22.119619+00
68476,103043,1984.217799116684,1303.9569568194734,t,t,60,2025-11-06 19:48:17.836712+00
23971,118585,1789.2643301358664,1223.225815734827,t,t,43,2025-05-15 01:35:16.625329+00
65672,118596,1816.3094260485857,1322.0649656000592,t,t,43,2025-05-15 01:10:51.958129+00
65671,118581,1812.523127055696,1303.7030779064082,t,t,43,2025-06-05 15:46:54.692301+00
69341,102980,1970.9899779450216,1258.554025683317,f,t,60,2025-11-05 03:04:26.254648+00
69049,129454,2073.0,1580.0,f,t,63,2025-11-06 19:52:55.584003+00
62436,129182,2122.799215171694,1464.84854172505,t,t,42,2025-06-16 14:54:31.611792+00
68417,129164,2127.0,1524.9999999999998,t,t,62,2025-11-07 01:50:28.859883+00
22903,129161,2098.90134111438,1427.9465867654924,t,t,42,2025-06-16 15:09:35.704832+00
23845,129168,2156.895949346026,1527.5710802484905,t,t,42,2025-06-13 14:39:48.807842+00
69183,129378,1984.6465009081865,1348.64650051977,t,t,61,2025-11-14 03:21:23.708677+00
59475,129378,1984.9776150812768,1349.200624097928,t,t,42,2025-05-17 21:41:30.072353+00
703,129380,1985.652052237372,1352.876020303834,t,t,42,2025-05-04 22:47:32.122283+00
61215,129353,1947.4546615216923,1222.4533690684398,t,t,42,2025-06-13 19:15:02.546771+00
61097,129400,2103.956411724965,1655.4795716937408,t,t,42,2025-06-16 14:50:05.290882+00
49366,101306,1904.2419659735351,1202.9792060491493,f,t,10,2025-01-30 18:24:35.096309+00
68991,101350,1807.8669888017396,878.2322655914573,t,t,58,2025-10-29 15:05:07.111317+00
69089,101409,1827.1343791547963,935.9225188144104,t,t,58,2025-10-29 19:09:32.168372+00
49440,101407,1927.0631828800904,1277.8741408255376,t,t,10,2025-02-03 17:39:19.605051+00
68692,102765,2007.4411623440117,1353.22982031854,t,t,60,2025-10-29 17:43:01.603007+00
69373,102773,2016.171595798304,1380.6966444917548,t,t,60,2025-10-29 17:48:06.954013+00
62457,129370,1965.5480619624557,1280.3862832807658,t,t,42,2025-05-04 16:32:21.3811+00
24883,129186,2139.661847861673,1523.5780881196686,t,t,42,2025-06-27 15:30:26.366877+00
49494,102766,2008.7465433761784,1358.9140724439983,t,t,10,2025-02-05 18:39:16.584849+00
65061,129181,2124.454666601997,1477.9565443406393,t,t,42,2025-05-02 15:46:37.015165+00
43046,78688,1818.5265275802224,810.3765459522074,t,t,10,2025-02-24 15:48:44.76463+00
24215,102549,1952.1503941914364,1432.5278723638874,t,t,43,2025-04-23 15:03:53.209371+00
68693,102769,,,f,t,60,2025-10-29 17:44:56.956722+00
68834,129183,2140.9999999999995,1530.0,t,t,62,2025-11-08 02:59:15.456667+00
60772,129183,2140.921377036836,1530.2274887990714,t,t,42,2025-06-26 23:16:34.894119+00
68450,129372,1966.209244219676,1281.193838498643,t,t,61,2025-11-14 03:16:33.912449+00
20332,129262,1958.6310795180868,1231.5792352495698,t,t,42,2025-06-27 00:05:46.20172+00
20554,129260,1952.0439115326928,1210.1284316416277,t,t,42,2025-06-24 17:09:29.300469+00
69179,129366,1963.3324033024055,1271.1662018338216,t,t,61,2025-11-14 03:10:40.800364+00
61516,129390,1977.6806095173624,1318.582452576483,t,t,42,2025-06-27 00:14:32.931024+00
69248,101403,1879.805581604476,1124.0627945565568,f,t,58,2025-10-29 19:05:13.154977+00
68722,102781,,,f,t,60,2025-10-29 20:08:22.109966+00
56515,129305,1952.199840849888,1211.6062742694778,t,t,42,2025-06-16 14:32:34.471444+00
56540,129356,1954.9145585160047,1242.894221135045,t,t,42,2025-05-17 21:47:29.753729+00
68905,129369,1974.0,1305.0000000000002,t,t,61,2025-11-14 03:14:14.680896+00
69138,129220,,,f,t,62,2025-11-08 03:25:47.859553+00
69218,101444,1865.2209856915736,1083.6502384737678,t,t,58,2025-11-07 01:33:05.579386+00
23824,129357,1957.8194525587107,1252.116781394363,t,t,42,2025-06-20 20:23:08.601923+00
68405,129351,1978.3650365655133,1315.0,f,t,61,2025-11-14 03:02:52.03238+00
68414,101422,1898.2680304424584,1186.1578653586118,t,t,58,2025-11-07 01:39:41.065604+00
68244,78726,1935.1663827384043,1254.1333061769128,t,t,57,2025-10-21 01:17:04.885386+00
68889,78729,1956.324324324324,1332.985691573927,t,t,57,2025-10-21 01:18:47.333415+00
68623,78756,1964.6932858448124,1356.0041344473825,t,t,57,2025-10-21 01:35:03.202384+00
68917,78722,1921.3459357277884,1202.9792060491493,t,t,57,2025-10-21 01:03:58.263429+00
68792,78735,1956.6290447474316,1327.858797792412,t,t,57,2025-10-21 01:23:48.270491+00
68896,78740,1965.5252932887488,1351.8639164623064,t,t,57,2025-10-21 01:28:01.358267+00
68944,78732,1953.4084464195448,1319.5745064587222,t,t,57,2025-10-21 01:24:23.787397+00
68770,78716,1989.9474909487328,1374.0033664093637,t,t,57,2025-10-21 00:57:29.543906+00
68957,78739,1959.4939422334696,1334.3441606630677,t,t,57,2025-10-21 01:27:30.158698+00
43191,78784,2217.3712385582635,2087.034805064218,t,t,10,2025-01-28 00:29:16.26526+00
68855,78777,1976.412857142857,1332.797142857143,t,t,57,2025-10-21 01:50:25.465642+00
68878,78711,1972.564039029424,1318.4645532943457,t,t,57,2025-10-21 00:55:01.82991+00
68351,129434,2100.0,1663.0,f,t,63,2025-11-06 19:42:28.567027+00
69143,101433,1812.8644787652963,906.7852533034212,f,t,58,2025-11-06 01:40:39.683804+00
65086,129446,2068.733769446296,1571.4642157020896,t,t,42,2025-05-16 14:06:29.301752+00
70985,4675,2001.45556640625,1327.26220703125,f,t,276057,2026-08-04 18:40:29.803402+00
68862,129419,2089.0,1623.0,f,t,63,2025-11-06 19:37:19.613443+00
70990,4878,1950.81396484375,1296.7462158203125,t,t,274728,2026-07-29 05:38:49.525288+00
71010,4901,1963.0739746093748,1299.0527343750002,f,t,274728,2026-08-04 18:17:00.986812+00
71019,4907,1960.8355712890625,1291.5218505859375,f,t,274728,2026-08-04 18:17:34.986715+00
71248,118539,1798.3887939453125,1282.7677001953125,t,t,282038,2026-08-27 22:03:13.575174+00
71301,118596,1820.0552978515625,1321.7083740234375,f,t,282038,2026-08-27 22:25:03.255436+00
71281,118581,1811.0572509765625,1301.9754638671875,t,t,282038,2026-08-27 22:21:42.044878+00
71314,118208,1958.9403076171875,1443.5803222656252,f,t,282045,2026-08-27 22:34:14.730829+00
68918,102908,1992.1609745775463,1322.0794725062942,f,t,60,2025-11-04 18:49:28.73426+00
71051,118326,1945.6433105468748,1351.038330078125,t,t,282038,2026-08-27 17:31:04.824096+00
71080,118357,1827.8039550781248,1306.7375488281248,t,t,282038,2026-08-27 17:48:34.906768+00
71277,118573,1818.1988467179688,1301.207440285949,f,t,282038,2026-08-27 22:18:05.353251+00
20366,129255,2070.5916633380125,1557.6576722039183,t,t,42,2025-06-26 23:10:09.925238+00
71243,118534,1805.1318359375,1310.4234619140625,t,t,282038,2026-08-27 21:57:14.006276+00
22288,118208,1960.4313187413636,1443.056184156959,t,t,43,2025-05-15 00:58:42.512377+00
68588,102865,1911.030239642418,1065.8606892611251,f,t,60,2025-11-04 18:27:01.726353+00
69226,102849,2009.1366181669573,1369.3663739258282,f,t,60,2025-11-04 04:42:52.336979+00
69378,102830,1918.797400788164,1086.134559224951,f,t,60,2025-11-04 04:35:26.301856+00
69329,102941,1994.1588478469491,1330.0677877766316,f,t,60,2025-11-04 23:09:16.720286+00
68958,102948,1991.3596405229248,1317.8420168985735,f,t,60,2025-11-04 23:14:40.553048+00
68708,102976,1947.8564164789,1184.6524736525273,f,t,60,2025-11-04 23:30:43.968702+00
68237,129274,1982.4493525676423,1314.5837109066792,f,t,61,2025-11-11 23:19:45.747068+00
69040,129280,1972.8674334283912,1284.289144793836,f,t,61,2025-11-11 23:34:13.777755+00
68775,129311,1934.0,1168.9999999999998,f,t,61,2025-11-14 02:38:24.888979+00
68680,103004,1989.4746123615853,1314.5411652006185,f,t,60,2025-11-05 03:26:49.643646+00
68996,129224,,,f,t,62,2025-11-08 03:27:41.832467+00
69088,101295,1885.8275109327485,1127.3979916077749,f,t,58,2025-10-29 14:44:02.852814+00
68530,102960,1938.3929602575367,1155.6776845178872,f,t,60,2025-11-04 23:21:55.784746+00
68642,101304,1898.601232204052,1185.5772546312169,f,t,58,2025-10-29 14:47:39.266936+00
68977,101318,1877.599748091179,1110.2097529042385,f,t,58,2025-10-29 14:52:20.038293+00
68984,101341,1815.278713843516,913.2760054242566,f,t,58,2025-10-29 15:02:21.79715+00
68673,101367,1800.3447424821366,864.0622042663394,f,t,58,2025-10-29 15:17:13.665888+00
68374,101396,1829.087145499932,953.9218729831078,f,t,58,2025-10-29 19:02:22.649248+00
68406,101406,1887.2146558768527,1142.8923437494518,f,t,58,2025-10-29 19:06:13.662668+00
68542,102810,1996.015153852452,1320.6416131920637,f,t,60,2025-11-04 04:06:38.237605+00
68270,103048,1978.393186986012,1283.4138640314852,f,t,60,2025-11-06 19:50:23.093205+00
69239,101389,1938.0438812928176,1304.644424373569,f,t,58,2025-10-29 18:34:54.455325+00
68706,102966,1942.295646721024,1163.7555265268234,f,t,60,2025-11-04 23:24:51.665542+00
69282,103060,2012.529889669998,1388.6151041510946,f,t,60,2025-11-06 19:52:56.882445+00
69152,101430,1808.348449177688,892.0532143760634,f,t,58,2025-11-06 01:40:12.134341+00
68502,101447,1890.703561421568,1159.4928881064243,f,t,58,2025-11-06 01:45:32.888104+00
71289,118585,1787.951171875,1223.0335693359375,t,t,282038,2026-08-27 22:22:26.209809+00
6806,118212,1923.2363233620245,1295.5900194799888,t,t,43,2025-05-08 00:07:22.184207+00
68711,102972,1950.777817285807,1190.3929511562108,f,t,60,2025-11-04 23:27:56.004317+00
71077,118355,1828.1737060546875,1307.2608642578127,t,t,282038,2026-08-27 17:48:09.239864+00
22509,118239,1969.989260723608,1380.0194347691895,t,t,43,2025-04-23 15:29:25.594444+00
22787,118294,1917.4774646204835,1313.4888855692689,t,t,43,2025-06-17 19:22:14.059512+00
71317,118212,1924.2633056640625,1294.1917724609373,f,t,282045,2026-08-27 22:35:42.344756+00
71338,118239,1970.9231345252972,1378.97750498581,f,t,282045,2026-08-27 22:41:21.393721+00
68617,102625,,,f,t,59,2025-10-28 00:27:02.520647+00
71376,118294,1917.95849609375,1314.547607421875,f,t,282045,2026-08-27 22:55:28.132511+00
69102,78765,1950.5106521791583,1259.0179621775687,f,t,57,2025-10-21 01:39:49.322824+00
71065,118342,1825.855346679688,1297.7839355468752,t,t,282038,2026-08-27 17:42:43.670315+00
71267,118558,1809.5218505859373,1303.6148681640625,t,t,282038,2026-08-27 22:15:20.827516+00
68873,129193,2113.9999999999995,1456.0,f,t,62,2025-11-08 03:09:09.056449+00
68961,101322,1879.7854980807715,1109.2563025927664,f,t,58,2025-10-29 14:52:56.996234+00
68942,101317,1878.884804775485,1112.64643324297,f,t,58,2025-10-29 14:52:12.767628+00
69290,102609,1974.0,1521.9999999999998,f,t,59,2025-10-28 00:14:30.705287+00
68828,78770,1946.01823597174,1245.051107377754,f,t,57,2025-10-21 01:42:35.44581+00
68845,78771,1945.284655175456,1241.7095629471698,f,t,57,2025-10-21 01:43:06.453494+00
68750,129310,1940.0,1188.9999999999998,f,t,61,2025-11-14 02:37:58.822855+00
68222,129326,1966.0,1266.9999999999998,f,t,61,2025-11-14 02:44:03.783176+00
68818,78796,1956.3733105026429,1287.8675562038418,f,t,57,2025-10-21 01:55:14.952218+00
68337,102798,2005.756950735432,1355.8919968685864,f,t,60,2025-11-04 03:59:50.26813+00
68757,102802,1983.0410433507125,1281.1520885661637,f,t,60,2025-11-04 04:02:16.341575+00
68764,102807,1982.10912801886,1277.6072488996565,f,t,60,2025-11-04 04:04:26.189297+00
69182,102824,2013.3933968396,1377.3194669301413,f,t,60,2025-11-04 04:13:58.686679+00
69008,102996,2011.641295963628,1377.0315389198863,f,t,60,2025-11-05 03:19:23.125893+00
69174,129355,1952.0,1232.0,f,t,61,2025-11-14 03:04:39.088987+00
69158,101432,1821.8406850428923,924.4103881885992,f,t,58,2025-11-06 01:40:33.592441+00
68682,101429,1811.6815929085813,912.076965112612,f,t,58,2025-11-06 01:39:58.467824+00
68613,129411,,,f,t,63,2025-11-06 02:06:55.81462+00
69161,129403,,,f,t,63,2025-11-06 02:03:24.617397+00
68847,78701,1907.6469079373464,1106.1592435397524,f,t,57,2025-10-21 02:01:48.707928+00
68740,103018,2006.6174763310084,1364.633826125165,f,t,60,2025-11-06 19:34:44.165919+00
69169,103049,1983.4931644811145,1299.51374158525,f,t,60,2025-11-06 19:50:36.576209+00
68368,129444,2084.0,1619.0000000000002,f,t,63,2025-11-06 19:47:39.596257+00
69013,78781,1965.458512877008,1329.2339899002536,f,t,57,2025-10-21 01:51:05.676664+00
69275,103023,,,f,t,60,2025-11-06 19:38:00.487879+00
69264,103051,1978.2920296206803,1282.506006197564,f,t,60,2025-11-06 19:51:02.442459+00
69099,102634,1980.0,1547.0,f,t,59,2025-10-28 00:32:49.990443+00
68468,129178,2108.5390919568194,1437.4559771128704,f,t,62,2025-11-07 02:02:29.97501+00
69385,102879,1984.2349539600705,1292.2901999372227,f,t,60,2025-11-04 18:35:15.378891+00
68324,129425,2087.0000000000005,1614.0,f,t,63,2025-11-06 19:38:56.595139+00
68928,101305,1901.2036535133925,1190.2535883970977,f,t,58,2025-10-29 14:47:51.500099+00
68356,129294,1979.0,1309.0,f,t,61,2025-11-14 02:29:47.930372+00
69244,102859,1913.1701112877583,1064.470588235294,f,t,60,2025-11-04 18:09:49.691278+00
69096,102790,1990.726287521628,1305.1076989088128,f,t,60,2025-10-29 20:19:39.858553+00
68965,101336,1935.0574018977045,1283.644774544095,f,t,58,2025-10-29 15:00:54.917785+00
68455,102582,1952.0,1443.0,f,t,59,2025-10-27 23:55:27.024597+00
69030,129267,1971.342825000756,1281.3428253774446,f,t,61,2025-11-11 22:31:28.605586+00
69293,129309,1942.0,1192.0,f,t,61,2025-11-14 02:37:40.423794+00
69186,102829,1920.9563500836643,1093.4313545244192,f,t,60,2025-11-04 04:34:19.844597+00
69044,101265,1902.6412478336224,1176.0831889081455,f,t,58,2025-10-28 15:33:09.984398+00
68844,101264,1900.400427824438,1175.4059636358795,f,t,58,2025-10-28 15:32:58.426971+00
68938,101315,1879.8506984346227,1113.384483751718,f,t,58,2025-10-29 14:51:59.047793+00
69246,101400,1884.400635930048,1126.8044515103338,f,t,58,2025-10-29 19:04:03.856072+00
68376,101401,1882.550108764362,1124.9664547563395,f,t,58,2025-10-29 19:04:31.938845+00
68683,103009,1981.9414304523627,1280.887061710785,f,t,60,2025-11-05 03:28:59.482779+00
69167,102813,1989.477978714754,1304.5933084539472,f,t,60,2025-11-04 04:08:39.927261+00
65687,129284,1971.9713998119328,1280.7908520460255,f,t,42,2025-06-26 23:07:59.535064+00
69202,101438,1913.095320623917,1228.3535528596187,f,t,58,2025-11-06 01:42:23.766068+00
69304,102868,1907.6332945285217,1048.9662398137368,f,t,60,2025-11-04 18:28:26.033651+00
68332,102788,1991.1220552808625,1306.2035599139383,f,t,60,2025-10-29 20:15:29.03728+00
68286,102878,1982.6337832503395,1288.4882276302053,f,t,60,2025-11-04 18:34:57.212435+00
68903,102886,1981.9470318211345,1286.7493079043154,f,t,60,2025-11-04 18:37:35.543783+00
69057,101368,1772.9735740479132,779.6789339008102,f,t,58,2025-10-29 15:17:38.190408+00
69145,101423,1897.62381579302,1175.6003192696437,f,t,58,2025-11-07 01:39:05.127446+00
69312,102887,1936.118504160294,1144.4945945432598,f,t,60,2025-11-04 18:38:02.843241+00
68877,102831,1919.4644543291129,1091.358824623288,f,t,60,2025-11-04 04:35:18.143569+00
69323,102911,1991.469012553477,1322.5261222946376,f,t,60,2025-11-04 18:50:57.12481+00
68224,102916,1983.9918230429328,1294.6470399537543,f,t,60,2025-11-04 18:55:27.44596+00
69294,129307,1948.0,1211.0,f,t,61,2025-11-14 02:36:42.108423+00
69002,102954,1925.0753685507204,1118.849222938337,f,t,60,2025-11-04 23:19:25.686567+00
68893,129212,2112.0,1443.0,f,t,62,2025-11-08 03:19:43.539158+00
68358,129440,2078.0,1595.0,f,t,63,2025-11-06 19:46:03.471931+00
68230,102938,2002.448439434814,1352.411183891658,f,t,60,2025-11-04 23:08:00.080203+00
68686,102876,1986.4729624126192,1297.6005035017183,f,t,60,2025-11-04 18:33:59.613395+00
68761,102957,1932.349761526232,1126.8044515103338,f,t,60,2025-11-04 23:20:39.002329+00
68989,102988,2000.259380837465,1342.2688537576623,f,t,60,2025-11-05 03:10:35.607144+00
69166,129342,1959.0,1245.0,f,t,61,2025-11-14 02:57:23.687642+00
68783,102918,1970.0003011504891,1250.4891008059335,f,t,60,2025-11-04 22:52:02.685011+00
69360,129276,1978.0,1301.241784004028,f,t,61,2025-11-11 23:32:12.404487+00
68980,102884,1982.22370508018,1286.6589111352262,f,t,60,2025-11-04 18:36:52.188694+00
69315,102901,1977.8849868760635,1273.693049145542,f,t,60,2025-11-04 18:45:24.429168+00
68269,102952,1951.2576182808607,1197.030025523629,f,t,60,2025-11-04 23:17:18.805201+00
68415,101434,1865.038886776768,1078.743568431218,f,t,58,2025-11-07 01:35:05.702889+00
69032,101269,1933.572200042544,1276.6153037396134,f,t,58,2025-10-28 15:34:10.108447+00
68361,129441,2071.0,1575.0000000000002,f,t,63,2025-11-06 19:46:27.404947+00
68308,101347,1810.5314240747032,894.9669931824346,f,t,58,2025-10-29 15:04:12.987255+00
68671,129291,,,f,t,61,2025-11-14 02:27:58.905973+00
69050,101271,1932.6600131348453,1277.6701817121498,f,t,58,2025-10-28 15:34:39.260776+00
68665,101354,1805.3085098763272,872.9781195073066,f,t,58,2025-10-29 15:05:41.561121+00
68986,102947,1995.1372311020057,1328.9888626988263,f,t,60,2025-11-04 23:13:59.632997+00
69010,101332,1932.484185790561,1285.6739606403737,f,t,58,2025-10-29 14:59:26.907888+00
68531,129222,,,f,t,62,2025-11-08 03:26:15.733934+00
68300,101344,1806.0585447203568,887.4442849989256,f,t,58,2025-10-29 15:03:02.488138+00
68387,101402,1883.8603871509165,1133.230351304634,f,t,58,2025-10-29 19:04:53.438658+00
68999,102994,2009.4899209857488,1376.9296153758637,f,t,60,2025-11-05 03:16:23.527265+00
69005,102995,2009.9590095986089,1376.2622728903202,f,t,60,2025-11-05 03:18:36.476092+00
68667,103000,1990.4156724572624,1318.4087904380028,f,t,60,2025-11-05 03:23:31.596077+00
69298,129312,1934.0,1168.0,f,t,61,2025-11-14 02:38:57.555097+00
69105,101411,1820.937798707396,934.420935231975,f,t,58,2025-10-29 19:08:02.294781+00
68587,102847,2010.721582411877,1368.4788285440911,f,t,60,2025-11-04 04:42:02.613265+00
68499,102816,1987.4101308048664,1296.5560242222236,f,t,60,2025-11-04 04:10:20.442513+00
68607,102864,1913.164721640392,1068.3914414571982,f,t,60,2025-11-04 18:26:30.101071+00
68951,102943,1993.5199346759412,1324.1298587452618,f,t,60,2025-11-04 23:12:35.917508+00
68925,102910,1990.9613309555248,1320.216052537441,f,t,60,2025-11-04 18:50:31.825058+00
68738,103005,1979.0711605391143,1281.9609677067956,f,t,60,2025-11-05 03:27:27.126713+00
68780,103052,1975.4971008092136,1274.4720924975925,f,t,60,2025-11-06 19:51:12.550683+00
68899,129439,2088.0,1631.0,f,t,63,2025-11-07 01:24:45.722442+00
68259,129174,2137.924518635194,1528.2150968371543,f,t,62,2025-11-07 01:58:55.694462+00
69355,103061,,,f,t,60,2025-11-06 19:53:31.748777+00
69395,102904,1977.0133252729072,1263.445671014554,f,t,60,2025-11-04 18:47:08.853765+00
69285,129278,1978.0,1302.9999999999998,f,t,61,2025-11-11 23:33:11.645291+00
68767,129282,1974.0,1285.9999999999998,f,t,61,2025-11-11 23:35:09.210607+00
68934,101311,1883.4930689162188,1117.5276053017517,f,t,58,2025-10-29 14:50:56.074085+00
68646,101307,1900.0103148663472,1185.4674552047652,f,t,58,2025-10-29 14:48:18.799785+00
68365,101398,1826.2804980149597,945.3749611865916,f,t,58,2025-10-29 19:03:33.389826+00
68263,101324,1934.801150175987,1292.7681300138042,f,t,58,2025-10-29 14:58:16.947287+00
69035,101262,1903.8839516443952,1181.7670199347183,f,t,58,2025-10-28 15:32:12.211219+00
68471,101277,1943.0939662394417,1306.2669111756293,f,t,58,2025-10-28 15:41:43.809873+00
68475,101316,1879.4607223521368,1113.647229380937,f,t,58,2025-10-29 14:51:47.988678+00
68315,101355,1813.7816291161175,914.7313691507798,f,t,58,2025-10-29 15:05:49.827413+00
69211,101441,1867.2242291056111,1082.5614339105737,f,t,58,2025-11-07 01:33:46.954862+00
69209,101373,1858.759819315823,1047.846664417579,f,t,58,2025-10-29 17:44:25.173989+00
68614,102869,1909.2981100193867,1055.0222051130995,f,t,60,2025-11-04 18:28:59.217087+00
68927,102915,1982.631900782532,1290.8305810005988,f,t,60,2025-11-04 18:53:30.08086+00
69147,102809,1993.739751108603,1316.144578275802,f,t,60,2025-11-04 04:05:25.421714+00
68935,102926,1975.6650927577175,1266.586050162421,f,t,60,2025-11-04 23:01:18.455093+00
69154,102812,1991.640731543269,1308.663029878437,f,t,60,2025-11-04 04:08:01.486571+00
68637,102906,1991.8952600930809,1323.5320828550016,f,t,60,2025-11-04 18:48:08.485344+00
69178,102821,2011.908968328701,1373.7080029098618,f,t,60,2025-11-04 04:12:40.315617+00
69336,102953,1928.2853893987815,1125.7567650715794,f,t,60,2025-11-04 23:18:08.471019+00
69389,102861,1911.4688004209809,1066.1358330654452,f,t,60,2025-11-04 18:09:14.383483+00
68939,102928,1975.083975902873,1264.4693145670085,f,t,60,2025-11-04 23:02:31.567653+00
69386,102858,1910.203020407779,1062.0723965405932,f,t,60,2025-11-04 18:24:55.403394+00
68309,129412,2098.0,1648.0,f,t,63,2025-11-06 19:35:54.09001+00
68907,102907,1991.3608853916844,1321.8906528963007,f,t,60,2025-11-04 18:48:43.968188+00
69255,101440,1910.7437240451775,1224.4477956790824,f,t,58,2025-11-07 01:34:27.47825+00
68972,102951,1923.791862047356,1114.115257624735,f,t,60,2025-11-04 23:17:03.72205+00
68979,102964,1943.436983034592,1170.5982455683522,f,t,60,2025-11-04 23:23:58.721719+00
69055,101273,1932.2908263085556,1277.0698199986668,f,t,58,2025-10-28 15:39:14.15376+00
68649,129423,2065.0,1547.0,f,t,63,2025-11-06 19:34:01.293986+00
69350,103016,2007.3164226909755,1370.7633829029164,f,t,60,2025-11-06 19:33:55.259442+00
68776,129459,2082.0,1594.0,f,t,63,2025-11-06 19:55:05.097169+00
68246,101312,1883.1269444694487,1117.8273400208884,f,t,58,2025-10-29 14:51:06.814252+00
68243,78676,,,f,t,57,2025-10-21 01:07:23.410666+00
68258,102959,1942.6748372049387,1168.3679122604167,f,t,60,2025-11-04 23:21:43.576358+00
68275,129192,2113.9999999999995,1456.0,f,t,62,2025-11-08 03:10:02.375295+00
68303,78706,1926.1899426706448,1168.072071648744,f,t,57,2025-10-21 01:59:49.817656+00
68307,78708,1923.9696197735573,1162.4827452360128,f,t,57,2025-10-21 02:02:12.124776+00
68335,129217,2150.0,1571.0,f,t,62,2025-11-08 03:22:23.108756+00
68375,78800,1959.0743738967888,1295.0944246440747,f,t,57,2025-10-21 01:11:57.132083+00
69333,102955,1924.2460000103135,1116.6208345263487,f,t,60,2025-11-04 23:19:52.536324+00
68444,78677,,,f,t,57,2025-10-21 01:07:29.144119+00
68714,102975,1953.483534676861,1206.2137502476874,f,t,60,2025-11-04 23:29:46.669417+00
68488,129181,2123.9999999999995,1478.0,f,t,62,2025-11-08 02:56:58.324384+00
68517,129214,2121.0,1471.0,f,t,62,2025-11-08 03:20:26.989479+00
68525,129206,2121.9999999999995,1485.0,f,t,62,2025-11-08 03:16:15.575804+00
68482,78793,1954.130854430224,1286.2330474589774,f,t,57,2025-10-21 01:54:24.571531+00
68856,78782,1963.9724315416731,1324.0909550065903,f,t,57,2025-10-21 01:48:40.975213+00
68678,78776,1966.5765244324605,1331.356775988223,f,t,57,2025-10-21 01:45:23.4432+00
69021,78773,1944.889876345004,1242.2656223054998,f,t,57,2025-10-21 01:44:05.252693+00
68545,129470,2031.0,1438.0,f,t,63,2025-11-07 01:29:34.557434+00
68557,129336,,,f,t,61,2025-11-14 02:53:09.274827+00
69034,78790,1956.3315431832132,1286.1032268656072,f,t,57,2025-10-21 01:53:38.855105+00
68558,129472,2093.0,1632.0,f,t,63,2025-11-06 01:57:50.88774+00
68566,78666,1970.159985665477,1340.3491294496944,f,t,57,2025-10-20 20:42:15.00993+00
68817,78795,1956.2539267572345,1288.9341255704514,f,t,57,2025-10-21 01:54:55.496613+00
68831,129177,2110.0,1445.0,f,t,62,2025-11-07 02:00:41.018369+00
69026,78788,1973.672524163376,1354.1838204828891,f,t,57,2025-10-21 01:53:05.0147+00
68582,78686,1850.5886563899717,902.2704355258164,t,t,57,2025-10-21 01:08:15.593385+00
68773,129298,1968.0,1268.0000000000002,f,t,61,2025-11-14 02:31:37.25299+00
68625,78778,1967.323753906978,1335.0204499128752,f,t,57,2025-10-21 01:50:37.582006+00
68628,78787,1983.6702793651848,1384.376270863663,f,t,57,2025-10-21 01:52:44.664203+00
68636,129417,2076.0,1580.0,f,t,63,2025-11-06 02:09:40.561977+00
68633,102902,1972.7670843522376,1257.882149604952,f,t,60,2025-11-04 18:46:03.695906+00
68648,101309,1896.7030452692948,1177.3582595267976,f,t,58,2025-10-29 14:49:04.040819+00
68694,102929,1975.6164429128796,1268.5881357926537,f,t,60,2025-11-04 23:02:53.208967+00
68728,78766,1954.436621113064,1282.5190303669951,f,t,57,2025-10-21 01:40:16.831173+00
69048,129283,1971.0,1285.0000000000002,f,t,61,2025-11-11 23:35:32.410055+00
68732,102997,2009.1795938409196,1375.6933547900162,f,t,60,2025-11-05 03:20:23.332057+00
68760,129468,2069.0000000000005,1555.0,f,t,63,2025-11-07 01:28:05.875296+00
68768,78774,1968.387498300798,1334.3200352913104,f,t,57,2025-10-21 01:44:25.610879+00
68769,129357,1958.0,1252.0000000000002,f,t,61,2025-11-14 03:05:43.61316+00
68784,129328,1963.5344967611172,1258.3965112510998,f,t,61,2025-11-14 02:46:02.606115+00
68778,78785,1969.836343500383,1339.918540613792,f,t,57,2025-10-21 01:51:52.039658+00
68842,101263,1902.6706493380789,1178.5997634996393,f,t,58,2025-10-28 15:32:45.684723+00
68872,78779,1964.5828767384685,1327.5584032742145,f,t,57,2025-10-21 01:46:58.292086+00
68880,101294,1888.1219770808784,1131.4193751824214,f,t,58,2025-10-28 15:51:25.256682+00
68885,101296,1885.029174817965,1122.6294722729965,f,t,58,2025-10-29 14:44:18.402837+00
68921,102923,1974.4869349743649,1263.419115917366,f,t,60,2025-11-04 22:55:00.883397+00
68985,102970,1943.5359270341169,1171.0155862371291,f,t,60,2025-11-04 23:27:00.197241+00
69001,102958,1930.8386877168225,1135.393660980441,f,t,60,2025-11-04 23:20:57.518627+00
69011,129398,2049.0,1485.0,f,t,63,2025-11-06 01:58:19.835652+00
69007,78789,1956.545194090916,1285.2802635288429,f,t,57,2025-10-21 01:53:24.155382+00
69012,103001,1992.728802908165,1324.7067280277947,f,t,60,2025-11-05 03:24:31.511897+00
69068,101286,1943.1774453326911,1303.5995467074606,f,t,58,2025-10-28 15:46:59.030382+00
69097,103021,2006.280940980052,1363.959412109284,f,t,60,2025-11-06 19:36:17.847785+00
69090,129180,2155.5330622930023,1576.306106099207,f,t,62,2025-11-11 20:56:08.534211+00
69118,102871,1909.4024852805503,1057.5811532204727,f,t,60,2025-11-04 18:30:15.47403+00
69114,102981,1970.7025914949493,1256.8671408307112,f,t,60,2025-11-05 03:04:35.479267+00
69117,129306,1949.0,1211.0,f,t,61,2025-11-14 02:36:23.17288+00
69113,78808,,,f,t,57,2025-10-21 01:14:33.627952+00
69136,101260,1906.501196324092,1189.1739765553702,f,t,58,2025-10-28 15:31:48.832585+00
69141,102808,1994.361925521466,1318.0288374460754,f,t,60,2025-11-04 04:04:53.038857+00
69164,129340,1990.0,1342.0,f,t,61,2025-11-14 02:56:16.037966+00
68339,102732,1961.3318880189736,1221.5026379558842,f,t,60,2025-10-29 15:25:40.407045+00
68923,101323,,,f,t,58,2025-10-29 14:54:36.619812+00
69042,101266,1933.9942861934824,1273.6790038965428,f,t,58,2025-10-28 15:33:22.417431+00
68460,101283,1942.262466825471,1303.8059330791186,f,t,58,2025-10-28 15:42:51.925645+00
69148,101416,1869.0475760532968,1085.7281493940884,f,t,58,2025-10-29 19:10:56.20903+00
68920,101301,1901.9963796358625,1193.864601399565,f,t,58,2025-10-29 14:46:46.79278+00
68559,101303,1901.968382475854,1194.95228527685,f,t,58,2025-10-29 14:47:26.458938+00
69039,101337,1883.8304412287048,1138.3105629610325,f,t,58,2025-10-29 15:01:16.364572+00
69370,102760,,,f,t,60,2025-10-29 17:32:37.508842+00
69374,102789,1990.1013044365668,1302.536719092213,f,t,60,2025-10-29 20:19:22.108907+00
68852,129194,2104.0000000000005,1428.0,f,t,62,2025-11-08 03:09:48.806058+00
68526,129215,2139.123376611444,1534.251081436145,f,t,62,2025-11-08 03:21:13.241116+00
68858,129211,2140.9999999999995,1538.0000000000002,f,t,62,2025-11-08 03:19:13.699293+00
69031,129286,1984.1233095646508,1320.5067611994384,f,t,61,2025-11-11 23:37:16.026009+00
68225,129329,1963.0,1258.0000000000002,f,t,61,2025-11-14 02:47:13.446429+00
68632,129414,2088.0,1618.0,f,t,63,2025-11-06 02:08:24.012813+00
68815,78794,1954.3507255239283,1284.3880655169971,f,t,57,2025-10-21 01:54:44.613727+00
68836,78704,1907.9345539258557,1106.3814476146265,f,t,57,2025-10-21 02:01:13.52509+00
68472,129185,2149.0,1558.0,f,t,62,2025-11-08 02:59:52.697151+00
69361,129277,1977.0,1299.9999999999998,f,t,61,2025-11-11 23:32:38.303862+00
69287,129285,1968.0,1268.5495312239284,f,t,61,2025-11-11 23:36:26.955935+00
68426,129352,1979.0,1317.0,f,t,61,2025-11-14 03:03:12.557656+00
68363,129295,1970.0,1281.0,f,t,61,2025-11-14 02:30:11.895978+00
69291,129299,1966.0,1263.0,f,t,61,2025-11-14 02:32:20.594061+00
69122,103046,1982.486273992704,1294.5857658351465,f,t,60,2025-11-06 19:49:36.06901+00
68431,129170,,,f,t,62,2025-11-07 01:56:42.630525+00
69321,102909,1990.8979343354465,1319.9190132671845,f,t,60,2025-11-04 18:50:01.575357+00
68500,129197,2121.0,1481.0,f,t,62,2025-11-08 03:12:00.337351+00
68915,101306,1904.2419659735356,1202.9792060491493,f,t,58,2025-10-29 14:48:01.174983+00
68496,101352,1812.476947535771,906.2384737678856,f,t,58,2025-10-29 15:05:24.245001+00
68846,101421,1868.844196109261,1083.6165073683617,f,t,58,2025-11-07 01:40:04.107036+00
69107,101415,1870.0425864322283,1089.1969378888116,f,t,58,2025-10-29 19:11:38.716147+00
68447,101418,1870.015898251192,1088.4451510333863,f,t,58,2025-11-07 01:40:23.925813+00
69262,102570,1955.0,1452.0,f,t,59,2025-10-27 23:46:46.505827+00
69309,102880,1984.6480455694805,1293.9534621965506,f,t,60,2025-11-04 18:35:47.695003+00
68888,102885,1982.259852541493,1287.4692369138315,f,t,60,2025-11-04 18:37:17.95341+00
68720,102873,1890.0934177198856,1000.1591680919004,f,t,60,2025-11-04 18:31:04.487602+00
69305,102888,1934.489970307876,1139.4347676921925,f,t,60,2025-11-04 18:38:15.284853+00
68785,102963,1967.4058479178252,1247.9227752107029,f,t,60,2025-11-04 23:23:32.858569+00
68710,102967,1945.9086849600203,1178.1061564538616,f,t,60,2025-11-04 23:25:18.439974+00
69082,101359,1863.7914784802635,1070.3648460249167,f,t,58,2025-10-29 15:07:02.635+00
69123,101365,1869.2454145824056,1089.6944852087906,f,t,58,2025-10-29 15:16:25.274822+00
69344,103024,,,f,t,60,2025-11-06 19:38:27.244799+00
69016,101356,1811.7177598950543,902.761682812384,f,t,58,2025-10-29 15:05:57.081235+00
68353,101360,1855.6311605723367,1050.0858505564388,f,t,58,2025-10-29 15:07:37.486104+00
69210,101374,1831.2977424769872,957.490594004021,f,t,58,2025-10-29 17:47:06.95491+00
69207,101370,1784.7907694015437,813.6155890896038,f,t,58,2025-10-29 15:18:44.966314+00
69213,101376,1867.7448566721012,1077.2855304162144,f,t,58,2025-10-29 17:47:42.866273+00
68886,101425,1900.6663250418112,1192.8000777700252,f,t,58,2025-11-07 01:37:48.33403+00
69253,101426,1896.9998055963256,1181.553472855726,f,t,58,2025-11-07 01:37:20.134137+00
68832,129469,,,f,t,63,2025-11-07 01:28:17.758488+00
69364,129284,1972.0,1281.0,f,t,61,2025-11-11 23:35:56.460409+00
68477,129179,2115.537520018264,1454.7166847456378,f,t,62,2025-11-07 02:01:48.468436+00
69295,129308,1949.0,1212.0,f,t,61,2025-11-14 02:36:54.857038+00
68357,78783,1964.3113506621312,1325.0799007952735,f,t,57,2025-10-21 01:49:07.730521+00
68457,102579,1953.0,1443.0,f,t,59,2025-10-27 23:53:39.817851+00
68824,129176,2105.9999999999995,1433.0,f,t,62,2025-11-07 02:00:04.601856+00
68268,129401,2070.0000000000005,1552.0,f,t,63,2025-11-06 02:02:46.984009+00
68411,129458,2074.0,1566.0,f,t,63,2025-11-06 19:54:28.365233+00
68774,129303,1951.0,1221.0000000000002,f,t,61,2025-11-14 02:35:05.495906+00
12122,118539,1796.5755641983958,1280.7370827908508,t,t,43,2025-05-15 02:08:54.429149+00
69070,101375,1834.909643236944,974.581842054488,f,t,58,2025-10-29 17:47:23.67982+00
68736,101399,1824.860059713002,941.5231192044916,f,t,58,2025-10-29 19:03:16.081907+00
68510,102767,2007.0446541200704,1355.4349038280116,f,t,60,2025-10-29 17:44:03.240791+00
69224,129173,2130.851700750771,1506.574148507617,f,t,62,2025-11-07 01:57:58.728431+00
68282,129203,2108.0,1442.0,f,t,62,2025-11-08 03:14:58.312111+00
68505,129190,2130.0000000000005,1511.9999999999998,f,t,62,2025-11-08 03:05:46.01788+00
68821,78798,1951.8982662325395,1274.1973310719443,f,t,57,2025-10-21 01:11:40.203576+00
69272,103014,2007.8924618746355,1371.656095668976,f,t,60,2025-11-06 19:31:56.260468+00
69003,101327,1933.6421334124263,1295.207250070625,f,t,58,2025-10-29 14:57:51.100916+00
69056,101345,1810.9335714079912,893.3132736859361,f,t,58,2025-10-29 15:03:31.588019+00
68745,129447,2065.0,1555.9999999999998,f,t,63,2025-11-06 19:50:00.43516+00
68987,101351,1813.3723925918864,910.5683658431972,f,t,58,2025-10-29 15:05:18.044643+00
69080,101397,1836.8572862910507,979.983235999951,f,t,58,2025-10-29 19:02:49.282162+00
69033,129273,1983.042028538211,1316.718479385789,f,t,61,2025-11-11 23:19:01.297392+00
69250,101410,1819.9266088823283,927.4336271581078,f,t,58,2025-10-29 19:07:31.612244+00
68392,129394,1982.7497953993231,1321.5001358512131,f,t,61,2025-11-14 03:29:40.651915+00
68833,102814,1988.40640262246,1298.5027778521626,f,t,60,2025-11-04 04:09:48.984673+00
68610,102866,1912.3706782314164,1067.6993620049202,f,t,60,2025-11-04 18:27:24.584903+00
69225,102846,,,f,t,60,2025-11-04 04:41:47.637828+00
68789,102920,1977.499557441353,1272.579605133352,f,t,60,2025-11-04 22:53:13.24293+00
69337,102961,1937.1446740858505,1141.1891891891892,f,t,60,2025-11-04 23:22:37.742336+00
69227,102986,1995.1436778884492,1332.789471265604,f,t,60,2025-11-05 03:07:13.118574+00
68272,129338,,,f,t,61,2025-11-14 02:53:43.898772+00
68850,101268,1933.5188421480825,1275.41517074853,f,t,58,2025-10-28 15:33:46.950607+00
68890,101297,1884.896038690448,1121.5914684984773,f,t,58,2025-10-29 14:44:42.141291+00
68520,102641,1963.0,1489.0,f,t,59,2025-10-28 00:37:26.998697+00
69300,102860,1911.711281245328,1067.3774046370106,f,t,60,2025-11-04 18:07:42.043361+00
68287,101339,1814.8490726953596,904.2703186697942,f,t,58,2025-10-29 15:01:50.289131+00
68861,101288,1942.625576656523,1302.3510262703587,f,t,58,2025-10-28 15:48:54.353708+00
68924,101308,1898.165213718284,1181.4914941399347,f,t,58,2025-10-29 14:49:25.257387+00
68895,102862,1912.351118060563,1067.8936094588462,f,t,60,2025-11-04 18:25:30.395205+00
69252,101417,1872.233128646636,1097.32869326171,f,t,58,2025-10-29 19:11:20.666679+00
68452,102803,1981.018560798031,1279.100493747233,f,t,60,2025-11-04 04:02:40.774+00
69157,101431,1807.3418452258477,889.9372008972715,f,t,58,2025-11-06 01:40:26.492337+00
69256,101445,1860.8894675978877,1068.4513785703086,f,t,58,2025-11-07 01:33:19.667874+00
68810,102758,,,f,t,60,2025-10-29 17:30:22.294111+00
69387,102883,1982.677492335068,1287.217108224326,f,t,60,2025-11-04 18:36:36.069618+00
69392,102882,1982.9365027227143,1287.054193452865,f,t,60,2025-11-04 18:36:19.578+00
69319,102913,1995.463137996219,1334.1096408317578,f,t,60,2025-11-04 18:52:18.323638+00
69324,102921,1980.298887122417,1285.0365659777424,f,t,60,2025-11-04 22:53:43.525046+00
68297,103013,2009.4670484514663,1376.3383779918065,f,t,60,2025-11-06 19:31:09.078104+00
69059,129463,2063.9999999999995,1536.0,f,t,63,2025-11-06 19:57:29.145331+00
68301,78705,1908.161774348377,1112.8224234620725,f,t,57,2025-10-21 01:59:18.044409+00
69017,78772,1945.090259677499,1243.9652894452893,f,t,57,2025-10-21 01:43:33.470262+00
68969,129207,2134.0,1521.0,f,t,62,2025-11-08 03:16:53.266725+00
68604,129449,2087.0000000000005,1626.9999999999998,f,t,63,2025-11-06 19:50:37.926222+00
69159,101437,1867.8685643461197,1089.1189345826442,f,t,58,2025-11-07 01:35:16.312556+00
68741,129451,2090.9999999999995,1641.0,f,t,63,2025-11-06 19:51:49.341914+00
69342,102985,1996.418268405133,1335.6551031154504,f,t,60,2025-11-05 03:05:54.182343+00
69353,103020,,,f,t,60,2025-11-06 19:36:01.931337+00
68618,78703,1909.2403772845705,1110.8088633174414,f,t,57,2025-10-21 01:58:15.852037+00
69292,129302,1955.0,1228.0,f,t,61,2025-11-14 02:34:37.575637+00
68242,129367,1967.6031303561856,1278.3968689811086,f,t,61,2025-11-14 03:11:18.583307+00
68465,101319,1878.1735519363872,1108.751786258099,f,t,58,2025-10-29 14:52:26.671627+00
68265,101329,,,f,t,58,2025-10-29 14:56:58.309917+00
68391,101404,1878.075473227062,1119.645383520978,f,t,58,2025-10-29 19:05:34.214579+00
69063,101371,1808.560848887665,890.3114826859007,f,t,58,2025-10-29 17:43:46.91649+00
69406,111919,2027.4043321335048,1394.5443961574906,f,t,70,2025-12-09 01:08:26.398713+00
62477,129282,1973.7960600089536,1286.033714728214,f,t,42,2025-05-17 22:32:58.314953+00
69391,102905,1993.0789281303369,1323.5064731912928,f,t,60,2025-11-04 18:47:32.377447+00
68945,102924,1975.9216806713373,1267.2882500293997,f,t,60,2025-11-04 22:58:10.979744+00
69137,102805,1979.9974097292336,1271.5045011190473,f,t,60,2025-11-04 04:03:35.773365+00
68629,102982,1970.488803341758,1255.295352699439,f,t,60,2025-11-05 03:04:42.82915+00
68788,103047,1984.994150283859,1302.1830631828857,f,t,60,2025-11-06 19:50:04.019806+00
68396,101270,1933.8474501154676,1277.4572491701445,f,t,58,2025-10-28 15:34:27.666628+00
68295,101342,1813.0207939508507,906.5103969754252,f,t,58,2025-10-29 15:02:34.372625+00
68655,101357,1861.8597838399708,1065.761240155654,f,t,58,2025-10-29 15:06:18.068826+00
69366,102787,1990.46269068287,1303.6219991032856,f,t,60,2025-10-29 20:15:07.012744+00
68948,101310,1899.1878759518588,1180.1579580145258,f,t,58,2025-10-29 14:48:42.999624+00
69071,101395,1853.149585624808,1037.9211872965468,f,t,58,2025-10-29 19:02:03.050552+00
68362,101361,1852.6358251631725,1040.755201065817,f,t,58,2025-10-29 15:08:00.250796+00
69388,102881,1982.5888694315613,1288.634291804756,f,t,60,2025-11-04 18:36:01.76982+00
69308,102889,1939.023456337846,1149.0660805169375,f,t,60,2025-11-04 18:38:31.45155+00
69149,101427,1806.1050475118325,883.5224002715898,f,t,58,2025-11-06 01:39:36.77661+00
68823,78799,1957.3295221686303,1291.6907521640032,f,t,57,2025-10-21 01:11:48.515442+00
69058,101274,1937.1446740858505,1285.0365659777424,f,t,58,2025-10-28 15:39:32.12851+00
68403,129457,2073.0,1569.0000000000002,f,t,63,2025-11-06 19:54:05.017223+00
68666,102675,1939.0,1403.0,f,t,59,2025-10-28 00:59:42.511427+00
68291,78699,1906.74529185332,1108.7285443467474,f,t,57,2025-10-21 01:56:10.528749+00
68848,102857,1913.095320623917,1071.5424610051991,f,t,60,2025-11-04 18:24:18.278925+00
69338,102971,1949.684575389948,1181.3102253032928,f,t,60,2025-11-04 23:27:24.571475+00
69316,102895,,,f,t,60,2025-11-04 18:40:32.916474+00
68859,101279,1941.708448811867,1306.9451564040992,f,t,58,2025-10-28 15:42:08.676298+00
69036,101267,1932.7485822306237,1277.09640831758,f,t,58,2025-10-28 15:33:34.051061+00
68506,129195,2110.0,1445.0,f,t,62,2025-11-08 03:10:55.104786+00
68312,129413,2100.0,1650.0,f,t,63,2025-11-06 19:35:19.899631+00
69020,129415,2087.0000000000005,1612.0,f,t,63,2025-11-06 02:08:45.962728+00
49486,102754,2014.47675279416,1371.6339019782015,f,t,10,2025-01-29 15:10:11.715321+00
69172,102739,1976.7619777234863,1254.8082981793311,t,t,60,2025-10-29 15:53:35.93035+00
49474,102731,1968.9318514343909,1228.7305157564876,f,t,10,2025-01-23 00:40:29.41944+00
69054,102751,2014.1746233139093,1373.3114275956164,t,t,60,2025-10-29 17:23:36.675247+00
68795,102731,1968.931851434391,1228.7305157564876,t,t,60,2025-10-29 15:25:35.457215+00
49475,102735,1968.887824792332,1234.8950625525497,f,t,10,2025-01-19 18:47:11.44452+00
68227,102744,2005.5233401403043,1343.5727618284177,f,t,60,2025-10-29 15:58:32.345297+00
68808,102733,1967.463673044548,1229.6171537009668,f,t,60,2025-10-29 15:25:53.748516+00
69414,111927,2012.1345209097265,1331.0653868176537,t,t,70,2025-12-09 01:13:12.078057+00
69129,101259,1907.576759059976,1192.1251411581634,f,t,58,2025-10-28 15:31:36.177644+00
68327,129430,2096.0000000000005,1645.0,f,t,63,2025-11-06 19:41:20.067947+00
68781,129199,2120.0000000000005,1478.9999999999998,f,t,62,2025-11-08 03:12:41.745328+00
69046,101275,1943.4773679445163,1305.4504820687246,f,t,58,2025-10-28 15:39:46.303329+00
68658,101335,1933.375433761196,1285.9601719223613,f,t,58,2025-10-29 15:00:23.731885+00
68491,101287,1942.9368898114344,1302.850353072207,f,t,58,2025-10-28 15:47:13.621762+00
68412,101412,1823.3978296857745,937.3205699241488,f,t,58,2025-10-29 19:08:17.577463+00
68897,101428,1810.1629802095456,900.4400465657741,f,t,58,2025-11-06 01:39:44.781751+00
69103,102968,1945.2112778432584,1176.992250685264,f,t,60,2025-11-04 23:26:10.772658+00
69352,103050,1976.9215779254944,1278.4118653078062,f,t,60,2025-11-06 19:50:53.392696+00
68662,102665,1942.0,1409.0,f,t,59,2025-10-28 00:55:40.15659+00
69195,102853,,,f,t,60,2025-11-04 04:43:47.41962+00
68490,101282,1942.4584518268105,1304.831869738371,f,t,58,2025-10-28 15:42:42.826009+00
68273,102974,1946.5501796473527,1181.6609929292986,f,t,60,2025-11-04 23:29:14.219891+00
69093,129301,1965.0,1264.0,f,t,61,2025-11-14 02:33:28.226575+00
69120,78801,,,f,t,57,2025-10-21 01:12:13.614977+00
69127,78797,1951.4808853350955,1273.4501455931647,f,t,57,2025-10-21 01:11:28.757362+00
68440,129172,2140.9999999999995,1542.9999999999998,f,t,62,2025-11-07 01:57:23.162391+00
69276,102581,1953.0,1445.0,f,t,59,2025-10-27 23:54:40.975524+00
68908,102912,1991.296756598892,1321.2957989363158,f,t,60,2025-11-04 18:51:31.850036+00
68900,102863,1909.899434109256,1063.1726180364558,f,t,60,2025-11-04 18:26:02.22796+00
68421,102811,1991.3240887519776,1307.4799109829678,f,t,60,2025-11-04 04:07:01.395382+00
68866,102823,2014.585667539022,1380.4737706064238,f,t,60,2025-11-04 04:13:37.256438+00
68260,102944,1992.1777459111836,1320.518921829074,f,t,60,2025-11-04 23:13:08.300445+00
69108,102979,1975.9474181143612,1273.360012657596,f,t,60,2025-11-05 03:04:18.824271+00
68743,129266,1971.0,1282.0,f,t,61,2025-11-11 22:30:21.772985+00
68478,102591,1926.0,1355.0,f,t,59,2025-10-28 00:01:11.993091+00
68811,78791,1955.8466567105968,1285.5939110265597,f,t,57,2025-10-21 01:53:50.846843+00
68867,78713,1966.0967112847825,1313.1381071666574,f,t,57,2025-10-21 00:55:43.687083+00
68968,129196,2142.0,1551.0,f,t,62,2025-11-08 03:11:30.254431+00
68267,129386,,,f,t,61,2025-11-14 03:25:38.638599+00
68943,129171,2142.0,1545.9999999999998,f,t,62,2025-11-07 01:57:03.945804+00
68696,129198,2112.0,1455.0,f,t,62,2025-11-08 03:12:21.046394+00
68930,78687,1838.0604797647643,847.3287882838011,t,t,57,2025-10-21 01:09:09.659209+00
68699,78780,1965.2937375484264,1328.1508168345006,f,t,57,2025-10-21 01:47:21.141887+00
69027,78786,1970.416207317271,1339.8858451193998,f,t,57,2025-10-21 01:52:16.081221+00
69078,101290,1941.4947184362943,1302.537504639962,f,t,58,2025-10-28 15:49:25.436401+00
68289,101340,1809.3952063314064,888.3345567095223,f,t,58,2025-10-29 15:02:08.105554+00
68191,103030,,,f,t,43,2025-06-08 13:31:00.426488+00
68449,101284,1943.7463153088847,1302.985971000712,f,t,58,2025-10-28 15:43:04.375427+00
68941,78679,1994.2999732226533,1394.887540892537,t,t,57,2025-10-21 01:07:53.785239+00
49649,103013,2009.4670484514663,1376.3383779918065,f,t,10,2025-03-04 18:28:50.270041+00
49558,102880,1984.6480455694807,1293.9534621965506,f,t,10,2025-02-17 18:15:52.071164+00
68874,78709,1971.9023750132017,1318.943770895076,t,t,57,2025-10-21 00:49:26.902013+00
43065,78706,1926.1899426706448,1168.0720716487438,f,t,10,2025-01-19 17:42:51.316084+00
69301,129324,1965.0,1275.0,t,t,61,2025-11-14 02:45:08.115188+00
61376,103035,1630.874365082207,1505.2519334467013,t,t,10,2025-01-18 19:31:22.301274+00
49375,101315,1879.6431908293043,1113.150899478116,f,t,10,2025-01-25 12:21:02.54745+00
6918,129198,2112.192492143414,1455.1023921398264,f,t,42,2025-08-22 07:07:36.079139+00
49493,102767,2007.0446541200704,1355.4349038280116,f,t,10,2025-02-13 19:35:35.781027+00
49449,101418,1870.0158982511923,1088.4451510333863,f,t,10,2025-02-07 21:02:51.965457+00
58795,78734,1957.101186791297,1330.0621824868715,t,t,10,2025-01-06 18:51:14.981838+00
43119,78741,1977.719168949546,1390.4215863256632,t,t,10,2025-01-23 17:42:56.197989+00
43024,78669,1976.5837210609757,1340.7051433855631,t,t,10,2025-01-22 17:31:36.448216+00
68860,129240,2052.684933505416,1509.3287669848871,t,t,62,2025-11-08 03:35:10.248616+00
49326,101264,1900.400427824438,1175.4059636358793,f,t,10,2025-01-15 01:37:42.454126+00
49331,101269,1933.572200042544,1276.6153037396132,f,t,10,2025-01-17 17:08:07.422258+00
49346,101284,1943.746315308885,1302.985971000712,f,t,10,2025-03-06 00:31:42.838644+00
49367,101307,1900.0103148663472,1185.4674552047652,f,t,10,2024-12-12 17:05:52.637869+00
68464,129162,2103.0000000000005,1445.0,t,t,62,2025-11-07 01:53:13.674356+00
49383,101324,1934.801150175987,1292.7681300138042,f,t,10,2024-12-12 18:05:23.218339+00
49392,101342,1813.0207939508507,906.5103969754252,f,t,10,2025-02-03 16:51:43.000581+00
49388,101336,1935.0574018977045,1283.6447745440953,f,t,10,2025-02-05 21:08:26.23822+00
49429,101399,1824.860059713002,941.5231192044914,f,t,10,2024-12-12 19:40:22.898496+00
68997,129234,2047.800680962081,1488.6013614861486,t,t,62,2025-11-08 03:32:18.832152+00
49468,101446,1865.2209856915736,1074.060413354531,f,t,10,2025-02-03 16:34:03.690121+00
49473,102732,1961.331888018974,1221.502637955884,f,t,10,2025-03-28 15:51:50.374905+00
49530,102828,1929.8518790444896,1106.2741392007465,t,t,10,2024-12-12 16:20:17.614211+00
49542,102859,1913.1701112877583,1064.470588235294,f,t,10,2025-02-07 21:03:23.172122+00
49550,102867,1909.6063158803656,1061.1416566562743,f,t,10,2025-02-23 18:02:10.670107+00
49552,102870,1908.1271358013903,1055.7606981916165,f,t,10,2025-02-08 18:22:17.904022+00
69356,129260,1952.0,1210.0,t,t,61,2025-11-11 22:28:30.26694+00
68627,129263,1985.0,1313.9999999999998,t,t,61,2025-11-11 22:29:19.040309+00
49612,102958,1930.8386877168227,1135.393660980441,f,t,10,2025-01-13 23:05:16.770571+00
49667,103052,1975.4971008092136,1274.472092497592,f,t,10,2024-12-30 07:58:22.716944+00
49461,101437,1867.8685643461197,1089.1189345826442,f,t,10,2024-12-13 04:14:27.0934+00
49327,101265,1902.6412478336224,1176.0831889081455,f,t,10,2025-02-11 17:18:49.804742+00
49332,101270,1933.8474501154672,1277.4572491701445,f,t,10,2025-02-05 18:02:37.677161+00
49350,101288,1942.6255766565232,1302.3510262703587,f,t,10,2025-01-18 17:12:49.03556+00
49358,101298,1889.1955484896664,1131.5993640699523,t,t,10,2025-01-21 19:52:49.958472+00
49360,101300,1898.8704713399677,1199.374650439782,t,t,10,2025-01-30 22:11:56.043863+00
43168,78773,1944.889876345004,1242.2656223054998,f,t,10,2025-01-23 23:44:50.091647+00
49453,101423,1897.62381579302,1175.6003192696437,f,t,10,2025-03-08 19:14:54.841905+00
49564,102884,1982.22370508018,1286.6589111352262,f,t,10,2025-01-27 17:12:30.581474+00
49498,102773,2016.171595798304,1380.6966444917546,t,t,10,2025-01-29 02:28:15.353374+00
59591,78793,1954.130854430224,1286.2330474589774,f,t,10,2025-01-10 00:51:49.076882+00
59597,78798,1951.89826623254,1274.1973310719443,f,t,10,2025-03-05 16:24:10.713482+00
43136,78756,1964.6932858448124,1356.0041344473827,t,t,10,2025-01-29 15:29:50.693044+00
43058,78700,1908.0893074351416,1107.7490574828994,f,t,10,2025-02-25 18:06:44.408078+00
49527,102824,2013.3933968396,1377.3194669301413,f,t,10,2025-02-12 03:10:05.678201+00
49510,102797,2009.329350588472,1270.3917690292983,t,t,10,2025-02-01 19:38:11.316362+00
43090,78719,2088.464297905551,1446.589278985674,t,t,10,2025-01-22 16:52:34.973681+00
59384,78778,1967.323753906978,1335.0204499128752,f,t,10,2024-12-30 17:28:41.088512+00
60874,129430,2095.521027661263,1644.7973225748774,f,t,42,2025-08-22 07:07:45.720689+00
58793,78686,1850.5886563899717,902.2704355258164,t,t,10,2025-01-30 18:01:59.572826+00
59236,78729,1956.324324324324,1332.985691573927,t,t,10,2025-01-21 19:47:32.270059+00
49434,101403,1879.805581604476,1124.0627945565568,f,t,10,2025-01-21 23:14:27.884589+00
49369,101309,1896.7030452692948,1177.3582595267976,f,t,10,2025-01-13 23:59:51.037206+00
43080,78715,1969.7704456653285,1310.5591495204092,t,t,10,2025-01-21 04:50:54.247227+00
49653,103018,2006.2751691292476,1368.969737281369,f,t,10,2025-02-03 17:36:52.430887+00
43085,78717,1988.8103377214888,1377.113599195142,t,t,10,2025-02-13 19:43:59.592388+00
49506,102786,1991.9414486858536,1305.847749111152,t,t,10,2025-02-05 17:42:25.189644+00
49592,102925,1975.6521381164623,1268.0652370705443,f,t,10,2025-01-14 13:51:40.262967+00
49620,102971,1949.684575389948,1181.310225303293,f,t,10,2025-02-13 15:13:14.279453+00
49482,102741,2001.8205396373064,1335.2454310495118,t,t,10,2025-02-03 19:18:13.526652+00
59164,78694,2217.437217455468,2087.27117357917,t,t,10,2025-02-11 20:49:44.226905+00
49503,102779,2018.4928052984296,1383.4509119840066,t,t,10,2025-01-21 13:45:40.484339+00
49640,102995,2009.9590095986089,1376.2622728903202,f,t,10,2024-12-28 04:56:41.271174+00
49628,102979,1975.9474181143607,1273.360012657596,f,t,10,2025-01-21 20:22:14.816872+00
49491,102764,2005.4758963000463,1343.5564269912968,t,t,10,2025-02-14 18:22:03.198097+00
49606,102951,1923.791862047356,1114.115257624735,f,t,10,2025-01-19 17:21:30.29254+00
49418,101371,1808.560848887665,890.3114826859007,f,t,10,2024-12-12 21:16:42.49104+00
43110,78737,1961.772985138138,1345.026827390696,t,t,10,2025-01-12 19:36:56.746062+00
43159,78765,1950.5106521791583,1259.0179621775687,f,t,10,2025-01-17 17:15:58.806573+00
49371,101311,1883.4930689162188,1117.5276053017517,f,t,10,2025-03-13 01:04:33.310544+00
49396,101343,1807.3718942550263,890.7441210410735,f,t,10,2025-01-29 13:18:08.144638+00
49535,102836,2003.0841104945732,1348.5592800944096,f,t,10,2025-01-14 20:03:03.09969+00
43188,78786,1970.416207317271,1339.8858451194,f,t,10,2024-12-07 22:12:43.656476+00
43027,78668,1977.64034804922,1344.4945029575497,t,t,10,2025-01-22 18:13:12.410754+00
49477,102738,1973.1130084002652,1247.9163237696223,f,t,10,2024-12-12 19:07:44.138312+00
49368,101308,1898.165213718284,1181.4914941399347,f,t,10,2025-01-11 18:42:07.678077+00
43202,78791,1955.8466567105968,1285.5939110265597,f,t,10,2025-02-11 15:13:50.854505+00
49532,102830,1918.7974007881637,1086.134559224951,f,t,10,2025-01-08 16:31:40.978161+00
49450,101421,1867.7588507653268,1083.668811708292,f,t,10,2025-02-05 18:33:53.471731+00
49448,101416,1869.0475760532968,1085.7281493940884,f,t,10,2025-01-21 20:25:51.536846+00
49563,102882,1982.9365027227143,1287.054193452865,f,t,10,2025-01-14 20:37:13.765244+00
49622,102967,1945.9086849600203,1178.1061564538618,f,t,10,2024-12-12 20:55:05.217761+00
49668,103060,2012.5631055661067,1389.246209078589,f,t,10,2025-02-18 15:57:30.032257+00
61962,101355,1813.781629116118,914.73136915078,f,t,10,2025-02-11 20:08:58.157527+00
49534,102835,2003.7688423283669,1350.1048482094327,f,t,10,2024-12-19 21:41:40.42455+00
49614,102960,1938.3929602575367,1155.6776845178872,f,t,10,2025-01-23 23:41:36.504999+00
49415,101361,1852.6358251631725,1040.755201065817,f,t,10,2025-02-22 10:29:21.193776+00
49604,102952,1951.257618280861,1197.030025523629,f,t,10,2025-01-03 18:29:47.304119+00
60159,129188,2136.755680364878,1524.6013380358488,f,t,42,2025-06-13 17:33:09.23323+00
49355,101295,1885.8275109327485,1127.3979916077749,f,t,10,2024-12-20 17:17:25.061477+00
49621,102968,1945.2112778432584,1176.992250685264,f,t,10,2025-03-07 18:36:38.523393+00
61374,101427,1806.1050475118325,883.52240027159,f,t,10,2025-01-17 14:37:52.749659+00
49480,102740,1981.167141790138,1256.6757633509146,f,t,10,2025-01-22 16:34:52.016902+00
49487,102751,2014.1746233139093,1373.3114275956164,f,t,10,2025-02-24 16:01:26.340868+00
43183,78780,1965.2937375484264,1328.1508168345006,f,t,10,2024-12-12 18:20:35.774537+00
49590,102920,1977.499557441353,1272.579605133352,f,t,10,2025-01-31 14:24:48.689987+00
49624,102976,1947.8564164789,1184.6524736525273,f,t,10,2025-01-07 20:23:46.652087+00
49637,102992,2010.3922781645797,1378.5730864511152,f,t,10,2025-01-27 23:06:53.345299+00
49569,102888,1934.489970307876,1139.434767692192,f,t,10,2025-01-08 15:52:23.147404+00
49657,103028,1891.8929574982035,1006.553417532865,f,t,10,2025-02-20 14:44:36.038984+00
49551,102871,1909.40248528055,1057.581153220473,f,t,10,2025-02-16 11:48:03.434997+00
49481,102742,2001.535404358723,1332.559090512821,t,t,10,2025-02-03 19:09:33.870773+00
49379,101319,1878.1735519363872,1108.751786258099,f,t,10,2025-03-28 15:21:59.953247+00
49382,101322,1879.7854980807715,1109.2563025927664,f,t,10,2025-01-07 23:35:23.074919+00
49580,102912,1991.296756598892,1321.2957989363158,f,t,10,2025-01-08 03:46:09.265632+00
60577,102788,1991.1220552808625,1306.2035599139383,f,t,10,2025-02-05 17:14:18.51177+00
49342,101280,1941.613216944491,1300.4225633595522,f,t,10,2025-02-28 21:53:10.731045+00
49370,101310,1899.1878759518588,1180.1579580145258,f,t,10,2025-01-28 21:17:03.642133+00
55895,102805,1979.9974097292336,1271.5045011190473,f,t,10,2025-01-23 01:21:27.405689+00
49377,101317,1878.8848047754848,1112.64643324297,f,t,10,2025-03-02 16:06:02.186638+00
49507,102790,1990.726287521628,1305.1076989088128,f,t,10,2025-01-24 18:34:28.438626+00
49347,101285,1944.268050342114,1303.6407147366033,f,t,10,2025-02-11 15:12:27.265518+00
59229,78721,1920.396747930125,1212.7399455582884,t,t,10,2025-01-07 20:50:39.225089+00
49433,101402,1883.8603871509165,1133.230351304634,f,t,10,2025-01-06 17:37:34.880011+00
56470,102927,1975.1507848101664,1264.220689415994,f,t,10,2024-12-12 19:26:09.824559+00
49447,101415,1870.0425864322283,1089.1969378888116,f,t,10,2025-01-22 10:26:24.852665+00
49578,102909,1990.8979343354465,1319.9190132671845,f,t,10,2025-02-20 04:52:14.244131+00
49399,101348,1815.1185728118803,896.6398625932824,t,t,10,2025-01-22 08:14:45.819139+00
49546,102864,1913.164721640392,1068.3914414571982,f,t,10,2025-01-12 18:25:43.987379+00
49462,101434,1865.0388867767683,1078.743568431218,f,t,10,2025-01-24 18:09:57.84529+00
49605,102950,1925.7756475775568,1128.038869779378,t,t,10,2025-01-20 19:42:48.967467+00
49348,101286,1943.177445332691,1303.5995467074606,f,t,10,2025-02-11 08:09:31.692528+00
49376,101316,1879.4607223521368,1113.6472293809372,f,t,10,2025-01-22 00:44:32.407955+00
59707,78805,1982.8508760124248,1379.7874238218888,f,t,10,2025-01-13 23:22:27.089196+00
49384,101327,1933.6421334124263,1295.207250070625,f,t,10,2025-02-03 17:37:17.450877+00
49567,102887,1936.118504160294,1144.4945945432598,f,t,10,2025-01-11 16:39:12.751499+00
58799,78738,1961.119236883943,1342.5755166931638,t,t,10,2025-01-22 16:40:11.597233+00
49533,102831,1919.4644543291129,1091.358824623288,f,t,10,2025-01-23 00:23:58.835345+00
49625,102972,1950.777817285807,1190.3929511562108,f,t,10,2025-01-16 18:36:13.616203+00
49601,102944,1992.1777459111831,1320.518921829074,f,t,10,2025-02-13 16:08:06.826289+00
49463,101440,1910.7437240451773,1224.447795679083,f,t,10,2025-02-10 16:38:05.589663+00
43077,78713,1966.0967112847825,1313.1381071666574,f,t,10,2025-01-22 17:35:44.541951+00
49579,102910,1990.9613309555252,1320.216052537441,f,t,10,2025-02-21 19:19:08.825696+00
58821,78758,1965.3656845753897,1364.2564991334489,t,t,10,2025-02-13 15:12:06.409258+00
49566,102885,1982.2598525414933,1287.4692369138318,f,t,10,2024-12-10 22:23:25.871412+00
49607,102955,1924.2460000103135,1116.6208345263487,f,t,10,2025-01-29 14:55:00.378896+00
49372,101312,1883.1269444694487,1117.8273400208882,f,t,10,2025-01-18 18:58:04.969396+00
43151,78764,1968.1808396496344,1352.9140735792885,t,t,10,2025-02-26 19:29:20.052599+00
49512,102804,1988.235642302487,1284.105322629387,t,t,10,2025-02-07 17:27:05.082988+00
49492,102765,2007.4411623440117,1353.22982031854,t,t,10,2025-02-26 17:08:41.68035+00
49583,102913,1995.4631379962195,1334.109640831758,f,t,10,2025-02-03 16:45:47.070974+00
43223,78808,1927.802961534728,1228.861695175453,t,t,10,2025-03-02 16:07:03.844787+00
43148,78762,1966.7798128484967,1351.6529636913938,t,t,10,2025-01-18 17:22:11.276592+00
49602,102946,1991.035012137736,1316.7791161123823,f,t,10,2025-03-10 17:48:46.69914+00
49364,101304,1898.601232204052,1185.5772546312169,f,t,10,2025-01-30 21:36:16.265809+00
49501,102775,2016.6763009646363,1379.9576801430956,t,t,10,2025-01-09 22:56:43.805748+00
43048,78691,1994.683624801272,604.1589825119238,t,t,10,2025-01-30 21:41:47.669617+00
49404,101354,1805.3085098763277,872.9781195073066,f,t,10,2025-01-04 16:52:14.635006+00
49349,101287,1942.9368898114344,1302.850353072207,f,t,10,2025-02-02 19:21:37.910017+00
58825,78761,1965.5499540029975,1353.1786333778623,t,t,10,2025-01-20 20:21:18.424504+00
49466,101441,1867.2242291056116,1082.5614339105737,f,t,10,2025-01-06 01:49:18.759528+00
61963,102753,2014.8360678791653,1375.0957896786351,f,t,10,2025-03-05 15:53:16.570559+00
49454,101429,1811.6815929085817,912.076965112612,f,t,10,2025-01-26 16:41:49.369732+00
49598,102938,2002.448439434814,1352.411183891658,f,t,10,2025-02-28 18:12:15.082904+00
43039,78683,1993.4754560064605,1391.9164148917228,t,t,10,2025-03-03 15:39:47.824705+00
49645,103000,1990.4156724572624,1318.408790438003,f,t,10,2025-01-27 21:55:58.453589+00
61964,102806,1980.46145318582,1274.033552433859,f,t,10,2025-01-16 04:30:26.494538+00
49489,102758,2084.6459764278875,1360.8304469658492,t,t,10,2025-02-24 16:10:23.526232+00
49490,102763,2006.2370642632857,1343.4135283618866,t,t,10,2025-01-21 19:33:36.479515+00
43068,78707,1930.840512223516,1169.6437718277066,t,t,10,2025-02-19 17:53:10.127137+00
49341,101279,1941.708448811867,1306.9451564040992,f,t,10,2025-01-26 15:54:03.311238+00
68826,102749,1923.217987428826,1378.7323393841411,t,t,60,2025-10-29 17:22:53.300519+00
49560,102878,1982.6337832503395,1288.4882276302053,f,t,10,2025-03-03 22:48:05.597405+00
23849,129192,2114.3261467679918,1456.3713729586125,f,t,42,2025-04-16 10:31:36.265379+00
69271,102575,2130.0000000000005,1594.0,t,t,59,2025-10-27 23:50:42.795287+00
43138,78757,1957.4292931702855,1332.6746624919542,t,t,10,2025-02-18 22:09:34.125302+00
49664,103048,1978.393186986012,1283.4138640314852,f,t,10,2025-03-13 00:39:24.730421+00
49568,102889,1939.0234563378465,1149.0660805169375,f,t,10,2025-01-22 22:26:03.239166+00
49643,103001,1992.728802908165,1324.706728027795,f,t,10,2025-03-13 01:02:19.450883+00
49394,101340,1809.3952063314064,888.3345567095223,f,t,10,2025-02-10 16:25:38.24892+00
49323,101261,1905.1118728935692,1185.0585589659129,f,t,10,2025-01-20 09:23:39.209826+00
49439,101406,1887.2146558768525,1142.8923437494518,f,t,10,2025-01-27 23:01:57.757108+00
49616,102963,1967.4058479178257,1247.9227752107029,f,t,10,2025-01-18 10:44:44.176196+00
49380,101320,1877.296041223688,1108.284139548181,f,t,10,2025-03-28 15:43:17.72616+00
49600,102943,1993.5199346759407,1324.1298587452616,f,t,10,2024-12-24 02:47:19.874317+00
49511,102798,2005.756950735432,1355.891996868586,f,t,10,2025-01-26 18:11:17.927663+00
59374,78766,1954.436621113064,1282.5190303669951,f,t,10,2025-03-04 16:33:00.164215+00
61818,101375,1834.909643236944,974.581842054488,f,t,10,2025-01-27 17:24:18.891779+00
49471,101448,1893.1205897715904,1173.9580719428936,t,t,10,2025-02-14 18:30:11.140468+00
43133,78753,1957.9148821552487,1332.0759071957364,t,t,10,2025-02-01 23:28:30.280899+00
49559,102879,1984.2349539600705,1292.2901999372227,f,t,10,2025-03-07 18:37:05.371444+00
49413,101360,1855.631160572337,1050.0858505564388,f,t,10,2025-02-03 17:47:57.907483+00
49452,101426,1896.9998055963256,1181.553472855726,f,t,10,2025-02-05 02:25:12.841661+00
43056,78701,1907.646907937347,1106.1592435397524,f,t,10,2024-11-21 05:59:26.261888+00
49437,101401,1882.5501087643615,1124.9664547563395,f,t,10,2025-02-07 23:01:20.109608+00
49561,102881,1982.5888694315613,1288.6342918047558,f,t,10,2025-02-01 22:08:58.471749+00
49651,103016,2007.3164226909755,1370.7633829029162,f,t,10,2025-02-04 17:51:53.969859+00
49638,102993,2009.8115670306745,1377.7115917508468,f,t,10,2024-12-13 19:49:00.482818+00
68192,103061,,,f,t,43,2025-05-15 01:12:01.251815+00
24042,129210,2139.52510225298,1536.3077965043656,f,t,42,2025-04-16 11:00:44.421398+00
49412,101363,1855.7772459064563,1052.8184232221397,f,t,10,2025-02-13 21:03:11.307388+00
49537,102849,2009.1366181669573,1369.3663739258282,f,t,10,2025-01-31 19:34:55.581833+00
23709,129307,1948.2121168959504,1210.9322658241151,f,t,42,2025-05-02 16:02:45.199308+00
43189,78785,1969.8363435003832,1339.918540613792,f,t,10,2025-02-10 18:40:40.981951+00
49435,101400,1884.400635930048,1126.8044515103338,f,t,10,2025-02-05 20:49:23.265827+00
49338,101276,1942.8476587215976,1306.0464667808817,f,t,10,2025-01-17 17:11:23.004187+00
49571,102901,1977.884986876064,1273.6930491455423,f,t,10,2025-01-16 01:13:28.354391+00
43139,78754,1955.899972835874,1329.186447755951,t,t,10,2024-12-19 19:49:55.296619+00
49325,101263,1903.3648604564587,1178.0507144466303,f,t,10,2025-01-22 15:55:21.704507+00
49401,101346,1809.5076850595128,890.870546949366,f,t,10,2025-01-29 19:40:36.521881+00
63012,129300,1966.4929180396196,1264.8941268409385,f,t,42,2025-08-22 07:02:10.099628+00
49581,102911,1991.469012553477,1322.5261222946376,f,t,10,2025-02-16 12:32:16.44266+00
43162,78769,1954.9116117850956,1254.4887348353552,t,t,10,2025-02-13 16:50:01.574177+00
49594,102923,1974.4869349743649,1263.419115917366,f,t,10,2025-02-11 20:20:58.660686+00
43144,78760,1966.6251393073424,1357.3597498384972,t,t,10,2025-02-18 18:20:23.000479+00
59551,78790,1956.3315431832136,1286.1032268656072,f,t,10,2024-12-17 00:05:20.122799+00
49585,102915,1982.631900782532,1290.8305810005988,f,t,10,2025-02-27 19:21:51.513858+00
49544,102857,1913.095320623917,1071.5424610051991,f,t,10,2025-01-18 19:08:50.632616+00
49455,101430,1808.348449177688,892.0532143760635,f,t,10,2025-02-04 17:51:32.334469+00
43096,78723,1919.2765647647536,1201.175584329981,t,t,10,2025-01-29 15:42:05.226628+00
49391,101339,1814.8490726953596,904.2703186697942,f,t,10,2025-01-07 21:14:39.265768+00
43196,78788,1973.672524163376,1354.1838204828891,f,t,10,2025-01-30 20:59:35.073606+00
60226,129415,2086.6715886450347,1612.303454939312,f,t,42,2025-05-08 23:11:07.715176+00
49328,101266,1933.9942861934824,1273.6790038965428,f,t,10,2025-03-31 18:33:15.891902+00
65329,129342,1959.133304366081,1245.0100308492374,f,t,42,2025-06-16 15:13:34.770087+00
59169,78699,1906.74529185332,1108.7285443467474,f,t,10,2025-02-03 10:20:41.176715+00
59235,78727,1886.5583781707016,1081.2150614163616,t,t,10,2024-12-05 20:56:03.376293+00
55899,103004,1989.4746123615853,1314.5411652006185,f,t,10,2025-01-11 18:38:16.348559+00
49459,101432,1821.840685042892,924.4103881885992,f,t,10,2025-01-27 22:46:30.621817+00
49500,102777,2016.3744146573256,1379.7571437905578,t,t,10,2025-01-17 21:10:01.759841+00
60775,129203,2107.638903348384,1441.6131700286835,f,t,42,2025-06-16 15:55:31.533697+00
49562,102883,1982.677492335068,1287.217108224326,f,t,10,2025-01-15 01:41:42.279296+00
68841,129258,1947.0,1194.0,t,t,61,2025-11-11 22:27:37.008623+00
43132,78752,1980.188419079781,1400.8886788953766,t,t,10,2025-02-11 17:47:44.40758+00
49593,102922,1974.1152749254843,1264.3845284654378,f,t,10,2025-02-09 23:26:29.152528+00
49497,102774,2016.681959689185,1380.018167838686,t,t,10,2025-01-29 17:37:58.890977+00
49538,102847,2010.7215824118773,1368.4788285440911,f,t,10,2025-02-11 17:45:36.945526+00
49613,102961,1937.1446740858505,1141.1891891891892,f,t,10,2025-02-04 21:43:53.253632+00
49644,103002,1991.6893181545795,1321.1514894910856,f,t,10,2025-01-28 23:24:05.723985+00
68294,129253,2071.0,1555.9999999999998,t,t,62,2025-11-11 20:58:35.258655+00
1849,129414,2088.33060909754,1618.3378914827297,f,t,42,2025-06-21 14:50:52.174388+00
49476,102736,1971.9604955993025,1243.3888947053908,f,t,10,2025-01-22 18:24:26.91981+00
43095,78722,1921.3459357277884,1202.9792060491493,t,t,10,2025-01-30 18:16:38.661772+00
49553,102868,1907.6332945285212,1048.9662398137368,f,t,10,2025-01-14 02:30:45.95695+00
49548,102865,1911.030239642418,1065.8606892611251,f,t,10,2025-03-06 15:55:06.776145+00
49630,102980,1970.989977945021,1258.554025683317,f,t,10,2025-01-25 19:18:10.938375+00
49516,102808,1994.3619255214655,1318.0288374460752,f,t,10,2025-03-07 18:30:25.471922+00
49577,102907,1991.3608853916844,1321.8906528963007,f,t,10,2025-01-11 16:48:56.840647+00
49411,101364,1856.925545825041,1058.0220618583785,t,t,10,2025-03-02 16:52:25.651814+00
49557,102876,1986.4729624126192,1297.6005035017183,f,t,10,2025-01-15 08:52:31.735468+00
49652,103017,2006.3573175926217,1367.3658818975966,f,t,10,2025-01-12 17:25:10.012199+00
43114,78739,1959.4939422334696,1334.3441606630674,t,t,10,2025-02-14 21:58:31.187503+00
49333,101271,1932.6600131348453,1277.6701817121498,f,t,10,2025-02-09 12:26:39.585901+00
43097,78726,1935.166382738404,1254.1333061769128,t,t,10,2025-02-26 16:53:45.389298+00
49387,101335,1933.3754337611963,1285.9601719223613,f,t,10,2025-01-28 22:31:26.752265+00
49515,102807,1982.10912801886,1277.6072488996565,f,t,10,2025-02-04 18:28:11.727246+00
49573,102903,1973.3573240016103,1259.598099387376,f,t,10,2025-01-31 15:48:29.953208+00
61081,129447,2064.5330770765368,1555.917580350337,t,t,42,2025-06-13 16:11:21.194434+00
43198,78789,1956.545194090916,1285.2802635288429,f,t,10,2025-02-19 15:26:33.720811+00
69216,129157,2082.2106815300926,1506.1442807635622,t,t,62,2025-11-07 01:46:33.895411+00
49362,101302,1902.5308156833112,1194.6001103983822,f,t,10,2025-01-17 17:39:09.408712+00
49407,101356,1811.7177598950543,902.761682812384,f,t,10,2025-01-24 14:18:04.001209+00
25485,129280,1972.4936776031172,1283.5161456552728,f,t,42,2025-06-29 13:51:06.573705+00
49479,102739,1976.7619777234863,1254.8082981793311,f,t,10,2025-02-02 18:13:53.80525+00
68232,129235,2047.0,1488.0,t,t,62,2025-11-08 03:32:45.495083+00
68533,129225,2043.4473537535696,1476.263137528446,t,t,62,2025-11-08 03:28:08.365593+00
65333,129185,2148.889937518417,1557.5579584531877,f,t,42,2025-04-18 15:27:57.049588+00
68544,129250,2069.0000000000005,1542.9999999999998,t,t,62,2025-11-11 20:57:11.94085+00
49641,102997,2009.1795938409196,1375.6933547900162,f,t,10,2024-12-12 16:23:49.211577+00
43193,78787,1983.6702793651848,1384.376270863663,f,t,10,2024-12-09 15:58:50.099562+00
61175,129193,2113.5752673003053,1456.3297090847009,f,t,42,2025-04-21 16:50:57.888659+00
49541,102860,1911.711281245328,1067.3774046370108,f,t,10,2025-01-12 17:20:14.135443+00
49531,102829,1920.956350083664,1093.431354524419,f,t,10,2025-01-22 00:26:54.360704+00
24875,129296,1969.6068005083775,1278.7509864154922,f,t,42,2025-04-24 19:18:42.694568+00
59181,78708,1923.9696197735573,1162.4827452360128,f,t,10,2025-01-08 16:36:05.983707+00
59379,78772,1945.090259677499,1243.9652894452895,f,t,10,2025-03-02 16:32:17.791279+00
49525,102821,2011.9089683287004,1373.7080029098615,f,t,10,2025-01-31 16:21:10.498637+00
63488,129299,1966.4008834792369,1263.0524161203202,f,t,42,2025-06-16 16:05:18.775017+00
49610,102953,1928.2853893987815,1125.7567650715791,f,t,10,2025-01-31 16:31:17.574589+00
49597,102929,1975.6164429128792,1268.5881357926537,f,t,10,2025-01-22 21:59:09.870723+00
59353,129162,2102.559260478426,1444.808796784544,t,t,42,2025-06-16 15:49:34.753494+00
49582,102908,1992.1609745775463,1322.0794725062942,f,t,10,2025-02-26 17:54:59.276696+00
55897,102926,1975.6650927577175,1266.586050162421,f,t,10,2025-01-30 03:10:01.335792+00
43063,78705,1908.161774348377,1112.8224234620725,f,t,10,2025-02-07 18:37:44.637712+00
49502,102778,2017.458388690018,1385.4668535010169,t,t,10,2025-03-20 12:32:53.684904+00
49591,102918,1970.0003011504891,1250.4891008059335,f,t,10,2024-12-06 17:27:16.277689+00
49570,102890,1935.18274500798,1136.8970235459833,f,t,10,2025-02-05 16:58:25.038185+00
49441,101409,1827.1343791547963,935.9225188144104,t,t,10,2025-02-07 18:42:31.113978+00
43176,78777,1976.412857142857,1332.797142857143,t,t,10,2024-12-18 00:04:02.019506+00
43142,78759,1967.2864729178311,1359.688689268078,t,t,10,2025-02-03 18:43:56.367881+00
58794,78733,1959.3257142857144,1321.4057142857143,t,t,10,2024-12-18 00:25:06.391837+00
49608,102956,1922.7599364069956,1122.0095389507153,t,t,10,2025-02-05 20:38:54.277181+00
738,129266,1970.9704419344384,1281.629285368235,f,t,42,2025-06-13 19:10:20.320987+00
43060,78704,1907.9345539258557,1106.3814476146267,f,t,10,2025-01-24 18:38:04.330668+00
43171,78771,1945.284655175456,1241.7095629471696,f,t,10,2024-11-25 19:41:42.188721+00
43079,78712,1970.1116357831868,1311.462328421482,t,t,10,2025-03-09 08:08:07.869327+00
49340,101278,1942.227976490205,1306.2786918886393,f,t,10,2025-01-08 21:46:32.240079+00
43107,78735,1956.629044747432,1327.858797792412,t,t,10,2025-02-03 19:48:38.841553+00
49633,102987,1995.3923851882985,1335.0819421670872,f,t,10,2024-12-12 20:02:15.248395+00
65694,129174,2139.007570065675,1528.165755056075,f,t,42,2025-06-16 15:00:24.685782+00
59592,78795,1956.2539267572345,1288.9341255704514,f,t,10,2025-03-17 18:40:47.674379+00
59232,78725,1918.777845244815,1199.0487121083506,t,t,10,2024-12-13 14:55:52.339708+00
49365,101305,1901.2036535133925,1190.2535883970977,f,t,10,2025-02-26 02:29:50.089516+00
43102,78731,1951.799125643274,1314.265972587446,t,t,10,2025-02-21 19:19:20.494083+00
59174,78702,1913.1701112877583,1102.8298887122417,t,t,10,2025-01-28 21:15:25.641236+00
49470,101443,1887.7706675764916,1156.7419508819116,t,t,10,2025-02-19 19:31:09.308821+00
25884,129277,1976.850712855421,1300.128396873623,f,t,42,2025-06-11 15:31:11.749061+00
43155,78768,1965.9141494435607,1289.831478537361,t,t,10,2025-02-05 20:47:44.67545+00
49520,102812,1991.640731543269,1308.6630298784369,f,t,10,2025-02-26 17:09:43.453238+00
58798,78736,1957.9915126376052,1332.3807925073734,t,t,10,2025-01-20 15:34:03.132727+00
49609,102954,1925.0753685507204,1118.849222938337,f,t,10,2025-02-12 15:16:24.687529+00
49345,101283,1942.262466825471,1303.8059330791186,f,t,10,2025-02-13 20:57:18.775897+00
43061,78703,1909.2403772845705,1110.8088633174414,f,t,10,2025-02-25 18:06:56.490142+00
49584,102916,1983.9918230429332,1294.6470399537543,f,t,10,2025-01-14 00:04:57.534336+00
43117,78740,1965.5252932887488,1351.8639164623066,t,t,10,2025-01-21 23:04:09.296441+00
23741,129468,2068.9444980118787,1555.2085496569132,f,t,42,2025-06-16 15:03:08.885586+00
60273,129259,1941.5592131323565,1193.072062146534,f,t,42,2025-05-16 13:35:23.27397+00
61163,129443,2059.1577681820445,1539.4129271709926,t,t,42,2025-08-22 07:08:03.14566+00
59998,129410,2087.5867837379897,1613.3682454360055,f,t,42,2025-06-26 23:21:06.607516+00
49549,102863,1909.899434109256,1063.1726180364558,f,t,10,2025-01-03 18:27:53.245223+00
49390,101337,1883.830441228705,1138.3105629610327,f,t,10,2025-01-20 23:54:28.166064+00
49639,102994,2009.489920985749,1376.929615375864,f,t,10,2025-01-27 22:32:18.548704+00
63799,129393,1952.949092111858,1232.3383375389026,f,t,42,2025-05-16 14:15:39.367815+00
49603,102947,1995.1372311020057,1328.9888626988266,f,t,10,2025-01-23 21:26:52.241607+00
49397,101345,1810.9335714079912,893.3132736859362,f,t,10,2024-12-12 21:49:10.780578+00
49595,102924,1975.9216806713373,1267.2882500293997,f,t,10,2025-01-21 19:55:27.057304+00
63239,129306,1949.0737789676537,1211.050489732488,f,t,42,2025-04-30 15:45:56.31167+00
49665,103050,1976.9215779254944,1278.4118653078062,f,t,10,2025-01-17 21:50:07.257937+00
49596,102928,1975.0839759028725,1264.4693145670085,f,t,10,2025-02-19 15:54:11.230977+00
49611,102957,1932.349761526232,1126.8044515103338,f,t,10,2025-02-03 16:29:57.586231+00
49395,101344,1806.0585447203568,887.4442849989256,f,t,10,2024-12-05 21:00:55.589551+00
43023,78667,1976.3588793465049,1339.589338046276,t,t,10,2025-03-02 16:39:05.211198+00
49599,102941,1994.1588478469491,1330.0677877766316,f,t,10,2025-01-21 20:11:50.396259+00
43041,78684,1993.968373304263,1393.2916418086957,t,t,10,2025-02-14 22:18:15.861874+00
49337,101275,1943.4773679445168,1305.4504820687248,f,t,10,2024-12-06 16:19:36.101052+00
49575,102905,1993.0789281303369,1323.506473191293,f,t,10,2025-01-16 04:00:20.763113+00
25295,129369,1974.2045045334692,1305.1373732807376,t,t,42,2025-05-17 14:28:45.512046+00
49428,101398,1826.2804980149597,945.3749611865916,f,t,10,2025-01-27 22:39:53.625715+00
49353,101293,1898.785373608903,1136.3942766295709,t,t,10,2025-01-21 16:03:56.840047+00
49634,102985,1996.418268405133,1335.6551031154504,f,t,10,2025-03-13 01:06:33.280397+00
49526,102819,2012.6886270717573,1377.3948279308531,f,t,10,2025-03-02 16:24:56.271524+00
49431,101395,1853.149585624808,1037.9211872965468,f,t,10,2025-01-20 15:36:21.248929+00
49627,102975,1953.4835346768607,1206.2137502476876,f,t,10,2025-02-08 12:33:59.644906+00
43208,78796,1956.3733105026429,1287.8675562038418,f,t,10,2025-02-19 14:51:03.12936+00
49416,101365,1869.2454145824056,1089.6944852087904,f,t,10,2025-02-03 16:30:18.561543+00
49508,102787,1990.4626906828703,1303.6219991032858,f,t,10,2025-02-11 02:12:16.479404+00
49432,101397,1836.8572862910507,979.983235999951,f,t,10,2025-01-26 15:13:19.528821+00
49339,101277,1943.0939662394417,1306.2669111756293,f,t,10,2025-01-31 14:23:53.224042+00
43206,78794,1954.3507255239283,1284.3880655169974,f,t,10,2024-12-04 18:12:27.690357+00
49322,101260,1906.501196324092,1189.1739765553702,f,t,10,2025-03-21 12:30:58.11056+00
49514,102803,1981.018560798031,1279.100493747233,f,t,10,2025-01-26 16:08:15.021528+00
49522,102815,1990.26453747984,1305.3446206527256,f,t,10,2025-01-27 22:29:39.589858+00
49457,101428,1810.162980209546,900.4400465657741,f,t,10,2024-12-16 21:40:12.93676+00
49518,102810,1996.015153852452,1320.6416131920637,f,t,10,2025-02-11 17:59:47.353329+00
49336,101274,1937.1446740858505,1285.0365659777424,f,t,10,2025-02-07 17:58:28.089964+00
43199,78792,1956.3455977413864,1285.6631433057596,f,t,10,2025-01-31 13:05:28.681098+00
49343,101281,1943.1719645859537,1300.519821062719,f,t,10,2025-03-05 18:28:15.643318+00
49528,102823,2014.585667539022,1380.4737706064238,f,t,10,2025-01-21 15:39:01.092392+00
62813,129172,2141.1508172934364,1542.897427258126,f,t,42,2025-05-20 15:50:13.3612+00
60578,102964,1943.436983034592,1170.5982455683522,f,t,10,2025-02-25 02:37:04.466881+00
49393,101341,1815.278713843516,913.2760054242568,f,t,10,2025-02-02 18:41:20.508302+00
23847,129215,2138.48377361332,1534.5808543068863,f,t,42,2025-06-26 23:51:29.889416+00
49623,102974,1946.550179647353,1181.6609929292986,f,t,10,2025-02-09 12:04:37.816173+00
49330,101268,1933.5188421480825,1275.41517074853,f,t,10,2025-01-24 18:14:19.281148+00
43081,78714,1969.498040722252,1310.158772168198,t,t,10,2025-01-12 16:23:32.132297+00
68401,101405,1889.3496481030704,1130.783710086459,t,t,58,2025-10-29 19:05:51.246111+00
49472,101447,1890.703561421568,1159.4928881064243,f,t,10,2025-03-17 18:36:24.88098+00
43075,78710,1971.4152519090887,1316.2053641256591,t,t,10,2025-03-03 23:03:35.212878+00
21881,129401,2070.1001208044527,1552.4309327584544,f,t,42,2025-05-02 15:41:12.529867+00
59555,129351,1978.708523922966,1314.816455300343,f,t,42,2025-06-13 19:27:02.095641+00
49409,101357,1861.8597838399703,1065.761240155654,f,t,10,2025-01-11 17:15:30.976891+00
56567,129421,2068.7510589553185,1558.8603813421716,f,t,42,2025-05-21 15:38:25.047428+00
49400,101347,1810.5314240747036,894.9669931824346,f,t,10,2025-01-26 16:55:07.274459+00
62551,129344,1983.7563322489505,1323.786179772867,f,t,42,2025-06-21 14:29:38.217133+00
25915,129365,1967.1563627134915,1285.914594908976,t,t,42,2025-04-30 15:49:51.840698+00
60418,129398,2048.809717307815,1484.6590574469512,f,t,42,2025-06-21 15:03:30.253995+00
49458,101433,1812.8644787652963,906.7852533034212,f,t,10,2025-01-30 18:52:09.023424+00
49426,101373,1858.7598193158235,1047.8466644175792,f,t,10,2025-01-25 15:16:56.09596+00
49335,101273,1932.2908263085556,1277.0698199986668,f,t,10,2025-01-28 22:10:29.986449+00
49467,101445,1860.889467597888,1068.4513785703086,f,t,10,2025-03-06 18:50:30.90662+00
58766,78666,1970.7699083346777,1340.0577294099733,f,t,10,2025-03-03 18:37:47.923957+00
43146,78763,1967.4596481840088,1353.057791113994,t,t,10,2025-01-28 17:07:00.00976+00
68466,129163,2138.0,1564.0,t,t,62,2025-11-07 01:50:05.0093+00
49524,102816,1987.4101308048664,1296.556024222224,f,t,10,2025-01-27 23:31:05.249141+00
49655,103021,2006.280940980052,1363.959412109284,f,t,10,2025-01-24 08:51:08.119548+00
68443,129359,1935.0,1183.0,t,t,61,2025-11-14 03:06:37.989606+00
49356,101296,1885.029174817965,1122.6294722729965,f,t,10,2025-01-25 19:19:10.715006+00
23850,129175,2103.706411780393,1423.1991571311664,f,t,42,2025-06-21 14:59:16.919639+00
68416,129350,1977.0,1313.0,t,t,61,2025-11-14 03:01:46.900807+00
49402,101351,1813.3723925918864,910.5683658431972,f,t,10,2025-01-28 17:19:34.662144+00
43071,78709,1971.9023750132017,1318.9437708950763,t,t,10,2025-01-21 18:29:08.427741+00
49421,101370,1784.7907694015437,813.6155890896036,f,t,10,2025-02-01 21:56:38.677789+00
23973,118573,1823.308710212516,1298.893479957809,t,t,43,2025-06-08 13:45:03.348762+00
49509,102789,1990.1013044365668,1302.536719092213,f,t,10,2025-01-22 00:36:28.542096+00
61714,129420,2070.2421140092074,1563.8417541660374,f,t,42,2025-06-25 15:13:28.066969+00
62876,129285,1968.2195942389897,1268.5066867646044,f,t,42,2025-05-06 20:41:41.312535+00
49406,101352,1812.4769475357712,906.2384737678856,f,t,10,2025-02-07 17:36:35.004231+00
60618,129199,2119.531170169546,1479.1929005406146,f,t,42,2025-04-16 15:23:03.843294+00
68305,103042,1986.3418051294905,1309.8115187364235,t,t,60,2025-11-06 19:48:05.186836+00
49427,101389,1938.0438812928176,1304.644424373569,f,t,10,2025-01-23 22:43:14.323763+00
49381,101321,1877.0495119649877,1113.4999510526752,f,t,10,2025-01-18 19:07:00.046795+00
49648,103009,1981.9414304523627,1280.8870617107848,f,t,10,2025-02-13 14:34:12.257831+00
59705,78801,2217.2864999276367,2087.2021121671837,t,t,10,2025-01-30 17:48:07.37116+00
49436,101404,1878.075473227062,1119.645383520978,f,t,10,2025-02-05 07:04:30.513059+00
49425,101376,1867.744856672101,1077.2855304162144,f,t,10,2025-01-28 18:53:06.203805+00
49565,102886,1981.9470318211345,1286.7493079043154,f,t,10,2025-02-08 16:37:31.283465+00
49424,101374,1831.2977424769872,957.490594004021,f,t,10,2025-01-12 19:30:47.49567+00
49661,103046,1982.486273992704,1294.5857658351465,f,t,10,2025-01-17 21:38:24.624817+00
43164,78770,1946.01823597174,1245.051107377754,f,t,10,2024-11-21 05:53:38.042151+00
49443,101412,1823.3978296857745,937.3205699241488,f,t,10,2025-03-18 17:02:14.123485+00
49646,103005,1979.0711605391143,1281.9609677067956,f,t,10,2025-02-04 20:35:34.800044+00
49663,103049,1983.4931644811145,1299.51374158525,f,t,10,2024-12-06 17:27:58.557623+00
68188,102846,,,f,t,43,2025-05-15 01:22:14.516713+00
24869,129472,2093.310679568829,1632.3942419744103,f,t,42,2025-04-24 20:00:56.780309+00
49662,103047,1984.9941502838592,1302.1830631828857,f,t,10,2025-02-24 16:28:33.811603+00
49363,101303,1901.968382475854,1194.95228527685,f,t,10,2025-01-18 17:49:56.53271+00
49635,102988,2000.259380837465,1342.2688537576623,f,t,10,2025-01-28 19:10:13.958589+00
69047,102682,1970.0,1489.0,t,t,59,2025-10-28 01:06:20.905072+00
49386,101332,1932.484185790561,1285.6739606403737,f,t,10,2025-01-17 23:33:34.226128+00
25921,129340,1990.2755099896465,1342.334782192682,f,t,42,2025-06-27 15:33:38.234881+00
43026,78671,1977.002426562527,1340.981833124199,t,t,10,2025-03-05 18:08:23.617327+00
61174,129167,2157.888745290617,1535.2209795749166,t,t,42,2025-06-26 22:10:23.783003+00
43073,78711,1972.564039029424,1318.4645532943453,t,t,10,2025-01-27 17:22:39.864755+00
49617,102966,1942.295646721024,1163.7555265268234,f,t,10,2024-12-05 21:10:51.539842+00
69134,102804,1988.235642302487,1284.105322629387,t,t,60,2025-11-04 04:03:04.832243+00
68812,102736,1971.9604955993025,1243.3888947053906,t,t,60,2025-10-29 15:52:10.801535+00
49417,101366,1816.9273942720267,915.7939900787104,f,t,10,2025-02-17 18:19:05.04214+00
43187,78782,1963.9724315416731,1324.0909550065903,f,t,10,2025-02-12 10:42:31.683849+00
20577,129184,2150.016568883795,1571.4432178972088,f,t,42,2025-04-21 15:24:10.929735+00
49398,101349,1817.2718600953892,906.2384737678856,t,t,10,2025-02-08 13:23:50.449044+00
65050,129434,2099.696987756439,1662.8350687037057,f,t,42,2025-05-04 21:59:35.091887+00
49631,102982,1970.4888033417576,1255.295352699439,f,t,10,2025-01-17 17:39:40.987672+00
68813,102741,2001.8205396373064,1335.2454310495118,t,t,60,2025-10-29 15:55:15.956438+00
61158,129308,1949.01445449657,1211.56082432839,f,t,42,2025-05-08 23:14:51.414547+00
63136,129470,2030.8982605946644,1438.088033475756,f,t,42,2025-06-21 14:53:57.542353+00
49478,102737,1974.9694195122809,1252.6331740292756,f,t,10,2025-02-11 17:00:19.662146+00
49445,101417,1872.233128646636,1097.32869326171,f,t,10,2025-01-29 17:56:28.732974+00
49666,103051,1978.2920296206803,1282.506006197564,f,t,10,2025-01-15 22:31:04.3132+00
68189,102853,,,f,t,43,2025-06-17 19:00:13.063508+00
49615,102959,1942.674837204939,1168.3679122604167,f,t,10,2025-02-10 18:33:00.186904+00
49344,101282,1942.4584518268105,1304.831869738371,f,t,10,2025-03-28 15:09:07.095125+00
49357,101297,1884.896038690448,1121.5914684984773,f,t,10,2025-02-16 12:00:53.614951+00
49636,102990,1997.1789297935975,1338.442213512859,f,t,10,2025-01-18 04:43:30.269199+00
58789,78682,1817.1131721902327,826.7216982332397,t,t,10,2024-12-13 14:56:49.25027+00
68960,78754,1955.899972835874,1329.186447755951,t,t,57,2025-10-21 01:34:20.094525+00
43088,78720,1989.48295902456,1379.703818045881,t,t,10,2025-02-15 11:48:28.184085+00
21905,129460,2075.991628899443,1575.987407482579,f,t,42,2025-06-13 20:08:55.951102+00
49419,101367,1800.3447424821366,864.0622042663393,f,t,10,2025-01-28 22:26:18.326111+00
60473,129326,1966.0172236344856,1266.9300624188136,f,t,42,2025-06-21 14:20:06.891452+00
43211,78799,1957.3295221686303,1291.6907521640037,f,t,10,2025-02-20 23:18:56.561437+00
58792,78687,1838.0604797647643,847.3287882838011,t,t,10,2025-02-05 18:09:48.226705+00
49588,102921,1980.2988871224168,1285.0365659777424,f,t,10,2025-02-05 21:15:26.692357+00
68933,78731,1951.7991256432745,1314.265972587446,t,t,57,2025-10-21 01:20:31.506854+00
65070,129273,1983.5032796876412,1316.468088709429,f,t,42,2025-06-16 14:19:09.586627+00
65325,129394,1981.771941034772,1322.0074896052954,f,t,42,2025-06-27 00:14:59.303279+00
58787,78680,1994.422574052805,1394.6112580251977,t,t,10,2024-12-20 19:05:47.387361+00
59584,129341,1964.5957198246315,1265.5392893904182,f,t,42,2025-05-04 16:29:15.550884+00
59441,78779,1964.5828767384685,1327.5584032742145,f,t,10,2025-03-03 15:27:45.766454+00
49438,101405,1889.3496481030704,1130.783710086459,t,t,10,2025-02-08 12:32:44.710983+00
49505,102785,1992.2382720592975,1306.207101384155,t,t,10,2025-01-18 22:04:41.06668+00
68805,78753,1957.9148821552487,1332.0759071957364,t,t,57,2025-10-21 01:33:58.70453+00
49539,102855,1979.226730374304,1272.87393706278,f,t,10,2025-01-03 19:47:11.157374+00
69098,78757,1957.4292931702855,1332.6746624919542,t,t,57,2025-10-21 01:35:22.72765+00
49460,101436,1867.8470174192312,1093.7137908669265,t,t,10,2025-01-21 16:09:46.93889+00
49451,101422,1898.2680304424584,1186.1578653586116,t,t,10,2025-02-25 23:38:37.937147+00
61088,129298,1967.9802990914657,1268.4498149574245,f,t,42,2025-05-08 23:33:39.567593+00
49464,101438,1913.095320623917,1228.3535528596187,f,t,10,2025-02-13 16:35:45.414293+00
49543,102858,1910.2030204077791,1062.0723965405932,f,t,10,2025-03-04 16:09:35.428038+00
49523,102814,1988.4064026224603,1298.5027778521626,f,t,10,2025-01-31 03:33:38.968174+00
59382,78774,1968.3874983007977,1334.3200352913104,f,t,10,2025-01-25 12:47:21.464149+00
49618,102970,1943.5359270341169,1171.015586237129,f,t,10,2024-12-20 16:05:40.108465+00
61819,101444,1865.2209856915736,1083.6502384737678,t,t,10,2025-01-22 16:09:51.679918+00
68912,78719,1992.408710372468,1379.2858366974622,t,t,57,2025-10-21 01:03:24.597447+00
68220,78671,1977.0024265625275,1340.9818331241988,t,t,57,2025-10-21 01:06:22.186586+00
69076,101289,1945.3009627262616,1306.358066308993,t,t,58,2025-10-28 15:49:11.528322+00
68853,78684,1993.968373304263,1393.2916418086957,t,t,57,2025-10-21 01:08:30.151438+00
68341,78762,1966.779812848497,1351.6529636913938,t,t,57,2025-10-21 01:38:05.149362+00
68370,101364,1856.925545825041,1058.0220618583785,t,t,58,2025-10-29 15:16:14.358691+00
69109,78714,1969.498040722252,1310.158772168198,t,t,57,2025-10-21 00:56:07.25359+00
68902,78717,1988.8103377214888,1377.113599195142,t,t,57,2025-10-21 01:03:13.564252+00
69215,101442,1860.501456707396,1068.7567307906038,f,t,58,2025-11-06 01:43:58.590027+00
69219,102549,1952.0,1433.0,t,t,59,2025-10-27 23:29:32.179357+00
69205,129390,1978.0,1319.0,t,t,61,2025-11-14 03:27:37.844357+00
68331,129219,2031.0,1439.0,t,t,62,2025-11-08 03:25:39.671317+00
69112,129305,1952.0,1212.0,t,t,61,2025-11-14 02:35:55.232806+00
68589,102685,1953.0,1435.0,t,t,59,2025-10-28 01:06:52.91723+00
68433,129356,1955.0,1243.0,t,t,61,2025-11-14 03:05:21.873945+00
68936,78668,1977.6403480492204,1344.4945029575497,t,t,57,2025-10-21 01:05:52.628629+00
68547,102743,2069.8757931000896,1411.7721217005371,t,t,60,2025-10-29 15:56:27.189358+00
68995,78758,1965.3656845753897,1364.2564991334489,t,t,57,2025-10-21 01:35:57.232073+00
68219,78680,1994.4225740528047,1394.6112580251972,t,t,57,2025-10-21 01:08:00.960296+00
68249,129347,1999.3708708580432,1382.629128734453,f,t,61,2025-11-14 03:00:29.23436+00
68579,78681,1994.3194229178505,1393.034403771554,t,t,57,2025-10-21 01:08:53.760249+00
24338,102634,1980.4779927416648,1546.7334187265312,f,t,43,2025-04-22 20:38:40.823885+00
68584,129244,2043.6686191730723,1482.0029298616034,t,t,62,2025-11-08 03:38:04.448981+00
49469,101442,1860.501456707396,1068.7567307906036,f,t,10,2025-02-17 19:58:57.711945+00
24218,102570,1955.4284476813837,1451.8226783359505,f,t,43,2025-04-22 21:37:56.249051+00
23254,111927,2010.2512322647924,1329.182096103406,f,t,43,2025-05-15 02:12:36.499077+00
68266,129453,2071.0,1585.0000000000002,t,t,63,2025-11-06 19:52:41.711961+00
24053,129160,2093.154920269601,1414.3447627425753,t,t,42,2025-04-16 11:05:47.953229+00
69435,111948,2033.5628401545064,1467.9943825726948,t,t,70,2025-12-09 01:23:11.131812+00
23527,111919,2027.4043321335048,1394.5443961574906,f,t,43,2025-06-20 14:28:00.730465+00
68328,78761,1965.5499540029975,1353.1786333778623,t,t,57,2025-10-21 01:37:36.066597+00
68611,129400,2104.0000000000005,1655.0,t,t,63,2025-11-06 01:58:59.995447+00
68605,129452,2048.0,1515.0,t,t,63,2025-11-06 19:52:16.944406+00
69119,101298,1889.1955484896664,1131.5993640699523,t,t,58,2025-10-29 14:44:53.396083+00
68932,101349,1817.2718600953892,906.2384737678856,t,t,58,2025-10-29 15:04:52.687409+00
12140,118558,1807.765109454379,1303.251910491784,t,t,43,2025-05-13 18:10:22.303165+00
68759,103035,1630.874365082207,1505.2519334467015,t,t,60,2025-11-06 19:44:13.456937+00
68546,102742,2001.535404358723,1332.559090512821,t,t,60,2025-10-29 15:55:50.189623+00
68721,102766,2008.7465433761784,1358.9140724439983,t,t,60,2025-10-29 17:42:34.826587+00
68663,102754,2014.47675279416,1371.6339019782015,t,t,60,2025-10-29 17:29:13.49531+00
68550,102737,1974.9694195122809,1252.6331740292758,t,t,60,2025-10-29 15:52:25.092216+00
68184,102769,,,f,t,43,2025-05-15 01:44:39.735119+00
24055,129197,2120.881879229678,1481.1465561374469,f,t,42,2025-06-29 14:32:13.490845+00
68314,78720,1989.48295902456,1379.7038180458808,t,t,57,2025-10-21 01:03:20.014091+00
68257,129168,2156.388347880858,1529.529134308732,t,t,62,2025-11-07 01:55:51.063465+00
68284,129166,2128.0,1537.0,t,t,62,2025-11-07 01:51:04.908522+00
68281,129399,2103.0000000000005,1656.0000000000002,t,t,63,2025-11-06 01:58:42.93721+00
68277,102786,1991.9414486858532,1305.847749111152,t,t,60,2025-10-29 20:14:15.721774+00
68360,78784,2217.3712385582635,2087.034805064218,t,t,57,2025-10-21 01:51:24.664904+00
68373,78727,1886.5583781707016,1081.2150614163616,t,t,57,2025-10-21 01:17:19.95136+00
68956,78737,1961.772985138138,1345.026827390696,t,t,57,2025-10-21 01:25:16.660796+00
68772,78733,1959.3257142857144,1321.4057142857146,t,t,57,2025-10-21 01:24:11.895388+00
68864,78707,1930.840512223516,1169.6437718277066,t,t,57,2025-10-21 02:00:12.442522+00
68541,129229,2069.6625576659367,1564.662557295163,t,t,62,2025-11-08 03:30:12.313815+00
68552,129247,2072.338966628136,1560.491549499123,t,t,62,2025-11-08 03:39:10.323021+00
68322,78759,1967.286472917831,1359.688689268078,t,t,57,2025-10-21 01:36:26.442636+00
68894,78741,1977.7191689495464,1390.4215863256632,t,t,57,2025-10-21 01:28:25.341361+00
68723,129161,2099.0,1428.0,t,t,62,2025-11-26 03:11:10.659753+00
68597,78694,2217.437217455468,2087.27117357917,t,t,57,2025-10-21 01:10:10.041705+00
68659,102753,2014.8360678791653,1375.095789678635,t,t,60,2025-10-29 17:28:58.928624+00
68644,129392,1942.9161755064156,1212.6406861186786,t,t,61,2025-11-14 03:28:58.035661+00
68782,129160,2093.0,1414.0,t,t,62,2025-11-07 01:48:15.669054+00
68797,129261,1953.0,1211.0,t,t,61,2025-11-11 22:28:40.52427+00
68803,129365,1967.0,1285.9999999999998,t,t,61,2025-11-14 03:09:21.468329+00
68731,78768,1965.9141494435612,1289.831478537361,t,t,57,2025-10-21 01:41:32.471723+00
68922,78728,1952.025198846393,1318.885849624054,t,t,57,2025-10-21 01:18:00.347431+00
69006,78764,1968.1808396496344,1352.9140735792887,t,t,57,2025-10-21 01:38:51.9087+00
69212,129153,2059.0000000000005,1434.0,t,t,62,2025-11-07 01:45:01.746046+00
69106,78769,1954.9116117850956,1254.4887348353552,t,t,57,2025-10-21 01:41:54.654582+00
69162,129331,1986.0,1341.0,f,t,61,2025-11-14 02:48:19.770498+00
68347,102740,1981.167141790138,1256.6757633509144,t,t,60,2025-10-29 15:54:33.773939+00
25080,102557,1951.7586773975809,1435.1244141845325,f,t,43,2025-04-23 15:16:05.80296+00
61693,129417,2076.13149793315,1580.3569219144497,f,t,42,2025-05-23 15:11:11.655119+00
62636,129190,2130.2043218384647,1512.0533500169888,f,t,42,2025-05-04 22:04:33.103208+00
60938,129301,1965.0815524662876,1264.3030657793845,f,t,42,2025-05-02 15:56:09.254714+00
60877,129179,2118.0615595402664,1458.1278049946725,t,t,42,2025-06-27 00:12:35.356979+00
22693,129207,2134.1163713333594,1520.9859201169286,f,t,42,2025-06-11 14:49:58.635832+00
25261,129450,2091.4508602906108,1644.2318076269084,f,t,42,2025-05-16 13:55:58.637709+00
59794,129423,2064.571754056271,1546.759766869175,f,t,42,2025-06-24 16:35:33.165231+00
61107,129187,2146.701353588081,1547.0211086952354,t,t,42,2025-06-26 23:37:39.907062+00
20370,129171,2142.367829264,1545.901619805347,f,t,42,2025-06-29 13:48:59.412144+00
62451,129349,1959.5735012585196,1268.9753142570323,t,t,42,2025-04-30 15:43:00.227534+00
63469,129164,2126.6328100024725,1525.187421334517,t,t,42,2025-06-16 15:21:54.66247+00
65049,129462,2033.2325255704477,1442.5063012975186,f,t,42,2025-06-09 15:03:07.524617+00
20317,129294,1979.0073132079517,1308.6995458525023,f,t,42,2025-04-18 12:08:50.353942+00
60465,129437,2090.0461509308107,1632.5054399987716,f,t,42,2025-06-16 15:44:46.265833+00
326,129173,2130.027856192007,1506.7268576789245,f,t,42,2025-05-16 13:37:51.891301+00
68420,102779,2018.49280529843,1383.4509119840066,t,t,60,2025-10-29 20:08:45.017811+00
63797,129355,1951.8881702364176,1232.282967684568,f,t,42,2025-04-21 15:29:58.983191+00
24882,129214,2121.2851289164323,1470.9048867460954,f,t,42,2025-06-16 15:36:11.730061+00
59506,129347,1999.2073107008516,1382.6572599434462,f,t,42,2025-04-21 15:06:27.394601+00
23675,129309,1941.810258455826,1192.254445775136,f,t,42,2025-06-26 22:42:17.211093+00
63187,129329,1963.1233048476663,1257.7796443858758,f,t,42,2025-06-13 19:08:04.842982+00
59472,129459,2082.0436568681434,1593.82564538132,f,t,42,2025-06-29 14:06:51.865416+00
20333,129261,1952.7489548008336,1210.9957515705908,t,t,42,2025-04-16 11:02:02.928606+00
68586,129245,2022.47297626832,1415.3682444716978,t,t,62,2025-11-08 03:37:51.974083+00
60399,129328,1963.5232891771125,1257.4717425481772,f,t,42,2025-06-16 15:34:18.45007+00
59492,129367,1967.4672309419727,1278.66204732221,f,t,42,2025-04-18 15:44:26.803056+00
20362,129251,2070.318501960142,1548.599479355042,t,t,42,2025-06-13 01:23:04.078925+00
56499,129205,2130.015554454329,1509.3669389596766,f,t,42,2025-05-21 15:41:28.587076+00
61695,129312,1934.4253148570997,1167.7024466829312,f,t,42,2025-05-06 20:10:01.218467+00
63755,129154,2060.2466579002225,1438.645637150079,t,t,42,2025-04-25 14:56:44.174584+00
24051,129219,2030.8909804009056,1438.7184726622822,t,t,42,2025-06-27 15:53:30.84379+00
23457,129413,2099.658494174206,1649.6256489707364,f,t,42,2025-06-16 15:11:44.63167+00
63143,129163,2137.685430650942,1564.3862320866642,t,t,42,2025-04-30 15:14:18.12371+00
68262,129182,2122.9999999999995,1465.0,t,t,62,2025-11-08 02:57:31.315697+00
65328,129269,1970.6554830452849,1280.9623704666535,f,t,42,2025-04-16 10:50:56.643717+00
68245,129385,1966.0,1286.9999999999998,t,t,61,2025-11-14 03:25:18.272009+00
69196,129388,1964.0960699942752,1281.6157196006625,t,t,61,2025-11-14 03:27:00.554283+00
25085,102591,1925.58406851435,1355.2494762132278,f,t,43,2025-05-15 01:56:45.002187+00
63729,129439,2087.9821814442703,1630.6827716309854,f,t,42,2025-06-11 15:05:52.783388+00
63478,129310,1939.653513536564,1188.906114192942,f,t,42,2025-06-21 14:11:29.725761+00
20548,129278,1978.0450232744904,1302.7375973464536,f,t,42,2025-06-27 00:04:11.540643+00
61140,129336,,,f,t,42,2025-04-16 10:48:46.623246+00
25486,129283,1970.7090620031795,1285.0365659777424,f,t,42,2025-06-13 15:52:27.195613+00
60869,129438,2061.3080763198795,1547.695907389012,t,t,42,2025-06-07 15:12:55.215674+00
66031,103020,2006.6567557960384,1364.4350385611774,f,t,43,2025-04-22 22:07:11.536015+00
68226,78688,1818.5265275802224,810.3765459522074,t,t,57,2025-10-21 01:09:16.059137+00
22028,129194,2103.625868238998,1427.882188752281,f,t,42,2025-06-21 14:57:43.906529+00
68992,78683,1993.4754560064605,1391.9164148917228,t,t,57,2025-10-21 01:08:38.009619+00
68382,78670,1977.304877496961,1341.1599596275512,t,t,57,2025-10-21 01:06:09.704938+00
25081,102582,1951.9169065306803,1443.411450685795,f,t,43,2025-06-08 13:48:31.774871+00
68982,78760,1966.6251393073424,1357.3597498384977,t,t,57,2025-10-21 01:36:55.434428+00
68884,78715,1969.770445665328,1310.559149520409,t,t,57,2025-10-21 00:56:25.486649+00
63188,129345,1985.4937746610983,1330.081088650085,f,t,42,2025-06-13 17:39:25.813364+00
61563,129384,1973.0527010176097,1313.7572300204863,t,t,42,2025-06-26 22:56:27.700204+00
65686,129258,1946.5084115112584,1193.6742756053686,t,t,42,2025-06-21 14:00:38.561972+00
65077,129180,,,f,t,42,2025-06-26 23:20:36.692305+00
60798,129449,2086.5110193746764,1626.955216868152,f,t,42,2025-06-21 15:00:57.369602+00
60570,129453,2071.3647495011637,1584.7807959960471,t,t,42,2025-06-26 22:15:16.729667+00
25086,102609,1973.6154258603265,1521.5564194348103,f,t,43,2025-06-20 14:56:28.443154+00
65892,129302,1955.138282823247,1228.3922379347068,f,t,42,2025-06-13 17:22:17.785462+00
68180,101323,,,f,t,43,2025-04-22 22:16:22.709806+00
65706,129324,1965.305837807439,1275.1629908619925,f,t,42,2025-06-13 15:34:06.504459+00
65695,129402,2055.4091239892177,1503.304192955574,f,t,42,2025-06-13 15:07:21.376113+00
60831,129311,1933.5117977929533,1169.4779766023184,f,t,42,2025-06-26 22:42:06.039015+00
23985,102685,1953.465568236922,1434.740947353713,t,t,43,2025-06-17 19:42:53.646941+00
20323,129297,1969.6778864506416,1267.537324623848,t,t,42,2025-06-13 20:12:26.59996+00
60228,129368,1984.48085466606,1336.110579328731,f,t,42,2025-04-24 19:27:38.751729+00
63480,129385,1966.110602426,1287.2265899596564,t,t,42,2025-05-04 21:55:39.414062+00
69072,129262,1959.0,1232.0,t,t,61,2025-11-11 22:29:09.107148+00
68551,129242,2030.0,1441.0520942665066,t,t,62,2025-11-08 03:36:18.075544+00
68609,129256,2071.0,1555.9999999999998,t,t,62,2025-11-11 20:59:02.322299+00
68735,129438,2061.0,1548.0,t,t,63,2025-11-06 19:45:09.231084+00
20570,129256,2070.7556438728902,1555.532195643304,t,t,42,2025-05-16 14:15:08.381775+00
18786,102625,,,f,t,43,2025-06-17 19:44:40.609064+00
23834,129425,2087.272854848612,1614.4871578200066,f,t,42,2025-04-18 15:30:02.339166+00
65691,129246,2057.5120661070114,1528.6466307535657,t,t,42,2025-06-16 15:04:12.075477+00
62450,129286,1984.146987642272,1320.5944017774536,f,t,42,2025-05-04 22:42:32.092096+00
23455,129458,2074.1973825570503,1565.7688328187946,f,t,42,2025-06-11 15:06:51.52725+00
13468,102579,1952.9156077717396,1443.4317682064136,f,t,43,2025-05-14 18:32:10.41016+00
23418,129440,2077.9998496763437,1595.0298990709653,f,t,42,2025-04-18 15:06:31.971741+00
25263,129461,2076.430650526251,1577.1044439200696,f,t,42,2025-05-29 21:55:37.564592+00
25885,129388,1963.8687843678183,1281.9664780731898,t,t,42,2025-06-11 15:14:50.294369+00
25488,129320,1960.970614846636,1273.9623867580465,t,t,42,2025-06-26 22:35:16.733774+00
21970,129389,1972.462953039046,1315.8331558380885,t,t,42,2025-05-04 21:35:15.085852+00
59851,129303,1951.072309143069,1220.827045180202,f,t,42,2025-06-16 15:51:48.142701+00
2231,129426,2086.0159822105675,1611.922839092998,f,t,42,2025-06-30 16:18:30.463647+00
59999,129372,1968.0002398782503,1280.3992816788516,f,t,42,2025-06-13 14:36:36.857104+00
60803,129419,2089.3702495272883,1623.318314652092,f,t,42,2025-06-27 15:54:41.796282+00
25262,129445,2057.245336522388,1534.317133390542,t,t,42,2025-06-13 01:32:07.002393+00
68950,78736,1957.9915126376047,1332.3807925073734,t,t,57,2025-10-21 01:23:38.528809+00
56498,129352,1979.3162004943997,1317.391237498644,f,t,42,2025-05-08 23:14:02.351449+00
6831,129469,,,f,t,42,2025-06-26 22:12:22.588035+00
6866,129403,,,f,t,42,2025-04-18 12:10:26.794522+00
59442,78783,1964.311350662131,1325.0799007952735,f,t,10,2025-01-27 23:42:59.114173+00
25083,102641,1962.983790567764,1489.0464355669626,f,t,43,2025-04-22 21:42:55.275715+00
24638,102581,1953.042877395081,1444.8985607738475,f,t,43,2025-07-27 18:48:33.987967+00
24645,102675,1939.167584003896,1402.797198746108,f,t,43,2025-05-14 18:01:51.881635+00
6827,129274,,,f,t,42,2025-06-27 00:03:29.251321+00
563,129441,2071.3655509064383,1574.9307551207078,f,t,42,2025-04-18 15:16:09.539053+00
23570,111948,2032.777429125832,1468.7797944643598,t,t,43,2025-05-15 01:50:00.016896+00
68567,78669,1976.5837210609757,1340.705143385563,t,t,57,2025-10-21 01:06:03.103699+00
68599,129446,2069.0000000000005,1571.0,t,t,63,2025-11-06 19:49:36.243963+00
68978,78752,1980.188419079781,1400.8886788953764,t,t,57,2025-10-21 01:33:26.037013+00
68615,78710,1971.4152519090887,1316.2053641256591,t,t,57,2025-10-21 00:54:51.561565+00
69191,129382,1971.531200652678,1305.687466758382,t,t,61,2025-11-14 03:23:33.123678+00
69200,78725,1918.777845244815,1199.0487121083506,t,t,57,2025-10-21 01:04:44.579863+00
69110,78721,1920.396747930125,1212.7399455582884,t,t,57,2025-10-21 01:03:42.73059+00
68882,78712,1970.111635783187,1311.462328421482,t,t,57,2025-10-21 00:55:24.239771+00
68218,129297,1970.0,1268.0000000000002,t,t,61,2025-11-14 02:30:59.386919+00
69245,129349,1960.0,1269.0000000000002,t,t,61,2025-11-14 03:01:14.125328+00
68453,129370,1965.77427991642,1280.4514406631945,t,t,61,2025-11-14 03:15:28.913296+00
68911,78723,1919.2765647647536,1201.175584329981,t,t,57,2025-10-21 01:04:10.555178+00
68594,78691,1954.898079388943,1265.196005501356,t,t,57,2025-10-21 01:09:38.867363+00
68343,102735,1968.887824792332,1234.8950625525497,t,t,60,2025-10-29 15:26:32.023018+00
69060,102738,1973.1130084002652,1247.9163237696223,t,t,60,2025-10-29 15:52:36.233652+00
68959,78744,2217.393038141114,2087.49166328449,t,t,57,2025-10-21 01:32:01.538115+00
68929,78667,1976.3588793465044,1339.589338046276,t,t,57,2025-10-21 01:05:36.062291+00
68385,129445,2057.0,1534.0,t,t,63,2025-11-06 19:48:04.187422+00
69365,102777,2016.3744146573256,1379.7571437905578,t,t,60,2025-10-29 20:04:45.112927+00
68906,102785,1992.238272059298,1306.207101384155,t,t,60,2025-10-29 20:12:54.880929+00
68393,129450,2090.9999999999995,1644.0,t,t,63,2025-11-06 19:51:23.242945+00
69101,101299,1888.1790218931037,1125.0582174627573,t,t,58,2025-10-29 14:45:03.136671+00
69115,102797,2009.329350588472,1270.3917690292983,t,t,60,2025-11-04 03:59:38.489191+00
69133,101258,1900.5663709159717,1198.293228823916,t,t,58,2025-10-28 15:31:20.370177+00
69254,101436,1867.8470174192312,1093.7137908669265,t,t,58,2025-11-07 01:34:49.078049+00
68395,101407,1927.0631828800904,1277.8741408255376,t,t,58,2025-10-29 19:06:30.162552+00
68814,129380,1986.0,1353.0,t,t,61,2025-11-14 03:21:45.816776+00
68868,102778,2017.4583886900175,1385.4668535010169,t,t,60,2025-10-29 20:09:10.117571+00
69073,101285,1944.268050342114,1303.6407147366035,f,t,58,2025-10-28 15:43:15.316922+00
68849,78702,1913.1701112877583,1102.8298887122417,t,t,57,2025-10-21 02:01:35.158192+00
60350,129295,1970.386267650809,1281.2229005008876,f,t,42,2025-06-13 18:48:23.736506+00
69331,102969,1939.3123606812908,1179.5258923421538,t,t,60,2025-11-04 23:26:30.75548+00
68954,101313,1884.310978700986,1116.2936995801022,t,t,58,2025-10-29 14:51:16.072641+00
68590,78689,1951.9292973929716,1255.6113209425685,t,t,57,2025-10-21 01:09:23.459131+00
60829,129220,2036.540435614633,1456.436825308092,t,t,42,2025-06-24 15:47:27.048173+00
68229,129239,2053.9999999999995,1514.0,t,t,62,2025-11-08 03:34:30.468772+00
69074,129265,1988.0,1324.0,t,t,61,2025-11-11 22:29:46.849184+00
69180,129371,1965.2727178830917,1279.2045504490472,t,t,61,2025-11-14 03:16:00.688016+00
6913,102610,1974.333159843833,1517.8031958722802,f,t,43,2025-06-08 14:34:05.972463+00
68252,129167,2158.0,1535.0,t,t,62,2025-11-07 01:55:03.405645+00
68318,78734,1957.101186791297,1330.062182486872,t,t,57,2025-10-21 01:23:58.953697+00
1844,129463,2063.7494282463617,1535.777369234072,f,t,42,2025-04-25 15:02:42.455262+00
65305,129331,1986.184733747331,1340.5714324612445,f,t,42,2025-06-27 16:14:24.015707+00
20559,129304,1951.986189061321,1220.4331296466685,f,t,42,2025-04-25 14:11:46.914186+00
60773,129196,2141.9715860352603,1551.1600709809,f,t,42,2025-05-02 16:27:20.884217+00
25260,129442,2061.5665697601607,1549.7168470200768,t,t,42,2025-06-26 22:09:03.850969+00
61040,129177,2109.823457447273,1445.0023729042616,f,t,42,2025-06-26 22:11:42.503695+00
63195,129457,2072.658636721469,1569.3051765189932,f,t,42,2025-06-26 23:59:37.356961+00
20571,129211,2141.376677650015,1538.323808212854,f,t,42,2025-06-26 23:58:16.26113+00
68580,78682,1817.1131721902325,826.7216982332397,t,t,57,2025-10-21 01:08:45.365198+00
23852,129399,2102.953967128152,1656.3624787037393,t,t,42,2025-06-27 00:15:32.116556+00
49456,101431,1807.3418452258477,889.9372008972715,f,t,10,2025-02-05 02:46:52.541976+00
6914,129178,,,f,t,42,2025-06-26 23:19:29.041895+00
49536,102841,2040.234422553781,645.6942764499735,t,t,10,2024-12-30 17:39:09.852856+00
49572,102902,1972.7670843522376,1257.8821496049518,f,t,10,2024-12-19 00:26:46.383181+00
49422,101368,1772.973574047913,779.6789339008103,f,t,10,2025-01-22 18:44:06.305139+00
20326,129371,1964.2626995094088,1279.559743411735,t,t,42,2025-04-16 15:15:11.876144+00
61090,129366,1963.226846250596,1270.990010354317,t,t,42,2025-04-30 15:45:39.8334+00
68871,129442,2062.0,1550.0,t,t,63,2025-11-06 19:46:51.679897+00
25495,129382,1971.510150814444,1305.9948477617206,t,t,42,2025-04-30 15:24:51.063585+00
23458,129412,2098.3850523486453,1648.1894879654624,f,t,42,2025-05-06 20:28:46.455181+00
25924,129276,1977.9422981863383,1301.898666415039,f,t,42,2025-05-24 03:35:07.835011+00
68182,102733,,,f,t,43,2025-05-15 01:03:25.368931+00
23255,111925,2030.024548723167,1396.196766913277,f,t,43,2025-05-14 18:02:02.079332+00
68498,129186,2139.9999999999995,1524.0,t,t,62,2025-11-08 03:01:01.104579+00
68919,78724,1918.5869370581715,1205.5148304714655,t,t,57,2025-10-21 01:04:25.338089+00
68485,129187,2147.0000000000005,1547.0,t,t,62,2025-11-08 03:01:39.829003+00
24879,129451,2091.2381317381864,1641.2096107235968,f,t,42,2025-06-13 14:30:32.042675+00
68926,78730,1950.70704137171,1309.077511547359,t,t,57,2025-10-21 01:20:26.19016+00
68621,102701,1952.0,1420.0,t,t,59,2025-10-28 01:17:24.777631+00
68553,129237,2072.262333327422,1571.6351450022894,t,t,62,2025-11-08 03:33:41.827728+00
68703,129443,2059.0000000000005,1539.0,t,t,63,2025-11-06 19:47:14.362725+00
68688,101443,1887.770667576492,1156.7419508819114,t,t,58,2025-11-06 01:44:10.425622+00
68914,129368,1984.0,1336.0,t,t,61,2025-11-14 03:13:36.798186+00
25082,102665,1942.1310431941463,1408.724117126609,f,t,43,2025-05-14 12:29:47.489326+00
63468,129212,2111.662605684709,1443.4033998595778,f,t,42,2025-05-17 14:09:24.858229+00
6839,129217,2149.796869874552,1570.8518533659355,f,t,42,2025-05-17 14:14:08.046111+00
63244,129444,2083.975240654676,1618.5976818885556,f,t,42,2025-06-24 15:51:23.814174+00
737,129267,1971.0205619616424,1281.4852284614508,f,t,42,2025-06-07 15:24:57.413965+00
63007,129157,2082.4095996650167,1505.696960217619,t,t,42,2025-06-24 16:23:17.654757+00
63189,129195,2109.9414279684192,1445.2783332559814,f,t,42,2025-06-24 16:11:05.14049+00
23844,129247,2072.383763257011,1560.532147102225,t,t,42,2025-06-24 17:35:07.988038+00
60637,129206,2121.7305493894846,1485.4279070928917,f,t,42,2025-06-24 17:42:22.347126+00
68909,78718,2015.1262576941936,1372.5762999282897,t,t,57,2025-10-21 01:01:25.882455+00
68598,78695,1997.333912332844,1407.1906230534476,t,t,57,2025-10-21 01:10:16.466502+00
68801,78738,1961.1192368839424,1342.5755166931638,t,t,57,2025-10-21 01:26:41.309561+00
68716,78763,1967.4596481840088,1353.057791113994,t,t,57,2025-10-21 01:38:30.924225+00
69204,101369,1778.9125596184415,824.7249602543721,t,t,58,2025-10-29 15:18:24.647966+00
61727,129176,2105.7815666618944,1432.7251427604515,f,t,42,2025-04-24 19:14:05.754633+00
61609,129338,,,f,t,42,2025-06-07 15:35:47.206084+00
25084,102682,1969.9762708584333,1489.2190195621754,t,t,43,2025-06-17 19:21:58.851429+00
55898,102948,1991.3596405229248,1317.8420168985735,f,t,10,2025-03-01 01:07:07.827061+00
63010,129454,2073.030554737043,1579.7398002108582,f,t,42,2025-05-17 21:57:14.439687+00
61110,129200,2094.9711501178604,1406.8042812191145,f,t,42,2025-06-16 14:22:51.246223+00
20371,129166,2128.292258717724,1537.4310208815698,t,t,42,2025-06-26 22:08:31.801633+00
61607,129170,,,f,t,42,2025-06-20 20:31:58.489395+00
65078,129411,,,f,t,42,2025-06-26 18:57:54.157722+00
6907,129386,,,f,t,42,2025-06-26 23:22:56.660955+00
60982,129222,,,f,t,42,2025-08-22 07:28:38.59572+00
49321,101259,1907.576759059976,1192.1251411581632,f,t,10,2025-03-28 15:32:07.325916+00
49320,101258,1900.5663709159712,1198.293228823916,t,t,10,2025-02-11 08:07:03.066238+00
49354,101294,1888.1219770808784,1131.4193751824214,f,t,10,2024-12-05 21:08:31.5614+00
49352,101290,1941.4947184362943,1302.537504639962,f,t,10,2025-01-22 15:51:36.552352+00
49361,101301,1901.9963796358625,1193.864601399565,f,t,10,2025-02-08 18:55:36.878215+00
49351,101289,1945.3009627262616,1306.358066308993,t,t,10,2025-02-04 20:57:04.235028+00
60835,129291,,,f,t,42,2025-05-16 13:59:56.95449+00
49442,101411,1820.9377987073956,934.420935231975,f,t,10,2025-01-27 23:37:05.224325+00
49444,101410,1819.9266088823283,927.4336271581078,f,t,10,2025-01-28 20:10:19.005748+00
49547,102866,1912.370678231416,1067.6993620049202,f,t,10,2024-12-06 16:55:22.795866+00
49545,102862,1912.351118060563,1067.8936094588462,f,t,10,2025-02-12 13:19:26.009681+00
49574,102904,1977.013325272907,1263.445671014554,f,t,10,2025-01-18 18:12:38.743901+00
49576,102906,1991.8952600930804,1323.5320828550014,f,t,10,2025-01-07 20:53:19.089312+00
49650,103014,2007.8924618746355,1371.656095668976,f,t,10,2025-03-13 01:09:19.012068+00
68185,102781,,,f,t,43,2025-08-25 11:28:06.95898+00
2669,129213,2119.2105139679293,1463.6428307584906,f,t,42,2025-05-17 21:50:12.318033+00
49324,101262,1903.8839516443952,1181.7670199347183,f,t,10,2025-01-15 18:39:38.801648+00
49389,101338,1871.1103168215632,1126.0665255889744,t,t,10,2025-01-17 21:05:26.432369+00
49513,102802,1983.0410433507125,1281.1520885661637,f,t,10,2025-03-28 15:15:39.985851+00
43086,78718,2015.1262576941936,1372.5762999282897,t,t,10,2025-03-04 14:50:28.838136+00
43083,78716,1989.947490948733,1374.0033664093637,t,t,10,2025-01-18 19:28:21.20205+00
43101,78728,1952.025198846393,1318.8858496240537,t,t,10,2025-01-06 01:46:25.064185+00
43093,78724,1918.5869370581715,1205.5148304714655,t,t,10,2025-01-26 16:37:37.511041+00
49408,101359,1863.7914784802635,1070.3648460249165,f,t,10,2025-01-28 17:16:53.396336+00
49521,102811,1991.3240887519776,1307.4799109829678,f,t,10,2025-03-07 18:32:45.853577+00
49519,102813,1989.477978714754,1304.5933084539472,f,t,10,2025-01-07 21:51:52.365169+00
49403,101350,1807.8669888017396,878.2322655914573,t,t,10,2024-12-12 06:05:35.054323+00
49517,102809,1993.7397511086035,1316.144578275802,f,t,10,2024-12-10 22:20:28.95949+00
49659,103042,1986.3418051294907,1309.8115187364233,t,t,10,2025-02-24 15:55:19.213721+00
55894,101425,1900.6663250418112,1192.8000777700254,f,t,10,2024-12-12 18:21:47.705808+00
55896,102861,1911.4688004209804,1066.1358330654452,f,t,10,2025-01-23 15:17:52.225927+00
59389,78776,1966.5765244324605,1331.356775988223,f,t,10,2025-03-16 18:30:12.290847+00
58770,78670,1977.304877496961,1341.1599596275512,t,t,10,2024-12-17 18:20:09.602049+00
58785,78679,1994.299973222653,1394.887540892537,t,t,10,2025-01-10 00:27:39.833585+00
59240,78732,1953.4084464195448,1319.5745064587222,t,t,10,2025-03-24 20:06:35.071104+00
49556,102873,1890.0934177198856,1000.1591680919004,f,t,10,2025-02-25 21:33:26.034618+00
49554,102869,1792.536232510413,719.5061109758734,t,t,10,2025-01-22 17:26:33.003071+00
49329,101267,1932.7485822306237,1277.0964083175802,f,t,10,2025-01-23 00:52:13.43765+00
49430,101396,1829.0871454999317,953.9218729831078,f,t,10,2025-01-09 22:53:24.499231+00
49632,102986,1999.4785373608904,1347.3704292527823,f,t,10,2025-02-05 20:37:48.733576+00
49629,102981,1970.7025914949495,1256.8671408307112,f,t,10,2025-02-11 21:24:20.050393+00
49642,102996,2011.641295963628,1377.0315389198863,f,t,10,2025-02-13 14:56:46.593591+00
49647,103008,1972.6135040745053,1276.39697322468,t,t,10,2025-01-10 17:58:20.799885+00
49660,103043,1984.217799116684,1303.9569568194734,t,t,10,2025-01-28 21:07:45.680098+00
68183,102760,,,f,t,43,2025-05-15 01:19:33.270111+00
68187,102845,,,f,t,43,2025-06-20 14:19:30.655397+00
68190,102895,,,f,t,43,2025-04-23 15:27:41.69971+00
59167,78695,1997.333912332844,1407.1906230534478,t,t,10,2025-02-15 22:11:56.592256+00
20368,129242,2029.9075291815795,1441.5478948393188,t,t,42,2025-04-16 15:44:55.552077+00
43043,78681,1994.3194229178505,1393.034403771554,t,t,10,2025-03-03 23:05:56.808291+00
43123,78744,2217.393038141114,2087.49166328449,t,t,10,2025-03-01 13:37:14.178615+00
43180,78781,1965.4585128770077,1329.2339899002538,f,t,10,2025-03-02 16:22:03.872508+00
43209,78797,1951.4808853350955,1273.4501455931647,f,t,10,2025-02-03 18:43:21.190558+00
43213,78800,1959.074373896789,1295.0944246440747,f,t,10,2024-12-05 20:48:52.392287+00
43103,78730,1950.70704137171,1309.077511547359,t,t,10,2025-01-14 13:45:18.311184+00
49378,101318,1877.5997480911788,1110.2097529042385,f,t,10,2025-01-18 10:42:01.89023+00
49373,101313,1884.3109787009855,1116.2936995801022,t,t,10,2025-02-10 20:25:30.246536+00
61232,129350,1977.3347177413616,1313.0635740641208,f,t,42,2025-06-20 20:21:10.01494+00
69067,101281,1943.1719645859537,1300.519821062719,f,t,58,2025-10-28 15:42:32.860182+00
68239,129410,2088.0,1613.0,f,t,63,2025-11-06 02:06:36.040109+00
6799,4901,1963.8900819547357,1297.9322638597785,t,t,43,2025-06-20 15:26:57.425657+00
69247,129210,2139.9999999999995,1536.0,f,t,62,2025-11-08 03:18:44.909125+00
22286,4907,1961.9833340306263,1294.3827657902457,t,t,43,2025-04-22 21:12:00.911131+00
69381,102836,2003.0841104945728,1348.5592800944096,f,t,60,2025-11-04 04:37:25.949962+00
68311,103017,2006.357317592622,1367.3658818975966,f,t,60,2025-11-06 19:34:08.883227+00
69339,102987,1995.392385188298,1335.0819421670872,f,t,60,2025-11-05 03:09:56.649284+00
68507,102826,,,f,t,60,2025-11-04 04:14:36.45993+00
69394,102903,1973.3573240016103,1259.598099387376,f,t,60,2025-11-04 18:46:41.748846+00
69203,102845,,,f,t,60,2025-11-04 04:41:19.739396+00
69379,102855,1979.2267303743035,1272.87393706278,f,t,60,2025-11-04 04:44:24.418782+00
68727,102992,2010.3922781645797,1378.5730864511152,f,t,60,2025-11-05 03:15:32.211168+00
68790,129259,1942.0,1193.0,f,t,61,2025-11-11 22:28:19.682817+00
68310,129269,1971.0,1281.0,f,t,61,2025-11-11 23:16:12.000698+00
69062,101280,1941.613216944491,1300.4225633595522,f,t,58,2025-10-28 15:42:21.334408+00
68435,102815,1990.26453747984,1305.3446206527258,f,t,60,2025-11-04 04:09:33.69313+00
69051,101276,1942.847658721598,1306.0464667808817,f,t,58,2025-10-28 15:41:12.83535+00
69084,101293,1888.3574353472404,1135.0038833336196,f,t,58,2025-10-28 15:50:46.060185+00
68253,101320,1877.2960412236876,1108.2841395481812,f,t,58,2025-10-29 14:52:36.272775+00
23001,121672,2099.3999852102206,1360.4403364900036,f,t,42,2025-06-26 23:54:38.78186+00
69257,101446,1865.2209856915736,1074.060413354531,f,t,58,2025-11-07 01:32:47.579677+00
69384,102819,2012.6886270717573,1377.3948279308531,f,t,60,2025-11-04 04:11:40.108292+00
69124,129420,2070.635829882,1563.682085508945,f,t,63,2026-01-27 21:17:33.43053+00
68233,102925,1975.6521381164623,1268.065237070544,f,t,60,2025-11-04 23:00:38.044247+00
68316,129421,2069.0000000000005,1558.9999999999998,f,t,63,2025-11-06 19:37:35.413279+00
68290,102990,1997.1789297935975,1338.442213512859,f,t,60,2025-11-05 03:12:05.164223+00
68744,103028,1891.8929574982035,1006.5534175328648,f,t,60,2025-11-06 19:39:47.169551+00
68304,103002,1991.6893181545795,1321.1514894910856,f,t,60,2025-11-05 03:24:54.994833+00
