image_id,dive_id,camera_id,calibration_dive_id,image_path,x,y,label,depth_m,length_m,model,raw_path
4518,58,2,71.0,2023-09-07 REEF Data Dump/082923_Pool Calibration/082923_FishModels_FSL02/P8290088.ORF,2053.0024574107456,1356.3942886424134,Red Laser,1.2636668682098389,0.3645974372075424,Grouper,/home/chris/mnt/fishsense_data/REEF/data/2023-09-07 REEF Data Dump/082923_Pool Calibration/082923_FishModels_FSL02/P8290088.ORF
4517,58,2,71.0,2023-09-07 REEF Data Dump/082923_Pool Calibration/082923_FishModels_FSL02/P8290087.ORF,2052.2225755166933,1356.960254372019,Red Laser,1.2653939723968506,0.3654926036114996,Grouper,/home/chris/mnt/fishsense_data/REEF/data/2023-09-07 REEF Data Dump/082923_Pool Calibration/082923_FishModels_FSL02/P8290087.ORF
4528,58,2,71.0,2023-09-07 REEF Data Dump/082923_Pool Calibration/082923_FishModels_FSL02/P8290097.ORF,2056.4552656809738,1376.8145975460334,Red Laser,1.3824542760849,0.6305193868932951,Shark,/home/chris/mnt/fishsense_data/REEF/data/2023-09-07 REEF Data Dump/082923_Pool Calibration/082923_FishModels_FSL02/P8290097.ORF
4527,58,2,71.0,2023-09-07 REEF Data Dump/082923_Pool Calibration/082923_FishModels_FSL02/P8290098.ORF,2057.562439821404,1377.903561086015,Red Laser,1.3912490606307983,0.6245815936599836,Shark,/home/chris/mnt/fishsense_data/REEF/data/2023-09-07 REEF Data Dump/082923_Pool Calibration/082923_FishModels_FSL02/P8290098.ORF
4540,58,2,71.0,2023-09-07 REEF Data Dump/082923_Pool Calibration/082923_FishModels_FSL02/P8290110.ORF,2061.6921546999,1379.4486042727422,Red Laser,1.4083747863769531,0.17451631800842,Purple Angelfish,/home/chris/mnt/fishsense_data/REEF/data/2023-09-07 REEF Data Dump/082923_Pool Calibration/082923_FishModels_FSL02/P8290110.ORF
4541,58,2,71.0,2023-09-07 REEF Data Dump/082923_Pool Calibration/082923_FishModels_FSL02/P8290111.ORF,2062.077916609748,1386.9609052669318,Red Laser,1.4582663774490356,0.1746643600503307,Purple Angelfish,/home/chris/mnt/fishsense_data/REEF/data/2023-09-07 REEF Data Dump/082923_Pool Calibration/082923_FishModels_FSL02/P8290111.ORF
4519,58,2,71.0,2023-09-07 REEF Data Dump/082923_Pool Calibration/082923_FishModels_FSL02/P8290089.ORF,2063.788704698831,1388.3149600908046,Red Laser,1.4708455801010132,0.3676902093357924,Grouper,/home/chris/mnt/fishsense_data/REEF/data/2023-09-07 REEF Data Dump/082923_Pool Calibration/082923_FishModels_FSL02/P8290089.ORF
4521,58,2,71.0,2023-09-07 REEF Data Dump/082923_Pool Calibration/082923_FishModels_FSL02/P8290090.ORF,2065.7853263797606,1389.5363900734071,Red Laser,1.4831700325012207,0.3617095488178243,Grouper,/home/chris/mnt/fishsense_data/REEF/data/2023-09-07 REEF Data Dump/082923_Pool Calibration/082923_FishModels_FSL02/P8290090.ORF
4530,58,2,71.0,2023-09-07 REEF Data Dump/082923_Pool Calibration/082923_FishModels_FSL02/P8290100.ORF,2061.7553080899247,1391.0213424238864,Red Laser,1.4854989051818848,0.624521214385951,Shark,/home/chris/mnt/fishsense_data/REEF/data/2023-09-07 REEF Data Dump/082923_Pool Calibration/082923_FishModels_FSL02/P8290100.ORF
4542,58,2,71.0,2023-09-07 REEF Data Dump/082923_Pool Calibration/082923_FishModels_FSL02/P8290112.ORF,2063.6312193194813,1391.615001925455,Red Laser,1.4936301708221436,0.170823935773387,Purple Angelfish,/home/chris/mnt/fishsense_data/REEF/data/2023-09-07 REEF Data Dump/082923_Pool Calibration/082923_FishModels_FSL02/P8290112.ORF
4531,58,2,71.0,2023-09-07 REEF Data Dump/082923_Pool Calibration/082923_FishModels_FSL02/P8290101.ORF,2064.4178897484644,1392.9571636537123,Red Laser,1.5048789978027344,0.6300027818040079,Shark,/home/chris/mnt/fishsense_data/REEF/data/2023-09-07 REEF Data Dump/082923_Pool Calibration/082923_FishModels_FSL02/P8290101.ORF
4520,58,2,71.0,2023-09-07 REEF Data Dump/082923_Pool Calibration/082923_FishModels_FSL02/P8290091.ORF,2067.1496790878623,1395.3935900132317,Red Laser,1.528298020362854,0.3632356320534927,Grouper,/home/chris/mnt/fishsense_data/REEF/data/2023-09-07 REEF Data Dump/082923_Pool Calibration/082923_FishModels_FSL02/P8290091.ORF
4522,58,2,71.0,2023-09-07 REEF Data Dump/082923_Pool Calibration/082923_FishModels_FSL02/P8290092.ORF,2068.301377603705,1400.9540507906854,Red Laser,1.5735011100769043,0.3657549701124252,Grouper,/home/chris/mnt/fishsense_data/REEF/data/2023-09-07 REEF Data Dump/082923_Pool Calibration/082923_FishModels_FSL02/P8290092.ORF
4525,58,2,71.0,2023-09-07 REEF Data Dump/082923_Pool Calibration/082923_FishModels_FSL02/P8290095.ORF,2076.658746727006,1429.2003596316972,Red Laser,1.8587162494659424,0.3562232414718988,Grouper,/home/chris/mnt/fishsense_data/REEF/data/2023-09-07 REEF Data Dump/082923_Pool Calibration/082923_FishModels_FSL02/P8290095.ORF
4524,58,2,71.0,2023-09-07 REEF Data Dump/082923_Pool Calibration/082923_FishModels_FSL02/P8290094.ORF,2076.78275327372,1429.3066030154357,Red Laser,1.8602747917175293,0.3638566153072607,Grouper,/home/chris/mnt/fishsense_data/REEF/data/2023-09-07 REEF Data Dump/082923_Pool Calibration/082923_FishModels_FSL02/P8290094.ORF
4523,58,2,71.0,2023-09-07 REEF Data Dump/082923_Pool Calibration/082923_FishModels_FSL02/P8290093.ORF,2077.321828756876,1429.368317772203,Red Laser,1.86250901222229,0.3685983771388443,Grouper,/home/chris/mnt/fishsense_data/REEF/data/2023-09-07 REEF Data Dump/082923_Pool Calibration/082923_FishModels_FSL02/P8290093.ORF
4526,58,2,71.0,2023-09-07 REEF Data Dump/082923_Pool Calibration/082923_FishModels_FSL02/P8290096.ORF,2077.250518522529,1430.5192757309133,Red Laser,1.8752206563949585,0.3509716073295473,Grouper,/home/chris/mnt/fishsense_data/REEF/data/2023-09-07 REEF Data Dump/082923_Pool Calibration/082923_FishModels_FSL02/P8290096.ORF
4532,58,2,71.0,2023-09-07 REEF Data Dump/082923_Pool Calibration/082923_FishModels_FSL02/P8290102.ORF,2081.6261099519656,1453.9504955610298,Red Laser,2.199448347091675,0.6292986162802392,Shark,/home/chris/mnt/fishsense_data/REEF/data/2023-09-07 REEF Data Dump/082923_Pool Calibration/082923_FishModels_FSL02/P8290102.ORF
4534,58,2,71.0,2023-09-07 REEF Data Dump/082923_Pool Calibration/082923_FishModels_FSL02/P8290103.ORF,2081.5598154476065,1458.5874383149037,Red Laser,2.272308588027954,0.6262355393709188,Shark,/home/chris/mnt/fishsense_data/REEF/data/2023-09-07 REEF Data Dump/082923_Pool Calibration/082923_FishModels_FSL02/P8290103.ORF
4533,58,2,71.0,2023-09-07 REEF Data Dump/082923_Pool Calibration/082923_FishModels_FSL02/P8290104.ORF,2083.9961270001204,1461.711602712053,Red Laser,2.3377816677093506,0.6272098189822727,Shark,/home/chris/mnt/fishsense_data/REEF/data/2023-09-07 REEF Data Dump/082923_Pool Calibration/082923_FishModels_FSL02/P8290104.ORF
4537,58,2,71.0,2023-09-07 REEF Data Dump/082923_Pool Calibration/082923_FishModels_FSL02/P8290107.ORF,2090.5271738250376,1474.621702548273,Red Laser,2.6261775493621826,0.6164688165141263,Shark,/home/chris/mnt/fishsense_data/REEF/data/2023-09-07 REEF Data Dump/082923_Pool Calibration/082923_FishModels_FSL02/P8290107.ORF
4536,58,2,71.0,2023-09-07 REEF Data Dump/082923_Pool Calibration/082923_FishModels_FSL02/P8290105.ORF,2089.466079381032,1476.854214958234,Red Laser,2.669562101364136,0.6362258683327812,Shark,/home/chris/mnt/fishsense_data/REEF/data/2023-09-07 REEF Data Dump/082923_Pool Calibration/082923_FishModels_FSL02/P8290105.ORF
4538,58,2,71.0,2023-09-07 REEF Data Dump/082923_Pool Calibration/082923_FishModels_FSL02/P8290106.ORF,2090.344965426617,1476.6614044462176,Red Laser,2.6705751419067383,0.634169546764895,Shark,/home/chris/mnt/fishsense_data/REEF/data/2023-09-07 REEF Data Dump/082923_Pool Calibration/082923_FishModels_FSL02/P8290106.ORF
4535,58,2,71.0,2023-09-07 REEF Data Dump/082923_Pool Calibration/082923_FishModels_FSL02/P8290108.ORF,2090.208394739277,1477.7829540149355,Red Laser,2.695801019668579,0.6343356022929032,Shark,/home/chris/mnt/fishsense_data/REEF/data/2023-09-07 REEF Data Dump/082923_Pool Calibration/082923_FishModels_FSL02/P8290108.ORF
4539,58,2,71.0,2023-09-07 REEF Data Dump/082923_Pool Calibration/082923_FishModels_FSL02/P8290109.ORF,2090.1096317137744,1478.6664016829352,Red Laser,2.715808391571045,0.628340440032473,Shark,/home/chris/mnt/fishsense_data/REEF/data/2023-09-07 REEF Data Dump/082923_Pool Calibration/082923_FishModels_FSL02/P8290109.ORF
4383,59,1,77.0,2024.06.20.REEF/08_2023/082923_Pool Calibration/082929_FishModels_FSL01/P8290201.ORF,1889.1955484896664,1227.4976152623212,Red Laser,0.8896326422691345,0.4157252984074169,Snook,/home/chris/mnt/fishsense_data/REEF/data/2024.06.20.REEF/08_2023/082923_Pool Calibration/082929_FishModels_FSL01/P8290201.ORF
4382,59,1,77.0,2024.06.20.REEF/08_2023/082923_Pool Calibration/082929_FishModels_FSL01/P8290199.ORF,1893.9904610492845,1241.8823529411764,Red Laser,0.932100236415863,0.435804050641742,Snook,/home/chris/mnt/fishsense_data/REEF/data/2024.06.20.REEF/08_2023/082923_Pool Calibration/082929_FishModels_FSL01/P8290199.ORF
4377,59,1,77.0,2024.06.20.REEF/08_2023/082923_Pool Calibration/082929_FishModels_FSL01/P8290197.ORF,1896.1654569851285,1255.9261540709067,Red Laser,0.9753754138946532,0.4426808988176295,Snook,/home/chris/mnt/fishsense_data/REEF/data/2024.06.20.REEF/08_2023/082923_Pool Calibration/082929_FishModels_FSL01/P8290197.ORF
4410,59,1,77.0,2024.06.20.REEF/08_2023/082923_Pool Calibration/082929_FishModels_FSL01/P8290227.ORF,1906.3305564160933,1295.0109287259277,Red Laser,1.1249971389770508,0.1918483512043884,Purple Angelfish,/home/chris/mnt/fishsense_data/REEF/data/2024.06.20.REEF/08_2023/082923_Pool Calibration/082929_FishModels_FSL01/P8290227.ORF
4404,59,1,77.0,2024.06.20.REEF/08_2023/082923_Pool Calibration/082929_FishModels_FSL01/P8290222.ORF,1910.8291622694087,1306.5841162774814,Red Laser,1.180629014968872,0.1905316648179257,Purple Angelfish,/home/chris/mnt/fishsense_data/REEF/data/2024.06.20.REEF/08_2023/082923_Pool Calibration/082929_FishModels_FSL01/P8290222.ORF
4401,59,1,77.0,2024.06.20.REEF/08_2023/082923_Pool Calibration/082929_FishModels_FSL01/P8290219.ORF,1916.0262907581607,1318.1841796841622,Red Laser,1.2431910037994385,0.1899056755818722,Purple Angelfish,/home/chris/mnt/fishsense_data/REEF/data/2024.06.20.REEF/08_2023/082923_Pool Calibration/082929_FishModels_FSL01/P8290219.ORF
4334,59,1,77.0,2024.06.20.REEF/08_2023/082923_Pool Calibration/082929_FishModels_FSL01/P8290154.ORF,1917.256004809824,1323.597690291344,Red Laser,1.2727868556976318,0.6048020284061217,Shark,/home/chris/mnt/fishsense_data/REEF/data/2024.06.20.REEF/08_2023/082923_Pool Calibration/082929_FishModels_FSL01/P8290154.ORF
4333,59,1,77.0,2024.06.20.REEF/08_2023/082923_Pool Calibration/082929_FishModels_FSL01/P8290153.ORF,1916.335625249697,1327.6789272749927,Red Laser,1.292947769165039,0.612958706223398,Shark,/home/chris/mnt/fishsense_data/REEF/data/2024.06.20.REEF/08_2023/082923_Pool Calibration/082929_FishModels_FSL01/P8290153.ORF
4332,59,1,77.0,2024.06.20.REEF/08_2023/082923_Pool Calibration/082929_FishModels_FSL01/P8290150.ORF,1917.7704663480104,1331.004669107231,Red Laser,1.3136996030807495,0.6129197906263839,Shark,/home/chris/mnt/fishsense_data/REEF/data/2024.06.20.REEF/08_2023/082923_Pool Calibration/082929_FishModels_FSL01/P8290150.ORF
4357,59,1,77.0,2024.06.20.REEF/08_2023/082923_Pool Calibration/082929_FishModels_FSL01/P8290175.ORF,1925.2463587877785,1348.0331230443455,Red Laser,1.430966019630432,0.3367578887627392,Grouper,/home/chris/mnt/fishsense_data/REEF/data/2024.06.20.REEF/08_2023/082923_Pool Calibration/082929_FishModels_FSL01/P8290175.ORF
4358,59,1,77.0,2024.06.20.REEF/08_2023/082923_Pool Calibration/082929_FishModels_FSL01/P8290176.ORF,1925.0700884302987,1349.5869986929329,Red Laser,1.441017746925354,0.3282602545892714,Grouper,/home/chris/mnt/fishsense_data/REEF/data/2024.06.20.REEF/08_2023/082923_Pool Calibration/082929_FishModels_FSL01/P8290176.ORF
4352,59,1,77.0,2024.06.20.REEF/08_2023/082923_Pool Calibration/082929_FishModels_FSL01/P8290171.ORF,1930.162289507423,1366.8368626479337,Red Laser,1.5794833898544312,0.3511606306344865,Grouper,/home/chris/mnt/fishsense_data/REEF/data/2024.06.20.REEF/08_2023/082923_Pool Calibration/082929_FishModels_FSL01/P8290171.ORF
4349,59,1,77.0,2024.06.20.REEF/08_2023/082923_Pool Calibration/082929_FishModels_FSL01/P8290168.ORF,1932.45258397376,1373.7096553082845,Red Laser,1.642947554588318,0.3552285065598946,Grouper,/home/chris/mnt/fishsense_data/REEF/data/2024.06.20.REEF/08_2023/082923_Pool Calibration/082929_FishModels_FSL01/P8290168.ORF
4411,59,1,77.0,2024.06.20.REEF/08_2023/082923_Pool Calibration/082929_FishModels_FSL01/P8290232.ORF,1942.9642854994368,1409.3982737270926,Red Laser,2.0707266330718994,0.1928208366388281,Purple Angelfish,/home/chris/mnt/fishsense_data/REEF/data/2024.06.20.REEF/08_2023/082923_Pool Calibration/082929_FishModels_FSL01/P8290232.ORF
4412,59,1,77.0,2024.06.20.REEF/08_2023/082923_Pool Calibration/082929_FishModels_FSL01/P8290231.ORF,1943.125243164568,1409.4666284766763,Red Laser,2.072347402572632,0.1973078542760444,Purple Angelfish,/home/chris/mnt/fishsense_data/REEF/data/2024.06.20.REEF/08_2023/082923_Pool Calibration/082929_FishModels_FSL01/P8290231.ORF
4362,59,1,77.0,2024.06.20.REEF/08_2023/082923_Pool Calibration/082929_FishModels_FSL01/P8290180.ORF,1943.978604495528,1413.1121604782015,Red Laser,2.1281747817993164,0.3610486152104037,Grouper,/home/chris/mnt/fishsense_data/REEF/data/2024.06.20.REEF/08_2023/082923_Pool Calibration/082929_FishModels_FSL01/P8290180.ORF
4363,59,1,77.0,2024.06.20.REEF/08_2023/082923_Pool Calibration/082929_FishModels_FSL01/P8290181.ORF,1944.2990561320964,1413.7062130340823,Red Laser,2.138327121734619,0.3598830533840055,Grouper,/home/chris/mnt/fishsense_data/REEF/data/2024.06.20.REEF/08_2023/082923_Pool Calibration/082929_FishModels_FSL01/P8290181.ORF
4368,59,1,77.0,2024.06.20.REEF/08_2023/082923_Pool Calibration/082929_FishModels_FSL01/P8290185.ORF,1944.593396190122,1414.2531032714653,Red Laser,2.147790908813477,0.3567566773687199,Grouper,/home/chris/mnt/fishsense_data/REEF/data/2024.06.20.REEF/08_2023/082923_Pool Calibration/082929_FishModels_FSL01/P8290185.ORF
4364,59,1,77.0,2024.06.20.REEF/08_2023/082923_Pool Calibration/082929_FishModels_FSL01/P8290182.ORF,1945.379197100188,1416.475970378418,Red Laser,2.184995412826538,0.3646481284087374,Grouper,/home/chris/mnt/fishsense_data/REEF/data/2024.06.20.REEF/08_2023/082923_Pool Calibration/082929_FishModels_FSL01/P8290182.ORF
4367,59,1,77.0,2024.06.20.REEF/08_2023/082923_Pool Calibration/082929_FishModels_FSL01/P8290183.ORF,1945.228877456331,1417.0569772507583,Red Laser,2.1934056282043457,0.3621249914140738,Grouper,/home/chris/mnt/fishsense_data/REEF/data/2024.06.20.REEF/08_2023/082923_Pool Calibration/082929_FishModels_FSL01/P8290183.ORF
4388,59,1,77.0,2024.06.20.REEF/08_2023/082923_Pool Calibration/082929_FishModels_FSL01/P8290206.ORF,1946.010720877321,1418.5349293734114,Red Laser,2.2205259799957275,0.4444140430158884,Snook,/home/chris/mnt/fishsense_data/REEF/data/2024.06.20.REEF/08_2023/082923_Pool Calibration/082929_FishModels_FSL01/P8290206.ORF
4393,59,1,77.0,2024.06.20.REEF/08_2023/082923_Pool Calibration/082929_FishModels_FSL01/P8290211.ORF,1945.6271128243145,1419.1818016553352,Red Laser,2.2288622856140137,0.443827676007027,Snook,/home/chris/mnt/fishsense_data/REEF/data/2024.06.20.REEF/08_2023/082923_Pool Calibration/082929_FishModels_FSL01/P8290211.ORF
4396,59,1,77.0,2024.06.20.REEF/08_2023/082923_Pool Calibration/082929_FishModels_FSL01/P8290214.ORF,1947.140278189255,1419.8915120719416,Red Laser,2.2477269172668457,0.4295881090723905,Snook,/home/chris/mnt/fishsense_data/REEF/data/2024.06.20.REEF/08_2023/082923_Pool Calibration/082929_FishModels_FSL01/P8290214.ORF
4384,59,1,77.0,2024.06.20.REEF/08_2023/082923_Pool Calibration/082929_FishModels_FSL01/P8290204.ORF,1946.769545147676,1420.4569296302548,Red Laser,2.25532865524292,0.4524510648380065,Snook,/home/chris/mnt/fishsense_data/REEF/data/2024.06.20.REEF/08_2023/082923_Pool Calibration/082929_FishModels_FSL01/P8290204.ORF
4416,59,1,77.0,2024.06.20.REEF/08_2023/082923_Pool Calibration/082929_FishModels_FSL01/P8290236.ORF,1947.1698499803103,1421.4321135967414,Red Laser,2.273580312728882,0.1910902344185472,Purple Angelfish,/home/chris/mnt/fishsense_data/REEF/data/2024.06.20.REEF/08_2023/082923_Pool Calibration/082929_FishModels_FSL01/P8290236.ORF
4397,59,1,77.0,2024.06.20.REEF/08_2023/082923_Pool Calibration/082929_FishModels_FSL01/P8290213.ORF,1948.0661782235263,1421.4976332790663,Red Laser,2.278963804244995,0.4393779357040061,Snook,/home/chris/mnt/fishsense_data/REEF/data/2024.06.20.REEF/08_2023/082923_Pool Calibration/082929_FishModels_FSL01/P8290213.ORF
4338,59,1,77.0,2024.06.20.REEF/08_2023/082923_Pool Calibration/082929_FishModels_FSL01/P8290156.ORF,1948.979249372465,1424.5759991355203,Red Laser,2.3366968631744385,0.610298981187439,Shark,/home/chris/mnt/fishsense_data/REEF/data/2024.06.20.REEF/08_2023/082923_Pool Calibration/082929_FishModels_FSL01/P8290156.ORF
4341,59,1,77.0,2024.06.20.REEF/08_2023/082923_Pool Calibration/082929_FishModels_FSL01/P8290159.ORF,1950.7894998995964,1431.0028294495846,Red Laser,2.466489315032959,0.6143619085519185,Shark,/home/chris/mnt/fishsense_data/REEF/data/2024.06.20.REEF/08_2023/082923_Pool Calibration/082929_FishModels_FSL01/P8290159.ORF
4343,59,1,77.0,2024.06.20.REEF/08_2023/082923_Pool Calibration/082929_FishModels_FSL01/P8290160.ORF,1953.6106104954847,1441.8915431377109,Red Laser,2.721863269805908,0.6309580684218816,Shark,/home/chris/mnt/fishsense_data/REEF/data/2024.06.20.REEF/08_2023/082923_Pool Calibration/082929_FishModels_FSL01/P8290160.ORF
4347,59,1,77.0,2024.06.20.REEF/08_2023/082923_Pool Calibration/082929_FishModels_FSL01/P8290165.ORF,1953.6489763228087,1444.4396590293818,Red Laser,2.784973382949829,0.6297685966347787,Shark,/home/chris/mnt/fishsense_data/REEF/data/2024.06.20.REEF/08_2023/082923_Pool Calibration/082929_FishModels_FSL01/P8290165.ORF
4654,60,4,65.0,2024.06.20.REEF/08_2023/082923_Pool Calibration/082929_FishModels_FSL04/P8290052.ORF,1924.042527139777,1076.162230143667,Red Laser,0.6261482238769531,0.6124504369235394,Shark,/home/chris/mnt/fishsense_data/REEF/data/2024.06.20.REEF/08_2023/082923_Pool Calibration/082929_FishModels_FSL04/P8290052.ORF
4659,60,4,65.0,2024.06.20.REEF/08_2023/082923_Pool Calibration/082929_FishModels_FSL04/P8290055.ORF,1926.730340842476,1082.5675485625968,Red Laser,0.6353991627693176,0.611311639189521,Shark,/home/chris/mnt/fishsense_data/REEF/data/2024.06.20.REEF/08_2023/082923_Pool Calibration/082929_FishModels_FSL04/P8290055.ORF
4652,60,4,65.0,2024.06.20.REEF/08_2023/082923_Pool Calibration/082929_FishModels_FSL04/P8290049.ORF,1936.5097000517017,1117.3931264544003,Red Laser,0.6884851455688477,0.6080834233539679,Shark,/home/chris/mnt/fishsense_data/REEF/data/2024.06.20.REEF/08_2023/082923_Pool Calibration/082929_FishModels_FSL04/P8290049.ORF
4739,60,4,65.0,2024.06.20.REEF/08_2023/082923_Pool Calibration/082929_FishModels_FSL04/P8290136.ORF,1950.4904644933936,1173.3807885018978,Red Laser,0.7940372228622437,0.3330628562630517,Ruler,/home/chris/mnt/fishsense_data/REEF/data/2024.06.20.REEF/08_2023/082923_Pool Calibration/082929_FishModels_FSL04/P8290136.ORF
4737,60,4,65.0,2024.06.20.REEF/08_2023/082923_Pool Calibration/082929_FishModels_FSL04/P8290134.ORF,1953.8378421103805,1177.0977400612182,Red Laser,0.8039498925209045,0.3339655711861315,Ruler,/home/chris/mnt/fishsense_data/REEF/data/2024.06.20.REEF/08_2023/082923_Pool Calibration/082929_FishModels_FSL04/P8290134.ORF
4733,60,4,65.0,2024.06.20.REEF/08_2023/082923_Pool Calibration/082929_FishModels_FSL04/P8290131.ORF,1959.9196684077435,1191.4921622021848,Red Laser,0.8392741084098816,0.3353644970279724,Ruler,/home/chris/mnt/fishsense_data/REEF/data/2024.06.20.REEF/08_2023/082923_Pool Calibration/082929_FishModels_FSL04/P8290131.ORF
4734,60,4,65.0,2024.06.20.REEF/08_2023/082923_Pool Calibration/082929_FishModels_FSL04/P8290128.ORF,1958.700195777424,1196.4211487109044,Red Laser,0.8494724631309509,0.3352121274418087,Ruler,/home/chris/mnt/fishsense_data/REEF/data/2024.06.20.REEF/08_2023/082923_Pool Calibration/082929_FishModels_FSL04/P8290128.ORF
4710,60,4,65.0,2024.06.20.REEF/08_2023/082923_Pool Calibration/082929_FishModels_FSL04/P8290105.ORF,1967.9720605355064,1216.058207217695,Red Laser,0.9052399396896362,0.1878612850015497,Purple Angelfish,/home/chris/mnt/fishsense_data/REEF/data/2024.06.20.REEF/08_2023/082923_Pool Calibration/082929_FishModels_FSL04/P8290105.ORF
4696,60,4,65.0,2024.06.20.REEF/08_2023/082923_Pool Calibration/082929_FishModels_FSL04/P8290092.ORF,1999.804080709442,1319.734370056889,Red Laser,1.350273609161377,0.4382118702096138,Snook,/home/chris/mnt/fishsense_data/REEF/data/2024.06.20.REEF/08_2023/082923_Pool Calibration/082929_FishModels_FSL04/P8290092.ORF
4682,60,4,65.0,2024.06.20.REEF/08_2023/082923_Pool Calibration/082929_FishModels_FSL04/P8290079.ORF,2002.2992405653613,1326.6950463520818,Red Laser,1.3970922231674194,0.3318553148524912,Grouper,/home/chris/mnt/fishsense_data/REEF/data/2024.06.20.REEF/08_2023/082923_Pool Calibration/082929_FishModels_FSL04/P8290079.ORF
4678,60,4,65.0,2024.06.20.REEF/08_2023/082923_Pool Calibration/082929_FishModels_FSL04/P8290078.ORF,2001.377422467555,1327.5068048329006,Red Laser,1.4001166820526123,0.3331525185410549,Grouper,/home/chris/mnt/fishsense_data/REEF/data/2024.06.20.REEF/08_2023/082923_Pool Calibration/082929_FishModels_FSL04/P8290078.ORF
4671,60,4,65.0,2024.06.20.REEF/08_2023/082923_Pool Calibration/082929_FishModels_FSL04/P8290069.ORF,2002.7788641860125,1328.0892643322024,Red Laser,1.4068251848220823,0.3473984838749527,Grouper,/home/chris/mnt/fishsense_data/REEF/data/2024.06.20.REEF/08_2023/082923_Pool Calibration/082929_FishModels_FSL04/P8290069.ORF
4674,60,4,65.0,2024.06.20.REEF/08_2023/082923_Pool Calibration/082929_FishModels_FSL04/P8290071.ORF,2001.7652681086856,1329.3341215358084,Red Laser,1.412384271621704,0.3475684093932937,Grouper,/home/chris/mnt/fishsense_data/REEF/data/2024.06.20.REEF/08_2023/082923_Pool Calibration/082929_FishModels_FSL04/P8290071.ORF
4672,60,4,65.0,2024.06.20.REEF/08_2023/082923_Pool Calibration/082929_FishModels_FSL04/P8290072.ORF,2002.983683773056,1330.6425954943084,Red Laser,1.4234912395477295,0.3499261479471178,Grouper,/home/chris/mnt/fishsense_data/REEF/data/2024.06.20.REEF/08_2023/082923_Pool Calibration/082929_FishModels_FSL04/P8290072.ORF
4667,60,4,65.0,2024.06.20.REEF/08_2023/082923_Pool Calibration/082929_FishModels_FSL04/P8290064.ORF,2004.003450656552,1337.6399424964022,Red Laser,1.4722411632537842,0.6002833654951986,Shark,/home/chris/mnt/fishsense_data/REEF/data/2024.06.20.REEF/08_2023/082923_Pool Calibration/082929_FishModels_FSL04/P8290064.ORF
4693,60,4,65.0,2024.06.20.REEF/08_2023/082923_Pool Calibration/082929_FishModels_FSL04/P8290090.ORF,2006.9855445978844,1346.3445331448877,Red Laser,1.5424506664276123,0.433901402298275,Snook,/home/chris/mnt/fishsense_data/REEF/data/2024.06.20.REEF/08_2023/082923_Pool Calibration/082929_FishModels_FSL04/P8290090.ORF
4715,60,4,65.0,2024.06.20.REEF/08_2023/082923_Pool Calibration/082929_FishModels_FSL04/P8290112.ORF,2009.4838399698035,1356.347297300748,Red Laser,1.6288987398147583,0.1840576832282628,Purple Angelfish,/home/chris/mnt/fishsense_data/REEF/data/2024.06.20.REEF/08_2023/082923_Pool Calibration/082929_FishModels_FSL04/P8290112.ORF
4728,60,4,65.0,2024.06.20.REEF/08_2023/082923_Pool Calibration/082929_FishModels_FSL04/P8290127.ORF,2010.987135710454,1359.8408149464628,Red Laser,1.6634141206741333,0.1856890560195361,Purple Angelfish,/home/chris/mnt/fishsense_data/REEF/data/2024.06.20.REEF/08_2023/082923_Pool Calibration/082929_FishModels_FSL04/P8290127.ORF
4718,60,4,65.0,2024.06.20.REEF/08_2023/082923_Pool Calibration/082929_FishModels_FSL04/P8290114.ORF,2010.4950601458029,1361.9990532737816,Red Laser,1.6807433366775513,0.1852374473237821,Purple Angelfish,/home/chris/mnt/fishsense_data/REEF/data/2024.06.20.REEF/08_2023/082923_Pool Calibration/082929_FishModels_FSL04/P8290114.ORF
4742,60,4,65.0,2024.06.20.REEF/08_2023/082923_Pool Calibration/082929_FishModels_FSL04/P8290137.ORF,2012.1823422771708,1363.7603486297985,Red Laser,1.7024632692337036,0.3290595269265844,Ruler,/home/chris/mnt/fishsense_data/REEF/data/2024.06.20.REEF/08_2023/082923_Pool Calibration/082929_FishModels_FSL04/P8290137.ORF
4721,60,4,65.0,2024.06.20.REEF/08_2023/082923_Pool Calibration/082929_FishModels_FSL04/P8290118.ORF,2012.1855880895785,1365.9574243721024,Red Laser,1.722665786743164,0.1837318407548034,Purple Angelfish,/home/chris/mnt/fishsense_data/REEF/data/2024.06.20.REEF/08_2023/082923_Pool Calibration/082929_FishModels_FSL04/P8290118.ORF
4740,60,4,65.0,2024.06.20.REEF/08_2023/082923_Pool Calibration/082929_FishModels_FSL04/P8290139.ORF,2014.5799079410515,1369.7853276844744,Red Laser,1.768021583557129,0.3251669806197951,Ruler,/home/chris/mnt/fishsense_data/REEF/data/2024.06.20.REEF/08_2023/082923_Pool Calibration/082929_FishModels_FSL04/P8290139.ORF
4743,60,4,65.0,2024.06.20.REEF/08_2023/082923_Pool Calibration/082929_FishModels_FSL04/P8290140.ORF,2016.5,1376.0000000000002,Red Laser,1.8390744924545288,0.3309422067230442,Ruler,/home/chris/mnt/fishsense_data/REEF/data/2024.06.20.REEF/08_2023/082923_Pool Calibration/082929_FishModels_FSL04/P8290140.ORF
4688,60,4,65.0,2024.06.20.REEF/08_2023/082923_Pool Calibration/082929_FishModels_FSL04/P8290086.ORF,2017.344517222576,1378.702082315933,Red Laser,1.871742844581604,0.3432209976173782,Grouper,/home/chris/mnt/fishsense_data/REEF/data/2024.06.20.REEF/08_2023/082923_Pool Calibration/082929_FishModels_FSL04/P8290086.ORF
4689,60,4,65.0,2024.06.20.REEF/08_2023/082923_Pool Calibration/082929_FishModels_FSL04/P8290085.ORF,2017.3340866119504,1379.3628765369806,Red Laser,1.8789139986038208,0.3512466170202128,Grouper,/home/chris/mnt/fishsense_data/REEF/data/2024.06.20.REEF/08_2023/082923_Pool Calibration/082929_FishModels_FSL04/P8290085.ORF
4751,60,4,65.0,2024.06.20.REEF/08_2023/082923_Pool Calibration/082929_FishModels_FSL04/P8290147.ORF,2016.560212837627,1380.5579992948508,Red Laser,1.8887368440628047,0.3258892473611305,Ruler,/home/chris/mnt/fishsense_data/REEF/data/2024.06.20.REEF/08_2023/082923_Pool Calibration/082929_FishModels_FSL04/P8290147.ORF
4744,60,4,65.0,2024.06.20.REEF/08_2023/082923_Pool Calibration/082929_FishModels_FSL04/P8290142.ORF,2017.5128360727613,1380.767177408187,Red Laser,1.89537250995636,0.3263454577325822,Ruler,/home/chris/mnt/fishsense_data/REEF/data/2024.06.20.REEF/08_2023/082923_Pool Calibration/082929_FishModels_FSL04/P8290142.ORF
4697,60,4,65.0,2024.06.20.REEF/08_2023/082923_Pool Calibration/082929_FishModels_FSL04/P8290094.ORF,2020.6422819992647,1397.35528338114,Red Laser,2.1186954975128174,0.4276721004096336,Snook,/home/chris/mnt/fishsense_data/REEF/data/2024.06.20.REEF/08_2023/082923_Pool Calibration/082929_FishModels_FSL04/P8290094.ORF
4706,60,4,65.0,2024.06.20.REEF/08_2023/082923_Pool Calibration/082929_FishModels_FSL04/P8290102.ORF,2022.49264851114,1398.0538523993164,Red Laser,2.1395339965820312,0.4242143779080199,Snook,/home/chris/mnt/fishsense_data/REEF/data/2024.06.20.REEF/08_2023/082923_Pool Calibration/082929_FishModels_FSL04/P8290102.ORF
4701,60,4,65.0,2024.06.20.REEF/08_2023/082923_Pool Calibration/082929_FishModels_FSL04/P8290098.ORF,2021.906962344772,1399.5818193875575,Red Laser,2.157857894897461,0.4291248754225744,Snook,/home/chris/mnt/fishsense_data/REEF/data/2024.06.20.REEF/08_2023/082923_Pool Calibration/082929_FishModels_FSL04/P8290098.ORF
3370,61,6,80.0,2023-09-07 REEF Data Dump/082923_Pool Calibration/082929_FishModels_FSL06/P8290094.ORF,2050.523659352751,1303.168820908315,Red Laser,1.207087159156799,0.3524917299787217,Grouper,/home/chris/mnt/fishsense_data/REEF/data/2023-09-07 REEF Data Dump/082923_Pool Calibration/082929_FishModels_FSL06/P8290094.ORF
3371,61,6,80.0,2023-09-07 REEF Data Dump/082923_Pool Calibration/082929_FishModels_FSL06/P8290093.ORF,2050.2100978457847,1305.0005668389165,Red Laser,1.215161681175232,0.3551600459504567,Grouper,/home/chris/mnt/fishsense_data/REEF/data/2023-09-07 REEF Data Dump/082923_Pool Calibration/082929_FishModels_FSL06/P8290093.ORF
3373,61,6,80.0,2023-09-07 REEF Data Dump/082923_Pool Calibration/082929_FishModels_FSL06/P8290095.ORF,2051.7266028442514,1307.920305093096,Red Laser,1.2315272092819214,0.3574292774121939,Grouper,/home/chris/mnt/fishsense_data/REEF/data/2023-09-07 REEF Data Dump/082923_Pool Calibration/082929_FishModels_FSL06/P8290095.ORF
3372,61,6,80.0,2023-09-07 REEF Data Dump/082923_Pool Calibration/082929_FishModels_FSL06/P8290096.ORF,2053.8398906012408,1308.7348553477425,Red Laser,1.2388808727264404,0.3555507042341742,Grouper,/home/chris/mnt/fishsense_data/REEF/data/2023-09-07 REEF Data Dump/082923_Pool Calibration/082929_FishModels_FSL06/P8290096.ORF
3394,61,6,80.0,2023-09-07 REEF Data Dump/082923_Pool Calibration/082929_FishModels_FSL06/P8290117.ORF,2052.476370510397,1311.304347826087,Red Laser,1.2493915557861328,0.4536826632042863,Snook,/home/chris/mnt/fishsense_data/REEF/data/2023-09-07 REEF Data Dump/082923_Pool Calibration/082929_FishModels_FSL06/P8290117.ORF
3367,61,6,80.0,2023-09-07 REEF Data Dump/082923_Pool Calibration/082929_FishModels_FSL06/P8290088.ORF,2056.016568240255,1317.901386090048,Red Laser,1.2893716096878052,0.3521191963373613,Grouper,/home/chris/mnt/fishsense_data/REEF/data/2023-09-07 REEF Data Dump/082923_Pool Calibration/082929_FishModels_FSL06/P8290088.ORF
3414,61,6,80.0,2023-09-07 REEF Data Dump/082923_Pool Calibration/082929_FishModels_FSL06/P8290140.ORF,2065.1423511038142,1350.1449600252963,Red Laser,1.5084060430526731,0.4493702269868188,Snook,/home/chris/mnt/fishsense_data/REEF/data/2023-09-07 REEF Data Dump/082923_Pool Calibration/082929_FishModels_FSL06/P8290140.ORF
3417,61,6,80.0,2023-09-07 REEF Data Dump/082923_Pool Calibration/082929_FishModels_FSL06/P8290138.ORF,2067.3389838228973,1352.7415221498652,Red Laser,1.532917022705078,0.4497372629202255,Snook,/home/chris/mnt/fishsense_data/REEF/data/2023-09-07 REEF Data Dump/082923_Pool Calibration/082929_FishModels_FSL06/P8290138.ORF
3410,61,6,80.0,2023-09-07 REEF Data Dump/082923_Pool Calibration/082929_FishModels_FSL06/P8290136.ORF,2066.6605471918297,1354.5633642015634,Red Laser,1.545017123222351,0.4470938017411142,Snook,/home/chris/mnt/fishsense_data/REEF/data/2023-09-07 REEF Data Dump/082923_Pool Calibration/082929_FishModels_FSL06/P8290136.ORF
3412,61,6,80.0,2023-09-07 REEF Data Dump/082923_Pool Calibration/082929_FishModels_FSL06/P8290133.ORF,2068.6104935539224,1358.7791405690891,Red Laser,1.5829761028289795,0.4461873579431654,Snook,/home/chris/mnt/fishsense_data/REEF/data/2023-09-07 REEF Data Dump/082923_Pool Calibration/082929_FishModels_FSL06/P8290133.ORF
3340,61,6,80.0,2023-09-07 REEF Data Dump/082923_Pool Calibration/082929_FishModels_FSL06/P8290065.ORF,2073.275919084239,1366.208719577264,Red Laser,1.65793776512146,0.1908806158117054,Purple Angelfish,/home/chris/mnt/fishsense_data/REEF/data/2023-09-07 REEF Data Dump/082923_Pool Calibration/082929_FishModels_FSL06/P8290065.ORF
3344,61,6,80.0,2023-09-07 REEF Data Dump/082923_Pool Calibration/082929_FishModels_FSL06/P8290068.ORF,2070.978119172275,1368.5427640497032,Red Laser,1.6722187995910645,0.1908571568835074,Purple Angelfish,/home/chris/mnt/fishsense_data/REEF/data/2023-09-07 REEF Data Dump/082923_Pool Calibration/082929_FishModels_FSL06/P8290068.ORF
3342,61,6,80.0,2023-09-07 REEF Data Dump/082923_Pool Calibration/082929_FishModels_FSL06/P8290064.ORF,2071.993604582196,1368.332685856129,Red Laser,1.673270344734192,0.1911134995421567,Purple Angelfish,/home/chris/mnt/fishsense_data/REEF/data/2023-09-07 REEF Data Dump/082923_Pool Calibration/082929_FishModels_FSL06/P8290064.ORF
3350,61,6,80.0,2023-09-07 REEF Data Dump/082923_Pool Calibration/082929_FishModels_FSL06/P8290072.ORF,2071.7200595689133,1368.7292164355194,Red Laser,1.6760601997375488,0.1890722682291466,Purple Angelfish,/home/chris/mnt/fishsense_data/REEF/data/2023-09-07 REEF Data Dump/082923_Pool Calibration/082929_FishModels_FSL06/P8290072.ORF
3351,61,6,80.0,2023-09-07 REEF Data Dump/082923_Pool Calibration/082929_FishModels_FSL06/P8290073.ORF,2071.353722415439,1369.941081772126,Red Laser,1.685871124267578,0.1901523229715384,Purple Angelfish,/home/chris/mnt/fishsense_data/REEF/data/2023-09-07 REEF Data Dump/082923_Pool Calibration/082929_FishModels_FSL06/P8290073.ORF
3387,61,6,80.0,2023-09-07 REEF Data Dump/082923_Pool Calibration/082929_FishModels_FSL06/P8290114.ORF,2074.5043971681816,1375.7090941230797,Red Laser,1.7500079870224,0.3505222579867574,Grouper,/home/chris/mnt/fishsense_data/REEF/data/2023-09-07 REEF Data Dump/082923_Pool Calibration/082929_FishModels_FSL06/P8290114.ORF
3386,61,6,80.0,2023-09-07 REEF Data Dump/082923_Pool Calibration/082929_FishModels_FSL06/P8290109.ORF,2075.7656184664293,1377.633528526695,Red Laser,1.773027777671814,0.3554046601940677,Grouper,/home/chris/mnt/fishsense_data/REEF/data/2023-09-07 REEF Data Dump/082923_Pool Calibration/082929_FishModels_FSL06/P8290109.ORF
3390,61,6,80.0,2023-09-07 REEF Data Dump/082923_Pool Calibration/082929_FishModels_FSL06/P8290113.ORF,2075.3902256732185,1378.483885078089,Red Laser,1.7804728746414185,0.3563686655252612,Grouper,/home/chris/mnt/fishsense_data/REEF/data/2023-09-07 REEF Data Dump/082923_Pool Calibration/082929_FishModels_FSL06/P8290113.ORF
3397,61,6,80.0,2023-09-07 REEF Data Dump/082923_Pool Calibration/082929_FishModels_FSL06/P8290122.ORF,2075.374777755564,1379.8717994334493,Red Laser,1.79468035697937,0.4448769736681817,Snook,/home/chris/mnt/fishsense_data/REEF/data/2023-09-07 REEF Data Dump/082923_Pool Calibration/082929_FishModels_FSL06/P8290122.ORF
3383,61,6,80.0,2023-09-07 REEF Data Dump/082923_Pool Calibration/082929_FishModels_FSL06/P8290107.ORF,2077.287956087766,1380.469848930648,Red Laser,1.8072385787963867,0.3557741264047929,Grouper,/home/chris/mnt/fishsense_data/REEF/data/2023-09-07 REEF Data Dump/082923_Pool Calibration/082929_FishModels_FSL06/P8290107.ORF
3400,61,6,80.0,2023-09-07 REEF Data Dump/082923_Pool Calibration/082929_FishModels_FSL06/P8290123.ORF,2076.036630082933,1383.1586214489175,Red Laser,1.831501126289368,0.4479368847370368,Snook,/home/chris/mnt/fishsense_data/REEF/data/2023-09-07 REEF Data Dump/082923_Pool Calibration/082929_FishModels_FSL06/P8290123.ORF
3382,61,6,80.0,2023-09-07 REEF Data Dump/082923_Pool Calibration/082929_FishModels_FSL06/P8290104.ORF,2077.274899979366,1386.801562432603,Red Laser,1.8759665489196773,0.3567714972260037,Grouper,/home/chris/mnt/fishsense_data/REEF/data/2023-09-07 REEF Data Dump/082923_Pool Calibration/082929_FishModels_FSL06/P8290104.ORF
3377,61,6,80.0,2023-09-07 REEF Data Dump/082923_Pool Calibration/082929_FishModels_FSL06/P8290102.ORF,2077.748753106781,1391.3797421466124,Red Laser,1.930733561515808,0.3598864956021213,Grouper,/home/chris/mnt/fishsense_data/REEF/data/2023-09-07 REEF Data Dump/082923_Pool Calibration/082929_FishModels_FSL06/P8290102.ORF
3402,61,6,80.0,2023-09-07 REEF Data Dump/082923_Pool Calibration/082929_FishModels_FSL06/P8290126.ORF,2080.4174720308592,1392.007216317725,Red Laser,1.9486693143844604,0.4351889795368809,Snook,/home/chris/mnt/fishsense_data/REEF/data/2023-09-07 REEF Data Dump/082923_Pool Calibration/082929_FishModels_FSL06/P8290126.ORF
3407,61,6,80.0,2023-09-07 REEF Data Dump/082923_Pool Calibration/082929_FishModels_FSL06/P8290130.ORF,2079.507647850204,1392.658841739777,Red Laser,1.9531809091567995,0.4344604468870733,Snook,/home/chris/mnt/fishsense_data/REEF/data/2023-09-07 REEF Data Dump/082923_Pool Calibration/082929_FishModels_FSL06/P8290130.ORF
3406,61,6,80.0,2023-09-07 REEF Data Dump/082923_Pool Calibration/082929_FishModels_FSL06/P8290128.ORF,2080.158597611425,1396.2118203526536,Red Laser,2.000079870223999,0.4448137662844766,Snook,/home/chris/mnt/fishsense_data/REEF/data/2023-09-07 REEF Data Dump/082923_Pool Calibration/082929_FishModels_FSL06/P8290128.ORF
3408,61,6,80.0,2023-09-07 REEF Data Dump/082923_Pool Calibration/082929_FishModels_FSL06/P8290127.ORF,2079.842477827113,1396.9273460122706,Red Laser,2.007956027984619,0.4483856404685826,Snook,/home/chris/mnt/fishsense_data/REEF/data/2023-09-07 REEF Data Dump/082923_Pool Calibration/082929_FishModels_FSL06/P8290127.ORF
3355,61,6,80.0,2023-09-07 REEF Data Dump/082923_Pool Calibration/082929_FishModels_FSL06/P8290075.ORF,2084.9354465211086,1411.8994796767945,Red Laser,2.248127222061157,0.1942157088951074,Purple Angelfish,/home/chris/mnt/fishsense_data/REEF/data/2023-09-07 REEF Data Dump/082923_Pool Calibration/082929_FishModels_FSL06/P8290075.ORF
3352,61,6,80.0,2023-09-07 REEF Data Dump/082923_Pool Calibration/082929_FishModels_FSL06/P8290078.ORF,2086.85229028654,1416.8899031796195,Red Laser,2.342663288116455,0.191359236091191,Purple Angelfish,/home/chris/mnt/fishsense_data/REEF/data/2023-09-07 REEF Data Dump/082923_Pool Calibration/082929_FishModels_FSL06/P8290078.ORF
3357,61,6,80.0,2023-09-07 REEF Data Dump/082923_Pool Calibration/082929_FishModels_FSL06/P8290080.ORF,2087.113628191494,1423.132704115237,Red Laser,2.4590635299682617,0.1903260322228598,Purple Angelfish,/home/chris/mnt/fishsense_data/REEF/data/2023-09-07 REEF Data Dump/082923_Pool Calibration/082929_FishModels_FSL06/P8290080.ORF
3547,66,10,83.0,2024.06.20.REEF/08_2023/082923_Pool Calibration/082929_FishModels_FSL07/P8290114.ORF,2002.3478436945,1254.5415874902612,Red Laser,1.080966830253601,0.3307880954243751,Snook,/home/chris/mnt/fishsense_data/REEF/data/2024.06.20.REEF/08_2023/082923_Pool Calibration/082929_FishModels_FSL07/P8290114.ORF
3503,66,10,83.0,2024.06.20.REEF/08_2023/082923_Pool Calibration/082929_FishModels_FSL07/P8290070.ORF,2019.0971389097467,1303.6771962115847,Red Laser,1.3332633972167969,0.6028819290070336,Shark,/home/chris/mnt/fishsense_data/REEF/data/2024.06.20.REEF/08_2023/082923_Pool Calibration/082929_FishModels_FSL07/P8290070.ORF
3504,66,10,83.0,2024.06.20.REEF/08_2023/082923_Pool Calibration/082929_FishModels_FSL07/P8290071.ORF,2019.902142733412,1303.617709311108,Red Laser,1.3344919681549072,0.6013915219204907,Shark,/home/chris/mnt/fishsense_data/REEF/data/2024.06.20.REEF/08_2023/082923_Pool Calibration/082929_FishModels_FSL07/P8290071.ORF
3522,66,10,83.0,2024.06.20.REEF/08_2023/082923_Pool Calibration/082929_FishModels_FSL07/P8290088.ORF,2020.2163409123496,1305.189680908703,Red Laser,1.3441377878189087,0.1862186731006827,Purple Angelfish,/home/chris/mnt/fishsense_data/REEF/data/2024.06.20.REEF/08_2023/082923_Pool Calibration/082929_FishModels_FSL07/P8290088.ORF
3506,66,10,83.0,2024.06.20.REEF/08_2023/082923_Pool Calibration/082929_FishModels_FSL07/P8290072.ORF,2027.401164636206,1328.6636580293964,Red Laser,1.5122737884521484,0.597605900521701,Shark,/home/chris/mnt/fishsense_data/REEF/data/2024.06.20.REEF/08_2023/082923_Pool Calibration/082929_FishModels_FSL07/P8290072.ORF
3508,66,10,83.0,2024.06.20.REEF/08_2023/082923_Pool Calibration/082929_FishModels_FSL07/P8290074.ORF,2028.6510277855543,1333.3663783477116,Red Laser,1.5506017208099363,0.5984507661756732,Shark,/home/chris/mnt/fishsense_data/REEF/data/2024.06.20.REEF/08_2023/082923_Pool Calibration/082929_FishModels_FSL07/P8290074.ORF
3505,66,10,83.0,2024.06.20.REEF/08_2023/082923_Pool Calibration/082929_FishModels_FSL07/P8290075.ORF,2030.3865926442747,1334.0591833282776,Red Laser,1.560592770576477,0.5951196649419139,Shark,/home/chris/mnt/fishsense_data/REEF/data/2024.06.20.REEF/08_2023/082923_Pool Calibration/082929_FishModels_FSL07/P8290075.ORF
3510,66,10,83.0,2024.06.20.REEF/08_2023/082923_Pool Calibration/082929_FishModels_FSL07/P8290077.ORF,2030.637574990862,1339.7011703605206,Red Laser,1.6063196659088137,0.5974067842603665,Shark,/home/chris/mnt/fishsense_data/REEF/data/2024.06.20.REEF/08_2023/082923_Pool Calibration/082929_FishModels_FSL07/P8290077.ORF
3536,66,10,83.0,2024.06.20.REEF/08_2023/082923_Pool Calibration/082929_FishModels_FSL07/P8290103.ORF,2032.9600023233347,1343.8479800057164,Red Laser,1.6481826305389404,0.4306951098552362,Snook,/home/chris/mnt/fishsense_data/REEF/data/2024.06.20.REEF/08_2023/082923_Pool Calibration/082929_FishModels_FSL07/P8290103.ORF
3511,66,10,83.0,2024.06.20.REEF/08_2023/082923_Pool Calibration/082929_FishModels_FSL07/P8290078.ORF,2031.816396042133,1344.5929028550163,Red Laser,1.6512272357940674,0.60414764012131,Shark,/home/chris/mnt/fishsense_data/REEF/data/2024.06.20.REEF/08_2023/082923_Pool Calibration/082929_FishModels_FSL07/P8290078.ORF
3537,66,10,83.0,2024.06.20.REEF/08_2023/082923_Pool Calibration/082929_FishModels_FSL07/P8290105.ORF,2032.1939851524648,1345.607651590406,Red Laser,1.66119647026062,0.4298212542671593,Snook,/home/chris/mnt/fishsense_data/REEF/data/2024.06.20.REEF/08_2023/082923_Pool Calibration/082929_FishModels_FSL07/P8290105.ORF
3541,66,10,83.0,2024.06.20.REEF/08_2023/082923_Pool Calibration/082929_FishModels_FSL07/P8290108.ORF,2035.0121993797893,1350.8309005055082,Red Laser,1.7174961566925049,0.3339221403491254,Snook,/home/chris/mnt/fishsense_data/REEF/data/2024.06.20.REEF/08_2023/082923_Pool Calibration/082929_FishModels_FSL07/P8290108.ORF
3543,66,10,83.0,2024.06.20.REEF/08_2023/082923_Pool Calibration/082929_FishModels_FSL07/P8290110.ORF,2036.7931855504307,1356.4996141027243,Red Laser,1.7787203788757324,0.3644653551199609,Snook,/home/chris/mnt/fishsense_data/REEF/data/2024.06.20.REEF/08_2023/082923_Pool Calibration/082929_FishModels_FSL07/P8290110.ORF
3545,66,10,83.0,2024.06.20.REEF/08_2023/082923_Pool Calibration/082929_FishModels_FSL07/P8290111.ORF,2036.768756352276,1356.92449622786,Red Laser,1.7830054759979248,0.3541063765413306,Snook,/home/chris/mnt/fishsense_data/REEF/data/2024.06.20.REEF/08_2023/082923_Pool Calibration/082929_FishModels_FSL07/P8290111.ORF
3548,66,10,83.0,2024.06.20.REEF/08_2023/082923_Pool Calibration/082929_FishModels_FSL07/P8290115.ORF,2035.4201608011635,1358.2885037850033,Red Laser,1.7920608520507812,0.3297048984636747,Ruler,/home/chris/mnt/fishsense_data/REEF/data/2024.06.20.REEF/08_2023/082923_Pool Calibration/082929_FishModels_FSL07/P8290115.ORF
3549,66,10,83.0,2024.06.20.REEF/08_2023/082923_Pool Calibration/082929_FishModels_FSL07/P8290117.ORF,2035.697335623302,1359.5333527721168,Red Laser,1.8057550191879272,0.329863516530707,Ruler,/home/chris/mnt/fishsense_data/REEF/data/2024.06.20.REEF/08_2023/082923_Pool Calibration/082929_FishModels_FSL07/P8290117.ORF
3533,66,10,83.0,2024.06.20.REEF/08_2023/082923_Pool Calibration/082929_FishModels_FSL07/P8290100.ORF,2036.9797593694243,1359.9382472815475,Red Laser,1.8148372173309328,0.4175321988362347,Snook,/home/chris/mnt/fishsense_data/REEF/data/2024.06.20.REEF/08_2023/082923_Pool Calibration/082929_FishModels_FSL07/P8290100.ORF
3532,66,10,83.0,2024.06.20.REEF/08_2023/082923_Pool Calibration/082929_FishModels_FSL07/P8290101.ORF,2036.5969312931888,1360.9621300261028,Red Laser,1.8242197036743164,0.4172633389237941,Snook,/home/chris/mnt/fishsense_data/REEF/data/2024.06.20.REEF/08_2023/082923_Pool Calibration/082929_FishModels_FSL07/P8290101.ORF
3531,66,10,83.0,2024.06.20.REEF/08_2023/082923_Pool Calibration/082929_FishModels_FSL07/P8290098.ORF,2039.751584070604,1363.9346928118748,Red Laser,1.868316650390625,0.4106612551747665,Snook,/home/chris/mnt/fishsense_data/REEF/data/2024.06.20.REEF/08_2023/082923_Pool Calibration/082929_FishModels_FSL07/P8290098.ORF
3553,66,10,83.0,2024.06.20.REEF/08_2023/082923_Pool Calibration/082929_FishModels_FSL07/P8290118.ORF,2038.78953064774,1367.670935342137,Red Laser,1.9068995714187624,0.3297048189507714,Ruler,/home/chris/mnt/fishsense_data/REEF/data/2024.06.20.REEF/08_2023/082923_Pool Calibration/082929_FishModels_FSL07/P8290118.ORF
3551,66,10,83.0,2024.06.20.REEF/08_2023/082923_Pool Calibration/082929_FishModels_FSL07/P8290119.ORF,2038.4612432860524,1368.4535762483306,Red Laser,1.9146509170532229,0.32624607337274,Ruler,/home/chris/mnt/fishsense_data/REEF/data/2024.06.20.REEF/08_2023/082923_Pool Calibration/082929_FishModels_FSL07/P8290119.ORF
3499,66,10,83.0,2024.06.20.REEF/08_2023/082923_Pool Calibration/082929_FishModels_FSL07/P8290066.ORF,2043.114118766582,1388.0852797623602,Red Laser,2.198831558227539,0.3049862521605992,Grouper,/home/chris/mnt/fishsense_data/REEF/data/2024.06.20.REEF/08_2023/082923_Pool Calibration/082929_FishModels_FSL07/P8290066.ORF
3502,66,10,83.0,2024.06.20.REEF/08_2023/082923_Pool Calibration/082929_FishModels_FSL07/P8290068.ORF,2046.913674151784,1387.7005098169334,Red Laser,2.214240312576294,0.303677470684238,Grouper,/home/chris/mnt/fishsense_data/REEF/data/2024.06.20.REEF/08_2023/082923_Pool Calibration/082929_FishModels_FSL07/P8290068.ORF
3524,66,10,83.0,2024.06.20.REEF/08_2023/082923_Pool Calibration/082929_FishModels_FSL07/P8290090.ORF,2049.475841010796,1397.02466249383,Red Laser,2.3863213062286377,0.1806254953800851,Purple Angelfish,/home/chris/mnt/fishsense_data/REEF/data/2024.06.20.REEF/08_2023/082923_Pool Calibration/082929_FishModels_FSL07/P8290090.ORF
3514,66,10,83.0,2024.06.20.REEF/08_2023/082923_Pool Calibration/082929_FishModels_FSL07/P8290081.ORF,2049.0841513987,1398.6310906256924,Red Laser,2.413271427154541,0.58867037195385,Shark,/home/chris/mnt/fishsense_data/REEF/data/2024.06.20.REEF/08_2023/082923_Pool Calibration/082929_FishModels_FSL07/P8290081.ORF
3517,66,10,83.0,2024.06.20.REEF/08_2023/082923_Pool Calibration/082929_FishModels_FSL07/P8290083.ORF,2051.051426662005,1401.8220167265476,Red Laser,2.487372875213623,0.5831759917585385,Shark,/home/chris/mnt/fishsense_data/REEF/data/2024.06.20.REEF/08_2023/082923_Pool Calibration/082929_FishModels_FSL07/P8290083.ORF
3525,66,10,83.0,2024.06.20.REEF/08_2023/082923_Pool Calibration/082929_FishModels_FSL07/P8290092.ORF,2048.5179376690594,1403.510142271647,Red Laser,2.502328634262085,0.1802597574155474,Purple Angelfish,/home/chris/mnt/fishsense_data/REEF/data/2024.06.20.REEF/08_2023/082923_Pool Calibration/082929_FishModels_FSL07/P8290092.ORF
3528,66,10,83.0,2024.06.20.REEF/08_2023/082923_Pool Calibration/082929_FishModels_FSL07/P8290093.ORF,2053.8087074523523,1413.6812117823065,Red Laser,2.7684166431427,0.1782544875936144,Purple Angelfish,/home/chris/mnt/fishsense_data/REEF/data/2024.06.20.REEF/08_2023/082923_Pool Calibration/082929_FishModels_FSL07/P8290093.ORF
3527,66,10,83.0,2024.06.20.REEF/08_2023/082923_Pool Calibration/082929_FishModels_FSL07/P8290094.ORF,2054.156277637424,1415.2892338063064,Red Laser,2.811296463012696,0.1788986184085381,Purple Angelfish,/home/chris/mnt/fishsense_data/REEF/data/2024.06.20.REEF/08_2023/082923_Pool Calibration/082929_FishModels_FSL07/P8290094.ORF
3526,66,10,83.0,2024.06.20.REEF/08_2023/082923_Pool Calibration/082929_FishModels_FSL07/P8290095.ORF,2059.259296494233,1424.9291247455687,Green Laser,3.1314473152160645,0.1990307171748578,Purple Angelfish,/home/chris/mnt/fishsense_data/REEF/data/2024.06.20.REEF/08_2023/082923_Pool Calibration/082929_FishModels_FSL07/P8290095.ORF
4173,76,3,63.0,2024.06.20.REEF/08_2023/082923_Pool Calibration/082923_FishModels_FSL03/P8290084.ORF,1926.663239619468,1239.686050764895,Red Laser,0.8568137288093567,0.1878536039102712,Purple Angelfish,/home/chris/mnt/fishsense_data/REEF/data/2024.06.20.REEF/08_2023/082923_Pool Calibration/082923_FishModels_FSL03/P8290084.ORF
4220,76,3,63.0,2024.06.20.REEF/08_2023/082923_Pool Calibration/082923_FishModels_FSL03/P8290133.ORF,1945.880198120016,1307.268441188348,Red Laser,1.073617935180664,0.3720117315191676,Snook,/home/chris/mnt/fishsense_data/REEF/data/2024.06.20.REEF/08_2023/082923_Pool Calibration/082923_FishModels_FSL03/P8290133.ORF
4222,76,3,63.0,2024.06.20.REEF/08_2023/082923_Pool Calibration/082923_FishModels_FSL03/P8290131.ORF,1947.374172745501,1315.629394750693,Red Laser,1.107113242149353,0.3713001157759552,Snook,/home/chris/mnt/fishsense_data/REEF/data/2024.06.20.REEF/08_2023/082923_Pool Calibration/082923_FishModels_FSL03/P8290131.ORF
4149,76,3,63.0,2024.06.20.REEF/08_2023/082923_Pool Calibration/082923_FishModels_FSL03/P8290058.ORF,1950.446023822057,1325.034934327523,Red Laser,1.1494038105010986,0.5385802641144453,Shark,/home/chris/mnt/fishsense_data/REEF/data/2024.06.20.REEF/08_2023/082923_Pool Calibration/082923_FishModels_FSL03/P8290058.ORF
4146,76,3,63.0,2024.06.20.REEF/08_2023/082923_Pool Calibration/082923_FishModels_FSL03/P8290056.ORF,1954.587960741197,1334.3722217729107,Red Laser,1.1963478326797483,0.5338611576428688,Shark,/home/chris/mnt/fishsense_data/REEF/data/2024.06.20.REEF/08_2023/082923_Pool Calibration/082923_FishModels_FSL03/P8290056.ORF
4217,76,3,63.0,2024.06.20.REEF/08_2023/082923_Pool Calibration/082923_FishModels_FSL03/P8290128.ORF,1960.3678810637923,1349.657931277801,Red Laser,1.280245661735535,0.4316898438842434,Snook,/home/chris/mnt/fishsense_data/REEF/data/2024.06.20.REEF/08_2023/082923_Pool Calibration/082923_FishModels_FSL03/P8290128.ORF
4197,76,3,63.0,2024.06.20.REEF/08_2023/082923_Pool Calibration/082923_FishModels_FSL03/P8290109.ORF,1959.107406019028,1354.2111569829112,Red Laser,1.302162766456604,0.3069196936381781,Grouper,/home/chris/mnt/fishsense_data/REEF/data/2024.06.20.REEF/08_2023/082923_Pool Calibration/082923_FishModels_FSL03/P8290109.ORF
4196,76,3,63.0,2024.06.20.REEF/08_2023/082923_Pool Calibration/082923_FishModels_FSL03/P8290108.ORF,1960.6775394364115,1355.5919711527129,Red Laser,1.3126215934753418,0.3193308228414114,Grouper,/home/chris/mnt/fishsense_data/REEF/data/2024.06.20.REEF/08_2023/082923_Pool Calibration/082923_FishModels_FSL03/P8290108.ORF
4215,76,3,63.0,2024.06.20.REEF/08_2023/082923_Pool Calibration/082923_FishModels_FSL03/P8290125.ORF,1962.2708741755607,1358.8747134497644,Red Laser,1.3338817358016968,0.4302752823746137,Snook,/home/chris/mnt/fishsense_data/REEF/data/2024.06.20.REEF/08_2023/082923_Pool Calibration/082923_FishModels_FSL03/P8290125.ORF
4188,76,3,63.0,2024.06.20.REEF/08_2023/082923_Pool Calibration/082923_FishModels_FSL03/P8290101.ORF,1965.9607821544528,1372.4315576816036,Red Laser,1.4232327938079834,0.3351712319984533,Grouper,/home/chris/mnt/fishsense_data/REEF/data/2024.06.20.REEF/08_2023/082923_Pool Calibration/082923_FishModels_FSL03/P8290101.ORF
4189,76,3,63.0,2024.06.20.REEF/08_2023/082923_Pool Calibration/082923_FishModels_FSL03/P8290099.ORF,1966.7819901542928,1378.8895811282734,Red Laser,1.4678863286972046,0.3390902513800247,Grouper,/home/chris/mnt/fishsense_data/REEF/data/2024.06.20.REEF/08_2023/082923_Pool Calibration/082923_FishModels_FSL03/P8290099.ORF
4185,76,3,63.0,2024.06.20.REEF/08_2023/082923_Pool Calibration/082923_FishModels_FSL03/P8290095.ORF,1970.5415561216803,1389.6072369251185,Red Laser,1.554926514625549,0.3423408010367613,Grouper,/home/chris/mnt/fishsense_data/REEF/data/2024.06.20.REEF/08_2023/082923_Pool Calibration/082923_FishModels_FSL03/P8290095.ORF
4209,76,3,63.0,2024.06.20.REEF/08_2023/082923_Pool Calibration/082923_FishModels_FSL03/P8290123.ORF,1976.005524075676,1404.9805376506745,Red Laser,1.6997110843658447,0.3129147583565376,Grouper,/home/chris/mnt/fishsense_data/REEF/data/2024.06.20.REEF/08_2023/082923_Pool Calibration/082923_FishModels_FSL03/P8290123.ORF
4210,76,3,63.0,2024.06.20.REEF/08_2023/082923_Pool Calibration/082923_FishModels_FSL03/P8290121.ORF,1977.3519255138665,1406.7250269108492,Red Laser,1.7202364206314087,0.2885259374062499,Grouper,/home/chris/mnt/fishsense_data/REEF/data/2024.06.20.REEF/08_2023/082923_Pool Calibration/082923_FishModels_FSL03/P8290121.ORF
4208,76,3,63.0,2024.06.20.REEF/08_2023/082923_Pool Calibration/082923_FishModels_FSL03/P8290119.ORF,1976.0346413301709,1408.2960115130602,Red Laser,1.73065984249115,0.3401212746544743,Grouper,/home/chris/mnt/fishsense_data/REEF/data/2024.06.20.REEF/08_2023/082923_Pool Calibration/082923_FishModels_FSL03/P8290119.ORF
4205,76,3,63.0,2024.06.20.REEF/08_2023/082923_Pool Calibration/082923_FishModels_FSL03/P8290113.ORF,1977.284407343317,1409.9607573664637,Red Laser,1.7509828805923462,0.3372757815619806,Grouper,/home/chris/mnt/fishsense_data/REEF/data/2024.06.20.REEF/08_2023/082923_Pool Calibration/082923_FishModels_FSL03/P8290113.ORF
4200,76,3,63.0,2024.06.20.REEF/08_2023/082923_Pool Calibration/082923_FishModels_FSL03/P8290111.ORF,1977.63949238422,1411.6767881418116,Red Laser,1.768940806388855,0.3311704165155826,Grouper,/home/chris/mnt/fishsense_data/REEF/data/2024.06.20.REEF/08_2023/082923_Pool Calibration/082923_FishModels_FSL03/P8290111.ORF
4177,76,3,63.0,2024.06.20.REEF/08_2023/082923_Pool Calibration/082923_FishModels_FSL03/P8290087.ORF,1977.617807579585,1415.911542709085,Red Laser,1.8117141723632808,0.1865484173663072,Purple Angelfish,/home/chris/mnt/fishsense_data/REEF/data/2024.06.20.REEF/08_2023/082923_Pool Calibration/082923_FishModels_FSL03/P8290087.ORF
4181,76,3,63.0,2024.06.20.REEF/08_2023/082923_Pool Calibration/082923_FishModels_FSL03/P8290092.ORF,1978.440926805544,1417.5909816056349,Red Laser,1.832491159439087,0.1821827372715756,Purple Angelfish,/home/chris/mnt/fishsense_data/REEF/data/2024.06.20.REEF/08_2023/082923_Pool Calibration/082923_FishModels_FSL03/P8290092.ORF
4150,76,3,63.0,2024.06.20.REEF/08_2023/082923_Pool Calibration/082923_FishModels_FSL03/P8290062.ORF,1979.812186443273,1420.8484254970306,Red Laser,1.8731689453125,0.549182020117657,Shark,/home/chris/mnt/fishsense_data/REEF/data/2024.06.20.REEF/08_2023/082923_Pool Calibration/082923_FishModels_FSL03/P8290062.ORF
4157,76,3,63.0,2024.06.20.REEF/08_2023/082923_Pool Calibration/082923_FishModels_FSL03/P8290070.ORF,1981.069263923728,1420.6590124651295,Red Laser,1.8759925365448,0.5481153649720252,Shark,/home/chris/mnt/fishsense_data/REEF/data/2024.06.20.REEF/08_2023/082923_Pool Calibration/082923_FishModels_FSL03/P8290070.ORF
4154,76,3,63.0,2024.06.20.REEF/08_2023/082923_Pool Calibration/082923_FishModels_FSL03/P8290067.ORF,1980.572274083535,1421.2802707657863,Red Laser,1.88100814819336,0.5503106508680008,Shark,/home/chris/mnt/fishsense_data/REEF/data/2024.06.20.REEF/08_2023/082923_Pool Calibration/082923_FishModels_FSL03/P8290067.ORF
4155,76,3,63.0,2024.06.20.REEF/08_2023/082923_Pool Calibration/082923_FishModels_FSL03/P8290065.ORF,1979.436477692527,1422.3813848786208,Red Laser,1.8887059688568115,0.5523573412245564,Shark,/home/chris/mnt/fishsense_data/REEF/data/2024.06.20.REEF/08_2023/082923_Pool Calibration/082923_FishModels_FSL03/P8290065.ORF
4234,76,3,63.0,2024.06.20.REEF/08_2023/082923_Pool Calibration/082923_FishModels_FSL03/P8290144.ORF,1986.832708231488,1434.9149584594204,Red Laser,2.076854944229126,0.4041669676988009,Snook,/home/chris/mnt/fishsense_data/REEF/data/2024.06.20.REEF/08_2023/082923_Pool Calibration/082923_FishModels_FSL03/P8290144.ORF
4230,76,3,63.0,2024.06.20.REEF/08_2023/082923_Pool Calibration/082923_FishModels_FSL03/P8290141.ORF,1986.289518906914,1437.0169509611103,Red Laser,2.10331654548645,0.4250686457868313,Snook,/home/chris/mnt/fishsense_data/REEF/data/2024.06.20.REEF/08_2023/082923_Pool Calibration/082923_FishModels_FSL03/P8290141.ORF
4225,76,3,63.0,2024.06.20.REEF/08_2023/082923_Pool Calibration/082923_FishModels_FSL03/P8290137.ORF,1985.2177237562016,1438.026744282441,Red Laser,2.1121273040771484,0.3419455778160999,Snook,/home/chris/mnt/fishsense_data/REEF/data/2024.06.20.REEF/08_2023/082923_Pool Calibration/082923_FishModels_FSL03/P8290137.ORF
4231,76,3,63.0,2024.06.20.REEF/08_2023/082923_Pool Calibration/082923_FishModels_FSL03/P8290145.ORF,1985.9000097781425,1438.9816200118028,Red Laser,2.1291003227233887,0.4082352881979982,Snook,/home/chris/mnt/fishsense_data/REEF/data/2024.06.20.REEF/08_2023/082923_Pool Calibration/082923_FishModels_FSL03/P8290145.ORF
4164,76,3,63.0,2024.06.20.REEF/08_2023/082923_Pool Calibration/082923_FishModels_FSL03/P8290074.ORF,1989.847364997344,1447.1845013258758,Red Laser,2.276691198348999,0.5574919033892698,Shark,/home/chris/mnt/fishsense_data/REEF/data/2024.06.20.REEF/08_2023/082923_Pool Calibration/082923_FishModels_FSL03/P8290074.ORF
4165,76,3,63.0,2024.06.20.REEF/08_2023/082923_Pool Calibration/082923_FishModels_FSL03/P8290075.ORF,1991.5442179136585,1451.5120902083402,Red Laser,2.3605098724365234,0.569513986406479,Shark,/home/chris/mnt/fishsense_data/REEF/data/2024.06.20.REEF/08_2023/082923_Pool Calibration/082923_FishModels_FSL03/P8290075.ORF
4168,76,3,63.0,2024.06.20.REEF/08_2023/082923_Pool Calibration/082923_FishModels_FSL03/P8290079.ORF,1993.217174241625,1457.9925730816506,Red Laser,2.4921116828918457,0.5673840777414435,Shark,/home/chris/mnt/fishsense_data/REEF/data/2024.06.20.REEF/08_2023/082923_Pool Calibration/082923_FishModels_FSL03/P8290079.ORF
4888,84,5,62.0,2025-02-10 REEF Data Dump SMILE 6/083123_Fish Degree Angle Tests/083023_FishModels_FSL05/P8300032.ORF,1929.5711863869149,1208.7619440289818,Red Laser,0.8888512253761292,0.4388861253343542,Snook,/home/chris/mnt/fishsense_data/REEF/data/2025-02-10 REEF Data Dump SMILE 6/083123_Fish Degree Angle Tests/083023_FishModels_FSL05/P8300032.ORF
4896,84,5,62.0,2025-02-10 REEF Data Dump SMILE 6/083123_Fish Degree Angle Tests/083023_FishModels_FSL05/P8300038.ORF,1960.4411621093748,1287.5205078125,Red Laser,1.1926445960998535,0.4462421596326403,Snook,/home/chris/mnt/fishsense_data/REEF/data/2025-02-10 REEF Data Dump SMILE 6/083123_Fish Degree Angle Tests/083023_FishModels_FSL05/P8300038.ORF
4904,84,5,62.0,2025-02-10 REEF Data Dump SMILE 6/083123_Fish Degree Angle Tests/083023_FishModels_FSL05/P8300050.ORF,1959.88134765625,1289.5322265625,Red Laser,1.2001378536224363,0.1922813338701153,Purple Angelfish,/home/chris/mnt/fishsense_data/REEF/data/2025-02-10 REEF Data Dump SMILE 6/083123_Fish Degree Angle Tests/083023_FishModels_FSL05/P8300050.ORF
4897,84,5,62.0,2025-02-10 REEF Data Dump SMILE 6/083123_Fish Degree Angle Tests/083023_FishModels_FSL05/P8300041.ORF,1959.879150390625,1291.358642578125,Red Laser,1.208193302154541,0.4456469046517294,Snook,/home/chris/mnt/fishsense_data/REEF/data/2025-02-10 REEF Data Dump SMILE 6/083123_Fish Degree Angle Tests/083023_FishModels_FSL05/P8300041.ORF
4895,84,5,62.0,2025-02-10 REEF Data Dump SMILE 6/083123_Fish Degree Angle Tests/083023_FishModels_FSL05/P8300039.ORF,1960.9500732421875,1291.0722656250002,Red Laser,1.2093108892440796,0.4514335588346388,Snook,/home/chris/mnt/fishsense_data/REEF/data/2025-02-10 REEF Data Dump SMILE 6/083123_Fish Degree Angle Tests/083023_FishModels_FSL05/P8300039.ORF
4907,84,5,62.0,2025-02-10 REEF Data Dump SMILE 6/083123_Fish Degree Angle Tests/083023_FishModels_FSL05/P8300049.ORF,1960.8355712890625,1291.5218505859375,Red Laser,1.2110730409622192,0.1936274456882417,Purple Angelfish,/home/chris/mnt/fishsense_data/REEF/data/2025-02-10 REEF Data Dump SMILE 6/083123_Fish Degree Angle Tests/083023_FishModels_FSL05/P8300049.ORF
4902,84,5,62.0,2025-02-10 REEF Data Dump SMILE 6/083123_Fish Degree Angle Tests/083023_FishModels_FSL05/P8300046.ORF,1962.95556640625,1293.486083984375,Red Laser,1.224752426147461,0.4354129101626286,Snook,/home/chris/mnt/fishsense_data/REEF/data/2025-02-10 REEF Data Dump SMILE 6/083123_Fish Degree Angle Tests/083023_FishModels_FSL05/P8300046.ORF
4899,84,5,62.0,2025-02-10 REEF Data Dump SMILE 6/083123_Fish Degree Angle Tests/083023_FishModels_FSL05/P8300044.ORF,1963.7821044921875,1297.74609375,Red Laser,1.2464593648910522,0.4409534137924891,Snook,/home/chris/mnt/fishsense_data/REEF/data/2025-02-10 REEF Data Dump SMILE 6/083123_Fish Degree Angle Tests/083023_FishModels_FSL05/P8300044.ORF
4901,84,5,62.0,2025-02-10 REEF Data Dump SMILE 6/083123_Fish Degree Angle Tests/083023_FishModels_FSL05/P8300045.ORF,1963.0739746093748,1299.0527343750002,Red Laser,1.2508755922317505,0.4418930323538105,Snook,/home/chris/mnt/fishsense_data/REEF/data/2025-02-10 REEF Data Dump SMILE 6/083123_Fish Degree Angle Tests/083023_FishModels_FSL05/P8300045.ORF
4880,84,5,62.0,2025-02-10 REEF Data Dump SMILE 6/083123_Fish Degree Angle Tests/083023_FishModels_FSL05/P8300026.ORF,1961.4420166015625,1312.015380859375,Red Laser,1.3099734783172607,0.4375930123440044,Snook,/home/chris/mnt/fishsense_data/REEF/data/2025-02-10 REEF Data Dump SMILE 6/083123_Fish Degree Angle Tests/083023_FishModels_FSL05/P8300026.ORF
4861,84,5,62.0,2025-02-10 REEF Data Dump SMILE 6/083123_Fish Degree Angle Tests/083023_FishModels_FSL05/P8300005.ORF,1974.4797629088,1319.2644165823212,Red Laser,1.3877333402633667,0.3529825728493217,Grouper,/home/chris/mnt/fishsense_data/REEF/data/2025-02-10 REEF Data Dump SMILE 6/083123_Fish Degree Angle Tests/083023_FishModels_FSL05/P8300005.ORF
4859,84,5,62.0,2025-02-10 REEF Data Dump SMILE 6/083123_Fish Degree Angle Tests/083023_FishModels_FSL05/P8300004.ORF,1975.1232330422024,1321.2726319212024,Red Laser,1.4015661478042605,0.3572317950177973,Grouper,/home/chris/mnt/fishsense_data/REEF/data/2025-02-10 REEF Data Dump SMILE 6/083123_Fish Degree Angle Tests/083023_FishModels_FSL05/P8300004.ORF
4863,84,5,62.0,2025-02-10 REEF Data Dump SMILE 6/083123_Fish Degree Angle Tests/083023_FishModels_FSL05/P8300006.ORF,1976.686703541419,1327.1268590384082,Red Laser,1.4424669742584229,0.3573514027229837,Grouper,/home/chris/mnt/fishsense_data/REEF/data/2025-02-10 REEF Data Dump SMILE 6/083123_Fish Degree Angle Tests/083023_FishModels_FSL05/P8300006.ORF
4908,84,5,62.0,2025-02-10 REEF Data Dump SMILE 6/083123_Fish Degree Angle Tests/083023_FishModels_FSL05/P8300053.ORF,1970.080322265625,1332.707763671875,Red Laser,1.4550056457519531,0.189372458017041,Purple Angelfish,/home/chris/mnt/fishsense_data/REEF/data/2025-02-10 REEF Data Dump SMILE 6/083123_Fish Degree Angle Tests/083023_FishModels_FSL05/P8300053.ORF
4910,84,5,62.0,2025-02-10 REEF Data Dump SMILE 6/083123_Fish Degree Angle Tests/083023_FishModels_FSL05/P8300054.ORF,1972.8555908203125,1332.20263671875,Red Laser,1.4619477987289429,0.1894049812215156,Purple Angelfish,/home/chris/mnt/fishsense_data/REEF/data/2025-02-10 REEF Data Dump SMILE 6/083123_Fish Degree Angle Tests/083023_FishModels_FSL05/P8300054.ORF
4909,84,5,62.0,2025-02-10 REEF Data Dump SMILE 6/083123_Fish Degree Angle Tests/083023_FishModels_FSL05/P8300052.ORF,1971.4605712890625,1333.103271484375,Red Laser,1.4626291990280151,0.1911541133729767,Purple Angelfish,/home/chris/mnt/fishsense_data/REEF/data/2025-02-10 REEF Data Dump SMILE 6/083123_Fish Degree Angle Tests/083023_FishModels_FSL05/P8300052.ORF
4912,84,5,62.0,2025-02-10 REEF Data Dump SMILE 6/083123_Fish Degree Angle Tests/083023_FishModels_FSL05/P8300055.ORF,1973.789550781249,1336.3248291015625,Red Laser,1.4921629428863523,0.1838810832811498,Purple Angelfish,/home/chris/mnt/fishsense_data/REEF/data/2025-02-10 REEF Data Dump SMILE 6/083123_Fish Degree Angle Tests/083023_FishModels_FSL05/P8300055.ORF
4914,84,5,62.0,2025-02-10 REEF Data Dump SMILE 6/083123_Fish Degree Angle Tests/083023_FishModels_FSL05/P8300056.ORF,1974.001220703125,1340.3663330078125,Red Laser,1.520134687423706,0.185052577776737,Purple Angelfish,/home/chris/mnt/fishsense_data/REEF/data/2025-02-10 REEF Data Dump SMILE 6/083123_Fish Degree Angle Tests/083023_FishModels_FSL05/P8300056.ORF
4925,84,5,62.0,2025-02-10 REEF Data Dump SMILE 6/083123_Fish Degree Angle Tests/083023_FishModels_FSL05/P8300066.ORF,1976.32373046875,1350.5870361328125,Red Laser,1.6033165454864502,0.620553236550623,Shark,/home/chris/mnt/fishsense_data/REEF/data/2025-02-10 REEF Data Dump SMILE 6/083123_Fish Degree Angle Tests/083023_FishModels_FSL05/P8300066.ORF
4923,84,5,62.0,2025-02-10 REEF Data Dump SMILE 6/083123_Fish Degree Angle Tests/083023_FishModels_FSL05/P8300069.ORF,1976.3388671875,1350.8365478515625,Red Laser,1.605324625968933,0.6189175790053764,Shark,/home/chris/mnt/fishsense_data/REEF/data/2025-02-10 REEF Data Dump SMILE 6/083123_Fish Degree Angle Tests/083023_FishModels_FSL05/P8300069.ORF
4918,84,5,62.0,2025-02-10 REEF Data Dump SMILE 6/083123_Fish Degree Angle Tests/083023_FishModels_FSL05/P8300063.ORF,1978.283447265625,1355.37109375,Red Laser,1.6496999263763428,0.1925803529173886,Purple Angelfish,/home/chris/mnt/fishsense_data/REEF/data/2025-02-10 REEF Data Dump SMILE 6/083123_Fish Degree Angle Tests/083023_FishModels_FSL05/P8300063.ORF
4920,84,5,62.0,2025-02-10 REEF Data Dump SMILE 6/083123_Fish Degree Angle Tests/083023_FishModels_FSL05/P8300064.ORF,1978.570800781249,1355.6484375,Red Laser,1.6533046960830688,0.1941894729450092,Purple Angelfish,/home/chris/mnt/fishsense_data/REEF/data/2025-02-10 REEF Data Dump SMILE 6/083123_Fish Degree Angle Tests/083023_FishModels_FSL05/P8300064.ORF
4916,84,5,62.0,2025-02-10 REEF Data Dump SMILE 6/083123_Fish Degree Angle Tests/083023_FishModels_FSL05/P8300060.ORF,1978.997802734375,1356.9002685546875,Red Laser,1.665497899055481,0.1911277144288293,Purple Angelfish,/home/chris/mnt/fishsense_data/REEF/data/2025-02-10 REEF Data Dump SMILE 6/083123_Fish Degree Angle Tests/083023_FishModels_FSL05/P8300060.ORF
4915,84,5,62.0,2025-02-10 REEF Data Dump SMILE 6/083123_Fish Degree Angle Tests/083023_FishModels_FSL05/P8300059.ORF,1979.5120849609373,1358.502685546875,Red Laser,1.6813147068023682,0.1922663171872485,Purple Angelfish,/home/chris/mnt/fishsense_data/REEF/data/2025-02-10 REEF Data Dump SMILE 6/083123_Fish Degree Angle Tests/083023_FishModels_FSL05/P8300059.ORF
4871,84,5,62.0,2025-02-10 REEF Data Dump SMILE 6/083123_Fish Degree Angle Tests/083023_FishModels_FSL05/P8300015.ORF,1986.9161147938405,1361.5212504953297,Red Laser,1.7447011470794678,0.3547874042193339,Grouper,/home/chris/mnt/fishsense_data/REEF/data/2025-02-10 REEF Data Dump SMILE 6/083123_Fish Degree Angle Tests/083023_FishModels_FSL05/P8300015.ORF
4870,84,5,62.0,2025-02-10 REEF Data Dump SMILE 6/083123_Fish Degree Angle Tests/083023_FishModels_FSL05/P8300014.ORF,1988.032074189924,1364.2773698807453,Red Laser,1.7759230136871338,0.3588348088818995,Grouper,/home/chris/mnt/fishsense_data/REEF/data/2025-02-10 REEF Data Dump SMILE 6/083123_Fish Degree Angle Tests/083023_FishModels_FSL05/P8300014.ORF
4928,84,5,62.0,2025-02-10 REEF Data Dump SMILE 6/083123_Fish Degree Angle Tests/083023_FishModels_FSL05/P8300072.ORF,1994.775704938948,1411.337555930927,Red Laser,2.4120235443115234,0.5941010141028694,Shark,/home/chris/mnt/fishsense_data/REEF/data/2025-02-10 REEF Data Dump SMILE 6/083123_Fish Degree Angle Tests/083023_FishModels_FSL05/P8300072.ORF
4929,84,5,62.0,2025-02-10 REEF Data Dump SMILE 6/083123_Fish Degree Angle Tests/083023_FishModels_FSL05/P8300073.ORF,1995.427878162022,1411.8801869880765,Red Laser,2.4291539192199707,0.5975364150267437,Shark,/home/chris/mnt/fishsense_data/REEF/data/2025-02-10 REEF Data Dump SMILE 6/083123_Fish Degree Angle Tests/083023_FishModels_FSL05/P8300073.ORF
4874,84,5,62.0,2025-02-10 REEF Data Dump SMILE 6/083123_Fish Degree Angle Tests/083023_FishModels_FSL05/P8300018.ORF,2001.25715889068,1410.5228371448893,Red Laser,2.4781248569488525,0.3650499289791492,Grouper,/home/chris/mnt/fishsense_data/REEF/data/2025-02-10 REEF Data Dump SMILE 6/083123_Fish Degree Angle Tests/083023_FishModels_FSL05/P8300018.ORF
4875,84,5,62.0,2025-02-10 REEF Data Dump SMILE 6/083123_Fish Degree Angle Tests/083023_FishModels_FSL05/P8300019.ORF,2001.2896728515625,1412.0355224609375,Red Laser,2.505512952804565,0.3630374257810287,Grouper,/home/chris/mnt/fishsense_data/REEF/data/2025-02-10 REEF Data Dump SMILE 6/083123_Fish Degree Angle Tests/083023_FishModels_FSL05/P8300019.ORF
132159,491,2,490.0,/fishsense_data/__unsorted-data/2023.08.14.FishSense.Host01s Pool/ED-00/FSL-02D/Box/P8140089.ORF,1780.6406162777714,657.8599977671096,Red Laser,0.3206927478313446,0.1398331397698858,Box,/home/chris/mnt/fishsense_data/__unsorted-data/2023.08.14.FishSense.Host01s Pool/ED-00/FSL-02D/Box/P8140089.ORF
132158,491,2,490.0,/fishsense_data/__unsorted-data/2023.08.14.FishSense.Host01s Pool/ED-00/FSL-02D/Box/P8140088.ORF,1804.9100111475527,737.7113071657577,Red Laser,0.3525603413581848,0.1429461107924102,Box,/home/chris/mnt/fishsense_data/__unsorted-data/2023.08.14.FishSense.Host01s Pool/ED-00/FSL-02D/Box/P8140088.ORF
132130,491,2,490.0,/fishsense_data/__unsorted-data/2023.08.14.FishSense.Host01s Pool/ED-00/FSL-02D/Box/P8140060.ORF,1902.987548828125,1079.7193603515625,Red Laser,0.6114266514778137,0.1434213120002154,Box,/home/chris/mnt/fishsense_data/__unsorted-data/2023.08.14.FishSense.Host01s Pool/ED-00/FSL-02D/Box/P8140060.ORF
132156,491,2,490.0,/fishsense_data/__unsorted-data/2023.08.14.FishSense.Host01s Pool/ED-00/FSL-02D/Box/P8140086.ORF,1909.2030029296875,1099.073486328125,Red Laser,0.6382254958152771,0.1443543145966846,Box,/home/chris/mnt/fishsense_data/__unsorted-data/2023.08.14.FishSense.Host01s Pool/ED-00/FSL-02D/Box/P8140086.ORF
132155,491,2,490.0,/fishsense_data/__unsorted-data/2023.08.14.FishSense.Host01s Pool/ED-00/FSL-02D/Box/P8140085.ORF,1932.3363037109373,1175.1007080078125,Red Laser,0.7700689435005188,0.1438488011124223,Box,/home/chris/mnt/fishsense_data/__unsorted-data/2023.08.14.FishSense.Host01s Pool/ED-00/FSL-02D/Box/P8140085.ORF
132131,491,2,490.0,/fishsense_data/__unsorted-data/2023.08.14.FishSense.Host01s Pool/ED-00/FSL-02D/Box/P8140061.ORF,1933.716796875,1178.428955078125,Red Laser,0.7773570418357849,0.1446087015180662,Box,/home/chris/mnt/fishsense_data/__unsorted-data/2023.08.14.FishSense.Host01s Pool/ED-00/FSL-02D/Box/P8140061.ORF
132154,491,2,490.0,/fishsense_data/__unsorted-data/2023.08.14.FishSense.Host01s Pool/ED-00/FSL-02D/Box/P8140084.ORF,1949.6748046875,1230.7457275390625,Red Laser,0.9076159000396729,0.1415459551210359,Box,/home/chris/mnt/fishsense_data/__unsorted-data/2023.08.14.FishSense.Host01s Pool/ED-00/FSL-02D/Box/P8140084.ORF
132132,491,2,490.0,/fishsense_data/__unsorted-data/2023.08.14.FishSense.Host01s Pool/ED-00/FSL-02D/Box/P8140062.ORF,1953.9345703125,1255.826904296875,Red Laser,0.982914388179779,0.1427059567496931,Box,/home/chris/mnt/fishsense_data/__unsorted-data/2023.08.14.FishSense.Host01s Pool/ED-00/FSL-02D/Box/P8140062.ORF
132153,491,2,490.0,/fishsense_data/__unsorted-data/2023.08.14.FishSense.Host01s Pool/ED-00/FSL-02D/Box/P8140083.ORF,1963.4420166015625,1280.1877441406252,Red Laser,1.076492428779602,0.1440834066242597,Box,/home/chris/mnt/fishsense_data/__unsorted-data/2023.08.14.FishSense.Host01s Pool/ED-00/FSL-02D/Box/P8140083.ORF
132152,491,2,490.0,/fishsense_data/__unsorted-data/2023.08.14.FishSense.Host01s Pool/ED-00/FSL-02D/Box/P8140082.ORF,1972.2099609375,1307.4475097656248,Red Laser,1.201588749885559,0.1427861902162823,Box,/home/chris/mnt/fishsense_data/__unsorted-data/2023.08.14.FishSense.Host01s Pool/ED-00/FSL-02D/Box/P8140082.ORF
132133,491,2,490.0,/fishsense_data/__unsorted-data/2023.08.14.FishSense.Host01s Pool/ED-00/FSL-02D/Box/P8140063.ORF,1976.7158203125,1326.6318359375,Red Laser,1.304949402809143,0.1431115369756404,Box,/home/chris/mnt/fishsense_data/__unsorted-data/2023.08.14.FishSense.Host01s Pool/ED-00/FSL-02D/Box/P8140063.ORF
132151,491,2,490.0,/fishsense_data/__unsorted-data/2023.08.14.FishSense.Host01s Pool/ED-00/FSL-02D/Box/P8140081.ORF,1977.051025390625,1333.0675048828125,Red Laser,1.3407957553863523,0.1426563184103723,Box,/home/chris/mnt/fishsense_data/__unsorted-data/2023.08.14.FishSense.Host01s Pool/ED-00/FSL-02D/Box/P8140081.ORF
132150,491,2,490.0,/fishsense_data/__unsorted-data/2023.08.14.FishSense.Host01s Pool/ED-00/FSL-02D/Box/P8140080.ORF,1983.5579833984373,1350.2626953125,Red Laser,1.4628981351852417,0.1420417837883864,Box,/home/chris/mnt/fishsense_data/__unsorted-data/2023.08.14.FishSense.Host01s Pool/ED-00/FSL-02D/Box/P8140080.ORF
132134,491,2,490.0,/fishsense_data/__unsorted-data/2023.08.14.FishSense.Host01s Pool/ED-00/FSL-02D/Box/P8140064.ORF,1986.628662109375,1357.427490234375,Red Laser,1.521745204925537,0.1428914625395812,Box,/home/chris/mnt/fishsense_data/__unsorted-data/2023.08.14.FishSense.Host01s Pool/ED-00/FSL-02D/Box/P8140064.ORF
132136,491,2,490.0,/fishsense_data/__unsorted-data/2023.08.14.FishSense.Host01s Pool/ED-00/FSL-02D/Box/P8140066.ORF,1990.288818359375,1367.279052734375,Red Laser,1.608750581741333,0.1421708097564135,Box,/home/chris/mnt/fishsense_data/__unsorted-data/2023.08.14.FishSense.Host01s Pool/ED-00/FSL-02D/Box/P8140066.ORF
132149,491,2,490.0,/fishsense_data/__unsorted-data/2023.08.14.FishSense.Host01s Pool/ED-00/FSL-02D/Box/P8140079.ORF,1990.23291015625,1367.579833984375,Red Laser,1.6109918355941772,0.1421800438030666,Box,/home/chris/mnt/fishsense_data/__unsorted-data/2023.08.14.FishSense.Host01s Pool/ED-00/FSL-02D/Box/P8140079.ORF
132148,491,2,490.0,/fishsense_data/__unsorted-data/2023.08.14.FishSense.Host01s Pool/ED-00/FSL-02D/Box/P8140078.ORF,1993.1427001953125,1378.760498046875,Red Laser,1.7179255485534668,0.1412421913515713,Box,/home/chris/mnt/fishsense_data/__unsorted-data/2023.08.14.FishSense.Host01s Pool/ED-00/FSL-02D/Box/P8140078.ORF
132135,491,2,490.0,/fishsense_data/__unsorted-data/2023.08.14.FishSense.Host01s Pool/ED-00/FSL-02D/Box/P8140065.ORF,1993.108886718749,1378.9486083984375,Red Laser,1.7195706367492676,0.1407676153544516,Box,/home/chris/mnt/fishsense_data/__unsorted-data/2023.08.14.FishSense.Host01s Pool/ED-00/FSL-02D/Box/P8140065.ORF
132137,491,2,490.0,/fishsense_data/__unsorted-data/2023.08.14.FishSense.Host01s Pool/ED-00/FSL-02D/Box/P8140067.ORF,1993.908447265625,1383.038818359375,Red Laser,1.7613340616226196,0.1414063713281905,Box,/home/chris/mnt/fishsense_data/__unsorted-data/2023.08.14.FishSense.Host01s Pool/ED-00/FSL-02D/Box/P8140067.ORF
132147,491,2,490.0,/fishsense_data/__unsorted-data/2023.08.14.FishSense.Host01s Pool/ED-00/FSL-02D/Box/P8140077.ORF,1998.2930908203125,1393.4227294921875,Red Laser,1.888472318649292,0.1394580103556753,Box,/home/chris/mnt/fishsense_data/__unsorted-data/2023.08.14.FishSense.Host01s Pool/ED-00/FSL-02D/Box/P8140077.ORF
132138,491,2,490.0,/fishsense_data/__unsorted-data/2023.08.14.FishSense.Host01s Pool/ED-00/FSL-02D/Box/P8140068.ORF,1999.5610351562505,1400.92333984375,Red Laser,1.981947660446167,0.1408726749430781,Box,/home/chris/mnt/fishsense_data/__unsorted-data/2023.08.14.FishSense.Host01s Pool/ED-00/FSL-02D/Box/P8140068.ORF
132146,491,2,490.0,/fishsense_data/__unsorted-data/2023.08.14.FishSense.Host01s Pool/ED-00/FSL-02D/Box/P8140076.ORF,1999.6339111328125,1402.2294921875,Red Laser,1.9982213973999023,0.1395569527660067,Box,/home/chris/mnt/fishsense_data/__unsorted-data/2023.08.14.FishSense.Host01s Pool/ED-00/FSL-02D/Box/P8140076.ORF
132145,491,2,490.0,/fishsense_data/__unsorted-data/2023.08.14.FishSense.Host01s Pool/ED-00/FSL-02D/Box/P8140075.ORF,2002.9188232421875,1412.0849609375,Red Laser,2.148498058319092,0.137400602409988,Box,/home/chris/mnt/fishsense_data/__unsorted-data/2023.08.14.FishSense.Host01s Pool/ED-00/FSL-02D/Box/P8140075.ORF
132139,491,2,490.0,/fishsense_data/__unsorted-data/2023.08.14.FishSense.Host01s Pool/ED-00/FSL-02D/Box/P8140069.ORF,2004.388671875,1418.77001953125,Red Laser,2.2580082416534424,0.1359211392700672,Box,/home/chris/mnt/fishsense_data/__unsorted-data/2023.08.14.FishSense.Host01s Pool/ED-00/FSL-02D/Box/P8140069.ORF
132144,491,2,490.0,/fishsense_data/__unsorted-data/2023.08.14.FishSense.Host01s Pool/ED-00/FSL-02D/Box/P8140074.ORF,2005.380859375,1420.8253173828125,Red Laser,2.298574209213257,0.134494413423013,Box,/home/chris/mnt/fishsense_data/__unsorted-data/2023.08.14.FishSense.Host01s Pool/ED-00/FSL-02D/Box/P8140074.ORF
132140,491,2,490.0,/fishsense_data/__unsorted-data/2023.08.14.FishSense.Host01s Pool/ED-00/FSL-02D/Box/P8140070.ORF,2009.366943359375,1431.3438720703125,Red Laser,2.518971443176269,0.1349526958835504,Box,/home/chris/mnt/fishsense_data/__unsorted-data/2023.08.14.FishSense.Host01s Pool/ED-00/FSL-02D/Box/P8140070.ORF
132141,491,2,490.0,/fishsense_data/__unsorted-data/2023.08.14.FishSense.Host01s Pool/ED-00/FSL-02D/Box/P8140071.ORF,2009.929565429688,1438.8067626953127,Red Laser,2.67676043510437,0.1352301300126197,Box,/home/chris/mnt/fishsense_data/__unsorted-data/2023.08.14.FishSense.Host01s Pool/ED-00/FSL-02D/Box/P8140071.ORF
132142,491,2,490.0,/fishsense_data/__unsorted-data/2023.08.14.FishSense.Host01s Pool/ED-00/FSL-02D/Box/P8140072.ORF,2012.4169921875,1444.989501953125,Red Laser,2.8484044075012207,0.1326399467040236,Box,/home/chris/mnt/fishsense_data/__unsorted-data/2023.08.14.FishSense.Host01s Pool/ED-00/FSL-02D/Box/P8140072.ORF
132160,492,2,490.0,/fishsense_data/__unsorted-data/2023.08.14.FishSense.Host01s Pool/ED-00/FSL-02D/Person01/P8140031.ORF,1806.309326171875,780.7843627929688,Red Laser,0.3708126544952392,0.273842715741624,Rainbow Trout,/home/chris/mnt/fishsense_data/__unsorted-data/2023.08.14.FishSense.Host01s Pool/ED-00/FSL-02D/Person01/P8140031.ORF
132187,492,2,490.0,/fishsense_data/__unsorted-data/2023.08.14.FishSense.Host01s Pool/ED-00/FSL-02D/Person01/P8140058.ORF,1857.25634765625,950.2506713867188,Red Laser,0.4763018488883972,0.285289170101289,Rainbow Trout,/home/chris/mnt/fishsense_data/__unsorted-data/2023.08.14.FishSense.Host01s Pool/ED-00/FSL-02D/Person01/P8140058.ORF
132186,492,2,490.0,/fishsense_data/__unsorted-data/2023.08.14.FishSense.Host01s Pool/ED-00/FSL-02D/Person01/P8140057.ORF,1913.1365966796875,1119.8375244140625,Red Laser,0.6683210730552673,0.291963680193995,Rainbow Trout,/home/chris/mnt/fishsense_data/__unsorted-data/2023.08.14.FishSense.Host01s Pool/ED-00/FSL-02D/Person01/P8140057.ORF
132185,492,2,490.0,/fishsense_data/__unsorted-data/2023.08.14.FishSense.Host01s Pool/ED-00/FSL-02D/Person01/P8140056.ORF,1938.94189453125,1209.6590576171875,Red Laser,0.846531867980957,0.2887715598244545,Rainbow Trout,/home/chris/mnt/fishsense_data/__unsorted-data/2023.08.14.FishSense.Host01s Pool/ED-00/FSL-02D/Person01/P8140056.ORF
132184,492,2,490.0,/fishsense_data/__unsorted-data/2023.08.14.FishSense.Host01s Pool/ED-00/FSL-02D/Person01/P8140055.ORF,1956.205078125,1265.0181884765625,Red Laser,1.014534592628479,0.2868629449680069,Rainbow Trout,/home/chris/mnt/fishsense_data/__unsorted-data/2023.08.14.FishSense.Host01s Pool/ED-00/FSL-02D/Person01/P8140055.ORF
132183,492,2,490.0,/fishsense_data/__unsorted-data/2023.08.14.FishSense.Host01s Pool/ED-00/FSL-02D/Person01/P8140054.ORF,1967.1566162109373,1302.81884765625,Red Laser,1.172049045562744,0.2876008269664252,Rainbow Trout,/home/chris/mnt/fishsense_data/__unsorted-data/2023.08.14.FishSense.Host01s Pool/ED-00/FSL-02D/Person01/P8140054.ORF
132163,492,2,490.0,/fishsense_data/__unsorted-data/2023.08.14.FishSense.Host01s Pool/ED-00/FSL-02D/Person01/P8140034.ORF,1972.8607177734373,1307.7059326171875,Red Laser,1.203904628753662,0.2872448492169684,Rainbow Trout,/home/chris/mnt/fishsense_data/__unsorted-data/2023.08.14.FishSense.Host01s Pool/ED-00/FSL-02D/Person01/P8140034.ORF
132182,492,2,490.0,/fishsense_data/__unsorted-data/2023.08.14.FishSense.Host01s Pool/ED-00/FSL-02D/Person01/P8140053.ORF,1978.0426025390625,1337.1556396484375,Red Laser,1.366538643836975,0.286656536628274,Rainbow Trout,/home/chris/mnt/fishsense_data/__unsorted-data/2023.08.14.FishSense.Host01s Pool/ED-00/FSL-02D/Person01/P8140053.ORF
132181,492,2,490.0,/fishsense_data/__unsorted-data/2023.08.14.FishSense.Host01s Pool/ED-00/FSL-02D/Person01/P8140052.ORF,1985.5420556554827,1361.2821817400877,Red Laser,1.5463234186172483,0.2880983059744352,Rainbow Trout,/home/chris/mnt/fishsense_data/__unsorted-data/2023.08.14.FishSense.Host01s Pool/ED-00/FSL-02D/Person01/P8140052.ORF
132165,492,2,490.0,/fishsense_data/__unsorted-data/2023.08.14.FishSense.Host01s Pool/ED-00/FSL-02D/Person01/P8140036.ORF,1997.6953125,1391.9814453125,Red Laser,1.869720220565796,0.2829619041792748,Rainbow Trout,/home/chris/mnt/fishsense_data/__unsorted-data/2023.08.14.FishSense.Host01s Pool/ED-00/FSL-02D/Person01/P8140036.ORF
132180,492,2,490.0,/fishsense_data/__unsorted-data/2023.08.14.FishSense.Host01s Pool/ED-00/FSL-02D/Person01/P8140051.ORF,1997.35400390625,1393.4197998046875,Red Laser,1.883750081062317,0.2804010546658763,Rainbow Trout,/home/chris/mnt/fishsense_data/__unsorted-data/2023.08.14.FishSense.Host01s Pool/ED-00/FSL-02D/Person01/P8140051.ORF
132179,492,2,490.0,/fishsense_data/__unsorted-data/2023.08.14.FishSense.Host01s Pool/ED-00/FSL-02D/Person01/P8140050.ORF,2000.5124511718752,1411.397216796875,Red Laser,2.122078895568848,0.2830966545028016,Rainbow Trout,/home/chris/mnt/fishsense_data/__unsorted-data/2023.08.14.FishSense.Host01s Pool/ED-00/FSL-02D/Person01/P8140050.ORF
132166,492,2,490.0,/fishsense_data/__unsorted-data/2023.08.14.FishSense.Host01s Pool/ED-00/FSL-02D/Person01/P8140037.ORF,2003.7930908203125,1411.6724853515625,Red Laser,2.148318290710449,0.2855460477647121,Rainbow Trout,/home/chris/mnt/fishsense_data/__unsorted-data/2023.08.14.FishSense.Host01s Pool/ED-00/FSL-02D/Person01/P8140037.ORF
132168,492,2,490.0,/fishsense_data/__unsorted-data/2023.08.14.FishSense.Host01s Pool/ED-00/FSL-02D/Person01/P8140039.ORF,2005.2616547671896,1418.305225397656,Red Laser,2.257641315460205,0.2683804220523998,Rainbow Trout,/home/chris/mnt/fishsense_data/__unsorted-data/2023.08.14.FishSense.Host01s Pool/ED-00/FSL-02D/Person01/P8140039.ORF
132178,492,2,490.0,/fishsense_data/__unsorted-data/2023.08.14.FishSense.Host01s Pool/ED-00/FSL-02D/Person01/P8140049.ORF,2004.3372802734373,1422.1402587890625,Red Laser,2.311119794845581,0.2795304651679431,Rainbow Trout,/home/chris/mnt/fishsense_data/__unsorted-data/2023.08.14.FishSense.Host01s Pool/ED-00/FSL-02D/Person01/P8140049.ORF
132177,492,2,490.0,/fishsense_data/__unsorted-data/2023.08.14.FishSense.Host01s Pool/ED-00/FSL-02D/Person01/P8140048.ORF,2006.9888916015625,1429.35595703125,Red Laser,2.458624124526977,0.2763065521151248,Rainbow Trout,/home/chris/mnt/fishsense_data/__unsorted-data/2023.08.14.FishSense.Host01s Pool/ED-00/FSL-02D/Person01/P8140048.ORF
132176,492,2,490.0,/fishsense_data/__unsorted-data/2023.08.14.FishSense.Host01s Pool/ED-00/FSL-02D/Person01/P8140047.ORF,2008.5638427734373,1436.8319091796875,Red Laser,2.619113206863404,0.2760523573845042,Rainbow Trout,/home/chris/mnt/fishsense_data/__unsorted-data/2023.08.14.FishSense.Host01s Pool/ED-00/FSL-02D/Person01/P8140047.ORF
132169,492,2,490.0,/fishsense_data/__unsorted-data/2023.08.14.FishSense.Host01s Pool/ED-00/FSL-02D/Person01/P8140040.ORF,2009.657958984375,1436.4908447265625,Red Laser,2.624620199203491,0.2732019699236402,Rainbow Trout,/home/chris/mnt/fishsense_data/__unsorted-data/2023.08.14.FishSense.Host01s Pool/ED-00/FSL-02D/Person01/P8140040.ORF
132171,492,2,490.0,/fishsense_data/__unsorted-data/2023.08.14.FishSense.Host01s Pool/ED-00/FSL-02D/Person01/P8140042.ORF,2013.40771484375,1449.653564453125,Red Laser,2.980395555496216,0.2704339396115982,Rainbow Trout,/home/chris/mnt/fishsense_data/__unsorted-data/2023.08.14.FishSense.Host01s Pool/ED-00/FSL-02D/Person01/P8140042.ORF
132172,492,2,490.0,/fishsense_data/__unsorted-data/2023.08.14.FishSense.Host01s Pool/ED-00/FSL-02D/Person01/P8140043.ORF,2015.2037353515625,1455.23095703125,Red Laser,3.165536642074585,0.2710366696227006,Rainbow Trout,/home/chris/mnt/fishsense_data/__unsorted-data/2023.08.14.FishSense.Host01s Pool/ED-00/FSL-02D/Person01/P8140043.ORF
132266,494,3,493.0,/fishsense_data/__unsorted-data/2023.08.14.FishSense.Host01s Pool/ED-00/FSL-03D/Box/P8140117.ORF,1735.320607289111,510.899951885049,Red Laser,0.2837625741958618,0.1467194350974996,Box,/home/chris/mnt/fishsense_data/__unsorted-data/2023.08.14.FishSense.Host01s Pool/ED-00/FSL-03D/Box/P8140117.ORF
132267,494,3,493.0,/fishsense_data/__unsorted-data/2023.08.14.FishSense.Host01s Pool/ED-00/FSL-03D/Box/P8140118.ORF,1761.2208566479503,595.0935956364258,Red Laser,0.3094266057014465,0.1446616085897103,Box,/home/chris/mnt/fishsense_data/__unsorted-data/2023.08.14.FishSense.Host01s Pool/ED-00/FSL-03D/Box/P8140118.ORF
132264,494,3,493.0,/fishsense_data/__unsorted-data/2023.08.14.FishSense.Host01s Pool/ED-00/FSL-03D/Box/P8140115.ORF,1888.7327880859373,1006.30126953125,Red Laser,0.554560661315918,0.1432985631136195,Box,/home/chris/mnt/fishsense_data/__unsorted-data/2023.08.14.FishSense.Host01s Pool/ED-00/FSL-03D/Box/P8140115.ORF
132263,494,3,493.0,/fishsense_data/__unsorted-data/2023.08.14.FishSense.Host01s Pool/ED-00/FSL-03D/Box/P8140114.ORF,1902.793212890625,1046.7193603515625,Red Laser,0.601925253868103,0.1429374891357918,Box,/home/chris/mnt/fishsense_data/__unsorted-data/2023.08.14.FishSense.Host01s Pool/ED-00/FSL-03D/Box/P8140114.ORF
132227,494,3,493.0,/fishsense_data/__unsorted-data/2023.08.14.FishSense.Host01s Pool/ED-00/FSL-03D/Box/P8140078.ORF,1965.14599609375,1250.20556640625,Red Laser,1.0469225645065308,0.1406573987019388,Box,/home/chris/mnt/fishsense_data/__unsorted-data/2023.08.14.FishSense.Host01s Pool/ED-00/FSL-03D/Box/P8140078.ORF
132261,494,3,493.0,/fishsense_data/__unsorted-data/2023.08.14.FishSense.Host01s Pool/ED-00/FSL-03D/Box/P8140112.ORF,1972.7220458984373,1272.958740234375,Red Laser,1.1419938802719116,0.1403290111170277,Box,/home/chris/mnt/fishsense_data/__unsorted-data/2023.08.14.FishSense.Host01s Pool/ED-00/FSL-03D/Box/P8140112.ORF
132228,494,3,493.0,/fishsense_data/__unsorted-data/2023.08.14.FishSense.Host01s Pool/ED-00/FSL-03D/Box/P8140079.ORF,1975.457763671875,1280.6041259765625,Red Laser,1.1782118082046509,0.1380679164673454,Box,/home/chris/mnt/fishsense_data/__unsorted-data/2023.08.14.FishSense.Host01s Pool/ED-00/FSL-03D/Box/P8140079.ORF
132229,494,3,493.0,/fishsense_data/__unsorted-data/2023.08.14.FishSense.Host01s Pool/ED-00/FSL-03D/Box/P8140080.ORF,1984.109619140625,1311.39501953125,Red Laser,1.34652578830719,0.1385730118783406,Box,/home/chris/mnt/fishsense_data/__unsorted-data/2023.08.14.FishSense.Host01s Pool/ED-00/FSL-03D/Box/P8140080.ORF
132230,494,3,493.0,/fishsense_data/__unsorted-data/2023.08.14.FishSense.Host01s Pool/ED-00/FSL-03D/Box/P8140081.ORF,1991.740234375,1333.4654541015625,Red Laser,1.5031523704528809,0.1371279775140927,Box,/home/chris/mnt/fishsense_data/__unsorted-data/2023.08.14.FishSense.Host01s Pool/ED-00/FSL-03D/Box/P8140081.ORF
132259,494,3,493.0,/fishsense_data/__unsorted-data/2023.08.14.FishSense.Host01s Pool/ED-00/FSL-03D/Box/P8140110.ORF,1991.8482666015625,1335.0311279296875,Red Laser,1.5147883892059326,0.1357120855152112,Box,/home/chris/mnt/fishsense_data/__unsorted-data/2023.08.14.FishSense.Host01s Pool/ED-00/FSL-03D/Box/P8140110.ORF
132231,494,3,493.0,/fishsense_data/__unsorted-data/2023.08.14.FishSense.Host01s Pool/ED-00/FSL-03D/Box/P8140082.ORF,1999.4508056640625,1356.99072265625,Red Laser,1.7146613597869873,0.1357474284059725,Box,/home/chris/mnt/fishsense_data/__unsorted-data/2023.08.14.FishSense.Host01s Pool/ED-00/FSL-03D/Box/P8140082.ORF
132258,494,3,493.0,/fishsense_data/__unsorted-data/2023.08.14.FishSense.Host01s Pool/ED-00/FSL-03D/Box/P8140109.ORF,1999.6138916015625,1359.614990234375,Red Laser,1.740098237991333,0.1352033061166464,Box,/home/chris/mnt/fishsense_data/__unsorted-data/2023.08.14.FishSense.Host01s Pool/ED-00/FSL-03D/Box/P8140109.ORF
132256,494,3,493.0,/fishsense_data/__unsorted-data/2023.08.14.FishSense.Host01s Pool/ED-00/FSL-03D/Box/P8140107.ORF,2002.66552734375,1367.5281982421875,Red Laser,1.82931125164032,0.136325298378268,Box,/home/chris/mnt/fishsense_data/__unsorted-data/2023.08.14.FishSense.Host01s Pool/ED-00/FSL-03D/Box/P8140107.ORF
132233,494,3,493.0,/fishsense_data/__unsorted-data/2023.08.14.FishSense.Host01s Pool/ED-00/FSL-03D/Box/P8140084.ORF,2005.7369384765625,1377.3670654296875,Red Laser,1.9511330127716064,0.1314608705260456,Box,/home/chris/mnt/fishsense_data/__unsorted-data/2023.08.14.FishSense.Host01s Pool/ED-00/FSL-03D/Box/P8140084.ORF
132257,494,3,493.0,/fishsense_data/__unsorted-data/2023.08.14.FishSense.Host01s Pool/ED-00/FSL-03D/Box/P8140108.ORF,2005.8527832031248,1379.6585693359375,Red Laser,1.9799342155456543,0.1329154204717884,Box,/home/chris/mnt/fishsense_data/__unsorted-data/2023.08.14.FishSense.Host01s Pool/ED-00/FSL-03D/Box/P8140108.ORF
132253,494,3,493.0,/fishsense_data/__unsorted-data/2023.08.14.FishSense.Host01s Pool/ED-00/FSL-03D/Box/P8140104.ORF,2008.5963134765625,1385.2716064453125,Red Laser,2.06308388710022,0.1313411756025682,Box,/home/chris/mnt/fishsense_data/__unsorted-data/2023.08.14.FishSense.Host01s Pool/ED-00/FSL-03D/Box/P8140104.ORF
132234,494,3,493.0,/fishsense_data/__unsorted-data/2023.08.14.FishSense.Host01s Pool/ED-00/FSL-03D/Box/P8140085.ORF,2011.8609619140625,1392.7279052734375,Red Laser,2.1830525398254395,0.1271451003550995,Box,/home/chris/mnt/fishsense_data/__unsorted-data/2023.08.14.FishSense.Host01s Pool/ED-00/FSL-03D/Box/P8140085.ORF
132252,494,3,493.0,/fishsense_data/__unsorted-data/2023.08.14.FishSense.Host01s Pool/ED-00/FSL-03D/Box/P8140103.ORF,2012.0089111328125,1395.1947021484373,Red Laser,2.222243309020996,0.1305192965719076,Box,/home/chris/mnt/fishsense_data/__unsorted-data/2023.08.14.FishSense.Host01s Pool/ED-00/FSL-03D/Box/P8140103.ORF
132250,494,3,493.0,/fishsense_data/__unsorted-data/2023.08.14.FishSense.Host01s Pool/ED-00/FSL-03D/Box/P8140101.ORF,2014.9161376953125,1407.0279541015625,Red Laser,2.4420390129089355,0.1292701517462287,Box,/home/chris/mnt/fishsense_data/__unsorted-data/2023.08.14.FishSense.Host01s Pool/ED-00/FSL-03D/Box/P8140101.ORF
132235,494,3,493.0,/fishsense_data/__unsorted-data/2023.08.14.FishSense.Host01s Pool/ED-00/FSL-03D/Box/P8140086.ORF,2015.8999023437505,1407.634521484375,Red Laser,2.4580419063568115,0.1278475969759301,Box,/home/chris/mnt/fishsense_data/__unsorted-data/2023.08.14.FishSense.Host01s Pool/ED-00/FSL-03D/Box/P8140086.ORF
132236,494,3,493.0,/fishsense_data/__unsorted-data/2023.08.14.FishSense.Host01s Pool/ED-00/FSL-03D/Box/P8140087.ORF,2018.0854492187505,1415.775146484375,Red Laser,2.639627695083618,0.1261863312829261,Box,/home/chris/mnt/fishsense_data/__unsorted-data/2023.08.14.FishSense.Host01s Pool/ED-00/FSL-03D/Box/P8140087.ORF
132248,494,3,493.0,/fishsense_data/__unsorted-data/2023.08.14.FishSense.Host01s Pool/ED-00/FSL-03D/Box/P8140099.ORF,2020.011596679688,1420.29638671875,Red Laser,2.75675106048584,0.1269507028078122,Box,/home/chris/mnt/fishsense_data/__unsorted-data/2023.08.14.FishSense.Host01s Pool/ED-00/FSL-03D/Box/P8140099.ORF
132247,494,3,493.0,/fishsense_data/__unsorted-data/2023.08.14.FishSense.Host01s Pool/ED-00/FSL-03D/Box/P8140098.ORF,2020.7513427734373,1421.4149169921875,Red Laser,2.7883787155151367,0.1234419693411671,Box,/home/chris/mnt/fishsense_data/__unsorted-data/2023.08.14.FishSense.Host01s Pool/ED-00/FSL-03D/Box/P8140098.ORF
132238,494,3,493.0,/fishsense_data/__unsorted-data/2023.08.14.FishSense.Host01s Pool/ED-00/FSL-03D/Box/P8140089.ORF,2020.2991943359373,1424.63427734375,Red Laser,2.8692638874053955,0.1243848017751106,Box,/home/chris/mnt/fishsense_data/__unsorted-data/2023.08.14.FishSense.Host01s Pool/ED-00/FSL-03D/Box/P8140089.ORF
132237,494,3,493.0,/fishsense_data/__unsorted-data/2023.08.14.FishSense.Host01s Pool/ED-00/FSL-03D/Box/P8140088.ORF,2020.770263671875,1424.6453857421875,Red Laser,2.8722376823425293,0.125722317446331,Box,/home/chris/mnt/fishsense_data/__unsorted-data/2023.08.14.FishSense.Host01s Pool/ED-00/FSL-03D/Box/P8140088.ORF
132245,494,3,493.0,/fishsense_data/__unsorted-data/2023.08.14.FishSense.Host01s Pool/ED-00/FSL-03D/Box/P8140096.ORF,2020.6159667968748,1427.3277587890625,Red Laser,2.944504499435425,0.1237648384516894,Box,/home/chris/mnt/fishsense_data/__unsorted-data/2023.08.14.FishSense.Host01s Pool/ED-00/FSL-03D/Box/P8140096.ORF
132240,494,3,493.0,/fishsense_data/__unsorted-data/2023.08.14.FishSense.Host01s Pool/ED-00/FSL-03D/Box/P8140091.ORF,2021.9261474609373,1429.3702392578125,Red Laser,3.012000560760498,0.1177105747120933,Box,/home/chris/mnt/fishsense_data/__unsorted-data/2023.08.14.FishSense.Host01s Pool/ED-00/FSL-03D/Box/P8140091.ORF
132244,494,3,493.0,/fishsense_data/__unsorted-data/2023.08.14.FishSense.Host01s Pool/ED-00/FSL-03D/Box/P8140095.ORF,2021.5758056640625,1429.7088623046875,Red Laser,3.0198142528533936,0.1236394132619151,Box,/home/chris/mnt/fishsense_data/__unsorted-data/2023.08.14.FishSense.Host01s Pool/ED-00/FSL-03D/Box/P8140095.ORF
132243,494,3,493.0,/fishsense_data/__unsorted-data/2023.08.14.FishSense.Host01s Pool/ED-00/FSL-03D/Box/P8140094.ORF,2026.1481933593748,1439.3138427734373,Red Laser,3.3703761100769043,0.1141480387671514,Box,/home/chris/mnt/fishsense_data/__unsorted-data/2023.08.14.FishSense.Host01s Pool/ED-00/FSL-03D/Box/P8140094.ORF
132242,494,3,493.0,/fishsense_data/__unsorted-data/2023.08.14.FishSense.Host01s Pool/ED-00/FSL-03D/Box/P8140093.ORF,2025.8239746093748,1441.8070068359375,Red Laser,3.462836265563965,0.1216866692602398,Box,/home/chris/mnt/fishsense_data/__unsorted-data/2023.08.14.FishSense.Host01s Pool/ED-00/FSL-03D/Box/P8140093.ORF
132271,495,3,493.0,/fishsense_data/__unsorted-data/2023.08.14.FishSense.Host01s Pool/ED-00/FSL-03D/Person01/P8140041.ORF,1823.523193359375,811.027099609375,Red Laser,0.4022007882595062,0.3018678254407563,Rainbow Trout,/home/chris/mnt/fishsense_data/__unsorted-data/2023.08.14.FishSense.Host01s Pool/ED-00/FSL-03D/Person01/P8140041.ORF
132268,495,3,493.0,/fishsense_data/__unsorted-data/2023.08.14.FishSense.Host01s Pool/ED-00/FSL-03D/Person01/P8140038.ORF,1833.4152832031248,840.25634765625,Red Laser,0.4194762706756592,0.2923120466748013,Rainbow Trout,/home/chris/mnt/fishsense_data/__unsorted-data/2023.08.14.FishSense.Host01s Pool/ED-00/FSL-03D/Person01/P8140038.ORF
132270,495,3,493.0,/fishsense_data/__unsorted-data/2023.08.14.FishSense.Host01s Pool/ED-00/FSL-03D/Person01/P8140040.ORF,1834.6058349609373,842.5685424804688,Red Laser,0.4209802746772766,0.2978603577732555,Rainbow Trout,/home/chris/mnt/fishsense_data/__unsorted-data/2023.08.14.FishSense.Host01s Pool/ED-00/FSL-03D/Person01/P8140040.ORF
132269,495,3,493.0,/fishsense_data/__unsorted-data/2023.08.14.FishSense.Host01s Pool/ED-00/FSL-03D/Person01/P8140039.ORF,1835.6527099609373,842.3056640625,Red Laser,0.4210197329521179,0.2989105209657996,Rainbow Trout,/home/chris/mnt/fishsense_data/__unsorted-data/2023.08.14.FishSense.Host01s Pool/ED-00/FSL-03D/Person01/P8140039.ORF
132272,495,3,493.0,/fishsense_data/__unsorted-data/2023.08.14.FishSense.Host01s Pool/ED-00/FSL-03D/Person01/P8140042.ORF,1947.8992919921875,1208.5382080078127,Red Laser,0.9056337475776672,0.3022934806802644,Rainbow Trout,/home/chris/mnt/fishsense_data/__unsorted-data/2023.08.14.FishSense.Host01s Pool/ED-00/FSL-03D/Person01/P8140042.ORF
132295,495,3,493.0,/fishsense_data/__unsorted-data/2023.08.14.FishSense.Host01s Pool/ED-00/FSL-03D/Person01/P8140065.ORF,1969.2012939453127,1274.73388671875,Red Laser,1.1448885202407837,0.2964635079092348,Rainbow Trout,/home/chris/mnt/fishsense_data/__unsorted-data/2023.08.14.FishSense.Host01s Pool/ED-00/FSL-03D/Person01/P8140065.ORF
132273,495,3,493.0,/fishsense_data/__unsorted-data/2023.08.14.FishSense.Host01s Pool/ED-00/FSL-03D/Person01/P8140043.ORF,1971.7176513671875,1287.6889648437502,Red Laser,1.2048122882843018,0.3041691902560782,Rainbow Trout,/home/chris/mnt/fishsense_data/__unsorted-data/2023.08.14.FishSense.Host01s Pool/ED-00/FSL-03D/Person01/P8140043.ORF
132296,495,3,493.0,/fishsense_data/__unsorted-data/2023.08.14.FishSense.Host01s Pool/ED-00/FSL-03D/Person01/P8140066.ORF,1980.953002929688,1316.160400390625,Red Laser,1.368617057800293,0.2987804330113312,Rainbow Trout,/home/chris/mnt/fishsense_data/__unsorted-data/2023.08.14.FishSense.Host01s Pool/ED-00/FSL-03D/Person01/P8140066.ORF
132274,495,3,493.0,/fishsense_data/__unsorted-data/2023.08.14.FishSense.Host01s Pool/ED-00/FSL-03D/Person01/P8140044.ORF,1984.69140625,1325.2342529296875,Red Laser,1.4323232173919678,0.3033372910176913,Rainbow Trout,/home/chris/mnt/fishsense_data/__unsorted-data/2023.08.14.FishSense.Host01s Pool/ED-00/FSL-03D/Person01/P8140044.ORF
132297,495,3,493.0,/fishsense_data/__unsorted-data/2023.08.14.FishSense.Host01s Pool/ED-00/FSL-03D/Person01/P8140067.ORF,1993.7593994140625,1354.6893310546875,Red Laser,1.678072214126587,0.2980070436470565,Rainbow Trout,/home/chris/mnt/fishsense_data/__unsorted-data/2023.08.14.FishSense.Host01s Pool/ED-00/FSL-03D/Person01/P8140067.ORF
132275,495,3,493.0,/fishsense_data/__unsorted-data/2023.08.14.FishSense.Host01s Pool/ED-00/FSL-03D/Person01/P8140045.ORF,1993.617830924012,1357.9648707361523,Red Laser,1.7072538137435913,0.3083708805827707,Rainbow Trout,/home/chris/mnt/fishsense_data/__unsorted-data/2023.08.14.FishSense.Host01s Pool/ED-00/FSL-03D/Person01/P8140045.ORF
132298,495,3,493.0,/fishsense_data/__unsorted-data/2023.08.14.FishSense.Host01s Pool/ED-00/FSL-03D/Person01/P8140068.ORF,1996.9256591796875,1363.5067138671875,Red Laser,1.770472764968872,0.2987745190003654,Rainbow Trout,/home/chris/mnt/fishsense_data/__unsorted-data/2023.08.14.FishSense.Host01s Pool/ED-00/FSL-03D/Person01/P8140068.ORF
132284,495,3,493.0,/fishsense_data/__unsorted-data/2023.08.14.FishSense.Host01s Pool/ED-00/FSL-03D/Person01/P8140054.ORF,2001.2956542968752,1377.8829345703125,Red Laser,1.9418245553970337,0.3042212725930386,Rainbow Trout,/home/chris/mnt/fishsense_data/__unsorted-data/2023.08.14.FishSense.Host01s Pool/ED-00/FSL-03D/Person01/P8140054.ORF
132276,495,3,493.0,/fishsense_data/__unsorted-data/2023.08.14.FishSense.Host01s Pool/ED-00/FSL-03D/Person01/P8140046.ORF,2003.073974609375,1377.7279052734375,Red Laser,1.94646418094635,0.3010917490606368,Rainbow Trout,/home/chris/mnt/fishsense_data/__unsorted-data/2023.08.14.FishSense.Host01s Pool/ED-00/FSL-03D/Person01/P8140046.ORF
132299,495,3,493.0,/fishsense_data/__unsorted-data/2023.08.14.FishSense.Host01s Pool/ED-00/FSL-03D/Person01/P8140069.ORF,2004.13623046875,1388.684326171875,Red Laser,2.092214822769165,0.2966260615891201,Rainbow Trout,/home/chris/mnt/fishsense_data/__unsorted-data/2023.08.14.FishSense.Host01s Pool/ED-00/FSL-03D/Person01/P8140069.ORF
132277,495,3,493.0,/fishsense_data/__unsorted-data/2023.08.14.FishSense.Host01s Pool/ED-00/FSL-03D/Person01/P8140047.ORF,2007.5491943359373,1401.4046630859375,Red Laser,2.302255153656006,0.3022174126793723,Rainbow Trout,/home/chris/mnt/fishsense_data/__unsorted-data/2023.08.14.FishSense.Host01s Pool/ED-00/FSL-03D/Person01/P8140047.ORF
132300,495,3,493.0,/fishsense_data/__unsorted-data/2023.08.14.FishSense.Host01s Pool/ED-00/FSL-03D/Person01/P8140070.ORF,2011.4577636718752,1412.8638916015625,Red Laser,2.5373005867004395,0.3004584854969766,Rainbow Trout,/home/chris/mnt/fishsense_data/__unsorted-data/2023.08.14.FishSense.Host01s Pool/ED-00/FSL-03D/Person01/P8140070.ORF
132285,495,3,493.0,/fishsense_data/__unsorted-data/2023.08.14.FishSense.Host01s Pool/ED-00/FSL-03D/Person01/P8140055.ORF,2014.1638183593752,1412.1356201171875,Red Laser,2.5395586490631104,0.2963041627558312,Rainbow Trout,/home/chris/mnt/fishsense_data/__unsorted-data/2023.08.14.FishSense.Host01s Pool/ED-00/FSL-03D/Person01/P8140055.ORF
132278,495,3,493.0,/fishsense_data/__unsorted-data/2023.08.14.FishSense.Host01s Pool/ED-00/FSL-03D/Person01/P8140048.ORF,2015.06494140625,1417.6163330078125,Red Laser,2.663327217102051,0.304314995467519,Rainbow Trout,/home/chris/mnt/fishsense_data/__unsorted-data/2023.08.14.FishSense.Host01s Pool/ED-00/FSL-03D/Person01/P8140048.ORF
132301,495,3,493.0,/fishsense_data/__unsorted-data/2023.08.14.FishSense.Host01s Pool/ED-00/FSL-03D/Person01/P8140071.ORF,2017.4825439453125,1427.3045654296875,Red Laser,2.9204349517822266,0.2965186054201481,Rainbow Trout,/home/chris/mnt/fishsense_data/__unsorted-data/2023.08.14.FishSense.Host01s Pool/ED-00/FSL-03D/Person01/P8140071.ORF
132279,495,3,493.0,/fishsense_data/__unsorted-data/2023.08.14.FishSense.Host01s Pool/ED-00/FSL-03D/Person01/P8140049.ORF,2016.2774658203125,1428.381591796875,Red Laser,2.938850164413452,0.3078553567342462,Rainbow Trout,/home/chris/mnt/fishsense_data/__unsorted-data/2023.08.14.FishSense.Host01s Pool/ED-00/FSL-03D/Person01/P8140049.ORF
132280,495,3,493.0,/fishsense_data/__unsorted-data/2023.08.14.FishSense.Host01s Pool/ED-00/FSL-03D/Person01/P8140050.ORF,2018.6754150390625,1430.07275390625,Red Laser,3.0078320503234863,0.3041870000946652,Rainbow Trout,/home/chris/mnt/fishsense_data/__unsorted-data/2023.08.14.FishSense.Host01s Pool/ED-00/FSL-03D/Person01/P8140050.ORF
132286,495,3,493.0,/fishsense_data/__unsorted-data/2023.08.14.FishSense.Host01s Pool/ED-00/FSL-03D/Person01/P8140056.ORF,2018.8170166015627,1432.7530517578125,Red Laser,3.0878145694732666,0.3002379837928791,Rainbow Trout,/home/chris/mnt/fishsense_data/__unsorted-data/2023.08.14.FishSense.Host01s Pool/ED-00/FSL-03D/Person01/P8140056.ORF
132282,495,3,493.0,/fishsense_data/__unsorted-data/2023.08.14.FishSense.Host01s Pool/ED-00/FSL-03D/Person01/P8140052.ORF,2021.119140625,1437.491943359375,Red Laser,3.2620718479156494,0.3033876885166413,Rainbow Trout,/home/chris/mnt/fishsense_data/__unsorted-data/2023.08.14.FishSense.Host01s Pool/ED-00/FSL-03D/Person01/P8140052.ORF
132281,495,3,493.0,/fishsense_data/__unsorted-data/2023.08.14.FishSense.Host01s Pool/ED-00/FSL-03D/Person01/P8140051.ORF,2020.3094482421875,1437.7635498046875,Red Laser,3.2629330158233643,0.3079297268454841,Rainbow Trout,/home/chris/mnt/fishsense_data/__unsorted-data/2023.08.14.FishSense.Host01s Pool/ED-00/FSL-03D/Person01/P8140051.ORF
132302,495,3,493.0,/fishsense_data/__unsorted-data/2023.08.14.FishSense.Host01s Pool/ED-00/FSL-03D/Person01/P8140072.ORF,2020.4814453125,1440.598388671875,Red Laser,3.3628594875335693,0.2965766820850994,Rainbow Trout,/home/chris/mnt/fishsense_data/__unsorted-data/2023.08.14.FishSense.Host01s Pool/ED-00/FSL-03D/Person01/P8140072.ORF
132303,495,3,493.0,/fishsense_data/__unsorted-data/2023.08.14.FishSense.Host01s Pool/ED-00/FSL-03D/Person01/P8140073.ORF,2020.2548828125,1441.2497558593752,Red Laser,3.3834593296051025,0.3042877080159786,Rainbow Trout,/home/chris/mnt/fishsense_data/__unsorted-data/2023.08.14.FishSense.Host01s Pool/ED-00/FSL-03D/Person01/P8140073.ORF
132287,495,3,493.0,/fishsense_data/__unsorted-data/2023.08.14.FishSense.Host01s Pool/ED-00/FSL-03D/Person01/P8140057.ORF,2022.44482421875,1443.6710205078125,Red Laser,3.500772953033448,0.3004382629651011,Rainbow Trout,/home/chris/mnt/fishsense_data/__unsorted-data/2023.08.14.FishSense.Host01s Pool/ED-00/FSL-03D/Person01/P8140057.ORF
132384,497,4,496.0,/fishsense_data/__unsorted-data/2023.08.14.FishSense.Host01s Pool/ED-00/FSL-04D/Box/P8140122.ORF,1728.7990722656248,767.7446289062501,Red Laser,0.3841990828514099,0.1460465866871676,Box,/home/chris/mnt/fishsense_data/__unsorted-data/2023.08.14.FishSense.Host01s Pool/ED-00/FSL-04D/Box/P8140122.ORF
132383,497,4,496.0,/fishsense_data/__unsorted-data/2023.08.14.FishSense.Host01s Pool/ED-00/FSL-04D/Box/P8140121.ORF,1784.399169921875,939.5327758789062,Red Laser,0.5009961724281311,0.1481701132513503,Box,/home/chris/mnt/fishsense_data/__unsorted-data/2023.08.14.FishSense.Host01s Pool/ED-00/FSL-04D/Box/P8140121.ORF
132382,497,4,496.0,/fishsense_data/__unsorted-data/2023.08.14.FishSense.Host01s Pool/ED-00/FSL-04D/Box/P8140120.ORF,1821.9674072265625,1057.9138183593748,Red Laser,0.633441150188446,0.1478036218893045,Box,/home/chris/mnt/fishsense_data/__unsorted-data/2023.08.14.FishSense.Host01s Pool/ED-00/FSL-04D/Box/P8140120.ORF
132343,497,4,496.0,/fishsense_data/__unsorted-data/2023.08.14.FishSense.Host01s Pool/ED-00/FSL-04D/Box/P8140081.ORF,1823.015625,1062.2603759765625,Red Laser,0.6395085453987122,0.1507524746128352,Box,/home/chris/mnt/fishsense_data/__unsorted-data/2023.08.14.FishSense.Host01s Pool/ED-00/FSL-04D/Box/P8140081.ORF
132344,497,4,496.0,/fishsense_data/__unsorted-data/2023.08.14.FishSense.Host01s Pool/ED-00/FSL-04D/Box/P8140082.ORF,1853.10546875,1156.250244140625,Red Laser,0.8116430640220642,0.1489216651437952,Box,/home/chris/mnt/fishsense_data/__unsorted-data/2023.08.14.FishSense.Host01s Pool/ED-00/FSL-04D/Box/P8140082.ORF
132380,497,4,496.0,/fishsense_data/__unsorted-data/2023.08.14.FishSense.Host01s Pool/ED-00/FSL-04D/Box/P8140118.ORF,1868.2794189453125,1213.19921875,Red Laser,0.9667667746543884,0.1492058973653699,Box,/home/chris/mnt/fishsense_data/__unsorted-data/2023.08.14.FishSense.Host01s Pool/ED-00/FSL-04D/Box/P8140118.ORF
132345,497,4,496.0,/fishsense_data/__unsorted-data/2023.08.14.FishSense.Host01s Pool/ED-00/FSL-04D/Box/P8140083.ORF,1875.358642578125,1228.89404296875,Red Laser,1.023742437362671,0.1497851097459667,Box,/home/chris/mnt/fishsense_data/__unsorted-data/2023.08.14.FishSense.Host01s Pool/ED-00/FSL-04D/Box/P8140083.ORF
132346,497,4,496.0,/fishsense_data/__unsorted-data/2023.08.14.FishSense.Host01s Pool/ED-00/FSL-04D/Box/P8140084.ORF,1890.1302490234373,1278.2850341796873,Red Laser,1.2443273067474363,0.1502772534273448,Box,/home/chris/mnt/fishsense_data/__unsorted-data/2023.08.14.FishSense.Host01s Pool/ED-00/FSL-04D/Box/P8140084.ORF
132378,497,4,496.0,/fishsense_data/__unsorted-data/2023.08.14.FishSense.Host01s Pool/ED-00/FSL-04D/Box/P8140116.ORF,1896.3863525390625,1301.0426025390625,Red Laser,1.3804500102996826,0.1483928447701702,Box,/home/chris/mnt/fishsense_data/__unsorted-data/2023.08.14.FishSense.Host01s Pool/ED-00/FSL-04D/Box/P8140116.ORF
132377,497,4,496.0,/fishsense_data/__unsorted-data/2023.08.14.FishSense.Host01s Pool/ED-00/FSL-04D/Box/P8140115.ORF,1902.750732421875,1321.448486328125,Red Laser,1.5324233770370483,0.1505397585320315,Box,/home/chris/mnt/fishsense_data/__unsorted-data/2023.08.14.FishSense.Host01s Pool/ED-00/FSL-04D/Box/P8140115.ORF
132348,497,4,496.0,/fishsense_data/__unsorted-data/2023.08.14.FishSense.Host01s Pool/ED-00/FSL-04D/Box/P8140086.ORF,1906.7523193359373,1330.0452880859375,Red Laser,1.6104249954223633,0.1477994330375135,Box,/home/chris/mnt/fishsense_data/__unsorted-data/2023.08.14.FishSense.Host01s Pool/ED-00/FSL-04D/Box/P8140086.ORF
132349,497,4,496.0,/fishsense_data/__unsorted-data/2023.08.14.FishSense.Host01s Pool/ED-00/FSL-04D/Box/P8140087.ORF,1913.048583984375,1352.6385498046875,Red Laser,1.8442645072937007,0.143635637435944,Box,/home/chris/mnt/fishsense_data/__unsorted-data/2023.08.14.FishSense.Host01s Pool/ED-00/FSL-04D/Box/P8140087.ORF
132375,497,4,496.0,/fishsense_data/__unsorted-data/2023.08.14.FishSense.Host01s Pool/ED-00/FSL-04D/Box/P8140113.ORF,1912.1754150390625,1354.2860107421875,Red Laser,1.8591948747634888,0.1498972086057257,Box,/home/chris/mnt/fishsense_data/__unsorted-data/2023.08.14.FishSense.Host01s Pool/ED-00/FSL-04D/Box/P8140113.ORF
132374,497,4,496.0,/fishsense_data/__unsorted-data/2023.08.14.FishSense.Host01s Pool/ED-00/FSL-04D/Box/P8140112.ORF,1916.9864501953125,1364.0999755859375,Red Laser,1.9939143657684328,0.1509871241150198,Box,/home/chris/mnt/fishsense_data/__unsorted-data/2023.08.14.FishSense.Host01s Pool/ED-00/FSL-04D/Box/P8140112.ORF
132373,497,4,496.0,/fishsense_data/__unsorted-data/2023.08.14.FishSense.Host01s Pool/ED-00/FSL-04D/Box/P8140111.ORF,1919.2987060546875,1373.133056640625,Red Laser,2.12656044960022,0.1506997704355054,Box,/home/chris/mnt/fishsense_data/__unsorted-data/2023.08.14.FishSense.Host01s Pool/ED-00/FSL-04D/Box/P8140111.ORF
132372,497,4,496.0,/fishsense_data/__unsorted-data/2023.08.14.FishSense.Host01s Pool/ED-00/FSL-04D/Box/P8140110.ORF,1921.8739013671875,1382.75146484375,Red Laser,2.2892699241638184,0.1503395945931466,Box,/home/chris/mnt/fishsense_data/__unsorted-data/2023.08.14.FishSense.Host01s Pool/ED-00/FSL-04D/Box/P8140110.ORF
132371,497,4,496.0,/fishsense_data/__unsorted-data/2023.08.14.FishSense.Host01s Pool/ED-00/FSL-04D/Box/P8140109.ORF,1924.46826171875,1391.233642578125,Red Laser,2.456756353378296,0.15318802062103,Box,/home/chris/mnt/fishsense_data/__unsorted-data/2023.08.14.FishSense.Host01s Pool/ED-00/FSL-04D/Box/P8140109.ORF
132352,497,4,496.0,/fishsense_data/__unsorted-data/2023.08.14.FishSense.Host01s Pool/ED-00/FSL-04D/Box/P8140090.ORF,1925.1839599609373,1398.5247802734375,Red Laser,2.6103649139404297,0.1449248346472489,Box,/home/chris/mnt/fishsense_data/__unsorted-data/2023.08.14.FishSense.Host01s Pool/ED-00/FSL-04D/Box/P8140090.ORF
132370,497,4,496.0,/fishsense_data/__unsorted-data/2023.08.14.FishSense.Host01s Pool/ED-00/FSL-04D/Box/P8140108.ORF,1926.6812744140625,1398.0673828125,Red Laser,2.6118853092193604,0.1508038691106914,Box,/home/chris/mnt/fishsense_data/__unsorted-data/2023.08.14.FishSense.Host01s Pool/ED-00/FSL-04D/Box/P8140108.ORF
132353,497,4,496.0,/fishsense_data/__unsorted-data/2023.08.14.FishSense.Host01s Pool/ED-00/FSL-04D/Box/P8140091.ORF,1929.1564941406248,1407.7091064453125,Red Laser,2.86124038696289,0.1463845744729042,Box,/home/chris/mnt/fishsense_data/__unsorted-data/2023.08.14.FishSense.Host01s Pool/ED-00/FSL-04D/Box/P8140091.ORF
132367,497,4,496.0,/fishsense_data/__unsorted-data/2023.08.14.FishSense.Host01s Pool/ED-00/FSL-04D/Box/P8140105.ORF,1930.2941894531248,1411.10888671875,Red Laser,2.963078737258911,0.1450708652441917,Box,/home/chris/mnt/fishsense_data/__unsorted-data/2023.08.14.FishSense.Host01s Pool/ED-00/FSL-04D/Box/P8140105.ORF
132366,497,4,496.0,/fishsense_data/__unsorted-data/2023.08.14.FishSense.Host01s Pool/ED-00/FSL-04D/Box/P8140104.ORF,1931.0718994140625,1418.3101806640625,Red Laser,3.1862850189208984,0.1475512267019939,Box,/home/chris/mnt/fishsense_data/__unsorted-data/2023.08.14.FishSense.Host01s Pool/ED-00/FSL-04D/Box/P8140104.ORF
132354,497,4,496.0,/fishsense_data/__unsorted-data/2023.08.14.FishSense.Host01s Pool/ED-00/FSL-04D/Box/P8140092.ORF,1932.4132080078125,1419.152587890625,Red Laser,3.2296130657196045,0.1471459979185546,Box,/home/chris/mnt/fishsense_data/__unsorted-data/2023.08.14.FishSense.Host01s Pool/ED-00/FSL-04D/Box/P8140092.ORF
132355,497,4,496.0,/fishsense_data/__unsorted-data/2023.08.14.FishSense.Host01s Pool/ED-00/FSL-04D/Box/P8140093.ORF,1934.3389892578125,1426.338134765625,Red Laser,3.512969493865967,0.1511496070995215,Box,/home/chris/mnt/fishsense_data/__unsorted-data/2023.08.14.FishSense.Host01s Pool/ED-00/FSL-04D/Box/P8140093.ORF
132364,497,4,496.0,/fishsense_data/__unsorted-data/2023.08.14.FishSense.Host01s Pool/ED-00/FSL-04D/Box/P8140102.ORF,1935.8029785156248,1428.561767578125,Red Laser,3.623548030853272,0.14939424801491,Box,/home/chris/mnt/fishsense_data/__unsorted-data/2023.08.14.FishSense.Host01s Pool/ED-00/FSL-04D/Box/P8140102.ORF
132357,497,4,496.0,/fishsense_data/__unsorted-data/2023.08.14.FishSense.Host01s Pool/ED-00/FSL-04D/Box/P8140095.ORF,1935.2952880859373,1430.2332763671875,Red Laser,3.686535835266113,0.1485528010302484,Box,/home/chris/mnt/fishsense_data/__unsorted-data/2023.08.14.FishSense.Host01s Pool/ED-00/FSL-04D/Box/P8140095.ORF
132363,497,4,496.0,/fishsense_data/__unsorted-data/2023.08.14.FishSense.Host01s Pool/ED-00/FSL-04D/Box/P8140101.ORF,1936.1038818359373,1431.8460693359375,Red Laser,3.771163940429688,0.1502998276898665,Box,/home/chris/mnt/fishsense_data/__unsorted-data/2023.08.14.FishSense.Host01s Pool/ED-00/FSL-04D/Box/P8140101.ORF
132358,497,4,496.0,/fishsense_data/__unsorted-data/2023.08.14.FishSense.Host01s Pool/ED-00/FSL-04D/Box/P8140096.ORF,1937.06201171875,1434.4569091796875,Red Laser,3.908620595932007,0.147863537323259,Box,/home/chris/mnt/fishsense_data/__unsorted-data/2023.08.14.FishSense.Host01s Pool/ED-00/FSL-04D/Box/P8140096.ORF
132359,497,4,496.0,/fishsense_data/__unsorted-data/2023.08.14.FishSense.Host01s Pool/ED-00/FSL-04D/Box/P8140097.ORF,1937.9315185546875,1438.232421875,Red Laser,4.11775016784668,0.1486787280721852,Box,/home/chris/mnt/fishsense_data/__unsorted-data/2023.08.14.FishSense.Host01s Pool/ED-00/FSL-04D/Box/P8140097.ORF
132360,497,4,496.0,/fishsense_data/__unsorted-data/2023.08.14.FishSense.Host01s Pool/ED-00/FSL-04D/Box/P8140098.ORF,1938.7962646484373,1441.51220703125,Red Laser,4.318469524383545,0.1466059015408489,Box,/home/chris/mnt/fishsense_data/__unsorted-data/2023.08.14.FishSense.Host01s Pool/ED-00/FSL-04D/Box/P8140098.ORF
132387,498,4,496.0,/fishsense_data/__unsorted-data/2023.08.14.FishSense.Host01s Pool/ED-00/FSL-04D/Person01/P8140037.ORF,1707.31396484375,695.6832275390625,Red Laser,0.3502134382724762,0.2737372612741543,Rainbow Trout,/home/chris/mnt/fishsense_data/__unsorted-data/2023.08.14.FishSense.Host01s Pool/ED-00/FSL-04D/Person01/P8140037.ORF
132388,498,4,496.0,/fishsense_data/__unsorted-data/2023.08.14.FishSense.Host01s Pool/ED-00/FSL-04D/Person01/P8140038.ORF,1810.874267578125,1019.113342285156,Red Laser,0.5833660364151001,0.2826150995460799,Rainbow Trout,/home/chris/mnt/fishsense_data/__unsorted-data/2023.08.14.FishSense.Host01s Pool/ED-00/FSL-04D/Person01/P8140038.ORF
132428,498,4,496.0,/fishsense_data/__unsorted-data/2023.08.14.FishSense.Host01s Pool/ED-00/FSL-04D/Person01/P8140078.ORF,1831.362060546875,1093.6561279296875,Red Laser,0.6874147057533264,0.3022620543666654,Rainbow Trout,/home/chris/mnt/fishsense_data/__unsorted-data/2023.08.14.FishSense.Host01s Pool/ED-00/FSL-04D/Person01/P8140078.ORF
132426,498,4,496.0,/fishsense_data/__unsorted-data/2023.08.14.FishSense.Host01s Pool/ED-00/FSL-04D/Person01/P8140076.ORF,1877.4404296875,1243.75830078125,Red Laser,1.0785202980041504,0.30385092049027,Rainbow Trout,/home/chris/mnt/fishsense_data/__unsorted-data/2023.08.14.FishSense.Host01s Pool/ED-00/FSL-04D/Person01/P8140076.ORF
132391,498,4,496.0,/fishsense_data/__unsorted-data/2023.08.14.FishSense.Host01s Pool/ED-00/FSL-04D/Person01/P8140041.ORF,1885.2275390625,1257.2161865234375,Red Laser,1.1414449214935305,0.2940037147007367,Rainbow Trout,/home/chris/mnt/fishsense_data/__unsorted-data/2023.08.14.FishSense.Host01s Pool/ED-00/FSL-04D/Person01/P8140041.ORF
132425,498,4,496.0,/fishsense_data/__unsorted-data/2023.08.14.FishSense.Host01s Pool/ED-00/FSL-04D/Person01/P8140075.ORF,1889.2125244140625,1277.8577880859373,Red Laser,1.2407363653182983,0.3035078531827825,Rainbow Trout,/home/chris/mnt/fishsense_data/__unsorted-data/2023.08.14.FishSense.Host01s Pool/ED-00/FSL-04D/Person01/P8140075.ORF
132392,498,4,496.0,/fishsense_data/__unsorted-data/2023.08.14.FishSense.Host01s Pool/ED-00/FSL-04D/Person01/P8140042.ORF,1894.648193359375,1290.8045654296873,Red Laser,1.317625880241394,0.2972363447773287,Rainbow Trout,/home/chris/mnt/fishsense_data/__unsorted-data/2023.08.14.FishSense.Host01s Pool/ED-00/FSL-04D/Person01/P8140042.ORF
132424,498,4,496.0,/fishsense_data/__unsorted-data/2023.08.14.FishSense.Host01s Pool/ED-00/FSL-04D/Person01/P8140074.ORF,1896.704409422368,1307.4333170845164,Red Laser,1.4209526777267456,0.3027082920105369,Rainbow Trout,/home/chris/mnt/fishsense_data/__unsorted-data/2023.08.14.FishSense.Host01s Pool/ED-00/FSL-04D/Person01/P8140074.ORF
132393,498,4,496.0,/fishsense_data/__unsorted-data/2023.08.14.FishSense.Host01s Pool/ED-00/FSL-04D/Person01/P8140043.ORF,1901.7545166015625,1317.364013671875,Red Laser,1.49999737739563,0.2980736462373355,Rainbow Trout,/home/chris/mnt/fishsense_data/__unsorted-data/2023.08.14.FishSense.Host01s Pool/ED-00/FSL-04D/Person01/P8140043.ORF
132423,498,4,496.0,/fishsense_data/__unsorted-data/2023.08.14.FishSense.Host01s Pool/ED-00/FSL-04D/Person01/P8140073.ORF,1906.8776855468752,1335.0355224609375,Red Laser,1.6532307863235474,0.3060788576775664,Rainbow Trout,/home/chris/mnt/fishsense_data/__unsorted-data/2023.08.14.FishSense.Host01s Pool/ED-00/FSL-04D/Person01/P8140073.ORF
132395,498,4,496.0,/fishsense_data/__unsorted-data/2023.08.14.FishSense.Host01s Pool/ED-00/FSL-04D/Person01/P8140045.ORF,1914.2073974609373,1354.2844238281248,Red Laser,1.8666300773620603,0.3019749783826605,Rainbow Trout,/home/chris/mnt/fishsense_data/__unsorted-data/2023.08.14.FishSense.Host01s Pool/ED-00/FSL-04D/Person01/P8140045.ORF
132422,498,4,496.0,/fishsense_data/__unsorted-data/2023.08.14.FishSense.Host01s Pool/ED-00/FSL-04D/Person01/P8140072.ORF,1912.177978515625,1356.8880615234375,Red Laser,1.888245105743408,0.3095374246709951,Rainbow Trout,/home/chris/mnt/fishsense_data/__unsorted-data/2023.08.14.FishSense.Host01s Pool/ED-00/FSL-04D/Person01/P8140072.ORF
132396,498,4,496.0,/fishsense_data/__unsorted-data/2023.08.14.FishSense.Host01s Pool/ED-00/FSL-04D/Person01/P8140046.ORF,1918.794372715166,1366.880178231539,Red Laser,2.0375990867614746,0.3022891100293274,Rainbow Trout,/home/chris/mnt/fishsense_data/__unsorted-data/2023.08.14.FishSense.Host01s Pool/ED-00/FSL-04D/Person01/P8140046.ORF
132421,498,4,496.0,/fishsense_data/__unsorted-data/2023.08.14.FishSense.Host01s Pool/ED-00/FSL-04D/Person01/P8140071.ORF,1916.748149623057,1369.9442330283562,Red Laser,2.069908380508423,0.3013560599710664,Rainbow Trout,/home/chris/mnt/fishsense_data/__unsorted-data/2023.08.14.FishSense.Host01s Pool/ED-00/FSL-04D/Person01/P8140071.ORF
132420,498,4,496.0,/fishsense_data/__unsorted-data/2023.08.14.FishSense.Host01s Pool/ED-00/FSL-04D/Person01/P8140070.ORF,1921.2540283203125,1383.1695556640625,Red Laser,2.2927350997924805,0.3098740629385006,Rainbow Trout,/home/chris/mnt/fishsense_data/__unsorted-data/2023.08.14.FishSense.Host01s Pool/ED-00/FSL-04D/Person01/P8140070.ORF
132419,498,4,496.0,/fishsense_data/__unsorted-data/2023.08.14.FishSense.Host01s Pool/ED-00/FSL-04D/Person01/P8140069.ORF,1924.818115234375,1394.56787109375,Red Laser,2.5248682498931885,0.3101072642794013,Rainbow Trout,/home/chris/mnt/fishsense_data/__unsorted-data/2023.08.14.FishSense.Host01s Pool/ED-00/FSL-04D/Person01/P8140069.ORF
132398,498,4,496.0,/fishsense_data/__unsorted-data/2023.08.14.FishSense.Host01s Pool/ED-00/FSL-04D/Person01/P8140048.ORF,1926.890625,1394.985595703125,Red Laser,2.547827959060669,0.3013475153673811,Rainbow Trout,/home/chris/mnt/fishsense_data/__unsorted-data/2023.08.14.FishSense.Host01s Pool/ED-00/FSL-04D/Person01/P8140048.ORF
132418,498,4,496.0,/fishsense_data/__unsorted-data/2023.08.14.FishSense.Host01s Pool/ED-00/FSL-04D/Person01/P8140068.ORF,1927.90625,1402.7396240234375,Red Laser,2.727443218231201,0.3057352249567709,Rainbow Trout,/home/chris/mnt/fishsense_data/__unsorted-data/2023.08.14.FishSense.Host01s Pool/ED-00/FSL-04D/Person01/P8140068.ORF
132399,498,4,496.0,/fishsense_data/__unsorted-data/2023.08.14.FishSense.Host01s Pool/ED-00/FSL-04D/Person01/P8140049.ORF,1929.9376220703125,1404.469970703125,Red Laser,2.7849483489990234,0.3002918392142024,Rainbow Trout,/home/chris/mnt/fishsense_data/__unsorted-data/2023.08.14.FishSense.Host01s Pool/ED-00/FSL-04D/Person01/P8140049.ORF
132400,498,4,496.0,/fishsense_data/__unsorted-data/2023.08.14.FishSense.Host01s Pool/ED-00/FSL-04D/Person01/P8140050.ORF,1931.84521484375,1410.9974365234375,Red Laser,2.974486351013184,0.2981362631252583,Rainbow Trout,/home/chris/mnt/fishsense_data/__unsorted-data/2023.08.14.FishSense.Host01s Pool/ED-00/FSL-04D/Person01/P8140050.ORF
132417,498,4,496.0,/fishsense_data/__unsorted-data/2023.08.14.FishSense.Host01s Pool/ED-00/FSL-04D/Person01/P8140067.ORF,1931.9561767578125,1417.1649169921873,Red Laser,3.160182237625122,0.3121288210292167,Rainbow Trout,/home/chris/mnt/fishsense_data/__unsorted-data/2023.08.14.FishSense.Host01s Pool/ED-00/FSL-04D/Person01/P8140067.ORF
132416,498,4,496.0,/fishsense_data/__unsorted-data/2023.08.14.FishSense.Host01s Pool/ED-00/FSL-04D/Person01/P8140066.ORF,1935.7701416015625,1423.96630859375,Red Laser,3.440146207809448,0.3169417926984896,Rainbow Trout,/home/chris/mnt/fishsense_data/__unsorted-data/2023.08.14.FishSense.Host01s Pool/ED-00/FSL-04D/Person01/P8140066.ORF
132402,498,4,496.0,/fishsense_data/__unsorted-data/2023.08.14.FishSense.Host01s Pool/ED-00/FSL-04D/Person01/P8140052.ORF,1935.77880859375,1424.28955078125,Red Laser,3.4527816772460938,0.3027168424202863,Rainbow Trout,/home/chris/mnt/fishsense_data/__unsorted-data/2023.08.14.FishSense.Host01s Pool/ED-00/FSL-04D/Person01/P8140052.ORF
132403,498,4,496.0,/fishsense_data/__unsorted-data/2023.08.14.FishSense.Host01s Pool/ED-00/FSL-04D/Person01/P8140053.ORF,1937.4476318359373,1425.06689453125,Red Laser,3.501672983169556,0.2907080816515757,Rainbow Trout,/home/chris/mnt/fishsense_data/__unsorted-data/2023.08.14.FishSense.Host01s Pool/ED-00/FSL-04D/Person01/P8140053.ORF
132415,498,4,496.0,/fishsense_data/__unsorted-data/2023.08.14.FishSense.Host01s Pool/ED-00/FSL-04D/Person01/P8140065.ORF,1935.9703369140625,1427.10791015625,Red Laser,3.5664899349212646,0.3087731980109209,Rainbow Trout,/home/chris/mnt/fishsense_data/__unsorted-data/2023.08.14.FishSense.Host01s Pool/ED-00/FSL-04D/Person01/P8140065.ORF
132404,498,4,496.0,/fishsense_data/__unsorted-data/2023.08.14.FishSense.Host01s Pool/ED-00/FSL-04D/Person01/P8140054.ORF,1938.4329833984373,1430.328857421875,Red Laser,3.736075162887573,0.2926047211427998,Rainbow Trout,/home/chris/mnt/fishsense_data/__unsorted-data/2023.08.14.FishSense.Host01s Pool/ED-00/FSL-04D/Person01/P8140054.ORF
132414,498,4,496.0,/fishsense_data/__unsorted-data/2023.08.14.FishSense.Host01s Pool/ED-00/FSL-04D/Person01/P8140064.ORF,1937.7015380859373,1430.7620849609375,Red Laser,3.746547222137451,0.3128220270083015,Rainbow Trout,/home/chris/mnt/fishsense_data/__unsorted-data/2023.08.14.FishSense.Host01s Pool/ED-00/FSL-04D/Person01/P8140064.ORF
132405,498,4,496.0,/fishsense_data/__unsorted-data/2023.08.14.FishSense.Host01s Pool/ED-00/FSL-04D/Person01/P8140055.ORF,1938.791503906249,1434.67138671875,Red Laser,3.94838285446167,0.3001558042399277,Rainbow Trout,/home/chris/mnt/fishsense_data/__unsorted-data/2023.08.14.FishSense.Host01s Pool/ED-00/FSL-04D/Person01/P8140055.ORF
132412,498,4,496.0,/fishsense_data/__unsorted-data/2023.08.14.FishSense.Host01s Pool/ED-00/FSL-04D/Person01/P8140062.ORF,1939.7247314453125,1436.4011230468752,Red Laser,4.052077770233154,0.3163800186689986,Rainbow Trout,/home/chris/mnt/fishsense_data/__unsorted-data/2023.08.14.FishSense.Host01s Pool/ED-00/FSL-04D/Person01/P8140062.ORF
132406,498,4,496.0,/fishsense_data/__unsorted-data/2023.08.14.FishSense.Host01s Pool/ED-00/FSL-04D/Person01/P8140056.ORF,1940.334716796875,1437.1895751953125,Red Laser,4.103908538818359,0.2979080929443098,Rainbow Trout,/home/chris/mnt/fishsense_data/__unsorted-data/2023.08.14.FishSense.Host01s Pool/ED-00/FSL-04D/Person01/P8140056.ORF
132490,500,5,499.0,/fishsense_data/__unsorted-data/2023.08.14.FishSense.Host01s Pool/ED-00/FSL-05D/Box/P8140119.ORF,1811.37255859375,690.69580078125,Red Laser,0.3651791214942932,0.1476914808283405,Box,/home/chris/mnt/fishsense_data/__unsorted-data/2023.08.14.FishSense.Host01s Pool/ED-00/FSL-05D/Box/P8140119.ORF
132544,500,5,499.0,/fishsense_data/__unsorted-data/2023.08.14.FishSense.Host01s Pool/ED-00/FSL-05D/Box/P8140173.ORF,1844.106201171875,788.5802001953125,Red Laser,0.4179182648658752,0.1477396035708806,Box,/home/chris/mnt/fishsense_data/__unsorted-data/2023.08.14.FishSense.Host01s Pool/ED-00/FSL-05D/Box/P8140173.ORF
132492,500,5,499.0,/fishsense_data/__unsorted-data/2023.08.14.FishSense.Host01s Pool/ED-00/FSL-05D/Box/P8140121.ORF,1880.343994140625,915.8966674804688,Red Laser,0.5128546953201294,0.1483197805619902,Box,/home/chris/mnt/fishsense_data/__unsorted-data/2023.08.14.FishSense.Host01s Pool/ED-00/FSL-05D/Box/P8140121.ORF
132493,500,5,499.0,/fishsense_data/__unsorted-data/2023.08.14.FishSense.Host01s Pool/ED-00/FSL-05D/Box/P8140122.ORF,1927.42529296875,1061.8085937499998,Red Laser,0.6961472034454346,0.1501729835880674,Box,/home/chris/mnt/fishsense_data/__unsorted-data/2023.08.14.FishSense.Host01s Pool/ED-00/FSL-05D/Box/P8140122.ORF
132494,500,5,499.0,/fishsense_data/__unsorted-data/2023.08.14.FishSense.Host01s Pool/ED-00/FSL-05D/Box/P8140123.ORF,1958.4952392578125,1163.0468749999998,Red Laser,0.9242720007896424,0.1494866882132598,Box,/home/chris/mnt/fishsense_data/__unsorted-data/2023.08.14.FishSense.Host01s Pool/ED-00/FSL-05D/Box/P8140123.ORF
132540,500,5,499.0,/fishsense_data/__unsorted-data/2023.08.14.FishSense.Host01s Pool/ED-00/FSL-05D/Box/P8140169.ORF,1962.708740234375,1179.3936767578125,Red Laser,0.9750849604606628,0.1479393254378415,Box,/home/chris/mnt/fishsense_data/__unsorted-data/2023.08.14.FishSense.Host01s Pool/ED-00/FSL-05D/Box/P8140169.ORF
132539,500,5,499.0,/fishsense_data/__unsorted-data/2023.08.14.FishSense.Host01s Pool/ED-00/FSL-05D/Box/P8140168.ORF,1976.39990234375,1225.396728515625,Red Laser,1.1561399698257446,0.147233545129625,Box,/home/chris/mnt/fishsense_data/__unsorted-data/2023.08.14.FishSense.Host01s Pool/ED-00/FSL-05D/Box/P8140168.ORF
132538,500,5,499.0,/fishsense_data/__unsorted-data/2023.08.14.FishSense.Host01s Pool/ED-00/FSL-05D/Box/P8140167.ORF,1985.4034423828125,1257.0247802734375,Red Laser,1.3245354890823364,0.1458419724275753,Box,/home/chris/mnt/fishsense_data/__unsorted-data/2023.08.14.FishSense.Host01s Pool/ED-00/FSL-05D/Box/P8140167.ORF
132497,500,5,499.0,/fishsense_data/__unsorted-data/2023.08.14.FishSense.Host01s Pool/ED-00/FSL-05D/Box/P8140126.ORF,1992.4658203125,1273.524169921875,Red Laser,1.4388269186019895,0.1463757660230252,Box,/home/chris/mnt/fishsense_data/__unsorted-data/2023.08.14.FishSense.Host01s Pool/ED-00/FSL-05D/Box/P8140126.ORF
132536,500,5,499.0,/fishsense_data/__unsorted-data/2023.08.14.FishSense.Host01s Pool/ED-00/FSL-05D/Box/P8140165.ORF,1999.4461669921875,1296.580322265625,Red Laser,1.627671241760254,0.1481160507286583,Box,/home/chris/mnt/fishsense_data/__unsorted-data/2023.08.14.FishSense.Host01s Pool/ED-00/FSL-05D/Box/P8140165.ORF
132535,500,5,499.0,/fishsense_data/__unsorted-data/2023.08.14.FishSense.Host01s Pool/ED-00/FSL-05D/Box/P8140164.ORF,2003.9541015625,1314.2426757812498,Red Laser,1.806518197059632,0.1495296870959526,Box,/home/chris/mnt/fishsense_data/__unsorted-data/2023.08.14.FishSense.Host01s Pool/ED-00/FSL-05D/Box/P8140164.ORF
132500,500,5,499.0,/fishsense_data/__unsorted-data/2023.08.14.FishSense.Host01s Pool/ED-00/FSL-05D/Box/P8140129.ORF,2009.6654052734373,1330.904296875,Red Laser,2.0219202041625977,0.1509688065866019,Box,/home/chris/mnt/fishsense_data/__unsorted-data/2023.08.14.FishSense.Host01s Pool/ED-00/FSL-05D/Box/P8140129.ORF
132533,500,5,499.0,/fishsense_data/__unsorted-data/2023.08.14.FishSense.Host01s Pool/ED-00/FSL-05D/Box/P8140162.ORF,2011.4708251953125,1336.30859375,Red Laser,2.1032156944274902,0.1502573799098633,Box,/home/chris/mnt/fishsense_data/__unsorted-data/2023.08.14.FishSense.Host01s Pool/ED-00/FSL-05D/Box/P8140162.ORF
132532,500,5,499.0,/fishsense_data/__unsorted-data/2023.08.14.FishSense.Host01s Pool/ED-00/FSL-05D/Box/P8140161.ORF,2012.3890380859373,1343.3729248046875,Red Laser,2.211331367492676,0.1498276929653376,Box,/home/chris/mnt/fishsense_data/__unsorted-data/2023.08.14.FishSense.Host01s Pool/ED-00/FSL-05D/Box/P8140161.ORF
132531,500,5,499.0,/fishsense_data/__unsorted-data/2023.08.14.FishSense.Host01s Pool/ED-00/FSL-05D/Box/P8140160.ORF,2016.3206787109373,1352.4444580078125,Red Laser,2.386175632476806,0.14917219374149,Box,/home/chris/mnt/fishsense_data/__unsorted-data/2023.08.14.FishSense.Host01s Pool/ED-00/FSL-05D/Box/P8140160.ORF
132502,500,5,499.0,/fishsense_data/__unsorted-data/2023.08.14.FishSense.Host01s Pool/ED-00/FSL-05D/Box/P8140131.ORF,2017.6055908203125,1353.5189208984375,Red Laser,2.413794040679932,0.150788673680623,Box,/home/chris/mnt/fishsense_data/__unsorted-data/2023.08.14.FishSense.Host01s Pool/ED-00/FSL-05D/Box/P8140131.ORF
132529,500,5,499.0,/fishsense_data/__unsorted-data/2023.08.14.FishSense.Host01s Pool/ED-00/FSL-05D/Box/P8140158.ORF,2019.9541015625,1363.2078857421875,Red Laser,2.6244890689849854,0.1452529773309993,Box,/home/chris/mnt/fishsense_data/__unsorted-data/2023.08.14.FishSense.Host01s Pool/ED-00/FSL-05D/Box/P8140158.ORF
132504,500,5,499.0,/fishsense_data/__unsorted-data/2023.08.14.FishSense.Host01s Pool/ED-00/FSL-05D/Box/P8140133.ORF,2021.1773681640625,1366.0950927734375,Red Laser,2.6984753608703613,0.1479143616727151,Box,/home/chris/mnt/fishsense_data/__unsorted-data/2023.08.14.FishSense.Host01s Pool/ED-00/FSL-05D/Box/P8140133.ORF
132528,500,5,499.0,/fishsense_data/__unsorted-data/2023.08.14.FishSense.Host01s Pool/ED-00/FSL-05D/Box/P8140157.ORF,2022.843017578125,1373.2451171875,Red Laser,2.888714551925659,0.1497060298617708,Box,/home/chris/mnt/fishsense_data/__unsorted-data/2023.08.14.FishSense.Host01s Pool/ED-00/FSL-05D/Box/P8140157.ORF
132527,500,5,499.0,/fishsense_data/__unsorted-data/2023.08.14.FishSense.Host01s Pool/ED-00/FSL-05D/Box/P8140156.ORF,2022.976318359375,1378.361083984375,Red Laser,3.030015707015991,0.1488637989889446,Box,/home/chris/mnt/fishsense_data/__unsorted-data/2023.08.14.FishSense.Host01s Pool/ED-00/FSL-05D/Box/P8140156.ORF
132508,500,5,499.0,/fishsense_data/__unsorted-data/2023.08.14.FishSense.Host01s Pool/ED-00/FSL-05D/Box/P8140137.ORF,2025.1809082031248,1383.82080078125,Red Laser,3.2228260040283203,0.1513550230212909,Box,/home/chris/mnt/fishsense_data/__unsorted-data/2023.08.14.FishSense.Host01s Pool/ED-00/FSL-05D/Box/P8140137.ORF
132526,500,5,499.0,/fishsense_data/__unsorted-data/2023.08.14.FishSense.Host01s Pool/ED-00/FSL-05D/Box/P8140155.ORF,2025.345703125,1383.803955078125,Red Laser,3.2242238521575928,0.1494639905224303,Box,/home/chris/mnt/fishsense_data/__unsorted-data/2023.08.14.FishSense.Host01s Pool/ED-00/FSL-05D/Box/P8140155.ORF
132509,500,5,499.0,/fishsense_data/__unsorted-data/2023.08.14.FishSense.Host01s Pool/ED-00/FSL-05D/Box/P8140138.ORF,2025.9610595703125,1387.572021484375,Red Laser,3.3595495223999023,0.1498867111076117,Box,/home/chris/mnt/fishsense_data/__unsorted-data/2023.08.14.FishSense.Host01s Pool/ED-00/FSL-05D/Box/P8140138.ORF
132524,500,5,499.0,/fishsense_data/__unsorted-data/2023.08.14.FishSense.Host01s Pool/ED-00/FSL-05D/Box/P8140153.ORF,2028.5710449218748,1392.4215087890625,Red Laser,3.58109188079834,0.1495452699544299,Box,/home/chris/mnt/fishsense_data/__unsorted-data/2023.08.14.FishSense.Host01s Pool/ED-00/FSL-05D/Box/P8140153.ORF
132511,500,5,499.0,/fishsense_data/__unsorted-data/2023.08.14.FishSense.Host01s Pool/ED-00/FSL-05D/Box/P8140140.ORF,2029.4970703125,1393.6856689453125,Red Laser,3.6476473808288574,0.1445245121756077,Box,/home/chris/mnt/fishsense_data/__unsorted-data/2023.08.14.FishSense.Host01s Pool/ED-00/FSL-05D/Box/P8140140.ORF
132523,500,5,499.0,/fishsense_data/__unsorted-data/2023.08.14.FishSense.Host01s Pool/ED-00/FSL-05D/Box/P8140152.ORF,2029.12841796875,1396.2840576171875,Red Laser,3.751411676406861,0.1506452544528145,Box,/home/chris/mnt/fishsense_data/__unsorted-data/2023.08.14.FishSense.Host01s Pool/ED-00/FSL-05D/Box/P8140152.ORF
132522,500,5,499.0,/fishsense_data/__unsorted-data/2023.08.14.FishSense.Host01s Pool/ED-00/FSL-05D/Box/P8140151.ORF,2028.9035644531248,1399.2291259765627,Red Laser,3.878303050994873,0.1501874105498652,Box,/home/chris/mnt/fishsense_data/__unsorted-data/2023.08.14.FishSense.Host01s Pool/ED-00/FSL-05D/Box/P8140151.ORF
132513,500,5,499.0,/fishsense_data/__unsorted-data/2023.08.14.FishSense.Host01s Pool/ED-00/FSL-05D/Box/P8140142.ORF,2031.9088134765625,1401.7119140625,Red Laser,4.063159942626953,0.1468251994284135,Box,/home/chris/mnt/fishsense_data/__unsorted-data/2023.08.14.FishSense.Host01s Pool/ED-00/FSL-05D/Box/P8140142.ORF
132514,500,5,499.0,/fishsense_data/__unsorted-data/2023.08.14.FishSense.Host01s Pool/ED-00/FSL-05D/Box/P8140143.ORF,2032.3870849609373,1405.542236328125,Red Laser,4.280285835266113,0.1457753117733725,Box,/home/chris/mnt/fishsense_data/__unsorted-data/2023.08.14.FishSense.Host01s Pool/ED-00/FSL-05D/Box/P8140143.ORF
132516,500,5,499.0,/fishsense_data/__unsorted-data/2023.08.14.FishSense.Host01s Pool/ED-00/FSL-05D/Box/P8140145.ORF,2034.482666015625,1411.8551025390625,Red Laser,4.729930877685547,0.1496799063883066,Box,/home/chris/mnt/fishsense_data/__unsorted-data/2023.08.14.FishSense.Host01s Pool/ED-00/FSL-05D/Box/P8140145.ORF
132601,501,5,499.0,/fishsense_data/__unsorted-data/2023.08.14.FishSense.Host01s Pool/ED-00/FSL-05D/Person01/P8140116.ORF,1738.2564102564104,437.7435897435898,Red Laser,0.2762661874294281,0.2865328242341437,Rainbow Trout,/home/chris/mnt/fishsense_data/__unsorted-data/2023.08.14.FishSense.Host01s Pool/ED-00/FSL-05D/Person01/P8140116.ORF
132600,501,5,499.0,/fishsense_data/__unsorted-data/2023.08.14.FishSense.Host01s Pool/ED-00/FSL-05D/Person01/P8140115.ORF,1792.6153379316788,631.1395819474112,Red Laser,0.3392760157585144,0.2886147694608139,Rainbow Trout,/home/chris/mnt/fishsense_data/__unsorted-data/2023.08.14.FishSense.Host01s Pool/ED-00/FSL-05D/Person01/P8140115.ORF
132602,501,5,499.0,/fishsense_data/__unsorted-data/2023.08.14.FishSense.Host01s Pool/ED-00/FSL-05D/Person01/P8140117.ORF,1854.0550537109373,824.85986328125,Red Laser,0.4411171078681946,0.2907282291057561,Rainbow Trout,/home/chris/mnt/fishsense_data/__unsorted-data/2023.08.14.FishSense.Host01s Pool/ED-00/FSL-05D/Person01/P8140117.ORF
132546,501,5,499.0,/fishsense_data/__unsorted-data/2023.08.14.FishSense.Host01s Pool/ED-00/FSL-05D/Person01/P8140061.ORF,1857.2200927734373,829.24755859375,Red Laser,0.444494366645813,0.2798061780744485,Rainbow Trout,/home/chris/mnt/fishsense_data/__unsorted-data/2023.08.14.FishSense.Host01s Pool/ED-00/FSL-05D/Person01/P8140061.ORF
132598,501,5,499.0,/fishsense_data/__unsorted-data/2023.08.14.FishSense.Host01s Pool/ED-00/FSL-05D/Person01/P8140113.ORF,1914.1219482421875,1016.384033203125,Red Laser,0.6269936561584473,0.2962273436912528,Rainbow Trout,/home/chris/mnt/fishsense_data/__unsorted-data/2023.08.14.FishSense.Host01s Pool/ED-00/FSL-05D/Person01/P8140113.ORF
132548,501,5,499.0,/fishsense_data/__unsorted-data/2023.08.14.FishSense.Host01s Pool/ED-00/FSL-05D/Person01/P8140063.ORF,1934.3134765625,1080.3651123046875,Red Laser,0.7297887206077576,0.2930271956256066,Rainbow Trout,/home/chris/mnt/fishsense_data/__unsorted-data/2023.08.14.FishSense.Host01s Pool/ED-00/FSL-05D/Person01/P8140063.ORF
132597,501,5,499.0,/fishsense_data/__unsorted-data/2023.08.14.FishSense.Host01s Pool/ED-00/FSL-05D/Person01/P8140112.ORF,1933.0977783203125,1081.2364501953125,Red Laser,0.730595052242279,0.293066766199989,Rainbow Trout,/home/chris/mnt/fishsense_data/__unsorted-data/2023.08.14.FishSense.Host01s Pool/ED-00/FSL-05D/Person01/P8140112.ORF
132595,501,5,499.0,/fishsense_data/__unsorted-data/2023.08.14.FishSense.Host01s Pool/ED-00/FSL-05D/Person01/P8140110.ORF,1958.0556640625,1157.463623046875,Red Laser,0.9089511632919312,0.2805488920002671,Rainbow Trout,/home/chris/mnt/fishsense_data/__unsorted-data/2023.08.14.FishSense.Host01s Pool/ED-00/FSL-05D/Person01/P8140110.ORF
132549,501,5,499.0,/fishsense_data/__unsorted-data/2023.08.14.FishSense.Host01s Pool/ED-00/FSL-05D/Person01/P8140064.ORF,1960.305541992188,1165.8995361328125,Red Laser,0.9337356090545654,0.3013585492050898,Rainbow Trout,/home/chris/mnt/fishsense_data/__unsorted-data/2023.08.14.FishSense.Host01s Pool/ED-00/FSL-05D/Person01/P8140064.ORF
132550,501,5,499.0,/fishsense_data/__unsorted-data/2023.08.14.FishSense.Host01s Pool/ED-00/FSL-05D/Person01/P8140065.ORF,1980.43896484375,1230.0072021484375,Red Laser,1.1820712089538574,0.3008657295518128,Rainbow Trout,/home/chris/mnt/fishsense_data/__unsorted-data/2023.08.14.FishSense.Host01s Pool/ED-00/FSL-05D/Person01/P8140065.ORF
132593,501,5,499.0,/fishsense_data/__unsorted-data/2023.08.14.FishSense.Host01s Pool/ED-00/FSL-05D/Person01/P8140108.ORF,1986.3350578646323,1251.929481967933,Red Laser,1.2985641956329346,0.2918419330383913,Rainbow Trout,/home/chris/mnt/fishsense_data/__unsorted-data/2023.08.14.FishSense.Host01s Pool/ED-00/FSL-05D/Person01/P8140108.ORF
132592,501,5,499.0,/fishsense_data/__unsorted-data/2023.08.14.FishSense.Host01s Pool/ED-00/FSL-05D/Person01/P8140107.ORF,1992.5968017578125,1272.2626953125,Red Laser,1.4308332204818726,0.2954254083680282,Rainbow Trout,/home/chris/mnt/fishsense_data/__unsorted-data/2023.08.14.FishSense.Host01s Pool/ED-00/FSL-05D/Person01/P8140107.ORF
132552,501,5,499.0,/fishsense_data/__unsorted-data/2023.08.14.FishSense.Host01s Pool/ED-00/FSL-05D/Person01/P8140067.ORF,1998.348388671875,1288.3050537109373,Red Laser,1.5581060647964478,0.3015894809980754,Rainbow Trout,/home/chris/mnt/fishsense_data/__unsorted-data/2023.08.14.FishSense.Host01s Pool/ED-00/FSL-05D/Person01/P8140067.ORF
132591,501,5,499.0,/fishsense_data/__unsorted-data/2023.08.14.FishSense.Host01s Pool/ED-00/FSL-05D/Person01/P8140106.ORF,1999.29623802299,1293.860863339494,Red Laser,1.6047264337539673,0.3021947668962148,Rainbow Trout,/home/chris/mnt/fishsense_data/__unsorted-data/2023.08.14.FishSense.Host01s Pool/ED-00/FSL-05D/Person01/P8140106.ORF
132553,501,5,499.0,/fishsense_data/__unsorted-data/2023.08.14.FishSense.Host01s Pool/ED-00/FSL-05D/Person01/P8140068.ORF,2004.852246842603,1308.908397846895,Red Laser,1.7560783624649048,0.3007124502617368,Rainbow Trout,/home/chris/mnt/fishsense_data/__unsorted-data/2023.08.14.FishSense.Host01s Pool/ED-00/FSL-05D/Person01/P8140068.ORF
132587,501,5,499.0,/fishsense_data/__unsorted-data/2023.08.14.FishSense.Host01s Pool/ED-00/FSL-05D/Person01/P8140102.ORF,2007.564208984375,1318.8978271484375,Red Laser,1.8696191310882568,0.2977101072376493,Rainbow Trout,/home/chris/mnt/fishsense_data/__unsorted-data/2023.08.14.FishSense.Host01s Pool/ED-00/FSL-05D/Person01/P8140102.ORF
132554,501,5,499.0,/fishsense_data/__unsorted-data/2023.08.14.FishSense.Host01s Pool/ED-00/FSL-05D/Person01/P8140069.ORF,2010.57421875,1326.3394775390625,Red Laser,1.968417286872864,0.2961560940095656,Rainbow Trout,/home/chris/mnt/fishsense_data/__unsorted-data/2023.08.14.FishSense.Host01s Pool/ED-00/FSL-05D/Person01/P8140069.ORF
132588,501,5,499.0,/fishsense_data/__unsorted-data/2023.08.14.FishSense.Host01s Pool/ED-00/FSL-05D/Person01/P8140103.ORF,2009.3937988281248,1328.6049804687498,Red Laser,1.9915255308151243,0.3087004592759957,Rainbow Trout,/home/chris/mnt/fishsense_data/__unsorted-data/2023.08.14.FishSense.Host01s Pool/ED-00/FSL-05D/Person01/P8140103.ORF
132586,501,5,499.0,/fishsense_data/__unsorted-data/2023.08.14.FishSense.Host01s Pool/ED-00/FSL-05D/Person01/P8140101.ORF,2012.8819580078125,1337.1875,Red Laser,2.1226582527160645,0.3035329507989863,Rainbow Trout,/home/chris/mnt/fishsense_data/__unsorted-data/2023.08.14.FishSense.Host01s Pool/ED-00/FSL-05D/Person01/P8140101.ORF
132585,501,5,499.0,/fishsense_data/__unsorted-data/2023.08.14.FishSense.Host01s Pool/ED-00/FSL-05D/Person01/P8140100.ORF,2015.87109375,1349.20751953125,Red Laser,2.3265905380249023,0.3023173631410579,Rainbow Trout,/home/chris/mnt/fishsense_data/__unsorted-data/2023.08.14.FishSense.Host01s Pool/ED-00/FSL-05D/Person01/P8140100.ORF
132557,501,5,499.0,/fishsense_data/__unsorted-data/2023.08.14.FishSense.Host01s Pool/ED-00/FSL-05D/Person01/P8140072.ORF,2018.6531982421875,1356.1612548828125,Red Laser,2.470454931259156,0.2996762309893401,Rainbow Trout,/home/chris/mnt/fishsense_data/__unsorted-data/2023.08.14.FishSense.Host01s Pool/ED-00/FSL-05D/Person01/P8140072.ORF
132558,501,5,499.0,/fishsense_data/__unsorted-data/2023.08.14.FishSense.Host01s Pool/ED-00/FSL-05D/Person01/P8140073.ORF,2021.3577880859373,1363.404296875,Red Laser,2.639540433883667,0.2952986356731071,Rainbow Trout,/home/chris/mnt/fishsense_data/__unsorted-data/2023.08.14.FishSense.Host01s Pool/ED-00/FSL-05D/Person01/P8140073.ORF
132559,501,5,499.0,/fishsense_data/__unsorted-data/2023.08.14.FishSense.Host01s Pool/ED-00/FSL-05D/Person01/P8140074.ORF,2023.9346923828125,1369.6175537109375,Red Laser,2.8062732219696045,0.2953803381294599,Rainbow Trout,/home/chris/mnt/fishsense_data/__unsorted-data/2023.08.14.FishSense.Host01s Pool/ED-00/FSL-05D/Person01/P8140074.ORF
132562,501,5,499.0,/fishsense_data/__unsorted-data/2023.08.14.FishSense.Host01s Pool/ED-00/FSL-05D/Person01/P8140077.ORF,2026.3806152343748,1380.432861328125,Red Laser,3.130189180374145,0.2985934930838865,Rainbow Trout,/home/chris/mnt/fishsense_data/__unsorted-data/2023.08.14.FishSense.Host01s Pool/ED-00/FSL-05D/Person01/P8140077.ORF
132561,501,5,499.0,/fishsense_data/__unsorted-data/2023.08.14.FishSense.Host01s Pool/ED-00/FSL-05D/Person01/P8140076.ORF,2026.1910400390625,1380.8192138671875,Red Laser,3.139779567718506,0.3067324279124228,Rainbow Trout,/home/chris/mnt/fishsense_data/__unsorted-data/2023.08.14.FishSense.Host01s Pool/ED-00/FSL-05D/Person01/P8140076.ORF
132564,501,5,499.0,/fishsense_data/__unsorted-data/2023.08.14.FishSense.Host01s Pool/ED-00/FSL-05D/Person01/P8140079.ORF,2029.2105712890627,1384.5220947265625,Red Laser,3.295287609100342,0.289219965768392,Rainbow Trout,/home/chris/mnt/fishsense_data/__unsorted-data/2023.08.14.FishSense.Host01s Pool/ED-00/FSL-05D/Person01/P8140079.ORF
132565,501,5,499.0,/fishsense_data/__unsorted-data/2023.08.14.FishSense.Host01s Pool/ED-00/FSL-05D/Person01/P8140080.ORF,2030.09326171875,1389.81494140625,Red Laser,3.500577211380005,0.2986992356209615,Rainbow Trout,/home/chris/mnt/fishsense_data/__unsorted-data/2023.08.14.FishSense.Host01s Pool/ED-00/FSL-05D/Person01/P8140080.ORF
132580,501,5,499.0,/fishsense_data/__unsorted-data/2023.08.14.FishSense.Host01s Pool/ED-00/FSL-05D/Person01/P8140095.ORF,2029.074096679688,1392.588623046875,Red Laser,3.5959696769714355,0.3012225646046667,Rainbow Trout,/home/chris/mnt/fishsense_data/__unsorted-data/2023.08.14.FishSense.Host01s Pool/ED-00/FSL-05D/Person01/P8140095.ORF
132568,501,5,499.0,/fishsense_data/__unsorted-data/2023.08.14.FishSense.Host01s Pool/ED-00/FSL-05D/Person01/P8140083.ORF,2033.205322265625,1400.330078125,Red Laser,4.016784191131592,0.3064531051549386,Rainbow Trout,/home/chris/mnt/fishsense_data/__unsorted-data/2023.08.14.FishSense.Host01s Pool/ED-00/FSL-05D/Person01/P8140083.ORF
132576,501,5,499.0,/fishsense_data/__unsorted-data/2023.08.14.FishSense.Host01s Pool/ED-00/FSL-05D/Person01/P8140091.ORF,2034.1149902343748,1406.06201171875,Red Laser,4.349514961242676,0.3055919897474756,Rainbow Trout,/home/chris/mnt/fishsense_data/__unsorted-data/2023.08.14.FishSense.Host01s Pool/ED-00/FSL-05D/Person01/P8140091.ORF
132694,503,6,502.0,/fishsense_data/__unsorted-data/2023.08.14.FishSense.Host01s Pool/ED-00/FSL-06D/Box/P8140143.ORF,1871.3908563670016,480.7314628621999,Red Laser,0.2855159938335418,0.1409383062859075,Box,/home/chris/mnt/fishsense_data/__unsorted-data/2023.08.14.FishSense.Host01s Pool/ED-00/FSL-06D/Box/P8140143.ORF
132695,503,6,502.0,/fishsense_data/__unsorted-data/2023.08.14.FishSense.Host01s Pool/ED-00/FSL-06D/Box/P8140144.ORF,1890.551984413166,542.5254379584246,Red Laser,0.3045167326927185,0.1332330615343057,Box,/home/chris/mnt/fishsense_data/__unsorted-data/2023.08.14.FishSense.Host01s Pool/ED-00/FSL-06D/Box/P8140144.ORF
132693,503,6,502.0,/fishsense_data/__unsorted-data/2023.08.14.FishSense.Host01s Pool/ED-00/FSL-06D/Box/P8140142.ORF,1962.4930419921875,776.0656127929686,Red Laser,0.4067555665969848,0.1462271698497487,Box,/home/chris/mnt/fishsense_data/__unsorted-data/2023.08.14.FishSense.Host01s Pool/ED-00/FSL-06D/Box/P8140142.ORF
132692,503,6,502.0,/fishsense_data/__unsorted-data/2023.08.14.FishSense.Host01s Pool/ED-00/FSL-06D/Box/P8140141.ORF,2004.8033447265625,915.1822509765624,Red Laser,0.5082919597625732,0.1477347911008443,Box,/home/chris/mnt/fishsense_data/__unsorted-data/2023.08.14.FishSense.Host01s Pool/ED-00/FSL-06D/Box/P8140141.ORF
132653,503,6,502.0,/fishsense_data/__unsorted-data/2023.08.14.FishSense.Host01s Pool/ED-00/FSL-06D/Box/P8140102.ORF,2054.8896484375,1065.1229248046875,Red Laser,0.6976619362831116,0.1487425044178962,Box,/home/chris/mnt/fishsense_data/__unsorted-data/2023.08.14.FishSense.Host01s Pool/ED-00/FSL-06D/Box/P8140102.ORF
132690,503,6,502.0,/fishsense_data/__unsorted-data/2023.08.14.FishSense.Host01s Pool/ED-00/FSL-06D/Box/P8140139.ORF,2054.070556640625,1067.8131103515625,Red Laser,0.7014753222465515,0.1481495566642886,Box,/home/chris/mnt/fishsense_data/__unsorted-data/2023.08.14.FishSense.Host01s Pool/ED-00/FSL-06D/Box/P8140139.ORF
132654,503,6,502.0,/fishsense_data/__unsorted-data/2023.08.14.FishSense.Host01s Pool/ED-00/FSL-06D/Box/P8140103.ORF,2076.110107421875,1142.1834716796875,Red Laser,0.8593422770500183,0.1470964859033217,Box,/home/chris/mnt/fishsense_data/__unsorted-data/2023.08.14.FishSense.Host01s Pool/ED-00/FSL-06D/Box/P8140103.ORF
132688,503,6,502.0,/fishsense_data/__unsorted-data/2023.08.14.FishSense.Host01s Pool/ED-00/FSL-06D/Box/P8140137.ORF,2081.493896484375,1162.213134765625,Red Laser,0.914279282093048,0.1470557015543361,Box,/home/chris/mnt/fishsense_data/__unsorted-data/2023.08.14.FishSense.Host01s Pool/ED-00/FSL-06D/Box/P8140137.ORF
132655,503,6,502.0,/fishsense_data/__unsorted-data/2023.08.14.FishSense.Host01s Pool/ED-00/FSL-06D/Box/P8140104.ORF,2095.330810546875,1203.8710937500002,Red Laser,1.0577082633972168,0.1477364708867519,Box,/home/chris/mnt/fishsense_data/__unsorted-data/2023.08.14.FishSense.Host01s Pool/ED-00/FSL-06D/Box/P8140104.ORF
132686,503,6,502.0,/fishsense_data/__unsorted-data/2023.08.14.FishSense.Host01s Pool/ED-00/FSL-06D/Box/P8140135.ORF,2101.783935546875,1223.0236816406248,Red Laser,1.1400750875473022,0.1480093257673589,Box,/home/chris/mnt/fishsense_data/__unsorted-data/2023.08.14.FishSense.Host01s Pool/ED-00/FSL-06D/Box/P8140135.ORF
132656,503,6,502.0,/fishsense_data/__unsorted-data/2023.08.14.FishSense.Host01s Pool/ED-00/FSL-06D/Box/P8140105.ORF,2109.095458984375,1244.3323974609375,Red Laser,1.248382568359375,0.1468436012067935,Box,/home/chris/mnt/fishsense_data/__unsorted-data/2023.08.14.FishSense.Host01s Pool/ED-00/FSL-06D/Box/P8140105.ORF
132657,503,6,502.0,/fishsense_data/__unsorted-data/2023.08.14.FishSense.Host01s Pool/ED-00/FSL-06D/Box/P8140106.ORF,2116.936767578125,1270.9024658203125,Red Laser,1.4133883714675903,0.1479487342937069,Box,/home/chris/mnt/fishsense_data/__unsorted-data/2023.08.14.FishSense.Host01s Pool/ED-00/FSL-06D/Box/P8140106.ORF
132684,503,6,502.0,/fishsense_data/__unsorted-data/2023.08.14.FishSense.Host01s Pool/ED-00/FSL-06D/Box/P8140133.ORF,2119.572265625,1277.7581787109375,Red Laser,1.464799404144287,0.1491081219870197,Box,/home/chris/mnt/fishsense_data/__unsorted-data/2023.08.14.FishSense.Host01s Pool/ED-00/FSL-06D/Box/P8140133.ORF
132658,503,6,502.0,/fishsense_data/__unsorted-data/2023.08.14.FishSense.Host01s Pool/ED-00/FSL-06D/Box/P8140107.ORF,2124.5395507812505,1296.8806152343752,Red Laser,1.6228678226470947,0.1492337534579775,Box,/home/chris/mnt/fishsense_data/__unsorted-data/2023.08.14.FishSense.Host01s Pool/ED-00/FSL-06D/Box/P8140107.ORF
132659,503,6,502.0,/fishsense_data/__unsorted-data/2023.08.14.FishSense.Host01s Pool/ED-00/FSL-06D/Box/P8140108.ORF,2130.99755859375,1317.11669921875,Red Laser,1.8367069959640503,0.1492403717623296,Box,/home/chris/mnt/fishsense_data/__unsorted-data/2023.08.14.FishSense.Host01s Pool/ED-00/FSL-06D/Box/P8140108.ORF
132681,503,6,502.0,/fishsense_data/__unsorted-data/2023.08.14.FishSense.Host01s Pool/ED-00/FSL-06D/Box/P8140130.ORF,2134.71728515625,1327.3575439453125,Red Laser,1.9701076745986936,0.1501326415986505,Box,/home/chris/mnt/fishsense_data/__unsorted-data/2023.08.14.FishSense.Host01s Pool/ED-00/FSL-06D/Box/P8140130.ORF
132680,503,6,502.0,/fishsense_data/__unsorted-data/2023.08.14.FishSense.Host01s Pool/ED-00/FSL-06D/Box/P8140129.ORF,2137.244873046875,1333.9080810546875,Red Laser,2.066739320755005,0.1475227065687756,Box,/home/chris/mnt/fishsense_data/__unsorted-data/2023.08.14.FishSense.Host01s Pool/ED-00/FSL-06D/Box/P8140129.ORF
132679,503,6,502.0,/fishsense_data/__unsorted-data/2023.08.14.FishSense.Host01s Pool/ED-00/FSL-06D/Box/P8140128.ORF,2139.0817871093755,1343.747802734375,Red Laser,2.21964168548584,0.1503819076165778,Box,/home/chris/mnt/fishsense_data/__unsorted-data/2023.08.14.FishSense.Host01s Pool/ED-00/FSL-06D/Box/P8140128.ORF
132661,503,6,502.0,/fishsense_data/__unsorted-data/2023.08.14.FishSense.Host01s Pool/ED-00/FSL-06D/Box/P8140110.ORF,2141.3300781250005,1350.2501220703125,Red Laser,2.3405582904815674,0.1496977791259284,Box,/home/chris/mnt/fishsense_data/__unsorted-data/2023.08.14.FishSense.Host01s Pool/ED-00/FSL-06D/Box/P8140110.ORF
132662,503,6,502.0,/fishsense_data/__unsorted-data/2023.08.14.FishSense.Host01s Pool/ED-00/FSL-06D/Box/P8140111.ORF,2145.2666015625,1357.2547607421875,Red Laser,2.4971373081207275,0.1451495222157288,Box,/home/chris/mnt/fishsense_data/__unsorted-data/2023.08.14.FishSense.Host01s Pool/ED-00/FSL-06D/Box/P8140111.ORF
132677,503,6,502.0,/fishsense_data/__unsorted-data/2023.08.14.FishSense.Host01s Pool/ED-00/FSL-06D/Box/P8140126.ORF,2143.158935546875,1358.7924804687498,Red Laser,2.5121984481811523,0.1506504526307347,Box,/home/chris/mnt/fishsense_data/__unsorted-data/2023.08.14.FishSense.Host01s Pool/ED-00/FSL-06D/Box/P8140126.ORF
132676,503,6,502.0,/fishsense_data/__unsorted-data/2023.08.14.FishSense.Host01s Pool/ED-00/FSL-06D/Box/P8140125.ORF,2145.140625,1363.546142578125,Red Laser,2.627239465713501,0.1506536106870699,Box,/home/chris/mnt/fishsense_data/__unsorted-data/2023.08.14.FishSense.Host01s Pool/ED-00/FSL-06D/Box/P8140125.ORF
132675,503,6,502.0,/fishsense_data/__unsorted-data/2023.08.14.FishSense.Host01s Pool/ED-00/FSL-06D/Box/P8140124.ORF,2147.8212890625,1370.3668212890625,Red Laser,2.81028413772583,0.1500417856402996,Box,/home/chris/mnt/fishsense_data/__unsorted-data/2023.08.14.FishSense.Host01s Pool/ED-00/FSL-06D/Box/P8140124.ORF
132674,503,6,502.0,/fishsense_data/__unsorted-data/2023.08.14.FishSense.Host01s Pool/ED-00/FSL-06D/Box/P8140123.ORF,2148.8918457031245,1376.5986328125,Red Laser,2.9857072830200195,0.148216014714415,Box,/home/chris/mnt/fishsense_data/__unsorted-data/2023.08.14.FishSense.Host01s Pool/ED-00/FSL-06D/Box/P8140123.ORF
132664,503,6,502.0,/fishsense_data/__unsorted-data/2023.08.14.FishSense.Host01s Pool/ED-00/FSL-06D/Box/P8140113.ORF,2149.7734375,1378.3616943359375,Red Laser,3.046431303024292,0.1504554192084971,Box,/home/chris/mnt/fishsense_data/__unsorted-data/2023.08.14.FishSense.Host01s Pool/ED-00/FSL-06D/Box/P8140113.ORF
132665,503,6,502.0,/fishsense_data/__unsorted-data/2023.08.14.FishSense.Host01s Pool/ED-00/FSL-06D/Box/P8140114.ORF,2151.8535156249995,1384.333251953125,Red Laser,3.258708238601685,0.1496667340397834,Box,/home/chris/mnt/fishsense_data/__unsorted-data/2023.08.14.FishSense.Host01s Pool/ED-00/FSL-06D/Box/P8140114.ORF
132671,503,6,502.0,/fishsense_data/__unsorted-data/2023.08.14.FishSense.Host01s Pool/ED-00/FSL-06D/Box/P8140120.ORF,2153.8286132812505,1390.380859375,Red Laser,3.5038888454437256,0.1497832865028673,Box,/home/chris/mnt/fishsense_data/__unsorted-data/2023.08.14.FishSense.Host01s Pool/ED-00/FSL-06D/Box/P8140120.ORF
132666,503,6,502.0,/fishsense_data/__unsorted-data/2023.08.14.FishSense.Host01s Pool/ED-00/FSL-06D/Box/P8140115.ORF,2154.455322265625,1391.1900634765625,Red Laser,3.544440031051636,0.1535529868630432,Box,/home/chris/mnt/fishsense_data/__unsorted-data/2023.08.14.FishSense.Host01s Pool/ED-00/FSL-06D/Box/P8140115.ORF
132667,503,6,502.0,/fishsense_data/__unsorted-data/2023.08.14.FishSense.Host01s Pool/ED-00/FSL-06D/Box/P8140116.ORF,2154.5000000000005,1393.852783203125,Red Laser,3.655261993408203,0.1505487794972947,Box,/home/chris/mnt/fishsense_data/__unsorted-data/2023.08.14.FishSense.Host01s Pool/ED-00/FSL-06D/Box/P8140116.ORF
132668,503,6,502.0,/fishsense_data/__unsorted-data/2023.08.14.FishSense.Host01s Pool/ED-00/FSL-06D/Box/P8140117.ORF,2155.385986328125,1397.3416748046875,Red Laser,3.823579072952272,0.1489178233657193,Box,/home/chris/mnt/fishsense_data/__unsorted-data/2023.08.14.FishSense.Host01s Pool/ED-00/FSL-06D/Box/P8140117.ORF
132746,504,6,502.0,/fishsense_data/__unsorted-data/2023.08.14.FishSense.Host01s Pool/ED-00/FSL-06D/Person01/P8140099.ORF,1877.3808182009868,499.99297364287054,Red Laser,0.2911805212497711,0.2940418549390635,Rainbow Trout,/home/chris/mnt/fishsense_data/__unsorted-data/2023.08.14.FishSense.Host01s Pool/ED-00/FSL-06D/Person01/P8140099.ORF
132696,504,6,502.0,/fishsense_data/__unsorted-data/2023.08.14.FishSense.Host01s Pool/ED-00/FSL-06D/Person01/P8140049.ORF,1949.4555664062505,722.7369995117188,Red Laser,0.378288596868515,0.2830274476668892,Rainbow Trout,/home/chris/mnt/fishsense_data/__unsorted-data/2023.08.14.FishSense.Host01s Pool/ED-00/FSL-06D/Person01/P8140049.ORF
132744,504,6,502.0,/fishsense_data/__unsorted-data/2023.08.14.FishSense.Host01s Pool/ED-00/FSL-06D/Person01/P8140097.ORF,1994.62353515625,871.2945556640625,Red Laser,0.4719188213348388,0.2882498940541371,Rainbow Trout,/home/chris/mnt/fishsense_data/__unsorted-data/2023.08.14.FishSense.Host01s Pool/ED-00/FSL-06D/Person01/P8140097.ORF
132743,504,6,502.0,/fishsense_data/__unsorted-data/2023.08.14.FishSense.Host01s Pool/ED-00/FSL-06D/Person01/P8140096.ORF,2032.46826171875,998.5040283203126,Red Laser,0.5985207557678223,0.291115139972898,Rainbow Trout,/home/chris/mnt/fishsense_data/__unsorted-data/2023.08.14.FishSense.Host01s Pool/ED-00/FSL-06D/Person01/P8140096.ORF
132742,504,6,502.0,/fishsense_data/__unsorted-data/2023.08.14.FishSense.Host01s Pool/ED-00/FSL-06D/Person01/P8140095.ORF,2062.12548828125,1092.1024169921875,Red Laser,0.7467600703239441,0.2941753652163915,Rainbow Trout,/home/chris/mnt/fishsense_data/__unsorted-data/2023.08.14.FishSense.Host01s Pool/ED-00/FSL-06D/Person01/P8140095.ORF
132699,504,6,502.0,/fishsense_data/__unsorted-data/2023.08.14.FishSense.Host01s Pool/ED-00/FSL-06D/Person01/P8140052.ORF,2068.51708984375,1110.2105712890625,Red Laser,0.784760594367981,0.2898405147186614,Rainbow Trout,/home/chris/mnt/fishsense_data/__unsorted-data/2023.08.14.FishSense.Host01s Pool/ED-00/FSL-06D/Person01/P8140052.ORF
132700,504,6,502.0,/fishsense_data/__unsorted-data/2023.08.14.FishSense.Host01s Pool/ED-00/FSL-06D/Person01/P8140053.ORF,2088.484130859375,1171.754638671875,Red Laser,0.9472274780273438,0.2929959947333674,Rainbow Trout,/home/chris/mnt/fishsense_data/__unsorted-data/2023.08.14.FishSense.Host01s Pool/ED-00/FSL-06D/Person01/P8140053.ORF
132702,504,6,502.0,/fishsense_data/__unsorted-data/2023.08.14.FishSense.Host01s Pool/ED-00/FSL-06D/Person01/P8140055.ORF,2108.7812500000005,1235.874267578125,Red Laser,1.2069897651672363,0.2987292706700977,Rainbow Trout,/home/chris/mnt/fishsense_data/__unsorted-data/2023.08.14.FishSense.Host01s Pool/ED-00/FSL-06D/Person01/P8140055.ORF
132703,504,6,502.0,/fishsense_data/__unsorted-data/2023.08.14.FishSense.Host01s Pool/ED-00/FSL-06D/Person01/P8140056.ORF,2115.3203125,1259.5588378906252,Red Laser,1.3412232398986816,0.3010323285499056,Rainbow Trout,/home/chris/mnt/fishsense_data/__unsorted-data/2023.08.14.FishSense.Host01s Pool/ED-00/FSL-06D/Person01/P8140056.ORF
132739,504,6,502.0,/fishsense_data/__unsorted-data/2023.08.14.FishSense.Host01s Pool/ED-00/FSL-06D/Person01/P8140092.ORF,2121.35046159736,1282.2355456834948,Red Laser,1.5004634857177734,0.3054000750706021,Rainbow Trout,/home/chris/mnt/fishsense_data/__unsorted-data/2023.08.14.FishSense.Host01s Pool/ED-00/FSL-06D/Person01/P8140092.ORF
132705,504,6,502.0,/fishsense_data/__unsorted-data/2023.08.14.FishSense.Host01s Pool/ED-00/FSL-06D/Person01/P8140058.ORF,2128.5009150223286,1301.7606474935428,Red Laser,1.6771458387374878,0.2990397195995684,Rainbow Trout,/home/chris/mnt/fishsense_data/__unsorted-data/2023.08.14.FishSense.Host01s Pool/ED-00/FSL-06D/Person01/P8140058.ORF
132706,504,6,502.0,/fishsense_data/__unsorted-data/2023.08.14.FishSense.Host01s Pool/ED-00/FSL-06D/Person01/P8140059.ORF,2133.3982904436566,1319.7522448354443,Red Laser,1.8749899864196773,0.3029134340564083,Rainbow Trout,/home/chris/mnt/fishsense_data/__unsorted-data/2023.08.14.FishSense.Host01s Pool/ED-00/FSL-06D/Person01/P8140059.ORF
132737,504,6,502.0,/fishsense_data/__unsorted-data/2023.08.14.FishSense.Host01s Pool/ED-00/FSL-06D/Person01/P8140090.ORF,2133.286082669068,1322.4831183056915,Red Laser,1.9056220054626465,0.306073850627323,Rainbow Trout,/home/chris/mnt/fishsense_data/__unsorted-data/2023.08.14.FishSense.Host01s Pool/ED-00/FSL-06D/Person01/P8140090.ORF
132736,504,6,502.0,/fishsense_data/__unsorted-data/2023.08.14.FishSense.Host01s Pool/ED-00/FSL-06D/Person01/P8140089.ORF,2138.818847656249,1335.779052734375,Red Laser,2.1001224517822266,0.30987138000344,Rainbow Trout,/home/chris/mnt/fishsense_data/__unsorted-data/2023.08.14.FishSense.Host01s Pool/ED-00/FSL-06D/Person01/P8140089.ORF
132709,504,6,502.0,/fishsense_data/__unsorted-data/2023.08.14.FishSense.Host01s Pool/ED-00/FSL-06D/Person01/P8140062.ORF,2142.33203125,1346.602783203125,Red Laser,2.2844772338867188,0.3085864838139148,Rainbow Trout,/home/chris/mnt/fishsense_data/__unsorted-data/2023.08.14.FishSense.Host01s Pool/ED-00/FSL-06D/Person01/P8140062.ORF
132735,504,6,502.0,/fishsense_data/__unsorted-data/2023.08.14.FishSense.Host01s Pool/ED-00/FSL-06D/Person01/P8140088.ORF,2141.857947269626,1347.1989644135435,Red Laser,2.2919979095458984,0.3057709578977098,Rainbow Trout,/home/chris/mnt/fishsense_data/__unsorted-data/2023.08.14.FishSense.Host01s Pool/ED-00/FSL-06D/Person01/P8140088.ORF
132734,504,6,502.0,/fishsense_data/__unsorted-data/2023.08.14.FishSense.Host01s Pool/ED-00/FSL-06D/Person01/P8140087.ORF,2144.1317041176853,1356.6149936197246,Red Laser,2.4767367839813232,0.3062824427734775,Rainbow Trout,/home/chris/mnt/fishsense_data/__unsorted-data/2023.08.14.FishSense.Host01s Pool/ED-00/FSL-06D/Person01/P8140087.ORF
132711,504,6,502.0,/fishsense_data/__unsorted-data/2023.08.14.FishSense.Host01s Pool/ED-00/FSL-06D/Person01/P8140064.ORF,2147.6484375000005,1365.7296142578125,Red Laser,2.697089910507202,0.3081001006830296,Rainbow Trout,/home/chris/mnt/fishsense_data/__unsorted-data/2023.08.14.FishSense.Host01s Pool/ED-00/FSL-06D/Person01/P8140064.ORF
132732,504,6,502.0,/fishsense_data/__unsorted-data/2023.08.14.FishSense.Host01s Pool/ED-00/FSL-06D/Person01/P8140085.ORF,2149.1306152343755,1372.350341796875,Red Laser,2.8734705448150635,0.3078225333788006,Rainbow Trout,/home/chris/mnt/fishsense_data/__unsorted-data/2023.08.14.FishSense.Host01s Pool/ED-00/FSL-06D/Person01/P8140085.ORF
132731,504,6,502.0,/fishsense_data/__unsorted-data/2023.08.14.FishSense.Host01s Pool/ED-00/FSL-06D/Person01/P8140084.ORF,2152.624267578125,1375.6884765625,Red Laser,2.998272657394409,0.3051635378857258,Rainbow Trout,/home/chris/mnt/fishsense_data/__unsorted-data/2023.08.14.FishSense.Host01s Pool/ED-00/FSL-06D/Person01/P8140084.ORF
132730,504,6,502.0,/fishsense_data/__unsorted-data/2023.08.14.FishSense.Host01s Pool/ED-00/FSL-06D/Person01/P8140083.ORF,2152.1142578125,1382.96728515625,Red Laser,3.2168853282928467,0.3128964029397877,Rainbow Trout,/home/chris/mnt/fishsense_data/__unsorted-data/2023.08.14.FishSense.Host01s Pool/ED-00/FSL-06D/Person01/P8140083.ORF
132728,504,6,502.0,/fishsense_data/__unsorted-data/2023.08.14.FishSense.Host01s Pool/ED-00/FSL-06D/Person01/P8140081.ORF,2156.017333984375,1386.3104248046875,Red Laser,3.3796398639678955,0.2995526804431793,Rainbow Trout,/home/chris/mnt/fishsense_data/__unsorted-data/2023.08.14.FishSense.Host01s Pool/ED-00/FSL-06D/Person01/P8140081.ORF
132714,504,6,502.0,/fishsense_data/__unsorted-data/2023.08.14.FishSense.Host01s Pool/ED-00/FSL-06D/Person01/P8140067.ORF,2154.912597656249,1387.0396728515625,Red Laser,3.3936915397644043,0.3082223847340242,Rainbow Trout,/home/chris/mnt/fishsense_data/__unsorted-data/2023.08.14.FishSense.Host01s Pool/ED-00/FSL-06D/Person01/P8140067.ORF
132715,504,6,502.0,/fishsense_data/__unsorted-data/2023.08.14.FishSense.Host01s Pool/ED-00/FSL-06D/Person01/P8140068.ORF,2156.7885742187505,1388.2872314453125,Red Laser,3.4640278816223145,0.2994059155260196,Rainbow Trout,/home/chris/mnt/fishsense_data/__unsorted-data/2023.08.14.FishSense.Host01s Pool/ED-00/FSL-06D/Person01/P8140068.ORF
132717,504,6,502.0,/fishsense_data/__unsorted-data/2023.08.14.FishSense.Host01s Pool/ED-00/FSL-06D/Person01/P8140070.ORF,2158.280517578125,1397.0950927734375,Red Laser,3.862328767776489,0.2977186457806059,Rainbow Trout,/home/chris/mnt/fishsense_data/__unsorted-data/2023.08.14.FishSense.Host01s Pool/ED-00/FSL-06D/Person01/P8140070.ORF
132726,504,6,502.0,/fishsense_data/__unsorted-data/2023.08.14.FishSense.Host01s Pool/ED-00/FSL-06D/Person01/P8140079.ORF,2158.709228515625,1398.0186767578125,Red Laser,3.914768695831299,0.3191253672163157,Rainbow Trout,/home/chris/mnt/fishsense_data/__unsorted-data/2023.08.14.FishSense.Host01s Pool/ED-00/FSL-06D/Person01/P8140079.ORF
132718,504,6,502.0,/fishsense_data/__unsorted-data/2023.08.14.FishSense.Host01s Pool/ED-00/FSL-06D/Person01/P8140071.ORF,2160.4707031250005,1402.141357421875,Red Laser,4.1611504554748535,0.3064327130547066,Rainbow Trout,/home/chris/mnt/fishsense_data/__unsorted-data/2023.08.14.FishSense.Host01s Pool/ED-00/FSL-06D/Person01/P8140071.ORF
132724,504,6,502.0,/fishsense_data/__unsorted-data/2023.08.14.FishSense.Host01s Pool/ED-00/FSL-06D/Person01/P8140077.ORF,2159.432373046875,1403.336181640625,Red Laser,4.208106517791748,0.3162686957093378,Rainbow Trout,/home/chris/mnt/fishsense_data/__unsorted-data/2023.08.14.FishSense.Host01s Pool/ED-00/FSL-06D/Person01/P8140077.ORF
132721,504,6,502.0,/fishsense_data/__unsorted-data/2023.08.14.FishSense.Host01s Pool/ED-00/FSL-06D/Person01/P8140074.ORF,2162.1481933593745,1405.6549072265625,Red Laser,4.400115489959717,0.2955524949188294,Rainbow Trout,/home/chris/mnt/fishsense_data/__unsorted-data/2023.08.14.FishSense.Host01s Pool/ED-00/FSL-06D/Person01/P8140074.ORF
132722,504,6,502.0,/fishsense_data/__unsorted-data/2023.08.14.FishSense.Host01s Pool/ED-00/FSL-06D/Person01/P8140075.ORF,2162.561767578125,1413.63232421875,Red Laser,4.966288566589356,0.3230840898945723,Rainbow Trout,/home/chris/mnt/fishsense_data/__unsorted-data/2023.08.14.FishSense.Host01s Pool/ED-00/FSL-06D/Person01/P8140075.ORF
132840,506,10,505.0,/fishsense_data/__unsorted-data/2023.08.14.FishSense.Host01s Pool/ED-00/FSL-07D/Box/P8140142.ORF,1772.257199211046,503.1700197238658,Red Laser,0.3084143102169037,0.1450505006486077,Box,/home/chris/mnt/fishsense_data/__unsorted-data/2023.08.14.FishSense.Host01s Pool/ED-00/FSL-07D/Box/P8140142.ORF
132797,506,10,505.0,/fishsense_data/__unsorted-data/2023.08.14.FishSense.Host01s Pool/ED-00/FSL-07D/Box/P8140099.ORF,1863.8428955078125,795.447998046875,Red Laser,0.4512683451175689,0.1502401187149778,Box,/home/chris/mnt/fishsense_data/__unsorted-data/2023.08.14.FishSense.Host01s Pool/ED-00/FSL-07D/Box/P8140099.ORF
132838,506,10,505.0,/fishsense_data/__unsorted-data/2023.08.14.FishSense.Host01s Pool/ED-00/FSL-07D/Box/P8140140.ORF,1902.644409179688,931.6619873046876,Red Laser,0.5741467475891113,0.1478336470500494,Box,/home/chris/mnt/fishsense_data/__unsorted-data/2023.08.14.FishSense.Host01s Pool/ED-00/FSL-07D/Box/P8140140.ORF
132839,506,10,505.0,/fishsense_data/__unsorted-data/2023.08.14.FishSense.Host01s Pool/ED-00/FSL-07D/Box/P8140141.ORF,1920.489990234375,989.661865234375,Red Laser,0.6500309705734253,0.1468107416124102,Box,/home/chris/mnt/fishsense_data/__unsorted-data/2023.08.14.FishSense.Host01s Pool/ED-00/FSL-07D/Box/P8140141.ORF
132841,506,10,505.0,/fishsense_data/__unsorted-data/2023.08.14.FishSense.Host01s Pool/ED-00/FSL-07D/Box/P8140143.ORF,1936.5628662109373,1039.1240234375,Red Laser,0.7331055998802185,0.1479918453039884,Box,/home/chris/mnt/fishsense_data/__unsorted-data/2023.08.14.FishSense.Host01s Pool/ED-00/FSL-07D/Box/P8140143.ORF
132836,506,10,505.0,/fishsense_data/__unsorted-data/2023.08.14.FishSense.Host01s Pool/ED-00/FSL-07D/Box/P8140138.ORF,1946.819580078125,1072.1684570312498,Red Laser,0.8011937141418457,0.1487515869764475,Box,/home/chris/mnt/fishsense_data/__unsorted-data/2023.08.14.FishSense.Host01s Pool/ED-00/FSL-07D/Box/P8140138.ORF
132835,506,10,505.0,/fishsense_data/__unsorted-data/2023.08.14.FishSense.Host01s Pool/ED-00/FSL-07D/Box/P8140137.ORF,1978.546630859375,1176.1688232421875,Red Laser,1.1313689947128296,0.1496537080221835,Box,/home/chris/mnt/fishsense_data/__unsorted-data/2023.08.14.FishSense.Host01s Pool/ED-00/FSL-07D/Box/P8140137.ORF
132806,506,10,505.0,/fishsense_data/__unsorted-data/2023.08.14.FishSense.Host01s Pool/ED-00/FSL-07D/Box/P8140108.ORF,1985.9862060546875,1201.7403564453125,Red Laser,1.2582347393035889,0.1506039461315937,Box,/home/chris/mnt/fishsense_data/__unsorted-data/2023.08.14.FishSense.Host01s Pool/ED-00/FSL-07D/Box/P8140108.ORF
132834,506,10,505.0,/fishsense_data/__unsorted-data/2023.08.14.FishSense.Host01s Pool/ED-00/FSL-07D/Box/P8140136.ORF,1994.580322265625,1225.026611328125,Red Laser,1.405429720878601,0.1501487301148416,Box,/home/chris/mnt/fishsense_data/__unsorted-data/2023.08.14.FishSense.Host01s Pool/ED-00/FSL-07D/Box/P8140136.ORF
132801,506,10,505.0,/fishsense_data/__unsorted-data/2023.08.14.FishSense.Host01s Pool/ED-00/FSL-07D/Box/P8140103.ORF,1999.4061279296875,1239.914306640625,Red Laser,1.5173450708389282,0.1498281452778506,Box,/home/chris/mnt/fishsense_data/__unsorted-data/2023.08.14.FishSense.Host01s Pool/ED-00/FSL-07D/Box/P8140103.ORF
132807,506,10,505.0,/fishsense_data/__unsorted-data/2023.08.14.FishSense.Host01s Pool/ED-00/FSL-07D/Box/P8140109.ORF,2003.8607177734373,1259.2198486328125,Red Laser,1.686012625694275,0.1515287599275175,Box,/home/chris/mnt/fishsense_data/__unsorted-data/2023.08.14.FishSense.Host01s Pool/ED-00/FSL-07D/Box/P8140109.ORF
132802,506,10,505.0,/fishsense_data/__unsorted-data/2023.08.14.FishSense.Host01s Pool/ED-00/FSL-07D/Box/P8140104.ORF,2007.3563232421875,1260.8903808593748,Red Laser,1.7126036882400513,0.1488180731918125,Box,/home/chris/mnt/fishsense_data/__unsorted-data/2023.08.14.FishSense.Host01s Pool/ED-00/FSL-07D/Box/P8140104.ORF
132831,506,10,505.0,/fishsense_data/__unsorted-data/2023.08.14.FishSense.Host01s Pool/ED-00/FSL-07D/Box/P8140133.ORF,2009.3970947265625,1276.7603759765627,Red Laser,1.8814351558685305,0.1527420383148414,Box,/home/chris/mnt/fishsense_data/__unsorted-data/2023.08.14.FishSense.Host01s Pool/ED-00/FSL-07D/Box/P8140133.ORF
132808,506,10,505.0,/fishsense_data/__unsorted-data/2023.08.14.FishSense.Host01s Pool/ED-00/FSL-07D/Box/P8140110.ORF,2014.3234863281248,1287.9342041015627,Red Laser,2.038321256637573,0.150895719151845,Box,/home/chris/mnt/fishsense_data/__unsorted-data/2023.08.14.FishSense.Host01s Pool/ED-00/FSL-07D/Box/P8140110.ORF
132830,506,10,505.0,/fishsense_data/__unsorted-data/2023.08.14.FishSense.Host01s Pool/ED-00/FSL-07D/Box/P8140132.ORF,2013.6865234375,1288.447265625,Red Laser,2.0417423248291016,0.149247159204136,Box,/home/chris/mnt/fishsense_data/__unsorted-data/2023.08.14.FishSense.Host01s Pool/ED-00/FSL-07D/Box/P8140132.ORF
132829,506,10,505.0,/fishsense_data/__unsorted-data/2023.08.14.FishSense.Host01s Pool/ED-00/FSL-07D/Box/P8140131.ORF,2020.4399414062505,1303.5472412109375,Red Laser,2.302052021026612,0.1536719972816352,Box,/home/chris/mnt/fishsense_data/__unsorted-data/2023.08.14.FishSense.Host01s Pool/ED-00/FSL-07D/Box/P8140131.ORF
132844,506,10,505.0,/fishsense_data/__unsorted-data/2023.08.14.FishSense.Host01s Pool/ED-00/FSL-07D/Box/P8140146.ORF,2019.0694580078125,1307.3601074218752,Red Laser,2.3582892417907715,0.150508019243622,Box,/home/chris/mnt/fishsense_data/__unsorted-data/2023.08.14.FishSense.Host01s Pool/ED-00/FSL-07D/Box/P8140146.ORF
132809,506,10,505.0,/fishsense_data/__unsorted-data/2023.08.14.FishSense.Host01s Pool/ED-00/FSL-07D/Box/P8140111.ORF,2021.1009521484373,1310.3204345703125,Red Laser,2.4254934787750244,0.1534185023338942,Box,/home/chris/mnt/fishsense_data/__unsorted-data/2023.08.14.FishSense.Host01s Pool/ED-00/FSL-07D/Box/P8140111.ORF
132828,506,10,505.0,/fishsense_data/__unsorted-data/2023.08.14.FishSense.Host01s Pool/ED-00/FSL-07D/Box/P8140130.ORF,2024.0935058593748,1317.6986083984375,Red Laser,2.593198776245117,0.1457154733575449,Box,/home/chris/mnt/fishsense_data/__unsorted-data/2023.08.14.FishSense.Host01s Pool/ED-00/FSL-07D/Box/P8140130.ORF
132805,506,10,505.0,/fishsense_data/__unsorted-data/2023.08.14.FishSense.Host01s Pool/ED-00/FSL-07D/Box/P8140107.ORF,2024.2463378906248,1321.7496337890625,Red Laser,2.683243989944458,0.1541064352849815,Box,/home/chris/mnt/fishsense_data/__unsorted-data/2023.08.14.FishSense.Host01s Pool/ED-00/FSL-07D/Box/P8140107.ORF
132827,506,10,505.0,/fishsense_data/__unsorted-data/2023.08.14.FishSense.Host01s Pool/ED-00/FSL-07D/Box/P8140129.ORF,2026.36962890625,1328.951416015625,Red Laser,2.876994132995605,0.1519760657067924,Box,/home/chris/mnt/fishsense_data/__unsorted-data/2023.08.14.FishSense.Host01s Pool/ED-00/FSL-07D/Box/P8140129.ORF
132826,506,10,505.0,/fishsense_data/__unsorted-data/2023.08.14.FishSense.Host01s Pool/ED-00/FSL-07D/Box/P8140128.ORF,2028.007690429688,1335.6123046875,Red Laser,3.078150510787964,0.1520522330513704,Box,/home/chris/mnt/fishsense_data/__unsorted-data/2023.08.14.FishSense.Host01s Pool/ED-00/FSL-07D/Box/P8140128.ORF
132812,506,10,505.0,/fishsense_data/__unsorted-data/2023.08.14.FishSense.Host01s Pool/ED-00/FSL-07D/Box/P8140114.ORF,2031.1907958984373,1338.3134765625,Red Laser,3.2004456520080566,0.1501869062359727,Box,/home/chris/mnt/fishsense_data/__unsorted-data/2023.08.14.FishSense.Host01s Pool/ED-00/FSL-07D/Box/P8140114.ORF
132825,506,10,505.0,/fishsense_data/__unsorted-data/2023.08.14.FishSense.Host01s Pool/ED-00/FSL-07D/Box/P8140127.ORF,2029.0836181640625,1340.609619140625,Red Laser,3.247603416442871,0.1514934007371357,Box,/home/chris/mnt/fishsense_data/__unsorted-data/2023.08.14.FishSense.Host01s Pool/ED-00/FSL-07D/Box/P8140127.ORF
132813,506,10,505.0,/fishsense_data/__unsorted-data/2023.08.14.FishSense.Host01s Pool/ED-00/FSL-07D/Box/P8140115.ORF,2033.1190185546875,1348.6036376953125,Red Laser,3.59791898727417,0.1537568207488776,Box,/home/chris/mnt/fishsense_data/__unsorted-data/2023.08.14.FishSense.Host01s Pool/ED-00/FSL-07D/Box/P8140115.ORF
132822,506,10,505.0,/fishsense_data/__unsorted-data/2023.08.14.FishSense.Host01s Pool/ED-00/FSL-07D/Box/P8140124.ORF,2033.5107421875,1348.8792724609375,Red Laser,3.615453958511353,0.1551463321564384,Box,/home/chris/mnt/fishsense_data/__unsorted-data/2023.08.14.FishSense.Host01s Pool/ED-00/FSL-07D/Box/P8140124.ORF
132820,506,10,505.0,/fishsense_data/__unsorted-data/2023.08.14.FishSense.Host01s Pool/ED-00/FSL-07D/Box/P8140122.ORF,2034.2152099609373,1353.44384765625,Red Laser,3.824458122253418,0.1539858627066194,Box,/home/chris/mnt/fishsense_data/__unsorted-data/2023.08.14.FishSense.Host01s Pool/ED-00/FSL-07D/Box/P8140122.ORF
132815,506,10,505.0,/fishsense_data/__unsorted-data/2023.08.14.FishSense.Host01s Pool/ED-00/FSL-07D/Box/P8140117.ORF,2036.4593505859373,1357.051513671875,Red Laser,4.041327953338623,0.1473360880986,Box,/home/chris/mnt/fishsense_data/__unsorted-data/2023.08.14.FishSense.Host01s Pool/ED-00/FSL-07D/Box/P8140117.ORF
132816,506,10,505.0,/fishsense_data/__unsorted-data/2023.08.14.FishSense.Host01s Pool/ED-00/FSL-07D/Box/P8140118.ORF,2037.122558593749,1364.50146484375,Red Laser,4.472479820251465,0.1547793708017475,Box,/home/chris/mnt/fishsense_data/__unsorted-data/2023.08.14.FishSense.Host01s Pool/ED-00/FSL-07D/Box/P8140118.ORF
132819,506,10,505.0,/fishsense_data/__unsorted-data/2023.08.14.FishSense.Host01s Pool/ED-00/FSL-07D/Box/P8140121.ORF,2038.224853515625,1368.5688476562502,Red Laser,4.7727532386779785,0.1547500985288376,Box,/home/chris/mnt/fishsense_data/__unsorted-data/2023.08.14.FishSense.Host01s Pool/ED-00/FSL-07D/Box/P8140121.ORF
132848,507,10,505.0,/fishsense_data/__unsorted-data/2023.08.14.FishSense.Host01s Pool/ED-00/FSL-07D/Person01/P8140052.ORF,1765.844748389883,487.5575883514173,Red Laser,0.3031406700611114,0.2894619291891614,Rainbow Trout,/home/chris/mnt/fishsense_data/__unsorted-data/2023.08.14.FishSense.Host01s Pool/ED-00/FSL-07D/Person01/P8140052.ORF
132847,507,10,505.0,/fishsense_data/__unsorted-data/2023.08.14.FishSense.Host01s Pool/ED-00/FSL-07D/Person01/P8140051.ORF,1775.6674829595984,514.1489646050617,Red Laser,0.3121225833892822,0.2848379463804873,Rainbow Trout,/home/chris/mnt/fishsense_data/__unsorted-data/2023.08.14.FishSense.Host01s Pool/ED-00/FSL-07D/Person01/P8140051.ORF
132850,507,10,505.0,/fishsense_data/__unsorted-data/2023.08.14.FishSense.Host01s Pool/ED-00/FSL-07D/Person01/P8140054.ORF,1879.04833984375,844.9412841796875,Red Laser,0.4895994067192077,0.2895575794834822,Rainbow Trout,/home/chris/mnt/fishsense_data/__unsorted-data/2023.08.14.FishSense.Host01s Pool/ED-00/FSL-07D/Person01/P8140054.ORF
132851,507,10,505.0,/fishsense_data/__unsorted-data/2023.08.14.FishSense.Host01s Pool/ED-00/FSL-07D/Person01/P8140055.ORF,1933.4466552734373,1018.3245849609376,Red Laser,0.6975793838500977,0.2990851378798235,Rainbow Trout,/home/chris/mnt/fishsense_data/__unsorted-data/2023.08.14.FishSense.Host01s Pool/ED-00/FSL-07D/Person01/P8140055.ORF
132883,507,10,505.0,/fishsense_data/__unsorted-data/2023.08.14.FishSense.Host01s Pool/ED-00/FSL-07D/Person01/P8140087.ORF,1945.5494384765625,1065.525146484375,Red Laser,0.7870381474494934,0.2929420206732468,Rainbow Trout,/home/chris/mnt/fishsense_data/__unsorted-data/2023.08.14.FishSense.Host01s Pool/ED-00/FSL-07D/Person01/P8140087.ORF
132884,507,10,505.0,/fishsense_data/__unsorted-data/2023.08.14.FishSense.Host01s Pool/ED-00/FSL-07D/Person01/P8140088.ORF,1972.072998046875,1150.941162109375,Red Laser,1.029955506324768,0.3031730476454835,Rainbow Trout,/home/chris/mnt/fishsense_data/__unsorted-data/2023.08.14.FishSense.Host01s Pool/ED-00/FSL-07D/Person01/P8140088.ORF
132854,507,10,505.0,/fishsense_data/__unsorted-data/2023.08.14.FishSense.Host01s Pool/ED-00/FSL-07D/Person01/P8140058.ORF,1983.90625,1180.7784423828125,Red Laser,1.1581134796142578,0.2994664422280104,Rainbow Trout,/home/chris/mnt/fishsense_data/__unsorted-data/2023.08.14.FishSense.Host01s Pool/ED-00/FSL-07D/Person01/P8140058.ORF
132875,507,10,505.0,/fishsense_data/__unsorted-data/2023.08.14.FishSense.Host01s Pool/ED-00/FSL-07D/Person01/P8140079.ORF,1981.6641845703127,1184.16162109375,Red Laser,1.1693947315216064,0.3024865573309102,Rainbow Trout,/home/chris/mnt/fishsense_data/__unsorted-data/2023.08.14.FishSense.Host01s Pool/ED-00/FSL-07D/Person01/P8140079.ORF
132855,507,10,505.0,/fishsense_data/__unsorted-data/2023.08.14.FishSense.Host01s Pool/ED-00/FSL-07D/Person01/P8140059.ORF,1996.8912353515625,1223.5103759765625,Red Laser,1.4008541107177734,0.3070053763025719,Rainbow Trout,/home/chris/mnt/fishsense_data/__unsorted-data/2023.08.14.FishSense.Host01s Pool/ED-00/FSL-07D/Person01/P8140059.ORF
132886,507,10,505.0,/fishsense_data/__unsorted-data/2023.08.14.FishSense.Host01s Pool/ED-00/FSL-07D/Person01/P8140090.ORF,1997.7322998046875,1228.6619873046875,Red Laser,1.435585379600525,0.3145053595856037,Rainbow Trout,/home/chris/mnt/fishsense_data/__unsorted-data/2023.08.14.FishSense.Host01s Pool/ED-00/FSL-07D/Person01/P8140090.ORF
132888,507,10,505.0,/fishsense_data/__unsorted-data/2023.08.14.FishSense.Host01s Pool/ED-00/FSL-07D/Person01/P8140092.ORF,1999.0952422489129,1239.858022251085,Red Laser,1.5160940885543823,0.3027946548498717,Rainbow Trout,/home/chris/mnt/fishsense_data/__unsorted-data/2023.08.14.FishSense.Host01s Pool/ED-00/FSL-07D/Person01/P8140092.ORF
132857,507,10,505.0,/fishsense_data/__unsorted-data/2023.08.14.FishSense.Host01s Pool/ED-00/FSL-07D/Person01/P8140061.ORF,2005.874877929688,1252.6005859375,Red Laser,1.634507656097412,0.3046174084872925,Rainbow Trout,/home/chris/mnt/fishsense_data/__unsorted-data/2023.08.14.FishSense.Host01s Pool/ED-00/FSL-07D/Person01/P8140061.ORF
132887,507,10,505.0,/fishsense_data/__unsorted-data/2023.08.14.FishSense.Host01s Pool/ED-00/FSL-07D/Person01/P8140091.ORF,2006.839831562372,1255.0980773405252,Red Laser,1.6587153673171997,0.3118900331934332,Rainbow Trout,/home/chris/mnt/fishsense_data/__unsorted-data/2023.08.14.FishSense.Host01s Pool/ED-00/FSL-07D/Person01/P8140091.ORF
132858,507,10,505.0,/fishsense_data/__unsorted-data/2023.08.14.FishSense.Host01s Pool/ED-00/FSL-07D/Person01/P8140062.ORF,2010.5104980468752,1268.9063720703125,Red Laser,1.801604986190796,0.302549026437854,Rainbow Trout,/home/chris/mnt/fishsense_data/__unsorted-data/2023.08.14.FishSense.Host01s Pool/ED-00/FSL-07D/Person01/P8140062.ORF
132867,507,10,505.0,/fishsense_data/__unsorted-data/2023.08.14.FishSense.Host01s Pool/ED-00/FSL-07D/Person01/P8140071.ORF,2013.5106201171875,1278.7578124999998,Red Laser,1.921095371246338,0.3007852713555072,Rainbow Trout,/home/chris/mnt/fishsense_data/__unsorted-data/2023.08.14.FishSense.Host01s Pool/ED-00/FSL-07D/Person01/P8140071.ORF
132859,507,10,505.0,/fishsense_data/__unsorted-data/2023.08.14.FishSense.Host01s Pool/ED-00/FSL-07D/Person01/P8140063.ORF,2013.6888427734373,1278.91796875,Red Laser,1.9237266778945925,0.3130041966524094,Rainbow Trout,/home/chris/mnt/fishsense_data/__unsorted-data/2023.08.14.FishSense.Host01s Pool/ED-00/FSL-07D/Person01/P8140063.ORF
132889,507,10,505.0,/fishsense_data/__unsorted-data/2023.08.14.FishSense.Host01s Pool/ED-00/FSL-07D/Person01/P8140093.ORF,2014.0438232421875,1288.5064697265625,Red Laser,2.0443601608276367,0.3054716577328898,Rainbow Trout,/home/chris/mnt/fishsense_data/__unsorted-data/2023.08.14.FishSense.Host01s Pool/ED-00/FSL-07D/Person01/P8140093.ORF
132860,507,10,505.0,/fishsense_data/__unsorted-data/2023.08.14.FishSense.Host01s Pool/ED-00/FSL-07D/Person01/P8140064.ORF,2016.5983886718748,1290.3046875,Red Laser,2.08085298538208,0.3058288745708215,Rainbow Trout,/home/chris/mnt/fishsense_data/__unsorted-data/2023.08.14.FishSense.Host01s Pool/ED-00/FSL-07D/Person01/P8140064.ORF
132869,507,10,505.0,/fishsense_data/__unsorted-data/2023.08.14.FishSense.Host01s Pool/ED-00/FSL-07D/Person01/P8140073.ORF,2018.8615722656248,1294.9512939453125,Red Laser,2.158139944076538,0.3053694292911215,Rainbow Trout,/home/chris/mnt/fishsense_data/__unsorted-data/2023.08.14.FishSense.Host01s Pool/ED-00/FSL-07D/Person01/P8140073.ORF
132862,507,10,505.0,/fishsense_data/__unsorted-data/2023.08.14.FishSense.Host01s Pool/ED-00/FSL-07D/Person01/P8140066.ORF,2021.8609619140625,1308.9564208984375,Red Laser,2.405556917190552,0.3075761422148831,Rainbow Trout,/home/chris/mnt/fishsense_data/__unsorted-data/2023.08.14.FishSense.Host01s Pool/ED-00/FSL-07D/Person01/P8140066.ORF
132890,507,10,505.0,/fishsense_data/__unsorted-data/2023.08.14.FishSense.Host01s Pool/ED-00/FSL-07D/Person01/P8140094.ORF,2024.158447265625,1311.8553466796875,Red Laser,2.475428819656372,0.3062272572549729,Rainbow Trout,/home/chris/mnt/fishsense_data/__unsorted-data/2023.08.14.FishSense.Host01s Pool/ED-00/FSL-07D/Person01/P8140094.ORF
132878,507,10,505.0,/fishsense_data/__unsorted-data/2023.08.14.FishSense.Host01s Pool/ED-00/FSL-07D/Person01/P8140082.ORF,2023.466796875,1315.0947265624998,Red Laser,2.534558057785034,0.3068834288742288,Rainbow Trout,/home/chris/mnt/fishsense_data/__unsorted-data/2023.08.14.FishSense.Host01s Pool/ED-00/FSL-07D/Person01/P8140082.ORF
132891,507,10,505.0,/fishsense_data/__unsorted-data/2023.08.14.FishSense.Host01s Pool/ED-00/FSL-07D/Person01/P8140095.ORF,2024.379150390625,1316.3294677734375,Red Laser,2.566688776016236,0.3156127043640084,Rainbow Trout,/home/chris/mnt/fishsense_data/__unsorted-data/2023.08.14.FishSense.Host01s Pool/ED-00/FSL-07D/Person01/P8140095.ORF
132870,507,10,505.0,/fishsense_data/__unsorted-data/2023.08.14.FishSense.Host01s Pool/ED-00/FSL-07D/Person01/P8140074.ORF,2025.40087890625,1316.8966064453125,Red Laser,2.585951566696167,0.3073898418797225,Rainbow Trout,/home/chris/mnt/fishsense_data/__unsorted-data/2023.08.14.FishSense.Host01s Pool/ED-00/FSL-07D/Person01/P8140074.ORF
132863,507,10,505.0,/fishsense_data/__unsorted-data/2023.08.14.FishSense.Host01s Pool/ED-00/FSL-07D/Person01/P8140067.ORF,2026.3243408203127,1322.0855712890625,Red Laser,2.7087345123291016,0.3017893085225508,Rainbow Trout,/home/chris/mnt/fishsense_data/__unsorted-data/2023.08.14.FishSense.Host01s Pool/ED-00/FSL-07D/Person01/P8140067.ORF
132872,507,10,505.0,/fishsense_data/__unsorted-data/2023.08.14.FishSense.Host01s Pool/ED-00/FSL-07D/Person01/P8140076.ORF,2028.5140380859373,1328.7373046875,Red Laser,2.892128229141236,0.3031822428584148,Rainbow Trout,/home/chris/mnt/fishsense_data/__unsorted-data/2023.08.14.FishSense.Host01s Pool/ED-00/FSL-07D/Person01/P8140076.ORF
132879,507,10,505.0,/fishsense_data/__unsorted-data/2023.08.14.FishSense.Host01s Pool/ED-00/FSL-07D/Person01/P8140083.ORF,2029.0777587890625,1330.7122802734375,Red Laser,2.950932741165161,0.3028344981592775,Rainbow Trout,/home/chris/mnt/fishsense_data/__unsorted-data/2023.08.14.FishSense.Host01s Pool/ED-00/FSL-07D/Person01/P8140083.ORF
132864,507,10,505.0,/fishsense_data/__unsorted-data/2023.08.14.FishSense.Host01s Pool/ED-00/FSL-07D/Person01/P8140068.ORF,2030.37548828125,1330.4527587890625,Red Laser,2.955531597137451,0.3104263630402631,Rainbow Trout,/home/chris/mnt/fishsense_data/__unsorted-data/2023.08.14.FishSense.Host01s Pool/ED-00/FSL-07D/Person01/P8140068.ORF
132865,507,10,505.0,/fishsense_data/__unsorted-data/2023.08.14.FishSense.Host01s Pool/ED-00/FSL-07D/Person01/P8140069.ORF,2030.6990966796875,1334.0491943359375,Red Laser,3.06252670288086,0.3063423493715936,Rainbow Trout,/home/chris/mnt/fishsense_data/__unsorted-data/2023.08.14.FishSense.Host01s Pool/ED-00/FSL-07D/Person01/P8140069.ORF
132880,507,10,505.0,/fishsense_data/__unsorted-data/2023.08.14.FishSense.Host01s Pool/ED-00/FSL-07D/Person01/P8140084.ORF,2033.2374267578125,1344.4853515625,Red Laser,3.440621852874756,0.2979859295939525,Rainbow Trout,/home/chris/mnt/fishsense_data/__unsorted-data/2023.08.14.FishSense.Host01s Pool/ED-00/FSL-07D/Person01/P8140084.ORF
133282,509,4,508.0,/fishsense_data/__unsorted-data/2023.08.18.FishSense.Host01s Pool/04/P8180342.ORF,1742.5801851008946,574.6382642998028,Red Laser,0.3048847019672394,0.2776101686063614,Rainbow Trout,/home/chris/mnt/fishsense_data/__unsorted-data/2023.08.18.FishSense.Host01s Pool/04/P8180342.ORF
133110,509,4,508.0,/fishsense_data/__unsorted-data/2023.08.18.FishSense.Host01s Pool/04/P8180170.ORF,1817.614501953125,805.8627319335938,Red Laser,0.4056441485881805,0.2831260918441745,Rainbow Trout,/home/chris/mnt/fishsense_data/__unsorted-data/2023.08.18.FishSense.Host01s Pool/04/P8180170.ORF
133201,509,4,508.0,/fishsense_data/__unsorted-data/2023.08.18.FishSense.Host01s Pool/04/P8180261.ORF,1861.0421142578125,941.6875,Red Laser,0.5031909346580505,0.1431235282335902,Box,/home/chris/mnt/fishsense_data/__unsorted-data/2023.08.18.FishSense.Host01s Pool/04/P8180261.ORF
133202,509,4,508.0,/fishsense_data/__unsorted-data/2023.08.18.FishSense.Host01s Pool/04/P8180262.ORF,1888.93896484375,1031.5294189453125,Red Laser,0.5980717539787292,0.1433733448750634,Box,/home/chris/mnt/fishsense_data/__unsorted-data/2023.08.18.FishSense.Host01s Pool/04/P8180262.ORF
133295,509,4,508.0,/fishsense_data/__unsorted-data/2023.08.18.FishSense.Host01s Pool/04/P8180355.ORF,1908.4185791015625,1101.3865966796875,Red Laser,0.6996663212776184,0.2896294112067552,Rainbow Trout,/home/chris/mnt/fishsense_data/__unsorted-data/2023.08.18.FishSense.Host01s Pool/04/P8180355.ORF
133203,509,4,508.0,/fishsense_data/__unsorted-data/2023.08.18.FishSense.Host01s Pool/04/P8180263.ORF,1924.112548828125,1141.1906738281252,Red Laser,0.7775561809539795,0.1422320949274342,Box,/home/chris/mnt/fishsense_data/__unsorted-data/2023.08.18.FishSense.Host01s Pool/04/P8180263.ORF
133189,509,4,508.0,/fishsense_data/__unsorted-data/2023.08.18.FishSense.Host01s Pool/04/P8180249.ORF,1928.4189453125,1164.1422119140625,Red Laser,0.8274560570716858,0.2979937439879649,Rainbow Trout,/home/chris/mnt/fishsense_data/__unsorted-data/2023.08.18.FishSense.Host01s Pool/04/P8180249.ORF
133275,509,4,508.0,/fishsense_data/__unsorted-data/2023.08.18.FishSense.Host01s Pool/04/P8180335.ORF,1940.3997802734373,1202.8239746093748,Red Laser,0.9321250319480896,0.1416729372430096,Box,/home/chris/mnt/fishsense_data/__unsorted-data/2023.08.18.FishSense.Host01s Pool/04/P8180335.ORF
133298,509,4,508.0,/fishsense_data/__unsorted-data/2023.08.18.FishSense.Host01s Pool/04/P8180358.ORF,1947.4047851562505,1224.01611328125,Red Laser,1.0019800662994385,0.290104019863244,Rainbow Trout,/home/chris/mnt/fishsense_data/__unsorted-data/2023.08.18.FishSense.Host01s Pool/04/P8180358.ORF
133271,509,4,508.0,/fishsense_data/__unsorted-data/2023.08.18.FishSense.Host01s Pool/04/P8180331.ORF,1958.0593261718748,1256.7161865234375,Red Laser,1.1328222751617432,0.1409390301057573,Box,/home/chris/mnt/fishsense_data/__unsorted-data/2023.08.18.FishSense.Host01s Pool/04/P8180331.ORF
133187,509,4,508.0,/fishsense_data/__unsorted-data/2023.08.18.FishSense.Host01s Pool/04/P8180247.ORF,1965.0633544921875,1278.9405517578125,Red Laser,1.2427408695220947,0.2993736031557588,Rainbow Trout,/home/chris/mnt/fishsense_data/__unsorted-data/2023.08.18.FishSense.Host01s Pool/04/P8180247.ORF
133268,509,4,508.0,/fishsense_data/__unsorted-data/2023.08.18.FishSense.Host01s Pool/04/P8180328.ORF,1968.499755859375,1290.8348388671875,Red Laser,1.310255765914917,0.1373790140903757,Box,/home/chris/mnt/fishsense_data/__unsorted-data/2023.08.18.FishSense.Host01s Pool/04/P8180328.ORF
133208,509,4,508.0,/fishsense_data/__unsorted-data/2023.08.18.FishSense.Host01s Pool/04/P8180268.ORF,1973.834716796875,1305.4288330078125,Red Laser,1.4061683416366575,0.1378302666032094,Box,/home/chris/mnt/fishsense_data/__unsorted-data/2023.08.18.FishSense.Host01s Pool/04/P8180268.ORF
133290,509,4,508.0,/fishsense_data/__unsorted-data/2023.08.18.FishSense.Host01s Pool/04/P8180350.ORF,1974.8118896484373,1311.67333984375,Red Laser,1.448641300201416,0.2786890410071104,Rainbow Trout,/home/chris/mnt/fishsense_data/__unsorted-data/2023.08.18.FishSense.Host01s Pool/04/P8180350.ORF
133130,509,4,508.0,/fishsense_data/__unsorted-data/2023.08.18.FishSense.Host01s Pool/04/P8180190.ORF,1976.50927734375,1319.6201171875,Red Laser,1.507586121559143,0.2995071965282721,Rainbow Trout,/home/chris/mnt/fishsense_data/__unsorted-data/2023.08.18.FishSense.Host01s Pool/04/P8180190.ORF
133264,509,4,508.0,/fishsense_data/__unsorted-data/2023.08.18.FishSense.Host01s Pool/04/P8180324.ORF,1980.5958251953125,1329.510986328125,Red Laser,1.593759298324585,0.1369446739953767,Box,/home/chris/mnt/fishsense_data/__unsorted-data/2023.08.18.FishSense.Host01s Pool/04/P8180324.ORF
133118,509,4,508.0,/fishsense_data/__unsorted-data/2023.08.18.FishSense.Host01s Pool/04/P8180178.ORF,1984.061279296875,1333.49609375,Red Laser,1.6365731954574585,0.3051893564477631,Rainbow Trout,/home/chris/mnt/fishsense_data/__unsorted-data/2023.08.18.FishSense.Host01s Pool/04/P8180178.ORF
133263,509,4,508.0,/fishsense_data/__unsorted-data/2023.08.18.FishSense.Host01s Pool/04/P8180323.ORF,1984.1092529296875,1340.2286376953125,Red Laser,1.6959081888198853,0.1359084510806545,Box,/home/chris/mnt/fishsense_data/__unsorted-data/2023.08.18.FishSense.Host01s Pool/04/P8180323.ORF
133181,509,4,508.0,/fishsense_data/__unsorted-data/2023.08.18.FishSense.Host01s Pool/04/P8180241.ORF,1986.426513671875,1348.759033203125,Red Laser,1.785401701927185,0.3000924191394261,Rainbow Trout,/home/chris/mnt/fishsense_data/__unsorted-data/2023.08.18.FishSense.Host01s Pool/04/P8180241.ORF
133180,509,4,508.0,/fishsense_data/__unsorted-data/2023.08.18.FishSense.Host01s Pool/04/P8180240.ORF,1988.95751953125,1354.89208984375,Red Laser,1.859149932861328,0.301286117021693,Rainbow Trout,/home/chris/mnt/fishsense_data/__unsorted-data/2023.08.18.FishSense.Host01s Pool/04/P8180240.ORF
133257,509,4,508.0,/fishsense_data/__unsorted-data/2023.08.18.FishSense.Host01s Pool/04/P8180317.ORF,1990.30810546875,1360.9840087890625,Red Laser,1.9337767362594604,0.1334346510100329,Box,/home/chris/mnt/fishsense_data/__unsorted-data/2023.08.18.FishSense.Host01s Pool/04/P8180317.ORF
133177,509,4,508.0,/fishsense_data/__unsorted-data/2023.08.18.FishSense.Host01s Pool/04/P8180237.ORF,1991.296875,1364.108154296875,Red Laser,1.9757683277130127,0.3005305142948022,Rainbow Trout,/home/chris/mnt/fishsense_data/__unsorted-data/2023.08.18.FishSense.Host01s Pool/04/P8180237.ORF
133176,509,4,508.0,/fishsense_data/__unsorted-data/2023.08.18.FishSense.Host01s Pool/04/P8180236.ORF,1993.3101806640625,1369.5760498046875,Red Laser,2.0550336837768555,0.2976529425291436,Rainbow Trout,/home/chris/mnt/fishsense_data/__unsorted-data/2023.08.18.FishSense.Host01s Pool/04/P8180236.ORF
133332,509,4,508.0,/fishsense_data/__unsorted-data/2023.08.18.FishSense.Host01s Pool/04/P8180392.ORF,1993.4423828125,1374.19580078125,Red Laser,2.118741035461426,0.2709858639845967,Rainbow Trout,/home/chris/mnt/fishsense_data/__unsorted-data/2023.08.18.FishSense.Host01s Pool/04/P8180392.ORF
133217,509,4,508.0,/fishsense_data/__unsorted-data/2023.08.18.FishSense.Host01s Pool/04/P8180277.ORF,1997.6129150390627,1376.38623046875,Red Laser,2.172520160675049,0.1327805824349317,Box,/home/chris/mnt/fishsense_data/__unsorted-data/2023.08.18.FishSense.Host01s Pool/04/P8180277.ORF
133218,509,4,508.0,/fishsense_data/__unsorted-data/2023.08.18.FishSense.Host01s Pool/04/P8180278.ORF,1998.54248046875,1380.9813232421875,Red Laser,2.248817205429077,0.1324461581833583,Box,/home/chris/mnt/fishsense_data/__unsorted-data/2023.08.18.FishSense.Host01s Pool/04/P8180278.ORF
133310,509,4,508.0,/fishsense_data/__unsorted-data/2023.08.18.FishSense.Host01s Pool/04/P8180370.ORF,1996.6180419921875,1383.551025390625,Red Laser,2.2786295413970947,0.2667268958445883,Box,/home/chris/mnt/fishsense_data/__unsorted-data/2023.08.18.FishSense.Host01s Pool/04/P8180370.ORF
133144,509,4,508.0,/fishsense_data/__unsorted-data/2023.08.18.FishSense.Host01s Pool/04/P8180204.ORF,2001.9273681640625,1394.6011962890625,Red Laser,2.513133764266968,0.299023307782726,Rainbow Trout,/home/chris/mnt/fishsense_data/__unsorted-data/2023.08.18.FishSense.Host01s Pool/04/P8180204.ORF
133148,509,4,508.0,/fishsense_data/__unsorted-data/2023.08.18.FishSense.Host01s Pool/04/P8180208.ORF,2005.190185546875,1405.220947265625,Red Laser,2.772624254226685,0.2980314810454502,Rainbow Trout,/home/chris/mnt/fishsense_data/__unsorted-data/2023.08.18.FishSense.Host01s Pool/04/P8180208.ORF
133020,509,4,508.0,/fishsense_data/__unsorted-data/2023.08.18.FishSense.Host01s Pool/04/P8180080.ORF,2016.2049560546875,1429.7745361328125,Red Laser,3.692552328109741,0.1509192319779579,Box,/home/chris/mnt/fishsense_data/__unsorted-data/2023.08.18.FishSense.Host01s Pool/04/P8180080.ORF
133960,519,10,518.0,/fishsense_data/__unsorted-data/2023.08.18.FishSense.Host01s Pool/07/Box/P8180176.ORF,1776.7990530633033,543.3216347450298,Red Laser,0.2930113077163696,0.1420971116753057,Box,/home/chris/mnt/fishsense_data/__unsorted-data/2023.08.18.FishSense.Host01s Pool/07/Box/P8180176.ORF
133958,519,10,518.0,/fishsense_data/__unsorted-data/2023.08.18.FishSense.Host01s Pool/07/Box/P8180174.ORF,1879.1678466796875,876.3045043945312,Red Laser,0.4459305107593536,0.1459918324260175,Box,/home/chris/mnt/fishsense_data/__unsorted-data/2023.08.18.FishSense.Host01s Pool/07/Box/P8180174.ORF
133957,519,10,518.0,/fishsense_data/__unsorted-data/2023.08.18.FishSense.Host01s Pool/07/Box/P8180173.ORF,1906.1148681640625,960.2784423828124,Red Laser,0.5138311386108398,0.1471867753322824,Box,/home/chris/mnt/fishsense_data/__unsorted-data/2023.08.18.FishSense.Host01s Pool/07/Box/P8180173.ORF
133879,519,10,518.0,/fishsense_data/__unsorted-data/2023.08.18.FishSense.Host01s Pool/07/Box/P8180095.ORF,1944.3558349609373,1078.3275146484375,Red Laser,0.6539382338523865,0.1480676393923264,Box,/home/chris/mnt/fishsense_data/__unsorted-data/2023.08.18.FishSense.Host01s Pool/07/Box/P8180095.ORF
133880,519,10,518.0,/fishsense_data/__unsorted-data/2023.08.18.FishSense.Host01s Pool/07/Box/P8180096.ORF,1964.4439697265625,1138.842529296875,Red Laser,0.7604877352714539,0.1486120760282742,Box,/home/chris/mnt/fishsense_data/__unsorted-data/2023.08.18.FishSense.Host01s Pool/07/Box/P8180096.ORF
133881,519,10,518.0,/fishsense_data/__unsorted-data/2023.08.18.FishSense.Host01s Pool/07/Box/P8180097.ORF,1973.1524658203125,1168.2608642578125,Red Laser,0.8251420259475708,0.1482307419805962,Box,/home/chris/mnt/fishsense_data/__unsorted-data/2023.08.18.FishSense.Host01s Pool/07/Box/P8180097.ORF
133953,519,10,518.0,/fishsense_data/__unsorted-data/2023.08.18.FishSense.Host01s Pool/07/Box/P8180169.ORF,1981.2049560546875,1196.2286376953125,Red Laser,0.8974994421005249,0.1486815260891013,Box,/home/chris/mnt/fishsense_data/__unsorted-data/2023.08.18.FishSense.Host01s Pool/07/Box/P8180169.ORF
133883,519,10,518.0,/fishsense_data/__unsorted-data/2023.08.18.FishSense.Host01s Pool/07/Box/P8180099.ORF,1989.8947753906248,1219.2979736328125,Red Laser,0.9695340991020204,0.1500173132634834,Box,/home/chris/mnt/fishsense_data/__unsorted-data/2023.08.18.FishSense.Host01s Pool/07/Box/P8180099.ORF
133884,519,10,518.0,/fishsense_data/__unsorted-data/2023.08.18.FishSense.Host01s Pool/07/Box/P8180100.ORF,1996.9375,1242.2333984375,Red Laser,1.0517375469207764,0.1491346914417048,Box,/home/chris/mnt/fishsense_data/__unsorted-data/2023.08.18.FishSense.Host01s Pool/07/Box/P8180100.ORF
133885,519,10,518.0,/fishsense_data/__unsorted-data/2023.08.18.FishSense.Host01s Pool/07/Box/P8180101.ORF,2006.140625,1268.70068359375,Red Laser,1.1673088073730469,0.150188966625622,Box,/home/chris/mnt/fishsense_data/__unsorted-data/2023.08.18.FishSense.Host01s Pool/07/Box/P8180101.ORF
133950,519,10,518.0,/fishsense_data/__unsorted-data/2023.08.18.FishSense.Host01s Pool/07/Box/P8180166.ORF,2009.979736328125,1288.0074462890625,Red Laser,1.2641386985778809,0.1495355397752145,Box,/home/chris/mnt/fishsense_data/__unsorted-data/2023.08.18.FishSense.Host01s Pool/07/Box/P8180166.ORF
133949,519,10,518.0,/fishsense_data/__unsorted-data/2023.08.18.FishSense.Host01s Pool/07/Box/P8180165.ORF,2013.2789306640625,1298.5224609375,Red Laser,1.32619309425354,0.148875465154047,Box,/home/chris/mnt/fishsense_data/__unsorted-data/2023.08.18.FishSense.Host01s Pool/07/Box/P8180165.ORF
133948,519,10,518.0,/fishsense_data/__unsorted-data/2023.08.18.FishSense.Host01s Pool/07/Box/P8180164.ORF,2017.0770263671875,1310.26171875,Red Laser,1.4033586978912354,0.1483243814299104,Box,/home/chris/mnt/fishsense_data/__unsorted-data/2023.08.18.FishSense.Host01s Pool/07/Box/P8180164.ORF
133947,519,10,518.0,/fishsense_data/__unsorted-data/2023.08.18.FishSense.Host01s Pool/07/Box/P8180163.ORF,2017.4761962890627,1313.1473388671875,Red Laser,1.4225318431854248,0.1489783993993371,Box,/home/chris/mnt/fishsense_data/__unsorted-data/2023.08.18.FishSense.Host01s Pool/07/Box/P8180163.ORF
133889,519,10,518.0,/fishsense_data/__unsorted-data/2023.08.18.FishSense.Host01s Pool/07/Box/P8180105.ORF,2023.6422119140625,1327.9720458984375,Red Laser,1.5405267477035522,0.1507825521432053,Box,/home/chris/mnt/fishsense_data/__unsorted-data/2023.08.18.FishSense.Host01s Pool/07/Box/P8180105.ORF
133891,519,10,518.0,/fishsense_data/__unsorted-data/2023.08.18.FishSense.Host01s Pool/07/Box/P8180107.ORF,2029.380737304688,1342.5302734375,Red Laser,1.6760748624801636,0.1494737395758031,Box,/home/chris/mnt/fishsense_data/__unsorted-data/2023.08.18.FishSense.Host01s Pool/07/Box/P8180107.ORF
133892,519,10,518.0,/fishsense_data/__unsorted-data/2023.08.18.FishSense.Host01s Pool/07/Box/P8180108.ORF,2031.814453125,1352.26123046875,Red Laser,1.7761509418487549,0.149974793382933,Box,/home/chris/mnt/fishsense_data/__unsorted-data/2023.08.18.FishSense.Host01s Pool/07/Box/P8180108.ORF
133945,519,10,518.0,/fishsense_data/__unsorted-data/2023.08.18.FishSense.Host01s Pool/07/Box/P8180161.ORF,2031.3448486328125,1355.8779296875,Red Laser,1.8114372491836548,0.1485744578278563,Box,/home/chris/mnt/fishsense_data/__unsorted-data/2023.08.18.FishSense.Host01s Pool/07/Box/P8180161.ORF
133944,519,10,518.0,/fishsense_data/__unsorted-data/2023.08.18.FishSense.Host01s Pool/07/Box/P8180160.ORF,2032.4715576171875,1359.4439697265625,Red Laser,1.8536341190338133,0.1478117652283467,Box,/home/chris/mnt/fishsense_data/__unsorted-data/2023.08.18.FishSense.Host01s Pool/07/Box/P8180160.ORF
133894,519,10,518.0,/fishsense_data/__unsorted-data/2023.08.18.FishSense.Host01s Pool/07/Box/P8180110.ORF,2036.7628173828125,1367.333984375,Red Laser,1.961870193481445,0.1495217566161004,Box,/home/chris/mnt/fishsense_data/__unsorted-data/2023.08.18.FishSense.Host01s Pool/07/Box/P8180110.ORF
133940,519,10,518.0,/fishsense_data/__unsorted-data/2023.08.18.FishSense.Host01s Pool/07/Box/P8180156.ORF,2036.639160156249,1368.0999755859375,Red Laser,1.9710044860839844,0.1487614743558501,Box,/home/chris/mnt/fishsense_data/__unsorted-data/2023.08.18.FishSense.Host01s Pool/07/Box/P8180156.ORF
133895,519,10,518.0,/fishsense_data/__unsorted-data/2023.08.18.FishSense.Host01s Pool/07/Box/P8180111.ORF,2039.0960693359373,1372.66357421875,Red Laser,2.039933204650879,0.148981521656367,Box,/home/chris/mnt/fishsense_data/__unsorted-data/2023.08.18.FishSense.Host01s Pool/07/Box/P8180111.ORF
133897,519,10,518.0,/fishsense_data/__unsorted-data/2023.08.18.FishSense.Host01s Pool/07/Box/P8180113.ORF,2042.0084228515627,1380.1199951171875,Red Laser,2.158052444458008,0.147011138314605,Box,/home/chris/mnt/fishsense_data/__unsorted-data/2023.08.18.FishSense.Host01s Pool/07/Box/P8180113.ORF
133930,519,10,518.0,/fishsense_data/__unsorted-data/2023.08.18.FishSense.Host01s Pool/07/Box/P8180146.ORF,2042.3731689453125,1387.6431884765625,Red Laser,2.277646064758301,0.1496598206752905,Box,/home/chris/mnt/fishsense_data/__unsorted-data/2023.08.18.FishSense.Host01s Pool/07/Box/P8180146.ORF
133900,519,10,518.0,/fishsense_data/__unsorted-data/2023.08.18.FishSense.Host01s Pool/07/Box/P8180116.ORF,2045.7338867187505,1393.373291015625,Red Laser,2.397317886352539,0.1478939701475111,Box,/home/chris/mnt/fishsense_data/__unsorted-data/2023.08.18.FishSense.Host01s Pool/07/Box/P8180116.ORF
133938,519,10,518.0,/fishsense_data/__unsorted-data/2023.08.18.FishSense.Host01s Pool/07/Box/P8180154.ORF,2043.7835693359373,1396.2752685546875,Red Laser,2.438251495361328,0.1479731124191182,Box,/home/chris/mnt/fishsense_data/__unsorted-data/2023.08.18.FishSense.Host01s Pool/07/Box/P8180154.ORF
133937,519,10,518.0,/fishsense_data/__unsorted-data/2023.08.18.FishSense.Host01s Pool/07/Box/P8180153.ORF,2045.2272949218748,1399.13818359375,Red Laser,2.503804445266724,0.1489959638442062,Box,/home/chris/mnt/fishsense_data/__unsorted-data/2023.08.18.FishSense.Host01s Pool/07/Box/P8180153.ORF
133935,519,10,518.0,/fishsense_data/__unsorted-data/2023.08.18.FishSense.Host01s Pool/07/Box/P8180151.ORF,2046.8067626953125,1404.4156494140625,Red Laser,2.625438451766968,0.1484929804879598,Box,/home/chris/mnt/fishsense_data/__unsorted-data/2023.08.18.FishSense.Host01s Pool/07/Box/P8180151.ORF
133934,519,10,518.0,/fishsense_data/__unsorted-data/2023.08.18.FishSense.Host01s Pool/07/Box/P8180150.ORF,2047.1254882812505,1405.6376953125002,Red Laser,2.6544368267059326,0.1487835391669385,Box,/home/chris/mnt/fishsense_data/__unsorted-data/2023.08.18.FishSense.Host01s Pool/07/Box/P8180150.ORF
133931,519,10,518.0,/fishsense_data/__unsorted-data/2023.08.18.FishSense.Host01s Pool/07/Box/P8180147.ORF,2048.52783203125,1405.953369140625,Red Laser,2.6732425689697266,0.1465968551939997,Box,/home/chris/mnt/fishsense_data/__unsorted-data/2023.08.18.FishSense.Host01s Pool/07/Box/P8180147.ORF
134028,520,10,518.0,/fishsense_data/__unsorted-data/2023.08.18.FishSense.Host01s Pool/07/Person01/P8180244.ORF,1855.039794921875,794.3914794921875,Red Laser,0.3953698873519897,0.2888825341821319,Rainbow Trout,/home/chris/mnt/fishsense_data/__unsorted-data/2023.08.18.FishSense.Host01s Pool/07/Person01/P8180244.ORF
133961,520,10,518.0,/fishsense_data/__unsorted-data/2023.08.18.FishSense.Host01s Pool/07/Person01/P8180177.ORF,1875.857421875,863.0238037109376,Red Laser,0.4369958639144897,0.2890044575788448,Rainbow Trout,/home/chris/mnt/fishsense_data/__unsorted-data/2023.08.18.FishSense.Host01s Pool/07/Person01/P8180177.ORF
134026,520,10,518.0,/fishsense_data/__unsorted-data/2023.08.18.FishSense.Host01s Pool/07/Person01/P8180242.ORF,1907.416259765625,961.756103515625,Red Laser,0.51544189453125,0.2891367523226549,Rainbow Trout,/home/chris/mnt/fishsense_data/__unsorted-data/2023.08.18.FishSense.Host01s Pool/07/Person01/P8180242.ORF
134025,520,10,518.0,/fishsense_data/__unsorted-data/2023.08.18.FishSense.Host01s Pool/07/Person01/P8180241.ORF,1928.771728515625,1027.54345703125,Red Laser,0.5855964422225952,0.2948732348410723,Rainbow Trout,/home/chris/mnt/fishsense_data/__unsorted-data/2023.08.18.FishSense.Host01s Pool/07/Person01/P8180241.ORF
134024,520,10,518.0,/fishsense_data/__unsorted-data/2023.08.18.FishSense.Host01s Pool/07/Person01/P8180240.ORF,1953.0111083984373,1104.7513427734375,Red Laser,0.6964871883392334,0.2950875233318994,Rainbow Trout,/home/chris/mnt/fishsense_data/__unsorted-data/2023.08.18.FishSense.Host01s Pool/07/Person01/P8180240.ORF
134023,520,10,518.0,/fishsense_data/__unsorted-data/2023.08.18.FishSense.Host01s Pool/07/Person01/P8180239.ORF,1974.387451171875,1175.3909912109373,Red Laser,0.841850757598877,0.2980716710757473,Rainbow Trout,/home/chris/mnt/fishsense_data/__unsorted-data/2023.08.18.FishSense.Host01s Pool/07/Person01/P8180239.ORF
133963,520,10,518.0,/fishsense_data/__unsorted-data/2023.08.18.FishSense.Host01s Pool/07/Person01/P8180179.ORF,1977.3546142578125,1183.7919921875,Red Laser,0.8635897040367126,0.2981145056151296,Rainbow Trout,/home/chris/mnt/fishsense_data/__unsorted-data/2023.08.18.FishSense.Host01s Pool/07/Person01/P8180179.ORF
134022,520,10,518.0,/fishsense_data/__unsorted-data/2023.08.18.FishSense.Host01s Pool/07/Person01/P8180238.ORF,1987.1341552734373,1218.953857421875,Red Laser,0.9657277464866638,0.298613300858247,Rainbow Trout,/home/chris/mnt/fishsense_data/__unsorted-data/2023.08.18.FishSense.Host01s Pool/07/Person01/P8180238.ORF
134021,520,10,518.0,/fishsense_data/__unsorted-data/2023.08.18.FishSense.Host01s Pool/07/Person01/P8180237.ORF,1992.2286376953125,1233.7396240234375,Red Laser,1.0173569917678833,0.2985923057818067,Rainbow Trout,/home/chris/mnt/fishsense_data/__unsorted-data/2023.08.18.FishSense.Host01s Pool/07/Person01/P8180237.ORF
133965,520,10,518.0,/fishsense_data/__unsorted-data/2023.08.18.FishSense.Host01s Pool/07/Person01/P8180181.ORF,1995.331787109375,1242.651611328125,Red Laser,1.0512701272964478,0.300857018502352,Rainbow Trout,/home/chris/mnt/fishsense_data/__unsorted-data/2023.08.18.FishSense.Host01s Pool/07/Person01/P8180181.ORF
134020,520,10,518.0,/fishsense_data/__unsorted-data/2023.08.18.FishSense.Host01s Pool/07/Person01/P8180236.ORF,1999.2520751953125,1260.7740478515625,Red Laser,1.1243736743927002,0.297150430086017,Rainbow Trout,/home/chris/mnt/fishsense_data/__unsorted-data/2023.08.18.FishSense.Host01s Pool/07/Person01/P8180236.ORF
133966,520,10,518.0,/fishsense_data/__unsorted-data/2023.08.18.FishSense.Host01s Pool/07/Person01/P8180182.ORF,2003.1544189453125,1270.5397949218752,Red Laser,1.1708593368530271,0.2996648963066635,Rainbow Trout,/home/chris/mnt/fishsense_data/__unsorted-data/2023.08.18.FishSense.Host01s Pool/07/Person01/P8180182.ORF
133967,520,10,518.0,/fishsense_data/__unsorted-data/2023.08.18.FishSense.Host01s Pool/07/Person01/P8180183.ORF,2009.5421142578127,1292.718017578125,Red Laser,1.287596583366394,0.2984320961315448,Rainbow Trout,/home/chris/mnt/fishsense_data/__unsorted-data/2023.08.18.FishSense.Host01s Pool/07/Person01/P8180183.ORF
134018,520,10,518.0,/fishsense_data/__unsorted-data/2023.08.18.FishSense.Host01s Pool/07/Person01/P8180234.ORF,2009.59912109375,1295.5595703125,Red Laser,1.302728295326233,0.3013509353409405,Rainbow Trout,/home/chris/mnt/fishsense_data/__unsorted-data/2023.08.18.FishSense.Host01s Pool/07/Person01/P8180234.ORF
134017,520,10,518.0,/fishsense_data/__unsorted-data/2023.08.18.FishSense.Host01s Pool/07/Person01/P8180233.ORF,2016.6787109375,1312.336669921875,Red Laser,1.415516018867493,0.298460827458335,Rainbow Trout,/home/chris/mnt/fishsense_data/__unsorted-data/2023.08.18.FishSense.Host01s Pool/07/Person01/P8180233.ORF
133969,520,10,518.0,/fishsense_data/__unsorted-data/2023.08.18.FishSense.Host01s Pool/07/Person01/P8180185.ORF,2020.91796875,1325.8114013671875,Red Laser,1.5174336433410645,0.2985753862516991,Rainbow Trout,/home/chris/mnt/fishsense_data/__unsorted-data/2023.08.18.FishSense.Host01s Pool/07/Person01/P8180185.ORF
134016,520,10,518.0,/fishsense_data/__unsorted-data/2023.08.18.FishSense.Host01s Pool/07/Person01/P8180232.ORF,2024.489135742188,1334.3485107421875,Red Laser,1.5924869775772097,0.2959052475141584,Rainbow Trout,/home/chris/mnt/fishsense_data/__unsorted-data/2023.08.18.FishSense.Host01s Pool/07/Person01/P8180232.ORF
133971,520,10,518.0,/fishsense_data/__unsorted-data/2023.08.18.FishSense.Host01s Pool/07/Person01/P8180187.ORF,2025.135498046875,1340.5048828125,Red Laser,1.6455010175704956,0.2985378983854383,Rainbow Trout,/home/chris/mnt/fishsense_data/__unsorted-data/2023.08.18.FishSense.Host01s Pool/07/Person01/P8180187.ORF
133972,520,10,518.0,/fishsense_data/__unsorted-data/2023.08.18.FishSense.Host01s Pool/07/Person01/P8180188.ORF,2027.848388671875,1348.3780517578125,Red Laser,1.7248631715774536,0.2980601247670093,Rainbow Trout,/home/chris/mnt/fishsense_data/__unsorted-data/2023.08.18.FishSense.Host01s Pool/07/Person01/P8180188.ORF
133974,520,10,518.0,/fishsense_data/__unsorted-data/2023.08.18.FishSense.Host01s Pool/07/Person01/P8180190.ORF,2032.3685302734373,1359.9166259765625,Red Laser,1.8584096431732176,0.2985415937734634,Rainbow Trout,/home/chris/mnt/fishsense_data/__unsorted-data/2023.08.18.FishSense.Host01s Pool/07/Person01/P8180190.ORF
133975,520,10,518.0,/fishsense_data/__unsorted-data/2023.08.18.FishSense.Host01s Pool/07/Person01/P8180191.ORF,2034.3692626953127,1365.8271484375,Red Laser,1.9338468313217163,0.297621788630465,Rainbow Trout,/home/chris/mnt/fishsense_data/__unsorted-data/2023.08.18.FishSense.Host01s Pool/07/Person01/P8180191.ORF
133976,520,10,518.0,/fishsense_data/__unsorted-data/2023.08.18.FishSense.Host01s Pool/07/Person01/P8180192.ORF,2036.1326904296875,1373.133056640625,Red Laser,2.0324718952178955,0.2942606143440913,Rainbow Trout,/home/chris/mnt/fishsense_data/__unsorted-data/2023.08.18.FishSense.Host01s Pool/07/Person01/P8180192.ORF
134008,520,10,518.0,/fishsense_data/__unsorted-data/2023.08.18.FishSense.Host01s Pool/07/Person01/P8180224.ORF,2036.864013671875,1381.7042236328125,Red Laser,2.1540005207061768,0.2989202789369491,Rainbow Trout,/home/chris/mnt/fishsense_data/__unsorted-data/2023.08.18.FishSense.Host01s Pool/07/Person01/P8180224.ORF
133978,520,10,518.0,/fishsense_data/__unsorted-data/2023.08.18.FishSense.Host01s Pool/07/Person01/P8180194.ORF,2039.1773681640625,1381.5863037109375,Red Laser,2.1654200553894043,0.2943961954165862,Rainbow Trout,/home/chris/mnt/fishsense_data/__unsorted-data/2023.08.18.FishSense.Host01s Pool/07/Person01/P8180194.ORF
134011,520,10,518.0,/fishsense_data/__unsorted-data/2023.08.18.FishSense.Host01s Pool/07/Person01/P8180227.ORF,2037.490712684044,1382.753791383852,Red Laser,2.173202991485596,0.3013478745907594,Rainbow Trout,/home/chris/mnt/fishsense_data/__unsorted-data/2023.08.18.FishSense.Host01s Pool/07/Person01/P8180227.ORF
133980,520,10,518.0,/fishsense_data/__unsorted-data/2023.08.18.FishSense.Host01s Pool/07/Person01/P8180196.ORF,2042.5093994140625,1392.4012451171875,Red Laser,2.359562635421753,0.2981415804034145,Rainbow Trout,/home/chris/mnt/fishsense_data/__unsorted-data/2023.08.18.FishSense.Host01s Pool/07/Person01/P8180196.ORF
133981,520,10,518.0,/fishsense_data/__unsorted-data/2023.08.18.FishSense.Host01s Pool/07/Person01/P8180197.ORF,2043.8968505859373,1395.866455078125,Red Laser,2.4314494132995605,0.2947550107547156,Rainbow Trout,/home/chris/mnt/fishsense_data/__unsorted-data/2023.08.18.FishSense.Host01s Pool/07/Person01/P8180197.ORF
133982,520,10,518.0,/fishsense_data/__unsorted-data/2023.08.18.FishSense.Host01s Pool/07/Person01/P8180198.ORF,2046.06298828125,1400.5426025390625,Red Laser,2.5383129119873047,0.2945818430738244,Rainbow Trout,/home/chris/mnt/fishsense_data/__unsorted-data/2023.08.18.FishSense.Host01s Pool/07/Person01/P8180198.ORF
133984,520,10,518.0,/fishsense_data/__unsorted-data/2023.08.18.FishSense.Host01s Pool/07/Person01/P8180200.ORF,2048.03662109375,1408.5274658203125,Red Laser,2.72849702835083,0.2951510563920008,Rainbow Trout,/home/chris/mnt/fishsense_data/__unsorted-data/2023.08.18.FishSense.Host01s Pool/07/Person01/P8180200.ORF
133985,520,10,518.0,/fishsense_data/__unsorted-data/2023.08.18.FishSense.Host01s Pool/07/Person01/P8180201.ORF,2048.607666015625,1411.429443359375,Red Laser,2.8035686016082764,0.2945382547173874,Rainbow Trout,/home/chris/mnt/fishsense_data/__unsorted-data/2023.08.18.FishSense.Host01s Pool/07/Person01/P8180201.ORF
134389,521,2,,/fishsense_data/__unsorted-data/2023.08.18.FishSense.Host01s Pool/08_18_Pool_Test_FSL-02/P8180361.ORF,1899.22412109375,866.3101806640625,Red Laser,0.4158001840114593,0.2916768400656574,Rainbow Trout,/home/chris/mnt/fishsense_data/__unsorted-data/2023.08.18.FishSense.Host01s Pool/08_18_Pool_Test_FSL-02/P8180361.ORF
134347,521,2,,/fishsense_data/__unsorted-data/2023.08.18.FishSense.Host01s Pool/08_18_Pool_Test_FSL-02/P8180319.ORF,1956.5340576171875,1044.9554443359375,Red Laser,0.5606186389923096,0.1469694250152325,Box,/home/chris/mnt/fishsense_data/__unsorted-data/2023.08.18.FishSense.Host01s Pool/08_18_Pool_Test_FSL-02/P8180319.ORF
134352,521,2,,/fishsense_data/__unsorted-data/2023.08.18.FishSense.Host01s Pool/08_18_Pool_Test_FSL-02/P8180324.ORF,1976.698486328125,1104.9193115234375,Red Laser,0.6352093815803528,0.2996596826557308,Rainbow Trout,/home/chris/mnt/fishsense_data/__unsorted-data/2023.08.18.FishSense.Host01s Pool/08_18_Pool_Test_FSL-02/P8180324.ORF
134387,521,2,,/fishsense_data/__unsorted-data/2023.08.18.FishSense.Host01s Pool/08_18_Pool_Test_FSL-02/P8180359.ORF,1983.0784912109373,1133.8035888671873,Red Laser,0.6771455407142639,0.2976969575949078,Rainbow Trout,/home/chris/mnt/fishsense_data/__unsorted-data/2023.08.18.FishSense.Host01s Pool/08_18_Pool_Test_FSL-02/P8180359.ORF
134386,521,2,,/fishsense_data/__unsorted-data/2023.08.18.FishSense.Host01s Pool/08_18_Pool_Test_FSL-02/P8180358.ORF,2007.956787109375,1211.115966796875,Red Laser,0.8279122710227966,0.2990020329591683,Rainbow Trout,/home/chris/mnt/fishsense_data/__unsorted-data/2023.08.18.FishSense.Host01s Pool/08_18_Pool_Test_FSL-02/P8180358.ORF
134353,521,2,,/fishsense_data/__unsorted-data/2023.08.18.FishSense.Host01s Pool/08_18_Pool_Test_FSL-02/P8180325.ORF,2017.994140625,1242.29150390625,Red Laser,0.9095913171768188,0.3003522535761525,Rainbow Trout,/home/chris/mnt/fishsense_data/__unsorted-data/2023.08.18.FishSense.Host01s Pool/08_18_Pool_Test_FSL-02/P8180325.ORF
134354,521,2,,/fishsense_data/__unsorted-data/2023.08.18.FishSense.Host01s Pool/08_18_Pool_Test_FSL-02/P8180326.ORF,2026.982177734375,1267.1105957031252,Red Laser,0.9881369471549988,0.3001007611618834,Rainbow Trout,/home/chris/mnt/fishsense_data/__unsorted-data/2023.08.18.FishSense.Host01s Pool/08_18_Pool_Test_FSL-02/P8180326.ORF
134302,521,2,,/fishsense_data/__unsorted-data/2023.08.18.FishSense.Host01s Pool/08_18_Pool_Test_FSL-02/P8180274.ORF,2033.7142333984373,1295.6650390625002,Red Laser,1.092603325843811,0.1487037049854431,Box,/home/chris/mnt/fishsense_data/__unsorted-data/2023.08.18.FishSense.Host01s Pool/08_18_Pool_Test_FSL-02/P8180274.ORF
134303,521,2,,/fishsense_data/__unsorted-data/2023.08.18.FishSense.Host01s Pool/08_18_Pool_Test_FSL-02/P8180275.ORF,2042.39208984375,1319.521484375,Red Laser,1.2031023502349854,0.1496153975761203,Box,/home/chris/mnt/fishsense_data/__unsorted-data/2023.08.18.FishSense.Host01s Pool/08_18_Pool_Test_FSL-02/P8180275.ORF
134383,521,2,,/fishsense_data/__unsorted-data/2023.08.18.FishSense.Host01s Pool/08_18_Pool_Test_FSL-02/P8180355.ORF,2044.1798095703125,1329.2154541015625,Red Laser,1.2517404556274414,0.3024642087111193,Rainbow Trout,/home/chris/mnt/fishsense_data/__unsorted-data/2023.08.18.FishSense.Host01s Pool/08_18_Pool_Test_FSL-02/P8180355.ORF
134342,521,2,,/fishsense_data/__unsorted-data/2023.08.18.FishSense.Host01s Pool/08_18_Pool_Test_FSL-02/P8180314.ORF,2050.338134765625,1347.765869140625,Red Laser,1.362087368965149,0.1479822434282927,Box,/home/chris/mnt/fishsense_data/__unsorted-data/2023.08.18.FishSense.Host01s Pool/08_18_Pool_Test_FSL-02/P8180314.ORF
134359,521,2,,/fishsense_data/__unsorted-data/2023.08.18.FishSense.Host01s Pool/08_18_Pool_Test_FSL-02/P8180331.ORF,2055.619384765625,1363.0718994140625,Red Laser,1.4693795442581177,0.3047799026313538,Rainbow Trout,/home/chris/mnt/fishsense_data/__unsorted-data/2023.08.18.FishSense.Host01s Pool/08_18_Pool_Test_FSL-02/P8180331.ORF
134341,521,2,,/fishsense_data/__unsorted-data/2023.08.18.FishSense.Host01s Pool/08_18_Pool_Test_FSL-02/P8180313.ORF,2057.19921875,1367.947021484375,Red Laser,1.5070195198059082,0.1491547987665656,Box,/home/chris/mnt/fishsense_data/__unsorted-data/2023.08.18.FishSense.Host01s Pool/08_18_Pool_Test_FSL-02/P8180313.ORF
134360,521,2,,/fishsense_data/__unsorted-data/2023.08.18.FishSense.Host01s Pool/08_18_Pool_Test_FSL-02/P8180332.ORF,2060.726318359375,1376.8663330078125,Red Laser,1.5826524496078491,0.3039625983961014,Rainbow Trout,/home/chris/mnt/fishsense_data/__unsorted-data/2023.08.18.FishSense.Host01s Pool/08_18_Pool_Test_FSL-02/P8180332.ORF
134362,521,2,,/fishsense_data/__unsorted-data/2023.08.18.FishSense.Host01s Pool/08_18_Pool_Test_FSL-02/P8180334.ORF,2064.546142578125,1387.7178955078125,Red Laser,1.684215068817139,0.3034933995355943,Rainbow Trout,/home/chris/mnt/fishsense_data/__unsorted-data/2023.08.18.FishSense.Host01s Pool/08_18_Pool_Test_FSL-02/P8180334.ORF
134339,521,2,,/fishsense_data/__unsorted-data/2023.08.18.FishSense.Host01s Pool/08_18_Pool_Test_FSL-02/P8180311.ORF,2065.826171875,1401.12841796875,Red Laser,1.8168730735778809,0.1492225668979397,Box,/home/chris/mnt/fishsense_data/__unsorted-data/2023.08.18.FishSense.Host01s Pool/08_18_Pool_Test_FSL-02/P8180311.ORF
134363,521,2,,/fishsense_data/__unsorted-data/2023.08.18.FishSense.Host01s Pool/08_18_Pool_Test_FSL-02/P8180335.ORF,2071.400146484375,1412.003173828125,Red Laser,1.959600687026977,0.3050320739370634,Rainbow Trout,/home/chris/mnt/fishsense_data/__unsorted-data/2023.08.18.FishSense.Host01s Pool/08_18_Pool_Test_FSL-02/P8180335.ORF
134380,521,2,,/fishsense_data/__unsorted-data/2023.08.18.FishSense.Host01s Pool/08_18_Pool_Test_FSL-02/P8180352.ORF,2071.175292968749,1413.02734375,Red Laser,1.97108805179596,0.3030684578515945,Rainbow Trout,/home/chris/mnt/fishsense_data/__unsorted-data/2023.08.18.FishSense.Host01s Pool/08_18_Pool_Test_FSL-02/P8180352.ORF
134365,521,2,,/fishsense_data/__unsorted-data/2023.08.18.FishSense.Host01s Pool/08_18_Pool_Test_FSL-02/P8180337.ORF,2072.830322265625,1417.03564453125,Red Laser,2.028493642807007,0.3003961339320873,Rainbow Trout,/home/chris/mnt/fishsense_data/__unsorted-data/2023.08.18.FishSense.Host01s Pool/08_18_Pool_Test_FSL-02/P8180337.ORF
134366,521,2,,/fishsense_data/__unsorted-data/2023.08.18.FishSense.Host01s Pool/08_18_Pool_Test_FSL-02/P8180338.ORF,2075.41845703125,1424.47607421875,Red Laser,2.141929864883423,0.3019718623331509,Rainbow Trout,/home/chris/mnt/fishsense_data/__unsorted-data/2023.08.18.FishSense.Host01s Pool/08_18_Pool_Test_FSL-02/P8180338.ORF
134312,521,2,,/fishsense_data/__unsorted-data/2023.08.18.FishSense.Host01s Pool/08_18_Pool_Test_FSL-02/P8180284.ORF,2076.171875,1432.341064453125,Red Laser,2.265031099319458,0.148539204623917,Box,/home/chris/mnt/fishsense_data/__unsorted-data/2023.08.18.FishSense.Host01s Pool/08_18_Pool_Test_FSL-02/P8180284.ORF
134377,521,2,,/fishsense_data/__unsorted-data/2023.08.18.FishSense.Host01s Pool/08_18_Pool_Test_FSL-02/P8180349.ORF,2077.453369140625,1433.5712890625,Red Laser,2.2924675941467285,0.3009607660935908,Rainbow Trout,/home/chris/mnt/fishsense_data/__unsorted-data/2023.08.18.FishSense.Host01s Pool/08_18_Pool_Test_FSL-02/P8180349.ORF
134369,521,2,,/fishsense_data/__unsorted-data/2023.08.18.FishSense.Host01s Pool/08_18_Pool_Test_FSL-02/P8180341.ORF,2079.980224609375,1438.9810791015625,Red Laser,2.4005815982818604,0.3027623575671119,Rainbow Trout,/home/chris/mnt/fishsense_data/__unsorted-data/2023.08.18.FishSense.Host01s Pool/08_18_Pool_Test_FSL-02/P8180341.ORF
134315,521,2,,/fishsense_data/__unsorted-data/2023.08.18.FishSense.Host01s Pool/08_18_Pool_Test_FSL-02/P8180287.ORF,2081.3828125,1449.780517578125,Red Laser,2.6225626468658447,0.146768949662109,Box,/home/chris/mnt/fishsense_data/__unsorted-data/2023.08.18.FishSense.Host01s Pool/08_18_Pool_Test_FSL-02/P8180287.ORF
134318,521,2,,/fishsense_data/__unsorted-data/2023.08.18.FishSense.Host01s Pool/08_18_Pool_Test_FSL-02/P8180290.ORF,2086.2541503906245,1461.89013671875,Red Laser,2.957947969436645,0.1494816487144089,Box,/home/chris/mnt/fishsense_data/__unsorted-data/2023.08.18.FishSense.Host01s Pool/08_18_Pool_Test_FSL-02/P8180290.ORF
134319,521,2,,/fishsense_data/__unsorted-data/2023.08.18.FishSense.Host01s Pool/08_18_Pool_Test_FSL-02/P8180291.ORF,2086.527099609375,1465.0537109375,Red Laser,3.0491058826446533,0.148415299861708,Box,/home/chris/mnt/fishsense_data/__unsorted-data/2023.08.18.FishSense.Host01s Pool/08_18_Pool_Test_FSL-02/P8180291.ORF
134372,521,2,,/fishsense_data/__unsorted-data/2023.08.18.FishSense.Host01s Pool/08_18_Pool_Test_FSL-02/P8180344.ORF,2088.14599609375,1468.197021484375,Red Laser,3.161548852920532,0.300007620954952,Rainbow Trout,/home/chris/mnt/fishsense_data/__unsorted-data/2023.08.18.FishSense.Host01s Pool/08_18_Pool_Test_FSL-02/P8180344.ORF
134323,521,2,,/fishsense_data/__unsorted-data/2023.08.18.FishSense.Host01s Pool/08_18_Pool_Test_FSL-02/P8180295.ORF,2090.446777343749,1478.4095458984375,Red Laser,3.545579433441162,0.1460577697033787,Box,/home/chris/mnt/fishsense_data/__unsorted-data/2023.08.18.FishSense.Host01s Pool/08_18_Pool_Test_FSL-02/P8180295.ORF
134328,521,2,,/fishsense_data/__unsorted-data/2023.08.18.FishSense.Host01s Pool/08_18_Pool_Test_FSL-02/P8180300.ORF,2094.2900390625005,1485.4073486328125,Red Laser,3.9103174209594727,0.1477294944989264,Box,/home/chris/mnt/fishsense_data/__unsorted-data/2023.08.18.FishSense.Host01s Pool/08_18_Pool_Test_FSL-02/P8180300.ORF
134331,521,2,,/fishsense_data/__unsorted-data/2023.08.18.FishSense.Host01s Pool/08_18_Pool_Test_FSL-02/P8180303.ORF,2094.147216796875,1488.83984375,Red Laser,4.076519966125488,0.1459736920339976,Box,/home/chris/mnt/fishsense_data/__unsorted-data/2023.08.18.FishSense.Host01s Pool/08_18_Pool_Test_FSL-02/P8180303.ORF
134661,522,3,,/fishsense_data/__unsorted-data/2023.08.18.FishSense.Host01s Pool/08_18_Pool_Test_FSL-03/P8180272.ORF,1762.53076171875,761.7442626953125,Red Laser,0.3596043288707733,0.2814771016064497,Rainbow Trout,/home/chris/mnt/fishsense_data/__unsorted-data/2023.08.18.FishSense.Host01s Pool/08_18_Pool_Test_FSL-03/P8180272.ORF
134659,522,3,,/fishsense_data/__unsorted-data/2023.08.18.FishSense.Host01s Pool/08_18_Pool_Test_FSL-03/P8180270.ORF,1802.5343017578125,892.9197998046875,Red Laser,0.4317556321620941,0.2885059697366648,Rainbow Trout,/home/chris/mnt/fishsense_data/__unsorted-data/2023.08.18.FishSense.Host01s Pool/08_18_Pool_Test_FSL-03/P8180270.ORF
134590,522,3,,/fishsense_data/__unsorted-data/2023.08.18.FishSense.Host01s Pool/08_18_Pool_Test_FSL-03/P8180201.ORF,1838.0274658203125,1001.140625,Red Laser,0.5181049704551697,0.2912106685805293,Rainbow Trout,/home/chris/mnt/fishsense_data/__unsorted-data/2023.08.18.FishSense.Host01s Pool/08_18_Pool_Test_FSL-03/P8180201.ORF
134581,522,3,,/fishsense_data/__unsorted-data/2023.08.18.FishSense.Host01s Pool/08_18_Pool_Test_FSL-03/P8180192.ORF,1859.1689453125,1063.4704589843752,Red Laser,0.5857934355735779,0.145592963226153,Box,/home/chris/mnt/fishsense_data/__unsorted-data/2023.08.18.FishSense.Host01s Pool/08_18_Pool_Test_FSL-03/P8180192.ORF
134653,522,3,,/fishsense_data/__unsorted-data/2023.08.18.FishSense.Host01s Pool/08_18_Pool_Test_FSL-03/P8180264.ORF,1879.2783203125,1135.0421142578125,Red Laser,0.6871456503868103,0.291328553927332,Rainbow Trout,/home/chris/mnt/fishsense_data/__unsorted-data/2023.08.18.FishSense.Host01s Pool/08_18_Pool_Test_FSL-03/P8180264.ORF
134651,522,3,,/fishsense_data/__unsorted-data/2023.08.18.FishSense.Host01s Pool/08_18_Pool_Test_FSL-03/P8180262.ORF,1892.8763427734373,1176.6876220703127,Red Laser,0.7652053833007812,0.2924822242787562,Rainbow Trout,/home/chris/mnt/fishsense_data/__unsorted-data/2023.08.18.FishSense.Host01s Pool/08_18_Pool_Test_FSL-03/P8180262.ORF
134576,522,3,,/fishsense_data/__unsorted-data/2023.08.18.FishSense.Host01s Pool/08_18_Pool_Test_FSL-03/P8180187.ORF,1899.9830322265625,1201.7832031250002,Red Laser,0.8206917643547058,0.1468850316060381,Box,/home/chris/mnt/fishsense_data/__unsorted-data/2023.08.18.FishSense.Host01s Pool/08_18_Pool_Test_FSL-03/P8180187.ORF
134647,522,3,,/fishsense_data/__unsorted-data/2023.08.18.FishSense.Host01s Pool/08_18_Pool_Test_FSL-03/P8180258.ORF,1909.451904296875,1232.8460693359375,Red Laser,0.9021695256233216,0.2935514411935136,Rainbow Trout,/home/chris/mnt/fishsense_data/__unsorted-data/2023.08.18.FishSense.Host01s Pool/08_18_Pool_Test_FSL-03/P8180258.ORF
134504,522,3,,/fishsense_data/__unsorted-data/2023.08.18.FishSense.Host01s Pool/08_18_Pool_Test_FSL-03/P8180115.ORF,1915.442626953125,1248.533935546875,Red Laser,0.9509189128875732,0.1481326374519776,Box,/home/chris/mnt/fishsense_data/__unsorted-data/2023.08.18.FishSense.Host01s Pool/08_18_Pool_Test_FSL-03/P8180115.ORF
134505,522,3,,/fishsense_data/__unsorted-data/2023.08.18.FishSense.Host01s Pool/08_18_Pool_Test_FSL-03/P8180116.ORF,1920.5015869140625,1267.114990234375,Red Laser,1.0137745141983032,0.1491963040033873,Box,/home/chris/mnt/fishsense_data/__unsorted-data/2023.08.18.FishSense.Host01s Pool/08_18_Pool_Test_FSL-03/P8180116.ORF
134570,522,3,,/fishsense_data/__unsorted-data/2023.08.18.FishSense.Host01s Pool/08_18_Pool_Test_FSL-03/P8180181.ORF,1927.0072021484373,1290.6162109375,Red Laser,1.1063811779022217,0.1479107011292931,Box,/home/chris/mnt/fishsense_data/__unsorted-data/2023.08.18.FishSense.Host01s Pool/08_18_Pool_Test_FSL-03/P8180181.ORF
134508,522,3,,/fishsense_data/__unsorted-data/2023.08.18.FishSense.Host01s Pool/08_18_Pool_Test_FSL-03/P8180119.ORF,1933.2178955078125,1305.9216308593748,Red Laser,1.179242730140686,0.1481907930534957,Box,/home/chris/mnt/fishsense_data/__unsorted-data/2023.08.18.FishSense.Host01s Pool/08_18_Pool_Test_FSL-03/P8180119.ORF
134565,522,3,,/fishsense_data/__unsorted-data/2023.08.18.FishSense.Host01s Pool/08_18_Pool_Test_FSL-03/P8180176.ORF,1936.3560791015625,1321.5841064453125,Red Laser,1.2590869665145874,0.1499275530746092,Box,/home/chris/mnt/fishsense_data/__unsorted-data/2023.08.18.FishSense.Host01s Pool/08_18_Pool_Test_FSL-03/P8180176.ORF
134603,522,3,,/fishsense_data/__unsorted-data/2023.08.18.FishSense.Host01s Pool/08_18_Pool_Test_FSL-03/P8180214.ORF,1940.49169921875,1336.404052734375,Red Laser,1.3474093675613403,0.292909054617817,Rainbow Trout,/home/chris/mnt/fishsense_data/__unsorted-data/2023.08.18.FishSense.Host01s Pool/08_18_Pool_Test_FSL-03/P8180214.ORF
134512,522,3,,/fishsense_data/__unsorted-data/2023.08.18.FishSense.Host01s Pool/08_18_Pool_Test_FSL-03/P8180123.ORF,1944.337890625,1342.641357421875,Red Laser,1.39275062084198,0.1480923801007437,Box,/home/chris/mnt/fishsense_data/__unsorted-data/2023.08.18.FishSense.Host01s Pool/08_18_Pool_Test_FSL-03/P8180123.ORF
134606,522,3,,/fishsense_data/__unsorted-data/2023.08.18.FishSense.Host01s Pool/08_18_Pool_Test_FSL-03/P8180217.ORF,1947.3837890625,1358.6025390625,Red Laser,1.5074167251586914,0.2938351490510822,Rainbow Trout,/home/chris/mnt/fishsense_data/__unsorted-data/2023.08.18.FishSense.Host01s Pool/08_18_Pool_Test_FSL-03/P8180217.ORF
134608,522,3,,/fishsense_data/__unsorted-data/2023.08.18.FishSense.Host01s Pool/08_18_Pool_Test_FSL-03/P8180219.ORF,1950.58203125,1372.03662109375,Red Laser,1.6212916374206543,0.2910447235355709,Rainbow Trout,/home/chris/mnt/fishsense_data/__unsorted-data/2023.08.18.FishSense.Host01s Pool/08_18_Pool_Test_FSL-03/P8180219.ORF
134519,522,3,,/fishsense_data/__unsorted-data/2023.08.18.FishSense.Host01s Pool/08_18_Pool_Test_FSL-03/P8180130.ORF,1957.84375,1386.6717529296875,Red Laser,1.7796118259429932,0.1485637915863972,Box,/home/chris/mnt/fishsense_data/__unsorted-data/2023.08.18.FishSense.Host01s Pool/08_18_Pool_Test_FSL-03/P8180130.ORF
134613,522,3,,/fishsense_data/__unsorted-data/2023.08.18.FishSense.Host01s Pool/08_18_Pool_Test_FSL-03/P8180224.ORF,1961.1057128906248,1399.97900390625,Red Laser,1.939408779144287,0.2897993020328422,Rainbow Trout,/home/chris/mnt/fishsense_data/__unsorted-data/2023.08.18.FishSense.Host01s Pool/08_18_Pool_Test_FSL-03/P8180224.ORF
134561,522,3,,/fishsense_data/__unsorted-data/2023.08.18.FishSense.Host01s Pool/08_18_Pool_Test_FSL-03/P8180172.ORF,1962.011474609375,1406.1998291015625,Red Laser,2.021627187728882,0.1477928906263387,Box,/home/chris/mnt/fishsense_data/__unsorted-data/2023.08.18.FishSense.Host01s Pool/08_18_Pool_Test_FSL-03/P8180172.ORF
134626,522,3,,/fishsense_data/__unsorted-data/2023.08.18.FishSense.Host01s Pool/08_18_Pool_Test_FSL-03/P8180237.ORF,1962.5479736328125,1412.5723876953125,Red Laser,2.110913753509521,0.2916315767602144,Rainbow Trout,/home/chris/mnt/fishsense_data/__unsorted-data/2023.08.18.FishSense.Host01s Pool/08_18_Pool_Test_FSL-03/P8180237.ORF
134617,522,3,,/fishsense_data/__unsorted-data/2023.08.18.FishSense.Host01s Pool/08_18_Pool_Test_FSL-03/P8180228.ORF,1965.8428955078125,1416.64501953125,Red Laser,2.188377618789673,0.285354834786128,Rainbow Trout,/home/chris/mnt/fishsense_data/__unsorted-data/2023.08.18.FishSense.Host01s Pool/08_18_Pool_Test_FSL-03/P8180228.ORF
134618,522,3,,/fishsense_data/__unsorted-data/2023.08.18.FishSense.Host01s Pool/08_18_Pool_Test_FSL-03/P8180229.ORF,1967.070068359375,1421.526611328125,Red Laser,2.272946119308472,0.290461185113668,Rainbow Trout,/home/chris/mnt/fishsense_data/__unsorted-data/2023.08.18.FishSense.Host01s Pool/08_18_Pool_Test_FSL-03/P8180229.ORF
134619,522,3,,/fishsense_data/__unsorted-data/2023.08.18.FishSense.Host01s Pool/08_18_Pool_Test_FSL-03/P8180230.ORF,1967.93994140625,1426.2410888671875,Red Laser,2.359066963195801,0.2908848918052968,Rainbow Trout,/home/chris/mnt/fishsense_data/__unsorted-data/2023.08.18.FishSense.Host01s Pool/08_18_Pool_Test_FSL-03/P8180230.ORF
134529,522,3,,/fishsense_data/__unsorted-data/2023.08.18.FishSense.Host01s Pool/08_18_Pool_Test_FSL-03/P8180140.ORF,1971.1112060546875,1429.5313720703125,Red Laser,2.4397130012512207,0.1478639571922125,Box,/home/chris/mnt/fishsense_data/__unsorted-data/2023.08.18.FishSense.Host01s Pool/08_18_Pool_Test_FSL-03/P8180140.ORF
134634,522,3,,/fishsense_data/__unsorted-data/2023.08.18.FishSense.Host01s Pool/08_18_Pool_Test_FSL-03/P8180245.ORF,1969.790283203125,1433.1485595703125,Red Laser,2.5016913414001465,0.283852118215799,Rainbow Trout,/home/chris/mnt/fishsense_data/__unsorted-data/2023.08.18.FishSense.Host01s Pool/08_18_Pool_Test_FSL-03/P8180245.ORF
134635,522,3,,/fishsense_data/__unsorted-data/2023.08.18.FishSense.Host01s Pool/08_18_Pool_Test_FSL-03/P8180246.ORF,1971.1434326171875,1437.22119140625,Red Laser,2.596214056015014,0.294048371838711,Rainbow Trout,/home/chris/mnt/fishsense_data/__unsorted-data/2023.08.18.FishSense.Host01s Pool/08_18_Pool_Test_FSL-03/P8180246.ORF
134532,522,3,,/fishsense_data/__unsorted-data/2023.08.18.FishSense.Host01s Pool/08_18_Pool_Test_FSL-03/P8180143.ORF,1973.152587890625,1440.7113037109375,Red Laser,2.6900737285614014,0.1501603013471801,Box,/home/chris/mnt/fishsense_data/__unsorted-data/2023.08.18.FishSense.Host01s Pool/08_18_Pool_Test_FSL-03/P8180143.ORF
134548,522,3,,/fishsense_data/__unsorted-data/2023.08.18.FishSense.Host01s Pool/08_18_Pool_Test_FSL-03/P8180159.ORF,1976.2191162109373,1447.6741943359375,Red Laser,2.889889717102051,0.1473294029800175,Box,/home/chris/mnt/fishsense_data/__unsorted-data/2023.08.18.FishSense.Host01s Pool/08_18_Pool_Test_FSL-03/P8180159.ORF
134551,522,3,,/fishsense_data/__unsorted-data/2023.08.18.FishSense.Host01s Pool/08_18_Pool_Test_FSL-03/P8180162.ORF,1977.150390625,1453.7508544921875,Red Laser,3.071636438369751,0.1504423194120895,Box,/home/chris/mnt/fishsense_data/__unsorted-data/2023.08.18.FishSense.Host01s Pool/08_18_Pool_Test_FSL-03/P8180162.ORF
131998,527,2,489.0,/fishsense_data/__unsorted-data/2023.08.14.FishSense.Host01s Pool/ED-00/FSL-02D/LaserCalibration3/P8140143.ORF,1891.994140625,1022.9617309570312,Red Laser,0.5971083641052246,0.2872747870447113,Rainbow Trout,
132062,527,2,489.0,/fishsense_data/__unsorted-data/2023.08.14.FishSense.Host01s Pool/ED-00/FSL-02D/LaserCalibration3/P8140207.ORF,1915.552001953125,1105.1716308593752,Red Laser,0.7201901078224182,0.2958845549329024,Rainbow Trout,
132061,527,2,489.0,/fishsense_data/__unsorted-data/2023.08.14.FishSense.Host01s Pool/ED-00/FSL-02D/LaserCalibration3/P8140206.ORF,1932.2867431640625,1157.7274169921875,Red Laser,0.8306843638420105,0.2980951839053951,Rainbow Trout,
132060,527,2,489.0,/fishsense_data/__unsorted-data/2023.08.14.FishSense.Host01s Pool/ED-00/FSL-02D/LaserCalibration3/P8140205.ORF,1945.720703125,1204.62158203125,Red Laser,0.9610008001327516,0.3001748740758569,Rainbow Trout,
132003,527,2,489.0,/fishsense_data/__unsorted-data/2023.08.14.FishSense.Host01s Pool/ED-00/FSL-02D/LaserCalibration3/P8140148.ORF,1960.2396240234373,1237.9624023437498,Red Laser,1.0874863862991333,0.3038164558881863,Rainbow Trout,
132058,527,2,489.0,/fishsense_data/__unsorted-data/2023.08.14.FishSense.Host01s Pool/ED-00/FSL-02D/LaserCalibration3/P8140203.ORF,1966.1552734375,1269.5028076171875,Red Laser,1.2303093671798706,0.3034392703618925,Rainbow Trout,
132005,527,2,489.0,/fishsense_data/__unsorted-data/2023.08.14.FishSense.Host01s Pool/ED-00/FSL-02D/LaserCalibration3/P8140150.ORF,1974.654541015625,1289.2239990234373,Red Laser,1.3489755392074585,0.3028218941714769,Rainbow Trout,
132006,527,2,489.0,/fishsense_data/__unsorted-data/2023.08.14.FishSense.Host01s Pool/ED-00/FSL-02D/LaserCalibration3/P8140151.ORF,1980.01123046875,1311.6658935546875,Red Laser,1.5055546760559082,0.3057455863729995,Rainbow Trout,
132007,527,2,489.0,/fishsense_data/__unsorted-data/2023.08.14.FishSense.Host01s Pool/ED-00/FSL-02D/LaserCalibration3/P8140152.ORF,1987.210929148418,1326.6490563431732,Red Laser,1.641412377357483,0.3088444493271395,Rainbow Trout,
132008,527,2,489.0,/fishsense_data/__unsorted-data/2023.08.14.FishSense.Host01s Pool/ED-00/FSL-02D/LaserCalibration3/P8140153.ORF,1987.8070344000744,1338.2763181069463,Red Laser,1.750098705291748,0.3080388368602618,Rainbow Trout,
132009,527,2,489.0,/fishsense_data/__unsorted-data/2023.08.14.FishSense.Host01s Pool/ED-00/FSL-02D/LaserCalibration3/P8140154.ORF,1991.1751708984373,1348.316650390625,Red Laser,1.8660314083099363,0.3057943787377169,Rainbow Trout,
132010,527,2,489.0,/fishsense_data/__unsorted-data/2023.08.14.FishSense.Host01s Pool/ED-00/FSL-02D/LaserCalibration3/P8140155.ORF,1994.0012207031248,1357.0770263671875,Red Laser,1.979851245880127,0.3078365410816738,Rainbow Trout,
132051,527,2,489.0,/fishsense_data/__unsorted-data/2023.08.14.FishSense.Host01s Pool/ED-00/FSL-02D/LaserCalibration3/P8140196.ORF,1999.95751953125,1376.3072509765625,Red Laser,2.284754514694214,0.3098418896987621,Rainbow Trout,
132050,527,2,489.0,/fishsense_data/__unsorted-data/2023.08.14.FishSense.Host01s Pool/ED-00/FSL-02D/LaserCalibration3/P8140195.ORF,2003.0468908593705,1384.573816549565,Red Laser,2.4494426250457764,0.3118388749578533,Rainbow Trout,
132014,527,2,489.0,/fishsense_data/__unsorted-data/2023.08.14.FishSense.Host01s Pool/ED-00/FSL-02D/LaserCalibration3/P8140159.ORF,2004.8505859375,1389.006591796875,Red Laser,2.549377918243408,0.30179213808132,Rainbow Trout,
132015,527,2,489.0,/fishsense_data/__unsorted-data/2023.08.14.FishSense.Host01s Pool/ED-00/FSL-02D/LaserCalibration3/P8140160.ORF,2006.137939453125,1398.8856201171875,Red Laser,2.782925844192505,0.3134425440969587,Rainbow Trout,
132016,527,2,489.0,/fishsense_data/__unsorted-data/2023.08.14.FishSense.Host01s Pool/ED-00/FSL-02D/LaserCalibration3/P8140161.ORF,2008.3138427734373,1400.3270263671875,Red Laser,2.8356308937072754,0.3052347460491597,Rainbow Trout,
132046,527,2,489.0,/fishsense_data/__unsorted-data/2023.08.14.FishSense.Host01s Pool/ED-00/FSL-02D/LaserCalibration3/P8140191.ORF,2007.8671875,1404.158935546875,Red Laser,2.933986186981201,0.3097960369790765,Rainbow Trout,
132044,527,2,489.0,/fishsense_data/__unsorted-data/2023.08.14.FishSense.Host01s Pool/ED-00/FSL-02D/LaserCalibration3/P8140189.ORF,2009.8359375,1412.0477294921875,Red Laser,3.188420295715332,0.3131400938274297,Rainbow Trout,
132043,527,2,489.0,/fishsense_data/__unsorted-data/2023.08.14.FishSense.Host01s Pool/ED-00/FSL-02D/LaserCalibration3/P8140188.ORF,2011.529296875,1412.4039306640625,Red Laser,3.217607021331787,0.3038977591547564,Rainbow Trout,
132042,527,2,489.0,/fishsense_data/__unsorted-data/2023.08.14.FishSense.Host01s Pool/ED-00/FSL-02D/LaserCalibration3/P8140187.ORF,2012.01318359375,1414.5628662109375,Red Laser,3.2956442832946777,0.3006665330565219,Rainbow Trout,
132021,527,2,489.0,/fishsense_data/__unsorted-data/2023.08.14.FishSense.Host01s Pool/ED-00/FSL-02D/LaserCalibration3/P8140166.ORF,2011.9407958984373,1417.6058349609375,Red Laser,3.4041426181793213,0.30035463997269,Rainbow Trout,
132022,527,2,489.0,/fishsense_data/__unsorted-data/2023.08.14.FishSense.Host01s Pool/ED-00/FSL-02D/LaserCalibration3/P8140167.ORF,2013.9324951171875,1420.3397216796875,Red Laser,3.533090829849243,0.3044959454783291,Rainbow Trout,
132038,527,2,489.0,/fishsense_data/__unsorted-data/2023.08.14.FishSense.Host01s Pool/ED-00/FSL-02D/LaserCalibration3/P8140183.ORF,2014.9051513671875,1424.423095703125,Red Laser,3.7175076007843018,0.3044954804133907,Rainbow Trout,
132040,527,2,489.0,/fishsense_data/__unsorted-data/2023.08.14.FishSense.Host01s Pool/ED-00/FSL-02D/LaserCalibration3/P8140185.ORF,2014.4080810546875,1425.3763427734375,Red Laser,3.753056049346924,0.3244608689727212,Rainbow Trout,
132035,527,2,489.0,/fishsense_data/__unsorted-data/2023.08.14.FishSense.Host01s Pool/ED-00/FSL-02D/LaserCalibration3/P8140180.ORF,2015.395263671875,1429.940673828125,Red Laser,3.986636161804199,0.3029971292728246,Rainbow Trout,
132026,527,2,489.0,/fishsense_data/__unsorted-data/2023.08.14.FishSense.Host01s Pool/ED-00/FSL-02D/LaserCalibration3/P8140171.ORF,2018.3658447265627,1430.906982421875,Red Laser,4.081654071807861,0.3001677400390893,Rainbow Trout,
132025,527,2,489.0,/fishsense_data/__unsorted-data/2023.08.14.FishSense.Host01s Pool/ED-00/FSL-02D/LaserCalibration3/P8140170.ORF,2015.9554443359373,1433.2564697265625,Red Laser,4.171350479125977,0.3102072159281231,Rainbow Trout,
132028,527,2,489.0,/fishsense_data/__unsorted-data/2023.08.14.FishSense.Host01s Pool/ED-00/FSL-02D/LaserCalibration3/P8140173.ORF,2017.8077392578127,1438.7401123046875,Red Laser,4.537211894989014,0.3146709885416408,Rainbow Trout,
132032,527,2,489.0,/fishsense_data/__unsorted-data/2023.08.14.FishSense.Host01s Pool/ED-00/FSL-02D/LaserCalibration3/P8140177.ORF,2020.1507568359373,1445.1019287109375,Red Laser,5.059840679168701,0.3141291714597469,Rainbow Trout,
