63|3|4014|[[1928.853916122603, 1315.775991284316], [1998.3541999828144, 1327.7694031009007], [2049.403081048277, 1337.4563895681422], [2117.6514354091983, 1350.1558313930466], [1909.393061947651, 1431.014784121153], [1979.048523304415, 1443.3741634183023], [2026.8428860199788, 1453.0902072588358], [2096.5697888755726, 1464.878054565365]]|1985.3223997484213|1429.7642255227465|2023-08-29 13:38:49+00
63|3|4007|[[1818.1028216891868, 1157.6631067720766], [1931.9462855541801, 1174.891642846601], [2014.710821598464, 1189.7554778912884], [2128.892099896291, 1208.3352716971478], [1790.0642237639809, 1349.5417046216799], [1903.5698731961397, 1367.7836839947056], [1982.956264912084, 1380.9584468752241], [2096.12409991141, 1398.1869829497482]]|1956.9689686312056|1340.3354114603287|2023-08-29 13:38:39+00
80|6|3246|[[1935.6656967359045, 1166.950363140203], [2038.1206946728194, 1184.0687792543515], [2114.2593215685843, 1197.354714148914], [2215.1813270176667, 1214.473130263062], [1909.6048244427243, 1339.6675167695187], [2012.05982237964, 1357.2969303796112], [2083.343973063929, 1369.3053715343124], [2185.032474756929, 1385.6572914045435]]|2063.579472508676|1328.3942385977302|2023-08-29 10:53:09+00
62|5|4096|[[1932.123834474774, 1299.954349325236], [1991.2773955039042, 1302.954892275989], [2034.2137362992003, 1306.098318224397], [2093.010089834193, 1309.6703931657694], [1927.9564763912044, 1395.0451531175752], [1986.263680990383, 1399.7743898648778], [2027.565871557586, 1401.0072910758392], [2086.067034017698, 1405.0142200114633]]|2015.7118562906417|1399.7127571261663|2023-08-29 13:46:05+00
62|5|4074|[[1859.4837441930072, 1163.8107742062355], [1962.9069320913582, 1170.5670628629116], [2037.226107314796, 1174.9846362153537], [2140.3894379571198, 1181.221210359978], [1852.6234830930093, 1332.3401230965392], [1954.9812562416532, 1338.0829684547136], [2025.2466582710845, 1342.4745560815536], [2127.2666169868958, 1347.879587006894]]|1988.430226965408|1314.4329637364838|2023-08-29 13:45:46+00
77|1|3714|[[1857.1214832390447, 1357.8559317908055], [1912.8305262924127, 1357.974210013849], [1953.2816785732025, 1357.6193753447192], [2008.131929502773, 1357.9522787594797], [1857.9946250256849, 1451.3090118857674], [1913.73469553941, 1451.3090118857674], [1952.6742377574487, 1450.916476177924], [2007.7044472202838, 1450.7726490018763]]|1949.905789588061|1435.7221891196966|2023-08-29 13:31:10+00
71|2|3878|[[1860.7430147867894, 1130.4134477601854], [1993.687737487397, 1144.6068345253748], [2090.2027674906826, 1154.7787617070937], [2223.3840466373736, 1169.4452613644557], [1839.5913819009925, 1355.7553868039945], [1972.5392206810561, 1369.56463278726], [2065.7846755902033, 1379.2999811520285], [2198.1909753121004, 1392.5676880771268]]|2039.9548143545574|1316.2158245273092|2023-08-29 13:35:40+00
427|6|118625|[[2041.3443909108564, 1373.8604319156702], [2113.047405359148, 1430.0341838764982], [2177.6568060785994, 1381.5292035144182], [2196.82873507547, 1400.5094132213192], [2111.130212459462, 1466.8442875504877], [2019.1049532744883, 1395.141273102196]]|2098.3798045800936|1398.4820683148669|2024-08-21 08:58:22+00
94|4|17671|[[1923.3420520479053, 1294.5739868874512], [1990.9407619903673, 1308.5809267854384], [2039.5376775383588, 1318.174843877966], [2106.5273900939496, 1331.572786389084], [1901.9042681059632, 1410.742446682055], [1968.893980661554, 1423.22689311287], [2017.0047742242064, 1432.6663526093391], [2083.080990699493, 1445.7597964270228]]|2022.446118106025|1386.1191750823623|2023-08-31 16:09:39+00
347|2|102744|[[2147.6441309232086, 1478.942543843528], [2030.4004779674005, 1368.6112150982653], [1946.1232943234272, 1481.0694128313885], [1906.7762180480086, 1447.0395090256206], [2020.5637088985432, 1289.3853453004617], [2179.2821046935005, 1436.9658599232425]]|2005.5233401403043|1343.5727618284175|2024-03-14 11:19:55+00
63|3|4015|[[1897.26542206138, 1324.1649215649466], [1967.226990991459, 1336.0045716915754], [2017.1995402272282, 1345.8453198487732], [2086.5460623974827, 1357.8387316653582], [1878.6602575766779, 1440.101235791934], [1947.8530180569746, 1452.8634560583], [1996.287950393183, 1461.0128256259798], [2065.019425803612, 1472.3911906827395]]|1985.0518048226475|1428.9548523639196|2023-08-29 13:38:49+00
80|6|3259|[[1970.8476024817078, 1288.000231088586], [2044.5845411465311, 1295.9717920253236], [2098.0604290971464, 1301.2861659831485], [2170.1366259001493, 1308.261281802794], [1959.5545578213282, 1411.915409648527], [2032.2950513690598, 1418.2023930553007], [2083.9239463944573, 1423.8313180153696], [2156.3674727102484, 1431.3316338048435]]|2079.7981051369816|1389.4021725465914|2023-08-29 10:53:24+00
62|5|4082|[[1900.053670447512, 1263.6207646492592], [1974.2715013411002, 1269.3298285641508], [2025.6530765751227, 1274.467986087553], [2099.870907468711, 1280.1770500024443], [1890.919168183687, 1382.3692940789997], [1963.9951862942976, 1388.0783579938914], [2013.6640423538506, 1392.0747027343152], [2086.7400604644604, 1398.9255794321848]]|2008.0587343156008|1370.626055475953|2023-08-29 13:45:54+00
62|5|4075|[[1844.5059852600393, 1154.587608953389], [1948.1890304144167, 1160.8241830980132], [2023.287777405933, 1164.9818991944294], [2126.710965304281, 1171.9980451071317], [1840.0884119075968, 1323.754682626319], [1941.6925990137638, 1328.9518277468392], [2011.59420088476, 1333.1095438432553], [2114.49767427106, 1339.6059752439055]]|1989.1857345200401|1315.5266176201908|2023-08-29 13:45:46+00
63|3|4012|[[1914.1032655759404, 1315.2361653522482], [1983.9189827882788, 1326.3769712903875], [2035.1666901037183, 1334.918255842961], [2104.916328592121, 1346.6542567124543], [1896.9865091709985, 1432.0677089730827], [1966.9182552759753, 1442.9379285748928], [2015.7738533752222, 1451.6341042563408], [2084.9205280645133, 1461.9004227691614]]|1984.8380356370922|1429.6575635631161|2023-08-29 13:38:48+00
427|6|118626|[[2032.5786270380613, 1386.2771859646045], [2102.3644485866653, 1443.152630526718], [2169.1843727194564, 1393.4302326733364], [2190.2945837379075, 1418.9020575385775], [2102.3644485866653, 1479.2667931781207], [2010.9450223579925, 1407.3873969830574]]|2098.896283588107|1399.8482117457415|2024-08-21 08:58:22+00
62|5|4092|[[1950.1858267951225, 1321.7589435231973], [2009.2339550682505, 1325.1253237175051], [2052.1780483577973, 1328.3097374148235], [2111.954042618882, 1331.9490673546154], [1944.723000855996, 1418.1459780903865], [2003.4799886671449, 1421.6451535431595], [2044.8868981916262, 1423.832138201143], [2103.3522880483765, 1427.9145095627116]]|2015.2719508781074|1400.675935885988|2023-08-29 13:46:03+00
436|4|121799|[[1901.7727478136467, 1472.979304829486], [2017.9682017401974, 1398.9001455648668], [2118.9907033481786, 1511.8983206931314], [2155.4173684422303, 1481.2232342981397], [2026.5820055832673, 1335.7082932119001]]|2024.594000035883|1462.921882691581|2024-10-16 10:53:14+00
23|1|2612|[[2042.0766929810497, 1527.8946032817041], [1972.1840517050905, 1521.366169755928], [1869.265217298731, 1513.3016342240865], [1798.2204995182228, 1509.4613792089235], [2047.0690245007627, 1458.001962005744], [1979.0965107323827, 1452.2415794830001], [1873.4894978154107, 1444.9450949541908], [1803.9808820409653, 1438.8006869299309]]|1959.0200622429893|1434.5090757091587|2023-08-03 15:33:42+00
77|1|3721|[[1864.1282145500695, 1363.2579376727927], [1920.0065915198697, 1362.913057098993], [1959.9110811848864, 1364.0328509266217], [2015.3990282109585, 1363.892876698168], [1865.0514035469937, 1455.9169539675213], [1919.9392569784845, 1455.5088658379193], [1958.9116733554924, 1456.1209980323226], [2014.2076149165846, 1456.1209980323226]]|1950.312648914363|1435.1326091015392|2023-08-29 13:31:12+00
62|5|4088|[[1939.22197044848, 1323.4055971544085], [1998.5403964749044, 1327.0985730937969], [2041.6635842671362, 1329.7913680496008], [2101.1358842910327, 1334.0229029801499], [1933.3410265110865, 1420.0130961538823], [1992.485673569909, 1424.2760961538822], [2033.4677912169686, 1426.0314490950586], [2093.1497912169693, 1430.437743212706]]|2014.022339105149|1398.1515143910447|2023-08-29 13:46:02+00
62|5|4076|[[1857.1530443213992, 1183.5681022866981], [1960.4277423591643, 1190.8069829902797], [2035.2295096295088, 1195.6329034593339], [2137.5390235734617, 1202.8717841629157], [1850.8793477116283, 1351.9927266566963], [1951.9237327865153, 1358.0184262267805], [2021.962688774493, 1362.273338693061], [2123.6932296538903, 1369.5606267216713]]|1988.7545188190406|1312.8240721286286|2023-08-29 13:45:46+00
80|6|3266|[[2022.6101638228633, 1347.3919230938018], [2077.4100742624264, 1355.090505658747], [2117.722652057048, 1361.179384596476], [2172.0326526970216, 1369.7877996463685], [2008.1101176470588, 1439.067], [2062.5977058823532, 1446.984], [2101.9319411764723, 1453.1098235294119], [2156.240411764705, 1461.2059411764706]]|2090.481726180667|1423.130326165005|2023-08-29 10:53:33+00
62|5|4090|[[1948.9040390929817, 1336.9737067286298], [2007.870753125179, 1340.4908266709042], [2050.0212374333746, 1343.8430816158848], [2110.36182644302, 1347.6349765536493], [1942.865089750227, 1433.6314846682146], [2002.3982877571866, 1436.6324488273324], [2042.7968381993792, 1438.8348620134332], [2102.3878464061677, 1442.9879840215092]]|2013.719885632579|1400.7338622843192|2023-08-29 13:46:03+00
62|5|4079|[[1916.254357491553, 1281.8415911307395], [1989.897903849324, 1287.5844364889142], [2042.9347698042316, 1291.9760241157537], [2115.9026872963336, 1299.0701272052638], [1908.1468111035424, 1401.4279003539075], [1980.776914162811, 1406.495116846415], [2030.4356357893807, 1410.5488900404205], [2103.741367714317, 1416.291735398595]]|2006.9488849765412|1374.8503203928356|2023-08-29 13:45:54+00
63|3|4016|[[1914.3700558917576, 1314.1800463806076], [1983.9019948970513, 1325.6379054040533], [2034.5990971514725, 1334.5844528607158], [2104.4449501026124, 1346.3562258300092], [1897.4187028159745, 1430.171249371377], [1966.7936848483437, 1441.7860653677462], [2014.8225185630595, 1450.1047849327133], [2084.3544575683522, 1461.4056869832348]]|1988.039555230307|1431.449699111944|2023-08-29 13:38:49+00
63|3|4020|[[1934.7949671342508, 1308.3575137876899], [2002.142587335074, 1319.8896405344062], [2050.4237579813257, 1330.0379120715163], [2117.0025697323695, 1342.0313238881015], [1914.805947439942, 1420.7573091456843], [1982.461091020678, 1432.5969592723131], [2029.050883077411, 1441.6688989797299], [2095.475933138496, 1453.6623107963146]]|1987.8750682499115|1433.5387920223873|2023-08-29 13:39:41+00
427|6|118629|[[2027.4845325960014, 1354.9290065659739], [2103.185173050535, 1415.3604837470077], [2170.0684093612153, 1363.5313520721709], [2188.1333349242295, 1386.3275676635928], [2100.389410761022, 1452.9957453366196], [2010.2798415836078, 1378.155339432706]]|2097.361579260916|1397.8781479242823|2024-08-21 08:58:23+00
347|2|102751|[[2102.486242643972, 1512.7305897637102], [2039.2936929085008, 1423.156684313432], [1964.6487716999345, 1499.233151956134], [1941.9485353871933, 1470.8067299068448], [2042.1567857767732, 1366.0993335814048], [2130.0946381594667, 1485.7357141485577]]|2014.1746233139093|1373.3114275956164|2024-03-14 11:19:59+00
23|1|2611|[[2057.454889909628, 1518.65740872742], [1987.643754029179, 1513.2707470082496], [1883.788916083572, 1506.5912864764784], [1813.977780203123, 1500.5582253510076], [2062.97800540389, 1448.9006960383824], [1993.8534151309632, 1443.9083645186713], [1887.8623767124755, 1436.611879989862], [1818.7377864395457, 1431.2355229686343]]|1958.6211654087833|1432.600229437196|2023-08-03 15:33:41+00
62|5|4083|[[1911.8669958662408, 1276.3618096936943], [1984.9135468006393, 1281.9507806726606], [2037.9437830661814, 1286.3699670281226], [2110.8603579313026, 1292.478842284202], [1903.0286231553168, 1394.3800805983813], [1976.3351262282717, 1400.0990276466262], [2026.115960761856, 1404.7781661406445], [2097.9927270727526, 1409.7172567732193]]|2007.194916237439|1372.6671997754527|2023-08-29 13:45:54+00
80|6|3256|[[1973.9294713656986, 1281.8664008440771], [2046.451808290161, 1289.3348257848077], [2100.3030828627975, 1295.230950738016], [2172.4323447903794, 1302.6993756787465], [1961.3510714655217, 1404.7023373692498], [2033.873408389983, 1411.3846123162198], [2085.5627704797757, 1417.2807372694276], [2157.6920324073585, 1424.3560872132778]]|2078.250019631743|1389.9208424598223|2023-08-29 10:53:24+00
62|5|4077|[[1864.9621874118643, 1187.3398063965876], [1968.2962442713992, 1194.190683094457], [2041.9431687734973, 1199.3288406178592], [2145.2772256330304, 1205.6088109242398], [1857.5404043225076, 1355.1862854943931], [1959.7326483990623, 1360.8953494092848], [2029.383228160737, 1365.4626005411978], [2131.5754722372917, 1372.3134772390677]]|1988.0683591550064|1314.1271652445814|2023-08-29 13:45:46+00
65|4|4580|[[1904.3822319216265, 1243.440857229734], [1987.8885442132373, 1251.921967071851], [2048.23490270522, 1258.228433364707], [2131.197554109515, 1267.8512310701851], [1891.39783636336, 1382.6256184466274], [1974.6028627253977, 1390.6678434026906], [2032.0672036744304, 1396.873435669826], [2114.4095692280366, 1405.9174602743954]]|2019.5663790080205|1361.2293232373993|2023-08-29 15:43:05+00
65|4|4577|[[1886.5416880518237, 1114.515409298895], [1998.4448377232034, 1126.004439039283], [2080.8901151402283, 1134.5063210471706], [2194.0340800235704, 1145.4898334789816], [1869.9030076349795, 1305.5940594778722], [1982.5697669802553, 1316.3090826010543], [2060.237067507495, 1324.2121687170475], [2174.038179846619, 1335.2905023838869]]|1998.0518476223901|1299.8260222970862|2023-08-29 15:42:55+00
22|1|2031|[[2096.2394901830185, 1447.3066200524813], [2028.1430972206035, 1441.32325498047], [1925.8560467038342, 1431.9208241530232], [1858.3294980339906, 1425.9374590810119], [2102.2228552550296, 1378.07053850492], [2034.9812287314717, 1372.3720955791948], [1930.9846453369873, 1362.969664751748], [1863.4580966671447, 1356.416455387164]]|1963.8972988600424|1436.7866747447047|2023-08-03 14:13:00+00
436|4|121933|[[1811.8438815486934, 1252.5019679900543], [1975.4829098524806, 1448.8688019545964], [2178.6311810260067, 1315.3039734471827], [2215.191972935322, 1393.4379238985396], [1953.6643727453065, 1560.6150933548395], [1751.4006368599075, 1309.7019166223683]]|1997.6220176173938|1383.5558572739965|2024-10-16 11:33:02+00
347|2|102753|[[2086.036594867035, 1454.2564119726517], [2021.4709291641266, 1365.383672122767], [1951.208292958022, 1442.102874899163], [1929.5598050458702, 1413.9978204167212], [2024.8891114660464, 1309.5533611914293], [2112.6224572152914, 1429.5695397921286]]|2014.8360678791655|1375.0957896786351|2024-03-14 11:19:59+00
62|5|4084|[[1919.2321980761722, 1263.018124296711], [1991.8788226435604, 1269.0370161202134], [2044.2291840851854, 1273.8661270018608], [2117.1557571094822, 1280.5848899676307], [1910.9737185974132, 1381.9262313679956], [1982.7804977940827, 1387.8751360772712], [2033.7311169511718, 1391.0945433317027], [2104.908012119798, 1397.6733320690191]]|2006.9463917210428|1371.7673576602463|2023-08-29 13:45:56+00
62|5|4078|[[1859.7654542647, 1191.626106158015], [1963.6704175157242, 1197.9060764643953], [2037.3173420178214, 1201.33151481333], [2140.0804924858653, 1209.324204294178], [1854.6272967412974, 1358.9016788643312], [1955.1068216433855, 1364.6107427792228], [2025.3283077965493, 1369.177993911136], [2127.520551873105, 1376.5997770004944]]|1988.7518216518397|1311.4560101334923|2023-08-29 13:45:47+00
62|5|4091|[[1928.1398122025507, 1324.5226115274231], [1987.1843011457372, 1328.520415466285], [2030.0838126435233, 1331.1343641955407], [2089.5895866565784, 1336.0547382741395], [1922.7581530540842, 1422.3150463395773], [1981.6488803073166, 1425.3902801387014], [2022.3957281457137, 1427.8504671780008], [2081.4691186233854, 1431.7264956339018]]|2015.7077430647594|1401.9915029666276|2023-08-29 13:46:03+00
63|3|4013|[[1910.3546119042926, 1323.087054812988], [1980.5416893145689, 1335.898981641848], [2030.1182757392867, 1345.3686666892663], [2100.491033248533, 1358.180593518126], [1890.858201512549, 1439.5084768665417], [1960.8595988238553, 1451.7633633984947], [2008.208024060948, 1460.8616882479748], [2077.4667009763793, 1472.9308946809588]]|1986.6605395561726|1429.7141266382494|2023-08-29 13:38:49+00
63|3|4010|[[1891.4502677342093, 1324.4400477494464], [1963.8937222347854, 1334.0506669376161], [2015.5334275993923, 1342.0615997507416], [2088.124803398328, 1351.9212093668953], [1876.512932011618, 1444.3550495183406], [1948.9810626903513, 1455.3238652163118], [1998.5256010115259, 1461.2396309860048], [2070.007770728644, 1470.9759954819567]]|1983.206379302096|1426.3954975279885|2023-08-29 13:38:47+00
436|4|121794|[[1867.1077843756775, 1435.7701473153252], [2015.4443521948397, 1347.2281649736553], [2137.333314898957, 1493.2649410436823], [2184.8623443810648, 1454.1684813083996], [2031.1595958139242, 1265.968856504244]]|2016.5557133010673|1438.286826393066|2024-10-16 10:53:11+00
22|1|2034|[[2096.0284476457364, 1523.314573033177], [2027.5046714638893, 1521.462579082316], [1926.3858017468965, 1518.128989970767], [1857.8620255650503, 1517.0177936002506], [2097.1396440162534, 1455.5315944316753], [2030.097462995097, 1454.0499992709867], [1927.8673969075853, 1451.4572077397818], [1859.7140195159118, 1448.8644162085766]]|1963.8312445165136|1429.0575022091907|2023-08-03 14:14:56+00
347|2|102754|[[2073.3105694715778, 1446.1725916177436], [2008.389754627502, 1355.6971800258991], [1933.9493400523843, 1432.2644635888769], [1911.6172156798484, 1404.6151667466904], [2012.6434926032225, 1297.2082828597358], [2100.853810766145, 1418.3557562794633]]|2014.4767527941601|1371.6339019782017|2024-03-14 11:19:59+00
63|3|4021|[[1926.9477980501401, 1290.238790704872], [1982.557250839705, 1299.8535091778338], [2022.8351255237353, 1306.6097978345101], [2079.743864593432, 1315.4449445393946], [1912.915506224736, 1383.787402874234], [1968.2651017582753, 1392.3626923230925], [2005.9444038820461, 1398.8591237237424], [2062.073571183663, 1408.2139849406785]]|1994.9217208305352|1459.5139547803137|2023-08-29 13:39:45+00
63|3|4001|[[1783.028315670515, 1118.7250502364507], [1902.6582898342535, 1139.1702859339257], [1989.6772682160677, 1154.8843927096711], [2108.2934290394355, 1176.0055039673932], [1751.297952227586, 1320.7641285900647], [1870.853113530667, 1340.7594168916255], [1953.9585305340283, 1354.7144618520897], [2072.05570206512, 1375.3346029130741]]|1953.2647377348196|1329.4319485223828|2023-08-29 13:38:37+00
63|3|4004|[[1814.0128642582126, 1149.0460709068736], [1928.9497275004846, 1169.834651388954], [2012.755477652559, 1184.647229015911], [2128.0403636557935, 1204.8154358539932], [1783.5899571211598, 1344.1840352527136], [1897.3867388928852, 1362.8448757243345], [1978.4411870763684, 1377.7277546280811], [2092.3524525319667, 1397.0754972029522]]|1956.9637407702098|1340.2023961304753|2023-08-29 13:38:38+00
62|5|4089|[[1958.7242545792992, 1315.9066928874481], [2018.4989411764695, 1321.0284705882352], [2060.5915882352942, 1323.5361176470587], [2120.1823846328875, 1328.8783927496793], [1953.642011029618, 1413.2537170847859], [2012.549959528395, 1417.4632470805327], [2053.155696271199, 1420.1681573965493], [2111.4047550947284, 1424.6102750436082]]|2012.7457244168234|1397.2445904276265|2023-08-29 13:46:03+00
80|6|3261|[[1975.0700103157137, 1297.232730328016], [2048.14265223581, 1303.2114010305693], [2101.6185401864245, 1307.5293298713023], [2174.691182106519, 1313.8401489462192], [1966.1020042618843, 1419.4633313579932], [2038.510349437251, 1425.7741504329103], [2089.993347153681, 1430.0920792736433], [2162.7338407014126, 1435.4064532314685]]|2080.59841411382|1389.9435294745872|2023-08-29 10:53:25+00
62|5|4080|[[1913.7754448936207, 1240.7742432607379], [1987.4189912513925, 1246.1792741860786], [2039.7802283406331, 1250.2330473800846], [2113.7615891312357, 1257.3271504695945], [1904.992269639943, 1361.0361813495738], [1978.2980015648786, 1365.7655834092468], [2028.9701664899508, 1369.4815421704188], [2102.6137128477217, 1374.8865730957598]]|2006.8841299991598|1365.730074667299|2023-08-29 13:45:54+00
63|3|4011|[[1888.6645134307987, 1330.795767190704], [1961.296343352124, 1340.622109060335], [2012.7473703759347, 1348.4284717811893], [2084.776218034795, 1359.1350609899123], [1873.7678681256498, 1450.3275709562533], [1945.2079148437674, 1460.6177763610153], [1994.7664902988877, 1468.5424173049125], [2066.9162063552653, 1477.8863969253287]]|1983.4859249910019|1427.3250066275673|2023-08-29 13:38:47+00
80|6|3268|[[2035.8359228583654, 1323.3201678314742], [2091.125743097515, 1332.4884797951813], [2130.8784239783213, 1339.4172041036315], [2185.4683730752026, 1349.775297009194], [2019.503540880973, 1416.1621945061206], [2074.686725766654, 1424.9424977441752], [2112.869661085389, 1431.8534948409138], [2167.5945856111816, 1440.9206077064484]]|2089.833932262578|1423.8353391948012|2023-08-29 10:53:35+00
436|4|121796|[[1881.3942622620634, 1429.7516329964942], [2037.6621631647758, 1339.823878703423], [2162.3816387909055, 1495.2072443180082], [2212.2104600221473, 1455.4031563522224], [2054.173488543179, 1255.4981812351655]]|2015.4566240589993|1431.5605465229537|2024-10-16 10:53:11+00
22|1|2032|[[2070.618434021768, 1448.1270566060946], [2007.2802409023325, 1449.238252976611], [1911.346954247745, 1448.8678541864388], [1847.2679635479672, 1448.8678541864385], [2069.136838861079, 1383.30726832597], [2006.1690445318163, 1384.4184646964866], [1909.4949602968873, 1384.7888634866588], [1846.5271659676228, 1385.529661067003]]|1966.3073480972218|1452.1621107503631|2023-08-03 14:14:55+00
80|6|3262|[[2040.395568078799, 1330.438535359997], [2094.944751319365, 1339.26266794303], [2136.257735685383, 1346.081315848101], [2190.021858147495, 1355.2438691430805], [2024.5099112349876, 1422.4182647786636], [2079.2397401299763, 1431.2069964260343], [2117.990056938837, 1437.7319638612034], [2172.0540728302362, 1446.387532907856]]|2090.86444127759|1425.966315409291|2023-08-29 10:53:32+00
65|4|4573|[[1853.9304438356135, 1148.2570253081988], [1971.4155615844197, 1161.6310831361523], [2057.5314461351422, 1171.1995147528992], [2174.5816351740973, 1186.1501891540665], [1833.0927522312945, 1346.2908384663672], [1949.4034969787576, 1359.229842009849], [2031.916687899597, 1369.1167353019794], [2148.6606280387537, 1381.2376196941989]]|1991.7638933832984|1290.2238158782882|2023-08-29 15:42:53+00
65|4|4576|[[1867.652717287399, 1135.114147122602], [1981.4409410024632, 1144.9380993563868], [2064.909197031959, 1152.1470427221861], [2177.213226524654, 1163.4551891783415], [1853.01863561256, 1325.8457064497604], [1966.945644968991, 1336.6316955012571], [2045.619918050495, 1343.4919017729808], [2159.1107293202854, 1353.2865315366562]]|1995.7451413757558|1298.775708353912|2023-08-29 15:42:55+00
22|1|2035|[[2107.452843220676, 1517.993575090312], [2038.2167616731158, 1515.7141979200221], [1935.6447890100617, 1513.1498986034455], [1867.2634739013592, 1511.7252878720142], [2108.0226875132494, 1449.8971821278956], [2040.7810609896915, 1447.9027271038917], [1935.9297111563465, 1444.768583494743], [1868.6880846327895, 1443.3439727633115]]|1962.7357715413798|1429.8264818456978|2023-08-03 14:14:57+00
279|5|78797|[[2110.2965565714126, 1271.1850089722104], [2010.231037393975, 1240.557719197848], [1900.9044468905618, 1206.0960765391633], [1806.2339572879678, 1175.991653067209], [2172.489166113212, 1083.3631341552075], [2075.0459006645174, 1054.8431540238823], [1971.660972688463, 1023.9465088816132], [1878.1788155913405, 995.822639585445]]|1951.4808853350955|1273.4501455931647|2023-11-13 12:33:55+00
279|5|78797|[[2110.2965565714126, 1271.1850089722104], [2010.231037393975, 1240.557719197848], [1900.9044468905618, 1206.0960765391633], [1806.2339572879678, 1175.991653067209], [2172.489166113212, 1083.3631341552075], [2075.0459006645174, 1054.8431540238823], [1971.660972688463, 1023.9465088816132], [1878.1788155913405, 995.822639585445]]|1951.4808853350955|1273.4501455931647|2023-11-13 12:33:55+00
65|4|4575|[[1843.4615433719196, 1126.2458688499373], [1957.1706100617907, 1139.0261946228534], [2040.4218910311606, 1148.9399052691342], [2153.2948616424305, 1161.1230195573346], [1825.1868719396184, 1318.7868515222822], [1938.6570540356038, 1331.208850404369], [2017.488970018078, 1339.4503688934458], [2131.436921301836, 1351.8723677755324]]|1997|1299.4366143518737|2023-08-29 15:42:55+00
436|4|121791|[[1769.1212874375015, 1374.923114544496], [1992.7823531500098, 1219.0764209218432], [2195.80426213952, 1439.367828393863], [2265.7246706296837, 1376.1867363846793], [2010.05185163252, 1091.4506150632924]]|1995.4077828696347|1365.9249591944163|2024-10-16 10:53:07+00
65|4|4574|[[1870.1537946135445, 1157.8133566401818], [1988.4733339654217, 1170.3906305082946], [2074.3404012378455, 1180.949329558068], [2190.6413657713833, 1193.0607784681029], [1852.4524462065697, 1355.7889638234394], [1968.6656918338772, 1367.564685506399], [2050.345847204994, 1375.9256462924188], [2166.0211178599307, 1387.8698759867334]]|1994.0241003774863|1294.3088739079744|2023-08-29 15:42:54+00
22|1|2025|[[2094.531727541982, 1516.9398767931648], [2023.3011909704173, 1518.3644875245961], [1916.455386113068, 1519.2192539634545], [1846.6494602729363, 1520.0740204023136], [2092.5372725179786, 1446.564106660458], [2021.306735946414, 1447.7037952456033], [1913.8910867964933, 1448.8434838307485], [1842.9454723712142, 1449.6982502696071]]|1960.6578037566833|1431.9079233234902|2023-08-03 14:12:53+00
22|1|2033|[[2071.9431695275007, 1447.2401188552442], [2008.1644429357293, 1448.7743150275544], [1913.9209637795047, 1449.650998554589], [1850.3614080694924, 1450.9660238451409], [2070.315042977293, 1384.745107428059], [2007.6947910462468, 1385.6844112070248], [1911.5727043320885, 1386.3106137263353], [1848.326249881733, 1386.9368162456456]]|1964.7440429737755|1451.1808022026694|2023-08-03 14:14:55+00
63|3|4005|[[1847.2474024005, 1155.007108034474], [1961.1584295159932, 1174.8414562063413], [2046.0458003616436, 1189.4897592140044], [2159.1379782406834, 1210.3249231193142], [1817.0182226388629, 1348.4415490757722], [1930.3658116491883, 1368.4831016993776], [2011.3947379850247, 1382.2201924049616], [2124.0786994250325, 1401.465391944186]]|1956.8994264648322|1337.318695339654|2023-08-29 13:38:38+00
63|3|4008|[[1881.2317315021278, 1317.1126364108025], [1953.524020128562, 1328.2605126943185], [2005.547442784969, 1336.0302446494961], [2078.1775458442376, 1347.5159353658453], [1865.3544531589382, 1438.3880177981396], [1937.173628893203, 1448.8092045071005], [1987.5788990079777, 1456.2751625020358], [2058.900667503053, 1467.038480798971]]|1982.8857036711697|1425.4449176019134|2023-08-29 13:38:46+00
62|5|4087|[[1925.1526049488798, 1327.358475188155], [1983.9748402429973, 1331.0482987175667], [2026.7839578900562, 1333.9858281293316], [2086.537604948879, 1338.284651658743], [1919.8148990665272, 1424.332769305802], [1978.6371343606438, 1428.3091810705077], [2018.8311343606442, 1430.3511222469785], [2077.872727166606, 1434.6464127080899]]|2016.5134054671732|1399.39873201115|2023-08-29 13:46:02+00
436|4|121792|[[1852.43152841737, 1434.4898827895374], [2011.225386891062, 1341.7464281956973], [2138.2368677036848, 1502.418886974068], [2188.5326312920415, 1460.3426645168818], [2028.055875873937, 1256.8111698402608]]|2014.8596885354732|1430.1877880220397|2024-10-16 10:53:10+00
23|1|2608|[[2059.8588105937197, 1444.531182946476], [1961.8969773609333, 1426.5999762105525], [1815.199235781718, 1395.1098850862188], [1715.3526053874884, 1374.3725080043405], [2086.321239852201, 1359.0114879436899], [1987.6266859625212, 1341.7303403754581], [1835.55258736208, 1312.544402260222], [1734.1698549617868, 1291.4229996768272]]|1648.3577670964025|1508.9655332061545|2023-08-03 15:33:36+00
341|1|101284|[[1795.4354241093824, 1321.4237021577217], [1920.3889771461863, 1428.9065456513856], [2008.1223228954304, 1327.1206726609194], [2048.001116417816, 1359.0237074788265], [1927.2253417500224, 1502.207566125863], [1761.253601090195, 1361.6822937136524]]|1943.746315308885|1302.985971000712|2024-03-13 23:20:26+00
341|1|101284|[[1795.4354241093824, 1321.4237021577217], [1920.3889771461863, 1428.9065456513856], [2008.1223228954304, 1327.1206726609194], [2048.001116417816, 1359.0237074788265], [1927.2253417500224, 1502.207566125863], [1761.253601090195, 1361.6822937136524]]|1943.7463153088847|1302.985971000712|2024-03-13 23:20:26+00
22|1|2028|[[2104.294622121126, 1514.8563955532668], [2032.8076556179049, 1515.9675919237832], [1926.873601628672, 1515.2267943434385], [1857.6090278664806, 1515.9675919237832], [2102.813026960438, 1444.4806254205603], [2031.696459247385, 1444.8510242107325], [1925.762405258154, 1444.48062542056], [1854.6458375451048, 1445.9622205812486]]|1961.6353092062661|1431.6874078910841|2023-08-03 14:12:54+00
63|3|4009|[[1896.150938487232, 1315.6897829977897], [1968.5397455230473, 1325.824215982804], [2021.1422786357402, 1333.5456887332914], [2093.2694711390745, 1345.0079637408564], [1880.858679442414, 1437.0453181575062], [1952.6873546076754, 1446.92999822612], [2002.9893931790662, 1454.6180827239307], [2073.939430116007, 1463.843784121304]]|1984.9722702924169|1425.979080130635|2023-08-29 13:38:46+00
63|3|4006|[[1819.699358587101, 1168.232499823509], [1933.5194024540992, 1187.7938982498913], [2016.3141585843682, 1200.9864692816377], [2130.498135445346, 1220.2749179625362], [1790.6180545253023, 1360.7390021862848], [1903.8787562715274, 1379.9863254289492], [1985.2194136646972, 1393.1691216271524], [2098.0304909182582, 1412.1860063556244]]|1957.2403863681607|1338.9459009493444|2023-08-29 13:38:39+00
71|2|3903|[[1983.2010836526993, 1322.6923425689056], [2060.956767558642, 1334.0302550736421], [2117.7863043107795, 1342.0087860954943], [2194.5685034780413, 1353.9707118311185], [1965.7806270707274, 1453.9822980611748], [2043.5363109766681, 1464.9002878805513], [2097.566363159736, 1472.8088317881763], [2174.6221759234136, 1483.3768860364187]]|2072.2699260252175|1428.3590701415103|2023-08-29 13:36:04+00
436|4|121797|[[1865.536041024935, 1439.1541180274764], [2012.086266277005, 1350.5261246607479], [2132.117879340605, 1495.5061689279746], [2178.0020570088145, 1457.6473607378568], [2026.1894111318034, 1272.7149336340533]]|2017.4915145934544|1439.5470922876893|2024-10-16 10:53:11+00
23|1|2610|[[2081.359354451247, 1482.117877310239], [2010.6986621722554, 1472.133214270816], [1904.3235982522492, 1456.004143207133], [1833.2788804717402, 1446.4035056692262], [2090.5759664876377, 1411.4571850312461], [2021.4513762147108, 1401.088496490307], [1913.54021028864, 1385.7274764296562], [1843.2635435111633, 1375.7428133902333]]|1986.6800221496155|1447.41268878291|2023-08-03 15:33:39+00
87|6|14782|[[2047.4227755342704, 1405.5318731910872], [2081.4786692552857, 1408.8012389883047], [2105.9989127344165, 1410.9808161864494], [2139.7823593056632, 1415.0675234329715], [2041.1564910896036, 1462.7457746423925], [2076.5746205594583, 1465.4702461400734], [2100.0050754395174, 1468.7396119372906], [2133.788522010765, 1471.4640834349723]]|2097.372998319989|1462.5850511688625|2023-08-31 19:45:02+00
63|3|4002|[[1793.6616936300438, 1122.3525094471524], [1912.6732416561558, 1143.110337591242], [1999.7023581713743, 1159.2553150366443], [2117.1762892979245, 1180.16690487069], [1761.9683128992506, 1323.3510402493027], [1879.7738864759472, 1343.471299102748], [1964.0003850914632, 1357.4850956362586], [2081.0955572219405, 1378.7000520316733]]|1955.256209673151|1328.8764651794054|2023-08-29 13:38:37+00
62|5|4081|[[1903.849461804492, 1277.5485524313503], [1976.8693507477997, 1283.2654120639224], [2029.3605164650521, 1288.7224144404686], [2102.6402626643853, 1295.2188458411188], [1895.0143150996068, 1396.5631756912612], [1968.5539185549674, 1402.0201780678074], [2018.1866544559348, 1406.6976086762754], [2091.2065433992425, 1411.8947537967956]]|2006.8261956656372|1369.0863123260824|2023-08-29 13:45:54+00
436|4|121800|[[1886.9613830418148, 1474.9766706656148], [1997.5282940578873, 1400.0860162707295], [2100.2023854786075, 1507.8378211631682], [2134.994106811665, 1475.404860598454], [2005.1451493158884, 1337.4915811753444]]|2025.2520287237185|1465.083136675536|2024-10-16 10:53:14+00
22|1|2027|[[2088.47875450237, 1527.6488589268765], [2018.1770641276971, 1524.759748363534], [1912.724528565689, 1521.8706378001914], [1842.422838191018, 1519.4630456640723], [2090.886346638489, 1455.9026132705335], [2019.6216194093686, 1453.9765395616382], [1912.2430101384653, 1451.0874289982955], [1840.9782829093456, 1449.1613552894003]]|1961.5154819573495|1433.8209324933798|2023-08-03 14:12:54+00
87|6|14567|[[2147.772343610123, 1523.7345846957635], [2076.581903375714, 1508.858970318424], [2026.6423408232163, 1497.5251688880703], [1954.0351754100125, 1483.7120983948264], [2174.335940712515, 1404.729669677049], [2101.3745940046115, 1389.8540552997097], [2052.143394041513, 1378.5202538693559], [1979.890409923009, 1363.998820786715]]|2074.8496340696315|1384.2406040931198|2023-08-31 14:14:27+00
32|1|1350|[[2227.9780529337595, 1256.5773775494433], [2084.89829170155, 1263.4562122240688], [1870.2786498532378, 1271.0229303661567], [1727.1988886210265, 1277.21388157332], [2223.8507521289857, 1111.433965914846], [2080.083107429313, 1114.8733832521589], [1861.3361647762222, 1124.503751796634], [1717.568520076552, 1130.006819536335]]|1912.3440815480546|1223.7258903616626|2023-08-03 08:58:27+00
62|5|4086|[[1924.7992792785058, 1276.6853690895744], [1997.8434557490941, 1283.0261337954569], [2051.077220454977, 1286.6084867366335], [2123.4049263373295, 1292.913427913104], [1918.1002792785062, 1394.3656632072214], [1989.2816322196818, 1401.172133795457], [2039.7928086902698, 1405.0052514425158], [2111.475691043213, 1411.0236043836921]]|2009.0372312215643|1369.8875178837452|2023-08-29 13:45:56+00
436|4|121795|[[1879.2317818523206, 1441.2097261917315], [2029.5703802741746, 1348.2201189782152], [2153.3405194921615, 1496.9386893998321], [2199.673320298899, 1458.3820229942276], [2044.1506322762925, 1267.8667301665355]]|2016.2188045998814|1437.3009310559748|2024-10-16 10:53:11+00
22|1|2036|[[2106.7842048337398, 1520.3671524058434], [2037.5783688678612, 1518.4842553606552], [1934.34888355953, 1515.196692134275], [1864.871714042035, 1513.6624959619644], [2107.6280664030137, 1450.706778395573], [2039.1930767926551, 1449.3649158541937], [1934.5277985650491, 1446.2339032576413], [1865.6455214408988, 1443.9974656886752]]|1962.893911687474|1427.7902324427685|2023-08-03 14:14:57+00
32|1|1347|[[1965.6464157594255, 1418.9977651494676], [1892.6778540955147, 1420.479360310156], [1782.2990146242164, 1423.442550631533], [1708.960054170133, 1426.7761397430825], [1963.4240230183932, 1345.6588046953837], [1890.4554613544806, 1346.7700010659003], [1777.8542291421509, 1350.1035901774496], [1705.9968638487562, 1351.2147865479658]]|1957.4617000651133|1366.8221864972893|2023-08-03 08:58:20+00
71|2|3910|[[1997.9981507706411, 1413.6095850539923], [2057.251729898129, 1418.4390303747282], [2100.3452419908476, 1421.1323748805228], [2159.413073221385, 1426.14756809821], [1991.2183525319156, 1513.3562057168795], [2050.5648056078803, 1518.1856510376151], [2092.079460576512, 1520.7861215949345], [2152.076031291804, 1526.0799366580484]]|2083.433342114428|1461.9650009739587|2023-08-29 13:36:26+00
436|4|121793|[[1864.2991927337443, 1463.8286528457043], [2017.044689898803, 1374.0328151183667], [2141.0925482025486, 1525.3897168546523], [2188.3047927808393, 1486.0461797060768], [2033.7078350440815, 1291.6428196778195]]|2015.7789566243089|1434.5604417215623|2024-10-16 10:53:11+00
87|6|14781|[[2046.7677779451246, 1412.2112615199537], [2079.9773121772137, 1416.8863901254424], [2105.448702510564, 1420.9166734060357], [2138.980659405103, 1424.3021113617342], [2039.835690702504, 1469.7637067668286], [2073.690070259487, 1473.6327787161983], [2098.3554039367195, 1476.5345826782254], [2130.7588815126915, 1480.242443296372]]|2097.6729069564185|1459.2477253467348|2023-08-31 19:45:01+00
87|6|14580|[[2145.204070847741, 1513.8483063741996], [2072.4217608382573, 1501.7827897416116], [2020.6568023823152, 1491.6633241787956], [1948.652912800741, 1479.9870177601624], [2167.7782632570984, 1394.7499809041362], [2094.606743033661, 1381.12762341573], [2044.3986254335373, 1371.397368066869], [1971.6163154240544, 1359.331851434281]]|2074.488439694793|1378.1104200016027|2023-08-31 14:14:32+00
436|4|121801|[[1926.2567031531635, 1451.825663438897], [2038.9876456547554, 1378.013736800949], [2140.177086900233, 1488.8658302608487], [2174.8015906685787, 1456.3885825401512], [2047.677504791629, 1314.2666254215503]]|2024.8094553828166|1463.216914593769|2024-10-16 10:53:14+00
107|5|13285|[[2076.3921152616936, 1474.6499066408344], [2004.8623271869942, 1473.1060982651218], [1953.916650788467, 1473.1060982651218], [1882.3868627137686, 1471.562289889409], [2077.65482398249, 1356.4929594597638], [2006.6396386996962, 1353.9199455002422], [1958.7815790525951, 1353.9199455002422], [1886.2225853940868, 1351.8615343326253]]|1988.447997123113|1379.512151229179|2023-08-31 14:11:16+00
107|5|13275|[[2073.9030078483106, 1498.3341033897705], [2001.6527758649468, 1496.9961361308192], [1951.479003654275, 1495.6581688718682], [1880.566738929861, 1494.3202016129167], [2074.571991477784, 1377.9170500841615], [2002.9907431238967, 1377.2480664546858], [1955.4929054311292, 1375.9100991957348], [1883.2426734477626, 1374.5721319367835]]|1989.8813367627133|1380.6232818015285|2023-08-31 14:11:12+00
87|6|14780|[[2048.1505678405815, 1411.3569602423383], [2080.425076351575, 1414.7101559317923], [2105.3644692918874, 1418.063351621246], [2139.525150378198, 1421.8356967718814], [2041.6537511922647, 1467.5229880406891], [2075.1857080868035, 1471.924057383097], [2099.9155262965246, 1475.0676783419601], [2131.770885346335, 1478.211299300823]]|2098.2618839719444|1461.1434062057551|2023-08-31 19:45:00+00
87|6|14778|[[2044.399211463298, 1415.8075142934065], [2077.013503857024, 1420.023810648489], [2102.1872732711913, 1423.7440721382677], [2135.545617962874, 1427.96036849335], [2037.605252948912, 1473.1882237161421], [2070.939802223344, 1476.437818142266], [2095.0496963526507, 1479.5825869417408], [2128.4890712537313, 1483.565960754409]]|2097.624878226556|1462.1645893040954|2023-08-31 19:45:00+00
87|6|14569|[[2141.3687210602843, 1518.5510565066754], [2069.1157369417792, 1503.3212608346375], [2018.467811799885, 1491.6332781095853], [1945.5064650919844, 1476.7576637322459], [2167.2543863091155, 1397.953570175195], [2093.5846770118155, 1383.077955797856], [2044.707658343414, 1371.7441543675022], [1972.1004929302112, 1357.57690257956]]|2072.569297954364|1381.874306136056|2023-08-31 14:14:28+00
436|4|121802|[[1879.2996766409797, 1473.0205217249713], [1989.1375750569468, 1398.0600611026225], [2090.2273222716385, 1505.629920318258], [2123.923904676537, 1470.6373155131716], [1993.9976590576534, 1336.8230026937215]]|2027.7038624271042|1464.955102092762|2024-10-16 10:53:15+00
107|5|13277|[[2073.6213272128875, 1484.8801530073815], [2001.9296919185458, 1484.1294552556085], [1952.7589891774028, 1483.0034086279488], [1880.6920050071762, 1481.8773620002887], [2074.37202496466, 1366.2699082272165], [2003.0557385462048, 1364.3931638477834], [1954.635733556835, 1364.017814971897], [1883.3194471383808, 1363.2671172201237]]|1989.3247181787578|1379.2353993083618|2023-08-31 14:11:13+00
107|5|13288|[[2086.3266582769925, 1491.1256965406196], [2014.7454099231022, 1489.118745652193], [1965.2406213419085, 1487.7807783932415], [1892.990389358542, 1486.4428111342904], [2089.6715764243695, 1370.039659605535], [2016.7523608115293, 1370.039659605535], [1967.9165558598102, 1368.7016923465842], [1896.3353075059208, 1366.6947414581573]]|1988.9093539805947|1377.8011708927188|2023-08-31 14:11:18+00
107|5|13290|[[2087.6878134451185, 1487.0027612027975], [2018.1135159796554, 1485.2634037661614], [1965.9327928805583, 1484.393725047843], [1895.4888166967771, 1483.5240463295245], [2091.1665283183906, 1368.7264555115105], [2019.8528734162924, 1368.7264555115105], [1969.4115077538304, 1365.2477406382377], [1898.9675315700501, 1363.5083832016012]]|1988.1666122064348|1379.7430442096738|2023-08-31 14:11:18+00
87|6|14779|[[2047.4733566478212, 1405.292217087361], [2081.6340377341307, 1409.2741369685873], [2106.1542812132625, 1412.41775792745], [2139.476663377209, 1416.6092525392676], [2041.3956894606868, 1462.715693269257], [2074.9276463552246, 1466.6976131504834], [2099.867039295537, 1469.841234109346], [2132.351122537121, 1473.6135792599819]]|2097.6714576349773|1460.7521210031382|2023-08-31 19:45:00+00
87|6|14564|[[2164.309076141614, 1437.4918335037594], [2093.083606987949, 1420.755794303718], [2043.2646996017788, 1409.0794878850843], [1971.2608100202046, 1392.732658898997], [2191.1645809044717, 1316.0582467499692], [2120.717532178716, 1300.8790484057456], [2071.7882481387264, 1288.6467273957485], [1999.3951483431988, 1273.0227173784335]]|2073.341181586587|1380.9631957432953|2023-08-31 14:14:26+00
71|2|3915|[[2002.9724346291018, 1400.242405483211], [2062.7720754240477, 1404.0109424031143], [2105.4269438581146, 1406.5371045142583], [2163.90138485705, 1411.3823662684192], [1997.189054074955, 1498.9714290021602], [2056.476995251425, 1504.0225466492186], [2097.3874658396594, 1505.9570172374538], [2157.064352941177, 1510.7857058823529]]|2081.0748104125314|1463.0665611699283|2023-08-29 13:36:28+00
107|5|13278|[[2079.6512169538605, 1487.0496229372086], [2007.6068260872585, 1485.862078032814], [1957.7299401026862, 1485.4662297313491], [1886.477245839012, 1484.2786848269545], [2080.442913556791, 1367.8992841962872], [2009.5860675945828, 1367.1075875933573], [1960.896726514406, 1366.3158909904278], [1889.248183949267, 1365.128346086033]]|1989.7688120095809|1379.158190074281|2023-08-31 14:11:13+00
107|5|13292|[[2078.852304679252, 1492.3686806341784], [2008.756199982799, 1492.3686806341784], [1956.7494126273655, 1492.3686806341784], [1885.5227255970972, 1490.1075159665509], [2081.437669105782, 1373.9457131471988], [2010.9370866148906, 1372.9165075633903], [1959.9914102163634, 1370.858096395773], [1888.9762249335695, 1368.7996852281556]]|1988.7223745902625|1378.4045054680705|2023-08-31 14:11:19+00
107|5|13283|[[2075.994397582857, 1472.7947345524228], [2004.4131492289666, 1471.4567672934713], [1955.5773442772474, 1472.125750922947], [1882.6581286644073, 1470.1188000345203], [2077.332364841807, 1354.3846321352405], [2005.7511164879165, 1353.715648505765], [1957.5842951656746, 1352.377681246814], [1885.3340631823098, 1351.0397139878626]]|1989.252448170696|1377.6764102153402|2023-08-31 14:11:15+00
87|6|14787|[[2047.3570073102642, 1405.8764505312727], [2080.868006731744, 1408.3284748791857], [2105.6606973606417, 1411.870287826171], [2139.1716967821208, 1415.6845479229246], [2040.8182757158306, 1460.9107747844325], [2073.7843808377725, 1464.4525877314181], [2098.0321771671356, 1468.2668478281719], [2131.543176588613, 1471.8086607751575]]|2098.1104402139536|1460.2030322356134|2023-08-31 19:45:04+00
87|6|14784|[[2061.2419163518703, 1400.7817170888068], [2094.9014250689147, 1404.0522766402605], [2120.111988278037, 1406.9140162477827], [2153.498950365793, 1411.0022156870998], [2054.97334387825, 1458.0165092392472], [2088.2240326513624, 1462.1047086785643], [2113.025775916553, 1465.3752682300178], [2146.0039180603767, 1467.8281878936082]]|2098.4094074170353|1461.3863346378075|2023-08-31 19:45:02+00
62|5|4085|[[1925.4311473302946, 1273.3347667870269], [1996.991936314827, 1280.581953171456], [2050.1241656360967, 1283.8949526614808], [2124.666654161653, 1290.5623641351556], [1916.7759361626054, 1391.2361361382802], [1988.9165000578919, 1397.4894226757017], [2038.8185548763881, 1400.8024221657267], [2110.627818822674, 1407.2627711712748]]|2007.1884216947194|1373.4773664393197|2023-08-29 13:45:56+00
65|4|4581|[[1909.8869967652286, 1232.7950214460536], [1992.1827393590543, 1238.2893671054383], [2052.6205416122825, 1242.8281743892778], [2134.4385150183357, 1249.1586161272644], [1901.5984097105488, 1370.9821989388329], [1983.7942110532108, 1377.5473587904835], [2041.5676177477349, 1381.158196708891], [2123.1773714907918, 1387.0595715094553]]|2016.869472209959|1363.6536300397263|2023-08-29 15:43:07+00
87|6|14783|[[2037.9427956146733, 1419.9836467054458], [2073.3963432139985, 1421.825389437878], [2097.7994344187305, 1425.048439219635], [2131.411239285622, 1428.7319246845], [2032.8780031004849, 1475.2359286784201], [2066.489807967377, 1479.3798498263932], [2091.353334855215, 1482.142463925042], [2124.9651397221082, 1486.2863850730153]]|2097.537307601317|1460.6513154890486|2023-08-31 19:45:02+00
87|6|14579|[[2152.221088581156, 1513.1164129472318], [2080.1273812578997, 1500.1227796505984], [2028.1528480713655, 1489.853617851646], [1955.2208418257464, 1477.0695592856036], [2174.0168605626045, 1391.7726439351231], [2101.0848543169864, 1378.569435907899], [2050.99649370577, 1368.7194235701286], [1978.274062190742, 1355.725790273495]]|2073.92942611109|1376.9511882275879|2023-08-31 14:14:32+00
87|6|14793|[[2053.3270221035104, 1386.9966895275907], [2087.697277920412, 1391.8169083311807], [2112.636670860725, 1394.7509545594526], [2145.959053024672, 1398.523299710088], [2047.249354916377, 1443.3722920565322], [2081.2004612720953, 1448.1925108601224], [2105.5111300206368, 1450.7074076272124], [2138.204787992809, 1455.527626430802]]|2095.396929617052|1460.7381666480696|2023-08-31 19:45:05+00
87|6|14791|[[2060.743141059594, 1412.0133448004533], [2093.8559484929515, 1415.366540489907], [2118.795341433263, 1418.9293109099517], [2150.8602752136644, 1423.3303802523596], [2054.2463244112782, 1468.5985220599857], [2086.311258191679, 1472.7900166718027], [2111.041076401401, 1475.5144881694841], [2144.1538838347565, 1479.2868333201195]]|2098.0662596091465|1461.2377189504439|2023-08-31 19:45:05+00
107|5|13279|[[2080.4306706702723, 1465.6517233951904], [2007.5247555017736, 1464.2559301124465], [1958.122887478959, 1464.7705329043506], [1885.049291028547, 1462.7121217367337], [2080.5983519521847, 1345.8972879744551], [2009.5831666693898, 1344.8680823906464], [1959.6666958546725, 1343.3242740149335], [1888.6515105718759, 1342.295068431125]]|1989.2511115738214|1377.0128304280352|2023-08-31 14:11:14+00
279|5|78798|[[2130.494683702344, 1356.676837637897], [2033.6851955898996, 1315.4813107815378], [1926.0618816776628, 1271.1961194109524], [1833.371946250853, 1232.5753129831157], [2207.2213524723115, 1168.207302270055], [2111.9932606940706, 1129.3884404246396], [2010.8326474077471, 1088.863254981624], [1918.5083527518532, 1052.2991778901812]]|1951.8982662325398|1274.1973310719443|2023-11-13 12:33:55+00
279|5|78798|[[2130.494683702344, 1356.676837637897], [2033.6851955898996, 1315.4813107815378], [1926.0618816776628, 1271.1961194109524], [1833.371946250853, 1232.5753129831157], [2207.2213524723115, 1168.207302270055], [2111.9932606940706, 1129.3884404246396], [2010.8326474077471, 1088.863254981624], [1918.5083527518532, 1052.2991778901812]]|1951.8982662325395|1274.1973310719443|2023-11-13 12:33:55+00
279|5|78807|[[2215.220887927883, 1364.9343371390676], [2164.6405812847192, 1362.1920313572095], [2105.833357295983, 1360.6685281450657], [2058.300057077108, 1357.9262223632074], [2216.5488790083996, 1264.5076660790642], [2167.187374934952, 1262.679462224492], [2112.6459599402165, 1261.7653602972057], [2064.8079590789125, 1260.2418570850623]]|1983.8932863200796|1382.879969475159|2023-11-13 12:34:01+00
77|1|3701|[[1811.6110716598282, 1227.2638240693025], [1905.9392555972686, 1232.460969189823], [1974.0218566760818, 1236.8785425422648], [2069.389469637627, 1242.0756876627852], [1804.2390815749172, 1384.8179250187789], [1898.4398007431123, 1390.6936237998939], [1963.8306420168105, 1394.673935877423], [2058.0411422280863, 1400.1336875011323]]|1925.8470290069154|1358.4678205674552|2023-08-29 13:30:47+00
65|4|4587|[[1889.200893532136, 1237.1644535169594], [1971.989070002725, 1243.9709241051946], [2030.4888935321355, 1248.1264535169594], [2112.345658238018, 1257.0465123404888], [1879.2592492420667, 1374.657087740252], [1961.9399551244192, 1381.7859700931933], [2017.753013947949, 1386.084793622605], [2099.359013947949, 1392.7479700931935]]|2017.1929146959092|1364.2270049241015|2023-08-29 15:43:09+00
107|5|13289|[[2088.7794167787774, 1487.0892342274385], [2015.2915650808832, 1483.6974872259973], [1966.676524726889, 1484.8280695598112], [1896.580420030436, 1481.4363225583697], [2089.909999112592, 1367.2475068431788], [2017.5527297485091, 1367.2475068431788], [1971.1988540621455, 1363.8557598417376], [1897.7110023642504, 1362.725177507924]]|1987.992182998587|1378.4964616800582|2023-08-31 14:11:18+00
107|5|13287|[[2078.5914010637584, 1476.7144637044496], [2008.1474248799764, 1476.7144637044496], [1955.9667017808783, 1474.9751062678126], [1886.3924043154161, 1473.2357488311766], [2082.9397946553477, 1358.4381580131626], [2009.8867823166133, 1356.6988005765259], [1961.184774090791, 1354.089764421571], [1889.87111918869, 1353.2200857032526]]|1986.4122398310842|1376.99940077708|2023-08-31 14:11:16+00
87|6|14788|[[2049.701824173397, 1396.1868551963144], [2083.024206337343, 1400.5879245387225], [2108.592323469427, 1403.5219707669946], [2141.7051309027834, 1407.9230401094026], [2044.6720306392149, 1454.029480839392], [2076.7369644196156, 1458.0114007206182], [2101.257207898748, 1460.3167227571178], [2134.579590062694, 1464.0890679077531]]|2097.8924029944174|1460.4682858920128|2023-08-31 19:45:04+00
22|1|2030|[[2085.662251574666, 1468.120517374201], [2017.2809364659624, 1461.764561803199], [1916.24315997522, 1451.4635303605419], [1849.176870157069, 1445.1075747895406], [2091.7990362639093, 1401.2733984378083], [2023.417721155207, 1394.4791011032898], [1922.5991155462216, 1385.0547531876673], [1855.0944839645517, 1378.4796267349072]]|1964.745799597081|1437.0509951349065|2023-08-03 14:13:00+00
341|1|101259|[[1618.6851671767172, 1083.4895391926514], [1865.7558275963902, 1324.1351942586202], [2055.585531228524, 1123.7918455022434], [2130.933321285587, 1195.6350871845593], [1872.7649243458827, 1471.9103173937906], [1544.4008116135838, 1163.1918276437352]]|1907.5767590599758|1192.1251411581632|2024-03-13 23:19:59+00
341|1|101259|[[1618.6851671767172, 1083.4895391926514], [1865.7558275963902, 1324.1351942586202], [2055.585531228524, 1123.7918455022434], [2130.933321285587, 1195.6350871845593], [1872.7649243458827, 1471.9103173937906], [1544.4008116135838, 1163.1918276437352]]|1907.5767590599758|1192.1251411581634|2024-03-13 23:19:59+00
77|1|3716|[[1855.482009788851, 1369.2125802969567], [1911.1217655991345, 1368.092786469328], [1951.568728511355, 1367.981485063058], [2007.1362730906371, 1367.8169925788968], [1857.1614608185587, 1462.0935663326566], [1913.9417549362065, 1461.1621545679504], [1951.771401995033, 1461.1979780973622], [2007.2620490538543, 1460.1232722150094]]|1949.1739695502642|1435.897844531141|2023-08-29 13:31:10+00
65|4|4584|[[1920.7346642126872, 1235.2505034129172], [2002.7198568344606, 1241.1509528819083], [2062.811276426554, 1245.1881025185862], [2145.262294006406, 1252.3307518757863], [1912.505089953304, 1373.1346910040802], [1994.0244576169985, 1379.6562404171757], [2052.097302390754, 1383.2275650957754], [2134.0824950125284, 1390.3702144529755]]|2017.3627967285222|1362.7037010102288|2023-08-29 15:43:08+00
107|5|13291|[[2089.3045069800296, 1481.3640144593028], [2017.0542749966648, 1479.357063570876], [1966.2115191565185, 1476.6811290529736], [1895.2992544321055, 1474.6741781645467], [2091.3114578684567, 1360.946961153694], [2019.7302095145665, 1360.2779775242184], [1969.5564373038965, 1356.9330593768402], [1899.9821398384343, 1356.9330593768402]]|1989.5|1380.0000000000002|2023-08-31 14:11:18+00
87|6|14566|[[2152.1350821891124, 1520.997712104723], [2081.2988232494004, 1507.1846416114795], [2030.2967168128093, 1496.559202770523], [1958.397913989003, 1483.1003135719777], [2176.92777281801, 1401.2844344966115], [2104.320607404807, 1386.7630014139706], [2054.0268635576117, 1377.20010645711], [1983.1906046179015, 1363.3870359638663]]|2073.681333216133|1381.551857879116|2023-08-31 14:14:27+00
107|5|13280|[[2083.4785014831964, 1462.1080957023821], [2011.2951678627783, 1462.1080957023821], [1960.853802200319, 1460.3687382657456], [1889.540147298218, 1460.3687382657456], [2084.3481802015144, 1342.9621112927766], [2013.0345252994152, 1342.9621112927766], [1964.332517073592, 1341.2227538561403], [1891.279504734856, 1340.3530751378219]]|1989.6350223363452|1376.953253419616|2023-08-31 14:11:14+00
80|6|3244|[[1934.3514158331923, 1165.9764906271357], [2038.8162156167487, 1183.3894000583603], [2116.8894484175576, 1197.2383105330046], [2221.2756111201875, 1216.1074510547073], [1906.023337986508, 1343.3610464758626], [2009.5991274601934, 1361.6951517390205], [2084.4606486068483, 1374.901650405425], [2188.5048085521444, 1392.279959116461]]|2060.1940332239897|1322.5021375845963|2023-08-29 10:53:07+00
341|1|101260|[[1599.6274853739378, 1069.7413715166185], [1853.8344756136958, 1311.740423217523], [2043.9241598543485, 1106.433207973303], [2121.2985078980164, 1179.214762014289], [1860.9438259475428, 1462.0105819657888], [1524.341415554146, 1151.5013816804067]]|1906.501196324092|1189.1739765553702|2024-03-13 23:19:59+00
341|1|101260|[[1599.6274853739378, 1069.7413715166185], [1853.8344756136958, 1311.740423217523], [2043.9241598543485, 1106.433207973303], [2121.2985078980164, 1179.214762014289], [1860.9438259475428, 1462.0105819657888], [1524.341415554146, 1151.5013816804067]]|1906.5011963240922|1189.1739765553702|2024-03-13 23:19:59+00
341|1|101261|[[1615.18061880197, 1078.8168080263222], [1875.68538132484, 1322.3829200712469], [2064.346902165392, 1112.1100175864194], [2143.1992405972023, 1186.2896248519003], [1885.3320440401358, 1473.603528299668], [1540.5276297080609, 1160.5330896592645]]|1905.1118728935694|1185.0585589659129|2024-03-13 23:19:59+00
341|1|101261|[[1615.18061880197, 1078.8168080263222], [1875.68538132484, 1322.3829200712469], [2064.346902165392, 1112.1100175864194], [2143.1992405972023, 1186.2896248519003], [1885.3320440401358, 1473.603528299668], [1540.5276297080609, 1160.5330896592645]]|1905.1118728935696|1185.0585589659129|2024-03-13 23:19:59+00
77|1|3706|[[1847.4340463003368, 1330.0903565482242], [1917.995285821246, 1332.289148714598], [1967.9678350570143, 1334.288050684029], [2037.9294039870952, 1336.0870624565164], [1844.9836797658459, 1447.8046964587406], [1915.5449192867522, 1449.403818034285], [1963.7184567500349, 1451.00293960983], [2033.6800256801139, 1453.401621973147]]|1942.595796543977|1404.9933694860379|2023-08-29 13:30:55+00
65|4|4594|[[1972.3285552640396, 1354.8869310720256], [2025.8489082052151, 1361.0485781308491], [2062.1023199699216, 1364.845872248496], [2114.2972023228626, 1370.935872248496], [1962.9171566031441, 1442.0730062244045], [2016.2942154266734, 1447.9480650479338], [2051.580391897263, 1451.243829753816], [2103.381215426674, 1457.4413003420516]]|2035.7412395056906|1422.6378849276302|2023-08-29 15:43:21+00
87|6|14581|[[2141.2947207078673, 1510.3005684501882], [2069.4105881152022, 1498.1452340759183], [2017.64562965926, 1488.5047964687387], [1945.761497066595, 1476.349462094469], [2163.300067419909, 1389.3759488992614], [2090.36806117429, 1376.1727408720371], [2040.0701258324839, 1367.580176917812], [1967.7668437786356, 1355.424842543542]]|2073.1279173559005|1377.9296036208689|2023-08-31 14:14:32+00
341|1|101262|[[1604.847833055289, 1069.100486613502], [1870.9723151613325, 1313.7967636668511], [2059.3331498987263, 1102.2796428241256], [2139.516110741066, 1176.2415118769738], [1881.340801477153, 1468.6328259830948], [1529.0184975175052, 1154.0125269507528]]|1903.8839516443952|1181.7670199347185|2024-03-13 23:19:59+00
341|1|101262|[[1604.847833055289, 1069.100486613502], [1870.9723151613325, 1313.7967636668511], [2059.3331498987263, 1102.2796428241256], [2139.516110741066, 1176.2415118769738], [1881.340801477153, 1468.6328259830948], [1529.0184975175052, 1154.0125269507528]]|1903.8839516443952|1181.7670199347185|2024-03-13 23:19:59+00
341|1|101263|[[1620.0198160161017, 1063.8284387189244], [1888.701858080045, 1312.0672819301785], [2080.283835899554, 1099.4580138621868], [2159.1361743313655, 1175.389895315041], [1901.551868787451, 1469.7719587937993], [1544.0879345632457, 1148.5216911086463]]|1903.3648604564587|1178.0507144466305|2024-03-13 23:19:59+00
341|1|101263|[[1620.0198160161017, 1063.8284387189244], [1888.701858080045, 1312.0672819301785], [2080.283835899554, 1099.4580138621868], [2159.1361743313655, 1175.389895315041], [1901.551868787451, 1469.7719587937993], [1544.0879345632457, 1148.5216911086463]]|1902.6706493380789|1178.5997634996393|2024-03-13 23:19:59+00
65|4|4597|[[1972.4438333477606, 1362.0359027536], [2025.494065931653, 1368.054794577103], [2062.3072880149343, 1372.044060088029], [2114.1677396569717, 1377.5030549977166], [1963.914607158205, 1448.936468034105], [2015.0706071582058, 1454.9906445046934], [2051.4673130405586, 1458.823762151752], [2103.626371864087, 1464.197291563517]]|2035.6816953467708|1422.989412861998|2023-08-29 15:43:21+00
65|4|4609|[[1984.9172183917585, 1389.3072641991846], [2026.9382183917573, 1390.9551465521258], [2055.7332074935216, 1391.3387872726073], [2097.3672772152854, 1392.9970877285964], [1984.394941176471, 1456.0115294117647], [2025.2337647058835, 1458.053470588235], [2052.81788235294, 1458.9132352941176], [2093.871647058824, 1460.847705882353]]|2044.4896432516223|1446.2312305396804|2023-08-29 15:43:35+00
65|4|4600|[[1988.1538409841946, 1382.7958624348832], [2030.3117594947603, 1385.9017994567814], [2060.7623502547417, 1388.0559628096728], [2103.392350254741, 1391.7816098684964], [1982.7861478155842, 1452.72265346702], [2025.2728536979362, 1456.8423593493733], [2054.6090588235297, 1457.7310588235293], [2097.2838802167603, 1462.785911586691]]|2042.5244450294506|1443.0861380143342|2023-08-29 15:43:29+00
87|6|14794|[[2066.056923300776, 1396.8508846696247], [2101.0397821763277, 1400.7199566189945], [2124.737847866217, 1403.6217605810218], [2159.720706741769, 1407.4908325303913], [2060.8981607016162, 1454.2421185852759], [2094.913751589825, 1457.9499792034221], [2118.4506059484916, 1461.3354171591207], [2152.3049855054765, 1465.2044891084904]]|2098.1145138080055|1460.2461750784241|2023-08-31 19:45:06+00
65|4|4601|[[1982.8695001238798, 1377.9651260067158], [2025.9045766619215, 1381.6954391950028], [2055.292165925742, 1383.4241209164038], [2098.6911754577627, 1387.063450856196], [1978.4370958789445, 1448.040954566602], [2020.7446841142405, 1451.9098957430724], [2050.084154702475, 1453.8443663313078], [2092.176801761298, 1457.0326604489549]]|2042.340824489605|1444.202173350147|2023-08-29 15:43:29+00
341|1|101264|[[1631.5351778841223, 1023.3281254261593], [1898.1687395856297, 1283.790172568413], [2097.008692387836, 1071.5133527333278], [2177.468499547339, 1149.8820493133621], [1904.793382519074, 1444.5791490552103], [1551.8926485088687, 1108.51706482244]]|1900.400427824438|1175.4059636358793|2024-03-13 23:20:00+00
341|1|101264|[[1631.5351778841223, 1023.3281254261593], [1898.1687395856297, 1283.790172568413], [2097.008692387836, 1071.5133527333278], [2177.468499547339, 1149.8820493133621], [1904.793382519074, 1444.5791490552103], [1551.8926485088687, 1108.51706482244]]|1900.400427824438|1175.4059636358795|2024-03-13 23:20:00+00
341|1|101265|[[1619.2440400643627, 1145.4135880809465], [1882.7276687057665, 1410.4158543514081], [2092.2996615156435, 1200.84386154153], [2171.268818226613, 1280.572337067027], [1886.84152698445, 1572.5492648886122], [1536.036234672265, 1227.8185230926538]]|1902.6412478336222|1176.0831889081455|2024-03-13 23:20:00+00
341|1|101265|[[1619.2440400643627, 1145.4135880809465], [1882.7276687057665, 1410.4158543514081], [2092.2996615156435, 1200.84386154153], [2171.268818226613, 1280.572337067027], [1886.84152698445, 1572.5492648886122], [1536.036234672265, 1227.8185230926538]]|1902.6412478336224|1176.0831889081455|2024-03-13 23:20:00+00
80|6|3245|[[1941.7786680550757, 1150.4196920140582], [2043.7981114479567, 1169.2232367976903], [2119.174548176506, 1182.4069481646611], [2221.2050100600195, 1200.7495031100113], [1913.5281920418379, 1324.0233919681598], [2016.0633945944933, 1341.5247623482048], [2087.2102698351105, 1354.2703255597596], [2188.984543240808, 1372.152160513284]]|2062.672556763087|1329.2135818306465|2023-08-29 10:53:09+00
80|6|3250|[[1967.493115128978, 1153.4260154844876], [2066.494426937719, 1170.7517608276557], [2140.420501877235, 1183.8087716314833], [2239.5841737919777, 1201.2308753857255], [1939.9939764110673, 1321.1052248159572], [2039.0936304672236, 1338.2745678698925], [2108.2570016615578, 1349.6531737154628], [2206.610689866557, 1366.9390472434397]]|2062.8682160825965|1336.0361595002462|2023-08-29 10:53:14+00
107|5|13286|[[2081.771646317726, 1477.939218349182], [2010.2418582430269, 1476.3954099734685], [1958.7815790525951, 1474.8516015977557], [1888.7955993536084, 1472.278587638234], [2083.8300574853424, 1358.036767835477], [2013.329474994452, 1357.5221650435726], [1962.3837985959249, 1354.949151084051], [1891.368613313131, 1354.949151084051]]|1990.0434300603831|1378.206724954793|2023-08-31 14:11:16+00
94|4|17667|[[1926.5943916895644, 1282.9191698941431], [1993.8180014233499, 1295.8113690211703], [2043.0846195159197, 1306.4013897326572], [2109.8477935665956, 1320.2144602259007], [1905.8747859496993, 1398.4885263542815], [1973.5588313665935, 1411.841161164417], [2020.9837067267304, 1420.5894391434713], [2088.207316460515, 1433.481638270499]]|2019.4587177762942|1383.4601532184827|2023-08-31 16:09:37+00
23|1|2609|[[2086.091134169673, 1487.0189249265711], [2014.6033100412606, 1474.021138721405], [1908.2577865444482, 1453.6382467178494], [1838.542387807649, 1439.1634393530057], [2099.6797288387115, 1416.4173134939651], [2029.0781174061049, 1403.4195272887996], [1921.5509769815508, 1381.8550183575005], [1850.949365548945, 1368.0836376379343]]|1957.14794921875|1438.8900146484375|2023-08-03 15:33:39+00
525|5|13487|[[1819.838309538975, 1306.3254594281457], [1884.1487187270836, 1308.416854848897], [1926.499475997302, 1309.9854014144605], [1989.2413386198464, 1314.6910411111514], [1813.2477102396347, 1408.5548158761374], [1876.5124217173675, 1412.2147578624524], [1922.0002721187125, 1414.306153283204], [1986.8335301620086, 1417.9660952695192]]|1992.3038831248332|1395.2424282780814|2023-08-31 18:09:48+00
341|1|101266|[[1792.0590750048505, 1210.6899880437677], [1946.9051880528514, 1358.3813423057798], [2060.023129608092, 1236.7267013710864], [2107.65626145396, 1281.2026043295941], [1951.4287018542827, 1450.08640314606], [1747.6523799747265, 1258.5722868365324]]|1933.9942861934826|1273.6790038965428|2024-03-13 23:20:13+00
341|1|101266|[[1792.0590750048505, 1210.6899880437677], [1946.9051880528514, 1358.3813423057798], [2060.023129608092, 1236.7267013710864], [2107.65626145396, 1281.2026043295941], [1951.4287018542827, 1450.08640314606], [1747.6523799747265, 1258.5722868365324]]|1933.9942861934826|1273.6790038965428|2024-03-13 23:20:13+00
341|1|101267|[[1782.2362176606603, 1214.2777265848677], [1939.7199841404554, 1357.323898067722], [2046.6721681309573, 1232.7046570414907], [2096.253908844137, 1275.2575686114233], [1948.6484968359318, 1447.1789300881603], [1740.6331478668426, 1262.9096255219335]]|1932.7485822306235|1277.0964083175802|2024-03-13 23:20:13+00
341|1|101267|[[1782.2362176606603, 1214.2777265848677], [1939.7199841404554, 1357.323898067722], [2046.6721681309573, 1232.7046570414907], [2096.253908844137, 1275.2575686114233], [1948.6484968359318, 1447.1789300881603], [1740.6331478668426, 1262.9096255219335]]|1932.7485822306235|1277.09640831758|2024-03-13 23:20:13+00
71|2|3877|[[1877.2529451208725, 1103.0577092923882], [2009.4397326887424, 1117.1107896982746], [2107.372136767262, 1128.0897587653733], [2239.558924335132, 1142.1428391712598], [1856.159262830703, 1329.11631725998], [1988.787904951408, 1342.5832255368514], [2082.0360425655003, 1352.3773406473033], [2214.4606406214048, 1366.048292988976]]|2035.2128731711325|1316.677639321276|2023-08-29 13:35:39+00
65|4|4603|[[1975.576473624507, 1383.2803853111986], [2018.5212295139513, 1385.0611225370872], [2048.6695248731744, 1386.80044726935], [2090.9930933582395, 1388.167059558985], [1972.8812449606298, 1453.0832867343797], [2015.8694802547484, 1455.0535808520267], [2044.2058920194545, 1456.7372867343795], [2086.7642449606305, 1458.7075808520267]]|2042.3945084152635|1444.5843298131256|2023-08-29 15:43:31+00
65|4|4604|[[1979.1985025297895, 1384.5410635617034], [2021.2911495886142, 1386.5113576793506], [2051.096326059203, 1388.1592400322916], [2094.0129142944975, 1390.2011812087621], [1975.866914294496, 1454.038710620527], [2018.6043848827308, 1456.797122385233], [2046.8691495886146, 1458.4091812087622], [2089.3558554709666, 1460.6660635617034]]|2043.103679244705|1445.1902349287286|2023-08-29 15:43:31+00
87|6|14573|[[2142.474508905419, 1513.9976437653636], [2069.7256709743356, 1499.2637019059034], [2018.6173101493328, 1488.6736811944168], [1945.8684722182502, 1474.4001750180648], [2167.441506604288, 1392.739650270567], [2094.0903508974866, 1378.9675965460249], [2044.6905929724976, 1367.8900750719365], [1970.7406523211507, 1353.8186288751217]]|2073.4483774883056|1379.885527920536|2023-08-31 14:14:30+00
94|4|17669|[[1949.0692830486037, 1290.3544050504818], [2017.6741998317134, 1303.7070398606174], [2066.019946558065, 1313.8366248889959], [2133.703991974959, 1326.728824016023], [1928.3496773087386, 1406.3841971937281], [1997.875465458063, 1418.8159606376475], [2043.9190337688756, 1428.4851099829182], [2111.6030791857706, 1440.9168734268374]]|2019.6399485843494|1383.0049790601254|2023-08-31 16:09:37+00
71|2|3882|[[1867.7069212021138, 1160.1762321763015], [1997.328025835202, 1171.8621206129733], [2090.9688950185387, 1180.4727752505216], [2219.3599061319796, 1193.0812338269313], [1848.6404716475413, 1376.0576448748293], [1978.2615762806322, 1389.1273885211078], [2069.1347350447563, 1397.2767580887873], [2197.714578727659, 1409.9780906136727]]|2040.6483392598152|1322.6739279079031|2023-08-29 13:35:42+00
71|2|3883|[[1877.6815835622888, 1150.2213337978876], [2006.5707825511886, 1160.0959095268756], [2100.379251976576, 1167.3719126956041], [2229.0085937094486, 1178.02606019267], [1861.0507191766233, 1367.7218570916546], [1991.2392044456524, 1377.856290076669], [2081.4096722866766, 1384.872435989371], [2210.8185857876283, 1395.5265834864372]]|2040.2570976570464|1324.4678321663848|2023-08-29 13:35:43+00
87|6|14568|[[2140.218222413862, 1522.6359364251525], [2067.747280575542, 1506.8340017386015], [2017.0721107186714, 1495.6636685981086], [1944.6011688803524, 1480.4066282110941], [2166.3731487916007, 1401.1245076285718], [2093.3573126537462, 1386.6848086908612], [2044.044378545715, 1375.5144755503684], [1972.1183310069314, 1360.2574351633534]]|2071.9691881778604|1383.440122922496|2023-08-31 14:14:28+00
341|1|101268|[[1803.2474165323747, 1229.811673151676], [1954.5178270380538, 1376.569880759513], [2068.0976649992426, 1257.3267821797608], [2115.291503487272, 1301.6889903585075], [1959.3945236818172, 1466.867425066608], [1759.6072740824966, 1276.5189431648928]]|1933.5188421480825|1275.41517074853|2024-03-13 23:20:13+00
341|1|101268|[[1803.2474165323747, 1229.811673151676], [1954.5178270380538, 1376.569880759513], [2068.0976649992426, 1257.3267821797608], [2115.291503487272, 1301.6889903585075], [1959.3945236818172, 1466.867425066608], [1759.6072740824966, 1276.5189431648928]]|1933.5188421480823|1275.41517074853|2024-03-13 23:20:13+00
341|1|101269|[[1789.4274566828508, 1196.8933584894676], [1943.455698781143, 1338.6477451568055], [2055.1304960824855, 1216.2549332537867], [2103.7073041965377, 1259.8184764735051], [1948.9875772852329, 1428.8865132547949], [1746.9609937793193, 1245.0184058270402]]|1933.5722000425442|1276.6153037396132|2024-03-13 23:20:13+00
341|1|101269|[[1789.4274566828508, 1196.8933584894676], [1943.455698781143, 1338.6477451568055], [2055.1304960824855, 1216.2549332537867], [2103.7073041965377, 1259.8184764735051], [1948.9875772852329, 1428.8865132547949], [1746.9609937793193, 1245.0184058270402]]|1933.572200042544|1276.6153037396134|2024-03-13 23:20:13+00
71|2|3880|[[1875.2282143161697, 1162.8669852845894], [2004.2697556563485, 1174.3399729197836], [2098.4192211987706, 1182.9742832019406], [2226.7510932006903, 1195.5117748445246], [1857.9672767100406, 1380.667739831945], [1986.1245776678575, 1391.6026631218613], [2077.686335348752, 1400.2048027765948], [2205.989435283766, 1411.5771229981076]]|2039.8022547638639|1321.9808539650467|2023-08-29 13:35:42+00
71|2|3881|[[1863.2739812538061, 1162.5397129537855], [1992.4230374987305, 1173.97343221893], [2086.4913641801454, 1182.808578923814], [2214.3411341449414, 1195.2817272130626], [1844.044544307882, 1379.2606644794748], [1974.2330295769139, 1390.9542410006457], [2064.6633546739617, 1399.7893877055294], [2193.812410918886, 1411.4829642266996]]|2040.0575696554868|1322.6256009304834|2023-08-29 13:35:42+00
71|2|3884|[[1911.85885937179, 1188.8128272231534], [2022.9998077741134, 1200.298517939503], [2103.0618283557264, 1209.0816931931822], [2212.851519026716, 1220.2295694766979], [1895.3059521629352, 1375.2863941474156], [2005.7712716995898, 1386.4342704309315], [2082.455147952864, 1394.541816818943], [2192.2448386238534, 1405.0140642367912]]|2051.824427587223|1363.2969333770993|2023-08-29 13:35:46+00
87|6|14578|[[2137.8990134203036, 1510.4158641387344], [2065.7005187317523, 1498.700636698705], [2014.2080074255769, 1488.3476450075166], [1941.4646184374901, 1476.3599704177193], [2160.512126851059, 1389.176882491921], [2086.9513964136663, 1376.6443136025878], [2037.638462305636, 1367.6535576602398], [1963.8052847184758, 1354.5760944713702]]|2074.043173250435|1378.1378824220458|2023-08-31 14:14:32+00
87|6|14571|[[2139.9038677984577, 1521.3127268257297], [2068.5227145592103, 1506.873027888019], [2016.4853089535004, 1495.15780044799], [1944.2868142649472, 1480.1732072107434], [2165.2414527268925, 1401.163533777989], [2092.4980637388057, 1386.4513876905105], [2042.6402353312392, 1374.4637131007134], [1971.5315292417604, 1360.296461312771]]|2072.5208661305023|1381.2446316463988|2023-08-31 14:14:29+00
341|1|101270|[[1789.3884697182702, 1200.7813125593111], [1943.3789836272417, 1340.4623258549723], [2054.2845040741086, 1218.2302841709782], [2103.3660961016585, 1261.3339899900443], [1949.986121015566, 1430.1306189822265], [1746.539660343171, 1248.3340749063354]]|1933.8474501154672|1277.4572491701445|2024-03-13 23:20:13+00
341|1|101270|[[1789.3884697182702, 1200.7813125593111], [1943.3789836272417, 1340.4623258549723], [2054.2845040741086, 1218.2302841709782], [2103.3660961016585, 1261.3339899900443], [1949.986121015566, 1430.1306189822265], [1746.539660343171, 1248.3340749063354]]|1933.8474501154674|1277.4572491701445|2024-03-13 23:20:13+00
341|1|101271|[[1782.2542114946264, 1225.1388399707962], [1934.8161600469266, 1366.6574303168977], [2048.0706486731833, 1245.4453976990744], [2096.5387208003885, 1288.3917907231807], [1939.6821329456789, 1454.6556837165047], [1740.6971786006543, 1272.8492865811231]]|1932.6600131348455|1277.6701817121498|2024-03-13 23:20:13+00
341|1|101271|[[1782.2542114946264, 1225.1388399707962], [1934.8161600469266, 1366.6574303168977], [2048.0706486731833, 1245.4453976990744], [2096.5387208003885, 1288.3917907231807], [1939.6821329456789, 1454.6556837165047], [1740.6971786006543, 1272.8492865811231]]|1932.6600131348453|1277.6701817121498|2024-03-13 23:20:13+00
71|2|3885|[[1889.9581163787411, 1180.699190833125], [2001.0990647810636, 1193.8739537136432], [2081.8367142283437, 1202.9949434001562], [2191.626404899331, 1217.183149579176], [1870.7026937072137, 1367.8483866230545], [1981.1680132438682, 1381.023149503573], [2058.189703929978, 1389.468510324418], [2168.992837899467, 1402.6432732049366]]|2053.091544835551|1361.606009562627|2023-08-29 13:35:46+00
77|1|3715|[[1874.060863786271, 1360.851415035503], [1929.8335951135837, 1361.3973145264717], [1970.3211406937712, 1361.2153480294817], [2026.1848552695815, 1360.7604317870077], [1875.7709086908967, 1454.031099817594], [1931.1072384004942, 1454.1331963668733], [1970.3633615985405, 1454.1842446415135], [2025.342353385659, 1453.7248101697544]]|1948.6861113987623|1435.7367923625227|2023-08-29 13:31:10+00
341|1|101273|[[1801.2311421012992, 1200.6175436472458], [1949.8461126280508, 1343.9153417043462], [2063.6336034785872, 1226.1399715015718], [2110.956438458483, 1269.4749271292292], [1955.695002344668, 1432.1804047005562], [1756.5668933562283, 1246.0793682627634]]|1932.2908263085553|1277.0698199986668|2024-03-13 23:20:14+00
341|1|101273|[[1801.2311421012992, 1200.6175436472458], [1949.8461126280508, 1343.9153417043462], [2063.6336034785872, 1226.1399715015718], [2110.956438458483, 1269.4749271292292], [1955.695002344668, 1432.1804047005562], [1756.5668933562283, 1246.0793682627634]]|1932.2908263085553|1277.0698199986668|2024-03-13 23:20:14+00
71|2|3886|[[1880.9023131840472, 1158.0176379380678], [1992.8408234721742, 1171.8561900341274], [2074.026995769055, 1181.8506998812813], [2185.1966976073995, 1195.9967753572532], [1860.298246729914, 1347.1445165842142], [1972.236757018039, 1360.521783610405], [2050.0401721358844, 1369.747485007778], [2160.7485889043605, 1383.5860371038375]]|2052.018093705795|1345.7724711368862|2023-08-29 13:35:46+00
71|2|3922|[[2027.9086936920944, 1433.0731243411567], [2074.007276622428, 1433.3626478906142], [2107.8360946133894, 1434.010140464387], [2153.999016110269, 1433.7527861982026], [2027.1046357413884, 1511.1347014247515], [2074.032886052459, 1510.8473856065204], [2105.829169936695, 1511.852990970329], [2153.188393975112, 1511.7093330612136]]|2092.526926041293|1491.4866129005763|2023-08-29 13:36:54+00
107|5|13281|[[2090.664153260726, 1466.7300091791083], [2020.1635707698338, 1465.7008035952997], [1969.2178943713084, 1463.6423924276826], [1898.2027090885135, 1463.1277896357783], [2093.751770012151, 1347.8567642492128], [2021.7073791455482, 1347.8567642492128], [1972.3055111227336, 1345.283750289691], [1901.2903258399388, 1344.2545447058824]]|1989.0035439645144|1381.826552665428|2023-08-31 14:11:14+00
341|1|101274|[[1798.7310485073967, 1238.8842113781584], [1948.6804248173958, 1384.1008951769022], [2062.7951262814504, 1266.5095809442314], [2109.218132074174, 1310.683013769026], [1952.5660508529108, 1472.447760826492], [1753.9901097747816, 1284.710671321114]]|1937.1446740858503|1285.0365659777424|2024-03-13 23:20:14+00
341|1|101274|[[1798.7310485073967, 1238.8842113781584], [1948.6804248173958, 1384.1008951769022], [2062.7951262814504, 1266.5095809442314], [2109.218132074174, 1310.683013769026], [1952.5660508529108, 1472.447760826492], [1753.9901097747816, 1284.710671321114]]|1937.1446740858505|1285.0365659777424|2024-03-13 23:20:14+00
341|1|101275|[[1861.727909367797, 1288.1053453142129], [1990.1465174984887, 1386.536091656143], [2070.2317483931774, 1281.0493778345046], [2110.803561401499, 1310.6844412492794], [2000.3776703440653, 1457.8013632011964], [1831.3872492050523, 1329.3827550705064]]|1943.4773679445166|1305.4504820687248|2024-03-13 23:20:25+00
341|1|101275|[[1861.727909367797, 1288.1053453142129], [1990.1465174984887, 1386.536091656143], [2070.2317483931774, 1281.0493778345046], [2110.803561401499, 1310.6844412492794], [2000.3776703440653, 1457.8013632011964], [1831.3872492050523, 1329.3827550705064]]|1943.4773679445163|1305.4504820687246|2024-03-13 23:20:25+00
71|2|3887|[[1897.1338805177124, 1181.3068833853551], [2007.6057408401025, 1194.199209697069], [2088.034932509508, 1203.8980239866146], [2197.2057323784234, 1217.2634631905014], [1877.9728083847072, 1367.8316411245505], [1987.8532775918816, 1380.4874109901773], [2065.3255136852063, 1388.8851648262475], [2173.904922438903, 1402.6054386992641]]|2053.355014321578|1360.3374917081528|2023-08-29 13:35:46+00
107|5|13284|[[2078.0453042413524, 1477.01115918652], [2005.4127958982867, 1476.0554682872692], [1955.7168691372422, 1476.0554682872692], [1883.0843607941756, 1475.0997773880183], [2079.000995140604, 1360.4168694779148], [2006.3684867975376, 1357.549796780162], [1959.5396327342455, 1356.5941058809112], [1887.8628152904298, 1356.5941058809112]]|1988.540038876167|1379.103166498202|2023-08-31 14:11:16+00
71|2|3914|[[1994.843359316042, 1400.916452961802], [2054.2986994947937, 1404.9030086416524], [2097.105137858865, 1406.7694271734524], [2156.8356404957026, 1411.3822778721392], [1989.8267895586437, 1500.3275016006583], [2049.0841793033064, 1503.9941265149987], [2090.245000922358, 1506.7145256449935], [2148.674443105719, 1510.8542634515068]]|2083.9735319419738|1466.5696731487658|2023-08-29 13:36:28+00
83|10|3171|[[1992.130875265068, 1338.2388336240333], [2040.1420356246322, 1351.2564368702128], [2075.7654767660592, 1361.8244911184552], [2124.126572696757, 1376.1718495349435], [1969.7753006463786, 1419.8944093323917], [2017.5311948625763, 1433.7430691050977], [2052.5362721274155, 1443.2003575924098], [2100.678108497908, 1457.4286737163525]]|2056.7395538943747|1413.7248359610073|2023-08-29 10:50:34+00
341|1|101276|[[1864.1308545395614, 1290.1554419470758], [1990.679559317261, 1391.7134361174144], [2073.095732596854, 1286.6992798418025], [2111.9110916253103, 1317.0071629188146], [1999.4528938921858, 1462.4318299637755], [1833.8229714625486, 1331.6293872103558]]|1942.8476587215978|1306.0464667808815|2024-03-13 23:20:25+00
341|1|101276|[[1864.1308545395614, 1290.1554419470758], [1990.679559317261, 1391.7134361174144], [2073.095732596854, 1286.6992798418025], [2111.9110916253103, 1317.0071629188146], [1999.4528938921858, 1462.4318299637755], [1833.8229714625486, 1331.6293872103558]]|1942.847658721598|1306.0464667808815|2024-03-13 23:20:25+00
341|1|101277|[[1849.2795036915504, 1271.653866652222], [1972.4554221453072, 1376.8961264805253], [2058.5055209884767, 1274.8001225514236], [2096.88984295874, 1306.419994338403], [1977.961369968908, 1448.0015098024887], [1817.1876935196933, 1311.7686293670463]]|1943.0939662394417|1306.2669111756293|2024-03-13 23:20:25+00
341|1|101277|[[1849.2795036915504, 1271.653866652222], [1972.4554221453072, 1376.8961264805253], [2058.5055209884767, 1274.8001225514236], [2096.88984295874, 1306.419994338403], [1977.961369968908, 1448.0015098024887], [1817.1876935196933, 1311.7686293670463]]|1943.0939662394417|1306.2669111756293|2024-03-13 23:20:25+00
80|6|3254|[[2015.4050731780067, 1255.810146832872], [2089.0283600311463, 1265.918811977957], [2143.994996923038, 1272.6771579325407], [2217.033531535491, 1283.14554723543], [1998.918557705258, 1379.7184373692144], [2072.8605734792786, 1389.6281887086645], [2124.2184473230695, 1396.6992468691874], [2197.2841498353496, 1406.7427113864553]]|2079.667927901019|1385.4728360388572|2023-08-29 10:53:20+00
87|6|14789|[[2035.5380856673378, 1415.3974856936134], [2069.3215322385845, 1418.939298640599], [2092.2070928191056, 1421.9362172880483], [2128.1701165884965, 1426.8402659838744], [2029.27180122267, 1471.5215985458458], [2062.78280064415, 1475.8807529421358], [2085.66836122467, 1478.8776715895851], [2119.7242549456855, 1483.509273135643]]|2098.3968858355665|1461.1693650558373|2023-08-31 19:45:04+00
71|2|3888|[[1928.4634275581225, 1155.9418028346488], [2042.021048441487, 1169.454380148001], [2123.876084089678, 1181.1479566691717], [2236.9139904609906, 1195.6999630066277], [1906.115703539885, 1346.9368860137633], [2019.1536099111977, 1360.7093205831416], [2098.929787511182, 1371.103610824182], [2210.928264858389, 1385.6556171616385]]|2049.5349084910067|1356.1789551817358|2023-08-29 13:35:46+00
71|2|3921|[[2019.8578618686392, 1426.0038803460664], [2066.163267844034, 1426.616091242376], [2099.890522677076, 1426.3378135622352], [2146.7803117807657, 1427.3396132107414], [2019.9413451726828, 1504.2277362335883], [2067.1372397245264, 1504.2833917696162], [2098.7495841885016, 1504.561669449757], [2146.140273116443, 1504.6173249857848]]|2094.072985443945|1489.9666009339187|2023-08-29 13:36:53+00
71|2|3923|[[2014.1153095007999, 1436.1212778321503], [2060.8701458099035, 1436.0669117434186], [2095.0664156220278, 1436.6649387194655], [2141.1144927776227, 1437.969724849022], [2014.1696755895314, 1514.0278829844137], [2060.6259863017935, 1514.240189550153], [2093.212302646259, 1514.6297783023501], [2139.0731342913264, 1514.8880351493851]]|2093.5365110292946|1491.354773548639|2023-08-29 13:36:54+00
114|1|15833|[[2047.410992973792, 1521.0461283940058], [1973.8227937314746, 1517.9585116425799], [1921.3333089572357, 1514.3562920992497], [1846.715904131111, 1510.239469764015], [2053.0025259043064, 1397.2704544998148], [1979.9228394800252, 1392.3516294520264], [1928.860750888703, 1389.5408722818618], [1854.6099156435198, 1386.0274258191562]]|1960.4864167564663|1406.871547444169|2023-08-31 13:58:36+00
80|6|3258|[[1986.5507576637679, 1263.584682551993], [2059.634374683044, 1270.6709219392], [2113.8486588423707, 1276.568827137327], [2185.237879416463, 1284.4882898709754], [1973.954883702801, 1385.6111282018903], [2045.978986748452, 1393.423632085523], [2097.979604185442, 1398.6795293762486], [2169.4805520739005, 1406.4933814956692]]|2079.696291243623|1390.890748135898|2023-08-29 10:53:24+00
71|2|3905|[[1971.5803242179913, 1328.4267164565963], [2049.2299776458817, 1339.805081513356], [2106.4293263095947, 1347.1856426312547], [2182.8488862178324, 1359.7941012076644], [1954.666538322807, 1459.1241529193803], [2032.0086683707837, 1470.1949945962278], [2086.1327832353722, 1478.036840783995], [2163.7824366632626, 1488.9539207708863]]|2072.1116750068436|1427.6198398827316|2023-08-29 13:36:04+00
341|1|101278|[[1825.8824383070269, 1266.7270254905154], [1948.5864183759013, 1373.6839947838844], [2034.5879467780142, 1272.3574469475132], [2072.065247619177, 1305.4174991946943], [1952.2451350535375, 1444.2962999280146], [1793.114649481401, 1305.8306119193755]]|1942.227976490205|1306.2786918886393|2024-03-13 23:20:25+00
341|1|101278|[[1825.8824383070269, 1266.7270254905154], [1948.5864183759013, 1373.6839947838844], [2034.5879467780142, 1272.3574469475132], [2072.065247619177, 1305.4174991946943], [1952.2451350535375, 1444.2962999280146], [1793.114649481401, 1305.8306119193755]]|1942.227976490205|1306.2786918886393|2024-03-13 23:20:25+00
341|1|101279|[[1825.4880829078484, 1246.2787622303758], [1945.390322098483, 1355.0149392347435], [2034.1871023416597, 1254.7862381818177], [2072.4707441231485, 1287.4868488701732], [1950.9733531916181, 1425.4674744576223], [1792.7874722194929, 1285.0941212588298]]|1941.7084488118667|1306.9451564040992|2024-03-13 23:20:25+00
341|1|101279|[[1825.4880829078484, 1246.2787622303758], [1945.390322098483, 1355.0149392347435], [2034.1871023416597, 1254.7862381818177], [2072.4707441231485, 1287.4868488701732], [1950.9733531916181, 1425.4674744576223], [1792.7874722194929, 1285.0941212588298]]|1941.7084488118667|1306.9451564040992|2024-03-13 23:20:25+00
71|2|3924|[[2038.1174826251977, 1437.3004093328032], [2085.0814192755774, 1438.1786307661582], [2119.2484150399227, 1438.8895719264938], [2165.1668499839257, 1440.185994042399], [2037.5738217378826, 1515.211196491892], [2084.2031978422215, 1516.1730580617573], [2116.6555708081137, 1516.7167189490726], [2163.5776873902364, 1517.2185597681325]]|2092.2480479588203|1491.4547698724364|2023-08-29 13:36:54+00
87|6|14786|[[2043.6481061591826, 1423.8205907112726], [2077.9861197098367, 1426.5611833420762], [2102.490242055846, 1429.4629873041038], [2136.183410281608, 1433.8156932471445], [2037.6832869039022, 1480.2445566395816], [2072.021300454558, 1483.6299945952796], [2096.8478454630135, 1485.7257419011885], [2128.1228437204195, 1490.0784478442297]]|2097.6660606008118|1461.183119687758|2023-08-31 19:45:03+00
114|1|15834|[[2039.670401918454, 1511.9225293757488], [1966.8343144489213, 1507.5681980596355], [1914.9781869570265, 1504.4014116479168], [1839.7670096787028, 1500.442928633268], [2046.7956713448216, 1388.022011017249], [1973.563735573824, 1384.0635280026008], [1922.4993046848572, 1380.896741590882], [1848.079824009465, 1376.1465619733037]]|1961.4697201800816|1406.9484642496716|2023-08-31 13:58:37+00
114|1|15832|[[2038.9413988693545, 1521.5755284764502], [1966.1053113998219, 1518.8045903661962], [1912.6657907020658, 1514.846107351548], [1839.0380066296034, 1511.283472638364], [2043.6915784869311, 1398.0708584194156], [1970.8554910173984, 1394.9040720076969], [1920.1869084298974, 1391.341437294513], [1846.954972658899, 1387.7788025813293]]|1960.1882812154358|1406.6166375443242|2023-08-31 13:58:36+00
71|2|3911|[[1996.7799835420014, 1392.0369856724647], [2056.2046998235014, 1395.6730224817147], [2098.8673622322954, 1398.9417281917945], [2158.4421702082986, 1402.9170230726108], [1990.952805398309, 1492.1481313970166], [2050.5675090215886, 1496.0371189721961], [2091.146100709117, 1498.6609965142654], [2151.047378430781, 1503.2813111598612]]|2084.5564563459197|1464.8543656852335|2023-08-29 13:36:26+00
87|6|14785|[[2053.988914646687, 1394.749040508464], [2088.3591704635887, 1397.8926614673271], [2113.08898867331, 1401.6650066179627], [2147.04009502903, 1404.8086275768258], [2048.330396920734, 1451.3342177679967], [2082.2815032764533, 1455.106562918632], [2106.1730225638125, 1458.250183877495], [2139.7049794583486, 1461.393804836358]]|2097.1282787385626|1461.6243821554629|2023-08-31 19:45:02+00
87|6|14792|[[2047.260418900452, 1425.7708087949718], [2079.825107807648, 1429.4786694131178], [2105.941343465894, 1431.7356280502502], [2139.150877697983, 1435.9271226620672], [2041.9404449700683, 1483.0008313793992], [2074.505133877264, 1486.5474806663217], [2099.9765242106146, 1488.8044393034538], [2131.7351564616924, 1492.351088590376]]|2097.6701308789407|1462.0224700289195|2023-08-31 19:45:05+00
341|1|101280|[[1830.2710840509326, 1253.421156403551], [1951.1345044187728, 1362.627698664849], [2038.867850168017, 1262.419448275269], [2076.906083989368, 1296.3675494276579], [1956.8606901553212, 1433.3869938379003], [1797.345516065784, 1292.277416758695]]|1941.613216944491|1300.4225633595522|2024-03-13 23:20:26+00
341|1|101280|[[1830.2710840509326, 1253.421156403551], [1951.1345044187728, 1362.627698664849], [2038.867850168017, 1262.419448275269], [2076.906083989368, 1296.3675494276579], [1956.8606901553212, 1433.3869938379003], [1797.345516065784, 1292.277416758695]]|1941.613216944491|1300.4225633595522|2024-03-13 23:20:26+00
341|1|101281|[[1805.6957264161092, 1258.2704743284798], [1926.231888976591, 1369.0932545377098], [2015.428243718965, 1269.356942533009], [2052.5540633295477, 1303.0218806544694], [1930.636647235474, 1440.8278890395131], [1772.8519138904985, 1297.5159328308662]]|1943.1719645859537|1300.519821062719|2024-03-13 23:20:26+00
341|1|101281|[[1805.6957264161092, 1258.2704743284798], [1926.231888976591, 1369.0932545377098], [2015.428243718965, 1269.356942533009], [2052.5540633295477, 1303.0218806544694], [1930.636647235474, 1440.8278890395131], [1772.8519138904985, 1297.5159328308662]]|1943.1719645859537|1300.519821062719|2024-03-13 23:20:26+00
114|1|15830|[[2026.8357320408063, 1491.1736015621118], [1953.321047483047, 1485.9536239603774], [1901.5562695991816, 1481.168644492121], [1826.73659064099, 1476.3836650238645], [2035.5356947103633, 1368.069129787877], [1961.5860120191269, 1362.4141540526643], [1911.5612266691737, 1357.6291745844082], [1838.0465421114136, 1353.2791932496293]]|1958.8331663104693|1405.8917635129617|2023-08-31 13:58:34+00
114|1|16036|[[1985.4041600762835, 1436.723041697559], [2017.4795800232191, 1445.236887732856], [2041.8331396125573, 1451.5727731544725], [2074.5025488177675, 1460.4826120286211], [1970.7524250387974, 1492.3600355561293], [2003.6198306634328, 1500.4778887525754], [2026.5874153167938, 1507.0117705936175], [2059.4548209414293, 1514.3376381123617]]|1996.37137502688|1482.1081329759168|2023-08-31 19:49:10+00
87|6|14565|[[2169.6783620372375, 1441.5320859323158], [2098.0898220275863, 1425.9693598432616], [2048.2890985426116, 1415.853587885376], [1975.922422228508, 1401.0689981007743], [2196.9131326930824, 1322.477231351049], [2125.324592683432, 1306.136368957542], [2077.080141807363, 1296.0205969996564], [2003.9353291888078, 1280.4578709106022]]|2074.890171845755|1382.0239777783886|2023-08-31 14:14:27+00
87|6|14777|[[2081.7394278978613, 1438.6600177959638], [2114.852235331218, 1441.1749145630545], [2139.1629040797566, 1444.737684983099], [2172.9044357048847, 1448.3004554031436], [2076.0809101719083, 1495.664344516678], [2109.403292335855, 1499.0175402061318], [2133.923535814986, 1502.3707358955855], [2167.0363432483414, 1505.0952073932667]]|2098.903168442248|1461.2377189504439|2023-08-31 19:44:59+00
341|1|101282|[[1813.8071988687952, 1284.2036521829589], [1934.780738193108, 1396.2103621945462], [2024.4490313203632, 1296.788675779766], [2061.889476520866, 1330.4536139012264], [1938.5022869834775, 1466.941813002889], [1780.4029280485838, 1323.6298567942424]]|1942.4584518268102|1304.8318697383713|2024-03-13 23:20:26+00
341|1|101282|[[1813.8071988687952, 1284.2036521829589], [1934.780738193108, 1396.2103621945462], [2024.4490313203632, 1296.788675779766], [2061.889476520866, 1330.4536139012264], [1938.5022869834775, 1466.941813002889], [1780.4029280485838, 1323.6298567942424]]|1942.4584518268102|1304.831869738371|2024-03-13 23:20:26+00
341|1|101283|[[1821.7530668047448, 1233.630702557567], [1944.7924377524741, 1345.2647385578941], [2032.9245714369426, 1243.9991888733866], [2072.351405299407, 1278.2417795779409], [1949.258862626979, 1416.4882637888725], [1788.4143954200317, 1272.3928898613244]]|1942.262466825471|1303.8059330791186|2024-03-13 23:20:26+00
341|1|101283|[[1821.7530668047448, 1233.630702557567], [1944.7924377524741, 1345.2647385578941], [2032.9245714369426, 1243.9991888733866], [2072.351405299407, 1278.2417795779409], [1949.258862626979, 1416.4882637888725], [1788.4143954200317, 1272.3928898613244]]|1942.262466825471|1303.8059330791186|2024-03-13 23:20:26+00
80|6|3257|[[1968.8180613371928, 1293.363579636574], [2042.6600071797543, 1300.1020081545266], [2096.0058996135435, 1305.155829542991], [2167.8824704717013, 1312.1750259158578], [1958.6509203848868, 1416.566719767302], [2031.4946515188726, 1422.7739550017777], [2083.525888043149, 1427.8857957831094], [2154.726527497421, 1434.0930310175845]]|2079.7771150061235|1388.475522208608|2023-08-29 10:53:24+00
114|1|16046|[[1959.396715671724, 1417.4735040649223], [1991.472135618657, 1425.5913572613686], [2015.627698788569, 1432.1252391024104], [2047.9011151549298, 1440.0450958794313], [1945.3389698925107, 1472.7145050846418], [1977.2163934200194, 1480.6343618616625], [2000.777967331655, 1485.9802651861512], [2033.051383698015, 1494.8901040602998]]|1997.1749373780908|1482.638770728037|2023-08-31 19:49:14+00
341|1|101285|[[1827.9993961903238, 1252.867973196368], [1953.8036968222723, 1361.3914633019494], [2044.700760190959, 1256.6697515121687], [2083.40977577002, 1289.8489077227919], [1960.3704048222899, 1432.9340188811063], [1795.5114724007535, 1294.3419184596473]]|1944.268050342114|1303.6407147366033|2024-03-13 23:20:44+00
341|1|101285|[[1827.9993961903238, 1252.867973196368], [1953.8036968222723, 1361.3914633019494], [2044.700760190959, 1256.6697515121687], [2083.40977577002, 1289.8489077227919], [1960.3704048222899, 1432.9340188811063], [1795.5114724007535, 1294.3419184596473]]|1944.268050342114|1303.6407147366035|2024-03-13 23:20:44+00
341|1|101286|[[1825.41794178087, 1264.25205453746], [1951.2222424128176, 1374.5036256956776], [2043.1561544130882, 1270.818762537479], [2082.210786202677, 1305.0347673796848], [1955.0240207286188, 1447.774262327472], [1791.2019369386653, 1304.6891511691574]]|1943.177445332691|1303.5995467074606|2024-03-13 23:20:44+00
341|1|101286|[[1825.41794178087, 1264.25205453746], [1951.2222424128176, 1374.5036256956776], [2043.1561544130882, 1270.818762537479], [2082.210786202677, 1305.0347673796848], [1955.0240207286188, 1447.774262327472], [1791.2019369386653, 1304.6891511691574]]|1943.1774453326911|1303.5995467074606|2024-03-13 23:20:44+00
87|6|14790|[[2049.888779181372, 1406.1419603576317], [2083.8901834724325, 1408.97541071522], [2109.0370553960306, 1412.1630423675072], [2141.975915802996, 1416.41321790389], [2043.5135158767976, 1463.165148804099], [2076.452376283763, 1466.7069617510842], [2101.2450669126624, 1469.540412108673], [2134.5381086143266, 1474.4989502344529]]|2096.984609801766|1461.9798322846525|2023-08-31 19:45:05+00
114|1|15842|[[2041.1926513601543, 1514.6109329185554], [1968.8156542284155, 1515.7820817394572], [1916.1139572878287, 1516.0163115036373], [1843.0342708635467, 1517.4216900887202], [2039.3188132467126, 1392.1087662522127], [1966.4733565866113, 1393.0456853089343], [1916.5824168161894, 1392.811455544754], [1842.800041099366, 1393.2799150731148]]|1961.7016951328958|1407.8215081674077|2023-08-31 13:58:49+00
114|1|15840|[[2058.353173921492, 1484.9638486334354], [1985.279577471079, 1487.0222598010528], [1932.790092696839, 1488.0514653848613], [1860.7457018302362, 1490.1098765524787], [2054.750954378161, 1363.0029869521138], [1982.1919607196528, 1365.5760009116354], [1931.76088711303, 1365.061398119731], [1858.6872906626181, 1367.119809287348]]|1960.3202569246466|1408.0675230821514|2023-08-31 13:58:47+00
80|6|3247|[[1936.9114177648858, 1165.9464709535787], [2039.6349448859205, 1182.2250626831417], [2115.9759267900777, 1194.5743391676376], [2217.0154616632276, 1211.4142616464958], [1911.6515340465971, 1338.8363417365233], [2013.8137304183379, 1354.5536027167911], [2084.541404829542, 1366.3415484519917], [2187.2649319505776, 1382.620140181555]]|2061.98538575083|1329.1520609903778|2023-08-29 10:53:09+00
341|1|101287|[[1813.7055447638877, 1249.1774607678044], [1940.2010778168906, 1360.8114967681315], [2032.480606027686, 1256.0897849783512], [2072.572086448855, 1289.6145573995018], [1946.0765533958547, 1433.0452847683437], [1779.8351561322097, 1290.9970222416114]]|1942.9368898114344|1302.850353072207|2024-03-13 23:20:45+00
341|1|101287|[[1813.7055447638877, 1249.1774607678044], [1940.2010778168906, 1360.8114967681315], [2032.480606027686, 1256.0897849783512], [2072.572086448855, 1289.6145573995018], [1946.0765533958547, 1433.0452847683437], [1779.8351561322097, 1290.9970222416114]]|1942.9368898114344|1302.850353072207|2024-03-13 23:20:45+00
341|1|101288|[[1800.7292034925058, 1254.13517212489], [1926.7052896965533, 1366.40931388791], [2020.3693278157934, 1261.4974109290224], [2059.83910807128, 1294.4229789141705], [1932.431475433099, 1438.6001554950979], [1765.9630758063267, 1295.445512081411]]|1942.6255766565232|1302.3510262703587|2024-03-13 23:20:45+00
341|1|101288|[[1800.7292034925058, 1254.13517212489], [1926.7052896965533, 1366.40931388791], [2020.3693278157934, 1261.4974109290224], [2059.83910807128, 1294.4229789141705], [1932.431475433099, 1438.6001554950979], [1765.9630758063267, 1295.445512081411]]|1942.625576656523|1302.3510262703587|2024-03-13 23:20:45+00
114|1|15841|[[2046.0710447919041, 1510.3451637219646], [1973.8201713793383, 1511.6064009137049], [1920.848209326235, 1512.5072846220912], [1847.8766289469609, 1513.408168330477], [2043.9089238917763, 1387.2844491564226], [1970.9373435125012, 1388.7258630898405], [1919.7671488761712, 1389.2663933148722], [1846.255038271866, 1391.4285142149988]]|1960.8710150316804|1408.7300614126716|2023-08-31 13:58:48+00
114|1|15839|[[2056.3726064272573, 1494.3833614863345], [1983.9323672591895, 1495.9667546921937], [1930.8886948628983, 1495.9667546921937], [1858.4484556948305, 1496.7584512951235], [2055.185061522862, 1371.2745397307644], [1981.1614291489345, 1372.462084635159], [1930.8886948628983, 1372.0662363336942], [1858.4484556948305, 1373.6496295395539]]|1960.0902544437663|1406.9014232659822|2023-08-31 13:58:47+00
114|1|16031|[[1975.497341693425, 1426.3759532097747], [2008.7070650207502, 1434.961881679766], [2032.1968693254444, 1441.9278236459852], [2064.5965994008834, 1449.3797615633362], [1963.347442915137, 1483.0754808417935], [1993.8031891860487, 1490.0414228080128], [2018.2649853930056, 1497.3313620749868], [2050.016720866936, 1504.6213013419606]]|1996.9877481401807|1483.8832641707606|2023-08-31 19:49:08+00
341|1|101290|[[1840.2562962549036, 1244.2089057732449], [1971.0587390083228, 1347.8937689314437], [2059.8555192514987, 1239.6893091740415], [2101.329464514778, 1271.858202615431], [1981.2174301989926, 1421.546059761254], [1807.0800318179154, 1286.489879032113]]|1941.4947184362945|1302.537504639962|2024-03-13 23:20:45+00
341|1|101290|[[1840.2562962549036, 1244.2089057732449], [1971.0587390083228, 1347.8937689314437], [2059.8555192514987, 1239.6893091740415], [2101.329464514778, 1271.858202615431], [1981.2174301989926, 1421.546059761254], [1807.0800318179154, 1286.489879032113]]|1941.4947184362945|1302.537504639962|2024-03-13 23:20:45+00
114|1|15843|[[2049.238152417364, 1518.9894352080173], [1976.4020649478302, 1519.781131810947], [1923.7542408530048, 1518.9894352080173], [1850.9181533834712, 1520.1769801124117], [2047.2589109100395, 1395.0889168495173], [1974.8186717419708, 1395.8806134524473], [1924.1500891544697, 1396.6723100553768], [1850.5223050820064, 1398.2557032612365]]|1961.122082166038|1407.8651076448211|2023-08-31 13:58:49+00
114|1|15835|[[2045.9692749529218, 1500.2303182156443], [1972.8956785025107, 1495.5988930885055], [1919.3769881444637, 1492.7000655270092], [1846.7540497603336, 1488.8755619374717], [2052.5951665220578, 1377.1245414470093], [1978.9064827109073, 1372.5570610454915], [1927.4462035204765, 1368.9030767242775], [1854.671015789629, 1364.6400950161947]]|1960.5327018392043|1405.1088812842816|2023-08-31 13:58:37+00
114|1|15845|[[2054.9139480607214, 1516.6367393029989], [1981.834261636442, 1518.1592327701712], [1930.0694837525748, 1518.7682301570405], [1856.0763012479906, 1519.6817262373438], [2053.0869559001144, 1393.6192671554595], [1979.7027707823995, 1395.4462593160665], [1928.5469902854024, 1396.0552567029354], [1854.858306474252, 1396.6642540898047]]|1960.6471119461896|1407.693043077019|2023-08-31 13:58:49+00
349|6|102533|[[1734.2700115219686, 1335.0612212491908], [1964.0260733560208, 1539.6741445905868], [2127.8000822054973, 1346.392199552335], [1977.1295149967955, 1673.1120531328697], [1680.0684671290783, 1406.155305174787]]|1954.21833597742|1433.4535224293018|2024-03-14 10:18:50+00
349|6|102534|[[1749.5795860607113, 1362.7816651236335], [1973.4229641788797, 1561.2105112283862], [2131.775048262476, 1374.5114491298257], [1988.7723911213725, 1687.2844692865563], [1697.1539950623483, 1431.6359312217642]]|1957.2421316464095|1446.4234434419893|2024-03-14 10:18:50+00
349|6|102535|[[1730.4568716339445, 1338.403330028753], [1963.2033572993887, 1553.2884624292203], [2135.0542575176187, 1350.9409980211344], [1975.4354859760278, 1690.8797778532087], [1673.2702565823574, 1412.8572169778677]]|1952.8477980599926|1426.176149092932|2024-03-14 10:18:51+00
114|1|15844|[[2046.9369957888189, 1504.8349789428644], [1974.7708054448399, 1506.052973716603], [1921.7880327872367, 1506.6619711034716], [1849.0128450563911, 1507.5754671837751], [2045.4145023216465, 1382.1220054887597], [1971.725818510496, 1383.3400002624976], [1921.483534093803, 1383.644498955932], [1847.7948502826525, 1384.5579950362355]]|1960.6640719336715|1405.0477107826478|2023-08-31 13:58:49+00
114|1|16033|[[1951.6054810542496, 1423.946758188275], [1984.1634182753228, 1432.84748922713], [2008.7575435142621, 1439.8743821525416], [2040.6127914427957, 1446.4328155495923], [1938.0201547317852, 1478.5222932423053], [1970.3438621886794, 1486.720334988619], [1994.9379874276196, 1493.51299814985], [2025.6220865352502, 1501.4768101319833]]|1995.5405711992478|1481.2932291226712|2023-08-31 19:49:10+00
114|1|16038|[[1960.4826498821144, 1417.0497695793658], [1991.8694382822864, 1425.7162708540402], [2015.5266444645054, 1432.2747042510914], [2048.3188114497584, 1441.4096650541262], [1946.1946342671104, 1472.5622236901174], [1977.8156524314631, 1480.5260356722506], [2001.0043990853214, 1487.0844690693013], [2032.8596470138532, 1495.750970343976]]|1996.6856085815257|1482.8924659701624|2023-08-31 19:49:11+00
114|1|16034|[[1969.3158648074118, 1420.6277984275928], [2001.6090808157137, 1429.2208430306605], [2025.5864472081435, 1435.596327736162], [2058.0182607100437, 1443.9121773520337], [1955.3175179540272, 1476.4825883475319], [1987.7493314559292, 1484.38264548261], [2011.8652953419555, 1490.20374021372], [2043.7427188694633, 1498.519589829592]]|1997.2379879261705|1482.7108964994836|2023-08-31 19:49:10+00
349|6|102536|[[1711.7233350461747, 1301.3365100245153], [1951.7504887596733, 1520.8515259555643], [2129.378153581949, 1312.4245653392245], [1963.401918089784, 1663.4296674603258], [1652.697656341993, 1377.5177022394096]]|1950.25681438923|1422.9071976675634|2024-03-14 10:18:51+00
349|6|102537|[[1863.5624961171497, 1447.2887262110523], [2001.5774021276147, 1590.6139323466632], [2117.7953032030264, 1471.2950866226054], [2158.7718276365476, 1513.620570485749], [2000.0973509307178, 1676.4698564191801], [1819.2004179926416, 1494.4766965636086]]|1973.9440707649642|1506.6111010642944|2024-03-14 10:19:05+00
114|1|16043|[[1965.5444950337755, 1409.5244519083167], [1999.03935131157, 1417.7459166310484], [2022.1812520125927, 1423.8358904997383], [2054.7626122100833, 1432.3618539159047], [1953.364547296395, 1464.3342167265275], [1984.7279127201477, 1472.2511827558246], [2007.5653147277367, 1479.5591513982527], [2040.4511736186628, 1486.2581226538118]]|1998.4027324611118|1482.5504359460897|2023-08-31 19:49:13+00
349|6|102538|[[1844.858702587102, 1452.9631686691735], [1987.352176039547, 1590.1004434903464], [2102.519475607357, 1468.3941254875185], [2145.40445149249, 1510.2970670374327], [1988.490126655397, 1676.8572124269042], [1801.0677396699193, 1499.5547049869524]]|1974.4366540176406|1506.2881520009614|2024-03-14 10:19:05+00
349|6|102539|[[1845.2942414221816, 1480.1092434368704], [1993.823848938775, 1591.5523785376863], [2088.6504078635007, 1467.6876753397514], [2133.362198799533, 1499.3724490396949], [2004.3685918611518, 1670.6487634174416], [1811.5887128771565, 1527.7141125902]]|1977.3274392221|1517.6535326870728|2024-03-14 10:19:08+00
114|1|16039|[[1951.9333834664353, 1418.7683518796634], [1983.788631394968, 1427.669082918518], [2007.6800673413677, 1433.2905972588471], [2040.003774798261, 1442.191328297702], [1938.3480571439727, 1473.3438869336937], [1969.7348455441465, 1481.5419286800072], [1993.1578219621838, 1488.3345918412383], [2024.7788401265357, 1496.5326335875518]]|1997.3914251301223|1481.3396981115718|2023-08-31 19:49:12+00
114|1|16041|[[1959.8227598010985, 1425.8784701039929], [1992.404119998589, 1433.7954361332902], [2016.4595167799157, 1441.1034047757182], [2048.7363782839725, 1449.6293681918842], [1947.3383133702832, 1480.0792375353346], [1978.3971801006032, 1488.9096996449352], [2001.539080801625, 1495.6086709004944], [2032.9024462253788, 1504.439133010095]]|1995.9212840709622|1479.3844463872892|2023-08-31 19:49:12+00
114|1|16044|[[1942.1851097011427, 1465.669353755754], [1975.679965978938, 1473.5863197850513], [1999.1263653733945, 1481.1987871209137], [2031.4032268774522, 1488.506755763342], [1929.7006632703274, 1521.0881159608339], [1961.977524774387, 1528.396084603262], [1984.814926781973, 1535.3995545522555], [2017.7007856729, 1543.9255179684214]]|1997.539641270376|1481.806383206952|2023-08-31 19:49:14+00
349|6|102540|[[1852.2467343648595, 1490.9076332157429], [1997.6811879355928, 1603.2592924725493], [2092.512690368033, 1481.8921221514593], [2138.0198277288364, 1515.5457818672057], [2007.1192837059207, 1683.7420423072042], [1817.2347885104327, 1538.2176515879419]]|1975.9557794873917|1517.4324277963099|2024-03-14 10:19:08+00
349|6|102541|[[1848.1083922034877, 1498.0036366627332], [1998.03984003799, 1607.0283116434407], [2090.8827616879107, 1479.882764507275], [2136.573597961825, 1512.576914943567], [2009.7524347987437, 1686.0320732881662], [1813.9090944296113, 1546.554885170843]]|1976.21993970362|1515.7415071513203|2024-03-14 10:19:08+00
114|1|16035|[[1969.6570448935104, 1411.1881698768095], [2001.5483281703787, 1419.8366534773158], [2026.4127185218354, 1426.503192919373], [2058.6643552820574, 1434.2507928114937], [1955.2429055593325, 1465.9618993466847], [1987.1341888361999, 1473.8896759804825], [2010.3769885125625, 1480.916568905894], [2043.3493322394938, 1488.6641687980145]]|1995.923993805593|1484.0540110761867|2023-08-31 19:49:10+00
114|1|16040|[[1960.697677502199, 1417.0224058345939], [1992.0610429259536, 1425.2438705573254], [2016.1164397072785, 1432.247340506319], [2049.30679729164, 1440.164306535616], [1946.081740217343, 1472.4411680396736], [1978.96759910827, 1480.96713145584], [2001.805001115858, 1486.7526066310952], [2033.1683665396117, 1494.6695726603923]]|1998.362171913621|1480.2784410395482|2023-08-31 19:49:12+00
349|6|102542|[[1874.234136300107, 1523.9521751689854], [2009.067995992923, 1596.505124758429], [2079.545986836615, 1476.892949967149], [2119.603601558335, 1497.895769610812], [2023.9859962972341, 1663.3492777566232], [1848.750961979651, 1570.702470053655]]|1980.601933003692|1530.2733784815532|2024-03-14 10:19:11+00
349|6|102543|[[1870.6172652136647, 1504.8710441593612], [1994.624361550872, 1584.846635275385], [2071.4548451510955, 1469.3762593382041], [2108.2975331933103, 1491.3920119487955], [2006.3061894666944, 1652.2417963282141], [1841.8619964977925, 1550.2504526015996]]|1979.6881953983611|1531.107162358658|2024-03-14 10:19:11+00
77|1|3691|[[1750.49222496639, 1070.6308942576004], [1884.8384263318362, 1083.8836143149267], [1984.1038981337701, 1094.797619068019], [2120.1725138973857, 1109.3306259750204], [1731.166201626455, 1297.727136593875], [1865.252545735873, 1311.2397139072273], [1960.8800159534435, 1321.1142896362153], [2093.4072165267057, 1334.1071524375159]]|1898.2168717693864|1274.8391976916282|2023-08-29 13:30:37+00
77|1|3693|[[1734.2603515653332, 1110.3414930632905], [1870.165696466936, 1124.373784888695], [1969.6910255248972, 1133.9885033616572], [2104.816798658419, 1148.5405096991133], [1716.330200899541, 1338.2363065980978], [1850.9362595210118, 1351.7488839114503], [1945.5243007144777, 1360.8438878723607], [2079.6106448238975, 1373.317036161609]]|1902.6412478336222|1280.623916811092|2023-08-29 13:30:37+00
77|1|3699|[[1814.1235054028489, 1236.1232572081558], [1908.1890266374771, 1241.363205381154], [1975.9702917140035, 1246.4341229679262], [2070.965481172873, 1251.3360099684733], [1806.7409846711867, 1394.0149943102776], [1900.663398922215, 1399.4644176627266], [1965.9428133685929, 1402.693266498434], [2059.7384776664926, 1408.6002156359496]]|1926.1752452487492|1358.0110095955752|2023-08-29 13:30:47+00
114|1|16037|[[1938.1142823986515, 1422.5720409555142], [1969.5010707988226, 1430.770082701828], [1992.689817452681, 1436.6258268063375], [2025.7162142021148, 1445.5265578451922], [1923.357807255286, 1477.1475760095448], [1954.9788254196378, 1485.5798475200386], [1978.8702613660384, 1491.904051152909], [2011.1939688229318, 1499.8678631350422]]|1996.1878732022797|1478.4370744039486|2023-08-31 19:49:11+00
114|1|16042|[[1962.693958230287, 1413.7484181965829], [1996.026655440572, 1422.2167250554119], [2020.3505155669977, 1428.3427342724374], [2051.8814453605123, 1435.7299806812036], [1950.6221165379125, 1469.0626778914893], [1982.6935765564572, 1476.8102777836098], [2004.855315782756, 1482.5759335172809], [2038.188012993041, 1490.864063634433]]|1997.431102712271|1479.8005412983905|2023-08-31 19:49:13+00
349|6|102544|[[1865.3763437024454, 1502.8707299894113], [1995.6470692088988, 1583.1600342811441], [2069.0240492900866, 1464.0553709609567], [2108.90284281247, 1487.7167884509047], [2008.6008684176977, 1649.386900085809], [1837.653773518411, 1550.2216335268135]]|1980.0790343763738|1529.219311800746|2024-03-14 10:19:11+00
114|1|16045|[[1964.604661646817, 1414.8561127071011], [1996.315768182009, 1422.4235358575445], [2021.7206887584985, 1429.2702520412793], [2053.792148777043, 1437.9187356417854], [1951.6319362460586, 1470.3505491436852], [1983.8835730062815, 1478.2783257774831], [2007.3065494243206, 1484.584511736186], [2038.837479217836, 1492.6924651116606]]|1998.3674566751856|1479.428917883009|2023-08-31 19:49:14+00
80|6|3248|[[1944.4455116575368, 1162.2349889392258], [2047.2497416109113, 1179.297035507118], [2123.273037710886, 1193.1194529798406], [2224.7814160261937, 1211.9093017318235], [1916.3687261660675, 1335.6631331672943], [2019.3889313924542, 1352.2932291891639], [2090.876746759192, 1365.6836961158644], [2191.953174528478, 1383.3936685027904]]|2062.021124738904|1327.97867393012|2023-08-29 10:53:09+00
103|10|4944|[[1955.1543124305613, 1287.7040111642568], [2026.0924695823373, 1287.704011164257], [2077.9576316508515, 1287.3693972154276], [2149.230402751456, 1288.038625113086], [1956.1581542770505, 1407.8304187939127], [2027.0963114288247, 1407.4958048450835], [2076.6191758555346, 1408.165032742742], [2148.2265609049678, 1407.8304187939127]]|2043.522886587682|1363.5253581940726|2023-08-31 11:21:22+00
103|10|4932|[[1952.451051216091, 1281.6350006658254], [2023.703745479766, 1281.9394993592598], [2075.4685233636305, 1282.8529954395635], [2147.0257163207375, 1283.4619928264324], [1953.0600486029612, 1400.6939897987165], [2023.703745479766, 1401.3029871855854], [2073.337032509589, 1401.9119845724542], [2144.589726773263, 1403.1299793461924]]|2044.9497211414475|1367.0890669661017|2023-08-31 11:21:17+00
77|1|3713|[[1851.4805733440858, 1316.0604819590383], [1921.537674685083, 1321.6494529380047], [1971.838413495781, 1325.80868715491], [2041.5055866289445, 1331.9175624109898], [1844.112471565229, 1433.091295007725], [1912.665199579084, 1438.7984921124607], [1962.105453567779, 1442.382080992178], [2030.5918188246037, 1448.2220036109766]]|1941.1897940767424|1407.8613133010115|2023-08-29 13:30:58+00
103|10|4945|[[1944.261501236802, 1286.8321254882599], [2015.1737659612168, 1287.5011091177355], [2067.354489060313, 1288.8390763766868], [2139.400706919075, 1287.3765691521212], [1945.435039201298, 1406.740056978446], [2016.3832347715374, 1407.3490543653154], [2066.0165218013603, 1407.3490543653154], [2137.878213451902, 1407.3490543653154]]|2041.9060835238718|1365.0372248037472|2023-08-31 11:21:22+00
103|10|4933|[[1952.4254365368638, 1277.4981250426576], [2022.6172573526123, 1277.3714535861889], [2074.077536543044, 1278.9548467920483], [2145.726079108183, 1280.142391696443], [1950.9687147874743, 1396.917640628575], [2021.8255607496835, 1397.3134889300397], [2070.910750131325, 1399.292730437364], [2143.7468376008587, 1400.0844270402938]]|2043.0478372394894|1363.8993408547876|2023-08-31 11:21:17+00
103|10|4939|[[1973.2821601128148, 1274.1865207813455], [2045.7223992808836, 1276.1657622886694], [2096.7868301698495, 1277.749155494529], [2169.622917639382, 1279.7283970018532], [1971.6987669069554, 1394.5244044266612], [2043.3473094720944, 1397.2953425369153], [2093.6200437581306, 1398.8787357427748], [2164.8727380218056, 1400.0662806471692]]|2045.690626997964|1365.4492665870594|2023-08-31 11:21:20+00
77|1|3692|[[1742.93725797241, 1089.5087314543405], [1879.0339263482288, 1103.2440435585725], [1978.1223525471564, 1112.3818811331134], [2113.762129044249, 1127.5164246159466], [1725.1184747020566, 1317.12655428767], [1859.6160215023297, 1331.40442549789], [1953.5644140655781, 1340.542263072431], [2087.7764034416464, 1352.8212323132204]]|1898.7991192587936|1274.1764432350064|2023-08-29 13:30:37+00
103|10|4940|[[1964.6843951707756, 1281.9151206309073], [2036.8677287911928, 1283.6544780675438], [2089.04845189029, 1283.6544780675438], [2161.231785510707, 1286.2635142224988], [1963.8147164524585, 1403.6701411954673], [2035.1283713545558, 1402.800462477149], [2084.700058298699, 1405.4094986321038], [2156.883391919116, 1406.2791773504218]]|2043.6796560998114|1364.0092364336042|2023-08-31 11:21:20+00
103|10|4934|[[1955.8096007426607, 1278.2651367165147], [2026.0528818375983, 1277.5961530870388], [2076.8956376777464, 1277.5961530870388], [2149.8148532905866, 1278.93412034599], [1954.4716334837099, 1398.0132063926476], [2026.7218654670746, 1397.3442227631722], [2074.219703159843, 1398.6821900221237], [2147.8079024021595, 1399.3511736515989]]|2045.4694132507832|1365.9081346489413|2023-08-31 11:21:17+00
103|10|4948|[[1939.1700479421693, 1291.8341327486878], [2011.2144388087722, 1292.348735540592], [2062.1601152072994, 1292.348735540592], [2133.689903281998, 1291.3195299567833], [1941.2284591097864, 1411.2219804704878], [2012.2436443925812, 1411.2219804704878], [2061.1309096234895, 1410.7073776785835], [2133.1753004900943, 1411.2219804704878]]|2043.2470260150958|1364.6827509259313|2023-08-31 11:21:23+00
77|1|3718|[[1858.6016872622163, 1358.6292732176032], [1914.01048559555, 1359.3571392055615], [1954.0431149332649, 1359.9940219450255], [2009.4519132665987, 1361.1768041754578], [1857.7828380257638, 1451.1592369368175], [1913.2826196075935, 1451.887102924776], [1951.7685337208964, 1452.4330024157448], [2006.8133990602505, 1452.9789019067136]]|1949.671470234416|1436.1736860900978|2023-08-29 13:31:12+00
471|3|129472|[[2000.4361114987205, 1535.0428758765886], [2097.2846100530805, 1665.3136013830433], [2207.8058378151163, 1584.796418271182], [2239.09535273268, 1624.9965793604138], [2087.7604439810675, 1735.4301614224007], [1959.1102631232488, 1567.6894215466186]]|2093.3106795688295|1632.3942419744105|2024-12-10 10:08:37+00
471|3|129472|[[2000.4361114987205, 1535.0428758765886], [2097.2846100530805, 1665.3136013830433], [2207.8058378151163, 1584.796418271182], [2239.09535273268, 1624.9965793604138], [2087.7604439810675, 1735.4301614224007], [1959.1102631232488, 1567.6894215466186]]|2093|1632|2024-12-10 10:08:37+00
103|10|4942|[[1954.4701854017435, 1281.2327642862713], [2025.3824501261574, 1281.2327642862713], [2076.2252059663047, 1283.9086988041736], [2149.813405208621, 1285.9156496926005], [1952.4632345133164, 1400.9808339624046], [2022.706515608255, 1402.3188012213557], [2073.549271448401, 1403.656768480307], [2145.799503431767, 1404.9947357392582]]|2043.5157190716952|1364.8600832367051|2023-08-31 11:21:21+00
103|10|4941|[[1959.7317829238614, 1275.4079473726517], [2032.6509985367015, 1276.7459146316028], [2082.8247707473724, 1278.0838818905538], [2156.41296998969, 1281.428800037932], [1957.7248320354342, 1396.4939843077357], [2028.6370967598482, 1397.831951566687], [2079.4798525999936, 1401.1768697140647], [2151.061100953884, 1403.1838206024918]]|2043.2470260150958|1364.189404113284|2023-08-31 11:21:21+00
526|5|13492|[[1976.9643172689243, 1403.9161805529072], [2010.227715732411, 1407.8608784476157], [2032.6165416212966, 1410.0997610365043], [2067.0526881075352, 1415.4304338671911], [1969.6079887625751, 1459.3551779920522], [2002.9780006826754, 1463.6197162566016], [2027.1792553339942, 1467.3511872380827], [2059.9095865144122, 1471.6157255026326]]|2020.5574280521655|1455.7511734165093|2023-08-31 19:42:29+00
77|1|3711|[[1856.8270269313675, 1329.1682972170559], [1926.4929003038346, 1335.7918777074779], [1976.761145097215, 1339.6950590679044], [2046.1904620235987, 1346.3186395583257], [1848.4563283943949, 1447.1340589340855], [1917.6490888746926, 1452.811413640161], [1966.8528296606823, 1456.5963167775449], [2035.572477248807, 1461.9188368144912]]|1941.7664649397|1408.0254944338346|2023-08-29 13:30:58+00
103|10|4943|[[1959.3452599707657, 1285.3922276689252], [2030.926508324656, 1284.0542604099744], [2083.107231423752, 1286.7301949278765], [2154.6884797776424, 1288.068162186828], [1958.6762763412912, 1405.1402973450586], [2029.5885410657033, 1406.47826460401], [2079.0933296468997, 1407.8162318629609], [2151.3435616302645, 1408.4852154924367]]|2043.3169418754542|1366.9026904485816|2023-08-31 11:21:21+00
103|10|4935|[[1964.2440697599009, 1276.8958288974468], [2035.496764023575, 1278.083373801841], [2087.3528915154707, 1279.6667670077002], [2159.3972823820736, 1280.4584636106297], [1963.0565248555063, 1397.233712542762], [2034.7050674206453, 1398.025409145692], [2083.790256802287, 1400.400498954481], [2155.83464766889, 1401.5880438588754]]|2043.6637224643864|1366.7396550434885|2023-08-31 11:21:19+00
526|5|13496|[[1974.1009083192844, 1408.4282566119527], [2007.3521656423331, 1411.5950430236717], [2031.1030637302242, 1414.3659811339255], [2063.958472751807, 1418.3244641485742], [1967.3714871943826, 1464.2428671184975], [2000.2268962159646, 1468.5971984346104], [2024.3736426053206, 1470.1805916404699], [2058.020748229835, 1475.3266195595131]]|2019.1448778404028|1454.123649508457|2023-08-31 19:42:31+00
77|1|3712|[[1828.2531780615786, 1312.1257672354818], [1897.5824134146183, 1316.9478794057063], [1949.5338483051496, 1320.7691758424878], [2018.2262009187266, 1325.0453885217437], [1822.0198821090012, 1429.9826058774026], [1891.700776992398, 1433.7747634220766], [1940.5313741112209, 1437.1149600755375], [2009.6368766317814, 1441.8330982045106]]|1941.0852669185772|1408.0118284143255|2023-08-29 13:30:58+00
526|5|13499|[[1987.725384474324, 1400.5831357689515], [2020.6977282012554, 1405.0875543108823], [2043.7603511359416, 1407.429851952686], [2077.9939320546123, 1411.573917011262], [1981.058845032267, 1456.6181024305674], [2013.851012017522, 1460.401814005789], [2037.0938116938837, 1463.2846418726244], [2070.4265089041687, 1467.4287069312004]]|2019.7188610319124|1454.4824499512924|2023-08-31 19:42:32+00
103|10|4936|[[1968.1397915544171, 1261.7122231213423], [2039.154976837212, 1262.2268259132466], [2090.6152560276428, 1264.285237080864], [2163.1742496861502, 1265.8290454565768], [1966.5959831787036, 1381.1000708431425], [2038.6403740453056, 1382.6438792188553], [2088.042242068121, 1384.7022903864727], [2159.057427350917, 1385.7314959702815]]|2044.0395576594294|1366.2530130093965|2023-08-31 11:21:19+00
103|10|4946|[[1946.0434432820225, 1296.0271514320407], [2016.991638852262, 1294.8091566583028], [2069.060915429561, 1294.8091566583028], [2140.0091109998007, 1295.4181540451718], [1946.9569393623256, 1416.3041353386695], [2018.2096336259979, 1415.0861405649318], [2068.451918042693, 1415.6951379518007], [2139.4001136129323, 1415.3906392583663]]|2043.3965880069488|1367.501661363074|2023-08-31 11:21:23+00
77|1|3720|[[1867.4083626870574, 1357.9676396760776], [1923.2238561411655, 1358.121401366034], [1963.0481338398235, 1358.121401366034], [2019.0173889838875, 1358.8902098158146], [1867.869647756926, 1450.8397004096325], [1923.2238561411655, 1450.993462099589], [1961.9718020101304, 1450.993462099589], [2016.8647253245003, 1451.6085088594139]]|1950.7351294625282|1436.1082824116666|2023-08-29 13:31:12+00
383|3|111945|[[2432.5584827319035, 1411.823555263308], [1909.3752916561452, 950.4336544720879], [1616.8870509759972, 1320.1635080079095], [1480.9418123500127, 1197.6068156102415], [1893.9269690850106, 681.6328417343461], [2554.085286958163, 1263.519658580416]]|1964.4359101556931|1194.5304812510967|2024-06-26 07:52:25+00
80|6|3249|[[1967.395547199902, 1159.4588696575415], [2066.5713925666882, 1176.3913310616272], [2141.1044592828853, 1189.0906771146913], [2239.524391194132, 1206.1743212098845], [1940.314203009893, 1327.2971259754408], [2039.3390119871633, 1344.8451917131913], [2109.5979970526528, 1356.3449807485742], [2208.6852203849207, 1372.5707104834294]]|2063.2325746957154|1333.7529966821867|2023-08-29 10:53:14+00
103|10|4947|[[1942.8530580076208, 1302.9778415297167], [2014.1057522712958, 1302.581993228252], [2065.170183160261, 1302.1861449267872], [2137.214574026864, 1301.3944483238572], [1944.0406029120154, 1422.128180270638], [2015.2932971756886, 1422.128180270638], [2064.774334858796, 1422.128180270638], [2136.818725725399, 1421.7323319691732]]|2046.591411875698|1366.9146898506392|2023-08-31 11:21:23+00
103|10|4937|[[1975.1629674646942, 1260.4102150779631], [2046.8115100298323, 1261.597759982358], [2099.063485823194, 1263.972849791147], [2170.316180086866, 1264.7645463940767], [1972.7878776559041, 1380.3522504218142], [2046.0198134269026, 1381.1439470247437], [2093.9174579041505, 1383.5190368335332], [2165.5660004692877, 1385.4982783408575]]|2045.5|1369|2023-08-31 11:21:19+00
526|5|13500|[[1980.9296771411805, 1402.1412515314478], [2013.2065386452382, 1405.1862384657927], [2036.9574367331293, 1407.6222280132688], [2071.061290397793, 1411.5807110279175], [1973.9262071921871, 1458.1690111233963], [2007.116564776547, 1461.518496751176], [2031.1719615578736, 1464.5634836855209], [2062.839825675064, 1468.826465393604]]|2019.2142151225605|1453.6945824198629|2023-08-31 19:42:32+00
383|3|111947|[[2233.4604515129213, 1515.6821704038805], [2026.840962623406, 1326.371120374221], [1909.2878153668944, 1467.7233710630337], [1853.0353890723663, 1417.6010168647047], [2020.7527779015836, 1213.0330900948088], [2281.4611382281446, 1457.8753814665017]]|2040.2011129045818|1429.1776284001376|2024-06-26 07:52:37+00
80|6|3260|[[1967.8260968193658, 1290.4615138808283], [2041.2308871118262, 1296.0748213737809], [2094.773204736915, 1300.8245430985871], [2167.7462021453, 1307.7332292437598], [1957.8948604856819, 1413.5224858417155], [2031.2996507781404, 1418.704000450595], [2082.6830039828606, 1423.8855150594745], [2155.2242085071744, 1429.4988225524273]]|2082.1937537624945|1389.1180115268905|2023-08-29 10:53:25+00
526|5|13498|[[1984.6683287190403, 1398.8864964116694], [2016.523576647573, 1402.165713110195], [2039.946553065612, 1404.9764702803593], [2073.2071795792276, 1408.0214572147045], [1976.2360572085458, 1454.164720758241], [2010.4336027788836, 1457.6781672209468], [2035.1898870853352, 1460.4889243911116], [2068.0541247672586, 1464.9392899105387]]|2019.6243379423497|1453.0785602552103|2023-08-31 19:42:32+00
526|5|13502|[[1983.3569138312982, 1396.1401145326872], [2015.6806212881934, 1399.6535609953926], [2040.0405167629528, 1402.230088401377], [2073.0669135123894, 1406.2119943924438], [1976.0957911417067, 1450.715649586717], [2008.8879581269616, 1455.1660151061444], [2033.247853601722, 1458.2110020404896], [2066.5084801153375, 1463.5982866166387]]|2019.7582133625951|1452.9708460991203|2023-08-31 19:42:33+00
526|5|13506|[[1982.4568143163165, 1396.2670781619279], [2014.7805217732098, 1400.4832139171745], [2040.0773363046915, 1404.2308901440606], [2072.4010437615857, 1407.7443366067664], [1975.6641511550847, 1451.7795322726793], [2008.4563181403396, 1456.6983573204677], [2032.1135243225585, 1460.2118037831733], [2065.1399210719933, 1464.896399066781]]|2018.590594272861|1452.7575297441292|2023-08-31 19:42:34+00
80|6|3277|[[2048.720445037395, 1382.5578332075518], [2092.3924043149023, 1389.9274763356307], [2124.236541288083, 1394.5676220088653], [2167.7265340686004, 1401.7552986399548], [2036.9836059815675, 1455.0714822579096], [2080.291632265093, 1461.622276149535], [2111.4079032503164, 1467.172254307718], [2153.9880635458826, 1473.9959979448286]]|2098.7868794997353|1449.7662131191628|2023-08-29 10:53:47+00
80|6|3278|[[2047.9764445664064, 1388.138263026333], [2091.7883780723673, 1394.5770775351962], [2123.0726181317345, 1399.9660853306575], [2167.0245258661457, 1406.894809639108], [2036.9184805185782, 1460.0150293372271], [2080.100529996497, 1467.153714988358], [2110.8248731420485, 1471.702877413098], [2153.3770385919265, 1478.211679036188]]|2097.747634148163|1448.4042445978532|2023-08-29 10:53:48+00
80|6|3269|[[2031.6153999148387, 1327.9278312380677], [2086.589277551356, 1337.611264501422], [2127.2573332343013, 1344.823958057667], [2182.078383726141, 1353.4376490127588], [2015.4285274874678, 1419.8828672840111], [2071.614699490627, 1429.0682924310247], [2109.5493124354366, 1435.629310393177], [2164.184698374815, 1444.9340267758657]]|2090.307821015101|1420.3366769497466|2023-08-29 10:53:35+00
526|5|13490|[[1977.9100248150812, 1404.1173478905835], [2010.702191800337, 1408.441589690837], [2034.4855217017289, 1412.045124524381], [2067.998395653692, 1416.5495430663116], [1971.0633086313478, 1460.152314552199], [2004.03565235828, 1464.8369098358069], [2027.0982752929635, 1467.8999144443198], [2061.331856211636, 1472.4043329862502]]|2019.0279394644938|1462.054714784633|2023-08-31 19:42:29+00
526|5|13501|[[1981.5230287481386, 1405.2114313844938], [2014.7133863324993, 1408.5609170122734], [2038.1597857269567, 1411.6059039466184], [2071.0456446178828, 1415.564386961267], [1974.2150601057106, 1460.3256948961389], [2007.709916383505, 1466.1111700713946], [2032.0698118582654, 1467.6336635385671], [2064.651172055756, 1472.8101413269537]]|2019.5114364062026|1455.1441166169277|2023-08-31 19:42:32+00
526|5|13507|[[1976.088553488125, 1394.358084766317], [2008.6464907091981, 1399.0426800499247], [2032.5379266555979, 1401.6192074559087], [2066.7354722259347, 1406.5380325036974], [1970.2328093836154, 1450.3389984054295], [2002.5565168405087, 1455.0235936890376], [2026.4479527869066, 1458.068580623382], [2059.474349536343, 1462.0504866144486]]|2018.7972517078315|1455.017353272519|2023-08-31 19:42:34+00
80|6|3276|[[2038.7376857594231, 1374.104396270398], [2081.790958947165, 1379.9473404887337], [2113.1583436982323, 1385.3289996372016], [2156.980425335754, 1391.9407523053192], [2027.051797322751, 1446.064867169907], [2070.1050705104913, 1452.5228581480685], [2101.0111701916917, 1457.7507556065798], [2143.4493966196073, 1464.2087465847405]]|2097.933834478349|1448.5261167732629|2023-08-29 10:53:47+00
80|6|3285|[[2049.9709530742853, 1403.8264978607801], [2089.712436016815, 1409.1490178977263], [2118.3357659932813, 1413.5253121503263], [2157.9589707127684, 1419.794057971618], [2041.454921015173, 1470.771972103256], [2081.0781257346594, 1475.8579356941154], [2109.7329230969194, 1479.4240138248908], [2148.291623809017, 1484.9830903079235]]|2100.568807308463|1456.8462167688092|2023-08-29 10:53:57+00
80|6|3264|[[2027.4620704480762, 1356.916008829461], [2082.3091150666082, 1365.771521241828], [2122.8730751490616, 1372.9130635098659], [2178.2914431490367, 1382.1970684583152], [2011.3221849223105, 1449.470396623232], [2066.026398695481, 1458.325909035599], [2105.5905428604106, 1465.0389587675547], [2159.5806024067774, 1473.6088094892002]]|2089.2966707479013|1425.3101127992443|2023-08-29 10:53:33+00
526|5|13491|[[1977.2119188641532, 1396.2469699530157], [2010.0673278857362, 1399.4137563647344], [2033.4223776721624, 1402.5805427764533], [2066.6736349952103, 1406.143177489637], [1969.2949528348558, 1450.874035555166], [2002.150361856438, 1454.8325185698145], [2025.90125994433, 1458.7910015844627], [2059.9442138703075, 1462.3536362976463]]|2019.8972457739624|1455.5299259846875|2023-08-31 19:42:29+00
83|10|3172|[[1997.947769749871, 1324.6562690305525], [2046.234737316981, 1338.695104369532], [2081.1454694431154, 1348.8825778013577], [2129.639499478352, 1362.838588153087], [1975.3801765338417, 1405.7441320126109], [2023.5628235926656, 1419.5361908361408], [2057.272764769135, 1429.9966614243758], [2105.2762941809, 1443.7528967184933]]|2056.066875027883|1415.2691492441618|2023-08-29 10:50:34+00
526|5|13508|null|2019.0752673590289|1455.3966925231207|2023-08-31 19:42:41+00
94|4|17668|[[1924.5040676579724, 1287.4918810855072], [1992.431636189342, 1300.356950883115], [2040.8042986283485, 1310.649006721201], [2108.217264367811, 1322.9994737269046], [1903.4053531898958, 1403.2775092639772], [1972.3621273050744, 1416.1425790615847], [2018.1617757845584, 1424.3762237320536], [2085.060138732118, 1437.2412935296616]]|2019.6037558657752|1381.8312411905565|2023-08-31 16:09:37+00
80|6|3284|[[2049.4419214509167, 1399.6242844451347], [2089.280740318462, 1404.7002729494939], [2118.1215840932296, 1408.3149920359313], [2158.2680386277066, 1413.6986162072217], [2041.3664851939798, 1465.9966795854687], [2081.5129397284577, 1470.5343056726986], [2109.123240835503, 1473.8413890922054], [2148.6544240361186, 1478.7635597630992]]|2099.2756970272444|1460.7914503430893|2023-08-29 10:53:57+00
80|6|3290|[[2051.285530806332, 1407.6872670147452], [2090.135377913614, 1413.5101949184127], [2118.9770676864678, 1417.05854160971], [2158.2818310362213, 1423.063436010367], [2041.732289714379, 1473.8320886704673], [2082.1288520460716, 1478.472234343702], [2109.150876849027, 1482.111564283494], [2148.2736737017935, 1487.6615424416773]]|2099.522586769731|1457.1121385826689|2023-08-29 10:54:00+00
80|6|3267|[[2028.109840079243, 1356.0138363215276], [2083.291987834966, 1365.2198336544338], [2122.915461735661, 1371.680182659982], [2178.797480633654, 1380.778507509462], [2012.730288973799, 1448.3501186022568], [2067.5044654443877, 1457.0552362493158], [2106.767053679682, 1463.503471543433], [2160.8964066208578, 1472.495177425786]]|2090.2758982714527|1425.1391483848167|2023-08-29 10:53:33+00
526|5|13494|[[1978.2551063547594, 1411.538078819733], [2012.2184221609145, 1415.5199848107995], [2034.938709286414, 1419.2676610376857], [2068.4335655642103, 1423.4837967929325], [1971.4624431935276, 1468.2216817513865], [2004.0203804146026, 1471.969357978273], [2027.4433568326408, 1475.2485746767982], [2062.1093619313383, 1479.2304806678646]]|2018.461650481935|1454.7294954882975|2023-08-31 19:42:30+00
526|5|13503|[[1984.7888124588358, 1389.8233864431047], [2018.4359180833485, 1394.177717759218], [2041.7909678697756, 1398.1362007738667], [2074.6463768913586, 1401.6988354870502], [1978.8510879368637, 1446.8255418540436], [2011.7064969584467, 1451.575721471622], [2035.0615467448729, 1453.9508112804108], [2069.1045006708487, 1458.3051425965245]]|2019.0330877960032|1455.7847348347655|2023-08-31 19:42:34+00
526|5|13505|[[1981.1660552932021, 1395.2548365404577], [2014.8591059868436, 1399.0385481156795], [2037.5613754381734, 1402.822259690901], [2070.3535424234283, 1406.2456177827682], [1974.3193391094687, 1450.5690962353647], [2006.9313293530463, 1455.614045002327], [2032.1560731878558, 1458.4968728691624], [2063.506826239693, 1463.18146815277]]|2018.6581875993643|1462.4483306836248|2023-08-31 19:42:34+00
65|4|4595|[[1989.6434657038621, 1339.8704138214025], [2041.4682434406755, 1346.4372520962727], [2078.9761305241686, 1350.1052158173716], [2131.0375510817, 1356.0804470404516], [1980.6664307006572, 1426.9416536061244], [2032.2881365830085, 1431.8136536061247], [2068.8281365830094, 1436.2199477237716], [2119.625901288892, 1442.3099477237718]]|2036.0278383027776|1422.4637509462884|2023-08-29 15:43:21+00
80|6|3270|[[2037.7752690952743, 1323.139120067234], [2093.2477557025554, 1332.8379343567801], [2133.5806297603017, 1339.8163495163315], [2187.8703341371506, 1349.5151638058774], [2021.8818281234112, 1415.2351068473029], [2076.908656894508, 1425.0616337537253], [2115.8481991125486, 1431.813247928627], [2169.7040982286276, 1441.0770906337252]]|2090.9570841295426|1425.9285219325543|2023-08-29 10:53:35+00
526|5|13504|[[1970.3111710282706, 1396.3927924527175], [2003.1970299191967, 1400.0467767739317], [2027.8614240873926, 1403.7007610951457], [2061.0517816717525, 1407.3547454163597], [1963.9166984661465, 1453.3340481249702], [1996.8025573570735, 1456.0745363658805], [2021.7714502187014, 1459.42402199366], [2053.134815642456, 1463.687003701743]]|2019.2409144617477|1454.7758650407552|2023-08-31 19:42:34+00
80|6|3286|[[2060.07356812425, 1396.2528427263744], [2098.6322688363484, 1402.0484756554933], [2127.965268151073, 1406.4247699080936], [2166.4475317643623, 1412.8332760521382], [2051.237574808038, 1462.3441263211619], [2091.1219289826345, 1467.830536709939], [2117.6293050183026, 1471.282660100631], [2157.513659192899, 1476.8307155499565]]|2102.1597899390563|1457.493598058355|2023-08-29 10:53:59+00
80|6|3271|[[2045.9147216848128, 1325.5102033822452], [2101.0044599623266, 1334.3453500871294], [2141.80204915841, 1341.8812105118836], [2195.5925011557924, 1351.7557862408719], [2029.2633703384813, 1417.4891935304267], [2083.402382052152, 1427.1445586768139], [2122.368677107215, 1434.0412480670907], [2176.7264868411417, 1444.231679534175]]|2091.132246189784|1424.2125867776529|2023-08-29 10:53:35+00
94|4|17673|[[1923.3007802745647, 1292.2518003375762], [1990.5949915235892, 1305.34524415526], [2039.6192811665446, 1315.6981997320331], [2106.304495028701, 1329.7051396300203], [1902.899367814452, 1408.2658025361222], [1969.5845816766082, 1421.3592463538057], [2016.7818791589566, 1431.1032045437098], [2083.7715917145474, 1442.9786535876556]]|2021.5817639478878|1385.5589436267767|2023-08-31 16:09:39+00
94|4|17670|[[1935.2801669495134, 1289.6973395496436], [2002.178529897074, 1303.156181799449], [2050.8678709772507, 1313.0523893360703], [2116.9745373218816, 1326.5112315858755], [1913.9043586704115, 1404.8891952759168], [1981.198569919436, 1417.9521892242567], [2027.9086694922903, 1428.6400933638079], [2095.202880741315, 1440.1196941062888]]|2020.779177496842|1381.3297299055005|2023-08-31 16:09:38+00
347|2|102731|[[2244.1949465405487, 1484.5404942066548], [1992.4515549545486, 1256.7448498480924], [1813.1354964466555, 1497.3905049140612], [1730.778609640096, 1428.4677202107007], [1972.0083561018564, 1087.358345068648], [2314.285914035493, 1395.7586020463946]]|1968.9318514343909|1228.7305157564876|2024-03-14 11:19:48+00
347|2|102732|[[2254.5633488674193, 1489.3912699935017], [1986.6179230027337, 1265.6860546298399], [1812.161243857192, 1517.7717823903843], [1724.098183331569, 1451.8288271152746], [1958.2374106058523, 1092.8988173899963], [2323.4278274775015, 1396.3198837507844]]|1961.331888018974|1221.502637955884|2024-03-14 11:19:48+00
347|2|102732|[[2254.5633488674193, 1489.3912699935017], [1986.6179230027337, 1265.6860546298399], [1812.161243857192, 1517.7717823903843], [1724.098183331569, 1451.8288271152746], [1958.2374106058523, 1092.8988173899963], [2323.4278274775015, 1396.3198837507844]]|1961.3318880189736|1221.5026379558842|2024-03-14 11:19:48+00
94|4|17690|[[2003.1270997796696, 1441.2439533947136], [2037.0003272149866, 1443.9466045198717], [2061.3241873414113, 1446.2889021616757], [2095.9181217434375, 1448.8113765451567], [2000.2442719128353, 1498.1798037647152], [2033.396792381443, 1501.0626316315506], [2057.5404757661913, 1502.5040455649685], [2090.5128194931217, 1505.0265199484495]]|2039.9257381753312|1454.0691500824973|2023-08-31 21:39:01+00
83|10|3153|[[1928.1512419849118, 1225.674521528829], [2016.0285534578156, 1238.1810946036721], [2079.7623811471644, 1247.167605720364], [2167.639692620069, 1261.372091033845], [1909.971987518266, 1373.1968807090727], [1996.539117647058, 1386.6571764705884], [2058.2630588235293, 1394.6816470588235], [2144.454470588235, 1407.7572352941174]]|2034.187886451979|1334.4889934650623|2023-08-29 10:49:51+00
347|2|102733|[[2247.7360527343644, 1480.2192619657262], [1994.2205587749113, 1264.40303773953], [1826.8662557519874, 1508.682750764837], [1743.5724384619407, 1443.1332303912154], [1969.194811211505, 1100.5518193286387], [2313.742822726411, 1389.6453007049233]]|1967.463673044548|1229.6171537009668|2024-03-14 11:19:48+00
347|2|102734|[[2237.5179194506663, 1519.2370275992328], [1996.4922443153773, 1310.6402614821461], [1835.2241562248564, 1543.193518946013], [1756.9273308475758, 1479.7964625770946], [1973.1200576355905, 1154.046610727583], [2300.928493315115, 1433.883652804846]]|1970.5037222207955|1238.574248900426|2024-03-14 11:19:49+00
80|6|3289|[[2066.00312201291, 1395.805715811287], [2105.721488810305, 1402.073037275746], [2133.497473383209, 1405.9440180108454], [2173.972991244948, 1412.463564512065], [2056.765602783175, 1461.8109589006162], [2096.415117647059, 1468.119882352941], [2124.0708823529408, 1471.2723529411767], [2163.3692941176464, 1477.6489411764708]]|2098.9572536755877|1457.1771419058384|2023-08-29 10:53:59+00
83|10|3147|[[1923.229529749407, 1215.3321917082073], [2012.1361159351504, 1225.519923853754], [2075.745706143623, 1233.3054726553119], [2164.1199675400326, 1244.4868459341453], [1907.9484662518757, 1364.0406364486141], [1996.0385250754057, 1375.7191070368494], [2057.0818191930534, 1382.2031658603787], [2145.9599956636416, 1393.8458129192022]]|2037.1476521497834|1340.5636478098636|2023-08-29 10:49:48+00
94|4|17684|[[2001.0192540296243, 1400.42583363444], [2035.2167995999594, 1402.768131276244], [2059.34246531054, 1405.110428918048], [2094.0084704092383, 1407.6869563240318], [1997.9742670952787, 1458.5148151511764], [2032.1718126656156, 1459.9201937362586], [2055.126329555295, 1461.5598020855214], [2089.08964536145, 1464.1363294915056]]|2039.8874123660323|1452.6664088611724|2023-08-31 21:38:58+00
94|4|17685|[[1996.8859195116152, 1405.29993236223], [2029.912316261049, 1407.4080002398537], [2054.740671264172, 1409.7502978816576], [2088.703987070328, 1411.6241359951005], [1993.13824328473, 1462.2177650580643], [2027.5700186192466, 1464.7942924640486], [2050.758765273106, 1466.6681305774916], [2084.2536215509003, 1468.776198455115]]|2038.8997786298737|1453.61914015059|2023-08-31 21:38:58+00
83|10|3162|[[1971.0188233250879, 1300.3775277825039], [2034.1148986126086, 1306.8378767880517], [2079.714195343435, 1311.8984835090648], [2144.3176853989157, 1320.2431009745644], [1960.3101095994448, 1406.7039616413574], [2023.4311684229738, 1413.474608700181], [2067.171697834739, 1418.0600204648872], [2131.4749331288563, 1425.977020464887]]|2050.5092396812533|1390.3407290458265|2023-08-29 10:50:02+00
347|2|102735|[[2237.497477128628, 1481.0960119848603], [1985.8888758647336, 1276.2147223842594], [1825.0390914853142, 1519.7359043218157], [1744.1875355331158, 1456.519128415922], [1958.7956033436567, 1114.8444259235275], [2300.068054450967, 1391.5865264451643]]|1968.8878247923317|1234.8950625525497|2024-03-14 11:19:49+00
347|2|102736|[[2242.297378920135, 1497.4001691354065], [2007.278355761553, 1294.8158980416947], [1848.0290402954988, 1523.7201728601801], [1770.3983222385905, 1460.711679094813], [1986.0096658829461, 1139.0227446809138], [2304.2424381915725, 1412.3254096209866]]|1971.9604955993022|1243.3888947053908|2024-03-14 11:19:49+00
83|10|3168|[[1997.203269355629, 1331.3620293116103], [2047.5939915989034, 1345.4994263854178], [2083.777329654145, 1355.9974935194336], [2134.0980647831916, 1370.5548132786025], [1974.5974314603795, 1415.9064632975499], [2024.2182954471623, 1429.274002114863], [2060.1216850454953, 1440.1919919342397], [2109.4626005753694, 1453.209595180419]]|2054.2623579450124|1410.1298764189487|2023-08-29 10:50:32+00
94|4|17682|[[1983.7367690535152, 1409.0089194260574], [2017.8406227181808, 1412.358405053837], [2042.2005181929403, 1414.185397214444], [2075.390875777301, 1416.62138676192], [1980.0827847323021, 1466.5591724851784], [2012.9686436232282, 1468.9951620326542], [2037.3285390979877, 1471.1266528866959], [2070.823395375783, 1473.8671411276061]]|2039.73233333507|1452.8352442596997|2023-08-31 21:38:57+00
94|4|17676|[[1954.3936576215388, 1296.069789080098], [2023.2989714575265, 1313.4633634464637], [2072.80376003872, 1324.836085147549], [2140.3711066157553, 1340.8916922549636], [1930.9792305898923, 1411.1349733499017], [1998.5465771669283, 1427.1905804573164], [2045.3754312302203, 1437.894318528926], [2112.9427778072563, 1454.6189092658162]]|2019.770004847539|1384.4833427555031|2023-08-31 16:09:41+00
94|4|17691|[[1995.385366990357, 1450.9362742154094], [2029.184721961587, 1453.9812611497543], [2053.5446174363465, 1454.894757230058], [2087.039473714143, 1458.8532402447067], [1992.3403800560113, 1508.1820285810963], [2024.617241560069, 1509.400023354834], [2049.281635728264, 1511.8360129023101], [2082.7764920060586, 1515.18549853009]]|2037.6695499518457|1453.215649506706|2023-08-31 21:39:01+00
83|10|3163|[[1971.6517076707646, 1283.0649054150083], [2034.4678647604264, 1291.0636022095257], [2080.10981391195, 1296.5441196150693], [2142.411767242667, 1304.5044135044443], [1961.752124267267, 1387.9817953159297], [2023.153653679034, 1396.7585600218122], [2066.285183090797, 1400.6275011982825], [2128.7972419143266, 1408.7952659041648]]|2051.0293557925916|1388.7392308053015|2023-08-29 10:50:03+00
94|4|17672|[[1928.916175065116, 1288.5208566816018], [1996.1401173848885, 1302.106183004064], [2044.3914488060477, 1312.1780628638207], [2111.1469315974596, 1325.7633891862833], [1907.1328069963415, 1403.9961304225326], [1975.0594386086527, 1418.0499162733558], [2022.3738509730915, 1427.8875663689323], [2088.426644471962, 1439.8332843421322]]|2020.901359462305|1381.661707570454|2023-08-31 16:09:39+00
83|10|3167|[[1997.8743066503725, 1314.614632491814], [2048.6413654739013, 1327.7158089624022], [2086.204894885666, 1337.4393383741667], [2136.562541944489, 1350.7963971976963], [1975.8786940531386, 1400.5684876352452], [2026.676458759021, 1414.0381346940685], [2062.894046994314, 1423.3522523411275], [2113.6918117001965, 1436.4636641058335]]|2055.140273310064|1408.8604964213237|2023-08-29 10:50:30+00
94|4|17686|[[2001.9406979358187, 1398.9817776854993], [2034.5644156596231, 1400.7942064479328], [2059.938418333694, 1403.4595428632767], [2092.9885898839525, 1405.698425452165], [1997.8893865844962, 1456.1265904304644], [2031.7924657876652, 1458.1522461061252], [2055.1408127860745, 1460.2845152384002], [2088.6174381627893, 1462.5233978272886]]|2038.829007105143|1453.5055137950303|2023-08-31 21:38:59+00
83|10|3151|[[1932.6913250917373, 1198.678858779878], [2018.560325091737, 1212.0052117210546], [2083.9024427387953, 1221.9283293681135], [2170.738678032913, 1236.7950940739959], [1910.8618729047953, 1346.3848249114192], [1997.8772258459717, 1361.6814719702425], [2059.6369905518545, 1370.2432954996543], [2146.5090493753837, 1383.4621778525955]]|2033.6769228369187|1334.8844938803782|2023-08-29 10:49:50+00
347|2|102737|[[2242.6133057348197, 1452.9627638787185], [2031.8253971165022, 1240.27586509267], [1863.9546662889425, 1453.3425619122654], [1794.0718281163845, 1387.6375021087176], [2020.4314561101046, 1090.255641841796], [2308.3183655383655, 1373.5849748674968]]|1974.9694195122809|1252.6331740292756|2024-03-14 11:19:49+00
347|2|102738|[[2246.055150768245, 1471.254393424557], [2023.279927483798, 1261.926405659312], [1857.3841464306806, 1483.120780396803], [1783.422277377832, 1418.4905490281922], [2007.3513328873287, 1108.7368033716727], [2310.1111333092676, 1389.377166319864]]|1973.1130084002655|1247.9163237696223|2024-03-14 11:19:49+00
83|10|3160|[[1968.4132162967521, 1286.2982761290093], [2031.9641574732218, 1293.9286878937153], [2078.1765104143983, 1298.0125702466564], [2140.4736280614584, 1305.1414525995979], [1957.9890501643636, 1392.5691368468943], [2020.1786972231862, 1399.9487839057176], [2065.295024769262, 1404.204968409636], [2128.0791678114224, 1411.1257250821884]]|2049.5132773667715|1384.604625999252|2023-08-29 10:50:01+00
83|10|3161|[[1966.1927229906282, 1289.8113648451244], [2028.9197229906272, 1297.155188374536], [2075.7647098439797, 1301.8041207865751], [2139.1590211803264, 1308.7583058228868], [1956.4796330381773, 1396.3642912535615], [2019.3499271558253, 1403.2424089006206], [2063.412868332293, 1407.8994677241499], [2126.6055742146477, 1414.8134089006207]]|2049.366155833403|1388.392841028287|2023-08-29 10:50:01+00
94|4|17683|[[1978.7991608294938, 1406.7376376635264], [2012.7624766356498, 1409.7826245978713], [2037.1223721104102, 1412.124922239675], [2071.319917680746, 1414.9356794098398], [1974.9274067528572, 1464.0122547488997], [2009.1609876715288, 1466.5070096336615], [2033.2769515575578, 1468.5859720376295], [2066.263155033848, 1471.7737143903798]]|2036.5854951350677|1455.0905036767551|2023-08-31 21:38:57+00
94|4|17687|[[1987.5935273586233, 1400.4577494546463], [2021.4667547939403, 1402.4396936130956], [2045.250084695334, 1403.8811075465132], [2079.303488872328, 1405.6828749632857], [1984.5305227501099, 1457.7539533080028], [2018.2235734437513, 1459.1953672414204], [2042.006903345144, 1461.5376648832244], [2075.33960055543, 1463.3394322999966]]|2039.5523526457346|1453.767956753442|2023-08-31 21:38:59+00
83|10|3150|[[1935.0102799276215, 1194.208899733281], [2022.5629858099742, 1208.8248997332805], [2087.127221104092, 1220.3140173803397], [2175.2531034570343, 1234.6946056156337], [1912.564031199308, 1343.2899449343693], [2000.08091355225, 1358.4791214049574], [2061.6973841404856, 1367.1842390520162], [2149.6441488463665, 1382.2301214049576]]|2032.810180327899|1336.6706856631727|2023-08-29 10:49:50+00
347|2|102739|[[2242.1064961711727, 1523.374273106151], [2036.3266044232005, 1310.8548652528962], [1871.4331103806117, 1513.0403484113838], [1803.5886482540982, 1447.4423916532962], [2027.3405829494914, 1163.0348120103572], [2307.214864048784, 1448.2201303803001]]|1976.7619777234863|1254.8082981793311|2024-03-14 11:19:50+00
347|2|102740|[[2244.171421356011, 1530.707213125483], [2037.1814930731607, 1323.3374868090852], [1877.6663189836245, 1522.3516563874596], [1810.4420670458921, 1458.5455867516448], [2025.7875520667649, 1178.6344360278629], [2305.3189047570013, 1455.5072024832727]]|1981.167141790138|1256.6757633509146|2024-03-14 11:19:50+00
83|10|3154|[[1923.594918847382, 1208.6709556803], [2010.4839211599178, 1221.2266439725827], [2074.627111348755, 1229.9610358280838], [2161.9710299037665, 1243.6085231023044], [1903.9527345749734, 1356.1670412060164], [1990.793711171655, 1369.2716948370874], [2053.3383973912482, 1377.5587740938154], [2139.7566432256367, 1390.6030376159872]]|2033.8651557193284|1338.5700430810925|2023-08-29 10:49:51+00
83|10|3156|[[1959.1926050734041, 1307.3486720494705], [2022.2638328647495, 1315.7554082554082], [2068.1488758015917, 1321.1390324266981], [2131.261516086561, 1328.5482966045329], [1948.068604961259, 1413.0389570943462], [2009.8511877989845, 1421.4350516851136], [2053.8118717412112, 1426.1479538374786], [2117.099414930112, 1433.9499851317298]]|2049.039780299601|1386.6841673286915|2023-08-29 10:49:59+00
94|4|17688|[[1996.1086007271329, 1394.2931197412743], [2030.5403760616505, 1397.103876911439], [2054.900271536409, 1398.0407959681606], [2088.863587342567, 1400.148863845784], [1993.0636137927881, 1451.6794119654694], [2027.0269295989442, 1454.255939371454], [2050.4499060169833, 1455.4270881923558], [2084.1789920589586, 1458.0036155983398]]|2039.3128994657086|1452.3066183508838|2023-08-31 21:38:59+00
65|4|4598|[[1972.652359367204, 1343.4781797506926], [2025.305386976523, 1349.749214499668], [2062.4583098289436, 1352.8255711689767], [2114.105605450221, 1358.3275167506247], [1964.0773843827587, 1430.23039046008], [2016.7030507089817, 1435.4730482655925], [2051.9416746928723, 1438.7248233601513], [2104.235527233936, 1444.8965597641093]]|2036.533856970158|1422.283481853504|2023-08-29 15:43:22+00
94|4|17689|[[1987.3556648718145, 1400.248376305397], [2021.3120508032903, 1402.3273387093648], [2045.705209676515, 1405.2378860749202], [2079.80019310159, 1405.9308735429095], [1984.1679225190642, 1457.2119461741186], [2017.7085159697467, 1458.736518603695], [2043.210454791753, 1460.538286020467], [2075.0878783192616, 1463.3102358924243]]|2039.9009279462216|1453.0788156904446|2023-08-31 21:38:59+00
94|4|17694|[[1996.883719373996, 1465.556438802158], [2031.2920717320944, 1468.2969270430683], [2054.738471126551, 1470.7329165905444], [2088.8423247912156, 1474.0824022183238], [1992.9252363593473, 1522.49769447441], [2025.5065965568397, 1524.6291853284513], [2049.5619933381645, 1527.3696735693622], [2083.3613483093945, 1531.023657890576]]|2036.9896179083864|1450.2178718448924|2023-08-31 21:39:01+00
65|4|4591|[[1975.5199497366825, 1345.2580231818902], [2028.6521790579532, 1351.6769596938127], [2065.84059833348, 1355.7767965627181], [2118.9279400059545, 1362.570590107325], [1966.1577229268655, 1433.144898340645], [2018.8541346915704, 1439.3423689288804], [2055.250840573924, 1443.1396630465274], [2107.445722926866, 1450.0177806935862]]|2035.8617201471793|1422.784609194879|2023-08-29 15:43:19+00
94|4|17692|[[2012.1483504331686, 1441.0859887480315], [2047.048585296047, 1443.896745918196], [2071.1742510066265, 1446.0048137958197], [2105.1375668127826, 1447.8786519092628], [2009.3375932630038, 1497.7695916796852], [2042.5982197766193, 1499.8776595573086], [2066.489655723019, 1502.2199571991123], [2100.2187417649943, 1504.5622548409162]]|2039.5705162242455|1453.956051033379|2023-08-31 21:39:01+00
83|10|3177|[[2030.4349967537778, 1366.1583223154812], [2069.7033668041336, 1376.3302494972004], [2098.9180878958164, 1383.7817775489248], [2137.5950668309574, 1393.8354265076005], [2013.8760455277247, 1432.1575707736113], [2053.1444155780805, 1442.5660544014165], [2080.348406878026, 1449.4261913379246], [2119.8533333744695, 1459.8346749657305]]|2063.929647300896|1435.3016087407927|2023-08-29 10:50:43+00
65|4|4590|[[1984.7450116313607, 1349.7836805690408], [2037.6600415159296, 1356.3751013574677], [2076.071552661638, 1360.4776689976677], [2128.955229307707, 1366.5030064439359], [1974.4025934177985, 1437.9064945460077], [2028.1426867304458, 1444.614711332535], [2064.238735665876, 1448.1033594980886], [2117.748159480881, 1454.6103756251198]]|2033.9951979782174|1422.1924965230107|2023-08-29 15:43:18+00
94|4|17693|[[2009.4833732781985, 1434.2287194049106], [2042.8160704884845, 1437.652077496778], [2067.68046083994, 1438.7331379468415], [2101.7338650169345, 1442.1564960387084], [2006.0600151863323, 1491.524923258267], [2039.753065879972, 1495.1284580918114], [2063.8967492647193, 1495.84916505852], [2096.3285627666196, 1499.813053375419]]|2037.7983622654124|1452.4187921216353|2023-08-31 21:39:01+00
103|10|4938|[[1968.618457060345, 1262.3101041551042], [2040.6628479269489, 1263.8539125308168], [2092.1231271173806, 1264.3685153227218], [2164.1675179839835, 1266.4269264903392], [1967.0746486846324, 1382.2125546688087], [2038.6044367593317, 1383.2417602526173], [2088.52090757405, 1384.2709658364263], [2160.0506956487484, 1386.3293770040434]]|2044.0029845608462|1365.1110471257912|2023-08-31 11:21:19+00
114|1|15838|[[2053.3271183696093, 1486.6931207872901], [1979.812433811851, 1487.8241159343324], [1927.2211594743762, 1487.2586183608114], [1853.7064749166188, 1488.389613507854], [2051.065128075525, 1362.8491521861424], [1977.550443517765, 1363.9801473331852], [1927.2211594743762, 1363.414649759664], [1853.7064749166188, 1366.2421376272698]]|1960.0533625054939|1407.898144747188|2023-08-31 13:58:47+00
83|10|3176|[[2026.3567425105625, 1370.597946357221], [2065.7648714444063, 1380.7729960409588], [2094.4595882773815, 1388.2023973973394], [2133.383191035809, 1398.5389558062166], [2010.0328624358021, 1437.4032592616616], [2049.106346967806, 1447.3138882266962], [2076.8466242144336, 1454.3793605510511], [2115.4933352503363, 1464.289989516086]]|2063.3548965446253|1434.3144719091467|2023-08-29 10:50:43+00
465|4|129259|[[1635.0576689303198, 1163.2154633160044], [2006.6110232114806, 1231.9361821842483], [2068.4903828208135, 919.528559113471], [2187.70682945533, 939.663178258181], [2097.51134163651, 1364.918898422952]]|1941.5592131323563|1193.0720621465339|2024-12-10 09:18:08+00
465|4|129259|[[1635.0576689303198, 1163.2154633160044], [2006.6110232114806, 1231.9361821842483], [2068.4903828208135, 919.528559113471], [2187.70682945533, 939.663178258181], [2097.51134163651, 1364.918898422952]]|1941.9999999999998|1193|2024-12-10 09:18:08+00
465|4|129393|[[1790.0801958767688, 984.2808996982253], [2002.8810340728814, 1219.79366030042], [2201.857223847901, 1041.0607057134293], [2270.9804659533675, 1114.6275848113896], [1995.474972418724, 1360.0150942857936], [1717.0070542224203, 1053.8978792473017]]|1952.9490921118581|1232.3383375389026|2024-12-10 10:09:32+00
465|4|129393|[[1790.0801958767688, 984.2808996982253], [2002.8810340728814, 1219.79366030042], [2201.857223847901, 1041.0607057134293], [2270.9804659533675, 1114.6275848113896], [1995.474972418724, 1360.0150942857936], [1717.0070542224203, 1053.8978792473017]]|1953.3325468534524|1231.3349055623082|2024-12-10 10:09:32+00
465|4|129394|[[1847.9653891068801, 1263.7671128707184], [1995.5727554506302, 1358.386196968162], [2075.330342495403, 1234.7619370487712], [2121.3238843578856, 1263.4746683848878], [2012.3218487300346, 1431.7631770493492], [1820.3719225756258, 1310.7975033647836]]|1981.7719410347718|1322.0074896052954|2024-12-10 10:09:36+00
465|4|129394|[[1847.9653891068801, 1263.7671128707184], [1995.5727554506302, 1358.386196968162], [2075.330342495403, 1234.7619370487712], [2121.3238843578856, 1263.4746683848878], [2012.3218487300346, 1431.7631770493492], [1820.3719225756258, 1310.7975033647836]]|1982.7497953993231|1321.5001358512131|2024-12-10 10:09:36+00
471|3|129398|[[2367.8657607246696, 1747.1180468646319], [2068.5237397366946, 1486.0021064086488], [1847.8049467295396, 1728.5361289572106], [1754.1277845811528, 1650.257952367463], [2062.1074957539295, 1319.179762856728], [2448.4390515429195, 1651.9599205815557]]|2048.809717307815|1484.6590574469512|2024-12-10 09:16:33+00
471|3|129398|[[2367.8657607246696, 1747.1180468646319], [2068.5237397366946, 1486.0021064086488], [1847.8049467295396, 1728.5361289572106], [1754.1277845811528, 1650.257952367463], [2062.1074957539295, 1319.179762856728], [2448.4390515429195, 1651.9599205815557]]|2049|1485|2024-12-10 09:16:33+00
526|5|13509|null|2019.0891462183995|1455.9164470379533|2023-08-31 19:42:42+00
77|1|3694|[[1754.6115126293976, 1077.6017564075205], [1889.6801742780804, 1091.8796276177407], [1989.6252727496217, 1101.58858004069], [2123.551704701487, 1117.5797957961365], [1734.3369355108848, 1304.905466074225], [1868.8344823111588, 1318.8977798602402], [1962.7828748744082, 1329.4634045558032], [2096.7093068262734, 1342.8846034934104]]|1899.2597932912279|1274.983560350814|2023-08-29 13:30:37+00
114|1|15837|[[2060.199743355051, 1497.4098319520235], [1986.9678075840534, 1499.3890734593479], [1934.319983489228, 1500.1807700622776], [1861.0880477182295, 1502.1600115696017], [2056.041506722509, 1373.9894543845105], [1982.4137226500475, 1375.176999288905], [1931.7451400625446, 1376.3645441932997], [1859.3049008944758, 1378.739634002089]]|1960.8777287020723|1407.6279684158883|2023-08-31 13:58:46+00
77|1|3719|[[1858.0358708029503, 1341.1725642621345], [1913.8929728876305, 1342.6848354970296], [1953.6050975269077, 1343.0882489704209], [2009.1836120299117, 1343.9402746813466], [1857.664059213917, 1434.1414298556117], [1913.3590989394438, 1434.7910606900653], [1952.0689787551378, 1435.2525939815], [2007.2051624903029, 1435.9363683961096]]|1950.298244895232|1434.3203353952445|2023-08-29 13:31:12+00
77|1|3697|[[1786.6110639068124, 1191.2763204463085], [1878.8680778805433, 1200.5020218436819], [1947.1382682211038, 1206.4987277519745], [2039.7028055747464, 1216.0319525292598], [1774.6176520902286, 1347.344435751868], [1866.567142684045, 1355.9550903894162], [1931.3008141556134, 1361.336749537884], [2024.1728748891678, 1370.7162126252133]]|1927.5621121271809|1358.402631158678|2023-08-29 13:30:44+00
77|1|3717|[[1867.9509279184717, 1362.168148980263], [1924.0262478713744, 1362.103868117818], [1964.0456077288868, 1362.0666484550254], [2019.9654738792392, 1362.8752228130827], [1868.6502358992207, 1455.238712154464], [1924.2707746662722, 1454.753448485724], [1962.7217058823549, 1455.51], [2017.9615882352941, 1455.2592352941178]]|1949.5305086583703|1434.2288633777507|2023-08-29 13:31:12+00
77|1|3700|[[1813.8182696415229, 1198.5487278790845], [1907.6129005148164, 1203.9303870275523], [1976.0368525453327, 1208.5432377262387], [2071.2153386282303, 1213.77113518475], [1806.8511382773427, 1355.5921369662126], [1900.2330178149564, 1361.7543929763087], [1965.6477354605936, 1365.4517465823665], [2059.88285044576, 1371.1399828993785]]|1926.7376522686152|1356.9172205039702|2023-08-29 13:30:47+00
77|1|3725|[[1864.4743751083756, 1398.0420700404607], [1921.4430812371534, 1395.8432778740869], [1963.0202422013149, 1394.6439366924283], [2019.789058133149, 1392.8449249199402], [1867.872508456408, 1493.5895841792537], [1925.4408851760159, 1491.5906822098227], [1965.219034367687, 1490.5912312251073], [2021.9878502995239, 1488.3924390587333]]|1949.7477854190267|1430.6137011388441|2023-08-29 13:31:24+00
77|1|3702|[[1810.8121589118568, 1232.2868288346776], [1905.9199146173746, 1238.5234029793019], [1974.0025156961888, 1243.2008335877697], [2068.3306996336273, 1248.9176932203422], [1803.7960129991557, 1390.5398977545153], [1897.0847679124895, 1396.5166146431134], [1962.8286536870705, 1400.6743307395295], [2056.8969803684845, 1406.6510476281276]]|1926.5803489030232|1358.550498903379|2023-08-29 13:30:47+00
80|6|3263|[[2032.7965903014297, 1343.999103133081], [2087.876674720286, 1352.6892324613457], [2127.3656447560784, 1358.6956453794116], [2182.800660476713, 1367.833433731662], [2017.5029425540292, 1435.7598475727282], [2072.6826025327296, 1443.9814352168542], [2111.519693732164, 1450.3010802345136], [2165.523932973981, 1458.3442648024438]]|2090.8116723098115|1424.525196089179|2023-08-29 10:53:33+00
80|6|3265|[[2023.9849321175739, 1354.624080578315], [2078.7599997139127, 1362.505845376596], [2119.8823894842967, 1369.4279587314768], [2174.200191262647, 1378.0173701572703], [2009.4272446838672, 1446.9473785695088], [2064.4074775423855, 1455.2453660530102], [2103.2769978598385, 1460.1950427975542], [2158.111651990577, 1468.7356614940234]]|2089.083200523005|1426.101698010859|2023-08-29 10:53:33+00
83|10|3149|[[1930.2748482794746, 1202.6790770488951], [2017.2185541618278, 1214.1067829312483], [2082.5248482794755, 1222.5969594018363], [2171.044789455947, 1235.0993711665421], [1912.04842498272, 1352.146461938392], [1999.422013218014, 1363.7532854678036], [2061.7549543944847, 1371.4911678207445], [2149.6300720415434, 1382.7755795854507]]|2033.747951663048|1335.2083538401089|2023-08-29 10:49:48+00
83|10|3145|[[1902.1983244838625, 1182.9975364798547], [1990.23623303892, 1193.9335813003647], [2055.3029519709994, 1202.1218761659725], [2143.8354555179408, 1213.6624259765608], [1885.9964711659154, 1333.449368775739], [1973.9440611163832, 1345.252665140811], [2036.1626990534028, 1352.1410242182185], [2124.259226497438, 1363.7209143429418]]|2033.5409992784394|1338.208678754614|2023-08-29 10:49:46+00
83|10|3158|[[1970.3299639533038, 1286.32745829447], [2034.5257286591864, 1295.6773994709406], [2079.3051404238927, 1300.9076347650584], [2142.175434541539, 1310.221752412117], [1956.8255489087983, 1392.647756556345], [2020.0182547911513, 1401.4961683210508], [2063.6154900852684, 1406.7264036151687], [2126.521607732327, 1415.646462438698]]|2049.9268507483985|1388.197084222549|2023-08-29 10:49:59+00
83|10|3148|[[1908.949934590994, 1205.8861593349995], [1998.016051179176, 1216.9381592036063], [2062.327688423649, 1225.7397518591479], [2150.1935878315303, 1237.9419598588768], [1892.4969574110323, 1356.1133430693633], [1981.2130106549607, 1366.965306741253], [2043.1742225880084, 1374.5166731673148], [2131.540212487683, 1385.3186277900254]]|2032.9628883172818|1336.4491605605717|2023-08-29 10:49:48+00
83|10|3157|[[1966.9847058823539, 1302.4360588235295], [2030.822235294118, 1310.890411764706], [2076.3181176470584, 1316.4072352941178], [2138.7227058823532, 1324.109294117647], [1954.9273192526794, 1408.0935937182376], [2017.905083958563, 1416.3688290123555], [2061.9322016056217, 1421.599064306473], [2124.6592016056206, 1429.7310054829436]]|2051.1053321586896|1388.9607342790957|2023-08-29 10:49:59+00
83|10|3159|[[1973.4096459576654, 1277.593093612909], [2036.8121736980142, 1285.8341798443457], [2082.324504192228, 1292.335941343519], [2145.89347277557, 1301.0069436496137], [1959.9444813835203, 1383.9523342630923], [2023.7291764705883, 1392.8904705882355], [2067.183117647059, 1398.2281764705886], [2130.6624117647057, 1407.0049411764705]]|2048.365413422578|1386.900353887638|2023-08-29 10:49:59+00
83|10|3164|[[1980.109878438097, 1277.36376661097], [2042.2353541133248, 1284.5479352477264], [2087.996588235294, 1289.3246470588235], [2149.5941482791227, 1296.8968337489064], [1968.6841381574127, 1381.7118861914626], [2031.2174288279207, 1389.2952884251563], [2074.851769429118, 1394.0994332957162], [2136.9880233334657, 1401.484317146328]]|2050.23489925348|1388.7306267516376|2023-08-29 10:50:04+00
83|10|3155|[[1971.769320820034, 1291.4198169265776], [2034.219361207001, 1299.7105981503644], [2080.572365321808, 1305.4172397719317], [2142.9685694670593, 1313.492676028867], [1959.0758402457664, 1398.0221243819337], [2022.1842669657758, 1405.57651331082], [2066.344278469365, 1410.873422884369], [2128.5130801772007, 1419.0928455239095]]|2049.067021209326|1385.6007362026044|2023-08-29 10:49:59+00
83|10|3166|[[2000.0701449640587, 1331.717094550209], [2050.796262611118, 1345.0076239619736], [2088.2676743758225, 1355.2173298443265], [2138.743027316998, 1368.6153298443264], [1978.5383203764281, 1417.5987093659237], [2028.583790964662, 1430.1369446600415], [2065.2128235294117, 1440.4282941176468], [2115.365764705883, 1453.1814705882355]]|2055.4987289578917|1410.7347350275495|2023-08-29 10:50:30+00
83|10|3165|[[1989.4475820345274, 1312.8742248576116], [2040.9078334219726, 1325.5149598474975], [2078.2439599216746, 1335.1863588823762], [2129.494200016675, 1348.317193179884], [1968.7826927688661, 1398.7265872739147], [2019.5894505878955, 1412.3692592931002], [2055.52387890581, 1420.9430047188669], [2106.7359016267797, 1434.4424026572742]]|2054.632321839603|1410.794992665114|2023-08-29 10:50:30+00
71|2|3879|[[1877.6217511227119, 1145.1909273066094], [2006.5792203019487, 1156.603581220229], [2101.2964213149794, 1165.9830443075587], [2229.841194118377, 1176.9001242944503], [1860.044329773676, 1364.0281009711655], [1989.3579110268543, 1374.945180958057], [2081.768686690541, 1382.633265455868], [2210.159697803982, 1393.8578688226721]]|2043.0843480771337|1322.0474965600667|2023-08-29 13:35:42+00
71|2|3889|[[1982.4504535450938, 1315.9394783806988], [2061.007300943725, 1325.7340980309095], [2117.5762266786173, 1333.3299255147467], [2196.1330740772487, 1344.123996149673], [1966.059457395761, 1447.4672279692463], [2044.4613603222065, 1458.1347409055168], [2099.1603073507845, 1464.8943413524382], [2177.105656336282, 1475.7759378724165]]|2071.0380452443887|1425.5580034010147|2023-08-29 13:35:57+00
71|2|3890|[[1998.2113336995558, 1299.5139099559674], [2075.9370231279713, 1310.327918919921], [2133.555414639038, 1319.452238983257], [2211.112135177395, 1330.773154617396], [1980.8075380231908, 1430.4647997538434], [2058.195289671486, 1441.954684278045], [2113.2791478316253, 1449.558284330825], [2190.4979305898582, 1460.879199964964]]|2072.095241486765|1425.2983356477237|2023-08-29 13:35:57+00
71|2|3891|[[1975.356852942878, 1300.2911669575249], [2054.81914571112, 1310.6277253664018], [2111.1318545428144, 1317.5726005473664], [2189.625094960225, 1327.1554515722628], [1961.2517576140976, 1432.2976316375584], [2040.1756879652107, 1442.6880262881482], [2094.0119296781118, 1449.0945390519835], [2172.343661370382, 1458.731226318593]]|2072.230994086062|1423.2300496613134|2023-08-29 13:35:58+00
71|2|3892|[[1956.2474901565706, 1305.1565070102858], [2034.9253119741393, 1314.6163037684098], [2092.760817357141, 1321.384288440889], [2169.8235519233235, 1330.9209941157455], [1942.0193405610194, 1437.0552992068936], [2020.8509802120548, 1446.4381870482846], [2075.533220009013, 1452.898536053833], [2153.441952659255, 1462.204514978491]]|2072.064119264604|1425.1322818857561|2023-08-29 13:35:58+00
71|2|3893|[[1993.2751934931553, 1336.544983323698], [2071.0658709562117, 1345.4613416761886], [2127.8394180169666, 1350.465420343403], [2204.8112462435715, 1358.7448959564297], [1980.3555722068936, 1467.924794150193], [2057.6913334274773, 1475.6583702722517], [2112.008332778874, 1481.2083484304342], [2189.7990102419303, 1490.03372353443]]|2072.617516539057|1427.031511086667|2023-08-29 13:36:00+00
71|2|3901|[[1970.9232729712717, 1328.0800007739574], [2048.51378728764, 1339.316431963066], [2105.2873343483957, 1346.1765688995733], [2182.2864575495473, 1356.8216089734656], [1954.7191564143473, 1459.1322719058712], [2032.7827836228867, 1469.1859208645471], [2087.3090444458226, 1476.400892470185], [2163.835054754802, 1486.454541428861]]|2072.260152675614|1427.5330636416982|2023-08-29 13:36:03+00
71|2|3894|[[1966.9168916559388, 1301.095617309693], [2044.98051886448, 1308.7837018075036], [2101.8723441482794, 1315.2890040748823], [2178.5166326803023, 1323.5684796879093], [1954.1428435672683, 1432.0296102185637], [2032.2064707758095, 1440.0725293855044], [2086.2546121998744, 1445.9030289154996], [2163.968411245984, 1453.556246812434]]|2072.780000739417|1429.3290004843805|2023-08-29 13:36:00+00
71|2|3917|[[2007.0562836452013, 1397.3003047238442], [2066.8693108067278, 1400.8835736321385], [2109.737794252102, 1403.9964120944653], [2168.8077455366806, 1408.3335217307683], [2001.2981181082064, 1496.8071760608789], [2060.4073936645423, 1500.3463496854004], [2101.8880871015194, 1504.1259374057724], [2161.0618854514246, 1508.3899099912537]]|2082.6778246561676|1464.1764476570647|2023-08-29 13:36:28+00
71|2|3919|[[2037.6078331838703, 1415.2184409255965], [2083.568088196132, 1415.3020810621067], [2117.4005234144374, 1415.3439011303615], [2164.155359723541, 1416.1384824272068], [2037.064172296558, 1492.9619478116654], [2083.8190086056625, 1493.296508357705], [2116.1877414350397, 1493.8819893132757], [2163.0262178806556, 1494.1747297910604]]|2093.1091439770817|1491.430355854232|2023-08-29 13:36:52+00
71|2|3918|[[1991.8775178522951, 1389.669031439873], [2050.5928936823334, 1394.227418879669], [2095.0476262374127, 1397.15482365752], [2153.1357010436254, 1401.2531903465115], [1985.604507614044, 1489.158973818548], [2044.7380841266336, 1493.8010013948542], [2086.223591835607, 1496.7284061727048], [2144.897147597387, 1500.8685929299513]]|2082.118314629156|1465.4384914827929|2023-08-29 13:36:29+00
71|2|3916|[[2001.1455816616249, 1393.8164848542162], [2060.0892950643342, 1397.5623083678176], [2103.2016034284275, 1400.0359654051015], [2161.509233592979, 1404.064492580107], [1995.3135602801717, 1492.5728348223852], [2053.9466674857963, 1496.9139666325786], [2095.2709029866733, 1500.1698154902235], [2154.0988045683966, 1504.093530780206]]|2084.9768183806605|1464.8648956953173|2023-08-29 13:36:28+00
65|4|4579|[[1899.698495326676, 1239.5191889677374], [1982.4720071082725, 1247.9995920507001], [2043.1486939553884, 1252.5383993345397], [2124.727782767554, 1261.4965716052754], [1888.299552999811, 1378.1044077490874], [1970.8321964295142, 1386.0432129259605], [2030.682539353866, 1390.6312237099978], [2110.482996586334, 1398.4669275209378]]|2018.5984444075957|1362.5047106486402|2023-08-29 15:43:04+00
65|4|4578|[[1916.1303470041244, 1228.4672308246115], [1998.5455318948912, 1237.4254030953475], [2058.5055649603496, 1244.3530563180493], [2141.876288226664, 1253.5501131826713], [1902.6333674495504, 1367.4980644664286], [1985.167994637261, 1376.8145636279935], [2043.0975086546855, 1382.070024693492], [2125.0349243576807, 1390.550427776455]]|2017.8108973208773|1362.3724035578475|2023-08-29 15:43:04+00
65|4|4582|[[1899.139053995836, 1234.129241892522], [1980.503146673505, 1240.3402413335652], [2041.8367661538082, 1243.8060201194805], [2123.669248883754, 1250.1204035092437], [1891.2970642634023, 1372.2341413770396], [1972.9656107773885, 1378.9953718073912], [2031.096844146297, 1382.673773469175], [2112.5049519616855, 1388.4699907657125]]|2017.5407811181838|1363.0945954733809|2023-08-29 15:43:07+00
65|4|4585|[[1895.4759755256987, 1245.5923321455227], [1977.672065078878, 1251.9531645271102], [2038.1706486193093, 1255.6283121253607], [2120.084034511086, 1262.342524083703], [1887.3482452603362, 1384.046450318076], [1970.5337976284304, 1390.0539031229087], [2027.0038539938564, 1393.5876988904572], [2109.977378615897, 1399.241772118535]]|2017.0023483546902|1362.4842902171135|2023-08-29 15:43:08+00
65|4|4593|[[1981.1853829042698, 1343.2647930889082], [2034.566087187292, 1349.3524296518285], [2071.6716814755687, 1353.8249789633621], [2125.8392231374723, 1360.699452905163], [1971.5250106807703, 1431.2207773522907], [2025.188657739593, 1437.6690126464084], [2060.9763636219454, 1441.6454244111142], [2113.995187151359, 1448.05783617582]]|2035.383361424113|1422.736332704913|2023-08-29 15:43:19+00
65|4|4583|[[1916.0971558304714, 1219.9068635093154], [1999.2772715896922, 1225.5609367373931], [2059.1343352830913, 1230.0733221021092], [2142.3688171310437, 1236.2710562175018], [1909.3974334924073, 1357.9134635985356], [1991.4615213658703, 1364.7034389939663], [2049.0093456189447, 1367.4027324913302], [2130.8508113482944, 1374.1927078867607]]|2017.6232192061343|1362.578358487068|2023-08-29 15:43:07+00
65|4|4592|[[1976.739500870372, 1339.266249350442], [2030.1165596939004, 1346.1238964092654], [2067.2706773409595, 1349.9621317033832], [2120.1871479291954, 1356.7686022916184], [1965.890089105666, 1427.6480140563244], [2018.806559693901, 1433.7891905269128], [2055.858324399783, 1437.4227199386771], [2107.5272180573916, 1443.9221317033828]]|2035.9983356172409|1423.0816357039555|2023-08-29 15:43:19+00
65|4|4588|[[1896.0138081038954, 1242.5682707037033], [1977.9063963391905, 1249.9479177625267], [2036.9435728097783, 1254.2467412919384], [2118.2629845744846, 1262.0562707037031], [1885.989551477352, 1379.6072560899438], [1968.777727947941, 1386.8436090311206], [2024.3758455949987, 1391.1782560899442], [2105.9346599349406, 1398.634796988547]]|2017.0897249884322|1362.8321417888112|2023-08-29 15:43:09+00
