image_id,dive_id,camera_id,kind,slate,image_path,raw_path
121799,436,4,slate,V-Slate 2,2025-02-10 REEF Data Dump SMILE 6/101624_Alligator/101624_Alligator_FSL04/101624_Alligator0_FSL04/PA160040.ORF,/home/chris/mnt/fishsense_data/REEF/data/2025-02-10 REEF Data Dump SMILE 6/101624_Alligator/101624_Alligator_FSL04/101624_Alligator0_FSL04/PA160040.ORF
121933,436,4,slate,V-Slate 2,2025-02-10 REEF Data Dump SMILE 6/101624_Alligator/101624_Alligator_FSL04/101624_Alligator0_FSL04/PA160174.ORF,/home/chris/mnt/fishsense_data/REEF/data/2025-02-10 REEF Data Dump SMILE 6/101624_Alligator/101624_Alligator_FSL04/101624_Alligator0_FSL04/PA160174.ORF
121794,436,4,slate,V-Slate 2,2025-02-10 REEF Data Dump SMILE 6/101624_Alligator/101624_Alligator_FSL04/101624_Alligator0_FSL04/PA160037.ORF,/home/chris/mnt/fishsense_data/REEF/data/2025-02-10 REEF Data Dump SMILE 6/101624_Alligator/101624_Alligator_FSL04/101624_Alligator0_FSL04/PA160037.ORF
121796,436,4,slate,V-Slate 2,2025-02-10 REEF Data Dump SMILE 6/101624_Alligator/101624_Alligator_FSL04/101624_Alligator0_FSL04/PA160034.ORF,/home/chris/mnt/fishsense_data/REEF/data/2025-02-10 REEF Data Dump SMILE 6/101624_Alligator/101624_Alligator_FSL04/101624_Alligator0_FSL04/PA160034.ORF
121791,436,4,slate,V-Slate 2,2025-02-10 REEF Data Dump SMILE 6/101624_Alligator/101624_Alligator_FSL04/101624_Alligator0_FSL04/PA160032.ORF,/home/chris/mnt/fishsense_data/REEF/data/2025-02-10 REEF Data Dump SMILE 6/101624_Alligator/101624_Alligator_FSL04/101624_Alligator0_FSL04/PA160032.ORF
121792,436,4,slate,V-Slate 2,2025-02-10 REEF Data Dump SMILE 6/101624_Alligator/101624_Alligator_FSL04/101624_Alligator0_FSL04/PA160033.ORF,/home/chris/mnt/fishsense_data/REEF/data/2025-02-10 REEF Data Dump SMILE 6/101624_Alligator/101624_Alligator_FSL04/101624_Alligator0_FSL04/PA160033.ORF
121797,436,4,slate,V-Slate 2,2025-02-10 REEF Data Dump SMILE 6/101624_Alligator/101624_Alligator_FSL04/101624_Alligator0_FSL04/PA160038.ORF,/home/chris/mnt/fishsense_data/REEF/data/2025-02-10 REEF Data Dump SMILE 6/101624_Alligator/101624_Alligator_FSL04/101624_Alligator0_FSL04/PA160038.ORF
121800,436,4,slate,V-Slate 2,2025-02-10 REEF Data Dump SMILE 6/101624_Alligator/101624_Alligator_FSL04/101624_Alligator0_FSL04/PA160042.ORF,/home/chris/mnt/fishsense_data/REEF/data/2025-02-10 REEF Data Dump SMILE 6/101624_Alligator/101624_Alligator_FSL04/101624_Alligator0_FSL04/PA160042.ORF
121795,436,4,slate,V-Slate 2,2025-02-10 REEF Data Dump SMILE 6/101624_Alligator/101624_Alligator_FSL04/101624_Alligator0_FSL04/PA160036.ORF,/home/chris/mnt/fishsense_data/REEF/data/2025-02-10 REEF Data Dump SMILE 6/101624_Alligator/101624_Alligator_FSL04/101624_Alligator0_FSL04/PA160036.ORF
121793,436,4,slate,V-Slate 2,2025-02-10 REEF Data Dump SMILE 6/101624_Alligator/101624_Alligator_FSL04/101624_Alligator0_FSL04/PA160035.ORF,/home/chris/mnt/fishsense_data/REEF/data/2025-02-10 REEF Data Dump SMILE 6/101624_Alligator/101624_Alligator_FSL04/101624_Alligator0_FSL04/PA160035.ORF
121801,436,4,slate,V-Slate 2,2025-02-10 REEF Data Dump SMILE 6/101624_Alligator/101624_Alligator_FSL04/101624_Alligator0_FSL04/PA160041.ORF,/home/chris/mnt/fishsense_data/REEF/data/2025-02-10 REEF Data Dump SMILE 6/101624_Alligator/101624_Alligator_FSL04/101624_Alligator0_FSL04/PA160041.ORF
121802,436,4,slate,V-Slate 2,2025-02-10 REEF Data Dump SMILE 6/101624_Alligator/101624_Alligator_FSL04/101624_Alligator0_FSL04/PA160043.ORF,/home/chris/mnt/fishsense_data/REEF/data/2025-02-10 REEF Data Dump SMILE 6/101624_Alligator/101624_Alligator_FSL04/101624_Alligator0_FSL04/PA160043.ORF
4096,62,5,slate,Tic-Tac-Toe 1,2023-09-07 REEF Data Dump/082923_Pool Calibration/082929_Slate_FSL05/P8290037.ORF,/home/chris/mnt/fishsense_data/REEF/data/2023-09-07 REEF Data Dump/082923_Pool Calibration/082929_Slate_FSL05/P8290037.ORF
4074,62,5,slate,Tic-Tac-Toe 1,2023-09-07 REEF Data Dump/082923_Pool Calibration/082929_Slate_FSL05/P8290019.ORF,/home/chris/mnt/fishsense_data/REEF/data/2023-09-07 REEF Data Dump/082923_Pool Calibration/082929_Slate_FSL05/P8290019.ORF
4082,62,5,slate,Tic-Tac-Toe 1,2023-09-07 REEF Data Dump/082923_Pool Calibration/082929_Slate_FSL05/P8290024.ORF,/home/chris/mnt/fishsense_data/REEF/data/2023-09-07 REEF Data Dump/082923_Pool Calibration/082929_Slate_FSL05/P8290024.ORF
4075,62,5,slate,Tic-Tac-Toe 1,2023-09-07 REEF Data Dump/082923_Pool Calibration/082929_Slate_FSL05/P8290018.ORF,/home/chris/mnt/fishsense_data/REEF/data/2023-09-07 REEF Data Dump/082923_Pool Calibration/082929_Slate_FSL05/P8290018.ORF
4092,62,5,slate,Tic-Tac-Toe 1,2023-09-07 REEF Data Dump/082923_Pool Calibration/082929_Slate_FSL05/P8290035.ORF,/home/chris/mnt/fishsense_data/REEF/data/2023-09-07 REEF Data Dump/082923_Pool Calibration/082929_Slate_FSL05/P8290035.ORF
4088,62,5,slate,Tic-Tac-Toe 1,2023-09-07 REEF Data Dump/082923_Pool Calibration/082929_Slate_FSL05/P8290032.ORF,/home/chris/mnt/fishsense_data/REEF/data/2023-09-07 REEF Data Dump/082923_Pool Calibration/082929_Slate_FSL05/P8290032.ORF
4076,62,5,slate,Tic-Tac-Toe 1,2023-09-07 REEF Data Dump/082923_Pool Calibration/082929_Slate_FSL05/P8290020.ORF,/home/chris/mnt/fishsense_data/REEF/data/2023-09-07 REEF Data Dump/082923_Pool Calibration/082929_Slate_FSL05/P8290020.ORF
4090,62,5,slate,Tic-Tac-Toe 1,2023-09-07 REEF Data Dump/082923_Pool Calibration/082929_Slate_FSL05/P8290034.ORF,/home/chris/mnt/fishsense_data/REEF/data/2023-09-07 REEF Data Dump/082923_Pool Calibration/082929_Slate_FSL05/P8290034.ORF
4079,62,5,slate,Tic-Tac-Toe 1,2023-09-07 REEF Data Dump/082923_Pool Calibration/082929_Slate_FSL05/P8290026.ORF,/home/chris/mnt/fishsense_data/REEF/data/2023-09-07 REEF Data Dump/082923_Pool Calibration/082929_Slate_FSL05/P8290026.ORF
4083,62,5,slate,Tic-Tac-Toe 1,2023-09-07 REEF Data Dump/082923_Pool Calibration/082929_Slate_FSL05/P8290027.ORF,/home/chris/mnt/fishsense_data/REEF/data/2023-09-07 REEF Data Dump/082923_Pool Calibration/082929_Slate_FSL05/P8290027.ORF
4077,62,5,slate,Tic-Tac-Toe 1,2023-09-07 REEF Data Dump/082923_Pool Calibration/082929_Slate_FSL05/P8290021.ORF,/home/chris/mnt/fishsense_data/REEF/data/2023-09-07 REEF Data Dump/082923_Pool Calibration/082929_Slate_FSL05/P8290021.ORF
4084,62,5,slate,Tic-Tac-Toe 1,2023-09-07 REEF Data Dump/082923_Pool Calibration/082929_Slate_FSL05/P8290030.ORF,/home/chris/mnt/fishsense_data/REEF/data/2023-09-07 REEF Data Dump/082923_Pool Calibration/082929_Slate_FSL05/P8290030.ORF
4078,62,5,slate,Tic-Tac-Toe 1,2023-09-07 REEF Data Dump/082923_Pool Calibration/082929_Slate_FSL05/P8290022.ORF,/home/chris/mnt/fishsense_data/REEF/data/2023-09-07 REEF Data Dump/082923_Pool Calibration/082929_Slate_FSL05/P8290022.ORF
4091,62,5,slate,Tic-Tac-Toe 1,2023-09-07 REEF Data Dump/082923_Pool Calibration/082929_Slate_FSL05/P8290033.ORF,/home/chris/mnt/fishsense_data/REEF/data/2023-09-07 REEF Data Dump/082923_Pool Calibration/082929_Slate_FSL05/P8290033.ORF
4089,62,5,slate,Tic-Tac-Toe 1,2023-09-07 REEF Data Dump/082923_Pool Calibration/082929_Slate_FSL05/P8290036.ORF,/home/chris/mnt/fishsense_data/REEF/data/2023-09-07 REEF Data Dump/082923_Pool Calibration/082929_Slate_FSL05/P8290036.ORF
4080,62,5,slate,Tic-Tac-Toe 1,2023-09-07 REEF Data Dump/082923_Pool Calibration/082929_Slate_FSL05/P8290023.ORF,/home/chris/mnt/fishsense_data/REEF/data/2023-09-07 REEF Data Dump/082923_Pool Calibration/082929_Slate_FSL05/P8290023.ORF
4087,62,5,slate,Tic-Tac-Toe 1,2023-09-07 REEF Data Dump/082923_Pool Calibration/082929_Slate_FSL05/P8290031.ORF,/home/chris/mnt/fishsense_data/REEF/data/2023-09-07 REEF Data Dump/082923_Pool Calibration/082929_Slate_FSL05/P8290031.ORF
4081,62,5,slate,Tic-Tac-Toe 1,2023-09-07 REEF Data Dump/082923_Pool Calibration/082929_Slate_FSL05/P8290025.ORF,/home/chris/mnt/fishsense_data/REEF/data/2023-09-07 REEF Data Dump/082923_Pool Calibration/082929_Slate_FSL05/P8290025.ORF
4086,62,5,slate,Tic-Tac-Toe 1,2023-09-07 REEF Data Dump/082923_Pool Calibration/082929_Slate_FSL05/P8290029.ORF,/home/chris/mnt/fishsense_data/REEF/data/2023-09-07 REEF Data Dump/082923_Pool Calibration/082929_Slate_FSL05/P8290029.ORF
4085,62,5,slate,Tic-Tac-Toe 1,2023-09-07 REEF Data Dump/082923_Pool Calibration/082929_Slate_FSL05/P8290028.ORF,/home/chris/mnt/fishsense_data/REEF/data/2023-09-07 REEF Data Dump/082923_Pool Calibration/082929_Slate_FSL05/P8290028.ORF
17671,94,4,slate,Tic-Tac-Toe 1,2024.06.20.REEF/08_2023/083123_Fish Degree Angle Tests/083123_Fish Deg Angle Tests_FSL04/P8310167.ORF,/home/chris/mnt/fishsense_data/REEF/data/2024.06.20.REEF/08_2023/083123_Fish Degree Angle Tests/083123_Fish Deg Angle Tests_FSL04/P8310167.ORF
17667,94,4,slate,Tic-Tac-Toe 1,2024.06.20.REEF/08_2023/083123_Fish Degree Angle Tests/083123_Fish Deg Angle Tests_FSL04/P8310163.ORF,/home/chris/mnt/fishsense_data/REEF/data/2024.06.20.REEF/08_2023/083123_Fish Degree Angle Tests/083123_Fish Deg Angle Tests_FSL04/P8310163.ORF
17669,94,4,slate,Tic-Tac-Toe 1,2024.06.20.REEF/08_2023/083123_Fish Degree Angle Tests/083123_Fish Deg Angle Tests_FSL04/P8310161.ORF,/home/chris/mnt/fishsense_data/REEF/data/2024.06.20.REEF/08_2023/083123_Fish Degree Angle Tests/083123_Fish Deg Angle Tests_FSL04/P8310161.ORF
17668,94,4,slate,Tic-Tac-Toe 1,2024.06.20.REEF/08_2023/083123_Fish Degree Angle Tests/083123_Fish Deg Angle Tests_FSL04/P8310162.ORF,/home/chris/mnt/fishsense_data/REEF/data/2024.06.20.REEF/08_2023/083123_Fish Degree Angle Tests/083123_Fish Deg Angle Tests_FSL04/P8310162.ORF
17673,94,4,slate,Tic-Tac-Toe 1,2024.06.20.REEF/08_2023/083123_Fish Degree Angle Tests/083123_Fish Deg Angle Tests_FSL04/P8310165.ORF,/home/chris/mnt/fishsense_data/REEF/data/2024.06.20.REEF/08_2023/083123_Fish Degree Angle Tests/083123_Fish Deg Angle Tests_FSL04/P8310165.ORF
17670,94,4,slate,Tic-Tac-Toe 1,2024.06.20.REEF/08_2023/083123_Fish Degree Angle Tests/083123_Fish Deg Angle Tests_FSL04/P8310164.ORF,/home/chris/mnt/fishsense_data/REEF/data/2024.06.20.REEF/08_2023/083123_Fish Degree Angle Tests/083123_Fish Deg Angle Tests_FSL04/P8310164.ORF
17690,94,4,slate,Tic-Tac-Toe 1,2024.06.20.REEF/08_2023/083123_Fish Degree Angle Tests/083123_Fish Deg Angle Tests_FSL04/P8310355.ORF,/home/chris/mnt/fishsense_data/REEF/data/2024.06.20.REEF/08_2023/083123_Fish Degree Angle Tests/083123_Fish Deg Angle Tests_FSL04/P8310355.ORF
17684,94,4,slate,Tic-Tac-Toe 1,2024.06.20.REEF/08_2023/083123_Fish Degree Angle Tests/083123_Fish Deg Angle Tests_FSL04/P8310350.ORF,/home/chris/mnt/fishsense_data/REEF/data/2024.06.20.REEF/08_2023/083123_Fish Degree Angle Tests/083123_Fish Deg Angle Tests_FSL04/P8310350.ORF
17685,94,4,slate,Tic-Tac-Toe 1,2024.06.20.REEF/08_2023/083123_Fish Degree Angle Tests/083123_Fish Deg Angle Tests_FSL04/P8310349.ORF,/home/chris/mnt/fishsense_data/REEF/data/2024.06.20.REEF/08_2023/083123_Fish Degree Angle Tests/083123_Fish Deg Angle Tests_FSL04/P8310349.ORF
17682,94,4,slate,Tic-Tac-Toe 1,2024.06.20.REEF/08_2023/083123_Fish Degree Angle Tests/083123_Fish Deg Angle Tests_FSL04/P8310347.ORF,/home/chris/mnt/fishsense_data/REEF/data/2024.06.20.REEF/08_2023/083123_Fish Degree Angle Tests/083123_Fish Deg Angle Tests_FSL04/P8310347.ORF
17676,94,4,slate,Tic-Tac-Toe 1,2024.06.20.REEF/08_2023/083123_Fish Degree Angle Tests/083123_Fish Deg Angle Tests_FSL04/P8310170.ORF,/home/chris/mnt/fishsense_data/REEF/data/2024.06.20.REEF/08_2023/083123_Fish Degree Angle Tests/083123_Fish Deg Angle Tests_FSL04/P8310170.ORF
17691,94,4,slate,Tic-Tac-Toe 1,2024.06.20.REEF/08_2023/083123_Fish Degree Angle Tests/083123_Fish Deg Angle Tests_FSL04/P8310358.ORF,/home/chris/mnt/fishsense_data/REEF/data/2024.06.20.REEF/08_2023/083123_Fish Degree Angle Tests/083123_Fish Deg Angle Tests_FSL04/P8310358.ORF
17672,94,4,slate,Tic-Tac-Toe 1,2024.06.20.REEF/08_2023/083123_Fish Degree Angle Tests/083123_Fish Deg Angle Tests_FSL04/P8310166.ORF,/home/chris/mnt/fishsense_data/REEF/data/2024.06.20.REEF/08_2023/083123_Fish Degree Angle Tests/083123_Fish Deg Angle Tests_FSL04/P8310166.ORF
17686,94,4,slate,Tic-Tac-Toe 1,2024.06.20.REEF/08_2023/083123_Fish Degree Angle Tests/083123_Fish Deg Angle Tests_FSL04/P8310351.ORF,/home/chris/mnt/fishsense_data/REEF/data/2024.06.20.REEF/08_2023/083123_Fish Degree Angle Tests/083123_Fish Deg Angle Tests_FSL04/P8310351.ORF
17683,94,4,slate,Tic-Tac-Toe 1,2024.06.20.REEF/08_2023/083123_Fish Degree Angle Tests/083123_Fish Deg Angle Tests_FSL04/P8310346.ORF,/home/chris/mnt/fishsense_data/REEF/data/2024.06.20.REEF/08_2023/083123_Fish Degree Angle Tests/083123_Fish Deg Angle Tests_FSL04/P8310346.ORF
17687,94,4,slate,Tic-Tac-Toe 1,2024.06.20.REEF/08_2023/083123_Fish Degree Angle Tests/083123_Fish Deg Angle Tests_FSL04/P8310353.ORF,/home/chris/mnt/fishsense_data/REEF/data/2024.06.20.REEF/08_2023/083123_Fish Degree Angle Tests/083123_Fish Deg Angle Tests_FSL04/P8310353.ORF
17688,94,4,slate,Tic-Tac-Toe 1,2024.06.20.REEF/08_2023/083123_Fish Degree Angle Tests/083123_Fish Deg Angle Tests_FSL04/P8310352.ORF,/home/chris/mnt/fishsense_data/REEF/data/2024.06.20.REEF/08_2023/083123_Fish Degree Angle Tests/083123_Fish Deg Angle Tests_FSL04/P8310352.ORF
17689,94,4,slate,Tic-Tac-Toe 1,2024.06.20.REEF/08_2023/083123_Fish Degree Angle Tests/083123_Fish Deg Angle Tests_FSL04/P8310354.ORF,/home/chris/mnt/fishsense_data/REEF/data/2024.06.20.REEF/08_2023/083123_Fish Degree Angle Tests/083123_Fish Deg Angle Tests_FSL04/P8310354.ORF
17694,94,4,slate,Tic-Tac-Toe 1,2024.06.20.REEF/08_2023/083123_Fish Degree Angle Tests/083123_Fish Deg Angle Tests_FSL04/P8310359.ORF,/home/chris/mnt/fishsense_data/REEF/data/2024.06.20.REEF/08_2023/083123_Fish Degree Angle Tests/083123_Fish Deg Angle Tests_FSL04/P8310359.ORF
17692,94,4,slate,Tic-Tac-Toe 1,2024.06.20.REEF/08_2023/083123_Fish Degree Angle Tests/083123_Fish Deg Angle Tests_FSL04/P8310356.ORF,/home/chris/mnt/fishsense_data/REEF/data/2024.06.20.REEF/08_2023/083123_Fish Degree Angle Tests/083123_Fish Deg Angle Tests_FSL04/P8310356.ORF
17693,94,4,slate,Tic-Tac-Toe 1,2024.06.20.REEF/08_2023/083123_Fish Degree Angle Tests/083123_Fish Deg Angle Tests_FSL04/P8310357.ORF,/home/chris/mnt/fishsense_data/REEF/data/2024.06.20.REEF/08_2023/083123_Fish Degree Angle Tests/083123_Fish Deg Angle Tests_FSL04/P8310357.ORF
14782,87,6,slate,Tic-Tac-Toe 1,2025-02-10 REEF Data Dump SMILE 6/083123_Fish Degree Angle Tests/083123_Fish Deg Angle Tests_FSL06/P8310636.ORF,/home/chris/mnt/fishsense_data/REEF/data/2025-02-10 REEF Data Dump SMILE 6/083123_Fish Degree Angle Tests/083123_Fish Deg Angle Tests_FSL06/P8310636.ORF
14567,87,6,slate,Tic-Tac-Toe 1,2025-02-10 REEF Data Dump SMILE 6/083123_Fish Degree Angle Tests/083123_Fish Deg Angle Tests_FSL06/P8310004.ORF,/home/chris/mnt/fishsense_data/REEF/data/2025-02-10 REEF Data Dump SMILE 6/083123_Fish Degree Angle Tests/083123_Fish Deg Angle Tests_FSL06/P8310004.ORF
14781,87,6,slate,Tic-Tac-Toe 1,2025-02-10 REEF Data Dump SMILE 6/083123_Fish Degree Angle Tests/083123_Fish Deg Angle Tests_FSL06/P8310635.ORF,/home/chris/mnt/fishsense_data/REEF/data/2025-02-10 REEF Data Dump SMILE 6/083123_Fish Degree Angle Tests/083123_Fish Deg Angle Tests_FSL06/P8310635.ORF
14580,87,6,slate,Tic-Tac-Toe 1,2025-02-10 REEF Data Dump SMILE 6/083123_Fish Degree Angle Tests/083123_Fish Deg Angle Tests_FSL06/P8310016.ORF,/home/chris/mnt/fishsense_data/REEF/data/2025-02-10 REEF Data Dump SMILE 6/083123_Fish Degree Angle Tests/083123_Fish Deg Angle Tests_FSL06/P8310016.ORF
14780,87,6,slate,Tic-Tac-Toe 1,2025-02-10 REEF Data Dump SMILE 6/083123_Fish Degree Angle Tests/083123_Fish Deg Angle Tests_FSL06/P8310633.ORF,/home/chris/mnt/fishsense_data/REEF/data/2025-02-10 REEF Data Dump SMILE 6/083123_Fish Degree Angle Tests/083123_Fish Deg Angle Tests_FSL06/P8310633.ORF
14778,87,6,slate,Tic-Tac-Toe 1,2025-02-10 REEF Data Dump SMILE 6/083123_Fish Degree Angle Tests/083123_Fish Deg Angle Tests_FSL06/P8310632.ORF,/home/chris/mnt/fishsense_data/REEF/data/2025-02-10 REEF Data Dump SMILE 6/083123_Fish Degree Angle Tests/083123_Fish Deg Angle Tests_FSL06/P8310632.ORF
14569,87,6,slate,Tic-Tac-Toe 1,2025-02-10 REEF Data Dump SMILE 6/083123_Fish Degree Angle Tests/083123_Fish Deg Angle Tests_FSL06/P8310007.ORF,/home/chris/mnt/fishsense_data/REEF/data/2025-02-10 REEF Data Dump SMILE 6/083123_Fish Degree Angle Tests/083123_Fish Deg Angle Tests_FSL06/P8310007.ORF
14779,87,6,slate,Tic-Tac-Toe 1,2025-02-10 REEF Data Dump SMILE 6/083123_Fish Degree Angle Tests/083123_Fish Deg Angle Tests_FSL06/P8310634.ORF,/home/chris/mnt/fishsense_data/REEF/data/2025-02-10 REEF Data Dump SMILE 6/083123_Fish Degree Angle Tests/083123_Fish Deg Angle Tests_FSL06/P8310634.ORF
14564,87,6,slate,Tic-Tac-Toe 1,2025-02-10 REEF Data Dump SMILE 6/083123_Fish Degree Angle Tests/083123_Fish Deg Angle Tests_FSL06/P8310001.ORF,/home/chris/mnt/fishsense_data/REEF/data/2025-02-10 REEF Data Dump SMILE 6/083123_Fish Degree Angle Tests/083123_Fish Deg Angle Tests_FSL06/P8310001.ORF
14787,87,6,slate,Tic-Tac-Toe 1,2025-02-10 REEF Data Dump SMILE 6/083123_Fish Degree Angle Tests/083123_Fish Deg Angle Tests_FSL06/P8310643.ORF,/home/chris/mnt/fishsense_data/REEF/data/2025-02-10 REEF Data Dump SMILE 6/083123_Fish Degree Angle Tests/083123_Fish Deg Angle Tests_FSL06/P8310643.ORF
14784,87,6,slate,Tic-Tac-Toe 1,2025-02-10 REEF Data Dump SMILE 6/083123_Fish Degree Angle Tests/083123_Fish Deg Angle Tests_FSL06/P8310638.ORF,/home/chris/mnt/fishsense_data/REEF/data/2025-02-10 REEF Data Dump SMILE 6/083123_Fish Degree Angle Tests/083123_Fish Deg Angle Tests_FSL06/P8310638.ORF
14783,87,6,slate,Tic-Tac-Toe 1,2025-02-10 REEF Data Dump SMILE 6/083123_Fish Degree Angle Tests/083123_Fish Deg Angle Tests_FSL06/P8310639.ORF,/home/chris/mnt/fishsense_data/REEF/data/2025-02-10 REEF Data Dump SMILE 6/083123_Fish Degree Angle Tests/083123_Fish Deg Angle Tests_FSL06/P8310639.ORF
14579,87,6,slate,Tic-Tac-Toe 1,2025-02-10 REEF Data Dump SMILE 6/083123_Fish Degree Angle Tests/083123_Fish Deg Angle Tests_FSL06/P8310015.ORF,/home/chris/mnt/fishsense_data/REEF/data/2025-02-10 REEF Data Dump SMILE 6/083123_Fish Degree Angle Tests/083123_Fish Deg Angle Tests_FSL06/P8310015.ORF
14793,87,6,slate,Tic-Tac-Toe 1,2025-02-10 REEF Data Dump SMILE 6/083123_Fish Degree Angle Tests/083123_Fish Deg Angle Tests_FSL06/P8310647.ORF,/home/chris/mnt/fishsense_data/REEF/data/2025-02-10 REEF Data Dump SMILE 6/083123_Fish Degree Angle Tests/083123_Fish Deg Angle Tests_FSL06/P8310647.ORF
14791,87,6,slate,Tic-Tac-Toe 1,2025-02-10 REEF Data Dump SMILE 6/083123_Fish Degree Angle Tests/083123_Fish Deg Angle Tests_FSL06/P8310645.ORF,/home/chris/mnt/fishsense_data/REEF/data/2025-02-10 REEF Data Dump SMILE 6/083123_Fish Degree Angle Tests/083123_Fish Deg Angle Tests_FSL06/P8310645.ORF
14788,87,6,slate,Tic-Tac-Toe 1,2025-02-10 REEF Data Dump SMILE 6/083123_Fish Degree Angle Tests/083123_Fish Deg Angle Tests_FSL06/P8310642.ORF,/home/chris/mnt/fishsense_data/REEF/data/2025-02-10 REEF Data Dump SMILE 6/083123_Fish Degree Angle Tests/083123_Fish Deg Angle Tests_FSL06/P8310642.ORF
14566,87,6,slate,Tic-Tac-Toe 1,2025-02-10 REEF Data Dump SMILE 6/083123_Fish Degree Angle Tests/083123_Fish Deg Angle Tests_FSL06/P8310003.ORF,/home/chris/mnt/fishsense_data/REEF/data/2025-02-10 REEF Data Dump SMILE 6/083123_Fish Degree Angle Tests/083123_Fish Deg Angle Tests_FSL06/P8310003.ORF
14581,87,6,slate,Tic-Tac-Toe 1,2025-02-10 REEF Data Dump SMILE 6/083123_Fish Degree Angle Tests/083123_Fish Deg Angle Tests_FSL06/P8310018.ORF,/home/chris/mnt/fishsense_data/REEF/data/2025-02-10 REEF Data Dump SMILE 6/083123_Fish Degree Angle Tests/083123_Fish Deg Angle Tests_FSL06/P8310018.ORF
14794,87,6,slate,Tic-Tac-Toe 1,2025-02-10 REEF Data Dump SMILE 6/083123_Fish Degree Angle Tests/083123_Fish Deg Angle Tests_FSL06/P8310648.ORF,/home/chris/mnt/fishsense_data/REEF/data/2025-02-10 REEF Data Dump SMILE 6/083123_Fish Degree Angle Tests/083123_Fish Deg Angle Tests_FSL06/P8310648.ORF
14573,87,6,slate,Tic-Tac-Toe 1,2025-02-10 REEF Data Dump SMILE 6/083123_Fish Degree Angle Tests/083123_Fish Deg Angle Tests_FSL06/P8310010.ORF,/home/chris/mnt/fishsense_data/REEF/data/2025-02-10 REEF Data Dump SMILE 6/083123_Fish Degree Angle Tests/083123_Fish Deg Angle Tests_FSL06/P8310010.ORF
14568,87,6,slate,Tic-Tac-Toe 1,2025-02-10 REEF Data Dump SMILE 6/083123_Fish Degree Angle Tests/083123_Fish Deg Angle Tests_FSL06/P8310006.ORF,/home/chris/mnt/fishsense_data/REEF/data/2025-02-10 REEF Data Dump SMILE 6/083123_Fish Degree Angle Tests/083123_Fish Deg Angle Tests_FSL06/P8310006.ORF
14578,87,6,slate,Tic-Tac-Toe 1,2025-02-10 REEF Data Dump SMILE 6/083123_Fish Degree Angle Tests/083123_Fish Deg Angle Tests_FSL06/P8310017.ORF,/home/chris/mnt/fishsense_data/REEF/data/2025-02-10 REEF Data Dump SMILE 6/083123_Fish Degree Angle Tests/083123_Fish Deg Angle Tests_FSL06/P8310017.ORF
14571,87,6,slate,Tic-Tac-Toe 1,2025-02-10 REEF Data Dump SMILE 6/083123_Fish Degree Angle Tests/083123_Fish Deg Angle Tests_FSL06/P8310008.ORF,/home/chris/mnt/fishsense_data/REEF/data/2025-02-10 REEF Data Dump SMILE 6/083123_Fish Degree Angle Tests/083123_Fish Deg Angle Tests_FSL06/P8310008.ORF
14789,87,6,slate,Tic-Tac-Toe 1,2025-02-10 REEF Data Dump SMILE 6/083123_Fish Degree Angle Tests/083123_Fish Deg Angle Tests_FSL06/P8310641.ORF,/home/chris/mnt/fishsense_data/REEF/data/2025-02-10 REEF Data Dump SMILE 6/083123_Fish Degree Angle Tests/083123_Fish Deg Angle Tests_FSL06/P8310641.ORF
14786,87,6,slate,Tic-Tac-Toe 1,2025-02-10 REEF Data Dump SMILE 6/083123_Fish Degree Angle Tests/083123_Fish Deg Angle Tests_FSL06/P8310640.ORF,/home/chris/mnt/fishsense_data/REEF/data/2025-02-10 REEF Data Dump SMILE 6/083123_Fish Degree Angle Tests/083123_Fish Deg Angle Tests_FSL06/P8310640.ORF
14785,87,6,slate,Tic-Tac-Toe 1,2025-02-10 REEF Data Dump SMILE 6/083123_Fish Degree Angle Tests/083123_Fish Deg Angle Tests_FSL06/P8310637.ORF,/home/chris/mnt/fishsense_data/REEF/data/2025-02-10 REEF Data Dump SMILE 6/083123_Fish Degree Angle Tests/083123_Fish Deg Angle Tests_FSL06/P8310637.ORF
14792,87,6,slate,Tic-Tac-Toe 1,2025-02-10 REEF Data Dump SMILE 6/083123_Fish Degree Angle Tests/083123_Fish Deg Angle Tests_FSL06/P8310644.ORF,/home/chris/mnt/fishsense_data/REEF/data/2025-02-10 REEF Data Dump SMILE 6/083123_Fish Degree Angle Tests/083123_Fish Deg Angle Tests_FSL06/P8310644.ORF
14565,87,6,slate,Tic-Tac-Toe 1,2025-02-10 REEF Data Dump SMILE 6/083123_Fish Degree Angle Tests/083123_Fish Deg Angle Tests_FSL06/P8310002.ORF,/home/chris/mnt/fishsense_data/REEF/data/2025-02-10 REEF Data Dump SMILE 6/083123_Fish Degree Angle Tests/083123_Fish Deg Angle Tests_FSL06/P8310002.ORF
14777,87,6,slate,Tic-Tac-Toe 1,2025-02-10 REEF Data Dump SMILE 6/083123_Fish Degree Angle Tests/083123_Fish Deg Angle Tests_FSL06/P8310631.ORF,/home/chris/mnt/fishsense_data/REEF/data/2025-02-10 REEF Data Dump SMILE 6/083123_Fish Degree Angle Tests/083123_Fish Deg Angle Tests_FSL06/P8310631.ORF
14790,87,6,slate,Tic-Tac-Toe 1,2025-02-10 REEF Data Dump SMILE 6/083123_Fish Degree Angle Tests/083123_Fish Deg Angle Tests_FSL06/P8310646.ORF,/home/chris/mnt/fishsense_data/REEF/data/2025-02-10 REEF Data Dump SMILE 6/083123_Fish Degree Angle Tests/083123_Fish Deg Angle Tests_FSL06/P8310646.ORF
13285,107,5,slate,Tic-Tac-Toe 1,2023-09-07 REEF Data Dump/083123_Fish Degree Angle Tests/083123_Fish Deg Angle Test_FSL05/P8310013.ORF,/home/chris/mnt/fishsense_data/REEF/data/2023-09-07 REEF Data Dump/083123_Fish Degree Angle Tests/083123_Fish Deg Angle Test_FSL05/P8310013.ORF
13275,107,5,slate,Tic-Tac-Toe 1,2023-09-07 REEF Data Dump/083123_Fish Degree Angle Tests/083123_Fish Deg Angle Test_FSL05/P8310002.ORF,/home/chris/mnt/fishsense_data/REEF/data/2023-09-07 REEF Data Dump/083123_Fish Degree Angle Tests/083123_Fish Deg Angle Test_FSL05/P8310002.ORF
13277,107,5,slate,Tic-Tac-Toe 1,2023-09-07 REEF Data Dump/083123_Fish Degree Angle Tests/083123_Fish Deg Angle Test_FSL05/P8310004.ORF,/home/chris/mnt/fishsense_data/REEF/data/2023-09-07 REEF Data Dump/083123_Fish Degree Angle Tests/083123_Fish Deg Angle Test_FSL05/P8310004.ORF
13288,107,5,slate,Tic-Tac-Toe 1,2023-09-07 REEF Data Dump/083123_Fish Degree Angle Tests/083123_Fish Deg Angle Test_FSL05/P8310017.ORF,/home/chris/mnt/fishsense_data/REEF/data/2023-09-07 REEF Data Dump/083123_Fish Degree Angle Tests/083123_Fish Deg Angle Test_FSL05/P8310017.ORF
13290,107,5,slate,Tic-Tac-Toe 1,2023-09-07 REEF Data Dump/083123_Fish Degree Angle Tests/083123_Fish Deg Angle Test_FSL05/P8310018.ORF,/home/chris/mnt/fishsense_data/REEF/data/2023-09-07 REEF Data Dump/083123_Fish Degree Angle Tests/083123_Fish Deg Angle Test_FSL05/P8310018.ORF
13278,107,5,slate,Tic-Tac-Toe 1,2023-09-07 REEF Data Dump/083123_Fish Degree Angle Tests/083123_Fish Deg Angle Test_FSL05/P8310003.ORF,/home/chris/mnt/fishsense_data/REEF/data/2023-09-07 REEF Data Dump/083123_Fish Degree Angle Tests/083123_Fish Deg Angle Test_FSL05/P8310003.ORF
13292,107,5,slate,Tic-Tac-Toe 1,2023-09-07 REEF Data Dump/083123_Fish Degree Angle Tests/083123_Fish Deg Angle Test_FSL05/P8310019.ORF,/home/chris/mnt/fishsense_data/REEF/data/2023-09-07 REEF Data Dump/083123_Fish Degree Angle Tests/083123_Fish Deg Angle Test_FSL05/P8310019.ORF
13283,107,5,slate,Tic-Tac-Toe 1,2023-09-07 REEF Data Dump/083123_Fish Degree Angle Tests/083123_Fish Deg Angle Test_FSL05/P8310009.ORF,/home/chris/mnt/fishsense_data/REEF/data/2023-09-07 REEF Data Dump/083123_Fish Degree Angle Tests/083123_Fish Deg Angle Test_FSL05/P8310009.ORF
13279,107,5,slate,Tic-Tac-Toe 1,2023-09-07 REEF Data Dump/083123_Fish Degree Angle Tests/083123_Fish Deg Angle Test_FSL05/P8310007.ORF,/home/chris/mnt/fishsense_data/REEF/data/2023-09-07 REEF Data Dump/083123_Fish Degree Angle Tests/083123_Fish Deg Angle Test_FSL05/P8310007.ORF
13289,107,5,slate,Tic-Tac-Toe 1,2023-09-07 REEF Data Dump/083123_Fish Degree Angle Tests/083123_Fish Deg Angle Test_FSL05/P8310016.ORF,/home/chris/mnt/fishsense_data/REEF/data/2023-09-07 REEF Data Dump/083123_Fish Degree Angle Tests/083123_Fish Deg Angle Test_FSL05/P8310016.ORF
13287,107,5,slate,Tic-Tac-Toe 1,2023-09-07 REEF Data Dump/083123_Fish Degree Angle Tests/083123_Fish Deg Angle Test_FSL05/P8310012.ORF,/home/chris/mnt/fishsense_data/REEF/data/2023-09-07 REEF Data Dump/083123_Fish Degree Angle Tests/083123_Fish Deg Angle Test_FSL05/P8310012.ORF
13291,107,5,slate,Tic-Tac-Toe 1,2023-09-07 REEF Data Dump/083123_Fish Degree Angle Tests/083123_Fish Deg Angle Test_FSL05/P8310015.ORF,/home/chris/mnt/fishsense_data/REEF/data/2023-09-07 REEF Data Dump/083123_Fish Degree Angle Tests/083123_Fish Deg Angle Test_FSL05/P8310015.ORF
13280,107,5,slate,Tic-Tac-Toe 1,2023-09-07 REEF Data Dump/083123_Fish Degree Angle Tests/083123_Fish Deg Angle Test_FSL05/P8310008.ORF,/home/chris/mnt/fishsense_data/REEF/data/2023-09-07 REEF Data Dump/083123_Fish Degree Angle Tests/083123_Fish Deg Angle Test_FSL05/P8310008.ORF
13286,107,5,slate,Tic-Tac-Toe 1,2023-09-07 REEF Data Dump/083123_Fish Degree Angle Tests/083123_Fish Deg Angle Test_FSL05/P8310011.ORF,/home/chris/mnt/fishsense_data/REEF/data/2023-09-07 REEF Data Dump/083123_Fish Degree Angle Tests/083123_Fish Deg Angle Test_FSL05/P8310011.ORF
13276,107,5,slate,Tic-Tac-Toe 1,2023-09-07 REEF Data Dump/083123_Fish Degree Angle Tests/083123_Fish Deg Angle Test_FSL05/P8310005.ORF,/home/chris/mnt/fishsense_data/REEF/data/2023-09-07 REEF Data Dump/083123_Fish Degree Angle Tests/083123_Fish Deg Angle Test_FSL05/P8310005.ORF
13282,107,5,slate,Tic-Tac-Toe 1,2023-09-07 REEF Data Dump/083123_Fish Degree Angle Tests/083123_Fish Deg Angle Test_FSL05/P8310010.ORF,/home/chris/mnt/fishsense_data/REEF/data/2023-09-07 REEF Data Dump/083123_Fish Degree Angle Tests/083123_Fish Deg Angle Test_FSL05/P8310010.ORF
13281,107,5,slate,Tic-Tac-Toe 1,2023-09-07 REEF Data Dump/083123_Fish Degree Angle Tests/083123_Fish Deg Angle Test_FSL05/P8310006.ORF,/home/chris/mnt/fishsense_data/REEF/data/2023-09-07 REEF Data Dump/083123_Fish Degree Angle Tests/083123_Fish Deg Angle Test_FSL05/P8310006.ORF
13284,107,5,slate,Tic-Tac-Toe 1,2023-09-07 REEF Data Dump/083123_Fish Degree Angle Tests/083123_Fish Deg Angle Test_FSL05/P8310014.ORF,/home/chris/mnt/fishsense_data/REEF/data/2023-09-07 REEF Data Dump/083123_Fish Degree Angle Tests/083123_Fish Deg Angle Test_FSL05/P8310014.ORF
132640,502,6,checkerboard,,/fishsense_data/__unsorted-data/2023.08.14.FishSense.Host01s Pool/ED-00/FSL-06D/LaserCalibration/P8140038.ORF,/home/chris/mnt/fishsense_data/__unsorted-data/2023.08.14.FishSense.Host01s Pool/ED-00/FSL-06D/LaserCalibration/P8140038.ORF
132607,502,6,checkerboard,,/fishsense_data/__unsorted-data/2023.08.14.FishSense.Host01s Pool/ED-00/FSL-06D/LaserCalibration/P8140005.ORF,/home/chris/mnt/fishsense_data/__unsorted-data/2023.08.14.FishSense.Host01s Pool/ED-00/FSL-06D/LaserCalibration/P8140005.ORF
132621,502,6,checkerboard,,/fishsense_data/__unsorted-data/2023.08.14.FishSense.Host01s Pool/ED-00/FSL-06D/LaserCalibration/P8140019.ORF,/home/chris/mnt/fishsense_data/__unsorted-data/2023.08.14.FishSense.Host01s Pool/ED-00/FSL-06D/LaserCalibration/P8140019.ORF
132646,502,6,checkerboard,,/fishsense_data/__unsorted-data/2023.08.14.FishSense.Host01s Pool/ED-00/FSL-06D/LaserCalibration/P8140044.ORF,/home/chris/mnt/fishsense_data/__unsorted-data/2023.08.14.FishSense.Host01s Pool/ED-00/FSL-06D/LaserCalibration/P8140044.ORF
132649,502,6,checkerboard,,/fishsense_data/__unsorted-data/2023.08.14.FishSense.Host01s Pool/ED-00/FSL-06D/LaserCalibration/P8140047.ORF,/home/chris/mnt/fishsense_data/__unsorted-data/2023.08.14.FishSense.Host01s Pool/ED-00/FSL-06D/LaserCalibration/P8140047.ORF
132616,502,6,checkerboard,,/fishsense_data/__unsorted-data/2023.08.14.FishSense.Host01s Pool/ED-00/FSL-06D/LaserCalibration/P8140014.ORF,/home/chris/mnt/fishsense_data/__unsorted-data/2023.08.14.FishSense.Host01s Pool/ED-00/FSL-06D/LaserCalibration/P8140014.ORF
132627,502,6,checkerboard,,/fishsense_data/__unsorted-data/2023.08.14.FishSense.Host01s Pool/ED-00/FSL-06D/LaserCalibration/P8140025.ORF,/home/chris/mnt/fishsense_data/__unsorted-data/2023.08.14.FishSense.Host01s Pool/ED-00/FSL-06D/LaserCalibration/P8140025.ORF
132611,502,6,checkerboard,,/fishsense_data/__unsorted-data/2023.08.14.FishSense.Host01s Pool/ED-00/FSL-06D/LaserCalibration/P8140009.ORF,/home/chris/mnt/fishsense_data/__unsorted-data/2023.08.14.FishSense.Host01s Pool/ED-00/FSL-06D/LaserCalibration/P8140009.ORF
132622,502,6,checkerboard,,/fishsense_data/__unsorted-data/2023.08.14.FishSense.Host01s Pool/ED-00/FSL-06D/LaserCalibration/P8140020.ORF,/home/chris/mnt/fishsense_data/__unsorted-data/2023.08.14.FishSense.Host01s Pool/ED-00/FSL-06D/LaserCalibration/P8140020.ORF
132638,502,6,checkerboard,,/fishsense_data/__unsorted-data/2023.08.14.FishSense.Host01s Pool/ED-00/FSL-06D/LaserCalibration/P8140036.ORF,/home/chris/mnt/fishsense_data/__unsorted-data/2023.08.14.FishSense.Host01s Pool/ED-00/FSL-06D/LaserCalibration/P8140036.ORF
132628,502,6,checkerboard,,/fishsense_data/__unsorted-data/2023.08.14.FishSense.Host01s Pool/ED-00/FSL-06D/LaserCalibration/P8140026.ORF,/home/chris/mnt/fishsense_data/__unsorted-data/2023.08.14.FishSense.Host01s Pool/ED-00/FSL-06D/LaserCalibration/P8140026.ORF
132637,502,6,checkerboard,,/fishsense_data/__unsorted-data/2023.08.14.FishSense.Host01s Pool/ED-00/FSL-06D/LaserCalibration/P8140035.ORF,/home/chris/mnt/fishsense_data/__unsorted-data/2023.08.14.FishSense.Host01s Pool/ED-00/FSL-06D/LaserCalibration/P8140035.ORF
132636,502,6,checkerboard,,/fishsense_data/__unsorted-data/2023.08.14.FishSense.Host01s Pool/ED-00/FSL-06D/LaserCalibration/P8140034.ORF,/home/chris/mnt/fishsense_data/__unsorted-data/2023.08.14.FishSense.Host01s Pool/ED-00/FSL-06D/LaserCalibration/P8140034.ORF
132620,502,6,checkerboard,,/fishsense_data/__unsorted-data/2023.08.14.FishSense.Host01s Pool/ED-00/FSL-06D/LaserCalibration/P8140018.ORF,/home/chris/mnt/fishsense_data/__unsorted-data/2023.08.14.FishSense.Host01s Pool/ED-00/FSL-06D/LaserCalibration/P8140018.ORF
132626,502,6,checkerboard,,/fishsense_data/__unsorted-data/2023.08.14.FishSense.Host01s Pool/ED-00/FSL-06D/LaserCalibration/P8140024.ORF,/home/chris/mnt/fishsense_data/__unsorted-data/2023.08.14.FishSense.Host01s Pool/ED-00/FSL-06D/LaserCalibration/P8140024.ORF
132633,502,6,checkerboard,,/fishsense_data/__unsorted-data/2023.08.14.FishSense.Host01s Pool/ED-00/FSL-06D/LaserCalibration/P8140031.ORF,/home/chris/mnt/fishsense_data/__unsorted-data/2023.08.14.FishSense.Host01s Pool/ED-00/FSL-06D/LaserCalibration/P8140031.ORF
132625,502,6,checkerboard,,/fishsense_data/__unsorted-data/2023.08.14.FishSense.Host01s Pool/ED-00/FSL-06D/LaserCalibration/P8140023.ORF,/home/chris/mnt/fishsense_data/__unsorted-data/2023.08.14.FishSense.Host01s Pool/ED-00/FSL-06D/LaserCalibration/P8140023.ORF
132645,502,6,checkerboard,,/fishsense_data/__unsorted-data/2023.08.14.FishSense.Host01s Pool/ED-00/FSL-06D/LaserCalibration/P8140043.ORF,/home/chris/mnt/fishsense_data/__unsorted-data/2023.08.14.FishSense.Host01s Pool/ED-00/FSL-06D/LaserCalibration/P8140043.ORF
132643,502,6,checkerboard,,/fishsense_data/__unsorted-data/2023.08.14.FishSense.Host01s Pool/ED-00/FSL-06D/LaserCalibration/P8140041.ORF,/home/chris/mnt/fishsense_data/__unsorted-data/2023.08.14.FishSense.Host01s Pool/ED-00/FSL-06D/LaserCalibration/P8140041.ORF
132612,502,6,checkerboard,,/fishsense_data/__unsorted-data/2023.08.14.FishSense.Host01s Pool/ED-00/FSL-06D/LaserCalibration/P8140010.ORF,/home/chris/mnt/fishsense_data/__unsorted-data/2023.08.14.FishSense.Host01s Pool/ED-00/FSL-06D/LaserCalibration/P8140010.ORF
132613,502,6,checkerboard,,/fishsense_data/__unsorted-data/2023.08.14.FishSense.Host01s Pool/ED-00/FSL-06D/LaserCalibration/P8140011.ORF,/home/chris/mnt/fishsense_data/__unsorted-data/2023.08.14.FishSense.Host01s Pool/ED-00/FSL-06D/LaserCalibration/P8140011.ORF
132650,502,6,checkerboard,,/fishsense_data/__unsorted-data/2023.08.14.FishSense.Host01s Pool/ED-00/FSL-06D/LaserCalibration/P8140048.ORF,/home/chris/mnt/fishsense_data/__unsorted-data/2023.08.14.FishSense.Host01s Pool/ED-00/FSL-06D/LaserCalibration/P8140048.ORF
132614,502,6,checkerboard,,/fishsense_data/__unsorted-data/2023.08.14.FishSense.Host01s Pool/ED-00/FSL-06D/LaserCalibration/P8140012.ORF,/home/chris/mnt/fishsense_data/__unsorted-data/2023.08.14.FishSense.Host01s Pool/ED-00/FSL-06D/LaserCalibration/P8140012.ORF
132624,502,6,checkerboard,,/fishsense_data/__unsorted-data/2023.08.14.FishSense.Host01s Pool/ED-00/FSL-06D/LaserCalibration/P8140022.ORF,/home/chris/mnt/fishsense_data/__unsorted-data/2023.08.14.FishSense.Host01s Pool/ED-00/FSL-06D/LaserCalibration/P8140022.ORF
132618,502,6,checkerboard,,/fishsense_data/__unsorted-data/2023.08.14.FishSense.Host01s Pool/ED-00/FSL-06D/LaserCalibration/P8140016.ORF,/home/chris/mnt/fishsense_data/__unsorted-data/2023.08.14.FishSense.Host01s Pool/ED-00/FSL-06D/LaserCalibration/P8140016.ORF
132617,502,6,checkerboard,,/fishsense_data/__unsorted-data/2023.08.14.FishSense.Host01s Pool/ED-00/FSL-06D/LaserCalibration/P8140015.ORF,/home/chris/mnt/fishsense_data/__unsorted-data/2023.08.14.FishSense.Host01s Pool/ED-00/FSL-06D/LaserCalibration/P8140015.ORF
132635,502,6,checkerboard,,/fishsense_data/__unsorted-data/2023.08.14.FishSense.Host01s Pool/ED-00/FSL-06D/LaserCalibration/P8140033.ORF,/home/chris/mnt/fishsense_data/__unsorted-data/2023.08.14.FishSense.Host01s Pool/ED-00/FSL-06D/LaserCalibration/P8140033.ORF
132610,502,6,checkerboard,,/fishsense_data/__unsorted-data/2023.08.14.FishSense.Host01s Pool/ED-00/FSL-06D/LaserCalibration/P8140008.ORF,/home/chris/mnt/fishsense_data/__unsorted-data/2023.08.14.FishSense.Host01s Pool/ED-00/FSL-06D/LaserCalibration/P8140008.ORF
132639,502,6,checkerboard,,/fishsense_data/__unsorted-data/2023.08.14.FishSense.Host01s Pool/ED-00/FSL-06D/LaserCalibration/P8140037.ORF,/home/chris/mnt/fishsense_data/__unsorted-data/2023.08.14.FishSense.Host01s Pool/ED-00/FSL-06D/LaserCalibration/P8140037.ORF
132609,502,6,checkerboard,,/fishsense_data/__unsorted-data/2023.08.14.FishSense.Host01s Pool/ED-00/FSL-06D/LaserCalibration/P8140007.ORF,/home/chris/mnt/fishsense_data/__unsorted-data/2023.08.14.FishSense.Host01s Pool/ED-00/FSL-06D/LaserCalibration/P8140007.ORF
4014,63,3,slate,Tic-Tac-Toe 1,2024.06.20.REEF/08_2023/082923_Pool Calibration/082923_Slate_FSL03/P8290029.ORF,/home/chris/mnt/fishsense_data/REEF/data/2024.06.20.REEF/08_2023/082923_Pool Calibration/082923_Slate_FSL03/P8290029.ORF
4007,63,3,slate,Tic-Tac-Toe 1,2024.06.20.REEF/08_2023/082923_Pool Calibration/082923_Slate_FSL03/P8290022.ORF,/home/chris/mnt/fishsense_data/REEF/data/2024.06.20.REEF/08_2023/082923_Pool Calibration/082923_Slate_FSL03/P8290022.ORF
4015,63,3,slate,Tic-Tac-Toe 1,2024.06.20.REEF/08_2023/082923_Pool Calibration/082923_Slate_FSL03/P8290031.ORF,/home/chris/mnt/fishsense_data/REEF/data/2024.06.20.REEF/08_2023/082923_Pool Calibration/082923_Slate_FSL03/P8290031.ORF
4012,63,3,slate,Tic-Tac-Toe 1,2024.06.20.REEF/08_2023/082923_Pool Calibration/082923_Slate_FSL03/P8290027.ORF,/home/chris/mnt/fishsense_data/REEF/data/2024.06.20.REEF/08_2023/082923_Pool Calibration/082923_Slate_FSL03/P8290027.ORF
4016,63,3,slate,Tic-Tac-Toe 1,2024.06.20.REEF/08_2023/082923_Pool Calibration/082923_Slate_FSL03/P8290028.ORF,/home/chris/mnt/fishsense_data/REEF/data/2024.06.20.REEF/08_2023/082923_Pool Calibration/082923_Slate_FSL03/P8290028.ORF
4020,63,3,slate,Tic-Tac-Toe 1,2024.06.20.REEF/08_2023/082923_Pool Calibration/082923_Slate_FSL03/P8290035.ORF,/home/chris/mnt/fishsense_data/REEF/data/2024.06.20.REEF/08_2023/082923_Pool Calibration/082923_Slate_FSL03/P8290035.ORF
4013,63,3,slate,Tic-Tac-Toe 1,2024.06.20.REEF/08_2023/082923_Pool Calibration/082923_Slate_FSL03/P8290030.ORF,/home/chris/mnt/fishsense_data/REEF/data/2024.06.20.REEF/08_2023/082923_Pool Calibration/082923_Slate_FSL03/P8290030.ORF
4010,63,3,slate,Tic-Tac-Toe 1,2024.06.20.REEF/08_2023/082923_Pool Calibration/082923_Slate_FSL03/P8290025.ORF,/home/chris/mnt/fishsense_data/REEF/data/2024.06.20.REEF/08_2023/082923_Pool Calibration/082923_Slate_FSL03/P8290025.ORF
4021,63,3,slate,Tic-Tac-Toe 1,2024.06.20.REEF/08_2023/082923_Pool Calibration/082923_Slate_FSL03/P8290036.ORF,/home/chris/mnt/fishsense_data/REEF/data/2024.06.20.REEF/08_2023/082923_Pool Calibration/082923_Slate_FSL03/P8290036.ORF
4001,63,3,slate,Tic-Tac-Toe 1,2024.06.20.REEF/08_2023/082923_Pool Calibration/082923_Slate_FSL03/P8290017.ORF,/home/chris/mnt/fishsense_data/REEF/data/2024.06.20.REEF/08_2023/082923_Pool Calibration/082923_Slate_FSL03/P8290017.ORF
4004,63,3,slate,Tic-Tac-Toe 1,2024.06.20.REEF/08_2023/082923_Pool Calibration/082923_Slate_FSL03/P8290019.ORF,/home/chris/mnt/fishsense_data/REEF/data/2024.06.20.REEF/08_2023/082923_Pool Calibration/082923_Slate_FSL03/P8290019.ORF
4011,63,3,slate,Tic-Tac-Toe 1,2024.06.20.REEF/08_2023/082923_Pool Calibration/082923_Slate_FSL03/P8290026.ORF,/home/chris/mnt/fishsense_data/REEF/data/2024.06.20.REEF/08_2023/082923_Pool Calibration/082923_Slate_FSL03/P8290026.ORF
4005,63,3,slate,Tic-Tac-Toe 1,2024.06.20.REEF/08_2023/082923_Pool Calibration/082923_Slate_FSL03/P8290020.ORF,/home/chris/mnt/fishsense_data/REEF/data/2024.06.20.REEF/08_2023/082923_Pool Calibration/082923_Slate_FSL03/P8290020.ORF
4008,63,3,slate,Tic-Tac-Toe 1,2024.06.20.REEF/08_2023/082923_Pool Calibration/082923_Slate_FSL03/P8290023.ORF,/home/chris/mnt/fishsense_data/REEF/data/2024.06.20.REEF/08_2023/082923_Pool Calibration/082923_Slate_FSL03/P8290023.ORF
4009,63,3,slate,Tic-Tac-Toe 1,2024.06.20.REEF/08_2023/082923_Pool Calibration/082923_Slate_FSL03/P8290024.ORF,/home/chris/mnt/fishsense_data/REEF/data/2024.06.20.REEF/08_2023/082923_Pool Calibration/082923_Slate_FSL03/P8290024.ORF
4006,63,3,slate,Tic-Tac-Toe 1,2024.06.20.REEF/08_2023/082923_Pool Calibration/082923_Slate_FSL03/P8290021.ORF,/home/chris/mnt/fishsense_data/REEF/data/2024.06.20.REEF/08_2023/082923_Pool Calibration/082923_Slate_FSL03/P8290021.ORF
4002,63,3,slate,Tic-Tac-Toe 1,2024.06.20.REEF/08_2023/082923_Pool Calibration/082923_Slate_FSL03/P8290018.ORF,/home/chris/mnt/fishsense_data/REEF/data/2024.06.20.REEF/08_2023/082923_Pool Calibration/082923_Slate_FSL03/P8290018.ORF
4580,65,4,slate,Tic-Tac-Toe 1,2024.06.20.REEF/08_2023/082923_Pool Calibration/082929_Slate_FSL04/P8290016.ORF,/home/chris/mnt/fishsense_data/REEF/data/2024.06.20.REEF/08_2023/082923_Pool Calibration/082929_Slate_FSL04/P8290016.ORF
4577,65,4,slate,Tic-Tac-Toe 1,2024.06.20.REEF/08_2023/082923_Pool Calibration/082929_Slate_FSL04/P8290013.ORF,/home/chris/mnt/fishsense_data/REEF/data/2024.06.20.REEF/08_2023/082923_Pool Calibration/082929_Slate_FSL04/P8290013.ORF
4573,65,4,slate,Tic-Tac-Toe 1,2024.06.20.REEF/08_2023/082923_Pool Calibration/082929_Slate_FSL04/P8290009.ORF,/home/chris/mnt/fishsense_data/REEF/data/2024.06.20.REEF/08_2023/082923_Pool Calibration/082929_Slate_FSL04/P8290009.ORF
4576,65,4,slate,Tic-Tac-Toe 1,2024.06.20.REEF/08_2023/082923_Pool Calibration/082929_Slate_FSL04/P8290012.ORF,/home/chris/mnt/fishsense_data/REEF/data/2024.06.20.REEF/08_2023/082923_Pool Calibration/082929_Slate_FSL04/P8290012.ORF
4575,65,4,slate,Tic-Tac-Toe 1,2024.06.20.REEF/08_2023/082923_Pool Calibration/082929_Slate_FSL04/P8290011.ORF,/home/chris/mnt/fishsense_data/REEF/data/2024.06.20.REEF/08_2023/082923_Pool Calibration/082929_Slate_FSL04/P8290011.ORF
4574,65,4,slate,Tic-Tac-Toe 1,2024.06.20.REEF/08_2023/082923_Pool Calibration/082929_Slate_FSL04/P8290010.ORF,/home/chris/mnt/fishsense_data/REEF/data/2024.06.20.REEF/08_2023/082923_Pool Calibration/082929_Slate_FSL04/P8290010.ORF
4581,65,4,slate,Tic-Tac-Toe 1,2024.06.20.REEF/08_2023/082923_Pool Calibration/082929_Slate_FSL04/P8290019.ORF,/home/chris/mnt/fishsense_data/REEF/data/2024.06.20.REEF/08_2023/082923_Pool Calibration/082929_Slate_FSL04/P8290019.ORF
4587,65,4,slate,Tic-Tac-Toe 1,2024.06.20.REEF/08_2023/082923_Pool Calibration/082929_Slate_FSL04/P8290023.ORF,/home/chris/mnt/fishsense_data/REEF/data/2024.06.20.REEF/08_2023/082923_Pool Calibration/082929_Slate_FSL04/P8290023.ORF
4584,65,4,slate,Tic-Tac-Toe 1,2024.06.20.REEF/08_2023/082923_Pool Calibration/082929_Slate_FSL04/P8290020.ORF,/home/chris/mnt/fishsense_data/REEF/data/2024.06.20.REEF/08_2023/082923_Pool Calibration/082929_Slate_FSL04/P8290020.ORF
4594,65,4,slate,Tic-Tac-Toe 1,2024.06.20.REEF/08_2023/082923_Pool Calibration/082929_Slate_FSL04/P8290030.ORF,/home/chris/mnt/fishsense_data/REEF/data/2024.06.20.REEF/08_2023/082923_Pool Calibration/082929_Slate_FSL04/P8290030.ORF
4597,65,4,slate,Tic-Tac-Toe 1,2024.06.20.REEF/08_2023/082923_Pool Calibration/082929_Slate_FSL04/P8290031.ORF,/home/chris/mnt/fishsense_data/REEF/data/2024.06.20.REEF/08_2023/082923_Pool Calibration/082929_Slate_FSL04/P8290031.ORF
4609,65,4,slate,Tic-Tac-Toe 1,2024.06.20.REEF/08_2023/082923_Pool Calibration/082929_Slate_FSL04/P8290044.ORF,/home/chris/mnt/fishsense_data/REEF/data/2024.06.20.REEF/08_2023/082923_Pool Calibration/082929_Slate_FSL04/P8290044.ORF
4600,65,4,slate,Tic-Tac-Toe 1,2024.06.20.REEF/08_2023/082923_Pool Calibration/082929_Slate_FSL04/P8290036.ORF,/home/chris/mnt/fishsense_data/REEF/data/2024.06.20.REEF/08_2023/082923_Pool Calibration/082929_Slate_FSL04/P8290036.ORF
4601,65,4,slate,Tic-Tac-Toe 1,2024.06.20.REEF/08_2023/082923_Pool Calibration/082929_Slate_FSL04/P8290037.ORF,/home/chris/mnt/fishsense_data/REEF/data/2024.06.20.REEF/08_2023/082923_Pool Calibration/082929_Slate_FSL04/P8290037.ORF
4603,65,4,slate,Tic-Tac-Toe 1,2024.06.20.REEF/08_2023/082923_Pool Calibration/082929_Slate_FSL04/P8290039.ORF,/home/chris/mnt/fishsense_data/REEF/data/2024.06.20.REEF/08_2023/082923_Pool Calibration/082929_Slate_FSL04/P8290039.ORF
4604,65,4,slate,Tic-Tac-Toe 1,2024.06.20.REEF/08_2023/082923_Pool Calibration/082929_Slate_FSL04/P8290040.ORF,/home/chris/mnt/fishsense_data/REEF/data/2024.06.20.REEF/08_2023/082923_Pool Calibration/082929_Slate_FSL04/P8290040.ORF
4595,65,4,slate,Tic-Tac-Toe 1,2024.06.20.REEF/08_2023/082923_Pool Calibration/082929_Slate_FSL04/P8290033.ORF,/home/chris/mnt/fishsense_data/REEF/data/2024.06.20.REEF/08_2023/082923_Pool Calibration/082929_Slate_FSL04/P8290033.ORF
4598,65,4,slate,Tic-Tac-Toe 1,2024.06.20.REEF/08_2023/082923_Pool Calibration/082929_Slate_FSL04/P8290034.ORF,/home/chris/mnt/fishsense_data/REEF/data/2024.06.20.REEF/08_2023/082923_Pool Calibration/082929_Slate_FSL04/P8290034.ORF
4591,65,4,slate,Tic-Tac-Toe 1,2024.06.20.REEF/08_2023/082923_Pool Calibration/082929_Slate_FSL04/P8290029.ORF,/home/chris/mnt/fishsense_data/REEF/data/2024.06.20.REEF/08_2023/082923_Pool Calibration/082929_Slate_FSL04/P8290029.ORF
4590,65,4,slate,Tic-Tac-Toe 1,2024.06.20.REEF/08_2023/082923_Pool Calibration/082929_Slate_FSL04/P8290026.ORF,/home/chris/mnt/fishsense_data/REEF/data/2024.06.20.REEF/08_2023/082923_Pool Calibration/082929_Slate_FSL04/P8290026.ORF
4579,65,4,slate,Tic-Tac-Toe 1,2024.06.20.REEF/08_2023/082923_Pool Calibration/082929_Slate_FSL04/P8290014.ORF,/home/chris/mnt/fishsense_data/REEF/data/2024.06.20.REEF/08_2023/082923_Pool Calibration/082929_Slate_FSL04/P8290014.ORF
4578,65,4,slate,Tic-Tac-Toe 1,2024.06.20.REEF/08_2023/082923_Pool Calibration/082929_Slate_FSL04/P8290015.ORF,/home/chris/mnt/fishsense_data/REEF/data/2024.06.20.REEF/08_2023/082923_Pool Calibration/082929_Slate_FSL04/P8290015.ORF
4582,65,4,slate,Tic-Tac-Toe 1,2024.06.20.REEF/08_2023/082923_Pool Calibration/082929_Slate_FSL04/P8290017.ORF,/home/chris/mnt/fishsense_data/REEF/data/2024.06.20.REEF/08_2023/082923_Pool Calibration/082929_Slate_FSL04/P8290017.ORF
4585,65,4,slate,Tic-Tac-Toe 1,2024.06.20.REEF/08_2023/082923_Pool Calibration/082929_Slate_FSL04/P8290021.ORF,/home/chris/mnt/fishsense_data/REEF/data/2024.06.20.REEF/08_2023/082923_Pool Calibration/082929_Slate_FSL04/P8290021.ORF
4593,65,4,slate,Tic-Tac-Toe 1,2024.06.20.REEF/08_2023/082923_Pool Calibration/082929_Slate_FSL04/P8290027.ORF,/home/chris/mnt/fishsense_data/REEF/data/2024.06.20.REEF/08_2023/082923_Pool Calibration/082929_Slate_FSL04/P8290027.ORF
4583,65,4,slate,Tic-Tac-Toe 1,2024.06.20.REEF/08_2023/082923_Pool Calibration/082929_Slate_FSL04/P8290018.ORF,/home/chris/mnt/fishsense_data/REEF/data/2024.06.20.REEF/08_2023/082923_Pool Calibration/082929_Slate_FSL04/P8290018.ORF
4592,65,4,slate,Tic-Tac-Toe 1,2024.06.20.REEF/08_2023/082923_Pool Calibration/082929_Slate_FSL04/P8290028.ORF,/home/chris/mnt/fishsense_data/REEF/data/2024.06.20.REEF/08_2023/082923_Pool Calibration/082929_Slate_FSL04/P8290028.ORF
4588,65,4,slate,Tic-Tac-Toe 1,2024.06.20.REEF/08_2023/082923_Pool Calibration/082929_Slate_FSL04/P8290024.ORF,/home/chris/mnt/fishsense_data/REEF/data/2024.06.20.REEF/08_2023/082923_Pool Calibration/082929_Slate_FSL04/P8290024.ORF
3878,71,2,slate,Tic-Tac-Toe 1,2024.06.20.REEF/08_2023/082923_Pool Calibration/082923_Slate_FSL02/P8290036.ORF,/home/chris/mnt/fishsense_data/REEF/data/2024.06.20.REEF/08_2023/082923_Pool Calibration/082923_Slate_FSL02/P8290036.ORF
3903,71,2,slate,Tic-Tac-Toe 1,2024.06.20.REEF/08_2023/082923_Pool Calibration/082923_Slate_FSL02/P8290061.ORF,/home/chris/mnt/fishsense_data/REEF/data/2024.06.20.REEF/08_2023/082923_Pool Calibration/082923_Slate_FSL02/P8290061.ORF
3910,71,2,slate,Tic-Tac-Toe 1,2024.06.20.REEF/08_2023/082923_Pool Calibration/082923_Slate_FSL02/P8290069.ORF,/home/chris/mnt/fishsense_data/REEF/data/2024.06.20.REEF/08_2023/082923_Pool Calibration/082923_Slate_FSL02/P8290069.ORF
3915,71,2,slate,Tic-Tac-Toe 1,2024.06.20.REEF/08_2023/082923_Pool Calibration/082923_Slate_FSL02/P8290074.ORF,/home/chris/mnt/fishsense_data/REEF/data/2024.06.20.REEF/08_2023/082923_Pool Calibration/082923_Slate_FSL02/P8290074.ORF
3877,71,2,slate,Tic-Tac-Toe 1,2024.06.20.REEF/08_2023/082923_Pool Calibration/082923_Slate_FSL02/P8290035.ORF,/home/chris/mnt/fishsense_data/REEF/data/2024.06.20.REEF/08_2023/082923_Pool Calibration/082923_Slate_FSL02/P8290035.ORF
3882,71,2,slate,Tic-Tac-Toe 1,2024.06.20.REEF/08_2023/082923_Pool Calibration/082923_Slate_FSL02/P8290039.ORF,/home/chris/mnt/fishsense_data/REEF/data/2024.06.20.REEF/08_2023/082923_Pool Calibration/082923_Slate_FSL02/P8290039.ORF
3883,71,2,slate,Tic-Tac-Toe 1,2024.06.20.REEF/08_2023/082923_Pool Calibration/082923_Slate_FSL02/P8290041.ORF,/home/chris/mnt/fishsense_data/REEF/data/2024.06.20.REEF/08_2023/082923_Pool Calibration/082923_Slate_FSL02/P8290041.ORF
3880,71,2,slate,Tic-Tac-Toe 1,2024.06.20.REEF/08_2023/082923_Pool Calibration/082923_Slate_FSL02/P8290040.ORF,/home/chris/mnt/fishsense_data/REEF/data/2024.06.20.REEF/08_2023/082923_Pool Calibration/082923_Slate_FSL02/P8290040.ORF
3881,71,2,slate,Tic-Tac-Toe 1,2024.06.20.REEF/08_2023/082923_Pool Calibration/082923_Slate_FSL02/P8290038.ORF,/home/chris/mnt/fishsense_data/REEF/data/2024.06.20.REEF/08_2023/082923_Pool Calibration/082923_Slate_FSL02/P8290038.ORF
3884,71,2,slate,Tic-Tac-Toe 1,2024.06.20.REEF/08_2023/082923_Pool Calibration/082923_Slate_FSL02/P8290046.ORF,/home/chris/mnt/fishsense_data/REEF/data/2024.06.20.REEF/08_2023/082923_Pool Calibration/082923_Slate_FSL02/P8290046.ORF
3885,71,2,slate,Tic-Tac-Toe 1,2024.06.20.REEF/08_2023/082923_Pool Calibration/082923_Slate_FSL02/P8290044.ORF,/home/chris/mnt/fishsense_data/REEF/data/2024.06.20.REEF/08_2023/082923_Pool Calibration/082923_Slate_FSL02/P8290044.ORF
3886,71,2,slate,Tic-Tac-Toe 1,2024.06.20.REEF/08_2023/082923_Pool Calibration/082923_Slate_FSL02/P8290043.ORF,/home/chris/mnt/fishsense_data/REEF/data/2024.06.20.REEF/08_2023/082923_Pool Calibration/082923_Slate_FSL02/P8290043.ORF
3922,71,2,slate,Tic-Tac-Toe 1,2024.06.20.REEF/08_2023/082923_Pool Calibration/082923_Slate_FSL02/P8290081.ORF,/home/chris/mnt/fishsense_data/REEF/data/2024.06.20.REEF/08_2023/082923_Pool Calibration/082923_Slate_FSL02/P8290081.ORF
3887,71,2,slate,Tic-Tac-Toe 1,2024.06.20.REEF/08_2023/082923_Pool Calibration/082923_Slate_FSL02/P8290045.ORF,/home/chris/mnt/fishsense_data/REEF/data/2024.06.20.REEF/08_2023/082923_Pool Calibration/082923_Slate_FSL02/P8290045.ORF
3914,71,2,slate,Tic-Tac-Toe 1,2024.06.20.REEF/08_2023/082923_Pool Calibration/082923_Slate_FSL02/P8290073.ORF,/home/chris/mnt/fishsense_data/REEF/data/2024.06.20.REEF/08_2023/082923_Pool Calibration/082923_Slate_FSL02/P8290073.ORF
3888,71,2,slate,Tic-Tac-Toe 1,2024.06.20.REEF/08_2023/082923_Pool Calibration/082923_Slate_FSL02/P8290042.ORF,/home/chris/mnt/fishsense_data/REEF/data/2024.06.20.REEF/08_2023/082923_Pool Calibration/082923_Slate_FSL02/P8290042.ORF
3921,71,2,slate,Tic-Tac-Toe 1,2024.06.20.REEF/08_2023/082923_Pool Calibration/082923_Slate_FSL02/P8290079.ORF,/home/chris/mnt/fishsense_data/REEF/data/2024.06.20.REEF/08_2023/082923_Pool Calibration/082923_Slate_FSL02/P8290079.ORF
3923,71,2,slate,Tic-Tac-Toe 1,2024.06.20.REEF/08_2023/082923_Pool Calibration/082923_Slate_FSL02/P8290080.ORF,/home/chris/mnt/fishsense_data/REEF/data/2024.06.20.REEF/08_2023/082923_Pool Calibration/082923_Slate_FSL02/P8290080.ORF
3905,71,2,slate,Tic-Tac-Toe 1,2024.06.20.REEF/08_2023/082923_Pool Calibration/082923_Slate_FSL02/P8290062.ORF,/home/chris/mnt/fishsense_data/REEF/data/2024.06.20.REEF/08_2023/082923_Pool Calibration/082923_Slate_FSL02/P8290062.ORF
3924,71,2,slate,Tic-Tac-Toe 1,2024.06.20.REEF/08_2023/082923_Pool Calibration/082923_Slate_FSL02/P8290082.ORF,/home/chris/mnt/fishsense_data/REEF/data/2024.06.20.REEF/08_2023/082923_Pool Calibration/082923_Slate_FSL02/P8290082.ORF
3911,71,2,slate,Tic-Tac-Toe 1,2024.06.20.REEF/08_2023/082923_Pool Calibration/082923_Slate_FSL02/P8290068.ORF,/home/chris/mnt/fishsense_data/REEF/data/2024.06.20.REEF/08_2023/082923_Pool Calibration/082923_Slate_FSL02/P8290068.ORF
3879,71,2,slate,Tic-Tac-Toe 1,2024.06.20.REEF/08_2023/082923_Pool Calibration/082923_Slate_FSL02/P8290037.ORF,/home/chris/mnt/fishsense_data/REEF/data/2024.06.20.REEF/08_2023/082923_Pool Calibration/082923_Slate_FSL02/P8290037.ORF
3889,71,2,slate,Tic-Tac-Toe 1,2024.06.20.REEF/08_2023/082923_Pool Calibration/082923_Slate_FSL02/P8290048.ORF,/home/chris/mnt/fishsense_data/REEF/data/2024.06.20.REEF/08_2023/082923_Pool Calibration/082923_Slate_FSL02/P8290048.ORF
3890,71,2,slate,Tic-Tac-Toe 1,2024.06.20.REEF/08_2023/082923_Pool Calibration/082923_Slate_FSL02/P8290047.ORF,/home/chris/mnt/fishsense_data/REEF/data/2024.06.20.REEF/08_2023/082923_Pool Calibration/082923_Slate_FSL02/P8290047.ORF
3891,71,2,slate,Tic-Tac-Toe 1,2024.06.20.REEF/08_2023/082923_Pool Calibration/082923_Slate_FSL02/P8290050.ORF,/home/chris/mnt/fishsense_data/REEF/data/2024.06.20.REEF/08_2023/082923_Pool Calibration/082923_Slate_FSL02/P8290050.ORF
3892,71,2,slate,Tic-Tac-Toe 1,2024.06.20.REEF/08_2023/082923_Pool Calibration/082923_Slate_FSL02/P8290049.ORF,/home/chris/mnt/fishsense_data/REEF/data/2024.06.20.REEF/08_2023/082923_Pool Calibration/082923_Slate_FSL02/P8290049.ORF
3893,71,2,slate,Tic-Tac-Toe 1,2024.06.20.REEF/08_2023/082923_Pool Calibration/082923_Slate_FSL02/P8290052.ORF,/home/chris/mnt/fishsense_data/REEF/data/2024.06.20.REEF/08_2023/082923_Pool Calibration/082923_Slate_FSL02/P8290052.ORF
3901,71,2,slate,Tic-Tac-Toe 1,2024.06.20.REEF/08_2023/082923_Pool Calibration/082923_Slate_FSL02/P8290060.ORF,/home/chris/mnt/fishsense_data/REEF/data/2024.06.20.REEF/08_2023/082923_Pool Calibration/082923_Slate_FSL02/P8290060.ORF
3894,71,2,slate,Tic-Tac-Toe 1,2024.06.20.REEF/08_2023/082923_Pool Calibration/082923_Slate_FSL02/P8290051.ORF,/home/chris/mnt/fishsense_data/REEF/data/2024.06.20.REEF/08_2023/082923_Pool Calibration/082923_Slate_FSL02/P8290051.ORF
3917,71,2,slate,Tic-Tac-Toe 1,2024.06.20.REEF/08_2023/082923_Pool Calibration/082923_Slate_FSL02/P8290075.ORF,/home/chris/mnt/fishsense_data/REEF/data/2024.06.20.REEF/08_2023/082923_Pool Calibration/082923_Slate_FSL02/P8290075.ORF
3919,71,2,slate,Tic-Tac-Toe 1,2024.06.20.REEF/08_2023/082923_Pool Calibration/082923_Slate_FSL02/P8290077.ORF,/home/chris/mnt/fishsense_data/REEF/data/2024.06.20.REEF/08_2023/082923_Pool Calibration/082923_Slate_FSL02/P8290077.ORF
3918,71,2,slate,Tic-Tac-Toe 1,2024.06.20.REEF/08_2023/082923_Pool Calibration/082923_Slate_FSL02/P8290076.ORF,/home/chris/mnt/fishsense_data/REEF/data/2024.06.20.REEF/08_2023/082923_Pool Calibration/082923_Slate_FSL02/P8290076.ORF
3916,71,2,slate,Tic-Tac-Toe 1,2024.06.20.REEF/08_2023/082923_Pool Calibration/082923_Slate_FSL02/P8290072.ORF,/home/chris/mnt/fishsense_data/REEF/data/2024.06.20.REEF/08_2023/082923_Pool Calibration/082923_Slate_FSL02/P8290072.ORF
3672,77,1,slate,Tic-Tac-Toe 1,2023-09-07 REEF Data Dump/082923_Pool Calibration/082929_Slate_FSL01/P8290086.ORF,/home/chris/mnt/fishsense_data/REEF/data/2023-09-07 REEF Data Dump/082923_Pool Calibration/082929_Slate_FSL01/P8290086.ORF
3714,77,1,slate,Tic-Tac-Toe 1,2023-09-07 REEF Data Dump/082923_Pool Calibration/082929_Slate_FSL01/P8290128.ORF,/home/chris/mnt/fishsense_data/REEF/data/2023-09-07 REEF Data Dump/082923_Pool Calibration/082929_Slate_FSL01/P8290128.ORF
3708,77,1,slate,Tic-Tac-Toe 1,2023-09-07 REEF Data Dump/082923_Pool Calibration/082929_Slate_FSL01/P8290121.ORF,/home/chris/mnt/fishsense_data/REEF/data/2023-09-07 REEF Data Dump/082923_Pool Calibration/082929_Slate_FSL01/P8290121.ORF
3721,77,1,slate,Tic-Tac-Toe 1,2023-09-07 REEF Data Dump/082923_Pool Calibration/082929_Slate_FSL01/P8290133.ORF,/home/chris/mnt/fishsense_data/REEF/data/2023-09-07 REEF Data Dump/082923_Pool Calibration/082929_Slate_FSL01/P8290133.ORF
3649,77,1,slate,Tic-Tac-Toe 1,2023-09-07 REEF Data Dump/082923_Pool Calibration/082929_Slate_FSL01/P8290063.ORF,/home/chris/mnt/fishsense_data/REEF/data/2023-09-07 REEF Data Dump/082923_Pool Calibration/082929_Slate_FSL01/P8290063.ORF
3650,77,1,slate,Tic-Tac-Toe 1,2023-09-07 REEF Data Dump/082923_Pool Calibration/082929_Slate_FSL01/P8290064.ORF,/home/chris/mnt/fishsense_data/REEF/data/2023-09-07 REEF Data Dump/082923_Pool Calibration/082929_Slate_FSL01/P8290064.ORF
3651,77,1,slate,Tic-Tac-Toe 1,2023-09-07 REEF Data Dump/082923_Pool Calibration/082929_Slate_FSL01/P8290066.ORF,/home/chris/mnt/fishsense_data/REEF/data/2023-09-07 REEF Data Dump/082923_Pool Calibration/082929_Slate_FSL01/P8290066.ORF
3653,77,1,slate,Tic-Tac-Toe 1,2023-09-07 REEF Data Dump/082923_Pool Calibration/082929_Slate_FSL01/P8290065.ORF,/home/chris/mnt/fishsense_data/REEF/data/2023-09-07 REEF Data Dump/082923_Pool Calibration/082929_Slate_FSL01/P8290065.ORF
3655,77,1,slate,Tic-Tac-Toe 1,2023-09-07 REEF Data Dump/082923_Pool Calibration/082929_Slate_FSL01/P8290069.ORF,/home/chris/mnt/fishsense_data/REEF/data/2023-09-07 REEF Data Dump/082923_Pool Calibration/082929_Slate_FSL01/P8290069.ORF
3642,77,1,slate,Tic-Tac-Toe 1,2023-09-07 REEF Data Dump/082923_Pool Calibration/082929_Slate_FSL01/P8290055.ORF,/home/chris/mnt/fishsense_data/REEF/data/2023-09-07 REEF Data Dump/082923_Pool Calibration/082929_Slate_FSL01/P8290055.ORF
3646,77,1,slate,Tic-Tac-Toe 1,2023-09-07 REEF Data Dump/082923_Pool Calibration/082929_Slate_FSL01/P8290061.ORF,/home/chris/mnt/fishsense_data/REEF/data/2023-09-07 REEF Data Dump/082923_Pool Calibration/082929_Slate_FSL01/P8290061.ORF
3654,77,1,slate,Tic-Tac-Toe 1,2023-09-07 REEF Data Dump/082923_Pool Calibration/082929_Slate_FSL01/P8290068.ORF,/home/chris/mnt/fishsense_data/REEF/data/2023-09-07 REEF Data Dump/082923_Pool Calibration/082929_Slate_FSL01/P8290068.ORF
3645,77,1,slate,Tic-Tac-Toe 1,2023-09-07 REEF Data Dump/082923_Pool Calibration/082929_Slate_FSL01/P8290059.ORF,/home/chris/mnt/fishsense_data/REEF/data/2023-09-07 REEF Data Dump/082923_Pool Calibration/082929_Slate_FSL01/P8290059.ORF
3658,77,1,slate,Tic-Tac-Toe 1,2023-09-07 REEF Data Dump/082923_Pool Calibration/082929_Slate_FSL01/P8290072.ORF,/home/chris/mnt/fishsense_data/REEF/data/2023-09-07 REEF Data Dump/082923_Pool Calibration/082929_Slate_FSL01/P8290072.ORF
3648,77,1,slate,Tic-Tac-Toe 1,2023-09-07 REEF Data Dump/082923_Pool Calibration/082929_Slate_FSL01/P8290062.ORF,/home/chris/mnt/fishsense_data/REEF/data/2023-09-07 REEF Data Dump/082923_Pool Calibration/082929_Slate_FSL01/P8290062.ORF
3680,77,1,slate,Tic-Tac-Toe 1,2023-09-07 REEF Data Dump/082923_Pool Calibration/082929_Slate_FSL01/P8290094.ORF,/home/chris/mnt/fishsense_data/REEF/data/2023-09-07 REEF Data Dump/082923_Pool Calibration/082929_Slate_FSL01/P8290094.ORF
3670,77,1,slate,Tic-Tac-Toe 1,2023-09-07 REEF Data Dump/082923_Pool Calibration/082929_Slate_FSL01/P8290084.ORF,/home/chris/mnt/fishsense_data/REEF/data/2023-09-07 REEF Data Dump/082923_Pool Calibration/082929_Slate_FSL01/P8290084.ORF
3687,77,1,slate,Tic-Tac-Toe 1,2023-09-07 REEF Data Dump/082923_Pool Calibration/082929_Slate_FSL01/P8290101.ORF,/home/chris/mnt/fishsense_data/REEF/data/2023-09-07 REEF Data Dump/082923_Pool Calibration/082929_Slate_FSL01/P8290101.ORF
3666,77,1,slate,Tic-Tac-Toe 1,2023-09-07 REEF Data Dump/082923_Pool Calibration/082929_Slate_FSL01/P8290078.ORF,/home/chris/mnt/fishsense_data/REEF/data/2023-09-07 REEF Data Dump/082923_Pool Calibration/082929_Slate_FSL01/P8290078.ORF
3661,77,1,slate,Tic-Tac-Toe 1,2023-09-07 REEF Data Dump/082923_Pool Calibration/082929_Slate_FSL01/P8290077.ORF,/home/chris/mnt/fishsense_data/REEF/data/2023-09-07 REEF Data Dump/082923_Pool Calibration/082929_Slate_FSL01/P8290077.ORF
3681,77,1,slate,Tic-Tac-Toe 1,2023-09-07 REEF Data Dump/082923_Pool Calibration/082929_Slate_FSL01/P8290095.ORF,/home/chris/mnt/fishsense_data/REEF/data/2023-09-07 REEF Data Dump/082923_Pool Calibration/082929_Slate_FSL01/P8290095.ORF
3688,77,1,slate,Tic-Tac-Toe 1,2023-09-07 REEF Data Dump/082923_Pool Calibration/082929_Slate_FSL01/P8290102.ORF,/home/chris/mnt/fishsense_data/REEF/data/2023-09-07 REEF Data Dump/082923_Pool Calibration/082929_Slate_FSL01/P8290102.ORF
3682,77,1,slate,Tic-Tac-Toe 1,2023-09-07 REEF Data Dump/082923_Pool Calibration/082929_Slate_FSL01/P8290100.ORF,/home/chris/mnt/fishsense_data/REEF/data/2023-09-07 REEF Data Dump/082923_Pool Calibration/082929_Slate_FSL01/P8290100.ORF
3701,77,1,slate,Tic-Tac-Toe 1,2023-09-07 REEF Data Dump/082923_Pool Calibration/082929_Slate_FSL01/P8290115.ORF,/home/chris/mnt/fishsense_data/REEF/data/2023-09-07 REEF Data Dump/082923_Pool Calibration/082929_Slate_FSL01/P8290115.ORF
3695,77,1,slate,Tic-Tac-Toe 1,2023-09-07 REEF Data Dump/082923_Pool Calibration/082929_Slate_FSL01/P8290109.ORF,/home/chris/mnt/fishsense_data/REEF/data/2023-09-07 REEF Data Dump/082923_Pool Calibration/082929_Slate_FSL01/P8290109.ORF
3716,77,1,slate,Tic-Tac-Toe 1,2023-09-07 REEF Data Dump/082923_Pool Calibration/082929_Slate_FSL01/P8290129.ORF,/home/chris/mnt/fishsense_data/REEF/data/2023-09-07 REEF Data Dump/082923_Pool Calibration/082929_Slate_FSL01/P8290129.ORF
3706,77,1,slate,Tic-Tac-Toe 1,2023-09-07 REEF Data Dump/082923_Pool Calibration/082929_Slate_FSL01/P8290120.ORF,/home/chris/mnt/fishsense_data/REEF/data/2023-09-07 REEF Data Dump/082923_Pool Calibration/082929_Slate_FSL01/P8290120.ORF
3715,77,1,slate,Tic-Tac-Toe 1,2023-09-07 REEF Data Dump/082923_Pool Calibration/082929_Slate_FSL01/P8290130.ORF,/home/chris/mnt/fishsense_data/REEF/data/2023-09-07 REEF Data Dump/082923_Pool Calibration/082929_Slate_FSL01/P8290130.ORF
3727,77,1,slate,Tic-Tac-Toe 1,2023-09-07 REEF Data Dump/082923_Pool Calibration/082929_Slate_FSL01/P8290142.ORF,/home/chris/mnt/fishsense_data/REEF/data/2023-09-07 REEF Data Dump/082923_Pool Calibration/082929_Slate_FSL01/P8290142.ORF
3633,77,1,slate,Tic-Tac-Toe 1,2023-09-07 REEF Data Dump/082923_Pool Calibration/082929_Slate_FSL01/P8290051.ORF,/home/chris/mnt/fishsense_data/REEF/data/2023-09-07 REEF Data Dump/082923_Pool Calibration/082929_Slate_FSL01/P8290051.ORF
3636,77,1,slate,Tic-Tac-Toe 1,2023-09-07 REEF Data Dump/082923_Pool Calibration/082929_Slate_FSL01/P8290047.ORF,/home/chris/mnt/fishsense_data/REEF/data/2023-09-07 REEF Data Dump/082923_Pool Calibration/082929_Slate_FSL01/P8290047.ORF
3634,77,1,slate,Tic-Tac-Toe 1,2023-09-07 REEF Data Dump/082923_Pool Calibration/082929_Slate_FSL01/P8290050.ORF,/home/chris/mnt/fishsense_data/REEF/data/2023-09-07 REEF Data Dump/082923_Pool Calibration/082929_Slate_FSL01/P8290050.ORF
3639,77,1,slate,Tic-Tac-Toe 1,2023-09-07 REEF Data Dump/082923_Pool Calibration/082929_Slate_FSL01/P8290053.ORF,/home/chris/mnt/fishsense_data/REEF/data/2023-09-07 REEF Data Dump/082923_Pool Calibration/082929_Slate_FSL01/P8290053.ORF
3647,77,1,slate,Tic-Tac-Toe 1,2023-09-07 REEF Data Dump/082923_Pool Calibration/082929_Slate_FSL01/P8290060.ORF,/home/chris/mnt/fishsense_data/REEF/data/2023-09-07 REEF Data Dump/082923_Pool Calibration/082929_Slate_FSL01/P8290060.ORF
3652,77,1,slate,Tic-Tac-Toe 1,2023-09-07 REEF Data Dump/082923_Pool Calibration/082929_Slate_FSL01/P8290067.ORF,/home/chris/mnt/fishsense_data/REEF/data/2023-09-07 REEF Data Dump/082923_Pool Calibration/082929_Slate_FSL01/P8290067.ORF
3671,77,1,slate,Tic-Tac-Toe 1,2023-09-07 REEF Data Dump/082923_Pool Calibration/082929_Slate_FSL01/P8290085.ORF,/home/chris/mnt/fishsense_data/REEF/data/2023-09-07 REEF Data Dump/082923_Pool Calibration/082929_Slate_FSL01/P8290085.ORF
3656,77,1,slate,Tic-Tac-Toe 1,2023-09-07 REEF Data Dump/082923_Pool Calibration/082929_Slate_FSL01/P8290070.ORF,/home/chris/mnt/fishsense_data/REEF/data/2023-09-07 REEF Data Dump/082923_Pool Calibration/082929_Slate_FSL01/P8290070.ORF
3673,77,1,slate,Tic-Tac-Toe 1,2023-09-07 REEF Data Dump/082923_Pool Calibration/082929_Slate_FSL01/P8290088.ORF,/home/chris/mnt/fishsense_data/REEF/data/2023-09-07 REEF Data Dump/082923_Pool Calibration/082929_Slate_FSL01/P8290088.ORF
3691,77,1,slate,Tic-Tac-Toe 1,2023-09-07 REEF Data Dump/082923_Pool Calibration/082929_Slate_FSL01/P8290108.ORF,/home/chris/mnt/fishsense_data/REEF/data/2023-09-07 REEF Data Dump/082923_Pool Calibration/082929_Slate_FSL01/P8290108.ORF
3693,77,1,slate,Tic-Tac-Toe 1,2023-09-07 REEF Data Dump/082923_Pool Calibration/082929_Slate_FSL01/P8290105.ORF,/home/chris/mnt/fishsense_data/REEF/data/2023-09-07 REEF Data Dump/082923_Pool Calibration/082929_Slate_FSL01/P8290105.ORF
3699,77,1,slate,Tic-Tac-Toe 1,2023-09-07 REEF Data Dump/082923_Pool Calibration/082929_Slate_FSL01/P8290113.ORF,/home/chris/mnt/fishsense_data/REEF/data/2023-09-07 REEF Data Dump/082923_Pool Calibration/082929_Slate_FSL01/P8290113.ORF
3704,77,1,slate,Tic-Tac-Toe 1,2023-09-07 REEF Data Dump/082923_Pool Calibration/082929_Slate_FSL01/P8290117.ORF,/home/chris/mnt/fishsense_data/REEF/data/2023-09-07 REEF Data Dump/082923_Pool Calibration/082929_Slate_FSL01/P8290117.ORF
3690,77,1,slate,Tic-Tac-Toe 1,2023-09-07 REEF Data Dump/082923_Pool Calibration/082929_Slate_FSL01/P8290104.ORF,/home/chris/mnt/fishsense_data/REEF/data/2023-09-07 REEF Data Dump/082923_Pool Calibration/082929_Slate_FSL01/P8290104.ORF
3713,77,1,slate,Tic-Tac-Toe 1,2023-09-07 REEF Data Dump/082923_Pool Calibration/082929_Slate_FSL01/P8290124.ORF,/home/chris/mnt/fishsense_data/REEF/data/2023-09-07 REEF Data Dump/082923_Pool Calibration/082929_Slate_FSL01/P8290124.ORF
3692,77,1,slate,Tic-Tac-Toe 1,2023-09-07 REEF Data Dump/082923_Pool Calibration/082929_Slate_FSL01/P8290106.ORF,/home/chris/mnt/fishsense_data/REEF/data/2023-09-07 REEF Data Dump/082923_Pool Calibration/082929_Slate_FSL01/P8290106.ORF
3718,77,1,slate,Tic-Tac-Toe 1,2023-09-07 REEF Data Dump/082923_Pool Calibration/082929_Slate_FSL01/P8290132.ORF,/home/chris/mnt/fishsense_data/REEF/data/2023-09-07 REEF Data Dump/082923_Pool Calibration/082929_Slate_FSL01/P8290132.ORF
3711,77,1,slate,Tic-Tac-Toe 1,2023-09-07 REEF Data Dump/082923_Pool Calibration/082929_Slate_FSL01/P8290125.ORF,/home/chris/mnt/fishsense_data/REEF/data/2023-09-07 REEF Data Dump/082923_Pool Calibration/082929_Slate_FSL01/P8290125.ORF
3712,77,1,slate,Tic-Tac-Toe 1,2023-09-07 REEF Data Dump/082923_Pool Calibration/082929_Slate_FSL01/P8290123.ORF,/home/chris/mnt/fishsense_data/REEF/data/2023-09-07 REEF Data Dump/082923_Pool Calibration/082929_Slate_FSL01/P8290123.ORF
3720,77,1,slate,Tic-Tac-Toe 1,2023-09-07 REEF Data Dump/082923_Pool Calibration/082929_Slate_FSL01/P8290134.ORF,/home/chris/mnt/fishsense_data/REEF/data/2023-09-07 REEF Data Dump/082923_Pool Calibration/082929_Slate_FSL01/P8290134.ORF
3675,77,1,slate,Tic-Tac-Toe 1,2023-09-07 REEF Data Dump/082923_Pool Calibration/082929_Slate_FSL01/P8290087.ORF,/home/chris/mnt/fishsense_data/REEF/data/2023-09-07 REEF Data Dump/082923_Pool Calibration/082929_Slate_FSL01/P8290087.ORF
3644,77,1,slate,Tic-Tac-Toe 1,2023-09-07 REEF Data Dump/082923_Pool Calibration/082929_Slate_FSL01/P8290057.ORF,/home/chris/mnt/fishsense_data/REEF/data/2023-09-07 REEF Data Dump/082923_Pool Calibration/082929_Slate_FSL01/P8290057.ORF
3641,77,1,slate,Tic-Tac-Toe 1,2023-09-07 REEF Data Dump/082923_Pool Calibration/082929_Slate_FSL01/P8290056.ORF,/home/chris/mnt/fishsense_data/REEF/data/2023-09-07 REEF Data Dump/082923_Pool Calibration/082929_Slate_FSL01/P8290056.ORF
3694,77,1,slate,Tic-Tac-Toe 1,2023-09-07 REEF Data Dump/082923_Pool Calibration/082929_Slate_FSL01/P8290107.ORF,/home/chris/mnt/fishsense_data/REEF/data/2023-09-07 REEF Data Dump/082923_Pool Calibration/082929_Slate_FSL01/P8290107.ORF
3719,77,1,slate,Tic-Tac-Toe 1,2023-09-07 REEF Data Dump/082923_Pool Calibration/082929_Slate_FSL01/P8290131.ORF,/home/chris/mnt/fishsense_data/REEF/data/2023-09-07 REEF Data Dump/082923_Pool Calibration/082929_Slate_FSL01/P8290131.ORF
3697,77,1,slate,Tic-Tac-Toe 1,2023-09-07 REEF Data Dump/082923_Pool Calibration/082929_Slate_FSL01/P8290110.ORF,/home/chris/mnt/fishsense_data/REEF/data/2023-09-07 REEF Data Dump/082923_Pool Calibration/082929_Slate_FSL01/P8290110.ORF
3717,77,1,slate,Tic-Tac-Toe 1,2023-09-07 REEF Data Dump/082923_Pool Calibration/082929_Slate_FSL01/P8290135.ORF,/home/chris/mnt/fishsense_data/REEF/data/2023-09-07 REEF Data Dump/082923_Pool Calibration/082929_Slate_FSL01/P8290135.ORF
3700,77,1,slate,Tic-Tac-Toe 1,2023-09-07 REEF Data Dump/082923_Pool Calibration/082929_Slate_FSL01/P8290116.ORF,/home/chris/mnt/fishsense_data/REEF/data/2023-09-07 REEF Data Dump/082923_Pool Calibration/082929_Slate_FSL01/P8290116.ORF
3698,77,1,slate,Tic-Tac-Toe 1,2023-09-07 REEF Data Dump/082923_Pool Calibration/082929_Slate_FSL01/P8290112.ORF,/home/chris/mnt/fishsense_data/REEF/data/2023-09-07 REEF Data Dump/082923_Pool Calibration/082929_Slate_FSL01/P8290112.ORF
3725,77,1,slate,Tic-Tac-Toe 1,2023-09-07 REEF Data Dump/082923_Pool Calibration/082929_Slate_FSL01/P8290138.ORF,/home/chris/mnt/fishsense_data/REEF/data/2023-09-07 REEF Data Dump/082923_Pool Calibration/082929_Slate_FSL01/P8290138.ORF
3702,77,1,slate,Tic-Tac-Toe 1,2023-09-07 REEF Data Dump/082923_Pool Calibration/082929_Slate_FSL01/P8290114.ORF,/home/chris/mnt/fishsense_data/REEF/data/2023-09-07 REEF Data Dump/082923_Pool Calibration/082929_Slate_FSL01/P8290114.ORF
3246,80,6,slate,Tic-Tac-Toe 1,2024.06.20.REEF/08_2023/082923_Pool Calibration/082929_Slate_FSL06/P8290018.ORF,/home/chris/mnt/fishsense_data/REEF/data/2024.06.20.REEF/08_2023/082923_Pool Calibration/082929_Slate_FSL06/P8290018.ORF
3259,80,6,slate,Tic-Tac-Toe 1,2024.06.20.REEF/08_2023/082923_Pool Calibration/082929_Slate_FSL06/P8290029.ORF,/home/chris/mnt/fishsense_data/REEF/data/2024.06.20.REEF/08_2023/082923_Pool Calibration/082929_Slate_FSL06/P8290029.ORF
3266,80,6,slate,Tic-Tac-Toe 1,2024.06.20.REEF/08_2023/082923_Pool Calibration/082929_Slate_FSL06/P8290035.ORF,/home/chris/mnt/fishsense_data/REEF/data/2024.06.20.REEF/08_2023/082923_Pool Calibration/082929_Slate_FSL06/P8290035.ORF
3256,80,6,slate,Tic-Tac-Toe 1,2024.06.20.REEF/08_2023/082923_Pool Calibration/082929_Slate_FSL06/P8290028.ORF,/home/chris/mnt/fishsense_data/REEF/data/2024.06.20.REEF/08_2023/082923_Pool Calibration/082929_Slate_FSL06/P8290028.ORF
3261,80,6,slate,Tic-Tac-Toe 1,2024.06.20.REEF/08_2023/082923_Pool Calibration/082929_Slate_FSL06/P8290032.ORF,/home/chris/mnt/fishsense_data/REEF/data/2024.06.20.REEF/08_2023/082923_Pool Calibration/082929_Slate_FSL06/P8290032.ORF
3268,80,6,slate,Tic-Tac-Toe 1,2024.06.20.REEF/08_2023/082923_Pool Calibration/082929_Slate_FSL06/P8290041.ORF,/home/chris/mnt/fishsense_data/REEF/data/2024.06.20.REEF/08_2023/082923_Pool Calibration/082929_Slate_FSL06/P8290041.ORF
3262,80,6,slate,Tic-Tac-Toe 1,2024.06.20.REEF/08_2023/082923_Pool Calibration/082929_Slate_FSL06/P8290033.ORF,/home/chris/mnt/fishsense_data/REEF/data/2024.06.20.REEF/08_2023/082923_Pool Calibration/082929_Slate_FSL06/P8290033.ORF
3244,80,6,slate,Tic-Tac-Toe 1,2024.06.20.REEF/08_2023/082923_Pool Calibration/082929_Slate_FSL06/P8290015.ORF,/home/chris/mnt/fishsense_data/REEF/data/2024.06.20.REEF/08_2023/082923_Pool Calibration/082929_Slate_FSL06/P8290015.ORF
3245,80,6,slate,Tic-Tac-Toe 1,2024.06.20.REEF/08_2023/082923_Pool Calibration/082929_Slate_FSL06/P8290017.ORF,/home/chris/mnt/fishsense_data/REEF/data/2024.06.20.REEF/08_2023/082923_Pool Calibration/082929_Slate_FSL06/P8290017.ORF
3250,80,6,slate,Tic-Tac-Toe 1,2024.06.20.REEF/08_2023/082923_Pool Calibration/082929_Slate_FSL06/P8290022.ORF,/home/chris/mnt/fishsense_data/REEF/data/2024.06.20.REEF/08_2023/082923_Pool Calibration/082929_Slate_FSL06/P8290022.ORF
3254,80,6,slate,Tic-Tac-Toe 1,2024.06.20.REEF/08_2023/082923_Pool Calibration/082929_Slate_FSL06/P8290023.ORF,/home/chris/mnt/fishsense_data/REEF/data/2024.06.20.REEF/08_2023/082923_Pool Calibration/082929_Slate_FSL06/P8290023.ORF
3258,80,6,slate,Tic-Tac-Toe 1,2024.06.20.REEF/08_2023/082923_Pool Calibration/082929_Slate_FSL06/P8290027.ORF,/home/chris/mnt/fishsense_data/REEF/data/2024.06.20.REEF/08_2023/082923_Pool Calibration/082929_Slate_FSL06/P8290027.ORF
3257,80,6,slate,Tic-Tac-Toe 1,2024.06.20.REEF/08_2023/082923_Pool Calibration/082929_Slate_FSL06/P8290030.ORF,/home/chris/mnt/fishsense_data/REEF/data/2024.06.20.REEF/08_2023/082923_Pool Calibration/082929_Slate_FSL06/P8290030.ORF
3247,80,6,slate,Tic-Tac-Toe 1,2024.06.20.REEF/08_2023/082923_Pool Calibration/082929_Slate_FSL06/P8290019.ORF,/home/chris/mnt/fishsense_data/REEF/data/2024.06.20.REEF/08_2023/082923_Pool Calibration/082929_Slate_FSL06/P8290019.ORF
3248,80,6,slate,Tic-Tac-Toe 1,2024.06.20.REEF/08_2023/082923_Pool Calibration/082929_Slate_FSL06/P8290016.ORF,/home/chris/mnt/fishsense_data/REEF/data/2024.06.20.REEF/08_2023/082923_Pool Calibration/082929_Slate_FSL06/P8290016.ORF
3249,80,6,slate,Tic-Tac-Toe 1,2024.06.20.REEF/08_2023/082923_Pool Calibration/082929_Slate_FSL06/P8290021.ORF,/home/chris/mnt/fishsense_data/REEF/data/2024.06.20.REEF/08_2023/082923_Pool Calibration/082929_Slate_FSL06/P8290021.ORF
3260,80,6,slate,Tic-Tac-Toe 1,2024.06.20.REEF/08_2023/082923_Pool Calibration/082929_Slate_FSL06/P8290031.ORF,/home/chris/mnt/fishsense_data/REEF/data/2024.06.20.REEF/08_2023/082923_Pool Calibration/082929_Slate_FSL06/P8290031.ORF
3277,80,6,slate,Tic-Tac-Toe 1,2024.06.20.REEF/08_2023/082923_Pool Calibration/082929_Slate_FSL06/P8290048.ORF,/home/chris/mnt/fishsense_data/REEF/data/2024.06.20.REEF/08_2023/082923_Pool Calibration/082929_Slate_FSL06/P8290048.ORF
3278,80,6,slate,Tic-Tac-Toe 1,2024.06.20.REEF/08_2023/082923_Pool Calibration/082929_Slate_FSL06/P8290050.ORF,/home/chris/mnt/fishsense_data/REEF/data/2024.06.20.REEF/08_2023/082923_Pool Calibration/082929_Slate_FSL06/P8290050.ORF
3269,80,6,slate,Tic-Tac-Toe 1,2024.06.20.REEF/08_2023/082923_Pool Calibration/082929_Slate_FSL06/P8290042.ORF,/home/chris/mnt/fishsense_data/REEF/data/2024.06.20.REEF/08_2023/082923_Pool Calibration/082929_Slate_FSL06/P8290042.ORF
3276,80,6,slate,Tic-Tac-Toe 1,2024.06.20.REEF/08_2023/082923_Pool Calibration/082929_Slate_FSL06/P8290047.ORF,/home/chris/mnt/fishsense_data/REEF/data/2024.06.20.REEF/08_2023/082923_Pool Calibration/082929_Slate_FSL06/P8290047.ORF
3285,80,6,slate,Tic-Tac-Toe 1,2024.06.20.REEF/08_2023/082923_Pool Calibration/082929_Slate_FSL06/P8290056.ORF,/home/chris/mnt/fishsense_data/REEF/data/2024.06.20.REEF/08_2023/082923_Pool Calibration/082929_Slate_FSL06/P8290056.ORF
3264,80,6,slate,Tic-Tac-Toe 1,2024.06.20.REEF/08_2023/082923_Pool Calibration/082929_Slate_FSL06/P8290038.ORF,/home/chris/mnt/fishsense_data/REEF/data/2024.06.20.REEF/08_2023/082923_Pool Calibration/082929_Slate_FSL06/P8290038.ORF
3284,80,6,slate,Tic-Tac-Toe 1,2024.06.20.REEF/08_2023/082923_Pool Calibration/082929_Slate_FSL06/P8290054.ORF,/home/chris/mnt/fishsense_data/REEF/data/2024.06.20.REEF/08_2023/082923_Pool Calibration/082929_Slate_FSL06/P8290054.ORF
3290,80,6,slate,Tic-Tac-Toe 1,2024.06.20.REEF/08_2023/082923_Pool Calibration/082929_Slate_FSL06/P8290061.ORF,/home/chris/mnt/fishsense_data/REEF/data/2024.06.20.REEF/08_2023/082923_Pool Calibration/082929_Slate_FSL06/P8290061.ORF
3267,80,6,slate,Tic-Tac-Toe 1,2024.06.20.REEF/08_2023/082923_Pool Calibration/082929_Slate_FSL06/P8290037.ORF,/home/chris/mnt/fishsense_data/REEF/data/2024.06.20.REEF/08_2023/082923_Pool Calibration/082929_Slate_FSL06/P8290037.ORF
3270,80,6,slate,Tic-Tac-Toe 1,2024.06.20.REEF/08_2023/082923_Pool Calibration/082929_Slate_FSL06/P8290040.ORF,/home/chris/mnt/fishsense_data/REEF/data/2024.06.20.REEF/08_2023/082923_Pool Calibration/082929_Slate_FSL06/P8290040.ORF
3286,80,6,slate,Tic-Tac-Toe 1,2024.06.20.REEF/08_2023/082923_Pool Calibration/082929_Slate_FSL06/P8290060.ORF,/home/chris/mnt/fishsense_data/REEF/data/2024.06.20.REEF/08_2023/082923_Pool Calibration/082929_Slate_FSL06/P8290060.ORF
3271,80,6,slate,Tic-Tac-Toe 1,2024.06.20.REEF/08_2023/082923_Pool Calibration/082929_Slate_FSL06/P8290039.ORF,/home/chris/mnt/fishsense_data/REEF/data/2024.06.20.REEF/08_2023/082923_Pool Calibration/082929_Slate_FSL06/P8290039.ORF
3289,80,6,slate,Tic-Tac-Toe 1,2024.06.20.REEF/08_2023/082923_Pool Calibration/082929_Slate_FSL06/P8290057.ORF,/home/chris/mnt/fishsense_data/REEF/data/2024.06.20.REEF/08_2023/082923_Pool Calibration/082929_Slate_FSL06/P8290057.ORF
3263,80,6,slate,Tic-Tac-Toe 1,2024.06.20.REEF/08_2023/082923_Pool Calibration/082929_Slate_FSL06/P8290034.ORF,/home/chris/mnt/fishsense_data/REEF/data/2024.06.20.REEF/08_2023/082923_Pool Calibration/082929_Slate_FSL06/P8290034.ORF
3265,80,6,slate,Tic-Tac-Toe 1,2024.06.20.REEF/08_2023/082923_Pool Calibration/082929_Slate_FSL06/P8290036.ORF,/home/chris/mnt/fishsense_data/REEF/data/2024.06.20.REEF/08_2023/082923_Pool Calibration/082929_Slate_FSL06/P8290036.ORF
3171,83,10,slate,Tic-Tac-Toe 1,2024.06.20.REEF/08_2023/082923_Pool Calibration/082929_Slate_FSL07/P8290043.ORF,/home/chris/mnt/fishsense_data/REEF/data/2024.06.20.REEF/08_2023/082923_Pool Calibration/082929_Slate_FSL07/P8290043.ORF
3172,83,10,slate,Tic-Tac-Toe 1,2024.06.20.REEF/08_2023/082923_Pool Calibration/082929_Slate_FSL07/P8290044.ORF,/home/chris/mnt/fishsense_data/REEF/data/2024.06.20.REEF/08_2023/082923_Pool Calibration/082929_Slate_FSL07/P8290044.ORF
3153,83,10,slate,Tic-Tac-Toe 1,2024.06.20.REEF/08_2023/082923_Pool Calibration/082929_Slate_FSL07/P8290025.ORF,/home/chris/mnt/fishsense_data/REEF/data/2024.06.20.REEF/08_2023/082923_Pool Calibration/082929_Slate_FSL07/P8290025.ORF
3147,83,10,slate,Tic-Tac-Toe 1,2024.06.20.REEF/08_2023/082923_Pool Calibration/082929_Slate_FSL07/P8290019.ORF,/home/chris/mnt/fishsense_data/REEF/data/2024.06.20.REEF/08_2023/082923_Pool Calibration/082929_Slate_FSL07/P8290019.ORF
3162,83,10,slate,Tic-Tac-Toe 1,2024.06.20.REEF/08_2023/082923_Pool Calibration/082929_Slate_FSL07/P8290034.ORF,/home/chris/mnt/fishsense_data/REEF/data/2024.06.20.REEF/08_2023/082923_Pool Calibration/082929_Slate_FSL07/P8290034.ORF
3168,83,10,slate,Tic-Tac-Toe 1,2024.06.20.REEF/08_2023/082923_Pool Calibration/082929_Slate_FSL07/P8290040.ORF,/home/chris/mnt/fishsense_data/REEF/data/2024.06.20.REEF/08_2023/082923_Pool Calibration/082929_Slate_FSL07/P8290040.ORF
3163,83,10,slate,Tic-Tac-Toe 1,2024.06.20.REEF/08_2023/082923_Pool Calibration/082929_Slate_FSL07/P8290035.ORF,/home/chris/mnt/fishsense_data/REEF/data/2024.06.20.REEF/08_2023/082923_Pool Calibration/082929_Slate_FSL07/P8290035.ORF
3167,83,10,slate,Tic-Tac-Toe 1,2024.06.20.REEF/08_2023/082923_Pool Calibration/082929_Slate_FSL07/P8290038.ORF,/home/chris/mnt/fishsense_data/REEF/data/2024.06.20.REEF/08_2023/082923_Pool Calibration/082929_Slate_FSL07/P8290038.ORF
3151,83,10,slate,Tic-Tac-Toe 1,2024.06.20.REEF/08_2023/082923_Pool Calibration/082929_Slate_FSL07/P8290024.ORF,/home/chris/mnt/fishsense_data/REEF/data/2024.06.20.REEF/08_2023/082923_Pool Calibration/082929_Slate_FSL07/P8290024.ORF
3160,83,10,slate,Tic-Tac-Toe 1,2024.06.20.REEF/08_2023/082923_Pool Calibration/082929_Slate_FSL07/P8290032.ORF,/home/chris/mnt/fishsense_data/REEF/data/2024.06.20.REEF/08_2023/082923_Pool Calibration/082929_Slate_FSL07/P8290032.ORF
3161,83,10,slate,Tic-Tac-Toe 1,2024.06.20.REEF/08_2023/082923_Pool Calibration/082929_Slate_FSL07/P8290033.ORF,/home/chris/mnt/fishsense_data/REEF/data/2024.06.20.REEF/08_2023/082923_Pool Calibration/082929_Slate_FSL07/P8290033.ORF
3150,83,10,slate,Tic-Tac-Toe 1,2024.06.20.REEF/08_2023/082923_Pool Calibration/082929_Slate_FSL07/P8290022.ORF,/home/chris/mnt/fishsense_data/REEF/data/2024.06.20.REEF/08_2023/082923_Pool Calibration/082929_Slate_FSL07/P8290022.ORF
3154,83,10,slate,Tic-Tac-Toe 1,2024.06.20.REEF/08_2023/082923_Pool Calibration/082929_Slate_FSL07/P8290026.ORF,/home/chris/mnt/fishsense_data/REEF/data/2024.06.20.REEF/08_2023/082923_Pool Calibration/082929_Slate_FSL07/P8290026.ORF
3156,83,10,slate,Tic-Tac-Toe 1,2024.06.20.REEF/08_2023/082923_Pool Calibration/082929_Slate_FSL07/P8290031.ORF,/home/chris/mnt/fishsense_data/REEF/data/2024.06.20.REEF/08_2023/082923_Pool Calibration/082929_Slate_FSL07/P8290031.ORF
3177,83,10,slate,Tic-Tac-Toe 1,2024.06.20.REEF/08_2023/082923_Pool Calibration/082929_Slate_FSL07/P8290049.ORF,/home/chris/mnt/fishsense_data/REEF/data/2024.06.20.REEF/08_2023/082923_Pool Calibration/082929_Slate_FSL07/P8290049.ORF
3176,83,10,slate,Tic-Tac-Toe 1,2024.06.20.REEF/08_2023/082923_Pool Calibration/082929_Slate_FSL07/P8290048.ORF,/home/chris/mnt/fishsense_data/REEF/data/2024.06.20.REEF/08_2023/082923_Pool Calibration/082929_Slate_FSL07/P8290048.ORF
3149,83,10,slate,Tic-Tac-Toe 1,2024.06.20.REEF/08_2023/082923_Pool Calibration/082929_Slate_FSL07/P8290020.ORF,/home/chris/mnt/fishsense_data/REEF/data/2024.06.20.REEF/08_2023/082923_Pool Calibration/082929_Slate_FSL07/P8290020.ORF
3145,83,10,slate,Tic-Tac-Toe 1,2024.06.20.REEF/08_2023/082923_Pool Calibration/082929_Slate_FSL07/P8290018.ORF,/home/chris/mnt/fishsense_data/REEF/data/2024.06.20.REEF/08_2023/082923_Pool Calibration/082929_Slate_FSL07/P8290018.ORF
3158,83,10,slate,Tic-Tac-Toe 1,2024.06.20.REEF/08_2023/082923_Pool Calibration/082929_Slate_FSL07/P8290028.ORF,/home/chris/mnt/fishsense_data/REEF/data/2024.06.20.REEF/08_2023/082923_Pool Calibration/082929_Slate_FSL07/P8290028.ORF
3148,83,10,slate,Tic-Tac-Toe 1,2024.06.20.REEF/08_2023/082923_Pool Calibration/082929_Slate_FSL07/P8290021.ORF,/home/chris/mnt/fishsense_data/REEF/data/2024.06.20.REEF/08_2023/082923_Pool Calibration/082929_Slate_FSL07/P8290021.ORF
3157,83,10,slate,Tic-Tac-Toe 1,2024.06.20.REEF/08_2023/082923_Pool Calibration/082929_Slate_FSL07/P8290030.ORF,/home/chris/mnt/fishsense_data/REEF/data/2024.06.20.REEF/08_2023/082923_Pool Calibration/082929_Slate_FSL07/P8290030.ORF
3159,83,10,slate,Tic-Tac-Toe 1,2024.06.20.REEF/08_2023/082923_Pool Calibration/082929_Slate_FSL07/P8290027.ORF,/home/chris/mnt/fishsense_data/REEF/data/2024.06.20.REEF/08_2023/082923_Pool Calibration/082929_Slate_FSL07/P8290027.ORF
3164,83,10,slate,Tic-Tac-Toe 1,2024.06.20.REEF/08_2023/082923_Pool Calibration/082929_Slate_FSL07/P8290036.ORF,/home/chris/mnt/fishsense_data/REEF/data/2024.06.20.REEF/08_2023/082923_Pool Calibration/082929_Slate_FSL07/P8290036.ORF
3155,83,10,slate,Tic-Tac-Toe 1,2024.06.20.REEF/08_2023/082923_Pool Calibration/082929_Slate_FSL07/P8290029.ORF,/home/chris/mnt/fishsense_data/REEF/data/2024.06.20.REEF/08_2023/082923_Pool Calibration/082929_Slate_FSL07/P8290029.ORF
3166,83,10,slate,Tic-Tac-Toe 1,2024.06.20.REEF/08_2023/082923_Pool Calibration/082929_Slate_FSL07/P8290039.ORF,/home/chris/mnt/fishsense_data/REEF/data/2024.06.20.REEF/08_2023/082923_Pool Calibration/082929_Slate_FSL07/P8290039.ORF
3165,83,10,slate,Tic-Tac-Toe 1,2024.06.20.REEF/08_2023/082923_Pool Calibration/082929_Slate_FSL07/P8290037.ORF,/home/chris/mnt/fishsense_data/REEF/data/2024.06.20.REEF/08_2023/082923_Pool Calibration/082929_Slate_FSL07/P8290037.ORF
15833,114,1,slate,Tic-Tac-Toe 1,2023-09-07 REEF Data Dump/083123_Fish Degree Angle Tests/083123_Fish Degree Angle Test_FSL-01/P8310004.ORF,/home/chris/mnt/fishsense_data/REEF/data/2023-09-07 REEF Data Dump/083123_Fish Degree Angle Tests/083123_Fish Degree Angle Test_FSL-01/P8310004.ORF
15834,114,1,slate,Tic-Tac-Toe 1,2023-09-07 REEF Data Dump/083123_Fish Degree Angle Tests/083123_Fish Degree Angle Test_FSL-01/P8310005.ORF,/home/chris/mnt/fishsense_data/REEF/data/2023-09-07 REEF Data Dump/083123_Fish Degree Angle Tests/083123_Fish Degree Angle Test_FSL-01/P8310005.ORF
15832,114,1,slate,Tic-Tac-Toe 1,2023-09-07 REEF Data Dump/083123_Fish Degree Angle Tests/083123_Fish Degree Angle Test_FSL-01/P8310003.ORF,/home/chris/mnt/fishsense_data/REEF/data/2023-09-07 REEF Data Dump/083123_Fish Degree Angle Tests/083123_Fish Degree Angle Test_FSL-01/P8310003.ORF
15830,114,1,slate,Tic-Tac-Toe 1,2023-09-07 REEF Data Dump/083123_Fish Degree Angle Tests/083123_Fish Degree Angle Test_FSL-01/P8310002.ORF,/home/chris/mnt/fishsense_data/REEF/data/2023-09-07 REEF Data Dump/083123_Fish Degree Angle Tests/083123_Fish Degree Angle Test_FSL-01/P8310002.ORF
16036,114,1,slate,Tic-Tac-Toe 1,2023-09-07 REEF Data Dump/083123_Fish Degree Angle Tests/083123_Fish Degree Angle Test_FSL-01/P8310411.ORF,/home/chris/mnt/fishsense_data/REEF/data/2023-09-07 REEF Data Dump/083123_Fish Degree Angle Tests/083123_Fish Degree Angle Test_FSL-01/P8310411.ORF
16046,114,1,slate,Tic-Tac-Toe 1,2023-09-07 REEF Data Dump/083123_Fish Degree Angle Tests/083123_Fish Degree Angle Test_FSL-01/P8310422.ORF,/home/chris/mnt/fishsense_data/REEF/data/2023-09-07 REEF Data Dump/083123_Fish Degree Angle Tests/083123_Fish Degree Angle Test_FSL-01/P8310422.ORF
15842,114,1,slate,Tic-Tac-Toe 1,2023-09-07 REEF Data Dump/083123_Fish Degree Angle Tests/083123_Fish Degree Angle Test_FSL-01/P8310014.ORF,/home/chris/mnt/fishsense_data/REEF/data/2023-09-07 REEF Data Dump/083123_Fish Degree Angle Tests/083123_Fish Degree Angle Test_FSL-01/P8310014.ORF
15840,114,1,slate,Tic-Tac-Toe 1,2023-09-07 REEF Data Dump/083123_Fish Degree Angle Tests/083123_Fish Degree Angle Test_FSL-01/P8310009.ORF,/home/chris/mnt/fishsense_data/REEF/data/2023-09-07 REEF Data Dump/083123_Fish Degree Angle Tests/083123_Fish Degree Angle Test_FSL-01/P8310009.ORF
15841,114,1,slate,Tic-Tac-Toe 1,2023-09-07 REEF Data Dump/083123_Fish Degree Angle Tests/083123_Fish Degree Angle Test_FSL-01/P8310012.ORF,/home/chris/mnt/fishsense_data/REEF/data/2023-09-07 REEF Data Dump/083123_Fish Degree Angle Tests/083123_Fish Degree Angle Test_FSL-01/P8310012.ORF
15839,114,1,slate,Tic-Tac-Toe 1,2023-09-07 REEF Data Dump/083123_Fish Degree Angle Tests/083123_Fish Degree Angle Test_FSL-01/P8310011.ORF,/home/chris/mnt/fishsense_data/REEF/data/2023-09-07 REEF Data Dump/083123_Fish Degree Angle Tests/083123_Fish Degree Angle Test_FSL-01/P8310011.ORF
16031,114,1,slate,Tic-Tac-Toe 1,2023-09-07 REEF Data Dump/083123_Fish Degree Angle Tests/083123_Fish Degree Angle Test_FSL-01/P8310409.ORF,/home/chris/mnt/fishsense_data/REEF/data/2023-09-07 REEF Data Dump/083123_Fish Degree Angle Tests/083123_Fish Degree Angle Test_FSL-01/P8310409.ORF
15843,114,1,slate,Tic-Tac-Toe 1,2023-09-07 REEF Data Dump/083123_Fish Degree Angle Tests/083123_Fish Degree Angle Test_FSL-01/P8310015.ORF,/home/chris/mnt/fishsense_data/REEF/data/2023-09-07 REEF Data Dump/083123_Fish Degree Angle Tests/083123_Fish Degree Angle Test_FSL-01/P8310015.ORF
15835,114,1,slate,Tic-Tac-Toe 1,2023-09-07 REEF Data Dump/083123_Fish Degree Angle Tests/083123_Fish Degree Angle Test_FSL-01/P8310006.ORF,/home/chris/mnt/fishsense_data/REEF/data/2023-09-07 REEF Data Dump/083123_Fish Degree Angle Tests/083123_Fish Degree Angle Test_FSL-01/P8310006.ORF
15845,114,1,slate,Tic-Tac-Toe 1,2023-09-07 REEF Data Dump/083123_Fish Degree Angle Tests/083123_Fish Degree Angle Test_FSL-01/P8310016.ORF,/home/chris/mnt/fishsense_data/REEF/data/2023-09-07 REEF Data Dump/083123_Fish Degree Angle Tests/083123_Fish Degree Angle Test_FSL-01/P8310016.ORF
15844,114,1,slate,Tic-Tac-Toe 1,2023-09-07 REEF Data Dump/083123_Fish Degree Angle Tests/083123_Fish Degree Angle Test_FSL-01/P8310013.ORF,/home/chris/mnt/fishsense_data/REEF/data/2023-09-07 REEF Data Dump/083123_Fish Degree Angle Tests/083123_Fish Degree Angle Test_FSL-01/P8310013.ORF
16033,114,1,slate,Tic-Tac-Toe 1,2023-09-07 REEF Data Dump/083123_Fish Degree Angle Tests/083123_Fish Degree Angle Test_FSL-01/P8310414.ORF,/home/chris/mnt/fishsense_data/REEF/data/2023-09-07 REEF Data Dump/083123_Fish Degree Angle Tests/083123_Fish Degree Angle Test_FSL-01/P8310414.ORF
16038,114,1,slate,Tic-Tac-Toe 1,2023-09-07 REEF Data Dump/083123_Fish Degree Angle Tests/083123_Fish Degree Angle Test_FSL-01/P8310416.ORF,/home/chris/mnt/fishsense_data/REEF/data/2023-09-07 REEF Data Dump/083123_Fish Degree Angle Tests/083123_Fish Degree Angle Test_FSL-01/P8310416.ORF
16034,114,1,slate,Tic-Tac-Toe 1,2023-09-07 REEF Data Dump/083123_Fish Degree Angle Tests/083123_Fish Degree Angle Test_FSL-01/P8310413.ORF,/home/chris/mnt/fishsense_data/REEF/data/2023-09-07 REEF Data Dump/083123_Fish Degree Angle Tests/083123_Fish Degree Angle Test_FSL-01/P8310413.ORF
16043,114,1,slate,Tic-Tac-Toe 1,2023-09-07 REEF Data Dump/083123_Fish Degree Angle Tests/083123_Fish Degree Angle Test_FSL-01/P8310420.ORF,/home/chris/mnt/fishsense_data/REEF/data/2023-09-07 REEF Data Dump/083123_Fish Degree Angle Tests/083123_Fish Degree Angle Test_FSL-01/P8310420.ORF
16039,114,1,slate,Tic-Tac-Toe 1,2023-09-07 REEF Data Dump/083123_Fish Degree Angle Tests/083123_Fish Degree Angle Test_FSL-01/P8310418.ORF,/home/chris/mnt/fishsense_data/REEF/data/2023-09-07 REEF Data Dump/083123_Fish Degree Angle Tests/083123_Fish Degree Angle Test_FSL-01/P8310418.ORF
16041,114,1,slate,Tic-Tac-Toe 1,2023-09-07 REEF Data Dump/083123_Fish Degree Angle Tests/083123_Fish Degree Angle Test_FSL-01/P8310419.ORF,/home/chris/mnt/fishsense_data/REEF/data/2023-09-07 REEF Data Dump/083123_Fish Degree Angle Tests/083123_Fish Degree Angle Test_FSL-01/P8310419.ORF
16044,114,1,slate,Tic-Tac-Toe 1,2023-09-07 REEF Data Dump/083123_Fish Degree Angle Tests/083123_Fish Degree Angle Test_FSL-01/P8310424.ORF,/home/chris/mnt/fishsense_data/REEF/data/2023-09-07 REEF Data Dump/083123_Fish Degree Angle Tests/083123_Fish Degree Angle Test_FSL-01/P8310424.ORF
16035,114,1,slate,Tic-Tac-Toe 1,2023-09-07 REEF Data Dump/083123_Fish Degree Angle Tests/083123_Fish Degree Angle Test_FSL-01/P8310412.ORF,/home/chris/mnt/fishsense_data/REEF/data/2023-09-07 REEF Data Dump/083123_Fish Degree Angle Tests/083123_Fish Degree Angle Test_FSL-01/P8310412.ORF
16040,114,1,slate,Tic-Tac-Toe 1,2023-09-07 REEF Data Dump/083123_Fish Degree Angle Tests/083123_Fish Degree Angle Test_FSL-01/P8310417.ORF,/home/chris/mnt/fishsense_data/REEF/data/2023-09-07 REEF Data Dump/083123_Fish Degree Angle Tests/083123_Fish Degree Angle Test_FSL-01/P8310417.ORF
16037,114,1,slate,Tic-Tac-Toe 1,2023-09-07 REEF Data Dump/083123_Fish Degree Angle Tests/083123_Fish Degree Angle Test_FSL-01/P8310415.ORF,/home/chris/mnt/fishsense_data/REEF/data/2023-09-07 REEF Data Dump/083123_Fish Degree Angle Tests/083123_Fish Degree Angle Test_FSL-01/P8310415.ORF
16042,114,1,slate,Tic-Tac-Toe 1,2023-09-07 REEF Data Dump/083123_Fish Degree Angle Tests/083123_Fish Degree Angle Test_FSL-01/P8310421.ORF,/home/chris/mnt/fishsense_data/REEF/data/2023-09-07 REEF Data Dump/083123_Fish Degree Angle Tests/083123_Fish Degree Angle Test_FSL-01/P8310421.ORF
16045,114,1,slate,Tic-Tac-Toe 1,2023-09-07 REEF Data Dump/083123_Fish Degree Angle Tests/083123_Fish Degree Angle Test_FSL-01/P8310423.ORF,/home/chris/mnt/fishsense_data/REEF/data/2023-09-07 REEF Data Dump/083123_Fish Degree Angle Tests/083123_Fish Degree Angle Test_FSL-01/P8310423.ORF
15838,114,1,slate,Tic-Tac-Toe 1,2023-09-07 REEF Data Dump/083123_Fish Degree Angle Tests/083123_Fish Degree Angle Test_FSL-01/P8310010.ORF,/home/chris/mnt/fishsense_data/REEF/data/2023-09-07 REEF Data Dump/083123_Fish Degree Angle Tests/083123_Fish Degree Angle Test_FSL-01/P8310010.ORF
15837,114,1,slate,Tic-Tac-Toe 1,2023-09-07 REEF Data Dump/083123_Fish Degree Angle Tests/083123_Fish Degree Angle Test_FSL-01/P8310008.ORF,/home/chris/mnt/fishsense_data/REEF/data/2023-09-07 REEF Data Dump/083123_Fish Degree Angle Tests/083123_Fish Degree Angle Test_FSL-01/P8310008.ORF
132793,505,10,checkerboard,,/fishsense_data/__unsorted-data/2023.08.14.FishSense.Host01s Pool/ED-00/FSL-07D/LaserCalibration/P8140047.ORF,/home/chris/mnt/fishsense_data/__unsorted-data/2023.08.14.FishSense.Host01s Pool/ED-00/FSL-07D/LaserCalibration/P8140047.ORF
132789,505,10,checkerboard,,/fishsense_data/__unsorted-data/2023.08.14.FishSense.Host01s Pool/ED-00/FSL-07D/LaserCalibration/P8140043.ORF,/home/chris/mnt/fishsense_data/__unsorted-data/2023.08.14.FishSense.Host01s Pool/ED-00/FSL-07D/LaserCalibration/P8140043.ORF
132750,505,10,checkerboard,,/fishsense_data/__unsorted-data/2023.08.14.FishSense.Host01s Pool/ED-00/FSL-07D/LaserCalibration/P8140004.ORF,/home/chris/mnt/fishsense_data/__unsorted-data/2023.08.14.FishSense.Host01s Pool/ED-00/FSL-07D/LaserCalibration/P8140004.ORF
132755,505,10,checkerboard,,/fishsense_data/__unsorted-data/2023.08.14.FishSense.Host01s Pool/ED-00/FSL-07D/LaserCalibration/P8140009.ORF,/home/chris/mnt/fishsense_data/__unsorted-data/2023.08.14.FishSense.Host01s Pool/ED-00/FSL-07D/LaserCalibration/P8140009.ORF
132769,505,10,checkerboard,,/fishsense_data/__unsorted-data/2023.08.14.FishSense.Host01s Pool/ED-00/FSL-07D/LaserCalibration/P8140023.ORF,/home/chris/mnt/fishsense_data/__unsorted-data/2023.08.14.FishSense.Host01s Pool/ED-00/FSL-07D/LaserCalibration/P8140023.ORF
132765,505,10,checkerboard,,/fishsense_data/__unsorted-data/2023.08.14.FishSense.Host01s Pool/ED-00/FSL-07D/LaserCalibration/P8140019.ORF,/home/chris/mnt/fishsense_data/__unsorted-data/2023.08.14.FishSense.Host01s Pool/ED-00/FSL-07D/LaserCalibration/P8140019.ORF
132748,505,10,checkerboard,,/fishsense_data/__unsorted-data/2023.08.14.FishSense.Host01s Pool/ED-00/FSL-07D/LaserCalibration/P8140002.ORF,/home/chris/mnt/fishsense_data/__unsorted-data/2023.08.14.FishSense.Host01s Pool/ED-00/FSL-07D/LaserCalibration/P8140002.ORF
132781,505,10,checkerboard,,/fishsense_data/__unsorted-data/2023.08.14.FishSense.Host01s Pool/ED-00/FSL-07D/LaserCalibration/P8140035.ORF,/home/chris/mnt/fishsense_data/__unsorted-data/2023.08.14.FishSense.Host01s Pool/ED-00/FSL-07D/LaserCalibration/P8140035.ORF
132756,505,10,checkerboard,,/fishsense_data/__unsorted-data/2023.08.14.FishSense.Host01s Pool/ED-00/FSL-07D/LaserCalibration/P8140010.ORF,/home/chris/mnt/fishsense_data/__unsorted-data/2023.08.14.FishSense.Host01s Pool/ED-00/FSL-07D/LaserCalibration/P8140010.ORF
132752,505,10,checkerboard,,/fishsense_data/__unsorted-data/2023.08.14.FishSense.Host01s Pool/ED-00/FSL-07D/LaserCalibration/P8140006.ORF,/home/chris/mnt/fishsense_data/__unsorted-data/2023.08.14.FishSense.Host01s Pool/ED-00/FSL-07D/LaserCalibration/P8140006.ORF
132790,505,10,checkerboard,,/fishsense_data/__unsorted-data/2023.08.14.FishSense.Host01s Pool/ED-00/FSL-07D/LaserCalibration/P8140044.ORF,/home/chris/mnt/fishsense_data/__unsorted-data/2023.08.14.FishSense.Host01s Pool/ED-00/FSL-07D/LaserCalibration/P8140044.ORF
132757,505,10,checkerboard,,/fishsense_data/__unsorted-data/2023.08.14.FishSense.Host01s Pool/ED-00/FSL-07D/LaserCalibration/P8140011.ORF,/home/chris/mnt/fishsense_data/__unsorted-data/2023.08.14.FishSense.Host01s Pool/ED-00/FSL-07D/LaserCalibration/P8140011.ORF
132759,505,10,checkerboard,,/fishsense_data/__unsorted-data/2023.08.14.FishSense.Host01s Pool/ED-00/FSL-07D/LaserCalibration/P8140013.ORF,/home/chris/mnt/fishsense_data/__unsorted-data/2023.08.14.FishSense.Host01s Pool/ED-00/FSL-07D/LaserCalibration/P8140013.ORF
132791,505,10,checkerboard,,/fishsense_data/__unsorted-data/2023.08.14.FishSense.Host01s Pool/ED-00/FSL-07D/LaserCalibration/P8140045.ORF,/home/chris/mnt/fishsense_data/__unsorted-data/2023.08.14.FishSense.Host01s Pool/ED-00/FSL-07D/LaserCalibration/P8140045.ORF
132754,505,10,checkerboard,,/fishsense_data/__unsorted-data/2023.08.14.FishSense.Host01s Pool/ED-00/FSL-07D/LaserCalibration/P8140008.ORF,/home/chris/mnt/fishsense_data/__unsorted-data/2023.08.14.FishSense.Host01s Pool/ED-00/FSL-07D/LaserCalibration/P8140008.ORF
132778,505,10,checkerboard,,/fishsense_data/__unsorted-data/2023.08.14.FishSense.Host01s Pool/ED-00/FSL-07D/LaserCalibration/P8140032.ORF,/home/chris/mnt/fishsense_data/__unsorted-data/2023.08.14.FishSense.Host01s Pool/ED-00/FSL-07D/LaserCalibration/P8140032.ORF
132792,505,10,checkerboard,,/fishsense_data/__unsorted-data/2023.08.14.FishSense.Host01s Pool/ED-00/FSL-07D/LaserCalibration/P8140046.ORF,/home/chris/mnt/fishsense_data/__unsorted-data/2023.08.14.FishSense.Host01s Pool/ED-00/FSL-07D/LaserCalibration/P8140046.ORF
132784,505,10,checkerboard,,/fishsense_data/__unsorted-data/2023.08.14.FishSense.Host01s Pool/ED-00/FSL-07D/LaserCalibration/P8140038.ORF,/home/chris/mnt/fishsense_data/__unsorted-data/2023.08.14.FishSense.Host01s Pool/ED-00/FSL-07D/LaserCalibration/P8140038.ORF
132751,505,10,checkerboard,,/fishsense_data/__unsorted-data/2023.08.14.FishSense.Host01s Pool/ED-00/FSL-07D/LaserCalibration/P8140005.ORF,/home/chris/mnt/fishsense_data/__unsorted-data/2023.08.14.FishSense.Host01s Pool/ED-00/FSL-07D/LaserCalibration/P8140005.ORF
132764,505,10,checkerboard,,/fishsense_data/__unsorted-data/2023.08.14.FishSense.Host01s Pool/ED-00/FSL-07D/LaserCalibration/P8140018.ORF,/home/chris/mnt/fishsense_data/__unsorted-data/2023.08.14.FishSense.Host01s Pool/ED-00/FSL-07D/LaserCalibration/P8140018.ORF
132786,505,10,checkerboard,,/fishsense_data/__unsorted-data/2023.08.14.FishSense.Host01s Pool/ED-00/FSL-07D/LaserCalibration/P8140040.ORF,/home/chris/mnt/fishsense_data/__unsorted-data/2023.08.14.FishSense.Host01s Pool/ED-00/FSL-07D/LaserCalibration/P8140040.ORF
132772,505,10,checkerboard,,/fishsense_data/__unsorted-data/2023.08.14.FishSense.Host01s Pool/ED-00/FSL-07D/LaserCalibration/P8140026.ORF,/home/chris/mnt/fishsense_data/__unsorted-data/2023.08.14.FishSense.Host01s Pool/ED-00/FSL-07D/LaserCalibration/P8140026.ORF
132776,505,10,checkerboard,,/fishsense_data/__unsorted-data/2023.08.14.FishSense.Host01s Pool/ED-00/FSL-07D/LaserCalibration/P8140030.ORF,/home/chris/mnt/fishsense_data/__unsorted-data/2023.08.14.FishSense.Host01s Pool/ED-00/FSL-07D/LaserCalibration/P8140030.ORF
132788,505,10,checkerboard,,/fishsense_data/__unsorted-data/2023.08.14.FishSense.Host01s Pool/ED-00/FSL-07D/LaserCalibration/P8140042.ORF,/home/chris/mnt/fishsense_data/__unsorted-data/2023.08.14.FishSense.Host01s Pool/ED-00/FSL-07D/LaserCalibration/P8140042.ORF
132785,505,10,checkerboard,,/fishsense_data/__unsorted-data/2023.08.14.FishSense.Host01s Pool/ED-00/FSL-07D/LaserCalibration/P8140039.ORF,/home/chris/mnt/fishsense_data/__unsorted-data/2023.08.14.FishSense.Host01s Pool/ED-00/FSL-07D/LaserCalibration/P8140039.ORF
132763,505,10,checkerboard,,/fishsense_data/__unsorted-data/2023.08.14.FishSense.Host01s Pool/ED-00/FSL-07D/LaserCalibration/P8140017.ORF,/home/chris/mnt/fishsense_data/__unsorted-data/2023.08.14.FishSense.Host01s Pool/ED-00/FSL-07D/LaserCalibration/P8140017.ORF
132749,505,10,checkerboard,,/fishsense_data/__unsorted-data/2023.08.14.FishSense.Host01s Pool/ED-00/FSL-07D/LaserCalibration/P8140003.ORF,/home/chris/mnt/fishsense_data/__unsorted-data/2023.08.14.FishSense.Host01s Pool/ED-00/FSL-07D/LaserCalibration/P8140003.ORF
132766,505,10,checkerboard,,/fishsense_data/__unsorted-data/2023.08.14.FishSense.Host01s Pool/ED-00/FSL-07D/LaserCalibration/P8140020.ORF,/home/chris/mnt/fishsense_data/__unsorted-data/2023.08.14.FishSense.Host01s Pool/ED-00/FSL-07D/LaserCalibration/P8140020.ORF
132779,505,10,checkerboard,,/fishsense_data/__unsorted-data/2023.08.14.FishSense.Host01s Pool/ED-00/FSL-07D/LaserCalibration/P8140033.ORF,/home/chris/mnt/fishsense_data/__unsorted-data/2023.08.14.FishSense.Host01s Pool/ED-00/FSL-07D/LaserCalibration/P8140033.ORF
132777,505,10,checkerboard,,/fishsense_data/__unsorted-data/2023.08.14.FishSense.Host01s Pool/ED-00/FSL-07D/LaserCalibration/P8140031.ORF,/home/chris/mnt/fishsense_data/__unsorted-data/2023.08.14.FishSense.Host01s Pool/ED-00/FSL-07D/LaserCalibration/P8140031.ORF
131972,489,2,checkerboard,,/fishsense_data/__unsorted-data/2023.08.14.FishSense.Host01s Pool/ED-00/FSL-02D/LaserCalibration2/P8140117.ORF,/home/chris/mnt/fishsense_data/__unsorted-data/2023.08.14.FishSense.Host01s Pool/ED-00/FSL-02D/LaserCalibration2/P8140117.ORF
131993,489,2,checkerboard,,/fishsense_data/__unsorted-data/2023.08.14.FishSense.Host01s Pool/ED-00/FSL-02D/LaserCalibration2/P8140138.ORF,/home/chris/mnt/fishsense_data/__unsorted-data/2023.08.14.FishSense.Host01s Pool/ED-00/FSL-02D/LaserCalibration2/P8140138.ORF
131957,489,2,checkerboard,,/fishsense_data/__unsorted-data/2023.08.14.FishSense.Host01s Pool/ED-00/FSL-02D/LaserCalibration2/P8140102.ORF,/home/chris/mnt/fishsense_data/__unsorted-data/2023.08.14.FishSense.Host01s Pool/ED-00/FSL-02D/LaserCalibration2/P8140102.ORF
131983,489,2,checkerboard,,/fishsense_data/__unsorted-data/2023.08.14.FishSense.Host01s Pool/ED-00/FSL-02D/LaserCalibration2/P8140128.ORF,/home/chris/mnt/fishsense_data/__unsorted-data/2023.08.14.FishSense.Host01s Pool/ED-00/FSL-02D/LaserCalibration2/P8140128.ORF
131950,489,2,checkerboard,,/fishsense_data/__unsorted-data/2023.08.14.FishSense.Host01s Pool/ED-00/FSL-02D/LaserCalibration2/P8140095.ORF,/home/chris/mnt/fishsense_data/__unsorted-data/2023.08.14.FishSense.Host01s Pool/ED-00/FSL-02D/LaserCalibration2/P8140095.ORF
131949,489,2,checkerboard,,/fishsense_data/__unsorted-data/2023.08.14.FishSense.Host01s Pool/ED-00/FSL-02D/LaserCalibration2/P8140094.ORF,/home/chris/mnt/fishsense_data/__unsorted-data/2023.08.14.FishSense.Host01s Pool/ED-00/FSL-02D/LaserCalibration2/P8140094.ORF
131970,489,2,checkerboard,,/fishsense_data/__unsorted-data/2023.08.14.FishSense.Host01s Pool/ED-00/FSL-02D/LaserCalibration2/P8140115.ORF,/home/chris/mnt/fishsense_data/__unsorted-data/2023.08.14.FishSense.Host01s Pool/ED-00/FSL-02D/LaserCalibration2/P8140115.ORF
131951,489,2,checkerboard,,/fishsense_data/__unsorted-data/2023.08.14.FishSense.Host01s Pool/ED-00/FSL-02D/LaserCalibration2/P8140096.ORF,/home/chris/mnt/fishsense_data/__unsorted-data/2023.08.14.FishSense.Host01s Pool/ED-00/FSL-02D/LaserCalibration2/P8140096.ORF
131962,489,2,checkerboard,,/fishsense_data/__unsorted-data/2023.08.14.FishSense.Host01s Pool/ED-00/FSL-02D/LaserCalibration2/P8140107.ORF,/home/chris/mnt/fishsense_data/__unsorted-data/2023.08.14.FishSense.Host01s Pool/ED-00/FSL-02D/LaserCalibration2/P8140107.ORF
131969,489,2,checkerboard,,/fishsense_data/__unsorted-data/2023.08.14.FishSense.Host01s Pool/ED-00/FSL-02D/LaserCalibration2/P8140114.ORF,/home/chris/mnt/fishsense_data/__unsorted-data/2023.08.14.FishSense.Host01s Pool/ED-00/FSL-02D/LaserCalibration2/P8140114.ORF
131971,489,2,checkerboard,,/fishsense_data/__unsorted-data/2023.08.14.FishSense.Host01s Pool/ED-00/FSL-02D/LaserCalibration2/P8140116.ORF,/home/chris/mnt/fishsense_data/__unsorted-data/2023.08.14.FishSense.Host01s Pool/ED-00/FSL-02D/LaserCalibration2/P8140116.ORF
131979,489,2,checkerboard,,/fishsense_data/__unsorted-data/2023.08.14.FishSense.Host01s Pool/ED-00/FSL-02D/LaserCalibration2/P8140124.ORF,/home/chris/mnt/fishsense_data/__unsorted-data/2023.08.14.FishSense.Host01s Pool/ED-00/FSL-02D/LaserCalibration2/P8140124.ORF
131967,489,2,checkerboard,,/fishsense_data/__unsorted-data/2023.08.14.FishSense.Host01s Pool/ED-00/FSL-02D/LaserCalibration2/P8140112.ORF,/home/chris/mnt/fishsense_data/__unsorted-data/2023.08.14.FishSense.Host01s Pool/ED-00/FSL-02D/LaserCalibration2/P8140112.ORF
131948,489,2,checkerboard,,/fishsense_data/__unsorted-data/2023.08.14.FishSense.Host01s Pool/ED-00/FSL-02D/LaserCalibration2/P8140093.ORF,/home/chris/mnt/fishsense_data/__unsorted-data/2023.08.14.FishSense.Host01s Pool/ED-00/FSL-02D/LaserCalibration2/P8140093.ORF
131961,489,2,checkerboard,,/fishsense_data/__unsorted-data/2023.08.14.FishSense.Host01s Pool/ED-00/FSL-02D/LaserCalibration2/P8140106.ORF,/home/chris/mnt/fishsense_data/__unsorted-data/2023.08.14.FishSense.Host01s Pool/ED-00/FSL-02D/LaserCalibration2/P8140106.ORF
131977,489,2,checkerboard,,/fishsense_data/__unsorted-data/2023.08.14.FishSense.Host01s Pool/ED-00/FSL-02D/LaserCalibration2/P8140122.ORF,/home/chris/mnt/fishsense_data/__unsorted-data/2023.08.14.FishSense.Host01s Pool/ED-00/FSL-02D/LaserCalibration2/P8140122.ORF
131958,489,2,checkerboard,,/fishsense_data/__unsorted-data/2023.08.14.FishSense.Host01s Pool/ED-00/FSL-02D/LaserCalibration2/P8140103.ORF,/home/chris/mnt/fishsense_data/__unsorted-data/2023.08.14.FishSense.Host01s Pool/ED-00/FSL-02D/LaserCalibration2/P8140103.ORF
131953,489,2,checkerboard,,/fishsense_data/__unsorted-data/2023.08.14.FishSense.Host01s Pool/ED-00/FSL-02D/LaserCalibration2/P8140098.ORF,/home/chris/mnt/fishsense_data/__unsorted-data/2023.08.14.FishSense.Host01s Pool/ED-00/FSL-02D/LaserCalibration2/P8140098.ORF
131965,489,2,checkerboard,,/fishsense_data/__unsorted-data/2023.08.14.FishSense.Host01s Pool/ED-00/FSL-02D/LaserCalibration2/P8140110.ORF,/home/chris/mnt/fishsense_data/__unsorted-data/2023.08.14.FishSense.Host01s Pool/ED-00/FSL-02D/LaserCalibration2/P8140110.ORF
131956,489,2,checkerboard,,/fishsense_data/__unsorted-data/2023.08.14.FishSense.Host01s Pool/ED-00/FSL-02D/LaserCalibration2/P8140101.ORF,/home/chris/mnt/fishsense_data/__unsorted-data/2023.08.14.FishSense.Host01s Pool/ED-00/FSL-02D/LaserCalibration2/P8140101.ORF
131995,489,2,checkerboard,,/fishsense_data/__unsorted-data/2023.08.14.FishSense.Host01s Pool/ED-00/FSL-02D/LaserCalibration2/P8140140.ORF,/home/chris/mnt/fishsense_data/__unsorted-data/2023.08.14.FishSense.Host01s Pool/ED-00/FSL-02D/LaserCalibration2/P8140140.ORF
131966,489,2,checkerboard,,/fishsense_data/__unsorted-data/2023.08.14.FishSense.Host01s Pool/ED-00/FSL-02D/LaserCalibration2/P8140111.ORF,/home/chris/mnt/fishsense_data/__unsorted-data/2023.08.14.FishSense.Host01s Pool/ED-00/FSL-02D/LaserCalibration2/P8140111.ORF
131984,489,2,checkerboard,,/fishsense_data/__unsorted-data/2023.08.14.FishSense.Host01s Pool/ED-00/FSL-02D/LaserCalibration2/P8140129.ORF,/home/chris/mnt/fishsense_data/__unsorted-data/2023.08.14.FishSense.Host01s Pool/ED-00/FSL-02D/LaserCalibration2/P8140129.ORF
131973,489,2,checkerboard,,/fishsense_data/__unsorted-data/2023.08.14.FishSense.Host01s Pool/ED-00/FSL-02D/LaserCalibration2/P8140118.ORF,/home/chris/mnt/fishsense_data/__unsorted-data/2023.08.14.FishSense.Host01s Pool/ED-00/FSL-02D/LaserCalibration2/P8140118.ORF
131945,489,2,checkerboard,,/fishsense_data/__unsorted-data/2023.08.14.FishSense.Host01s Pool/ED-00/FSL-02D/LaserCalibration2/P8140090.ORF,/home/chris/mnt/fishsense_data/__unsorted-data/2023.08.14.FishSense.Host01s Pool/ED-00/FSL-02D/LaserCalibration2/P8140090.ORF
131947,489,2,checkerboard,,/fishsense_data/__unsorted-data/2023.08.14.FishSense.Host01s Pool/ED-00/FSL-02D/LaserCalibration2/P8140092.ORF,/home/chris/mnt/fishsense_data/__unsorted-data/2023.08.14.FishSense.Host01s Pool/ED-00/FSL-02D/LaserCalibration2/P8140092.ORF
131986,489,2,checkerboard,,/fishsense_data/__unsorted-data/2023.08.14.FishSense.Host01s Pool/ED-00/FSL-02D/LaserCalibration2/P8140131.ORF,/home/chris/mnt/fishsense_data/__unsorted-data/2023.08.14.FishSense.Host01s Pool/ED-00/FSL-02D/LaserCalibration2/P8140131.ORF
131946,489,2,checkerboard,,/fishsense_data/__unsorted-data/2023.08.14.FishSense.Host01s Pool/ED-00/FSL-02D/LaserCalibration2/P8140091.ORF,/home/chris/mnt/fishsense_data/__unsorted-data/2023.08.14.FishSense.Host01s Pool/ED-00/FSL-02D/LaserCalibration2/P8140091.ORF
131980,489,2,checkerboard,,/fishsense_data/__unsorted-data/2023.08.14.FishSense.Host01s Pool/ED-00/FSL-02D/LaserCalibration2/P8140125.ORF,/home/chris/mnt/fishsense_data/__unsorted-data/2023.08.14.FishSense.Host01s Pool/ED-00/FSL-02D/LaserCalibration2/P8140125.ORF
131985,489,2,checkerboard,,/fishsense_data/__unsorted-data/2023.08.14.FishSense.Host01s Pool/ED-00/FSL-02D/LaserCalibration2/P8140130.ORF,/home/chris/mnt/fishsense_data/__unsorted-data/2023.08.14.FishSense.Host01s Pool/ED-00/FSL-02D/LaserCalibration2/P8140130.ORF
132447,499,5,checkerboard,,/fishsense_data/__unsorted-data/2023.08.14.FishSense.Host01s Pool/ED-00/FSL-05D/LaserCalibration/P8140018.ORF,/home/chris/mnt/fishsense_data/__unsorted-data/2023.08.14.FishSense.Host01s Pool/ED-00/FSL-05D/LaserCalibration/P8140018.ORF
132441,499,5,checkerboard,,/fishsense_data/__unsorted-data/2023.08.14.FishSense.Host01s Pool/ED-00/FSL-05D/LaserCalibration/P8140012.ORF,/home/chris/mnt/fishsense_data/__unsorted-data/2023.08.14.FishSense.Host01s Pool/ED-00/FSL-05D/LaserCalibration/P8140012.ORF
132460,499,5,checkerboard,,/fishsense_data/__unsorted-data/2023.08.14.FishSense.Host01s Pool/ED-00/FSL-05D/LaserCalibration/P8140031.ORF,/home/chris/mnt/fishsense_data/__unsorted-data/2023.08.14.FishSense.Host01s Pool/ED-00/FSL-05D/LaserCalibration/P8140031.ORF
132449,499,5,checkerboard,,/fishsense_data/__unsorted-data/2023.08.14.FishSense.Host01s Pool/ED-00/FSL-05D/LaserCalibration/P8140020.ORF,/home/chris/mnt/fishsense_data/__unsorted-data/2023.08.14.FishSense.Host01s Pool/ED-00/FSL-05D/LaserCalibration/P8140020.ORF
132451,499,5,checkerboard,,/fishsense_data/__unsorted-data/2023.08.14.FishSense.Host01s Pool/ED-00/FSL-05D/LaserCalibration/P8140022.ORF,/home/chris/mnt/fishsense_data/__unsorted-data/2023.08.14.FishSense.Host01s Pool/ED-00/FSL-05D/LaserCalibration/P8140022.ORF
132440,499,5,checkerboard,,/fishsense_data/__unsorted-data/2023.08.14.FishSense.Host01s Pool/ED-00/FSL-05D/LaserCalibration/P8140011.ORF,/home/chris/mnt/fishsense_data/__unsorted-data/2023.08.14.FishSense.Host01s Pool/ED-00/FSL-05D/LaserCalibration/P8140011.ORF
132462,499,5,checkerboard,,/fishsense_data/__unsorted-data/2023.08.14.FishSense.Host01s Pool/ED-00/FSL-05D/LaserCalibration/P8140033.ORF,/home/chris/mnt/fishsense_data/__unsorted-data/2023.08.14.FishSense.Host01s Pool/ED-00/FSL-05D/LaserCalibration/P8140033.ORF
132437,499,5,checkerboard,,/fishsense_data/__unsorted-data/2023.08.14.FishSense.Host01s Pool/ED-00/FSL-05D/LaserCalibration/P8140008.ORF,/home/chris/mnt/fishsense_data/__unsorted-data/2023.08.14.FishSense.Host01s Pool/ED-00/FSL-05D/LaserCalibration/P8140008.ORF
132479,499,5,checkerboard,,/fishsense_data/__unsorted-data/2023.08.14.FishSense.Host01s Pool/ED-00/FSL-05D/LaserCalibration/P8140050.ORF,/home/chris/mnt/fishsense_data/__unsorted-data/2023.08.14.FishSense.Host01s Pool/ED-00/FSL-05D/LaserCalibration/P8140050.ORF
132488,499,5,checkerboard,,/fishsense_data/__unsorted-data/2023.08.14.FishSense.Host01s Pool/ED-00/FSL-05D/LaserCalibration/P8140059.ORF,/home/chris/mnt/fishsense_data/__unsorted-data/2023.08.14.FishSense.Host01s Pool/ED-00/FSL-05D/LaserCalibration/P8140059.ORF
132454,499,5,checkerboard,,/fishsense_data/__unsorted-data/2023.08.14.FishSense.Host01s Pool/ED-00/FSL-05D/LaserCalibration/P8140025.ORF,/home/chris/mnt/fishsense_data/__unsorted-data/2023.08.14.FishSense.Host01s Pool/ED-00/FSL-05D/LaserCalibration/P8140025.ORF
132480,499,5,checkerboard,,/fishsense_data/__unsorted-data/2023.08.14.FishSense.Host01s Pool/ED-00/FSL-05D/LaserCalibration/P8140051.ORF,/home/chris/mnt/fishsense_data/__unsorted-data/2023.08.14.FishSense.Host01s Pool/ED-00/FSL-05D/LaserCalibration/P8140051.ORF
132487,499,5,checkerboard,,/fishsense_data/__unsorted-data/2023.08.14.FishSense.Host01s Pool/ED-00/FSL-05D/LaserCalibration/P8140058.ORF,/home/chris/mnt/fishsense_data/__unsorted-data/2023.08.14.FishSense.Host01s Pool/ED-00/FSL-05D/LaserCalibration/P8140058.ORF
132481,499,5,checkerboard,,/fishsense_data/__unsorted-data/2023.08.14.FishSense.Host01s Pool/ED-00/FSL-05D/LaserCalibration/P8140052.ORF,/home/chris/mnt/fishsense_data/__unsorted-data/2023.08.14.FishSense.Host01s Pool/ED-00/FSL-05D/LaserCalibration/P8140052.ORF
132459,499,5,checkerboard,,/fishsense_data/__unsorted-data/2023.08.14.FishSense.Host01s Pool/ED-00/FSL-05D/LaserCalibration/P8140030.ORF,/home/chris/mnt/fishsense_data/__unsorted-data/2023.08.14.FishSense.Host01s Pool/ED-00/FSL-05D/LaserCalibration/P8140030.ORF
132465,499,5,checkerboard,,/fishsense_data/__unsorted-data/2023.08.14.FishSense.Host01s Pool/ED-00/FSL-05D/LaserCalibration/P8140036.ORF,/home/chris/mnt/fishsense_data/__unsorted-data/2023.08.14.FishSense.Host01s Pool/ED-00/FSL-05D/LaserCalibration/P8140036.ORF
132439,499,5,checkerboard,,/fishsense_data/__unsorted-data/2023.08.14.FishSense.Host01s Pool/ED-00/FSL-05D/LaserCalibration/P8140010.ORF,/home/chris/mnt/fishsense_data/__unsorted-data/2023.08.14.FishSense.Host01s Pool/ED-00/FSL-05D/LaserCalibration/P8140010.ORF
132436,499,5,checkerboard,,/fishsense_data/__unsorted-data/2023.08.14.FishSense.Host01s Pool/ED-00/FSL-05D/LaserCalibration/P8140007.ORF,/home/chris/mnt/fishsense_data/__unsorted-data/2023.08.14.FishSense.Host01s Pool/ED-00/FSL-05D/LaserCalibration/P8140007.ORF
132472,499,5,checkerboard,,/fishsense_data/__unsorted-data/2023.08.14.FishSense.Host01s Pool/ED-00/FSL-05D/LaserCalibration/P8140043.ORF,/home/chris/mnt/fishsense_data/__unsorted-data/2023.08.14.FishSense.Host01s Pool/ED-00/FSL-05D/LaserCalibration/P8140043.ORF
132476,499,5,checkerboard,,/fishsense_data/__unsorted-data/2023.08.14.FishSense.Host01s Pool/ED-00/FSL-05D/LaserCalibration/P8140047.ORF,/home/chris/mnt/fishsense_data/__unsorted-data/2023.08.14.FishSense.Host01s Pool/ED-00/FSL-05D/LaserCalibration/P8140047.ORF
132453,499,5,checkerboard,,/fishsense_data/__unsorted-data/2023.08.14.FishSense.Host01s Pool/ED-00/FSL-05D/LaserCalibration/P8140024.ORF,/home/chris/mnt/fishsense_data/__unsorted-data/2023.08.14.FishSense.Host01s Pool/ED-00/FSL-05D/LaserCalibration/P8140024.ORF
132442,499,5,checkerboard,,/fishsense_data/__unsorted-data/2023.08.14.FishSense.Host01s Pool/ED-00/FSL-05D/LaserCalibration/P8140013.ORF,/home/chris/mnt/fishsense_data/__unsorted-data/2023.08.14.FishSense.Host01s Pool/ED-00/FSL-05D/LaserCalibration/P8140013.ORF
132473,499,5,checkerboard,,/fishsense_data/__unsorted-data/2023.08.14.FishSense.Host01s Pool/ED-00/FSL-05D/LaserCalibration/P8140044.ORF,/home/chris/mnt/fishsense_data/__unsorted-data/2023.08.14.FishSense.Host01s Pool/ED-00/FSL-05D/LaserCalibration/P8140044.ORF
132464,499,5,checkerboard,,/fishsense_data/__unsorted-data/2023.08.14.FishSense.Host01s Pool/ED-00/FSL-05D/LaserCalibration/P8140035.ORF,/home/chris/mnt/fishsense_data/__unsorted-data/2023.08.14.FishSense.Host01s Pool/ED-00/FSL-05D/LaserCalibration/P8140035.ORF
132485,499,5,checkerboard,,/fishsense_data/__unsorted-data/2023.08.14.FishSense.Host01s Pool/ED-00/FSL-05D/LaserCalibration/P8140056.ORF,/home/chris/mnt/fishsense_data/__unsorted-data/2023.08.14.FishSense.Host01s Pool/ED-00/FSL-05D/LaserCalibration/P8140056.ORF
132443,499,5,checkerboard,,/fishsense_data/__unsorted-data/2023.08.14.FishSense.Host01s Pool/ED-00/FSL-05D/LaserCalibration/P8140014.ORF,/home/chris/mnt/fishsense_data/__unsorted-data/2023.08.14.FishSense.Host01s Pool/ED-00/FSL-05D/LaserCalibration/P8140014.ORF
132478,499,5,checkerboard,,/fishsense_data/__unsorted-data/2023.08.14.FishSense.Host01s Pool/ED-00/FSL-05D/LaserCalibration/P8140049.ORF,/home/chris/mnt/fishsense_data/__unsorted-data/2023.08.14.FishSense.Host01s Pool/ED-00/FSL-05D/LaserCalibration/P8140049.ORF
132471,499,5,checkerboard,,/fishsense_data/__unsorted-data/2023.08.14.FishSense.Host01s Pool/ED-00/FSL-05D/LaserCalibration/P8140042.ORF,/home/chris/mnt/fishsense_data/__unsorted-data/2023.08.14.FishSense.Host01s Pool/ED-00/FSL-05D/LaserCalibration/P8140042.ORF
132455,499,5,checkerboard,,/fishsense_data/__unsorted-data/2023.08.14.FishSense.Host01s Pool/ED-00/FSL-05D/LaserCalibration/P8140026.ORF,/home/chris/mnt/fishsense_data/__unsorted-data/2023.08.14.FishSense.Host01s Pool/ED-00/FSL-05D/LaserCalibration/P8140026.ORF
132450,499,5,checkerboard,,/fishsense_data/__unsorted-data/2023.08.14.FishSense.Host01s Pool/ED-00/FSL-05D/LaserCalibration/P8140021.ORF,/home/chris/mnt/fishsense_data/__unsorted-data/2023.08.14.FishSense.Host01s Pool/ED-00/FSL-05D/LaserCalibration/P8140021.ORF
132207,493,3,checkerboard,,/fishsense_data/__unsorted-data/2023.08.14.FishSense.Host01s Pool/ED-00/FSL-03D/LaserCalibration/P8140020.ORF,/home/chris/mnt/fishsense_data/__unsorted-data/2023.08.14.FishSense.Host01s Pool/ED-00/FSL-03D/LaserCalibration/P8140020.ORF
132221,493,3,checkerboard,,/fishsense_data/__unsorted-data/2023.08.14.FishSense.Host01s Pool/ED-00/FSL-03D/LaserCalibration/P8140034.ORF,/home/chris/mnt/fishsense_data/__unsorted-data/2023.08.14.FishSense.Host01s Pool/ED-00/FSL-03D/LaserCalibration/P8140034.ORF
132195,493,3,checkerboard,,/fishsense_data/__unsorted-data/2023.08.14.FishSense.Host01s Pool/ED-00/FSL-03D/LaserCalibration/P8140008.ORF,/home/chris/mnt/fishsense_data/__unsorted-data/2023.08.14.FishSense.Host01s Pool/ED-00/FSL-03D/LaserCalibration/P8140008.ORF
132200,493,3,checkerboard,,/fishsense_data/__unsorted-data/2023.08.14.FishSense.Host01s Pool/ED-00/FSL-03D/LaserCalibration/P8140013.ORF,/home/chris/mnt/fishsense_data/__unsorted-data/2023.08.14.FishSense.Host01s Pool/ED-00/FSL-03D/LaserCalibration/P8140013.ORF
132193,493,3,checkerboard,,/fishsense_data/__unsorted-data/2023.08.14.FishSense.Host01s Pool/ED-00/FSL-03D/LaserCalibration/P8140006.ORF,/home/chris/mnt/fishsense_data/__unsorted-data/2023.08.14.FishSense.Host01s Pool/ED-00/FSL-03D/LaserCalibration/P8140006.ORF
132216,493,3,checkerboard,,/fishsense_data/__unsorted-data/2023.08.14.FishSense.Host01s Pool/ED-00/FSL-03D/LaserCalibration/P8140029.ORF,/home/chris/mnt/fishsense_data/__unsorted-data/2023.08.14.FishSense.Host01s Pool/ED-00/FSL-03D/LaserCalibration/P8140029.ORF
132215,493,3,checkerboard,,/fishsense_data/__unsorted-data/2023.08.14.FishSense.Host01s Pool/ED-00/FSL-03D/LaserCalibration/P8140028.ORF,/home/chris/mnt/fishsense_data/__unsorted-data/2023.08.14.FishSense.Host01s Pool/ED-00/FSL-03D/LaserCalibration/P8140028.ORF
132224,493,3,checkerboard,,/fishsense_data/__unsorted-data/2023.08.14.FishSense.Host01s Pool/ED-00/FSL-03D/LaserCalibration/P8140037.ORF,/home/chris/mnt/fishsense_data/__unsorted-data/2023.08.14.FishSense.Host01s Pool/ED-00/FSL-03D/LaserCalibration/P8140037.ORF
132198,493,3,checkerboard,,/fishsense_data/__unsorted-data/2023.08.14.FishSense.Host01s Pool/ED-00/FSL-03D/LaserCalibration/P8140011.ORF,/home/chris/mnt/fishsense_data/__unsorted-data/2023.08.14.FishSense.Host01s Pool/ED-00/FSL-03D/LaserCalibration/P8140011.ORF
132203,493,3,checkerboard,,/fishsense_data/__unsorted-data/2023.08.14.FishSense.Host01s Pool/ED-00/FSL-03D/LaserCalibration/P8140016.ORF,/home/chris/mnt/fishsense_data/__unsorted-data/2023.08.14.FishSense.Host01s Pool/ED-00/FSL-03D/LaserCalibration/P8140016.ORF
132194,493,3,checkerboard,,/fishsense_data/__unsorted-data/2023.08.14.FishSense.Host01s Pool/ED-00/FSL-03D/LaserCalibration/P8140007.ORF,/home/chris/mnt/fishsense_data/__unsorted-data/2023.08.14.FishSense.Host01s Pool/ED-00/FSL-03D/LaserCalibration/P8140007.ORF
132219,493,3,checkerboard,,/fishsense_data/__unsorted-data/2023.08.14.FishSense.Host01s Pool/ED-00/FSL-03D/LaserCalibration/P8140032.ORF,/home/chris/mnt/fishsense_data/__unsorted-data/2023.08.14.FishSense.Host01s Pool/ED-00/FSL-03D/LaserCalibration/P8140032.ORF
132212,493,3,checkerboard,,/fishsense_data/__unsorted-data/2023.08.14.FishSense.Host01s Pool/ED-00/FSL-03D/LaserCalibration/P8140025.ORF,/home/chris/mnt/fishsense_data/__unsorted-data/2023.08.14.FishSense.Host01s Pool/ED-00/FSL-03D/LaserCalibration/P8140025.ORF
132217,493,3,checkerboard,,/fishsense_data/__unsorted-data/2023.08.14.FishSense.Host01s Pool/ED-00/FSL-03D/LaserCalibration/P8140030.ORF,/home/chris/mnt/fishsense_data/__unsorted-data/2023.08.14.FishSense.Host01s Pool/ED-00/FSL-03D/LaserCalibration/P8140030.ORF
132220,493,3,checkerboard,,/fishsense_data/__unsorted-data/2023.08.14.FishSense.Host01s Pool/ED-00/FSL-03D/LaserCalibration/P8140033.ORF,/home/chris/mnt/fishsense_data/__unsorted-data/2023.08.14.FishSense.Host01s Pool/ED-00/FSL-03D/LaserCalibration/P8140033.ORF
132196,493,3,checkerboard,,/fishsense_data/__unsorted-data/2023.08.14.FishSense.Host01s Pool/ED-00/FSL-03D/LaserCalibration/P8140009.ORF,/home/chris/mnt/fishsense_data/__unsorted-data/2023.08.14.FishSense.Host01s Pool/ED-00/FSL-03D/LaserCalibration/P8140009.ORF
132199,493,3,checkerboard,,/fishsense_data/__unsorted-data/2023.08.14.FishSense.Host01s Pool/ED-00/FSL-03D/LaserCalibration/P8140012.ORF,/home/chris/mnt/fishsense_data/__unsorted-data/2023.08.14.FishSense.Host01s Pool/ED-00/FSL-03D/LaserCalibration/P8140012.ORF
132218,493,3,checkerboard,,/fishsense_data/__unsorted-data/2023.08.14.FishSense.Host01s Pool/ED-00/FSL-03D/LaserCalibration/P8140031.ORF,/home/chris/mnt/fishsense_data/__unsorted-data/2023.08.14.FishSense.Host01s Pool/ED-00/FSL-03D/LaserCalibration/P8140031.ORF
132214,493,3,checkerboard,,/fishsense_data/__unsorted-data/2023.08.14.FishSense.Host01s Pool/ED-00/FSL-03D/LaserCalibration/P8140027.ORF,/home/chris/mnt/fishsense_data/__unsorted-data/2023.08.14.FishSense.Host01s Pool/ED-00/FSL-03D/LaserCalibration/P8140027.ORF
132213,493,3,checkerboard,,/fishsense_data/__unsorted-data/2023.08.14.FishSense.Host01s Pool/ED-00/FSL-03D/LaserCalibration/P8140026.ORF,/home/chris/mnt/fishsense_data/__unsorted-data/2023.08.14.FishSense.Host01s Pool/ED-00/FSL-03D/LaserCalibration/P8140026.ORF
132208,493,3,checkerboard,,/fishsense_data/__unsorted-data/2023.08.14.FishSense.Host01s Pool/ED-00/FSL-03D/LaserCalibration/P8140021.ORF,/home/chris/mnt/fishsense_data/__unsorted-data/2023.08.14.FishSense.Host01s Pool/ED-00/FSL-03D/LaserCalibration/P8140021.ORF
132210,493,3,checkerboard,,/fishsense_data/__unsorted-data/2023.08.14.FishSense.Host01s Pool/ED-00/FSL-03D/LaserCalibration/P8140023.ORF,/home/chris/mnt/fishsense_data/__unsorted-data/2023.08.14.FishSense.Host01s Pool/ED-00/FSL-03D/LaserCalibration/P8140023.ORF
132209,493,3,checkerboard,,/fishsense_data/__unsorted-data/2023.08.14.FishSense.Host01s Pool/ED-00/FSL-03D/LaserCalibration/P8140022.ORF,/home/chris/mnt/fishsense_data/__unsorted-data/2023.08.14.FishSense.Host01s Pool/ED-00/FSL-03D/LaserCalibration/P8140022.ORF
132206,493,3,checkerboard,,/fishsense_data/__unsorted-data/2023.08.14.FishSense.Host01s Pool/ED-00/FSL-03D/LaserCalibration/P8140019.ORF,/home/chris/mnt/fishsense_data/__unsorted-data/2023.08.14.FishSense.Host01s Pool/ED-00/FSL-03D/LaserCalibration/P8140019.ORF
132192,493,3,checkerboard,,/fishsense_data/__unsorted-data/2023.08.14.FishSense.Host01s Pool/ED-00/FSL-03D/LaserCalibration/P8140005.ORF,/home/chris/mnt/fishsense_data/__unsorted-data/2023.08.14.FishSense.Host01s Pool/ED-00/FSL-03D/LaserCalibration/P8140005.ORF
132204,493,3,checkerboard,,/fishsense_data/__unsorted-data/2023.08.14.FishSense.Host01s Pool/ED-00/FSL-03D/LaserCalibration/P8140017.ORF,/home/chris/mnt/fishsense_data/__unsorted-data/2023.08.14.FishSense.Host01s Pool/ED-00/FSL-03D/LaserCalibration/P8140017.ORF
132205,493,3,checkerboard,,/fishsense_data/__unsorted-data/2023.08.14.FishSense.Host01s Pool/ED-00/FSL-03D/LaserCalibration/P8140018.ORF,/home/chris/mnt/fishsense_data/__unsorted-data/2023.08.14.FishSense.Host01s Pool/ED-00/FSL-03D/LaserCalibration/P8140018.ORF
132223,493,3,checkerboard,,/fishsense_data/__unsorted-data/2023.08.14.FishSense.Host01s Pool/ED-00/FSL-03D/LaserCalibration/P8140036.ORF,/home/chris/mnt/fishsense_data/__unsorted-data/2023.08.14.FishSense.Host01s Pool/ED-00/FSL-03D/LaserCalibration/P8140036.ORF
132211,493,3,checkerboard,,/fishsense_data/__unsorted-data/2023.08.14.FishSense.Host01s Pool/ED-00/FSL-03D/LaserCalibration/P8140024.ORF,/home/chris/mnt/fishsense_data/__unsorted-data/2023.08.14.FishSense.Host01s Pool/ED-00/FSL-03D/LaserCalibration/P8140024.ORF
132197,493,3,checkerboard,,/fishsense_data/__unsorted-data/2023.08.14.FishSense.Host01s Pool/ED-00/FSL-03D/LaserCalibration/P8140010.ORF,/home/chris/mnt/fishsense_data/__unsorted-data/2023.08.14.FishSense.Host01s Pool/ED-00/FSL-03D/LaserCalibration/P8140010.ORF
132082,490,2,checkerboard,,/fishsense_data/__unsorted-data/2023.08.14.FishSense.Host01s Pool/ED-00/FSL-02D/LaserCalibration3/P8140227.ORF,/home/chris/mnt/fishsense_data/__unsorted-data/2023.08.14.FishSense.Host01s Pool/ED-00/FSL-02D/LaserCalibration3/P8140227.ORF
132111,490,2,checkerboard,,/fishsense_data/__unsorted-data/2023.08.14.FishSense.Host01s Pool/ED-00/FSL-02D/LaserCalibration3/P8140256.ORF,/home/chris/mnt/fishsense_data/__unsorted-data/2023.08.14.FishSense.Host01s Pool/ED-00/FSL-02D/LaserCalibration3/P8140256.ORF
132100,490,2,checkerboard,,/fishsense_data/__unsorted-data/2023.08.14.FishSense.Host01s Pool/ED-00/FSL-02D/LaserCalibration3/P8140245.ORF,/home/chris/mnt/fishsense_data/__unsorted-data/2023.08.14.FishSense.Host01s Pool/ED-00/FSL-02D/LaserCalibration3/P8140245.ORF
132086,490,2,checkerboard,,/fishsense_data/__unsorted-data/2023.08.14.FishSense.Host01s Pool/ED-00/FSL-02D/LaserCalibration3/P8140231.ORF,/home/chris/mnt/fishsense_data/__unsorted-data/2023.08.14.FishSense.Host01s Pool/ED-00/FSL-02D/LaserCalibration3/P8140231.ORF
132112,490,2,checkerboard,,/fishsense_data/__unsorted-data/2023.08.14.FishSense.Host01s Pool/ED-00/FSL-02D/LaserCalibration3/P8140257.ORF,/home/chris/mnt/fishsense_data/__unsorted-data/2023.08.14.FishSense.Host01s Pool/ED-00/FSL-02D/LaserCalibration3/P8140257.ORF
132066,490,2,checkerboard,,/fishsense_data/__unsorted-data/2023.08.14.FishSense.Host01s Pool/ED-00/FSL-02D/LaserCalibration3/P8140211.ORF,/home/chris/mnt/fishsense_data/__unsorted-data/2023.08.14.FishSense.Host01s Pool/ED-00/FSL-02D/LaserCalibration3/P8140211.ORF
132113,490,2,checkerboard,,/fishsense_data/__unsorted-data/2023.08.14.FishSense.Host01s Pool/ED-00/FSL-02D/LaserCalibration3/P8140258.ORF,/home/chris/mnt/fishsense_data/__unsorted-data/2023.08.14.FishSense.Host01s Pool/ED-00/FSL-02D/LaserCalibration3/P8140258.ORF
132119,490,2,checkerboard,,/fishsense_data/__unsorted-data/2023.08.14.FishSense.Host01s Pool/ED-00/FSL-02D/LaserCalibration3/P8140264.ORF,/home/chris/mnt/fishsense_data/__unsorted-data/2023.08.14.FishSense.Host01s Pool/ED-00/FSL-02D/LaserCalibration3/P8140264.ORF
132109,490,2,checkerboard,,/fishsense_data/__unsorted-data/2023.08.14.FishSense.Host01s Pool/ED-00/FSL-02D/LaserCalibration3/P8140254.ORF,/home/chris/mnt/fishsense_data/__unsorted-data/2023.08.14.FishSense.Host01s Pool/ED-00/FSL-02D/LaserCalibration3/P8140254.ORF
132098,490,2,checkerboard,,/fishsense_data/__unsorted-data/2023.08.14.FishSense.Host01s Pool/ED-00/FSL-02D/LaserCalibration3/P8140243.ORF,/home/chris/mnt/fishsense_data/__unsorted-data/2023.08.14.FishSense.Host01s Pool/ED-00/FSL-02D/LaserCalibration3/P8140243.ORF
132107,490,2,checkerboard,,/fishsense_data/__unsorted-data/2023.08.14.FishSense.Host01s Pool/ED-00/FSL-02D/LaserCalibration3/P8140252.ORF,/home/chris/mnt/fishsense_data/__unsorted-data/2023.08.14.FishSense.Host01s Pool/ED-00/FSL-02D/LaserCalibration3/P8140252.ORF
132114,490,2,checkerboard,,/fishsense_data/__unsorted-data/2023.08.14.FishSense.Host01s Pool/ED-00/FSL-02D/LaserCalibration3/P8140259.ORF,/home/chris/mnt/fishsense_data/__unsorted-data/2023.08.14.FishSense.Host01s Pool/ED-00/FSL-02D/LaserCalibration3/P8140259.ORF
132128,490,2,checkerboard,,/fishsense_data/__unsorted-data/2023.08.14.FishSense.Host01s Pool/ED-00/FSL-02D/LaserCalibration3/P8140273.ORF,/home/chris/mnt/fishsense_data/__unsorted-data/2023.08.14.FishSense.Host01s Pool/ED-00/FSL-02D/LaserCalibration3/P8140273.ORF
132104,490,2,checkerboard,,/fishsense_data/__unsorted-data/2023.08.14.FishSense.Host01s Pool/ED-00/FSL-02D/LaserCalibration3/P8140249.ORF,/home/chris/mnt/fishsense_data/__unsorted-data/2023.08.14.FishSense.Host01s Pool/ED-00/FSL-02D/LaserCalibration3/P8140249.ORF
132076,490,2,checkerboard,,/fishsense_data/__unsorted-data/2023.08.14.FishSense.Host01s Pool/ED-00/FSL-02D/LaserCalibration3/P8140221.ORF,/home/chris/mnt/fishsense_data/__unsorted-data/2023.08.14.FishSense.Host01s Pool/ED-00/FSL-02D/LaserCalibration3/P8140221.ORF
132117,490,2,checkerboard,,/fishsense_data/__unsorted-data/2023.08.14.FishSense.Host01s Pool/ED-00/FSL-02D/LaserCalibration3/P8140262.ORF,/home/chris/mnt/fishsense_data/__unsorted-data/2023.08.14.FishSense.Host01s Pool/ED-00/FSL-02D/LaserCalibration3/P8140262.ORF
132077,490,2,checkerboard,,/fishsense_data/__unsorted-data/2023.08.14.FishSense.Host01s Pool/ED-00/FSL-02D/LaserCalibration3/P8140222.ORF,/home/chris/mnt/fishsense_data/__unsorted-data/2023.08.14.FishSense.Host01s Pool/ED-00/FSL-02D/LaserCalibration3/P8140222.ORF
132115,490,2,checkerboard,,/fishsense_data/__unsorted-data/2023.08.14.FishSense.Host01s Pool/ED-00/FSL-02D/LaserCalibration3/P8140260.ORF,/home/chris/mnt/fishsense_data/__unsorted-data/2023.08.14.FishSense.Host01s Pool/ED-00/FSL-02D/LaserCalibration3/P8140260.ORF
132089,490,2,checkerboard,,/fishsense_data/__unsorted-data/2023.08.14.FishSense.Host01s Pool/ED-00/FSL-02D/LaserCalibration3/P8140234.ORF,/home/chris/mnt/fishsense_data/__unsorted-data/2023.08.14.FishSense.Host01s Pool/ED-00/FSL-02D/LaserCalibration3/P8140234.ORF
132118,490,2,checkerboard,,/fishsense_data/__unsorted-data/2023.08.14.FishSense.Host01s Pool/ED-00/FSL-02D/LaserCalibration3/P8140263.ORF,/home/chris/mnt/fishsense_data/__unsorted-data/2023.08.14.FishSense.Host01s Pool/ED-00/FSL-02D/LaserCalibration3/P8140263.ORF
132088,490,2,checkerboard,,/fishsense_data/__unsorted-data/2023.08.14.FishSense.Host01s Pool/ED-00/FSL-02D/LaserCalibration3/P8140233.ORF,/home/chris/mnt/fishsense_data/__unsorted-data/2023.08.14.FishSense.Host01s Pool/ED-00/FSL-02D/LaserCalibration3/P8140233.ORF
132108,490,2,checkerboard,,/fishsense_data/__unsorted-data/2023.08.14.FishSense.Host01s Pool/ED-00/FSL-02D/LaserCalibration3/P8140253.ORF,/home/chris/mnt/fishsense_data/__unsorted-data/2023.08.14.FishSense.Host01s Pool/ED-00/FSL-02D/LaserCalibration3/P8140253.ORF
132081,490,2,checkerboard,,/fishsense_data/__unsorted-data/2023.08.14.FishSense.Host01s Pool/ED-00/FSL-02D/LaserCalibration3/P8140226.ORF,/home/chris/mnt/fishsense_data/__unsorted-data/2023.08.14.FishSense.Host01s Pool/ED-00/FSL-02D/LaserCalibration3/P8140226.ORF
132087,490,2,checkerboard,,/fishsense_data/__unsorted-data/2023.08.14.FishSense.Host01s Pool/ED-00/FSL-02D/LaserCalibration3/P8140232.ORF,/home/chris/mnt/fishsense_data/__unsorted-data/2023.08.14.FishSense.Host01s Pool/ED-00/FSL-02D/LaserCalibration3/P8140232.ORF
132103,490,2,checkerboard,,/fishsense_data/__unsorted-data/2023.08.14.FishSense.Host01s Pool/ED-00/FSL-02D/LaserCalibration3/P8140248.ORF,/home/chris/mnt/fishsense_data/__unsorted-data/2023.08.14.FishSense.Host01s Pool/ED-00/FSL-02D/LaserCalibration3/P8140248.ORF
132078,490,2,checkerboard,,/fishsense_data/__unsorted-data/2023.08.14.FishSense.Host01s Pool/ED-00/FSL-02D/LaserCalibration3/P8140223.ORF,/home/chris/mnt/fishsense_data/__unsorted-data/2023.08.14.FishSense.Host01s Pool/ED-00/FSL-02D/LaserCalibration3/P8140223.ORF
132096,490,2,checkerboard,,/fishsense_data/__unsorted-data/2023.08.14.FishSense.Host01s Pool/ED-00/FSL-02D/LaserCalibration3/P8140241.ORF,/home/chris/mnt/fishsense_data/__unsorted-data/2023.08.14.FishSense.Host01s Pool/ED-00/FSL-02D/LaserCalibration3/P8140241.ORF
132079,490,2,checkerboard,,/fishsense_data/__unsorted-data/2023.08.14.FishSense.Host01s Pool/ED-00/FSL-02D/LaserCalibration3/P8140224.ORF,/home/chris/mnt/fishsense_data/__unsorted-data/2023.08.14.FishSense.Host01s Pool/ED-00/FSL-02D/LaserCalibration3/P8140224.ORF
132072,490,2,checkerboard,,/fishsense_data/__unsorted-data/2023.08.14.FishSense.Host01s Pool/ED-00/FSL-02D/LaserCalibration3/P8140217.ORF,/home/chris/mnt/fishsense_data/__unsorted-data/2023.08.14.FishSense.Host01s Pool/ED-00/FSL-02D/LaserCalibration3/P8140217.ORF
132102,490,2,checkerboard,,/fishsense_data/__unsorted-data/2023.08.14.FishSense.Host01s Pool/ED-00/FSL-02D/LaserCalibration3/P8140247.ORF,/home/chris/mnt/fishsense_data/__unsorted-data/2023.08.14.FishSense.Host01s Pool/ED-00/FSL-02D/LaserCalibration3/P8140247.ORF
133864,518,10,checkerboard,,/fishsense_data/__unsorted-data/2023.08.18.FishSense.Host01s Pool/07/LaserCalibration/P8180080.ORF,/home/chris/mnt/fishsense_data/__unsorted-data/2023.08.18.FishSense.Host01s Pool/07/LaserCalibration/P8180080.ORF
133851,518,10,checkerboard,,/fishsense_data/__unsorted-data/2023.08.18.FishSense.Host01s Pool/07/LaserCalibration/P8180067.ORF,/home/chris/mnt/fishsense_data/__unsorted-data/2023.08.18.FishSense.Host01s Pool/07/LaserCalibration/P8180067.ORF
133802,518,10,checkerboard,,/fishsense_data/__unsorted-data/2023.08.18.FishSense.Host01s Pool/07/LaserCalibration/P8180018.ORF,/home/chris/mnt/fishsense_data/__unsorted-data/2023.08.18.FishSense.Host01s Pool/07/LaserCalibration/P8180018.ORF
133827,518,10,checkerboard,,/fishsense_data/__unsorted-data/2023.08.18.FishSense.Host01s Pool/07/LaserCalibration/P8180043.ORF,/home/chris/mnt/fishsense_data/__unsorted-data/2023.08.18.FishSense.Host01s Pool/07/LaserCalibration/P8180043.ORF
133855,518,10,checkerboard,,/fishsense_data/__unsorted-data/2023.08.18.FishSense.Host01s Pool/07/LaserCalibration/P8180071.ORF,/home/chris/mnt/fishsense_data/__unsorted-data/2023.08.18.FishSense.Host01s Pool/07/LaserCalibration/P8180071.ORF
133829,518,10,checkerboard,,/fishsense_data/__unsorted-data/2023.08.18.FishSense.Host01s Pool/07/LaserCalibration/P8180045.ORF,/home/chris/mnt/fishsense_data/__unsorted-data/2023.08.18.FishSense.Host01s Pool/07/LaserCalibration/P8180045.ORF
133806,518,10,checkerboard,,/fishsense_data/__unsorted-data/2023.08.18.FishSense.Host01s Pool/07/LaserCalibration/P8180022.ORF,/home/chris/mnt/fishsense_data/__unsorted-data/2023.08.18.FishSense.Host01s Pool/07/LaserCalibration/P8180022.ORF
133790,518,10,checkerboard,,/fishsense_data/__unsorted-data/2023.08.18.FishSense.Host01s Pool/07/LaserCalibration/P8180006.ORF,/home/chris/mnt/fishsense_data/__unsorted-data/2023.08.18.FishSense.Host01s Pool/07/LaserCalibration/P8180006.ORF
133809,518,10,checkerboard,,/fishsense_data/__unsorted-data/2023.08.18.FishSense.Host01s Pool/07/LaserCalibration/P8180025.ORF,/home/chris/mnt/fishsense_data/__unsorted-data/2023.08.18.FishSense.Host01s Pool/07/LaserCalibration/P8180025.ORF
133828,518,10,checkerboard,,/fishsense_data/__unsorted-data/2023.08.18.FishSense.Host01s Pool/07/LaserCalibration/P8180044.ORF,/home/chris/mnt/fishsense_data/__unsorted-data/2023.08.18.FishSense.Host01s Pool/07/LaserCalibration/P8180044.ORF
133865,518,10,checkerboard,,/fishsense_data/__unsorted-data/2023.08.18.FishSense.Host01s Pool/07/LaserCalibration/P8180081.ORF,/home/chris/mnt/fishsense_data/__unsorted-data/2023.08.18.FishSense.Host01s Pool/07/LaserCalibration/P8180081.ORF
133867,518,10,checkerboard,,/fishsense_data/__unsorted-data/2023.08.18.FishSense.Host01s Pool/07/LaserCalibration/P8180083.ORF,/home/chris/mnt/fishsense_data/__unsorted-data/2023.08.18.FishSense.Host01s Pool/07/LaserCalibration/P8180083.ORF
133858,518,10,checkerboard,,/fishsense_data/__unsorted-data/2023.08.18.FishSense.Host01s Pool/07/LaserCalibration/P8180074.ORF,/home/chris/mnt/fishsense_data/__unsorted-data/2023.08.18.FishSense.Host01s Pool/07/LaserCalibration/P8180074.ORF
133875,518,10,checkerboard,,/fishsense_data/__unsorted-data/2023.08.18.FishSense.Host01s Pool/07/LaserCalibration/P8180091.ORF,/home/chris/mnt/fishsense_data/__unsorted-data/2023.08.18.FishSense.Host01s Pool/07/LaserCalibration/P8180091.ORF
133853,518,10,checkerboard,,/fishsense_data/__unsorted-data/2023.08.18.FishSense.Host01s Pool/07/LaserCalibration/P8180069.ORF,/home/chris/mnt/fishsense_data/__unsorted-data/2023.08.18.FishSense.Host01s Pool/07/LaserCalibration/P8180069.ORF
133819,518,10,checkerboard,,/fishsense_data/__unsorted-data/2023.08.18.FishSense.Host01s Pool/07/LaserCalibration/P8180035.ORF,/home/chris/mnt/fishsense_data/__unsorted-data/2023.08.18.FishSense.Host01s Pool/07/LaserCalibration/P8180035.ORF
133850,518,10,checkerboard,,/fishsense_data/__unsorted-data/2023.08.18.FishSense.Host01s Pool/07/LaserCalibration/P8180066.ORF,/home/chris/mnt/fishsense_data/__unsorted-data/2023.08.18.FishSense.Host01s Pool/07/LaserCalibration/P8180066.ORF
133868,518,10,checkerboard,,/fishsense_data/__unsorted-data/2023.08.18.FishSense.Host01s Pool/07/LaserCalibration/P8180084.ORF,/home/chris/mnt/fishsense_data/__unsorted-data/2023.08.18.FishSense.Host01s Pool/07/LaserCalibration/P8180084.ORF
133803,518,10,checkerboard,,/fishsense_data/__unsorted-data/2023.08.18.FishSense.Host01s Pool/07/LaserCalibration/P8180019.ORF,/home/chris/mnt/fishsense_data/__unsorted-data/2023.08.18.FishSense.Host01s Pool/07/LaserCalibration/P8180019.ORF
133854,518,10,checkerboard,,/fishsense_data/__unsorted-data/2023.08.18.FishSense.Host01s Pool/07/LaserCalibration/P8180070.ORF,/home/chris/mnt/fishsense_data/__unsorted-data/2023.08.18.FishSense.Host01s Pool/07/LaserCalibration/P8180070.ORF
133869,518,10,checkerboard,,/fishsense_data/__unsorted-data/2023.08.18.FishSense.Host01s Pool/07/LaserCalibration/P8180085.ORF,/home/chris/mnt/fishsense_data/__unsorted-data/2023.08.18.FishSense.Host01s Pool/07/LaserCalibration/P8180085.ORF
133862,518,10,checkerboard,,/fishsense_data/__unsorted-data/2023.08.18.FishSense.Host01s Pool/07/LaserCalibration/P8180078.ORF,/home/chris/mnt/fishsense_data/__unsorted-data/2023.08.18.FishSense.Host01s Pool/07/LaserCalibration/P8180078.ORF
133820,518,10,checkerboard,,/fishsense_data/__unsorted-data/2023.08.18.FishSense.Host01s Pool/07/LaserCalibration/P8180036.ORF,/home/chris/mnt/fishsense_data/__unsorted-data/2023.08.18.FishSense.Host01s Pool/07/LaserCalibration/P8180036.ORF
133876,518,10,checkerboard,,/fishsense_data/__unsorted-data/2023.08.18.FishSense.Host01s Pool/07/LaserCalibration/P8180092.ORF,/home/chris/mnt/fishsense_data/__unsorted-data/2023.08.18.FishSense.Host01s Pool/07/LaserCalibration/P8180092.ORF
133794,518,10,checkerboard,,/fishsense_data/__unsorted-data/2023.08.18.FishSense.Host01s Pool/07/LaserCalibration/P8180010.ORF,/home/chris/mnt/fishsense_data/__unsorted-data/2023.08.18.FishSense.Host01s Pool/07/LaserCalibration/P8180010.ORF
133861,518,10,checkerboard,,/fishsense_data/__unsorted-data/2023.08.18.FishSense.Host01s Pool/07/LaserCalibration/P8180077.ORF,/home/chris/mnt/fishsense_data/__unsorted-data/2023.08.18.FishSense.Host01s Pool/07/LaserCalibration/P8180077.ORF
133871,518,10,checkerboard,,/fishsense_data/__unsorted-data/2023.08.18.FishSense.Host01s Pool/07/LaserCalibration/P8180087.ORF,/home/chris/mnt/fishsense_data/__unsorted-data/2023.08.18.FishSense.Host01s Pool/07/LaserCalibration/P8180087.ORF
133786,518,10,checkerboard,,/fishsense_data/__unsorted-data/2023.08.18.FishSense.Host01s Pool/07/LaserCalibration/P8180002.ORF,/home/chris/mnt/fishsense_data/__unsorted-data/2023.08.18.FishSense.Host01s Pool/07/LaserCalibration/P8180002.ORF
133870,518,10,checkerboard,,/fishsense_data/__unsorted-data/2023.08.18.FishSense.Host01s Pool/07/LaserCalibration/P8180086.ORF,/home/chris/mnt/fishsense_data/__unsorted-data/2023.08.18.FishSense.Host01s Pool/07/LaserCalibration/P8180086.ORF
133798,518,10,checkerboard,,/fishsense_data/__unsorted-data/2023.08.18.FishSense.Host01s Pool/07/LaserCalibration/P8180014.ORF,/home/chris/mnt/fishsense_data/__unsorted-data/2023.08.18.FishSense.Host01s Pool/07/LaserCalibration/P8180014.ORF
133299,509,4,checkerboard,,/fishsense_data/__unsorted-data/2023.08.18.FishSense.Host01s Pool/04/P8180359.ORF,/home/chris/mnt/fishsense_data/__unsorted-data/2023.08.18.FishSense.Host01s Pool/04/P8180359.ORF
133173,509,4,checkerboard,,/fishsense_data/__unsorted-data/2023.08.18.FishSense.Host01s Pool/04/P8180233.ORF,/home/chris/mnt/fishsense_data/__unsorted-data/2023.08.18.FishSense.Host01s Pool/04/P8180233.ORF
133104,509,4,checkerboard,,/fishsense_data/__unsorted-data/2023.08.18.FishSense.Host01s Pool/04/P8180164.ORF,/home/chris/mnt/fishsense_data/__unsorted-data/2023.08.18.FishSense.Host01s Pool/04/P8180164.ORF
133120,509,4,checkerboard,,/fishsense_data/__unsorted-data/2023.08.18.FishSense.Host01s Pool/04/P8180180.ORF,/home/chris/mnt/fishsense_data/__unsorted-data/2023.08.18.FishSense.Host01s Pool/04/P8180180.ORF
133176,509,4,checkerboard,,/fishsense_data/__unsorted-data/2023.08.18.FishSense.Host01s Pool/04/P8180236.ORF,/home/chris/mnt/fishsense_data/__unsorted-data/2023.08.18.FishSense.Host01s Pool/04/P8180236.ORF
133049,509,4,checkerboard,,/fishsense_data/__unsorted-data/2023.08.18.FishSense.Host01s Pool/04/P8180109.ORF,/home/chris/mnt/fishsense_data/__unsorted-data/2023.08.18.FishSense.Host01s Pool/04/P8180109.ORF
133189,509,4,checkerboard,,/fishsense_data/__unsorted-data/2023.08.18.FishSense.Host01s Pool/04/P8180249.ORF,/home/chris/mnt/fishsense_data/__unsorted-data/2023.08.18.FishSense.Host01s Pool/04/P8180249.ORF
133051,509,4,checkerboard,,/fishsense_data/__unsorted-data/2023.08.18.FishSense.Host01s Pool/04/P8180111.ORF,/home/chris/mnt/fishsense_data/__unsorted-data/2023.08.18.FishSense.Host01s Pool/04/P8180111.ORF
133171,509,4,checkerboard,,/fishsense_data/__unsorted-data/2023.08.18.FishSense.Host01s Pool/04/P8180231.ORF,/home/chris/mnt/fishsense_data/__unsorted-data/2023.08.18.FishSense.Host01s Pool/04/P8180231.ORF
133207,509,4,checkerboard,,/fishsense_data/__unsorted-data/2023.08.18.FishSense.Host01s Pool/04/P8180267.ORF,/home/chris/mnt/fishsense_data/__unsorted-data/2023.08.18.FishSense.Host01s Pool/04/P8180267.ORF
133267,509,4,checkerboard,,/fishsense_data/__unsorted-data/2023.08.18.FishSense.Host01s Pool/04/P8180327.ORF,/home/chris/mnt/fishsense_data/__unsorted-data/2023.08.18.FishSense.Host01s Pool/04/P8180327.ORF
133201,509,4,checkerboard,,/fishsense_data/__unsorted-data/2023.08.18.FishSense.Host01s Pool/04/P8180261.ORF,/home/chris/mnt/fishsense_data/__unsorted-data/2023.08.18.FishSense.Host01s Pool/04/P8180261.ORF
133134,509,4,checkerboard,,/fishsense_data/__unsorted-data/2023.08.18.FishSense.Host01s Pool/04/P8180194.ORF,/home/chris/mnt/fishsense_data/__unsorted-data/2023.08.18.FishSense.Host01s Pool/04/P8180194.ORF
133083,509,4,checkerboard,,/fishsense_data/__unsorted-data/2023.08.18.FishSense.Host01s Pool/04/P8180143.ORF,/home/chris/mnt/fishsense_data/__unsorted-data/2023.08.18.FishSense.Host01s Pool/04/P8180143.ORF
133241,509,4,checkerboard,,/fishsense_data/__unsorted-data/2023.08.18.FishSense.Host01s Pool/04/P8180301.ORF,/home/chris/mnt/fishsense_data/__unsorted-data/2023.08.18.FishSense.Host01s Pool/04/P8180301.ORF
133203,509,4,checkerboard,,/fishsense_data/__unsorted-data/2023.08.18.FishSense.Host01s Pool/04/P8180263.ORF,/home/chris/mnt/fishsense_data/__unsorted-data/2023.08.18.FishSense.Host01s Pool/04/P8180263.ORF
133137,509,4,checkerboard,,/fishsense_data/__unsorted-data/2023.08.18.FishSense.Host01s Pool/04/P8180197.ORF,/home/chris/mnt/fishsense_data/__unsorted-data/2023.08.18.FishSense.Host01s Pool/04/P8180197.ORF
133216,509,4,checkerboard,,/fishsense_data/__unsorted-data/2023.08.18.FishSense.Host01s Pool/04/P8180276.ORF,/home/chris/mnt/fishsense_data/__unsorted-data/2023.08.18.FishSense.Host01s Pool/04/P8180276.ORF
133117,509,4,checkerboard,,/fishsense_data/__unsorted-data/2023.08.18.FishSense.Host01s Pool/04/P8180177.ORF,/home/chris/mnt/fishsense_data/__unsorted-data/2023.08.18.FishSense.Host01s Pool/04/P8180177.ORF
133290,509,4,checkerboard,,/fishsense_data/__unsorted-data/2023.08.18.FishSense.Host01s Pool/04/P8180350.ORF,/home/chris/mnt/fishsense_data/__unsorted-data/2023.08.18.FishSense.Host01s Pool/04/P8180350.ORF
133178,509,4,checkerboard,,/fishsense_data/__unsorted-data/2023.08.18.FishSense.Host01s Pool/04/P8180238.ORF,/home/chris/mnt/fishsense_data/__unsorted-data/2023.08.18.FishSense.Host01s Pool/04/P8180238.ORF
133072,509,4,checkerboard,,/fishsense_data/__unsorted-data/2023.08.18.FishSense.Host01s Pool/04/P8180132.ORF,/home/chris/mnt/fishsense_data/__unsorted-data/2023.08.18.FishSense.Host01s Pool/04/P8180132.ORF
133292,509,4,checkerboard,,/fishsense_data/__unsorted-data/2023.08.18.FishSense.Host01s Pool/04/P8180352.ORF,/home/chris/mnt/fishsense_data/__unsorted-data/2023.08.18.FishSense.Host01s Pool/04/P8180352.ORF
133337,509,4,checkerboard,,/fishsense_data/__unsorted-data/2023.08.18.FishSense.Host01s Pool/04/P8180397.ORF,/home/chris/mnt/fishsense_data/__unsorted-data/2023.08.18.FishSense.Host01s Pool/04/P8180397.ORF
133044,509,4,checkerboard,,/fishsense_data/__unsorted-data/2023.08.18.FishSense.Host01s Pool/04/P8180104.ORF,/home/chris/mnt/fishsense_data/__unsorted-data/2023.08.18.FishSense.Host01s Pool/04/P8180104.ORF
133180,509,4,checkerboard,,/fishsense_data/__unsorted-data/2023.08.18.FishSense.Host01s Pool/04/P8180240.ORF,/home/chris/mnt/fishsense_data/__unsorted-data/2023.08.18.FishSense.Host01s Pool/04/P8180240.ORF
133079,509,4,checkerboard,,/fishsense_data/__unsorted-data/2023.08.18.FishSense.Host01s Pool/04/P8180139.ORF,/home/chris/mnt/fishsense_data/__unsorted-data/2023.08.18.FishSense.Host01s Pool/04/P8180139.ORF
133209,509,4,checkerboard,,/fishsense_data/__unsorted-data/2023.08.18.FishSense.Host01s Pool/04/P8180269.ORF,/home/chris/mnt/fishsense_data/__unsorted-data/2023.08.18.FishSense.Host01s Pool/04/P8180269.ORF
133287,509,4,checkerboard,,/fishsense_data/__unsorted-data/2023.08.18.FishSense.Host01s Pool/04/P8180347.ORF,/home/chris/mnt/fishsense_data/__unsorted-data/2023.08.18.FishSense.Host01s Pool/04/P8180347.ORF
133157,509,4,checkerboard,,/fishsense_data/__unsorted-data/2023.08.18.FishSense.Host01s Pool/04/P8180217.ORF,/home/chris/mnt/fishsense_data/__unsorted-data/2023.08.18.FishSense.Host01s Pool/04/P8180217.ORF
132314,496,4,checkerboard,,/fishsense_data/__unsorted-data/2023.08.14.FishSense.Host01s Pool/ED-00/FSL-04D/LaserCalibration/P8140009.ORF,/home/chris/mnt/fishsense_data/__unsorted-data/2023.08.14.FishSense.Host01s Pool/ED-00/FSL-04D/LaserCalibration/P8140009.ORF
132317,496,4,checkerboard,,/fishsense_data/__unsorted-data/2023.08.14.FishSense.Host01s Pool/ED-00/FSL-04D/LaserCalibration/P8140012.ORF,/home/chris/mnt/fishsense_data/__unsorted-data/2023.08.14.FishSense.Host01s Pool/ED-00/FSL-04D/LaserCalibration/P8140012.ORF
132326,496,4,checkerboard,,/fishsense_data/__unsorted-data/2023.08.14.FishSense.Host01s Pool/ED-00/FSL-04D/LaserCalibration/P8140021.ORF,/home/chris/mnt/fishsense_data/__unsorted-data/2023.08.14.FishSense.Host01s Pool/ED-00/FSL-04D/LaserCalibration/P8140021.ORF
132334,496,4,checkerboard,,/fishsense_data/__unsorted-data/2023.08.14.FishSense.Host01s Pool/ED-00/FSL-04D/LaserCalibration/P8140029.ORF,/home/chris/mnt/fishsense_data/__unsorted-data/2023.08.14.FishSense.Host01s Pool/ED-00/FSL-04D/LaserCalibration/P8140029.ORF
132316,496,4,checkerboard,,/fishsense_data/__unsorted-data/2023.08.14.FishSense.Host01s Pool/ED-00/FSL-04D/LaserCalibration/P8140011.ORF,/home/chris/mnt/fishsense_data/__unsorted-data/2023.08.14.FishSense.Host01s Pool/ED-00/FSL-04D/LaserCalibration/P8140011.ORF
132340,496,4,checkerboard,,/fishsense_data/__unsorted-data/2023.08.14.FishSense.Host01s Pool/ED-00/FSL-04D/LaserCalibration/P8140035.ORF,/home/chris/mnt/fishsense_data/__unsorted-data/2023.08.14.FishSense.Host01s Pool/ED-00/FSL-04D/LaserCalibration/P8140035.ORF
132330,496,4,checkerboard,,/fishsense_data/__unsorted-data/2023.08.14.FishSense.Host01s Pool/ED-00/FSL-04D/LaserCalibration/P8140025.ORF,/home/chris/mnt/fishsense_data/__unsorted-data/2023.08.14.FishSense.Host01s Pool/ED-00/FSL-04D/LaserCalibration/P8140025.ORF
132323,496,4,checkerboard,,/fishsense_data/__unsorted-data/2023.08.14.FishSense.Host01s Pool/ED-00/FSL-04D/LaserCalibration/P8140018.ORF,/home/chris/mnt/fishsense_data/__unsorted-data/2023.08.14.FishSense.Host01s Pool/ED-00/FSL-04D/LaserCalibration/P8140018.ORF
132339,496,4,checkerboard,,/fishsense_data/__unsorted-data/2023.08.14.FishSense.Host01s Pool/ED-00/FSL-04D/LaserCalibration/P8140034.ORF,/home/chris/mnt/fishsense_data/__unsorted-data/2023.08.14.FishSense.Host01s Pool/ED-00/FSL-04D/LaserCalibration/P8140034.ORF
132313,496,4,checkerboard,,/fishsense_data/__unsorted-data/2023.08.14.FishSense.Host01s Pool/ED-00/FSL-04D/LaserCalibration/P8140008.ORF,/home/chris/mnt/fishsense_data/__unsorted-data/2023.08.14.FishSense.Host01s Pool/ED-00/FSL-04D/LaserCalibration/P8140008.ORF
132335,496,4,checkerboard,,/fishsense_data/__unsorted-data/2023.08.14.FishSense.Host01s Pool/ED-00/FSL-04D/LaserCalibration/P8140030.ORF,/home/chris/mnt/fishsense_data/__unsorted-data/2023.08.14.FishSense.Host01s Pool/ED-00/FSL-04D/LaserCalibration/P8140030.ORF
132332,496,4,checkerboard,,/fishsense_data/__unsorted-data/2023.08.14.FishSense.Host01s Pool/ED-00/FSL-04D/LaserCalibration/P8140027.ORF,/home/chris/mnt/fishsense_data/__unsorted-data/2023.08.14.FishSense.Host01s Pool/ED-00/FSL-04D/LaserCalibration/P8140027.ORF
132319,496,4,checkerboard,,/fishsense_data/__unsorted-data/2023.08.14.FishSense.Host01s Pool/ED-00/FSL-04D/LaserCalibration/P8140014.ORF,/home/chris/mnt/fishsense_data/__unsorted-data/2023.08.14.FishSense.Host01s Pool/ED-00/FSL-04D/LaserCalibration/P8140014.ORF
132325,496,4,checkerboard,,/fishsense_data/__unsorted-data/2023.08.14.FishSense.Host01s Pool/ED-00/FSL-04D/LaserCalibration/P8140020.ORF,/home/chris/mnt/fishsense_data/__unsorted-data/2023.08.14.FishSense.Host01s Pool/ED-00/FSL-04D/LaserCalibration/P8140020.ORF
132311,496,4,checkerboard,,/fishsense_data/__unsorted-data/2023.08.14.FishSense.Host01s Pool/ED-00/FSL-04D/LaserCalibration/P8140006.ORF,/home/chris/mnt/fishsense_data/__unsorted-data/2023.08.14.FishSense.Host01s Pool/ED-00/FSL-04D/LaserCalibration/P8140006.ORF
132322,496,4,checkerboard,,/fishsense_data/__unsorted-data/2023.08.14.FishSense.Host01s Pool/ED-00/FSL-04D/LaserCalibration/P8140017.ORF,/home/chris/mnt/fishsense_data/__unsorted-data/2023.08.14.FishSense.Host01s Pool/ED-00/FSL-04D/LaserCalibration/P8140017.ORF
132307,496,4,checkerboard,,/fishsense_data/__unsorted-data/2023.08.14.FishSense.Host01s Pool/ED-00/FSL-04D/LaserCalibration/P8140002.ORF,/home/chris/mnt/fishsense_data/__unsorted-data/2023.08.14.FishSense.Host01s Pool/ED-00/FSL-04D/LaserCalibration/P8140002.ORF
132321,496,4,checkerboard,,/fishsense_data/__unsorted-data/2023.08.14.FishSense.Host01s Pool/ED-00/FSL-04D/LaserCalibration/P8140016.ORF,/home/chris/mnt/fishsense_data/__unsorted-data/2023.08.14.FishSense.Host01s Pool/ED-00/FSL-04D/LaserCalibration/P8140016.ORF
132309,496,4,checkerboard,,/fishsense_data/__unsorted-data/2023.08.14.FishSense.Host01s Pool/ED-00/FSL-04D/LaserCalibration/P8140004.ORF,/home/chris/mnt/fishsense_data/__unsorted-data/2023.08.14.FishSense.Host01s Pool/ED-00/FSL-04D/LaserCalibration/P8140004.ORF
132341,496,4,checkerboard,,/fishsense_data/__unsorted-data/2023.08.14.FishSense.Host01s Pool/ED-00/FSL-04D/LaserCalibration/P8140036.ORF,/home/chris/mnt/fishsense_data/__unsorted-data/2023.08.14.FishSense.Host01s Pool/ED-00/FSL-04D/LaserCalibration/P8140036.ORF
132327,496,4,checkerboard,,/fishsense_data/__unsorted-data/2023.08.14.FishSense.Host01s Pool/ED-00/FSL-04D/LaserCalibration/P8140022.ORF,/home/chris/mnt/fishsense_data/__unsorted-data/2023.08.14.FishSense.Host01s Pool/ED-00/FSL-04D/LaserCalibration/P8140022.ORF
132306,496,4,checkerboard,,/fishsense_data/__unsorted-data/2023.08.14.FishSense.Host01s Pool/ED-00/FSL-04D/LaserCalibration/P8140001.ORF,/home/chris/mnt/fishsense_data/__unsorted-data/2023.08.14.FishSense.Host01s Pool/ED-00/FSL-04D/LaserCalibration/P8140001.ORF
132318,496,4,checkerboard,,/fishsense_data/__unsorted-data/2023.08.14.FishSense.Host01s Pool/ED-00/FSL-04D/LaserCalibration/P8140013.ORF,/home/chris/mnt/fishsense_data/__unsorted-data/2023.08.14.FishSense.Host01s Pool/ED-00/FSL-04D/LaserCalibration/P8140013.ORF
132329,496,4,checkerboard,,/fishsense_data/__unsorted-data/2023.08.14.FishSense.Host01s Pool/ED-00/FSL-04D/LaserCalibration/P8140024.ORF,/home/chris/mnt/fishsense_data/__unsorted-data/2023.08.14.FishSense.Host01s Pool/ED-00/FSL-04D/LaserCalibration/P8140024.ORF
132337,496,4,checkerboard,,/fishsense_data/__unsorted-data/2023.08.14.FishSense.Host01s Pool/ED-00/FSL-04D/LaserCalibration/P8140032.ORF,/home/chris/mnt/fishsense_data/__unsorted-data/2023.08.14.FishSense.Host01s Pool/ED-00/FSL-04D/LaserCalibration/P8140032.ORF
132338,496,4,checkerboard,,/fishsense_data/__unsorted-data/2023.08.14.FishSense.Host01s Pool/ED-00/FSL-04D/LaserCalibration/P8140033.ORF,/home/chris/mnt/fishsense_data/__unsorted-data/2023.08.14.FishSense.Host01s Pool/ED-00/FSL-04D/LaserCalibration/P8140033.ORF
132312,496,4,checkerboard,,/fishsense_data/__unsorted-data/2023.08.14.FishSense.Host01s Pool/ED-00/FSL-04D/LaserCalibration/P8140007.ORF,/home/chris/mnt/fishsense_data/__unsorted-data/2023.08.14.FishSense.Host01s Pool/ED-00/FSL-04D/LaserCalibration/P8140007.ORF
132324,496,4,checkerboard,,/fishsense_data/__unsorted-data/2023.08.14.FishSense.Host01s Pool/ED-00/FSL-04D/LaserCalibration/P8140019.ORF,/home/chris/mnt/fishsense_data/__unsorted-data/2023.08.14.FishSense.Host01s Pool/ED-00/FSL-04D/LaserCalibration/P8140019.ORF
132320,496,4,checkerboard,,/fishsense_data/__unsorted-data/2023.08.14.FishSense.Host01s Pool/ED-00/FSL-04D/LaserCalibration/P8140015.ORF,/home/chris/mnt/fishsense_data/__unsorted-data/2023.08.14.FishSense.Host01s Pool/ED-00/FSL-04D/LaserCalibration/P8140015.ORF
132336,496,4,checkerboard,,/fishsense_data/__unsorted-data/2023.08.14.FishSense.Host01s Pool/ED-00/FSL-04D/LaserCalibration/P8140031.ORF,/home/chris/mnt/fishsense_data/__unsorted-data/2023.08.14.FishSense.Host01s Pool/ED-00/FSL-04D/LaserCalibration/P8140031.ORF
134606,522,3,checkerboard,,/fishsense_data/__unsorted-data/2023.08.18.FishSense.Host01s Pool/08_18_Pool_Test_FSL-03/P8180217.ORF,/home/chris/mnt/fishsense_data/__unsorted-data/2023.08.18.FishSense.Host01s Pool/08_18_Pool_Test_FSL-03/P8180217.ORF
134411,522,3,checkerboard,,/fishsense_data/__unsorted-data/2023.08.18.FishSense.Host01s Pool/08_18_Pool_Test_FSL-03/P8180022.ORF,/home/chris/mnt/fishsense_data/__unsorted-data/2023.08.18.FishSense.Host01s Pool/08_18_Pool_Test_FSL-03/P8180022.ORF
134474,522,3,checkerboard,,/fishsense_data/__unsorted-data/2023.08.18.FishSense.Host01s Pool/08_18_Pool_Test_FSL-03/P8180085.ORF,/home/chris/mnt/fishsense_data/__unsorted-data/2023.08.18.FishSense.Host01s Pool/08_18_Pool_Test_FSL-03/P8180085.ORF
134419,522,3,checkerboard,,/fishsense_data/__unsorted-data/2023.08.18.FishSense.Host01s Pool/08_18_Pool_Test_FSL-03/P8180030.ORF,/home/chris/mnt/fishsense_data/__unsorted-data/2023.08.18.FishSense.Host01s Pool/08_18_Pool_Test_FSL-03/P8180030.ORF
134622,522,3,checkerboard,,/fishsense_data/__unsorted-data/2023.08.18.FishSense.Host01s Pool/08_18_Pool_Test_FSL-03/P8180233.ORF,/home/chris/mnt/fishsense_data/__unsorted-data/2023.08.18.FishSense.Host01s Pool/08_18_Pool_Test_FSL-03/P8180233.ORF
134430,522,3,checkerboard,,/fishsense_data/__unsorted-data/2023.08.18.FishSense.Host01s Pool/08_18_Pool_Test_FSL-03/P8180041.ORF,/home/chris/mnt/fishsense_data/__unsorted-data/2023.08.18.FishSense.Host01s Pool/08_18_Pool_Test_FSL-03/P8180041.ORF
134527,522,3,checkerboard,,/fishsense_data/__unsorted-data/2023.08.18.FishSense.Host01s Pool/08_18_Pool_Test_FSL-03/P8180138.ORF,/home/chris/mnt/fishsense_data/__unsorted-data/2023.08.18.FishSense.Host01s Pool/08_18_Pool_Test_FSL-03/P8180138.ORF
134438,522,3,checkerboard,,/fishsense_data/__unsorted-data/2023.08.18.FishSense.Host01s Pool/08_18_Pool_Test_FSL-03/P8180049.ORF,/home/chris/mnt/fishsense_data/__unsorted-data/2023.08.18.FishSense.Host01s Pool/08_18_Pool_Test_FSL-03/P8180049.ORF
134415,522,3,checkerboard,,/fishsense_data/__unsorted-data/2023.08.18.FishSense.Host01s Pool/08_18_Pool_Test_FSL-03/P8180026.ORF,/home/chris/mnt/fishsense_data/__unsorted-data/2023.08.18.FishSense.Host01s Pool/08_18_Pool_Test_FSL-03/P8180026.ORF
134464,522,3,checkerboard,,/fishsense_data/__unsorted-data/2023.08.18.FishSense.Host01s Pool/08_18_Pool_Test_FSL-03/P8180075.ORF,/home/chris/mnt/fishsense_data/__unsorted-data/2023.08.18.FishSense.Host01s Pool/08_18_Pool_Test_FSL-03/P8180075.ORF
134422,522,3,checkerboard,,/fishsense_data/__unsorted-data/2023.08.18.FishSense.Host01s Pool/08_18_Pool_Test_FSL-03/P8180033.ORF,/home/chris/mnt/fishsense_data/__unsorted-data/2023.08.18.FishSense.Host01s Pool/08_18_Pool_Test_FSL-03/P8180033.ORF
134478,522,3,checkerboard,,/fishsense_data/__unsorted-data/2023.08.18.FishSense.Host01s Pool/08_18_Pool_Test_FSL-03/P8180089.ORF,/home/chris/mnt/fishsense_data/__unsorted-data/2023.08.18.FishSense.Host01s Pool/08_18_Pool_Test_FSL-03/P8180089.ORF
134599,522,3,checkerboard,,/fishsense_data/__unsorted-data/2023.08.18.FishSense.Host01s Pool/08_18_Pool_Test_FSL-03/P8180210.ORF,/home/chris/mnt/fishsense_data/__unsorted-data/2023.08.18.FishSense.Host01s Pool/08_18_Pool_Test_FSL-03/P8180210.ORF
134649,522,3,checkerboard,,/fishsense_data/__unsorted-data/2023.08.18.FishSense.Host01s Pool/08_18_Pool_Test_FSL-03/P8180260.ORF,/home/chris/mnt/fishsense_data/__unsorted-data/2023.08.18.FishSense.Host01s Pool/08_18_Pool_Test_FSL-03/P8180260.ORF
134575,522,3,checkerboard,,/fishsense_data/__unsorted-data/2023.08.18.FishSense.Host01s Pool/08_18_Pool_Test_FSL-03/P8180186.ORF,/home/chris/mnt/fishsense_data/__unsorted-data/2023.08.18.FishSense.Host01s Pool/08_18_Pool_Test_FSL-03/P8180186.ORF
134400,522,3,checkerboard,,/fishsense_data/__unsorted-data/2023.08.18.FishSense.Host01s Pool/08_18_Pool_Test_FSL-03/P8180011.ORF,/home/chris/mnt/fishsense_data/__unsorted-data/2023.08.18.FishSense.Host01s Pool/08_18_Pool_Test_FSL-03/P8180011.ORF
134529,522,3,checkerboard,,/fishsense_data/__unsorted-data/2023.08.18.FishSense.Host01s Pool/08_18_Pool_Test_FSL-03/P8180140.ORF,/home/chris/mnt/fishsense_data/__unsorted-data/2023.08.18.FishSense.Host01s Pool/08_18_Pool_Test_FSL-03/P8180140.ORF
134425,522,3,checkerboard,,/fishsense_data/__unsorted-data/2023.08.18.FishSense.Host01s Pool/08_18_Pool_Test_FSL-03/P8180036.ORF,/home/chris/mnt/fishsense_data/__unsorted-data/2023.08.18.FishSense.Host01s Pool/08_18_Pool_Test_FSL-03/P8180036.ORF
134459,522,3,checkerboard,,/fishsense_data/__unsorted-data/2023.08.18.FishSense.Host01s Pool/08_18_Pool_Test_FSL-03/P8180070.ORF,/home/chris/mnt/fishsense_data/__unsorted-data/2023.08.18.FishSense.Host01s Pool/08_18_Pool_Test_FSL-03/P8180070.ORF
134562,522,3,checkerboard,,/fishsense_data/__unsorted-data/2023.08.18.FishSense.Host01s Pool/08_18_Pool_Test_FSL-03/P8180173.ORF,/home/chris/mnt/fishsense_data/__unsorted-data/2023.08.18.FishSense.Host01s Pool/08_18_Pool_Test_FSL-03/P8180173.ORF
134420,522,3,checkerboard,,/fishsense_data/__unsorted-data/2023.08.18.FishSense.Host01s Pool/08_18_Pool_Test_FSL-03/P8180031.ORF,/home/chris/mnt/fishsense_data/__unsorted-data/2023.08.18.FishSense.Host01s Pool/08_18_Pool_Test_FSL-03/P8180031.ORF
134472,522,3,checkerboard,,/fishsense_data/__unsorted-data/2023.08.18.FishSense.Host01s Pool/08_18_Pool_Test_FSL-03/P8180083.ORF,/home/chris/mnt/fishsense_data/__unsorted-data/2023.08.18.FishSense.Host01s Pool/08_18_Pool_Test_FSL-03/P8180083.ORF
134412,522,3,checkerboard,,/fishsense_data/__unsorted-data/2023.08.18.FishSense.Host01s Pool/08_18_Pool_Test_FSL-03/P8180023.ORF,/home/chris/mnt/fishsense_data/__unsorted-data/2023.08.18.FishSense.Host01s Pool/08_18_Pool_Test_FSL-03/P8180023.ORF
134496,522,3,checkerboard,,/fishsense_data/__unsorted-data/2023.08.18.FishSense.Host01s Pool/08_18_Pool_Test_FSL-03/P8180107.ORF,/home/chris/mnt/fishsense_data/__unsorted-data/2023.08.18.FishSense.Host01s Pool/08_18_Pool_Test_FSL-03/P8180107.ORF
134393,522,3,checkerboard,,/fishsense_data/__unsorted-data/2023.08.18.FishSense.Host01s Pool/08_18_Pool_Test_FSL-03/P8180004.ORF,/home/chris/mnt/fishsense_data/__unsorted-data/2023.08.18.FishSense.Host01s Pool/08_18_Pool_Test_FSL-03/P8180004.ORF
134460,522,3,checkerboard,,/fishsense_data/__unsorted-data/2023.08.18.FishSense.Host01s Pool/08_18_Pool_Test_FSL-03/P8180071.ORF,/home/chris/mnt/fishsense_data/__unsorted-data/2023.08.18.FishSense.Host01s Pool/08_18_Pool_Test_FSL-03/P8180071.ORF
134447,522,3,checkerboard,,/fishsense_data/__unsorted-data/2023.08.18.FishSense.Host01s Pool/08_18_Pool_Test_FSL-03/P8180058.ORF,/home/chris/mnt/fishsense_data/__unsorted-data/2023.08.18.FishSense.Host01s Pool/08_18_Pool_Test_FSL-03/P8180058.ORF
134650,522,3,checkerboard,,/fishsense_data/__unsorted-data/2023.08.18.FishSense.Host01s Pool/08_18_Pool_Test_FSL-03/P8180261.ORF,/home/chris/mnt/fishsense_data/__unsorted-data/2023.08.18.FishSense.Host01s Pool/08_18_Pool_Test_FSL-03/P8180261.ORF
134424,522,3,checkerboard,,/fishsense_data/__unsorted-data/2023.08.18.FishSense.Host01s Pool/08_18_Pool_Test_FSL-03/P8180035.ORF,/home/chris/mnt/fishsense_data/__unsorted-data/2023.08.18.FishSense.Host01s Pool/08_18_Pool_Test_FSL-03/P8180035.ORF
134635,522,3,checkerboard,,/fishsense_data/__unsorted-data/2023.08.18.FishSense.Host01s Pool/08_18_Pool_Test_FSL-03/P8180246.ORF,/home/chris/mnt/fishsense_data/__unsorted-data/2023.08.18.FishSense.Host01s Pool/08_18_Pool_Test_FSL-03/P8180246.ORF
134389,521,2,checkerboard,,/fishsense_data/__unsorted-data/2023.08.18.FishSense.Host01s Pool/08_18_Pool_Test_FSL-02/P8180361.ORF,/home/chris/mnt/fishsense_data/__unsorted-data/2023.08.18.FishSense.Host01s Pool/08_18_Pool_Test_FSL-02/P8180361.ORF
134305,521,2,checkerboard,,/fishsense_data/__unsorted-data/2023.08.18.FishSense.Host01s Pool/08_18_Pool_Test_FSL-02/P8180277.ORF,/home/chris/mnt/fishsense_data/__unsorted-data/2023.08.18.FishSense.Host01s Pool/08_18_Pool_Test_FSL-02/P8180277.ORF
134380,521,2,checkerboard,,/fishsense_data/__unsorted-data/2023.08.18.FishSense.Host01s Pool/08_18_Pool_Test_FSL-02/P8180352.ORF,/home/chris/mnt/fishsense_data/__unsorted-data/2023.08.18.FishSense.Host01s Pool/08_18_Pool_Test_FSL-02/P8180352.ORF
134221,521,2,checkerboard,,/fishsense_data/__unsorted-data/2023.08.18.FishSense.Host01s Pool/08_18_Pool_Test_FSL-02/P8180193.ORF,/home/chris/mnt/fishsense_data/__unsorted-data/2023.08.18.FishSense.Host01s Pool/08_18_Pool_Test_FSL-02/P8180193.ORF
134355,521,2,checkerboard,,/fishsense_data/__unsorted-data/2023.08.18.FishSense.Host01s Pool/08_18_Pool_Test_FSL-02/P8180327.ORF,/home/chris/mnt/fishsense_data/__unsorted-data/2023.08.18.FishSense.Host01s Pool/08_18_Pool_Test_FSL-02/P8180327.ORF
134351,521,2,checkerboard,,/fishsense_data/__unsorted-data/2023.08.18.FishSense.Host01s Pool/08_18_Pool_Test_FSL-02/P8180323.ORF,/home/chris/mnt/fishsense_data/__unsorted-data/2023.08.18.FishSense.Host01s Pool/08_18_Pool_Test_FSL-02/P8180323.ORF
134320,521,2,checkerboard,,/fishsense_data/__unsorted-data/2023.08.18.FishSense.Host01s Pool/08_18_Pool_Test_FSL-02/P8180292.ORF,/home/chris/mnt/fishsense_data/__unsorted-data/2023.08.18.FishSense.Host01s Pool/08_18_Pool_Test_FSL-02/P8180292.ORF
134353,521,2,checkerboard,,/fishsense_data/__unsorted-data/2023.08.18.FishSense.Host01s Pool/08_18_Pool_Test_FSL-02/P8180325.ORF,/home/chris/mnt/fishsense_data/__unsorted-data/2023.08.18.FishSense.Host01s Pool/08_18_Pool_Test_FSL-02/P8180325.ORF
134224,521,2,checkerboard,,/fishsense_data/__unsorted-data/2023.08.18.FishSense.Host01s Pool/08_18_Pool_Test_FSL-02/P8180196.ORF,/home/chris/mnt/fishsense_data/__unsorted-data/2023.08.18.FishSense.Host01s Pool/08_18_Pool_Test_FSL-02/P8180196.ORF
134319,521,2,checkerboard,,/fishsense_data/__unsorted-data/2023.08.18.FishSense.Host01s Pool/08_18_Pool_Test_FSL-02/P8180291.ORF,/home/chris/mnt/fishsense_data/__unsorted-data/2023.08.18.FishSense.Host01s Pool/08_18_Pool_Test_FSL-02/P8180291.ORF
134368,521,2,checkerboard,,/fishsense_data/__unsorted-data/2023.08.18.FishSense.Host01s Pool/08_18_Pool_Test_FSL-02/P8180340.ORF,/home/chris/mnt/fishsense_data/__unsorted-data/2023.08.18.FishSense.Host01s Pool/08_18_Pool_Test_FSL-02/P8180340.ORF
134336,521,2,checkerboard,,/fishsense_data/__unsorted-data/2023.08.18.FishSense.Host01s Pool/08_18_Pool_Test_FSL-02/P8180308.ORF,/home/chris/mnt/fishsense_data/__unsorted-data/2023.08.18.FishSense.Host01s Pool/08_18_Pool_Test_FSL-02/P8180308.ORF
134231,521,2,checkerboard,,/fishsense_data/__unsorted-data/2023.08.18.FishSense.Host01s Pool/08_18_Pool_Test_FSL-02/P8180203.ORF,/home/chris/mnt/fishsense_data/__unsorted-data/2023.08.18.FishSense.Host01s Pool/08_18_Pool_Test_FSL-02/P8180203.ORF
134293,521,2,checkerboard,,/fishsense_data/__unsorted-data/2023.08.18.FishSense.Host01s Pool/08_18_Pool_Test_FSL-02/P8180265.ORF,/home/chris/mnt/fishsense_data/__unsorted-data/2023.08.18.FishSense.Host01s Pool/08_18_Pool_Test_FSL-02/P8180265.ORF
134296,521,2,checkerboard,,/fishsense_data/__unsorted-data/2023.08.18.FishSense.Host01s Pool/08_18_Pool_Test_FSL-02/P8180268.ORF,/home/chris/mnt/fishsense_data/__unsorted-data/2023.08.18.FishSense.Host01s Pool/08_18_Pool_Test_FSL-02/P8180268.ORF
134229,521,2,checkerboard,,/fishsense_data/__unsorted-data/2023.08.18.FishSense.Host01s Pool/08_18_Pool_Test_FSL-02/P8180201.ORF,/home/chris/mnt/fishsense_data/__unsorted-data/2023.08.18.FishSense.Host01s Pool/08_18_Pool_Test_FSL-02/P8180201.ORF
134361,521,2,checkerboard,,/fishsense_data/__unsorted-data/2023.08.18.FishSense.Host01s Pool/08_18_Pool_Test_FSL-02/P8180333.ORF,/home/chris/mnt/fishsense_data/__unsorted-data/2023.08.18.FishSense.Host01s Pool/08_18_Pool_Test_FSL-02/P8180333.ORF
134216,521,2,checkerboard,,/fishsense_data/__unsorted-data/2023.08.18.FishSense.Host01s Pool/08_18_Pool_Test_FSL-02/P8180188.ORF,/home/chris/mnt/fishsense_data/__unsorted-data/2023.08.18.FishSense.Host01s Pool/08_18_Pool_Test_FSL-02/P8180188.ORF
134263,521,2,checkerboard,,/fishsense_data/__unsorted-data/2023.08.18.FishSense.Host01s Pool/08_18_Pool_Test_FSL-02/P8180235.ORF,/home/chris/mnt/fishsense_data/__unsorted-data/2023.08.18.FishSense.Host01s Pool/08_18_Pool_Test_FSL-02/P8180235.ORF
134307,521,2,checkerboard,,/fishsense_data/__unsorted-data/2023.08.18.FishSense.Host01s Pool/08_18_Pool_Test_FSL-02/P8180279.ORF,/home/chris/mnt/fishsense_data/__unsorted-data/2023.08.18.FishSense.Host01s Pool/08_18_Pool_Test_FSL-02/P8180279.ORF
134257,521,2,checkerboard,,/fishsense_data/__unsorted-data/2023.08.18.FishSense.Host01s Pool/08_18_Pool_Test_FSL-02/P8180229.ORF,/home/chris/mnt/fishsense_data/__unsorted-data/2023.08.18.FishSense.Host01s Pool/08_18_Pool_Test_FSL-02/P8180229.ORF
134262,521,2,checkerboard,,/fishsense_data/__unsorted-data/2023.08.18.FishSense.Host01s Pool/08_18_Pool_Test_FSL-02/P8180234.ORF,/home/chris/mnt/fishsense_data/__unsorted-data/2023.08.18.FishSense.Host01s Pool/08_18_Pool_Test_FSL-02/P8180234.ORF
134280,521,2,checkerboard,,/fishsense_data/__unsorted-data/2023.08.18.FishSense.Host01s Pool/08_18_Pool_Test_FSL-02/P8180252.ORF,/home/chris/mnt/fishsense_data/__unsorted-data/2023.08.18.FishSense.Host01s Pool/08_18_Pool_Test_FSL-02/P8180252.ORF
134218,521,2,checkerboard,,/fishsense_data/__unsorted-data/2023.08.18.FishSense.Host01s Pool/08_18_Pool_Test_FSL-02/P8180190.ORF,/home/chris/mnt/fishsense_data/__unsorted-data/2023.08.18.FishSense.Host01s Pool/08_18_Pool_Test_FSL-02/P8180190.ORF
134210,521,2,checkerboard,,/fishsense_data/__unsorted-data/2023.08.18.FishSense.Host01s Pool/08_18_Pool_Test_FSL-02/P8180182.ORF,/home/chris/mnt/fishsense_data/__unsorted-data/2023.08.18.FishSense.Host01s Pool/08_18_Pool_Test_FSL-02/P8180182.ORF
134312,521,2,checkerboard,,/fishsense_data/__unsorted-data/2023.08.18.FishSense.Host01s Pool/08_18_Pool_Test_FSL-02/P8180284.ORF,/home/chris/mnt/fishsense_data/__unsorted-data/2023.08.18.FishSense.Host01s Pool/08_18_Pool_Test_FSL-02/P8180284.ORF
134286,521,2,checkerboard,,/fishsense_data/__unsorted-data/2023.08.18.FishSense.Host01s Pool/08_18_Pool_Test_FSL-02/P8180258.ORF,/home/chris/mnt/fishsense_data/__unsorted-data/2023.08.18.FishSense.Host01s Pool/08_18_Pool_Test_FSL-02/P8180258.ORF
134387,521,2,checkerboard,,/fishsense_data/__unsorted-data/2023.08.18.FishSense.Host01s Pool/08_18_Pool_Test_FSL-02/P8180359.ORF,/home/chris/mnt/fishsense_data/__unsorted-data/2023.08.18.FishSense.Host01s Pool/08_18_Pool_Test_FSL-02/P8180359.ORF
134279,521,2,checkerboard,,/fishsense_data/__unsorted-data/2023.08.18.FishSense.Host01s Pool/08_18_Pool_Test_FSL-02/P8180251.ORF,/home/chris/mnt/fishsense_data/__unsorted-data/2023.08.18.FishSense.Host01s Pool/08_18_Pool_Test_FSL-02/P8180251.ORF
134376,521,2,checkerboard,,/fishsense_data/__unsorted-data/2023.08.18.FishSense.Host01s Pool/08_18_Pool_Test_FSL-02/P8180348.ORF,/home/chris/mnt/fishsense_data/__unsorted-data/2023.08.18.FishSense.Host01s Pool/08_18_Pool_Test_FSL-02/P8180348.ORF
