image_id,remedy,covered,ratio,head_err,tail_err,touches_edge
101293,"production (fish > 0.5, on dot)",True,1.053060796051453,0.008222208653202837,0.19657468710854947,False
101293,threshold 0.3,True,1.053060796051453,0.008222208653202837,0.19657468710854947,False
101293,threshold 0.2,True,1.053060796051453,0.008222208653202837,0.19657468710854947,False
101293,threshold 0.1,True,1.053060796051453,0.008222208653202837,0.19657468710854947,False
101293,dot tolerance 15 px,True,1.053060796051453,0.008222208653202837,0.19657468710854947,False
101293,prompt ensemble (> 0.5),True,1.0490094854771168,0.0037573494839082105,0.1969795514267596,False
101293,threshold 0.3 + tolerance 15 + ensemble,True,1.0490094854771168,0.0037573494839082105,0.1969795514267596,False
101294,"production (fish > 0.5, on dot)",True,0.999438137389468,0.031750476817831434,0.16067007401016148,False
101294,threshold 0.3,True,0.999438137389468,0.031750476817831434,0.16067007401016148,False
101294,threshold 0.2,True,0.999438137389468,0.031750476817831434,0.16067007401016148,False
101294,threshold 0.1,True,0.999438137389468,0.031750476817831434,0.16067007401016148,False
101294,dot tolerance 15 px,True,0.999438137389468,0.031750476817831434,0.16067007401016148,False
101294,prompt ensemble (> 0.5),True,0.9945368782824565,0.028044248995242632,0.15872629769453403,False
101294,threshold 0.3 + tolerance 15 + ensemble,True,0.9945368782824565,0.028044248995242632,0.15872629769453403,False
101295,"production (fish > 0.5, on dot)",True,0.9742260137751454,0.013913086621887763,0.03718542886597556,False
101295,threshold 0.3,True,0.9742260137751454,0.013913086621887763,0.03718542886597556,False
101295,threshold 0.2,True,0.9742260137751454,0.013913086621887763,0.03718542886597556,False
101295,threshold 0.1,True,0.9742260137751454,0.013913086621887763,0.03718542886597556,False
101295,dot tolerance 15 px,True,0.9742260137751454,0.013913086621887763,0.03718542886597556,False
101295,prompt ensemble (> 0.5),True,0.9689866496452235,0.016286142312402274,0.03877456498594751,False
101295,threshold 0.3 + tolerance 15 + ensemble,True,0.9689866496452235,0.016286142312402274,0.03877456498594751,False
101296,"production (fish > 0.5, on dot)",True,,,,False
101296,threshold 0.3,True,,,,False
101296,threshold 0.2,True,,,,False
101296,threshold 0.1,True,,,,False
101296,dot tolerance 15 px,True,,,,False
101296,prompt ensemble (> 0.5),True,,,,False
101296,threshold 0.3 + tolerance 15 + ensemble,True,,,,False
101297,"production (fish > 0.5, on dot)",True,1.0827328340818263,0.12530680224304955,0.27091482745796935,False
101297,threshold 0.3,True,1.0827328340818263,0.12530680224304955,0.27091482745796935,False
101297,threshold 0.2,True,1.0827328340818263,0.12530680224304955,0.27091482745796935,False
101297,threshold 0.1,True,1.0827328340818263,0.12530680224304955,0.27091482745796935,False
101297,dot tolerance 15 px,True,1.0827328340818263,0.12530680224304955,0.27091482745796935,False
101297,prompt ensemble (> 0.5),True,1.0827328340818263,0.12530680224304955,0.27091482745796935,False
101297,threshold 0.3 + tolerance 15 + ensemble,True,1.0827328340818263,0.12530680224304955,0.27091482745796935,False
101301,"production (fish > 0.5, on dot)",False,,,,
101301,threshold 0.3,True,1.1183853442172789,0.061097515388925404,0.16092925846783945,False
101301,threshold 0.2,True,1.1183853442172789,0.061097515388925404,0.16092925846783945,False
101301,threshold 0.1,True,1.1183853442172789,0.061097515388925404,0.16092925846783945,False
101301,dot tolerance 15 px,False,,,,
101301,prompt ensemble (> 0.5),False,,,,
101301,threshold 0.3 + tolerance 15 + ensemble,True,1.1183853442172789,0.061097515388925404,0.16092925846783945,False
101302,"production (fish > 0.5, on dot)",False,,,,
101302,threshold 0.3,True,0.9543632600487736,0.03975476988304946,0.06364273344765324,False
101302,threshold 0.2,True,0.9543632600487736,0.03975476988304946,0.06364273344765324,False
101302,threshold 0.1,True,0.9543632600487736,0.03975476988304946,0.06364273344765324,False
101302,dot tolerance 15 px,False,,,,
101302,prompt ensemble (> 0.5),False,,,,
101302,threshold 0.3 + tolerance 15 + ensemble,True,0.9543632600487736,0.03975476988304946,0.06364273344765324,False
101303,"production (fish > 0.5, on dot)",True,1.0093175692970764,0.04435289666825917,0.1901456577761848,False
101303,threshold 0.3,True,1.0093175692970764,0.04435289666825917,0.1901456577761848,False
101303,threshold 0.2,True,1.0093175692970764,0.04435289666825917,0.1901456577761848,False
101303,threshold 0.1,True,1.0093175692970764,0.04435289666825917,0.1901456577761848,False
101303,dot tolerance 15 px,True,1.0093175692970764,0.04435289666825917,0.1901456577761848,False
101303,prompt ensemble (> 0.5),True,1.0093175692970764,0.04435289666825917,0.1901456577761848,False
101303,threshold 0.3 + tolerance 15 + ensemble,True,1.0093175692970764,0.04435289666825917,0.1901456577761848,False
101304,"production (fish > 0.5, on dot)",True,1.081503870850139,0.022796076040435043,0.22946798681298033,False
101304,threshold 0.3,True,1.081503870850139,0.022796076040435043,0.22946798681298033,False
101304,threshold 0.2,True,1.081503870850139,0.022796076040435043,0.22946798681298033,False
101304,threshold 0.1,True,1.081503870850139,0.022796076040435043,0.22946798681298033,False
101304,dot tolerance 15 px,True,1.081503870850139,0.022796076040435043,0.22946798681298033,False
101304,prompt ensemble (> 0.5),True,1.081503870850139,0.022796076040435043,0.22946798681298033,False
101304,threshold 0.3 + tolerance 15 + ensemble,True,1.081503870850139,0.022796076040435043,0.22946798681298033,False
101305,"production (fish > 0.5, on dot)",True,1.025062254619573,0.07052801426386851,0.23359801732868468,False
101305,threshold 0.3,True,1.025062254619573,0.07052801426386851,0.23359801732868468,False
101305,threshold 0.2,True,1.025062254619573,0.07052801426386851,0.23359801732868468,False
101305,threshold 0.1,True,1.025062254619573,0.07052801426386851,0.23359801732868468,False
101305,dot tolerance 15 px,True,1.025062254619573,0.07052801426386851,0.23359801732868468,False
101305,prompt ensemble (> 0.5),True,1.025062254619573,0.07052801426386851,0.23359801732868468,False
101305,threshold 0.3 + tolerance 15 + ensemble,True,1.025062254619573,0.07052801426386851,0.23359801732868468,False
101306,"production (fish > 0.5, on dot)",True,0.9712645790601717,0.054081707446289706,0.14902802949233165,False
101306,threshold 0.3,True,0.9712645790601717,0.054081707446289706,0.14902802949233165,False
101306,threshold 0.2,True,0.9712645790601717,0.054081707446289706,0.14902802949233165,False
101306,threshold 0.1,True,0.9712645790601717,0.054081707446289706,0.14902802949233165,False
101306,dot tolerance 15 px,True,0.9712645790601717,0.054081707446289706,0.14902802949233165,False
101306,prompt ensemble (> 0.5),True,0.9712645790601717,0.054081707446289706,0.14902802949233165,False
101306,threshold 0.3 + tolerance 15 + ensemble,True,0.9712645790601717,0.054081707446289706,0.14902802949233165,False
101307,"production (fish > 0.5, on dot)",True,1.0159009111177513,0.029820942017824925,0.2196907114336791,False
101307,threshold 0.3,True,1.0159009111177513,0.029820942017824925,0.2196907114336791,False
101307,threshold 0.2,True,1.0159009111177513,0.029820942017824925,0.2196907114336791,False
101307,threshold 0.1,True,1.0159009111177513,0.029820942017824925,0.2196907114336791,False
101307,dot tolerance 15 px,True,1.0159009111177513,0.029820942017824925,0.2196907114336791,False
101307,prompt ensemble (> 0.5),True,1.0159009111177513,0.029820942017824925,0.2196907114336791,False
101307,threshold 0.3 + tolerance 15 + ensemble,True,1.0159009111177513,0.029820942017824925,0.2196907114336791,False
101308,"production (fish > 0.5, on dot)",True,1.0853199518493668,0.22907804054429828,0.21970054960479501,False
101308,threshold 0.3,True,1.0853199518493668,0.22907804054429828,0.21970054960479501,False
101308,threshold 0.2,True,1.0853199518493668,0.22907804054429828,0.21970054960479501,False
101308,threshold 0.1,True,1.0853199518493668,0.22907804054429828,0.21970054960479501,False
101308,dot tolerance 15 px,True,1.0853199518493668,0.22907804054429828,0.21970054960479501,False
101308,prompt ensemble (> 0.5),True,1.0853199518493668,0.22907804054429828,0.21970054960479501,False
101308,threshold 0.3 + tolerance 15 + ensemble,True,1.0853199518493668,0.22907804054429828,0.21970054960479501,False
101309,"production (fish > 0.5, on dot)",True,1.0500952538164379,0.048049590139992125,0.2154066812182622,False
101309,threshold 0.3,True,1.0500952538164379,0.048049590139992125,0.2154066812182622,False
101309,threshold 0.2,True,1.0500952538164379,0.048049590139992125,0.2154066812182622,False
101309,threshold 0.1,True,1.0500952538164379,0.048049590139992125,0.2154066812182622,False
101309,dot tolerance 15 px,True,1.0500952538164379,0.048049590139992125,0.2154066812182622,False
101309,prompt ensemble (> 0.5),True,1.0500952538164379,0.048049590139992125,0.2154066812182622,False
101309,threshold 0.3 + tolerance 15 + ensemble,True,1.0500952538164379,0.048049590139992125,0.2154066812182622,False
101310,"production (fish > 0.5, on dot)",True,1.086585282194844,0.06399834925945808,0.23772619522048238,False
101310,threshold 0.3,True,1.086585282194844,0.06399834925945808,0.23772619522048238,False
101310,threshold 0.2,True,1.086585282194844,0.06399834925945808,0.23772619522048238,False
101310,threshold 0.1,True,1.086585282194844,0.06399834925945808,0.23772619522048238,False
101310,dot tolerance 15 px,True,1.086585282194844,0.06399834925945808,0.23772619522048238,False
101310,prompt ensemble (> 0.5),True,1.086585282194844,0.06399834925945808,0.23772619522048238,False
101310,threshold 0.3 + tolerance 15 + ensemble,True,1.086585282194844,0.06399834925945808,0.23772619522048238,False
101311,"production (fish > 0.5, on dot)",True,0.7867899337289742,0.039158364269232214,0.2454845797277486,False
101311,threshold 0.3,True,0.7867899337289742,0.039158364269232214,0.2454845797277486,False
101311,threshold 0.2,True,0.7867899337289742,0.039158364269232214,0.2454845797277486,False
101311,threshold 0.1,True,0.7867899337289742,0.039158364269232214,0.2454845797277486,False
101311,dot tolerance 15 px,True,0.7867899337289742,0.039158364269232214,0.2454845797277486,False
101311,prompt ensemble (> 0.5),True,0.7867899337289742,0.039158364269232214,0.2454845797277486,False
101311,threshold 0.3 + tolerance 15 + ensemble,True,0.7867899337289742,0.039158364269232214,0.2454845797277486,False
101312,"production (fish > 0.5, on dot)",True,0.7156577830544346,0.013010514951636534,0.28176418972562095,False
101312,threshold 0.3,True,0.7156577830544346,0.013010514951636534,0.28176418972562095,False
101312,threshold 0.2,True,0.7156577830544346,0.013010514951636534,0.28176418972562095,False
101312,threshold 0.1,True,0.7156577830544346,0.013010514951636534,0.28176418972562095,False
101312,dot tolerance 15 px,True,0.7156577830544346,0.013010514951636534,0.28176418972562095,False
101312,prompt ensemble (> 0.5),True,0.7156577830544346,0.013010514951636534,0.28176418972562095,False
101312,threshold 0.3 + tolerance 15 + ensemble,True,0.7156577830544346,0.013010514951636534,0.28176418972562095,False
101315,"production (fish > 0.5, on dot)",True,1.0477958694609564,0.006381219472617301,0.04588809102787282,False
101315,threshold 0.3,True,1.0477958694609564,0.006381219472617301,0.04588809102787282,False
101315,threshold 0.2,True,1.0477958694609564,0.006381219472617301,0.04588809102787282,False
101315,threshold 0.1,True,1.0477958694609564,0.006381219472617301,0.04588809102787282,False
101315,dot tolerance 15 px,True,1.0477958694609564,0.006381219472617301,0.04588809102787282,False
101315,prompt ensemble (> 0.5),True,1.0400706729051201,0.008707517056737073,0.05172011457355885,False
101315,threshold 0.3 + tolerance 15 + ensemble,True,1.0400706729051201,0.008707517056737073,0.05172011457355885,False
101316,"production (fish > 0.5, on dot)",True,0.9062965796636424,0.01122312540227256,0.16933247878183513,False
101316,threshold 0.3,True,0.9062965796636424,0.01122312540227256,0.16933247878183513,False
101316,threshold 0.2,True,0.9062965796636424,0.01122312540227256,0.16933247878183513,False
101316,threshold 0.1,True,0.9062965796636424,0.01122312540227256,0.16933247878183513,False
101316,dot tolerance 15 px,True,0.9062965796636424,0.01122312540227256,0.16933247878183513,False
101316,prompt ensemble (> 0.5),True,0.9062965796636424,0.01122312540227256,0.16933247878183513,False
101316,threshold 0.3 + tolerance 15 + ensemble,True,0.9062965796636424,0.01122312540227256,0.16933247878183513,False
101317,"production (fish > 0.5, on dot)",True,0.9490251448611242,0.03348104700959648,0.03873998735836318,False
101317,threshold 0.3,True,0.9490251448611242,0.03348104700959648,0.03873998735836318,False
101317,threshold 0.2,True,0.9490251448611242,0.03348104700959648,0.03873998735836318,False
101317,threshold 0.1,True,0.9490251448611242,0.03348104700959648,0.03873998735836318,False
101317,dot tolerance 15 px,True,0.9490251448611242,0.03348104700959648,0.03873998735836318,False
101317,prompt ensemble (> 0.5),True,0.9490251448611242,0.03348104700959648,0.03873998735836318,False
101317,threshold 0.3 + tolerance 15 + ensemble,True,0.9490251448611242,0.03348104700959648,0.03873998735836318,False
101318,"production (fish > 0.5, on dot)",True,0.7844889572270151,0.015684467005639007,0.2073152704239959,False
101318,threshold 0.3,True,0.7844889572270151,0.015684467005639007,0.2073152704239959,False
101318,threshold 0.2,True,0.7844889572270151,0.015684467005639007,0.2073152704239959,False
101318,threshold 0.1,True,0.7844889572270151,0.015684467005639007,0.2073152704239959,False
101318,dot tolerance 15 px,True,0.7844889572270151,0.015684467005639007,0.2073152704239959,False
101318,prompt ensemble (> 0.5),True,0.7844889572270151,0.015684467005639007,0.2073152704239959,False
101318,threshold 0.3 + tolerance 15 + ensemble,True,0.7844889572270151,0.015684467005639007,0.2073152704239959,False
101319,"production (fish > 0.5, on dot)",True,0.8961542838452664,0.02777956271948885,0.09334674165675465,False
101319,threshold 0.3,True,0.8961542838452664,0.02777956271948885,0.09334674165675465,False
101319,threshold 0.2,True,0.8961542838452664,0.02777956271948885,0.09334674165675465,False
101319,threshold 0.1,True,0.8961542838452664,0.02777956271948885,0.09334674165675465,False
101319,dot tolerance 15 px,True,0.8961542838452664,0.02777956271948885,0.09334674165675465,False
101319,prompt ensemble (> 0.5),True,0.8961542838452664,0.02777956271948885,0.09334674165675465,False
101319,threshold 0.3 + tolerance 15 + ensemble,True,0.8961542838452664,0.02777956271948885,0.09334674165675465,False
101320,"production (fish > 0.5, on dot)",True,1.0020883622108354,0.01075742119495055,0.0696899158497091,False
101320,threshold 0.3,True,1.0020883622108354,0.01075742119495055,0.0696899158497091,False
101320,threshold 0.2,True,1.0020883622108354,0.01075742119495055,0.0696899158497091,False
101320,threshold 0.1,True,1.0020883622108354,0.01075742119495055,0.0696899158497091,False
101320,dot tolerance 15 px,True,1.0020883622108354,0.01075742119495055,0.0696899158497091,False
101320,prompt ensemble (> 0.5),True,0.9992470719968493,0.012790757825175785,0.06311440289697033,False
101320,threshold 0.3 + tolerance 15 + ensemble,True,0.9992470719968493,0.012790757825175785,0.06311440289697033,False
101321,"production (fish > 0.5, on dot)",True,,,,False
101321,threshold 0.3,True,,,,False
101321,threshold 0.2,True,,,,False
101321,threshold 0.1,True,,,,False
101321,dot tolerance 15 px,True,,,,False
101321,prompt ensemble (> 0.5),True,,,,False
101321,threshold 0.3 + tolerance 15 + ensemble,True,,,,False
101322,"production (fish > 0.5, on dot)",True,,,,False
101322,threshold 0.3,True,,,,False
101322,threshold 0.2,True,,,,False
101322,threshold 0.1,True,,,,False
101322,dot tolerance 15 px,True,,,,False
101322,prompt ensemble (> 0.5),True,,,,False
101322,threshold 0.3 + tolerance 15 + ensemble,True,,,,False
101324,"production (fish > 0.5, on dot)",False,,,,
101324,threshold 0.3,False,,,,
101324,threshold 0.2,False,,,,
101324,threshold 0.1,False,,,,
101324,dot tolerance 15 px,False,,,,
101324,prompt ensemble (> 0.5),False,,,,
101324,threshold 0.3 + tolerance 15 + ensemble,False,,,,
101327,"production (fish > 0.5, on dot)",False,,,,
101327,threshold 0.3,False,,,,
101327,threshold 0.2,False,,,,
101327,threshold 0.1,False,,,,
101327,dot tolerance 15 px,False,,,,
101327,prompt ensemble (> 0.5),False,,,,
101327,threshold 0.3 + tolerance 15 + ensemble,False,,,,
101328,"production (fish > 0.5, on dot)",False,,,,
101328,threshold 0.3,False,,,,
101328,threshold 0.2,False,,,,
101328,threshold 0.1,False,,,,
101328,dot tolerance 15 px,False,,,,
101328,prompt ensemble (> 0.5),False,,,,
101328,threshold 0.3 + tolerance 15 + ensemble,False,,,,
101333,"production (fish > 0.5, on dot)",False,,,,
101333,threshold 0.3,False,,,,
101333,threshold 0.2,False,,,,
101333,threshold 0.1,False,,,,
101333,dot tolerance 15 px,False,,,,
101333,prompt ensemble (> 0.5),False,,,,
101333,threshold 0.3 + tolerance 15 + ensemble,False,,,,
101336,"production (fish > 0.5, on dot)",False,,,,
101336,threshold 0.3,False,,,,
101336,threshold 0.2,False,,,,
101336,threshold 0.1,False,,,,
101336,dot tolerance 15 px,False,,,,
101336,prompt ensemble (> 0.5),False,,,,
101336,threshold 0.3 + tolerance 15 + ensemble,False,,,,
101337,"production (fish > 0.5, on dot)",True,0.9882370203704907,0.014374641990329446,0.07413858009216678,False
101337,threshold 0.3,True,0.9882370203704907,0.014374641990329446,0.07413858009216678,False
101337,threshold 0.2,True,0.9882370203704907,0.014374641990329446,0.07413858009216678,False
101337,threshold 0.1,True,0.9882370203704907,0.014374641990329446,0.07413858009216678,False
101337,dot tolerance 15 px,True,0.9882370203704907,0.014374641990329446,0.07413858009216678,False
101337,prompt ensemble (> 0.5),True,0.9882370203704907,0.014374641990329446,0.07413858009216678,False
101337,threshold 0.3 + tolerance 15 + ensemble,True,0.9882370203704907,0.014374641990329446,0.07413858009216678,False
101339,"production (fish > 0.5, on dot)",False,,,,
101339,threshold 0.3,False,,,,
101339,threshold 0.2,False,,,,
101339,threshold 0.1,False,,,,
101339,dot tolerance 15 px,False,,,,
101339,prompt ensemble (> 0.5),False,,,,
101339,threshold 0.3 + tolerance 15 + ensemble,False,,,,
101341,"production (fish > 0.5, on dot)",False,,,,
101341,threshold 0.3,False,,,,
101341,threshold 0.2,False,,,,
101341,threshold 0.1,False,,,,
101341,dot tolerance 15 px,False,,,,
101341,prompt ensemble (> 0.5),False,,,,
101341,threshold 0.3 + tolerance 15 + ensemble,False,,,,
101342,"production (fish > 0.5, on dot)",False,,,,
101342,threshold 0.3,False,,,,
101342,threshold 0.2,False,,,,
101342,threshold 0.1,False,,,,
101342,dot tolerance 15 px,False,,,,
101342,prompt ensemble (> 0.5),False,,,,
101342,threshold 0.3 + tolerance 15 + ensemble,False,,,,
101343,"production (fish > 0.5, on dot)",False,,,,
101343,threshold 0.3,False,,,,
101343,threshold 0.2,False,,,,
101343,threshold 0.1,False,,,,
101343,dot tolerance 15 px,False,,,,
101343,prompt ensemble (> 0.5),False,,,,
101343,threshold 0.3 + tolerance 15 + ensemble,False,,,,
101344,"production (fish > 0.5, on dot)",False,,,,
101344,threshold 0.3,False,,,,
101344,threshold 0.2,False,,,,
101344,threshold 0.1,False,,,,
101344,dot tolerance 15 px,False,,,,
101344,prompt ensemble (> 0.5),False,,,,
101344,threshold 0.3 + tolerance 15 + ensemble,False,,,,
101345,"production (fish > 0.5, on dot)",False,,,,
101345,threshold 0.3,False,,,,
101345,threshold 0.2,False,,,,
101345,threshold 0.1,False,,,,
101345,dot tolerance 15 px,False,,,,
101345,prompt ensemble (> 0.5),False,,,,
101345,threshold 0.3 + tolerance 15 + ensemble,False,,,,
101346,"production (fish > 0.5, on dot)",False,,,,
101346,threshold 0.3,False,,,,
101346,threshold 0.2,False,,,,
101346,threshold 0.1,False,,,,
101346,dot tolerance 15 px,False,,,,
101346,prompt ensemble (> 0.5),False,,,,
101346,threshold 0.3 + tolerance 15 + ensemble,False,,,,
101347,"production (fish > 0.5, on dot)",False,,,,
101347,threshold 0.3,False,,,,
101347,threshold 0.2,False,,,,
101347,threshold 0.1,False,,,,
101347,dot tolerance 15 px,False,,,,
101347,prompt ensemble (> 0.5),False,,,,
101347,threshold 0.3 + tolerance 15 + ensemble,False,,,,
101351,"production (fish > 0.5, on dot)",False,,,,
101351,threshold 0.3,False,,,,
101351,threshold 0.2,False,,,,
101351,threshold 0.1,False,,,,
101351,dot tolerance 15 px,False,,,,
101351,prompt ensemble (> 0.5),False,,,,
101351,threshold 0.3 + tolerance 15 + ensemble,False,,,,
101352,"production (fish > 0.5, on dot)",False,,,,
101352,threshold 0.3,False,,,,
101352,threshold 0.2,False,,,,
101352,threshold 0.1,False,,,,
101352,dot tolerance 15 px,False,,,,
101352,prompt ensemble (> 0.5),False,,,,
101352,threshold 0.3 + tolerance 15 + ensemble,False,,,,
101354,"production (fish > 0.5, on dot)",False,,,,
101354,threshold 0.3,False,,,,
101354,threshold 0.2,False,,,,
101354,threshold 0.1,False,,,,
101354,dot tolerance 15 px,False,,,,
101354,prompt ensemble (> 0.5),False,,,,
101354,threshold 0.3 + tolerance 15 + ensemble,False,,,,
101356,"production (fish > 0.5, on dot)",False,,,,
101356,threshold 0.3,False,,,,
101356,threshold 0.2,False,,,,
101356,threshold 0.1,False,,,,
101356,dot tolerance 15 px,False,,,,
101356,prompt ensemble (> 0.5),False,,,,
101356,threshold 0.3 + tolerance 15 + ensemble,False,,,,
101357,"production (fish > 0.5, on dot)",True,0.9891632902882178,0.007710319270838743,0.04702401094762552,False
101357,threshold 0.3,True,0.9891632902882178,0.007710319270838743,0.04702401094762552,False
101357,threshold 0.2,True,0.9891632902882178,0.007710319270838743,0.04702401094762552,False
101357,threshold 0.1,True,0.9891632902882178,0.007710319270838743,0.04702401094762552,False
101357,dot tolerance 15 px,True,0.9891632902882178,0.007710319270838743,0.04702401094762552,False
101357,prompt ensemble (> 0.5),True,0.9891632902882178,0.007710319270838743,0.04702401094762552,False
101357,threshold 0.3 + tolerance 15 + ensemble,True,0.9891632902882178,0.007710319270838743,0.04702401094762552,False
101359,"production (fish > 0.5, on dot)",True,0.980385808577662,0.015125367968306944,0.046537271087233316,False
101359,threshold 0.3,True,0.980385808577662,0.015125367968306944,0.046537271087233316,False
101359,threshold 0.2,True,0.980385808577662,0.015125367968306944,0.046537271087233316,False
101359,threshold 0.1,True,0.980385808577662,0.015125367968306944,0.046537271087233316,False
101359,dot tolerance 15 px,True,0.980385808577662,0.015125367968306944,0.046537271087233316,False
101359,prompt ensemble (> 0.5),True,0.980385808577662,0.015125367968306944,0.046537271087233316,False
101359,threshold 0.3 + tolerance 15 + ensemble,True,0.980385808577662,0.015125367968306944,0.046537271087233316,False
101360,"production (fish > 0.5, on dot)",True,1.0069579314563668,0.04102625629316011,0.05494089753445889,False
101360,threshold 0.3,True,1.0069579314563668,0.04102625629316011,0.05494089753445889,False
101360,threshold 0.2,True,1.0069579314563668,0.04102625629316011,0.05494089753445889,False
101360,threshold 0.1,True,1.0069579314563668,0.04102625629316011,0.05494089753445889,False
101360,dot tolerance 15 px,True,1.0069579314563668,0.04102625629316011,0.05494089753445889,False
101360,prompt ensemble (> 0.5),True,1.0069579314563668,0.04102625629316011,0.05494089753445889,False
101360,threshold 0.3 + tolerance 15 + ensemble,True,1.0069579314563668,0.04102625629316011,0.05494089753445889,False
101361,"production (fish > 0.5, on dot)",True,1.0322311341366863,0.0070867737039558825,0.11587840238490169,False
101361,threshold 0.3,True,1.0322311341366863,0.0070867737039558825,0.11587840238490169,False
101361,threshold 0.2,True,1.0322311341366863,0.0070867737039558825,0.11587840238490169,False
101361,threshold 0.1,True,1.0322311341366863,0.0070867737039558825,0.11587840238490169,False
101361,dot tolerance 15 px,True,1.0322311341366863,0.0070867737039558825,0.11587840238490169,False
101361,prompt ensemble (> 0.5),True,1.0322311341366863,0.0070867737039558825,0.11587840238490169,False
101361,threshold 0.3 + tolerance 15 + ensemble,True,1.0322311341366863,0.0070867737039558825,0.11587840238490169,False
101362,"production (fish > 0.5, on dot)",True,1.0246683900897056,0.0019593322774698477,0.0991804524388498,False
101362,threshold 0.3,True,1.0246683900897056,0.0019593322774698477,0.0991804524388498,False
101362,threshold 0.2,True,1.0246683900897056,0.0019593322774698477,0.0991804524388498,False
101362,threshold 0.1,True,1.0246683900897056,0.0019593322774698477,0.0991804524388498,False
101362,dot tolerance 15 px,True,1.0246683900897056,0.0019593322774698477,0.0991804524388498,False
101362,prompt ensemble (> 0.5),True,1.0246683900897056,0.0019593322774698477,0.0991804524388498,False
101362,threshold 0.3 + tolerance 15 + ensemble,True,1.0246683900897056,0.0019593322774698477,0.0991804524388498,False
101363,"production (fish > 0.5, on dot)",True,0.9786879348734778,0.014652654976866672,0.05236551578701741,False
101363,threshold 0.3,True,0.9786879348734778,0.014652654976866672,0.05236551578701741,False
101363,threshold 0.2,True,0.9786879348734778,0.014652654976866672,0.05236551578701741,False
101363,threshold 0.1,True,0.9786879348734778,0.014652654976866672,0.05236551578701741,False
101363,dot tolerance 15 px,True,0.9786879348734778,0.014652654976866672,0.05236551578701741,False
101363,prompt ensemble (> 0.5),True,0.9786879348734778,0.014652654976866672,0.05236551578701741,False
101363,threshold 0.3 + tolerance 15 + ensemble,True,0.9786879348734778,0.014652654976866672,0.05236551578701741,False
101366,"production (fish > 0.5, on dot)",True,1.0559789424178385,0.00205897012361944,0.14170230299253742,False
101366,threshold 0.3,True,1.0559789424178385,0.00205897012361944,0.14170230299253742,False
101366,threshold 0.2,True,1.0559789424178385,0.00205897012361944,0.14170230299253742,False
101366,threshold 0.1,True,1.0559789424178385,0.00205897012361944,0.14170230299253742,False
101366,dot tolerance 15 px,True,1.0559789424178385,0.00205897012361944,0.14170230299253742,False
101366,prompt ensemble (> 0.5),True,1.0559789424178385,0.00205897012361944,0.14170230299253742,False
101366,threshold 0.3 + tolerance 15 + ensemble,True,1.0559789424178385,0.00205897012361944,0.14170230299253742,False
101367,"production (fish > 0.5, on dot)",True,1.0289640412730237,0.009272633849603196,0.14396254299865505,False
101367,threshold 0.3,True,1.0289640412730237,0.009272633849603196,0.14396254299865505,False
101367,threshold 0.2,True,1.0289640412730237,0.009272633849603196,0.14396254299865505,False
101367,threshold 0.1,True,1.0289640412730237,0.009272633849603196,0.14396254299865505,False
101367,dot tolerance 15 px,True,1.0289640412730237,0.009272633849603196,0.14396254299865505,False
101367,prompt ensemble (> 0.5),True,1.0289640412730237,0.009272633849603196,0.14396254299865505,False
101367,threshold 0.3 + tolerance 15 + ensemble,True,1.0289640412730237,0.009272633849603196,0.14396254299865505,False
101368,"production (fish > 0.5, on dot)",True,1.043411819203117,0.003031427922357724,0.11247304462679061,False
101368,threshold 0.3,True,1.043411819203117,0.003031427922357724,0.11247304462679061,False
101368,threshold 0.2,True,1.043411819203117,0.003031427922357724,0.11247304462679061,False
101368,threshold 0.1,True,1.043411819203117,0.003031427922357724,0.11247304462679061,False
101368,dot tolerance 15 px,True,1.043411819203117,0.003031427922357724,0.11247304462679061,False
101368,prompt ensemble (> 0.5),True,1.043411819203117,0.003031427922357724,0.11247304462679061,False
101368,threshold 0.3 + tolerance 15 + ensemble,True,1.043411819203117,0.003031427922357724,0.11247304462679061,False
101370,"production (fish > 0.5, on dot)",True,1.0367900121384659,0.009545088989800027,0.14219789852961445,False
101370,threshold 0.3,True,1.0367900121384659,0.009545088989800027,0.14219789852961445,False
101370,threshold 0.2,True,1.0367900121384659,0.009545088989800027,0.14219789852961445,False
101370,threshold 0.1,True,1.0367900121384659,0.009545088989800027,0.14219789852961445,False
101370,dot tolerance 15 px,True,1.0367900121384659,0.009545088989800027,0.14219789852961445,False
101370,prompt ensemble (> 0.5),True,1.0367900121384659,0.009545088989800027,0.14219789852961445,False
101370,threshold 0.3 + tolerance 15 + ensemble,True,1.0367900121384659,0.009545088989800027,0.14219789852961445,False
101371,"production (fish > 0.5, on dot)",True,1.041617443031962,0.004753785548426213,0.1427573582382487,False
101371,threshold 0.3,True,1.041617443031962,0.004753785548426213,0.1427573582382487,False
101371,threshold 0.2,True,1.041617443031962,0.004753785548426213,0.1427573582382487,False
101371,threshold 0.1,True,1.041617443031962,0.004753785548426213,0.1427573582382487,False
101371,dot tolerance 15 px,True,1.041617443031962,0.004753785548426213,0.1427573582382487,False
101371,prompt ensemble (> 0.5),True,1.041617443031962,0.004753785548426213,0.1427573582382487,False
101371,threshold 0.3 + tolerance 15 + ensemble,True,1.041617443031962,0.004753785548426213,0.1427573582382487,False
101373,"production (fish > 0.5, on dot)",False,,,,
101373,threshold 0.3,False,,,,
101373,threshold 0.2,False,,,,
101373,threshold 0.1,False,,,,
101373,dot tolerance 15 px,False,,,,
101373,prompt ensemble (> 0.5),False,,,,
101373,threshold 0.3 + tolerance 15 + ensemble,False,,,,
101374,"production (fish > 0.5, on dot)",True,0.9933526724417575,0.003610587106809027,0.04737956908889792,False
101374,threshold 0.3,True,0.9933526724417575,0.003610587106809027,0.04737956908889792,False
101374,threshold 0.2,True,0.9933526724417575,0.003610587106809027,0.04737956908889792,False
101374,threshold 0.1,True,0.9933526724417575,0.003610587106809027,0.04737956908889792,False
101374,dot tolerance 15 px,True,0.9933526724417575,0.003610587106809027,0.04737956908889792,False
101374,prompt ensemble (> 0.5),True,0.9933526724417575,0.003610587106809027,0.04737956908889792,False
101374,threshold 0.3 + tolerance 15 + ensemble,True,0.9933526724417575,0.003610587106809027,0.04737956908889792,False
101375,"production (fish > 0.5, on dot)",True,0.9742570357998172,0.008638542691945377,0.03427241617610963,False
101375,threshold 0.3,True,0.9742570357998172,0.008638542691945377,0.03427241617610963,False
101375,threshold 0.2,True,0.9742570357998172,0.008638542691945377,0.03427241617610963,False
101375,threshold 0.1,True,0.9742570357998172,0.008638542691945377,0.03427241617610963,False
101375,dot tolerance 15 px,True,0.9742570357998172,0.008638542691945377,0.03427241617610963,False
101375,prompt ensemble (> 0.5),True,0.9742570357998172,0.008638542691945377,0.03427241617610963,False
101375,threshold 0.3 + tolerance 15 + ensemble,True,0.9742570357998172,0.008638542691945377,0.03427241617610963,False
101376,"production (fish > 0.5, on dot)",False,,,,
101376,threshold 0.3,False,,,,
101376,threshold 0.2,False,,,,
101376,threshold 0.1,False,,,,
101376,dot tolerance 15 px,False,,,,
101376,prompt ensemble (> 0.5),False,,,,
101376,threshold 0.3 + tolerance 15 + ensemble,False,,,,
101389,"production (fish > 0.5, on dot)",False,,,,
101389,threshold 0.3,False,,,,
101389,threshold 0.2,False,,,,
101389,threshold 0.1,False,,,,
101389,dot tolerance 15 px,False,,,,
101389,prompt ensemble (> 0.5),False,,,,
101389,threshold 0.3 + tolerance 15 + ensemble,False,,,,
101395,"production (fish > 0.5, on dot)",False,,,,
101395,threshold 0.3,False,,,,
101395,threshold 0.2,False,,,,
101395,threshold 0.1,False,,,,
101395,dot tolerance 15 px,False,,,,
101395,prompt ensemble (> 0.5),False,,,,
101395,threshold 0.3 + tolerance 15 + ensemble,False,,,,
101396,"production (fish > 0.5, on dot)",True,0.9899666474438933,0.010405611897371254,0.042596692025211144,False
101396,threshold 0.3,True,0.9899666474438933,0.010405611897371254,0.042596692025211144,False
101396,threshold 0.2,True,0.9899666474438933,0.010405611897371254,0.042596692025211144,False
101396,threshold 0.1,True,0.9899666474438933,0.010405611897371254,0.042596692025211144,False
101396,dot tolerance 15 px,True,0.9899666474438933,0.010405611897371254,0.042596692025211144,False
101396,prompt ensemble (> 0.5),True,0.9899666474438933,0.010405611897371254,0.042596692025211144,False
101396,threshold 0.3 + tolerance 15 + ensemble,True,0.9899666474438933,0.010405611897371254,0.042596692025211144,False
101397,"production (fish > 0.5, on dot)",True,1.0039696356131258,0.003547841936696468,0.005516631283429024,False
101397,threshold 0.3,True,1.0039696356131258,0.003547841936696468,0.005516631283429024,False
101397,threshold 0.2,True,1.0039696356131258,0.003547841936696468,0.005516631283429024,False
101397,threshold 0.1,True,1.0039696356131258,0.003547841936696468,0.005516631283429024,False
101397,dot tolerance 15 px,True,1.0039696356131258,0.003547841936696468,0.005516631283429024,False
101397,prompt ensemble (> 0.5),True,1.0039696356131258,0.003547841936696468,0.005516631283429024,False
101397,threshold 0.3 + tolerance 15 + ensemble,True,1.0039696356131258,0.003547841936696468,0.005516631283429024,False
101398,"production (fish > 0.5, on dot)",True,0.9922528168327693,0.015525413043618654,0.006015322936638229,False
101398,threshold 0.3,True,0.9922528168327693,0.015525413043618654,0.006015322936638229,False
101398,threshold 0.2,True,0.9922528168327693,0.015525413043618654,0.006015322936638229,False
101398,threshold 0.1,True,0.9922528168327693,0.015525413043618654,0.006015322936638229,False
101398,dot tolerance 15 px,True,0.9922528168327693,0.015525413043618654,0.006015322936638229,False
101398,prompt ensemble (> 0.5),True,0.9922528168327693,0.015525413043618654,0.006015322936638229,False
101398,threshold 0.3 + tolerance 15 + ensemble,True,0.9922528168327693,0.015525413043618654,0.006015322936638229,False
101399,"production (fish > 0.5, on dot)",True,0.9313309971564142,0.0021298408855925472,0.07176924900180844,False
101399,threshold 0.3,True,0.9313309971564142,0.0021298408855925472,0.07176924900180844,False
101399,threshold 0.2,True,0.9313309971564142,0.0021298408855925472,0.07176924900180844,False
101399,threshold 0.1,True,0.9313309971564142,0.0021298408855925472,0.07176924900180844,False
101399,dot tolerance 15 px,True,0.9313309971564142,0.0021298408855925472,0.07176924900180844,False
101399,prompt ensemble (> 0.5),True,0.9289323039836811,0.0031787223736535687,0.07294608622968586,False
101399,threshold 0.3 + tolerance 15 + ensemble,True,0.9289323039836811,0.0031787223736535687,0.07294608622968586,False
101400,"production (fish > 0.5, on dot)",True,0.9943372777313941,0.007871907159939373,0.03239748413352716,False
101400,threshold 0.3,True,0.9943372777313941,0.007871907159939373,0.03239748413352716,False
101400,threshold 0.2,True,0.9943372777313941,0.007871907159939373,0.03239748413352716,False
101400,threshold 0.1,True,0.9943372777313941,0.007871907159939373,0.03239748413352716,False
101400,dot tolerance 15 px,True,0.9943372777313941,0.007871907159939373,0.03239748413352716,False
101400,prompt ensemble (> 0.5),True,0.9943372777313941,0.007871907159939373,0.03239748413352716,False
101400,threshold 0.3 + tolerance 15 + ensemble,True,0.9943372777313941,0.007871907159939373,0.03239748413352716,False
101401,"production (fish > 0.5, on dot)",True,0.9880120980617908,0.02154985904319025,0.07421536494341881,False
101401,threshold 0.3,True,0.9880120980617908,0.02154985904319025,0.07421536494341881,False
101401,threshold 0.2,True,0.9880120980617908,0.02154985904319025,0.07421536494341881,False
101401,threshold 0.1,True,0.9880120980617908,0.02154985904319025,0.07421536494341881,False
101401,dot tolerance 15 px,True,0.9880120980617908,0.02154985904319025,0.07421536494341881,False
101401,prompt ensemble (> 0.5),True,0.9880120980617908,0.02154985904319025,0.07421536494341881,False
101401,threshold 0.3 + tolerance 15 + ensemble,True,0.9880120980617908,0.02154985904319025,0.07421536494341881,False
101402,"production (fish > 0.5, on dot)",True,1.0034551072818354,0.019828228358599802,0.06657864105557747,False
101402,threshold 0.3,True,1.0034551072818354,0.019828228358599802,0.06657864105557747,False
101402,threshold 0.2,True,1.0034551072818354,0.019828228358599802,0.06657864105557747,False
101402,threshold 0.1,True,1.0034551072818354,0.019828228358599802,0.06657864105557747,False
101402,dot tolerance 15 px,True,1.0034551072818354,0.019828228358599802,0.06657864105557747,False
101402,prompt ensemble (> 0.5),True,1.0244487027985676,0.01048712128088608,0.09238584683819077,False
101402,threshold 0.3 + tolerance 15 + ensemble,True,1.0244487027985676,0.01048712128088608,0.09238584683819077,False
101403,"production (fish > 0.5, on dot)",True,0.9939626186953686,0.008983524733387555,0.014617108350562352,False
101403,threshold 0.3,True,0.9939626186953686,0.008983524733387555,0.014617108350562352,False
101403,threshold 0.2,True,0.9939626186953686,0.008983524733387555,0.014617108350562352,False
101403,threshold 0.1,True,0.9939626186953686,0.008983524733387555,0.014617108350562352,False
101403,dot tolerance 15 px,True,0.9939626186953686,0.008983524733387555,0.014617108350562352,False
101403,prompt ensemble (> 0.5),True,0.9939626186953686,0.008983524733387555,0.014617108350562352,False
101403,threshold 0.3 + tolerance 15 + ensemble,True,0.9939626186953686,0.008983524733387555,0.014617108350562352,False
101404,"production (fish > 0.5, on dot)",True,,,,False
101404,threshold 0.3,True,,,,False
101404,threshold 0.2,True,,,,False
101404,threshold 0.1,True,,,,False
101404,dot tolerance 15 px,True,,,,False
101404,prompt ensemble (> 0.5),True,,,,False
101404,threshold 0.3 + tolerance 15 + ensemble,True,,,,False
101406,"production (fish > 0.5, on dot)",True,0.9990834237178793,0.022335451746842556,0.02000736887160781,False
101406,threshold 0.3,True,0.9990834237178793,0.022335451746842556,0.02000736887160781,False
101406,threshold 0.2,True,0.9990834237178793,0.022335451746842556,0.02000736887160781,False
101406,threshold 0.1,True,0.9990834237178793,0.022335451746842556,0.02000736887160781,False
101406,dot tolerance 15 px,True,0.9990834237178793,0.022335451746842556,0.02000736887160781,False
101406,prompt ensemble (> 0.5),True,0.9990834237178793,0.022335451746842556,0.02000736887160781,False
101406,threshold 0.3 + tolerance 15 + ensemble,True,0.9990834237178793,0.022335451746842556,0.02000736887160781,False
101410,"production (fish > 0.5, on dot)",True,0.9878089380720605,0.377953656100413,0.118778589278748,False
101410,threshold 0.3,True,0.9878089380720605,0.377953656100413,0.118778589278748,False
101410,threshold 0.2,True,0.9878089380720605,0.377953656100413,0.118778589278748,False
101410,threshold 0.1,True,0.9878089380720605,0.377953656100413,0.118778589278748,False
101410,dot tolerance 15 px,True,0.9878089380720605,0.377953656100413,0.118778589278748,False
101410,prompt ensemble (> 0.5),True,0.9930760906301473,0.3395571633802989,0.10904368323223405,False
101410,threshold 0.3 + tolerance 15 + ensemble,True,0.9930760906301473,0.3395571633802989,0.10904368323223405,False
101411,"production (fish > 0.5, on dot)",True,1.0254956846766237,0.01291742331854937,0.034729510479547906,False
101411,threshold 0.3,True,1.0254956846766237,0.01291742331854937,0.034729510479547906,False
101411,threshold 0.2,True,1.0254956846766237,0.01291742331854937,0.034729510479547906,False
101411,threshold 0.1,True,1.0254956846766237,0.01291742331854937,0.034729510479547906,False
101411,dot tolerance 15 px,True,1.0254956846766237,0.01291742331854937,0.034729510479547906,False
101411,prompt ensemble (> 0.5),True,1.0254956846766237,0.01291742331854937,0.034729510479547906,False
101411,threshold 0.3 + tolerance 15 + ensemble,True,1.0254956846766237,0.01291742331854937,0.034729510479547906,False
101412,"production (fish > 0.5, on dot)",True,1.0066640388354853,0.15214115363476888,0.023627975564438655,False
101412,threshold 0.3,True,1.0066640388354853,0.15214115363476888,0.023627975564438655,False
101412,threshold 0.2,True,1.0066640388354853,0.15214115363476888,0.023627975564438655,False
101412,threshold 0.1,True,1.0066640388354853,0.15214115363476888,0.023627975564438655,False
101412,dot tolerance 15 px,True,1.0066640388354853,0.15214115363476888,0.023627975564438655,False
101412,prompt ensemble (> 0.5),True,1.0039074409459499,0.16705543154264169,0.027435298363874705,False
101412,threshold 0.3 + tolerance 15 + ensemble,True,1.0039074409459499,0.16705543154264169,0.027435298363874705,False
101414,"production (fish > 0.5, on dot)",True,1.0337626103476458,0.004627355691616428,0.0618141251129587,False
101414,threshold 0.3,True,1.0337626103476458,0.004627355691616428,0.0618141251129587,False
101414,threshold 0.2,True,1.0337626103476458,0.004627355691616428,0.0618141251129587,False
101414,threshold 0.1,True,1.0337626103476458,0.004627355691616428,0.0618141251129587,False
101414,dot tolerance 15 px,True,1.0337626103476458,0.004627355691616428,0.0618141251129587,False
101414,prompt ensemble (> 0.5),True,1.0337626103476458,0.004627355691616428,0.0618141251129587,False
101414,threshold 0.3 + tolerance 15 + ensemble,True,1.0337626103476458,0.004627355691616428,0.0618141251129587,False
101415,"production (fish > 0.5, on dot)",True,0.893879293428457,0.007356834699785463,0.12866465379875994,False
101415,threshold 0.3,True,0.893879293428457,0.007356834699785463,0.12866465379875994,False
101415,threshold 0.2,True,0.893879293428457,0.007356834699785463,0.12866465379875994,False
101415,threshold 0.1,True,0.893879293428457,0.007356834699785463,0.12866465379875994,False
101415,dot tolerance 15 px,True,0.893879293428457,0.007356834699785463,0.12866465379875994,False
101415,prompt ensemble (> 0.5),True,0.893879293428457,0.007356834699785463,0.12866465379875994,False
101415,threshold 0.3 + tolerance 15 + ensemble,True,0.893879293428457,0.007356834699785463,0.12866465379875994,False
101416,"production (fish > 0.5, on dot)",True,1.0204245105681449,0.011090369637012824,0.0348163946283348,False
101416,threshold 0.3,True,1.0204245105681449,0.011090369637012824,0.0348163946283348,False
101416,threshold 0.2,True,1.0204245105681449,0.011090369637012824,0.0348163946283348,False
101416,threshold 0.1,True,1.0204245105681449,0.011090369637012824,0.0348163946283348,False
101416,dot tolerance 15 px,True,1.0204245105681449,0.011090369637012824,0.0348163946283348,False
101416,prompt ensemble (> 0.5),True,1.0173079570095354,0.011090369637012824,0.03271092508621095,False
101416,threshold 0.3 + tolerance 15 + ensemble,True,1.0173079570095354,0.011090369637012824,0.03271092508621095,False
101417,"production (fish > 0.5, on dot)",True,0.9969683738605957,0.004570599797703981,0.004419967068848798,False
101417,threshold 0.3,True,0.9969683738605957,0.004570599797703981,0.004419967068848798,False
101417,threshold 0.2,True,0.9969683738605957,0.004570599797703981,0.004419967068848798,False
101417,threshold 0.1,True,0.9969683738605957,0.004570599797703981,0.004419967068848798,False
101417,dot tolerance 15 px,True,0.9969683738605957,0.004570599797703981,0.004419967068848798,False
101417,prompt ensemble (> 0.5),True,0.9969683738605957,0.004570599797703981,0.004419967068848798,False
101417,threshold 0.3 + tolerance 15 + ensemble,True,0.9969683738605957,0.004570599797703981,0.004419967068848798,False
101418,"production (fish > 0.5, on dot)",True,1.013889532934352,0.0026643284051307585,0.028601723366069254,False
101418,threshold 0.3,True,1.013889532934352,0.0026643284051307585,0.028601723366069254,False
101418,threshold 0.2,True,1.013889532934352,0.0026643284051307585,0.028601723366069254,False
101418,threshold 0.1,True,1.013889532934352,0.0026643284051307585,0.028601723366069254,False
101418,dot tolerance 15 px,True,1.013889532934352,0.0026643284051307585,0.028601723366069254,False
101418,prompt ensemble (> 0.5),True,1.013889532934352,0.0026643284051307585,0.028601723366069254,False
101418,threshold 0.3 + tolerance 15 + ensemble,True,1.013889532934352,0.0026643284051307585,0.028601723366069254,False
101419,"production (fish > 0.5, on dot)",True,1.0074295678752536,0.008718299159881723,0.008307143140542613,False
101419,threshold 0.3,True,1.0074295678752536,0.008718299159881723,0.008307143140542613,False
101419,threshold 0.2,True,1.0074295678752536,0.008718299159881723,0.008307143140542613,False
101419,threshold 0.1,True,1.0074295678752536,0.008718299159881723,0.008307143140542613,False
101419,dot tolerance 15 px,True,1.0074295678752536,0.008718299159881723,0.008307143140542613,False
101419,prompt ensemble (> 0.5),True,1.0074295678752536,0.008718299159881723,0.008307143140542613,False
101419,threshold 0.3 + tolerance 15 + ensemble,True,1.0074295678752536,0.008718299159881723,0.008307143140542613,False
101421,"production (fish > 0.5, on dot)",True,1.0474962408647401,0.014181333797228192,0.05793177971397155,False
101421,threshold 0.3,True,1.0474962408647401,0.014181333797228192,0.05793177971397155,False
101421,threshold 0.2,True,1.0474962408647401,0.014181333797228192,0.05793177971397155,False
101421,threshold 0.1,True,1.0474962408647401,0.014181333797228192,0.05793177971397155,False
101421,dot tolerance 15 px,True,1.0474962408647401,0.014181333797228192,0.05793177971397155,False
101421,prompt ensemble (> 0.5),True,1.0440561206140537,0.013001364069081561,0.05539850643290874,False
101421,threshold 0.3 + tolerance 15 + ensemble,True,1.0440561206140537,0.013001364069081561,0.05539850643290874,False
101423,"production (fish > 0.5, on dot)",True,0.9939185167071589,0.01799615696885379,0.042321997490291925,False
101423,threshold 0.3,True,0.9939185167071589,0.01799615696885379,0.042321997490291925,False
101423,threshold 0.2,True,0.9939185167071589,0.01799615696885379,0.042321997490291925,False
101423,threshold 0.1,True,0.9939185167071589,0.01799615696885379,0.042321997490291925,False
101423,dot tolerance 15 px,True,0.9939185167071589,0.01799615696885379,0.042321997490291925,False
101423,prompt ensemble (> 0.5),True,0.9938491891103927,0.019649997214581844,0.04517257112548839,False
101423,threshold 0.3 + tolerance 15 + ensemble,True,0.9938491891103927,0.019649997214581844,0.04517257112548839,False
101425,"production (fish > 0.5, on dot)",True,0.9013712905574477,0.13620589394251154,0.047829244849073554,False
101425,threshold 0.3,True,0.9013712905574477,0.13620589394251154,0.047829244849073554,False
101425,threshold 0.2,True,0.9013712905574477,0.13620589394251154,0.047829244849073554,False
101425,threshold 0.1,True,0.9013712905574477,0.13620589394251154,0.047829244849073554,False
101425,dot tolerance 15 px,True,0.9013712905574477,0.13620589394251154,0.047829244849073554,False
101425,prompt ensemble (> 0.5),True,0.900753823678503,0.1348293162280755,0.05408317672598842,False
101425,threshold 0.3 + tolerance 15 + ensemble,True,0.900753823678503,0.1348293162280755,0.05408317672598842,False
101426,"production (fish > 0.5, on dot)",True,,,,False
101426,threshold 0.3,True,,,,False
101426,threshold 0.2,True,,,,False
101426,threshold 0.1,True,,,,False
101426,dot tolerance 15 px,True,,,,False
101426,prompt ensemble (> 0.5),True,,,,False
101426,threshold 0.3 + tolerance 15 + ensemble,True,,,,False
101427,"production (fish > 0.5, on dot)",True,1.1551307897899807,0.012245513072815363,0.15435603603532375,False
101427,threshold 0.3,True,1.1551307897899807,0.012245513072815363,0.15435603603532375,False
101427,threshold 0.2,True,1.1551307897899807,0.012245513072815363,0.15435603603532375,False
101427,threshold 0.1,True,1.1551307897899807,0.012245513072815363,0.15435603603532375,False
101427,dot tolerance 15 px,True,1.1551307897899807,0.012245513072815363,0.15435603603532375,False
101427,prompt ensemble (> 0.5),True,1.1551307897899807,0.012245513072815363,0.15435603603532375,False
101427,threshold 0.3 + tolerance 15 + ensemble,True,1.1551307897899807,0.012245513072815363,0.15435603603532375,False
101428,"production (fish > 0.5, on dot)",True,1.1440559647882618,0.008043345255796851,0.14602145814345413,False
101428,threshold 0.3,True,1.1440559647882618,0.008043345255796851,0.14602145814345413,False
101428,threshold 0.2,True,1.1440559647882618,0.008043345255796851,0.14602145814345413,False
101428,threshold 0.1,True,1.1440559647882618,0.008043345255796851,0.14602145814345413,False
101428,dot tolerance 15 px,True,1.1440559647882618,0.008043345255796851,0.14602145814345413,False
101428,prompt ensemble (> 0.5),True,1.1440559647882618,0.008043345255796851,0.14602145814345413,False
101428,threshold 0.3 + tolerance 15 + ensemble,True,1.1440559647882618,0.008043345255796851,0.14602145814345413,False
101429,"production (fish > 0.5, on dot)",True,1.0051215184727835,0.008275962024978697,0.05505348225972522,False
101429,threshold 0.3,True,1.0051215184727835,0.008275962024978697,0.05505348225972522,False
101429,threshold 0.2,True,1.0051215184727835,0.008275962024978697,0.05505348225972522,False
101429,threshold 0.1,True,1.0051215184727835,0.008275962024978697,0.05505348225972522,False
101429,dot tolerance 15 px,True,1.0051215184727835,0.008275962024978697,0.05505348225972522,False
101429,prompt ensemble (> 0.5),True,1.0051215184727835,0.008275962024978697,0.05505348225972522,False
101429,threshold 0.3 + tolerance 15 + ensemble,True,1.0051215184727835,0.008275962024978697,0.05505348225972522,False
101430,"production (fish > 0.5, on dot)",True,0.9990615676327838,0.011716273433524889,0.020000894110790066,False
101430,threshold 0.3,True,0.9990615676327838,0.011716273433524889,0.020000894110790066,False
101430,threshold 0.2,True,0.9990615676327838,0.011716273433524889,0.020000894110790066,False
101430,threshold 0.1,True,0.9990615676327838,0.011716273433524889,0.020000894110790066,False
101430,dot tolerance 15 px,True,0.9990615676327838,0.011716273433524889,0.020000894110790066,False
101430,prompt ensemble (> 0.5),True,0.9990615676327838,0.011716273433524889,0.020000894110790066,False
101430,threshold 0.3 + tolerance 15 + ensemble,True,0.9990615676327838,0.011716273433524889,0.020000894110790066,False
101431,"production (fish > 0.5, on dot)",True,1.1378077858910935,0.00244865665116619,0.14397550059185132,False
101431,threshold 0.3,True,1.1378077858910935,0.00244865665116619,0.14397550059185132,False
101431,threshold 0.2,True,1.1378077858910935,0.00244865665116619,0.14397550059185132,False
101431,threshold 0.1,True,1.1378077858910935,0.00244865665116619,0.14397550059185132,False
101431,dot tolerance 15 px,True,1.1378077858910935,0.00244865665116619,0.14397550059185132,False
101431,prompt ensemble (> 0.5),True,1.1378077858910935,0.00244865665116619,0.14397550059185132,False
101431,threshold 0.3 + tolerance 15 + ensemble,True,1.1378077858910935,0.00244865665116619,0.14397550059185132,False
101432,"production (fish > 0.5, on dot)",True,1.1433606057755168,0.004011444247623889,0.14667497899015863,False
101432,threshold 0.3,True,1.1433606057755168,0.004011444247623889,0.14667497899015863,False
101432,threshold 0.2,True,1.1433606057755168,0.004011444247623889,0.14667497899015863,False
101432,threshold 0.1,True,1.1433606057755168,0.004011444247623889,0.14667497899015863,False
101432,dot tolerance 15 px,True,1.1433606057755168,0.004011444247623889,0.14667497899015863,False
101432,prompt ensemble (> 0.5),True,1.1433606057755168,0.004011444247623889,0.14667497899015863,False
101432,threshold 0.3 + tolerance 15 + ensemble,True,1.1433606057755168,0.004011444247623889,0.14667497899015863,False
101433,"production (fish > 0.5, on dot)",True,1.1327419099250948,0.006760785042852803,0.1507310956639049,False
101433,threshold 0.3,True,1.1327419099250948,0.006760785042852803,0.1507310956639049,False
101433,threshold 0.2,True,1.1327419099250948,0.006760785042852803,0.1507310956639049,False
101433,threshold 0.1,True,1.1327419099250948,0.006760785042852803,0.1507310956639049,False
101433,dot tolerance 15 px,True,1.1327419099250948,0.006760785042852803,0.1507310956639049,False
101433,prompt ensemble (> 0.5),True,1.1327419099250948,0.006760785042852803,0.1507310956639049,False
101433,threshold 0.3 + tolerance 15 + ensemble,True,1.1327419099250948,0.006760785042852803,0.1507310956639049,False
101434,"production (fish > 0.5, on dot)",True,1.002609667351785,0.009139208770473809,0.11967187303260104,False
101434,threshold 0.3,True,1.002609667351785,0.009139208770473809,0.11967187303260104,False
101434,threshold 0.2,True,1.002609667351785,0.009139208770473809,0.11967187303260104,False
101434,threshold 0.1,True,1.002609667351785,0.009139208770473809,0.11967187303260104,False
101434,dot tolerance 15 px,True,1.002609667351785,0.009139208770473809,0.11967187303260104,False
101434,prompt ensemble (> 0.5),True,1.002609667351785,0.009139208770473809,0.11967187303260104,False
101434,threshold 0.3 + tolerance 15 + ensemble,True,1.002609667351785,0.009139208770473809,0.11967187303260104,False
101437,"production (fish > 0.5, on dot)",True,1.0242560886723726,0.024271257119062573,0.07995827879141354,False
101437,threshold 0.3,True,1.0242560886723726,0.024271257119062573,0.07995827879141354,False
101437,threshold 0.2,True,1.0242560886723726,0.024271257119062573,0.07995827879141354,False
101437,threshold 0.1,True,1.0242560886723726,0.024271257119062573,0.07995827879141354,False
101437,dot tolerance 15 px,True,1.0242560886723726,0.024271257119062573,0.07995827879141354,False
101437,prompt ensemble (> 0.5),True,1.0242560886723726,0.024271257119062573,0.07995827879141354,False
101437,threshold 0.3 + tolerance 15 + ensemble,True,1.0242560886723726,0.024271257119062573,0.07995827879141354,False
101438,"production (fish > 0.5, on dot)",True,1.122633568105875,0.22049294272083153,0.05640940203495544,False
101438,threshold 0.3,True,1.122633568105875,0.22049294272083153,0.05640940203495544,False
101438,threshold 0.2,True,1.122633568105875,0.22049294272083153,0.05640940203495544,False
101438,threshold 0.1,True,1.122633568105875,0.22049294272083153,0.05640940203495544,False
101438,dot tolerance 15 px,True,1.122633568105875,0.22049294272083153,0.05640940203495544,False
101438,prompt ensemble (> 0.5),True,1.1221640749820616,0.22215260415503296,0.05640940203495544,False
101438,threshold 0.3 + tolerance 15 + ensemble,True,1.1221640749820616,0.22215260415503296,0.05640940203495544,False
101440,"production (fish > 0.5, on dot)",True,1.0453957724702023,0.015869066542177682,0.06250028814081461,False
101440,threshold 0.3,True,1.0453957724702023,0.015869066542177682,0.06250028814081461,False
101440,threshold 0.2,True,1.0453957724702023,0.015869066542177682,0.06250028814081461,False
101440,threshold 0.1,True,1.0453957724702023,0.015869066542177682,0.06250028814081461,False
101440,dot tolerance 15 px,True,1.0453957724702023,0.015869066542177682,0.06250028814081461,False
101440,prompt ensemble (> 0.5),True,1.0453957724702023,0.015869066542177682,0.06250028814081461,False
101440,threshold 0.3 + tolerance 15 + ensemble,True,1.0453957724702023,0.015869066542177682,0.06250028814081461,False
101441,"production (fish > 0.5, on dot)",True,0.9951089650025916,0.014664016858195792,0.016440976052029824,False
101441,threshold 0.3,True,0.9951089650025916,0.014664016858195792,0.016440976052029824,False
101441,threshold 0.2,True,0.9951089650025916,0.014664016858195792,0.016440976052029824,False
101441,threshold 0.1,True,0.9951089650025916,0.014664016858195792,0.016440976052029824,False
101441,dot tolerance 15 px,True,0.9951089650025916,0.014664016858195792,0.016440976052029824,False
101441,prompt ensemble (> 0.5),True,0.9951089650025916,0.014664016858195792,0.016440976052029824,False
101441,threshold 0.3 + tolerance 15 + ensemble,True,0.9951089650025916,0.014664016858195792,0.016440976052029824,False
101442,"production (fish > 0.5, on dot)",True,0.994873760515437,0.010591517228541418,0.04225913272296687,False
101442,threshold 0.3,True,0.994873760515437,0.010591517228541418,0.04225913272296687,False
101442,threshold 0.2,True,0.994873760515437,0.010591517228541418,0.04225913272296687,False
101442,threshold 0.1,True,0.994873760515437,0.010591517228541418,0.04225913272296687,False
101442,dot tolerance 15 px,True,0.994873760515437,0.010591517228541418,0.04225913272296687,False
101442,prompt ensemble (> 0.5),True,0.994873760515437,0.010591517228541418,0.04225913272296687,False
101442,threshold 0.3 + tolerance 15 + ensemble,True,0.994873760515437,0.010591517228541418,0.04225913272296687,False
101445,"production (fish > 0.5, on dot)",True,0.9985364712425944,0.005717222829036792,0.04582405372197687,False
101445,threshold 0.3,True,0.9985364712425944,0.005717222829036792,0.04582405372197687,False
101445,threshold 0.2,True,0.9985364712425944,0.005717222829036792,0.04582405372197687,False
101445,threshold 0.1,True,0.9985364712425944,0.005717222829036792,0.04582405372197687,False
101445,dot tolerance 15 px,True,0.9985364712425944,0.005717222829036792,0.04582405372197687,False
101445,prompt ensemble (> 0.5),True,0.9985364712425944,0.005717222829036792,0.04582405372197687,False
101445,threshold 0.3 + tolerance 15 + ensemble,True,0.9985364712425944,0.005717222829036792,0.04582405372197687,False
101446,"production (fish > 0.5, on dot)",True,0.987542848803093,0.018012999528565433,0.05219222321672182,False
101446,threshold 0.3,True,0.987542848803093,0.018012999528565433,0.05219222321672182,False
101446,threshold 0.2,True,0.987542848803093,0.018012999528565433,0.05219222321672182,False
101446,threshold 0.1,True,0.987542848803093,0.018012999528565433,0.05219222321672182,False
101446,dot tolerance 15 px,True,0.987542848803093,0.018012999528565433,0.05219222321672182,False
101446,prompt ensemble (> 0.5),True,0.987542848803093,0.018012999528565433,0.05219222321672182,False
101446,threshold 0.3 + tolerance 15 + ensemble,True,0.987542848803093,0.018012999528565433,0.05219222321672182,False
102551,"production (fish > 0.5, on dot)",True,0.9779096555572635,0.03106173460896096,0.002437622600873227,False
102551,threshold 0.3,True,0.9779096555572635,0.03106173460896096,0.002437622600873227,False
102551,threshold 0.2,True,0.9779096555572635,0.03106173460896096,0.002437622600873227,False
102551,threshold 0.1,True,0.9779096555572635,0.03106173460896096,0.002437622600873227,False
102551,dot tolerance 15 px,True,0.9779096555572635,0.03106173460896096,0.002437622600873227,False
102551,prompt ensemble (> 0.5),True,0.9779096555572635,0.03106173460896096,0.002437622600873227,False
102551,threshold 0.3 + tolerance 15 + ensemble,True,0.9779096555572635,0.03106173460896096,0.002437622600873227,False
102552,"production (fish > 0.5, on dot)",True,0.9864621389076215,0.04002070569141812,0.016965871519441976,False
102552,threshold 0.3,True,0.9864621389076215,0.04002070569141812,0.016965871519441976,False
102552,threshold 0.2,True,0.9864621389076215,0.04002070569141812,0.016965871519441976,False
102552,threshold 0.1,True,0.9864621389076215,0.04002070569141812,0.016965871519441976,False
102552,dot tolerance 15 px,True,0.9864621389076215,0.04002070569141812,0.016965871519441976,False
102552,prompt ensemble (> 0.5),True,0.9864621389076215,0.04002070569141812,0.016965871519441976,False
102552,threshold 0.3 + tolerance 15 + ensemble,True,0.9864621389076215,0.04002070569141812,0.016965871519441976,False
102554,"production (fish > 0.5, on dot)",True,0.9819699413493379,0.01838620273645775,0.008119374549065916,False
102554,threshold 0.3,True,0.9819699413493379,0.01838620273645775,0.008119374549065916,False
102554,threshold 0.2,True,0.9819699413493379,0.01838620273645775,0.008119374549065916,False
102554,threshold 0.1,True,0.9819699413493379,0.01838620273645775,0.008119374549065916,False
102554,dot tolerance 15 px,True,0.9819699413493379,0.01838620273645775,0.008119374549065916,False
102554,prompt ensemble (> 0.5),True,0.9819699413493379,0.01838620273645775,0.008119374549065916,False
102554,threshold 0.3 + tolerance 15 + ensemble,True,0.9819699413493379,0.01838620273645775,0.008119374549065916,False
102562,"production (fish > 0.5, on dot)",True,0.9911826548541472,0.011118115823981457,0.15960978119034328,False
102562,threshold 0.3,True,0.9911826548541472,0.011118115823981457,0.15960978119034328,False
102562,threshold 0.2,True,0.9911826548541472,0.011118115823981457,0.15960978119034328,False
102562,threshold 0.1,True,0.9911826548541472,0.011118115823981457,0.15960978119034328,False
102562,dot tolerance 15 px,True,0.9911826548541472,0.011118115823981457,0.15960978119034328,False
102562,prompt ensemble (> 0.5),True,0.9911826548541472,0.011118115823981457,0.15960978119034328,False
102562,threshold 0.3 + tolerance 15 + ensemble,True,0.9911826548541472,0.011118115823981457,0.15960978119034328,False
102563,"production (fish > 0.5, on dot)",True,,,,False
102563,threshold 0.3,True,,,,False
102563,threshold 0.2,True,,,,False
102563,threshold 0.1,True,,,,False
102563,dot tolerance 15 px,True,,,,False
102563,prompt ensemble (> 0.5),True,,,,False
102563,threshold 0.3 + tolerance 15 + ensemble,True,,,,False
102565,"production (fish > 0.5, on dot)",True,1.004036629404966,0.002877186258825669,0.15617706942853962,False
102565,threshold 0.3,True,1.004036629404966,0.002877186258825669,0.15617706942853962,False
102565,threshold 0.2,True,1.004036629404966,0.002877186258825669,0.15617706942853962,False
102565,threshold 0.1,True,1.004036629404966,0.002877186258825669,0.15617706942853962,False
102565,dot tolerance 15 px,True,1.004036629404966,0.002877186258825669,0.15617706942853962,False
102565,prompt ensemble (> 0.5),True,1.004036629404966,0.002877186258825669,0.15617706942853962,False
102565,threshold 0.3 + tolerance 15 + ensemble,True,1.004036629404966,0.002877186258825669,0.15617706942853962,False
102566,"production (fish > 0.5, on dot)",True,0.9920419104235567,0.011121236013617341,0.13950859457843892,False
102566,threshold 0.3,True,0.9920419104235567,0.011121236013617341,0.13950859457843892,False
102566,threshold 0.2,True,0.9920419104235567,0.011121236013617341,0.13950859457843892,False
102566,threshold 0.1,True,0.9920419104235567,0.011121236013617341,0.13950859457843892,False
102566,dot tolerance 15 px,True,0.9920419104235567,0.011121236013617341,0.13950859457843892,False
102566,prompt ensemble (> 0.5),True,0.9920419104235567,0.011121236013617341,0.13950859457843892,False
102566,threshold 0.3 + tolerance 15 + ensemble,True,0.9920419104235567,0.011121236013617341,0.13950859457843892,False
102570,"production (fish > 0.5, on dot)",False,,,,
102570,threshold 0.3,False,,,,
102570,threshold 0.2,False,,,,
102570,threshold 0.1,False,,,,
102570,dot tolerance 15 px,False,,,,
102570,prompt ensemble (> 0.5),False,,,,
102570,threshold 0.3 + tolerance 15 + ensemble,False,,,,
102571,"production (fish > 0.5, on dot)",False,,,,
102571,threshold 0.3,False,,,,
102571,threshold 0.2,False,,,,
102571,threshold 0.1,False,,,,
102571,dot tolerance 15 px,False,,,,
102571,prompt ensemble (> 0.5),False,,,,
102571,threshold 0.3 + tolerance 15 + ensemble,False,,,,
102572,"production (fish > 0.5, on dot)",False,,,,
102572,threshold 0.3,False,,,,
102572,threshold 0.2,False,,,,
102572,threshold 0.1,False,,,,
102572,dot tolerance 15 px,False,,,,
102572,prompt ensemble (> 0.5),False,,,,
102572,threshold 0.3 + tolerance 15 + ensemble,False,,,,
102578,"production (fish > 0.5, on dot)",False,,,,
102578,threshold 0.3,False,,,,
102578,threshold 0.2,False,,,,
102578,threshold 0.1,False,,,,
102578,dot tolerance 15 px,False,,,,
102578,prompt ensemble (> 0.5),False,,,,
102578,threshold 0.3 + tolerance 15 + ensemble,False,,,,
102580,"production (fish > 0.5, on dot)",False,,,,
102580,threshold 0.3,False,,,,
102580,threshold 0.2,False,,,,
102580,threshold 0.1,False,,,,
102580,dot tolerance 15 px,False,,,,
102580,prompt ensemble (> 0.5),False,,,,
102580,threshold 0.3 + tolerance 15 + ensemble,False,,,,
102582,"production (fish > 0.5, on dot)",False,,,,
102582,threshold 0.3,False,,,,
102582,threshold 0.2,False,,,,
102582,threshold 0.1,False,,,,
102582,dot tolerance 15 px,False,,,,
102582,prompt ensemble (> 0.5),False,,,,
102582,threshold 0.3 + tolerance 15 + ensemble,False,,,,
102584,"production (fish > 0.5, on dot)",False,,,,
102584,threshold 0.3,False,,,,
102584,threshold 0.2,False,,,,
102584,threshold 0.1,False,,,,
102584,dot tolerance 15 px,False,,,,
102584,prompt ensemble (> 0.5),False,,,,
102584,threshold 0.3 + tolerance 15 + ensemble,False,,,,
102587,"production (fish > 0.5, on dot)",False,,,,
102587,threshold 0.3,False,,,,
102587,threshold 0.2,False,,,,
102587,threshold 0.1,False,,,,
102587,dot tolerance 15 px,False,,,,
102587,prompt ensemble (> 0.5),False,,,,
102587,threshold 0.3 + tolerance 15 + ensemble,False,,,,
102591,"production (fish > 0.5, on dot)",False,,,,
102591,threshold 0.3,False,,,,
102591,threshold 0.2,False,,,,
102591,threshold 0.1,False,,,,
102591,dot tolerance 15 px,False,,,,
102591,prompt ensemble (> 0.5),False,,,,
102591,threshold 0.3 + tolerance 15 + ensemble,False,,,,
102609,"production (fish > 0.5, on dot)",True,1.0128740047560716,0.005675246169374343,0.10262454620615798,False
102609,threshold 0.3,True,1.0128740047560716,0.005675246169374343,0.10262454620615798,False
102609,threshold 0.2,True,1.0128740047560716,0.005675246169374343,0.10262454620615798,False
102609,threshold 0.1,True,1.0128740047560716,0.005675246169374343,0.10262454620615798,False
102609,dot tolerance 15 px,True,1.0128740047560716,0.005675246169374343,0.10262454620615798,False
102609,prompt ensemble (> 0.5),True,1.0128740047560716,0.005675246169374343,0.10262454620615798,False
102609,threshold 0.3 + tolerance 15 + ensemble,True,1.0128740047560716,0.005675246169374343,0.10262454620615798,False
102611,"production (fish > 0.5, on dot)",True,0.9930157288450118,0.009993721271777339,0.02110775776092696,False
102611,threshold 0.3,True,0.9930157288450118,0.009993721271777339,0.02110775776092696,False
102611,threshold 0.2,True,0.9930157288450118,0.009993721271777339,0.02110775776092696,False
102611,threshold 0.1,True,0.9930157288450118,0.009993721271777339,0.02110775776092696,False
102611,dot tolerance 15 px,True,0.9930157288450118,0.009993721271777339,0.02110775776092696,False
102611,prompt ensemble (> 0.5),True,0.9930157288450118,0.009993721271777339,0.02110775776092696,False
102611,threshold 0.3 + tolerance 15 + ensemble,True,0.9930157288450118,0.009993721271777339,0.02110775776092696,False
102613,"production (fish > 0.5, on dot)",True,0.999326261837521,0.00426771028935769,0.04413826627376628,False
102613,threshold 0.3,True,0.999326261837521,0.00426771028935769,0.04413826627376628,False
102613,threshold 0.2,True,0.999326261837521,0.00426771028935769,0.04413826627376628,False
102613,threshold 0.1,True,0.999326261837521,0.00426771028935769,0.04413826627376628,False
102613,dot tolerance 15 px,True,0.999326261837521,0.00426771028935769,0.04413826627376628,False
102613,prompt ensemble (> 0.5),True,0.999326261837521,0.00426771028935769,0.04413826627376628,False
102613,threshold 0.3 + tolerance 15 + ensemble,True,0.999326261837521,0.00426771028935769,0.04413826627376628,False
102616,"production (fish > 0.5, on dot)",True,0.9615790959031328,0.007527234745680203,0.044305846364759885,False
102616,threshold 0.3,True,0.9615790959031328,0.007527234745680203,0.044305846364759885,False
102616,threshold 0.2,True,0.9615790959031328,0.007527234745680203,0.044305846364759885,False
102616,threshold 0.1,True,0.9615790959031328,0.007527234745680203,0.044305846364759885,False
102616,dot tolerance 15 px,True,0.9615790959031328,0.007527234745680203,0.044305846364759885,False
102616,prompt ensemble (> 0.5),True,0.9615790959031328,0.007527234745680203,0.044305846364759885,False
102616,threshold 0.3 + tolerance 15 + ensemble,True,0.9615790959031328,0.007527234745680203,0.044305846364759885,False
102617,"production (fish > 0.5, on dot)",True,0.9694966507889885,0.030961836326950643,0.031789136781101325,False
102617,threshold 0.3,True,0.9694966507889885,0.030961836326950643,0.031789136781101325,False
102617,threshold 0.2,True,0.9694966507889885,0.030961836326950643,0.031789136781101325,False
102617,threshold 0.1,True,0.9694966507889885,0.030961836326950643,0.031789136781101325,False
102617,dot tolerance 15 px,True,0.9694966507889885,0.030961836326950643,0.031789136781101325,False
102617,prompt ensemble (> 0.5),True,0.9694966507889885,0.030961836326950643,0.031789136781101325,False
102617,threshold 0.3 + tolerance 15 + ensemble,True,0.9694966507889885,0.030961836326950643,0.031789136781101325,False
102618,"production (fish > 0.5, on dot)",True,0.9877062340361454,0.020844798247495522,0.018886231204877917,False
102618,threshold 0.3,True,0.9877062340361454,0.020844798247495522,0.018886231204877917,False
102618,threshold 0.2,True,0.9877062340361454,0.020844798247495522,0.018886231204877917,False
102618,threshold 0.1,True,0.9877062340361454,0.020844798247495522,0.018886231204877917,False
102618,dot tolerance 15 px,True,0.9877062340361454,0.020844798247495522,0.018886231204877917,False
102618,prompt ensemble (> 0.5),True,0.9877062340361454,0.020844798247495522,0.018886231204877917,False
102618,threshold 0.3 + tolerance 15 + ensemble,True,0.9877062340361454,0.020844798247495522,0.018886231204877917,False
102621,"production (fish > 0.5, on dot)",True,0.9617966551087428,0.031731223586371066,0.016361114078311624,False
102621,threshold 0.3,True,0.9617966551087428,0.031731223586371066,0.016361114078311624,False
102621,threshold 0.2,True,0.9617966551087428,0.031731223586371066,0.016361114078311624,False
102621,threshold 0.1,True,0.9617966551087428,0.031731223586371066,0.016361114078311624,False
102621,dot tolerance 15 px,True,0.9617966551087428,0.031731223586371066,0.016361114078311624,False
102621,prompt ensemble (> 0.5),True,0.9617966551087428,0.031731223586371066,0.016361114078311624,False
102621,threshold 0.3 + tolerance 15 + ensemble,True,0.9617966551087428,0.031731223586371066,0.016361114078311624,False
102627,"production (fish > 0.5, on dot)",True,1.018292208346942,0.011906272002462252,0.138629338665165,False
102627,threshold 0.3,True,1.018292208346942,0.011906272002462252,0.138629338665165,False
102627,threshold 0.2,True,1.018292208346942,0.011906272002462252,0.138629338665165,False
102627,threshold 0.1,True,1.018292208346942,0.011906272002462252,0.138629338665165,False
102627,dot tolerance 15 px,True,1.018292208346942,0.011906272002462252,0.138629338665165,False
102627,prompt ensemble (> 0.5),True,1.018292208346942,0.011906272002462252,0.138629338665165,False
102627,threshold 0.3 + tolerance 15 + ensemble,True,1.018292208346942,0.011906272002462252,0.138629338665165,False
102628,"production (fish > 0.5, on dot)",True,0.9921696413895289,0.010752964568306905,0.006913800334211007,False
102628,threshold 0.3,True,0.9921696413895289,0.010752964568306905,0.006913800334211007,False
102628,threshold 0.2,True,0.9921696413895289,0.010752964568306905,0.006913800334211007,False
102628,threshold 0.1,True,0.9921696413895289,0.010752964568306905,0.006913800334211007,False
102628,dot tolerance 15 px,True,0.9921696413895289,0.010752964568306905,0.006913800334211007,False
102628,prompt ensemble (> 0.5),True,0.9921696413895289,0.010752964568306905,0.006913800334211007,False
102628,threshold 0.3 + tolerance 15 + ensemble,True,0.9921696413895289,0.010752964568306905,0.006913800334211007,False
102629,"production (fish > 0.5, on dot)",True,0.9908397041451034,0.009282427599734624,0.0070398823191735235,False
102629,threshold 0.3,True,0.9908397041451034,0.009282427599734624,0.0070398823191735235,False
102629,threshold 0.2,True,0.9908397041451034,0.009282427599734624,0.0070398823191735235,False
102629,threshold 0.1,True,0.9908397041451034,0.009282427599734624,0.0070398823191735235,False
102629,dot tolerance 15 px,True,0.9908397041451034,0.009282427599734624,0.0070398823191735235,False
102629,prompt ensemble (> 0.5),True,0.9906452083922245,0.008615161126799926,0.014481266051999954,False
102629,threshold 0.3 + tolerance 15 + ensemble,True,0.9906452083922245,0.008615161126799926,0.014481266051999954,False
102634,"production (fish > 0.5, on dot)",True,0.9954097673781583,0.004931244830319858,0.018442598103315572,False
102634,threshold 0.3,True,0.9954097673781583,0.004931244830319858,0.018442598103315572,False
102634,threshold 0.2,True,0.9954097673781583,0.004931244830319858,0.018442598103315572,False
102634,threshold 0.1,True,0.9954097673781583,0.004931244830319858,0.018442598103315572,False
102634,dot tolerance 15 px,True,0.9954097673781583,0.004931244830319858,0.018442598103315572,False
102634,prompt ensemble (> 0.5),True,0.9954097673781583,0.004931244830319858,0.018442598103315572,False
102634,threshold 0.3 + tolerance 15 + ensemble,True,0.9954097673781583,0.004931244830319858,0.018442598103315572,False
102637,"production (fish > 0.5, on dot)",True,0.9963363162830549,0.0086283324514475,0.06902946390804368,False
102637,threshold 0.3,True,0.9963363162830549,0.0086283324514475,0.06902946390804368,False
102637,threshold 0.2,True,0.9963363162830549,0.0086283324514475,0.06902946390804368,False
102637,threshold 0.1,True,0.9963363162830549,0.0086283324514475,0.06902946390804368,False
102637,dot tolerance 15 px,True,0.9963363162830549,0.0086283324514475,0.06902946390804368,False
102637,prompt ensemble (> 0.5),True,0.9963363162830549,0.0086283324514475,0.06902946390804368,False
102637,threshold 0.3 + tolerance 15 + ensemble,True,0.9963363162830549,0.0086283324514475,0.06902946390804368,False
102642,"production (fish > 0.5, on dot)",True,0.9952239234528588,0.013777997211074273,0.0010880474334516868,False
102642,threshold 0.3,True,0.9952239234528588,0.013777997211074273,0.0010880474334516868,False
102642,threshold 0.2,True,0.9952239234528588,0.013777997211074273,0.0010880474334516868,False
102642,threshold 0.1,True,0.9952239234528588,0.013777997211074273,0.0010880474334516868,False
102642,dot tolerance 15 px,True,0.9952239234528588,0.013777997211074273,0.0010880474334516868,False
102642,prompt ensemble (> 0.5),True,0.9952239234528588,0.013777997211074273,0.0010880474334516868,False
102642,threshold 0.3 + tolerance 15 + ensemble,True,0.9952239234528588,0.013777997211074273,0.0010880474334516868,False
102643,"production (fish > 0.5, on dot)",True,1.0066128559475895,0.01060079393705158,0.07661051315480281,False
102643,threshold 0.3,True,1.0066128559475895,0.01060079393705158,0.07661051315480281,False
102643,threshold 0.2,True,1.0066128559475895,0.01060079393705158,0.07661051315480281,False
102643,threshold 0.1,True,1.0066128559475895,0.01060079393705158,0.07661051315480281,False
102643,dot tolerance 15 px,True,1.0066128559475895,0.01060079393705158,0.07661051315480281,False
102643,prompt ensemble (> 0.5),True,1.0066128559475895,0.01060079393705158,0.07661051315480281,False
102643,threshold 0.3 + tolerance 15 + ensemble,True,1.0066128559475895,0.01060079393705158,0.07661051315480281,False
102648,"production (fish > 0.5, on dot)",True,0.971197610788526,0.008074240069617373,0.057900953290230206,False
102648,threshold 0.3,True,0.971197610788526,0.008074240069617373,0.057900953290230206,False
102648,threshold 0.2,True,0.971197610788526,0.008074240069617373,0.057900953290230206,False
102648,threshold 0.1,True,0.971197610788526,0.008074240069617373,0.057900953290230206,False
102648,dot tolerance 15 px,True,0.971197610788526,0.008074240069617373,0.057900953290230206,False
102648,prompt ensemble (> 0.5),True,0.971197610788526,0.008074240069617373,0.057900953290230206,False
102648,threshold 0.3 + tolerance 15 + ensemble,True,0.971197610788526,0.008074240069617373,0.057900953290230206,False
102653,"production (fish > 0.5, on dot)",True,1.0327206379046454,0.016142557278366033,0.13818059964846677,False
102653,threshold 0.3,True,1.0327206379046454,0.016142557278366033,0.13818059964846677,False
102653,threshold 0.2,True,1.0327206379046454,0.016142557278366033,0.13818059964846677,False
102653,threshold 0.1,True,1.0327206379046454,0.016142557278366033,0.13818059964846677,False
102653,dot tolerance 15 px,True,1.0327206379046454,0.016142557278366033,0.13818059964846677,False
102653,prompt ensemble (> 0.5),True,1.0327206379046454,0.016142557278366033,0.13818059964846677,False
102653,threshold 0.3 + tolerance 15 + ensemble,True,1.0327206379046454,0.016142557278366033,0.13818059964846677,False
102654,"production (fish > 0.5, on dot)",True,0.9731187304819964,0.03560720463582525,0.06992427771011303,False
102654,threshold 0.3,True,0.9731187304819964,0.03560720463582525,0.06992427771011303,False
102654,threshold 0.2,True,0.9731187304819964,0.03560720463582525,0.06992427771011303,False
102654,threshold 0.1,True,0.9731187304819964,0.03560720463582525,0.06992427771011303,False
102654,dot tolerance 15 px,True,0.9731187304819964,0.03560720463582525,0.06992427771011303,False
102654,prompt ensemble (> 0.5),True,0.9731187304819964,0.03560720463582525,0.06992427771011303,False
102654,threshold 0.3 + tolerance 15 + ensemble,True,0.9731187304819964,0.03560720463582525,0.06992427771011303,False
102656,"production (fish > 0.5, on dot)",True,1.0448327835535096,0.021249671147394632,0.16783094727409487,False
102656,threshold 0.3,True,1.0448327835535096,0.021249671147394632,0.16783094727409487,False
102656,threshold 0.2,True,1.0448327835535096,0.021249671147394632,0.16783094727409487,False
102656,threshold 0.1,True,1.0448327835535096,0.021249671147394632,0.16783094727409487,False
102656,dot tolerance 15 px,True,1.0448327835535096,0.021249671147394632,0.16783094727409487,False
102656,prompt ensemble (> 0.5),True,1.0448327835535096,0.021249671147394632,0.16783094727409487,False
102656,threshold 0.3 + tolerance 15 + ensemble,True,1.0448327835535096,0.021249671147394632,0.16783094727409487,False
102664,"production (fish > 0.5, on dot)",True,0.9374844495858495,0.06752158700199139,0.03671318417458579,False
102664,threshold 0.3,True,0.9374844495858495,0.06752158700199139,0.03671318417458579,False
102664,threshold 0.2,True,0.9374844495858495,0.06752158700199139,0.03671318417458579,False
102664,threshold 0.1,True,0.9374844495858495,0.06752158700199139,0.03671318417458579,False
102664,dot tolerance 15 px,True,0.9374844495858495,0.06752158700199139,0.03671318417458579,False
102664,prompt ensemble (> 0.5),True,0.9351800629531196,0.06945409091343271,0.036720027262402054,False
102664,threshold 0.3 + tolerance 15 + ensemble,True,0.9351800629531196,0.06945409091343271,0.036720027262402054,False
102672,"production (fish > 0.5, on dot)",True,0.9851228639938233,0.013083504143114304,0.009872358450335144,False
102672,threshold 0.3,True,0.9851228639938233,0.013083504143114304,0.009872358450335144,False
102672,threshold 0.2,True,0.9851228639938233,0.013083504143114304,0.009872358450335144,False
102672,threshold 0.1,True,0.9851228639938233,0.013083504143114304,0.009872358450335144,False
102672,dot tolerance 15 px,True,0.9851228639938233,0.013083504143114304,0.009872358450335144,False
102672,prompt ensemble (> 0.5),True,0.9851228639938233,0.013083504143114304,0.009872358450335144,False
102672,threshold 0.3 + tolerance 15 + ensemble,True,0.9851228639938233,0.013083504143114304,0.009872358450335144,False
102674,"production (fish > 0.5, on dot)",True,0.9864673402540645,0.013345933986949315,0.010846809779052472,False
102674,threshold 0.3,True,0.9864673402540645,0.013345933986949315,0.010846809779052472,False
102674,threshold 0.2,True,0.9864673402540645,0.013345933986949315,0.010846809779052472,False
102674,threshold 0.1,True,0.9864673402540645,0.013345933986949315,0.010846809779052472,False
102674,dot tolerance 15 px,True,0.9864673402540645,0.013345933986949315,0.010846809779052472,False
102674,prompt ensemble (> 0.5),True,0.9864673402540645,0.013345933986949315,0.010846809779052472,False
102674,threshold 0.3 + tolerance 15 + ensemble,True,0.9864673402540645,0.013345933986949315,0.010846809779052472,False
102679,"production (fish > 0.5, on dot)",True,0.9808804030219339,0.021519074957857886,0.03475430148139283,False
102679,threshold 0.3,True,0.9808804030219339,0.021519074957857886,0.03475430148139283,False
102679,threshold 0.2,True,0.9808804030219339,0.021519074957857886,0.03475430148139283,False
102679,threshold 0.1,True,0.9808804030219339,0.021519074957857886,0.03475430148139283,False
102679,dot tolerance 15 px,True,0.9808804030219339,0.021519074957857886,0.03475430148139283,False
102679,prompt ensemble (> 0.5),True,0.9808804030219339,0.021519074957857886,0.03475430148139283,False
102679,threshold 0.3 + tolerance 15 + ensemble,True,0.9808804030219339,0.021519074957857886,0.03475430148139283,False
102680,"production (fish > 0.5, on dot)",True,0.9878273617533169,0.012397358511731068,0.008755135571365345,False
102680,threshold 0.3,True,0.9878273617533169,0.012397358511731068,0.008755135571365345,False
102680,threshold 0.2,True,0.9878273617533169,0.012397358511731068,0.008755135571365345,False
102680,threshold 0.1,True,0.9878273617533169,0.012397358511731068,0.008755135571365345,False
102680,dot tolerance 15 px,True,0.9878273617533169,0.012397358511731068,0.008755135571365345,False
102680,prompt ensemble (> 0.5),True,0.9878273617533169,0.012397358511731068,0.008755135571365345,False
102680,threshold 0.3 + tolerance 15 + ensemble,True,0.9878273617533169,0.012397358511731068,0.008755135571365345,False
102767,"production (fish > 0.5, on dot)",True,,,,False
102767,threshold 0.3,True,,,,False
102767,threshold 0.2,True,,,,False
102767,threshold 0.1,True,,,,False
102767,dot tolerance 15 px,True,,,,False
102767,prompt ensemble (> 0.5),True,,,,False
102767,threshold 0.3 + tolerance 15 + ensemble,True,,,,False
102787,"production (fish > 0.5, on dot)",True,,,,False
102787,threshold 0.3,True,,,,False
102787,threshold 0.2,True,,,,False
102787,threshold 0.1,True,,,,False
102787,dot tolerance 15 px,True,,,,False
102787,prompt ensemble (> 0.5),True,,,,False
102787,threshold 0.3 + tolerance 15 + ensemble,True,,,,False
102789,"production (fish > 0.5, on dot)",True,1.0633841315381167,0.045364603461274064,0.1466809646123896,False
102789,threshold 0.3,True,1.0633841315381167,0.045364603461274064,0.1466809646123896,False
102789,threshold 0.2,True,1.0633841315381167,0.045364603461274064,0.1466809646123896,False
102789,threshold 0.1,True,1.0633841315381167,0.045364603461274064,0.1466809646123896,False
102789,dot tolerance 15 px,True,1.0633841315381167,0.045364603461274064,0.1466809646123896,False
102789,prompt ensemble (> 0.5),True,1.0633841315381167,0.045364603461274064,0.1466809646123896,False
102789,threshold 0.3 + tolerance 15 + ensemble,True,1.0633841315381167,0.045364603461274064,0.1466809646123896,False
102790,"production (fish > 0.5, on dot)",True,,,,False
102790,threshold 0.3,True,,,,False
102790,threshold 0.2,True,,,,False
102790,threshold 0.1,True,,,,False
102790,dot tolerance 15 px,True,,,,False
102790,prompt ensemble (> 0.5),True,,,,False
102790,threshold 0.3 + tolerance 15 + ensemble,True,,,,False
102802,"production (fish > 0.5, on dot)",True,,,,False
102802,threshold 0.3,True,,,,False
102802,threshold 0.2,True,,,,False
102802,threshold 0.1,True,,,,False
102802,dot tolerance 15 px,True,,,,False
102802,prompt ensemble (> 0.5),True,,,,False
102802,threshold 0.3 + tolerance 15 + ensemble,True,,,,False
102803,"production (fish > 0.5, on dot)",True,1.4547098285485156,0.007449445680711123,0.45119010282091604,False
102803,threshold 0.3,True,1.4547098285485156,0.007449445680711123,0.45119010282091604,False
102803,threshold 0.2,True,1.4547098285485156,0.007449445680711123,0.45119010282091604,False
102803,threshold 0.1,True,1.4547098285485156,0.007449445680711123,0.45119010282091604,False
102803,dot tolerance 15 px,True,1.4547098285485156,0.007449445680711123,0.45119010282091604,False
102803,prompt ensemble (> 0.5),True,1.4547098285485156,0.007449445680711123,0.45119010282091604,False
102803,threshold 0.3 + tolerance 15 + ensemble,True,1.4547098285485156,0.007449445680711123,0.45119010282091604,False
102805,"production (fish > 0.5, on dot)",True,1.0238107365394542,0.004793938814580934,0.025667182103252216,False
102805,threshold 0.3,True,1.0238107365394542,0.004793938814580934,0.025667182103252216,False
102805,threshold 0.2,True,1.0238107365394542,0.004793938814580934,0.025667182103252216,False
102805,threshold 0.1,True,1.0238107365394542,0.004793938814580934,0.025667182103252216,False
102805,dot tolerance 15 px,True,1.0238107365394542,0.004793938814580934,0.025667182103252216,False
102805,prompt ensemble (> 0.5),True,1.0238107365394542,0.004793938814580934,0.025667182103252216,False
102805,threshold 0.3 + tolerance 15 + ensemble,True,1.0238107365394542,0.004793938814580934,0.025667182103252216,False
102806,"production (fish > 0.5, on dot)",True,1.0150899435083751,0.012078746204821508,0.005599068435041571,False
102806,threshold 0.3,True,1.0150899435083751,0.012078746204821508,0.005599068435041571,False
102806,threshold 0.2,True,1.0150899435083751,0.012078746204821508,0.005599068435041571,False
102806,threshold 0.1,True,1.0150899435083751,0.012078746204821508,0.005599068435041571,False
102806,dot tolerance 15 px,True,1.0150899435083751,0.012078746204821508,0.005599068435041571,False
102806,prompt ensemble (> 0.5),True,1.0150899435083751,0.012078746204821508,0.005599068435041571,False
102806,threshold 0.3 + tolerance 15 + ensemble,True,1.0150899435083751,0.012078746204821508,0.005599068435041571,False
102807,"production (fish > 0.5, on dot)",True,1.031739545232859,0.014130990288344941,0.050826947542879086,False
102807,threshold 0.3,True,1.031739545232859,0.014130990288344941,0.050826947542879086,False
102807,threshold 0.2,True,1.031739545232859,0.014130990288344941,0.050826947542879086,False
102807,threshold 0.1,True,1.031739545232859,0.014130990288344941,0.050826947542879086,False
102807,dot tolerance 15 px,True,1.031739545232859,0.014130990288344941,0.050826947542879086,False
102807,prompt ensemble (> 0.5),True,1.031739545232859,0.014130990288344941,0.050826947542879086,False
102807,threshold 0.3 + tolerance 15 + ensemble,True,1.031739545232859,0.014130990288344941,0.050826947542879086,False
102808,"production (fish > 0.5, on dot)",True,0.8738661321884691,0.012924345084385324,0.1274447599250059,False
102808,threshold 0.3,True,0.8738661321884691,0.012924345084385324,0.1274447599250059,False
102808,threshold 0.2,True,0.8738661321884691,0.012924345084385324,0.1274447599250059,False
102808,threshold 0.1,True,0.8738661321884691,0.012924345084385324,0.1274447599250059,False
102808,dot tolerance 15 px,True,0.8738661321884691,0.012924345084385324,0.1274447599250059,False
102808,prompt ensemble (> 0.5),True,0.8738661321884691,0.01102166961931665,0.1250171179916926,False
102808,threshold 0.3 + tolerance 15 + ensemble,True,0.8738661321884691,0.01102166961931665,0.1250171179916926,False
102809,"production (fish > 0.5, on dot)",True,0.9942078663462157,0.0147476416999016,0.01639777074604982,False
102809,threshold 0.3,True,0.9942078663462157,0.0147476416999016,0.01639777074604982,False
102809,threshold 0.2,True,0.9942078663462157,0.0147476416999016,0.01639777074604982,False
102809,threshold 0.1,True,0.9942078663462157,0.0147476416999016,0.01639777074604982,False
102809,dot tolerance 15 px,True,0.9942078663462157,0.0147476416999016,0.01639777074604982,False
102809,prompt ensemble (> 0.5),True,0.9935423254693234,0.013419328126200954,0.012717891754790241,False
102809,threshold 0.3 + tolerance 15 + ensemble,True,0.9935423254693234,0.013419328126200954,0.012717891754790241,False
102810,"production (fish > 0.5, on dot)",True,,,,False
102810,threshold 0.3,True,,,,False
102810,threshold 0.2,True,,,,False
102810,threshold 0.1,True,,,,False
102810,dot tolerance 15 px,True,,,,False
102810,prompt ensemble (> 0.5),True,,,,False
102810,threshold 0.3 + tolerance 15 + ensemble,True,,,,False
102811,"production (fish > 0.5, on dot)",True,0.9820069141875872,0.049527917891875835,0.01342950453462316,False
102811,threshold 0.3,True,0.9820069141875872,0.049527917891875835,0.01342950453462316,False
102811,threshold 0.2,True,0.9820069141875872,0.049527917891875835,0.01342950453462316,False
102811,threshold 0.1,True,0.9820069141875872,0.049527917891875835,0.01342950453462316,False
102811,dot tolerance 15 px,True,0.9820069141875872,0.049527917891875835,0.01342950453462316,False
102811,prompt ensemble (> 0.5),True,0.9802428172353251,0.04655936651200646,0.020255993693824668,False
102811,threshold 0.3 + tolerance 15 + ensemble,True,0.9802428172353251,0.04655936651200646,0.020255993693824668,False
102812,"production (fish > 0.5, on dot)",False,,,,
102812,threshold 0.3,True,,,,False
102812,threshold 0.2,True,,,,False
102812,threshold 0.1,True,,,,False
102812,dot tolerance 15 px,False,,,,
102812,prompt ensemble (> 0.5),False,,,,
102812,threshold 0.3 + tolerance 15 + ensemble,True,,,,False
102813,"production (fish > 0.5, on dot)",True,,,,False
102813,threshold 0.3,True,,,,False
102813,threshold 0.2,True,,,,False
102813,threshold 0.1,True,,,,False
102813,dot tolerance 15 px,True,,,,False
102813,prompt ensemble (> 0.5),True,,,,False
102813,threshold 0.3 + tolerance 15 + ensemble,True,,,,False
102814,"production (fish > 0.5, on dot)",True,1.1798081263119866,0.06616292394381353,0.21169122382755853,False
102814,threshold 0.3,True,1.1798081263119866,0.06616292394381353,0.21169122382755853,False
102814,threshold 0.2,True,1.1798081263119866,0.06616292394381353,0.21169122382755853,False
102814,threshold 0.1,True,1.1798081263119866,0.06616292394381353,0.21169122382755853,False
102814,dot tolerance 15 px,True,1.1798081263119866,0.06616292394381353,0.21169122382755853,False
102814,prompt ensemble (> 0.5),True,1.1798081263119866,0.06616292394381353,0.21169122382755853,False
102814,threshold 0.3 + tolerance 15 + ensemble,True,1.1798081263119866,0.06616292394381353,0.21169122382755853,False
102815,"production (fish > 0.5, on dot)",True,,,,False
102815,threshold 0.3,True,,,,False
102815,threshold 0.2,True,,,,False
102815,threshold 0.1,True,,,,False
102815,dot tolerance 15 px,True,,,,False
102815,prompt ensemble (> 0.5),True,,,,False
102815,threshold 0.3 + tolerance 15 + ensemble,True,,,,False
102816,"production (fish > 0.5, on dot)",True,1.0461740952305618,0.028145749808019854,0.06564770165852998,False
102816,threshold 0.3,True,1.0461740952305618,0.028145749808019854,0.06564770165852998,False
102816,threshold 0.2,True,1.0461740952305618,0.028145749808019854,0.06564770165852998,False
102816,threshold 0.1,True,1.0461740952305618,0.028145749808019854,0.06564770165852998,False
102816,dot tolerance 15 px,True,1.0461740952305618,0.028145749808019854,0.06564770165852998,False
102816,prompt ensemble (> 0.5),True,1.0427832511081272,0.028145749808019854,0.06108608175073588,False
102816,threshold 0.3 + tolerance 15 + ensemble,True,1.0427832511081272,0.028145749808019854,0.06108608175073588,False
102819,"production (fish > 0.5, on dot)",True,0.9956055247580973,0.0188770804591839,0.019599263385102733,False
102819,threshold 0.3,True,0.9956055247580973,0.0188770804591839,0.019599263385102733,False
102819,threshold 0.2,True,0.9956055247580973,0.0188770804591839,0.019599263385102733,False
102819,threshold 0.1,True,0.9956055247580973,0.0188770804591839,0.019599263385102733,False
102819,dot tolerance 15 px,True,0.9956055247580973,0.0188770804591839,0.019599263385102733,False
102819,prompt ensemble (> 0.5),True,0.9956055247580973,0.0188770804591839,0.019599263385102733,False
102819,threshold 0.3 + tolerance 15 + ensemble,True,0.9956055247580973,0.0188770804591839,0.019599263385102733,False
102821,"production (fish > 0.5, on dot)",False,,,,
102821,threshold 0.3,False,,,,
102821,threshold 0.2,False,,,,
102821,threshold 0.1,False,,,,
102821,dot tolerance 15 px,False,,,,
102821,prompt ensemble (> 0.5),False,,,,
102821,threshold 0.3 + tolerance 15 + ensemble,False,,,,
102823,"production (fish > 0.5, on dot)",True,0.8330435543061308,0.05349182871047415,0.15980494233368853,False
102823,threshold 0.3,True,0.8330435543061308,0.05349182871047415,0.15980494233368853,False
102823,threshold 0.2,True,0.8330435543061308,0.05349182871047415,0.15980494233368853,False
102823,threshold 0.1,True,0.8330435543061308,0.05349182871047415,0.15980494233368853,False
102823,dot tolerance 15 px,True,0.8330435543061308,0.05349182871047415,0.15980494233368853,False
102823,prompt ensemble (> 0.5),True,0.8330435543061308,0.05349182871047415,0.15980494233368853,False
102823,threshold 0.3 + tolerance 15 + ensemble,True,0.8330435543061308,0.05349182871047415,0.15980494233368853,False
102824,"production (fish > 0.5, on dot)",True,0.9114597170136225,0.011100146667822289,0.11452039081654805,False
102824,threshold 0.3,True,0.9114597170136225,0.011100146667822289,0.11452039081654805,False
102824,threshold 0.2,True,0.9114597170136225,0.011100146667822289,0.11452039081654805,False
102824,threshold 0.1,True,0.9114597170136225,0.011100146667822289,0.11452039081654805,False
102824,dot tolerance 15 px,True,0.9114597170136225,0.011100146667822289,0.11452039081654805,False
102824,prompt ensemble (> 0.5),True,0.9114597170136225,0.011100146667822289,0.11452039081654805,False
102824,threshold 0.3 + tolerance 15 + ensemble,True,0.9114597170136225,0.011100146667822289,0.11452039081654805,False
102829,"production (fish > 0.5, on dot)",True,1.031102276140833,0.020860641349503564,0.014258996437435136,False
102829,threshold 0.3,True,1.031102276140833,0.020860641349503564,0.014258996437435136,False
102829,threshold 0.2,True,1.031102276140833,0.020860641349503564,0.014258996437435136,False
102829,threshold 0.1,True,1.031102276140833,0.020860641349503564,0.014258996437435136,False
102829,dot tolerance 15 px,True,1.031102276140833,0.020860641349503564,0.014258996437435136,False
102829,prompt ensemble (> 0.5),True,1.031102276140833,0.020860641349503564,0.014258996437435136,False
102829,threshold 0.3 + tolerance 15 + ensemble,True,1.031102276140833,0.020860641349503564,0.014258996437435136,False
102830,"production (fish > 0.5, on dot)",True,1.013131990959331,0.006023242646543714,0.020156959372203513,False
102830,threshold 0.3,True,1.013131990959331,0.006023242646543714,0.020156959372203513,False
102830,threshold 0.2,True,1.013131990959331,0.006023242646543714,0.020156959372203513,False
102830,threshold 0.1,True,1.013131990959331,0.006023242646543714,0.020156959372203513,False
102830,dot tolerance 15 px,True,1.013131990959331,0.006023242646543714,0.020156959372203513,False
102830,prompt ensemble (> 0.5),True,1.0128594939563778,0.004428937237504523,0.021569170182519724,False
102830,threshold 0.3 + tolerance 15 + ensemble,True,1.0128594939563778,0.004428937237504523,0.021569170182519724,False
102831,"production (fish > 0.5, on dot)",True,1.0203137468609422,0.004387819745692265,0.034341377805485324,False
102831,threshold 0.3,True,1.0203137468609422,0.004387819745692265,0.034341377805485324,False
102831,threshold 0.2,True,1.0203137468609422,0.004387819745692265,0.034341377805485324,False
102831,threshold 0.1,True,1.0203137468609422,0.004387819745692265,0.034341377805485324,False
102831,dot tolerance 15 px,True,1.0203137468609422,0.004387819745692265,0.034341377805485324,False
102831,prompt ensemble (> 0.5),True,1.0203137468609422,0.004387819745692265,0.034341377805485324,False
102831,threshold 0.3 + tolerance 15 + ensemble,True,1.0203137468609422,0.004387819745692265,0.034341377805485324,False
102835,"production (fish > 0.5, on dot)",True,1.0298533562687613,0.015953859445578488,0.04758780115969854,False
102835,threshold 0.3,True,1.0298533562687613,0.015953859445578488,0.04758780115969854,False
102835,threshold 0.2,True,1.0298533562687613,0.015953859445578488,0.04758780115969854,False
102835,threshold 0.1,True,1.0298533562687613,0.015953859445578488,0.04758780115969854,False
102835,dot tolerance 15 px,True,1.0298533562687613,0.015953859445578488,0.04758780115969854,False
102835,prompt ensemble (> 0.5),True,1.0298533562687613,0.015953859445578488,0.04758780115969854,False
102835,threshold 0.3 + tolerance 15 + ensemble,True,1.0298533562687613,0.015953859445578488,0.04758780115969854,False
102836,"production (fish > 0.5, on dot)",True,1.0134655325099817,0.009957535751797511,0.012607043838940582,False
102836,threshold 0.3,True,1.0134655325099817,0.009957535751797511,0.012607043838940582,False
102836,threshold 0.2,True,1.0134655325099817,0.009957535751797511,0.012607043838940582,False
102836,threshold 0.1,True,1.0134655325099817,0.009957535751797511,0.012607043838940582,False
102836,dot tolerance 15 px,True,1.0134655325099817,0.009957535751797511,0.012607043838940582,False
102836,prompt ensemble (> 0.5),True,1.0134655325099817,0.009957535751797511,0.012607043838940582,False
102836,threshold 0.3 + tolerance 15 + ensemble,True,1.0134655325099817,0.009957535751797511,0.012607043838940582,False
102847,"production (fish > 0.5, on dot)",False,,,,
102847,threshold 0.3,False,,,,
102847,threshold 0.2,False,,,,
102847,threshold 0.1,False,,,,
102847,dot tolerance 15 px,False,,,,
102847,prompt ensemble (> 0.5),False,,,,
102847,threshold 0.3 + tolerance 15 + ensemble,False,,,,
102849,"production (fish > 0.5, on dot)",False,,,,
102849,threshold 0.3,False,,,,
102849,threshold 0.2,False,,,,
102849,threshold 0.1,False,,,,
102849,dot tolerance 15 px,False,,,,
102849,prompt ensemble (> 0.5),False,,,,
102849,threshold 0.3 + tolerance 15 + ensemble,False,,,,
102855,"production (fish > 0.5, on dot)",True,1.4857900714758774,0.8794552560665797,0.4769577912535182,False
102855,threshold 0.3,True,1.4857900714758774,0.8794552560665797,0.4769577912535182,False
102855,threshold 0.2,True,1.4857900714758774,0.8794552560665797,0.4769577912535182,False
102855,threshold 0.1,True,1.4857900714758774,0.8794552560665797,0.4769577912535182,False
102855,dot tolerance 15 px,True,1.4857900714758774,0.8794552560665797,0.4769577912535182,False
102855,prompt ensemble (> 0.5),True,1.4857900714758774,0.8794552560665797,0.4769577912535182,False
102855,threshold 0.3 + tolerance 15 + ensemble,True,1.4857900714758774,0.8794552560665797,0.4769577912535182,False
102856,"production (fish > 0.5, on dot)",True,1.107935467274938,0.0064069862550326555,0.21616168384279577,True
102856,threshold 0.3,True,1.107935467274938,0.0064069862550326555,0.21616168384279577,True
102856,threshold 0.2,True,1.107935467274938,0.0064069862550326555,0.21616168384279577,True
102856,threshold 0.1,True,1.107935467274938,0.0064069862550326555,0.21616168384279577,True
102856,dot tolerance 15 px,True,1.107935467274938,0.0064069862550326555,0.21616168384279577,True
102856,prompt ensemble (> 0.5),True,1.107935467274938,0.0064069862550326555,0.21616168384279577,True
102856,threshold 0.3 + tolerance 15 + ensemble,True,1.107935467274938,0.0064069862550326555,0.21616168384279577,True
102857,"production (fish > 0.5, on dot)",True,1.113106219882355,0.0034168382430919135,0.22391446316260122,False
102857,threshold 0.3,True,1.113106219882355,0.0034168382430919135,0.22391446316260122,False
102857,threshold 0.2,True,1.113106219882355,0.0034168382430919135,0.22391446316260122,False
102857,threshold 0.1,True,1.113106219882355,0.0034168382430919135,0.22391446316260122,False
102857,dot tolerance 15 px,True,1.113106219882355,0.0034168382430919135,0.22391446316260122,False
102857,prompt ensemble (> 0.5),True,1.113106219882355,0.0034168382430919135,0.22391446316260122,False
102857,threshold 0.3 + tolerance 15 + ensemble,True,1.113106219882355,0.0034168382430919135,0.22391446316260122,False
102858,"production (fish > 0.5, on dot)",True,1.1225891237849657,0.010747107368645844,0.20805129800864508,False
102858,threshold 0.3,True,1.1225891237849657,0.010747107368645844,0.20805129800864508,False
102858,threshold 0.2,True,1.1225891237849657,0.010747107368645844,0.20805129800864508,False
102858,threshold 0.1,True,1.1225891237849657,0.010747107368645844,0.20805129800864508,False
102858,dot tolerance 15 px,True,1.1225891237849657,0.010747107368645844,0.20805129800864508,False
102858,prompt ensemble (> 0.5),True,1.1225891237849657,0.010747107368645844,0.20805129800864508,False
102858,threshold 0.3 + tolerance 15 + ensemble,True,1.1225891237849657,0.010747107368645844,0.20805129800864508,False
102859,"production (fish > 0.5, on dot)",True,1.1187763890093532,0.005194225071718845,0.19698029079519477,False
102859,threshold 0.3,True,1.1187763890093532,0.005194225071718845,0.19698029079519477,False
102859,threshold 0.2,True,1.1187763890093532,0.005194225071718845,0.19698029079519477,False
102859,threshold 0.1,True,1.1187763890093532,0.005194225071718845,0.19698029079519477,False
102859,dot tolerance 15 px,True,1.1187763890093532,0.005194225071718845,0.19698029079519477,False
102859,prompt ensemble (> 0.5),True,1.1187763890093532,0.005194225071718845,0.19698029079519477,False
102859,threshold 0.3 + tolerance 15 + ensemble,True,1.1187763890093532,0.005194225071718845,0.19698029079519477,False
102860,"production (fish > 0.5, on dot)",True,1.1188710263214323,0.003248941819966078,0.218313995851274,False
102860,threshold 0.3,True,1.1188710263214323,0.003248941819966078,0.218313995851274,False
102860,threshold 0.2,True,1.1188710263214323,0.003248941819966078,0.218313995851274,False
102860,threshold 0.1,True,1.1188710263214323,0.003248941819966078,0.218313995851274,False
102860,dot tolerance 15 px,True,1.1188710263214323,0.003248941819966078,0.218313995851274,False
102860,prompt ensemble (> 0.5),True,1.1188710263214323,0.003248941819966078,0.218313995851274,False
102860,threshold 0.3 + tolerance 15 + ensemble,True,1.1188710263214323,0.003248941819966078,0.218313995851274,False
102861,"production (fish > 0.5, on dot)",True,1.1108058265314134,0.010712903903124063,0.2204350642406992,False
102861,threshold 0.3,True,1.1108058265314134,0.010712903903124063,0.2204350642406992,False
102861,threshold 0.2,True,1.1108058265314134,0.010712903903124063,0.2204350642406992,False
102861,threshold 0.1,True,1.1108058265314134,0.010712903903124063,0.2204350642406992,False
102861,dot tolerance 15 px,True,1.1108058265314134,0.010712903903124063,0.2204350642406992,False
102861,prompt ensemble (> 0.5),True,1.1108058265314134,0.010712903903124063,0.2204350642406992,False
102861,threshold 0.3 + tolerance 15 + ensemble,True,1.1108058265314134,0.010712903903124063,0.2204350642406992,False
102862,"production (fish > 0.5, on dot)",True,1.1083011310633277,0.0034076678096881105,0.19510926101899007,False
102862,threshold 0.3,True,1.1083011310633277,0.0034076678096881105,0.19510926101899007,False
102862,threshold 0.2,True,1.1083011310633277,0.0034076678096881105,0.19510926101899007,False
102862,threshold 0.1,True,1.1083011310633277,0.0034076678096881105,0.19510926101899007,False
102862,dot tolerance 15 px,True,1.1083011310633277,0.0034076678096881105,0.19510926101899007,False
102862,prompt ensemble (> 0.5),True,1.1083011310633277,0.0034076678096881105,0.19510926101899007,False
102862,threshold 0.3 + tolerance 15 + ensemble,True,1.1083011310633277,0.0034076678096881105,0.19510926101899007,False
102863,"production (fish > 0.5, on dot)",True,1.1083528701437806,0.004176091213106362,0.21822084690171994,False
102863,threshold 0.3,True,1.1083528701437806,0.004176091213106362,0.21822084690171994,False
102863,threshold 0.2,True,1.1083528701437806,0.004176091213106362,0.21822084690171994,False
102863,threshold 0.1,True,1.1083528701437806,0.004176091213106362,0.21822084690171994,False
102863,dot tolerance 15 px,True,1.1083528701437806,0.004176091213106362,0.21822084690171994,False
102863,prompt ensemble (> 0.5),True,1.1083528701437806,0.004176091213106362,0.21822084690171994,False
102863,threshold 0.3 + tolerance 15 + ensemble,True,1.1083528701437806,0.004176091213106362,0.21822084690171994,False
102864,"production (fish > 0.5, on dot)",True,1.1136748928280296,0.004073963383167788,0.21484159036908176,False
102864,threshold 0.3,True,1.1136748928280296,0.004073963383167788,0.21484159036908176,False
102864,threshold 0.2,True,1.1136748928280296,0.004073963383167788,0.21484159036908176,False
102864,threshold 0.1,True,1.1136748928280296,0.004073963383167788,0.21484159036908176,False
102864,dot tolerance 15 px,True,1.1136748928280296,0.004073963383167788,0.21484159036908176,False
102864,prompt ensemble (> 0.5),True,1.1136748928280296,0.004073963383167788,0.21484159036908176,False
102864,threshold 0.3 + tolerance 15 + ensemble,True,1.1136748928280296,0.004073963383167788,0.21484159036908176,False
102865,"production (fish > 0.5, on dot)",True,1.1118209515137427,0.0019253660266746121,0.22855073245544963,False
102865,threshold 0.3,True,1.1118209515137427,0.0019253660266746121,0.22855073245544963,False
102865,threshold 0.2,True,1.1118209515137427,0.0019253660266746121,0.22855073245544963,False
102865,threshold 0.1,True,1.1118209515137427,0.0019253660266746121,0.22855073245544963,False
102865,dot tolerance 15 px,True,1.1118209515137427,0.0019253660266746121,0.22855073245544963,False
102865,prompt ensemble (> 0.5),True,1.1118209515137427,0.0019253660266746121,0.22855073245544963,False
102865,threshold 0.3 + tolerance 15 + ensemble,True,1.1118209515137427,0.0019253660266746121,0.22855073245544963,False
102866,"production (fish > 0.5, on dot)",True,1.1005701272190305,0.004100902988726735,0.2192353769886034,False
102866,threshold 0.3,True,1.1005701272190305,0.004100902988726735,0.2192353769886034,False
102866,threshold 0.2,True,1.1005701272190305,0.004100902988726735,0.2192353769886034,False
102866,threshold 0.1,True,1.1005701272190305,0.004100902988726735,0.2192353769886034,False
102866,dot tolerance 15 px,True,1.1005701272190305,0.004100902988726735,0.2192353769886034,False
102866,prompt ensemble (> 0.5),True,1.1005701272190305,0.004100902988726735,0.2192353769886034,False
102866,threshold 0.3 + tolerance 15 + ensemble,True,1.1005701272190305,0.004100902988726735,0.2192353769886034,False
102867,"production (fish > 0.5, on dot)",True,1.1161091513512071,0.005646510650350004,0.21778976772649364,False
102867,threshold 0.3,True,1.1161091513512071,0.005646510650350004,0.21778976772649364,False
102867,threshold 0.2,True,1.1161091513512071,0.005646510650350004,0.21778976772649364,False
102867,threshold 0.1,True,1.1161091513512071,0.005646510650350004,0.21778976772649364,False
102867,dot tolerance 15 px,True,1.1161091513512071,0.005646510650350004,0.21778976772649364,False
102867,prompt ensemble (> 0.5),True,1.1161091513512071,0.005646510650350004,0.21778976772649364,False
102867,threshold 0.3 + tolerance 15 + ensemble,True,1.1161091513512071,0.005646510650350004,0.21778976772649364,False
102868,"production (fish > 0.5, on dot)",True,1.098636932565264,0.007348594807971804,0.2249040235332895,False
102868,threshold 0.3,True,1.098636932565264,0.007348594807971804,0.2249040235332895,False
102868,threshold 0.2,True,1.098636932565264,0.007348594807971804,0.2249040235332895,False
102868,threshold 0.1,True,1.098636932565264,0.007348594807971804,0.2249040235332895,False
102868,dot tolerance 15 px,True,1.098636932565264,0.007348594807971804,0.2249040235332895,False
102868,prompt ensemble (> 0.5),True,1.098636932565264,0.007348594807971804,0.2249040235332895,False
102868,threshold 0.3 + tolerance 15 + ensemble,True,1.098636932565264,0.007348594807971804,0.2249040235332895,False
102869,"production (fish > 0.5, on dot)",False,,,,
102869,threshold 0.3,False,,,,
102869,threshold 0.2,False,,,,
102869,threshold 0.1,False,,,,
102869,dot tolerance 15 px,True,1.1099232321969343,0.01127040759819299,0.22693699190481206,False
102869,prompt ensemble (> 0.5),False,,,,
102869,threshold 0.3 + tolerance 15 + ensemble,True,1.1099232321969343,0.01127040759819299,0.22693699190481206,False
102870,"production (fish > 0.5, on dot)",True,1.1170933968780652,0.0065673581808912,0.2274933165735327,False
102870,threshold 0.3,True,1.1170933968780652,0.0065673581808912,0.2274933165735327,False
102870,threshold 0.2,True,1.1170933968780652,0.0065673581808912,0.2274933165735327,False
102870,threshold 0.1,True,1.1170933968780652,0.0065673581808912,0.2274933165735327,False
102870,dot tolerance 15 px,True,1.1170933968780652,0.0065673581808912,0.2274933165735327,False
102870,prompt ensemble (> 0.5),True,1.1170933968780652,0.0065673581808912,0.2274933165735327,False
102870,threshold 0.3 + tolerance 15 + ensemble,True,1.1170933968780652,0.0065673581808912,0.2274933165735327,False
102871,"production (fish > 0.5, on dot)",True,1.0619123998836089,0.006416218424202523,0.1916672229549947,False
102871,threshold 0.3,True,1.0619123998836089,0.006416218424202523,0.1916672229549947,False
102871,threshold 0.2,True,1.0619123998836089,0.006416218424202523,0.1916672229549947,False
102871,threshold 0.1,True,1.0619123998836089,0.006416218424202523,0.1916672229549947,False
102871,dot tolerance 15 px,True,1.0619123998836089,0.006416218424202523,0.1916672229549947,False
102871,prompt ensemble (> 0.5),True,1.0619123998836089,0.006416218424202523,0.1916672229549947,False
102871,threshold 0.3 + tolerance 15 + ensemble,True,1.0619123998836089,0.006416218424202523,0.1916672229549947,False
102876,"production (fish > 0.5, on dot)",True,1.0528454664117126,0.032809784588118444,0.13439925100500708,False
102876,threshold 0.3,True,1.0528454664117126,0.032809784588118444,0.13439925100500708,False
102876,threshold 0.2,True,1.0528454664117126,0.032809784588118444,0.13439925100500708,False
102876,threshold 0.1,True,1.0528454664117126,0.032809784588118444,0.13439925100500708,False
102876,dot tolerance 15 px,True,1.0528454664117126,0.032809784588118444,0.13439925100500708,False
102876,prompt ensemble (> 0.5),True,1.0528454664117126,0.032809784588118444,0.13439925100500708,False
102876,threshold 0.3 + tolerance 15 + ensemble,True,1.0528454664117126,0.032809784588118444,0.13439925100500708,False
102878,"production (fish > 0.5, on dot)",True,1.119642667123815,0.03308818524658757,0.15023478830247813,False
102878,threshold 0.3,True,1.119642667123815,0.03308818524658757,0.15023478830247813,False
102878,threshold 0.2,True,1.119642667123815,0.03308818524658757,0.15023478830247813,False
102878,threshold 0.1,True,1.119642667123815,0.03308818524658757,0.15023478830247813,False
102878,dot tolerance 15 px,True,1.119642667123815,0.03308818524658757,0.15023478830247813,False
102878,prompt ensemble (> 0.5),True,1.1131569498903986,0.02946324728126453,0.1455194087605531,False
102878,threshold 0.3 + tolerance 15 + ensemble,True,1.1131569498903986,0.02946324728126453,0.1455194087605531,False
102879,"production (fish > 0.5, on dot)",True,1.0549981758839544,0.002124869037701923,0.11034757359313009,False
102879,threshold 0.3,True,1.0549981758839544,0.002124869037701923,0.11034757359313009,False
102879,threshold 0.2,True,1.0549981758839544,0.002124869037701923,0.11034757359313009,False
102879,threshold 0.1,True,1.0549981758839544,0.002124869037701923,0.11034757359313009,False
102879,dot tolerance 15 px,True,1.0549981758839544,0.002124869037701923,0.11034757359313009,False
102879,prompt ensemble (> 0.5),True,1.0549981758839544,0.002124869037701923,0.11034757359313009,False
102879,threshold 0.3 + tolerance 15 + ensemble,True,1.0549981758839544,0.002124869037701923,0.11034757359313009,False
102880,"production (fish > 0.5, on dot)",True,1.0544426077997349,0.0210494133686268,0.11533898274487976,False
102880,threshold 0.3,True,1.0544426077997349,0.0210494133686268,0.11533898274487976,False
102880,threshold 0.2,True,1.0544426077997349,0.0210494133686268,0.11533898274487976,False
102880,threshold 0.1,True,1.0544426077997349,0.0210494133686268,0.11533898274487976,False
102880,dot tolerance 15 px,True,1.0544426077997349,0.0210494133686268,0.11533898274487976,False
102880,prompt ensemble (> 0.5),True,1.051840192431213,0.0210494133686268,0.11074727813704875,False
102880,threshold 0.3 + tolerance 15 + ensemble,True,1.051840192431213,0.0210494133686268,0.11074727813704875,False
102881,"production (fish > 0.5, on dot)",True,1.0294417660837243,0.024268523147863128,0.10391319665375102,False
102881,threshold 0.3,True,1.0294417660837243,0.024268523147863128,0.10391319665375102,False
102881,threshold 0.2,True,1.0294417660837243,0.024268523147863128,0.10391319665375102,False
102881,threshold 0.1,True,1.0294417660837243,0.024268523147863128,0.10391319665375102,False
102881,dot tolerance 15 px,True,1.0294417660837243,0.024268523147863128,0.10391319665375102,False
102881,prompt ensemble (> 0.5),True,1.026696296669199,0.021755139989587443,0.10041165661279551,False
102881,threshold 0.3 + tolerance 15 + ensemble,True,1.026696296669199,0.021755139989587443,0.10041165661279551,False
102882,"production (fish > 0.5, on dot)",True,,,,False
102882,threshold 0.3,True,,,,False
102882,threshold 0.2,True,,,,False
102882,threshold 0.1,True,,,,False
102882,dot tolerance 15 px,True,,,,False
102882,prompt ensemble (> 0.5),True,,,,False
102882,threshold 0.3 + tolerance 15 + ensemble,True,,,,False
102883,"production (fish > 0.5, on dot)",True,,,,False
102883,threshold 0.3,True,,,,False
102883,threshold 0.2,True,,,,False
102883,threshold 0.1,True,,,,False
102883,dot tolerance 15 px,True,,,,False
102883,prompt ensemble (> 0.5),True,,,,False
102883,threshold 0.3 + tolerance 15 + ensemble,True,,,,False
102884,"production (fish > 0.5, on dot)",True,,,,False
102884,threshold 0.3,True,,,,False
102884,threshold 0.2,True,,,,False
102884,threshold 0.1,True,,,,False
102884,dot tolerance 15 px,True,,,,False
102884,prompt ensemble (> 0.5),True,,,,False
102884,threshold 0.3 + tolerance 15 + ensemble,True,,,,False
102885,"production (fish > 0.5, on dot)",True,0.7827634350040689,0.014283844649990224,0.2921719727209833,False
102885,threshold 0.3,True,0.7827634350040689,0.014283844649990224,0.2921719727209833,False
102885,threshold 0.2,True,0.7827634350040689,0.014283844649990224,0.2921719727209833,False
102885,threshold 0.1,True,0.7827634350040689,0.014283844649990224,0.2921719727209833,False
102885,dot tolerance 15 px,True,0.7827634350040689,0.014283844649990224,0.2921719727209833,False
102885,prompt ensemble (> 0.5),True,0.7797835749663112,0.014350641857535205,0.29425306864938244,False
102885,threshold 0.3 + tolerance 15 + ensemble,True,0.7797835749663112,0.014350641857535205,0.29425306864938244,False
102886,"production (fish > 0.5, on dot)",True,,,,False
102886,threshold 0.3,True,,,,False
102886,threshold 0.2,True,,,,False
102886,threshold 0.1,True,,,,False
102886,dot tolerance 15 px,True,,,,False
102886,prompt ensemble (> 0.5),True,,,,False
102886,threshold 0.3 + tolerance 15 + ensemble,True,,,,False
102887,"production (fish > 0.5, on dot)",True,,,,False
102887,threshold 0.3,True,,,,False
102887,threshold 0.2,True,,,,False
102887,threshold 0.1,True,,,,False
102887,dot tolerance 15 px,True,,,,False
102887,prompt ensemble (> 0.5),True,,,,False
102887,threshold 0.3 + tolerance 15 + ensemble,True,,,,False
102889,"production (fish > 0.5, on dot)",True,,,,False
102889,threshold 0.3,True,,,,False
102889,threshold 0.2,True,,,,False
102889,threshold 0.1,True,,,,False
102889,dot tolerance 15 px,True,,,,False
102889,prompt ensemble (> 0.5),True,,,,False
102889,threshold 0.3 + tolerance 15 + ensemble,True,,,,False
102890,"production (fish > 0.5, on dot)",False,,,,
102890,threshold 0.3,True,,,,False
102890,threshold 0.2,True,,,,False
102890,threshold 0.1,True,,,,False
102890,dot tolerance 15 px,False,,,,
102890,prompt ensemble (> 0.5),False,,,,
102890,threshold 0.3 + tolerance 15 + ensemble,True,,,,False
102901,"production (fish > 0.5, on dot)",True,1.0989463551028333,0.006533936129288116,0.21171455589200133,False
102901,threshold 0.3,True,1.0989463551028333,0.006533936129288116,0.21171455589200133,False
102901,threshold 0.2,True,1.0989463551028333,0.006533936129288116,0.21171455589200133,False
102901,threshold 0.1,True,1.0989463551028333,0.006533936129288116,0.21171455589200133,False
102901,dot tolerance 15 px,True,1.0989463551028333,0.006533936129288116,0.21171455589200133,False
102901,prompt ensemble (> 0.5),True,1.0989463551028333,0.006533936129288116,0.21171455589200133,False
102901,threshold 0.3 + tolerance 15 + ensemble,True,1.0989463551028333,0.006533936129288116,0.21171455589200133,False
102902,"production (fish > 0.5, on dot)",True,0.9961001635790572,0.006022018041430554,0.01939113908467419,False
102902,threshold 0.3,True,0.9961001635790572,0.006022018041430554,0.01939113908467419,False
102902,threshold 0.2,True,0.9961001635790572,0.006022018041430554,0.01939113908467419,False
102902,threshold 0.1,True,0.9961001635790572,0.006022018041430554,0.01939113908467419,False
102902,dot tolerance 15 px,True,0.9961001635790572,0.006022018041430554,0.01939113908467419,False
102902,prompt ensemble (> 0.5),True,0.9961001635790572,0.006022018041430554,0.01939113908467419,False
102902,threshold 0.3 + tolerance 15 + ensemble,True,0.9961001635790572,0.006022018041430554,0.01939113908467419,False
102903,"production (fish > 0.5, on dot)",True,0.997628820786238,0.01111884306479601,0.0014927647875479658,False
102903,threshold 0.3,True,0.997628820786238,0.01111884306479601,0.0014927647875479658,False
102903,threshold 0.2,True,0.997628820786238,0.01111884306479601,0.0014927647875479658,False
102903,threshold 0.1,True,0.997628820786238,0.01111884306479601,0.0014927647875479658,False
102903,dot tolerance 15 px,True,0.997628820786238,0.01111884306479601,0.0014927647875479658,False
102903,prompt ensemble (> 0.5),True,0.997628820786238,0.01111884306479601,0.0014927647875479658,False
102903,threshold 0.3 + tolerance 15 + ensemble,True,0.997628820786238,0.01111884306479601,0.0014927647875479658,False
102904,"production (fish > 0.5, on dot)",True,1.0036908717386093,0.009246176805234001,0.022911586918685747,False
102904,threshold 0.3,True,1.0036908717386093,0.009246176805234001,0.022911586918685747,False
102904,threshold 0.2,True,1.0036908717386093,0.009246176805234001,0.022911586918685747,False
102904,threshold 0.1,True,1.0036908717386093,0.009246176805234001,0.022911586918685747,False
102904,dot tolerance 15 px,True,1.0036908717386093,0.009246176805234001,0.022911586918685747,False
102904,prompt ensemble (> 0.5),True,1.0036908717386093,0.009246176805234001,0.022911586918685747,False
102904,threshold 0.3 + tolerance 15 + ensemble,True,1.0036908717386093,0.009246176805234001,0.022911586918685747,False
102905,"production (fish > 0.5, on dot)",True,0.9277328728433545,0.010583673879742366,0.06616650918519164,False
102905,threshold 0.3,True,0.9277328728433545,0.010583673879742366,0.06616650918519164,False
102905,threshold 0.2,True,0.9277328728433545,0.010583673879742366,0.06616650918519164,False
102905,threshold 0.1,True,0.9277328728433545,0.010583673879742366,0.06616650918519164,False
102905,dot tolerance 15 px,True,0.9277328728433545,0.010583673879742366,0.06616650918519164,False
102905,prompt ensemble (> 0.5),True,0.9256172919361082,0.00819707738529157,0.0670921115329211,False
102905,threshold 0.3 + tolerance 15 + ensemble,True,0.9256172919361082,0.00819707738529157,0.0670921115329211,False
102906,"production (fish > 0.5, on dot)",True,0.8980939730124962,0.03553215656470219,0.07200240293587881,False
102906,threshold 0.3,True,0.8980939730124962,0.03553215656470219,0.07200240293587881,False
102906,threshold 0.2,True,0.8980939730124962,0.03553215656470219,0.07200240293587881,False
102906,threshold 0.1,True,0.8980939730124962,0.03553215656470219,0.07200240293587881,False
102906,dot tolerance 15 px,True,0.8980939730124962,0.03553215656470219,0.07200240293587881,False
102906,prompt ensemble (> 0.5),True,0.895463744212016,0.03434553829930963,0.07398582238551138,False
102906,threshold 0.3 + tolerance 15 + ensemble,True,0.895463744212016,0.03434553829930963,0.07398582238551138,False
102907,"production (fish > 0.5, on dot)",True,0.9736058016381964,0.013433742355118529,0.08019767014021631,False
102907,threshold 0.3,True,0.9736058016381964,0.013433742355118529,0.08019767014021631,False
102907,threshold 0.2,True,0.9736058016381964,0.013433742355118529,0.08019767014021631,False
102907,threshold 0.1,True,0.9736058016381964,0.013433742355118529,0.08019767014021631,False
102907,dot tolerance 15 px,True,0.9736058016381964,0.013433742355118529,0.08019767014021631,False
102907,prompt ensemble (> 0.5),True,0.9736058016381964,0.013433742355118529,0.08019767014021631,False
102907,threshold 0.3 + tolerance 15 + ensemble,True,0.9736058016381964,0.013433742355118529,0.08019767014021631,False
102908,"production (fish > 0.5, on dot)",True,0.9948877140070845,0.017473283414345463,0.07539383368728866,False
102908,threshold 0.3,True,0.9948877140070845,0.017473283414345463,0.07539383368728866,False
102908,threshold 0.2,True,0.9948877140070845,0.017473283414345463,0.07539383368728866,False
102908,threshold 0.1,True,0.9948877140070845,0.017473283414345463,0.07539383368728866,False
102908,dot tolerance 15 px,True,0.9948877140070845,0.017473283414345463,0.07539383368728866,False
102908,prompt ensemble (> 0.5),True,0.9948877140070845,0.017473283414345463,0.07539383368728866,False
102908,threshold 0.3 + tolerance 15 + ensemble,True,0.9948877140070845,0.017473283414345463,0.07539383368728866,False
102909,"production (fish > 0.5, on dot)",True,0.9478691902490868,0.0060966555410410525,0.04895191087809591,False
102909,threshold 0.3,True,0.9478691902490868,0.0060966555410410525,0.04895191087809591,False
102909,threshold 0.2,True,0.9478691902490868,0.0060966555410410525,0.04895191087809591,False
102909,threshold 0.1,True,0.9478691902490868,0.0060966555410410525,0.04895191087809591,False
102909,dot tolerance 15 px,True,0.9478691902490868,0.0060966555410410525,0.04895191087809591,False
102909,prompt ensemble (> 0.5),True,0.9478691902490868,0.0060966555410410525,0.04895191087809591,False
102909,threshold 0.3 + tolerance 15 + ensemble,True,0.9478691902490868,0.0060966555410410525,0.04895191087809591,False
102910,"production (fish > 0.5, on dot)",True,0.9908929084954853,0.005409207239013149,0.08374436079851316,False
102910,threshold 0.3,True,0.9908929084954853,0.005409207239013149,0.08374436079851316,False
102910,threshold 0.2,True,0.9908929084954853,0.005409207239013149,0.08374436079851316,False
102910,threshold 0.1,True,0.9908929084954853,0.005409207239013149,0.08374436079851316,False
102910,dot tolerance 15 px,True,0.9908929084954853,0.005409207239013149,0.08374436079851316,False
102910,prompt ensemble (> 0.5),True,0.9908929084954853,0.005409207239013149,0.08374436079851316,False
102910,threshold 0.3 + tolerance 15 + ensemble,True,0.9908929084954853,0.005409207239013149,0.08374436079851316,False
102911,"production (fish > 0.5, on dot)",True,0.9955863730943275,0.012484363539164595,0.019701051521058503,False
102911,threshold 0.3,True,0.9955863730943275,0.012484363539164595,0.019701051521058503,False
102911,threshold 0.2,True,0.9955863730943275,0.012484363539164595,0.019701051521058503,False
102911,threshold 0.1,True,0.9955863730943275,0.012484363539164595,0.019701051521058503,False
102911,dot tolerance 15 px,True,0.9955863730943275,0.012484363539164595,0.019701051521058503,False
102911,prompt ensemble (> 0.5),True,0.9955863730943275,0.012484363539164595,0.019701051521058503,False
102911,threshold 0.3 + tolerance 15 + ensemble,True,0.9955863730943275,0.012484363539164595,0.019701051521058503,False
102912,"production (fish > 0.5, on dot)",True,0.9931806535475824,0.010069648537733714,0.09971743206016034,False
102912,threshold 0.3,True,0.9931806535475824,0.010069648537733714,0.09971743206016034,False
102912,threshold 0.2,True,0.9931806535475824,0.010069648537733714,0.09971743206016034,False
102912,threshold 0.1,True,0.9931806535475824,0.010069648537733714,0.09971743206016034,False
102912,dot tolerance 15 px,True,0.9931806535475824,0.010069648537733714,0.09971743206016034,False
102912,prompt ensemble (> 0.5),True,0.9931806535475824,0.010069648537733714,0.09971743206016034,False
102912,threshold 0.3 + tolerance 15 + ensemble,True,0.9931806535475824,0.010069648537733714,0.09971743206016034,False
102913,"production (fish > 0.5, on dot)",False,,,,
102913,threshold 0.3,False,,,,
102913,threshold 0.2,False,,,,
102913,threshold 0.1,False,,,,
102913,dot tolerance 15 px,True,0.9882832980403007,0.0044620267055719325,0.017658618756901726,False
102913,prompt ensemble (> 0.5),False,,,,
102913,threshold 0.3 + tolerance 15 + ensemble,True,0.9882832980403007,0.0044620267055719325,0.017658618756901726,False
102915,"production (fish > 0.5, on dot)",True,1.0268460425202903,0.012176727642300824,0.050851193210222204,False
102915,threshold 0.3,True,1.0268460425202903,0.012176727642300824,0.050851193210222204,False
102915,threshold 0.2,True,1.0268460425202903,0.012176727642300824,0.050851193210222204,False
102915,threshold 0.1,True,1.0268460425202903,0.012176727642300824,0.050851193210222204,False
102915,dot tolerance 15 px,True,1.0268460425202903,0.012176727642300824,0.050851193210222204,False
102915,prompt ensemble (> 0.5),True,1.010721893655845,0.01098999936114907,0.03414480663634237,False
102915,threshold 0.3 + tolerance 15 + ensemble,True,1.010721893655845,0.01098999936114907,0.03414480663634237,False
102916,"production (fish > 0.5, on dot)",True,1.047047542180767,0.0033233530832226833,0.11062589867773213,False
102916,threshold 0.3,True,1.047047542180767,0.0033233530832226833,0.11062589867773213,False
102916,threshold 0.2,True,1.047047542180767,0.0033233530832226833,0.11062589867773213,False
102916,threshold 0.1,True,1.047047542180767,0.0033233530832226833,0.11062589867773213,False
102916,dot tolerance 15 px,True,1.047047542180767,0.0033233530832226833,0.11062589867773213,False
102916,prompt ensemble (> 0.5),True,1.047047542180767,0.0033233530832226833,0.11062589867773213,False
102916,threshold 0.3 + tolerance 15 + ensemble,True,1.047047542180767,0.0033233530832226833,0.11062589867773213,False
102917,"production (fish > 0.5, on dot)",True,0.905826910692251,0.0015207420959693022,0.09916689973096672,False
102917,threshold 0.3,True,0.905826910692251,0.0015207420959693022,0.09916689973096672,False
102917,threshold 0.2,True,0.905826910692251,0.0015207420959693022,0.09916689973096672,False
102917,threshold 0.1,True,0.905826910692251,0.0015207420959693022,0.09916689973096672,False
102917,dot tolerance 15 px,True,0.905826910692251,0.0015207420959693022,0.09916689973096672,False
102917,prompt ensemble (> 0.5),True,0.8996842206261426,0.0025127263123790227,0.10356933104054257,False
102917,threshold 0.3 + tolerance 15 + ensemble,True,0.8996842206261426,0.0025127263123790227,0.10356933104054257,False
102918,"production (fish > 0.5, on dot)",True,1.1866336078907331,0.007624802367059482,0.18512877406999978,False
102918,threshold 0.3,True,1.1866336078907331,0.007624802367059482,0.18512877406999978,False
102918,threshold 0.2,True,1.1866336078907331,0.007624802367059482,0.18512877406999978,False
102918,threshold 0.1,True,1.1866336078907331,0.007624802367059482,0.18512877406999978,False
102918,dot tolerance 15 px,True,1.1866336078907331,0.007624802367059482,0.18512877406999978,False
102918,prompt ensemble (> 0.5),True,1.1866336078907331,0.007624802367059482,0.18512877406999978,False
102918,threshold 0.3 + tolerance 15 + ensemble,True,1.1866336078907331,0.007624802367059482,0.18512877406999978,False
102919,"production (fish > 0.5, on dot)",False,,,,
102919,threshold 0.3,False,,,,
102919,threshold 0.2,False,,,,
102919,threshold 0.1,False,,,,
102919,dot tolerance 15 px,True,0.9655005997252558,0.018332742435570277,0.06358850854251956,False
102919,prompt ensemble (> 0.5),False,,,,
102919,threshold 0.3 + tolerance 15 + ensemble,True,0.9563648171709666,0.014986272343849213,0.032344152201127734,False
102920,"production (fish > 0.5, on dot)",False,,,,
102920,threshold 0.3,False,,,,
102920,threshold 0.2,False,,,,
102920,threshold 0.1,False,,,,
102920,dot tolerance 15 px,True,0.9939798339945296,0.03328965856405324,0.06499136514977674,False
102920,prompt ensemble (> 0.5),False,,,,
102920,threshold 0.3 + tolerance 15 + ensemble,True,0.9910758558039174,0.03231774566911961,0.06740166568371488,False
102921,"production (fish > 0.5, on dot)",True,0.9645332981306004,0.009453870574531606,0.08144112241170011,False
102921,threshold 0.3,True,0.9645332981306004,0.009453870574531606,0.08144112241170011,False
102921,threshold 0.2,True,0.9645332981306004,0.009453870574531606,0.08144112241170011,False
102921,threshold 0.1,True,0.9645332981306004,0.009453870574531606,0.08144112241170011,False
102921,dot tolerance 15 px,True,0.9645332981306004,0.009453870574531606,0.08144112241170011,False
102921,prompt ensemble (> 0.5),True,0.9645332981306004,0.009453870574531606,0.08144112241170011,False
102921,threshold 0.3 + tolerance 15 + ensemble,True,0.9645332981306004,0.009453870574531606,0.08144112241170011,False
102922,"production (fish > 0.5, on dot)",True,0.9926964497501874,0.015977211144036323,0.03317425387473383,False
102922,threshold 0.3,True,0.9926964497501874,0.015977211144036323,0.03317425387473383,False
102922,threshold 0.2,True,0.9926964497501874,0.015977211144036323,0.03317425387473383,False
102922,threshold 0.1,True,0.9926964497501874,0.015977211144036323,0.03317425387473383,False
102922,dot tolerance 15 px,True,0.9926964497501874,0.015977211144036323,0.03317425387473383,False
102922,prompt ensemble (> 0.5),True,0.9926964497501874,0.015977211144036323,0.03317425387473383,False
102922,threshold 0.3 + tolerance 15 + ensemble,True,0.9926964497501874,0.015977211144036323,0.03317425387473383,False
102923,"production (fish > 0.5, on dot)",True,1.0480385591042245,0.009203724248961152,0.09456507113506897,False
102923,threshold 0.3,True,1.0480385591042245,0.009203724248961152,0.09456507113506897,False
102923,threshold 0.2,True,1.0480385591042245,0.009203724248961152,0.09456507113506897,False
102923,threshold 0.1,True,1.0480385591042245,0.009203724248961152,0.09456507113506897,False
102923,dot tolerance 15 px,True,1.0480385591042245,0.009203724248961152,0.09456507113506897,False
102923,prompt ensemble (> 0.5),True,0.9407699729743825,0.006336969237392843,0.07235275737280554,False
102923,threshold 0.3 + tolerance 15 + ensemble,True,0.9407699729743825,0.006336969237392843,0.07235275737280554,False
102924,"production (fish > 0.5, on dot)",True,0.9789008106566239,0.002329749919718891,0.07760323279797582,False
102924,threshold 0.3,True,0.9789008106566239,0.002329749919718891,0.07760323279797582,False
102924,threshold 0.2,True,0.9789008106566239,0.002329749919718891,0.07760323279797582,False
102924,threshold 0.1,True,0.9789008106566239,0.002329749919718891,0.07760323279797582,False
102924,dot tolerance 15 px,True,0.9789008106566239,0.002329749919718891,0.07760323279797582,False
102924,prompt ensemble (> 0.5),True,0.9789008106566239,0.002329749919718891,0.07760323279797582,False
102924,threshold 0.3 + tolerance 15 + ensemble,True,0.9789008106566239,0.002329749919718891,0.07760323279797582,False
102925,"production (fish > 0.5, on dot)",True,0.9301731006411859,0.005798943884942704,0.09616908481528093,False
102925,threshold 0.3,True,0.9301731006411859,0.005798943884942704,0.09616908481528093,False
102925,threshold 0.2,True,0.9301731006411859,0.005798943884942704,0.09616908481528093,False
102925,threshold 0.1,True,0.9301731006411859,0.005798943884942704,0.09616908481528093,False
102925,dot tolerance 15 px,True,0.9301731006411859,0.005798943884942704,0.09616908481528093,False
102925,prompt ensemble (> 0.5),True,0.9301731006411859,0.005798943884942704,0.09616908481528093,False
102925,threshold 0.3 + tolerance 15 + ensemble,True,0.9301731006411859,0.005798943884942704,0.09616908481528093,False
102926,"production (fish > 0.5, on dot)",True,1.0156828603029453,0.010689566743584993,0.07012069070297283,False
102926,threshold 0.3,True,1.0156828603029453,0.010689566743584993,0.07012069070297283,False
102926,threshold 0.2,True,1.0156828603029453,0.010689566743584993,0.07012069070297283,False
102926,threshold 0.1,True,1.0156828603029453,0.010689566743584993,0.07012069070297283,False
102926,dot tolerance 15 px,True,1.0156828603029453,0.010689566743584993,0.07012069070297283,False
102926,prompt ensemble (> 0.5),True,1.0156828603029453,0.010689566743584993,0.07012069070297283,False
102926,threshold 0.3 + tolerance 15 + ensemble,True,1.0156828603029453,0.010689566743584993,0.07012069070297283,False
102927,"production (fish > 0.5, on dot)",True,1.073151745839325,0.01289715737132771,0.14158220714363676,False
102927,threshold 0.3,True,1.073151745839325,0.01289715737132771,0.14158220714363676,False
102927,threshold 0.2,True,1.073151745839325,0.01289715737132771,0.14158220714363676,False
102927,threshold 0.1,True,1.073151745839325,0.01289715737132771,0.14158220714363676,False
102927,dot tolerance 15 px,True,1.073151745839325,0.01289715737132771,0.14158220714363676,False
102927,prompt ensemble (> 0.5),True,1.073151745839325,0.01289715737132771,0.14158220714363676,False
102927,threshold 0.3 + tolerance 15 + ensemble,True,1.073151745839325,0.01289715737132771,0.14158220714363676,False
102928,"production (fish > 0.5, on dot)",True,0.9992386271522751,0.007106177983555315,0.07544419139639884,False
102928,threshold 0.3,True,0.9992386271522751,0.007106177983555315,0.07544419139639884,False
102928,threshold 0.2,True,0.9992386271522751,0.007106177983555315,0.07544419139639884,False
102928,threshold 0.1,True,0.9992386271522751,0.007106177983555315,0.07544419139639884,False
102928,dot tolerance 15 px,True,0.9992386271522751,0.007106177983555315,0.07544419139639884,False
102928,prompt ensemble (> 0.5),True,0.9992386271522751,0.007106177983555315,0.07544419139639884,False
102928,threshold 0.3 + tolerance 15 + ensemble,True,0.9992386271522751,0.007106177983555315,0.07544419139639884,False
102929,"production (fish > 0.5, on dot)",True,1.1110449364100472,0.06474709883565191,0.16065939748906585,False
102929,threshold 0.3,True,1.1110449364100472,0.06474709883565191,0.16065939748906585,False
102929,threshold 0.2,True,1.1110449364100472,0.06474709883565191,0.16065939748906585,False
102929,threshold 0.1,True,1.1110449364100472,0.06474709883565191,0.16065939748906585,False
102929,dot tolerance 15 px,True,1.1110449364100472,0.06474709883565191,0.16065939748906585,False
102929,prompt ensemble (> 0.5),True,1.1110449364100472,0.06474709883565191,0.16065939748906585,False
102929,threshold 0.3 + tolerance 15 + ensemble,True,1.1110449364100472,0.06474709883565191,0.16065939748906585,False
102938,"production (fish > 0.5, on dot)",True,0.9832205786741868,0.004318063184380094,0.024229121673228424,False
102938,threshold 0.3,True,0.9832205786741868,0.004318063184380094,0.024229121673228424,False
102938,threshold 0.2,True,0.9832205786741868,0.004318063184380094,0.024229121673228424,False
102938,threshold 0.1,True,0.9832205786741868,0.004318063184380094,0.024229121673228424,False
102938,dot tolerance 15 px,True,0.9832205786741868,0.004318063184380094,0.024229121673228424,False
102938,prompt ensemble (> 0.5),True,0.9799076166394606,0.004727064693939563,0.022532789537003012,False
102938,threshold 0.3 + tolerance 15 + ensemble,True,0.9799076166394606,0.004727064693939563,0.022532789537003012,False
102941,"production (fish > 0.5, on dot)",True,0.9636422412330701,0.0042485420610614685,0.059751587872980565,False
102941,threshold 0.3,True,0.9636422412330701,0.0042485420610614685,0.059751587872980565,False
102941,threshold 0.2,True,0.9636422412330701,0.0042485420610614685,0.059751587872980565,False
102941,threshold 0.1,True,0.9636422412330701,0.0042485420610614685,0.059751587872980565,False
102941,dot tolerance 15 px,True,0.9636422412330701,0.0042485420610614685,0.059751587872980565,False
102941,prompt ensemble (> 0.5),True,0.9615757409377965,0.003679742702706624,0.07924391342538618,False
102941,threshold 0.3 + tolerance 15 + ensemble,True,0.9615757409377965,0.003679742702706624,0.07924391342538618,False
102943,"production (fish > 0.5, on dot)",True,1.0096889291905862,0.021036112191976503,0.0833884080381109,False
102943,threshold 0.3,True,1.0096889291905862,0.021036112191976503,0.0833884080381109,False
102943,threshold 0.2,True,1.0096889291905862,0.021036112191976503,0.0833884080381109,False
102943,threshold 0.1,True,1.0096889291905862,0.021036112191976503,0.0833884080381109,False
102943,dot tolerance 15 px,True,1.0096889291905862,0.021036112191976503,0.0833884080381109,False
102943,prompt ensemble (> 0.5),True,0.9989572254215819,0.012197254117683399,0.05331511571476034,False
102943,threshold 0.3 + tolerance 15 + ensemble,True,0.9989572254215819,0.012197254117683399,0.05331511571476034,False
102944,"production (fish > 0.5, on dot)",True,0.9603590003261836,0.004757589273222502,0.05771129948067805,False
102944,threshold 0.3,True,0.9603590003261836,0.004757589273222502,0.05771129948067805,False
102944,threshold 0.2,True,0.9603590003261836,0.004757589273222502,0.05771129948067805,False
102944,threshold 0.1,True,0.9603590003261836,0.004757589273222502,0.05771129948067805,False
102944,dot tolerance 15 px,True,0.9603590003261836,0.004757589273222502,0.05771129948067805,False
102944,prompt ensemble (> 0.5),True,0.9583381746501135,0.004757589273222502,0.053648094210373296,False
102944,threshold 0.3 + tolerance 15 + ensemble,True,0.9583381746501135,0.004757589273222502,0.053648094210373296,False
102946,"production (fish > 0.5, on dot)",True,,,,False
102946,threshold 0.3,True,,,,False
102946,threshold 0.2,True,,,,False
102946,threshold 0.1,True,,,,False
102946,dot tolerance 15 px,True,,,,False
102946,prompt ensemble (> 0.5),True,,,,False
102946,threshold 0.3 + tolerance 15 + ensemble,True,,,,False
102947,"production (fish > 0.5, on dot)",False,,,,
102947,threshold 0.3,False,,,,
102947,threshold 0.2,False,,,,
102947,threshold 0.1,False,,,,
102947,dot tolerance 15 px,True,,,,False
102947,prompt ensemble (> 0.5),False,,,,
102947,threshold 0.3 + tolerance 15 + ensemble,True,,,,False
102948,"production (fish > 0.5, on dot)",True,0.9963818220496348,0.018206231104427838,0.019153335086962656,False
102948,threshold 0.3,True,0.9963818220496348,0.018206231104427838,0.019153335086962656,False
102948,threshold 0.2,True,0.9963818220496348,0.018206231104427838,0.019153335086962656,False
102948,threshold 0.1,True,0.9963818220496348,0.018206231104427838,0.019153335086962656,False
102948,dot tolerance 15 px,True,0.9963818220496348,0.018206231104427838,0.019153335086962656,False
102948,prompt ensemble (> 0.5),True,0.9963818220496348,0.018206231104427838,0.019153335086962656,False
102948,threshold 0.3 + tolerance 15 + ensemble,True,0.9963818220496348,0.018206231104427838,0.019153335086962656,False
102951,"production (fish > 0.5, on dot)",True,1.0030784431129478,0.007241122837493745,0.03591975687656243,False
102951,threshold 0.3,True,1.0030784431129478,0.007241122837493745,0.03591975687656243,False
102951,threshold 0.2,True,1.0030784431129478,0.007241122837493745,0.03591975687656243,False
102951,threshold 0.1,True,1.0030784431129478,0.007241122837493745,0.03591975687656243,False
102951,dot tolerance 15 px,True,1.0030784431129478,0.007241122837493745,0.03591975687656243,False
102951,prompt ensemble (> 0.5),True,1.0030784431129478,0.007241122837493745,0.03591975687656243,False
102951,threshold 0.3 + tolerance 15 + ensemble,True,1.0030784431129478,0.007241122837493745,0.03591975687656243,False
102952,"production (fish > 0.5, on dot)",False,,,,
102952,threshold 0.3,False,,,,
102952,threshold 0.2,False,,,,
102952,threshold 0.1,False,,,,
102952,dot tolerance 15 px,False,,,,
102952,prompt ensemble (> 0.5),False,,,,
102952,threshold 0.3 + tolerance 15 + ensemble,False,,,,
102953,"production (fish > 0.5, on dot)",True,0.9796053424094472,0.016310405902602,0.05069382679683083,False
102953,threshold 0.3,True,0.9796053424094472,0.016310405902602,0.05069382679683083,False
102953,threshold 0.2,True,0.9796053424094472,0.016310405902602,0.05069382679683083,False
102953,threshold 0.1,True,0.9796053424094472,0.016310405902602,0.05069382679683083,False
102953,dot tolerance 15 px,True,0.9796053424094472,0.016310405902602,0.05069382679683083,False
102953,prompt ensemble (> 0.5),True,0.9796053424094472,0.016310405902602,0.05069382679683083,False
102953,threshold 0.3 + tolerance 15 + ensemble,True,0.9796053424094472,0.016310405902602,0.05069382679683083,False
102954,"production (fish > 0.5, on dot)",True,1.0436440189059193,0.07236815023925053,0.003698878495721471,False
102954,threshold 0.3,True,1.0436440189059193,0.07236815023925053,0.003698878495721471,False
102954,threshold 0.2,True,1.0436440189059193,0.07236815023925053,0.003698878495721471,False
102954,threshold 0.1,True,1.0436440189059193,0.07236815023925053,0.003698878495721471,False
102954,dot tolerance 15 px,True,1.0436440189059193,0.07236815023925053,0.003698878495721471,False
102954,prompt ensemble (> 0.5),True,1.0421679834169142,0.07185923972717312,0.008794798342005195,False
102954,threshold 0.3 + tolerance 15 + ensemble,True,1.0421679834169142,0.07185923972717312,0.008794798342005195,False
102955,"production (fish > 0.5, on dot)",True,0.9983807747924095,0.010097354125258265,0.01251668790625089,False
102955,threshold 0.3,True,0.9983807747924095,0.010097354125258265,0.01251668790625089,False
102955,threshold 0.2,True,0.9983807747924095,0.010097354125258265,0.01251668790625089,False
102955,threshold 0.1,True,0.9983807747924095,0.010097354125258265,0.01251668790625089,False
102955,dot tolerance 15 px,True,0.9983807747924095,0.010097354125258265,0.01251668790625089,False
102955,prompt ensemble (> 0.5),True,0.99700131257443,0.011256382578515741,0.0123728403066865,False
102955,threshold 0.3 + tolerance 15 + ensemble,True,0.99700131257443,0.011256382578515741,0.0123728403066865,False
102957,"production (fish > 0.5, on dot)",True,,,,False
102957,threshold 0.3,True,,,,False
102957,threshold 0.2,True,,,,False
102957,threshold 0.1,True,,,,False
102957,dot tolerance 15 px,True,,,,False
102957,prompt ensemble (> 0.5),True,,,,False
102957,threshold 0.3 + tolerance 15 + ensemble,True,,,,False
102958,"production (fish > 0.5, on dot)",True,0.996283011278957,0.001298247385283029,0.01917135676466067,False
102958,threshold 0.3,True,0.996283011278957,0.001298247385283029,0.01917135676466067,False
102958,threshold 0.2,True,0.996283011278957,0.001298247385283029,0.01917135676466067,False
102958,threshold 0.1,True,0.996283011278957,0.001298247385283029,0.01917135676466067,False
102958,dot tolerance 15 px,True,0.996283011278957,0.001298247385283029,0.01917135676466067,False
102958,prompt ensemble (> 0.5),True,0.996283011278957,0.001298247385283029,0.01917135676466067,False
102958,threshold 0.3 + tolerance 15 + ensemble,True,0.996283011278957,0.001298247385283029,0.01917135676466067,False
102959,"production (fish > 0.5, on dot)",True,,,,False
102959,threshold 0.3,True,,,,False
102959,threshold 0.2,True,,,,False
102959,threshold 0.1,True,,,,False
102959,dot tolerance 15 px,True,,,,False
102959,prompt ensemble (> 0.5),True,,,,False
102959,threshold 0.3 + tolerance 15 + ensemble,True,,,,False
102961,"production (fish > 0.5, on dot)",True,0.8471512488163269,0.07494475427475661,0.2079477701721475,False
102961,threshold 0.3,True,0.8471512488163269,0.07494475427475661,0.2079477701721475,False
102961,threshold 0.2,True,0.8471512488163269,0.07494475427475661,0.2079477701721475,False
102961,threshold 0.1,True,0.8471512488163269,0.07494475427475661,0.2079477701721475,False
102961,dot tolerance 15 px,True,0.8471512488163269,0.07494475427475661,0.2079477701721475,False
102961,prompt ensemble (> 0.5),True,0.844336478430245,0.07513681849538484,0.20968299169431967,False
102961,threshold 0.3 + tolerance 15 + ensemble,True,0.844336478430245,0.07513681849538484,0.20968299169431967,False
102963,"production (fish > 0.5, on dot)",False,,,,
102963,threshold 0.3,False,,,,
102963,threshold 0.2,False,,,,
102963,threshold 0.1,True,0.20778122643654134,0.7452024902506801,0.11190998355830109,False
102963,dot tolerance 15 px,False,,,,
102963,prompt ensemble (> 0.5),False,,,,
102963,threshold 0.3 + tolerance 15 + ensemble,False,,,,
102964,"production (fish > 0.5, on dot)",True,0.982525882356465,0.0054058589864508805,0.02001087470335333,False
102964,threshold 0.3,True,0.982525882356465,0.0054058589864508805,0.02001087470335333,False
102964,threshold 0.2,True,0.982525882356465,0.0054058589864508805,0.02001087470335333,False
102964,threshold 0.1,True,0.982525882356465,0.0054058589864508805,0.02001087470335333,False
102964,dot tolerance 15 px,True,0.982525882356465,0.0054058589864508805,0.02001087470335333,False
102964,prompt ensemble (> 0.5),True,0.982525882356465,0.0054058589864508805,0.02001087470335333,False
102964,threshold 0.3 + tolerance 15 + ensemble,True,0.982525882356465,0.0054058589864508805,0.02001087470335333,False
102966,"production (fish > 0.5, on dot)",True,0.9621148766089059,0.011241329006897225,0.03281262712381587,False
102966,threshold 0.3,True,0.9621148766089059,0.011241329006897225,0.03281262712381587,False
102966,threshold 0.2,True,0.9621148766089059,0.011241329006897225,0.03281262712381587,False
102966,threshold 0.1,True,0.9621148766089059,0.011241329006897225,0.03281262712381587,False
102966,dot tolerance 15 px,True,0.9621148766089059,0.011241329006897225,0.03281262712381587,False
102966,prompt ensemble (> 0.5),True,0.9621148766089059,0.011241329006897225,0.03281262712381587,False
102966,threshold 0.3 + tolerance 15 + ensemble,True,0.9621148766089059,0.011241329006897225,0.03281262712381587,False
102967,"production (fish > 0.5, on dot)",True,0.9499899949190815,0.012695866839307162,0.047998597796136654,False
102967,threshold 0.3,True,0.9499899949190815,0.012695866839307162,0.047998597796136654,False
102967,threshold 0.2,True,0.9499899949190815,0.012695866839307162,0.047998597796136654,False
102967,threshold 0.1,True,0.9499899949190815,0.012695866839307162,0.047998597796136654,False
102967,dot tolerance 15 px,True,0.9499899949190815,0.012695866839307162,0.047998597796136654,False
102967,prompt ensemble (> 0.5),True,0.9499899949190815,0.012695866839307162,0.047998597796136654,False
102967,threshold 0.3 + tolerance 15 + ensemble,True,0.9499899949190815,0.012695866839307162,0.047998597796136654,False
102968,"production (fish > 0.5, on dot)",True,0.9828784995707437,0.015108900960239216,0.03936093682268906,False
102968,threshold 0.3,True,0.9828784995707437,0.015108900960239216,0.03936093682268906,False
102968,threshold 0.2,True,0.9828784995707437,0.015108900960239216,0.03936093682268906,False
102968,threshold 0.1,True,0.9828784995707437,0.015108900960239216,0.03936093682268906,False
102968,dot tolerance 15 px,True,0.9828784995707437,0.015108900960239216,0.03936093682268906,False
102968,prompt ensemble (> 0.5),True,0.9702146765803109,0.013558487675338167,0.044109509941139546,False
102968,threshold 0.3 + tolerance 15 + ensemble,True,0.9702146765803109,0.013558487675338167,0.044109509941139546,False
102970,"production (fish > 0.5, on dot)",True,0.9892582841969251,0.011781820249890315,0.029733763834713874,False
102970,threshold 0.3,True,0.9892582841969251,0.011781820249890315,0.029733763834713874,False
102970,threshold 0.2,True,0.9892582841969251,0.011781820249890315,0.029733763834713874,False
102970,threshold 0.1,True,0.9892582841969251,0.011781820249890315,0.029733763834713874,False
102970,dot tolerance 15 px,True,0.9892582841969251,0.011781820249890315,0.029733763834713874,False
102970,prompt ensemble (> 0.5),True,0.9892582841969251,0.011781820249890315,0.029733763834713874,False
102970,threshold 0.3 + tolerance 15 + ensemble,True,0.9892582841969251,0.011781820249890315,0.029733763834713874,False
102971,"production (fish > 0.5, on dot)",True,0.9431643596077331,0.030162290325932,0.03558021414981626,False
102971,threshold 0.3,True,0.9431643596077331,0.030162290325932,0.03558021414981626,False
102971,threshold 0.2,True,0.9431643596077331,0.030162290325932,0.03558021414981626,False
102971,threshold 0.1,True,0.9431643596077331,0.030162290325932,0.03558021414981626,False
102971,dot tolerance 15 px,True,0.9431643596077331,0.030162290325932,0.03558021414981626,False
102971,prompt ensemble (> 0.5),True,0.9401836779575266,0.027983737987995923,0.03670422596358539,False
102971,threshold 0.3 + tolerance 15 + ensemble,True,0.9401836779575266,0.027983737987995923,0.03670422596358539,False
102972,"production (fish > 0.5, on dot)",True,,,,False
102972,threshold 0.3,True,,,,False
102972,threshold 0.2,True,,,,False
102972,threshold 0.1,True,,,,False
102972,dot tolerance 15 px,True,,,,False
102972,prompt ensemble (> 0.5),True,,,,False
102972,threshold 0.3 + tolerance 15 + ensemble,True,,,,False
102973,"production (fish > 0.5, on dot)",True,1.0447828295459167,0.017264517160859694,0.03882874436788733,False
102973,threshold 0.3,True,1.0447828295459167,0.017264517160859694,0.03882874436788733,False
102973,threshold 0.2,True,1.0447828295459167,0.017264517160859694,0.03882874436788733,False
102973,threshold 0.1,True,1.0447828295459167,0.017264517160859694,0.03882874436788733,False
102973,dot tolerance 15 px,True,1.0447828295459167,0.017264517160859694,0.03882874436788733,False
102973,prompt ensemble (> 0.5),True,1.0447828295459167,0.017264517160859694,0.03882874436788733,False
102973,threshold 0.3 + tolerance 15 + ensemble,True,1.0447828295459167,0.017264517160859694,0.03882874436788733,False
102974,"production (fish > 0.5, on dot)",True,0.9776235371101766,0.003641111650501145,0.02991444456368619,False
102974,threshold 0.3,True,0.9776235371101766,0.003641111650501145,0.02991444456368619,False
102974,threshold 0.2,True,0.9776235371101766,0.003641111650501145,0.02991444456368619,False
102974,threshold 0.1,True,0.9776235371101766,0.003641111650501145,0.02991444456368619,False
102974,dot tolerance 15 px,True,0.9776235371101766,0.003641111650501145,0.02991444456368619,False
102974,prompt ensemble (> 0.5),True,0.9776235371101766,0.003641111650501145,0.02991444456368619,False
102974,threshold 0.3 + tolerance 15 + ensemble,True,0.9776235371101766,0.003641111650501145,0.02991444456368619,False
102975,"production (fish > 0.5, on dot)",True,1.162709969203554,0.026063588061900338,0.16924016970359482,False
102975,threshold 0.3,True,1.162709969203554,0.026063588061900338,0.16924016970359482,False
102975,threshold 0.2,True,1.162709969203554,0.026063588061900338,0.16924016970359482,False
102975,threshold 0.1,True,1.162709969203554,0.026063588061900338,0.16924016970359482,False
102975,dot tolerance 15 px,True,1.162709969203554,0.026063588061900338,0.16924016970359482,False
102975,prompt ensemble (> 0.5),True,1.162709969203554,0.026063588061900338,0.16924016970359482,False
102975,threshold 0.3 + tolerance 15 + ensemble,True,1.162709969203554,0.026063588061900338,0.16924016970359482,False
102976,"production (fish > 0.5, on dot)",True,1.1073002265329581,0.01234513357119686,0.12203675937805207,False
102976,threshold 0.3,True,1.1073002265329581,0.01234513357119686,0.12203675937805207,False
102976,threshold 0.2,True,1.1073002265329581,0.01234513357119686,0.12203675937805207,False
102976,threshold 0.1,True,1.1073002265329581,0.01234513357119686,0.12203675937805207,False
102976,dot tolerance 15 px,True,1.1073002265329581,0.01234513357119686,0.12203675937805207,False
102976,prompt ensemble (> 0.5),True,1.1073002265329581,0.01234513357119686,0.12203675937805207,False
102976,threshold 0.3 + tolerance 15 + ensemble,True,1.1073002265329581,0.01234513357119686,0.12203675937805207,False
102979,"production (fish > 0.5, on dot)",False,,,,
102979,threshold 0.3,True,,,,False
102979,threshold 0.2,True,,,,False
102979,threshold 0.1,True,,,,False
102979,dot tolerance 15 px,False,,,,
102979,prompt ensemble (> 0.5),False,,,,
102979,threshold 0.3 + tolerance 15 + ensemble,True,,,,False
102980,"production (fish > 0.5, on dot)",True,,,,False
102980,threshold 0.3,True,,,,False
102980,threshold 0.2,True,,,,False
102980,threshold 0.1,True,,,,False
102980,dot tolerance 15 px,True,,,,False
102980,prompt ensemble (> 0.5),True,,,,False
102980,threshold 0.3 + tolerance 15 + ensemble,True,,,,False
102981,"production (fish > 0.5, on dot)",True,,,,False
102981,threshold 0.3,True,,,,False
102981,threshold 0.2,True,,,,False
102981,threshold 0.1,True,,,,False
102981,dot tolerance 15 px,True,,,,False
102981,prompt ensemble (> 0.5),True,,,,False
102981,threshold 0.3 + tolerance 15 + ensemble,True,,,,False
102982,"production (fish > 0.5, on dot)",True,,,,False
102982,threshold 0.3,True,,,,False
102982,threshold 0.2,True,,,,False
102982,threshold 0.1,True,,,,False
102982,dot tolerance 15 px,True,,,,False
102982,prompt ensemble (> 0.5),True,,,,False
102982,threshold 0.3 + tolerance 15 + ensemble,True,,,,False
102985,"production (fish > 0.5, on dot)",True,0.9949830454332037,0.015937012117553325,0.04135700006546096,False
102985,threshold 0.3,True,0.9949830454332037,0.015937012117553325,0.04135700006546096,False
102985,threshold 0.2,True,0.9949830454332037,0.015937012117553325,0.04135700006546096,False
102985,threshold 0.1,True,0.9949830454332037,0.015937012117553325,0.04135700006546096,False
102985,dot tolerance 15 px,True,0.9949830454332037,0.015937012117553325,0.04135700006546096,False
102985,prompt ensemble (> 0.5),True,0.9949830454332037,0.015937012117553325,0.04135700006546096,False
102985,threshold 0.3 + tolerance 15 + ensemble,True,0.9949830454332037,0.015937012117553325,0.04135700006546096,False
102986,"production (fish > 0.5, on dot)",True,1.0518393726246797,0.025243282909664825,0.0830421778597841,False
102986,threshold 0.3,True,1.0518393726246797,0.025243282909664825,0.0830421778597841,False
102986,threshold 0.2,True,1.0518393726246797,0.025243282909664825,0.0830421778597841,False
102986,threshold 0.1,True,1.0518393726246797,0.025243282909664825,0.0830421778597841,False
102986,dot tolerance 15 px,True,1.0518393726246797,0.025243282909664825,0.0830421778597841,False
102986,prompt ensemble (> 0.5),True,1.0518393726246797,0.025243282909664825,0.0830421778597841,False
102986,threshold 0.3 + tolerance 15 + ensemble,True,1.0518393726246797,0.025243282909664825,0.0830421778597841,False
102987,"production (fish > 0.5, on dot)",True,1.015635578818764,0.02253803937737515,0.04672569489304575,False
102987,threshold 0.3,True,1.015635578818764,0.02253803937737515,0.04672569489304575,False
102987,threshold 0.2,True,1.015635578818764,0.02253803937737515,0.04672569489304575,False
102987,threshold 0.1,True,1.015635578818764,0.02253803937737515,0.04672569489304575,False
102987,dot tolerance 15 px,True,1.015635578818764,0.02253803937737515,0.04672569489304575,False
102987,prompt ensemble (> 0.5),True,1.0141501020222363,0.03147375885475332,0.04672569489304575,False
102987,threshold 0.3 + tolerance 15 + ensemble,True,1.0141501020222363,0.03147375885475332,0.04672569489304575,False
102988,"production (fish > 0.5, on dot)",True,1.0376390025151891,0.15798522100312526,0.06735794212359857,False
102988,threshold 0.3,True,1.0376390025151891,0.15798522100312526,0.06735794212359857,False
102988,threshold 0.2,True,1.0376390025151891,0.15798522100312526,0.06735794212359857,False
102988,threshold 0.1,True,1.0376390025151891,0.15798522100312526,0.06735794212359857,False
102988,dot tolerance 15 px,True,1.0376390025151891,0.15798522100312526,0.06735794212359857,False
102988,prompt ensemble (> 0.5),True,1.0366826413004062,0.1540450792737971,0.06735794212359857,False
102988,threshold 0.3 + tolerance 15 + ensemble,True,1.0366826413004062,0.1540450792737971,0.06735794212359857,False
102990,"production (fish > 0.5, on dot)",True,1.07843364587874,0.051614403591743505,0.07637933272352143,False
102990,threshold 0.3,True,1.07843364587874,0.051614403591743505,0.07637933272352143,False
102990,threshold 0.2,True,1.07843364587874,0.051614403591743505,0.07637933272352143,False
102990,threshold 0.1,True,1.07843364587874,0.051614403591743505,0.07637933272352143,False
102990,dot tolerance 15 px,True,1.07843364587874,0.051614403591743505,0.07637933272352143,False
102990,prompt ensemble (> 0.5),True,1.075598991913944,0.046976595334625636,0.07222980481197076,False
102990,threshold 0.3 + tolerance 15 + ensemble,True,1.075598991913944,0.046976595334625636,0.07222980481197076,False
102992,"production (fish > 0.5, on dot)",True,0.9861581143300495,0.04589521122332901,0.04745001844055236,False
102992,threshold 0.3,True,0.9861581143300495,0.04589521122332901,0.04745001844055236,False
102992,threshold 0.2,True,0.9861581143300495,0.04589521122332901,0.04745001844055236,False
102992,threshold 0.1,True,0.9861581143300495,0.04589521122332901,0.04745001844055236,False
102992,dot tolerance 15 px,True,0.9861581143300495,0.04589521122332901,0.04745001844055236,False
102992,prompt ensemble (> 0.5),True,0.9861581143300495,0.04589521122332901,0.04745001844055236,False
102992,threshold 0.3 + tolerance 15 + ensemble,True,0.9861581143300495,0.04589521122332901,0.04745001844055236,False
102993,"production (fish > 0.5, on dot)",True,0.9649130232586466,0.009640311680827235,0.05163077424192926,False
102993,threshold 0.3,True,0.9649130232586466,0.009640311680827235,0.05163077424192926,False
102993,threshold 0.2,True,0.9649130232586466,0.009640311680827235,0.05163077424192926,False
102993,threshold 0.1,True,0.9649130232586466,0.009640311680827235,0.05163077424192926,False
102993,dot tolerance 15 px,True,0.9649130232586466,0.009640311680827235,0.05163077424192926,False
102993,prompt ensemble (> 0.5),True,0.9569691824716677,0.009640311680827235,0.056302158234381824,False
102993,threshold 0.3 + tolerance 15 + ensemble,True,0.9569691824716677,0.009640311680827235,0.056302158234381824,False
102994,"production (fish > 0.5, on dot)",True,0.7923923550239946,0.028396544600290678,0.18701673968617727,False
102994,threshold 0.3,True,0.7923923550239946,0.028396544600290678,0.18701673968617727,False
102994,threshold 0.2,True,0.7923923550239946,0.028396544600290678,0.18701673968617727,False
102994,threshold 0.1,True,0.7923923550239946,0.028396544600290678,0.18701673968617727,False
102994,dot tolerance 15 px,True,0.7923923550239946,0.028396544600290678,0.18701673968617727,False
102994,prompt ensemble (> 0.5),True,0.7923923550239946,0.028396544600290678,0.18701673968617727,False
102994,threshold 0.3 + tolerance 15 + ensemble,True,0.7923923550239946,0.028396544600290678,0.18701673968617727,False
102995,"production (fish > 0.5, on dot)",True,0.9854184632497559,0.06440222904554957,0.07636919018971938,False
102995,threshold 0.3,True,0.9854184632497559,0.06440222904554957,0.07636919018971938,False
102995,threshold 0.2,True,0.9854184632497559,0.06440222904554957,0.07636919018971938,False
102995,threshold 0.1,True,0.9854184632497559,0.06440222904554957,0.07636919018971938,False
102995,dot tolerance 15 px,True,0.9854184632497559,0.06440222904554957,0.07636919018971938,False
102995,prompt ensemble (> 0.5),True,0.9854184632497559,0.06440222904554957,0.07636919018971938,False
102995,threshold 0.3 + tolerance 15 + ensemble,True,0.9854184632497559,0.06440222904554957,0.07636919018971938,False
102996,"production (fish > 0.5, on dot)",True,0.9114292747427118,0.020545157798941175,0.10169164074103992,False
102996,threshold 0.3,True,0.9114292747427118,0.020545157798941175,0.10169164074103992,False
102996,threshold 0.2,True,0.9114292747427118,0.020545157798941175,0.10169164074103992,False
102996,threshold 0.1,True,0.9114292747427118,0.020545157798941175,0.10169164074103992,False
102996,dot tolerance 15 px,True,0.9114292747427118,0.020545157798941175,0.10169164074103992,False
102996,prompt ensemble (> 0.5),True,0.9114292747427118,0.020545157798941175,0.10169164074103992,False
102996,threshold 0.3 + tolerance 15 + ensemble,True,0.9114292747427118,0.020545157798941175,0.10169164074103992,False
102997,"production (fish > 0.5, on dot)",True,1.0203253315002017,0.0687875328071797,0.030933092791864163,False
102997,threshold 0.3,True,1.0203253315002017,0.0687875328071797,0.030933092791864163,False
102997,threshold 0.2,True,1.0203253315002017,0.0687875328071797,0.030933092791864163,False
102997,threshold 0.1,True,1.0203253315002017,0.0687875328071797,0.030933092791864163,False
102997,dot tolerance 15 px,True,1.0203253315002017,0.0687875328071797,0.030933092791864163,False
102997,prompt ensemble (> 0.5),True,1.0203253315002017,0.0687875328071797,0.030933092791864163,False
102997,threshold 0.3 + tolerance 15 + ensemble,True,1.0203253315002017,0.0687875328071797,0.030933092791864163,False
103000,"production (fish > 0.5, on dot)",True,1.0089138092238987,0.4470602661561031,0.13818481030821497,False
103000,threshold 0.3,True,1.0089138092238987,0.4470602661561031,0.13818481030821497,False
103000,threshold 0.2,True,1.0089138092238987,0.4470602661561031,0.13818481030821497,False
103000,threshold 0.1,True,1.0089138092238987,0.4470602661561031,0.13818481030821497,False
103000,dot tolerance 15 px,True,1.0089138092238987,0.4470602661561031,0.13818481030821497,False
103000,prompt ensemble (> 0.5),True,1.0087015884950012,0.43557299357872986,0.14251252676751122,False
103000,threshold 0.3 + tolerance 15 + ensemble,True,1.0087015884950012,0.43557299357872986,0.14251252676751122,False
103001,"production (fish > 0.5, on dot)",True,0.9801181490897787,0.04096862617905975,0.021261775325715944,False
103001,threshold 0.3,True,0.9801181490897787,0.04096862617905975,0.021261775325715944,False
103001,threshold 0.2,True,0.9801181490897787,0.04096862617905975,0.021261775325715944,False
103001,threshold 0.1,True,0.9801181490897787,0.04096862617905975,0.021261775325715944,False
103001,dot tolerance 15 px,True,0.9801181490897787,0.04096862617905975,0.021261775325715944,False
103001,prompt ensemble (> 0.5),True,0.9801181490897787,0.04096862617905975,0.021261775325715944,False
103001,threshold 0.3 + tolerance 15 + ensemble,True,0.9801181490897787,0.04096862617905975,0.021261775325715944,False
103004,"production (fish > 0.5, on dot)",True,1.0829347704148247,0.6526806195622176,0.045301020752589925,False
103004,threshold 0.3,True,1.0829347704148247,0.6526806195622176,0.045301020752589925,False
103004,threshold 0.2,True,1.0829347704148247,0.6526806195622176,0.045301020752589925,False
103004,threshold 0.1,True,1.0829347704148247,0.6526806195622176,0.045301020752589925,False
103004,dot tolerance 15 px,True,1.0829347704148247,0.6526806195622176,0.045301020752589925,False
103004,prompt ensemble (> 0.5),True,1.1695699631891454,0.6519151004602709,0.17177041820645994,False
103004,threshold 0.3 + tolerance 15 + ensemble,True,1.1695699631891454,0.6519151004602709,0.17177041820645994,False
103009,"production (fish > 0.5, on dot)",True,,,,False
103009,threshold 0.3,True,,,,False
103009,threshold 0.2,True,,,,False
103009,threshold 0.1,True,,,,False
103009,dot tolerance 15 px,True,,,,False
103009,prompt ensemble (> 0.5),True,,,,False
103009,threshold 0.3 + tolerance 15 + ensemble,True,,,,False
103013,"production (fish > 0.5, on dot)",False,,,,
103013,threshold 0.3,False,,,,
103013,threshold 0.2,False,,,,
103013,threshold 0.1,False,,,,
103013,dot tolerance 15 px,False,,,,
103013,prompt ensemble (> 0.5),False,,,,
103013,threshold 0.3 + tolerance 15 + ensemble,False,,,,
103014,"production (fish > 0.5, on dot)",True,0.9743094110592081,0.016324773871330845,0.02523683325290741,False
103014,threshold 0.3,True,0.9743094110592081,0.016324773871330845,0.02523683325290741,False
103014,threshold 0.2,True,0.9743094110592081,0.016324773871330845,0.02523683325290741,False
103014,threshold 0.1,True,0.9743094110592081,0.016324773871330845,0.02523683325290741,False
103014,dot tolerance 15 px,True,0.9743094110592081,0.016324773871330845,0.02523683325290741,False
103014,prompt ensemble (> 0.5),True,0.9743094110592081,0.016324773871330845,0.02523683325290741,False
103014,threshold 0.3 + tolerance 15 + ensemble,True,0.9743094110592081,0.016324773871330845,0.02523683325290741,False
103016,"production (fish > 0.5, on dot)",True,1.0152235401599894,0.015956850341252403,0.03767578669243388,False
103016,threshold 0.3,True,1.0152235401599894,0.015956850341252403,0.03767578669243388,False
103016,threshold 0.2,True,1.0152235401599894,0.015956850341252403,0.03767578669243388,False
103016,threshold 0.1,True,1.0152235401599894,0.015956850341252403,0.03767578669243388,False
103016,dot tolerance 15 px,True,1.0152235401599894,0.015956850341252403,0.03767578669243388,False
103016,prompt ensemble (> 0.5),True,1.0152235401599894,0.015956850341252403,0.03767578669243388,False
103016,threshold 0.3 + tolerance 15 + ensemble,True,1.0152235401599894,0.015956850341252403,0.03767578669243388,False
103017,"production (fish > 0.5, on dot)",False,,,,
103017,threshold 0.3,True,,,,False
103017,threshold 0.2,True,,,,False
103017,threshold 0.1,True,,,,False
103017,dot tolerance 15 px,False,,,,
103017,prompt ensemble (> 0.5),False,,,,
103017,threshold 0.3 + tolerance 15 + ensemble,True,,,,False
103018,"production (fish > 0.5, on dot)",True,,,,False
103018,threshold 0.3,True,,,,False
103018,threshold 0.2,True,,,,False
103018,threshold 0.1,True,,,,False
103018,dot tolerance 15 px,True,,,,False
103018,prompt ensemble (> 0.5),True,,,,False
103018,threshold 0.3 + tolerance 15 + ensemble,True,,,,False
103021,"production (fish > 0.5, on dot)",False,,,,
103021,threshold 0.3,False,,,,
103021,threshold 0.2,False,,,,
103021,threshold 0.1,False,,,,
103021,dot tolerance 15 px,False,,,,
103021,prompt ensemble (> 0.5),False,,,,
103021,threshold 0.3 + tolerance 15 + ensemble,False,,,,
103028,"production (fish > 0.5, on dot)",False,,,,
103028,threshold 0.3,False,,,,
103028,threshold 0.2,False,,,,
103028,threshold 0.1,False,,,,
103028,dot tolerance 15 px,False,,,,
103028,prompt ensemble (> 0.5),False,,,,
103028,threshold 0.3 + tolerance 15 + ensemble,False,,,,
103047,"production (fish > 0.5, on dot)",False,,,,
103047,threshold 0.3,True,,,,False
103047,threshold 0.2,True,,,,False
103047,threshold 0.1,True,,,,False
103047,dot tolerance 15 px,False,,,,
103047,prompt ensemble (> 0.5),False,,,,
103047,threshold 0.3 + tolerance 15 + ensemble,True,,,,False
103050,"production (fish > 0.5, on dot)",False,,,,
103050,threshold 0.3,False,,,,
103050,threshold 0.2,False,,,,
103050,threshold 0.1,False,,,,
103050,dot tolerance 15 px,False,,,,
103050,prompt ensemble (> 0.5),False,,,,
103050,threshold 0.3 + tolerance 15 + ensemble,False,,,,
103051,"production (fish > 0.5, on dot)",False,,,,
103051,threshold 0.3,False,,,,
103051,threshold 0.2,False,,,,
103051,threshold 0.1,False,,,,
103051,dot tolerance 15 px,False,,,,
103051,prompt ensemble (> 0.5),False,,,,
103051,threshold 0.3 + tolerance 15 + ensemble,False,,,,
103052,"production (fish > 0.5, on dot)",False,,,,
103052,threshold 0.3,False,,,,
103052,threshold 0.2,False,,,,
103052,threshold 0.1,False,,,,
103052,dot tolerance 15 px,False,,,,
103052,prompt ensemble (> 0.5),False,,,,
103052,threshold 0.3 + tolerance 15 + ensemble,False,,,,
103060,"production (fish > 0.5, on dot)",False,,,,
103060,threshold 0.3,False,,,,
103060,threshold 0.2,False,,,,
103060,threshold 0.1,False,,,,
103060,dot tolerance 15 px,False,,,,
103060,prompt ensemble (> 0.5),False,,,,
103060,threshold 0.3 + tolerance 15 + ensemble,False,,,,
106836,"production (fish > 0.5, on dot)",False,,,,
106836,threshold 0.3,False,,,,
106836,threshold 0.2,False,,,,
106836,threshold 0.1,False,,,,
106836,dot tolerance 15 px,False,,,,
106836,prompt ensemble (> 0.5),False,,,,
106836,threshold 0.3 + tolerance 15 + ensemble,False,,,,
106842,"production (fish > 0.5, on dot)",False,,,,
106842,threshold 0.3,False,,,,
106842,threshold 0.2,False,,,,
106842,threshold 0.1,False,,,,
106842,dot tolerance 15 px,False,,,,
106842,prompt ensemble (> 0.5),False,,,,
106842,threshold 0.3 + tolerance 15 + ensemble,False,,,,
106844,"production (fish > 0.5, on dot)",False,,,,
106844,threshold 0.3,False,,,,
106844,threshold 0.2,False,,,,
106844,threshold 0.1,False,,,,
106844,dot tolerance 15 px,False,,,,
106844,prompt ensemble (> 0.5),False,,,,
106844,threshold 0.3 + tolerance 15 + ensemble,False,,,,
106846,"production (fish > 0.5, on dot)",False,,,,
106846,threshold 0.3,False,,,,
106846,threshold 0.2,False,,,,
106846,threshold 0.1,False,,,,
106846,dot tolerance 15 px,False,,,,
106846,prompt ensemble (> 0.5),False,,,,
106846,threshold 0.3 + tolerance 15 + ensemble,False,,,,
106847,"production (fish > 0.5, on dot)",False,,,,
106847,threshold 0.3,False,,,,
106847,threshold 0.2,False,,,,
106847,threshold 0.1,False,,,,
106847,dot tolerance 15 px,False,,,,
106847,prompt ensemble (> 0.5),False,,,,
106847,threshold 0.3 + tolerance 15 + ensemble,False,,,,
106850,"production (fish > 0.5, on dot)",False,,,,
106850,threshold 0.3,False,,,,
106850,threshold 0.2,False,,,,
106850,threshold 0.1,False,,,,
106850,dot tolerance 15 px,False,,,,
106850,prompt ensemble (> 0.5),False,,,,
106850,threshold 0.3 + tolerance 15 + ensemble,False,,,,
106852,"production (fish > 0.5, on dot)",False,,,,
106852,threshold 0.3,False,,,,
106852,threshold 0.2,False,,,,
106852,threshold 0.1,False,,,,
106852,dot tolerance 15 px,False,,,,
106852,prompt ensemble (> 0.5),False,,,,
106852,threshold 0.3 + tolerance 15 + ensemble,False,,,,
106857,"production (fish > 0.5, on dot)",False,,,,
106857,threshold 0.3,False,,,,
106857,threshold 0.2,False,,,,
106857,threshold 0.1,False,,,,
106857,dot tolerance 15 px,False,,,,
106857,prompt ensemble (> 0.5),False,,,,
106857,threshold 0.3 + tolerance 15 + ensemble,False,,,,
106859,"production (fish > 0.5, on dot)",False,,,,
106859,threshold 0.3,False,,,,
106859,threshold 0.2,False,,,,
106859,threshold 0.1,False,,,,
106859,dot tolerance 15 px,False,,,,
106859,prompt ensemble (> 0.5),False,,,,
106859,threshold 0.3 + tolerance 15 + ensemble,False,,,,
106860,"production (fish > 0.5, on dot)",False,,,,
106860,threshold 0.3,False,,,,
106860,threshold 0.2,False,,,,
106860,threshold 0.1,False,,,,
106860,dot tolerance 15 px,False,,,,
106860,prompt ensemble (> 0.5),False,,,,
106860,threshold 0.3 + tolerance 15 + ensemble,False,,,,
106865,"production (fish > 0.5, on dot)",False,,,,
106865,threshold 0.3,False,,,,
106865,threshold 0.2,False,,,,
106865,threshold 0.1,False,,,,
106865,dot tolerance 15 px,False,,,,
106865,prompt ensemble (> 0.5),False,,,,
106865,threshold 0.3 + tolerance 15 + ensemble,False,,,,
106866,"production (fish > 0.5, on dot)",False,,,,
106866,threshold 0.3,False,,,,
106866,threshold 0.2,False,,,,
106866,threshold 0.1,False,,,,
106866,dot tolerance 15 px,False,,,,
106866,prompt ensemble (> 0.5),False,,,,
106866,threshold 0.3 + tolerance 15 + ensemble,False,,,,
106868,"production (fish > 0.5, on dot)",False,,,,
106868,threshold 0.3,False,,,,
106868,threshold 0.2,False,,,,
106868,threshold 0.1,False,,,,
106868,dot tolerance 15 px,False,,,,
106868,prompt ensemble (> 0.5),False,,,,
106868,threshold 0.3 + tolerance 15 + ensemble,False,,,,
106886,"production (fish > 0.5, on dot)",False,,,,
106886,threshold 0.3,False,,,,
106886,threshold 0.2,False,,,,
106886,threshold 0.1,False,,,,
106886,dot tolerance 15 px,False,,,,
106886,prompt ensemble (> 0.5),False,,,,
106886,threshold 0.3 + tolerance 15 + ensemble,False,,,,
106890,"production (fish > 0.5, on dot)",False,,,,
106890,threshold 0.3,False,,,,
106890,threshold 0.2,False,,,,
106890,threshold 0.1,False,,,,
106890,dot tolerance 15 px,False,,,,
106890,prompt ensemble (> 0.5),False,,,,
106890,threshold 0.3 + tolerance 15 + ensemble,False,,,,
106892,"production (fish > 0.5, on dot)",False,,,,
106892,threshold 0.3,False,,,,
106892,threshold 0.2,False,,,,
106892,threshold 0.1,False,,,,
106892,dot tolerance 15 px,False,,,,
106892,prompt ensemble (> 0.5),False,,,,
106892,threshold 0.3 + tolerance 15 + ensemble,False,,,,
106898,"production (fish > 0.5, on dot)",False,,,,
106898,threshold 0.3,False,,,,
106898,threshold 0.2,False,,,,
106898,threshold 0.1,False,,,,
106898,dot tolerance 15 px,False,,,,
106898,prompt ensemble (> 0.5),False,,,,
106898,threshold 0.3 + tolerance 15 + ensemble,False,,,,
106899,"production (fish > 0.5, on dot)",False,,,,
106899,threshold 0.3,False,,,,
106899,threshold 0.2,False,,,,
106899,threshold 0.1,True,,,,False
106899,dot tolerance 15 px,False,,,,
106899,prompt ensemble (> 0.5),False,,,,
106899,threshold 0.3 + tolerance 15 + ensemble,False,,,,
106902,"production (fish > 0.5, on dot)",False,,,,
106902,threshold 0.3,False,,,,
106902,threshold 0.2,False,,,,
106902,threshold 0.1,False,,,,
106902,dot tolerance 15 px,False,,,,
106902,prompt ensemble (> 0.5),False,,,,
106902,threshold 0.3 + tolerance 15 + ensemble,False,,,,
106904,"production (fish > 0.5, on dot)",False,,,,
106904,threshold 0.3,False,,,,
106904,threshold 0.2,False,,,,
106904,threshold 0.1,False,,,,
106904,dot tolerance 15 px,False,,,,
106904,prompt ensemble (> 0.5),False,,,,
106904,threshold 0.3 + tolerance 15 + ensemble,False,,,,
106914,"production (fish > 0.5, on dot)",False,,,,
106914,threshold 0.3,False,,,,
106914,threshold 0.2,False,,,,
106914,threshold 0.1,False,,,,
106914,dot tolerance 15 px,False,,,,
106914,prompt ensemble (> 0.5),False,,,,
106914,threshold 0.3 + tolerance 15 + ensemble,False,,,,
106915,"production (fish > 0.5, on dot)",False,,,,
106915,threshold 0.3,False,,,,
106915,threshold 0.2,False,,,,
106915,threshold 0.1,False,,,,
106915,dot tolerance 15 px,False,,,,
106915,prompt ensemble (> 0.5),False,,,,
106915,threshold 0.3 + tolerance 15 + ensemble,False,,,,
106916,"production (fish > 0.5, on dot)",False,,,,
106916,threshold 0.3,True,0.9044342698222182,0.020056638677463857,0.1424419528617467,False
106916,threshold 0.2,True,0.9044342698222182,0.020056638677463857,0.1424419528617467,False
106916,threshold 0.1,True,0.9044342698222182,0.020056638677463857,0.1424419528617467,False
106916,dot tolerance 15 px,False,,,,
106916,prompt ensemble (> 0.5),False,,,,
106916,threshold 0.3 + tolerance 15 + ensemble,True,0.9044342698222182,0.020056638677463857,0.1424419528617467,False
106919,"production (fish > 0.5, on dot)",False,,,,
106919,threshold 0.3,False,,,,
106919,threshold 0.2,False,,,,
106919,threshold 0.1,False,,,,
106919,dot tolerance 15 px,False,,,,
106919,prompt ensemble (> 0.5),False,,,,
106919,threshold 0.3 + tolerance 15 + ensemble,False,,,,
106922,"production (fish > 0.5, on dot)",False,,,,
106922,threshold 0.3,False,,,,
106922,threshold 0.2,False,,,,
106922,threshold 0.1,False,,,,
106922,dot tolerance 15 px,False,,,,
106922,prompt ensemble (> 0.5),False,,,,
106922,threshold 0.3 + tolerance 15 + ensemble,False,,,,
106923,"production (fish > 0.5, on dot)",False,,,,
106923,threshold 0.3,False,,,,
106923,threshold 0.2,False,,,,
106923,threshold 0.1,False,,,,
106923,dot tolerance 15 px,False,,,,
106923,prompt ensemble (> 0.5),False,,,,
106923,threshold 0.3 + tolerance 15 + ensemble,False,,,,
106925,"production (fish > 0.5, on dot)",False,,,,
106925,threshold 0.3,False,,,,
106925,threshold 0.2,False,,,,
106925,threshold 0.1,False,,,,
106925,dot tolerance 15 px,False,,,,
106925,prompt ensemble (> 0.5),False,,,,
106925,threshold 0.3 + tolerance 15 + ensemble,False,,,,
106926,"production (fish > 0.5, on dot)",False,,,,
106926,threshold 0.3,False,,,,
106926,threshold 0.2,False,,,,
106926,threshold 0.1,False,,,,
106926,dot tolerance 15 px,False,,,,
106926,prompt ensemble (> 0.5),False,,,,
106926,threshold 0.3 + tolerance 15 + ensemble,False,,,,
106927,"production (fish > 0.5, on dot)",False,,,,
106927,threshold 0.3,False,,,,
106927,threshold 0.2,False,,,,
106927,threshold 0.1,False,,,,
106927,dot tolerance 15 px,False,,,,
106927,prompt ensemble (> 0.5),False,,,,
106927,threshold 0.3 + tolerance 15 + ensemble,False,,,,
106930,"production (fish > 0.5, on dot)",True,,,,False
106930,threshold 0.3,True,,,,False
106930,threshold 0.2,True,,,,False
106930,threshold 0.1,True,,,,False
106930,dot tolerance 15 px,True,,,,False
106930,prompt ensemble (> 0.5),True,,,,False
106930,threshold 0.3 + tolerance 15 + ensemble,True,,,,False
106931,"production (fish > 0.5, on dot)",False,,,,
106931,threshold 0.3,False,,,,
106931,threshold 0.2,False,,,,
106931,threshold 0.1,True,,,,False
106931,dot tolerance 15 px,False,,,,
106931,prompt ensemble (> 0.5),False,,,,
106931,threshold 0.3 + tolerance 15 + ensemble,False,,,,
106934,"production (fish > 0.5, on dot)",False,,,,
106934,threshold 0.3,False,,,,
106934,threshold 0.2,False,,,,
106934,threshold 0.1,False,,,,
106934,dot tolerance 15 px,False,,,,
106934,prompt ensemble (> 0.5),False,,,,
106934,threshold 0.3 + tolerance 15 + ensemble,False,,,,
106936,"production (fish > 0.5, on dot)",False,,,,
106936,threshold 0.3,True,0.9541565705133769,0.07992507913398403,0.024594763457650024,False
106936,threshold 0.2,True,0.9541565705133769,0.07992507913398403,0.024594763457650024,False
106936,threshold 0.1,True,0.9541565705133769,0.07992507913398403,0.024594763457650024,False
106936,dot tolerance 15 px,False,,,,
106936,prompt ensemble (> 0.5),True,0.9549196441175923,0.07895236507803564,0.023494418033585738,False
106936,threshold 0.3 + tolerance 15 + ensemble,True,0.9549196441175923,0.07895236507803564,0.023494418033585738,False
106937,"production (fish > 0.5, on dot)",False,,,,
106937,threshold 0.3,True,0.9897920963634494,0.06260438894472425,0.015126471529355862,False
106937,threshold 0.2,True,0.9897920963634494,0.06260438894472425,0.015126471529355862,False
106937,threshold 0.1,True,0.9897920963634494,0.06260438894472425,0.015126471529355862,False
106937,dot tolerance 15 px,False,,,,
106937,prompt ensemble (> 0.5),True,0.9874243012010365,0.06451661646994701,0.01422194674074589,False
106937,threshold 0.3 + tolerance 15 + ensemble,True,0.9874243012010365,0.06451661646994701,0.01422194674074589,False
106938,"production (fish > 0.5, on dot)",False,,,,
106938,threshold 0.3,False,,,,
106938,threshold 0.2,False,,,,
106938,threshold 0.1,True,0.6884182800213129,0.06290370948401762,0.2768643266441878,False
106938,dot tolerance 15 px,False,,,,
106938,prompt ensemble (> 0.5),False,,,,
106938,threshold 0.3 + tolerance 15 + ensemble,True,0.6854817593788111,0.06627519082712637,0.27504115994590755,False
106941,"production (fish > 0.5, on dot)",False,,,,
106941,threshold 0.3,False,,,,
106941,threshold 0.2,False,,,,
106941,threshold 0.1,False,,,,
106941,dot tolerance 15 px,False,,,,
106941,prompt ensemble (> 0.5),False,,,,
106941,threshold 0.3 + tolerance 15 + ensemble,False,,,,
106945,"production (fish > 0.5, on dot)",False,,,,
106945,threshold 0.3,False,,,,
106945,threshold 0.2,False,,,,
106945,threshold 0.1,False,,,,
106945,dot tolerance 15 px,False,,,,
106945,prompt ensemble (> 0.5),False,,,,
106945,threshold 0.3 + tolerance 15 + ensemble,False,,,,
106947,"production (fish > 0.5, on dot)",False,,,,
106947,threshold 0.3,False,,,,
106947,threshold 0.2,False,,,,
106947,threshold 0.1,False,,,,
106947,dot tolerance 15 px,False,,,,
106947,prompt ensemble (> 0.5),False,,,,
106947,threshold 0.3 + tolerance 15 + ensemble,False,,,,
106948,"production (fish > 0.5, on dot)",False,,,,
106948,threshold 0.3,False,,,,
106948,threshold 0.2,False,,,,
106948,threshold 0.1,False,,,,
106948,dot tolerance 15 px,False,,,,
106948,prompt ensemble (> 0.5),False,,,,
106948,threshold 0.3 + tolerance 15 + ensemble,False,,,,
106950,"production (fish > 0.5, on dot)",False,,,,
106950,threshold 0.3,False,,,,
106950,threshold 0.2,False,,,,
106950,threshold 0.1,True,,,,False
106950,dot tolerance 15 px,False,,,,
106950,prompt ensemble (> 0.5),False,,,,
106950,threshold 0.3 + tolerance 15 + ensemble,False,,,,
106952,"production (fish > 0.5, on dot)",False,,,,
106952,threshold 0.3,False,,,,
106952,threshold 0.2,False,,,,
106952,threshold 0.1,False,,,,
106952,dot tolerance 15 px,False,,,,
106952,prompt ensemble (> 0.5),False,,,,
106952,threshold 0.3 + tolerance 15 + ensemble,False,,,,
106953,"production (fish > 0.5, on dot)",False,,,,
106953,threshold 0.3,False,,,,
106953,threshold 0.2,False,,,,
106953,threshold 0.1,True,,,,False
106953,dot tolerance 15 px,False,,,,
106953,prompt ensemble (> 0.5),False,,,,
106953,threshold 0.3 + tolerance 15 + ensemble,False,,,,
106955,"production (fish > 0.5, on dot)",False,,,,
106955,threshold 0.3,False,,,,
106955,threshold 0.2,True,0.8581598041689115,0.5335009575347974,0.40791130974971374,False
106955,threshold 0.1,True,0.8581598041689115,0.5335009575347974,0.40791130974971374,False
106955,dot tolerance 15 px,False,,,,
106955,prompt ensemble (> 0.5),False,,,,
106955,threshold 0.3 + tolerance 15 + ensemble,False,,,,
106961,"production (fish > 0.5, on dot)",False,,,,
106961,threshold 0.3,True,,,,False
106961,threshold 0.2,True,,,,False
106961,threshold 0.1,True,,,,False
106961,dot tolerance 15 px,False,,,,
106961,prompt ensemble (> 0.5),False,,,,
106961,threshold 0.3 + tolerance 15 + ensemble,True,,,,False
106966,"production (fish > 0.5, on dot)",False,,,,
106966,threshold 0.3,False,,,,
106966,threshold 0.2,False,,,,
106966,threshold 0.1,True,0.8365278755979118,0.11110191379643272,0.1983326930266487,False
106966,dot tolerance 15 px,False,,,,
106966,prompt ensemble (> 0.5),False,,,,
106966,threshold 0.3 + tolerance 15 + ensemble,False,,,,
106967,"production (fish > 0.5, on dot)",False,,,,
106967,threshold 0.3,False,,,,
106967,threshold 0.2,False,,,,
106967,threshold 0.1,False,,,,
106967,dot tolerance 15 px,False,,,,
106967,prompt ensemble (> 0.5),False,,,,
106967,threshold 0.3 + tolerance 15 + ensemble,False,,,,
106970,"production (fish > 0.5, on dot)",False,,,,
106970,threshold 0.3,False,,,,
106970,threshold 0.2,False,,,,
106970,threshold 0.1,False,,,,
106970,dot tolerance 15 px,False,,,,
106970,prompt ensemble (> 0.5),False,,,,
106970,threshold 0.3 + tolerance 15 + ensemble,False,,,,
106971,"production (fish > 0.5, on dot)",False,,,,
106971,threshold 0.3,False,,,,
106971,threshold 0.2,False,,,,
106971,threshold 0.1,False,,,,
106971,dot tolerance 15 px,False,,,,
106971,prompt ensemble (> 0.5),False,,,,
106971,threshold 0.3 + tolerance 15 + ensemble,False,,,,
106976,"production (fish > 0.5, on dot)",False,,,,
106976,threshold 0.3,False,,,,
106976,threshold 0.2,False,,,,
106976,threshold 0.1,False,,,,
106976,dot tolerance 15 px,False,,,,
106976,prompt ensemble (> 0.5),False,,,,
106976,threshold 0.3 + tolerance 15 + ensemble,False,,,,
106979,"production (fish > 0.5, on dot)",True,,,,False
106979,threshold 0.3,True,,,,False
106979,threshold 0.2,True,,,,False
106979,threshold 0.1,True,,,,False
106979,dot tolerance 15 px,True,,,,False
106979,prompt ensemble (> 0.5),True,,,,False
106979,threshold 0.3 + tolerance 15 + ensemble,True,,,,False
106980,"production (fish > 0.5, on dot)",False,,,,
106980,threshold 0.3,False,,,,
106980,threshold 0.2,False,,,,
106980,threshold 0.1,False,,,,
106980,dot tolerance 15 px,False,,,,
106980,prompt ensemble (> 0.5),False,,,,
106980,threshold 0.3 + tolerance 15 + ensemble,False,,,,
106981,"production (fish > 0.5, on dot)",False,,,,
106981,threshold 0.3,False,,,,
106981,threshold 0.2,False,,,,
106981,threshold 0.1,False,,,,
106981,dot tolerance 15 px,False,,,,
106981,prompt ensemble (> 0.5),False,,,,
106981,threshold 0.3 + tolerance 15 + ensemble,False,,,,
106982,"production (fish > 0.5, on dot)",True,0.9900204210974533,0.013059208282866025,0.03442372025702402,False
106982,threshold 0.3,True,0.9900204210974533,0.013059208282866025,0.03442372025702402,False
106982,threshold 0.2,True,0.9900204210974533,0.013059208282866025,0.03442372025702402,False
106982,threshold 0.1,True,0.9900204210974533,0.013059208282866025,0.03442372025702402,False
106982,dot tolerance 15 px,True,0.9900204210974533,0.013059208282866025,0.03442372025702402,False
106982,prompt ensemble (> 0.5),True,0.9900204210974533,0.013059208282866025,0.03442372025702402,False
106982,threshold 0.3 + tolerance 15 + ensemble,True,0.9900204210974533,0.013059208282866025,0.03442372025702402,False
106986,"production (fish > 0.5, on dot)",True,,,,False
106986,threshold 0.3,True,,,,False
106986,threshold 0.2,True,,,,False
106986,threshold 0.1,True,,,,False
106986,dot tolerance 15 px,True,,,,False
106986,prompt ensemble (> 0.5),True,,,,False
106986,threshold 0.3 + tolerance 15 + ensemble,True,,,,False
106988,"production (fish > 0.5, on dot)",False,,,,
106988,threshold 0.3,True,1.0797970396473136,0.5779177328787668,0.12474608494493582,False
106988,threshold 0.2,True,1.0797970396473136,0.5779177328787668,0.12474608494493582,False
106988,threshold 0.1,True,1.0797970396473136,0.5779177328787668,0.12474608494493582,False
106988,dot tolerance 15 px,False,,,,
106988,prompt ensemble (> 0.5),False,,,,
106988,threshold 0.3 + tolerance 15 + ensemble,True,1.0797970396473136,0.5779177328787668,0.12474608494493582,False
106991,"production (fish > 0.5, on dot)",False,,,,
106991,threshold 0.3,False,,,,
106991,threshold 0.2,False,,,,
106991,threshold 0.1,False,,,,
106991,dot tolerance 15 px,True,0.8218879457082671,0.03175643074722751,0.19320706016648437,False
106991,prompt ensemble (> 0.5),False,,,,
106991,threshold 0.3 + tolerance 15 + ensemble,True,0.8218879457082671,0.03175643074722751,0.19320706016648437,False
106993,"production (fish > 0.5, on dot)",False,,,,
106993,threshold 0.3,False,,,,
106993,threshold 0.2,False,,,,
106993,threshold 0.1,False,,,,
106993,dot tolerance 15 px,False,,,,
106993,prompt ensemble (> 0.5),False,,,,
106993,threshold 0.3 + tolerance 15 + ensemble,False,,,,
106994,"production (fish > 0.5, on dot)",False,,,,
106994,threshold 0.3,False,,,,
106994,threshold 0.2,False,,,,
106994,threshold 0.1,True,,,,False
106994,dot tolerance 15 px,False,,,,
106994,prompt ensemble (> 0.5),False,,,,
106994,threshold 0.3 + tolerance 15 + ensemble,False,,,,
106996,"production (fish > 0.5, on dot)",False,,,,
106996,threshold 0.3,False,,,,
106996,threshold 0.2,False,,,,
106996,threshold 0.1,False,,,,
106996,dot tolerance 15 px,False,,,,
106996,prompt ensemble (> 0.5),False,,,,
106996,threshold 0.3 + tolerance 15 + ensemble,False,,,,
107001,"production (fish > 0.5, on dot)",False,,,,
107001,threshold 0.3,False,,,,
107001,threshold 0.2,False,,,,
107001,threshold 0.1,False,,,,
107001,dot tolerance 15 px,False,,,,
107001,prompt ensemble (> 0.5),False,,,,
107001,threshold 0.3 + tolerance 15 + ensemble,False,,,,
107003,"production (fish > 0.5, on dot)",False,,,,
107003,threshold 0.3,False,,,,
107003,threshold 0.2,False,,,,
107003,threshold 0.1,True,,,,False
107003,dot tolerance 15 px,False,,,,
107003,prompt ensemble (> 0.5),False,,,,
107003,threshold 0.3 + tolerance 15 + ensemble,False,,,,
107005,"production (fish > 0.5, on dot)",False,,,,
107005,threshold 0.3,False,,,,
107005,threshold 0.2,False,,,,
107005,threshold 0.1,False,,,,
107005,dot tolerance 15 px,False,,,,
107005,prompt ensemble (> 0.5),False,,,,
107005,threshold 0.3 + tolerance 15 + ensemble,False,,,,
107007,"production (fish > 0.5, on dot)",False,,,,
107007,threshold 0.3,False,,,,
107007,threshold 0.2,False,,,,
107007,threshold 0.1,False,,,,
107007,dot tolerance 15 px,False,,,,
107007,prompt ensemble (> 0.5),False,,,,
107007,threshold 0.3 + tolerance 15 + ensemble,False,,,,
107011,"production (fish > 0.5, on dot)",False,,,,
107011,threshold 0.3,False,,,,
107011,threshold 0.2,False,,,,
107011,threshold 0.1,False,,,,
107011,dot tolerance 15 px,False,,,,
107011,prompt ensemble (> 0.5),False,,,,
107011,threshold 0.3 + tolerance 15 + ensemble,False,,,,
107014,"production (fish > 0.5, on dot)",False,,,,
107014,threshold 0.3,True,0.5641140684564752,0.04323265228051093,0.5204233683368871,False
107014,threshold 0.2,True,0.5641140684564752,0.04323265228051093,0.5204233683368871,False
107014,threshold 0.1,True,0.5641140684564752,0.04323265228051093,0.5204233683368871,False
107014,dot tolerance 15 px,False,,,,
107014,prompt ensemble (> 0.5),False,,,,
107014,threshold 0.3 + tolerance 15 + ensemble,True,0.5641140684564752,0.04323265228051093,0.5204233683368871,False
107015,"production (fish > 0.5, on dot)",False,,,,
107015,threshold 0.3,False,,,,
107015,threshold 0.2,False,,,,
107015,threshold 0.1,False,,,,
107015,dot tolerance 15 px,False,,,,
107015,prompt ensemble (> 0.5),False,,,,
107015,threshold 0.3 + tolerance 15 + ensemble,False,,,,
107016,"production (fish > 0.5, on dot)",False,,,,
107016,threshold 0.3,False,,,,
107016,threshold 0.2,False,,,,
107016,threshold 0.1,False,,,,
107016,dot tolerance 15 px,False,,,,
107016,prompt ensemble (> 0.5),False,,,,
107016,threshold 0.3 + tolerance 15 + ensemble,False,,,,
107017,"production (fish > 0.5, on dot)",False,,,,
107017,threshold 0.3,False,,,,
107017,threshold 0.2,True,0.706188323052689,0.01092909896114152,0.30605052129423105,False
107017,threshold 0.1,True,0.706188323052689,0.01092909896114152,0.30605052129423105,False
107017,dot tolerance 15 px,False,,,,
107017,prompt ensemble (> 0.5),False,,,,
107017,threshold 0.3 + tolerance 15 + ensemble,False,,,,
107018,"production (fish > 0.5, on dot)",False,,,,
107018,threshold 0.3,False,,,,
107018,threshold 0.2,False,,,,
107018,threshold 0.1,False,,,,
107018,dot tolerance 15 px,False,,,,
107018,prompt ensemble (> 0.5),False,,,,
107018,threshold 0.3 + tolerance 15 + ensemble,False,,,,
107019,"production (fish > 0.5, on dot)",False,,,,
107019,threshold 0.3,False,,,,
107019,threshold 0.2,False,,,,
107019,threshold 0.1,False,,,,
107019,dot tolerance 15 px,False,,,,
107019,prompt ensemble (> 0.5),False,,,,
107019,threshold 0.3 + tolerance 15 + ensemble,False,,,,
107020,"production (fish > 0.5, on dot)",False,,,,
107020,threshold 0.3,False,,,,
107020,threshold 0.2,False,,,,
107020,threshold 0.1,False,,,,
107020,dot tolerance 15 px,False,,,,
107020,prompt ensemble (> 0.5),False,,,,
107020,threshold 0.3 + tolerance 15 + ensemble,False,,,,
107022,"production (fish > 0.5, on dot)",False,,,,
107022,threshold 0.3,False,,,,
107022,threshold 0.2,False,,,,
107022,threshold 0.1,False,,,,
107022,dot tolerance 15 px,False,,,,
107022,prompt ensemble (> 0.5),False,,,,
107022,threshold 0.3 + tolerance 15 + ensemble,False,,,,
107023,"production (fish > 0.5, on dot)",False,,,,
107023,threshold 0.3,False,,,,
107023,threshold 0.2,False,,,,
107023,threshold 0.1,False,,,,
107023,dot tolerance 15 px,False,,,,
107023,prompt ensemble (> 0.5),False,,,,
107023,threshold 0.3 + tolerance 15 + ensemble,False,,,,
107024,"production (fish > 0.5, on dot)",False,,,,
107024,threshold 0.3,False,,,,
107024,threshold 0.2,False,,,,
107024,threshold 0.1,False,,,,
107024,dot tolerance 15 px,False,,,,
107024,prompt ensemble (> 0.5),False,,,,
107024,threshold 0.3 + tolerance 15 + ensemble,False,,,,
107026,"production (fish > 0.5, on dot)",False,,,,
107026,threshold 0.3,False,,,,
107026,threshold 0.2,False,,,,
107026,threshold 0.1,False,,,,
107026,dot tolerance 15 px,False,,,,
107026,prompt ensemble (> 0.5),False,,,,
107026,threshold 0.3 + tolerance 15 + ensemble,False,,,,
107027,"production (fish > 0.5, on dot)",True,0.9913497280420467,0.019151032322715433,0.07151609379769244,False
107027,threshold 0.3,True,0.9913497280420467,0.019151032322715433,0.07151609379769244,False
107027,threshold 0.2,True,0.9913497280420467,0.019151032322715433,0.07151609379769244,False
107027,threshold 0.1,True,0.9913497280420467,0.019151032322715433,0.07151609379769244,False
107027,dot tolerance 15 px,True,0.9913497280420467,0.019151032322715433,0.07151609379769244,False
107027,prompt ensemble (> 0.5),True,0.9913497280420467,0.019151032322715433,0.07151609379769244,False
107027,threshold 0.3 + tolerance 15 + ensemble,True,0.9913497280420467,0.019151032322715433,0.07151609379769244,False
107028,"production (fish > 0.5, on dot)",True,0.9794129220371883,0.005613664985364039,0.04221797041035932,False
107028,threshold 0.3,True,0.9794129220371883,0.005613664985364039,0.04221797041035932,False
107028,threshold 0.2,True,0.9794129220371883,0.005613664985364039,0.04221797041035932,False
107028,threshold 0.1,True,0.9794129220371883,0.005613664985364039,0.04221797041035932,False
107028,dot tolerance 15 px,True,0.9794129220371883,0.005613664985364039,0.04221797041035932,False
107028,prompt ensemble (> 0.5),True,0.9794129220371883,0.005613664985364039,0.04221797041035932,False
107028,threshold 0.3 + tolerance 15 + ensemble,True,0.9794129220371883,0.005613664985364039,0.04221797041035932,False
107032,"production (fish > 0.5, on dot)",True,0.9821681223548969,0.0161274319200819,0.017053508628664785,False
107032,threshold 0.3,True,0.9821681223548969,0.0161274319200819,0.017053508628664785,False
107032,threshold 0.2,True,0.9821681223548969,0.0161274319200819,0.017053508628664785,False
107032,threshold 0.1,True,0.9821681223548969,0.0161274319200819,0.017053508628664785,False
107032,dot tolerance 15 px,True,0.9821681223548969,0.0161274319200819,0.017053508628664785,False
107032,prompt ensemble (> 0.5),True,0.9821681223548969,0.0161274319200819,0.017053508628664785,False
107032,threshold 0.3 + tolerance 15 + ensemble,True,0.9821681223548969,0.0161274319200819,0.017053508628664785,False
107035,"production (fish > 0.5, on dot)",True,0.9922893482664668,0.004994787551248223,0.029018957982702983,False
107035,threshold 0.3,True,0.9922893482664668,0.004994787551248223,0.029018957982702983,False
107035,threshold 0.2,True,0.9922893482664668,0.004994787551248223,0.029018957982702983,False
107035,threshold 0.1,True,0.9922893482664668,0.004994787551248223,0.029018957982702983,False
107035,dot tolerance 15 px,True,0.9922893482664668,0.004994787551248223,0.029018957982702983,False
107035,prompt ensemble (> 0.5),True,0.9922893482664668,0.004994787551248223,0.029018957982702983,False
107035,threshold 0.3 + tolerance 15 + ensemble,True,0.9922893482664668,0.004994787551248223,0.029018957982702983,False
107037,"production (fish > 0.5, on dot)",True,1.0156829125656117,0.0477504555621031,0.04692193908516755,False
107037,threshold 0.3,True,1.0156829125656117,0.0477504555621031,0.04692193908516755,False
107037,threshold 0.2,True,1.0156829125656117,0.0477504555621031,0.04692193908516755,False
107037,threshold 0.1,True,1.0156829125656117,0.0477504555621031,0.04692193908516755,False
107037,dot tolerance 15 px,True,1.0156829125656117,0.0477504555621031,0.04692193908516755,False
107037,prompt ensemble (> 0.5),True,1.0156829125656117,0.0477504555621031,0.04692193908516755,False
107037,threshold 0.3 + tolerance 15 + ensemble,True,1.0156829125656117,0.0477504555621031,0.04692193908516755,False
107038,"production (fish > 0.5, on dot)",True,1.0769939144699612,0.09974560346573855,0.0353670013351712,False
107038,threshold 0.3,True,1.0769939144699612,0.09974560346573855,0.0353670013351712,False
107038,threshold 0.2,True,1.0769939144699612,0.09974560346573855,0.0353670013351712,False
107038,threshold 0.1,True,1.0769939144699612,0.09974560346573855,0.0353670013351712,False
107038,dot tolerance 15 px,True,1.0769939144699612,0.09974560346573855,0.0353670013351712,False
107038,prompt ensemble (> 0.5),True,1.0769939144699612,0.09974560346573855,0.0353670013351712,False
107038,threshold 0.3 + tolerance 15 + ensemble,True,1.0769939144699612,0.09974560346573855,0.0353670013351712,False
107040,"production (fish > 0.5, on dot)",True,1.01168534229273,0.016117531677748483,0.00844952777722194,False
107040,threshold 0.3,True,1.01168534229273,0.016117531677748483,0.00844952777722194,False
107040,threshold 0.2,True,1.01168534229273,0.016117531677748483,0.00844952777722194,False
107040,threshold 0.1,True,1.01168534229273,0.016117531677748483,0.00844952777722194,False
107040,dot tolerance 15 px,True,1.01168534229273,0.016117531677748483,0.00844952777722194,False
107040,prompt ensemble (> 0.5),True,1.01168534229273,0.016117531677748483,0.00844952777722194,False
107040,threshold 0.3 + tolerance 15 + ensemble,True,1.01168534229273,0.016117531677748483,0.00844952777722194,False
107041,"production (fish > 0.5, on dot)",True,1.0382878815116616,0.013672355204581946,0.03838818946944461,False
107041,threshold 0.3,True,1.0382878815116616,0.013672355204581946,0.03838818946944461,False
107041,threshold 0.2,True,1.0382878815116616,0.013672355204581946,0.03838818946944461,False
107041,threshold 0.1,True,1.0382878815116616,0.013672355204581946,0.03838818946944461,False
107041,dot tolerance 15 px,True,1.0382878815116616,0.013672355204581946,0.03838818946944461,False
107041,prompt ensemble (> 0.5),True,1.0382878815116616,0.013672355204581946,0.03838818946944461,False
107041,threshold 0.3 + tolerance 15 + ensemble,True,1.0382878815116616,0.013672355204581946,0.03838818946944461,False
107042,"production (fish > 0.5, on dot)",True,0.9991686514948155,0.030235092015191454,0.013572471397974122,False
107042,threshold 0.3,True,0.9991686514948155,0.030235092015191454,0.013572471397974122,False
107042,threshold 0.2,True,0.9991686514948155,0.030235092015191454,0.013572471397974122,False
107042,threshold 0.1,True,0.9991686514948155,0.030235092015191454,0.013572471397974122,False
107042,dot tolerance 15 px,True,0.9991686514948155,0.030235092015191454,0.013572471397974122,False
107042,prompt ensemble (> 0.5),True,0.9991686514948155,0.030235092015191454,0.013572471397974122,False
107042,threshold 0.3 + tolerance 15 + ensemble,True,0.9991686514948155,0.030235092015191454,0.013572471397974122,False
107044,"production (fish > 0.5, on dot)",True,0.9798315886723469,0.024272128975123753,0.024484676697046705,False
107044,threshold 0.3,True,0.9798315886723469,0.024272128975123753,0.024484676697046705,False
107044,threshold 0.2,True,0.9798315886723469,0.024272128975123753,0.024484676697046705,False
107044,threshold 0.1,True,0.9798315886723469,0.024272128975123753,0.024484676697046705,False
107044,dot tolerance 15 px,True,0.9798315886723469,0.024272128975123753,0.024484676697046705,False
107044,prompt ensemble (> 0.5),True,0.9798315886723469,0.024272128975123753,0.024484676697046705,False
107044,threshold 0.3 + tolerance 15 + ensemble,True,0.9798315886723469,0.024272128975123753,0.024484676697046705,False
107047,"production (fish > 0.5, on dot)",True,0.9962586211243868,0.0135121303939802,0.010630548656129593,False
107047,threshold 0.3,True,0.9962586211243868,0.0135121303939802,0.010630548656129593,False
107047,threshold 0.2,True,0.9962586211243868,0.0135121303939802,0.010630548656129593,False
107047,threshold 0.1,True,0.9962586211243868,0.0135121303939802,0.010630548656129593,False
107047,dot tolerance 15 px,True,0.9962586211243868,0.0135121303939802,0.010630548656129593,False
107047,prompt ensemble (> 0.5),True,0.9962586211243868,0.0135121303939802,0.010630548656129593,False
107047,threshold 0.3 + tolerance 15 + ensemble,True,0.9962586211243868,0.0135121303939802,0.010630548656129593,False
107049,"production (fish > 0.5, on dot)",True,1.0482903538596922,0.021227486248553626,0.039611531433652154,False
107049,threshold 0.3,True,1.0482903538596922,0.021227486248553626,0.039611531433652154,False
107049,threshold 0.2,True,1.0482903538596922,0.021227486248553626,0.039611531433652154,False
107049,threshold 0.1,True,1.0482903538596922,0.021227486248553626,0.039611531433652154,False
107049,dot tolerance 15 px,True,1.0482903538596922,0.021227486248553626,0.039611531433652154,False
107049,prompt ensemble (> 0.5),True,1.0482903538596922,0.021227486248553626,0.039611531433652154,False
107049,threshold 0.3 + tolerance 15 + ensemble,True,1.0482903538596922,0.021227486248553626,0.039611531433652154,False
107050,"production (fish > 0.5, on dot)",True,1.1027266214993394,0.026690911196266664,0.08881285168528169,False
107050,threshold 0.3,True,1.1027266214993394,0.026690911196266664,0.08881285168528169,False
107050,threshold 0.2,True,1.1027266214993394,0.026690911196266664,0.08881285168528169,False
107050,threshold 0.1,True,1.1027266214993394,0.026690911196266664,0.08881285168528169,False
107050,dot tolerance 15 px,True,1.1027266214993394,0.026690911196266664,0.08881285168528169,False
107050,prompt ensemble (> 0.5),True,1.1027266214993394,0.026690911196266664,0.08881285168528169,False
107050,threshold 0.3 + tolerance 15 + ensemble,True,1.1027266214993394,0.026690911196266664,0.08881285168528169,False
107051,"production (fish > 0.5, on dot)",True,1.1047111564270642,0.0439288270993575,0.08160630959266175,False
107051,threshold 0.3,True,1.1047111564270642,0.0439288270993575,0.08160630959266175,False
107051,threshold 0.2,True,1.1047111564270642,0.0439288270993575,0.08160630959266175,False
107051,threshold 0.1,True,1.1047111564270642,0.0439288270993575,0.08160630959266175,False
107051,dot tolerance 15 px,True,1.1047111564270642,0.0439288270993575,0.08160630959266175,False
107051,prompt ensemble (> 0.5),True,1.1047111564270642,0.0439288270993575,0.08160630959266175,False
107051,threshold 0.3 + tolerance 15 + ensemble,True,1.1047111564270642,0.0439288270993575,0.08160630959266175,False
107053,"production (fish > 0.5, on dot)",True,1.0685808899593352,0.02058977888209913,0.06833958814471339,False
107053,threshold 0.3,True,1.0685808899593352,0.02058977888209913,0.06833958814471339,False
107053,threshold 0.2,True,1.0685808899593352,0.02058977888209913,0.06833958814471339,False
107053,threshold 0.1,True,1.0685808899593352,0.02058977888209913,0.06833958814471339,False
107053,dot tolerance 15 px,True,1.0685808899593352,0.02058977888209913,0.06833958814471339,False
107053,prompt ensemble (> 0.5),True,1.0685808899593352,0.02058977888209913,0.06833958814471339,False
107053,threshold 0.3 + tolerance 15 + ensemble,True,1.0685808899593352,0.02058977888209913,0.06833958814471339,False
107054,"production (fish > 0.5, on dot)",False,,,,
107054,threshold 0.3,False,,,,
107054,threshold 0.2,False,,,,
107054,threshold 0.1,False,,,,
107054,dot tolerance 15 px,False,,,,
107054,prompt ensemble (> 0.5),False,,,,
107054,threshold 0.3 + tolerance 15 + ensemble,False,,,,
107056,"production (fish > 0.5, on dot)",True,1.0423015300745313,0.1015547102529261,0.23285320024770761,False
107056,threshold 0.3,True,1.0423015300745313,0.1015547102529261,0.23285320024770761,False
107056,threshold 0.2,True,1.0423015300745313,0.1015547102529261,0.23285320024770761,False
107056,threshold 0.1,True,1.0423015300745313,0.1015547102529261,0.23285320024770761,False
107056,dot tolerance 15 px,True,1.0423015300745313,0.1015547102529261,0.23285320024770761,False
107056,prompt ensemble (> 0.5),True,1.0423015300745313,0.1015547102529261,0.23285320024770761,False
107056,threshold 0.3 + tolerance 15 + ensemble,True,1.0423015300745313,0.1015547102529261,0.23285320024770761,False
107059,"production (fish > 0.5, on dot)",True,1.2174753392293984,0.023483800701602747,0.5418730148588006,False
107059,threshold 0.3,True,1.2174753392293984,0.023483800701602747,0.5418730148588006,False
107059,threshold 0.2,True,1.2174753392293984,0.023483800701602747,0.5418730148588006,False
107059,threshold 0.1,True,1.2174753392293984,0.023483800701602747,0.5418730148588006,False
107059,dot tolerance 15 px,True,1.2174753392293984,0.023483800701602747,0.5418730148588006,False
107059,prompt ensemble (> 0.5),True,1.2174753392293984,0.023483800701602747,0.5418730148588006,False
107059,threshold 0.3 + tolerance 15 + ensemble,True,1.2174753392293984,0.023483800701602747,0.5418730148588006,False
107060,"production (fish > 0.5, on dot)",True,1.191956835264358,0.01964613494111384,0.528674340094822,False
107060,threshold 0.3,True,1.191956835264358,0.01964613494111384,0.528674340094822,False
107060,threshold 0.2,True,1.191956835264358,0.01964613494111384,0.528674340094822,False
107060,threshold 0.1,True,1.191956835264358,0.01964613494111384,0.528674340094822,False
107060,dot tolerance 15 px,True,1.191956835264358,0.01964613494111384,0.528674340094822,False
107060,prompt ensemble (> 0.5),True,1.191956835264358,0.01964613494111384,0.528674340094822,False
107060,threshold 0.3 + tolerance 15 + ensemble,True,1.191956835264358,0.01964613494111384,0.528674340094822,False
107063,"production (fish > 0.5, on dot)",True,1.2127470035221153,0.07256189512647125,0.28541804222121675,False
107063,threshold 0.3,True,1.2127470035221153,0.07256189512647125,0.28541804222121675,False
107063,threshold 0.2,True,1.2127470035221153,0.07256189512647125,0.28541804222121675,False
107063,threshold 0.1,True,1.2127470035221153,0.07256189512647125,0.28541804222121675,False
107063,dot tolerance 15 px,True,1.2127470035221153,0.07256189512647125,0.28541804222121675,False
107063,prompt ensemble (> 0.5),True,1.211801145842651,0.07466510300279597,0.2847635454724625,False
107063,threshold 0.3 + tolerance 15 + ensemble,True,1.211801145842651,0.07466510300279597,0.2847635454724625,False
107065,"production (fish > 0.5, on dot)",False,,,,
107065,threshold 0.3,False,,,,
107065,threshold 0.2,True,,,,False
107065,threshold 0.1,True,,,,False
107065,dot tolerance 15 px,False,,,,
107065,prompt ensemble (> 0.5),False,,,,
107065,threshold 0.3 + tolerance 15 + ensemble,False,,,,
107071,"production (fish > 0.5, on dot)",True,1.0038127289752916,0.04721573777620398,0.027617638053733982,False
107071,threshold 0.3,True,1.0038127289752916,0.04721573777620398,0.027617638053733982,False
107071,threshold 0.2,True,1.0038127289752916,0.04721573777620398,0.027617638053733982,False
107071,threshold 0.1,True,1.0038127289752916,0.04721573777620398,0.027617638053733982,False
107071,dot tolerance 15 px,True,1.0038127289752916,0.04721573777620398,0.027617638053733982,False
107071,prompt ensemble (> 0.5),True,1.00271343266926,0.04481750495331994,0.027617638053733982,False
107071,threshold 0.3 + tolerance 15 + ensemble,True,1.00271343266926,0.04481750495331994,0.027617638053733982,False
107075,"production (fish > 0.5, on dot)",True,,,,False
107075,threshold 0.3,True,,,,False
107075,threshold 0.2,True,,,,False
107075,threshold 0.1,True,,,,False
107075,dot tolerance 15 px,True,,,,False
107075,prompt ensemble (> 0.5),True,,,,False
107075,threshold 0.3 + tolerance 15 + ensemble,True,,,,False
107076,"production (fish > 0.5, on dot)",False,,,,
107076,threshold 0.3,False,,,,
107076,threshold 0.2,False,,,,
107076,threshold 0.1,True,,,,False
107076,dot tolerance 15 px,False,,,,
107076,prompt ensemble (> 0.5),False,,,,
107076,threshold 0.3 + tolerance 15 + ensemble,False,,,,
107082,"production (fish > 0.5, on dot)",True,,,,False
107082,threshold 0.3,True,,,,False
107082,threshold 0.2,True,,,,False
107082,threshold 0.1,True,,,,False
107082,dot tolerance 15 px,True,,,,False
107082,prompt ensemble (> 0.5),True,,,,False
107082,threshold 0.3 + tolerance 15 + ensemble,True,,,,False
107085,"production (fish > 0.5, on dot)",False,,,,
107085,threshold 0.3,False,,,,
107085,threshold 0.2,False,,,,
107085,threshold 0.1,False,,,,
107085,dot tolerance 15 px,False,,,,
107085,prompt ensemble (> 0.5),False,,,,
107085,threshold 0.3 + tolerance 15 + ensemble,False,,,,
107087,"production (fish > 0.5, on dot)",False,,,,
107087,threshold 0.3,False,,,,
107087,threshold 0.2,False,,,,
107087,threshold 0.1,False,,,,
107087,dot tolerance 15 px,False,,,,
107087,prompt ensemble (> 0.5),False,,,,
107087,threshold 0.3 + tolerance 15 + ensemble,False,,,,
107088,"production (fish > 0.5, on dot)",False,,,,
107088,threshold 0.3,False,,,,
107088,threshold 0.2,False,,,,
107088,threshold 0.1,False,,,,
107088,dot tolerance 15 px,False,,,,
107088,prompt ensemble (> 0.5),False,,,,
107088,threshold 0.3 + tolerance 15 + ensemble,False,,,,
107092,"production (fish > 0.5, on dot)",False,,,,
107092,threshold 0.3,False,,,,
107092,threshold 0.2,False,,,,
107092,threshold 0.1,False,,,,
107092,dot tolerance 15 px,False,,,,
107092,prompt ensemble (> 0.5),False,,,,
107092,threshold 0.3 + tolerance 15 + ensemble,False,,,,
107095,"production (fish > 0.5, on dot)",False,,,,
107095,threshold 0.3,False,,,,
107095,threshold 0.2,False,,,,
107095,threshold 0.1,False,,,,
107095,dot tolerance 15 px,False,,,,
107095,prompt ensemble (> 0.5),False,,,,
107095,threshold 0.3 + tolerance 15 + ensemble,False,,,,
107097,"production (fish > 0.5, on dot)",False,,,,
107097,threshold 0.3,False,,,,
107097,threshold 0.2,False,,,,
107097,threshold 0.1,False,,,,
107097,dot tolerance 15 px,False,,,,
107097,prompt ensemble (> 0.5),False,,,,
107097,threshold 0.3 + tolerance 15 + ensemble,False,,,,
107100,"production (fish > 0.5, on dot)",False,,,,
107100,threshold 0.3,False,,,,
107100,threshold 0.2,False,,,,
107100,threshold 0.1,False,,,,
107100,dot tolerance 15 px,False,,,,
107100,prompt ensemble (> 0.5),False,,,,
107100,threshold 0.3 + tolerance 15 + ensemble,False,,,,
107102,"production (fish > 0.5, on dot)",False,,,,
107102,threshold 0.3,False,,,,
107102,threshold 0.2,False,,,,
107102,threshold 0.1,False,,,,
107102,dot tolerance 15 px,False,,,,
107102,prompt ensemble (> 0.5),False,,,,
107102,threshold 0.3 + tolerance 15 + ensemble,False,,,,
107103,"production (fish > 0.5, on dot)",False,,,,
107103,threshold 0.3,False,,,,
107103,threshold 0.2,False,,,,
107103,threshold 0.1,False,,,,
107103,dot tolerance 15 px,False,,,,
107103,prompt ensemble (> 0.5),False,,,,
107103,threshold 0.3 + tolerance 15 + ensemble,False,,,,
107104,"production (fish > 0.5, on dot)",False,,,,
107104,threshold 0.3,False,,,,
107104,threshold 0.2,False,,,,
107104,threshold 0.1,False,,,,
107104,dot tolerance 15 px,False,,,,
107104,prompt ensemble (> 0.5),False,,,,
107104,threshold 0.3 + tolerance 15 + ensemble,False,,,,
107105,"production (fish > 0.5, on dot)",False,,,,
107105,threshold 0.3,False,,,,
107105,threshold 0.2,False,,,,
107105,threshold 0.1,False,,,,
107105,dot tolerance 15 px,False,,,,
107105,prompt ensemble (> 0.5),False,,,,
107105,threshold 0.3 + tolerance 15 + ensemble,False,,,,
107107,"production (fish > 0.5, on dot)",False,,,,
107107,threshold 0.3,False,,,,
107107,threshold 0.2,False,,,,
107107,threshold 0.1,False,,,,
107107,dot tolerance 15 px,False,,,,
107107,prompt ensemble (> 0.5),False,,,,
107107,threshold 0.3 + tolerance 15 + ensemble,False,,,,
107109,"production (fish > 0.5, on dot)",False,,,,
107109,threshold 0.3,False,,,,
107109,threshold 0.2,False,,,,
107109,threshold 0.1,True,1.4255151225952878,0.7832085094422768,0.8998697013088491,False
107109,dot tolerance 15 px,False,,,,
107109,prompt ensemble (> 0.5),False,,,,
107109,threshold 0.3 + tolerance 15 + ensemble,False,,,,
107110,"production (fish > 0.5, on dot)",False,,,,
107110,threshold 0.3,False,,,,
107110,threshold 0.2,False,,,,
107110,threshold 0.1,False,,,,
107110,dot tolerance 15 px,False,,,,
107110,prompt ensemble (> 0.5),False,,,,
107110,threshold 0.3 + tolerance 15 + ensemble,False,,,,
107111,"production (fish > 0.5, on dot)",False,,,,
107111,threshold 0.3,False,,,,
107111,threshold 0.2,False,,,,
107111,threshold 0.1,False,,,,
107111,dot tolerance 15 px,False,,,,
107111,prompt ensemble (> 0.5),False,,,,
107111,threshold 0.3 + tolerance 15 + ensemble,False,,,,
107112,"production (fish > 0.5, on dot)",False,,,,
107112,threshold 0.3,False,,,,
107112,threshold 0.2,False,,,,
107112,threshold 0.1,False,,,,
107112,dot tolerance 15 px,False,,,,
107112,prompt ensemble (> 0.5),False,,,,
107112,threshold 0.3 + tolerance 15 + ensemble,False,,,,
107114,"production (fish > 0.5, on dot)",False,,,,
107114,threshold 0.3,False,,,,
107114,threshold 0.2,False,,,,
107114,threshold 0.1,False,,,,
107114,dot tolerance 15 px,False,,,,
107114,prompt ensemble (> 0.5),False,,,,
107114,threshold 0.3 + tolerance 15 + ensemble,False,,,,
107115,"production (fish > 0.5, on dot)",False,,,,
107115,threshold 0.3,False,,,,
107115,threshold 0.2,False,,,,
107115,threshold 0.1,False,,,,
107115,dot tolerance 15 px,False,,,,
107115,prompt ensemble (> 0.5),False,,,,
107115,threshold 0.3 + tolerance 15 + ensemble,False,,,,
107117,"production (fish > 0.5, on dot)",False,,,,
107117,threshold 0.3,False,,,,
107117,threshold 0.2,False,,,,
107117,threshold 0.1,False,,,,
107117,dot tolerance 15 px,False,,,,
107117,prompt ensemble (> 0.5),False,,,,
107117,threshold 0.3 + tolerance 15 + ensemble,False,,,,
107122,"production (fish > 0.5, on dot)",False,,,,
107122,threshold 0.3,True,,,,False
107122,threshold 0.2,True,,,,False
107122,threshold 0.1,True,,,,False
107122,dot tolerance 15 px,False,,,,
107122,prompt ensemble (> 0.5),False,,,,
107122,threshold 0.3 + tolerance 15 + ensemble,True,,,,False
107123,"production (fish > 0.5, on dot)",False,,,,
107123,threshold 0.3,False,,,,
107123,threshold 0.2,False,,,,
107123,threshold 0.1,False,,,,
107123,dot tolerance 15 px,False,,,,
107123,prompt ensemble (> 0.5),False,,,,
107123,threshold 0.3 + tolerance 15 + ensemble,False,,,,
107125,"production (fish > 0.5, on dot)",False,,,,
107125,threshold 0.3,False,,,,
107125,threshold 0.2,False,,,,
107125,threshold 0.1,False,,,,
107125,dot tolerance 15 px,False,,,,
107125,prompt ensemble (> 0.5),False,,,,
107125,threshold 0.3 + tolerance 15 + ensemble,False,,,,
107126,"production (fish > 0.5, on dot)",True,,,,False
107126,threshold 0.3,True,,,,False
107126,threshold 0.2,True,,,,False
107126,threshold 0.1,True,,,,False
107126,dot tolerance 15 px,True,,,,False
107126,prompt ensemble (> 0.5),True,,,,False
107126,threshold 0.3 + tolerance 15 + ensemble,True,,,,False
107138,"production (fish > 0.5, on dot)",True,,,,False
107138,threshold 0.3,True,,,,False
107138,threshold 0.2,True,,,,False
107138,threshold 0.1,True,,,,False
107138,dot tolerance 15 px,True,,,,False
107138,prompt ensemble (> 0.5),True,,,,False
107138,threshold 0.3 + tolerance 15 + ensemble,True,,,,False
107139,"production (fish > 0.5, on dot)",False,,,,
107139,threshold 0.3,True,,,,False
107139,threshold 0.2,True,,,,False
107139,threshold 0.1,True,,,,False
107139,dot tolerance 15 px,False,,,,
107139,prompt ensemble (> 0.5),False,,,,
107139,threshold 0.3 + tolerance 15 + ensemble,True,,,,False
107140,"production (fish > 0.5, on dot)",True,1.0531311549321587,0.07773928139680131,0.06406746598201975,False
107140,threshold 0.3,True,1.0531311549321587,0.07773928139680131,0.06406746598201975,False
107140,threshold 0.2,True,1.0531311549321587,0.07773928139680131,0.06406746598201975,False
107140,threshold 0.1,True,1.0531311549321587,0.07773928139680131,0.06406746598201975,False
107140,dot tolerance 15 px,True,1.0531311549321587,0.07773928139680131,0.06406746598201975,False
107140,prompt ensemble (> 0.5),True,1.048546230350705,0.07773928139680131,0.07531087079470816,False
107140,threshold 0.3 + tolerance 15 + ensemble,True,1.048546230350705,0.07773928139680131,0.07531087079470816,False
107143,"production (fish > 0.5, on dot)",False,,,,
107143,threshold 0.3,False,,,,
107143,threshold 0.2,False,,,,
107143,threshold 0.1,True,,,,False
107143,dot tolerance 15 px,False,,,,
107143,prompt ensemble (> 0.5),False,,,,
107143,threshold 0.3 + tolerance 15 + ensemble,False,,,,
107145,"production (fish > 0.5, on dot)",False,,,,
107145,threshold 0.3,False,,,,
107145,threshold 0.2,False,,,,
107145,threshold 0.1,False,,,,
107145,dot tolerance 15 px,False,,,,
107145,prompt ensemble (> 0.5),False,,,,
107145,threshold 0.3 + tolerance 15 + ensemble,False,,,,
107148,"production (fish > 0.5, on dot)",False,,,,
107148,threshold 0.3,False,,,,
107148,threshold 0.2,False,,,,
107148,threshold 0.1,False,,,,
107148,dot tolerance 15 px,False,,,,
107148,prompt ensemble (> 0.5),False,,,,
107148,threshold 0.3 + tolerance 15 + ensemble,False,,,,
107150,"production (fish > 0.5, on dot)",False,,,,
107150,threshold 0.3,False,,,,
107150,threshold 0.2,False,,,,
107150,threshold 0.1,False,,,,
107150,dot tolerance 15 px,False,,,,
107150,prompt ensemble (> 0.5),False,,,,
107150,threshold 0.3 + tolerance 15 + ensemble,False,,,,
107151,"production (fish > 0.5, on dot)",True,,,,False
107151,threshold 0.3,True,,,,False
107151,threshold 0.2,True,,,,False
107151,threshold 0.1,True,,,,False
107151,dot tolerance 15 px,True,,,,False
107151,prompt ensemble (> 0.5),True,,,,False
107151,threshold 0.3 + tolerance 15 + ensemble,True,,,,False
107162,"production (fish > 0.5, on dot)",True,1.0191317585229855,0.08570952279398654,0.018736920313283098,False
107162,threshold 0.3,True,1.0191317585229855,0.08570952279398654,0.018736920313283098,False
107162,threshold 0.2,True,1.0191317585229855,0.08570952279398654,0.018736920313283098,False
107162,threshold 0.1,True,1.0191317585229855,0.08570952279398654,0.018736920313283098,False
107162,dot tolerance 15 px,True,1.0191317585229855,0.08570952279398654,0.018736920313283098,False
107162,prompt ensemble (> 0.5),True,1.0191317585229855,0.08570952279398654,0.018736920313283098,False
107162,threshold 0.3 + tolerance 15 + ensemble,True,1.0191317585229855,0.08570952279398654,0.018736920313283098,False
107164,"production (fish > 0.5, on dot)",False,,,,
107164,threshold 0.3,False,,,,
107164,threshold 0.2,False,,,,
107164,threshold 0.1,False,,,,
107164,dot tolerance 15 px,False,,,,
107164,prompt ensemble (> 0.5),False,,,,
107164,threshold 0.3 + tolerance 15 + ensemble,False,,,,
107167,"production (fish > 0.5, on dot)",True,1.0091726905153209,0.018299941636202497,0.05655467853007194,False
107167,threshold 0.3,True,1.0091726905153209,0.018299941636202497,0.05655467853007194,False
107167,threshold 0.2,True,1.0091726905153209,0.018299941636202497,0.05655467853007194,False
107167,threshold 0.1,True,1.0091726905153209,0.018299941636202497,0.05655467853007194,False
107167,dot tolerance 15 px,True,1.0091726905153209,0.018299941636202497,0.05655467853007194,False
107167,prompt ensemble (> 0.5),True,1.0091726905153209,0.0148743773271767,0.05301497778003184,False
107167,threshold 0.3 + tolerance 15 + ensemble,True,1.0091726905153209,0.0148743773271767,0.05301497778003184,False
107168,"production (fish > 0.5, on dot)",True,1.0195593956083817,0.011653116613622599,0.01426241107083575,False
107168,threshold 0.3,True,1.0195593956083817,0.011653116613622599,0.01426241107083575,False
107168,threshold 0.2,True,1.0195593956083817,0.011653116613622599,0.01426241107083575,False
107168,threshold 0.1,True,1.0195593956083817,0.011653116613622599,0.01426241107083575,False
107168,dot tolerance 15 px,True,1.0195593956083817,0.011653116613622599,0.01426241107083575,False
107168,prompt ensemble (> 0.5),True,1.0194006886632798,0.013138196758148963,0.014321719993388491,False
107168,threshold 0.3 + tolerance 15 + ensemble,True,1.0194006886632798,0.013138196758148963,0.014321719993388491,False
107199,"production (fish > 0.5, on dot)",True,0.7557361589134923,0.09461375704713208,0.15026627609059118,False
107199,threshold 0.3,True,0.7557361589134923,0.09461375704713208,0.15026627609059118,False
107199,threshold 0.2,True,0.7557361589134923,0.09461375704713208,0.15026627609059118,False
107199,threshold 0.1,True,0.7557361589134923,0.09461375704713208,0.15026627609059118,False
107199,dot tolerance 15 px,True,0.7557361589134923,0.09461375704713208,0.15026627609059118,False
107199,prompt ensemble (> 0.5),True,0.7482209610919105,0.1020633483956284,0.15155344140503352,False
107199,threshold 0.3 + tolerance 15 + ensemble,True,0.7482209610919105,0.1020633483956284,0.15155344140503352,False
107237,"production (fish > 0.5, on dot)",False,,,,
107237,threshold 0.3,False,,,,
107237,threshold 0.2,False,,,,
107237,threshold 0.1,False,,,,
107237,dot tolerance 15 px,False,,,,
107237,prompt ensemble (> 0.5),False,,,,
107237,threshold 0.3 + tolerance 15 + ensemble,False,,,,
107289,"production (fish > 0.5, on dot)",False,,,,
107289,threshold 0.3,True,,,,False
107289,threshold 0.2,True,,,,False
107289,threshold 0.1,True,,,,False
107289,dot tolerance 15 px,False,,,,
107289,prompt ensemble (> 0.5),True,,,,False
107289,threshold 0.3 + tolerance 15 + ensemble,True,,,,False
107292,"production (fish > 0.5, on dot)",False,,,,
107292,threshold 0.3,False,,,,
107292,threshold 0.2,True,,,,False
107292,threshold 0.1,True,,,,False
107292,dot tolerance 15 px,False,,,,
107292,prompt ensemble (> 0.5),False,,,,
107292,threshold 0.3 + tolerance 15 + ensemble,False,,,,
107293,"production (fish > 0.5, on dot)",True,0.9952548713395056,0.006027929448811726,0.04160828126875271,False
107293,threshold 0.3,True,0.9952548713395056,0.006027929448811726,0.04160828126875271,False
107293,threshold 0.2,True,0.9952548713395056,0.006027929448811726,0.04160828126875271,False
107293,threshold 0.1,True,0.9952548713395056,0.006027929448811726,0.04160828126875271,False
107293,dot tolerance 15 px,True,0.9952548713395056,0.006027929448811726,0.04160828126875271,False
107293,prompt ensemble (> 0.5),True,0.9952512363891078,0.006027929448811726,0.04429740272148757,False
107293,threshold 0.3 + tolerance 15 + ensemble,True,0.9952512363891078,0.006027929448811726,0.04429740272148757,False
107295,"production (fish > 0.5, on dot)",False,,,,
107295,threshold 0.3,True,0.9905035336382405,0.011303282347766256,0.04278563268479181,False
107295,threshold 0.2,True,0.9905035336382405,0.011303282347766256,0.04278563268479181,False
107295,threshold 0.1,True,0.9905035336382405,0.011303282347766256,0.04278563268479181,False
107295,dot tolerance 15 px,False,,,,
107295,prompt ensemble (> 0.5),False,,,,
107295,threshold 0.3 + tolerance 15 + ensemble,True,0.9905035336382405,0.011303282347766256,0.04278563268479181,False
107297,"production (fish > 0.5, on dot)",False,,,,
107297,threshold 0.3,True,0.9968773532407801,0.015202463078997292,0.017609270010630246,False
107297,threshold 0.2,True,0.9968773532407801,0.015202463078997292,0.017609270010630246,False
107297,threshold 0.1,True,0.9968773532407801,0.015202463078997292,0.017609270010630246,False
107297,dot tolerance 15 px,False,,,,
107297,prompt ensemble (> 0.5),False,,,,
107297,threshold 0.3 + tolerance 15 + ensemble,True,0.9943288831598059,0.01395065350620204,0.021663472304045497,False
107298,"production (fish > 0.5, on dot)",False,,,,
107298,threshold 0.3,False,,,,
107298,threshold 0.2,False,,,,
107298,threshold 0.1,False,,,,
107298,dot tolerance 15 px,False,,,,
107298,prompt ensemble (> 0.5),False,,,,
107298,threshold 0.3 + tolerance 15 + ensemble,False,,,,
107300,"production (fish > 0.5, on dot)",True,,,,False
107300,threshold 0.3,True,,,,False
107300,threshold 0.2,True,,,,False
107300,threshold 0.1,True,,,,False
107300,dot tolerance 15 px,True,,,,False
107300,prompt ensemble (> 0.5),True,,,,False
107300,threshold 0.3 + tolerance 15 + ensemble,True,,,,False
107303,"production (fish > 0.5, on dot)",False,,,,
107303,threshold 0.3,False,,,,
107303,threshold 0.2,False,,,,
107303,threshold 0.1,False,,,,
107303,dot tolerance 15 px,False,,,,
107303,prompt ensemble (> 0.5),False,,,,
107303,threshold 0.3 + tolerance 15 + ensemble,False,,,,
107304,"production (fish > 0.5, on dot)",False,,,,
107304,threshold 0.3,False,,,,
107304,threshold 0.2,False,,,,
107304,threshold 0.1,False,,,,
107304,dot tolerance 15 px,False,,,,
107304,prompt ensemble (> 0.5),False,,,,
107304,threshold 0.3 + tolerance 15 + ensemble,False,,,,
107306,"production (fish > 0.5, on dot)",False,,,,
107306,threshold 0.3,False,,,,
107306,threshold 0.2,False,,,,
107306,threshold 0.1,True,0.4913184506003282,0.013697518357339065,0.525657845699962,False
107306,dot tolerance 15 px,False,,,,
107306,prompt ensemble (> 0.5),False,,,,
107306,threshold 0.3 + tolerance 15 + ensemble,False,,,,
107307,"production (fish > 0.5, on dot)",False,,,,
107307,threshold 0.3,False,,,,
107307,threshold 0.2,False,,,,
107307,threshold 0.1,False,,,,
107307,dot tolerance 15 px,False,,,,
107307,prompt ensemble (> 0.5),False,,,,
107307,threshold 0.3 + tolerance 15 + ensemble,False,,,,
107308,"production (fish > 0.5, on dot)",False,,,,
107308,threshold 0.3,False,,,,
107308,threshold 0.2,False,,,,
107308,threshold 0.1,False,,,,
107308,dot tolerance 15 px,False,,,,
107308,prompt ensemble (> 0.5),False,,,,
107308,threshold 0.3 + tolerance 15 + ensemble,False,,,,
107310,"production (fish > 0.5, on dot)",False,,,,
107310,threshold 0.3,False,,,,
107310,threshold 0.2,False,,,,
107310,threshold 0.1,False,,,,
107310,dot tolerance 15 px,False,,,,
107310,prompt ensemble (> 0.5),False,,,,
107310,threshold 0.3 + tolerance 15 + ensemble,False,,,,
107311,"production (fish > 0.5, on dot)",False,,,,
107311,threshold 0.3,False,,,,
107311,threshold 0.2,False,,,,
107311,threshold 0.1,True,0.5369986057998071,0.019644403215818083,0.49737426453406425,False
107311,dot tolerance 15 px,False,,,,
107311,prompt ensemble (> 0.5),False,,,,
107311,threshold 0.3 + tolerance 15 + ensemble,False,,,,
107312,"production (fish > 0.5, on dot)",False,,,,
107312,threshold 0.3,False,,,,
107312,threshold 0.2,False,,,,
107312,threshold 0.1,False,,,,
107312,dot tolerance 15 px,False,,,,
107312,prompt ensemble (> 0.5),False,,,,
107312,threshold 0.3 + tolerance 15 + ensemble,False,,,,
107314,"production (fish > 0.5, on dot)",True,0.7915807337894668,0.012739384817528602,0.2346656877305383,False
107314,threshold 0.3,True,0.7915807337894668,0.012739384817528602,0.2346656877305383,False
107314,threshold 0.2,True,0.7915807337894668,0.012739384817528602,0.2346656877305383,False
107314,threshold 0.1,True,0.7915807337894668,0.012739384817528602,0.2346656877305383,False
107314,dot tolerance 15 px,True,0.7915807337894668,0.012739384817528602,0.2346656877305383,False
107314,prompt ensemble (> 0.5),True,0.7898726115699585,0.012739384817528602,0.23703425479523688,False
107314,threshold 0.3 + tolerance 15 + ensemble,True,0.7898726115699585,0.012739384817528602,0.23703425479523688,False
107319,"production (fish > 0.5, on dot)",False,,,,
107319,threshold 0.3,False,,,,
107319,threshold 0.2,False,,,,
107319,threshold 0.1,True,,,,False
107319,dot tolerance 15 px,False,,,,
107319,prompt ensemble (> 0.5),False,,,,
107319,threshold 0.3 + tolerance 15 + ensemble,False,,,,
107320,"production (fish > 0.5, on dot)",False,,,,
107320,threshold 0.3,True,1.0391588535077525,0.03344602804760477,0.01656198915496695,False
107320,threshold 0.2,True,1.0391588535077525,0.03344602804760477,0.01656198915496695,False
107320,threshold 0.1,True,1.0391588535077525,0.03344602804760477,0.01656198915496695,False
107320,dot tolerance 15 px,False,,,,
107320,prompt ensemble (> 0.5),False,,,,
107320,threshold 0.3 + tolerance 15 + ensemble,True,1.0391588535077525,0.03344602804760477,0.01656198915496695,False
107324,"production (fish > 0.5, on dot)",False,,,,
107324,threshold 0.3,False,,,,
107324,threshold 0.2,False,,,,
107324,threshold 0.1,False,,,,
107324,dot tolerance 15 px,False,,,,
107324,prompt ensemble (> 0.5),False,,,,
107324,threshold 0.3 + tolerance 15 + ensemble,False,,,,
107326,"production (fish > 0.5, on dot)",False,,,,
107326,threshold 0.3,False,,,,
107326,threshold 0.2,False,,,,
107326,threshold 0.1,True,,,,False
107326,dot tolerance 15 px,False,,,,
107326,prompt ensemble (> 0.5),False,,,,
107326,threshold 0.3 + tolerance 15 + ensemble,False,,,,
107333,"production (fish > 0.5, on dot)",False,,,,
107333,threshold 0.3,False,,,,
107333,threshold 0.2,False,,,,
107333,threshold 0.1,False,,,,
107333,dot tolerance 15 px,False,,,,
107333,prompt ensemble (> 0.5),False,,,,
107333,threshold 0.3 + tolerance 15 + ensemble,False,,,,
107341,"production (fish > 0.5, on dot)",False,,,,
107341,threshold 0.3,False,,,,
107341,threshold 0.2,False,,,,
107341,threshold 0.1,False,,,,
107341,dot tolerance 15 px,False,,,,
107341,prompt ensemble (> 0.5),False,,,,
107341,threshold 0.3 + tolerance 15 + ensemble,False,,,,
107345,"production (fish > 0.5, on dot)",False,,,,
107345,threshold 0.3,False,,,,
107345,threshold 0.2,False,,,,
107345,threshold 0.1,False,,,,
107345,dot tolerance 15 px,False,,,,
107345,prompt ensemble (> 0.5),False,,,,
107345,threshold 0.3 + tolerance 15 + ensemble,False,,,,
107346,"production (fish > 0.5, on dot)",False,,,,
107346,threshold 0.3,False,,,,
107346,threshold 0.2,False,,,,
107346,threshold 0.1,False,,,,
107346,dot tolerance 15 px,False,,,,
107346,prompt ensemble (> 0.5),False,,,,
107346,threshold 0.3 + tolerance 15 + ensemble,False,,,,
107348,"production (fish > 0.5, on dot)",False,,,,
107348,threshold 0.3,False,,,,
107348,threshold 0.2,False,,,,
107348,threshold 0.1,False,,,,
107348,dot tolerance 15 px,False,,,,
107348,prompt ensemble (> 0.5),False,,,,
107348,threshold 0.3 + tolerance 15 + ensemble,False,,,,
107349,"production (fish > 0.5, on dot)",False,,,,
107349,threshold 0.3,False,,,,
107349,threshold 0.2,False,,,,
107349,threshold 0.1,False,,,,
107349,dot tolerance 15 px,False,,,,
107349,prompt ensemble (> 0.5),False,,,,
107349,threshold 0.3 + tolerance 15 + ensemble,False,,,,
107352,"production (fish > 0.5, on dot)",False,,,,
107352,threshold 0.3,False,,,,
107352,threshold 0.2,False,,,,
107352,threshold 0.1,False,,,,
107352,dot tolerance 15 px,False,,,,
107352,prompt ensemble (> 0.5),False,,,,
107352,threshold 0.3 + tolerance 15 + ensemble,False,,,,
107358,"production (fish > 0.5, on dot)",False,,,,
107358,threshold 0.3,False,,,,
107358,threshold 0.2,False,,,,
107358,threshold 0.1,False,,,,
107358,dot tolerance 15 px,False,,,,
107358,prompt ensemble (> 0.5),False,,,,
107358,threshold 0.3 + tolerance 15 + ensemble,False,,,,
107359,"production (fish > 0.5, on dot)",False,,,,
107359,threshold 0.3,False,,,,
107359,threshold 0.2,False,,,,
107359,threshold 0.1,False,,,,
107359,dot tolerance 15 px,False,,,,
107359,prompt ensemble (> 0.5),False,,,,
107359,threshold 0.3 + tolerance 15 + ensemble,False,,,,
107360,"production (fish > 0.5, on dot)",True,,,,False
107360,threshold 0.3,True,,,,False
107360,threshold 0.2,True,,,,False
107360,threshold 0.1,True,,,,False
107360,dot tolerance 15 px,True,,,,False
107360,prompt ensemble (> 0.5),True,,,,False
107360,threshold 0.3 + tolerance 15 + ensemble,True,,,,False
107364,"production (fish > 0.5, on dot)",False,,,,
107364,threshold 0.3,True,,,,False
107364,threshold 0.2,True,,,,False
107364,threshold 0.1,True,,,,False
107364,dot tolerance 15 px,False,,,,
107364,prompt ensemble (> 0.5),False,,,,
107364,threshold 0.3 + tolerance 15 + ensemble,True,,,,False
107365,"production (fish > 0.5, on dot)",False,,,,
107365,threshold 0.3,False,,,,
107365,threshold 0.2,False,,,,
107365,threshold 0.1,False,,,,
107365,dot tolerance 15 px,False,,,,
107365,prompt ensemble (> 0.5),False,,,,
107365,threshold 0.3 + tolerance 15 + ensemble,False,,,,
107366,"production (fish > 0.5, on dot)",False,,,,
107366,threshold 0.3,False,,,,
107366,threshold 0.2,False,,,,
107366,threshold 0.1,False,,,,
107366,dot tolerance 15 px,False,,,,
107366,prompt ensemble (> 0.5),False,,,,
107366,threshold 0.3 + tolerance 15 + ensemble,False,,,,
107367,"production (fish > 0.5, on dot)",True,1.1351257106775225,0.013864519814548755,0.18287084088656802,False
107367,threshold 0.3,True,1.1351257106775225,0.013864519814548755,0.18287084088656802,False
107367,threshold 0.2,True,1.1351257106775225,0.013864519814548755,0.18287084088656802,False
107367,threshold 0.1,True,1.1351257106775225,0.013864519814548755,0.18287084088656802,False
107367,dot tolerance 15 px,True,1.1351257106775225,0.013864519814548755,0.18287084088656802,False
107367,prompt ensemble (> 0.5),True,1.1351257106775225,0.013864519814548755,0.18287084088656802,False
107367,threshold 0.3 + tolerance 15 + ensemble,True,1.1351257106775225,0.013864519814548755,0.18287084088656802,False
107368,"production (fish > 0.5, on dot)",True,1.021484414127191,0.19368929841712565,0.1725592433997158,False
107368,threshold 0.3,True,1.021484414127191,0.19368929841712565,0.1725592433997158,False
107368,threshold 0.2,True,1.021484414127191,0.19368929841712565,0.1725592433997158,False
107368,threshold 0.1,True,1.021484414127191,0.19368929841712565,0.1725592433997158,False
107368,dot tolerance 15 px,True,1.021484414127191,0.19368929841712565,0.1725592433997158,False
107368,prompt ensemble (> 0.5),True,1.021484414127191,0.19368929841712565,0.1725592433997158,False
107368,threshold 0.3 + tolerance 15 + ensemble,True,1.021484414127191,0.19368929841712565,0.1725592433997158,False
107369,"production (fish > 0.5, on dot)",False,,,,
107369,threshold 0.3,False,,,,
107369,threshold 0.2,False,,,,
107369,threshold 0.1,False,,,,
107369,dot tolerance 15 px,False,,,,
107369,prompt ensemble (> 0.5),False,,,,
107369,threshold 0.3 + tolerance 15 + ensemble,False,,,,
107372,"production (fish > 0.5, on dot)",True,1.0944959585169685,0.20009449634021,0.0910568734171393,False
107372,threshold 0.3,True,1.0944959585169685,0.20009449634021,0.0910568734171393,False
107372,threshold 0.2,True,1.0944959585169685,0.20009449634021,0.0910568734171393,False
107372,threshold 0.1,True,1.0944959585169685,0.20009449634021,0.0910568734171393,False
107372,dot tolerance 15 px,True,1.0944959585169685,0.20009449634021,0.0910568734171393,False
107372,prompt ensemble (> 0.5),True,1.0944959585169685,0.20009449634021,0.0910568734171393,False
107372,threshold 0.3 + tolerance 15 + ensemble,True,1.0944959585169685,0.20009449634021,0.0910568734171393,False
107373,"production (fish > 0.5, on dot)",True,1.0541607103085635,0.008433595928850094,0.1100186449534774,False
107373,threshold 0.3,True,1.0541607103085635,0.008433595928850094,0.1100186449534774,False
107373,threshold 0.2,True,1.0541607103085635,0.008433595928850094,0.1100186449534774,False
107373,threshold 0.1,True,1.0541607103085635,0.008433595928850094,0.1100186449534774,False
107373,dot tolerance 15 px,True,1.0541607103085635,0.008433595928850094,0.1100186449534774,False
107373,prompt ensemble (> 0.5),True,1.0541607103085635,0.008433595928850094,0.1100186449534774,False
107373,threshold 0.3 + tolerance 15 + ensemble,True,1.0541607103085635,0.008433595928850094,0.1100186449534774,False
107374,"production (fish > 0.5, on dot)",True,0.9367601546382252,0.030898106023458514,0.05832102404020399,False
107374,threshold 0.3,True,0.9367601546382252,0.030898106023458514,0.05832102404020399,False
107374,threshold 0.2,True,0.9367601546382252,0.030898106023458514,0.05832102404020399,False
107374,threshold 0.1,True,0.9367601546382252,0.030898106023458514,0.05832102404020399,False
107374,dot tolerance 15 px,True,0.9367601546382252,0.030898106023458514,0.05832102404020399,False
107374,prompt ensemble (> 0.5),True,0.9367601546382252,0.030898106023458514,0.05832102404020399,False
107374,threshold 0.3 + tolerance 15 + ensemble,True,0.9367601546382252,0.030898106023458514,0.05832102404020399,False
107379,"production (fish > 0.5, on dot)",True,0.8632779120214794,0.012980653016195305,0.13735770331330438,False
107379,threshold 0.3,True,0.8632779120214794,0.012980653016195305,0.13735770331330438,False
107379,threshold 0.2,True,0.8632779120214794,0.012980653016195305,0.13735770331330438,False
107379,threshold 0.1,True,0.8632779120214794,0.012980653016195305,0.13735770331330438,False
107379,dot tolerance 15 px,True,0.8632779120214794,0.012980653016195305,0.13735770331330438,False
107379,prompt ensemble (> 0.5),True,0.8632779120214794,0.012980653016195305,0.13735770331330438,False
107379,threshold 0.3 + tolerance 15 + ensemble,True,0.8632779120214794,0.012980653016195305,0.13735770331330438,False
107381,"production (fish > 0.5, on dot)",True,0.9118084765973339,0.021494153456045512,0.11809655535783271,False
107381,threshold 0.3,True,0.9118084765973339,0.021494153456045512,0.11809655535783271,False
107381,threshold 0.2,True,0.9118084765973339,0.021494153456045512,0.11809655535783271,False
107381,threshold 0.1,True,0.9118084765973339,0.021494153456045512,0.11809655535783271,False
107381,dot tolerance 15 px,True,0.9118084765973339,0.021494153456045512,0.11809655535783271,False
107381,prompt ensemble (> 0.5),True,0.9118084765973339,0.021494153456045512,0.11809655535783271,False
107381,threshold 0.3 + tolerance 15 + ensemble,True,0.9118084765973339,0.021494153456045512,0.11809655535783271,False
107383,"production (fish > 0.5, on dot)",False,,,,
107383,threshold 0.3,False,,,,
107383,threshold 0.2,False,,,,
107383,threshold 0.1,False,,,,
107383,dot tolerance 15 px,False,,,,
107383,prompt ensemble (> 0.5),False,,,,
107383,threshold 0.3 + tolerance 15 + ensemble,False,,,,
107385,"production (fish > 0.5, on dot)",True,0.8523607198303391,0.030435880507971556,0.13037756477038606,False
107385,threshold 0.3,True,0.8523607198303391,0.030435880507971556,0.13037756477038606,False
107385,threshold 0.2,True,0.8523607198303391,0.030435880507971556,0.13037756477038606,False
107385,threshold 0.1,True,0.8523607198303391,0.030435880507971556,0.13037756477038606,False
107385,dot tolerance 15 px,True,0.8523607198303391,0.030435880507971556,0.13037756477038606,False
107385,prompt ensemble (> 0.5),True,0.8523607198303391,0.030435880507971556,0.13037756477038606,False
107385,threshold 0.3 + tolerance 15 + ensemble,True,0.8523607198303391,0.030435880507971556,0.13037756477038606,False
107390,"production (fish > 0.5, on dot)",True,1.1131280621774884,0.011606910533882294,0.16962541092206015,False
107390,threshold 0.3,True,1.1131280621774884,0.011606910533882294,0.16962541092206015,False
107390,threshold 0.2,True,1.1131280621774884,0.011606910533882294,0.16962541092206015,False
107390,threshold 0.1,True,1.1131280621774884,0.011606910533882294,0.16962541092206015,False
107390,dot tolerance 15 px,True,1.1131280621774884,0.011606910533882294,0.16962541092206015,False
107390,prompt ensemble (> 0.5),True,1.1131280621774884,0.011606910533882294,0.16962541092206015,False
107390,threshold 0.3 + tolerance 15 + ensemble,True,1.1131280621774884,0.011606910533882294,0.16962541092206015,False
107392,"production (fish > 0.5, on dot)",True,0.8885771249515705,0.04552631759885614,0.07519521204797383,False
107392,threshold 0.3,True,0.8885771249515705,0.04552631759885614,0.07519521204797383,False
107392,threshold 0.2,True,0.8885771249515705,0.04552631759885614,0.07519521204797383,False
107392,threshold 0.1,True,0.8885771249515705,0.04552631759885614,0.07519521204797383,False
107392,dot tolerance 15 px,True,0.8885771249515705,0.04552631759885614,0.07519521204797383,False
107392,prompt ensemble (> 0.5),True,0.8885771249515705,0.04552631759885614,0.07519521204797383,False
107392,threshold 0.3 + tolerance 15 + ensemble,True,0.8885771249515705,0.04552631759885614,0.07519521204797383,False
107397,"production (fish > 0.5, on dot)",True,1.1299616711153389,0.2532268212471468,0.12135982187790408,False
107397,threshold 0.3,True,1.1299616711153389,0.2532268212471468,0.12135982187790408,False
107397,threshold 0.2,True,1.1299616711153389,0.2532268212471468,0.12135982187790408,False
107397,threshold 0.1,True,1.1299616711153389,0.2532268212471468,0.12135982187790408,False
107397,dot tolerance 15 px,True,1.1299616711153389,0.2532268212471468,0.12135982187790408,False
107397,prompt ensemble (> 0.5),True,1.1299616711153389,0.2532268212471468,0.12135982187790408,False
107397,threshold 0.3 + tolerance 15 + ensemble,True,1.1299616711153389,0.2532268212471468,0.12135982187790408,False
107400,"production (fish > 0.5, on dot)",True,0.9430638577506949,0.025212927290859416,0.05688393483994817,False
107400,threshold 0.3,True,0.9430638577506949,0.025212927290859416,0.05688393483994817,False
107400,threshold 0.2,True,0.9430638577506949,0.025212927290859416,0.05688393483994817,False
107400,threshold 0.1,True,0.9430638577506949,0.025212927290859416,0.05688393483994817,False
107400,dot tolerance 15 px,True,0.9430638577506949,0.025212927290859416,0.05688393483994817,False
107400,prompt ensemble (> 0.5),True,0.9430638577506949,0.025212927290859416,0.05688393483994817,False
107400,threshold 0.3 + tolerance 15 + ensemble,True,0.9430638577506949,0.025212927290859416,0.05688393483994817,False
107401,"production (fish > 0.5, on dot)",True,0.8671287433864974,0.15043824924854252,0.1585878982174277,False
107401,threshold 0.3,True,0.8671287433864974,0.15043824924854252,0.1585878982174277,False
107401,threshold 0.2,True,0.8671287433864974,0.15043824924854252,0.1585878982174277,False
107401,threshold 0.1,True,0.8671287433864974,0.15043824924854252,0.1585878982174277,False
107401,dot tolerance 15 px,True,0.8671287433864974,0.15043824924854252,0.1585878982174277,False
107401,prompt ensemble (> 0.5),True,0.8671287433864974,0.15043824924854252,0.1585878982174277,False
107401,threshold 0.3 + tolerance 15 + ensemble,True,0.8671287433864974,0.15043824924854252,0.1585878982174277,False
107408,"production (fish > 0.5, on dot)",True,1.1239358614824038,0.020447576841665666,0.20833831917072732,False
107408,threshold 0.3,True,1.1239358614824038,0.020447576841665666,0.20833831917072732,False
107408,threshold 0.2,True,1.1239358614824038,0.020447576841665666,0.20833831917072732,False
107408,threshold 0.1,True,1.1239358614824038,0.020447576841665666,0.20833831917072732,False
107408,dot tolerance 15 px,True,1.1239358614824038,0.020447576841665666,0.20833831917072732,False
107408,prompt ensemble (> 0.5),True,1.1239358614824038,0.020447576841665666,0.20833831917072732,False
107408,threshold 0.3 + tolerance 15 + ensemble,True,1.1239358614824038,0.020447576841665666,0.20833831917072732,False
107410,"production (fish > 0.5, on dot)",False,,,,
107410,threshold 0.3,True,,,,False
107410,threshold 0.2,True,,,,False
107410,threshold 0.1,True,,,,False
107410,dot tolerance 15 px,False,,,,
107410,prompt ensemble (> 0.5),False,,,,
107410,threshold 0.3 + tolerance 15 + ensemble,True,,,,False
107411,"production (fish > 0.5, on dot)",False,,,,
107411,threshold 0.3,False,,,,
107411,threshold 0.2,False,,,,
107411,threshold 0.1,True,,,,False
107411,dot tolerance 15 px,False,,,,
107411,prompt ensemble (> 0.5),False,,,,
107411,threshold 0.3 + tolerance 15 + ensemble,False,,,,
107412,"production (fish > 0.5, on dot)",False,,,,
107412,threshold 0.3,False,,,,
107412,threshold 0.2,False,,,,
107412,threshold 0.1,False,,,,
107412,dot tolerance 15 px,False,,,,
107412,prompt ensemble (> 0.5),False,,,,
107412,threshold 0.3 + tolerance 15 + ensemble,False,,,,
107415,"production (fish > 0.5, on dot)",False,,,,
107415,threshold 0.3,False,,,,
107415,threshold 0.2,False,,,,
107415,threshold 0.1,True,,,,False
107415,dot tolerance 15 px,False,,,,
107415,prompt ensemble (> 0.5),False,,,,
107415,threshold 0.3 + tolerance 15 + ensemble,False,,,,
107416,"production (fish > 0.5, on dot)",True,0.8220694166967317,0.292665647957395,0.0172589025671214,False
107416,threshold 0.3,True,0.8220694166967317,0.292665647957395,0.0172589025671214,False
107416,threshold 0.2,True,0.8220694166967317,0.292665647957395,0.0172589025671214,False
107416,threshold 0.1,True,0.8220694166967317,0.292665647957395,0.0172589025671214,False
107416,dot tolerance 15 px,True,0.8220694166967317,0.292665647957395,0.0172589025671214,False
107416,prompt ensemble (> 0.5),True,0.8220694166967317,0.292665647957395,0.0172589025671214,False
107416,threshold 0.3 + tolerance 15 + ensemble,True,0.8220694166967317,0.292665647957395,0.0172589025671214,False
107424,"production (fish > 0.5, on dot)",False,,,,
107424,threshold 0.3,False,,,,
107424,threshold 0.2,False,,,,
107424,threshold 0.1,False,,,,
107424,dot tolerance 15 px,False,,,,
107424,prompt ensemble (> 0.5),False,,,,
107424,threshold 0.3 + tolerance 15 + ensemble,False,,,,
107425,"production (fish > 0.5, on dot)",False,,,,
107425,threshold 0.3,False,,,,
107425,threshold 0.2,False,,,,
107425,threshold 0.1,False,,,,
107425,dot tolerance 15 px,False,,,,
107425,prompt ensemble (> 0.5),False,,,,
107425,threshold 0.3 + tolerance 15 + ensemble,False,,,,
107428,"production (fish > 0.5, on dot)",False,,,,
107428,threshold 0.3,False,,,,
107428,threshold 0.2,False,,,,
107428,threshold 0.1,False,,,,
107428,dot tolerance 15 px,False,,,,
107428,prompt ensemble (> 0.5),False,,,,
107428,threshold 0.3 + tolerance 15 + ensemble,False,,,,
107429,"production (fish > 0.5, on dot)",False,,,,
107429,threshold 0.3,False,,,,
107429,threshold 0.2,False,,,,
107429,threshold 0.1,False,,,,
107429,dot tolerance 15 px,False,,,,
107429,prompt ensemble (> 0.5),False,,,,
107429,threshold 0.3 + tolerance 15 + ensemble,False,,,,
107430,"production (fish > 0.5, on dot)",False,,,,
107430,threshold 0.3,False,,,,
107430,threshold 0.2,False,,,,
107430,threshold 0.1,False,,,,
107430,dot tolerance 15 px,False,,,,
107430,prompt ensemble (> 0.5),False,,,,
107430,threshold 0.3 + tolerance 15 + ensemble,False,,,,
107432,"production (fish > 0.5, on dot)",False,,,,
107432,threshold 0.3,False,,,,
107432,threshold 0.2,False,,,,
107432,threshold 0.1,False,,,,
107432,dot tolerance 15 px,False,,,,
107432,prompt ensemble (> 0.5),False,,,,
107432,threshold 0.3 + tolerance 15 + ensemble,False,,,,
107433,"production (fish > 0.5, on dot)",False,,,,
107433,threshold 0.3,False,,,,
107433,threshold 0.2,False,,,,
107433,threshold 0.1,False,,,,
107433,dot tolerance 15 px,False,,,,
107433,prompt ensemble (> 0.5),False,,,,
107433,threshold 0.3 + tolerance 15 + ensemble,False,,,,
107434,"production (fish > 0.5, on dot)",False,,,,
107434,threshold 0.3,False,,,,
107434,threshold 0.2,False,,,,
107434,threshold 0.1,False,,,,
107434,dot tolerance 15 px,False,,,,
107434,prompt ensemble (> 0.5),False,,,,
107434,threshold 0.3 + tolerance 15 + ensemble,False,,,,
107437,"production (fish > 0.5, on dot)",False,,,,
107437,threshold 0.3,False,,,,
107437,threshold 0.2,False,,,,
107437,threshold 0.1,True,,,,False
107437,dot tolerance 15 px,False,,,,
107437,prompt ensemble (> 0.5),False,,,,
107437,threshold 0.3 + tolerance 15 + ensemble,False,,,,
108150,"production (fish > 0.5, on dot)",True,1.0091124553943196,0.0134241646364358,0.05739386632444012,False
108150,threshold 0.3,True,1.0091124553943196,0.0134241646364358,0.05739386632444012,False
108150,threshold 0.2,True,1.0091124553943196,0.0134241646364358,0.05739386632444012,False
108150,threshold 0.1,True,1.0091124553943196,0.0134241646364358,0.05739386632444012,False
108150,dot tolerance 15 px,True,1.0091124553943196,0.0134241646364358,0.05739386632444012,False
108150,prompt ensemble (> 0.5),True,1.0091124553943196,0.0134241646364358,0.05739386632444012,False
108150,threshold 0.3 + tolerance 15 + ensemble,True,1.0091124553943196,0.0134241646364358,0.05739386632444012,False
108152,"production (fish > 0.5, on dot)",False,,,,
108152,threshold 0.3,False,,,,
108152,threshold 0.2,False,,,,
108152,threshold 0.1,False,,,,
108152,dot tolerance 15 px,False,,,,
108152,prompt ensemble (> 0.5),False,,,,
108152,threshold 0.3 + tolerance 15 + ensemble,False,,,,
108156,"production (fish > 0.5, on dot)",False,,,,
108156,threshold 0.3,False,,,,
108156,threshold 0.2,False,,,,
108156,threshold 0.1,False,,,,
108156,dot tolerance 15 px,False,,,,
108156,prompt ensemble (> 0.5),False,,,,
108156,threshold 0.3 + tolerance 15 + ensemble,False,,,,
108159,"production (fish > 0.5, on dot)",False,,,,
108159,threshold 0.3,False,,,,
108159,threshold 0.2,False,,,,
108159,threshold 0.1,False,,,,
108159,dot tolerance 15 px,False,,,,
108159,prompt ensemble (> 0.5),False,,,,
108159,threshold 0.3 + tolerance 15 + ensemble,False,,,,
108160,"production (fish > 0.5, on dot)",False,,,,
108160,threshold 0.3,False,,,,
108160,threshold 0.2,False,,,,
108160,threshold 0.1,False,,,,
108160,dot tolerance 15 px,False,,,,
108160,prompt ensemble (> 0.5),False,,,,
108160,threshold 0.3 + tolerance 15 + ensemble,False,,,,
108164,"production (fish > 0.5, on dot)",False,,,,
108164,threshold 0.3,False,,,,
108164,threshold 0.2,False,,,,
108164,threshold 0.1,True,0.9187028653015987,0.03607235493198906,0.04672346403091182,False
108164,dot tolerance 15 px,False,,,,
108164,prompt ensemble (> 0.5),False,,,,
108164,threshold 0.3 + tolerance 15 + ensemble,False,,,,
108167,"production (fish > 0.5, on dot)",False,,,,
108167,threshold 0.3,False,,,,
108167,threshold 0.2,False,,,,
108167,threshold 0.1,True,,,,False
108167,dot tolerance 15 px,False,,,,
108167,prompt ensemble (> 0.5),False,,,,
108167,threshold 0.3 + tolerance 15 + ensemble,False,,,,
108171,"production (fish > 0.5, on dot)",False,,,,
108171,threshold 0.3,True,1.0385550370151797,0.013512351648661275,0.0478909843059273,False
108171,threshold 0.2,True,1.0385550370151797,0.013512351648661275,0.0478909843059273,False
108171,threshold 0.1,True,1.0385550370151797,0.013512351648661275,0.0478909843059273,False
108171,dot tolerance 15 px,False,,,,
108171,prompt ensemble (> 0.5),False,,,,
108171,threshold 0.3 + tolerance 15 + ensemble,True,1.0385550370151797,0.013512351648661275,0.0478909843059273,False
108172,"production (fish > 0.5, on dot)",False,,,,
108172,threshold 0.3,True,1.0709427218758647,0.07292519255266401,0.03525712871729583,False
108172,threshold 0.2,True,1.0709427218758647,0.07292519255266401,0.03525712871729583,False
108172,threshold 0.1,True,1.0709427218758647,0.07292519255266401,0.03525712871729583,False
108172,dot tolerance 15 px,False,,,,
108172,prompt ensemble (> 0.5),False,,,,
108172,threshold 0.3 + tolerance 15 + ensemble,True,1.0709427218758647,0.07292519255266401,0.03525712871729583,False
108174,"production (fish > 0.5, on dot)",False,,,,
108174,threshold 0.3,False,,,,
108174,threshold 0.2,False,,,,
108174,threshold 0.1,False,,,,
108174,dot tolerance 15 px,False,,,,
108174,prompt ensemble (> 0.5),False,,,,
108174,threshold 0.3 + tolerance 15 + ensemble,False,,,,
108177,"production (fish > 0.5, on dot)",False,,,,
108177,threshold 0.3,True,0.9453934380468516,0.028326424945019857,0.05000543530173805,False
108177,threshold 0.2,True,0.9453934380468516,0.028326424945019857,0.05000543530173805,False
108177,threshold 0.1,True,0.9453934380468516,0.028326424945019857,0.05000543530173805,False
108177,dot tolerance 15 px,False,,,,
108177,prompt ensemble (> 0.5),False,,,,
108177,threshold 0.3 + tolerance 15 + ensemble,True,0.9453934380468516,0.028326424945019857,0.05000543530173805,False
108178,"production (fish > 0.5, on dot)",False,,,,
108178,threshold 0.3,False,,,,
108178,threshold 0.2,False,,,,
108178,threshold 0.1,False,,,,
108178,dot tolerance 15 px,False,,,,
108178,prompt ensemble (> 0.5),False,,,,
108178,threshold 0.3 + tolerance 15 + ensemble,False,,,,
108181,"production (fish > 0.5, on dot)",False,,,,
108181,threshold 0.3,False,,,,
108181,threshold 0.2,False,,,,
108181,threshold 0.1,False,,,,
108181,dot tolerance 15 px,False,,,,
108181,prompt ensemble (> 0.5),False,,,,
108181,threshold 0.3 + tolerance 15 + ensemble,False,,,,
108183,"production (fish > 0.5, on dot)",False,,,,
108183,threshold 0.3,False,,,,
108183,threshold 0.2,False,,,,
108183,threshold 0.1,False,,,,
108183,dot tolerance 15 px,False,,,,
108183,prompt ensemble (> 0.5),False,,,,
108183,threshold 0.3 + tolerance 15 + ensemble,False,,,,
108185,"production (fish > 0.5, on dot)",False,,,,
108185,threshold 0.3,False,,,,
108185,threshold 0.2,False,,,,
108185,threshold 0.1,False,,,,
108185,dot tolerance 15 px,False,,,,
108185,prompt ensemble (> 0.5),False,,,,
108185,threshold 0.3 + tolerance 15 + ensemble,False,,,,
108187,"production (fish > 0.5, on dot)",False,,,,
108187,threshold 0.3,False,,,,
108187,threshold 0.2,False,,,,
108187,threshold 0.1,True,1.0422864839820796,0.5333110333447196,0.6430169517748896,False
108187,dot tolerance 15 px,False,,,,
108187,prompt ensemble (> 0.5),False,,,,
108187,threshold 0.3 + tolerance 15 + ensemble,False,,,,
108189,"production (fish > 0.5, on dot)",False,,,,
108189,threshold 0.3,False,,,,
108189,threshold 0.2,False,,,,
108189,threshold 0.1,False,,,,
108189,dot tolerance 15 px,False,,,,
108189,prompt ensemble (> 0.5),False,,,,
108189,threshold 0.3 + tolerance 15 + ensemble,False,,,,
108190,"production (fish > 0.5, on dot)",False,,,,
108190,threshold 0.3,False,,,,
108190,threshold 0.2,False,,,,
108190,threshold 0.1,False,,,,
108190,dot tolerance 15 px,False,,,,
108190,prompt ensemble (> 0.5),False,,,,
108190,threshold 0.3 + tolerance 15 + ensemble,False,,,,
108193,"production (fish > 0.5, on dot)",False,,,,
108193,threshold 0.3,False,,,,
108193,threshold 0.2,False,,,,
108193,threshold 0.1,False,,,,
108193,dot tolerance 15 px,False,,,,
108193,prompt ensemble (> 0.5),False,,,,
108193,threshold 0.3 + tolerance 15 + ensemble,False,,,,
108195,"production (fish > 0.5, on dot)",False,,,,
108195,threshold 0.3,False,,,,
108195,threshold 0.2,False,,,,
108195,threshold 0.1,False,,,,
108195,dot tolerance 15 px,False,,,,
108195,prompt ensemble (> 0.5),False,,,,
108195,threshold 0.3 + tolerance 15 + ensemble,False,,,,
108197,"production (fish > 0.5, on dot)",False,,,,
108197,threshold 0.3,False,,,,
108197,threshold 0.2,False,,,,
108197,threshold 0.1,False,,,,
108197,dot tolerance 15 px,False,,,,
108197,prompt ensemble (> 0.5),False,,,,
108197,threshold 0.3 + tolerance 15 + ensemble,False,,,,
108198,"production (fish > 0.5, on dot)",False,,,,
108198,threshold 0.3,False,,,,
108198,threshold 0.2,False,,,,
108198,threshold 0.1,False,,,,
108198,dot tolerance 15 px,False,,,,
108198,prompt ensemble (> 0.5),False,,,,
108198,threshold 0.3 + tolerance 15 + ensemble,False,,,,
108199,"production (fish > 0.5, on dot)",False,,,,
108199,threshold 0.3,False,,,,
108199,threshold 0.2,False,,,,
108199,threshold 0.1,False,,,,
108199,dot tolerance 15 px,False,,,,
108199,prompt ensemble (> 0.5),False,,,,
108199,threshold 0.3 + tolerance 15 + ensemble,False,,,,
108258,"production (fish > 0.5, on dot)",True,1.194384878605607,0.013848565302674466,0.2024521442767829,False
108258,threshold 0.3,True,1.194384878605607,0.013848565302674466,0.2024521442767829,False
108258,threshold 0.2,True,1.194384878605607,0.013848565302674466,0.2024521442767829,False
108258,threshold 0.1,True,1.194384878605607,0.013848565302674466,0.2024521442767829,False
108258,dot tolerance 15 px,True,1.194384878605607,0.013848565302674466,0.2024521442767829,False
108258,prompt ensemble (> 0.5),True,1.194384878605607,0.013848565302674466,0.2024521442767829,False
108258,threshold 0.3 + tolerance 15 + ensemble,True,1.194384878605607,0.013848565302674466,0.2024521442767829,False
108259,"production (fish > 0.5, on dot)",True,1.2173412937994446,0.004260138113311629,0.2605432978307841,False
108259,threshold 0.3,True,1.2173412937994446,0.004260138113311629,0.2605432978307841,False
108259,threshold 0.2,True,1.2173412937994446,0.004260138113311629,0.2605432978307841,False
108259,threshold 0.1,True,1.2173412937994446,0.004260138113311629,0.2605432978307841,False
108259,dot tolerance 15 px,True,1.2173412937994446,0.004260138113311629,0.2605432978307841,False
108259,prompt ensemble (> 0.5),True,1.2121877313247615,0.004260138113311629,0.25536154653797305,False
108259,threshold 0.3 + tolerance 15 + ensemble,True,1.2121877313247615,0.004260138113311629,0.25536154653797305,False
108260,"production (fish > 0.5, on dot)",True,1.1799774983659563,0.031134994448483517,0.22340816122528828,False
108260,threshold 0.3,True,1.1799774983659563,0.031134994448483517,0.22340816122528828,False
108260,threshold 0.2,True,1.1799774983659563,0.031134994448483517,0.22340816122528828,False
108260,threshold 0.1,True,1.1799774983659563,0.031134994448483517,0.22340816122528828,False
108260,dot tolerance 15 px,True,1.1799774983659563,0.031134994448483517,0.22340816122528828,False
108260,prompt ensemble (> 0.5),True,1.1799774983659563,0.031134994448483517,0.22340816122528828,False
108260,threshold 0.3 + tolerance 15 + ensemble,True,1.1799774983659563,0.031134994448483517,0.22340816122528828,False
108261,"production (fish > 0.5, on dot)",True,1.224863101036134,0.018260974992183026,0.2307582265030197,False
108261,threshold 0.3,True,1.224863101036134,0.018260974992183026,0.2307582265030197,False
108261,threshold 0.2,True,1.224863101036134,0.018260974992183026,0.2307582265030197,False
108261,threshold 0.1,True,1.224863101036134,0.018260974992183026,0.2307582265030197,False
108261,dot tolerance 15 px,True,1.224863101036134,0.018260974992183026,0.2307582265030197,False
108261,prompt ensemble (> 0.5),True,1.2200531244226733,0.02113853910635089,0.22831397527122038,False
108261,threshold 0.3 + tolerance 15 + ensemble,True,1.2200531244226733,0.02113853910635089,0.22831397527122038,False
108264,"production (fish > 0.5, on dot)",True,1.1595702615210257,0.011219843626089406,0.17235107702771163,False
108264,threshold 0.3,True,1.1595702615210257,0.011219843626089406,0.17235107702771163,False
108264,threshold 0.2,True,1.1595702615210257,0.011219843626089406,0.17235107702771163,False
108264,threshold 0.1,True,1.1595702615210257,0.011219843626089406,0.17235107702771163,False
108264,dot tolerance 15 px,True,1.1595702615210257,0.011219843626089406,0.17235107702771163,False
108264,prompt ensemble (> 0.5),True,1.1595702615210257,0.011219843626089406,0.17235107702771163,False
108264,threshold 0.3 + tolerance 15 + ensemble,True,1.1595702615210257,0.011219843626089406,0.17235107702771163,False
108266,"production (fish > 0.5, on dot)",True,1.1233492455095324,0.03173226694291411,0.18762560840296819,False
108266,threshold 0.3,True,1.1233492455095324,0.03173226694291411,0.18762560840296819,False
108266,threshold 0.2,True,1.1233492455095324,0.03173226694291411,0.18762560840296819,False
108266,threshold 0.1,True,1.1233492455095324,0.03173226694291411,0.18762560840296819,False
108266,dot tolerance 15 px,True,1.1233492455095324,0.03173226694291411,0.18762560840296819,False
108266,prompt ensemble (> 0.5),True,1.1233492455095324,0.03173226694291411,0.18762560840296819,False
108266,threshold 0.3 + tolerance 15 + ensemble,True,1.1233492455095324,0.03173226694291411,0.18762560840296819,False
108269,"production (fish > 0.5, on dot)",True,,,,False
108269,threshold 0.3,True,,,,False
108269,threshold 0.2,True,,,,False
108269,threshold 0.1,True,,,,False
108269,dot tolerance 15 px,True,,,,False
108269,prompt ensemble (> 0.5),True,,,,False
108269,threshold 0.3 + tolerance 15 + ensemble,True,,,,False
108270,"production (fish > 0.5, on dot)",True,1.051816185862021,0.024277036639288957,0.12646248661965384,False
108270,threshold 0.3,True,1.051816185862021,0.024277036639288957,0.12646248661965384,False
108270,threshold 0.2,True,1.051816185862021,0.024277036639288957,0.12646248661965384,False
108270,threshold 0.1,True,1.051816185862021,0.024277036639288957,0.12646248661965384,False
108270,dot tolerance 15 px,True,1.051816185862021,0.024277036639288957,0.12646248661965384,False
108270,prompt ensemble (> 0.5),True,1.0494133900049603,0.02803285770456503,0.1241030029511877,False
108270,threshold 0.3 + tolerance 15 + ensemble,True,1.0494133900049603,0.02803285770456503,0.1241030029511877,False
108271,"production (fish > 0.5, on dot)",True,1.1011693671083673,0.009753933034973855,0.15636271571924135,False
108271,threshold 0.3,True,1.1011693671083673,0.009753933034973855,0.15636271571924135,False
108271,threshold 0.2,True,1.1011693671083673,0.009753933034973855,0.15636271571924135,False
108271,threshold 0.1,True,1.1011693671083673,0.009753933034973855,0.15636271571924135,False
108271,dot tolerance 15 px,True,1.1011693671083673,0.009753933034973855,0.15636271571924135,False
108271,prompt ensemble (> 0.5),True,1.1011693671083673,0.009753933034973855,0.15636271571924135,False
108271,threshold 0.3 + tolerance 15 + ensemble,True,1.1011693671083673,0.009753933034973855,0.15636271571924135,False
108273,"production (fish > 0.5, on dot)",True,1.1160102968828056,0.024656140201047023,0.18034046457952768,False
108273,threshold 0.3,True,1.1160102968828056,0.024656140201047023,0.18034046457952768,False
108273,threshold 0.2,True,1.1160102968828056,0.024656140201047023,0.18034046457952768,False
108273,threshold 0.1,True,1.1160102968828056,0.024656140201047023,0.18034046457952768,False
108273,dot tolerance 15 px,True,1.1160102968828056,0.024656140201047023,0.18034046457952768,False
108273,prompt ensemble (> 0.5),True,1.1092740814049393,0.027437059177619714,0.1738399940519535,False
108273,threshold 0.3 + tolerance 15 + ensemble,True,1.1092740814049393,0.027437059177619714,0.1738399940519535,False
108276,"production (fish > 0.5, on dot)",True,1.113325178632367,0.003669706350038336,0.1719076476879478,False
108276,threshold 0.3,True,1.113325178632367,0.003669706350038336,0.1719076476879478,False
108276,threshold 0.2,True,1.113325178632367,0.003669706350038336,0.1719076476879478,False
108276,threshold 0.1,True,1.113325178632367,0.003669706350038336,0.1719076476879478,False
108276,dot tolerance 15 px,True,1.113325178632367,0.003669706350038336,0.1719076476879478,False
108276,prompt ensemble (> 0.5),True,1.113325178632367,0.003669706350038336,0.1719076476879478,False
108276,threshold 0.3 + tolerance 15 + ensemble,True,1.113325178632367,0.003669706350038336,0.1719076476879478,False
108280,"production (fish > 0.5, on dot)",True,1.107141721185961,0.0037667575553173506,0.16841089823077812,False
108280,threshold 0.3,True,1.107141721185961,0.0037667575553173506,0.16841089823077812,False
108280,threshold 0.2,True,1.107141721185961,0.0037667575553173506,0.16841089823077812,False
108280,threshold 0.1,True,1.107141721185961,0.0037667575553173506,0.16841089823077812,False
108280,dot tolerance 15 px,True,1.107141721185961,0.0037667575553173506,0.16841089823077812,False
108280,prompt ensemble (> 0.5),True,1.107141721185961,0.0037667575553173506,0.16841089823077812,False
108280,threshold 0.3 + tolerance 15 + ensemble,True,1.107141721185961,0.0037667575553173506,0.16841089823077812,False
108282,"production (fish > 0.5, on dot)",True,0.9910161264817174,0.007762419178992443,0.01123076301272787,False
108282,threshold 0.3,True,0.9910161264817174,0.007762419178992443,0.01123076301272787,False
108282,threshold 0.2,True,0.9910161264817174,0.007762419178992443,0.01123076301272787,False
108282,threshold 0.1,True,0.9910161264817174,0.007762419178992443,0.01123076301272787,False
108282,dot tolerance 15 px,True,0.9910161264817174,0.007762419178992443,0.01123076301272787,False
108282,prompt ensemble (> 0.5),True,0.9910161264817174,0.007762419178992443,0.01123076301272787,False
108282,threshold 0.3 + tolerance 15 + ensemble,True,0.9910161264817174,0.007762419178992443,0.01123076301272787,False
108283,"production (fish > 0.5, on dot)",True,0.9848087338197783,0.007451218691601712,0.010363695962646786,False
108283,threshold 0.3,True,0.9848087338197783,0.007451218691601712,0.010363695962646786,False
108283,threshold 0.2,True,0.9848087338197783,0.007451218691601712,0.010363695962646786,False
108283,threshold 0.1,True,0.9848087338197783,0.007451218691601712,0.010363695962646786,False
108283,dot tolerance 15 px,True,0.9848087338197783,0.007451218691601712,0.010363695962646786,False
108283,prompt ensemble (> 0.5),True,0.9848087338197783,0.007451218691601712,0.010363695962646786,False
108283,threshold 0.3 + tolerance 15 + ensemble,True,0.9848087338197783,0.007451218691601712,0.010363695962646786,False
108286,"production (fish > 0.5, on dot)",True,1.1213866537384558,0.004149682162019715,0.18082163901541748,False
108286,threshold 0.3,True,1.1213866537384558,0.004149682162019715,0.18082163901541748,False
108286,threshold 0.2,True,1.1213866537384558,0.004149682162019715,0.18082163901541748,False
108286,threshold 0.1,True,1.1213866537384558,0.004149682162019715,0.18082163901541748,False
108286,dot tolerance 15 px,True,1.1213866537384558,0.004149682162019715,0.18082163901541748,False
108286,prompt ensemble (> 0.5),True,1.1213866537384558,0.004149682162019715,0.18082163901541748,False
108286,threshold 0.3 + tolerance 15 + ensemble,True,1.1213866537384558,0.004149682162019715,0.18082163901541748,False
108288,"production (fish > 0.5, on dot)",True,1.0014679824999337,0.0037256720615015367,0.003100174067832271,False
108288,threshold 0.3,True,1.0014679824999337,0.0037256720615015367,0.003100174067832271,False
108288,threshold 0.2,True,1.0014679824999337,0.0037256720615015367,0.003100174067832271,False
108288,threshold 0.1,True,1.0014679824999337,0.0037256720615015367,0.003100174067832271,False
108288,dot tolerance 15 px,True,1.0014679824999337,0.0037256720615015367,0.003100174067832271,False
108288,prompt ensemble (> 0.5),True,1.0014679824999337,0.0037256720615015367,0.003100174067832271,False
108288,threshold 0.3 + tolerance 15 + ensemble,True,1.0014679824999337,0.0037256720615015367,0.003100174067832271,False
108291,"production (fish > 0.5, on dot)",True,0.9952136689042316,0.010312781240460851,0.007458717347392053,False
108291,threshold 0.3,True,0.9952136689042316,0.010312781240460851,0.007458717347392053,False
108291,threshold 0.2,True,0.9952136689042316,0.010312781240460851,0.007458717347392053,False
108291,threshold 0.1,True,0.9952136689042316,0.010312781240460851,0.007458717347392053,False
108291,dot tolerance 15 px,True,0.9952136689042316,0.010312781240460851,0.007458717347392053,False
108291,prompt ensemble (> 0.5),True,0.9952136689042316,0.010312781240460851,0.007458717347392053,False
108291,threshold 0.3 + tolerance 15 + ensemble,True,0.9952136689042316,0.010312781240460851,0.007458717347392053,False
108292,"production (fish > 0.5, on dot)",True,0.9884066648203871,0.005286585758111259,0.011988449717860733,False
108292,threshold 0.3,True,0.9884066648203871,0.005286585758111259,0.011988449717860733,False
108292,threshold 0.2,True,0.9884066648203871,0.005286585758111259,0.011988449717860733,False
108292,threshold 0.1,True,0.9884066648203871,0.005286585758111259,0.011988449717860733,False
108292,dot tolerance 15 px,True,0.9884066648203871,0.005286585758111259,0.011988449717860733,False
108292,prompt ensemble (> 0.5),True,0.9884066648203871,0.005286585758111259,0.011988449717860733,False
108292,threshold 0.3 + tolerance 15 + ensemble,True,0.9884066648203871,0.005286585758111259,0.011988449717860733,False
108293,"production (fish > 0.5, on dot)",True,0.9770439778335458,0.027788061852109712,0.0023739727126153103,False
108293,threshold 0.3,True,0.9770439778335458,0.027788061852109712,0.0023739727126153103,False
108293,threshold 0.2,True,0.9770439778335458,0.027788061852109712,0.0023739727126153103,False
108293,threshold 0.1,True,0.9770439778335458,0.027788061852109712,0.0023739727126153103,False
108293,dot tolerance 15 px,True,0.9770439778335458,0.027788061852109712,0.0023739727126153103,False
108293,prompt ensemble (> 0.5),True,0.9770439778335458,0.027788061852109712,0.0023739727126153103,False
108293,threshold 0.3 + tolerance 15 + ensemble,True,0.9770439778335458,0.027788061852109712,0.0023739727126153103,False
108294,"production (fish > 0.5, on dot)",True,1.1072614146901083,0.007518147968032029,0.16114931135110958,False
108294,threshold 0.3,True,1.1072614146901083,0.007518147968032029,0.16114931135110958,False
108294,threshold 0.2,True,1.1072614146901083,0.007518147968032029,0.16114931135110958,False
108294,threshold 0.1,True,1.1072614146901083,0.007518147968032029,0.16114931135110958,False
108294,dot tolerance 15 px,True,1.1072614146901083,0.007518147968032029,0.16114931135110958,False
108294,prompt ensemble (> 0.5),True,1.1072614146901083,0.007518147968032029,0.16114931135110958,False
108294,threshold 0.3 + tolerance 15 + ensemble,True,1.1072614146901083,0.007518147968032029,0.16114931135110958,False
108300,"production (fish > 0.5, on dot)",True,1.0198263000302508,0.030029110835231587,0.005480009341955041,False
108300,threshold 0.3,True,1.0198263000302508,0.030029110835231587,0.005480009341955041,False
108300,threshold 0.2,True,1.0198263000302508,0.030029110835231587,0.005480009341955041,False
108300,threshold 0.1,True,1.0198263000302508,0.030029110835231587,0.005480009341955041,False
108300,dot tolerance 15 px,True,1.0198263000302508,0.030029110835231587,0.005480009341955041,False
108300,prompt ensemble (> 0.5),True,1.0198263000302508,0.030029110835231587,0.005480009341955041,False
108300,threshold 0.3 + tolerance 15 + ensemble,True,1.0198263000302508,0.030029110835231587,0.005480009341955041,False
108301,"production (fish > 0.5, on dot)",True,1.0180305058159682,0.013624531836261384,0.006239117762341588,False
108301,threshold 0.3,True,1.0180305058159682,0.013624531836261384,0.006239117762341588,False
108301,threshold 0.2,True,1.0180305058159682,0.013624531836261384,0.006239117762341588,False
108301,threshold 0.1,True,1.0180305058159682,0.013624531836261384,0.006239117762341588,False
108301,dot tolerance 15 px,True,1.0180305058159682,0.013624531836261384,0.006239117762341588,False
108301,prompt ensemble (> 0.5),True,1.0180305058159682,0.013624531836261384,0.006239117762341588,False
108301,threshold 0.3 + tolerance 15 + ensemble,True,1.0180305058159682,0.013624531836261384,0.006239117762341588,False
108302,"production (fish > 0.5, on dot)",True,1.0075073993741976,0.008119569809163712,0.015495800788936996,False
108302,threshold 0.3,True,1.0075073993741976,0.008119569809163712,0.015495800788936996,False
108302,threshold 0.2,True,1.0075073993741976,0.008119569809163712,0.015495800788936996,False
108302,threshold 0.1,True,1.0075073993741976,0.008119569809163712,0.015495800788936996,False
108302,dot tolerance 15 px,True,1.0075073993741976,0.008119569809163712,0.015495800788936996,False
108302,prompt ensemble (> 0.5),True,1.0075073993741976,0.008119569809163712,0.015495800788936996,False
108302,threshold 0.3 + tolerance 15 + ensemble,True,1.0075073993741976,0.008119569809163712,0.015495800788936996,False
108304,"production (fish > 0.5, on dot)",True,1.0041409393160114,0.017068488000205325,0.0046339548076306065,False
108304,threshold 0.3,True,1.0041409393160114,0.017068488000205325,0.0046339548076306065,False
108304,threshold 0.2,True,1.0041409393160114,0.017068488000205325,0.0046339548076306065,False
108304,threshold 0.1,True,1.0041409393160114,0.017068488000205325,0.0046339548076306065,False
108304,dot tolerance 15 px,True,1.0041409393160114,0.017068488000205325,0.0046339548076306065,False
108304,prompt ensemble (> 0.5),True,1.0041409393160114,0.017068488000205325,0.0046339548076306065,False
108304,threshold 0.3 + tolerance 15 + ensemble,True,1.0041409393160114,0.017068488000205325,0.0046339548076306065,False
108306,"production (fish > 0.5, on dot)",True,1.119679798197236,0.004877683027027186,0.12594315812142332,False
108306,threshold 0.3,True,1.119679798197236,0.004877683027027186,0.12594315812142332,False
108306,threshold 0.2,True,1.119679798197236,0.004877683027027186,0.12594315812142332,False
108306,threshold 0.1,True,1.119679798197236,0.004877683027027186,0.12594315812142332,False
108306,dot tolerance 15 px,True,1.119679798197236,0.004877683027027186,0.12594315812142332,False
108306,prompt ensemble (> 0.5),True,1.119679798197236,0.004877683027027186,0.12594315812142332,False
108306,threshold 0.3 + tolerance 15 + ensemble,True,1.119679798197236,0.004877683027027186,0.12594315812142332,False
108310,"production (fish > 0.5, on dot)",True,0.9901041624576657,0.006391548884132421,0.008917992220451065,False
108310,threshold 0.3,True,0.9901041624576657,0.006391548884132421,0.008917992220451065,False
108310,threshold 0.2,True,0.9901041624576657,0.006391548884132421,0.008917992220451065,False
108310,threshold 0.1,True,0.9901041624576657,0.006391548884132421,0.008917992220451065,False
108310,dot tolerance 15 px,True,0.9901041624576657,0.006391548884132421,0.008917992220451065,False
108310,prompt ensemble (> 0.5),True,0.9901041624576657,0.006391548884132421,0.008917992220451065,False
108310,threshold 0.3 + tolerance 15 + ensemble,True,0.9901041624576657,0.006391548884132421,0.008917992220451065,False
108311,"production (fish > 0.5, on dot)",True,0.9955849092664738,0.00705923948361862,0.004599804182329284,False
108311,threshold 0.3,True,0.9955849092664738,0.00705923948361862,0.004599804182329284,False
108311,threshold 0.2,True,0.9955849092664738,0.00705923948361862,0.004599804182329284,False
108311,threshold 0.1,True,0.9955849092664738,0.00705923948361862,0.004599804182329284,False
108311,dot tolerance 15 px,True,0.9955849092664738,0.00705923948361862,0.004599804182329284,False
108311,prompt ensemble (> 0.5),True,0.9955849092664738,0.00705923948361862,0.004599804182329284,False
108311,threshold 0.3 + tolerance 15 + ensemble,True,0.9955849092664738,0.00705923948361862,0.004599804182329284,False
108312,"production (fish > 0.5, on dot)",True,1.001953090395178,0.005012990216991415,0.013503681287803118,False
108312,threshold 0.3,True,1.001953090395178,0.005012990216991415,0.013503681287803118,False
108312,threshold 0.2,True,1.001953090395178,0.005012990216991415,0.013503681287803118,False
108312,threshold 0.1,True,1.001953090395178,0.005012990216991415,0.013503681287803118,False
108312,dot tolerance 15 px,True,1.001953090395178,0.005012990216991415,0.013503681287803118,False
108312,prompt ensemble (> 0.5),True,1.001953090395178,0.005012990216991415,0.013503681287803118,False
108312,threshold 0.3 + tolerance 15 + ensemble,True,1.001953090395178,0.005012990216991415,0.013503681287803118,False
108313,"production (fish > 0.5, on dot)",True,1.000358546529586,0.006929644684396666,0.010245338618602284,False
108313,threshold 0.3,True,1.000358546529586,0.006929644684396666,0.010245338618602284,False
108313,threshold 0.2,True,1.000358546529586,0.006929644684396666,0.010245338618602284,False
108313,threshold 0.1,True,1.000358546529586,0.006929644684396666,0.010245338618602284,False
108313,dot tolerance 15 px,True,1.000358546529586,0.006929644684396666,0.010245338618602284,False
108313,prompt ensemble (> 0.5),True,1.0000044931782723,0.008010218248180498,0.010245338618602284,False
108313,threshold 0.3 + tolerance 15 + ensemble,True,1.0000044931782723,0.008010218248180498,0.010245338618602284,False
108334,"production (fish > 0.5, on dot)",True,0.9352418389824567,0.17458973091892557,0.08726853287488197,False
108334,threshold 0.3,True,0.9352418389824567,0.17458973091892557,0.08726853287488197,False
108334,threshold 0.2,True,0.9352418389824567,0.17458973091892557,0.08726853287488197,False
108334,threshold 0.1,True,0.9352418389824567,0.17458973091892557,0.08726853287488197,False
108334,dot tolerance 15 px,True,0.9352418389824567,0.17458973091892557,0.08726853287488197,False
108334,prompt ensemble (> 0.5),True,0.9327834072442321,0.17464975092893392,0.06191362255842202,False
108334,threshold 0.3 + tolerance 15 + ensemble,True,0.9327834072442321,0.17464975092893392,0.06191362255842202,False
108342,"production (fish > 0.5, on dot)",False,,,,
108342,threshold 0.3,False,,,,
108342,threshold 0.2,True,1.0538850952740089,0.051341307278566645,0.10221865308836592,False
108342,threshold 0.1,True,1.0538850952740089,0.051341307278566645,0.10221865308836592,False
108342,dot tolerance 15 px,False,,,,
108342,prompt ensemble (> 0.5),False,,,,
108342,threshold 0.3 + tolerance 15 + ensemble,False,,,,
108343,"production (fish > 0.5, on dot)",False,,,,
108343,threshold 0.3,False,,,,
108343,threshold 0.2,False,,,,
108343,threshold 0.1,True,0.7081167526464414,0.033633037614084496,0.39317918412216984,False
108343,dot tolerance 15 px,False,,,,
108343,prompt ensemble (> 0.5),False,,,,
108343,threshold 0.3 + tolerance 15 + ensemble,False,,,,
108344,"production (fish > 0.5, on dot)",False,,,,
108344,threshold 0.3,True,,,,False
108344,threshold 0.2,True,,,,False
108344,threshold 0.1,True,,,,False
108344,dot tolerance 15 px,False,,,,
108344,prompt ensemble (> 0.5),False,,,,
108344,threshold 0.3 + tolerance 15 + ensemble,True,,,,False
108346,"production (fish > 0.5, on dot)",False,,,,
108346,threshold 0.3,False,,,,
108346,threshold 0.2,True,0.9841491515937426,0.04148521890532483,0.03032723341160306,False
108346,threshold 0.1,True,0.9841491515937426,0.04148521890532483,0.03032723341160306,False
108346,dot tolerance 15 px,False,,,,
108346,prompt ensemble (> 0.5),False,,,,
108346,threshold 0.3 + tolerance 15 + ensemble,False,,,,
108348,"production (fish > 0.5, on dot)",True,0.869458398181725,0.21332874100312596,0.1318983803261542,False
108348,threshold 0.3,True,0.869458398181725,0.21332874100312596,0.1318983803261542,False
108348,threshold 0.2,True,0.869458398181725,0.21332874100312596,0.1318983803261542,False
108348,threshold 0.1,True,0.869458398181725,0.21332874100312596,0.1318983803261542,False
108348,dot tolerance 15 px,True,0.869458398181725,0.21332874100312596,0.1318983803261542,False
108348,prompt ensemble (> 0.5),True,0.8651589612342327,0.21641916779679016,0.12848272642101446,False
108348,threshold 0.3 + tolerance 15 + ensemble,True,0.8651589612342327,0.21641916779679016,0.12848272642101446,False
108351,"production (fish > 0.5, on dot)",True,1.0615496789381023,0.030572782599724464,0.06613335917613322,False
108351,threshold 0.3,True,1.0615496789381023,0.030572782599724464,0.06613335917613322,False
108351,threshold 0.2,True,1.0615496789381023,0.030572782599724464,0.06613335917613322,False
108351,threshold 0.1,True,1.0615496789381023,0.030572782599724464,0.06613335917613322,False
108351,dot tolerance 15 px,True,1.0615496789381023,0.030572782599724464,0.06613335917613322,False
108351,prompt ensemble (> 0.5),True,1.0615496789381023,0.030572782599724464,0.06613335917613322,False
108351,threshold 0.3 + tolerance 15 + ensemble,True,1.0615496789381023,0.030572782599724464,0.06613335917613322,False
108354,"production (fish > 0.5, on dot)",False,,,,
108354,threshold 0.3,True,1.0807125978282368,0.017262777612815573,0.09709168979207256,False
108354,threshold 0.2,True,1.0807125978282368,0.017262777612815573,0.09709168979207256,False
108354,threshold 0.1,True,1.0807125978282368,0.017262777612815573,0.09709168979207256,False
108354,dot tolerance 15 px,False,,,,
108354,prompt ensemble (> 0.5),False,,,,
108354,threshold 0.3 + tolerance 15 + ensemble,True,1.0807125978282368,0.017262777612815573,0.09709168979207256,False
108355,"production (fish > 0.5, on dot)",False,,,,
108355,threshold 0.3,False,,,,
108355,threshold 0.2,True,,,,False
108355,threshold 0.1,True,,,,False
108355,dot tolerance 15 px,False,,,,
108355,prompt ensemble (> 0.5),False,,,,
108355,threshold 0.3 + tolerance 15 + ensemble,False,,,,
108358,"production (fish > 0.5, on dot)",False,,,,
108358,threshold 0.3,True,,,,False
108358,threshold 0.2,True,,,,False
108358,threshold 0.1,True,,,,False
108358,dot tolerance 15 px,False,,,,
108358,prompt ensemble (> 0.5),False,,,,
108358,threshold 0.3 + tolerance 15 + ensemble,True,,,,False
108363,"production (fish > 0.5, on dot)",False,,,,
108363,threshold 0.3,True,0.7424093516083071,0.10343145207114471,0.22150127386222848,False
108363,threshold 0.2,True,0.7424093516083071,0.10343145207114471,0.22150127386222848,False
108363,threshold 0.1,True,0.7424093516083071,0.10343145207114471,0.22150127386222848,False
108363,dot tolerance 15 px,False,,,,
108363,prompt ensemble (> 0.5),False,,,,
108363,threshold 0.3 + tolerance 15 + ensemble,True,0.7385210977030265,0.1002441278441444,0.23548454274483968,False
108364,"production (fish > 0.5, on dot)",True,,,,False
108364,threshold 0.3,True,,,,False
108364,threshold 0.2,True,,,,False
108364,threshold 0.1,True,,,,False
108364,dot tolerance 15 px,True,,,,False
108364,prompt ensemble (> 0.5),True,,,,False
108364,threshold 0.3 + tolerance 15 + ensemble,True,,,,False
108365,"production (fish > 0.5, on dot)",True,0.8656217362368268,0.04985702989060581,0.16254261093115913,False
108365,threshold 0.3,True,0.8656217362368268,0.04985702989060581,0.16254261093115913,False
108365,threshold 0.2,True,0.8656217362368268,0.04985702989060581,0.16254261093115913,False
108365,threshold 0.1,True,0.8656217362368268,0.04985702989060581,0.16254261093115913,False
108365,dot tolerance 15 px,True,0.8656217362368268,0.04985702989060581,0.16254261093115913,False
108365,prompt ensemble (> 0.5),True,0.8618514584835505,0.04542072085291516,0.15916555631686088,False
108365,threshold 0.3 + tolerance 15 + ensemble,True,0.8618514584835505,0.04542072085291516,0.15916555631686088,False
108368,"production (fish > 0.5, on dot)",False,,,,
108368,threshold 0.3,False,,,,
108368,threshold 0.2,True,,,,False
108368,threshold 0.1,True,,,,False
108368,dot tolerance 15 px,False,,,,
108368,prompt ensemble (> 0.5),False,,,,
108368,threshold 0.3 + tolerance 15 + ensemble,False,,,,
108369,"production (fish > 0.5, on dot)",True,1.0034935564447183,0.012701130836877503,0.068652636705713,False
108369,threshold 0.3,True,1.0034935564447183,0.012701130836877503,0.068652636705713,False
108369,threshold 0.2,True,1.0034935564447183,0.012701130836877503,0.068652636705713,False
108369,threshold 0.1,True,1.0034935564447183,0.012701130836877503,0.068652636705713,False
108369,dot tolerance 15 px,True,1.0034935564447183,0.012701130836877503,0.068652636705713,False
108369,prompt ensemble (> 0.5),True,1.0034935564447183,0.012701130836877503,0.068652636705713,False
108369,threshold 0.3 + tolerance 15 + ensemble,True,1.0034935564447183,0.012701130836877503,0.068652636705713,False
108371,"production (fish > 0.5, on dot)",True,0.9915139126589424,0.05600532494188277,0.05320983534151543,False
108371,threshold 0.3,True,0.9915139126589424,0.05600532494188277,0.05320983534151543,False
108371,threshold 0.2,True,0.9915139126589424,0.05600532494188277,0.05320983534151543,False
108371,threshold 0.1,True,0.9915139126589424,0.05600532494188277,0.05320983534151543,False
108371,dot tolerance 15 px,True,0.9915139126589424,0.05600532494188277,0.05320983534151543,False
108371,prompt ensemble (> 0.5),True,0.9884583907334599,0.053234373067738615,0.02936977551847782,False
108371,threshold 0.3 + tolerance 15 + ensemble,True,0.9884583907334599,0.053234373067738615,0.02936977551847782,False
108375,"production (fish > 0.5, on dot)",True,0.9878057236816625,0.019202631757631067,0.010614985044032675,False
108375,threshold 0.3,True,0.9878057236816625,0.019202631757631067,0.010614985044032675,False
108375,threshold 0.2,True,0.9878057236816625,0.019202631757631067,0.010614985044032675,False
108375,threshold 0.1,True,0.9878057236816625,0.019202631757631067,0.010614985044032675,False
108375,dot tolerance 15 px,True,0.9878057236816625,0.019202631757631067,0.010614985044032675,False
108375,prompt ensemble (> 0.5),True,0.9872218060543981,0.01604530570842784,0.010614985044032675,False
108375,threshold 0.3 + tolerance 15 + ensemble,True,0.9872218060543981,0.01604530570842784,0.010614985044032675,False
108377,"production (fish > 0.5, on dot)",True,1.0186594113989298,0.01776179449100601,0.04668656591733057,False
108377,threshold 0.3,True,1.0186594113989298,0.01776179449100601,0.04668656591733057,False
108377,threshold 0.2,True,1.0186594113989298,0.01776179449100601,0.04668656591733057,False
108377,threshold 0.1,True,1.0186594113989298,0.01776179449100601,0.04668656591733057,False
108377,dot tolerance 15 px,True,1.0186594113989298,0.01776179449100601,0.04668656591733057,False
108377,prompt ensemble (> 0.5),True,1.058709188104236,0.018472805444943285,0.07158728460199285,False
108377,threshold 0.3 + tolerance 15 + ensemble,True,1.058709188104236,0.018472805444943285,0.07158728460199285,False
108378,"production (fish > 0.5, on dot)",True,0.9949821194626114,0.007839190120019551,0.014000689544312512,False
108378,threshold 0.3,True,0.9949821194626114,0.007839190120019551,0.014000689544312512,False
108378,threshold 0.2,True,0.9949821194626114,0.007839190120019551,0.014000689544312512,False
108378,threshold 0.1,True,0.9949821194626114,0.007839190120019551,0.014000689544312512,False
108378,dot tolerance 15 px,True,0.9949821194626114,0.007839190120019551,0.014000689544312512,False
108378,prompt ensemble (> 0.5),True,0.9949821194626114,0.007839190120019551,0.014000689544312512,False
108378,threshold 0.3 + tolerance 15 + ensemble,True,0.9949821194626114,0.007839190120019551,0.014000689544312512,False
108415,"production (fish > 0.5, on dot)",False,,,,
108415,threshold 0.3,True,,,,False
108415,threshold 0.2,True,,,,False
108415,threshold 0.1,True,,,,False
108415,dot tolerance 15 px,False,,,,
108415,prompt ensemble (> 0.5),False,,,,
108415,threshold 0.3 + tolerance 15 + ensemble,True,,,,False
108418,"production (fish > 0.5, on dot)",True,0.896643800823495,0.023572344398670276,0.09803388041438361,False
108418,threshold 0.3,True,0.896643800823495,0.023572344398670276,0.09803388041438361,False
108418,threshold 0.2,True,0.896643800823495,0.023572344398670276,0.09803388041438361,False
108418,threshold 0.1,True,0.896643800823495,0.023572344398670276,0.09803388041438361,False
108418,dot tolerance 15 px,True,0.896643800823495,0.023572344398670276,0.09803388041438361,False
108418,prompt ensemble (> 0.5),True,0.896643800823495,0.023572344398670276,0.09803388041438361,False
108418,threshold 0.3 + tolerance 15 + ensemble,True,0.896643800823495,0.023572344398670276,0.09803388041438361,False
108419,"production (fish > 0.5, on dot)",True,1.0014873075044204,0.03919957325273971,0.05579141062842689,False
108419,threshold 0.3,True,1.0014873075044204,0.03919957325273971,0.05579141062842689,False
108419,threshold 0.2,True,1.0014873075044204,0.03919957325273971,0.05579141062842689,False
108419,threshold 0.1,True,1.0014873075044204,0.03919957325273971,0.05579141062842689,False
108419,dot tolerance 15 px,True,1.0014873075044204,0.03919957325273971,0.05579141062842689,False
108419,prompt ensemble (> 0.5),True,1.0014873075044204,0.03919957325273971,0.05579141062842689,False
108419,threshold 0.3 + tolerance 15 + ensemble,True,1.0014873075044204,0.03919957325273971,0.05579141062842689,False
108422,"production (fish > 0.5, on dot)",False,,,,
108422,threshold 0.3,False,,,,
108422,threshold 0.2,False,,,,
108422,threshold 0.1,True,,,,False
108422,dot tolerance 15 px,False,,,,
108422,prompt ensemble (> 0.5),False,,,,
108422,threshold 0.3 + tolerance 15 + ensemble,False,,,,
108423,"production (fish > 0.5, on dot)",False,,,,
108423,threshold 0.3,True,0.5057612572372564,0.22995657048371326,0.3191817162764118,False
108423,threshold 0.2,True,0.5057612572372564,0.22995657048371326,0.3191817162764118,False
108423,threshold 0.1,True,0.5057612572372564,0.22995657048371326,0.3191817162764118,False
108423,dot tolerance 15 px,False,,,,
108423,prompt ensemble (> 0.5),False,,,,
108423,threshold 0.3 + tolerance 15 + ensemble,True,0.5057612572372564,0.22995657048371326,0.3191817162764118,False
108424,"production (fish > 0.5, on dot)",False,,,,
108424,threshold 0.3,False,,,,
108424,threshold 0.2,True,,,,False
108424,threshold 0.1,True,,,,False
108424,dot tolerance 15 px,False,,,,
108424,prompt ensemble (> 0.5),False,,,,
108424,threshold 0.3 + tolerance 15 + ensemble,False,,,,
108425,"production (fish > 0.5, on dot)",False,,,,
108425,threshold 0.3,False,,,,
108425,threshold 0.2,False,,,,
108425,threshold 0.1,False,,,,
108425,dot tolerance 15 px,False,,,,
108425,prompt ensemble (> 0.5),False,,,,
108425,threshold 0.3 + tolerance 15 + ensemble,False,,,,
108426,"production (fish > 0.5, on dot)",False,,,,
108426,threshold 0.3,False,,,,
108426,threshold 0.2,False,,,,
108426,threshold 0.1,False,,,,
108426,dot tolerance 15 px,False,,,,
108426,prompt ensemble (> 0.5),False,,,,
108426,threshold 0.3 + tolerance 15 + ensemble,False,,,,
108427,"production (fish > 0.5, on dot)",False,,,,
108427,threshold 0.3,False,,,,
108427,threshold 0.2,False,,,,
108427,threshold 0.1,False,,,,
108427,dot tolerance 15 px,False,,,,
108427,prompt ensemble (> 0.5),False,,,,
108427,threshold 0.3 + tolerance 15 + ensemble,False,,,,
108430,"production (fish > 0.5, on dot)",False,,,,
108430,threshold 0.3,False,,,,
108430,threshold 0.2,False,,,,
108430,threshold 0.1,False,,,,
108430,dot tolerance 15 px,False,,,,
108430,prompt ensemble (> 0.5),False,,,,
108430,threshold 0.3 + tolerance 15 + ensemble,False,,,,
108432,"production (fish > 0.5, on dot)",False,,,,
108432,threshold 0.3,False,,,,
108432,threshold 0.2,False,,,,
108432,threshold 0.1,False,,,,
108432,dot tolerance 15 px,False,,,,
108432,prompt ensemble (> 0.5),False,,,,
108432,threshold 0.3 + tolerance 15 + ensemble,False,,,,
108435,"production (fish > 0.5, on dot)",False,,,,
108435,threshold 0.3,False,,,,
108435,threshold 0.2,False,,,,
108435,threshold 0.1,False,,,,
108435,dot tolerance 15 px,False,,,,
108435,prompt ensemble (> 0.5),False,,,,
108435,threshold 0.3 + tolerance 15 + ensemble,False,,,,
108437,"production (fish > 0.5, on dot)",False,,,,
108437,threshold 0.3,False,,,,
108437,threshold 0.2,False,,,,
108437,threshold 0.1,False,,,,
108437,dot tolerance 15 px,False,,,,
108437,prompt ensemble (> 0.5),False,,,,
108437,threshold 0.3 + tolerance 15 + ensemble,False,,,,
108438,"production (fish > 0.5, on dot)",False,,,,
108438,threshold 0.3,False,,,,
108438,threshold 0.2,False,,,,
108438,threshold 0.1,False,,,,
108438,dot tolerance 15 px,False,,,,
108438,prompt ensemble (> 0.5),False,,,,
108438,threshold 0.3 + tolerance 15 + ensemble,False,,,,
108442,"production (fish > 0.5, on dot)",False,,,,
108442,threshold 0.3,False,,,,
108442,threshold 0.2,False,,,,
108442,threshold 0.1,True,1.033875641795779,0.34073051513043756,0.063920733893554,False
108442,dot tolerance 15 px,False,,,,
108442,prompt ensemble (> 0.5),False,,,,
108442,threshold 0.3 + tolerance 15 + ensemble,False,,,,
108445,"production (fish > 0.5, on dot)",True,,,,False
108445,threshold 0.3,True,,,,False
108445,threshold 0.2,True,,,,False
108445,threshold 0.1,True,,,,False
108445,dot tolerance 15 px,True,,,,False
108445,prompt ensemble (> 0.5),True,,,,False
108445,threshold 0.3 + tolerance 15 + ensemble,True,,,,False
108446,"production (fish > 0.5, on dot)",False,,,,
108446,threshold 0.3,False,,,,
108446,threshold 0.2,False,,,,
108446,threshold 0.1,False,,,,
108446,dot tolerance 15 px,False,,,,
108446,prompt ensemble (> 0.5),False,,,,
108446,threshold 0.3 + tolerance 15 + ensemble,False,,,,
108450,"production (fish > 0.5, on dot)",False,,,,
108450,threshold 0.3,False,,,,
108450,threshold 0.2,False,,,,
108450,threshold 0.1,False,,,,
108450,dot tolerance 15 px,False,,,,
108450,prompt ensemble (> 0.5),False,,,,
108450,threshold 0.3 + tolerance 15 + ensemble,False,,,,
108453,"production (fish > 0.5, on dot)",False,,,,
108453,threshold 0.3,False,,,,
108453,threshold 0.2,True,0.8399940558547967,0.20088195897368966,0.13813651900817,False
108453,threshold 0.1,True,0.8399940558547967,0.20088195897368966,0.13813651900817,False
108453,dot tolerance 15 px,False,,,,
108453,prompt ensemble (> 0.5),False,,,,
108453,threshold 0.3 + tolerance 15 + ensemble,False,,,,
108455,"production (fish > 0.5, on dot)",False,,,,
108455,threshold 0.3,False,,,,
108455,threshold 0.2,True,1.0758676373488059,0.004249622786952166,0.11856185911644392,False
108455,threshold 0.1,True,1.0758676373488059,0.004249622786952166,0.11856185911644392,False
108455,dot tolerance 15 px,False,,,,
108455,prompt ensemble (> 0.5),False,,,,
108455,threshold 0.3 + tolerance 15 + ensemble,False,,,,
108458,"production (fish > 0.5, on dot)",False,,,,
108458,threshold 0.3,False,,,,
108458,threshold 0.2,False,,,,
108458,threshold 0.1,True,1.0300695896697427,0.0239470864185256,0.19694716882607688,False
108458,dot tolerance 15 px,False,,,,
108458,prompt ensemble (> 0.5),False,,,,
108458,threshold 0.3 + tolerance 15 + ensemble,False,,,,
108459,"production (fish > 0.5, on dot)",False,,,,
108459,threshold 0.3,True,0.985429177243046,0.01576338936829949,0.11590939056261665,False
108459,threshold 0.2,True,0.985429177243046,0.01576338936829949,0.11590939056261665,False
108459,threshold 0.1,True,0.985429177243046,0.01576338936829949,0.11590939056261665,False
108459,dot tolerance 15 px,False,,,,
108459,prompt ensemble (> 0.5),False,,,,
108459,threshold 0.3 + tolerance 15 + ensemble,True,0.985429177243046,0.01576338936829949,0.11590939056261665,False
108460,"production (fish > 0.5, on dot)",False,,,,
108460,threshold 0.3,False,,,,
108460,threshold 0.2,True,1.031969396064798,0.0052659939986199845,0.11653824692518311,False
108460,threshold 0.1,True,1.031969396064798,0.0052659939986199845,0.11653824692518311,False
108460,dot tolerance 15 px,False,,,,
108460,prompt ensemble (> 0.5),False,,,,
108460,threshold 0.3 + tolerance 15 + ensemble,False,,,,
108463,"production (fish > 0.5, on dot)",True,1.071161333645686,0.002353763774182323,0.15821869236018543,False
108463,threshold 0.3,True,1.071161333645686,0.002353763774182323,0.15821869236018543,False
108463,threshold 0.2,True,1.071161333645686,0.002353763774182323,0.15821869236018543,False
108463,threshold 0.1,True,1.071161333645686,0.002353763774182323,0.15821869236018543,False
108463,dot tolerance 15 px,True,1.071161333645686,0.002353763774182323,0.15821869236018543,False
108463,prompt ensemble (> 0.5),True,1.071161333645686,0.002353763774182323,0.15821869236018543,False
108463,threshold 0.3 + tolerance 15 + ensemble,True,1.071161333645686,0.002353763774182323,0.15821869236018543,False
108464,"production (fish > 0.5, on dot)",False,,,,
108464,threshold 0.3,False,,,,
108464,threshold 0.2,False,,,,
108464,threshold 0.1,False,,,,
108464,dot tolerance 15 px,False,,,,
108464,prompt ensemble (> 0.5),False,,,,
108464,threshold 0.3 + tolerance 15 + ensemble,False,,,,
108466,"production (fish > 0.5, on dot)",True,1.0336241492597182,0.03888805148156888,0.1037603529981285,False
108466,threshold 0.3,True,1.0336241492597182,0.03888805148156888,0.1037603529981285,False
108466,threshold 0.2,True,1.0336241492597182,0.03888805148156888,0.1037603529981285,False
108466,threshold 0.1,True,1.0336241492597182,0.03888805148156888,0.1037603529981285,False
108466,dot tolerance 15 px,True,1.0336241492597182,0.03888805148156888,0.1037603529981285,False
108466,prompt ensemble (> 0.5),True,1.0308428685248414,0.034943027306374115,0.10695495785953259,False
108466,threshold 0.3 + tolerance 15 + ensemble,True,1.0308428685248414,0.034943027306374115,0.10695495785953259,False
108471,"production (fish > 0.5, on dot)",True,1.057198333945859,0.020483427221264054,0.15340264369240933,False
108471,threshold 0.3,True,1.057198333945859,0.020483427221264054,0.15340264369240933,False
108471,threshold 0.2,True,1.057198333945859,0.020483427221264054,0.15340264369240933,False
108471,threshold 0.1,True,1.057198333945859,0.020483427221264054,0.15340264369240933,False
108471,dot tolerance 15 px,True,1.057198333945859,0.020483427221264054,0.15340264369240933,False
108471,prompt ensemble (> 0.5),True,1.057198333945859,0.020483427221264054,0.15340264369240933,False
108471,threshold 0.3 + tolerance 15 + ensemble,True,1.057198333945859,0.020483427221264054,0.15340264369240933,False
108473,"production (fish > 0.5, on dot)",True,0.9821982579750492,0.021272797816317725,0.011912191319272151,False
108473,threshold 0.3,True,0.9821982579750492,0.021272797816317725,0.011912191319272151,False
108473,threshold 0.2,True,0.9821982579750492,0.021272797816317725,0.011912191319272151,False
108473,threshold 0.1,True,0.9821982579750492,0.021272797816317725,0.011912191319272151,False
108473,dot tolerance 15 px,True,0.9821982579750492,0.021272797816317725,0.011912191319272151,False
108473,prompt ensemble (> 0.5),True,0.9830949270355429,0.015987664919603593,0.04997699103379263,False
108473,threshold 0.3 + tolerance 15 + ensemble,True,0.9830949270355429,0.015987664919603593,0.04997699103379263,False
108475,"production (fish > 0.5, on dot)",True,0.9631133170111887,0.027363277819480794,0.03306196119312884,False
108475,threshold 0.3,True,0.9631133170111887,0.027363277819480794,0.03306196119312884,False
108475,threshold 0.2,True,0.9631133170111887,0.027363277819480794,0.03306196119312884,False
108475,threshold 0.1,True,0.9631133170111887,0.027363277819480794,0.03306196119312884,False
108475,dot tolerance 15 px,True,0.9631133170111887,0.027363277819480794,0.03306196119312884,False
108475,prompt ensemble (> 0.5),True,0.9631133170111887,0.027363277819480794,0.03306196119312884,False
108475,threshold 0.3 + tolerance 15 + ensemble,True,0.9631133170111887,0.027363277819480794,0.03306196119312884,False
108477,"production (fish > 0.5, on dot)",True,1.1146187265776555,0.012330475317115163,0.21877016036586203,False
108477,threshold 0.3,True,1.1146187265776555,0.012330475317115163,0.21877016036586203,False
108477,threshold 0.2,True,1.1146187265776555,0.012330475317115163,0.21877016036586203,False
108477,threshold 0.1,True,1.1146187265776555,0.012330475317115163,0.21877016036586203,False
108477,dot tolerance 15 px,True,1.1146187265776555,0.012330475317115163,0.21877016036586203,False
108477,prompt ensemble (> 0.5),True,1.1146187265776555,0.012330475317115163,0.21877016036586203,False
108477,threshold 0.3 + tolerance 15 + ensemble,True,1.1146187265776555,0.012330475317115163,0.21877016036586203,False
108480,"production (fish > 0.5, on dot)",False,,,,
108480,threshold 0.3,False,,,,
108480,threshold 0.2,False,,,,
108480,threshold 0.1,False,,,,
108480,dot tolerance 15 px,False,,,,
108480,prompt ensemble (> 0.5),False,,,,
108480,threshold 0.3 + tolerance 15 + ensemble,False,,,,
108482,"production (fish > 0.5, on dot)",False,,,,
108482,threshold 0.3,True,,,,False
108482,threshold 0.2,True,,,,False
108482,threshold 0.1,True,,,,False
108482,dot tolerance 15 px,False,,,,
108482,prompt ensemble (> 0.5),False,,,,
108482,threshold 0.3 + tolerance 15 + ensemble,True,,,,False
108483,"production (fish > 0.5, on dot)",False,,,,
108483,threshold 0.3,False,,,,
108483,threshold 0.2,True,0.9803112285682354,0.06788999865089555,0.05294926645377492,False
108483,threshold 0.1,True,0.9803112285682354,0.06788999865089555,0.05294926645377492,False
108483,dot tolerance 15 px,False,,,,
108483,prompt ensemble (> 0.5),False,,,,
108483,threshold 0.3 + tolerance 15 + ensemble,False,,,,
108486,"production (fish > 0.5, on dot)",True,1.0665203687495166,0.09317960894110373,0.10085811698920485,False
108486,threshold 0.3,True,1.0665203687495166,0.09317960894110373,0.10085811698920485,False
108486,threshold 0.2,True,1.0665203687495166,0.09317960894110373,0.10085811698920485,False
108486,threshold 0.1,True,1.0665203687495166,0.09317960894110373,0.10085811698920485,False
108486,dot tolerance 15 px,True,1.0665203687495166,0.09317960894110373,0.10085811698920485,False
108486,prompt ensemble (> 0.5),True,1.0665203687495166,0.09317960894110373,0.10085811698920485,False
108486,threshold 0.3 + tolerance 15 + ensemble,True,1.0665203687495166,0.09317960894110373,0.10085811698920485,False
108488,"production (fish > 0.5, on dot)",False,,,,
108488,threshold 0.3,False,,,,
108488,threshold 0.2,False,,,,
108488,threshold 0.1,True,1.1259742027551711,0.017800213118528353,0.17311419129307673,False
108488,dot tolerance 15 px,False,,,,
108488,prompt ensemble (> 0.5),False,,,,
108488,threshold 0.3 + tolerance 15 + ensemble,False,,,,
108495,"production (fish > 0.5, on dot)",False,,,,
108495,threshold 0.3,False,,,,
108495,threshold 0.2,False,,,,
108495,threshold 0.1,True,1.1387036378448336,0.14093854078438942,0.23563823128013145,False
108495,dot tolerance 15 px,False,,,,
108495,prompt ensemble (> 0.5),False,,,,
108495,threshold 0.3 + tolerance 15 + ensemble,False,,,,
108496,"production (fish > 0.5, on dot)",False,,,,
108496,threshold 0.3,False,,,,
108496,threshold 0.2,False,,,,
108496,threshold 0.1,True,1.0473238379153933,0.016307158049579502,0.18861919328740154,False
108496,dot tolerance 15 px,False,,,,
108496,prompt ensemble (> 0.5),False,,,,
108496,threshold 0.3 + tolerance 15 + ensemble,False,,,,
108499,"production (fish > 0.5, on dot)",False,,,,
108499,threshold 0.3,False,,,,
108499,threshold 0.2,False,,,,
108499,threshold 0.1,False,,,,
108499,dot tolerance 15 px,False,,,,
108499,prompt ensemble (> 0.5),False,,,,
108499,threshold 0.3 + tolerance 15 + ensemble,False,,,,
108501,"production (fish > 0.5, on dot)",False,,,,
108501,threshold 0.3,False,,,,
108501,threshold 0.2,False,,,,
108501,threshold 0.1,True,1.1160299543318986,0.018295741305623496,0.12080975459438426,False
108501,dot tolerance 15 px,False,,,,
108501,prompt ensemble (> 0.5),False,,,,
108501,threshold 0.3 + tolerance 15 + ensemble,False,,,,
108503,"production (fish > 0.5, on dot)",False,,,,
108503,threshold 0.3,False,,,,
108503,threshold 0.2,False,,,,
108503,threshold 0.1,True,1.0813389197903047,0.01402553462636038,0.20768439632663976,False
108503,dot tolerance 15 px,False,,,,
108503,prompt ensemble (> 0.5),False,,,,
108503,threshold 0.3 + tolerance 15 + ensemble,False,,,,
108504,"production (fish > 0.5, on dot)",True,1.020550587380734,0.024859346830490948,0.16695880773309682,False
108504,threshold 0.3,True,1.020550587380734,0.024859346830490948,0.16695880773309682,False
108504,threshold 0.2,True,1.020550587380734,0.024859346830490948,0.16695880773309682,False
108504,threshold 0.1,True,1.020550587380734,0.024859346830490948,0.16695880773309682,False
108504,dot tolerance 15 px,True,1.020550587380734,0.024859346830490948,0.16695880773309682,False
108504,prompt ensemble (> 0.5),True,1.020550587380734,0.024859346830490948,0.16695880773309682,False
108504,threshold 0.3 + tolerance 15 + ensemble,True,1.020550587380734,0.024859346830490948,0.16695880773309682,False
108505,"production (fish > 0.5, on dot)",False,,,,
108505,threshold 0.3,True,1.0277312792433846,0.012015562160813741,0.09963912763584214,False
108505,threshold 0.2,True,1.0277312792433846,0.012015562160813741,0.09963912763584214,False
108505,threshold 0.1,True,1.0277312792433846,0.012015562160813741,0.09963912763584214,False
108505,dot tolerance 15 px,False,,,,
108505,prompt ensemble (> 0.5),False,,,,
108505,threshold 0.3 + tolerance 15 + ensemble,True,1.0277312792433846,0.012015562160813741,0.09963912763584214,False
108512,"production (fish > 0.5, on dot)",False,,,,
108512,threshold 0.3,False,,,,
108512,threshold 0.2,False,,,,
108512,threshold 0.1,False,,,,
108512,dot tolerance 15 px,False,,,,
108512,prompt ensemble (> 0.5),False,,,,
108512,threshold 0.3 + tolerance 15 + ensemble,False,,,,
108518,"production (fish > 0.5, on dot)",True,1.0514345410166828,0.006058413438314835,0.1645468549372799,False
108518,threshold 0.3,True,1.0514345410166828,0.006058413438314835,0.1645468549372799,False
108518,threshold 0.2,True,1.0514345410166828,0.006058413438314835,0.1645468549372799,False
108518,threshold 0.1,True,1.0514345410166828,0.006058413438314835,0.1645468549372799,False
108518,dot tolerance 15 px,True,1.0514345410166828,0.006058413438314835,0.1645468549372799,False
108518,prompt ensemble (> 0.5),True,1.0514345410166828,0.006058413438314835,0.1645468549372799,False
108518,threshold 0.3 + tolerance 15 + ensemble,True,1.0514345410166828,0.006058413438314835,0.1645468549372799,False
108520,"production (fish > 0.5, on dot)",False,,,,
108520,threshold 0.3,False,,,,
108520,threshold 0.2,False,,,,
108520,threshold 0.1,False,,,,
108520,dot tolerance 15 px,False,,,,
108520,prompt ensemble (> 0.5),False,,,,
108520,threshold 0.3 + tolerance 15 + ensemble,False,,,,
108521,"production (fish > 0.5, on dot)",False,,,,
108521,threshold 0.3,False,,,,
108521,threshold 0.2,False,,,,
108521,threshold 0.1,False,,,,
108521,dot tolerance 15 px,False,,,,
108521,prompt ensemble (> 0.5),False,,,,
108521,threshold 0.3 + tolerance 15 + ensemble,False,,,,
108526,"production (fish > 0.5, on dot)",False,,,,
108526,threshold 0.3,False,,,,
108526,threshold 0.2,False,,,,
108526,threshold 0.1,False,,,,
108526,dot tolerance 15 px,False,,,,
108526,prompt ensemble (> 0.5),False,,,,
108526,threshold 0.3 + tolerance 15 + ensemble,False,,,,
108527,"production (fish > 0.5, on dot)",False,,,,
108527,threshold 0.3,False,,,,
108527,threshold 0.2,False,,,,
108527,threshold 0.1,True,,,,False
108527,dot tolerance 15 px,False,,,,
108527,prompt ensemble (> 0.5),False,,,,
108527,threshold 0.3 + tolerance 15 + ensemble,False,,,,
108530,"production (fish > 0.5, on dot)",False,,,,
108530,threshold 0.3,False,,,,
108530,threshold 0.2,False,,,,
108530,threshold 0.1,True,0.8021971876523828,0.07695338812611392,0.1855023699472209,False
108530,dot tolerance 15 px,False,,,,
108530,prompt ensemble (> 0.5),False,,,,
108530,threshold 0.3 + tolerance 15 + ensemble,False,,,,
108531,"production (fish > 0.5, on dot)",False,,,,
108531,threshold 0.3,False,,,,
108531,threshold 0.2,False,,,,
108531,threshold 0.1,False,,,,
108531,dot tolerance 15 px,False,,,,
108531,prompt ensemble (> 0.5),False,,,,
108531,threshold 0.3 + tolerance 15 + ensemble,False,,,,
108533,"production (fish > 0.5, on dot)",False,,,,
108533,threshold 0.3,False,,,,
108533,threshold 0.2,False,,,,
108533,threshold 0.1,True,0.906509181035005,0.10517457193502033,0.09240597186219088,False
108533,dot tolerance 15 px,False,,,,
108533,prompt ensemble (> 0.5),False,,,,
108533,threshold 0.3 + tolerance 15 + ensemble,False,,,,
108534,"production (fish > 0.5, on dot)",False,,,,
108534,threshold 0.3,False,,,,
108534,threshold 0.2,False,,,,
108534,threshold 0.1,False,,,,
108534,dot tolerance 15 px,False,,,,
108534,prompt ensemble (> 0.5),False,,,,
108534,threshold 0.3 + tolerance 15 + ensemble,False,,,,
108535,"production (fish > 0.5, on dot)",False,,,,
108535,threshold 0.3,False,,,,
108535,threshold 0.2,False,,,,
108535,threshold 0.1,True,,,,False
108535,dot tolerance 15 px,False,,,,
108535,prompt ensemble (> 0.5),False,,,,
108535,threshold 0.3 + tolerance 15 + ensemble,False,,,,
108536,"production (fish > 0.5, on dot)",False,,,,
108536,threshold 0.3,False,,,,
108536,threshold 0.2,True,,,,False
108536,threshold 0.1,True,,,,False
108536,dot tolerance 15 px,False,,,,
108536,prompt ensemble (> 0.5),False,,,,
108536,threshold 0.3 + tolerance 15 + ensemble,False,,,,
108539,"production (fish > 0.5, on dot)",False,,,,
108539,threshold 0.3,False,,,,
108539,threshold 0.2,False,,,,
108539,threshold 0.1,True,,,,False
108539,dot tolerance 15 px,False,,,,
108539,prompt ensemble (> 0.5),False,,,,
108539,threshold 0.3 + tolerance 15 + ensemble,False,,,,
108541,"production (fish > 0.5, on dot)",False,,,,
108541,threshold 0.3,False,,,,
108541,threshold 0.2,False,,,,
108541,threshold 0.1,True,,,,False
108541,dot tolerance 15 px,False,,,,
108541,prompt ensemble (> 0.5),False,,,,
108541,threshold 0.3 + tolerance 15 + ensemble,False,,,,
108544,"production (fish > 0.5, on dot)",False,,,,
108544,threshold 0.3,False,,,,
108544,threshold 0.2,False,,,,
108544,threshold 0.1,False,,,,
108544,dot tolerance 15 px,False,,,,
108544,prompt ensemble (> 0.5),False,,,,
108544,threshold 0.3 + tolerance 15 + ensemble,False,,,,
108545,"production (fish > 0.5, on dot)",False,,,,
108545,threshold 0.3,False,,,,
108545,threshold 0.2,False,,,,
108545,threshold 0.1,False,,,,
108545,dot tolerance 15 px,False,,,,
108545,prompt ensemble (> 0.5),False,,,,
108545,threshold 0.3 + tolerance 15 + ensemble,False,,,,
108547,"production (fish > 0.5, on dot)",False,,,,
108547,threshold 0.3,False,,,,
108547,threshold 0.2,False,,,,
108547,threshold 0.1,False,,,,
108547,dot tolerance 15 px,False,,,,
108547,prompt ensemble (> 0.5),False,,,,
108547,threshold 0.3 + tolerance 15 + ensemble,False,,,,
108550,"production (fish > 0.5, on dot)",False,,,,
108550,threshold 0.3,False,,,,
108550,threshold 0.2,False,,,,
108550,threshold 0.1,False,,,,
108550,dot tolerance 15 px,False,,,,
108550,prompt ensemble (> 0.5),False,,,,
108550,threshold 0.3 + tolerance 15 + ensemble,False,,,,
108552,"production (fish > 0.5, on dot)",False,,,,
108552,threshold 0.3,False,,,,
108552,threshold 0.2,False,,,,
108552,threshold 0.1,False,,,,
108552,dot tolerance 15 px,False,,,,
108552,prompt ensemble (> 0.5),False,,,,
108552,threshold 0.3 + tolerance 15 + ensemble,False,,,,
108554,"production (fish > 0.5, on dot)",False,,,,
108554,threshold 0.3,False,,,,
108554,threshold 0.2,False,,,,
108554,threshold 0.1,False,,,,
108554,dot tolerance 15 px,False,,,,
108554,prompt ensemble (> 0.5),False,,,,
108554,threshold 0.3 + tolerance 15 + ensemble,False,,,,
108556,"production (fish > 0.5, on dot)",False,,,,
108556,threshold 0.3,False,,,,
108556,threshold 0.2,False,,,,
108556,threshold 0.1,False,,,,
108556,dot tolerance 15 px,False,,,,
108556,prompt ensemble (> 0.5),False,,,,
108556,threshold 0.3 + tolerance 15 + ensemble,False,,,,
108558,"production (fish > 0.5, on dot)",False,,,,
108558,threshold 0.3,False,,,,
108558,threshold 0.2,False,,,,
108558,threshold 0.1,False,,,,
108558,dot tolerance 15 px,False,,,,
108558,prompt ensemble (> 0.5),False,,,,
108558,threshold 0.3 + tolerance 15 + ensemble,False,,,,
108559,"production (fish > 0.5, on dot)",False,,,,
108559,threshold 0.3,False,,,,
108559,threshold 0.2,False,,,,
108559,threshold 0.1,False,,,,
108559,dot tolerance 15 px,False,,,,
108559,prompt ensemble (> 0.5),False,,,,
108559,threshold 0.3 + tolerance 15 + ensemble,False,,,,
108560,"production (fish > 0.5, on dot)",False,,,,
108560,threshold 0.3,False,,,,
108560,threshold 0.2,False,,,,
108560,threshold 0.1,True,,,,False
108560,dot tolerance 15 px,False,,,,
108560,prompt ensemble (> 0.5),False,,,,
108560,threshold 0.3 + tolerance 15 + ensemble,False,,,,
108562,"production (fish > 0.5, on dot)",False,,,,
108562,threshold 0.3,True,1.198347564887709,0.022320628335867017,0.24457192763239682,False
108562,threshold 0.2,True,1.198347564887709,0.022320628335867017,0.24457192763239682,False
108562,threshold 0.1,True,1.198347564887709,0.022320628335867017,0.24457192763239682,False
108562,dot tolerance 15 px,False,,,,
108562,prompt ensemble (> 0.5),False,,,,
108562,threshold 0.3 + tolerance 15 + ensemble,True,1.190337498282608,0.035655119940035715,0.23872335461028008,False
108563,"production (fish > 0.5, on dot)",False,,,,
108563,threshold 0.3,True,1.126297949942987,0.029104998817844265,0.12951647778889264,False
108563,threshold 0.2,True,1.126297949942987,0.029104998817844265,0.12951647778889264,False
108563,threshold 0.1,True,1.126297949942987,0.029104998817844265,0.12951647778889264,False
108563,dot tolerance 15 px,False,,,,
108563,prompt ensemble (> 0.5),False,,,,
108563,threshold 0.3 + tolerance 15 + ensemble,True,1.126297949942987,0.029104998817844265,0.12951647778889264,False
108564,"production (fish > 0.5, on dot)",False,,,,
108564,threshold 0.3,False,,,,
108564,threshold 0.2,False,,,,
108564,threshold 0.1,False,,,,
108564,dot tolerance 15 px,False,,,,
108564,prompt ensemble (> 0.5),False,,,,
108564,threshold 0.3 + tolerance 15 + ensemble,False,,,,
108565,"production (fish > 0.5, on dot)",True,0.9774141065140856,0.002543645346910976,0.04978689391914225,False
108565,threshold 0.3,True,0.9774141065140856,0.002543645346910976,0.04978689391914225,False
108565,threshold 0.2,True,0.9774141065140856,0.002543645346910976,0.04978689391914225,False
108565,threshold 0.1,True,0.9774141065140856,0.002543645346910976,0.04978689391914225,False
108565,dot tolerance 15 px,True,0.9774141065140856,0.002543645346910976,0.04978689391914225,False
108565,prompt ensemble (> 0.5),True,0.9774141065140856,0.002543645346910976,0.04978689391914225,False
108565,threshold 0.3 + tolerance 15 + ensemble,True,0.9774141065140856,0.002543645346910976,0.04978689391914225,False
108566,"production (fish > 0.5, on dot)",False,,,,
108566,threshold 0.3,True,1.0236901883150777,0.019364337571098338,0.012990812699115886,False
108566,threshold 0.2,True,1.0236901883150777,0.019364337571098338,0.012990812699115886,False
108566,threshold 0.1,True,1.0236901883150777,0.019364337571098338,0.012990812699115886,False
108566,dot tolerance 15 px,False,,,,
108566,prompt ensemble (> 0.5),False,,,,
108566,threshold 0.3 + tolerance 15 + ensemble,True,1.0236901883150777,0.019364337571098338,0.012990812699115886,False
108567,"production (fish > 0.5, on dot)",False,,,,
108567,threshold 0.3,False,,,,
108567,threshold 0.2,True,,,,False
108567,threshold 0.1,True,,,,False
108567,dot tolerance 15 px,False,,,,
108567,prompt ensemble (> 0.5),False,,,,
108567,threshold 0.3 + tolerance 15 + ensemble,False,,,,
108569,"production (fish > 0.5, on dot)",False,,,,
108569,threshold 0.3,False,,,,
108569,threshold 0.2,True,,,,False
108569,threshold 0.1,True,,,,False
108569,dot tolerance 15 px,False,,,,
108569,prompt ensemble (> 0.5),False,,,,
108569,threshold 0.3 + tolerance 15 + ensemble,False,,,,
108573,"production (fish > 0.5, on dot)",True,1.067936846493696,0.06542917258273952,0.06267906499432589,False
108573,threshold 0.3,True,1.067936846493696,0.06542917258273952,0.06267906499432589,False
108573,threshold 0.2,True,1.067936846493696,0.06542917258273952,0.06267906499432589,False
108573,threshold 0.1,True,1.067936846493696,0.06542917258273952,0.06267906499432589,False
108573,dot tolerance 15 px,True,1.067936846493696,0.06542917258273952,0.06267906499432589,False
108573,prompt ensemble (> 0.5),True,1.067936846493696,0.06542917258273952,0.06267906499432589,False
108573,threshold 0.3 + tolerance 15 + ensemble,True,1.067936846493696,0.06542917258273952,0.06267906499432589,False
108574,"production (fish > 0.5, on dot)",False,,,,
108574,threshold 0.3,True,1.0686784477557136,0.034298503599118416,0.11825844154375759,False
108574,threshold 0.2,True,1.0686784477557136,0.034298503599118416,0.11825844154375759,False
108574,threshold 0.1,True,1.0686784477557136,0.034298503599118416,0.11825844154375759,False
108574,dot tolerance 15 px,False,,,,
108574,prompt ensemble (> 0.5),False,,,,
108574,threshold 0.3 + tolerance 15 + ensemble,True,1.0686784477557136,0.034298503599118416,0.11825844154375759,False
108578,"production (fish > 0.5, on dot)",False,,,,
108578,threshold 0.3,False,,,,
108578,threshold 0.2,False,,,,
108578,threshold 0.1,False,,,,
108578,dot tolerance 15 px,False,,,,
108578,prompt ensemble (> 0.5),False,,,,
108578,threshold 0.3 + tolerance 15 + ensemble,False,,,,
108581,"production (fish > 0.5, on dot)",False,,,,
108581,threshold 0.3,False,,,,
108581,threshold 0.2,False,,,,
108581,threshold 0.1,False,,,,
108581,dot tolerance 15 px,False,,,,
108581,prompt ensemble (> 0.5),False,,,,
108581,threshold 0.3 + tolerance 15 + ensemble,False,,,,
108583,"production (fish > 0.5, on dot)",False,,,,
108583,threshold 0.3,False,,,,
108583,threshold 0.2,False,,,,
108583,threshold 0.1,False,,,,
108583,dot tolerance 15 px,False,,,,
108583,prompt ensemble (> 0.5),False,,,,
108583,threshold 0.3 + tolerance 15 + ensemble,False,,,,
108588,"production (fish > 0.5, on dot)",False,,,,
108588,threshold 0.3,False,,,,
108588,threshold 0.2,False,,,,
108588,threshold 0.1,False,,,,
108588,dot tolerance 15 px,False,,,,
108588,prompt ensemble (> 0.5),False,,,,
108588,threshold 0.3 + tolerance 15 + ensemble,False,,,,
108590,"production (fish > 0.5, on dot)",False,,,,
108590,threshold 0.3,False,,,,
108590,threshold 0.2,False,,,,
108590,threshold 0.1,False,,,,
108590,dot tolerance 15 px,False,,,,
108590,prompt ensemble (> 0.5),False,,,,
108590,threshold 0.3 + tolerance 15 + ensemble,False,,,,
108593,"production (fish > 0.5, on dot)",False,,,,
108593,threshold 0.3,False,,,,
108593,threshold 0.2,False,,,,
108593,threshold 0.1,False,,,,
108593,dot tolerance 15 px,False,,,,
108593,prompt ensemble (> 0.5),False,,,,
108593,threshold 0.3 + tolerance 15 + ensemble,False,,,,
108600,"production (fish > 0.5, on dot)",False,,,,
108600,threshold 0.3,False,,,,
108600,threshold 0.2,False,,,,
108600,threshold 0.1,False,,,,
108600,dot tolerance 15 px,False,,,,
108600,prompt ensemble (> 0.5),False,,,,
108600,threshold 0.3 + tolerance 15 + ensemble,False,,,,
108601,"production (fish > 0.5, on dot)",False,,,,
108601,threshold 0.3,False,,,,
108601,threshold 0.2,False,,,,
108601,threshold 0.1,False,,,,
108601,dot tolerance 15 px,False,,,,
108601,prompt ensemble (> 0.5),False,,,,
108601,threshold 0.3 + tolerance 15 + ensemble,False,,,,
108605,"production (fish > 0.5, on dot)",False,,,,
108605,threshold 0.3,False,,,,
108605,threshold 0.2,False,,,,
108605,threshold 0.1,False,,,,
108605,dot tolerance 15 px,False,,,,
108605,prompt ensemble (> 0.5),False,,,,
108605,threshold 0.3 + tolerance 15 + ensemble,False,,,,
108606,"production (fish > 0.5, on dot)",False,,,,
108606,threshold 0.3,False,,,,
108606,threshold 0.2,False,,,,
108606,threshold 0.1,False,,,,
108606,dot tolerance 15 px,False,,,,
108606,prompt ensemble (> 0.5),False,,,,
108606,threshold 0.3 + tolerance 15 + ensemble,False,,,,
108612,"production (fish > 0.5, on dot)",False,,,,
108612,threshold 0.3,False,,,,
108612,threshold 0.2,False,,,,
108612,threshold 0.1,False,,,,
108612,dot tolerance 15 px,False,,,,
108612,prompt ensemble (> 0.5),False,,,,
108612,threshold 0.3 + tolerance 15 + ensemble,False,,,,
108613,"production (fish > 0.5, on dot)",False,,,,
108613,threshold 0.3,False,,,,
108613,threshold 0.2,False,,,,
108613,threshold 0.1,False,,,,
108613,dot tolerance 15 px,False,,,,
108613,prompt ensemble (> 0.5),False,,,,
108613,threshold 0.3 + tolerance 15 + ensemble,False,,,,
108615,"production (fish > 0.5, on dot)",False,,,,
108615,threshold 0.3,False,,,,
108615,threshold 0.2,False,,,,
108615,threshold 0.1,False,,,,
108615,dot tolerance 15 px,False,,,,
108615,prompt ensemble (> 0.5),False,,,,
108615,threshold 0.3 + tolerance 15 + ensemble,False,,,,
108616,"production (fish > 0.5, on dot)",False,,,,
108616,threshold 0.3,False,,,,
108616,threshold 0.2,False,,,,
108616,threshold 0.1,False,,,,
108616,dot tolerance 15 px,False,,,,
108616,prompt ensemble (> 0.5),False,,,,
108616,threshold 0.3 + tolerance 15 + ensemble,False,,,,
108618,"production (fish > 0.5, on dot)",False,,,,
108618,threshold 0.3,False,,,,
108618,threshold 0.2,False,,,,
108618,threshold 0.1,False,,,,
108618,dot tolerance 15 px,False,,,,
108618,prompt ensemble (> 0.5),False,,,,
108618,threshold 0.3 + tolerance 15 + ensemble,False,,,,
108619,"production (fish > 0.5, on dot)",False,,,,
108619,threshold 0.3,False,,,,
108619,threshold 0.2,False,,,,
108619,threshold 0.1,False,,,,
108619,dot tolerance 15 px,False,,,,
108619,prompt ensemble (> 0.5),False,,,,
108619,threshold 0.3 + tolerance 15 + ensemble,False,,,,
108624,"production (fish > 0.5, on dot)",False,,,,
108624,threshold 0.3,False,,,,
108624,threshold 0.2,False,,,,
108624,threshold 0.1,False,,,,
108624,dot tolerance 15 px,False,,,,
108624,prompt ensemble (> 0.5),False,,,,
108624,threshold 0.3 + tolerance 15 + ensemble,False,,,,
108627,"production (fish > 0.5, on dot)",False,,,,
108627,threshold 0.3,False,,,,
108627,threshold 0.2,False,,,,
108627,threshold 0.1,False,,,,
108627,dot tolerance 15 px,False,,,,
108627,prompt ensemble (> 0.5),False,,,,
108627,threshold 0.3 + tolerance 15 + ensemble,False,,,,
108631,"production (fish > 0.5, on dot)",False,,,,
108631,threshold 0.3,False,,,,
108631,threshold 0.2,False,,,,
108631,threshold 0.1,False,,,,
108631,dot tolerance 15 px,False,,,,
108631,prompt ensemble (> 0.5),False,,,,
108631,threshold 0.3 + tolerance 15 + ensemble,False,,,,
108633,"production (fish > 0.5, on dot)",False,,,,
108633,threshold 0.3,False,,,,
108633,threshold 0.2,False,,,,
108633,threshold 0.1,False,,,,
108633,dot tolerance 15 px,False,,,,
108633,prompt ensemble (> 0.5),False,,,,
108633,threshold 0.3 + tolerance 15 + ensemble,False,,,,
108636,"production (fish > 0.5, on dot)",False,,,,
108636,threshold 0.3,False,,,,
108636,threshold 0.2,False,,,,
108636,threshold 0.1,False,,,,
108636,dot tolerance 15 px,False,,,,
108636,prompt ensemble (> 0.5),False,,,,
108636,threshold 0.3 + tolerance 15 + ensemble,False,,,,
108637,"production (fish > 0.5, on dot)",False,,,,
108637,threshold 0.3,False,,,,
108637,threshold 0.2,False,,,,
108637,threshold 0.1,False,,,,
108637,dot tolerance 15 px,False,,,,
108637,prompt ensemble (> 0.5),False,,,,
108637,threshold 0.3 + tolerance 15 + ensemble,False,,,,
108638,"production (fish > 0.5, on dot)",False,,,,
108638,threshold 0.3,False,,,,
108638,threshold 0.2,False,,,,
108638,threshold 0.1,False,,,,
108638,dot tolerance 15 px,False,,,,
108638,prompt ensemble (> 0.5),False,,,,
108638,threshold 0.3 + tolerance 15 + ensemble,False,,,,
108639,"production (fish > 0.5, on dot)",False,,,,
108639,threshold 0.3,False,,,,
108639,threshold 0.2,False,,,,
108639,threshold 0.1,False,,,,
108639,dot tolerance 15 px,False,,,,
108639,prompt ensemble (> 0.5),False,,,,
108639,threshold 0.3 + tolerance 15 + ensemble,False,,,,
108640,"production (fish > 0.5, on dot)",False,,,,
108640,threshold 0.3,False,,,,
108640,threshold 0.2,False,,,,
108640,threshold 0.1,False,,,,
108640,dot tolerance 15 px,False,,,,
108640,prompt ensemble (> 0.5),False,,,,
108640,threshold 0.3 + tolerance 15 + ensemble,False,,,,
108644,"production (fish > 0.5, on dot)",False,,,,
108644,threshold 0.3,False,,,,
108644,threshold 0.2,False,,,,
108644,threshold 0.1,False,,,,
108644,dot tolerance 15 px,False,,,,
108644,prompt ensemble (> 0.5),False,,,,
108644,threshold 0.3 + tolerance 15 + ensemble,False,,,,
108647,"production (fish > 0.5, on dot)",False,,,,
108647,threshold 0.3,False,,,,
108647,threshold 0.2,False,,,,
108647,threshold 0.1,True,,,,False
108647,dot tolerance 15 px,False,,,,
108647,prompt ensemble (> 0.5),False,,,,
108647,threshold 0.3 + tolerance 15 + ensemble,False,,,,
108649,"production (fish > 0.5, on dot)",False,,,,
108649,threshold 0.3,False,,,,
108649,threshold 0.2,True,,,,False
108649,threshold 0.1,True,,,,False
108649,dot tolerance 15 px,False,,,,
108649,prompt ensemble (> 0.5),False,,,,
108649,threshold 0.3 + tolerance 15 + ensemble,False,,,,
108650,"production (fish > 0.5, on dot)",True,,,,False
108650,threshold 0.3,True,,,,False
108650,threshold 0.2,True,,,,False
108650,threshold 0.1,True,,,,False
108650,dot tolerance 15 px,True,,,,False
108650,prompt ensemble (> 0.5),True,,,,False
108650,threshold 0.3 + tolerance 15 + ensemble,True,,,,False
108651,"production (fish > 0.5, on dot)",False,,,,
108651,threshold 0.3,False,,,,
108651,threshold 0.2,False,,,,
108651,threshold 0.1,False,,,,
108651,dot tolerance 15 px,False,,,,
108651,prompt ensemble (> 0.5),False,,,,
108651,threshold 0.3 + tolerance 15 + ensemble,True,,,,False
108652,"production (fish > 0.5, on dot)",False,,,,
108652,threshold 0.3,False,,,,
108652,threshold 0.2,False,,,,
108652,threshold 0.1,False,,,,
108652,dot tolerance 15 px,False,,,,
108652,prompt ensemble (> 0.5),False,,,,
108652,threshold 0.3 + tolerance 15 + ensemble,False,,,,
108653,"production (fish > 0.5, on dot)",False,,,,
108653,threshold 0.3,False,,,,
108653,threshold 0.2,False,,,,
108653,threshold 0.1,False,,,,
108653,dot tolerance 15 px,False,,,,
108653,prompt ensemble (> 0.5),False,,,,
108653,threshold 0.3 + tolerance 15 + ensemble,False,,,,
108654,"production (fish > 0.5, on dot)",False,,,,
108654,threshold 0.3,False,,,,
108654,threshold 0.2,False,,,,
108654,threshold 0.1,False,,,,
108654,dot tolerance 15 px,True,0.8718693692458764,0.05553920396843077,0.10492933562230573,False
108654,prompt ensemble (> 0.5),False,,,,
108654,threshold 0.3 + tolerance 15 + ensemble,True,0.8718693692458764,0.05553920396843077,0.10492933562230573,False
108655,"production (fish > 0.5, on dot)",False,,,,
108655,threshold 0.3,False,,,,
108655,threshold 0.2,False,,,,
108655,threshold 0.1,False,,,,
108655,dot tolerance 15 px,False,,,,
108655,prompt ensemble (> 0.5),False,,,,
108655,threshold 0.3 + tolerance 15 + ensemble,True,,,,False
108658,"production (fish > 0.5, on dot)",False,,,,
108658,threshold 0.3,False,,,,
108658,threshold 0.2,False,,,,
108658,threshold 0.1,False,,,,
108658,dot tolerance 15 px,True,0.8770831368332597,0.1301134375151276,0.015464023254941933,False
108658,prompt ensemble (> 0.5),False,,,,
108658,threshold 0.3 + tolerance 15 + ensemble,True,0.8770831368332597,0.1301134375151276,0.015464023254941933,False
108660,"production (fish > 0.5, on dot)",True,0.9762887189017592,0.04406635901990025,0.033314626101751,False
108660,threshold 0.3,True,0.9762887189017592,0.04406635901990025,0.033314626101751,False
108660,threshold 0.2,True,0.9762887189017592,0.04406635901990025,0.033314626101751,False
108660,threshold 0.1,True,0.9762887189017592,0.04406635901990025,0.033314626101751,False
108660,dot tolerance 15 px,True,0.9762887189017592,0.04406635901990025,0.033314626101751,False
108660,prompt ensemble (> 0.5),True,0.9762887189017592,0.04406635901990025,0.033314626101751,False
108660,threshold 0.3 + tolerance 15 + ensemble,True,0.9762887189017592,0.04406635901990025,0.033314626101751,False
108662,"production (fish > 0.5, on dot)",False,,,,
108662,threshold 0.3,False,,,,
108662,threshold 0.2,False,,,,
108662,threshold 0.1,False,,,,
108662,dot tolerance 15 px,False,,,,
108662,prompt ensemble (> 0.5),False,,,,
108662,threshold 0.3 + tolerance 15 + ensemble,False,,,,
108663,"production (fish > 0.5, on dot)",False,,,,
108663,threshold 0.3,False,,,,
108663,threshold 0.2,False,,,,
108663,threshold 0.1,False,,,,
108663,dot tolerance 15 px,False,,,,
108663,prompt ensemble (> 0.5),False,,,,
108663,threshold 0.3 + tolerance 15 + ensemble,False,,,,
108670,"production (fish > 0.5, on dot)",False,,,,
108670,threshold 0.3,False,,,,
108670,threshold 0.2,False,,,,
108670,threshold 0.1,False,,,,
108670,dot tolerance 15 px,False,,,,
108670,prompt ensemble (> 0.5),False,,,,
108670,threshold 0.3 + tolerance 15 + ensemble,False,,,,
108673,"production (fish > 0.5, on dot)",False,,,,
108673,threshold 0.3,False,,,,
108673,threshold 0.2,False,,,,
108673,threshold 0.1,False,,,,
108673,dot tolerance 15 px,False,,,,
108673,prompt ensemble (> 0.5),False,,,,
108673,threshold 0.3 + tolerance 15 + ensemble,False,,,,
108674,"production (fish > 0.5, on dot)",False,,,,
108674,threshold 0.3,False,,,,
108674,threshold 0.2,False,,,,
108674,threshold 0.1,False,,,,
108674,dot tolerance 15 px,False,,,,
108674,prompt ensemble (> 0.5),False,,,,
108674,threshold 0.3 + tolerance 15 + ensemble,False,,,,
108679,"production (fish > 0.5, on dot)",False,,,,
108679,threshold 0.3,False,,,,
108679,threshold 0.2,False,,,,
108679,threshold 0.1,False,,,,
108679,dot tolerance 15 px,False,,,,
108679,prompt ensemble (> 0.5),False,,,,
108679,threshold 0.3 + tolerance 15 + ensemble,False,,,,
108681,"production (fish > 0.5, on dot)",False,,,,
108681,threshold 0.3,False,,,,
108681,threshold 0.2,False,,,,
108681,threshold 0.1,False,,,,
108681,dot tolerance 15 px,False,,,,
108681,prompt ensemble (> 0.5),False,,,,
108681,threshold 0.3 + tolerance 15 + ensemble,False,,,,
108682,"production (fish > 0.5, on dot)",False,,,,
108682,threshold 0.3,False,,,,
108682,threshold 0.2,False,,,,
108682,threshold 0.1,False,,,,
108682,dot tolerance 15 px,False,,,,
108682,prompt ensemble (> 0.5),False,,,,
108682,threshold 0.3 + tolerance 15 + ensemble,False,,,,
108683,"production (fish > 0.5, on dot)",False,,,,
108683,threshold 0.3,False,,,,
108683,threshold 0.2,False,,,,
108683,threshold 0.1,False,,,,
108683,dot tolerance 15 px,False,,,,
108683,prompt ensemble (> 0.5),False,,,,
108683,threshold 0.3 + tolerance 15 + ensemble,False,,,,
108686,"production (fish > 0.5, on dot)",False,,,,
108686,threshold 0.3,False,,,,
108686,threshold 0.2,False,,,,
108686,threshold 0.1,False,,,,
108686,dot tolerance 15 px,False,,,,
108686,prompt ensemble (> 0.5),False,,,,
108686,threshold 0.3 + tolerance 15 + ensemble,False,,,,
108688,"production (fish > 0.5, on dot)",False,,,,
108688,threshold 0.3,False,,,,
108688,threshold 0.2,False,,,,
108688,threshold 0.1,False,,,,
108688,dot tolerance 15 px,False,,,,
108688,prompt ensemble (> 0.5),False,,,,
108688,threshold 0.3 + tolerance 15 + ensemble,False,,,,
108689,"production (fish > 0.5, on dot)",False,,,,
108689,threshold 0.3,False,,,,
108689,threshold 0.2,False,,,,
108689,threshold 0.1,False,,,,
108689,dot tolerance 15 px,False,,,,
108689,prompt ensemble (> 0.5),False,,,,
108689,threshold 0.3 + tolerance 15 + ensemble,False,,,,
108690,"production (fish > 0.5, on dot)",False,,,,
108690,threshold 0.3,False,,,,
108690,threshold 0.2,False,,,,
108690,threshold 0.1,False,,,,
108690,dot tolerance 15 px,False,,,,
108690,prompt ensemble (> 0.5),False,,,,
108690,threshold 0.3 + tolerance 15 + ensemble,False,,,,
108691,"production (fish > 0.5, on dot)",False,,,,
108691,threshold 0.3,False,,,,
108691,threshold 0.2,False,,,,
108691,threshold 0.1,False,,,,
108691,dot tolerance 15 px,False,,,,
108691,prompt ensemble (> 0.5),False,,,,
108691,threshold 0.3 + tolerance 15 + ensemble,False,,,,
108696,"production (fish > 0.5, on dot)",False,,,,
108696,threshold 0.3,False,,,,
108696,threshold 0.2,False,,,,
108696,threshold 0.1,False,,,,
108696,dot tolerance 15 px,False,,,,
108696,prompt ensemble (> 0.5),False,,,,
108696,threshold 0.3 + tolerance 15 + ensemble,False,,,,
108698,"production (fish > 0.5, on dot)",False,,,,
108698,threshold 0.3,False,,,,
108698,threshold 0.2,False,,,,
108698,threshold 0.1,False,,,,
108698,dot tolerance 15 px,False,,,,
108698,prompt ensemble (> 0.5),False,,,,
108698,threshold 0.3 + tolerance 15 + ensemble,False,,,,
108700,"production (fish > 0.5, on dot)",False,,,,
108700,threshold 0.3,False,,,,
108700,threshold 0.2,False,,,,
108700,threshold 0.1,False,,,,
108700,dot tolerance 15 px,False,,,,
108700,prompt ensemble (> 0.5),False,,,,
108700,threshold 0.3 + tolerance 15 + ensemble,False,,,,
108701,"production (fish > 0.5, on dot)",False,,,,
108701,threshold 0.3,False,,,,
108701,threshold 0.2,False,,,,
108701,threshold 0.1,False,,,,
108701,dot tolerance 15 px,False,,,,
108701,prompt ensemble (> 0.5),False,,,,
108701,threshold 0.3 + tolerance 15 + ensemble,False,,,,
111916,"production (fish > 0.5, on dot)",True,1.0053522410079387,0.005810404882573096,0.11993961577435348,False
111916,threshold 0.3,True,1.0053522410079387,0.005810404882573096,0.11993961577435348,False
111916,threshold 0.2,True,1.0053522410079387,0.005810404882573096,0.11993961577435348,False
111916,threshold 0.1,True,1.0053522410079387,0.005810404882573096,0.11993961577435348,False
111916,dot tolerance 15 px,True,1.0053522410079387,0.005810404882573096,0.11993961577435348,False
111916,prompt ensemble (> 0.5),True,1.0053522410079387,0.005810404882573096,0.11993961577435348,False
111916,threshold 0.3 + tolerance 15 + ensemble,True,1.0053522410079387,0.005810404882573096,0.11993961577435348,False
111919,"production (fish > 0.5, on dot)",True,0.9931302933629724,0.004666491524468516,0.026616888224677948,True
111919,threshold 0.3,True,0.9931302933629724,0.004666491524468516,0.026616888224677948,True
111919,threshold 0.2,True,0.9931302933629724,0.004666491524468516,0.026616888224677948,True
111919,threshold 0.1,True,0.9931302933629724,0.004666491524468516,0.026616888224677948,True
111919,dot tolerance 15 px,True,0.9931302933629724,0.004666491524468516,0.026616888224677948,True
111919,prompt ensemble (> 0.5),True,0.9931302933629724,0.004666491524468516,0.026616888224677948,True
111919,threshold 0.3 + tolerance 15 + ensemble,True,0.9931302933629724,0.004666491524468516,0.026616888224677948,True
111923,"production (fish > 0.5, on dot)",True,1.105110558713845,0.0029445145795808864,0.17675367686522803,False
111923,threshold 0.3,True,1.105110558713845,0.0029445145795808864,0.17675367686522803,False
111923,threshold 0.2,True,1.105110558713845,0.0029445145795808864,0.17675367686522803,False
111923,threshold 0.1,True,1.105110558713845,0.0029445145795808864,0.17675367686522803,False
111923,dot tolerance 15 px,True,1.105110558713845,0.0029445145795808864,0.17675367686522803,False
111923,prompt ensemble (> 0.5),True,1.105110558713845,0.0029445145795808864,0.17675367686522803,False
111923,threshold 0.3 + tolerance 15 + ensemble,True,1.105110558713845,0.0029445145795808864,0.17675367686522803,False
111924,"production (fish > 0.5, on dot)",True,1.1025244506303062,0.007045455141283951,0.2222810836319852,False
111924,threshold 0.3,True,1.1025244506303062,0.007045455141283951,0.2222810836319852,False
111924,threshold 0.2,True,1.1025244506303062,0.007045455141283951,0.2222810836319852,False
111924,threshold 0.1,True,1.1025244506303062,0.007045455141283951,0.2222810836319852,False
111924,dot tolerance 15 px,True,1.1025244506303062,0.007045455141283951,0.2222810836319852,False
111924,prompt ensemble (> 0.5),True,1.1025244506303062,0.007045455141283951,0.2222810836319852,False
111924,threshold 0.3 + tolerance 15 + ensemble,True,1.1025244506303062,0.007045455141283951,0.2222810836319852,False
111925,"production (fish > 0.5, on dot)",True,1.0994287427937364,0.010036768844227486,0.2035957061244854,False
111925,threshold 0.3,True,1.0994287427937364,0.010036768844227486,0.2035957061244854,False
111925,threshold 0.2,True,1.0994287427937364,0.010036768844227486,0.2035957061244854,False
111925,threshold 0.1,True,1.0994287427937364,0.010036768844227486,0.2035957061244854,False
111925,dot tolerance 15 px,True,1.0994287427937364,0.010036768844227486,0.2035957061244854,False
111925,prompt ensemble (> 0.5),True,1.0994287427937364,0.010036768844227486,0.2035957061244854,False
111925,threshold 0.3 + tolerance 15 + ensemble,True,1.0994287427937364,0.010036768844227486,0.2035957061244854,False
111926,"production (fish > 0.5, on dot)",True,0.99476300554529,0.0035928512535643923,0.013684246883504288,False
111926,threshold 0.3,True,0.99476300554529,0.0035928512535643923,0.013684246883504288,False
111926,threshold 0.2,True,0.99476300554529,0.0035928512535643923,0.013684246883504288,False
111926,threshold 0.1,True,0.99476300554529,0.0035928512535643923,0.013684246883504288,False
111926,dot tolerance 15 px,True,0.99476300554529,0.0035928512535643923,0.013684246883504288,False
111926,prompt ensemble (> 0.5),True,0.99476300554529,0.0035928512535643923,0.013684246883504288,False
111926,threshold 0.3 + tolerance 15 + ensemble,True,0.99476300554529,0.0035928512535643923,0.013684246883504288,False
111927,"production (fish > 0.5, on dot)",True,1.1131180312044149,0.011532090071241776,0.22774008697508985,False
111927,threshold 0.3,True,1.1131180312044149,0.011532090071241776,0.22774008697508985,False
111927,threshold 0.2,True,1.1131180312044149,0.011532090071241776,0.22774008697508985,False
111927,threshold 0.1,True,1.1131180312044149,0.011532090071241776,0.22774008697508985,False
111927,dot tolerance 15 px,True,1.1131180312044149,0.011532090071241776,0.22774008697508985,False
111927,prompt ensemble (> 0.5),True,1.1131180312044149,0.011532090071241776,0.22774008697508985,False
111927,threshold 0.3 + tolerance 15 + ensemble,True,1.1131180312044149,0.011532090071241776,0.22774008697508985,False
111928,"production (fish > 0.5, on dot)",True,0.9341002096464147,0.015173793316730218,0.058819443056636854,False
111928,threshold 0.3,True,0.9341002096464147,0.015173793316730218,0.058819443056636854,False
111928,threshold 0.2,True,0.9341002096464147,0.015173793316730218,0.058819443056636854,False
111928,threshold 0.1,True,0.9341002096464147,0.015173793316730218,0.058819443056636854,False
111928,dot tolerance 15 px,True,0.9341002096464147,0.015173793316730218,0.058819443056636854,False
111928,prompt ensemble (> 0.5),True,0.9341002096464147,0.015173793316730218,0.058819443056636854,False
111928,threshold 0.3 + tolerance 15 + ensemble,True,0.9341002096464147,0.015173793316730218,0.058819443056636854,False
111929,"production (fish > 0.5, on dot)",False,,,,
111929,threshold 0.3,False,,,,
111929,threshold 0.2,False,,,,
111929,threshold 0.1,False,,,,
111929,dot tolerance 15 px,True,0.8056501327906561,0.1293986682093235,0.1212046432815256,True
111929,prompt ensemble (> 0.5),True,0.805468093941262,0.1293986682093235,0.12107592263539547,True
111929,threshold 0.3 + tolerance 15 + ensemble,True,0.8056501327906561,0.1293986682093235,0.1212046432815256,True
121926,"production (fish > 0.5, on dot)",False,,,,
121926,threshold 0.3,True,1.2590400296248032,0.00597603376061863,0.3566115090017545,False
121926,threshold 0.2,True,1.2590400296248032,0.00597603376061863,0.3566115090017545,False
121926,threshold 0.1,True,1.2590400296248032,0.00597603376061863,0.3566115090017545,False
121926,dot tolerance 15 px,False,,,,
121926,prompt ensemble (> 0.5),False,,,,
121926,threshold 0.3 + tolerance 15 + ensemble,True,1.2590400296248032,0.00597603376061863,0.3566115090017545,False
129267,"production (fish > 0.5, on dot)",False,,,,
129267,threshold 0.3,False,,,,
129267,threshold 0.2,True,0.9489050902560117,0.04829233651148235,0.02157300193876674,False
129267,threshold 0.1,True,0.9489050902560117,0.04829233651148235,0.02157300193876674,False
129267,dot tolerance 15 px,False,,,,
129267,prompt ensemble (> 0.5),False,,,,
129267,threshold 0.3 + tolerance 15 + ensemble,False,,,,
129268,"production (fish > 0.5, on dot)",False,,,,
129268,threshold 0.3,False,,,,
129268,threshold 0.2,False,,,,
129268,threshold 0.1,True,0.8644847855410877,0.03436471381453266,0.13276888933779368,False
129268,dot tolerance 15 px,False,,,,
129268,prompt ensemble (> 0.5),False,,,,
129268,threshold 0.3 + tolerance 15 + ensemble,False,,,,
129269,"production (fish > 0.5, on dot)",True,1.0078029828840405,0.015017562719617067,0.12316015868929378,False
129269,threshold 0.3,True,1.0078029828840405,0.015017562719617067,0.12316015868929378,False
129269,threshold 0.2,True,1.0078029828840405,0.015017562719617067,0.12316015868929378,False
129269,threshold 0.1,True,1.0078029828840405,0.015017562719617067,0.12316015868929378,False
129269,dot tolerance 15 px,True,1.0078029828840405,0.015017562719617067,0.12316015868929378,False
129269,prompt ensemble (> 0.5),True,1.0078029828840405,0.015017562719617067,0.12316015868929378,False
129269,threshold 0.3 + tolerance 15 + ensemble,True,1.0078029828840405,0.015017562719617067,0.12316015868929378,False
129273,"production (fish > 0.5, on dot)",True,0.9020863186656678,0.003986663686579613,0.10652731805563835,False
129273,threshold 0.3,True,0.9020863186656678,0.003986663686579613,0.10652731805563835,False
129273,threshold 0.2,True,0.9020863186656678,0.003986663686579613,0.10652731805563835,False
129273,threshold 0.1,True,0.9020863186656678,0.003986663686579613,0.10652731805563835,False
129273,dot tolerance 15 px,True,0.9020863186656678,0.003986663686579613,0.10652731805563835,False
129273,prompt ensemble (> 0.5),True,0.8984729113184283,0.005315344377180978,0.10634060129752282,False
129273,threshold 0.3 + tolerance 15 + ensemble,True,0.8984729113184283,0.005315344377180978,0.10634060129752282,False
129275,"production (fish > 0.5, on dot)",True,0.8672741633872337,0.012635216168423792,0.1299377526545466,False
129275,threshold 0.3,True,0.8672741633872337,0.012635216168423792,0.1299377526545466,False
129275,threshold 0.2,True,0.8672741633872337,0.012635216168423792,0.1299377526545466,False
129275,threshold 0.1,True,0.8672741633872337,0.012635216168423792,0.1299377526545466,False
129275,dot tolerance 15 px,True,0.8672741633872337,0.012635216168423792,0.1299377526545466,False
129275,prompt ensemble (> 0.5),True,0.8621486812416952,0.012635216168423792,0.1347196351488103,False
129275,threshold 0.3 + tolerance 15 + ensemble,True,0.8621486812416952,0.012635216168423792,0.1347196351488103,False
129276,"production (fish > 0.5, on dot)",True,0.8473739321571752,0.02874257032856954,0.14178214509747675,False
129276,threshold 0.3,True,0.8473739321571752,0.02874257032856954,0.14178214509747675,False
129276,threshold 0.2,True,0.8473739321571752,0.02874257032856954,0.14178214509747675,False
129276,threshold 0.1,True,0.8473739321571752,0.02874257032856954,0.14178214509747675,False
129276,dot tolerance 15 px,True,0.8473739321571752,0.02874257032856954,0.14178214509747675,False
129276,prompt ensemble (> 0.5),True,0.8425723549190192,0.026887274776928233,0.1442738965242681,False
129276,threshold 0.3 + tolerance 15 + ensemble,True,0.8425723549190192,0.026887274776928233,0.1442738965242681,False
129278,"production (fish > 0.5, on dot)",True,1.0011563333996079,0.02166555659930725,0.01865851134689198,False
129278,threshold 0.3,True,1.0011563333996079,0.02166555659930725,0.01865851134689198,False
129278,threshold 0.2,True,1.0011563333996079,0.02166555659930725,0.01865851134689198,False
129278,threshold 0.1,True,1.0011563333996079,0.02166555659930725,0.01865851134689198,False
129278,dot tolerance 15 px,True,1.0011563333996079,0.02166555659930725,0.01865851134689198,False
129278,prompt ensemble (> 0.5),True,1.0011563333996079,0.02166555659930725,0.01865851134689198,False
129278,threshold 0.3 + tolerance 15 + ensemble,True,1.0011563333996079,0.02166555659930725,0.01865851134689198,False
129280,"production (fish > 0.5, on dot)",True,0.9160012043187514,0.00320454703579923,0.11129544975307873,False
129280,threshold 0.3,True,0.9160012043187514,0.00320454703579923,0.11129544975307873,False
129280,threshold 0.2,True,0.9160012043187514,0.00320454703579923,0.11129544975307873,False
129280,threshold 0.1,True,0.9160012043187514,0.00320454703579923,0.11129544975307873,False
129280,dot tolerance 15 px,True,0.9160012043187514,0.00320454703579923,0.11129544975307873,False
129280,prompt ensemble (> 0.5),True,0.9153634513460042,0.00320454703579923,0.11009584314095962,False
129280,threshold 0.3 + tolerance 15 + ensemble,True,0.9153634513460042,0.00320454703579923,0.11009584314095962,False
129281,"production (fish > 0.5, on dot)",True,0.9951377042777928,0.012950035092873145,0.019619574244904,False
129281,threshold 0.3,True,0.9951377042777928,0.012950035092873145,0.019619574244904,False
129281,threshold 0.2,True,0.9951377042777928,0.012950035092873145,0.019619574244904,False
129281,threshold 0.1,True,0.9951377042777928,0.012950035092873145,0.019619574244904,False
129281,dot tolerance 15 px,True,0.9951377042777928,0.012950035092873145,0.019619574244904,False
129281,prompt ensemble (> 0.5),True,0.9941386107277511,0.015201381061885443,0.026373856734197305,False
129281,threshold 0.3 + tolerance 15 + ensemble,True,0.9941386107277511,0.015201381061885443,0.026373856734197305,False
129282,"production (fish > 0.5, on dot)",True,1.2606294917063339,0.016572801372612862,0.28354071155479343,False
129282,threshold 0.3,True,1.2606294917063339,0.016572801372612862,0.28354071155479343,False
129282,threshold 0.2,True,1.2606294917063339,0.016572801372612862,0.28354071155479343,False
129282,threshold 0.1,True,1.2606294917063339,0.016572801372612862,0.28354071155479343,False
129282,dot tolerance 15 px,True,1.2606294917063339,0.016572801372612862,0.28354071155479343,False
129282,prompt ensemble (> 0.5),True,1.2606294917063339,0.016572801372612862,0.28354071155479343,False
129282,threshold 0.3 + tolerance 15 + ensemble,True,1.2606294917063339,0.016572801372612862,0.28354071155479343,False
129285,"production (fish > 0.5, on dot)",True,0.9992026624688332,0.011563196032487103,0.10769488021147733,False
129285,threshold 0.3,True,0.9992026624688332,0.011563196032487103,0.10769488021147733,False
129285,threshold 0.2,True,0.9992026624688332,0.011563196032487103,0.10769488021147733,False
129285,threshold 0.1,True,0.9992026624688332,0.011563196032487103,0.10769488021147733,False
129285,dot tolerance 15 px,True,0.9992026624688332,0.011563196032487103,0.10769488021147733,False
129285,prompt ensemble (> 0.5),True,0.9904621504948727,0.015545317311511549,0.0038901812851080387,False
129285,threshold 0.3 + tolerance 15 + ensemble,True,0.9904621504948727,0.015545317311511549,0.0038901812851080387,False
129287,"production (fish > 0.5, on dot)",True,0.7099288077303715,0.19742009321982354,0.14284365600822885,False
129287,threshold 0.3,True,0.7099288077303715,0.19742009321982354,0.14284365600822885,False
129287,threshold 0.2,True,0.7099288077303715,0.19742009321982354,0.14284365600822885,False
129287,threshold 0.1,True,0.7099288077303715,0.19742009321982354,0.14284365600822885,False
129287,dot tolerance 15 px,True,0.7099288077303715,0.19742009321982354,0.14284365600822885,False
129287,prompt ensemble (> 0.5),True,0.7098400877748006,0.19742009321982354,0.13732021649370094,False
129287,threshold 0.3 + tolerance 15 + ensemble,True,0.7098400877748006,0.19742009321982354,0.13732021649370094,False
129294,"production (fish > 0.5, on dot)",False,,,,
129294,threshold 0.3,False,,,,
129294,threshold 0.2,False,,,,
129294,threshold 0.1,True,0.9732014579108533,0.05749686721333801,0.06217827784024009,False
129294,dot tolerance 15 px,False,,,,
129294,prompt ensemble (> 0.5),False,,,,
129294,threshold 0.3 + tolerance 15 + ensemble,False,,,,
129295,"production (fish > 0.5, on dot)",False,,,,
129295,threshold 0.3,False,,,,
129295,threshold 0.2,False,,,,
129295,threshold 0.1,False,,,,
129295,dot tolerance 15 px,False,,,,
129295,prompt ensemble (> 0.5),False,,,,
129295,threshold 0.3 + tolerance 15 + ensemble,False,,,,
129296,"production (fish > 0.5, on dot)",False,,,,
129296,threshold 0.3,False,,,,
129296,threshold 0.2,True,,,,False
129296,threshold 0.1,True,,,,False
129296,dot tolerance 15 px,False,,,,
129296,prompt ensemble (> 0.5),False,,,,
129296,threshold 0.3 + tolerance 15 + ensemble,False,,,,
129298,"production (fish > 0.5, on dot)",False,,,,
129298,threshold 0.3,False,,,,
129298,threshold 0.2,False,,,,
129298,threshold 0.1,True,1.0266298240339113,0.02097730609222355,0.062128554341132826,False
129298,dot tolerance 15 px,False,,,,
129298,prompt ensemble (> 0.5),False,,,,
129298,threshold 0.3 + tolerance 15 + ensemble,False,,,,
129299,"production (fish > 0.5, on dot)",False,,,,
129299,threshold 0.3,False,,,,
129299,threshold 0.2,False,,,,
129299,threshold 0.1,False,,,,
129299,dot tolerance 15 px,False,,,,
129299,prompt ensemble (> 0.5),False,,,,
129299,threshold 0.3 + tolerance 15 + ensemble,False,,,,
129301,"production (fish > 0.5, on dot)",False,,,,
129301,threshold 0.3,False,,,,
129301,threshold 0.2,False,,,,
129301,threshold 0.1,True,1.0333078090868657,0.12191768406934902,0.12214259881267203,False
129301,dot tolerance 15 px,False,,,,
129301,prompt ensemble (> 0.5),False,,,,
129301,threshold 0.3 + tolerance 15 + ensemble,False,,,,
129303,"production (fish > 0.5, on dot)",False,,,,
129303,threshold 0.3,True,1.0185594839409462,0.003922150465629718,0.14466751210219622,False
129303,threshold 0.2,True,1.0185594839409462,0.003922150465629718,0.14466751210219622,False
129303,threshold 0.1,True,1.0185594839409462,0.003922150465629718,0.14466751210219622,False
129303,dot tolerance 15 px,False,,,,
129303,prompt ensemble (> 0.5),False,,,,
129303,threshold 0.3 + tolerance 15 + ensemble,True,1.0185594839409462,0.003922150465629718,0.14466751210219622,False
129304,"production (fish > 0.5, on dot)",False,,,,
129304,threshold 0.3,False,,,,
129304,threshold 0.2,True,0.9424516024004486,0.01465314999574444,0.06819848691715796,False
129304,threshold 0.1,True,0.9424516024004486,0.01465314999574444,0.06819848691715796,False
129304,dot tolerance 15 px,False,,,,
129304,prompt ensemble (> 0.5),False,,,,
129304,threshold 0.3 + tolerance 15 + ensemble,False,,,,
129306,"production (fish > 0.5, on dot)",False,,,,
129306,threshold 0.3,False,,,,
129306,threshold 0.2,True,0.9712888396749108,0.007443561627525529,0.06343878348960685,False
129306,threshold 0.1,True,0.9712888396749108,0.007443561627525529,0.06343878348960685,False
129306,dot tolerance 15 px,False,,,,
129306,prompt ensemble (> 0.5),False,,,,
129306,threshold 0.3 + tolerance 15 + ensemble,False,,,,
129309,"production (fish > 0.5, on dot)",False,,,,
129309,threshold 0.3,False,,,,
129309,threshold 0.2,False,,,,
129309,threshold 0.1,False,,,,
129309,dot tolerance 15 px,False,,,,
129309,prompt ensemble (> 0.5),False,,,,
129309,threshold 0.3 + tolerance 15 + ensemble,False,,,,
129311,"production (fish > 0.5, on dot)",False,,,,
129311,threshold 0.3,False,,,,
129311,threshold 0.2,False,,,,
129311,threshold 0.1,False,,,,
129311,dot tolerance 15 px,False,,,,
129311,prompt ensemble (> 0.5),False,,,,
129311,threshold 0.3 + tolerance 15 + ensemble,False,,,,
129312,"production (fish > 0.5, on dot)",False,,,,
129312,threshold 0.3,False,,,,
129312,threshold 0.2,False,,,,
129312,threshold 0.1,False,,,,
129312,dot tolerance 15 px,False,,,,
129312,prompt ensemble (> 0.5),False,,,,
129312,threshold 0.3 + tolerance 15 + ensemble,False,,,,
129326,"production (fish > 0.5, on dot)",False,,,,
129326,threshold 0.3,False,,,,
129326,threshold 0.2,False,,,,
129326,threshold 0.1,True,0.9762316089090315,0.03872056425906549,0.007494335929856314,False
129326,dot tolerance 15 px,False,,,,
129326,prompt ensemble (> 0.5),False,,,,
129326,threshold 0.3 + tolerance 15 + ensemble,False,,,,
129327,"production (fish > 0.5, on dot)",False,,,,
129327,threshold 0.3,False,,,,
129327,threshold 0.2,False,,,,
129327,threshold 0.1,True,0.9343643336907844,0.05123787432377608,0.07185257861766857,False
129327,dot tolerance 15 px,False,,,,
129327,prompt ensemble (> 0.5),False,,,,
129327,threshold 0.3 + tolerance 15 + ensemble,False,,,,
129329,"production (fish > 0.5, on dot)",False,,,,
129329,threshold 0.3,False,,,,
129329,threshold 0.2,True,0.9869479425234025,0.014772200482151656,0.0167249691050899,False
129329,threshold 0.1,True,0.9869479425234025,0.014772200482151656,0.0167249691050899,False
129329,dot tolerance 15 px,False,,,,
129329,prompt ensemble (> 0.5),False,,,,
129329,threshold 0.3 + tolerance 15 + ensemble,False,,,,
129340,"production (fish > 0.5, on dot)",True,0.5438735943840856,0.10584076576701802,0.35319944335944864,False
129340,threshold 0.3,True,0.5438735943840856,0.10584076576701802,0.35319944335944864,False
129340,threshold 0.2,True,0.5438735943840856,0.10584076576701802,0.35319944335944864,False
129340,threshold 0.1,True,0.5438735943840856,0.10584076576701802,0.35319944335944864,False
129340,dot tolerance 15 px,True,0.5438735943840856,0.10584076576701802,0.35319944335944864,False
129340,prompt ensemble (> 0.5),True,0.5438735943840856,0.10584076576701802,0.35319944335944864,False
129340,threshold 0.3 + tolerance 15 + ensemble,True,0.5438735943840856,0.10584076576701802,0.35319944335944864,False
129342,"production (fish > 0.5, on dot)",True,1.0609351726181322,0.007400505748662159,0.14088117995229593,False
129342,threshold 0.3,True,1.0609351726181322,0.007400505748662159,0.14088117995229593,False
129342,threshold 0.2,True,1.0609351726181322,0.007400505748662159,0.14088117995229593,False
129342,threshold 0.1,True,1.0609351726181322,0.007400505748662159,0.14088117995229593,False
129342,dot tolerance 15 px,True,1.0609351726181322,0.007400505748662159,0.14088117995229593,False
129342,prompt ensemble (> 0.5),True,1.0601771296298184,0.00589372296238602,0.14272943102260016,False
129342,threshold 0.3 + tolerance 15 + ensemble,True,1.0601771296298184,0.00589372296238602,0.14272943102260016,False
129343,"production (fish > 0.5, on dot)",True,0.7994974998105254,0.018692400909731562,0.22684064680835977,False
129343,threshold 0.3,True,0.7994974998105254,0.018692400909731562,0.22684064680835977,False
129343,threshold 0.2,True,0.7994974998105254,0.018692400909731562,0.22684064680835977,False
129343,threshold 0.1,True,0.7994974998105254,0.018692400909731562,0.22684064680835977,False
129343,dot tolerance 15 px,True,0.7994974998105254,0.018692400909731562,0.22684064680835977,False
129343,prompt ensemble (> 0.5),True,0.7994974998105254,0.018692400909731562,0.22684064680835977,False
129343,threshold 0.3 + tolerance 15 + ensemble,True,0.7994974998105254,0.018692400909731562,0.22684064680835977,False
129344,"production (fish > 0.5, on dot)",True,0.7981323715875183,0.009149316782593897,0.2110137110185065,False
129344,threshold 0.3,True,0.7981323715875183,0.009149316782593897,0.2110137110185065,False
129344,threshold 0.2,True,0.7981323715875183,0.009149316782593897,0.2110137110185065,False
129344,threshold 0.1,True,0.7981323715875183,0.009149316782593897,0.2110137110185065,False
129344,dot tolerance 15 px,True,0.7981323715875183,0.009149316782593897,0.2110137110185065,False
129344,prompt ensemble (> 0.5),True,0.7965437338249239,0.010856393287696435,0.21316251083348808,False
129344,threshold 0.3 + tolerance 15 + ensemble,True,0.7965437338249239,0.010856393287696435,0.21316251083348808,False
129345,"production (fish > 0.5, on dot)",True,0.9773442048401848,0.01661720814763036,0.0585376011165846,False
129345,threshold 0.3,True,0.9773442048401848,0.01661720814763036,0.0585376011165846,False
129345,threshold 0.2,True,0.9773442048401848,0.01661720814763036,0.0585376011165846,False
129345,threshold 0.1,True,0.9773442048401848,0.01661720814763036,0.0585376011165846,False
129345,dot tolerance 15 px,True,0.9773442048401848,0.01661720814763036,0.0585376011165846,False
129345,prompt ensemble (> 0.5),True,0.9742591499768744,0.019002644459172668,0.062770665123115,False
129345,threshold 0.3 + tolerance 15 + ensemble,True,0.9742591499768744,0.019002644459172668,0.062770665123115,False
129347,"production (fish > 0.5, on dot)",False,,,,
129347,threshold 0.3,False,,,,
129347,threshold 0.2,False,,,,
129347,threshold 0.1,False,,,,
129347,dot tolerance 15 px,False,,,,
129347,prompt ensemble (> 0.5),False,,,,
129347,threshold 0.3 + tolerance 15 + ensemble,False,,,,
129350,"production (fish > 0.5, on dot)",False,,,,
129350,threshold 0.3,False,,,,
129350,threshold 0.2,False,,,,
129350,threshold 0.1,True,,,,False
129350,dot tolerance 15 px,False,,,,
129350,prompt ensemble (> 0.5),False,,,,
129350,threshold 0.3 + tolerance 15 + ensemble,False,,,,
129352,"production (fish > 0.5, on dot)",False,,,,
129352,threshold 0.3,False,,,,
129352,threshold 0.2,False,,,,
129352,threshold 0.1,False,,,,
129352,dot tolerance 15 px,False,,,,
129352,prompt ensemble (> 0.5),False,,,,
129352,threshold 0.3 + tolerance 15 + ensemble,False,,,,
129355,"production (fish > 0.5, on dot)",True,1.0520032649841584,0.020297233207676547,0.1899399743586742,False
129355,threshold 0.3,True,1.0520032649841584,0.020297233207676547,0.1899399743586742,False
129355,threshold 0.2,True,1.0520032649841584,0.020297233207676547,0.1899399743586742,False
129355,threshold 0.1,True,1.0520032649841584,0.020297233207676547,0.1899399743586742,False
129355,dot tolerance 15 px,True,1.0520032649841584,0.020297233207676547,0.1899399743586742,False
129355,prompt ensemble (> 0.5),True,1.049695751687566,0.020297233207676547,0.18919193002767745,False
129355,threshold 0.3 + tolerance 15 + ensemble,True,1.049695751687566,0.020297233207676547,0.18919193002767745,False
129357,"production (fish > 0.5, on dot)",True,1.1152019037697452,0.028058086523722523,0.22357879303254813,False
129357,threshold 0.3,True,1.1152019037697452,0.028058086523722523,0.22357879303254813,False
129357,threshold 0.2,True,1.1152019037697452,0.028058086523722523,0.22357879303254813,False
129357,threshold 0.1,True,1.1152019037697452,0.028058086523722523,0.22357879303254813,False
129357,dot tolerance 15 px,True,1.1152019037697452,0.028058086523722523,0.22357879303254813,False
129357,prompt ensemble (> 0.5),True,1.1152019037697452,0.028058086523722523,0.22357879303254813,False
129357,threshold 0.3 + tolerance 15 + ensemble,True,1.1152019037697452,0.028058086523722523,0.22357879303254813,False
129367,"production (fish > 0.5, on dot)",False,,,,
129367,threshold 0.3,False,,,,
129367,threshold 0.2,False,,,,
129367,threshold 0.1,True,,,,False
129367,dot tolerance 15 px,False,,,,
129367,prompt ensemble (> 0.5),False,,,,
129367,threshold 0.3 + tolerance 15 + ensemble,False,,,,
129368,"production (fish > 0.5, on dot)",False,,,,
129368,threshold 0.3,False,,,,
129368,threshold 0.2,False,,,,
129368,threshold 0.1,False,,,,
129368,dot tolerance 15 px,False,,,,
129368,prompt ensemble (> 0.5),False,,,,
129368,threshold 0.3 + tolerance 15 + ensemble,False,,,,
129372,"production (fish > 0.5, on dot)",False,,,,
129372,threshold 0.3,False,,,,
129372,threshold 0.2,False,,,,
129372,threshold 0.1,True,0.7483943588286462,0.0036592581213691472,0.2496237654607893,False
129372,dot tolerance 15 px,False,,,,
129372,prompt ensemble (> 0.5),False,,,,
129372,threshold 0.3 + tolerance 15 + ensemble,False,,,,
129401,"production (fish > 0.5, on dot)",False,,,,
129401,threshold 0.3,False,,,,
129401,threshold 0.2,False,,,,
129401,threshold 0.1,False,,,,
129401,dot tolerance 15 px,False,,,,
129401,prompt ensemble (> 0.5),False,,,,
129401,threshold 0.3 + tolerance 15 + ensemble,False,,,,
129410,"production (fish > 0.5, on dot)",False,,,,
129410,threshold 0.3,False,,,,
129410,threshold 0.2,False,,,,
129410,threshold 0.1,False,,,,
129410,dot tolerance 15 px,False,,,,
129410,prompt ensemble (> 0.5),False,,,,
129410,threshold 0.3 + tolerance 15 + ensemble,False,,,,
129412,"production (fish > 0.5, on dot)",True,1.026754258542015,0.030221825856298477,0.08121302661592614,False
129412,threshold 0.3,True,1.026754258542015,0.030221825856298477,0.08121302661592614,False
129412,threshold 0.2,True,1.026754258542015,0.030221825856298477,0.08121302661592614,False
129412,threshold 0.1,True,1.026754258542015,0.030221825856298477,0.08121302661592614,False
129412,dot tolerance 15 px,True,1.026754258542015,0.030221825856298477,0.08121302661592614,False
129412,prompt ensemble (> 0.5),True,1.0195500440040222,0.03051991199061369,0.0721931832409446,False
129412,threshold 0.3 + tolerance 15 + ensemble,True,1.0195500440040222,0.03051991199061369,0.0721931832409446,False
129413,"production (fish > 0.5, on dot)",True,,,,False
129413,threshold 0.3,True,,,,False
129413,threshold 0.2,True,,,,False
129413,threshold 0.1,True,,,,False
129413,dot tolerance 15 px,True,,,,False
129413,prompt ensemble (> 0.5),True,,,,False
129413,threshold 0.3 + tolerance 15 + ensemble,True,,,,False
129417,"production (fish > 0.5, on dot)",False,,,,
129417,threshold 0.3,False,,,,
129417,threshold 0.2,False,,,,
129417,threshold 0.1,False,,,,
129417,dot tolerance 15 px,False,,,,
129417,prompt ensemble (> 0.5),False,,,,
129417,threshold 0.3 + tolerance 15 + ensemble,False,,,,
129419,"production (fish > 0.5, on dot)",False,,,,
129419,threshold 0.3,True,0.996747806517587,0.032267338303758476,0.026620943657451775,False
129419,threshold 0.2,True,0.996747806517587,0.032267338303758476,0.026620943657451775,False
129419,threshold 0.1,True,0.996747806517587,0.032267338303758476,0.026620943657451775,False
129419,dot tolerance 15 px,False,,,,
129419,prompt ensemble (> 0.5),False,,,,
129419,threshold 0.3 + tolerance 15 + ensemble,True,0.996747806517587,0.032267338303758476,0.026620943657451775,False
129421,"production (fish > 0.5, on dot)",True,1.0792674804811822,0.011333333347093598,0.263964307402293,False
129421,threshold 0.3,True,1.0792674804811822,0.011333333347093598,0.263964307402293,False
129421,threshold 0.2,True,1.0792674804811822,0.011333333347093598,0.263964307402293,False
129421,threshold 0.1,True,1.0792674804811822,0.011333333347093598,0.263964307402293,False
129421,dot tolerance 15 px,True,1.0792674804811822,0.011333333347093598,0.263964307402293,False
129421,prompt ensemble (> 0.5),True,1.0792674804811822,0.011333333347093598,0.263964307402293,False
129421,threshold 0.3 + tolerance 15 + ensemble,True,1.0792674804811822,0.011333333347093598,0.263964307402293,False
129422,"production (fish > 0.5, on dot)",True,1.1402641492077759,0.012328267052205582,0.20704672732077123,False
129422,threshold 0.3,True,1.1402641492077759,0.012328267052205582,0.20704672732077123,False
129422,threshold 0.2,True,1.1402641492077759,0.012328267052205582,0.20704672732077123,False
129422,threshold 0.1,True,1.1402641492077759,0.012328267052205582,0.20704672732077123,False
129422,dot tolerance 15 px,True,1.1402641492077759,0.012328267052205582,0.20704672732077123,False
129422,prompt ensemble (> 0.5),True,1.1402641492077759,0.012328267052205582,0.20704672732077123,False
129422,threshold 0.3 + tolerance 15 + ensemble,True,1.1402641492077759,0.012328267052205582,0.20704672732077123,False
129423,"production (fish > 0.5, on dot)",True,1.0442448434529035,0.012342789135166198,0.18064078912693532,False
129423,threshold 0.3,True,1.0442448434529035,0.012342789135166198,0.18064078912693532,False
129423,threshold 0.2,True,1.0442448434529035,0.012342789135166198,0.18064078912693532,False
129423,threshold 0.1,True,1.0442448434529035,0.012342789135166198,0.18064078912693532,False
129423,dot tolerance 15 px,True,1.0442448434529035,0.012342789135166198,0.18064078912693532,False
129423,prompt ensemble (> 0.5),True,1.042717605146766,0.011929920460925138,0.18213633921383787,False
129423,threshold 0.3 + tolerance 15 + ensemble,True,1.042717605146766,0.011929920460925138,0.18213633921383787,False
129425,"production (fish > 0.5, on dot)",True,0.799007605899252,0.037909240021544756,0.16985150689565676,False
129425,threshold 0.3,True,0.799007605899252,0.037909240021544756,0.16985150689565676,False
129425,threshold 0.2,True,0.799007605899252,0.037909240021544756,0.16985150689565676,False
129425,threshold 0.1,True,0.799007605899252,0.037909240021544756,0.16985150689565676,False
129425,dot tolerance 15 px,True,0.799007605899252,0.037909240021544756,0.16985150689565676,False
129425,prompt ensemble (> 0.5),True,0.799007605899252,0.037909240021544756,0.16985150689565676,False
129425,threshold 0.3 + tolerance 15 + ensemble,True,0.799007605899252,0.037909240021544756,0.16985150689565676,False
129430,"production (fish > 0.5, on dot)",True,1.0803011545712855,0.15103223453304848,0.10686164900978314,False
129430,threshold 0.3,True,1.0803011545712855,0.15103223453304848,0.10686164900978314,False
129430,threshold 0.2,True,1.0803011545712855,0.15103223453304848,0.10686164900978314,False
129430,threshold 0.1,True,1.0803011545712855,0.15103223453304848,0.10686164900978314,False
129430,dot tolerance 15 px,True,1.0803011545712855,0.15103223453304848,0.10686164900978314,False
129430,prompt ensemble (> 0.5),True,1.0803011545712855,0.15103223453304848,0.10686164900978314,False
129430,threshold 0.3 + tolerance 15 + ensemble,True,1.0803011545712855,0.15103223453304848,0.10686164900978314,False
129434,"production (fish > 0.5, on dot)",False,,,,
129434,threshold 0.3,True,0.9971238470397149,0.014690794102694913,0.008248839923440499,False
129434,threshold 0.2,True,0.9971238470397149,0.014690794102694913,0.008248839923440499,False
129434,threshold 0.1,True,0.9971238470397149,0.014690794102694913,0.008248839923440499,False
129434,dot tolerance 15 px,False,,,,
129434,prompt ensemble (> 0.5),True,0.9923137130800594,0.01495202353574051,0.007456713821618895,False
129434,threshold 0.3 + tolerance 15 + ensemble,True,0.9923137130800594,0.01495202353574051,0.007456713821618895,False
129440,"production (fish > 0.5, on dot)",True,0.9946991586706694,0.018428863997114877,0.03969863654939654,False
129440,threshold 0.3,True,0.9946991586706694,0.018428863997114877,0.03969863654939654,False
129440,threshold 0.2,True,0.9946991586706694,0.018428863997114877,0.03969863654939654,False
129440,threshold 0.1,True,0.9946991586706694,0.018428863997114877,0.03969863654939654,False
129440,dot tolerance 15 px,True,0.9946991586706694,0.018428863997114877,0.03969863654939654,False
129440,prompt ensemble (> 0.5),True,0.9946991586706694,0.018428863997114877,0.03969863654939654,False
129440,threshold 0.3 + tolerance 15 + ensemble,True,0.9946991586706694,0.018428863997114877,0.03969863654939654,False
129441,"production (fish > 0.5, on dot)",True,0.9875898452755543,0.018282566252698626,0.06514948894676618,False
129441,threshold 0.3,True,0.9875898452755543,0.018282566252698626,0.06514948894676618,False
129441,threshold 0.2,True,0.9875898452755543,0.018282566252698626,0.06514948894676618,False
129441,threshold 0.1,True,0.9875898452755543,0.018282566252698626,0.06514948894676618,False
129441,dot tolerance 15 px,True,0.9875898452755543,0.018282566252698626,0.06514948894676618,False
129441,prompt ensemble (> 0.5),True,0.9875898452755543,0.018282566252698626,0.06514948894676618,False
129441,threshold 0.3 + tolerance 15 + ensemble,True,0.9875898452755543,0.018282566252698626,0.06514948894676618,False
129444,"production (fish > 0.5, on dot)",True,1.001001682407821,0.004437136891739846,0.020134531797923422,False
129444,threshold 0.3,True,1.001001682407821,0.004437136891739846,0.020134531797923422,False
129444,threshold 0.2,True,1.001001682407821,0.004437136891739846,0.020134531797923422,False
129444,threshold 0.1,True,1.001001682407821,0.004437136891739846,0.020134531797923422,False
129444,dot tolerance 15 px,True,1.001001682407821,0.004437136891739846,0.020134531797923422,False
129444,prompt ensemble (> 0.5),True,1.001001682407821,0.004437136891739846,0.020134531797923422,False
129444,threshold 0.3 + tolerance 15 + ensemble,True,1.001001682407821,0.004437136891739846,0.020134531797923422,False
129447,"production (fish > 0.5, on dot)",False,,,,
129447,threshold 0.3,False,,,,
129447,threshold 0.2,False,,,,
129447,threshold 0.1,False,,,,
129447,dot tolerance 15 px,False,,,,
129447,prompt ensemble (> 0.5),False,,,,
129447,threshold 0.3 + tolerance 15 + ensemble,False,,,,
129457,"production (fish > 0.5, on dot)",True,1.0784792920360164,0.03180678949579798,0.24710861464475303,False
129457,threshold 0.3,True,1.0784792920360164,0.03180678949579798,0.24710861464475303,False
129457,threshold 0.2,True,1.0784792920360164,0.03180678949579798,0.24710861464475303,False
129457,threshold 0.1,True,1.0784792920360164,0.03180678949579798,0.24710861464475303,False
129457,dot tolerance 15 px,True,1.0784792920360164,0.03180678949579798,0.24710861464475303,False
129457,prompt ensemble (> 0.5),True,1.0740949209066752,0.030717141423685413,0.24305812937870738,False
129457,threshold 0.3 + tolerance 15 + ensemble,True,1.0740949209066752,0.030717141423685413,0.24305812937870738,False
129458,"production (fish > 0.5, on dot)",True,1.052989812161636,0.0163500639258269,0.2604659248435712,False
129458,threshold 0.3,True,1.052989812161636,0.0163500639258269,0.2604659248435712,False
129458,threshold 0.2,True,1.052989812161636,0.0163500639258269,0.2604659248435712,False
129458,threshold 0.1,True,1.052989812161636,0.0163500639258269,0.2604659248435712,False
129458,dot tolerance 15 px,True,1.052989812161636,0.0163500639258269,0.2604659248435712,False
129458,prompt ensemble (> 0.5),True,1.0519741975340535,0.024228761397117823,0.25741376105762226,False
129458,threshold 0.3 + tolerance 15 + ensemble,True,1.0519741975340535,0.024228761397117823,0.25741376105762226,False
129459,"production (fish > 0.5, on dot)",True,1.0567575889266094,0.02499345388180625,0.17052779239782268,False
129459,threshold 0.3,True,1.0567575889266094,0.02499345388180625,0.17052779239782268,False
129459,threshold 0.2,True,1.0567575889266094,0.02499345388180625,0.17052779239782268,False
129459,threshold 0.1,True,1.0567575889266094,0.02499345388180625,0.17052779239782268,False
129459,dot tolerance 15 px,True,1.0567575889266094,0.02499345388180625,0.17052779239782268,False
129459,prompt ensemble (> 0.5),True,1.05183384583335,0.021923201916117737,0.17549984722812909,False
129459,threshold 0.3 + tolerance 15 + ensemble,True,1.05183384583335,0.021923201916117737,0.17549984722812909,False
129461,"production (fish > 0.5, on dot)",True,0.9928410714046565,0.0763850323304516,0.15784845032572573,False
129461,threshold 0.3,True,0.9928410714046565,0.0763850323304516,0.15784845032572573,False
129461,threshold 0.2,True,0.9928410714046565,0.0763850323304516,0.15784845032572573,False
129461,threshold 0.1,True,0.9928410714046565,0.0763850323304516,0.15784845032572573,False
129461,dot tolerance 15 px,True,0.9928410714046565,0.0763850323304516,0.15784845032572573,False
129461,prompt ensemble (> 0.5),True,0.9873919857166306,0.07614520968851905,0.16267983102125366,False
129461,threshold 0.3 + tolerance 15 + ensemble,True,0.9873919857166306,0.07614520968851905,0.16267983102125366,False
129462,"production (fish > 0.5, on dot)",True,1.0859854404716085,0.009766090673214815,0.18324831149534096,False
129462,threshold 0.3,True,1.0859854404716085,0.009766090673214815,0.18324831149534096,False
129462,threshold 0.2,True,1.0859854404716085,0.009766090673214815,0.18324831149534096,False
129462,threshold 0.1,True,1.0859854404716085,0.009766090673214815,0.18324831149534096,False
129462,dot tolerance 15 px,True,1.0859854404716085,0.009766090673214815,0.18324831149534096,False
129462,prompt ensemble (> 0.5),True,1.0741141438724817,0.011448881416466019,0.17700000578727182,False
129462,threshold 0.3 + tolerance 15 + ensemble,True,1.0741141438724817,0.011448881416466019,0.17700000578727182,False
129463,"production (fish > 0.5, on dot)",False,,,,
129463,threshold 0.3,False,,,,
129463,threshold 0.2,False,,,,
129463,threshold 0.1,False,,,,
129463,dot tolerance 15 px,False,,,,
129463,prompt ensemble (> 0.5),False,,,,
129463,threshold 0.3 + tolerance 15 + ensemble,False,,,,
129468,"production (fish > 0.5, on dot)",False,,,,
129468,threshold 0.3,True,0.9102607014606697,0.09367710936024508,0.03069209744370591,False
129468,threshold 0.2,True,0.9102607014606697,0.09367710936024508,0.03069209744370591,False
129468,threshold 0.1,True,0.9102607014606697,0.09367710936024508,0.03069209744370591,False
129468,dot tolerance 15 px,True,0.7852011097321213,0.3686498296236187,0.5987446618124604,False
129468,prompt ensemble (> 0.5),False,,,,
129468,threshold 0.3 + tolerance 15 + ensemble,True,0.7852011097321213,0.3686498296236187,0.5987446618124604,False
78699,"production (fish > 0.5, on dot)",True,1.0912354862445273,0.006846213616135053,0.20189064797145123,False
78699,threshold 0.3,True,1.0912354862445273,0.006846213616135053,0.20189064797145123,False
78699,threshold 0.2,True,1.0912354862445273,0.006846213616135053,0.20189064797145123,False
78699,threshold 0.1,True,1.0912354862445273,0.006846213616135053,0.20189064797145123,False
78699,dot tolerance 15 px,True,1.0912354862445273,0.006846213616135053,0.20189064797145123,False
78699,prompt ensemble (> 0.5),True,1.0761444139629304,0.009023343571976516,0.19979231252813962,False
78699,threshold 0.3 + tolerance 15 + ensemble,True,1.0761444139629304,0.009023343571976516,0.19979231252813962,False
78700,"production (fish > 0.5, on dot)",True,0.9947141640719432,0.005603771045389021,0.02198943464897416,False
78700,threshold 0.3,True,0.9947141640719432,0.005603771045389021,0.02198943464897416,False
78700,threshold 0.2,True,0.9947141640719432,0.005603771045389021,0.02198943464897416,False
78700,threshold 0.1,True,0.9947141640719432,0.005603771045389021,0.02198943464897416,False
78700,dot tolerance 15 px,True,0.9947141640719432,0.005603771045389021,0.02198943464897416,False
78700,prompt ensemble (> 0.5),True,0.9932568440098286,0.00784737862777044,0.019333327328482443,False
78700,threshold 0.3 + tolerance 15 + ensemble,True,0.9932568440098286,0.00784737862777044,0.019333327328482443,False
78701,"production (fish > 0.5, on dot)",True,1.05284405803197,0.006840173469659559,0.14352672636440703,False
78701,threshold 0.3,True,1.05284405803197,0.006840173469659559,0.14352672636440703,False
78701,threshold 0.2,True,1.05284405803197,0.006840173469659559,0.14352672636440703,False
78701,threshold 0.1,True,1.05284405803197,0.006840173469659559,0.14352672636440703,False
78701,dot tolerance 15 px,True,1.05284405803197,0.006840173469659559,0.14352672636440703,False
78701,prompt ensemble (> 0.5),True,1.05284405803197,0.006840173469659559,0.14352672636440703,False
78701,threshold 0.3 + tolerance 15 + ensemble,True,1.05284405803197,0.006840173469659559,0.14352672636440703,False
78703,"production (fish > 0.5, on dot)",True,1.0521605073425246,0.010399054924668801,0.1660692827379625,False
78703,threshold 0.3,True,1.0521605073425246,0.010399054924668801,0.1660692827379625,False
78703,threshold 0.2,True,1.0521605073425246,0.010399054924668801,0.1660692827379625,False
78703,threshold 0.1,True,1.0521605073425246,0.010399054924668801,0.1660692827379625,False
78703,dot tolerance 15 px,True,1.0521605073425246,0.010399054924668801,0.1660692827379625,False
78703,prompt ensemble (> 0.5),True,1.0521605073425246,0.010399054924668801,0.1660692827379625,False
78703,threshold 0.3 + tolerance 15 + ensemble,True,1.0521605073425246,0.010399054924668801,0.1660692827379625,False
78704,"production (fish > 0.5, on dot)",True,1.043405281969845,0.006233854714424416,0.1638341301203879,False
78704,threshold 0.3,True,1.043405281969845,0.006233854714424416,0.1638341301203879,False
78704,threshold 0.2,True,1.043405281969845,0.006233854714424416,0.1638341301203879,False
78704,threshold 0.1,True,1.043405281969845,0.006233854714424416,0.1638341301203879,False
78704,dot tolerance 15 px,True,1.043405281969845,0.006233854714424416,0.1638341301203879,False
78704,prompt ensemble (> 0.5),True,1.043405281969845,0.006233854714424416,0.1638341301203879,False
78704,threshold 0.3 + tolerance 15 + ensemble,True,1.043405281969845,0.006233854714424416,0.1638341301203879,False
78705,"production (fish > 0.5, on dot)",True,1.0441240653252197,0.013897658575412879,0.14988158999597348,False
78705,threshold 0.3,True,1.0441240653252197,0.013897658575412879,0.14988158999597348,False
78705,threshold 0.2,True,1.0441240653252197,0.013897658575412879,0.14988158999597348,False
78705,threshold 0.1,True,1.0441240653252197,0.013897658575412879,0.14988158999597348,False
78705,dot tolerance 15 px,True,1.0441240653252197,0.013897658575412879,0.14988158999597348,False
78705,prompt ensemble (> 0.5),True,1.0441240653252197,0.013897658575412879,0.14988158999597348,False
78705,threshold 0.3 + tolerance 15 + ensemble,True,1.0441240653252197,0.013897658575412879,0.14988158999597348,False
78706,"production (fish > 0.5, on dot)",True,1.0824715028767884,0.008508963220187484,0.14838851691583133,False
78706,threshold 0.3,True,1.0824715028767884,0.008508963220187484,0.14838851691583133,False
78706,threshold 0.2,True,1.0824715028767884,0.008508963220187484,0.14838851691583133,False
78706,threshold 0.1,True,1.0824715028767884,0.008508963220187484,0.14838851691583133,False
78706,dot tolerance 15 px,True,1.0824715028767884,0.008508963220187484,0.14838851691583133,False
78706,prompt ensemble (> 0.5),True,1.0824715028767884,0.008508963220187484,0.14838851691583133,False
78706,threshold 0.3 + tolerance 15 + ensemble,True,1.0824715028767884,0.008508963220187484,0.14838851691583133,False
78708,"production (fish > 0.5, on dot)",True,1.0994351542375944,0.006002514069536806,0.20225585943986638,False
78708,threshold 0.3,True,1.0994351542375944,0.006002514069536806,0.20225585943986638,False
78708,threshold 0.2,True,1.0994351542375944,0.006002514069536806,0.20225585943986638,False
78708,threshold 0.1,True,1.0994351542375944,0.006002514069536806,0.20225585943986638,False
78708,dot tolerance 15 px,True,1.0994351542375944,0.006002514069536806,0.20225585943986638,False
78708,prompt ensemble (> 0.5),True,1.097565885346925,0.006187599950535335,0.2020775726060808,False
78708,threshold 0.3 + tolerance 15 + ensemble,True,1.097565885346925,0.006187599950535335,0.2020775726060808,False
78713,"production (fish > 0.5, on dot)",True,1.0257394122384051,0.009341485349760629,0.023302253235719238,False
78713,threshold 0.3,True,1.0257394122384051,0.009341485349760629,0.023302253235719238,False
78713,threshold 0.2,True,1.0257394122384051,0.009341485349760629,0.023302253235719238,False
78713,threshold 0.1,True,1.0257394122384051,0.009341485349760629,0.023302253235719238,False
78713,dot tolerance 15 px,True,1.0257394122384051,0.009341485349760629,0.023302253235719238,False
78713,prompt ensemble (> 0.5),True,1.024854577944889,0.009341485349760629,0.02243475539054665,False
78713,threshold 0.3 + tolerance 15 + ensemble,True,1.024854577944889,0.009341485349760629,0.02243475539054665,False
78765,"production (fish > 0.5, on dot)",True,1.0290021249750163,0.004984941850994332,0.1277587706143693,False
78765,threshold 0.3,True,1.0290021249750163,0.004984941850994332,0.1277587706143693,False
78765,threshold 0.2,True,1.0290021249750163,0.004984941850994332,0.1277587706143693,False
78765,threshold 0.1,True,1.0290021249750163,0.004984941850994332,0.1277587706143693,False
78765,dot tolerance 15 px,True,1.0290021249750163,0.004984941850994332,0.1277587706143693,False
78765,prompt ensemble (> 0.5),True,1.026846979829668,0.008201460200438188,0.13281189770339158,False
78765,threshold 0.3 + tolerance 15 + ensemble,True,1.026846979829668,0.008201460200438188,0.13281189770339158,False
78766,"production (fish > 0.5, on dot)",True,,,,False
78766,threshold 0.3,True,,,,False
78766,threshold 0.2,True,,,,False
78766,threshold 0.1,True,,,,False
78766,dot tolerance 15 px,True,,,,False
78766,prompt ensemble (> 0.5),True,,,,False
78766,threshold 0.3 + tolerance 15 + ensemble,True,,,,False
78767,"production (fish > 0.5, on dot)",True,0.964671418618311,0.022610712833863886,0.10329617882304769,False
78767,threshold 0.3,True,0.964671418618311,0.022610712833863886,0.10329617882304769,False
78767,threshold 0.2,True,0.964671418618311,0.022610712833863886,0.10329617882304769,False
78767,threshold 0.1,True,0.964671418618311,0.022610712833863886,0.10329617882304769,False
78767,dot tolerance 15 px,True,0.964671418618311,0.022610712833863886,0.10329617882304769,False
78767,prompt ensemble (> 0.5),True,0.964671418618311,0.022610712833863886,0.10329617882304769,False
78767,threshold 0.3 + tolerance 15 + ensemble,True,0.964671418618311,0.022610712833863886,0.10329617882304769,False
78770,"production (fish > 0.5, on dot)",True,1.0791682610447655,0.011229639718842922,0.13180162985251437,False
78770,threshold 0.3,True,1.0791682610447655,0.011229639718842922,0.13180162985251437,False
78770,threshold 0.2,True,1.0791682610447655,0.011229639718842922,0.13180162985251437,False
78770,threshold 0.1,True,1.0791682610447655,0.011229639718842922,0.13180162985251437,False
78770,dot tolerance 15 px,True,1.0791682610447655,0.011229639718842922,0.13180162985251437,False
78770,prompt ensemble (> 0.5),True,1.0791682610447655,0.011229639718842922,0.13180162985251437,False
78770,threshold 0.3 + tolerance 15 + ensemble,True,1.0791682610447655,0.011229639718842922,0.13180162985251437,False
78771,"production (fish > 0.5, on dot)",True,1.0029984325150239,0.014966333448997341,0.03842845322249292,False
78771,threshold 0.3,True,1.0029984325150239,0.014966333448997341,0.03842845322249292,False
78771,threshold 0.2,True,1.0029984325150239,0.014966333448997341,0.03842845322249292,False
78771,threshold 0.1,True,1.0029984325150239,0.014966333448997341,0.03842845322249292,False
78771,dot tolerance 15 px,True,1.0029984325150239,0.014966333448997341,0.03842845322249292,False
78771,prompt ensemble (> 0.5),True,1.0029984325150239,0.014966333448997341,0.03842845322249292,False
78771,threshold 0.3 + tolerance 15 + ensemble,True,1.0029984325150239,0.014966333448997341,0.03842845322249292,False
78772,"production (fish > 0.5, on dot)",True,0.9804571029017489,0.014042245935576979,0.04364730318652279,False
78772,threshold 0.3,True,0.9804571029017489,0.014042245935576979,0.04364730318652279,False
78772,threshold 0.2,True,0.9804571029017489,0.014042245935576979,0.04364730318652279,False
78772,threshold 0.1,True,0.9804571029017489,0.014042245935576979,0.04364730318652279,False
78772,dot tolerance 15 px,True,0.9804571029017489,0.014042245935576979,0.04364730318652279,False
78772,prompt ensemble (> 0.5),True,0.9804571029017489,0.014042245935576979,0.04364730318652279,False
78772,threshold 0.3 + tolerance 15 + ensemble,True,0.9804571029017489,0.014042245935576979,0.04364730318652279,False
78773,"production (fish > 0.5, on dot)",True,0.9939926789554522,0.0189711144540106,0.0309725403326886,False
78773,threshold 0.3,True,0.9939926789554522,0.0189711144540106,0.0309725403326886,False
78773,threshold 0.2,True,0.9939926789554522,0.0189711144540106,0.0309725403326886,False
78773,threshold 0.1,True,0.9939926789554522,0.0189711144540106,0.0309725403326886,False
78773,dot tolerance 15 px,True,0.9939926789554522,0.0189711144540106,0.0309725403326886,False
78773,prompt ensemble (> 0.5),True,0.9939926789554522,0.0189711144540106,0.0309725403326886,False
78773,threshold 0.3 + tolerance 15 + ensemble,True,0.9939926789554522,0.0189711144540106,0.0309725403326886,False
78774,"production (fish > 0.5, on dot)",False,,,,
78774,threshold 0.3,False,,,,
78774,threshold 0.2,False,,,,
78774,threshold 0.1,False,,,,
78774,dot tolerance 15 px,False,,,,
78774,prompt ensemble (> 0.5),False,,,,
78774,threshold 0.3 + tolerance 15 + ensemble,False,,,,
78776,"production (fish > 0.5, on dot)",True,1.1149037323985913,0.11453868803645263,0.04517004428183158,False
78776,threshold 0.3,True,1.1149037323985913,0.11453868803645263,0.04517004428183158,False
78776,threshold 0.2,True,1.1149037323985913,0.11453868803645263,0.04517004428183158,False
78776,threshold 0.1,True,1.1149037323985913,0.11453868803645263,0.04517004428183158,False
78776,dot tolerance 15 px,True,1.1149037323985913,0.11453868803645263,0.04517004428183158,False
78776,prompt ensemble (> 0.5),True,1.1149037323985913,0.11453868803645263,0.04517004428183158,False
78776,threshold 0.3 + tolerance 15 + ensemble,True,1.1149037323985913,0.11453868803645263,0.04517004428183158,False
78778,"production (fish > 0.5, on dot)",True,1.1745233778708741,0.20372605415543832,0.04484208381247687,False
78778,threshold 0.3,True,1.1745233778708741,0.20372605415543832,0.04484208381247687,False
78778,threshold 0.2,True,1.1745233778708741,0.20372605415543832,0.04484208381247687,False
78778,threshold 0.1,True,1.1745233778708741,0.20372605415543832,0.04484208381247687,False
78778,dot tolerance 15 px,True,1.1745233778708741,0.20372605415543832,0.04484208381247687,False
78778,prompt ensemble (> 0.5),True,1.1745233778708741,0.20372605415543832,0.04484208381247687,False
78778,threshold 0.3 + tolerance 15 + ensemble,True,1.1745233778708741,0.20372605415543832,0.04484208381247687,False
78779,"production (fish > 0.5, on dot)",False,,,,
78779,threshold 0.3,False,,,,
78779,threshold 0.2,False,,,,
78779,threshold 0.1,False,,,,
78779,dot tolerance 15 px,False,,,,
78779,prompt ensemble (> 0.5),False,,,,
78779,threshold 0.3 + tolerance 15 + ensemble,False,,,,
78780,"production (fish > 0.5, on dot)",False,,,,
78780,threshold 0.3,True,,,,False
78780,threshold 0.2,True,,,,False
78780,threshold 0.1,True,,,,False
78780,dot tolerance 15 px,False,,,,
78780,prompt ensemble (> 0.5),False,,,,
78780,threshold 0.3 + tolerance 15 + ensemble,True,,,,False
78781,"production (fish > 0.5, on dot)",True,1.0695814048779047,0.07596674068085679,0.055350690862052646,False
78781,threshold 0.3,True,1.0695814048779047,0.07596674068085679,0.055350690862052646,False
78781,threshold 0.2,True,1.0695814048779047,0.07596674068085679,0.055350690862052646,False
78781,threshold 0.1,True,1.0695814048779047,0.07596674068085679,0.055350690862052646,False
78781,dot tolerance 15 px,True,1.0695814048779047,0.07596674068085679,0.055350690862052646,False
78781,prompt ensemble (> 0.5),True,1.0695814048779047,0.07596674068085679,0.055350690862052646,False
78781,threshold 0.3 + tolerance 15 + ensemble,True,1.0695814048779047,0.07596674068085679,0.055350690862052646,False
78782,"production (fish > 0.5, on dot)",False,,,,
78782,threshold 0.3,False,,,,
78782,threshold 0.2,False,,,,
78782,threshold 0.1,False,,,,
78782,dot tolerance 15 px,False,,,,
78782,prompt ensemble (> 0.5),False,,,,
78782,threshold 0.3 + tolerance 15 + ensemble,False,,,,
78785,"production (fish > 0.5, on dot)",True,,,,False
78785,threshold 0.3,True,,,,False
78785,threshold 0.2,True,,,,False
78785,threshold 0.1,True,,,,False
78785,dot tolerance 15 px,True,,,,False
78785,prompt ensemble (> 0.5),True,,,,False
78785,threshold 0.3 + tolerance 15 + ensemble,True,,,,False
78786,"production (fish > 0.5, on dot)",False,,,,
78786,threshold 0.3,True,,,,False
78786,threshold 0.2,True,,,,False
78786,threshold 0.1,True,,,,False
78786,dot tolerance 15 px,False,,,,
78786,prompt ensemble (> 0.5),False,,,,
78786,threshold 0.3 + tolerance 15 + ensemble,True,,,,False
78787,"production (fish > 0.5, on dot)",False,,,,
78787,threshold 0.3,False,,,,
78787,threshold 0.2,False,,,,
78787,threshold 0.1,False,,,,
78787,dot tolerance 15 px,False,,,,
78787,prompt ensemble (> 0.5),False,,,,
78787,threshold 0.3 + tolerance 15 + ensemble,False,,,,
78788,"production (fish > 0.5, on dot)",False,,,,
78788,threshold 0.3,False,,,,
78788,threshold 0.2,False,,,,
78788,threshold 0.1,False,,,,
78788,dot tolerance 15 px,False,,,,
78788,prompt ensemble (> 0.5),False,,,,
78788,threshold 0.3 + tolerance 15 + ensemble,False,,,,
78789,"production (fish > 0.5, on dot)",True,1.0287970674433242,0.018097111423053237,0.0896256063542469,False
78789,threshold 0.3,True,1.0287970674433242,0.018097111423053237,0.0896256063542469,False
78789,threshold 0.2,True,1.0287970674433242,0.018097111423053237,0.0896256063542469,False
78789,threshold 0.1,True,1.0287970674433242,0.018097111423053237,0.0896256063542469,False
78789,dot tolerance 15 px,True,1.0287970674433242,0.018097111423053237,0.0896256063542469,False
78789,prompt ensemble (> 0.5),True,1.0282134671515433,0.011654243829853549,0.09471587225143674,False
78789,threshold 0.3 + tolerance 15 + ensemble,True,1.0282134671515433,0.011654243829853549,0.09471587225143674,False
78790,"production (fish > 0.5, on dot)",True,1.0126942122090388,0.007756221751189571,0.019625362315513612,False
78790,threshold 0.3,True,1.0126942122090388,0.007756221751189571,0.019625362315513612,False
78790,threshold 0.2,True,1.0126942122090388,0.007756221751189571,0.019625362315513612,False
78790,threshold 0.1,True,1.0126942122090388,0.007756221751189571,0.019625362315513612,False
78790,dot tolerance 15 px,True,1.0126942122090388,0.007756221751189571,0.019625362315513612,False
78790,prompt ensemble (> 0.5),True,1.0126942122090388,0.007756221751189571,0.019625362315513612,False
78790,threshold 0.3 + tolerance 15 + ensemble,True,1.0126942122090388,0.007756221751189571,0.019625362315513612,False
78791,"production (fish > 0.5, on dot)",True,1.0161196824297578,0.018125056110165964,0.020833323273605542,False
78791,threshold 0.3,True,1.0161196824297578,0.018125056110165964,0.020833323273605542,False
78791,threshold 0.2,True,1.0161196824297578,0.018125056110165964,0.020833323273605542,False
78791,threshold 0.1,True,1.0161196824297578,0.018125056110165964,0.020833323273605542,False
78791,dot tolerance 15 px,True,1.0161196824297578,0.018125056110165964,0.020833323273605542,False
78791,prompt ensemble (> 0.5),True,1.0138328561676897,0.016435460472403376,0.020833323273605542,False
78791,threshold 0.3 + tolerance 15 + ensemble,True,1.0138328561676897,0.016435460472403376,0.020833323273605542,False
78792,"production (fish > 0.5, on dot)",True,1.0193049892509156,0.01285466781560769,0.060747589434719695,False
78792,threshold 0.3,True,1.0193049892509156,0.01285466781560769,0.060747589434719695,False
78792,threshold 0.2,True,1.0193049892509156,0.01285466781560769,0.060747589434719695,False
78792,threshold 0.1,True,1.0193049892509156,0.01285466781560769,0.060747589434719695,False
78792,dot tolerance 15 px,True,1.0193049892509156,0.01285466781560769,0.060747589434719695,False
78792,prompt ensemble (> 0.5),True,1.0193049892509156,0.01285466781560769,0.060747589434719695,False
78792,threshold 0.3 + tolerance 15 + ensemble,True,1.0193049892509156,0.01285466781560769,0.060747589434719695,False
78793,"production (fish > 0.5, on dot)",True,1.0054525680736943,0.0012113836174418172,0.012044289110825241,False
78793,threshold 0.3,True,1.0054525680736943,0.0012113836174418172,0.012044289110825241,False
78793,threshold 0.2,True,1.0054525680736943,0.0012113836174418172,0.012044289110825241,False
78793,threshold 0.1,True,1.0054525680736943,0.0012113836174418172,0.012044289110825241,False
78793,dot tolerance 15 px,True,1.0054525680736943,0.0012113836174418172,0.012044289110825241,False
78793,prompt ensemble (> 0.5),True,1.0054525680736943,0.0012113836174418172,0.012044289110825241,False
78793,threshold 0.3 + tolerance 15 + ensemble,True,1.0054525680736943,0.0012113836174418172,0.012044289110825241,False
78794,"production (fish > 0.5, on dot)",True,1.0321439985277279,0.016774168508479074,0.07629297949375884,False
78794,threshold 0.3,True,1.0321439985277279,0.016774168508479074,0.07629297949375884,False
78794,threshold 0.2,True,1.0321439985277279,0.016774168508479074,0.07629297949375884,False
78794,threshold 0.1,True,1.0321439985277279,0.016774168508479074,0.07629297949375884,False
78794,dot tolerance 15 px,True,1.0321439985277279,0.016774168508479074,0.07629297949375884,False
78794,prompt ensemble (> 0.5),True,1.0321439985277279,0.016774168508479074,0.07629297949375884,False
78794,threshold 0.3 + tolerance 15 + ensemble,True,1.0321439985277279,0.016774168508479074,0.07629297949375884,False
78795,"production (fish > 0.5, on dot)",True,0.997177507306528,0.02073255061879245,0.01934257657255705,False
78795,threshold 0.3,True,0.997177507306528,0.02073255061879245,0.01934257657255705,False
78795,threshold 0.2,True,0.997177507306528,0.02073255061879245,0.01934257657255705,False
78795,threshold 0.1,True,0.997177507306528,0.02073255061879245,0.01934257657255705,False
78795,dot tolerance 15 px,True,0.997177507306528,0.02073255061879245,0.01934257657255705,False
78795,prompt ensemble (> 0.5),True,0.997177507306528,0.02073255061879245,0.01934257657255705,False
78795,threshold 0.3 + tolerance 15 + ensemble,True,0.997177507306528,0.02073255061879245,0.01934257657255705,False
78796,"production (fish > 0.5, on dot)",True,1.0276451613778579,0.005701013798809159,0.13476997031826232,False
78796,threshold 0.3,True,1.0276451613778579,0.005701013798809159,0.13476997031826232,False
78796,threshold 0.2,True,1.0276451613778579,0.005701013798809159,0.13476997031826232,False
78796,threshold 0.1,True,1.0276451613778579,0.005701013798809159,0.13476997031826232,False
78796,dot tolerance 15 px,True,1.0276451613778579,0.005701013798809159,0.13476997031826232,False
78796,prompt ensemble (> 0.5),True,1.0276451613778579,0.005701013798809159,0.13476997031826232,False
78796,threshold 0.3 + tolerance 15 + ensemble,True,1.0276451613778579,0.005701013798809159,0.13476997031826232,False
