image_id,dive_id,camera_id,path,laser_x,laser_y,laser_label,head_x,head_y,tail_x,tail_y,content,set,priority
78699,279,5,drive-download-20240307T1050Z/112023_Alligator/111323_Alligator/111323_Alligator_FSL05/111323_Alligator DeepEast Drift2_FSL05/PB130201.ORF,1906.74529185332,1108.7285443467474,Red Laser,1684.3662804206283,1210.6500266423443,2357.2188563349014,1058.6657046206049,Fish,reef,1
78700,279,5,drive-download-20240307T1050Z/112023_Alligator/111323_Alligator/111323_Alligator_FSL05/111323_Alligator DeepEast Drift2_FSL05/PB130203.ORF,1908.0893074351416,1107.7490574828994,Red Laser,1696.878282823331,1170.8105897142188,2431.9560358209114,1062.7630163820445,"Fish, Hogfish (Lachnolaimus maximus)",reef,1
78701,279,5,drive-download-20240307T1050Z/112023_Alligator/111323_Alligator/111323_Alligator_FSL05/111323_Alligator DeepEast Drift2_FSL05/PB130202.ORF,1907.646907937347,1106.1592435397524,Red Laser,1693.0759537935137,1227.5213465813974,2408.768629629454,1089.7663403917363,"Fish, Hogfish (Lachnolaimus maximus)",reef,1
78703,279,5,drive-download-20240307T1050Z/112023_Alligator/111323_Alligator/111323_Alligator_FSL05/111323_Alligator DeepEast Drift2_FSL05/PB130206.ORF,1909.2403772845705,1110.8088633174414,Red Laser,1643.4152153669422,1180.8716333505658,2344.6909687466105,1078.5578456234407,"Fish, Hogfish (Lachnolaimus maximus)",reef,1
78704,279,5,drive-download-20240307T1050Z/112023_Alligator/111323_Alligator/111323_Alligator_FSL05/111323_Alligator DeepEast Drift2_FSL05/PB130205.ORF,1907.9345539258557,1106.3814476146267,Red Laser,1645.6230473303383,1173.5534600724093,2365.7573543674475,1073.5348063172553,"Fish, Hogfish (Lachnolaimus maximus)",reef,1
78705,279,5,drive-download-20240307T1050Z/112023_Alligator/111323_Alligator/111323_Alligator_FSL05/111323_Alligator DeepEast Drift2_FSL05/PB130207.ORF,1908.161774348377,1112.8224234620725,Red Laser,1623.9072093764871,1192.0169941167833,2334.510576883787,1083.7565134916838,"Fish, Hogfish (Lachnolaimus maximus)",reef,1
78706,279,5,drive-download-20240307T1050Z/112023_Alligator/111323_Alligator/111323_Alligator_FSL05/111323_Alligator DeepEast Drift2_FSL05/PB130208.ORF,1926.1899426706448,1168.0720716487438,Red Laser,1733.8703591069714,1350.1974458554364,2300.084541620151,1159.049962964462,"Fish, Hogfish (Lachnolaimus maximus)",reef,1
78708,279,5,drive-download-20240307T1050Z/112023_Alligator/111323_Alligator/111323_Alligator_FSL05/111323_Alligator DeepEast Drift2_FSL05/PB130210.ORF,1923.9696197735573,1162.4827452360128,Red Laser,1684.7287735750433,1306.854579727986,2259.630569755454,1109.826977394633,Fish,reef,1
78713,279,5,drive-download-20240307T1050Z/112023_Alligator/111323_Alligator/111323_Alligator_FSL05/111323_Alligator DeepEast Drift2_FSL05/PB130214.ORF,1966.0967112847825,1313.1381071666574,Red Laser,1846.800541786391,1275.4127761266966,2194.078178280146,1390.8431268930865,"Fish, Other (Identifiable but Nontarget)",reef,1
78765,279,5,drive-download-20240307T1050Z/112023_Alligator/111323_Alligator/111323_Alligator_FSL05/111323_Alligator DeepEast Drift2_FSL05/PB130270.ORF,1950.5106521791583,1259.0179621775687,Red Laser,1858.47991799552,1343.9246845654843,2249.139341227988,1266.8715438884692,"Fish, Hogfish (Lachnolaimus maximus)",reef,1
78766,279,5,drive-download-20240307T1050Z/112023_Alligator/111323_Alligator/111323_Alligator_FSL05/111323_Alligator DeepEast Drift2_FSL05/PB130267.ORF,1954.436621113064,1282.5190303669951,Red Laser,,,,,"Fish, Hogfish (Lachnolaimus maximus)",reef,1
78767,279,5,drive-download-20240307T1050Z/112023_Alligator/111323_Alligator/111323_Alligator_FSL05/111323_Alligator DeepEast Drift2_FSL05/PB130269.ORF,1953.26548529024,1267.2478948374778,Red Laser,1817.64761271852,1325.907037943928,2208.9648664206784,1228.8603590257928,"Fish, Hogfish (Lachnolaimus maximus)",reef,1
78770,279,5,drive-download-20240307T1050Z/112023_Alligator/111323_Alligator/111323_Alligator_FSL05/111323_Alligator DeepEast Drift2_FSL05/PB130272.ORF,1946.01823597174,1245.051107377754,Red Laser,1732.2350742122444,1262.786990989798,2201.271795496556,1215.424976788451,"Fish, Hogfish (Lachnolaimus maximus)",reef,1
78771,279,5,drive-download-20240307T1050Z/112023_Alligator/111323_Alligator/111323_Alligator_FSL05/111323_Alligator DeepEast Drift2_FSL05/PB130275.ORF,1945.284655175456,1241.7095629471696,Red Laser,1794.4909140730058,1301.5986338208927,2280.500042317406,1216.1911719536758,"Fish, Hogfish (Lachnolaimus maximus)",reef,1
78772,279,5,drive-download-20240307T1050Z/112023_Alligator/111323_Alligator/111323_Alligator_FSL05/111323_Alligator DeepEast Drift2_FSL05/PB130273.ORF,1945.090259677499,1243.9652894452895,Red Laser,1726.9909102498248,1279.7755402914788,2222.055982055508,1212.4001459812273,"Fish, Hogfish (Lachnolaimus maximus)",reef,1
78773,279,5,drive-download-20240307T1050Z/112023_Alligator/111323_Alligator/111323_Alligator_FSL05/111323_Alligator DeepEast Drift2_FSL05/PB130274.ORF,1944.889876345004,1242.2656223054998,Red Laser,1745.4548455570798,1294.4837618575664,2239.9135023079807,1217.3182442131074,"Fish, Hogfish (Lachnolaimus maximus)",reef,1
78774,279,5,drive-download-20240307T1050Z/112023_Alligator/111323_Alligator/111323_Alligator_FSL05/111323_Alligator DeepEast Drift2_FSL05/PB130277.ORF,1968.3874983007977,1334.3200352913104,Red Laser,,,,,,reef,1
78776,279,5,drive-download-20240307T1050Z/112023_Alligator/111323_Alligator/111323_Alligator_FSL05/111323_Alligator DeepEast Drift2_FSL05/PB130280.ORF,1966.5765244324605,1331.356775988223,Red Laser,2062.315575719894,1401.9466791174937,1784.8355193935631,1270.7598330033254,"Fish, Hogfish (Lachnolaimus maximus)",reef,1
78778,279,5,drive-download-20240307T1050Z/112023_Alligator/111323_Alligator/111323_Alligator_FSL05/111323_Alligator DeepEast Drift2_FSL05/PB130278.ORF,1967.323753906978,1335.0204499128752,Red Laser,2074.8769847740787,1407.413661845457,1798.0420187027228,1270.3313956879365,"Fish, Hogfish (Lachnolaimus maximus)",reef,1
78779,279,5,drive-download-20240307T1050Z/112023_Alligator/111323_Alligator/111323_Alligator_FSL05/111323_Alligator DeepEast Drift2_FSL05/PB130283.ORF,1964.5828767384685,1327.5584032742145,Red Laser,2032.6917497547795,1409.5959401390198,1779.1493519089856,1285.484276857862,"Fish, Hogfish (Lachnolaimus maximus)",reef,1
78780,279,5,drive-download-20240307T1050Z/112023_Alligator/111323_Alligator/111323_Alligator_FSL05/111323_Alligator DeepEast Drift2_FSL05/PB130282.ORF,1965.2937375484264,1328.1508168345006,Red Laser,,,,,"Fish, Hogfish (Lachnolaimus maximus)",reef,1
78781,279,5,drive-download-20240307T1050Z/112023_Alligator/111323_Alligator/111323_Alligator_FSL05/111323_Alligator DeepEast Drift2_FSL05/PB130281.ORF,1965.4585128770077,1329.2339899002538,Red Laser,2077.547418530394,1394.06149306388,1794.4814403609687,1262.3200944189905,"Fish, Hogfish (Lachnolaimus maximus)",reef,1
78782,279,5,drive-download-20240307T1050Z/112023_Alligator/111323_Alligator/111323_Alligator_FSL05/111323_Alligator DeepEast Drift2_FSL05/PB130285.ORF,1963.9724315416731,1324.0909550065903,Red Laser,2031.4557648232064,1397.4825210756323,1847.4180745972217,1302.6177322993512,"Fish, Hogfish (Lachnolaimus maximus)",reef,1
78785,279,5,drive-download-20240307T1050Z/112023_Alligator/111323_Alligator/111323_Alligator_FSL05/111323_Alligator DeepEast Drift2_FSL05/PB130287.ORF,1969.8363435003832,1339.918540613792,Red Laser,,,,,"Fish, Hogfish (Lachnolaimus maximus)",reef,1
78786,279,5,drive-download-20240307T1050Z/112023_Alligator/111323_Alligator/111323_Alligator_FSL05/111323_Alligator DeepEast Drift2_FSL05/PB130286.ORF,1970.416207317271,1339.8858451194,Red Laser,,,,,"Fish, Hogfish (Lachnolaimus maximus)",reef,1
78787,279,5,drive-download-20240307T1050Z/112023_Alligator/111323_Alligator/111323_Alligator_FSL05/111323_Alligator DeepEast Drift2_FSL05/PB130289.ORF,1983.6702793651848,1384.376270863663,Red Laser,,,,,"Fish, Hogfish (Lachnolaimus maximus)",reef,1
78788,279,5,drive-download-20240307T1050Z/112023_Alligator/111323_Alligator/111323_Alligator_FSL05/111323_Alligator DeepEast Drift2_FSL05/PB130290.ORF,1973.672524163376,1354.1838204828891,Red Laser,,,,,"Fish, Hogfish (Lachnolaimus maximus)",reef,1
78789,279,5,drive-download-20240307T1050Z/112023_Alligator/111323_Alligator/111323_Alligator_FSL05/111323_Alligator DeepEast Drift2_FSL05/PB130291.ORF,1956.545194090916,1285.2802635288429,Red Laser,1832.820339211032,1322.3714604689128,2213.244259731532,1326.954881198075,"Fish, Other (Identifiable but Nontarget)",reef,1
78790,279,5,drive-download-20240307T1050Z/112023_Alligator/111323_Alligator/111323_Alligator_FSL05/111323_Alligator DeepEast Drift2_FSL05/PB130293.ORF,1956.3315431832136,1286.1032268656072,Red Laser,1811.9102045541888,1315.5727197206547,2215.2512287205013,1219.7792264811555,"Fish, Other (Identifiable but Nontarget)",reef,1
78791,279,5,drive-download-20240307T1050Z/112023_Alligator/111323_Alligator/111323_Alligator_FSL05/111323_Alligator DeepEast Drift2_FSL05/PB130294.ORF,1955.8466567105968,1285.5939110265597,Red Laser,1786.701390543794,1339.100946130356,2190.042414710107,1214.7374636790769,"Fish, Other (Identifiable but Nontarget)",reef,1
78792,279,5,drive-download-20240307T1050Z/112023_Alligator/111323_Alligator/111323_Alligator_FSL05/111323_Alligator DeepEast Drift2_FSL05/PB130292.ORF,1956.3455977413864,1285.6631433057596,Red Laser,1826.8008158267933,1328.2403460079468,2221.886471154936,1282.1470195529969,"Fish, Other (Identifiable but Nontarget)",reef,1
78793,279,5,drive-download-20240307T1050Z/112023_Alligator/111323_Alligator/111323_Alligator_FSL05/111323_Alligator DeepEast Drift2_FSL05/PB130295.ORF,1954.130854430224,1286.2330474589774,Red Laser,1824.4697172664748,1318.4913286466915,2227.986279843862,1208.9654045185434,"Fish, Other (Identifiable but Nontarget)",reef,1
78794,279,5,drive-download-20240307T1050Z/112023_Alligator/111323_Alligator/111323_Alligator_FSL05/111323_Alligator DeepEast Drift2_FSL05/PB130297.ORF,1954.3507255239283,1284.3880655169974,Red Laser,1844.140377690229,1280.9580924982813,2197.928024948705,1280.9580924982813,"Fish, Other (Identifiable but Nontarget)",reef,1
78795,279,5,drive-download-20240307T1050Z/112023_Alligator/111323_Alligator/111323_Alligator_FSL05/111323_Alligator DeepEast Drift2_FSL05/PB130296.ORF,1956.2539267572345,1288.9341255704514,Red Laser,1834.3303382800043,1242.8683447286242,2220.9290707433397,1161.0003778540354,"Fish, Other (Identifiable but Nontarget)",reef,1
78796,279,5,drive-download-20240307T1050Z/112023_Alligator/111323_Alligator/111323_Alligator_FSL05/111323_Alligator DeepEast Drift2_FSL05/PB130298.ORF,1956.3733105026429,1287.8675562038418,Red Laser,1868.0438955641168,1214.7160124768504,2188.714333535099,1302.3526539099137,"Fish, Other (Identifiable but Nontarget)",reef,1
101293,341,1,2024.06.20.REEF/03_2024_Alligator/031424_Alligator_FSL01/031424_Alligator0_FSL01/P3130396.ORF,1888.3574353472404,1135.0038833336196,Red Laser,1669.549813431905,1257.827099785456,2261.0190593662373,1092.8871887128507,"Fish, Hogfish (Lachnolaimus maximus)",reef,1
101294,341,1,2024.06.20.REEF/03_2024_Alligator/031424_Alligator_FSL01/031424_Alligator0_FSL01/P3130397.ORF,1888.1219770808784,1131.4193751824214,Red Laser,1662.4039903819703,1273.4999145601143,2250.9532244271745,1095.7090001089591,"Fish, Hogfish (Lachnolaimus maximus)",reef,1
101295,341,1,2024.06.20.REEF/03_2024_Alligator/031424_Alligator_FSL01/031424_Alligator0_FSL01/P3130398.ORF,1885.8275109327485,1127.3979916077749,Red Laser,1693.257418403707,1266.6799349997798,2230.843622200086,1118.5262567881798,"Fish, Hogfish (Lachnolaimus maximus)",reef,1
101296,341,1,2024.06.20.REEF/03_2024_Alligator/031424_Alligator_FSL01/031424_Alligator0_FSL01/P3130399.ORF,1885.029174817965,1122.6294722729965,Red Laser,,,,,"Fish, Hogfish (Lachnolaimus maximus)",reef,1
101297,341,1,2024.06.20.REEF/03_2024_Alligator/031424_Alligator_FSL01/031424_Alligator0_FSL01/P3130400.ORF,1884.896038690448,1121.5914684984773,Red Laser,1746.2040449408678,1247.99207910821,2172.0283380240253,1140.064262888976,"Fish, Hogfish (Lachnolaimus maximus)",reef,1
101301,341,1,2024.06.20.REEF/03_2024_Alligator/031424_Alligator_FSL01/031424_Alligator0_FSL01/P3130404.ORF,1901.9963796358625,1193.864601399565,Red Laser,2047.2547788703573,1297.8277615983302,1675.8485363726047,1117.8049711170663,"Fish, Hogfish (Lachnolaimus maximus)",reef,1
101302,341,1,2024.06.20.REEF/03_2024_Alligator/031424_Alligator_FSL01/031424_Alligator0_FSL01/P3130405.ORF,1902.5308156833112,1194.6001103983822,Red Laser,2023.0581190688576,1283.5108498484578,1644.0026688129728,1093.9831247205154,"Fish, Hogfish (Lachnolaimus maximus)",reef,1
101303,341,1,2024.06.20.REEF/03_2024_Alligator/031424_Alligator_FSL01/031424_Alligator0_FSL01/P3130406.ORF,1901.968382475854,1194.95228527685,Red Laser,2020.4770424147728,1262.961924880961,1640.2104860059744,1055.543803203435,"Fish, Hogfish (Lachnolaimus maximus)",reef,1
101304,341,1,2024.06.20.REEF/03_2024_Alligator/031424_Alligator_FSL01/031424_Alligator0_FSL01/P3130407.ORF,1898.601232204052,1185.5772546312169,Red Laser,1988.6338652384084,1250.5279999260126,1621.02468937075,1060.4394944559845,"Fish, Hogfish (Lachnolaimus maximus)",reef,1
101305,341,1,2024.06.20.REEF/03_2024_Alligator/031424_Alligator_FSL01/031424_Alligator0_FSL01/P3130408.ORF,1901.2036535133925,1190.2535883970977,Red Laser,1973.0181472308636,1248.9519884680856,1602.2239346459662,1050.856450237798,"Fish, Hogfish (Lachnolaimus maximus)",reef,1
101306,341,1,2024.06.20.REEF/03_2024_Alligator/031424_Alligator_FSL01/031424_Alligator0_FSL01/P3130409.ORF,1904.2419659735351,1202.9792060491493,Red Laser,1979.5404147853087,1279.2300128556694,1605.3743913670255,1061.6443361939505,"Fish, Hogfish (Lachnolaimus maximus)",reef,1
101307,341,1,2024.06.20.REEF/03_2024_Alligator/031424_Alligator_FSL01/031424_Alligator0_FSL01/P3130410.ORF,1900.0103148663472,1185.4674552047652,Red Laser,1981.2816838610152,1258.144891410603,1602.328148734966,1034.1094681285356,"Fish, Hogfish (Lachnolaimus maximus)",reef,1
101308,341,1,2024.06.20.REEF/03_2024_Alligator/031424_Alligator_FSL01/031424_Alligator0_FSL01/P3130411.ORF,1898.165213718284,1181.4914941399347,Red Laser,1987.667229759145,1283.810010520199,1615.0899266683132,1049.9659066608867,"Fish, Hogfish (Lachnolaimus maximus)",reef,1
101309,341,1,2024.06.20.REEF/03_2024_Alligator/031424_Alligator_FSL01/031424_Alligator0_FSL01/P3130412.ORF,1896.7030452692948,1177.3582595267976,Red Laser,2000.5613377018492,1325.6314746363464,1645.790512244341,1083.3489596897557,"Fish, Hogfish (Lachnolaimus maximus)",reef,1
101310,341,1,2024.06.20.REEF/03_2024_Alligator/031424_Alligator_FSL01/031424_Alligator0_FSL01/P3130413.ORF,1899.1878759518588,1180.1579580145258,Red Laser,1974.9687528144125,1205.4067496555308,1587.8683578274886,1020.2166865760964,"Fish, Hogfish (Lachnolaimus maximus)",reef,1
101311,341,1,2024.06.20.REEF/03_2024_Alligator/031424_Alligator_FSL01/031424_Alligator0_FSL01/P3130414.ORF,1883.4930689162188,1117.5276053017517,Red Laser,2031.563515714212,1114.8633436891332,1630.121155396777,1148.0861597154037,"Fish, Other (Identifiable but Nontarget)",reef,1
101312,341,1,2024.06.20.REEF/03_2024_Alligator/031424_Alligator_FSL01/031424_Alligator0_FSL01/P3130415.ORF,1883.1269444694487,1117.8273400208882,Red Laser,2019.613039147741,1109.4628817501375,1618.2087473852891,1138.134616876027,"Fish, Other (Identifiable but Nontarget)",reef,1
101315,341,1,2024.06.20.REEF/03_2024_Alligator/031424_Alligator_FSL01/031424_Alligator0_FSL01/P3130418.ORF,1879.6431908293043,1113.150899478116,Red Laser,2013.3894390268572,1109.0127021634987,1717.3599293864684,1111.400036918663,"Fish, Other (Identifiable but Nontarget)",reef,1
101316,341,1,2024.06.20.REEF/03_2024_Alligator/031424_Alligator_FSL01/031424_Alligator0_FSL01/P3130419.ORF,1879.4607223521368,1113.6472293809372,Red Laser,2011.5871331758044,1095.1362847732955,1719.9181475803657,1089.1838564958375,"Fish, Other (Identifiable but Nontarget)",reef,1
101317,341,1,2024.06.20.REEF/03_2024_Alligator/031424_Alligator_FSL01/031424_Alligator0_FSL01/P3130420.ORF,1878.8848047754848,1112.64643324297,Red Laser,2016.9319125948837,1087.1922690794536,1704.743454526077,1089.837933978342,"Fish, Other (Identifiable but Nontarget)",reef,1
101318,341,1,2024.06.20.REEF/03_2024_Alligator/031424_Alligator_FSL01/031424_Alligator0_FSL01/P3130421.ORF,1877.5997480911788,1110.2097529042385,Red Laser,2013.4947533215932,1132.0888182550093,1566.208030738947,1115.1701715379352,"Fish, Other (Identifiable but Nontarget)",reef,1
101319,341,1,2024.06.20.REEF/03_2024_Alligator/031424_Alligator_FSL01/031424_Alligator0_FSL01/P3130422.ORF,1878.1735519363872,1108.751786258099,Red Laser,2016.7458656351523,1143.8689639012048,1603.8728798223444,1108.0292949938437,,reef,1
101320,341,1,2024.06.20.REEF/03_2024_Alligator/031424_Alligator_FSL01/031424_Alligator0_FSL01/P3130423.ORF,1877.296041223688,1108.284139548181,Red Laser,1976.859877562204,1152.1355755532634,1647.8008253465198,1109.6167092557312,"Fish, Other (Identifiable but Nontarget)",reef,1
101321,341,1,2024.06.20.REEF/03_2024_Alligator/031424_Alligator_FSL01/031424_Alligator0_FSL01/P3130424.ORF,1877.0495119649877,1113.4999510526752,Red Laser,,,,,"Fish, Other (Identifiable but Nontarget)",reef,1
101322,341,1,2024.06.20.REEF/03_2024_Alligator/031424_Alligator_FSL01/031424_Alligator0_FSL01/P3130425.ORF,1879.7854980807715,1109.2563025927664,Red Laser,,,,,"Fish, Other (Identifiable but Nontarget)",reef,1
101324,341,1,2024.06.20.REEF/03_2024_Alligator/031424_Alligator_FSL01/031424_Alligator0_FSL01/P3130428.ORF,1934.801150175987,1292.7681300138042,Red Laser,,,,,"Fish, Black Grouper (Mycteroperca bonaci)",reef,1
101327,341,1,2024.06.20.REEF/03_2024_Alligator/031424_Alligator_FSL01/031424_Alligator0_FSL01/P3130429.ORF,1933.6421334124263,1295.207250070625,Red Laser,,,,,"Fish, Black Grouper (Mycteroperca bonaci)",reef,1
101328,341,1,2024.06.20.REEF/03_2024_Alligator/031424_Alligator_FSL01/031424_Alligator0_FSL01/P3130430.ORF,1934.0606067708532,1291.2352452810185,Red Laser,,,,,"Fish, Black Grouper (Mycteroperca bonaci)",reef,1
101333,341,1,2024.06.20.REEF/03_2024_Alligator/031424_Alligator_FSL01/031424_Alligator0_FSL01/P3130435.ORF,1934.3117050459591,1289.5426610226898,Red Laser,,,,,"Fish, Black Grouper (Mycteroperca bonaci)",reef,1
101336,341,1,2024.06.20.REEF/03_2024_Alligator/031424_Alligator_FSL01/031424_Alligator0_FSL01/P3130439.ORF,1935.0574018977045,1283.6447745440953,Red Laser,,,,,"Fish, Black Grouper (Mycteroperca bonaci)",reef,1
101337,341,1,2024.06.20.REEF/03_2024_Alligator/031424_Alligator_FSL01/031424_Alligator0_FSL01/P3130441.ORF,1883.830441228705,1138.3105629610327,Red Laser,1878.602785247792,963.0570585131562,1562.2952103784562,1339.5318351239416,"Fish, Stoplight Parrotfish (Sparisoma viride)",reef,1
101339,341,1,2024.06.20.REEF/03_2024_Alligator/031424_Alligator_FSL01/031424_Alligator0_FSL01/P3130442.ORF,1814.8490726953596,904.2703186697942,Red Laser,,,,,"Fish, Other (Identifiable but Nontarget)",reef,1
101341,341,1,2024.06.20.REEF/03_2024_Alligator/031424_Alligator_FSL01/031424_Alligator0_FSL01/P3130444.ORF,1815.278713843516,913.2760054242568,Red Laser,,,,,"Fish, Other (Identifiable but Nontarget)",reef,1
101342,341,1,2024.06.20.REEF/03_2024_Alligator/031424_Alligator_FSL01/031424_Alligator0_FSL01/P3130443.ORF,1813.0207939508507,906.5103969754252,Red Laser,,,,,"Fish, Other (Identifiable but Nontarget)",reef,1
101343,341,1,2024.06.20.REEF/03_2024_Alligator/031424_Alligator_FSL01/031424_Alligator0_FSL01/P3130447.ORF,1807.3718942550263,890.7441210410735,Red Laser,,,,,"Fish, Other (Identifiable but Nontarget)",reef,1
101344,341,1,2024.06.20.REEF/03_2024_Alligator/031424_Alligator_FSL01/031424_Alligator0_FSL01/P3130446.ORF,1806.0585447203568,887.4442849989256,Red Laser,1832.820339211032,932.7806984900876,1698.3733311555943,905.2801741151118,"Fish, Other (Identifiable but Nontarget)",reef,1
101345,341,1,2024.06.20.REEF/03_2024_Alligator/031424_Alligator_FSL01/031424_Alligator0_FSL01/P3130448.ORF,1810.9335714079912,893.3132736859362,Red Laser,,,,,"Fish, Other (Identifiable but Nontarget)",reef,1
101346,341,1,2024.06.20.REEF/03_2024_Alligator/031424_Alligator_FSL01/031424_Alligator0_FSL01/P3130452.ORF,1809.5076850595128,890.870546949366,Red Laser,1873.1721519922608,921.3762993243032,1739.1317902787275,853.5676457515748,"Fish, Other (Identifiable but Nontarget)",reef,1
101347,341,1,2024.06.20.REEF/03_2024_Alligator/031424_Alligator_FSL01/031424_Alligator0_FSL01/P3130451.ORF,1810.5314240747036,894.9669931824346,Red Laser,,,,,"Fish, Other (Identifiable but Nontarget)",reef,1
101351,341,1,2024.06.20.REEF/03_2024_Alligator/031424_Alligator_FSL01/031424_Alligator0_FSL01/P3130453.ORF,1813.3723925918864,910.5683658431972,Red Laser,,,,,"Fish, Other (Identifiable but Nontarget)",reef,1
101352,341,1,2024.06.20.REEF/03_2024_Alligator/031424_Alligator_FSL01/031424_Alligator0_FSL01/P3130457.ORF,1812.4769475357712,906.2384737678856,Red Laser,,,,,"Fish, Other (Identifiable but Nontarget)",reef,1
101354,341,1,2024.06.20.REEF/03_2024_Alligator/031424_Alligator_FSL01/031424_Alligator0_FSL01/P3130455.ORF,1805.3085098763277,872.9781195073066,Red Laser,,,,,"Fish, Other (Identifiable but Nontarget)",reef,1
101356,341,1,2024.06.20.REEF/03_2024_Alligator/031424_Alligator_FSL01/031424_Alligator0_FSL01/P3130458.ORF,1811.7177598950543,902.761682812384,Red Laser,,,,,"Fish, Other (Identifiable but Nontarget)",reef,1
101357,341,1,2024.06.20.REEF/03_2024_Alligator/031424_Alligator_FSL01/031424_Alligator0_FSL01/P3130461.ORF,1861.8597838399703,1065.761240155654,Red Laser,1720.989904622806,1235.5637365864725,2153.5128311066114,750.8397672511735,"Fish, Hogfish (Lachnolaimus maximus)",reef,1
101359,341,1,2024.06.20.REEF/03_2024_Alligator/031424_Alligator_FSL01/031424_Alligator0_FSL01/P3130460.ORF,1863.7914784802635,1070.3648460249165,Red Laser,1718.0493870554862,1216.8381981799428,2132.146171866234,728.795558938704,"Fish, Hogfish (Lachnolaimus maximus)",reef,1
101360,341,1,2024.06.20.REEF/03_2024_Alligator/031424_Alligator_FSL01/031424_Alligator0_FSL01/P3130465.ORF,1855.631160572337,1050.0858505564388,Red Laser,1668.169245842152,1186.3031318875214,2202.7537472643594,777.8742650192268,"Fish, Hogfish (Lachnolaimus maximus)",reef,1
101361,341,1,2024.06.20.REEF/03_2024_Alligator/031424_Alligator_FSL01/031424_Alligator0_FSL01/P3130467.ORF,1852.6358251631725,1040.755201065817,Red Laser,1638.9019039274003,1157.4948937854308,2207.288562653728,756.9176295402093,"Fish, Hogfish (Lachnolaimus maximus)",reef,1
101362,341,1,2024.06.20.REEF/03_2024_Alligator/031424_Alligator_FSL01/031424_Alligator0_FSL01/P3130466.ORF,1851.957771948227,1039.9033911872311,Red Laser,1633.2399045250368,1244.3347237823211,2184.8554166120234,826.2864897792911,"Fish, Hogfish (Lachnolaimus maximus)",reef,1
101363,341,1,2024.06.20.REEF/03_2024_Alligator/031424_Alligator_FSL01/031424_Alligator0_FSL01/P3130464.ORF,1855.7772459064563,1052.8184232221397,Red Laser,1660.142926649617,1207.2077717521324,2167.1812565934124,765.6720011790665,"Fish, Hogfish (Lachnolaimus maximus)",reef,1
101366,341,1,2024.06.20.REEF/03_2024_Alligator/031424_Alligator_FSL01/031424_Alligator0_FSL01/P3130469.ORF,1816.9273942720267,915.7939900787104,Red Laser,1464.3987225470908,939.1942057596116,2329.151442942073,1002.1616368563336,"Fish, Hogfish (Lachnolaimus maximus)",reef,1
101367,341,1,2024.06.20.REEF/03_2024_Alligator/031424_Alligator_FSL01/031424_Alligator0_FSL01/P3130471.ORF,1800.3447424821366,864.0622042663393,Red Laser,1352.3853630233075,752.0676022092745,2302.1175209672774,996.8672992449516,"Fish, Hogfish (Lachnolaimus maximus)",reef,1
101368,341,1,2024.06.20.REEF/03_2024_Alligator/031424_Alligator_FSL01/031424_Alligator0_FSL01/P3130474.ORF,1772.973574047913,779.6789339008103,Red Laser,1296.0648648286278,721.6975011352869,2376.759322074414,1059.4782993868027,"Fish, Hogfish (Lachnolaimus maximus)",reef,1
101370,341,1,2024.06.20.REEF/03_2024_Alligator/031424_Alligator_FSL01/031424_Alligator0_FSL01/P3130473.ORF,1784.7907694015437,813.6155890896036,Red Laser,1362.2294146010804,676.5857003898775,2383.9014755518897,1024.093204114643,"Fish, Hogfish (Lachnolaimus maximus)",reef,1
101371,341,1,2024.06.20.REEF/03_2024_Alligator/031424_Alligator_FSL01/031424_Alligator0_FSL01/P3130470.ORF,1808.560848887665,890.3114826859007,Red Laser,1385.3104916125883,848.1551672798233,2295.2152816090047,983.0986742708172,"Fish, Hogfish (Lachnolaimus maximus)",reef,1
101373,341,1,2024.06.20.REEF/03_2024_Alligator/031424_Alligator_FSL01/031424_Alligator0_FSL01/P3130479.ORF,1858.7598193158235,1047.8466644175792,Red Laser,,,,,"Fish, Stoplight Parrotfish (Sparisoma viride)",reef,1
101374,341,1,2024.06.20.REEF/03_2024_Alligator/031424_Alligator_FSL01/031424_Alligator0_FSL01/P3130476.ORF,1831.2977424769872,957.490594004021,Red Laser,2181.587622588664,814.0143044850506,1491.3838654688907,1035.2577006028955,"Fish, Stoplight Parrotfish (Sparisoma viride)",reef,1
101375,341,1,2024.06.20.REEF/03_2024_Alligator/031424_Alligator_FSL01/031424_Alligator0_FSL01/P3130477.ORF,1834.909643236944,974.581842054488,Red Laser,2246.6034762202307,713.0123207703058,1628.8643534838882,977.3186120903327,"Fish, Stoplight Parrotfish (Sparisoma viride)",reef,1
101376,341,1,2024.06.20.REEF/03_2024_Alligator/031424_Alligator_FSL01/031424_Alligator0_FSL01/P3130478.ORF,1867.744856672101,1077.2855304162144,Red Laser,2169.639004057733,747.3992285593089,1565.0945727788048,956.5053503372944,"Fish, Stoplight Parrotfish (Sparisoma viride)",reef,1
101389,341,1,2024.06.20.REEF/03_2024_Alligator/031424_Alligator_FSL01/031424_Alligator0_FSL01/P3130492.ORF,1938.0438812928176,1304.644424373569,Red Laser,,,,,"Fish, Midnight Parrotfish (Scarus coelestinus)",reef,1
101395,341,1,2024.06.20.REEF/03_2024_Alligator/031424_Alligator_FSL01/031424_Alligator0_FSL01/P3130501.ORF,1853.149585624808,1037.9211872965468,Red Laser,2294.073632328926,759.7082356403159,1659.1454507805352,893.7855654262762,"Fish, Stoplight Parrotfish (Sparisoma viride)",reef,1
101396,341,1,2024.06.20.REEF/03_2024_Alligator/031424_Alligator_FSL01/031424_Alligator0_FSL01/P3130500.ORF,1829.0871454999317,953.9218729831078,Red Laser,2237.84731479716,823.0340762839152,1537.5954327639206,869.1032790492599,"Fish, Stoplight Parrotfish (Sparisoma viride)",reef,1
101397,341,1,2024.06.20.REEF/03_2024_Alligator/031424_Alligator_FSL01/031424_Alligator0_FSL01/P3130502.ORF,1836.8572862910507,979.983235999951,Red Laser,2279.445248979036,756.8810903978627,1782.301798019348,958.620461801794,"Fish, Stoplight Parrotfish (Sparisoma viride)",reef,1
101398,341,1,2024.06.20.REEF/03_2024_Alligator/031424_Alligator_FSL01/031424_Alligator0_FSL01/P3130498.ORF,1826.2804980149597,945.3749611865916,Red Laser,2140.364848508804,965.0119401140248,1418.5350042619084,595.2012276565484,"Fish, Stoplight Parrotfish (Sparisoma viride)",reef,1
101399,341,1,2024.06.20.REEF/03_2024_Alligator/031424_Alligator_FSL01/031424_Alligator0_FSL01/P3130499.ORF,1824.860059713002,941.5231192044914,Red Laser,2076.1551895813927,907.1940808246238,1314.1763832322736,740.195667608456,"Fish, Stoplight Parrotfish (Sparisoma viride)",reef,1
101400,341,1,2024.06.20.REEF/03_2024_Alligator/031424_Alligator_FSL01/031424_Alligator0_FSL01/P3130505.ORF,1884.400635930048,1126.8044515103338,Red Laser,2057.744617350177,1182.5883919578366,1597.5789221849266,1122.0464428646549,"Fish, Stoplight Parrotfish (Sparisoma viride)",reef,1
101401,341,1,2024.06.20.REEF/03_2024_Alligator/031424_Alligator_FSL01/031424_Alligator0_FSL01/P3130507.ORF,1882.5501087643615,1124.9664547563395,Red Laser,2023.8668191602744,1172.33034817928,1650.900539359475,1051.2922347344925,"Fish, Stoplight Parrotfish (Sparisoma viride)",reef,1
101402,341,1,2024.06.20.REEF/03_2024_Alligator/031424_Alligator_FSL01/031424_Alligator0_FSL01/P3130503.ORF,1883.8603871509165,1133.230351304634,Red Laser,2038.1191892157285,1102.5061619082596,1593.0708302802834,1225.1473290012657,"Fish, Stoplight Parrotfish (Sparisoma viride)",reef,1
101403,341,1,2024.06.20.REEF/03_2024_Alligator/031424_Alligator_FSL01/031424_Alligator0_FSL01/P3130504.ORF,1879.805581604476,1124.0627945565568,Red Laser,2081.482372319928,1153.1523310516825,1632.0764420186204,1179.587974010583,"Fish, Stoplight Parrotfish (Sparisoma viride)",reef,1
101404,341,1,2024.06.20.REEF/03_2024_Alligator/031424_Alligator_FSL01/031424_Alligator0_FSL01/P3130506.ORF,1878.075473227062,1119.645383520978,Red Laser,,,,,"Fish, Stoplight Parrotfish (Sparisoma viride)",reef,1
101406,341,1,2024.06.20.REEF/03_2024_Alligator/031424_Alligator_FSL01/031424_Alligator0_FSL01/P3130509.ORF,1887.2146558768525,1142.8923437494518,Red Laser,2056.949209584594,1178.9086755578162,1727.558711211099,1152.5813696024418,"Fish, Stoplight Parrotfish (Sparisoma viride)",reef,1
101410,341,1,2024.06.20.REEF/03_2024_Alligator/031424_Alligator_FSL01/031424_Alligator0_FSL01/P3130515.ORF,1819.9266088823283,927.4336271581078,Red Laser,2054.4381156971863,957.2619837284713,1616.08242265638,1228.5007067225488,"Fish, Stoplight Parrotfish (Sparisoma viride)",reef,1
101411,341,1,2024.06.20.REEF/03_2024_Alligator/031424_Alligator_FSL01/031424_Alligator0_FSL01/P3130513.ORF,1820.9377987073956,934.420935231975,Red Laser,1981.372144753704,739.4189308027994,1512.223114137121,1259.055853787061,"Fish, Stoplight Parrotfish (Sparisoma viride)",reef,1
101412,341,1,2024.06.20.REEF/03_2024_Alligator/031424_Alligator_FSL01/031424_Alligator0_FSL01/P3130514.ORF,1823.3978296857745,937.3205699241488,Red Laser,1994.6848862587144,878.3087802253325,1598.7088473460387,1286.1938729398926,"Fish, Stoplight Parrotfish (Sparisoma viride)",reef,1
101414,341,1,2024.06.20.REEF/03_2024_Alligator/031424_Alligator_FSL01/031424_Alligator0_FSL01/P3130518.ORF,1872.2783154849096,1093.4046545495753,Red Laser,1654.7542323605528,875.1706806565992,2128.606574374507,1393.6578860876068,"Fish, Stoplight Parrotfish (Sparisoma viride)",reef,1
101415,341,1,2024.06.20.REEF/03_2024_Alligator/031424_Alligator_FSL01/031424_Alligator0_FSL01/P3130519.ORF,1870.0425864322283,1089.1969378888116,Red Laser,1635.733247857038,860.973773733206,2091.0197069538613,1389.594964496631,"Fish, Stoplight Parrotfish (Sparisoma viride)",reef,1
101416,341,1,2024.06.20.REEF/03_2024_Alligator/031424_Alligator_FSL01/031424_Alligator0_FSL01/P3130520.ORF,1869.0475760532968,1085.7281493940884,Red Laser,1680.3227225013925,863.2352597018461,2136.371538947651,1398.006788510852,"Fish, Stoplight Parrotfish (Sparisoma viride)",reef,1
101417,341,1,2024.06.20.REEF/03_2024_Alligator/031424_Alligator_FSL01/031424_Alligator0_FSL01/P3130517.ORF,1872.233128646636,1097.32869326171,Red Laser,1696.3362672317755,902.7622297793672,2176.79715000455,1406.5350032338083,"Fish, Stoplight Parrotfish (Sparisoma viride)",reef,1
101418,341,1,2024.06.20.REEF/03_2024_Alligator/031424_Alligator_FSL01/031424_Alligator0_FSL01/P3130521.ORF,1870.0158982511923,1088.4451510333863,Red Laser,1685.225423316464,847.1523721539862,2140.7176895568914,1376.85405255718,"Fish, Stoplight Parrotfish (Sparisoma viride)",reef,1
101419,341,1,2024.06.20.REEF/03_2024_Alligator/031424_Alligator_FSL01/031424_Alligator0_FSL01/P3130523.ORF,1867.0161676724592,1083.054917109099,Red Laser,1652.5343324787502,820.5826721587837,2103.619471258819,1305.1642321353922,"Fish, Stoplight Parrotfish (Sparisoma viride)",reef,1
101421,341,1,2024.06.20.REEF/03_2024_Alligator/031424_Alligator_FSL01/031424_Alligator0_FSL01/P3130522.ORF,1867.7588507653268,1083.668811708292,Red Laser,1701.153776073617,824.5827079600105,2153.1564999178872,1333.424097676913,"Fish, Stoplight Parrotfish (Sparisoma viride)",reef,1
101423,341,1,2024.06.20.REEF/03_2024_Alligator/031424_Alligator_FSL01/031424_Alligator0_FSL01/P3130529.ORF,1897.62381579302,1175.6003192696437,Red Laser,2151.2737611200328,1180.826548622729,1536.2438396468797,894.3742564297539,"Fish, Rainbow Parrotfish (Scarus guacamaia)",reef,1
101425,341,1,2024.06.20.REEF/03_2024_Alligator/031424_Alligator_FSL01/031424_Alligator0_FSL01/P3130526.ORF,1900.6663250418112,1192.8000777700254,Red Laser,1933.397915405184,1306.2335866173162,1440.4222455938827,840.2987763315296,"Fish, Rainbow Parrotfish (Scarus guacamaia)",reef,1
101426,341,1,2024.06.20.REEF/03_2024_Alligator/031424_Alligator_FSL01/031424_Alligator0_FSL01/P3130528.ORF,1896.9998055963256,1181.553472855726,Red Laser,,,,,"Fish, Rainbow Parrotfish (Scarus guacamaia)",reef,1
101427,341,1,2024.06.20.REEF/03_2024_Alligator/031424_Alligator_FSL01/031424_Alligator0_FSL01/P3130532.ORF,1806.1050475118325,883.52240027159,Red Laser,2192.675770382554,1252.2260035731524,1245.3646725053418,413.1790311676206,"Fish, Other (Identifiable but Nontarget)",reef,1
101428,341,1,2024.06.20.REEF/03_2024_Alligator/031424_Alligator_FSL01/031424_Alligator0_FSL01/P3130534.ORF,1810.162980209546,900.4400465657741,Red Laser,2128.054741310872,1383.153419310239,1191.7053861376655,513.6861609351198,"Fish, Other (Identifiable but Nontarget)",reef,1
101429,341,1,2024.06.20.REEF/03_2024_Alligator/031424_Alligator_FSL01/031424_Alligator0_FSL01/P3130530.ORF,1811.6815929085817,912.076965112612,Red Laser,2258.403815580286,1313.806041335453,1285.0365659777422,613.7488076311606,"Fish, Other (Identifiable but Nontarget)",reef,1
101430,341,1,2024.06.20.REEF/03_2024_Alligator/031424_Alligator_FSL01/031424_Alligator0_FSL01/P3130531.ORF,1808.348449177688,892.0532143760635,Red Laser,2196.0699523052463,1256.267090620032,1241.8823529411764,450.7217806041335,"Fish, Other (Identifiable but Nontarget)",reef,1
101431,341,1,2024.06.20.REEF/03_2024_Alligator/031424_Alligator_FSL01/031424_Alligator0_FSL01/P3130533.ORF,1807.3418452258477,889.9372008972715,Red Laser,2128.364806611788,1318.8141393090286,1174.475817654124,421.5623090707255,"Fish, Other (Identifiable but Nontarget)",reef,1
101432,341,1,2024.06.20.REEF/03_2024_Alligator/031424_Alligator_FSL01/031424_Alligator0_FSL01/P3130536.ORF,1821.840685042892,924.4103881885992,Red Laser,2394.952408438148,1434.1182141798463,1584.561570223335,771.4909476053415,"Fish, Other (Identifiable but Nontarget)",reef,1
101433,341,1,2024.06.20.REEF/03_2024_Alligator/031424_Alligator_FSL01/031424_Alligator0_FSL01/P3130535.ORF,1812.8644787652963,906.7852533034212,Red Laser,2195.2006979543,1349.203910526181,1253.3756155578592,564.349675195814,"Fish, Other (Identifiable but Nontarget)",reef,1
101434,341,1,2024.06.20.REEF/03_2024_Alligator/031424_Alligator_FSL01/031424_Alligator0_FSL01/P3130539.ORF,1865.0388867767683,1078.743568431218,Red Laser,1595.6181810618716,1158.3745154854034,2072.776516309632,1141.0160976416728,"Fish, Stoplight Parrotfish (Sparisoma viride)",reef,1
101437,341,1,2024.06.20.REEF/03_2024_Alligator/031424_Alligator_FSL01/031424_Alligator0_FSL01/P3130538.ORF,1867.8685643461197,1089.1189345826442,Red Laser,1544.3690614618704,1002.6725172856338,2109.685118582972,1033.1751822382112,"Fish, Stoplight Parrotfish (Sparisoma viride)",reef,1
101438,341,1,2024.06.20.REEF/03_2024_Alligator/031424_Alligator_FSL01/031424_Alligator0_FSL01/P3130542.ORF,1913.095320623917,1228.3535528596187,Red Laser,1783.8780379326145,1068.4565980333591,2168.6183185344576,1269.7741867203704,"Fish, Rainbow Parrotfish (Scarus guacamaia)",reef,1
101440,341,1,2024.06.20.REEF/03_2024_Alligator/031424_Alligator_FSL01/031424_Alligator0_FSL01/P3130541.ORF,1910.7437240451773,1224.447795679083,Red Laser,1683.311464702203,1051.840244543719,2087.8817240056906,1252.7677558756525,"Fish, Rainbow Parrotfish (Scarus guacamaia)",reef,1
101441,341,1,2024.06.20.REEF/03_2024_Alligator/031424_Alligator_FSL01/031424_Alligator0_FSL01/P3130544.ORF,1867.2242291056116,1082.5614339105737,Red Laser,1403.9648442043078,1135.2421118463033,2339.4877764263847,844.5103698326734,"Fish, Blue Parrotfish (Scarus coeruleus)",reef,1
101442,341,1,2024.06.20.REEF/03_2024_Alligator/031424_Alligator_FSL01/031424_Alligator0_FSL01/P3130548.ORF,1860.501456707396,1068.7567307906036,Red Laser,1342.5755166931638,1265.8569157392687,2287.173290937996,906.2384737678856,"Fish, Blue Parrotfish (Scarus coeruleus)",reef,1
101445,341,1,2024.06.20.REEF/03_2024_Alligator/031424_Alligator_FSL01/031424_Alligator0_FSL01/P3130546.ORF,1860.889467597888,1068.4513785703086,Red Laser,1465.7740342824973,1175.5885357548857,2431.8960239604157,903.7643827268612,"Fish, Blue Parrotfish (Scarus coeruleus)",reef,1
101446,341,1,2024.06.20.REEF/03_2024_Alligator/031424_Alligator_FSL01/031424_Alligator0_FSL01/P3130547.ORF,1865.2209856915736,1074.060413354531,Red Laser,1406.0094726223467,1235.664244749227,2370.0921204093183,910.5502423568322,"Fish, Blue Parrotfish (Scarus coeruleus)",reef,1
102767,347,2,2025-02-10 REEF Data Dump SMILE 6/031424_Alligator_FSL02/031424_Alligator0_FSL02/P3140076.ORF,2007.0446541200704,1355.4349038280116,Green Laser,,,,,"Fish, Stoplight Parrotfish (Sparisoma viride)",reef,1
102787,347,2,2025-02-10 REEF Data Dump SMILE 6/031424_Alligator_FSL02/031424_Alligator0_FSL02/P3140099.ORF,1990.4626906828703,1303.6219991032858,Green Laser,,,,,"Fish, Other (Identifiable but Nontarget)",reef,1
102789,347,2,2025-02-10 REEF Data Dump SMILE 6/031424_Alligator_FSL02/031424_Alligator0_FSL02/P3140100.ORF,1990.1013044365668,1302.536719092213,Green Laser,2108.0543385206142,1299.66269412897,1886.516597291365,1328.3592927337947,"Fish, Other (Identifiable but Nontarget)",reef,1
102790,347,2,2025-02-10 REEF Data Dump SMILE 6/031424_Alligator_FSL02/031424_Alligator0_FSL02/P3140097.ORF,1990.726287521628,1305.1076989088128,Green Laser,,,,,"Fish, Other (Identifiable but Nontarget)",reef,1
102802,347,2,2025-02-10 REEF Data Dump SMILE 6/031424_Alligator_FSL02/031424_Alligator0_FSL02/P3140113.ORF,1983.0410433507125,1281.1520885661637,Green Laser,,,,,"Fish, Stoplight Parrotfish (Sparisoma viride)",reef,1
102803,347,2,2025-02-10 REEF Data Dump SMILE 6/031424_Alligator_FSL02/031424_Alligator0_FSL02/P3140114.ORF,1981.018560798031,1279.100493747233,Green Laser,2080.777018105045,1126.3792054744124,1768.541822584109,1471.572560522558,"Fish, Stoplight Parrotfish (Sparisoma viride)",reef,1
102805,347,2,2025-02-10 REEF Data Dump SMILE 6/031424_Alligator_FSL02/031424_Alligator0_FSL02/P3140117.ORF,1979.9974097292336,1271.5045011190473,Green Laser,2129.5763695492715,1146.6903127705364,1853.4535191462655,1515.8332723518597,"Fish, Stoplight Parrotfish (Sparisoma viride)",reef,1
102806,347,2,2025-02-10 REEF Data Dump SMILE 6/031424_Alligator_FSL02/031424_Alligator0_FSL02/P3140116.ORF,1980.46145318582,1274.033552433859,Green Laser,2104.983130485077,1148.4564415213474,1825.863789034543,1520.6155634553916,"Fish, Stoplight Parrotfish (Sparisoma viride)",reef,1
102807,347,2,2025-02-10 REEF Data Dump SMILE 6/031424_Alligator_FSL02/031424_Alligator0_FSL02/P3140115.ORF,1982.10912801886,1277.6072488996565,Green Laser,2085.36680766364,1136.4651378633307,1778.4165103469898,1489.249642471607,"Fish, Stoplight Parrotfish (Sparisoma viride)",reef,1
102808,347,2,2025-02-10 REEF Data Dump SMILE 6/031424_Alligator_FSL02/031424_Alligator0_FSL02/P3140118.ORF,1994.3619255214655,1318.0288374460752,Green Laser,2070.6097874204006,1352.055399434568,1830.8472518373728,1275.0674292932288,"Fish, Other (Identifiable but Nontarget)",reef,1
102809,347,2,2025-02-10 REEF Data Dump SMILE 6/031424_Alligator_FSL02/031424_Alligator0_FSL02/P3140119.ORF,1993.7397511086035,1316.144578275802,Green Laser,2071.2275895355824,1359.780150781562,1842.133849494972,1285.9660577232903,"Fish, Other (Identifiable but Nontarget)",reef,1
102810,347,2,2025-02-10 REEF Data Dump SMILE 6/031424_Alligator_FSL02/031424_Alligator0_FSL02/P3140120.ORF,1996.015153852452,1320.6416131920637,Green Laser,,,,,"Fish, Other (Identifiable but Nontarget)",reef,1
102811,347,2,2025-02-10 REEF Data Dump SMILE 6/031424_Alligator_FSL02/031424_Alligator0_FSL02/P3140123.ORF,1991.3240887519776,1307.4799109829678,Green Laser,1956.471519668352,1448.9834990727268,2068.6672699685646,1215.3523484475777,,reef,1
102812,347,2,2025-02-10 REEF Data Dump SMILE 6/031424_Alligator_FSL02/031424_Alligator0_FSL02/P3140122.ORF,1991.640731543269,1308.6630298784369,Green Laser,,,,,"Fish, Stoplight Parrotfish (Sparisoma viride)",reef,1
102813,347,2,2025-02-10 REEF Data Dump SMILE 6/031424_Alligator_FSL02/031424_Alligator0_FSL02/P3140121.ORF,1989.477978714754,1304.5933084539472,Green Laser,,,,,"Fish, Stoplight Parrotfish (Sparisoma viride)",reef,1
102814,347,2,2025-02-10 REEF Data Dump SMILE 6/031424_Alligator_FSL02/031424_Alligator0_FSL02/P3140125.ORF,1988.4064026224603,1298.5027778521626,Green Laser,1988.8648936414197,1382.3202156465975,2044.041384333157,1160.081572582653,"Fish, Stoplight Parrotfish (Sparisoma viride)",reef,1
102815,347,2,2025-02-10 REEF Data Dump SMILE 6/031424_Alligator_FSL02/031424_Alligator0_FSL02/P3140124.ORF,1990.26453747984,1305.3446206527256,Green Laser,,,,,,reef,1
102816,347,2,2025-02-10 REEF Data Dump SMILE 6/031424_Alligator_FSL02/031424_Alligator0_FSL02/P3140126.ORF,1987.4101308048664,1296.556024222224,Green Laser,1982.457723190933,1364.7490318653925,2012.6158217455877,1109.4822690992091,"Fish, Stoplight Parrotfish (Sparisoma viride)",reef,1
102819,347,2,2025-02-10 REEF Data Dump SMILE 6/031424_Alligator_FSL02/031424_Alligator0_FSL02/P3140132.ORF,2012.6886270717573,1377.3948279308531,Green Laser,2206.971677179265,1367.553055730507,1894.5740996617376,1388.5706297530926,"Fish, Black Grouper (Mycteroperca bonaci)",reef,1
102821,347,2,2025-02-10 REEF Data Dump SMILE 6/031424_Alligator_FSL02/031424_Alligator0_FSL02/P3140131.ORF,2011.9089683287004,1373.7080029098615,Green Laser,2221.4436592972893,1336.1631247862058,1938.5141423379243,1356.5470957486964,"Fish, Black Grouper (Mycteroperca bonaci)",reef,1
102823,347,2,2025-02-10 REEF Data Dump SMILE 6/031424_Alligator_FSL02/031424_Alligator0_FSL02/P3140134.ORF,2014.585667539022,1380.4737706064238,Green Laser,2123.1642262870027,1376.4959732445611,1827.280166087264,1417.590981605636,"Fish, Black Grouper (Mycteroperca bonaci)",reef,1
102824,347,2,2025-02-10 REEF Data Dump SMILE 6/031424_Alligator_FSL02/031424_Alligator0_FSL02/P3140133.ORF,2013.3933968396,1377.3194669301413,Green Laser,2174.089903933919,1375.7920794765191,1857.4698050204809,1404.717606408474,"Fish, Black Grouper (Mycteroperca bonaci)",reef,1
102829,347,2,2025-02-10 REEF Data Dump SMILE 6/031424_Alligator_FSL02/031424_Alligator0_FSL02/P3140139.ORF,1920.956350083664,1093.431354524419,Green Laser,1950.697676903716,1348.728511375685,1783.541461119781,837.7981914323356,,reef,1
102830,347,2,2025-02-10 REEF Data Dump SMILE 6/031424_Alligator_FSL02/031424_Alligator0_FSL02/P3140140.ORF,1918.7974007881637,1086.134559224951,Green Laser,1887.7230575686492,1338.8367627572527,1834.6803475857544,763.9684734831706,"Fish, Other (Identifiable but Nontarget)",reef,1
102831,347,2,2025-02-10 REEF Data Dump SMILE 6/031424_Alligator_FSL02/031424_Alligator0_FSL02/P3140141.ORF,1919.4644543291129,1091.358824623288,Green Laser,1844.721157750414,1334.4796616426595,1899.9827753685888,768.4852897163057,"Fish, Other (Identifiable but Nontarget)",reef,1
102835,347,2,2025-02-10 REEF Data Dump SMILE 6/031424_Alligator_FSL02/031424_Alligator0_FSL02/P3140145.ORF,2003.7688423283669,1350.1048482094327,Green Laser,2070.138543738139,1378.9015734633474,1735.6743125262592,1401.1462254204323,"Fish, Other (Identifiable but Nontarget)",reef,1
102836,347,2,2025-02-10 REEF Data Dump SMILE 6/031424_Alligator_FSL02/031424_Alligator0_FSL02/P3140146.ORF,2003.0841104945732,1348.5592800944096,Green Laser,2132.9055929123924,1297.768718621052,1789.464700809847,1315.4458233616242,"Fish, Other (Identifiable but Nontarget)",reef,1
102847,347,2,2025-02-10 REEF Data Dump SMILE 6/031424_Alligator_FSL02/031424_Alligator0_FSL02/P3140158.ORF,2010.7215824118773,1368.4788285440911,Green Laser,,,,,,reef,1
102849,347,2,2025-02-10 REEF Data Dump SMILE 6/031424_Alligator_FSL02/031424_Alligator0_FSL02/P3140157.ORF,2009.1366181669573,1369.3663739258282,Green Laser,,,,,,reef,1
102855,347,2,2025-02-10 REEF Data Dump SMILE 6/031424_Alligator_FSL02/031424_Alligator0_FSL02/P3140165.ORF,1979.226730374304,1272.87393706278,Green Laser,1937.2459414904545,1238.2656900887782,2132.1941031708398,1280.2803801061025,,reef,1
102856,347,2,2025-02-10 REEF Data Dump SMILE 6/031424_Alligator_FSL02/031424_Alligator0_FSL02/P3140166.ORF,1913.4857831356317,1071.4005159028222,Green Laser,2043.571412786493,1216.8252095568491,1079.228343362512,1073.080873593506,"Fish, Hogfish (Lachnolaimus maximus)",reef,1
102857,347,2,2025-02-10 REEF Data Dump SMILE 6/031424_Alligator_FSL02/031424_Alligator0_FSL02/P3140171.ORF,1913.095320623917,1071.5424610051991,Green Laser,2310.435558524795,1199.0165532931444,1337.2843454251831,1104.574838123483,"Fish, Hogfish (Lachnolaimus maximus)",reef,1
102858,347,2,2025-02-10 REEF Data Dump SMILE 6/031424_Alligator_FSL02/031424_Alligator0_FSL02/P3140170.ORF,1910.2030204077791,1062.0723965405932,Green Laser,2291.5386282313098,1230.1497039656476,1328.033270057559,1124.188756647307,"Fish, Hogfish (Lachnolaimus maximus)",reef,1
102859,347,2,2025-02-10 REEF Data Dump SMILE 6/031424_Alligator_FSL02/031424_Alligator0_FSL02/P3140169.ORF,1913.1701112877583,1064.470588235294,Green Laser,2297.3460439243754,1208.9946557635662,1328.347243158153,1095.4833676738087,"Fish, Hogfish (Lachnolaimus maximus)",reef,1
102860,347,2,2025-02-10 REEF Data Dump SMILE 6/031424_Alligator_FSL02/031424_Alligator0_FSL02/P3140167.ORF,1911.711281245328,1067.3774046370108,Green Laser,2131.1343073641374,1197.3948006539013,1157.4181856877135,1066.0430657649993,"Fish, Hogfish (Lachnolaimus maximus)",reef,1
102861,347,2,2025-02-10 REEF Data Dump SMILE 6/031424_Alligator_FSL02/031424_Alligator0_FSL02/P3140168.ORF,1911.4688004209804,1066.1358330654452,Green Laser,2238.67870580303,1204.93570840597,1256.8052543038202,1092.4865142398592,"Fish, Hogfish (Lachnolaimus maximus)",reef,1
102862,347,2,2025-02-10 REEF Data Dump SMILE 6/031424_Alligator_FSL02/031424_Alligator0_FSL02/P3140172.ORF,1912.351118060563,1067.8936094588462,Green Laser,2302.810934919932,1200.968724404414,1334.8818288050315,1060.4628864199929,"Fish, Hogfish (Lachnolaimus maximus)",reef,1
102863,347,2,2025-02-10 REEF Data Dump SMILE 6/031424_Alligator_FSL02/031424_Alligator0_FSL02/P3140176.ORF,1909.899434109256,1063.1726180364558,Green Laser,2315.274413643188,1193.7509208408353,1370.4368275238385,1083.659225703035,"Fish, Hogfish (Lachnolaimus maximus)",reef,1
102864,347,2,2025-02-10 REEF Data Dump SMILE 6/031424_Alligator_FSL02/031424_Alligator0_FSL02/P3140173.ORF,1913.164721640392,1068.3914414571982,Green Laser,2313.252075459137,1211.7622866781116,1354.5732444073974,1071.830904505963,"Fish, Hogfish (Lachnolaimus maximus)",reef,1
102865,347,2,2025-02-10 REEF Data Dump SMILE 6/031424_Alligator_FSL02/031424_Alligator0_FSL02/P3140175.ORF,1911.030239642418,1065.8606892611251,Green Laser,2310.77661722007,1221.4975977719955,1358.246526982968,1110.9117471738982,"Fish, Hogfish (Lachnolaimus maximus)",reef,1
102866,347,2,2025-02-10 REEF Data Dump SMILE 6/031424_Alligator_FSL02/031424_Alligator0_FSL02/P3140174.ORF,1912.370678231416,1067.6993620049202,Green Laser,2302.79377695375,1240.242745906026,1338.7550782014798,1105.009182013683,"Fish, Hogfish (Lachnolaimus maximus)",reef,1
102867,347,2,2025-02-10 REEF Data Dump SMILE 6/031424_Alligator_FSL02/031424_Alligator0_FSL02/P3140177.ORF,1909.6063158803656,1061.1416566562743,Green Laser,2325.2993240853643,1141.2552749646786,1396.9344481656956,1054.6439745873336,"Fish, Hogfish (Lachnolaimus maximus)",reef,1
102868,347,2,2025-02-10 REEF Data Dump SMILE 6/031424_Alligator_FSL02/031424_Alligator0_FSL02/P3140180.ORF,1907.6332945285212,1048.9662398137368,Green Laser,2303.370084071036,981.425061709695,1372.3097392080056,941.5289370558576,"Fish, Hogfish (Lachnolaimus maximus)",reef,1
102869,347,2,2025-02-10 REEF Data Dump SMILE 6/031424_Alligator_FSL02/031424_Alligator0_FSL02/P3140181.ORF,1909.2981100193867,1055.0222051130995,Green Laser,2369.069613784707,982.6729366317272,1448.8245472754145,916.2381323650136,"Fish, Hogfish (Lachnolaimus maximus)",reef,1
102870,347,2,2025-02-10 REEF Data Dump SMILE 6/031424_Alligator_FSL02/031424_Alligator0_FSL02/P3140179.ORF,1908.1271358013903,1055.7606981916165,Green Laser,2384.357670682793,1095.1556859223188,1468.467763821382,1036.1779267683642,"Fish, Hogfish (Lachnolaimus maximus)",reef,1
102871,347,2,2025-02-10 REEF Data Dump SMILE 6/031424_Alligator_FSL02/031424_Alligator0_FSL02/P3140178.ORF,1909.40248528055,1057.581153220473,Green Laser,2358.319414123654,1088.2171260218536,1428.5523874613125,1025.7700869176665,"Fish, Hogfish (Lachnolaimus maximus)",reef,1
102876,347,2,2025-02-10 REEF Data Dump SMILE 6/031424_Alligator_FSL02/031424_Alligator0_FSL02/P3140186.ORF,1986.4729624126192,1297.6005035017183,Green Laser,1888.3627182186565,1276.0195976178047,2154.227898476903,1358.1250209328518,"Fish, Black Grouper (Mycteroperca bonaci)",reef,1
102878,347,2,2025-02-10 REEF Data Dump SMILE 6/031424_Alligator_FSL02/031424_Alligator0_FSL02/P3140190.ORF,1982.6337832503395,1288.4882276302053,Green Laser,1873.445596527096,1279.3646333824918,2119.2715922135903,1373.9130932619128,"Fish, Black Grouper (Mycteroperca bonaci)",reef,1
102879,347,2,2025-02-10 REEF Data Dump SMILE 6/031424_Alligator_FSL02/031424_Alligator0_FSL02/P3140189.ORF,1984.2349539600705,1292.2901999372227,Green Laser,1918.395162997946,1296.5570692060876,2175.803948312274,1405.081330610386,"Fish, Black Grouper (Mycteroperca bonaci)",reef,1
102880,347,2,2025-02-10 REEF Data Dump SMILE 6/031424_Alligator_FSL02/031424_Alligator0_FSL02/P3140188.ORF,1984.6480455694807,1293.9534621965506,Green Laser,1901.389565088832,1312.0080519368944,2168.915666302566,1413.202707613394,"Fish, Black Grouper (Mycteroperca bonaci)",reef,1
102881,347,2,2025-02-10 REEF Data Dump SMILE 6/031424_Alligator_FSL02/031424_Alligator0_FSL02/P3140191.ORF,1982.5888694315613,1288.6342918047558,Green Laser,1868.437410376457,1267.2130151557085,2142.1232037116274,1348.3499538878166,"Fish, Black Grouper (Mycteroperca bonaci)",reef,1
102882,347,2,2025-02-10 REEF Data Dump SMILE 6/031424_Alligator_FSL02/031424_Alligator0_FSL02/P3140193.ORF,1982.9365027227143,1287.054193452865,Green Laser,,,,,"Fish, Black Grouper (Mycteroperca bonaci)",reef,1
102883,347,2,2025-02-10 REEF Data Dump SMILE 6/031424_Alligator_FSL02/031424_Alligator0_FSL02/P3140192.ORF,1982.677492335068,1287.217108224326,Green Laser,,,,,"Fish, Black Grouper (Mycteroperca bonaci)",reef,1
102884,347,2,2025-02-10 REEF Data Dump SMILE 6/031424_Alligator_FSL02/031424_Alligator0_FSL02/P3140194.ORF,1982.22370508018,1286.6589111352262,Green Laser,,,,,"Fish, Black Grouper (Mycteroperca bonaci)",reef,1
102885,347,2,2025-02-10 REEF Data Dump SMILE 6/031424_Alligator_FSL02/031424_Alligator0_FSL02/P3140196.ORF,1982.2598525414933,1287.4692369138318,Green Laser,1861.475145133162,1311.2978604723812,2180.790024154123,1382.2567224770391,"Fish, Black Grouper (Mycteroperca bonaci)",reef,1
102886,347,2,2025-02-10 REEF Data Dump SMILE 6/031424_Alligator_FSL02/031424_Alligator0_FSL02/P3140195.ORF,1981.9470318211345,1286.7493079043154,Green Laser,,,,,"Fish, Black Grouper (Mycteroperca bonaci)",reef,1
102887,347,2,2025-02-10 REEF Data Dump SMILE 6/031424_Alligator_FSL02/031424_Alligator0_FSL02/P3140197.ORF,1936.118504160294,1144.4945945432598,Green Laser,,,,,"Fish, Black Grouper (Mycteroperca bonaci)",reef,1
102889,347,2,2025-02-10 REEF Data Dump SMILE 6/031424_Alligator_FSL02/031424_Alligator0_FSL02/P3140198.ORF,1939.0234563378465,1149.0660805169375,Green Laser,,,,,"Fish, Black Grouper (Mycteroperca bonaci)",reef,1
102890,347,2,2025-02-10 REEF Data Dump SMILE 6/031424_Alligator_FSL02/031424_Alligator0_FSL02/P3140200.ORF,1935.18274500798,1136.8970235459833,Green Laser,,,,,"Fish, Black Grouper (Mycteroperca bonaci)",reef,1
102901,347,2,2025-02-10 REEF Data Dump SMILE 6/031424_Alligator_FSL02/031424_Alligator0_FSL02/P3140211.ORF,1977.884986876064,1273.6930491455423,Green Laser,2148.389087973557,1182.2679592011366,1846.77240212654,1376.2392925094723,"Fish, Other (Identifiable but Nontarget)",reef,1
102902,347,2,2025-02-10 REEF Data Dump SMILE 6/031424_Alligator_FSL02/031424_Alligator0_FSL02/P3140212.ORF,1972.7670843522376,1257.8821496049518,Green Laser,2135.5835336607747,1233.7634391361064,1653.6184608754886,1399.9144985571727,"Fish, Other (Identifiable but Nontarget)",reef,1
102903,347,2,2025-02-10 REEF Data Dump SMILE 6/031424_Alligator_FSL02/031424_Alligator0_FSL02/P3140213.ORF,1973.3573240016103,1259.598099387376,Green Laser,2187.857448588378,1233.40240965658,1679.642502150884,1353.489091915489,"Fish, Stoplight Parrotfish (Sparisoma viride)",reef,1
102904,347,2,2025-02-10 REEF Data Dump SMILE 6/031424_Alligator_FSL02/031424_Alligator0_FSL02/P3140214.ORF,1977.013325272907,1263.445671014554,Green Laser,2236.425729318728,1222.4636511641493,1758.010522328858,1322.6850186363354,"Fish, Other (Identifiable but Nontarget)",reef,1
102905,347,2,2025-02-10 REEF Data Dump SMILE 6/031424_Alligator_FSL02/031424_Alligator0_FSL02/P3140215.ORF,1993.0789281303369,1323.506473191293,Green Laser,1768.2020828274292,1400.480993277915,2209.7468037661256,1285.7940527743574,"Fish, Other (Identifiable but Nontarget)",reef,1
102906,347,2,2025-02-10 REEF Data Dump SMILE 6/031424_Alligator_FSL02/031424_Alligator0_FSL02/P3140216.ORF,1991.8952600930804,1323.5320828550014,Green Laser,1737.2192994979916,1391.7313432560716,2236.2970242007077,1320.434525441398,"Fish, Other (Identifiable but Nontarget)",reef,1
102907,347,2,2025-02-10 REEF Data Dump SMILE 6/031424_Alligator_FSL02/031424_Alligator0_FSL02/P3140217.ORF,1991.3608853916844,1321.8906528963007,Green Laser,1760.4125191057362,1371.454803263149,2240.295415275162,1281.7924726630715,"Fish, Other (Identifiable but Nontarget)",reef,1
102908,347,2,2025-02-10 REEF Data Dump SMILE 6/031424_Alligator_FSL02/031424_Alligator0_FSL02/P3140222.ORF,1992.1609745775463,1322.0794725062942,Green Laser,1820.026539406056,1289.1038352305538,2283.317525594001,1336.3393548469376,"Fish, Other (Identifiable but Nontarget)",reef,1
102909,347,2,2025-02-10 REEF Data Dump SMILE 6/031424_Alligator_FSL02/031424_Alligator0_FSL02/P3140218.ORF,1990.8979343354465,1319.9190132671845,Green Laser,1819.9596408361083,1377.243276680541,2326.176484369528,1293.2020886490525,"Fish, Other (Identifiable but Nontarget)",reef,1
102910,347,2,2025-02-10 REEF Data Dump SMILE 6/031424_Alligator_FSL02/031424_Alligator0_FSL02/P3140219.ORF,1990.9613309555252,1320.216052537441,Green Laser,1807.8553505665789,1381.5538754981008,2303.524158614024,1334.347322350725,"Fish, Other (Identifiable but Nontarget)",reef,1
102911,347,2,2025-02-10 REEF Data Dump SMILE 6/031424_Alligator_FSL02/031424_Alligator0_FSL02/P3140221.ORF,1991.469012553477,1322.5261222946376,Green Laser,1798.5986935119674,1309.9993559613051,2282.588603349888,1328.437066812273,"Fish, Other (Identifiable but Nontarget)",reef,1
102912,347,2,2025-02-10 REEF Data Dump SMILE 6/031424_Alligator_FSL02/031424_Alligator0_FSL02/P3140220.ORF,1991.296756598892,1321.2957989363158,Green Laser,1805.0092314216624,1351.5936248944176,2310.1098192626346,1328.5926873788908,"Fish, Other (Identifiable but Nontarget)",reef,1
102913,347,2,2025-02-10 REEF Data Dump SMILE 6/031424_Alligator_FSL02/031424_Alligator0_FSL02/P3140223.ORF,1995.4631379962195,1334.109640831758,Green Laser,2136.141394907609,1201.450290843486,1683.2711475845051,1389.629252059936,"Fish, Other (Identifiable but Nontarget)",reef,1
102915,347,2,2025-02-10 REEF Data Dump SMILE 6/031424_Alligator_FSL02/031424_Alligator0_FSL02/P3140225.ORF,1982.631900782532,1290.8305810005988,Green Laser,1826.8380251865135,1413.8358086741675,2374.129305963611,1287.1480121979876,"Fish, Other (Identifiable but Nontarget)",reef,1
102916,347,2,2025-02-10 REEF Data Dump SMILE 6/031424_Alligator_FSL02/031424_Alligator0_FSL02/P3140224.ORF,1983.9918230429332,1294.6470399537543,Green Laser,1797.076650174772,1412.5948013686032,2371.415945935782,1271.3951073941355,"Fish, Other (Identifiable but Nontarget)",reef,1
102917,347,2,2025-02-10 REEF Data Dump SMILE 6/031424_Alligator_FSL02/031424_Alligator0_FSL02/P3140227.ORF,1980.291165698147,1281.7395873984783,Green Laser,1820.9265570319064,1468.3465355616493,2384.209103156169,1142.98477606749,"Fish, Other (Identifiable but Nontarget)",reef,1
102918,347,2,2025-02-10 REEF Data Dump SMILE 6/031424_Alligator_FSL02/031424_Alligator0_FSL02/P3140231.ORF,1970.0003011504891,1250.4891008059335,Green Laser,1924.4621344033333,1315.321479900932,2121.8620651466017,1056.3183817047532,"Fish, Other (Identifiable but Nontarget)",reef,1
102919,347,2,2025-02-10 REEF Data Dump SMILE 6/031424_Alligator_FSL02/031424_Alligator0_FSL02/P3140229.ORF,1977.8247510278995,1274.6835850092882,Green Laser,1891.011275141,1504.1194477465544,2431.7535406466554,1108.6512237200295,"Fish, Other (Identifiable but Nontarget)",reef,1
102920,347,2,2025-02-10 REEF Data Dump SMILE 6/031424_Alligator_FSL02/031424_Alligator0_FSL02/P3140230.ORF,1977.499557441353,1272.579605133352,Green Laser,1883.1965251091449,1488.1411026493402,2360.4313963513155,984.1731577068824,"Fish, Other (Identifiable but Nontarget)",reef,1
102921,347,2,2025-02-10 REEF Data Dump SMILE 6/031424_Alligator_FSL02/031424_Alligator0_FSL02/P3140228.ORF,1980.2988871224168,1285.0365659777424,Green Laser,1824.725679844997,1434.3334245031524,2386.8583174824776,1039.933912612339,"Fish, Other (Identifiable but Nontarget)",reef,1
102922,347,2,2025-02-10 REEF Data Dump SMILE 6/031424_Alligator_FSL02/031424_Alligator0_FSL02/P3140234.ORF,1974.1152749254843,1264.3845284654378,Green Laser,1758.9145707222135,1338.1787464361134,2438.1995849777595,1132.1035173922962,"Fish, Other (Identifiable but Nontarget)",reef,1
102923,347,2,2025-02-10 REEF Data Dump SMILE 6/031424_Alligator_FSL02/031424_Alligator0_FSL02/P3140235.ORF,1974.4869349743649,1263.419115917366,Green Laser,1759.4128493775415,1314.5114286508172,2446.129513009901,1173.5891165699093,"Fish, Other (Identifiable but Nontarget)",reef,1
102924,347,2,2025-02-10 REEF Data Dump SMILE 6/031424_Alligator_FSL02/031424_Alligator0_FSL02/P3140236.ORF,1975.9216806713373,1267.2882500293997,Green Laser,1770.4476221216764,1357.3353215978752,2450.7494828821914,1288.9354062496714,"Fish, Other (Identifiable but Nontarget)",reef,1
102925,347,2,2025-02-10 REEF Data Dump SMILE 6/031424_Alligator_FSL02/031424_Alligator0_FSL02/P3140232.ORF,1975.6521381164623,1268.0652370705443,Green Laser,1842.519215039664,1404.893832698781,2426.056246999762,985.8879187725448,"Fish, Other (Identifiable but Nontarget)",reef,1
102926,347,2,2025-02-10 REEF Data Dump SMILE 6/031424_Alligator_FSL02/031424_Alligator0_FSL02/P3140233.ORF,1975.6650927577175,1266.586050162421,Green Laser,1807.66912370533,1370.5276699776996,2458.920677217924,1044.901893221403,"Fish, Other (Identifiable but Nontarget)",reef,1
102927,347,2,2025-02-10 REEF Data Dump SMILE 6/031424_Alligator_FSL02/031424_Alligator0_FSL02/P3140237.ORF,1975.1507848101664,1264.220689415994,Green Laser,1778.8888204652606,1333.3630678695831,2424.002860797772,1307.297854118775,"Fish, Other (Identifiable but Nontarget)",reef,1
102928,347,2,2025-02-10 REEF Data Dump SMILE 6/031424_Alligator_FSL02/031424_Alligator0_FSL02/P3140238.ORF,1975.0839759028725,1264.4693145670085,Green Laser,1755.5866037105336,1299.448613230131,2379.7623645147573,1310.0023096688496,"Fish, Other (Identifiable but Nontarget)",reef,1
102929,347,2,2025-02-10 REEF Data Dump SMILE 6/031424_Alligator_FSL02/031424_Alligator0_FSL02/P3140239.ORF,1975.6164429128792,1268.5881357926537,Green Laser,1838.7701992429245,1318.4227184886022,2429.289473358631,1346.40245529431,"Fish, Other (Identifiable but Nontarget)",reef,1
102938,347,2,2025-02-10 REEF Data Dump SMILE 6/031424_Alligator_FSL02/031424_Alligator0_FSL02/P3140246.ORF,2002.448439434814,1352.411183891658,Green Laser,2092.952365700281,1370.9411525405026,1774.4550186928363,1456.5748731981644,"Fish, Other (Identifiable but Nontarget)",reef,1
102941,347,2,2025-02-10 REEF Data Dump SMILE 6/031424_Alligator_FSL02/031424_Alligator0_FSL02/P3140253.ORF,1994.1588478469491,1330.0677877766316,Green Laser,2087.8866611546628,1282.719509900131,1779.229297925758,1328.3575636071284,"Fish, Other (Identifiable but Nontarget)",reef,1
102943,347,2,2025-02-10 REEF Data Dump SMILE 6/031424_Alligator_FSL02/031424_Alligator0_FSL02/P3140254.ORF,1993.5199346759407,1324.1298587452616,Green Laser,2060.6555115668143,1275.7231315087238,1714.8957568251913,1340.5121361939655,"Fish, Other (Identifiable but Nontarget)",reef,1
102944,347,2,2025-02-10 REEF Data Dump SMILE 6/031424_Alligator_FSL02/031424_Alligator0_FSL02/P3140255.ORF,1992.1777459111831,1320.518921829074,Green Laser,2087.909440308156,1303.4737136060646,1685.966055340111,1400.6049624397656,"Fish, Other (Identifiable but Nontarget)",reef,1
102946,347,2,2025-02-10 REEF Data Dump SMILE 6/031424_Alligator_FSL02/031424_Alligator0_FSL02/P3140257.ORF,1991.035012137736,1316.7791161123823,Green Laser,,,,,,reef,1
102947,347,2,2025-02-10 REEF Data Dump SMILE 6/031424_Alligator_FSL02/031424_Alligator0_FSL02/P3140258.ORF,1995.1372311020057,1328.9888626988266,Green Laser,,,,,,reef,1
102948,347,2,2025-02-10 REEF Data Dump SMILE 6/031424_Alligator_FSL02/031424_Alligator0_FSL02/P3140256.ORF,1991.3596405229248,1317.8420168985735,Green Laser,2103.897833916844,1339.749345475797,1658.6413489402464,1430.5919041922866,"Fish, Other (Identifiable but Nontarget)",reef,1
102951,347,2,2025-02-10 REEF Data Dump SMILE 6/031424_Alligator_FSL02/031424_Alligator0_FSL02/P3140262.ORF,1923.791862047356,1114.115257624735,Green Laser,1920.1166943813264,898.3059545578931,1735.8684938356344,1705.6480696762876,"Fish, Stoplight Parrotfish (Sparisoma viride)",reef,1
102952,347,2,2025-02-10 REEF Data Dump SMILE 6/031424_Alligator_FSL02/031424_Alligator0_FSL02/P3140260.ORF,1951.257618280861,1197.030025523629,Green Laser,,,,,,reef,1
102953,347,2,2025-02-10 REEF Data Dump SMILE 6/031424_Alligator_FSL02/031424_Alligator0_FSL02/P3140266.ORF,1928.2853893987815,1125.7567650715791,Green Laser,2163.9829124650555,816.4628985496342,1752.5792356726656,1512.059904705188,"Fish, Stoplight Parrotfish (Sparisoma viride)",reef,1
102954,347,2,2025-02-10 REEF Data Dump SMILE 6/031424_Alligator_FSL02/031424_Alligator0_FSL02/P3140265.ORF,1925.0753685507204,1118.849222938337,Green Laser,2114.1167271501604,854.6599240271115,1746.4686435187457,1544.8671539008883,"Fish, Stoplight Parrotfish (Sparisoma viride)",reef,1
102955,347,2,2025-02-10 REEF Data Dump SMILE 6/031424_Alligator_FSL02/031424_Alligator0_FSL02/P3140263.ORF,1924.2460000103135,1116.6208345263487,Green Laser,2030.0804189351504,808.3240780619027,1792.5515615191605,1606.42103897963,"Fish, Stoplight Parrotfish (Sparisoma viride)",reef,1
102957,347,2,2025-02-10 REEF Data Dump SMILE 6/031424_Alligator_FSL02/031424_Alligator0_FSL02/P3140267.ORF,1932.349761526232,1126.8044515103338,Green Laser,,,,,,reef,1
102958,347,2,2025-02-10 REEF Data Dump SMILE 6/031424_Alligator_FSL02/031424_Alligator0_FSL02/P3140268.ORF,1930.8386877168227,1135.393660980441,Green Laser,2175.620551403488,841.9971001078501,1582.833864347164,1417.141326239879,,reef,1
102959,347,2,2025-02-10 REEF Data Dump SMILE 6/031424_Alligator_FSL02/031424_Alligator0_FSL02/P3140271.ORF,1942.674837204939,1168.3679122604167,Green Laser,,,,,,reef,1
102961,347,2,2025-02-10 REEF Data Dump SMILE 6/031424_Alligator_FSL02/031424_Alligator0_FSL02/P3140269.ORF,1937.1446740858505,1141.1891891891892,Green Laser,2057.6807001245734,932.5911369541068,1458.013453307774,1441.0468607922987,"Fish, Stoplight Parrotfish (Sparisoma viride)",reef,1
102963,347,2,2025-02-10 REEF Data Dump SMILE 6/031424_Alligator_FSL02/031424_Alligator0_FSL02/P3140272.ORF,1967.4058479178257,1247.9227752107029,Green Laser,1290.928048339368,1251.7103908943218,2085.845983467143,1234.9045148873925,,reef,1
102964,347,2,2025-02-10 REEF Data Dump SMILE 6/031424_Alligator_FSL02/031424_Alligator0_FSL02/P3140276.ORF,1943.436983034592,1170.5982455683522,Green Laser,1748.2746460608644,1228.7882243406204,2337.607250035643,1164.9095155181794,"Fish, Hogfish (Lachnolaimus maximus)",reef,1
102966,347,2,2025-02-10 REEF Data Dump SMILE 6/031424_Alligator_FSL02/031424_Alligator0_FSL02/P3140275.ORF,1942.295646721024,1163.7555265268234,Green Laser,1626.072983421848,1320.6799447651,2189.7190296236604,1228.75824726023,"Fish, Hogfish (Lachnolaimus maximus)",reef,1
102967,347,2,2025-02-10 REEF Data Dump SMILE 6/031424_Alligator_FSL02/031424_Alligator0_FSL02/P3140281.ORF,1945.9086849600203,1178.1061564538618,Green Laser,1671.0393407449303,1183.2720704854464,2233.1276728032103,1176.938680828452,"Fish, Hogfish (Lachnolaimus maximus)",reef,1
102968,347,2,2025-02-10 REEF Data Dump SMILE 6/031424_Alligator_FSL02/031424_Alligator0_FSL02/P3140280.ORF,1945.2112778432584,1176.992250685264,Green Laser,1695.4855330765618,1184.8551559704756,2268.3130808383557,1181.8892931634434,"Fish, Hogfish (Lachnolaimus maximus)",reef,1
102970,347,2,2025-02-10 REEF Data Dump SMILE 6/031424_Alligator_FSL02/031424_Alligator0_FSL02/P3140277.ORF,1943.5359270341169,1171.015586237129,Green Laser,1733.4208445918318,1249.0798646433373,2332.314375068984,1219.810631950845,"Fish, Hogfish (Lachnolaimus maximus)",reef,1
102971,347,2,2025-02-10 REEF Data Dump SMILE 6/031424_Alligator_FSL02/031424_Alligator0_FSL02/P3140279.ORF,1949.684575389948,1181.310225303293,Green Laser,1720.8621534858164,1217.9023935126806,2339.0270037259183,1208.5833254186084,"Fish, Hogfish (Lachnolaimus maximus)",reef,1
102972,347,2,2025-02-10 REEF Data Dump SMILE 6/031424_Alligator_FSL02/031424_Alligator0_FSL02/P3140284.ORF,1950.777817285807,1190.3929511562108,Green Laser,,,,,"Fish, Hogfish (Lachnolaimus maximus)",reef,1
102973,347,2,2025-02-10 REEF Data Dump SMILE 6/031424_Alligator_FSL02/031424_Alligator0_FSL02/P3140285.ORF,1951.4375023000955,1196.530272709684,Green Laser,1727.569912483915,1170.4359378610404,2198.7062417343805,1212.448112177692,"Fish, Hogfish (Lachnolaimus maximus)",reef,1
102974,347,2,2025-02-10 REEF Data Dump SMILE 6/031424_Alligator_FSL02/031424_Alligator0_FSL02/P3140282.ORF,1946.550179647353,1181.6609929292986,Green Laser,1668.0931182642184,1186.8644608277548,2209.163681288636,1171.9039844307665,"Fish, Hogfish (Lachnolaimus maximus)",reef,1
102975,347,2,2025-02-10 REEF Data Dump SMILE 6/031424_Alligator_FSL02/031424_Alligator0_FSL02/P3140286.ORF,1953.4835346768607,1206.2137502476876,Green Laser,1734.329274645141,1199.7788473966891,2178.7411690964277,1285.7940527743574,"Fish, Hogfish (Lachnolaimus maximus)",reef,1
102976,347,2,2025-02-10 REEF Data Dump SMILE 6/031424_Alligator_FSL02/031424_Alligator0_FSL02/P3140283.ORF,1947.8564164789,1184.6524736525273,Green Laser,1685.5873249311292,1215.5483017159283,2208.846490978611,1211.247541447045,"Fish, Hogfish (Lachnolaimus maximus)",reef,1
102979,347,2,2025-02-10 REEF Data Dump SMILE 6/031424_Alligator_FSL02/031424_Alligator0_FSL02/P3140289.ORF,1975.9474181143607,1273.360012657596,Green Laser,,,,,,reef,1
102980,347,2,2025-02-10 REEF Data Dump SMILE 6/031424_Alligator_FSL02/031424_Alligator0_FSL02/P3140291.ORF,1970.989977945021,1258.554025683317,Green Laser,,,,,,reef,1
102981,347,2,2025-02-10 REEF Data Dump SMILE 6/031424_Alligator_FSL02/031424_Alligator0_FSL02/P3140290.ORF,1970.7025914949495,1256.8671408307112,Green Laser,,,,,,reef,1
102982,347,2,2025-02-10 REEF Data Dump SMILE 6/031424_Alligator_FSL02/031424_Alligator0_FSL02/P3140292.ORF,1970.4888033417576,1255.295352699439,Green Laser,,,,,,reef,1
102985,347,2,2025-02-10 REEF Data Dump SMILE 6/031424_Alligator_FSL02/031424_Alligator0_FSL02/P3140298.ORF,1996.418268405133,1335.6551031154504,Green Laser,1902.4706769357103,1298.446509528476,2133.6023736476623,1341.591092914707,"Fish, Blue Parrotfish (Scarus coeruleus)",reef,1
102986,347,2,2025-02-10 REEF Data Dump SMILE 6/031424_Alligator_FSL02/031424_Alligator0_FSL02/P3140295.ORF,1999.4785373608904,1347.3704292527823,Green Laser,1876.9684563010328,1268.5138407342786,2142.0206761419618,1365.560519652414,"Fish, Blue Parrotfish (Scarus coeruleus)",reef,1
102987,347,2,2025-02-10 REEF Data Dump SMILE 6/031424_Alligator_FSL02/031424_Alligator0_FSL02/P3140297.ORF,1995.3923851882985,1335.0819421670872,Green Laser,1919.3876091041875,1282.531328210989,2163.8564498641827,1339.5318351239416,"Fish, Blue Parrotfish (Scarus coeruleus)",reef,1
102988,347,2,2025-02-10 REEF Data Dump SMILE 6/031424_Alligator_FSL02/031424_Alligator0_FSL02/P3140299.ORF,2000.259380837465,1342.2688537576623,Green Laser,1893.3360999650388,1340.5153931497678,2130.9494276884434,1362.9044908987812,"Fish, Blue Parrotfish (Scarus coeruleus)",reef,1
102990,347,2,2025-02-10 REEF Data Dump SMILE 6/031424_Alligator_FSL02/031424_Alligator0_FSL02/P3140300.ORF,1997.1789297935975,1338.442213512859,Green Laser,1918.7089633625967,1313.3848858254592,2122.193935287719,1356.168905563562,"Fish, Blue Parrotfish (Scarus coeruleus)",reef,1
102992,347,2,2025-02-10 REEF Data Dump SMILE 6/031424_Alligator_FSL02/031424_Alligator0_FSL02/P3140302.ORF,2010.3922781645797,1378.5730864511152,Green Laser,2113.690604651721,1378.028232449422,1869.609765590203,1377.0048327049296,"Fish, Stoplight Parrotfish (Sparisoma viride)",reef,1
102993,347,2,2025-02-10 REEF Data Dump SMILE 6/031424_Alligator_FSL02/031424_Alligator0_FSL02/P3140303.ORF,2009.8115670306745,1377.7115917508468,Green Laser,2121.274650750924,1354.1668594594064,1870.0409855999733,1359.0504512226,"Fish, Stoplight Parrotfish (Sparisoma viride)",reef,1
102994,347,2,2025-02-10 REEF Data Dump SMILE 6/031424_Alligator_FSL02/031424_Alligator0_FSL02/P3140304.ORF,2009.489920985749,1376.929615375864,Green Laser,2089.2520838254136,1340.3790321910906,1843.0922858046465,1350.112943360629,"Fish, Stoplight Parrotfish (Sparisoma viride)",reef,1
102995,347,2,2025-02-10 REEF Data Dump SMILE 6/031424_Alligator_FSL02/031424_Alligator0_FSL02/P3140305.ORF,2009.9590095986089,1376.2622728903202,Green Laser,2087.350043820449,1363.543778771823,1845.920896304838,1356.855990752,"Fish, Stoplight Parrotfish (Sparisoma viride)",reef,1
102996,347,2,2025-02-10 REEF Data Dump SMILE 6/031424_Alligator_FSL02/031424_Alligator0_FSL02/P3140307.ORF,2011.641295963628,1377.0315389198863,Green Laser,2098.538153266794,1410.3218945631977,1870.7760038138824,1388.4946885739605,"Fish, Stoplight Parrotfish (Sparisoma viride)",reef,1
102997,347,2,2025-02-10 REEF Data Dump SMILE 6/031424_Alligator_FSL02/031424_Alligator0_FSL02/P3140306.ORF,2009.1795938409196,1375.6933547900162,Green Laser,2075.6541993279216,1388.6902474828717,1837.932419898056,1379.2502072491582,"Fish, Stoplight Parrotfish (Sparisoma viride)",reef,1
103000,347,2,2025-02-10 REEF Data Dump SMILE 6/031424_Alligator_FSL02/031424_Alligator0_FSL02/P3140312.ORF,1990.4156724572624,1318.408790438003,Green Laser,2128.9418129796204,1384.4092020313444,1856.1192577931365,1224.8015437605486,,reef,1
103001,347,2,2025-02-10 REEF Data Dump SMILE 6/031424_Alligator_FSL02/031424_Alligator0_FSL02/P3140310.ORF,1992.728802908165,1324.706728027795,Green Laser,2098.615397299576,1445.2830053087196,1872.420547769847,1187.9259199767953,"Fish, Stoplight Parrotfish (Sparisoma viride)",reef,1
103004,347,2,2025-02-10 REEF Data Dump SMILE 6/031424_Alligator_FSL02/031424_Alligator0_FSL02/P3140313.ORF,1989.4746123615853,1314.5411652006185,Green Laser,2133.1710230254616,1313.6505468079863,1866.1763278202884,1242.566726646773,,reef,1
103009,347,2,2025-02-10 REEF Data Dump SMILE 6/031424_Alligator_FSL02/031424_Alligator0_FSL02/P3140319.ORF,1981.9414304523627,1280.8870617107848,Green Laser,,,,,,reef,1
103013,347,2,2025-02-10 REEF Data Dump SMILE 6/031424_Alligator_FSL02/031424_Alligator0_FSL02/P3140322.ORF,2009.4670484514663,1376.3383779918065,Green Laser,,,,,"Fish, Stoplight Parrotfish (Sparisoma viride)",reef,1
103014,347,2,2025-02-10 REEF Data Dump SMILE 6/031424_Alligator_FSL02/031424_Alligator0_FSL02/P3140325.ORF,2007.8924618746355,1371.656095668976,Green Laser,2107.8835297295086,1379.1770168778896,1870.77755883504,1282.7352046594724,"Fish, Stoplight Parrotfish (Sparisoma viride)",reef,1
103016,347,2,2025-02-10 REEF Data Dump SMILE 6/031424_Alligator_FSL02/031424_Alligator0_FSL02/P3140326.ORF,2007.3164226909755,1370.7633829029162,Green Laser,2125.873925425043,1377.243155214762,1917.0026019369352,1304.2230990359928,"Fish, Stoplight Parrotfish (Sparisoma viride)",reef,1
103017,347,2,2025-02-10 REEF Data Dump SMILE 6/031424_Alligator_FSL02/031424_Alligator0_FSL02/P3140327.ORF,2006.3573175926217,1367.3658818975966,Green Laser,,,,,,reef,1
103018,347,2,2025-02-10 REEF Data Dump SMILE 6/031424_Alligator_FSL02/031424_Alligator0_FSL02/P3140328.ORF,2006.2751691292476,1368.969737281369,Green Laser,,,,,"Fish, Stoplight Parrotfish (Sparisoma viride)",reef,1
103021,347,2,2025-02-10 REEF Data Dump SMILE 6/031424_Alligator_FSL02/031424_Alligator0_FSL02/P3140331.ORF,2006.280940980052,1363.959412109284,Green Laser,,,,,,reef,1
103028,347,2,2025-02-10 REEF Data Dump SMILE 6/031424_Alligator_FSL02/031424_Alligator0_FSL02/P3140337.ORF,1891.8929574982035,1006.553417532865,Green Laser,,,,,,reef,1
103047,347,2,2025-02-10 REEF Data Dump SMILE 6/031424_Alligator_FSL02/031424_Alligator0_FSL02/P3140357.ORF,1984.9941502838592,1302.1830631828857,Green Laser,,,,,,reef,1
103050,347,2,2025-02-10 REEF Data Dump SMILE 6/031424_Alligator_FSL02/031424_Alligator0_FSL02/P3140360.ORF,1976.9215779254944,1278.4118653078062,Green Laser,1998.4150119212516,1314.2047599381106,1933.2699597612177,1070.30804026579,,reef,1
103051,347,2,2025-02-10 REEF Data Dump SMILE 6/031424_Alligator_FSL02/031424_Alligator0_FSL02/P3140361.ORF,1978.2920296206803,1282.506006197564,Green Laser,,,,,,reef,1
103052,347,2,2025-02-10 REEF Data Dump SMILE 6/031424_Alligator_FSL02/031424_Alligator0_FSL02/P3140362.ORF,1975.4971008092136,1274.472092497592,Green Laser,1988.1392935436395,1311.2076361813963,2003.7784217941248,1049.2522379857703,,reef,1
103060,347,2,2025-02-10 REEF Data Dump SMILE 6/031424_Alligator_FSL02/031424_Alligator0_FSL02/P3140368.ORF,2012.5631055661067,1389.246209078589,Green Laser,,,,,,reef,1
102551,349,6,2025-02-10 REEF Data Dump SMILE 6/031424_Alligator_FSL06/031424_Alligator0_FSL06/P3140133.ORF,1952.5635049696243,1437.457239449222,Green Laser,1721.9761874160229,1439.4125273187994,2262.7254663471804,1354.0893828972846,"Fish, Stoplight Parrotfish (Sparisoma viride)",reef,1
102552,349,6,2025-02-10 REEF Data Dump SMILE 6/031424_Alligator_FSL06/031424_Alligator0_FSL06/P3140134.ORF,1951.95925459869,1435.6305302648311,Green Laser,1710.0712555541406,1428.3559325647009,2249.913501276037,1337.8397625312032,"Fish, Stoplight Parrotfish (Sparisoma viride)",reef,1
102554,349,6,2025-02-10 REEF Data Dump SMILE 6/031424_Alligator_FSL06/031424_Alligator0_FSL06/P3140131.ORF,1953.222002722692,1439.7159937795163,Green Laser,1714.535432151086,1402.1304386646118,2252.283093530521,1378.3688332647353,"Fish, Stoplight Parrotfish (Sparisoma viride)",reef,1
102562,349,6,2025-02-10 REEF Data Dump SMILE 6/031424_Alligator_FSL06/031424_Alligator0_FSL06/P3140142.ORF,1940.5931396390292,1403.5227640682738,Green Laser,1787.0166433522882,1476.696387919855,2181.159036746356,1315.2941861001125,"Fish, Hogfish (Lachnolaimus maximus)",reef,1
102563,349,6,2025-02-10 REEF Data Dump SMILE 6/031424_Alligator_FSL06/031424_Alligator0_FSL06/P3140144.ORF,1940.0030702351337,1400.787715366154,Green Laser,,,,,"Fish, Hogfish (Lachnolaimus maximus)",reef,1
102565,349,6,2025-02-10 REEF Data Dump SMILE 6/031424_Alligator_FSL06/031424_Alligator0_FSL06/P3140143.ORF,1939.820447066298,1402.6338198962935,Green Laser,1787.2906168778434,1479.7898246987634,2174.7154132252,1308.4587116697255,"Fish, Hogfish (Lachnolaimus maximus)",reef,1
102566,349,6,2025-02-10 REEF Data Dump SMILE 6/031424_Alligator_FSL06/031424_Alligator0_FSL06/P3140145.ORF,1939.377222031334,1400.319067877135,Green Laser,1791.8789384905365,1476.7617462068465,2185.3834835430166,1308.9959620292511,"Fish, Hogfish (Lachnolaimus maximus)",reef,1
102570,349,6,2025-02-10 REEF Data Dump SMILE 6/031424_Alligator_FSL06/031424_Alligator0_FSL06/P3140148.ORF,1955.4284476813837,1451.8226783359505,Green Laser,1539.4172454052175,1455.01055570937,2471.910198235532,1481.1364358533226,"Fish, Black Grouper (Mycteroperca bonaci)",reef,1
102571,349,6,2025-02-10 REEF Data Dump SMILE 6/031424_Alligator_FSL06/031424_Alligator0_FSL06/P3140150.ORF,1955.479370103363,1452.0711934201004,Green Laser,1490.7522779155966,1422.63445863009,2477.711640606476,1453.279771477296,"Fish, Black Grouper (Mycteroperca bonaci)",reef,1
102572,349,6,2025-02-10 REEF Data Dump SMILE 6/031424_Alligator_FSL06/031424_Alligator0_FSL06/P3140149.ORF,1955.4715384681867,1452.8249679695596,Green Laser,1491.628837293329,1436.9084131921566,2484.5119867187877,1466.1765100524874,"Fish, Black Grouper (Mycteroperca bonaci)",reef,1
102578,349,6,2025-02-10 REEF Data Dump SMILE 6/031424_Alligator_FSL06/031424_Alligator0_FSL06/P3140157.ORF,1953.136669491211,1445.541828832478,Green Laser,1468.4384272537302,1456.6911445478293,2580.223101429119,1469.4409687929597,"Fish, Black Grouper (Mycteroperca bonaci)",reef,1
102580,349,6,2025-02-10 REEF Data Dump SMILE 6/031424_Alligator_FSL06/031424_Alligator0_FSL06/P3140159.ORF,1952.9791722516572,1446.582284880399,Green Laser,,,,,"Fish, Black Grouper (Mycteroperca bonaci)",reef,1
102582,349,6,2025-02-10 REEF Data Dump SMILE 6/031424_Alligator_FSL06/031424_Alligator0_FSL06/P3140162.ORF,1951.9169065306803,1443.411450685795,Green Laser,1450.2222222222222,1502.2222222222222,2600.0000000000005,1438.6666666666663,"Fish, Black Grouper (Mycteroperca bonaci)",reef,1
102584,349,6,2025-02-10 REEF Data Dump SMILE 6/031424_Alligator_FSL06/031424_Alligator0_FSL06/P3140165.ORF,1947.498304043115,1428.387188891572,Green Laser,1467.5555555555557,1432.8888888888891,2582.666666666667,1421.333333333333,"Fish, Black Grouper (Mycteroperca bonaci)",reef,1
102587,349,6,2025-02-10 REEF Data Dump SMILE 6/031424_Alligator_FSL06/031424_Alligator0_FSL06/P3140167.ORF,1925.1891514898257,1347.036372249847,Green Laser,1311.5555555555557,1386.6666666666663,2912.0000000000005,1421.333333333333,"Fish, Black Grouper (Mycteroperca bonaci)",reef,1
102591,349,6,2025-02-10 REEF Data Dump SMILE 6/031424_Alligator_FSL06/031424_Alligator0_FSL06/P3140172.ORF,1925.58406851435,1355.2494762132278,Green Laser,1259.5555555555557,1299.9999999999998,2796.444444444445,1415.5555555555557,"Fish, Black Grouper (Mycteroperca bonaci)",reef,1
102609,349,6,2025-02-10 REEF Data Dump SMILE 6/031424_Alligator_FSL06/031424_Alligator0_FSL06/P3140190.ORF,1973.6154258603265,1521.5564194348103,Green Laser,2191.1930264329726,1457.657521083825,1683.9493451734834,1707.4366065525128,"Fish, Nassau Grouper (Epinephelus striatus)",reef,1
102611,349,6,2025-02-10 REEF Data Dump SMILE 6/031424_Alligator_FSL06/031424_Alligator0_FSL06/P3140192.ORF,1973.9883917360853,1518.197621184093,Green Laser,2181.4902011651848,1433.253980268136,1650.9262408365037,1700.0347286819926,"Fish, Nassau Grouper (Epinephelus striatus)",reef,1
102613,349,6,2025-02-10 REEF Data Dump SMILE 6/031424_Alligator_FSL06/031424_Alligator0_FSL06/P3140191.ORF,1973.9112361134687,1520.790416976547,Green Laser,2184.1622142686906,1442.0849984325332,1663.3498979429826,1701.5175481213892,"Fish, Nassau Grouper (Epinephelus striatus)",reef,1
102616,349,6,2025-02-10 REEF Data Dump SMILE 6/031424_Alligator_FSL06/031424_Alligator0_FSL06/P3140195.ORF,1978.670783061304,1540.2950831239516,Green Laser,1835.4979643800968,1431.5352159457252,2219.9128260652205,1707.4909507603504,"Fish, Black Grouper (Mycteroperca bonaci)",reef,1
102617,349,6,2025-02-10 REEF Data Dump SMILE 6/031424_Alligator_FSL06/031424_Alligator0_FSL06/P3140197.ORF,1978.65959502461,1537.685449284682,Green Laser,1845.494393109264,1451.963437415515,2229.4270328104817,1734.677472104594,"Fish, Black Grouper (Mycteroperca bonaci)",reef,1
102618,349,6,2025-02-10 REEF Data Dump SMILE 6/031424_Alligator_FSL06/031424_Alligator0_FSL06/P3140198.ORF,1978.8409830309604,1539.1092422108543,Green Laser,1849.836700797893,1451.7868814757835,2224.699152004151,1729.3912053072222,"Fish, Black Grouper (Mycteroperca bonaci)",reef,1
102621,349,6,2025-02-10 REEF Data Dump SMILE 6/031424_Alligator_FSL06/031424_Alligator0_FSL06/P3140201.ORF,1971.52774306348,1516.7837479859313,Green Laser,2194.249419700908,1538.9410104579897,1537.143182174745,1511.9735862093105,"Fish, Black Grouper (Mycteroperca bonaci)",reef,1
102627,349,6,2025-02-10 REEF Data Dump SMILE 6/031424_Alligator_FSL06/031424_Alligator0_FSL06/P3140207.ORF,1932.360990025999,1377.9892155247037,Green Laser,2180.049798587979,1358.2472598196518,1676.4771790873867,1434.4825591607137,"Fish, Hogfish (Lachnolaimus maximus)",reef,1
102628,349,6,2025-02-10 REEF Data Dump SMILE 6/031424_Alligator_FSL06/031424_Alligator0_FSL06/P3140209.ORF,1936.0748711237145,1394.0388217060108,Green Laser,2172.2705172860656,1342.3614428155431,1661.702165001136,1395.1138924981192,"Fish, Hogfish (Lachnolaimus maximus)",reef,1
102629,349,6,2025-02-10 REEF Data Dump SMILE 6/031424_Alligator_FSL06/031424_Alligator0_FSL06/P3140208.ORF,1934.643649127309,1385.7116695994098,Green Laser,2191.407562653694,1360.7566430958336,1678.334288002828,1413.5006520203046,"Fish, Hogfish (Lachnolaimus maximus)",reef,1
102634,349,6,2025-02-10 REEF Data Dump SMILE 6/031424_Alligator_FSL06/031424_Alligator0_FSL06/P3140214.ORF,1980.4779927416648,1546.7334187265312,Green Laser,2156.7277404843803,1596.3039353291765,1690.768073101615,1568.715249686113,"Fish, Black Grouper (Mycteroperca bonaci)",reef,1
102637,349,6,2025-02-10 REEF Data Dump SMILE 6/031424_Alligator_FSL06/031424_Alligator0_FSL06/P3140215.ORF,1980.62330711422,1546.9531519129032,Green Laser,2184.265777379791,1599.4592706661397,1678.960616048871,1575.204622922255,"Fish, Black Grouper (Mycteroperca bonaci)",reef,1
102642,349,6,2025-02-10 REEF Data Dump SMILE 6/031424_Alligator_FSL06/031424_Alligator0_FSL06/P3140220.ORF,1963.4432258051456,1489.348510999895,Green Laser,2100.647818852352,1584.6408268997138,1710.479241727598,1376.045363707491,"Fish, Rainbow Parrotfish (Scarus guacamaia)",reef,1
102643,349,6,2025-02-10 REEF Data Dump SMILE 6/031424_Alligator_FSL06/031424_Alligator0_FSL06/P3140223.ORF,1967.0046306491013,1501.85393121658,Green Laser,2116.73460862318,1468.9408275359133,1739.4054717571462,1560.369499556114,"Fish, Rainbow Parrotfish (Scarus guacamaia)",reef,1
102648,349,6,2025-02-10 REEF Data Dump SMILE 6/031424_Alligator_FSL06/031424_Alligator0_FSL06/P3140224.ORF,1967.778637443355,1503.9660694930062,Green Laser,2116.079122769465,1463.0883221276658,1748.1321120629966,1563.90273257158,"Fish, Rainbow Parrotfish (Scarus guacamaia)",reef,1
102653,349,6,2025-02-10 REEF Data Dump SMILE 6/031424_Alligator_FSL06/031424_Alligator0_FSL06/P3140233.ORF,1954.072248600316,1454.69406698608,Green Laser,2125.653582797291,1497.4464144697758,1794.580786258645,1454.5039178476084,"Fish, Hogfish (Lachnolaimus maximus)",reef,1
102654,349,6,2025-02-10 REEF Data Dump SMILE 6/031424_Alligator_FSL06/031424_Alligator0_FSL06/P3140234.ORF,1953.1070988888648,1453.7207071364153,Green Laser,2114.3883862375787,1523.673858130414,1769.405625906164,1441.5351056705535,"Fish, Hogfish (Lachnolaimus maximus)",reef,1
102656,349,6,2025-02-10 REEF Data Dump SMILE 6/031424_Alligator_FSL06/031424_Alligator0_FSL06/P3140237.ORF,1935.1463149545384,1393.3053467672676,Green Laser,2087.7901446929554,1507.4204365741266,1702.2579087744234,1339.7174729971,"Fish, Hogfish (Lachnolaimus maximus)",reef,1
102664,349,6,2025-02-10 REEF Data Dump SMILE 6/031424_Alligator_FSL06/031424_Alligator0_FSL06/P3140243.ORF,1952.8515886829389,1451.864520899972,Green Laser,1731.2734318559149,1605.053288646324,2229.8546383153544,1262.1818707445398,"Fish, Stoplight Parrotfish (Sparisoma viride)",reef,1
102672,349,6,2025-02-10 REEF Data Dump SMILE 6/031424_Alligator_FSL06/031424_Alligator0_FSL06/P3140249.ORF,1944.886398667854,1424.4500669994336,Green Laser,1670.7447049403884,1285.787840587107,2295.702569383719,1620.007241362455,"Fish, Midnight Parrotfish (Scarus coelestinus)",reef,1
102674,349,6,2025-02-10 REEF Data Dump SMILE 6/031424_Alligator_FSL06/031424_Alligator0_FSL06/P3140257.ORF,1935.6300675783175,1395.6019248403402,Green Laser,1652.7772071484928,1269.7683573482132,2310.919029156725,1622.0969116864549,"Fish, Midnight Parrotfish (Scarus coelestinus)",reef,1
102679,349,6,2025-02-10 REEF Data Dump SMILE 6/031424_Alligator_FSL06/031424_Alligator0_FSL06/P3140259.ORF,1934.751850080408,1393.154909778596,Green Laser,1622.6098046456527,1299.1797658527053,2331.198003553397,1547.441023102372,"Fish, Midnight Parrotfish (Scarus coelestinus)",reef,1
102680,349,6,2025-02-10 REEF Data Dump SMILE 6/031424_Alligator_FSL06/031424_Alligator0_FSL06/P3140258.ORF,1936.3620331510865,1394.467002062224,Green Laser,1638.936357934664,1288.4603781849887,2314.986076767589,1597.432623490623,"Fish, Midnight Parrotfish (Scarus coelestinus)",reef,1
111916,383,3,2025-02-10 REEF Data Dump SMILE 6/CubaTrip2024_FSL03/062624_FiveSeas_FSL03/P6260567.ORF,2040.5072487462548,1434.6493416242863,Red Laser,2461.413596964244,1294.2250368475156,1519.1172999518435,1650.3140431879929,"Fish, Nassau Grouper (Epinephelus striatus)",reef,1
111919,383,3,2025-02-10 REEF Data Dump SMILE 6/CubaTrip2024_FSL03/062624_FiveSeas_FSL03/P6260570.ORF,2027.4043321335048,1394.5443961574906,Red Laser,2539.4926396682727,1404.7751602875176,1114.1650879566982,1603.9079837618403,"Fish, Nassau Grouper (Epinephelus striatus)",reef,1
111923,383,3,2025-02-10 REEF Data Dump SMILE 6/CubaTrip2024_FSL03/062624_FiveSeas_FSL03/P6260574.ORF,2057.667848372561,1480.6493191418797,Red Laser,2150.4902368517824,1452.430597746779,1905.3378305831052,1523.2438516768204,"Fish, Hogfish (Lachnolaimus maximus)",reef,1
111924,383,3,2025-02-10 REEF Data Dump SMILE 6/CubaTrip2024_FSL03/062624_FiveSeas_FSL03/P6260575.ORF,2029.8794940747352,1399.1366564968182,Red Laser,1917.3390132928664,1455.402768246805,2296.4618297797138,1393.7806386320694,"Fish, Hogfish (Lachnolaimus maximus)",reef,1
111925,383,3,2025-02-10 REEF Data Dump SMILE 6/CubaTrip2024_FSL03/062624_FiveSeas_FSL03/P6260576.ORF,2030.024548723167,1396.196766913277,Red Laser,1900.2436808733569,1373.0460848580187,2284.422672097824,1433.5396040402495,"Fish, Hogfish (Lachnolaimus maximus)",reef,1
111926,383,3,2025-02-10 REEF Data Dump SMILE 6/CubaTrip2024_FSL03/062624_FiveSeas_FSL03/P6260577.ORF,2044.6646174326795,1440.8520532377254,Red Laser,2329.0494842754592,1454.29222263383,1631.816028406013,1418.5199837599307,"Fish, Nassau Grouper (Epinephelus striatus)",reef,1
111927,383,3,2025-02-10 REEF Data Dump SMILE 6/CubaTrip2024_FSL03/062624_FiveSeas_FSL03/P6260578.ORF,2010.2512322647924,1329.182096103406,Red Laser,1874.1412313744709,1535.4847559678592,2287.859970367921,1143.3178768661603,"Fish, Hogfish (Lachnolaimus maximus)",reef,1
111928,383,3,2025-02-10 REEF Data Dump SMILE 6/CubaTrip2024_FSL03/062624_FiveSeas_FSL03/P6260579.ORF,2016.8013253145389,1358.392288571701,Red Laser,2109.501160553388,1330.226387292345,1792.7657910728208,1366.787578180138,"Fish, Stoplight Parrotfish (Sparisoma viride)",reef,1
111929,383,3,2025-02-10 REEF Data Dump SMILE 6/CubaTrip2024_FSL03/062624_FiveSeas_FSL03/P6260580.ORF,1972.1013771255136,1216.8788809634025,Red Laser,759.1014884979701,1583.5020297699596,3158.841677943166,844.8064952638701,"Fish, Nassau Grouper (Epinephelus striatus)",reef,1
121926,436,4,2025-02-10 REEF Data Dump SMILE 6/101624_Alligator/101624_Alligator_FSL04/101624_Alligator0_FSL04/PA160168.ORF,2005.6619094621667,1406.3655569795922,Green Laser,2151.574720756364,1434.312366142574,1858.5812519166564,1378.1552846149634,"Fish Model, Yellow Anthias",reef,1
129267,465,4,2025-03-13 Reef Data Dump/121024_Alligator_FSL04/121024_Alligator2_FSL04/PC100011.ORF,1971.0205619616424,1281.4852284614508,Green Laser,1895.2917350255968,1351.339410694247,2095.78986448988,1204.7869662876185,"Fish, Hogfish (Lachnolaimus maximus)",reef,1
129268,465,4,2025-03-13 Reef Data Dump/121024_Alligator_FSL04/121024_Alligator2_FSL04/PC100010.ORF,1971.5787856593,1283.0565247955992,Green Laser,1890.2128794701773,1326.8013116585091,2102.1657965853005,1211.8437972909849,"Fish, Hogfish (Lachnolaimus maximus)",reef,1
129269,465,4,2025-03-13 Reef Data Dump/121024_Alligator_FSL04/121024_Alligator2_FSL04/PC100012.ORF,1970.6554830452849,1280.9623704666535,Green Laser,1925.837413371924,1350.5642889731416,2078.9485680196,1156.741497829552,"Fish, Hogfish (Lachnolaimus maximus)",reef,1
129273,465,4,2025-03-13 Reef Data Dump/121024_Alligator_FSL04/121024_Alligator2_FSL04/PC100016.ORF,1983.5032796876412,1316.468088709429,Green Laser,2080.133849160669,1257.1937108070724,1886.474071308909,1367.0101966006584,"Fish, Stoplight Parrotfish (Sparisoma viride)",reef,1
129275,465,4,2025-03-13 Reef Data Dump/121024_Alligator_FSL04/121024_Alligator2_FSL04/PC100018.ORF,1979.694774964596,1306.2023741819407,Green Laser,2053.471633828127,1289.825152836657,1801.0058577883942,1317.9463407618748,"Fish, Stoplight Parrotfish (Sparisoma viride)",reef,1
129276,465,4,2025-03-13 Reef Data Dump/121024_Alligator_FSL04/121024_Alligator2_FSL04/PC100020.ORF,1977.9422981863383,1301.898666415039,Green Laser,2066.2890027800995,1295.9405779588255,1808.3685491532297,1308.1296353135926,"Fish, Stoplight Parrotfish (Sparisoma viride)",reef,1
129278,465,4,2025-03-13 Reef Data Dump/121024_Alligator_FSL04/121024_Alligator2_FSL04/PC100019.ORF,1978.0450232744904,1302.7375973464536,Green Laser,2062.62445575558,1284.611997646728,1842.9418894386324,1306.2409761837248,"Fish, Stoplight Parrotfish (Sparisoma viride)",reef,1
129280,465,4,2025-03-13 Reef Data Dump/121024_Alligator_FSL04/121024_Alligator2_FSL04/PC100023.ORF,1972.4936776031172,1283.5161456552728,Green Laser,2173.3072713874008,1393.7627758729018,1765.2235757489384,1320.5169843480498,"Fish, Rainbow Parrotfish (Scarus guacamaia)",reef,1
129281,465,4,2025-03-13 Reef Data Dump/121024_Alligator_FSL04/121024_Alligator2_FSL04/PC100025.ORF,1973.0,1285.9999999999998,Green Laser,2170.1080981694176,1219.2497514180518,1730.8472744638025,1284.7119476074415,"Fish, Rainbow Parrotfish (Scarus guacamaia)",reef,1
129282,465,4,2025-03-13 Reef Data Dump/121024_Alligator_FSL04/121024_Alligator2_FSL04/PC100024.ORF,1973.7960600089536,1286.033714728214,Green Laser,2182.197544627966,1262.700319745207,1873.8073377915427,1316.7041347672537,"Fish, Rainbow Parrotfish (Scarus guacamaia)",reef,1
129285,465,4,2025-03-13 Reef Data Dump/121024_Alligator_FSL04/121024_Alligator2_FSL04/PC100028.ORF,1968.2195942389897,1268.5066867646044,Green Laser,2065.7790155567027,1474.3424895067378,1836.3424321752516,1029.9153298456288,"Fish, Rainbow Parrotfish (Scarus guacamaia)",reef,1
129287,465,4,2025-03-13 Reef Data Dump/121024_Alligator_FSL04/121024_Alligator2_FSL04/PC100030.ORF,1983.912852956141,1323.021725393298,Green Laser,1935.93927074892,1254.1526869306074,2085.7027514868514,1413.683351194926,"Fish, Stoplight Parrotfish (Sparisoma viride)",reef,1
129294,465,4,2025-03-13 Reef Data Dump/121024_Alligator_FSL04/121024_Alligator2_FSL04/PC100037.ORF,1979.0073132079517,1308.6995458525023,Green Laser,2026.9915155315227,1449.6024218391815,1877.015917073056,1124.4340888982583,"Fish, Hogfish (Lachnolaimus maximus)",reef,1
129295,465,4,2025-03-13 Reef Data Dump/121024_Alligator_FSL04/121024_Alligator2_FSL04/PC100038.ORF,1970.386267650809,1281.2229005008876,Green Laser,,,,,"Fish, Hogfish (Lachnolaimus maximus)",reef,1
129296,465,4,2025-03-13 Reef Data Dump/121024_Alligator_FSL04/121024_Alligator2_FSL04/PC100039.ORF,1969.6068005083775,1278.7509864154922,Green Laser,,,,,"Fish, Hogfish (Lachnolaimus maximus)",reef,1
129298,465,4,2025-03-13 Reef Data Dump/121024_Alligator_FSL04/121024_Alligator2_FSL04/PC100041.ORF,1967.9802990914657,1268.4498149574245,Green Laser,1746.5950150373249,1334.2947047961725,2172.9633148667585,1275.8584403525438,"Fish, Hogfish (Lachnolaimus maximus)",reef,1
129299,465,4,2025-03-13 Reef Data Dump/121024_Alligator_FSL04/121024_Alligator2_FSL04/PC100042.ORF,1966.4008834792369,1263.0524161203202,Green Laser,1764.3077913131972,1306.260567068294,2197.216153905568,1286.7231350273082,"Fish, Hogfish (Lachnolaimus maximus)",reef,1
129301,465,4,2025-03-13 Reef Data Dump/121024_Alligator_FSL04/121024_Alligator2_FSL04/PC100043.ORF,1965.0815524662876,1264.3030657793845,Green Laser,1811.594290007513,1213.07513148009,2227.822689706988,1317.5078888054093,"Fish, Hogfish (Lachnolaimus maximus)",reef,1
129303,465,4,2025-03-13 Reef Data Dump/121024_Alligator_FSL04/121024_Alligator2_FSL04/PC100046.ORF,1951.072309143069,1220.827045180202,Green Laser,1666.9376876319252,1175.1865911730715,2200.7876939879857,1330.1464084542768,"Fish, Hogfish (Lachnolaimus maximus)",reef,1
129304,465,4,2025-03-13 Reef Data Dump/121024_Alligator_FSL04/121024_Alligator2_FSL04/PC100047.ORF,1951.986189061321,1220.4331296466685,Green Laser,1661.0726524468264,1176.4035086506974,2221.969102896337,1333.4090059367672,"Fish, Hogfish (Lachnolaimus maximus)",reef,1
129306,465,4,2025-03-13 Reef Data Dump/121024_Alligator_FSL04/121024_Alligator2_FSL04/PC100048.ORF,1949.0737789676537,1211.050489732488,Green Laser,1618.528521591035,1183.310805409229,2209.181125518209,1326.712042242665,"Fish, Hogfish (Lachnolaimus maximus)",reef,1
129309,465,4,2025-03-13 Reef Data Dump/121024_Alligator_FSL04/121024_Alligator2_FSL04/PC100052.ORF,1941.810258455826,1192.254445775136,Green Laser,1983.0670512020624,965.4405380852144,1750.093948382271,1550.66897236853,"Fish, Hogfish (Lachnolaimus maximus)",reef,1
129311,465,4,2025-03-13 Reef Data Dump/121024_Alligator_FSL04/121024_Alligator2_FSL04/PC100054.ORF,1933.5117977929533,1169.4779766023184,Green Laser,1951.7838137533631,882.6647220830283,1695.5654788076445,1527.1086418224047,"Fish, Hogfish (Lachnolaimus maximus)",reef,1
129312,465,4,2025-03-13 Reef Data Dump/121024_Alligator_FSL04/121024_Alligator2_FSL04/PC100055.ORF,1934.4253148570997,1167.7024466829312,Green Laser,1930.7856697983952,883.0630606026772,1683.638487434534,1532.5925581653794,"Fish, Hogfish (Lachnolaimus maximus)",reef,1
129326,465,4,2025-03-13 Reef Data Dump/121024_Alligator_FSL04/121024_Alligator2_FSL04/PC100069.ORF,1966.0172236344856,1266.9300624188136,Green Laser,1827.834794593076,1100.936322946666,2100.983201506001,1417.854675714441,"Fish, Hogfish (Lachnolaimus maximus)",reef,1
129327,465,4,2025-03-13 Reef Data Dump/121024_Alligator_FSL04/121024_Alligator2_FSL04/PC100070.ORF,1965.6592942902787,1265.373444809946,Green Laser,1815.7640387624217,1077.4935769484464,2091.8758766625724,1418.0315103586329,"Fish, Hogfish (Lachnolaimus maximus)",reef,1
129329,465,4,2025-03-13 Reef Data Dump/121024_Alligator_FSL04/121024_Alligator2_FSL04/PC100072.ORF,1963.1233048476663,1257.7796443858758,Green Laser,1790.236903561064,1121.4673357467432,2079.992162380971,1432.5551444490186,"Fish, Hogfish (Lachnolaimus maximus)",reef,1
129340,465,4,2025-03-13 Reef Data Dump/121024_Alligator_FSL04/121024_Alligator2_FSL04/PC100083.ORF,1990.2755099896465,1342.334782192682,Green Laser,1805.1270032516484,1452.600020925258,2270.179339311684,1216.5328452602653,"Fish, Nassau Grouper (Epinephelus striatus)",reef,1
129342,465,4,2025-03-13 Reef Data Dump/121024_Alligator_FSL04/121024_Alligator2_FSL04/PC100085.ORF,1959.133304366081,1245.0100308492374,Green Laser,1782.8784356228157,1150.2441520147197,2184.336198482855,1264.1408768710792,"Fish, Hogfish (Lachnolaimus maximus)",reef,1
129343,465,4,2025-03-13 Reef Data Dump/121024_Alligator_FSL04/121024_Alligator2_FSL04/PC100086.ORF,1982.0,1320.0,Green Laser,2153.504122042182,1451.992467267997,1704.8100028137728,1212.8407085126555,"Fish, Nassau Grouper (Epinephelus striatus)",reef,1
129344,465,4,2025-03-13 Reef Data Dump/121024_Alligator_FSL04/121024_Alligator2_FSL04/PC100087.ORF,1983.7563322489505,1323.786179772867,Green Laser,2196.7821836848943,1414.332799158926,1699.420814284394,1225.5082631455614,"Fish, Nassau Grouper (Epinephelus striatus)",reef,1
129345,465,4,2025-03-13 Reef Data Dump/121024_Alligator_FSL04/121024_Alligator2_FSL04/PC100088.ORF,1985.4937746610983,1330.081088650085,Green Laser,2152.473228407041,1395.6938262325452,1686.0502659365677,1320.3427691207276,"Fish, Nassau Grouper (Epinephelus striatus)",reef,1
129347,465,4,2025-03-13 Reef Data Dump/121024_Alligator_FSL04/121024_Alligator2_FSL04/PC100090.ORF,1999.2073107008516,1382.6572599434462,Green Laser,,,,,,reef,1
129350,465,4,2025-03-13 Reef Data Dump/121024_Alligator_FSL04/121024_Alligator2_FSL04/PC100093.ORF,1977.3347177413616,1313.0635740641208,Green Laser,,,,,"Fish, Hogfish (Lachnolaimus maximus)",reef,1
129352,465,4,2025-03-13 Reef Data Dump/121024_Alligator_FSL04/121024_Alligator2_FSL04/PC100095.ORF,1979.3162004943997,1317.391237498644,Green Laser,,,,,"Fish, Hogfish (Lachnolaimus maximus)",reef,1
129355,465,4,2025-03-13 Reef Data Dump/121024_Alligator_FSL04/121024_Alligator2_FSL04/PC100098.ORF,1951.8881702364176,1232.282967684568,Green Laser,2113.2521102783985,1273.9967496966533,1683.8449713366797,1236.65699848433,"Fish, Hogfish (Lachnolaimus maximus)",reef,1
129357,465,4,2025-03-13 Reef Data Dump/121024_Alligator_FSL04/121024_Alligator2_FSL04/PC100100.ORF,1958.0,1252.0000000000002,Green Laser,2094.273404712512,1275.4023206170602,1728.539272852263,1233.8223381085866,"Fish, Hogfish (Lachnolaimus maximus)",reef,1
129367,465,4,2025-03-13 Reef Data Dump/121024_Alligator_FSL04/121024_Alligator2_FSL04/PC100110.ORF,1967.4672309419727,1278.66204732221,Green Laser,,,,,"Fish, Hogfish (Lachnolaimus maximus)",reef,1
129368,465,4,2025-03-13 Reef Data Dump/121024_Alligator_FSL04/121024_Alligator2_FSL04/PC100111.ORF,1984.48085466606,1336.110579328731,Green Laser,,,,,,reef,1
129372,465,4,2025-03-13 Reef Data Dump/121024_Alligator_FSL04/121024_Alligator2_FSL04/PC100115.ORF,1968.0002398782503,1280.3992816788516,Green Laser,2083.0467831855444,1295.619184541698,1712.331124941122,1320.0561600869855,"Fish, Hogfish (Lachnolaimus maximus)",reef,1
129401,471,3,2025-03-13 Reef Data Dump/121024_Alligator_FSL03/121024_Alligator2_FSL03/PC100005.ORF,2070.1001208044527,1552.4309327584544,Green Laser,,,,,,reef,1
129410,471,3,2025-03-13 Reef Data Dump/121024_Alligator_FSL03/121024_Alligator2_FSL03/PC100014.ORF,2087.5867837379897,1613.3682454360055,Green Laser,2036.7388578944128,1553.4562552463522,2155.373568896107,1721.0124965580223,,reef,1
129412,471,3,2025-03-13 Reef Data Dump/121024_Alligator_FSL03/121024_Alligator2_FSL03/PC100017.ORF,2098.3850523486453,1648.1894879654624,Green Laser,2203.86674742251,1591.5869207622377,1974.794044541268,1681.8534876968538,"Fish, Stoplight Parrotfish (Sparisoma viride)",reef,1
129413,471,3,2025-03-13 Reef Data Dump/121024_Alligator_FSL03/121024_Alligator2_FSL03/PC100016.ORF,2099.658494174206,1649.6256489707364,Green Laser,,,,,"Fish, Stoplight Parrotfish (Sparisoma viride)",reef,1
129417,471,3,2025-03-13 Reef Data Dump/121024_Alligator_FSL03/121024_Alligator2_FSL03/PC100021.ORF,2076.13149793315,1580.3569219144497,Green Laser,2173.394588296652,1347.819767549253,2025.1681045362589,1682.524730879171,"Fish, Unidentifiable (Cannot see)",reef,1
129419,471,3,2025-03-13 Reef Data Dump/121024_Alligator_FSL03/121024_Alligator2_FSL03/PC100023.ORF,2089.3702495272883,1623.318314652092,Green Laser,2154.8639453210926,1665.2581160047316,2011.6052131857557,1620.7182781714714,"Fish, Hogfish (Lachnolaimus maximus)",reef,1
129421,471,3,2025-03-13 Reef Data Dump/121024_Alligator_FSL03/121024_Alligator2_FSL03/PC100025.ORF,2068.7510589553185,1558.8603813421716,Green Laser,2192.6644850873,1737.2086892330535,1894.8472161249788,1417.129004924661,"Fish, Hogfish (Lachnolaimus maximus)",reef,1
129422,471,3,2025-03-13 Reef Data Dump/121024_Alligator_FSL03/121024_Alligator2_FSL03/PC100026.ORF,2064.428740102878,1545.1386602613286,Green Laser,2135.264750497795,1754.1221653843788,1849.3649177607365,1328.0241284471665,"Fish, Hogfish (Lachnolaimus maximus)",reef,1
129423,471,3,2025-03-13 Reef Data Dump/121024_Alligator_FSL03/121024_Alligator2_FSL03/PC100027.ORF,2064.571754056271,1546.759766869175,Green Laser,1849.2026158630708,1557.4689259393635,2429.558169684632,1594.8108382495984,"Fish, Hogfish (Lachnolaimus maximus)",reef,1
129425,471,3,2025-03-13 Reef Data Dump/121024_Alligator_FSL03/121024_Alligator2_FSL03/PC100029.ORF,2087.272854848612,1614.4871578200066,Green Laser,1989.27789843792,1683.8410367771926,2357.7275223896863,1654.0850101397575,"Fish, Mutton Snapper (Lutjanus analis)",reef,1
129430,471,3,2025-03-13 Reef Data Dump/121024_Alligator_FSL03/121024_Alligator2_FSL03/PC100034.ORF,2095.521027661263,1644.7973225748774,Green Laser,2137.543402682305,1642.43096037728,1995.5268671684864,1678.9078102524045,"Fish, Hogfish (Lachnolaimus maximus)",reef,1
129434,471,3,2025-03-13 Reef Data Dump/121024_Alligator_FSL03/121024_Alligator2_FSL03/PC100038.ORF,2099.696987756439,1662.8350687037057,Green Laser,1791.9626933879251,1640.429958253843,2433.333804885668,1710.910300176672,"Fish, Goliath Grouper (Epinephelus itajara)",reef,1
129440,471,3,2025-03-13 Reef Data Dump/121024_Alligator_FSL03/121024_Alligator2_FSL03/PC100044.ORF,2077.9998496763437,1595.0298990709653,Green Laser,1817.286737671904,1533.0054604416264,2388.4588593624253,1745.7291712343404,"Fish, Nassau Grouper (Epinephelus striatus)",reef,1
129441,471,3,2025-03-13 Reef Data Dump/121024_Alligator_FSL03/121024_Alligator2_FSL03/PC100045.ORF,2071.3655509064383,1574.9307551207078,Green Laser,1715.651906719968,1611.9148146857374,2426.73864015119,1559.602947762493,"Fish, Nassau Grouper (Epinephelus striatus)",reef,1
129444,471,3,2025-03-13 Reef Data Dump/121024_Alligator_FSL03/121024_Alligator2_FSL03/PC100048.ORF,2083.975240654676,1618.5976818885556,Green Laser,1960.6922117347096,1670.3955493176773,2229.573546596386,1618.0469708490316,"Fish, Hogfish (Lachnolaimus maximus)",reef,1
129447,471,3,2025-03-13 Reef Data Dump/121024_Alligator_FSL03/121024_Alligator2_FSL03/PC100051.ORF,2065.0,1555.9999999999998,Green Laser,1981.5,1440.0,2110.5000000000005,1573.0,"Fish, Stoplight Parrotfish (Sparisoma viride)",reef,1
129457,471,3,2025-03-13 Reef Data Dump/121024_Alligator_FSL03/121024_Alligator2_FSL03/PC100061.ORF,2072.658636721469,1569.3051765189932,Green Laser,2238.4853266677856,1605.1651264653808,1921.0712739472945,1582.5465478867231,"Fish, Hogfish (Lachnolaimus maximus)",reef,1
129458,471,3,2025-03-13 Reef Data Dump/121024_Alligator_FSL03/121024_Alligator2_FSL03/PC100062.ORF,2074.1973825570503,1565.7688328187946,Green Laser,2194.609658829305,1595.006364908222,1871.1934985807757,1585.7659031868354,"Fish, Hogfish (Lachnolaimus maximus)",reef,1
129459,471,3,2025-03-13 Reef Data Dump/121024_Alligator_FSL03/121024_Alligator2_FSL03/PC100063.ORF,2082.0436568681434,1593.82564538132,Green Laser,2181.6646634934477,1589.297515343217,1988.9897391065288,1631.51280776507,"Fish, Hogfish (Lachnolaimus maximus)",reef,1
129461,471,3,2025-03-13 Reef Data Dump/121024_Alligator_FSL03/121024_Alligator2_FSL03/PC100065.ORF,2076.430650526251,1577.1044439200696,Green Laser,1949.2753730988172,1671.756425622424,2189.890205219307,1490.926260378497,"Fish, Hogfish (Lachnolaimus maximus)",reef,1
129462,471,3,2025-03-13 Reef Data Dump/121024_Alligator_FSL03/121024_Alligator2_FSL03/PC100066.ORF,2033.2325255704477,1442.5063012975186,Green Laser,1741.4351878222549,1497.5050775901518,2268.443322440056,1420.0289220970665,"Fish, Hogfish (Lachnolaimus maximus)",reef,1
129463,471,3,2025-03-13 Reef Data Dump/121024_Alligator_FSL03/121024_Alligator2_FSL03/PC100067.ORF,2063.7494282463617,1535.777369234072,Green Laser,,,,,"Fish, Unidentifiable (Cannot see)",reef,1
129468,471,3,2025-03-13 Reef Data Dump/121024_Alligator_FSL03/121024_Alligator2_FSL03/PC100072.ORF,2068.9444980118787,1555.2085496569132,Green Laser,1978.9539727693016,1721.6678265663536,2209.662791638494,1421.921141444638,,reef,1
4517,58,2,2023-09-07 REEF Data Dump/082923_Pool Calibration/082923_FishModels_FSL02/P8290087.ORF,2052.2225755166933,1356.960254372019,Red Laser,2439.019054930376,1376.5044305903148,1621.417292115686,1267.4515638846783,"Fish Model, Grouper",pool,2
4518,58,2,2023-09-07 REEF Data Dump/082923_Pool Calibration/082923_FishModels_FSL02/P8290088.ORF,2053.0024574107456,1356.3942886424134,Red Laser,2470.161128812016,1340.801642033304,1647.289459898146,1300.9531350641096,"Fish Model, Grouper",pool,2
4519,58,2,2023-09-07 REEF Data Dump/082923_Pool Calibration/082923_FishModels_FSL02/P8290089.ORF,2063.788704698831,1388.3149600908046,Red Laser,2299.339580717644,1535.2789184754452,1658.172206406751,1218.7762117788373,"Fish Model, Grouper",pool,2
4520,58,2,2023-09-07 REEF Data Dump/082923_Pool Calibration/082923_FishModels_FSL02/P8290091.ORF,2067.1496790878623,1395.3935900132317,Red Laser,2255.181450918097,1552.4417602086482,1772.718872228712,1070.886066065672,"Fish Model, Grouper",pool,2
4521,58,2,2023-09-07 REEF Data Dump/082923_Pool Calibration/082923_FishModels_FSL02/P8290090.ORF,2065.7853263797606,1389.5363900734071,Red Laser,2284.527312991739,1506.9734883130743,1708.610281794946,1112.025268352121,"Fish Model, Grouper",pool,2
4522,58,2,2023-09-07 REEF Data Dump/082923_Pool Calibration/082923_FishModels_FSL02/P8290092.ORF,2068.301377603705,1400.9540507906854,Red Laser,2238.3513442180874,1602.8011701640755,1809.3949537668116,1091.7717282628184,"Fish Model, Grouper",pool,2
4523,58,2,2023-09-07 REEF Data Dump/082923_Pool Calibration/082923_FishModels_FSL02/P8290093.ORF,2077.321828756876,1429.368317772203,Red Laser,2270.4878402833565,1513.3581582916634,1718.5761503536144,1391.0092372377194,"Fish Model, Grouper",pool,2
4524,58,2,2023-09-07 REEF Data Dump/082923_Pool Calibration/082923_FishModels_FSL02/P8290094.ORF,2076.78275327372,1429.3066030154357,Red Laser,2299.13471661746,1467.861182190848,1745.0819792430923,1397.08515773659,"Fish Model, Grouper",pool,2
4525,58,2,2023-09-07 REEF Data Dump/082923_Pool Calibration/082923_FishModels_FSL02/P8290095.ORF,2076.658746727006,1429.2003596316972,Red Laser,2294.7572821900694,1438.7224111502053,1748.8127852520809,1401.0867024742472,"Fish Model, Grouper",pool,2
4526,58,2,2023-09-07 REEF Data Dump/082923_Pool Calibration/082923_FishModels_FSL02/P8290096.ORF,2077.250518522529,1430.5192757309133,Red Laser,2301.3133993065835,1421.1946945001257,1766.9491204227368,1414.56746127637,"Fish Model, Grouper",pool,2
4527,58,2,2023-09-07 REEF Data Dump/082923_Pool Calibration/082923_FishModels_FSL02/P8290098.ORF,2057.562439821404,1377.903561086015,Red Laser,2743.2919329644856,1403.8701696578107,1462.3175111623125,1356.2587309713583,"Fish Model, Shark",pool,2
4528,58,2,2023-09-07 REEF Data Dump/082923_Pool Calibration/082923_FishModels_FSL02/P8290097.ORF,2056.4552656809738,1376.8145975460334,Red Laser,2755.64840034537,1408.248841770642,1454.4413843128216,1355.372938292288,"Fish Model, Shark",pool,2
4530,58,2,2023-09-07 REEF Data Dump/082923_Pool Calibration/082923_FishModels_FSL02/P8290100.ORF,2061.7553080899247,1391.0213424238864,Red Laser,2700.4749106469303,1421.732468611371,1500.35816807249,1395.4880150075564,"Fish Model, Shark",pool,2
4531,58,2,2023-09-07 REEF Data Dump/082923_Pool Calibration/082923_FishModels_FSL02/P8290101.ORF,2064.4178897484644,1392.9571636537123,Red Laser,2726.907423009107,1410.7050719085764,1532.5254500828637,1362.4209824653644,"Fish Model, Shark",pool,2
4532,58,2,2023-09-07 REEF Data Dump/082923_Pool Calibration/082923_FishModels_FSL02/P8290102.ORF,2081.6261099519656,1453.9504955610298,Red Laser,2536.0402436187646,1522.2760104999322,1721.936962342721,1453.5620660220482,"Fish Model, Shark",pool,2
4533,58,2,2023-09-07 REEF Data Dump/082923_Pool Calibration/082923_FishModels_FSL02/P8290104.ORF,2083.9961270001204,1461.711602712053,Red Laser,2516.3062865668853,1527.21581655385,1752.430457091934,1468.9659245345274,"Fish Model, Shark",pool,2
4534,58,2,2023-09-07 REEF Data Dump/082923_Pool Calibration/082923_FishModels_FSL02/P8290103.ORF,2081.5598154476065,1458.5874383149037,Red Laser,2527.5481851215845,1543.4528594157905,1743.549177841708,1475.302363916445,"Fish Model, Shark",pool,2
4535,58,2,2023-09-07 REEF Data Dump/082923_Pool Calibration/082923_FishModels_FSL02/P8290108.ORF,2090.208394739277,1477.7829540149355,Red Laser,2454.4117168825765,1488.5528835889938,1782.5658872354825,1483.4550118784127,"Fish Model, Shark",pool,2
4536,58,2,2023-09-07 REEF Data Dump/082923_Pool Calibration/082923_FishModels_FSL02/P8290105.ORF,2089.466079381032,1476.854214958234,Red Laser,2466.3261201507435,1490.4073431344905,1786.4310193816784,1461.698276132797,"Fish Model, Shark",pool,2
4537,58,2,2023-09-07 REEF Data Dump/082923_Pool Calibration/082923_FishModels_FSL02/P8290107.ORF,2090.5271738250376,1474.621702548273,Red Laser,2443.5535979076963,1461.217652191198,1773.3186107314204,1456.52248590625,"Fish Model, Shark",pool,2
4538,58,2,2023-09-07 REEF Data Dump/082923_Pool Calibration/082923_FishModels_FSL02/P8290106.ORF,2090.344965426617,1476.6614044462176,Red Laser,2458.682199219847,1478.260615361102,1781.2018797873734,1450.6247845090047,"Fish Model, Shark",pool,2
4539,58,2,2023-09-07 REEF Data Dump/082923_Pool Calibration/082923_FishModels_FSL02/P8290109.ORF,2090.1096317137744,1478.6664016829352,Red Laser,2487.5120329155325,1490.0441057018577,1826.9002550355103,1489.4090547257656,"Fish Model, Shark",pool,2
4540,58,2,2023-09-07 REEF Data Dump/082923_Pool Calibration/082923_FishModels_FSL02/P8290110.ORF,2061.6921546999,1379.4486042727422,Red Laser,1826.9999778946888,1375.9896126382207,2180.68495099405,1385.4212119208703,"Fish Model, Purple Angel",pool,2
4541,58,2,2023-09-07 REEF Data Dump/082923_Pool Calibration/082923_FishModels_FSL02/P8290111.ORF,2062.077916609748,1386.9609052669318,Red Laser,1855.7281872034232,1367.0207335111274,2197.505766208439,1379.2818125785718,"Fish Model, Purple Angel",pool,2
4542,58,2,2023-09-07 REEF Data Dump/082923_Pool Calibration/082923_FishModels_FSL02/P8290112.ORF,2063.6312193194813,1391.615001925455,Red Laser,1865.271845221608,1364.84966073171,2191.0526784314734,1387.5217743919252,"Fish Model, Purple Angel",pool,2
4330,59,1,2024.06.20.REEF/08_2023/082923_Pool Calibration/082929_FishModels_FSL01/P8290148.ORF,1920.5552096399333,1337.9368550326335,Red Laser,1299.5143860311891,1244.9757551161022,2562.8743195281186,1529.9467837375796,"Fish Model, Shark",pool,2
4331,59,1,2024.06.20.REEF/08_2023/082923_Pool Calibration/082929_FishModels_FSL01/P8290149.ORF,1918.9757846836235,1333.480061504319,Red Laser,1334.1061787228568,1223.0439084297248,2615.5340427982337,1513.700405553687,"Fish Model, Shark",pool,2
4332,59,1,2024.06.20.REEF/08_2023/082923_Pool Calibration/082929_FishModels_FSL01/P8290150.ORF,1917.7704663480104,1331.004669107231,Red Laser,1330.7319046605037,1259.4358406436795,2623.7131558862816,1535.2575310898508,"Fish Model, Shark",pool,2
4333,59,1,2024.06.20.REEF/08_2023/082923_Pool Calibration/082929_FishModels_FSL01/P8290153.ORF,1916.335625249697,1327.6789272749927,Red Laser,1291.1943291149455,1224.948701435196,2605.240883591154,1504.118967032823,"Fish Model, Shark",pool,2
4334,59,1,2024.06.20.REEF/08_2023/082923_Pool Calibration/082929_FishModels_FSL01/P8290154.ORF,1917.256004809824,1323.597690291344,Red Laser,1289.5547532696892,1200.539869042822,2605.342272674382,1486.557302910156,"Fish Model, Shark",pool,2
4335,59,1,2024.06.20.REEF/08_2023/082923_Pool Calibration/082929_FishModels_FSL01/P8290152.ORF,1916.9161816065189,1327.452852153667,Red Laser,1298.1848232548118,1239.513687455396,2610.216016135919,1517.481850200759,"Fish Model, Shark",pool,2
4336,59,1,2024.06.20.REEF/08_2023/082923_Pool Calibration/082929_FishModels_FSL01/P8290155.ORF,1916.658348646724,1325.6737169478338,Red Laser,1278.0758868401506,1217.7885147504987,2593.965363679056,1492.57453231231,"Fish Model, Shark",pool,2
4337,59,1,2024.06.20.REEF/08_2023/082923_Pool Calibration/082929_FishModels_FSL01/P8290151.ORF,1917.9739910503388,1330.94196444356,Red Laser,1310.4798638150255,1265.3231285263716,2614.5798415506183,1536.9350501757526,"Fish Model, Shark",pool,2
4338,59,1,2024.06.20.REEF/08_2023/082923_Pool Calibration/082929_FishModels_FSL01/P8290156.ORF,1948.979249372465,1424.5759991355203,Red Laser,1607.173985593292,1388.1444477391713,2337.968616499515,1504.3976570360692,"Fish Model, Shark",pool,2
4339,59,1,2024.06.20.REEF/08_2023/082923_Pool Calibration/082929_FishModels_FSL01/P8290157.ORF,1949.4301708020148,1430.4977411081109,Green Laser,1615.7834032996209,1392.8285906223846,2336.756617694472,1508.630771163792,"Fish Model, Shark",pool,2
4340,59,1,2024.06.20.REEF/08_2023/082923_Pool Calibration/082929_FishModels_FSL01/P8290158.ORF,1950.194380851961,1429.490303014051,Red Laser,1623.3176092474696,1391.6168723573785,2332.431564189285,1509.8606651391176,"Fish Model, Shark",pool,2
4341,59,1,2024.06.20.REEF/08_2023/082923_Pool Calibration/082929_FishModels_FSL01/P8290159.ORF,1950.7894998995964,1431.0028294495846,Red Laser,1635.714300097203,1397.6012248926336,2330.87618509427,1519.3330351605596,"Fish Model, Shark",pool,2
4342,59,1,2024.06.20.REEF/08_2023/082923_Pool Calibration/082929_FishModels_FSL01/P8290162.ORF,1953.490571762942,1443.348470509938,Red Laser,1631.930659893997,1399.1525853372527,2276.285132786056,1495.9502303681222,"Fish Model, Shark",pool,2
4343,59,1,2024.06.20.REEF/08_2023/082923_Pool Calibration/082929_FishModels_FSL01/P8290160.ORF,1953.6106104954852,1441.8915431377109,Red Laser,1636.077905236796,1383.7133127392826,2284.849157667577,1485.9122250845612,"Fish Model, Shark",pool,2
4344,59,1,2024.06.20.REEF/08_2023/082923_Pool Calibration/082929_FishModels_FSL01/P8290163.ORF,1953.1522251515432,1442.798216848619,Red Laser,1630.806148499577,1404.413228831804,2269.462150220416,1494.4040799754284,"Fish Model, Shark",pool,2
4345,59,1,2024.06.20.REEF/08_2023/082923_Pool Calibration/082929_FishModels_FSL01/P8290161.ORF,1954.1367676364573,1437.6674998498547,Red Laser,1631.8680440927992,1385.9617282818208,2277.419588074792,1488.7240896056385,"Fish Model, Shark",pool,2
4346,59,1,2024.06.20.REEF/08_2023/082923_Pool Calibration/082929_FishModels_FSL01/P8290166.ORF,1953.079682497028,1441.3355750206592,Red Laser,1627.134456826031,1407.51960872156,2259.1632253231137,1492.6272353845225,"Fish Model, Shark",pool,2
4347,59,1,2024.06.20.REEF/08_2023/082923_Pool Calibration/082929_FishModels_FSL01/P8290165.ORF,1953.6489763228087,1444.4396590293818,Red Laser,1634.3941001364042,1400.8027039531964,2270.0182097346337,1480.758797098098,"Fish Model, Shark",pool,2
4349,59,1,2024.06.20.REEF/08_2023/082923_Pool Calibration/082929_FishModels_FSL01/P8290168.ORF,1932.4525839737596,1373.7096553082845,Red Laser,2192.8812703429203,1402.9105212081658,1600.1347291761488,1247.5013440283064,"Fish Model, Grouper",pool,2
4350,59,1,2024.06.20.REEF/08_2023/082923_Pool Calibration/082929_FishModels_FSL01/P8290167.ORF,1932.2871682576656,1373.7965972974218,Red Laser,2191.675570059123,1419.3130390996196,1598.6637651625276,1268.9969255323913,"Fish Model, Grouper",pool,2
4351,59,1,2024.06.20.REEF/08_2023/082923_Pool Calibration/082929_FishModels_FSL01/P8290169.ORF,1931.8122407063431,1370.400122470361,Red Laser,2202.1215061036637,1415.5070146991952,1605.3914745667926,1249.0937004332136,"Fish Model, Grouper",pool,2
4352,59,1,2024.06.20.REEF/08_2023/082923_Pool Calibration/082929_FishModels_FSL01/P8290171.ORF,1930.162289507423,1366.8368626479337,Red Laser,2221.3499338288952,1448.1134001428666,1611.8328301876631,1288.3656872929885,"Fish Model, Grouper",pool,2
4353,59,1,2024.06.20.REEF/08_2023/082923_Pool Calibration/082929_FishModels_FSL01/P8290170.ORF,1930.1544619281717,1369.134160876532,Red Laser,2221.038184104106,1451.540301005222,1619.7737298351929,1287.0767885140192,"Fish Model, Grouper",pool,2
4354,59,1,2024.06.20.REEF/08_2023/082923_Pool Calibration/082929_FishModels_FSL01/P8290173.ORF,1924.8437909797203,1349.388999733862,Red Laser,2243.357067593822,1393.2449593158103,1586.6230200438254,1213.926677954434,"Fish Model, Grouper",pool,2
4355,59,1,2024.06.20.REEF/08_2023/082923_Pool Calibration/082929_FishModels_FSL01/P8290172.ORF,1924.6144308397663,1350.2440879167411,Red Laser,2214.016995071125,1384.6952322503378,1554.9839951959823,1190.8169194963712,"Fish Model, Grouper",pool,2
4356,59,1,2024.06.20.REEF/08_2023/082923_Pool Calibration/082929_FishModels_FSL01/P8290174.ORF,1924.5681617498567,1349.4500638667705,Red Laser,2245.310104225777,1384.6766696839984,1583.919204529972,1217.855257372133,"Fish Model, Grouper",pool,2
4357,59,1,2024.06.20.REEF/08_2023/082923_Pool Calibration/082929_FishModels_FSL01/P8290175.ORF,1925.2463587877785,1348.0331230443455,Red Laser,2243.6787146031083,1376.9182655878394,1597.6141637416083,1211.2758031863057,"Fish Model, Grouper",pool,2
4358,59,1,2024.06.20.REEF/08_2023/082923_Pool Calibration/082929_FishModels_FSL01/P8290176.ORF,1925.0700884302987,1349.5869986929329,Red Laser,2259.171713448547,1379.4829627450615,1629.3403959677617,1238.008973505317,"Fish Model, Grouper",pool,2
4359,59,1,2024.06.20.REEF/08_2023/082923_Pool Calibration/082929_FishModels_FSL01/P8290177.ORF,1925.1494621498705,1350.498701841144,Red Laser,2244.5839998237407,1351.049332836958,1633.4833362437787,1259.31447295024,"Fish Model, Grouper",pool,2
4360,59,1,2024.06.20.REEF/08_2023/082923_Pool Calibration/082929_FishModels_FSL01/P8290178.ORF,1944.3239581300825,1414.2942121926503,Red Laser,2164.22319866398,1476.5345547244535,1705.6830537490898,1343.721581211949,"Fish Model, Grouper",pool,2
4361,59,1,2024.06.20.REEF/08_2023/082923_Pool Calibration/082929_FishModels_FSL01/P8290179.ORF,1944.2267882140889,1412.943789071346,Red Laser,2154.1888477544608,1448.721249641446,1680.891705782626,1366.886993234751,"Fish Model, Grouper",pool,2
4362,59,1,2024.06.20.REEF/08_2023/082923_Pool Calibration/082929_FishModels_FSL01/P8290180.ORF,1943.9786044955276,1413.1121604782015,Red Laser,2123.5180313938845,1432.5149967923726,1644.0497815618726,1399.7812942296948,"Fish Model, Grouper",pool,2
4363,59,1,2024.06.20.REEF/08_2023/082923_Pool Calibration/082929_FishModels_FSL01/P8290181.ORF,1944.2990561320964,1413.7062130340823,Red Laser,2143.647239930065,1408.1075760160466,1667.1840513169218,1391.7138938309674,"Fish Model, Grouper",pool,2
4364,59,1,2024.06.20.REEF/08_2023/082923_Pool Calibration/082929_FishModels_FSL01/P8290182.ORF,1945.379197100188,1416.475970378418,Red Laser,2083.3310518281123,1569.6494306053062,1763.24615117319,1218.911832281773,"Fish Model, Grouper",pool,2
4365,59,1,2024.06.20.REEF/08_2023/082923_Pool Calibration/082929_FishModels_FSL01/P8290186.ORF,1945.4121914512416,1413.6968345535158,Red Laser,2151.505801055816,1507.127564860977,1707.454344160472,1334.0682357386222,"Fish Model, Grouper",pool,2
4366,59,1,2024.06.20.REEF/08_2023/082923_Pool Calibration/082929_FishModels_FSL01/P8290187.ORF,1945.2493082865255,1412.9344368270586,Red Laser,2109.140241061543,1457.1797237300636,1653.2831865206424,1309.6097531606135,"Fish Model, Grouper",pool,2
4367,59,1,2024.06.20.REEF/08_2023/082923_Pool Calibration/082929_FishModels_FSL01/P8290183.ORF,1945.228877456331,1417.0569772507583,Red Laser,2099.62549824146,1581.3840942717966,1780.8207000039693,1236.4191648879032,"Fish Model, Grouper",pool,2
4368,59,1,2024.06.20.REEF/08_2023/082923_Pool Calibration/082929_FishModels_FSL01/P8290185.ORF,1944.593396190122,1414.2531032714653,Red Laser,2161.6037351165837,1554.6758884264166,1747.7923165903308,1328.906980597991,"Fish Model, Grouper",pool,2
4369,59,1,2024.06.20.REEF/08_2023/082923_Pool Calibration/082929_FishModels_FSL01/P8290184.ORF,1947.0163876561423,1415.09030662877,Red Laser,2124.008319321022,1588.5014409359562,1777.9865206388138,1271.3639150568622,"Fish Model, Grouper",pool,2
4370,59,1,2024.06.20.REEF/08_2023/082923_Pool Calibration/082929_FishModels_FSL01/P8290190.ORF,1943.961957180627,1413.4273140759933,Red Laser,2161.651254506488,1436.427713927351,1734.5086331480288,1367.504488400296,"Fish Model, Grouper",pool,2
4371,59,1,2024.06.20.REEF/08_2023/082923_Pool Calibration/082929_FishModels_FSL01/P8290189.ORF,1948.0703284032768,1420.0353980542586,Red Laser,2140.7448854144936,1424.590867951479,1709.9747258704,1380.293045876904,"Fish Model, Grouper",pool,2
4372,59,1,2024.06.20.REEF/08_2023/082923_Pool Calibration/082929_FishModels_FSL01/P8290188.ORF,1944.9844454555905,1414.3943137781368,Red Laser,2118.4313753552337,1435.426626504522,1677.1971633525795,1408.917693609501,"Fish Model, Grouper",pool,2
4373,59,1,2024.06.20.REEF/08_2023/082923_Pool Calibration/082929_FishModels_FSL01/P8290191.ORF,1943.295585478611,1410.61339498388,Red Laser,2138.876376791919,1471.670686589001,1706.362208504732,1380.7139229107404,"Fish Model, Grouper",pool,2
4374,59,1,2024.06.20.REEF/08_2023/082923_Pool Calibration/082929_FishModels_FSL01/P8290192.ORF,1941.4973038413589,1409.942224428348,Red Laser,2096.9849541091203,1508.507915200369,1674.3314112553835,1374.6971003777771,"Fish Model, Grouper",pool,2
4375,59,1,2024.06.20.REEF/08_2023/082923_Pool Calibration/082929_FishModels_FSL01/P8290193.ORF,1942.1256909503768,1409.6582564231276,Red Laser,2085.2871773088323,1522.6033003279872,1698.0021317650317,1298.0133424098926,"Fish Model, Grouper",pool,2
4376,59,1,2024.06.20.REEF/08_2023/082923_Pool Calibration/082929_FishModels_FSL01/P8290195.ORF,1895.8183051925675,1253.647557133898,Red Laser,2460.4380931115325,1473.835882549961,1314.2954114100703,915.6579211789664,"Fish Model, Snook",pool,2
4377,59,1,2024.06.20.REEF/08_2023/082923_Pool Calibration/082929_FishModels_FSL01/P8290197.ORF,1896.1654569851285,1255.9261540709067,Red Laser,2488.419490704817,1447.637157431839,1287.0695320773211,986.078267537172,"Fish Model, Snook",pool,2
4379,59,1,2024.06.20.REEF/08_2023/082923_Pool Calibration/082929_FishModels_FSL01/P8290194.ORF,1896.1658737000648,1254.8795494280137,Red Laser,2432.7872141256084,1498.339495802761,1291.7405434115528,883.7529075471043,"Fish Model, Snook",pool,2
4380,59,1,2024.06.20.REEF/08_2023/082923_Pool Calibration/082929_FishModels_FSL01/P8290200.ORF,1886.744857219912,1229.6564031587145,Red Laser,2556.1857024983933,1219.270132843771,1237.3533853063925,1043.017121249256,"Fish Model, Snook",pool,2
4381,59,1,2024.06.20.REEF/08_2023/082923_Pool Calibration/082929_FishModels_FSL01/P8290198.ORF,1889.6863018859256,1236.2597558835816,Red Laser,2513.129543981666,1337.1658489310853,1222.6509721331304,1009.94830131866,"Fish Model, Snook",pool,2
4382,59,1,2024.06.20.REEF/08_2023/082923_Pool Calibration/082929_FishModels_FSL01/P8290199.ORF,1893.9904610492845,1241.8823529411764,Red Laser,2591.2278664731493,1291.8387853075808,1293.7814000223284,1023.7579546723232,"Fish Model, Snook",pool,2
4383,59,1,2024.06.20.REEF/08_2023/082923_Pool Calibration/082929_FishModels_FSL01/P8290201.ORF,1889.1955484896664,1227.4976152623212,Red Laser,2557.0846694892693,1286.197232933417,1238.0990888089248,1173.6252007454416,"Fish Model, Snook",pool,2
4384,59,1,2024.06.20.REEF/08_2023/082923_Pool Calibration/082929_FishModels_FSL01/P8290204.ORF,1946.769545147676,1420.4569296302548,Red Laser,2192.141471171255,1437.41531645993,1631.9122010821438,1341.3606810710885,"Fish Model, Snook",pool,2
4385,59,1,2024.06.20.REEF/08_2023/082923_Pool Calibration/082929_FishModels_FSL01/P8290202.ORF,1946.4268707828503,1421.2085889949524,Red Laser,2201.726519724791,1420.2398973944812,1641.5509114431595,1322.5754077812453,"Fish Model, Snook",pool,2
4386,59,1,2024.06.20.REEF/08_2023/082923_Pool Calibration/082929_FishModels_FSL01/P8290205.ORF,1946.2654446051995,1419.8362578539757,Red Laser,2207.8417150985465,1455.979550153609,1649.971345762505,1341.5673440417654,"Fish Model, Snook",pool,2
4387,59,1,2024.06.20.REEF/08_2023/082923_Pool Calibration/082929_FishModels_FSL01/P8290203.ORF,1946.3902855815013,1421.9498694417066,Red Laser,2196.679493120774,1413.2492499286743,1638.4254678232928,1316.4732712254192,"Fish Model, Snook",pool,2
4388,59,1,2024.06.20.REEF/08_2023/082923_Pool Calibration/082929_FishModels_FSL01/P8290206.ORF,1946.0107208773215,1418.5349293734114,Red Laser,2141.9089995777827,1533.2042018947843,1671.5800576537606,1214.0710367537558,"Fish Model, Snook",pool,2
4389,59,1,2024.06.20.REEF/08_2023/082923_Pool Calibration/082929_FishModels_FSL01/P8290209.ORF,1945.602603473519,1416.8419239492407,Red Laser,2132.260597985787,1540.6091875780962,1702.5483089507263,1170.435348228616,"Fish Model, Snook",pool,2
4390,59,1,2024.06.20.REEF/08_2023/082923_Pool Calibration/082929_FishModels_FSL01/P8290210.ORF,1945.984669314704,1418.7066028018255,Red Laser,2122.23562367684,1544.3593133726272,1702.35986225582,1163.5812949179374,"Fish Model, Snook",pool,2
4391,59,1,2024.06.20.REEF/08_2023/082923_Pool Calibration/082929_FishModels_FSL01/P8290208.ORF,1946.25515306732,1418.806527949778,Red Laser,2115.200437480664,1539.6077809836256,1679.9054327563626,1180.3403284543226,"Fish Model, Snook",pool,2
4392,59,1,2024.06.20.REEF/08_2023/082923_Pool Calibration/082929_FishModels_FSL01/P8290207.ORF,1946.3622991296904,1417.852206331141,Red Laser,2135.97425556074,1547.5285919908956,1684.3647753124308,1204.2387287763138,"Fish Model, Snook",pool,2
4393,59,1,2024.06.20.REEF/08_2023/082923_Pool Calibration/082929_FishModels_FSL01/P8290211.ORF,1945.6271128243145,1419.1818016553352,Red Laser,2107.8120056601038,1563.56639754255,1697.6461833790297,1173.1859396015652,"Fish Model, Snook",pool,2
4394,59,1,2024.06.20.REEF/08_2023/082923_Pool Calibration/082929_FishModels_FSL01/P8290212.ORF,1947.072449548222,1420.3665453986632,Red Laser,2088.166930077577,1560.0617562560512,1692.0088931094135,1159.588272262091,"Fish Model, Snook",pool,2
4395,59,1,2024.06.20.REEF/08_2023/082923_Pool Calibration/082929_FishModels_FSL01/P8290215.ORF,1946.3146894080328,1416.2323771758563,Red Laser,2152.95969514894,1540.2968766804986,1721.8014761317318,1229.9577190362445,"Fish Model, Snook",pool,2
4396,59,1,2024.06.20.REEF/08_2023/082923_Pool Calibration/082929_FishModels_FSL01/P8290214.ORF,1947.140278189255,1419.8915120719416,Red Laser,2154.349409278887,1542.3973286142154,1721.8042380057182,1214.1538298466337,"Fish Model, Snook",pool,2
4397,59,1,2024.06.20.REEF/08_2023/082923_Pool Calibration/082929_FishModels_FSL01/P8290213.ORF,1948.0661782235263,1421.4976332790663,Red Laser,2167.0813476688363,1547.6989314829632,1739.2717028902623,1205.451215660104,"Fish Model, Snook",pool,2
4398,59,1,2024.06.20.REEF/08_2023/082923_Pool Calibration/082929_FishModels_FSL01/P8290216.ORF,1946.1866166334344,1421.7462004936394,Red Laser,2167.6200966115343,1538.9066539277326,1738.9165756409814,1244.759712531879,"Fish Model, Snook",pool,2
4399,59,1,2024.06.20.REEF/08_2023/082923_Pool Calibration/082929_FishModels_FSL01/P8290217.ORF,1946.6262349156357,1421.0099236309793,Red Laser,2168.261610847749,1545.4351429736062,1742.0164253073408,1257.26938373502,"Fish Model, Snook",pool,2
4400,59,1,2024.06.20.REEF/08_2023/082923_Pool Calibration/082929_FishModels_FSL01/P8290218.ORF,1915.150037545515,1318.613188633288,Red Laser,1702.317730517908,1268.9963937214434,2118.214927025683,1390.6684458912712,"Fish Model, Purple Angel",pool,2
4401,59,1,2024.06.20.REEF/08_2023/082923_Pool Calibration/082929_FishModels_FSL01/P8290219.ORF,1916.0262907581612,1318.1841796841622,Red Laser,1689.9338089233645,1270.0609990445323,2104.670403476224,1394.48197741039,"Fish Model, Purple Angel",pool,2
4402,59,1,2024.06.20.REEF/08_2023/082923_Pool Calibration/082929_FishModels_FSL01/P8290220.ORF,1914.580376738082,1318.820086066586,Red Laser,1681.8739205660895,1241.1059119211395,2097.9918854432062,1368.5654687303463,"Fish Model, Purple Angel",pool,2
4403,59,1,2024.06.20.REEF/08_2023/082923_Pool Calibration/082929_FishModels_FSL01/P8290221.ORF,1914.7594495279827,1318.4126733790786,Red Laser,1697.3903027365452,1209.4271182066984,2115.2274711930418,1331.8303378005492,"Fish Model, Purple Angel",pool,2
4404,59,1,2024.06.20.REEF/08_2023/082923_Pool Calibration/082929_FishModels_FSL01/P8290222.ORF,1910.8291622694087,1306.5841162774814,Red Laser,1664.8702205391091,1266.841696198088,2106.090885481173,1387.4078081299317,"Fish Model, Purple Angel",pool,2
4405,59,1,2024.06.20.REEF/08_2023/082923_Pool Calibration/082929_FishModels_FSL01/P8290224.ORF,1909.4543844201064,1301.0314517303566,Red Laser,1676.0417428264188,1242.4766576009963,2126.7424225906566,1368.8820706876784,"Fish Model, Purple Angel",pool,2
4406,59,1,2024.06.20.REEF/08_2023/082923_Pool Calibration/082929_FishModels_FSL01/P8290223.ORF,1910.7680110137385,1302.8058529942837,Red Laser,1662.291532113131,1255.3107005142674,2108.4190963157275,1381.070939805946,"Fish Model, Purple Angel",pool,2
4407,59,1,2024.06.20.REEF/08_2023/082923_Pool Calibration/082929_FishModels_FSL01/P8290225.ORF,1912.3201977791844,1307.4653130467718,Red Laser,1670.7779311795173,1239.3578221101725,2123.783212379218,1375.2594064700822,"Fish Model, Purple Angel",pool,2
4408,59,1,2024.06.20.REEF/08_2023/082923_Pool Calibration/082929_FishModels_FSL01/P8290226.ORF,1907.5980607077263,1293.694892231756,Red Laser,1670.7701241788122,1213.5485189434094,2129.861709071208,1352.815630823877,"Fish Model, Purple Angel",pool,2
4409,59,1,2024.06.20.REEF/08_2023/082923_Pool Calibration/082929_FishModels_FSL01/P8290228.ORF,1906.2981147704652,1289.0235924017404,Red Laser,1689.211211196518,1225.6182293693182,2161.7853799463383,1359.0694065910277,"Fish Model, Purple Angel",pool,2
4410,59,1,2024.06.20.REEF/08_2023/082923_Pool Calibration/082929_FishModels_FSL01/P8290227.ORF,1906.3305564160933,1295.0109287259277,Red Laser,1671.595586467201,1227.8694190494916,2134.593162128269,1366.768691747812,"Fish Model, Purple Angel",pool,2
4411,59,1,2024.06.20.REEF/08_2023/082923_Pool Calibration/082929_FishModels_FSL01/P8290232.ORF,1942.9642854994368,1409.3982737270926,Red Laser,1813.575419633212,1343.5816331051144,2071.1930944377955,1400.6847048469083,"Fish Model, Purple Angel",pool,2
4412,59,1,2024.06.20.REEF/08_2023/082923_Pool Calibration/082929_FishModels_FSL01/P8290231.ORF,1943.125243164568,1409.4666284766763,Red Laser,1816.9011997674293,1353.3733282375103,2081.6195667562088,1405.379945468934,"Fish Model, Purple Angel",pool,2
4413,59,1,2024.06.20.REEF/08_2023/082923_Pool Calibration/082929_FishModels_FSL01/P8290229.ORF,1939.4736509088928,1397.6475457874717,Red Laser,1782.6096015904277,1356.392036434684,2063.250819674065,1408.8250042261109,"Fish Model, Purple Angel",pool,2
4415,59,1,2024.06.20.REEF/08_2023/082923_Pool Calibration/082929_FishModels_FSL01/P8290233.ORF,1947.190602212532,1423.0649867789716,Red Laser,1778.7445669203862,1373.4067278540224,2010.313386981607,1418.735092631964,"Fish Model, Purple Angel",pool,2
4416,59,1,2024.06.20.REEF/08_2023/082923_Pool Calibration/082929_FishModels_FSL01/P8290236.ORF,1947.1698499803103,1421.4321135967414,Red Laser,1744.124033089397,1319.7882371723608,1977.4871298464227,1367.3313644887137,"Fish Model, Purple Angel",pool,2
4418,59,1,2024.06.20.REEF/08_2023/082923_Pool Calibration/082929_FishModels_FSL01/P8290234.ORF,1947.3954489239563,1424.7713388933512,Red Laser,1779.9825740763783,1371.826378424661,2011.5472986483653,1417.4255964482545,"Fish Model, Purple Angel",pool,2
4421,59,1,2024.06.20.REEF/08_2023/082923_Pool Calibration/082929_FishModels_FSL01/P8290239.ORF,1947.463364342856,1417.0758182589389,Red Laser,1757.2659038151278,1311.1750981444989,1993.282649091923,1363.0627490145116,"Fish Model, Purple Angel",pool,2
4651,60,4,2024.06.20.REEF/08_2023/082923_Pool Calibration/082929_FishModels_FSL04/P8290048.ORF,1935.3964495969385,1122.3827720824163,Red Laser,702.5660377358489,1039.6226415094343,3160.452830188679,1400.754716981132,"Fish Model, Shark",pool,2
4652,60,4,2024.06.20.REEF/08_2023/082923_Pool Calibration/082929_FishModels_FSL04/P8290049.ORF,1936.5097000517017,1117.3931264544003,Red Laser,678.4905660377357,1017.7358490566036,3149.509433962264,1381.056603773585,"Fish Model, Shark",pool,2
4653,60,4,2024.06.20.REEF/08_2023/082923_Pool Calibration/082929_FishModels_FSL04/P8290050.ORF,1934.611610897187,1114.2276965336082,Red Laser,702.5660377358489,987.0943396226417,3193.283018867924,1394.188679245283,"Fish Model, Shark",pool,2
4654,60,4,2024.06.20.REEF/08_2023/082923_Pool Calibration/082929_FishModels_FSL04/P8290052.ORF,1924.0425271397771,1076.162230143667,Red Laser,547.1698113207548,960.8301886792452,3283.0188679245284,1367.9245283018868,"Fish Model, Shark",pool,2
4655,60,4,2024.06.20.REEF/08_2023/082923_Pool Calibration/082929_FishModels_FSL04/P8290051.ORF,1927.032328634992,1078.7644155202136,Red Laser,564.6792452830189,949.8867924528304,3300.5283018867926,1354.7924528301885,"Fish Model, Shark",pool,2
4656,60,4,2024.06.20.REEF/08_2023/082923_Pool Calibration/082929_FishModels_FSL04/P8290053.ORF,1926.199068684517,1076.8149010477298,Red Laser,538.4150943396226,973.9622641509432,3258.9433962264143,1396.377358490566,"Fish Model, Shark",pool,2
4657,60,4,2024.06.20.REEF/08_2023/082923_Pool Calibration/082929_FishModels_FSL04/P8290056.ORF,1927.5672861674689,1084.175167893728,Red Laser,643.4716981132075,943.3207547169812,3324.6037735849054,1339.4716981132076,"Fish Model, Shark",pool,2
4658,60,4,2024.06.20.REEF/08_2023/082923_Pool Calibration/082929_FishModels_FSL04/P8290054.ORF,1925.043087249616,1080.5159223289982,Red Laser,534.0377358490565,991.4716981132076,3237.056603773585,1429.2075471698115,"Fish Model, Shark",pool,2
4659,60,4,2024.06.20.REEF/08_2023/082923_Pool Calibration/082929_FishModels_FSL04/P8290055.ORF,1926.7303408424757,1082.5675485625968,Red Laser,584.377358490566,973.9622641509432,3272.075471698113,1396.377358490566,"Fish Model, Shark",pool,2
4660,60,4,2024.06.20.REEF/08_2023/082923_Pool Calibration/082929_FishModels_FSL04/P8290058.ORF,1999.7151809716383,1321.3232769572808,Red Laser,1412.9886919901382,1180.2763999280637,2643.2229234207484,1408.992682532317,"Fish Model, Shark",pool,2
4661,60,4,2024.06.20.REEF/08_2023/082923_Pool Calibration/082929_FishModels_FSL04/P8290057.ORF,2000.1659280999816,1319.1549942884071,Red Laser,1401.6895142828332,1192.9651619107754,2653.538990075346,1425.6159282394476,"Fish Model, Shark",pool,2
4662,60,4,2024.06.20.REEF/08_2023/082923_Pool Calibration/082929_FishModels_FSL04/P8290059.ORF,2002.0138271711287,1328.2544620644123,Red Laser,1392.6285989682938,1214.2316357554353,2605.385448011772,1438.785660901675,"Fish Model, Shark",pool,2
4663,60,4,2024.06.20.REEF/08_2023/082923_Pool Calibration/082929_FishModels_FSL04/P8290060.ORF,2000.6236801834943,1326.0817253660855,Red Laser,1408.506397199361,1215.254672376978,2611.150059448568,1459.2095048428373,"Fish Model, Shark",pool,2
4664,60,4,2024.06.20.REEF/08_2023/082923_Pool Calibration/082929_FishModels_FSL04/P8290061.ORF,2002.1717104142929,1329.7209890274544,Red Laser,1424.830188679245,1203.7735849056603,2600.1509433962265,1453.2830188679245,"Fish Model, Shark",pool,2
4665,60,4,2024.06.20.REEF/08_2023/082923_Pool Calibration/082929_FishModels_FSL04/P8290063.ORF,2004.694622816852,1336.5517894890654,Red Laser,1468.6037735849056,1247.5471698113206,2602.3396226415093,1492.6792452830189,"Fish Model, Shark",pool,2
4666,60,4,2024.06.20.REEF/08_2023/082923_Pool Calibration/082929_FishModels_FSL04/P8290062.ORF,2003.3208384776517,1337.8962143924937,Red Laser,1479.5471698113208,1278.188679245283,2606.7169811320755,1518.9433962264154,"Fish Model, Shark",pool,2
4667,60,4,2024.06.20.REEF/08_2023/082923_Pool Calibration/082929_FishModels_FSL04/P8290064.ORF,2004.003450656552,1337.6399424964022,Red Laser,1468.6037735849056,1212.5283018867924,2593.584905660377,1466.4150943396226,"Fish Model, Shark",pool,2
4668,60,4,2024.06.20.REEF/08_2023/082923_Pool Calibration/082929_FishModels_FSL04/P8290065.ORF,2004.381657288472,1338.916803820006,Red Laser,1468.6037735849056,1208.1509433962265,2593.584905660377,1462.0377358490564,"Fish Model, Shark",pool,2
4669,60,4,2024.06.20.REEF/08_2023/082923_Pool Calibration/082929_FishModels_FSL04/P8290066.ORF,2007.7672604290708,1340.356489971424,Red Laser,1488.3018867924527,1216.9056603773586,2613.2830188679245,1466.4150943396226,"Fish Model, Shark",pool,2
4670,60,4,2024.06.20.REEF/08_2023/082923_Pool Calibration/082929_FishModels_FSL04/P8290067.ORF,2005.454933452461,1337.6007243190588,Red Laser,1464.2264150943397,1210.3396226415095,2591.396226415094,1446.7169811320753,"Fish Model, Shark",pool,2
4671,60,4,2024.06.20.REEF/08_2023/082923_Pool Calibration/082929_FishModels_FSL04/P8290069.ORF,2002.7788641860125,1328.0892643322024,Red Laser,2337.509433962264,1387.622641509434,1654.6415094339625,1240.9811320754716,"Fish Model, Grouper",pool,2
4672,60,4,2024.06.20.REEF/08_2023/082923_Pool Calibration/082929_FishModels_FSL04/P8290072.ORF,2002.983683773056,1330.6425954943084,Red Laser,2302.490566037736,1420.4528301886792,1654.6415094339625,1166.5660377358492,"Fish Model, Grouper",pool,2
4673,60,4,2024.06.20.REEF/08_2023/082923_Pool Calibration/082929_FishModels_FSL04/P8290070.ORF,2002.570581312318,1329.186447755951,Red Laser,2311.245283018868,1420.4528301886792,1641.5094339622642,1225.660377358491,"Fish Model, Grouper",pool,2
4674,60,4,2024.06.20.REEF/08_2023/082923_Pool Calibration/082929_FishModels_FSL04/P8290071.ORF,2001.7652681086856,1329.3341215358084,Red Laser,2311.245283018868,1420.4528301886792,1648.0754716981132,1208.1509433962265,"Fish Model, Grouper",pool,2
4675,60,4,2024.06.20.REEF/08_2023/082923_Pool Calibration/082929_FishModels_FSL04/P8290068.ORF,2001.45556640625,1327.26220703125,Red Laser,2320.6671728822434,1383.3126121855237,1630.039710617219,1258.4415861800292,"Fish Model, Grouper",pool,2
4676,60,4,2024.06.20.REEF/08_2023/082923_Pool Calibration/082929_FishModels_FSL04/P8290073.ORF,2000.393127880133,1329.7224017933272,Red Laser,2298.11320754717,1440.1509433962262,1663.3962264150946,1149.056603773585,"Fish Model, Grouper",pool,2
4677,60,4,2024.06.20.REEF/08_2023/082923_Pool Calibration/082929_FishModels_FSL04/P8290075.ORF,2003.516765905922,1328.7854933486178,Red Laser,2271.849056603773,1407.3207547169814,1621.811320754717,1144.6792452830186,"Fish Model, Grouper",pool,2
4678,60,4,2024.06.20.REEF/08_2023/082923_Pool Calibration/082929_FishModels_FSL04/P8290078.ORF,2001.377422467555,1327.5068048329006,Red Laser,2271.849056603773,1356.981132075472,1619.622641509434,1190.6415094339625,"Fish Model, Grouper",pool,2
4679,60,4,2024.06.20.REEF/08_2023/082923_Pool Calibration/082929_FishModels_FSL04/P8290074.ORF,2001.9867851154045,1328.537388355561,Red Laser,2260.9056603773583,1413.8867924528302,1621.811320754717,1131.5471698113208,"Fish Model, Grouper",pool,2
4680,60,4,2024.06.20.REEF/08_2023/082923_Pool Calibration/082929_FishModels_FSL04/P8290076.ORF,2002.3085673739597,1328.0233410791805,Red Laser,2302.490566037736,1431.3962264150944,1648.0754716981132,1201.5849056603774,"Fish Model, Grouper",pool,2
4681,60,4,2024.06.20.REEF/08_2023/082923_Pool Calibration/082929_FishModels_FSL04/P8290077.ORF,2001.697329290172,1327.8757750407428,Red Laser,2317.8113207547167,1427.0188679245284,1654.6415094339625,1227.8490566037735,"Fish Model, Grouper",pool,2
4682,60,4,2024.06.20.REEF/08_2023/082923_Pool Calibration/082929_FishModels_FSL04/P8290079.ORF,2002.2992405653615,1326.6950463520818,Red Laser,2278.415094339622,1321.9622641509436,1621.811320754717,1179.698113207547,"Fish Model, Grouper",pool,2
4683,60,4,2024.06.20.REEF/08_2023/082923_Pool Calibration/082929_FishModels_FSL04/P8290080.ORF,2001.333741534297,1327.237366957762,Red Laser,2274.0377358490564,1330.7169811320755,1641.5094339622642,1175.3207547169811,"Fish Model, Grouper",pool,2
4684,60,4,2024.06.20.REEF/08_2023/082923_Pool Calibration/082929_FishModels_FSL04/P8290084.ORF,2018.640712787074,1377.1509399020906,Red Laser,2304.679245283018,1400.754716981132,1775.018867924528,1300.075471698113,"Fish Model, Grouper",pool,2
4685,60,4,2024.06.20.REEF/08_2023/082923_Pool Calibration/082929_FishModels_FSL04/P8290083.ORF,2015.4093774203575,1374.515965405241,Red Laser,2284.981132075472,1381.056603773585,1757.5094339622638,1286.9433962264152,"Fish Model, Grouper",pool,2
4686,60,4,2024.06.20.REEF/08_2023/082923_Pool Calibration/082929_FishModels_FSL04/P8290082.ORF,2017.0580849090568,1376.8360959865715,Red Laser,2256.528301886792,1407.3207547169814,1733.433962264151,1308.830188679245,"Fish Model, Grouper",pool,2
4687,60,4,2024.06.20.REEF/08_2023/082923_Pool Calibration/082929_FishModels_FSL04/P8290081.ORF,2016.3670900589611,1375.1658346803522,Red Laser,2243.396226415094,1396.377358490566,1718.1132075471696,1289.1320754716985,"Fish Model, Grouper",pool,2
4688,60,4,2024.06.20.REEF/08_2023/082923_Pool Calibration/082929_FishModels_FSL04/P8290086.ORF,2017.344517222576,1378.702082315933,Red Laser,2293.7358490566035,1407.3207547169814,1779.3962264150944,1341.660377358491,"Fish Model, Grouper",pool,2
4689,60,4,2024.06.20.REEF/08_2023/082923_Pool Calibration/082929_FishModels_FSL04/P8290085.ORF,2017.3340866119504,1379.3628765369806,Red Laser,2284.981132075472,1407.3207547169814,1759.698113207547,1348.2264150943397,"Fish Model, Grouper",pool,2
4690,60,4,2024.06.20.REEF/08_2023/082923_Pool Calibration/082929_FishModels_FSL04/P8290087.ORF,2018.108587105968,1384.4435668054437,Red Laser,2284.981132075472,1400.754716981132,1772.830188679245,1328.5283018867924,"Fish Model, Grouper",pool,2
4691,60,4,2024.06.20.REEF/08_2023/082923_Pool Calibration/082929_FishModels_FSL04/P8290089.ORF,2007.9642034758915,1347.7399419054095,Red Laser,2400.981132075472,1424.830188679245,1621.811320754717,1348.2264150943397,"Fish Model, Snook",pool,2
4692,60,4,2024.06.20.REEF/08_2023/082923_Pool Calibration/082929_FishModels_FSL04/P8290088.ORF,2008.7127491297776,1347.4156124832723,Red Laser,2407.5471698113206,1394.188679245283,1634.943396226415,1321.9622641509436,"Fish Model, Snook",pool,2
4693,60,4,2024.06.20.REEF/08_2023/082923_Pool Calibration/082929_FishModels_FSL04/P8290090.ORF,2006.9855445978844,1346.3445331448877,Red Laser,2420.679245283018,1385.433962264151,1628.377358490566,1315.3962264150944,"Fish Model, Snook",pool,2
4694,60,4,2024.06.20.REEF/08_2023/082923_Pool Calibration/082929_FishModels_FSL04/P8290091.ORF,2000.219038971381,1323.135583344286,Red Laser,2425.056603773585,1284.754716981132,1529.8867924528302,1278.188679245283,"Fish Model, Snook",pool,2
4695,60,4,2024.06.20.REEF/08_2023/082923_Pool Calibration/082929_FishModels_FSL04/P8290093.ORF,1997.9435647609532,1315.953991689132,Red Laser,2464.4528301886794,1238.7924528301887,1543.0188679245284,1311.0188679245284,"Fish Model, Snook",pool,2
4696,60,4,2024.06.20.REEF/08_2023/082923_Pool Calibration/082929_FishModels_FSL04/P8290092.ORF,1999.804080709442,1319.734370056889,Red Laser,2442.566037735849,1300.075471698113,1525.5094339622642,1330.7169811320755,"Fish Model, Snook",pool,2
4697,60,4,2024.06.20.REEF/08_2023/082923_Pool Calibration/082929_FishModels_FSL04/P8290094.ORF,2020.6422819992647,1397.35528338114,Red Laser,2291.5471698113206,1413.8867924528302,1722.4905660377356,1370.1132075471696,"Fish Model, Snook",pool,2
4698,60,4,2024.06.20.REEF/08_2023/082923_Pool Calibration/082929_FishModels_FSL04/P8290096.ORF,2022.59791134828,1398.815948924019,Red Laser,2319.9999999999995,1402.943396226415,1753.1320754716978,1350.4150943396226,"Fish Model, Snook",pool,2
4699,60,4,2024.06.20.REEF/08_2023/082923_Pool Calibration/082929_FishModels_FSL04/P8290097.ORF,2022.8708016271212,1398.140678707033,Red Laser,2295.9245283018863,1400.754716981132,1728.5200493858763,1346.4198294773273,"Fish Model, Snook",pool,2
4700,60,4,2024.06.20.REEF/08_2023/082923_Pool Calibration/082929_FishModels_FSL04/P8290095.ORF,2023.1708776713303,1397.8259634799276,Red Laser,2299.1949067862824,1423.4110785102184,1730.7891568208474,1378.011068267895,"Fish Model, Snook",pool,2
4701,60,4,2024.06.20.REEF/08_2023/082923_Pool Calibration/082929_FishModels_FSL04/P8290098.ORF,2021.906962344772,1399.5818193875575,Red Laser,2307.8094293520235,1413.1056186806863,1749.190013487306,1348.711449704926,"Fish Model, Snook",pool,2
4702,60,4,2024.06.20.REEF/08_2023/082923_Pool Calibration/082929_FishModels_FSL04/P8290100.ORF,2023.266480102876,1397.4454642567428,Red Laser,2295.6676500102603,1394.666673813094,1736.1896452258663,1319.3254961114546,"Fish Model, Snook",pool,2
4703,60,4,2024.06.20.REEF/08_2023/082923_Pool Calibration/082929_FishModels_FSL04/P8290101.ORF,2022.493430457111,1393.3610771279518,Red Laser,2289.894113345779,1406.620526389994,1733.1528607428552,1325.322888058097,"Fish Model, Snook",pool,2
4704,60,4,2024.06.20.REEF/08_2023/082923_Pool Calibration/082929_FishModels_FSL04/P8290099.ORF,2022.518213099908,1394.6390245627667,Red Laser,2297.880330443386,1413.945438583636,1738.751127407611,1341.0458731223275,"Fish Model, Snook",pool,2
4705,60,4,2024.06.20.REEF/08_2023/082923_Pool Calibration/082929_FishModels_FSL04/P8290103.ORF,2022.4289780029897,1396.7898110887647,Red Laser,2324.036335439504,1428.535828668901,1775.8246271354938,1336.5777356630672,"Fish Model, Snook",pool,2
4706,60,4,2024.06.20.REEF/08_2023/082923_Pool Calibration/082929_FishModels_FSL04/P8290102.ORF,2022.49264851114,1398.0538523993164,Red Laser,2326.129861637524,1421.4801734887335,1772.0234037818582,1335.7795838531192,"Fish Model, Snook",pool,2
4707,60,4,2024.06.20.REEF/08_2023/082923_Pool Calibration/082929_FishModels_FSL04/P8290104.ORF,1967.631074914395,1215.1269045160786,Red Laser,1683.0943396226412,1173.132075471698,2263.094339622641,1289.1320754716985,"Fish Model, Purple Angel",pool,2
4708,60,4,2024.06.20.REEF/08_2023/082923_Pool Calibration/082929_FishModels_FSL04/P8290106.ORF,1965.3656845753897,1212.6724436741767,Red Laser,1630.5660377358488,1190.6415094339625,2219.320754716981,1295.6981132075473,"Fish Model, Purple Angel",pool,2
4709,60,4,2024.06.20.REEF/08_2023/082923_Pool Calibration/082929_FishModels_FSL04/P8290107.ORF,1961.9910484179327,1204.2021373967395,Red Laser,1650.2641509433963,1162.188679245283,2252.150943396226,1243.169811320755,"Fish Model, Purple Angel",pool,2
4710,60,4,2024.06.20.REEF/08_2023/082923_Pool Calibration/082929_FishModels_FSL04/P8290105.ORF,1967.9720605355064,1216.058207217695,Red Laser,1648.0754716981132,1208.1509433962265,2225.88679245283,1311.0188679245284,"Fish Model, Purple Angel",pool,2
4711,60,4,2024.06.20.REEF/08_2023/082923_Pool Calibration/082929_FishModels_FSL04/P8290108.ORF,1954.2652166559187,1179.5283301535164,Red Laser,1588.9811320754716,1144.6792452830186,2239.018867924528,1243.169811320755,"Fish Model, Purple Angel",pool,2
4712,60,4,2024.06.20.REEF/08_2023/082923_Pool Calibration/082929_FishModels_FSL04/P8290111.ORF,1950.7531040491688,1163.2167613153615,Red Laser,1568.2097827183286,1108.6293481549856,2241.2075471698117,1247.5471698113206,"Fish Model, Purple Angel",pool,2
4713,60,4,2024.06.20.REEF/08_2023/082923_Pool Calibration/082929_FishModels_FSL04/P8290110.ORF,1951.243189973999,1168.6484911221692,Red Laser,1564.9056603773583,1109.6603773584905,2232.452830188679,1214.7169811320753,"Fish Model, Purple Angel",pool,2
4714,60,4,2024.06.20.REEF/08_2023/082923_Pool Calibration/082929_FishModels_FSL04/P8290109.ORF,1952.0544875429853,1173.0548318493156,Red Laser,1591.1698113207544,1129.3584905660375,2247.77358490566,1238.7924528301887,"Fish Model, Purple Angel",pool,2
4715,60,4,2024.06.20.REEF/08_2023/082923_Pool Calibration/082929_FishModels_FSL04/P8290112.ORF,2009.4838399698035,1356.347297300748,Red Laser,1804.7690322787844,1283.2794910635855,2118.9591833820505,1341.6375116249797,"Fish Model, Purple Angel",pool,2
4716,60,4,2024.06.20.REEF/08_2023/082923_Pool Calibration/082929_FishModels_FSL04/P8290113.ORF,2011.3028214671392,1359.6438130018264,Red Laser,1834.8450954910109,1299.3900366851876,2144.7260702975555,1357.688351389954,"Fish Model, Purple Angel",pool,2
4717,60,4,2024.06.20.REEF/08_2023/082923_Pool Calibration/082929_FishModels_FSL04/P8290115.ORF,2011.57267341142,1362.8808513155882,Red Laser,1837.9811274859776,1332.0805514376834,2141.4386487842457,1387.0839041044787,"Fish Model, Purple Angel",pool,2
4718,60,4,2024.06.20.REEF/08_2023/082923_Pool Calibration/082929_FishModels_FSL04/P8290114.ORF,2010.4950601458029,1361.9990532737816,Red Laser,1837.6583067534395,1332.9203759394509,2143.731841166348,1391.867871456011,"Fish Model, Purple Angel",pool,2
4719,60,4,2024.06.20.REEF/08_2023/082923_Pool Calibration/082929_FishModels_FSL04/P8290116.ORF,2012.0021831109063,1367.3514139679585,Red Laser,1854.6512997669597,1330.6815050585274,2156.2778330188016,1381.1000164818556,"Fish Model, Purple Angel",pool,2
4720,60,4,2024.06.20.REEF/08_2023/082923_Pool Calibration/082929_FishModels_FSL04/P8290117.ORF,2011.710414855768,1367.596736808189,Red Laser,1878.7915370535795,1376.8095045378398,2173.4098291764026,1433.283680626048,"Fish Model, Purple Angel",pool,2
4721,60,4,2024.06.20.REEF/08_2023/082923_Pool Calibration/082929_FishModels_FSL04/P8290118.ORF,2012.1855880895785,1365.9574243721024,Red Laser,1837.3803754450043,1379.3628714986385,2132.313925016673,1442.7250826382483,"Fish Model, Purple Angel",pool,2
4722,60,4,2024.06.20.REEF/08_2023/082923_Pool Calibration/082929_FishModels_FSL04/P8290120.ORF,2011.7588146727649,1362.871619344709,Red Laser,1890.364209397747,1383.2875782967076,2190.108270113315,1445.5225739537534,"Fish Model, Purple Angel",pool,2
4723,60,4,2024.06.20.REEF/08_2023/082923_Pool Calibration/082929_FishModels_FSL04/P8290119.ORF,2011.948576503292,1365.1516706642503,Red Laser,1852.1862064290544,1377.5021687046187,2150.009237941944,1440.0388135753085,"Fish Model, Purple Angel",pool,2
4724,60,4,2024.06.20.REEF/08_2023/082923_Pool Calibration/082929_FishModels_FSL04/P8290121.ORF,2011.644819035344,1364.2552570114633,Red Laser,1875.9784484677468,1364.4333281151164,2175.947952279828,1429.9007332404724,"Fish Model, Purple Angel",pool,2
4725,60,4,2024.06.20.REEF/08_2023/082923_Pool Calibration/082929_FishModels_FSL04/P8290122.ORF,2012.379078498069,1361.9764821961992,Red Laser,1855.6118088345904,1347.298783991641,2159.3376391702577,1410.6197168178048,"Fish Model, Purple Angel",pool,2
4726,60,4,2024.06.20.REEF/08_2023/082923_Pool Calibration/082929_FishModels_FSL04/P8290125.ORF,2010.5581511188896,1359.5493961081863,Red Laser,1822.419528504704,1329.4977977422843,2130.30683201043,1400.2347923621571,"Fish Model, Purple Angel",pool,2
4727,60,4,2024.06.20.REEF/08_2023/082923_Pool Calibration/082929_FishModels_FSL04/P8290123.ORF,2010.8623334492663,1360.8608667668857,Red Laser,1847.98356847412,1341.640340356182,2155.465725333373,1412.4739262295177,"Fish Model, Purple Angel",pool,2
4728,60,4,2024.06.20.REEF/08_2023/082923_Pool Calibration/082929_FishModels_FSL04/P8290127.ORF,2010.987135710454,1359.8408149464628,Red Laser,1831.4416542662043,1319.9988145918655,2139.2145737509404,1390.534833722118,"Fish Model, Purple Angel",pool,2
4729,60,4,2024.06.20.REEF/08_2023/082923_Pool Calibration/082929_FishModels_FSL04/P8290126.ORF,2010.152024602744,1361.313861834211,Red Laser,1831.0456965197925,1322.8729551359547,2137.991235304248,1393.6797101055508,"Fish Model, Purple Angel",pool,2
4730,60,4,2024.06.20.REEF/08_2023/082923_Pool Calibration/082929_FishModels_FSL04/P8290124.ORF,2010.4607873519735,1359.2303544110448,Red Laser,1835.674214278754,1335.9248441416855,2143.156371138007,1404.8802667532282,"Fish Model, Purple Angel",pool,2
4731,60,4,2024.06.20.REEF/08_2023/082923_Pool Calibration/082929_FishModels_FSL04/P8290130.ORF,1958.5536406968088,1192.6274393883316,Red Laser,1289.132075471698,1092.1509433962265,2416.301886792453,1184.0754716981132,"Calibration Targets, Ruler",pool,2
4732,60,4,2024.06.20.REEF/08_2023/082923_Pool Calibration/082929_FishModels_FSL04/P8290129.ORF,1958.9758946336187,1192.9598330330823,Red Laser,1280.377358490566,1079.0188679245284,2407.5471698113206,1157.811320754717,"Calibration Targets, Ruler",pool,2
4733,60,4,2024.06.20.REEF/08_2023/082923_Pool Calibration/082929_FishModels_FSL04/P8290131.ORF,1959.9196684077435,1191.4921622021848,Red Laser,1298.352177035183,1093.3641771699502,2423.3061814732173,1198.3496666849442,"Calibration Targets, Ruler",pool,2
4734,60,4,2024.06.20.REEF/08_2023/082923_Pool Calibration/082929_FishModels_FSL04/P8290128.ORF,1958.700195777424,1196.4211487109044,Red Laser,1296.7387108368027,1099.9276202592548,2409.649625912225,1179.27593047487,"Calibration Targets, Ruler",pool,2
4735,60,4,2024.06.20.REEF/08_2023/082923_Pool Calibration/082929_FishModels_FSL04/P8290132.ORF,1956.9522078319028,1188.5552029560606,Red Laser,1298.5482776685185,1086.7156070456283,2431.242088267877,1193.3103631882243,"Calibration Targets, Ruler",pool,2
4736,60,4,2024.06.20.REEF/08_2023/082923_Pool Calibration/082929_FishModels_FSL04/P8290133.ORF,1952.877582407076,1177.208758823476,Red Laser,1313.1557441107514,1031.1139890588363,2478.724572959696,1167.0970190912135,"Calibration Targets, Ruler",pool,2
4737,60,4,2024.06.20.REEF/08_2023/082923_Pool Calibration/082929_FishModels_FSL04/P8290134.ORF,1953.8378421103805,1177.0977400612182,Red Laser,1318.7893267835211,1060.6482081053923,2485.6532321089644,1195.3361616612706,"Calibration Targets, Ruler",pool,2
4738,60,4,2024.06.20.REEF/08_2023/082923_Pool Calibration/082929_FishModels_FSL04/P8290135.ORF,1954.0938246532792,1177.3074110308996,Red Laser,1318.2971977224515,1051.6409512113432,2487.7512560008927,1186.328904767221,"Calibration Targets, Ruler",pool,2
4739,60,4,2024.06.20.REEF/08_2023/082923_Pool Calibration/082929_FishModels_FSL04/P8290136.ORF,1950.4904644933936,1173.3807885018978,Red Laser,1315.4709423656616,1032.619266409598,2493.9905359795944,1166.1117647564,"Calibration Targets, Ruler",pool,2
4740,60,4,2024.06.20.REEF/08_2023/082923_Pool Calibration/082929_FishModels_FSL04/P8290139.ORF,2014.5799079410515,1369.7853276844744,Red Laser,1723.935868800619,1284.684499440858,2236.137821195309,1375.1046450443205,"Calibration Targets, Ruler",pool,2
4741,60,4,2024.06.20.REEF/08_2023/082923_Pool Calibration/082929_FishModels_FSL04/P8290138.ORF,2012.517235114978,1367.2840636680191,Red Laser,1722.369593987437,1276.439329789335,2248.77072895032,1363.0921481986786,"Calibration Targets, Ruler",pool,2
4742,60,4,2024.06.20.REEF/08_2023/082923_Pool Calibration/082929_FishModels_FSL04/P8290137.ORF,2012.1823422771708,1363.7603486297985,Red Laser,1712.652690270372,1286.975946957546,2252.3371540672165,1373.6014361749371,"Calibration Targets, Ruler",pool,2
4743,60,4,2024.06.20.REEF/08_2023/082923_Pool Calibration/082929_FishModels_FSL04/P8290140.ORF,2016.5,1376.0000000000002,Red Laser,1740.3920771025812,1271.7582553429836,2241.447297239411,1360.8241547399296,"Calibration Targets, Ruler",pool,2
4744,60,4,2024.06.20.REEF/08_2023/082923_Pool Calibration/082929_FishModels_FSL04/P8290142.ORF,2017.5128360727613,1380.767177408187,Red Laser,1763.375792432358,1280.7238838714,2240.140312733657,1379.9505988858227,"Calibration Targets, Ruler",pool,2
4745,60,4,2024.06.20.REEF/08_2023/082923_Pool Calibration/082929_FishModels_FSL04/P8290143.ORF,2016.77188060072,1380.0200585877951,Red Laser,1758.515459580728,1309.640342652723,2235.083288718457,1418.0130459485524,"Calibration Targets, Ruler",pool,2
4746,60,4,2024.06.20.REEF/08_2023/082923_Pool Calibration/082929_FishModels_FSL04/P8290141.ORF,2016.6062981321363,1380.9631957432953,Red Laser,1781.797141304521,1259.9718606173865,2257.5627264204263,1362.1707729626653,"Calibration Targets, Ruler",pool,2
4747,60,4,2024.06.20.REEF/08_2023/082923_Pool Calibration/082929_FishModels_FSL04/P8290144.ORF,2017.5009765625,1380.7286376953125,Red Laser,1786.9637079964573,1303.062282582342,2261.6284022258656,1420.1208218213476,"Calibration Targets, Ruler",pool,2
4748,60,4,2024.06.20.REEF/08_2023/082923_Pool Calibration/082929_FishModels_FSL04/P8290146.ORF,2017.5412144471109,1379.4932180579276,Red Laser,1756.519992659555,1269.821709195653,2228.475589444396,1399.4149742593695,"Calibration Targets, Ruler",pool,2
4749,60,4,2024.06.20.REEF/08_2023/082923_Pool Calibration/082929_FishModels_FSL04/P8290145.ORF,2016.9631384861527,1379.7588005784237,Red Laser,1758.6101696846506,1302.905842706256,2231.236539062988,1430.218480952081,"Calibration Targets, Ruler",pool,2
4750,60,4,2024.06.20.REEF/08_2023/082923_Pool Calibration/082929_FishModels_FSL04/P8290148.ORF,2016.5186373348477,1378.9551518984288,Red Laser,1716.068512547551,1293.6953226221644,2183.1140539479893,1441.064061413565,"Calibration Targets, Ruler",pool,2
4751,60,4,2024.06.20.REEF/08_2023/082923_Pool Calibration/082929_FishModels_FSL04/P8290147.ORF,2016.560212837627,1380.5579992948508,Red Laser,1726.994449281504,1287.6761946340798,2194.709493173488,1427.5461721184108,"Calibration Targets, Ruler",pool,2
4752,60,4,2024.06.20.REEF/08_2023/082923_Pool Calibration/082929_FishModels_FSL04/P8290149.ORF,2016.110912696296,1379.36287653698,Red Laser,1778.0892108035428,1286.2120351029837,2239.693444925529,1448.5443689101262,"Calibration Targets, Ruler",pool,2
4753,60,4,2024.06.20.REEF/08_2023/082923_Pool Calibration/082929_FishModels_FSL04/P8290150.ORF,2016.193188691726,1379.781139512387,Red Laser,1818.9319756573263,1271.9627685585642,2276.364540865833,1446.4473552875822,"Calibration Targets, Ruler",pool,2
3339,61,6,2023-09-07 REEF Data Dump/082923_Pool Calibration/082929_FishModels_FSL06/P8290063.ORF,2071.0137076224896,1367.297638434262,Red Laser,1900.370331094421,1395.9087954787851,2226.077480532973,1380.7442925697026,"Fish Model, Purple Angel",pool,2
3340,61,6,2023-09-07 REEF Data Dump/082923_Pool Calibration/082929_FishModels_FSL06/P8290065.ORF,2073.275919084239,1366.208719577264,Red Laser,1897.104028183336,1396.8564841714945,2222.0855286532515,1383.2017992778003,"Fish Model, Purple Angel",pool,2
3342,61,6,2023-09-07 REEF Data Dump/082923_Pool Calibration/082929_FishModels_FSL06/P8290064.ORF,2071.993604582196,1368.332685856129,Red Laser,1905.7808685693003,1395.8744766516784,2228.343539143762,1387.2525184759456,"Fish Model, Purple Angel",pool,2
3343,61,6,2023-09-07 REEF Data Dump/082923_Pool Calibration/082929_FishModels_FSL06/P8290066.ORF,2071.336265758005,1365.9020003099192,Red Laser,1901.2760802823336,1372.5840551195508,2222.697609333537,1366.5841865772618,"Fish Model, Purple Angel",pool,2
3344,61,6,2023-09-07 REEF Data Dump/082923_Pool Calibration/082929_FishModels_FSL06/P8290068.ORF,2070.978119172275,1368.5427640497032,Red Laser,1883.1761137674464,1397.459465406048,2205.4266772586234,1386.1455836369869,"Fish Model, Purple Angel",pool,2
3345,61,6,2023-09-07 REEF Data Dump/082923_Pool Calibration/082929_FishModels_FSL06/P8290070.ORF,2072.661646138377,1367.6551140853485,Red Laser,1902.1561257696808,1378.65111229962,2223.907317927604,1364.145935603976,"Fish Model, Purple Angel",pool,2
3346,61,6,2023-09-07 REEF Data Dump/082923_Pool Calibration/082929_FishModels_FSL06/P8290069.ORF,2072.283199814839,1368.2341872446532,Red Laser,1892.2448011036065,1391.5752344934672,2214.6553194749663,1382.34466750533,"Fish Model, Purple Angel",pool,2
3347,61,6,2023-09-07 REEF Data Dump/082923_Pool Calibration/082929_FishModels_FSL06/P8290067.ORF,2073.06718575831,1368.554016572532,Red Laser,1883.965622056602,1366.240693043222,2207.542640651737,1361.16895293985,"Fish Model, Purple Angel",pool,2
3348,61,6,2023-09-07 REEF Data Dump/082923_Pool Calibration/082929_FishModels_FSL06/P8290071.ORF,2072.013192089299,1368.420991841247,Red Laser,1906.5355826173536,1396.3542700327184,2226.445342983898,1379.1883804520749,"Fish Model, Purple Angel",pool,2
3349,61,6,2023-09-07 REEF Data Dump/082923_Pool Calibration/082929_FishModels_FSL06/P8290074.ORF,2072.5777882385623,1368.5048660151265,Red Laser,1946.4085738509896,1366.7212539139168,2264.913852342753,1356.0705996968356,"Fish Model, Purple Angel",pool,2
3350,61,6,2023-09-07 REEF Data Dump/082923_Pool Calibration/082929_FishModels_FSL06/P8290072.ORF,2071.7200595689133,1368.7292164355194,Red Laser,1910.3863110465252,1376.098388343326,2228.384415527952,1354.7970799091636,"Fish Model, Purple Angel",pool,2
3351,61,6,2023-09-07 REEF Data Dump/082923_Pool Calibration/082929_FishModels_FSL06/P8290073.ORF,2071.353722415439,1369.941081772126,Red Laser,1901.2819707952117,1375.1691702523613,2219.6311957453327,1361.1243515045614,"Fish Model, Purple Angel",pool,2
3352,61,6,2023-09-07 REEF Data Dump/082923_Pool Calibration/082929_FishModels_FSL06/P8290078.ORF,2086.8522902865398,1416.8899031796195,Red Laser,1932.72311323885,1400.1904023847862,2162.5119533070138,1378.7330404089817,"Fish Model, Purple Angel",pool,2
3353,61,6,2023-09-07 REEF Data Dump/082923_Pool Calibration/082929_FishModels_FSL06/P8290077.ORF,2087.088608801997,1415.1983611432008,Red Laser,1918.8534049010648,1385.8652712561293,2153.674971687191,1368.6213549046647,"Fish Model, Purple Angel",pool,2
3354,61,6,2023-09-07 REEF Data Dump/082923_Pool Calibration/082929_FishModels_FSL06/P8290076.ORF,2085.29679208584,1412.2757417556752,Red Laser,1923.4874745106097,1402.9482585994588,2161.078991660884,1382.271164331865,"Fish Model, Purple Angel",pool,2
3355,61,6,2023-09-07 REEF Data Dump/082923_Pool Calibration/082929_FishModels_FSL06/P8290075.ORF,2084.9354465211086,1411.8994796767945,Red Laser,1920.852013144265,1371.7802432795572,2164.295538106122,1354.2242198448082,"Fish Model, Purple Angel",pool,2
3357,61,6,2023-09-07 REEF Data Dump/082923_Pool Calibration/082929_FishModels_FSL06/P8290080.ORF,2087.113628191494,1423.132704115237,Red Laser,1931.228473116156,1409.9244405323418,2149.3132975611534,1393.9289525140148,"Fish Model, Purple Angel",pool,2
3359,61,6,2023-09-07 REEF Data Dump/082923_Pool Calibration/082929_FishModels_FSL06/P8290079.ORF,2086.829388086543,1419.3175936433663,Red Laser,1919.7586651639583,1418.5867141206863,2143.3353738629025,1401.7809480976784,"Fish Model, Purple Angel",pool,2
3365,61,6,2023-09-07 REEF Data Dump/082923_Pool Calibration/082929_FishModels_FSL06/P8290091.ORF,2050.763411379185,1309.36500619081,Red Laser,2484.22822774335,1329.9106955256354,1671.6746023019098,1330.7678196031054,"Fish Model, Grouper",pool,2
3366,61,6,2023-09-07 REEF Data Dump/082923_Pool Calibration/082929_FishModels_FSL06/P8290089.ORF,2053.2177571185234,1314.8170792058083,Red Laser,2461.9942903122924,1374.6355216002894,1679.4400075822973,1391.7780031496868,"Fish Model, Grouper",pool,2
3367,61,6,2023-09-07 REEF Data Dump/082923_Pool Calibration/082929_FishModels_FSL06/P8290088.ORF,2056.016568240255,1317.901386090048,Red Laser,2420.690938862599,1343.333315017137,1649.938595353151,1378.2776043293704,"Fish Model, Grouper",pool,2
3368,61,6,2023-09-07 REEF Data Dump/082923_Pool Calibration/082929_FishModels_FSL06/P8290090.ORF,2052.4348003702926,1311.997055485106,Red Laser,2491.5494833288462,1344.7208039915888,1694.9755425469332,1357.1976516623563,"Fish Model, Grouper",pool,2
3369,61,6,2023-09-07 REEF Data Dump/082923_Pool Calibration/082929_FishModels_FSL06/P8290092.ORF,2051.6040123738408,1304.034719670022,Red Laser,2464.32246986219,1300.0702773073192,1644.7412732758569,1309.0733662482164,"Fish Model, Grouper",pool,2
3370,61,6,2023-09-07 REEF Data Dump/082923_Pool Calibration/082929_FishModels_FSL06/P8290094.ORF,2050.523659352751,1303.168820908315,Red Laser,2414.888346800243,1275.2711193741989,1590.0668907534398,1292.3539035184651,"Fish Model, Grouper",pool,2
3371,61,6,2023-09-07 REEF Data Dump/082923_Pool Calibration/082929_FishModels_FSL06/P8290093.ORF,2050.2100978457847,1305.0005668389165,Red Laser,2441.00831234143,1257.807563568174,1615.7251594258632,1284.8168303908656,"Fish Model, Grouper",pool,2
3372,61,6,2023-09-07 REEF Data Dump/082923_Pool Calibration/082929_FishModels_FSL06/P8290096.ORF,2053.8398906012408,1308.7348553477425,Red Laser,2444.0820625511883,1283.69936206446,1633.770146235438,1312.0503892423098,"Fish Model, Grouper",pool,2
3373,61,6,2023-09-07 REEF Data Dump/082923_Pool Calibration/082929_FishModels_FSL06/P8290095.ORF,2051.7266028442514,1307.920305093096,Red Laser,2431.174945567172,1289.5887229840262,1611.7643275059727,1319.5880656954716,"Fish Model, Grouper",pool,2
3374,61,6,2023-09-07 REEF Data Dump/082923_Pool Calibration/082929_FishModels_FSL06/P8290097.ORF,2053.7840227507886,1310.0042497163415,Red Laser,2461.2353317932198,1268.9888356685558,1652.29278530538,1338.9788490950898,"Fish Model, Grouper",pool,2
3376,61,6,2023-09-07 REEF Data Dump/082923_Pool Calibration/082929_FishModels_FSL06/P8290099.ORF,2078.650262304455,1392.64914408988,Red Laser,2313.0504207860386,1368.4225071250992,1800.774660048994,1399.933318418239,"Fish Model, Grouper",pool,2
3377,61,6,2023-09-07 REEF Data Dump/082923_Pool Calibration/082929_FishModels_FSL06/P8290102.ORF,2077.748753106781,1391.3797421466124,Red Laser,2333.232064346603,1373.6094806617396,1806.9414951582276,1391.9457718047,"Fish Model, Grouper",pool,2
3378,61,6,2023-09-07 REEF Data Dump/082923_Pool Calibration/082929_FishModels_FSL06/P8290103.ORF,2078.105388529167,1388.411534352074,Red Laser,2340.114568259565,1385.5478034176808,1808.362125113713,1399.202488311375,"Fish Model, Grouper",pool,2
3379,61,6,2023-09-07 REEF Data Dump/082923_Pool Calibration/082929_FishModels_FSL06/P8290100.ORF,2079.097808312943,1392.3387034436728,Red Laser,2312.1125482850557,1363.8064579498264,1795.809405761782,1395.7584206010704,"Fish Model, Grouper",pool,2
3380,61,6,2023-09-07 REEF Data Dump/082923_Pool Calibration/082929_FishModels_FSL06/P8290101.ORF,2079.942660792171,1388.6212992648022,Red Laser,2311.850332467034,1381.901395229304,1793.0113198920756,1411.3174878288617,"Fish Model, Grouper",pool,2
3381,61,6,2023-09-07 REEF Data Dump/082923_Pool Calibration/082929_FishModels_FSL06/P8290108.ORF,2075.999554494255,1380.5355130361247,Red Laser,2298.870730079854,1361.4517104588906,1742.368975497255,1409.9933349882642,"Fish Model, Grouper",pool,2
3382,61,6,2023-09-07 REEF Data Dump/082923_Pool Calibration/082929_FishModels_FSL06/P8290104.ORF,2077.274899979366,1386.801562432603,Red Laser,2354.4900857400057,1312.2119601638135,1817.9385280280296,1340.568059081767,"Fish Model, Grouper",pool,2
3383,61,6,2023-09-07 REEF Data Dump/082923_Pool Calibration/082929_FishModels_FSL06/P8290107.ORF,2077.287956087766,1380.469848930648,Red Laser,2332.3838500548004,1354.3159338435391,1778.0036433708267,1399.1813270656762,"Fish Model, Grouper",pool,2
3384,61,6,2023-09-07 REEF Data Dump/082923_Pool Calibration/082929_FishModels_FSL06/P8290105.ORF,2076.390226820184,1384.0369189813568,Red Laser,2300.6714596484903,1317.0802304017875,1751.2521858193847,1348.937314346501,"Fish Model, Grouper",pool,2
3385,61,6,2023-09-07 REEF Data Dump/082923_Pool Calibration/082929_FishModels_FSL06/P8290106.ORF,2076.19790491064,1381.7163611530243,Red Laser,2277.1505459229165,1307.739069738078,1725.5612968106211,1347.952867007418,"Fish Model, Grouper",pool,2
3386,61,6,2023-09-07 REEF Data Dump/082923_Pool Calibration/082929_FishModels_FSL06/P8290109.ORF,2075.7656184664293,1377.633528526695,Red Laser,2329.7400647379245,1365.8973883604967,1765.762565242955,1417.6291374148914,"Fish Model, Grouper",pool,2
3387,61,6,2023-09-07 REEF Data Dump/082923_Pool Calibration/082929_FishModels_FSL06/P8290114.ORF,2074.5043971681816,1375.7090941230797,Red Laser,2314.8864532538664,1333.1016771544475,1750.908953758896,1379.76168610547,"Fish Model, Grouper",pool,2
3388,61,6,2023-09-07 REEF Data Dump/082923_Pool Calibration/082929_FishModels_FSL06/P8290112.ORF,2075.482274667684,1377.2259390403328,Red Laser,2304.662333500116,1348.99193025621,1743.7006379519123,1398.6243436483348,"Fish Model, Grouper",pool,2
3389,61,6,2023-09-07 REEF Data Dump/082923_Pool Calibration/082929_FishModels_FSL06/P8290110.ORF,2074.602175510266,1379.346295083512,Red Laser,2317.511649597316,1364.2927459692353,1753.9182818971572,1415.6103529323486,"Fish Model, Grouper",pool,2
3390,61,6,2023-09-07 REEF Data Dump/082923_Pool Calibration/082929_FishModels_FSL06/P8290113.ORF,2075.3902256732185,1378.483885078089,Red Laser,2313.7559932003574,1342.6846229186413,1751.0629343942885,1399.1039802815967,"Fish Model, Grouper",pool,2
3391,61,6,2023-09-07 REEF Data Dump/082923_Pool Calibration/082929_FishModels_FSL06/P8290111.ORF,2074.7972081476114,1378.1362092645688,Red Laser,2331.2565492232843,1372.393365279767,1766.7328623325664,1418.0390262101157,"Fish Model, Grouper",pool,2
3392,61,6,2023-09-07 REEF Data Dump/082923_Pool Calibration/082929_FishModels_FSL06/P8290118.ORF,2052.7108925091115,1305.4903408578286,Red Laser,2550.931836744221,1294.3932462219436,1535.570751097951,1244.1485647581935,"Fish Model, Snook",pool,2
3393,61,6,2023-09-07 REEF Data Dump/082923_Pool Calibration/082929_FishModels_FSL06/P8290116.ORF,2052.9707538251573,1304.9292392797083,Red Laser,2541.471310065868,1297.9523785458346,1522.0515492880888,1231.6296233478924,"Fish Model, Snook",pool,2
3394,61,6,2023-09-07 REEF Data Dump/082923_Pool Calibration/082929_FishModels_FSL06/P8290117.ORF,2052.476370510397,1311.304347826087,Red Laser,2541.6787905539813,1315.8232513748094,1517.187289672831,1262.062806279066,"Fish Model, Snook",pool,2
3396,61,6,2023-09-07 REEF Data Dump/082923_Pool Calibration/082929_FishModels_FSL06/P8290121.ORF,2073.784245256908,1380.7726549583722,Red Laser,2425.96351848209,1367.3712504687091,1722.513166144389,1332.883417765779,"Fish Model, Snook",pool,2
3397,61,6,2023-09-07 REEF Data Dump/082923_Pool Calibration/082929_FishModels_FSL06/P8290122.ORF,2075.374777755564,1379.8717994334493,Red Laser,2418.080151782242,1378.607711619088,1719.1943655375758,1333.4692246990774,"Fish Model, Snook",pool,2
3398,61,6,2023-09-07 REEF Data Dump/082923_Pool Calibration/082929_FishModels_FSL06/P8290120.ORF,2073.2426471953754,1377.3934519392153,Red Laser,2431.739114233129,1359.5636568438172,1712.6897842266612,1308.9202205718668,"Fish Model, Snook",pool,2
3399,61,6,2023-09-07 REEF Data Dump/082923_Pool Calibration/082929_FishModels_FSL06/P8290119.ORF,2075.0592618616315,1375.0294669541786,Red Laser,2439.2895875802496,1350.4029909395308,1714.4208866521546,1292.663180531911,"Fish Model, Snook",pool,2
3400,61,6,2023-09-07 REEF Data Dump/082923_Pool Calibration/082929_FishModels_FSL06/P8290123.ORF,2076.036630082933,1383.1586214489175,Red Laser,2409.070627787257,1382.3958196466226,1719.734117879235,1334.679448259868,"Fish Model, Snook",pool,2
3402,61,6,2023-09-07 REEF Data Dump/082923_Pool Calibration/082929_FishModels_FSL06/P8290126.ORF,2080.4174720308592,1392.007216317725,Red Laser,2410.6134387385423,1409.835688624899,1784.2535359720955,1333.353847866049,"Fish Model, Snook",pool,2
3403,61,6,2023-09-07 REEF Data Dump/082923_Pool Calibration/082929_FishModels_FSL06/P8290125.ORF,2079.6012454347683,1396.809740211669,Red Laser,2406.510955780104,1402.3179791712816,1777.910526897405,1330.88828836251,"Fish Model, Snook",pool,2
3404,61,6,2023-09-07 REEF Data Dump/082923_Pool Calibration/082929_FishModels_FSL06/P8290129.ORF,2080.336103565904,1396.059736306046,Red Laser,2378.814827156492,1423.0618975969453,1755.5240543251543,1342.957490866399,"Fish Model, Snook",pool,2
3405,61,6,2023-09-07 REEF Data Dump/082923_Pool Calibration/082929_FishModels_FSL06/P8290131.ORF,2079.438989048765,1401.5892745511514,Red Laser,2381.290915202824,1401.3870154602698,1755.5762338104753,1323.3602446391617,"Fish Model, Snook",pool,2
3406,61,6,2023-09-07 REEF Data Dump/082923_Pool Calibration/082929_FishModels_FSL06/P8290128.ORF,2080.158597611425,1396.2118203526536,Red Laser,2389.087413426035,1429.8235549954293,1765.6535145653804,1351.0165164661105,"Fish Model, Snook",pool,2
3407,61,6,2023-09-07 REEF Data Dump/082923_Pool Calibration/082929_FishModels_FSL06/P8290130.ORF,2079.507647850204,1392.658841739777,Red Laser,2377.62480744151,1406.8252122817407,1753.4106408726436,1333.6000888957778,"Fish Model, Snook",pool,2
3408,61,6,2023-09-07 REEF Data Dump/082923_Pool Calibration/082929_FishModels_FSL06/P8290127.ORF,2079.842477827113,1396.9273460122706,Red Laser,2400.549226251624,1421.00781586955,1774.9231196277913,1339.1172637719033,"Fish Model, Snook",pool,2
3409,61,6,2023-09-07 REEF Data Dump/082923_Pool Calibration/082929_FishModels_FSL06/P8290132.ORF,2080.6092093515804,1393.0125137225896,Red Laser,2371.134751677718,1396.293723508137,1745.5354945025608,1318.3379829745309,"Fish Model, Snook",pool,2
3410,61,6,2023-09-07 REEF Data Dump/082923_Pool Calibration/082929_FishModels_FSL06/P8290136.ORF,2066.6605471918297,1354.5633642015634,Red Laser,2471.339298409869,1420.1220141279234,1662.903925932367,1297.385903626321,"Fish Model, Snook",pool,2
3411,61,6,2023-09-07 REEF Data Dump/082923_Pool Calibration/082929_FishModels_FSL06/P8290135.ORF,2067.836171177661,1353.3601949022673,Red Laser,2475.3646505032143,1393.340369420107,1677.7833097134842,1252.7536728814823,"Fish Model, Snook",pool,2
3412,61,6,2023-09-07 REEF Data Dump/082923_Pool Calibration/082929_FishModels_FSL06/P8290133.ORF,2068.6104935539224,1358.7791405690891,Red Laser,2458.3589591366717,1334.932280031647,1663.266164469579,1290.4570206636156,"Fish Model, Snook",pool,2
3413,61,6,2023-09-07 REEF Data Dump/082923_Pool Calibration/082929_FishModels_FSL06/P8290134.ORF,2068.1480773662875,1358.2292146678708,Red Laser,2473.3839486549423,1384.522960099942,1683.2128426088734,1237.1724044339262,"Fish Model, Snook",pool,2
3414,61,6,2023-09-07 REEF Data Dump/082923_Pool Calibration/082929_FishModels_FSL06/P8290140.ORF,2065.1423511038142,1350.1449600252963,Red Laser,2517.3714118596763,1356.2716733661996,1676.2428224081302,1326.621500454178,"Fish Model, Snook",pool,2
3415,61,6,2023-09-07 REEF Data Dump/082923_Pool Calibration/082929_FishModels_FSL06/P8290137.ORF,2066.579361843498,1353.1492849063293,Red Laser,2490.802569127452,1391.7919909074565,1672.2237164432067,1287.82131878833,"Fish Model, Snook",pool,2
3416,61,6,2023-09-07 REEF Data Dump/082923_Pool Calibration/082929_FishModels_FSL06/P8290139.ORF,2065.585898215493,1350.9417651455528,Red Laser,2483.19095546263,1368.5833926535058,1652.205846217827,1313.364447149337,"Fish Model, Snook",pool,2
3417,61,6,2023-09-07 REEF Data Dump/082923_Pool Calibration/082929_FishModels_FSL06/P8290138.ORF,2067.3389838228973,1352.7415221498652,Red Laser,2468.958027741339,1383.6464637031395,1642.9823295226256,1313.930236519782,"Fish Model, Snook",pool,2
3418,61,6,2023-09-07 REEF Data Dump/082923_Pool Calibration/082929_FishModels_FSL06/P8290141.ORF,2064.07957850978,1347.9281183954408,Red Laser,2490.0197527005457,1312.087938749918,1641.8687538751,1272.294285631153,"Fish Model, Snook",pool,2
3499,66,10,2024.06.20.REEF/08_2023/082923_Pool Calibration/082929_FishModels_FSL07/P8290066.ORF,2043.114118766582,1388.0852797623602,Red Laser,2259.1511612260306,1428.5673088066603,1866.192738016765,1398.238302988496,"Fish Model, Grouper",pool,2
3500,66,10,2024.06.20.REEF/08_2023/082923_Pool Calibration/082929_FishModels_FSL07/P8290067.ORF,2046.001467880291,1387.8835719888875,Red Laser,2239.134541550382,1418.2704566534644,1850.1320756217472,1376.0735789934088,"Fish Model, Grouper",pool,2
3501,66,10,2024.06.20.REEF/08_2023/082923_Pool Calibration/082929_FishModels_FSL07/P8290069.ORF,2047.5747048312408,1390.628120541091,Red Laser,2241.2623060111564,1410.721365255139,1846.1737519584751,1371.668966459174,"Fish Model, Grouper",pool,2
3502,66,10,2024.06.20.REEF/08_2023/082923_Pool Calibration/082929_FishModels_FSL07/P8290068.ORF,2046.913674151784,1387.7005098169334,Red Laser,2244.604200204085,1401.356613577507,1857.9815507854937,1352.199747960209,"Fish Model, Grouper",pool,2
3503,66,10,2024.06.20.REEF/08_2023/082923_Pool Calibration/082929_FishModels_FSL07/P8290070.ORF,2019.0971389097467,1303.6771962115847,Red Laser,1393.8493814798692,1324.831100534348,2673.5356291423905,1440.5428509927808,"Fish Model, Shark",pool,2
3504,66,10,2024.06.20.REEF/08_2023/082923_Pool Calibration/082929_FishModels_FSL07/P8290071.ORF,2019.9021427334117,1303.617709311108,Red Laser,1417.5711577334148,1284.8635882264798,2695.543157240996,1365.433251508648,"Fish Model, Shark",pool,2
3505,66,10,2024.06.20.REEF/08_2023/082923_Pool Calibration/082929_FishModels_FSL07/P8290075.ORF,2030.3865926442747,1334.0591833282776,Red Laser,1453.1549744181552,1266.565656015098,2532.4719858167578,1362.8272831770994,"Fish Model, Shark",pool,2
3506,66,10,2024.06.20.REEF/08_2023/082923_Pool Calibration/082929_FishModels_FSL07/P8290072.ORF,2027.401164636206,1328.6636580293964,Red Laser,1483.139407983735,1253.227753942155,2602.54345315939,1341.5115339215515,"Fish Model, Shark",pool,2
3507,66,10,2024.06.20.REEF/08_2023/082923_Pool Calibration/082929_FishModels_FSL07/P8290073.ORF,2028.925867345485,1331.608951262043,Red Laser,1468.1529750572956,1250.3040997486903,2572.418816519751,1343.1051703702458,"Fish Model, Shark",pool,2
3508,66,10,2024.06.20.REEF/08_2023/082923_Pool Calibration/082929_FishModels_FSL07/P8290074.ORF,2028.6510277855543,1333.3663783477116,Red Laser,1462.1603816362694,1243.1561623344578,2554.106025892268,1345.098138412236,"Fish Model, Shark",pool,2
3509,66,10,2024.06.20.REEF/08_2023/082923_Pool Calibration/082929_FishModels_FSL07/P8290076.ORF,2030.4511643431647,1336.4501991395127,Red Laser,1456.8554744299413,1309.9928514144055,2521.9901506683827,1399.7928923889942,"Fish Model, Shark",pool,2
3510,66,10,2024.06.20.REEF/08_2023/082923_Pool Calibration/082929_FishModels_FSL07/P8290077.ORF,2030.637574990862,1339.7011703605206,Red Laser,1462.3341447155058,1309.5868048078275,2516.085684654572,1389.5642448994631,"Fish Model, Shark",pool,2
3511,66,10,2024.06.20.REEF/08_2023/082923_Pool Calibration/082929_FishModels_FSL07/P8290078.ORF,2031.816396042133,1344.5929028550163,Red Laser,1511.5976433536396,1287.662575397437,2548.7684944932203,1359.1741108549822,"Fish Model, Shark",pool,2
3514,66,10,2024.06.20.REEF/08_2023/082923_Pool Calibration/082929_FishModels_FSL07/P8290081.ORF,2049.0841513987,1398.6310906256924,Red Laser,1722.5689601505917,1377.7543683293986,2414.0061908114885,1426.0709456455463,"Fish Model, Shark",pool,2
3516,66,10,2024.06.20.REEF/08_2023/082923_Pool Calibration/082929_FishModels_FSL07/P8290085.ORF,2050.300328597378,1402.5039447347167,Red Laser,1711.0753306886452,1369.7556401336424,2373.1842345240057,1446.616331023346,"Fish Model, Shark",pool,2
3517,66,10,2024.06.20.REEF/08_2023/082923_Pool Calibration/082929_FishModels_FSL07/P8290083.ORF,2051.051426662005,1401.8220167265476,Red Laser,1700.0045036441688,1365.35728835787,2362.061654061271,1439.8728544920286,"Fish Model, Shark",pool,2
3518,66,10,2024.06.20.REEF/08_2023/082923_Pool Calibration/082929_FishModels_FSL07/P8290084.ORF,2052.065501911899,1402.7211539387,Red Laser,1705.0543079741058,1368.7174180582267,2365.9057073999693,1447.2490865998654,"Fish Model, Shark",pool,2
3519,66,10,2024.06.20.REEF/08_2023/082923_Pool Calibration/082929_FishModels_FSL07/P8290087.ORF,2019.0949434493368,1304.8869789399096,Red Laser,1810.0251705438116,1263.6074985648836,2193.75302676494,1311.078985932446,"Fish Model, Purple Angel",pool,2
3520,66,10,2024.06.20.REEF/08_2023/082923_Pool Calibration/082929_FishModels_FSL07/P8290086.ORF,2019.6108425807597,1306.175161878463,Red Laser,1788.8425584371496,1290.7764474663609,2177.754482986917,1336.4542346395644,"Fish Model, Purple Angel",pool,2
3521,66,10,2024.06.20.REEF/08_2023/082923_Pool Calibration/082929_FishModels_FSL07/P8290089.ORF,2019.6823707571132,1301.8950085025372,Red Laser,1798.8171703912406,1219.9185514915569,2187.750612637995,1267.0347169489185,"Fish Model, Purple Angel",pool,2
3522,66,10,2024.06.20.REEF/08_2023/082923_Pool Calibration/082929_FishModels_FSL07/P8290088.ORF,2020.2163409123496,1305.189680908703,Red Laser,1796.7961565449682,1237.9473279127728,2186.812970494278,1291.7077730085166,"Fish Model, Purple Angel",pool,2
3523,66,10,2024.06.20.REEF/08_2023/082923_Pool Calibration/082929_FishModels_FSL07/P8290091.ORF,2049.0988879203323,1399.0940927023007,Red Laser,1950.4397668200857,1395.1125601950728,2159.16137876655,1411.888315921611,"Fish Model, Purple Angel",pool,2
3524,66,10,2024.06.20.REEF/08_2023/082923_Pool Calibration/082929_FishModels_FSL07/P8290090.ORF,2049.475841010796,1397.02466249383,Red Laser,1921.934234500507,1369.9449571552054,2136.5078542585543,1384.650002425337,"Fish Model, Purple Angel",pool,2
3525,66,10,2024.06.20.REEF/08_2023/082923_Pool Calibration/082929_FishModels_FSL07/P8290092.ORF,2048.5179376690594,1403.510142271647,Red Laser,1955.5111279733608,1395.292164744396,2159.8812469317254,1406.6960774028655,"Fish Model, Purple Angel",pool,2
3526,66,10,2024.06.20.REEF/08_2023/082923_Pool Calibration/082929_FishModels_FSL07/P8290095.ORF,2059.259296494233,1424.9291247455687,Green Laser,1949.1774669927927,1385.8748980852097,2129.262104851454,1399.5345687586992,"Fish Model, Purple Angel",pool,2
3527,66,10,2024.06.20.REEF/08_2023/082923_Pool Calibration/082929_FishModels_FSL07/P8290094.ORF,2054.156277637424,1415.2892338063064,Red Laser,1939.466546992154,1388.6182698898328,2119.864640561748,1400.946300248376,"Fish Model, Purple Angel",pool,2
3528,66,10,2024.06.20.REEF/08_2023/082923_Pool Calibration/082929_FishModels_FSL07/P8290093.ORF,2053.8087074523523,1413.6812117823065,Red Laser,1995.774476177637,1404.8359276096544,2178.3223150581543,1417.0886522037745,"Fish Model, Purple Angel",pool,2
3529,66,10,2024.06.20.REEF/08_2023/082923_Pool Calibration/082929_FishModels_FSL07/P8290096.ORF,2053.618439398751,1418.5304643274578,Red Laser,1968.5655931677604,1400.3224105769168,2145.2745007117114,1410.714782508261,"Fish Model, Purple Angel",pool,2
3530,66,10,2024.06.20.REEF/08_2023/082923_Pool Calibration/082929_FishModels_FSL07/P8290097.ORF,2040.406562230841,1371.4814120743654,Red Laser,2370.923661910187,1386.1723934285442,1765.6615238963402,1289.3836423345062,"Fish Model, Snook",pool,2
3531,66,10,2024.06.20.REEF/08_2023/082923_Pool Calibration/082929_FishModels_FSL07/P8290098.ORF,2039.7515840706037,1363.9346928118748,Red Laser,2353.8764151436308,1435.7391289393283,1751.269662032918,1270.3823953915185,"Fish Model, Snook",pool,2
3532,66,10,2024.06.20.REEF/08_2023/082923_Pool Calibration/082929_FishModels_FSL07/P8290101.ORF,2036.5969312931888,1360.9621300261028,Red Laser,2405.6858966972663,1332.8991722265514,1755.9629781291922,1316.6936121329366,"Fish Model, Snook",pool,2
3533,66,10,2024.06.20.REEF/08_2023/082923_Pool Calibration/082929_FishModels_FSL07/P8290100.ORF,2036.9797593694243,1359.9382472815475,Red Laser,2391.016028757088,1403.7091529677884,1745.365715183537,1300.615427881192,"Fish Model, Snook",pool,2
3534,66,10,2024.06.20.REEF/08_2023/082923_Pool Calibration/082929_FishModels_FSL07/P8290099.ORF,2038.684921753198,1359.1987986847228,Red Laser,2372.5812689069294,1474.3633192836933,1740.2643222912566,1285.2984515248545,"Fish Model, Snook",pool,2
3535,66,10,2024.06.20.REEF/08_2023/082923_Pool Calibration/082929_FishModels_FSL07/P8290102.ORF,2038.44483395393,1360.907405600756,Red Laser,2386.364988100563,1325.5305565515473,1745.5669008541315,1323.4554599748874,"Fish Model, Snook",pool,2
3536,66,10,2024.06.20.REEF/08_2023/082923_Pool Calibration/082929_FishModels_FSL07/P8290103.ORF,2032.9600023233347,1343.8479800057164,Red Laser,2401.618122356631,1435.822584045853,1689.450702288232,1224.1345697175802,"Fish Model, Snook",pool,2
3537,66,10,2024.06.20.REEF/08_2023/082923_Pool Calibration/082929_FishModels_FSL07/P8290105.ORF,2032.1939851524648,1345.607651590406,Red Laser,2420.688856990356,1446.153380591721,1741.53276303858,1162.4406547362714,"Fish Model, Snook",pool,2
3538,66,10,2024.06.20.REEF/08_2023/082923_Pool Calibration/082929_FishModels_FSL07/P8290104.ORF,2032.406652610421,1343.9725549661434,Red Laser,2416.7814829851923,1289.3142592783645,1662.7721972686604,1318.743634449197,"Fish Model, Snook",pool,2
3539,66,10,2024.06.20.REEF/08_2023/082923_Pool Calibration/082929_FishModels_FSL07/P8290106.ORF,2032.7766428840268,1344.254382020326,Red Laser,2442.777552819525,1394.8513406420493,1693.2126863812457,1317.2862666897054,"Fish Model, Snook",pool,2
3540,66,10,2024.06.20.REEF/08_2023/082923_Pool Calibration/082929_FishModels_FSL07/P8290109.ORF,2035.195930744896,1352.9609325232989,Red Laser,2398.0535363599765,1276.1301452635682,1732.9791969055004,1295.290565317272,"Fish Model, Snook",pool,2
3541,66,10,2024.06.20.REEF/08_2023/082923_Pool Calibration/082929_FishModels_FSL07/P8290108.ORF,2035.0121993797895,1350.8309005055082,Red Laser,2350.216515420495,1311.5616644555523,1797.7869780070496,1310.7813967473412,"Fish Model, Snook",pool,2
3542,66,10,2024.06.20.REEF/08_2023/082923_Pool Calibration/082929_FishModels_FSL07/P8290107.ORF,2034.1963367572173,1350.920944793342,Red Laser,2336.110114612252,1329.4829324014463,1812.940616256721,1332.2138693801855,"Fish Model, Snook",pool,2
3543,66,10,2024.06.20.REEF/08_2023/082923_Pool Calibration/082929_FishModels_FSL07/P8290110.ORF,2036.7931855504307,1356.4996141027243,Red Laser,2301.4100495001976,1397.5214485624786,1735.1157551177698,1261.2747025902358,"Fish Model, Snook",pool,2
3544,66,10,2024.06.20.REEF/08_2023/082923_Pool Calibration/082929_FishModels_FSL07/P8290112.ORF,2037.0850960823584,1357.749750035484,Red Laser,2338.04557239995,1372.8467672096567,1807.287970582067,1210.6525187038194,"Fish Model, Snook",pool,2
3545,66,10,2024.06.20.REEF/08_2023/082923_Pool Calibration/082929_FishModels_FSL07/P8290111.ORF,2036.768756352276,1356.92449622786,Red Laser,2306.8716985890524,1387.9469905774542,1762.4849206294746,1238.195611193866,"Fish Model, Snook",pool,2
3547,66,10,2024.06.20.REEF/08_2023/082923_Pool Calibration/082929_FishModels_FSL07/P8290114.ORF,2002.3478436945,1254.5415874902612,Red Laser,1524.982437457597,1086.4914591939264,2386.257213774561,1206.6843910271216,"Fish Model, Snook",pool,2
3548,66,10,2024.06.20.REEF/08_2023/082923_Pool Calibration/082929_FishModels_FSL07/P8290115.ORF,2035.4201608011635,1358.2885037850033,Red Laser,1746.3661340821689,1299.1937926473452,2268.731632813533,1319.5986949415392,"Calibration Targets, Ruler",pool,2
3549,66,10,2024.06.20.REEF/08_2023/082923_Pool Calibration/082929_FishModels_FSL07/P8290117.ORF,2035.697335623302,1359.5333527721168,Red Laser,1781.590707035701,1265.8769220044176,2300.258907231706,1285.7586216756831,"Calibration Targets, Ruler",pool,2
3550,66,10,2024.06.20.REEF/08_2023/082923_Pool Calibration/082929_FishModels_FSL07/P8290116.ORF,2036.646499680728,1357.1083312758217,Red Laser,1759.0591159730764,1264.5222240427838,2279.471324912176,1293.1239674295173,"Calibration Targets, Ruler",pool,2
3551,66,10,2024.06.20.REEF/08_2023/082923_Pool Calibration/082929_FishModels_FSL07/P8290119.ORF,2038.4612432860524,1368.4535762483306,Red Laser,1749.044364848602,1313.4673034718,2233.108731318962,1322.8634658731658,"Calibration Targets, Ruler",pool,2
3552,66,10,2024.06.20.REEF/08_2023/082923_Pool Calibration/082929_FishModels_FSL07/P8290120.ORF,2039.4694678550825,1367.2144872447286,Red Laser,1742.4693947879298,1282.7011286530892,2220.676592144167,1288.9795601282258,"Calibration Targets, Ruler",pool,2
3553,66,10,2024.06.20.REEF/08_2023/082923_Pool Calibration/082929_FishModels_FSL07/P8290118.ORF,2038.78953064774,1367.670935342137,Red Laser,1768.3386352865955,1314.250566422692,2259.4166171668626,1328.307276892026,"Calibration Targets, Ruler",pool,2
4141,76,3,2024.06.20.REEF/08_2023/082923_Pool Calibration/082923_FishModels_FSL03/P8290053.ORF,1957.8838821851496,1346.4949641950564,Red Laser,2531.427764222422,1400.8187953370425,1362.0428919994863,1360.597914381604,"Fish Model, Shark",pool,2
4142,76,3,2024.06.20.REEF/08_2023/082923_Pool Calibration/082923_FishModels_FSL03/P8290055.ORF,1958.1451555110364,1345.5588033746308,Red Laser,2590.537562604341,1331.772954924875,1354.4307178631052,1304.0801335559263,"Fish Model, Shark",pool,2
4143,76,3,2024.06.20.REEF/08_2023/082923_Pool Calibration/082923_FishModels_FSL03/P8290054.ORF,1956.2587934744608,1343.355841027383,Red Laser,2570.397328881469,1367.0183639399,1367.0183639399,1336.8080133555925,"Fish Model, Shark",pool,2
4144,76,3,2024.06.20.REEF/08_2023/082923_Pool Calibration/082923_FishModels_FSL03/P8290052.ORF,1959.0457098222175,1358.3812046447686,Red Laser,2557.8096828046746,1351.9131886477462,1412.3338898163606,1306.5976627712853,"Fish Model, Shark",pool,2
4145,76,3,2024.06.20.REEF/08_2023/082923_Pool Calibration/082923_FishModels_FSL03/P8290059.ORF,1949.5279964618933,1319.1466047709305,Red Laser,2663.54590984975,1301.5626043405675,1314.1502504173625,1243.6594323873123,"Fish Model, Shark",pool,2
4146,76,3,2024.06.20.REEF/08_2023/082923_Pool Calibration/082923_FishModels_FSL03/P8290056.ORF,1954.587960741197,1334.3722217729107,Red Laser,2645.923205342237,1367.0183639399,1382.1235392320534,1336.8080133555925,"Fish Model, Shark",pool,2
4147,76,3,2024.06.20.REEF/08_2023/082923_Pool Calibration/082923_FishModels_FSL03/P8290060.ORF,1947.6686900624943,1315.0852246655377,Red Laser,2671.098497495826,1266.3171953255423,1291.492487479132,1233.5893155258764,"Fish Model, Shark",pool,2
4148,76,3,2024.06.20.REEF/08_2023/082923_Pool Calibration/082923_FishModels_FSL03/P8290057.ORF,1951.355142106505,1326.545687718992,Red Laser,2620.747913188648,1356.948247078464,1324.2203672787978,1311.6327212020033,"Fish Model, Shark",pool,2
4149,76,3,2024.06.20.REEF/08_2023/082923_Pool Calibration/082923_FishModels_FSL03/P8290058.ORF,1950.446023822057,1325.034934327523,Red Laser,2676.1335559265444,1311.6327212020033,1349.3956594323872,1268.834724540901,"Fish Model, Shark",pool,2
4150,76,3,2024.06.20.REEF/08_2023/082923_Pool Calibration/082923_FishModels_FSL03/P8290062.ORF,1979.812186443273,1420.8484254970306,Red Laser,2402.39081673826,1467.7195325542568,1572.9398200460028,1424.5281416531725,"Fish Model, Shark",pool,2
4151,76,3,2024.06.20.REEF/08_2023/082923_Pool Calibration/082923_FishModels_FSL03/P8290061.ORF,1981.6530273871708,1421.8930605477444,Red Laser,2420.742180869148,1451.9252056067648,1588.6339746059746,1415.0139447696329,"Fish Model, Shark",pool,2
4152,76,3,2024.06.20.REEF/08_2023/082923_Pool Calibration/082923_FishModels_FSL03/P8290063.ORF,1981.623760430796,1421.3903504587297,Red Laser,2395.268465986202,1455.3675634335534,1565.9687252215067,1410.4321154579147,"Fish Model, Shark",pool,2
4153,76,3,2024.06.20.REEF/08_2023/082923_Pool Calibration/082923_FishModels_FSL03/P8290066.ORF,1980.251436159591,1421.399141836789,Red Laser,2382.910899633882,1424.8922438788532,1556.219019689201,1389.4253367266522,"Fish Model, Shark",pool,2
4154,76,3,2024.06.20.REEF/08_2023/082923_Pool Calibration/082923_FishModels_FSL03/P8290067.ORF,1980.572274083535,1421.2802707657863,Red Laser,2375.341891331366,1437.7138009887544,1547.6068670586794,1395.466455704515,"Fish Model, Shark",pool,2
4155,76,3,2024.06.20.REEF/08_2023/082923_Pool Calibration/082923_FishModels_FSL03/P8290065.ORF,1979.436477692527,1422.3813848786208,Red Laser,2386.497857325002,1421.29466762041,1558.8029539880072,1384.784616140203,"Fish Model, Shark",pool,2
4156,76,3,2024.06.20.REEF/08_2023/082923_Pool Calibration/082923_FishModels_FSL03/P8290064.ORF,1980.1698981296656,1421.0760602065532,Red Laser,2393.251982172228,1451.5415268920865,1564.9089714125084,1410.4947234528,"Fish Model, Shark",pool,2
4157,76,3,2024.06.20.REEF/08_2023/082923_Pool Calibration/082923_FishModels_FSL03/P8290070.ORF,1981.0692639237277,1420.6590124651295,Red Laser,2379.966144921694,1471.0092112836544,1554.1087804394183,1415.4096186009392,"Fish Model, Shark",pool,2
4158,76,3,2024.06.20.REEF/08_2023/082923_Pool Calibration/082923_FishModels_FSL03/P8290069.ORF,1980.6388691423087,1420.9507896692403,Red Laser,2360.2154968875784,1455.8558045248096,1533.471047709193,1403.1997889810582,"Fish Model, Shark",pool,2
4159,76,3,2024.06.20.REEF/08_2023/082923_Pool Calibration/082923_FishModels_FSL03/P8290068.ORF,1980.8345139253472,1420.712609278765,Red Laser,2365.649811983295,1442.2691904293606,1537.5916836071906,1394.7887931600883,"Fish Model, Shark",pool,2
4160,76,3,2024.06.20.REEF/08_2023/082923_Pool Calibration/082923_FishModels_FSL03/P8290073.ORF,1990.8307684922331,1448.5474679595527,Red Laser,2337.955827897408,1444.6361477088128,1636.922890289872,1401.1305775328872,"Fish Model, Shark",pool,2
4161,76,3,2024.06.20.REEF/08_2023/082923_Pool Calibration/082923_FishModels_FSL03/P8290071.ORF,1987.984743048018,1445.1683779173368,Red Laser,2364.295318278572,1459.20289503292,1641.7172664560192,1437.5375897589508,"Fish Model, Shark",pool,2
4162,76,3,2024.06.20.REEF/08_2023/082923_Pool Calibration/082923_FishModels_FSL03/P8290072.ORF,1988.2569417525187,1445.4988082386917,Red Laser,2349.627012960545,1463.1868316770383,1637.3260931269265,1434.7935541100132,"Fish Model, Shark",pool,2
4163,76,3,2024.06.20.REEF/08_2023/082923_Pool Calibration/082923_FishModels_FSL03/P8290076.ORF,1991.905796395122,1450.8184338566646,Red Laser,2316.9781062869656,1470.2182135817193,1644.8930829404198,1433.8957096707263,"Fish Model, Shark",pool,2
4164,76,3,2024.06.20.REEF/08_2023/082923_Pool Calibration/082923_FishModels_FSL03/P8290074.ORF,1989.847364997344,1447.1845013258758,Red Laser,2328.6633252521524,1445.2711707536466,1636.4669622051224,1399.4186728193215,"Fish Model, Shark",pool,2
4165,76,3,2024.06.20.REEF/08_2023/082923_Pool Calibration/082923_FishModels_FSL03/P8290075.ORF,1991.5442179136585,1451.5120902083402,Red Laser,2323.802080363277,1471.7372463444242,1641.7461735901848,1427.203007725711,"Fish Model, Shark",pool,2
4166,76,3,2024.06.20.REEF/08_2023/082923_Pool Calibration/082923_FishModels_FSL03/P8290078.ORF,1992.0143872184108,1457.9441483428404,Red Laser,2312.637917123761,1483.7152799179812,1660.3303054089934,1471.4799467755147,"Fish Model, Shark",pool,2
4167,76,3,2024.06.20.REEF/08_2023/082923_Pool Calibration/082923_FishModels_FSL03/P8290077.ORF,1991.5139376499296,1453.0389980252958,Red Laser,2311.46770968303,1472.842362627035,1650.0895159207057,1448.7698012115145,"Fish Model, Shark",pool,2
4168,76,3,2024.06.20.REEF/08_2023/082923_Pool Calibration/082923_FishModels_FSL03/P8290079.ORF,1993.217174241625,1457.9925730816506,Red Laser,2307.9639519550205,1485.789451910745,1663.045301472098,1477.6419281189765,"Fish Model, Shark",pool,2
4171,76,3,2024.06.20.REEF/08_2023/082923_Pool Calibration/082923_FishModels_FSL03/P8290081.ORF,1925.041509565361,1247.2345222425283,Red Laser,1625.5830738987677,1211.4777033183054,2223.2108908566315,1336.6445912357335,"Fish Model, Purple Angel",pool,2
4172,76,3,2024.06.20.REEF/08_2023/082923_Pool Calibration/082923_FishModels_FSL03/P8290083.ORF,1924.5,1244.0,Red Laser,1588.1366915021288,1205.5384090068544,2195.538967941101,1330.9216995569834,"Fish Model, Purple Angel",pool,2
4173,76,3,2024.06.20.REEF/08_2023/082923_Pool Calibration/082923_FishModels_FSL03/P8290084.ORF,1926.663239619468,1239.686050764895,Red Laser,1592.6298055551551,1198.9127106853102,2198.190735127504,1338.1829099173783,"Fish Model, Purple Angel",pool,2
4174,76,3,2024.06.20.REEF/08_2023/082923_Pool Calibration/082923_FishModels_FSL03/P8290086.ORF,1977.337794740239,1412.7273410049872,Red Laser,1842.789663151925,1427.0614218263122,2137.060678082391,1432.4857723319428,"Fish Model, Purple Angel",pool,2
4175,76,3,2024.06.20.REEF/08_2023/082923_Pool Calibration/082923_FishModels_FSL03/P8290085.ORF,1977.57156228766,1408.2967211028215,Red Laser,1814.5485176611105,1410.0228411108592,2114.9740841268112,1417.3248514069005,"Fish Model, Purple Angel",pool,2
4176,76,3,2024.06.20.REEF/08_2023/082923_Pool Calibration/082923_FishModels_FSL03/P8290088.ORF,1978.367609618879,1415.9771979775392,Red Laser,1820.9467877838051,1400.1709010379857,2106.202231663696,1407.666020892635,"Fish Model, Purple Angel",pool,2
4177,76,3,2024.06.20.REEF/08_2023/082923_Pool Calibration/082923_FishModels_FSL03/P8290087.ORF,1977.617807579585,1415.911542709085,Red Laser,1819.3306788289285,1427.8635786306943,2111.0098813136565,1431.0732534860972,"Fish Model, Purple Angel",pool,2
4178,76,3,2024.06.20.REEF/08_2023/082923_Pool Calibration/082923_FishModels_FSL03/P8290089.ORF,1978.6780541619944,1416.028644825029,Red Laser,1831.1199525888412,1395.2899450120476,2117.5834334335404,1401.7092947228532,"Fish Model, Purple Angel",pool,2
4179,76,3,2024.06.20.REEF/08_2023/082923_Pool Calibration/082923_FishModels_FSL03/P8290091.ORF,1977.990960185872,1418.1867042414322,Red Laser,1822.538447939886,1382.869074683884,2104.18741650148,1394.102936677794,"Fish Model, Purple Angel",pool,2
4180,76,3,2024.06.20.REEF/08_2023/082923_Pool Calibration/082923_FishModels_FSL03/P8290090.ORF,1977.4735357595368,1419.4669877449471,Red Laser,1811.7564486299464,1406.570998965511,2095.4518223138466,1409.8946267743602,"Fish Model, Purple Angel",pool,2
4181,76,3,2024.06.20.REEF/08_2023/082923_Pool Calibration/082923_FishModels_FSL03/P8290092.ORF,1978.440926805544,1417.5909816056349,Red Laser,1825.0264891902928,1391.2715866728763,2106.181661620287,1407.9372061143908,"Fish Model, Purple Angel",pool,2
4182,76,3,2024.06.20.REEF/08_2023/082923_Pool Calibration/082923_FishModels_FSL03/P8290093.ORF,1981.8963911525027,1420.2817229336436,Red Laser,1833.023245792255,1442.7658831496024,2113.8697956399988,1453.6863745215348,"Fish Model, Purple Angel",pool,2
4183,76,3,2024.06.20.REEF/08_2023/082923_Pool Calibration/082923_FishModels_FSL03/P8290098.ORF,1969.0632220957543,1382.0416876652987,Red Laser,2233.9859771726665,1485.4273414701977,1648.26043699735,1212.12352753265,"Fish Model, Grouper",pool,2
4184,76,3,2024.06.20.REEF/08_2023/082923_Pool Calibration/082923_FishModels_FSL03/P8290094.ORF,1970.9694880401048,1391.9289863619003,Red Laser,2225.451444911591,1464.5997611730056,1629.2944614562157,1284.6573645919868,"Fish Model, Grouper",pool,2
4185,76,3,2024.06.20.REEF/08_2023/082923_Pool Calibration/082923_FishModels_FSL03/P8290095.ORF,1970.5415561216803,1389.6072369251185,Red Laser,2225.5506166428545,1475.6175767427233,1637.686630595126,1265.4239946495334,"Fish Model, Grouper",pool,2
4186,76,3,2024.06.20.REEF/08_2023/082923_Pool Calibration/082923_FishModels_FSL03/P8290096.ORF,1968.9514627644608,1383.5359993712516,Red Laser,2236.615855158561,1466.2538518637814,1650.4489846906265,1230.3427499916763,"Fish Model, Grouper",pool,2
4188,76,3,2024.06.20.REEF/08_2023/082923_Pool Calibration/082923_FishModels_FSL03/P8290101.ORF,1965.9607821544528,1372.4315576816036,Red Laser,2238.3054917947325,1482.1805776984554,1634.324925879312,1196.3590318248368,"Fish Model, Grouper",pool,2
4189,76,3,2024.06.20.REEF/08_2023/082923_Pool Calibration/082923_FishModels_FSL03/P8290099.ORF,1966.7819901542932,1378.8895811282734,Red Laser,2224.096958511726,1465.2578538077914,1631.4866657715706,1185.2257589546064,"Fish Model, Grouper",pool,2
4190,76,3,2024.06.20.REEF/08_2023/082923_Pool Calibration/082923_FishModels_FSL03/P8290102.ORF,1965.565586863112,1373.2358728626336,Red Laser,2242.239783647909,1495.7694728191814,1623.185782192804,1223.8739037244418,"Fish Model, Grouper",pool,2
4191,76,3,2024.06.20.REEF/08_2023/082923_Pool Calibration/082923_FishModels_FSL03/P8290100.ORF,1965.3697649046403,1376.372603651611,Red Laser,2214.7251047300047,1464.1965253878602,1617.9787447293056,1178.6044712664034,"Fish Model, Grouper",pool,2
4192,76,3,2024.06.20.REEF/08_2023/082923_Pool Calibration/082923_FishModels_FSL03/P8290103.ORF,1965.316412140687,1370.2195441864387,Red Laser,2259.399741114336,1449.987466721201,1631.10588816924,1173.554219799636,"Fish Model, Grouper",pool,2
4193,76,3,2024.06.20.REEF/08_2023/082923_Pool Calibration/082923_FishModels_FSL03/P8290104.ORF,1965.5767779619412,1368.5458823386468,Red Laser,2248.929702930885,1483.7697856545683,1602.0759051344226,1209.8400851202175,"Fish Model, Grouper",pool,2
4194,76,3,2024.06.20.REEF/08_2023/082923_Pool Calibration/082923_FishModels_FSL03/P8290105.ORF,1960.0094878317989,1352.7929594934403,Red Laser,2311.7629382303844,1340.3270539656824,1566.931809425967,1304.804338591933,"Fish Model, Grouper",pool,2
4195,76,3,2024.06.20.REEF/08_2023/082923_Pool Calibration/082923_FishModels_FSL03/P8290107.ORF,1958.833166310469,1352.046905687,Red Laser,2279.232837030591,1406.874986198009,1571.3550960457828,1321.4414657343252,"Fish Model, Grouper",pool,2
4196,76,3,2024.06.20.REEF/08_2023/082923_Pool Calibration/082923_FishModels_FSL03/P8290108.ORF,1960.6775394364115,1355.5919711527129,Red Laser,2293.6411533152973,1404.2825414864458,1606.7306133234076,1347.9527477741271,"Fish Model, Grouper",pool,2
4197,76,3,2024.06.20.REEF/08_2023/082923_Pool Calibration/082923_FishModels_FSL03/P8290109.ORF,1959.1074060190276,1354.2111569829112,Red Laser,2243.7215127929044,1434.2952136127349,1576.4585962190058,1409.6144188121148,"Fish Model, Grouper",pool,2
4198,76,3,2024.06.20.REEF/08_2023/082923_Pool Calibration/082923_FishModels_FSL03/P8290106.ORF,1959.808936295744,1354.1749043047664,Red Laser,2309.877366190245,1348.1727411756092,1573.9390427820783,1272.5447773951812,"Fish Model, Grouper",pool,2
4199,76,3,2024.06.20.REEF/08_2023/082923_Pool Calibration/082923_FishModels_FSL03/P8290112.ORF,1978.762330152152,1410.8494303005964,Red Laser,2241.2048280028785,1385.7629812054404,1701.9794522952102,1421.4706139717964,"Fish Model, Grouper",pool,2
4200,76,3,2024.06.20.REEF/08_2023/082923_Pool Calibration/082923_FishModels_FSL03/P8290111.ORF,1977.63949238422,1411.6767881418116,Red Laser,2242.9941852247143,1400.8580168940005,1715.4038808678802,1455.422489435848,"Fish Model, Grouper",pool,2
4201,76,3,2024.06.20.REEF/08_2023/082923_Pool Calibration/082923_FishModels_FSL03/P8290110.ORF,1978.3643329190288,1411.824718822432,Red Laser,2219.625593369832,1387.285237992052,1702.2260066789029,1454.568047148433,"Fish Model, Grouper",pool,2
4202,76,3,2024.06.20.REEF/08_2023/082923_Pool Calibration/082923_FishModels_FSL03/P8290117.ORF,1975.559595101064,1407.5073257072895,Red Laser,2237.031254488022,1496.758643816512,1725.108175519123,1260.121353008372,"Fish Model, Grouper",pool,2
4203,76,3,2024.06.20.REEF/08_2023/082923_Pool Calibration/082923_FishModels_FSL03/P8290114.ORF,1977.013918183444,1409.540926434193,Red Laser,2224.4170020121182,1410.994802553792,1671.951717525913,1358.4363767965715,"Fish Model, Grouper",pool,2
4204,76,3,2024.06.20.REEF/08_2023/082923_Pool Calibration/082923_FishModels_FSL03/P8290116.ORF,1975.9549003432423,1407.857142857143,Red Laser,2238.827346008913,1463.2804706633729,1703.6140638704985,1289.9580284716224,"Fish Model, Grouper",pool,2
4205,76,3,2024.06.20.REEF/08_2023/082923_Pool Calibration/082923_FishModels_FSL03/P8290113.ORF,1977.284407343317,1409.9607573664637,Red Laser,2219.7180925882803,1379.7028875927342,1674.0733671698065,1385.3198185896888,"Fish Model, Grouper",pool,2
4206,76,3,2024.06.20.REEF/08_2023/082923_Pool Calibration/082923_FishModels_FSL03/P8290115.ORF,1976.9095908162667,1411.9155886438823,Red Laser,2226.7288794556675,1445.196700013887,1678.2756885387157,1335.2653362163414,"Fish Model, Grouper",pool,2
4207,76,3,2024.06.20.REEF/08_2023/082923_Pool Calibration/082923_FishModels_FSL03/P8290118.ORF,1974.937872993576,1407.5277300844248,Red Laser,2215.196994336921,1525.2467205870898,1730.1348818141744,1242.7953333116443,"Fish Model, Grouper",pool,2
4208,76,3,2024.06.20.REEF/08_2023/082923_Pool Calibration/082923_FishModels_FSL03/P8290119.ORF,1976.0346413301709,1408.2960115130602,Red Laser,2201.125356093754,1605.1667420266392,1747.357573411184,1279.785953560181,"Fish Model, Grouper",pool,2
4209,76,3,2024.06.20.REEF/08_2023/082923_Pool Calibration/082923_FishModels_FSL03/P8290123.ORF,1976.005524075676,1404.9805376506745,Red Laser,2182.544196094012,1462.8246122188514,1676.7235114439477,1334.674331523326,"Fish Model, Grouper",pool,2
4210,76,3,2024.06.20.REEF/08_2023/082923_Pool Calibration/082923_FishModels_FSL03/P8290121.ORF,1977.3519255138665,1406.7250269108492,Red Laser,2161.5550401226637,1450.563643599044,1698.1582328738864,1344.6443733707522,"Fish Model, Grouper",pool,2
4211,76,3,2024.06.20.REEF/08_2023/082923_Pool Calibration/082923_FishModels_FSL03/P8290122.ORF,1975.9333570496328,1405.8016558614836,Red Laser,2154.2139728981438,1464.7744554302303,1674.3675820154265,1340.3995547833724,"Fish Model, Grouper",pool,2
4212,76,3,2024.06.20.REEF/08_2023/082923_Pool Calibration/082923_FishModels_FSL03/P8290120.ORF,1977.0470751074572,1409.7473310984935,Red Laser,2192.896930924848,1448.1744352987207,1729.9013330329954,1329.0152562918925,"Fish Model, Grouper",pool,2
4213,76,3,2024.06.20.REEF/08_2023/082923_Pool Calibration/082923_FishModels_FSL03/P8290124.ORF,1976.225216669671,1404.2921129022457,Red Laser,2177.1476453847217,1491.7255788346051,1656.4099968441733,1347.302246622187,"Fish Model, Grouper",pool,2
4214,76,3,2024.06.20.REEF/08_2023/082923_Pool Calibration/082923_FishModels_FSL03/P8290126.ORF,1961.3128412556937,1356.1949385144137,Red Laser,2412.5117055204278,1440.0074072779469,1524.003092698117,1164.9928366424697,"Fish Model, Snook",pool,2
4215,76,3,2024.06.20.REEF/08_2023/082923_Pool Calibration/082923_FishModels_FSL03/P8290125.ORF,1962.2708741755612,1358.8747134497644,Red Laser,2366.707644903977,1504.4255454769184,1503.5057134790893,1201.9136903552055,"Fish Model, Snook",pool,2
4216,76,3,2024.06.20.REEF/08_2023/082923_Pool Calibration/082923_FishModels_FSL03/P8290127.ORF,1959.862710172776,1354.4490155226952,Red Laser,2440.004942606671,1390.9341594592772,1526.210511273497,1169.787561922025,"Fish Model, Snook",pool,2
4217,76,3,2024.06.20.REEF/08_2023/082923_Pool Calibration/082923_FishModels_FSL03/P8290128.ORF,1960.3678810637923,1349.657931277801,Red Laser,2425.34460265232,1387.6621557673734,1478.6911249869595,1258.833831258644,"Fish Model, Snook",pool,2
4218,76,3,2024.06.20.REEF/08_2023/082923_Pool Calibration/082923_FishModels_FSL03/P8290129.ORF,1952.877582407076,1325.9197334752037,Red Laser,2455.959678631873,1270.5675578238167,1495.2237525384328,1359.7563978683218,"Fish Model, Snook",pool,2
4219,76,3,2024.06.20.REEF/08_2023/082923_Pool Calibration/082923_FishModels_FSL03/P8290130.ORF,1950.5,1320.0,Red Laser,2458.4033381032154,1211.0678529549764,1513.8883063102676,1313.4524687487562,"Fish Model, Snook",pool,2
4220,76,3,2024.06.20.REEF/08_2023/082923_Pool Calibration/082923_FishModels_FSL03/P8290133.ORF,1945.880198120016,1307.268441188348,Red Laser,2473.3059326805824,1255.1698358343076,1501.095418979078,1391.8217428030812,"Fish Model, Snook",pool,2
4221,76,3,2024.06.20.REEF/08_2023/082923_Pool Calibration/082923_FishModels_FSL03/P8290132.ORF,1947.5964816200244,1311.8709521424876,Red Laser,2469.0148593886183,1221.1609487212415,1527.6188291364083,1349.8536644673304,"Fish Model, Snook",pool,2
4222,76,3,2024.06.20.REEF/08_2023/082923_Pool Calibration/082923_FishModels_FSL03/P8290131.ORF,1947.374172745501,1315.629394750693,Red Laser,2445.439881027231,1210.1451385964945,1502.9589806738943,1331.1498806451796,"Fish Model, Snook",pool,2
4223,76,3,2024.06.20.REEF/08_2023/082923_Pool Calibration/082923_FishModels_FSL03/P8290134.ORF,1985.5580632358492,1437.1238222749569,Red Laser,2204.791593556219,1447.104024943302,1724.142783959652,1350.0113605673675,"Fish Model, Snook",pool,2
4224,76,3,2024.06.20.REEF/08_2023/082923_Pool Calibration/082923_FishModels_FSL03/P8290136.ORF,1987.119480492228,1437.01930693207,Red Laser,2191.70395624638,1454.447484660645,1742.3019960927195,1313.668106757253,"Fish Model, Snook",pool,2
4225,76,3,2024.06.20.REEF/08_2023/082923_Pool Calibration/082923_FishModels_FSL03/P8290137.ORF,1985.2177237562016,1438.026744282441,Red Laser,2194.1030645480587,1497.166864788401,1758.0687354415898,1353.734519687589,"Fish Model, Snook",pool,2
4226,76,3,2024.06.20.REEF/08_2023/082923_Pool Calibration/082923_FishModels_FSL03/P8290139.ORF,1986.5378346915015,1434.2060535506405,Red Laser,2184.886284602137,1464.1020159901705,1763.455976087751,1297.198923509225,"Fish Model, Snook",pool,2
4227,76,3,2024.06.20.REEF/08_2023/082923_Pool Calibration/082923_FishModels_FSL03/P8290138.ORF,1986.373629789724,1438.6900435821556,Red Laser,2188.290080284172,1478.5609566801877,1765.4771426013049,1325.4841558840542,"Fish Model, Snook",pool,2
4228,76,3,2024.06.20.REEF/08_2023/082923_Pool Calibration/082923_FishModels_FSL03/P8290135.ORF,1985.1442263983045,1438.2587005757546,Red Laser,2179.7725941124577,1461.3494470996634,1712.7649026513518,1323.333428317343,"Fish Model, Snook",pool,2
4229,76,3,2024.06.20.REEF/08_2023/082923_Pool Calibration/082923_FishModels_FSL03/P8290140.ORF,1985.8157057735996,1437.757777208367,Red Laser,2289.714507679182,1454.3604809475382,1723.3920692499396,1377.5134579672217,"Fish Model, Snook",pool,2
4230,76,3,2024.06.20.REEF/08_2023/082923_Pool Calibration/082923_FishModels_FSL03/P8290141.ORF,1986.289518906914,1437.0169509611103,Red Laser,2275.717923084032,1437.939447155402,1705.3833910855362,1387.6339662486084,"Fish Model, Snook",pool,2
4231,76,3,2024.06.20.REEF/08_2023/082923_Pool Calibration/082923_FishModels_FSL03/P8290145.ORF,1985.9000097781425,1438.9816200118028,Red Laser,2276.798626207696,1401.908640727321,1734.3635756446247,1430.595109747483,"Fish Model, Snook",pool,2
4232,76,3,2024.06.20.REEF/08_2023/082923_Pool Calibration/082923_FishModels_FSL03/P8290142.ORF,1987.1624633591343,1436.8520505727515,Red Laser,2261.714512158572,1404.1123922244888,1695.0834511470805,1391.7674889344785,"Fish Model, Snook",pool,2
4233,76,3,2024.06.20.REEF/08_2023/082923_Pool Calibration/082923_FishModels_FSL03/P8290143.ORF,1986.046964282286,1436.1657192033483,Red Laser,2270.367037036156,1415.3695269535303,1712.2848215529957,1429.813063802843,"Fish Model, Snook",pool,2
4234,76,3,2024.06.20.REEF/08_2023/082923_Pool Calibration/082923_FishModels_FSL03/P8290144.ORF,1986.8327082314877,1434.9149584594204,Red Laser,2282.3945553315607,1407.2707671522137,1731.8229790100431,1435.7486073067753,"Fish Model, Snook",pool,2
4857,84,5,2025-02-10 REEF Data Dump SMILE 6/083123_Fish Degree Angle Tests/083023_FishModels_FSL05/P8300002.ORF,1973.5688330277544,1316.6391809813372,Red Laser,2335.320754716981,1219.0943396226417,1617.433962264151,1392.0,"Fish Model, Grouper",pool,2
4859,84,5,2025-02-10 REEF Data Dump SMILE 6/083123_Fish Degree Angle Tests/083023_FishModels_FSL05/P8300004.ORF,1975.1232330422024,1321.2726319212024,Red Laser,2304.679245283018,1219.0943396226417,1602.1132075471698,1387.622641509434,"Fish Model, Grouper",pool,2
4861,84,5,2025-02-10 REEF Data Dump SMILE 6/083123_Fish Degree Angle Tests/083023_FishModels_FSL05/P8300005.ORF,1974.4797629088,1319.2644165823212,Red Laser,2284.981132075472,1205.9622641509434,1582.4150943396226,1367.9245283018868,"Fish Model, Grouper",pool,2
4862,84,5,2025-02-10 REEF Data Dump SMILE 6/083123_Fish Degree Angle Tests/083023_FishModels_FSL05/P8300007.ORF,1976.8400758924988,1329.5040984457746,Red Laser,2265.2830188679245,1247.5471698113206,1602.1132075471698,1466.4150943396226,"Fish Model, Grouper",pool,2
4863,84,5,2025-02-10 REEF Data Dump SMILE 6/083123_Fish Degree Angle Tests/083023_FishModels_FSL05/P8300006.ORF,1976.686703541419,1327.1268590384082,Red Laser,2254.3396226415093,1254.1132075471694,1586.792452830189,1472.9811320754716,"Fish Model, Grouper",pool,2
4864,84,5,2025-02-10 REEF Data Dump SMILE 6/083123_Fish Degree Angle Tests/083023_FishModels_FSL05/P8300008.ORF,1976.4889076224429,1326.1235475985904,Red Laser,2295.9245283018863,1256.3018867924527,1637.1320754716978,1457.660377358491,"Fish Model, Grouper",pool,2
4865,84,5,2025-02-10 REEF Data Dump SMILE 6/083123_Fish Degree Angle Tests/083023_FishModels_FSL05/P8300009.ORF,1976.084484658686,1328.184106892861,Red Laser,2298.11320754717,1317.5849056603774,1634.9433962264154,1514.5660377358488,"Fish Model, Grouper",pool,2
4866,84,5,2025-02-10 REEF Data Dump SMILE 6/083123_Fish Degree Angle Tests/083023_FishModels_FSL05/P8300010.ORF,1978.3433716177665,1332.837295025582,Red Laser,2245.584905660377,1256.3018867924527,1582.4150943396226,1448.9056603773588,"Fish Model, Grouper",pool,2
4868,84,5,2025-02-10 REEF Data Dump SMILE 6/083123_Fish Degree Angle Tests/083023_FishModels_FSL05/P8300012.ORF,1986.6496321511704,1364.3032590780103,Red Laser,2243.64575356106,1321.225215661731,1694.0377358490564,1440.1509433962262,"Fish Model, Grouper",pool,2
4869,84,5,2025-02-10 REEF Data Dump SMILE 6/083123_Fish Degree Angle Tests/083023_FishModels_FSL05/P8300011.ORF,1988.2730432630688,1365.1462746854615,Red Laser,2241.912993028973,1305.1083149345393,1691.8490566037733,1433.5849056603774,"Fish Model, Grouper",pool,2
4870,84,5,2025-02-10 REEF Data Dump SMILE 6/083123_Fish Degree Angle Tests/083023_FishModels_FSL05/P8300014.ORF,1988.032074189924,1364.2773698807453,Red Laser,2208.0077109348417,1256.8440766631209,1652.6769495125443,1397.1635742196695,"Fish Model, Grouper",pool,2
4871,84,5,2025-02-10 REEF Data Dump SMILE 6/083123_Fish Degree Angle Tests/083023_FishModels_FSL05/P8300015.ORF,1986.9161147938405,1361.5212504953297,Red Laser,2217.664969063489,1286.6257163835764,1662.379561297493,1441.65762959213,"Fish Model, Grouper",pool,2
4873,84,5,2025-02-10 REEF Data Dump SMILE 6/083123_Fish Degree Angle Tests/083023_FishModels_FSL05/P8300017.ORF,1985.8059305483705,1361.656519103819,Red Laser,2222.650217706821,1323.477503628447,1656.9608127721335,1466.5834542815676,"Fish Model, Grouper",pool,2
4874,84,5,2025-02-10 REEF Data Dump SMILE 6/083123_Fish Degree Angle Tests/083023_FishModels_FSL05/P8300018.ORF,2001.2571588906796,1410.5228371448893,Red Laser,2198.432287596293,1369.128949425031,1800.067425450973,1494.751367645417,"Fish Model, Grouper",pool,2
4875,84,5,2025-02-10 REEF Data Dump SMILE 6/083123_Fish Degree Angle Tests/083023_FishModels_FSL05/P8300019.ORF,2001.2896728515625,1412.0355224609375,Red Laser,2192.3257494596955,1345.3356733749056,1801.6677910067529,1472.648311620731,"Fish Model, Grouper",pool,2
4876,84,5,2025-02-10 REEF Data Dump SMILE 6/083123_Fish Degree Angle Tests/083023_FishModels_FSL05/P8300020.ORF,2000.4692382812505,1412.16015625,Red Laser,2158.430682810007,1339.2283818956632,1769.6239627534933,1468.8306219145013,"Fish Model, Grouper",pool,2
4879,84,5,2025-02-10 REEF Data Dump SMILE 6/083123_Fish Degree Angle Tests/083023_FishModels_FSL05/P8300023.ORF,1960.186279296875,1305.0472412109373,Red Laser,1947.1724195441643,1682.1943941033396,2000.4528301886792,689.4339622641509,"Fish Model, Snook",pool,2
4880,84,5,2025-02-10 REEF Data Dump SMILE 6/083123_Fish Degree Angle Tests/083023_FishModels_FSL05/P8300026.ORF,1961.4420166015625,1312.015380859375,Red Laser,2019.570552629036,1755.1026694045704,2052.8408732665125,800.7274233763296,"Fish Model, Snook",pool,2
4888,84,5,2025-02-10 REEF Data Dump SMILE 6/083123_Fish Degree Angle Tests/083023_FishModels_FSL05/P8300032.ORF,1929.5711863869149,1208.7619440289818,Red Laser,1871.320754716981,1906.339622641509,2090.1886792452838,512.1509433962265,"Fish Model, Snook",pool,2
4889,84,5,2025-02-10 REEF Data Dump SMILE 6/083123_Fish Degree Angle Tests/083023_FishModels_FSL05/P8300033.ORF,1929.8065464409935,1213.192605861977,Red Laser,1864.754716981132,1899.7735849056603,2109.88679245283,540.6037735849056,"Fish Model, Snook",pool,2
4894,84,5,2025-02-10 REEF Data Dump SMILE 6/083123_Fish Degree Angle Tests/083023_FishModels_FSL05/P8300040.ORF,1960.843505859375,1291.2042236328125,Red Laser,2446.943396226415,1444.5283018867924,1467.8117439339435,1079.3455843808656,"Fish Model, Snook",pool,2
4895,84,5,2025-02-10 REEF Data Dump SMILE 6/083123_Fish Degree Angle Tests/083023_FishModels_FSL05/P8300039.ORF,1960.9500732421875,1291.0722656250002,Red Laser,2482.492015841224,1426.1728357846264,1479.7951171045354,1086.6352616092397,"Fish Model, Snook",pool,2
4896,84,5,2025-02-10 REEF Data Dump SMILE 6/083123_Fish Degree Angle Tests/083023_FishModels_FSL05/P8300038.ORF,1960.4411621093748,1287.5205078125,Red Laser,2490.6922835621426,1439.7277030990708,1503.5484547963613,1049.767348143365,"Fish Model, Snook",pool,2
4897,84,5,2025-02-10 REEF Data Dump SMILE 6/083123_Fish Degree Angle Tests/083023_FishModels_FSL05/P8300041.ORF,1959.879150390625,1291.358642578125,Red Laser,2417.444352622711,1468.1341002972365,1440.5311474529535,1093.5746840882334,"Fish Model, Snook",pool,2
4898,84,5,2025-02-10 REEF Data Dump SMILE 6/083123_Fish Degree Angle Tests/083023_FishModels_FSL05/P8300042.ORF,1960.6118164062495,1293.8267822265627,Red Laser,2429.240943294866,1486.5351700439987,1464.315785916096,1099.748911000723,"Fish Model, Snook",pool,2
4899,84,5,2025-02-10 REEF Data Dump SMILE 6/083123_Fish Degree Angle Tests/083023_FishModels_FSL05/P8300044.ORF,1963.7821044921875,1297.74609375,Red Laser,2405.4988426001746,1463.6743233502646,1476.9885877771972,1082.7828138586444,"Fish Model, Snook",pool,2
4900,84,5,2025-02-10 REEF Data Dump SMILE 6/083123_Fish Degree Angle Tests/083023_FishModels_FSL05/P8300043.ORF,1963.6119384765625,1298.4927978515625,Red Laser,2409.013603972437,1461.1120785595597,1474.2451230250706,1079.590691521856,"Fish Model, Snook",pool,2
4901,84,5,2025-02-10 REEF Data Dump SMILE 6/083123_Fish Degree Angle Tests/083023_FishModels_FSL05/P8300045.ORF,1963.0739746093748,1299.0527343750002,Red Laser,2406.856061515713,1469.4932753573771,1485.2145180501504,1075.6156084556462,"Fish Model, Snook",pool,2
4902,84,5,2025-02-10 REEF Data Dump SMILE 6/083123_Fish Degree Angle Tests/083023_FishModels_FSL05/P8300046.ORF,1962.95556640625,1293.486083984375,Red Laser,2402.3273323551075,1463.5589946332163,1480.444310755885,1054.0657417548634,"Fish Model, Snook",pool,2
4904,84,5,2025-02-10 REEF Data Dump SMILE 6/083123_Fish Degree Angle Tests/083023_FishModels_FSL05/P8300050.ORF,1959.88134765625,1289.5322265625,Red Laser,2195.858262538548,1282.082626695445,1742.764791082858,1254.178486805949,"Fish Model, Purple Angel",pool,2
4905,84,5,2025-02-10 REEF Data Dump SMILE 6/083123_Fish Degree Angle Tests/083023_FishModels_FSL05/P8300048.ORF,1960.088134765625,1291.4981689453127,Red Laser,2184.274745168668,1284.8206216414465,1733.5531256035842,1264.4157193472524,"Fish Model, Purple Angel",pool,2
4906,84,5,2025-02-10 REEF Data Dump SMILE 6/083123_Fish Degree Angle Tests/083023_FishModels_FSL05/P8300051.ORF,1960.2352294921875,1288.7181396484375,Red Laser,2191.13443138816,1274.5967026536064,1734.9017441949009,1240.414131288974,"Fish Model, Purple Angel",pool,2
4907,84,5,2025-02-10 REEF Data Dump SMILE 6/083123_Fish Degree Angle Tests/083023_FishModels_FSL05/P8300049.ORF,1960.8355712890625,1291.5218505859375,Red Laser,2195.480269571588,1283.1680367666006,1742.9448809136877,1262.763134472407,"Fish Model, Purple Angel",pool,2
4908,84,5,2025-02-10 REEF Data Dump SMILE 6/083123_Fish Degree Angle Tests/083023_FishModels_FSL05/P8300053.ORF,1970.080322265625,1332.707763671875,Red Laser,2141.6646568606675,1326.8906738053288,1773.0160887455638,1317.8218283412425,"Fish Model, Purple Angel",pool,2
4909,84,5,2025-02-10 REEF Data Dump SMILE 6/083123_Fish Degree Angle Tests/083023_FishModels_FSL05/P8300052.ORF,1971.4605712890625,1333.103271484375,Red Laser,2126.8857394618685,1321.4220091900722,1756.8875768886485,1306.6650121331272,"Fish Model, Purple Angel",pool,2
4910,84,5,2025-02-10 REEF Data Dump SMILE 6/083123_Fish Degree Angle Tests/083023_FishModels_FSL05/P8300054.ORF,1972.8555908203125,1332.20263671875,Red Laser,2133.056847322045,1347.9846038925732,1766.2783931976132,1333.2276068356282,"Fish Model, Purple Angel",pool,2
4912,84,5,2025-02-10 REEF Data Dump SMILE 6/083123_Fish Degree Angle Tests/083023_FishModels_FSL05/P8300055.ORF,1973.7895507812495,1336.3248291015625,Red Laser,2127.9931822266044,1294.023110495517,1779.1914336079053,1278.327031807675,"Fish Model, Purple Angel",pool,2
4913,84,5,2025-02-10 REEF Data Dump SMILE 6/083123_Fish Degree Angle Tests/083023_FishModels_FSL05/P8300058.ORF,1974.3294677734373,1339.287353515625,Red Laser,2130.782268032157,1315.920149855617,1792.7128809094177,1299.553298574278,"Fish Model, Purple Angel",pool,2
4914,84,5,2025-02-10 REEF Data Dump SMILE 6/083123_Fish Degree Angle Tests/083023_FishModels_FSL05/P8300056.ORF,1974.001220703125,1340.3663330078125,Red Laser,2141.350198481019,1331.974612275893,1796.734070845744,1317.673740582526,"Fish Model, Purple Angel",pool,2
4915,84,5,2025-02-10 REEF Data Dump SMILE 6/083123_Fish Degree Angle Tests/083023_FishModels_FSL05/P8300059.ORF,1979.5120849609373,1358.502685546875,Red Laser,2153.6586686785995,1359.5509570933054,1832.2244418745984,1318.4996743712586,"Fish Model, Purple Angel",pool,2
4916,84,5,2025-02-10 REEF Data Dump SMILE 6/083123_Fish Degree Angle Tests/083023_FishModels_FSL05/P8300060.ORF,1978.997802734375,1356.9002685546875,Red Laser,2138.6579446289675,1357.0227163594627,1815.9886548103875,1316.6663540442794,"Fish Model, Purple Angel",pool,2
4917,84,5,2025-02-10 REEF Data Dump SMILE 6/083123_Fish Degree Angle Tests/083023_FishModels_FSL05/P8300062.ORF,1978.0443115234373,1355.9202880859375,Red Laser,2144.5451059180905,1352.573108939435,1815.329917029518,1322.7908057881464,"Fish Model, Purple Angel",pool,2
4918,84,5,2025-02-10 REEF Data Dump SMILE 6/083123_Fish Degree Angle Tests/083023_FishModels_FSL05/P8300063.ORF,1978.283447265625,1355.37109375,Red Laser,2127.2805334053546,1354.763602375057,1798.7051583751954,1316.581162437507,"Fish Model, Purple Angel",pool,2
4919,84,5,2025-02-10 REEF Data Dump SMILE 6/083123_Fish Degree Angle Tests/083023_FishModels_FSL05/P8300061.ORF,1978.4990234375,1356.4736328125,Red Laser,2133.212875282179,1335.4011959889176,1804.802613505804,1304.8139657254317,"Fish Model, Purple Angel",pool,2
4920,84,5,2025-02-10 REEF Data Dump SMILE 6/083123_Fish Degree Angle Tests/083023_FishModels_FSL05/P8300064.ORF,1978.5708007812495,1355.6484375,Red Laser,2141.294892824559,1311.944042971911,1810.0099680214917,1280.1123953929684,"Fish Model, Purple Angel",pool,2
4922,84,5,2025-02-10 REEF Data Dump SMILE 6/083123_Fish Degree Angle Tests/083023_FishModels_FSL05/P8300068.ORF,1976.261474609375,1350.4803466796875,Red Laser,2509.7732704512614,1287.477979273756,1416.238281123554,1304.336962991492,"Fish Model, Shark",pool,2
4923,84,5,2025-02-10 REEF Data Dump SMILE 6/083123_Fish Degree Angle Tests/083023_FishModels_FSL05/P8300069.ORF,1976.3388671875,1350.8365478515625,Red Laser,2500.081046153242,1304.2957659472022,1407.7386100040617,1305.6560927668152,"Fish Model, Shark",pool,2
4924,84,5,2025-02-10 REEF Data Dump SMILE 6/083123_Fish Degree Angle Tests/083023_FishModels_FSL05/P8300067.ORF,1976.533935546875,1350.9627685546875,Red Laser,2490.6455926112703,1325.665568912892,1397.396271915681,1351.511778485538,"Fish Model, Shark",pool,2
4925,84,5,2025-02-10 REEF Data Dump SMILE 6/083123_Fish Degree Angle Tests/083023_FishModels_FSL05/P8300066.ORF,1976.32373046875,1350.5870361328125,Red Laser,2488.175688014703,1322.8456182174689,1391.752271406684,1342.7970782384582,"Fish Model, Shark",pool,2
4926,84,5,2025-02-10 REEF Data Dump SMILE 6/083123_Fish Degree Angle Tests/083023_FishModels_FSL05/P8300070.ORF,1995.0495576690264,1412.2183670831766,Red Laser,2324.16567046577,1375.221126416993,1621.6789487477092,1414.2869222622871,"Fish Model, Shark",pool,2
4928,84,5,2025-02-10 REEF Data Dump SMILE 6/083123_Fish Degree Angle Tests/083023_FishModels_FSL05/P8300072.ORF,1994.775704938948,1411.337555930927,Red Laser,2329.8785850179324,1382.7421385769128,1633.1764714909864,1423.2762476180767,"Fish Model, Shark",pool,2
4929,84,5,2025-02-10 REEF Data Dump SMILE 6/083123_Fish Degree Angle Tests/083023_FishModels_FSL05/P8300073.ORF,1995.427878162022,1411.8801869880765,Red Laser,2325.785374690559,1389.6665726546887,1630.0600407149534,1431.2544734515334,"Fish Model, Shark",pool,2
106836,362,2,2025-02-10 REEF Data Dump SMILE 6/062024_Alligator_FSL02/062024_Alligator CenterDrift_FSL02/P6200003.ORF,2031.3748042072375,1514.371031047123,Green Laser,,,,,,reef,3
106842,362,2,2025-02-10 REEF Data Dump SMILE 6/062024_Alligator_FSL02/062024_Alligator CenterDrift_FSL02/P6200009.ORF,2027.9579650679304,1503.4393006858954,Green Laser,,,,,,reef,3
106844,362,2,2025-02-10 REEF Data Dump SMILE 6/062024_Alligator_FSL02/062024_Alligator CenterDrift_FSL02/P6200011.ORF,2027.283937048592,1502.198167342716,Green Laser,,,,,,reef,3
106846,362,2,2025-02-10 REEF Data Dump SMILE 6/062024_Alligator_FSL02/062024_Alligator CenterDrift_FSL02/P6200013.ORF,2026.4408904182037,1501.3419040622946,Green Laser,,,,,,reef,3
106847,362,2,2025-02-10 REEF Data Dump SMILE 6/062024_Alligator_FSL02/062024_Alligator CenterDrift_FSL02/P6200010.ORF,2026.9695414078024,1503.4627753415632,Green Laser,,,,,,reef,3
106850,362,2,2025-02-10 REEF Data Dump SMILE 6/062024_Alligator_FSL02/062024_Alligator CenterDrift_FSL02/P6200019.ORF,2039.0837496194529,1542.1139732412855,Green Laser,,,,,,reef,3
106852,362,2,2025-02-10 REEF Data Dump SMILE 6/062024_Alligator_FSL02/062024_Alligator CenterDrift_FSL02/P6200018.ORF,2038.2215095780089,1541.4376558473148,Green Laser,,,,,,reef,3
106857,362,2,2025-02-10 REEF Data Dump SMILE 6/062024_Alligator_FSL02/062024_Alligator CenterDrift_FSL02/P6200025.ORF,2040.8597190406208,1550.0481833390531,Green Laser,,,,,,reef,3
106859,362,2,2025-02-10 REEF Data Dump SMILE 6/062024_Alligator_FSL02/062024_Alligator CenterDrift_FSL02/P6200023.ORF,2040.4019321789856,1553.9475093951842,Green Laser,,,,,,reef,3
106860,362,2,2025-02-10 REEF Data Dump SMILE 6/062024_Alligator_FSL02/062024_Alligator CenterDrift_FSL02/P6200028.ORF,2041.6250504927837,1551.931713606404,Green Laser,,,,,,reef,3
106865,362,2,2025-02-10 REEF Data Dump SMILE 6/062024_Alligator_FSL02/062024_Alligator CenterDrift_FSL02/P6200032.ORF,2043.3168982830275,1557.9080130486295,Green Laser,,,,,,reef,3
106866,362,2,2025-02-10 REEF Data Dump SMILE 6/062024_Alligator_FSL02/062024_Alligator CenterDrift_FSL02/P6200033.ORF,2043.652804481624,1558.6438444902192,Green Laser,,,,,,reef,3
106868,362,2,2025-02-10 REEF Data Dump SMILE 6/062024_Alligator_FSL02/062024_Alligator CenterDrift_FSL02/P6200035.ORF,2042.8436251803585,1558.2737976644823,Green Laser,,,,,,reef,3
106886,362,2,2025-02-10 REEF Data Dump SMILE 6/062024_Alligator_FSL02/062024_Alligator CenterDrift_FSL02/P6200055.ORF,2028.5249419804247,1508.8190067639407,Green Laser,,,,,,reef,3
106890,362,2,2025-02-10 REEF Data Dump SMILE 6/062024_Alligator_FSL02/062024_Alligator CenterDrift_FSL02/P6200059.ORF,2052.405611437995,1587.0750000140204,Green Laser,,,,,,reef,3
106892,362,2,2025-02-10 REEF Data Dump SMILE 6/062024_Alligator_FSL02/062024_Alligator CenterDrift_FSL02/P6200057.ORF,2052.579242252892,1587.5824161598812,Green Laser,,,,,,reef,3
106898,362,2,2025-02-10 REEF Data Dump SMILE 6/062024_Alligator_FSL02/062024_Alligator CenterDrift_FSL02/P6200066.ORF,2050.55887018031,1582.2731525620202,Green Laser,,,,,,reef,3
106899,362,2,2025-02-10 REEF Data Dump SMILE 6/062024_Alligator_FSL02/062024_Alligator CenterDrift_FSL02/P6200064.ORF,1999.5355571335203,1412.363754967448,Green Laser,,,,,,reef,3
106902,362,2,2025-02-10 REEF Data Dump SMILE 6/062024_Alligator_FSL02/062024_Alligator CenterDrift_FSL02/P6200068.ORF,2050.5934267223383,1581.50718794484,Green Laser,,,,,,reef,3
106904,362,2,2025-02-10 REEF Data Dump SMILE 6/062024_Alligator_FSL02/062024_Alligator CenterDrift_FSL02/P6200072.ORF,1976.878844697226,1336.0892006252425,Green Laser,,,,,,reef,3
106914,362,2,2025-02-10 REEF Data Dump SMILE 6/062024_Alligator_FSL02/062024_Alligator CenterDrift_FSL02/P6200078.ORF,2045.5869473506184,1561.6986708369177,Green Laser,,,,,,reef,3
106915,362,2,2025-02-10 REEF Data Dump SMILE 6/062024_Alligator_FSL02/062024_Alligator CenterDrift_FSL02/P6200082.ORF,2043.6454284481963,1561.7409028417628,Green Laser,2072.8438553295364,1389.94219333975,1726.8776625497671,1734.6457357809077,,reef,3
106916,362,2,2025-02-10 REEF Data Dump SMILE 6/062024_Alligator_FSL02/062024_Alligator CenterDrift_FSL02/P6200083.ORF,2043.1397422994569,1560.9155652205454,Green Laser,2050.350939586737,1396.8658999485865,1752.9498267730962,1733.9204944707128,,reef,3
106919,362,2,2025-02-10 REEF Data Dump SMILE 6/062024_Alligator_FSL02/062024_Alligator CenterDrift_FSL02/P6200087.ORF,2043.667185457538,1557.9006891736867,Green Laser,,,,,,reef,3
106922,362,2,2025-02-10 REEF Data Dump SMILE 6/062024_Alligator_FSL02/062024_Alligator CenterDrift_FSL02/P6200086.ORF,2043.9959123317751,1557.974637207919,Green Laser,,,,,,reef,3
106923,362,2,2025-02-10 REEF Data Dump SMILE 6/062024_Alligator_FSL02/062024_Alligator CenterDrift_FSL02/P6200088.ORF,2043.314042284124,1557.261235403042,Green Laser,,,,,,reef,3
106925,362,2,2025-02-10 REEF Data Dump SMILE 6/062024_Alligator_FSL02/062024_Alligator CenterDrift_FSL02/P6200092.ORF,2042.235157159488,1554.88358556461,Green Laser,,,,,,reef,3
106926,362,2,2025-02-10 REEF Data Dump SMILE 6/062024_Alligator_FSL02/062024_Alligator CenterDrift_FSL02/P6200091.ORF,2042.6341512433803,1556.0713493030075,Green Laser,,,,,,reef,3
106927,362,2,2025-02-10 REEF Data Dump SMILE 6/062024_Alligator_FSL02/062024_Alligator CenterDrift_FSL02/P6200093.ORF,2042.613014202148,1556.7230943069123,Green Laser,,,,,,reef,3
106930,362,2,2025-02-10 REEF Data Dump SMILE 6/062024_Alligator_FSL02/062024_Alligator CenterDrift_FSL02/P6200097.ORF,2041.700236343641,1553.8355714484103,Green Laser,,,,,,reef,3
106931,362,2,2025-02-10 REEF Data Dump SMILE 6/062024_Alligator_FSL02/062024_Alligator CenterDrift_FSL02/P6200096.ORF,2042.7671703426145,1553.5492449821788,Green Laser,,,,,,reef,3
106934,362,2,2025-02-10 REEF Data Dump SMILE 6/062024_Alligator_FSL02/062024_Alligator CenterDrift_FSL02/P6200105.ORF,2041.516828048761,1554.633474019634,Green Laser,2372.034967889599,1400.71237921051,1561.247090780451,1613.7549404924982,,reef,3
106936,362,2,2025-02-10 REEF Data Dump SMILE 6/062024_Alligator_FSL02/062024_Alligator CenterDrift_FSL02/P6200102.ORF,2041.51830793768,1554.4749676214262,Green Laser,2376.0750591688147,1431.743337618556,1509.7993745156166,1614.759327334021,,reef,3
106937,362,2,2025-02-10 REEF Data Dump SMILE 6/062024_Alligator_FSL02/062024_Alligator CenterDrift_FSL02/P6200103.ORF,2021.7798822181712,1488.9389113181,Green Laser,2318.503096008386,1495.7665395239133,1521.922019942286,1656.7336999725037,,reef,3
106938,362,2,2025-02-10 REEF Data Dump SMILE 6/062024_Alligator_FSL02/062024_Alligator CenterDrift_FSL02/P6200101.ORF,2041.3116009331695,1554.0886740525127,Green Laser,2389.5435853060912,1435.0174014977365,1513.7524032789242,1597.9249874402904,,reef,3
106941,362,2,2025-02-10 REEF Data Dump SMILE 6/062024_Alligator_FSL02/062024_Alligator CenterDrift_FSL02/P6200111.ORF,2006.8799054610956,1439.3276912421718,Green Laser,,,,,,reef,3
106945,362,2,2025-02-10 REEF Data Dump SMILE 6/062024_Alligator_FSL02/062024_Alligator CenterDrift_FSL02/P6200115.ORF,2007.406180493728,1439.745957964086,Green Laser,,,,,,reef,3
106947,362,2,2025-02-10 REEF Data Dump SMILE 6/062024_Alligator_FSL02/062024_Alligator CenterDrift_FSL02/P6200114.ORF,2010.0711904378056,1444.4896003223548,Green Laser,,,,,,reef,3
106948,362,2,2025-02-10 REEF Data Dump SMILE 6/062024_Alligator_FSL02/062024_Alligator CenterDrift_FSL02/P6200116.ORF,2007.7452393358608,1441.5694696979087,Green Laser,,,,,,reef,3
106950,362,2,2025-02-10 REEF Data Dump SMILE 6/062024_Alligator_FSL02/062024_Alligator CenterDrift_FSL02/P6200117.ORF,2023.723888244211,1490.0106402824238,Green Laser,,,,,,reef,3
106952,362,2,2025-02-10 REEF Data Dump SMILE 6/062024_Alligator_FSL02/062024_Alligator CenterDrift_FSL02/P6200120.ORF,2021.323581884676,1486.81352464274,Green Laser,2238.332343315295,1599.4664338141813,1708.5672179869125,1444.0263671010634,,reef,3
106953,362,2,2025-02-10 REEF Data Dump SMILE 6/062024_Alligator_FSL02/062024_Alligator CenterDrift_FSL02/P6200121.ORF,2021.3341691087871,1486.331463121509,Green Laser,,,,,,reef,3
106955,362,2,2025-02-10 REEF Data Dump SMILE 6/062024_Alligator_FSL02/062024_Alligator CenterDrift_FSL02/P6200122.ORF,2020.962343796852,1485.1170436774526,Green Laser,2229.107886370072,1582.3181714382567,1757.349058979404,1456.3004024777365,,reef,3
106961,362,2,2025-02-10 REEF Data Dump SMILE 6/062024_Alligator_FSL02/062024_Alligator CenterDrift_FSL02/P6200130.ORF,2017.7826661100132,1476.7471659364603,Green Laser,,,,,,reef,3
106966,362,2,2025-02-10 REEF Data Dump SMILE 6/062024_Alligator_FSL02/062024_Alligator CenterDrift_FSL02/P6200135.ORF,2007.8893328424424,1443.0349518304824,Green Laser,2303.355919278144,1476.0909346843423,1589.3905828402942,1483.071042722143,,reef,3
106967,362,2,2025-02-10 REEF Data Dump SMILE 6/062024_Alligator_FSL02/062024_Alligator CenterDrift_FSL02/P6200134.ORF,2008.237572086383,1443.5299171844188,Green Laser,2296.384282100028,1456.61013121848,1552.8371181674013,1483.9109990086629,,reef,3
106970,362,2,2025-02-10 REEF Data Dump SMILE 6/062024_Alligator_FSL02/062024_Alligator CenterDrift_FSL02/P6200137.ORF,2005.103608847497,1443.4889406286377,Green Laser,2311.754316473115,1476.6799583507216,1601.3241034529049,1525.5697794617902,,reef,3
106971,362,2,2025-02-10 REEF Data Dump SMILE 6/062024_Alligator_FSL02/062024_Alligator CenterDrift_FSL02/P6200139.ORF,2005.921528501364,1437.3014913351644,Red Laser,2304.779524104573,1481.770810511436,1562.6853824769105,1577.7312598598407,,reef,3
106976,362,2,2025-02-10 REEF Data Dump SMILE 6/062024_Alligator_FSL02/062024_Alligator CenterDrift_FSL02/P6200142.ORF,2029.7595837577824,1515.9941001426969,Green Laser,,,,,,reef,3
106979,362,2,2025-02-10 REEF Data Dump SMILE 6/062024_Alligator_FSL02/062024_Alligator CenterDrift_FSL02/P6200147.ORF,2024.5192223807808,1498.391912111604,Green Laser,,,,,,reef,3
106980,362,2,2025-02-10 REEF Data Dump SMILE 6/062024_Alligator_FSL02/062024_Alligator CenterDrift_FSL02/P6200145.ORF,2031.7299873015777,1519.4036021194877,Green Laser,,,,,,reef,3
106981,362,2,2025-02-10 REEF Data Dump SMILE 6/062024_Alligator_FSL02/062024_Alligator CenterDrift_FSL02/P6200144.ORF,2030.1572076588575,1516.8637959634996,Green Laser,2113.535632151179,1374.273850501515,2018.26292478316,1469.546557869534,,reef,3
106982,362,2,2025-02-10 REEF Data Dump SMILE 6/062024_Alligator_FSL02/062024_Alligator CenterDrift_FSL02/P6200151.ORF,2023.4212030628264,1498.869946625402,Green Laser,1993.963271500861,1436.9337369265036,2074.6062713361152,1573.0918669599455,,reef,3
106986,362,2,2025-02-10 REEF Data Dump SMILE 6/062024_Alligator_FSL02/062024_Alligator CenterDrift_FSL02/P6200150.ORF,2023.9912095664936,1498.3456875067627,Green Laser,,,,,,reef,3
106988,362,2,2025-02-10 REEF Data Dump SMILE 6/062024_Alligator_FSL02/062024_Alligator CenterDrift_FSL02/P6200156.ORF,2024.252261181879,1501.3563900563836,Green Laser,2093.29862078067,1447.2019270925184,1986.776377339462,1538.1478047475116,,reef,3
106991,362,2,2025-02-10 REEF Data Dump SMILE 6/062024_Alligator_FSL02/062024_Alligator CenterDrift_FSL02/P6200155.ORF,2031.0204468533311,1521.037993483682,Green Laser,2022.702332040668,1537.753047388924,2201.2206163742144,1575.698962899437,,reef,3
106993,362,2,2025-02-10 REEF Data Dump SMILE 6/062024_Alligator_FSL02/062024_Alligator CenterDrift_FSL02/P6200159.ORF,2027.4105043121751,1508.9160221844336,Green Laser,,,,,,reef,3
106994,362,2,2025-02-10 REEF Data Dump SMILE 6/062024_Alligator_FSL02/062024_Alligator CenterDrift_FSL02/P6200160.ORF,2025.76620348497,1506.2080038121471,Green Laser,,,,,,reef,3
106996,362,2,2025-02-10 REEF Data Dump SMILE 6/062024_Alligator_FSL02/062024_Alligator CenterDrift_FSL02/P6200162.ORF,2028.5506595962177,1516.1618960922128,Green Laser,,,,,,reef,3
107001,362,2,2025-02-10 REEF Data Dump SMILE 6/062024_Alligator_FSL02/062024_Alligator CenterDrift_FSL02/P6200168.ORF,2021.847720051145,1492.8762509286923,Green Laser,,,,,,reef,3
107003,362,2,2025-02-10 REEF Data Dump SMILE 6/062024_Alligator_FSL02/062024_Alligator CenterDrift_FSL02/P6200171.ORF,2020.610466130052,1486.4643034159335,Green Laser,,,,,,reef,3
107005,362,2,2025-02-10 REEF Data Dump SMILE 6/062024_Alligator_FSL02/062024_Alligator CenterDrift_FSL02/P6200172.ORF,2019.4980676424016,1485.224137026086,Green Laser,,,,,,reef,3
107007,362,2,2025-02-10 REEF Data Dump SMILE 6/062024_Alligator_FSL02/062024_Alligator CenterDrift_FSL02/P6200174.ORF,2018.0427606210883,1478.5141534463007,Green Laser,,,,,,reef,3
107011,362,2,2025-02-10 REEF Data Dump SMILE 6/062024_Alligator_FSL02/062024_Alligator CenterDrift_FSL02/P6200177.ORF,2017.3287079025267,1474.3695260858608,Green Laser,,,,,,reef,3
107014,362,2,2025-02-10 REEF Data Dump SMILE 6/062024_Alligator_FSL02/062024_Alligator CenterDrift_FSL02/P6200182.ORF,2013.8632750397453,1467.2432432432431,Green Laser,1926.0694466124355,1447.2881407869097,2080.82884201308,1565.484921863112,,reef,3
107015,362,2,2025-02-10 REEF Data Dump SMILE 6/062024_Alligator_FSL02/062024_Alligator CenterDrift_FSL02/P6200183.ORF,2014.0974569000875,1468.8447191814173,Green Laser,,,,,,reef,3
107016,362,2,2025-02-10 REEF Data Dump SMILE 6/062024_Alligator_FSL02/062024_Alligator CenterDrift_FSL02/P6200180.ORF,2019.405353504609,1483.7253897025878,Green Laser,,,,,,reef,3
107017,362,2,2025-02-10 REEF Data Dump SMILE 6/062024_Alligator_FSL02/062024_Alligator CenterDrift_FSL02/P6200184.ORF,2013.4075736443708,1465.8585669029794,Green Laser,1907.24219747652,1473.8922810989031,2202.173649150715,1507.3312211980185,,reef,3
107018,362,2,2025-02-10 REEF Data Dump SMILE 6/062024_Alligator_FSL02/062024_Alligator CenterDrift_FSL02/P6200185.ORF,2012.3255066733416,1462.9681802396822,Green Laser,,,,,,reef,3
107019,362,2,2025-02-10 REEF Data Dump SMILE 6/062024_Alligator_FSL02/062024_Alligator CenterDrift_FSL02/P6200188.ORF,2009.981604925196,1456.4254931601097,Green Laser,,,,,,reef,3
107020,362,2,2025-02-10 REEF Data Dump SMILE 6/062024_Alligator_FSL02/062024_Alligator CenterDrift_FSL02/P6200187.ORF,2010.698939299955,1457.5285528093575,Green Laser,,,,,,reef,3
107022,362,2,2025-02-10 REEF Data Dump SMILE 6/062024_Alligator_FSL02/062024_Alligator CenterDrift_FSL02/P6200189.ORF,2009.514433671132,1454.466949016301,Green Laser,1906.3277764669083,1437.953228180132,2135.473040156824,1422.8545092548272,,reef,3
107023,362,2,2025-02-10 REEF Data Dump SMILE 6/062024_Alligator_FSL02/062024_Alligator CenterDrift_FSL02/P6200191.ORF,2008.1193740861977,1449.2695394867549,Green Laser,1915.9099531804573,1427.8175151214753,2129.729912856523,1453.4759102826026,,reef,3
107024,362,2,2025-02-10 REEF Data Dump SMILE 6/062024_Alligator_FSL02/062024_Alligator CenterDrift_FSL02/P6200192.ORF,2006.9710000574455,1447.7851618468585,Green Laser,1925.2503217523065,1445.4754801247236,2123.603971011803,1427.364929540161,,reef,3
107026,362,2,2025-02-10 REEF Data Dump SMILE 6/062024_Alligator_FSL02/062024_Alligator CenterDrift_FSL02/P6200193.ORF,2016.6037364110623,1473.331583746194,Green Laser,,,,,,reef,3
107027,362,2,2025-02-10 REEF Data Dump SMILE 6/062024_Alligator_FSL02/062024_Alligator CenterDrift_FSL02/P6200194.ORF,2024.685885094248,1504.7982416539037,Green Laser,1899.2199394337083,1427.7115740154975,2186.567990325608,1596.7398392460268,,reef,3
107028,362,2,2025-02-10 REEF Data Dump SMILE 6/062024_Alligator_FSL02/062024_Alligator CenterDrift_FSL02/P6200195.ORF,2024.6557107699928,1506.6679808237511,Green Laser,1936.3275531794247,1431.3723319193718,2218.614870660502,1568.238910092015,,reef,3
107032,362,2,2025-02-10 REEF Data Dump SMILE 6/062024_Alligator_FSL02/062024_Alligator CenterDrift_FSL02/P6200199.ORF,2025.1113793756435,1511.784135925259,Green Laser,1888.362815042191,1439.399429603929,2154.14102491954,1543.6722966059572,,reef,3
107035,362,2,2025-02-10 REEF Data Dump SMILE 6/062024_Alligator_FSL02/062024_Alligator CenterDrift_FSL02/P6200203.ORF,2027.521251119772,1519.2264304972398,Green Laser,1881.0775041581292,1519.7976100558103,2221.8973502148906,1568.7358443613964,,reef,3
107037,362,2,2025-02-10 REEF Data Dump SMILE 6/062024_Alligator_FSL02/062024_Alligator CenterDrift_FSL02/P6200204.ORF,2028.3108265424917,1522.393480791618,Green Laser,1863.3975918615467,1538.436598147569,2198.075027248035,1569.7451324256604,,reef,3
107038,362,2,2025-02-10 REEF Data Dump SMILE 6/062024_Alligator_FSL02/062024_Alligator CenterDrift_FSL02/P6200202.ORF,2027.824542892088,1518.0169603917038,Green Laser,1881.6260007518629,1540.6862454116033,2228.435228889215,1584.878003013593,,reef,3
107040,362,2,2025-02-10 REEF Data Dump SMILE 6/062024_Alligator_FSL02/062024_Alligator CenterDrift_FSL02/P6200208.ORF,2028.6225826594764,1525.129582356209,Green Laser,1880.701627371448,1544.5229436788677,2239.290528945789,1479.0662394232338,,reef,3
107041,362,2,2025-02-10 REEF Data Dump SMILE 6/062024_Alligator_FSL02/062024_Alligator CenterDrift_FSL02/P6200209.ORF,2030.7320463373665,1524.2752732978186,Green Laser,1976.336950924468,1546.5108353276748,2342.5055491220346,1483.37831839706,,reef,3
107042,362,2,2025-02-10 REEF Data Dump SMILE 6/062024_Alligator_FSL02/062024_Alligator CenterDrift_FSL02/P6200206.ORF,2033.317157712305,1531.521663778163,Green Laser,1886.7878729997287,1533.6176675497618,2249.7048299546764,1522.943639404028,,reef,3
107044,362,2,2025-02-10 REEF Data Dump SMILE 6/062024_Alligator_FSL02/062024_Alligator CenterDrift_FSL02/P6200211.ORF,2037.8378378378377,1548.7567567567569,Green Laser,1905.0410398925317,1511.290622360678,2201.1970523534837,1589.1686848967065,,reef,3
107047,362,2,2025-02-10 REEF Data Dump SMILE 6/062024_Alligator_FSL02/062024_Alligator CenterDrift_FSL02/P6200213.ORF,2033.3274038263376,1539.4591165480226,Green Laser,1933.5113869554036,1473.6247755702718,2197.638625057676,1570.164952788033,,reef,3
107049,362,2,2025-02-10 REEF Data Dump SMILE 6/062024_Alligator_FSL02/062024_Alligator CenterDrift_FSL02/P6200216.ORF,2037.8378378378377,1548.7567567567569,Green Laser,1941.3147512574308,1489.5460258983212,2192.584213742878,1584.2023302592777,,reef,3
107050,362,2,2025-02-10 REEF Data Dump SMILE 6/062024_Alligator_FSL02/062024_Alligator CenterDrift_FSL02/P6200220.ORF,2033.60429839624,1539.868708221677,Green Laser,1934.758194462838,1482.5589884645424,2193.480345670877,1567.9372983631954,,reef,3
107051,362,2,2025-02-10 REEF Data Dump SMILE 6/062024_Alligator_FSL02/062024_Alligator CenterDrift_FSL02/P6200221.ORF,2034.0588413358464,1542.481702532071,Green Laser,1949.4191163646267,1512.7432394388138,2198.654788695038,1573.9741485580496,,reef,3
107053,362,2,2025-02-10 REEF Data Dump SMILE 6/062024_Alligator_FSL02/062024_Alligator CenterDrift_FSL02/P6200219.ORF,2033.4172785829808,1538.6034488967928,Green Laser,1933.3387840727355,1502.8410850117864,2210.3985586374965,1571.749605384167,,reef,3
107054,362,2,2025-02-10 REEF Data Dump SMILE 6/062024_Alligator_FSL02/062024_Alligator CenterDrift_FSL02/P6200217.ORF,2046.131528753211,1578.0936441100382,Green Laser,1899.3389063055624,1445.6714817544273,2193.341350860152,1535.0482248990222,,reef,3
107056,362,2,2025-02-10 REEF Data Dump SMILE 6/062024_Alligator_FSL02/062024_Alligator CenterDrift_FSL02/P6200227.ORF,1996.1700512527325,1410.8079187854826,Green Laser,1783.1601809320427,1496.7587552236837,2313.6254302875245,1402.1217623809216,,reef,3
107059,362,2,2025-02-10 REEF Data Dump SMILE 6/062024_Alligator_FSL02/062024_Alligator CenterDrift_FSL02/P6200223.ORF,1999.0356954583565,1426.9228940285377,Green Laser,1776.5414745941505,1585.1542489409042,2288.356789350645,1446.123820156304,,reef,3
107060,362,2,2025-02-10 REEF Data Dump SMILE 6/062024_Alligator_FSL02/062024_Alligator CenterDrift_FSL02/P6200224.ORF,1998.10595029245,1424.1669009302038,Green Laser,1792.3568998154483,1543.5681454332712,2324.8647741318528,1401.473799935352,,reef,3
107063,362,2,2025-02-10 REEF Data Dump SMILE 6/062024_Alligator_FSL02/062024_Alligator CenterDrift_FSL02/P6200229.ORF,2011.0737249255487,1463.6361528519044,Green Laser,1859.2287407998683,1445.9109957459236,2297.5040649462862,1499.1301422494175,,reef,3
107065,362,2,2025-02-10 REEF Data Dump SMILE 6/062024_Alligator_FSL02/062024_Alligator CenterDrift_FSL02/P6200232.ORF,2012.9510467475216,1470.9989890514455,Green Laser,,,,,,reef,3
107071,362,2,2025-02-10 REEF Data Dump SMILE 6/062024_Alligator_FSL02/062024_Alligator CenterDrift_FSL02/P6200238.ORF,2013.144000386648,1474.718011304205,Green Laser,2144.1344878382206,1556.638633076662,1776.010486772794,1394.3635632192493,,reef,3
107075,362,2,2025-02-10 REEF Data Dump SMILE 6/062024_Alligator_FSL02/062024_Alligator CenterDrift_FSL02/P6200242.ORF,2012.22785041547,1464.1846922189316,Green Laser,,,,,,reef,3
107076,362,2,2025-02-10 REEF Data Dump SMILE 6/062024_Alligator_FSL02/062024_Alligator CenterDrift_FSL02/P6200243.ORF,2010.6117704654555,1463.945513183324,Green Laser,,,,,,reef,3
107082,362,2,2025-02-10 REEF Data Dump SMILE 6/062024_Alligator_FSL02/062024_Alligator CenterDrift_FSL02/P6200245.ORF,2013.8632750397453,1472.0381558028616,Green Laser,,,,,,reef,3
107085,362,2,2025-02-10 REEF Data Dump SMILE 6/062024_Alligator_FSL02/062024_Alligator CenterDrift_FSL02/P6200253.ORF,2026.605274517039,1515.4415810172666,Green Laser,2229.727916605072,1680.7535236010458,1986.3807604361568,1438.5542313763228,,reef,3
107087,362,2,2025-02-10 REEF Data Dump SMILE 6/062024_Alligator_FSL02/062024_Alligator CenterDrift_FSL02/P6200254.ORF,2028.2480127186009,1519.987281399046,Green Laser,,,,,,reef,3
107088,362,2,2025-02-10 REEF Data Dump SMILE 6/062024_Alligator_FSL02/062024_Alligator CenterDrift_FSL02/P6200257.ORF,2040.7516112692529,1553.0703038367658,Green Laser,1691.120533933247,1582.6260441164586,2316.208053244654,1593.5750293273272,,reef,3
107092,362,2,2025-02-10 REEF Data Dump SMILE 6/062024_Alligator_FSL02/062024_Alligator CenterDrift_FSL02/P6200256.ORF,2037.593713620489,1554.88358556461,Green Laser,1720.4489978131242,1568.1672017414508,2313.5257006931283,1597.3912711587257,,reef,3
107095,362,2,2025-02-10 REEF Data Dump SMILE 6/062024_Alligator_FSL02/062024_Alligator CenterDrift_FSL02/P6200262.ORF,2032.8129293765385,1538.6226729547263,Green Laser,,,,,,reef,3
107097,362,2,2025-02-10 REEF Data Dump SMILE 6/062024_Alligator_FSL02/062024_Alligator CenterDrift_FSL02/P6200263.ORF,2031.997804824914,1536.0538765052825,Green Laser,1583.2398935736928,1570.7934694905846,2360.457176325075,1462.978267157695,,reef,3
107100,362,2,2025-02-10 REEF Data Dump SMILE 6/062024_Alligator_FSL02/062024_Alligator CenterDrift_FSL02/P6200265.ORF,2030.167730246504,1530.9941305885068,Green Laser,,,,,,reef,3
107102,362,2,2025-02-10 REEF Data Dump SMILE 6/062024_Alligator_FSL02/062024_Alligator CenterDrift_FSL02/P6200269.ORF,2030.2766441279116,1520.8674733089376,Green Laser,,,,,,reef,3
107103,362,2,2025-02-10 REEF Data Dump SMILE 6/062024_Alligator_FSL02/062024_Alligator CenterDrift_FSL02/P6200272.ORF,2022.3838607805264,1505.6885902704514,Green Laser,,,,,,reef,3
107104,362,2,2025-02-10 REEF Data Dump SMILE 6/062024_Alligator_FSL02/062024_Alligator CenterDrift_FSL02/P6200271.ORF,2022.7049819467527,1503.8871000420636,Green Laser,,,,,,reef,3
107105,362,2,2025-02-10 REEF Data Dump SMILE 6/062024_Alligator_FSL02/062024_Alligator CenterDrift_FSL02/P6200270.ORF,2021.7823279670167,1503.045287968412,Green Laser,1459.22436555199,1518.1321623259348,2536.915967970117,1473.2283455585132,,reef,3
107107,362,2,2025-02-10 REEF Data Dump SMILE 6/062024_Alligator_FSL02/062024_Alligator CenterDrift_FSL02/P6200273.ORF,2022.5097300098355,1505.5331806942445,Green Laser,1490.6658846817272,1510.772969541143,2535.1510785124083,1590.2647630539211,,reef,3
107109,362,2,2025-02-10 REEF Data Dump SMILE 6/062024_Alligator_FSL02/062024_Alligator CenterDrift_FSL02/P6200276.ORF,2003.9544955683384,1440.775705089996,Green Laser,2111.020666384867,1424.5033057464964,1780.169915446102,1292.006204067228,,reef,3
107110,362,2,2025-02-10 REEF Data Dump SMILE 6/062024_Alligator_FSL02/062024_Alligator CenterDrift_FSL02/P6200277.ORF,2004.618411512825,1441.2498693229777,Green Laser,2144.10770149504,1490.782040837105,1825.8363351506173,1288.3405815885208,,reef,3
107111,362,2,2025-02-10 REEF Data Dump SMILE 6/062024_Alligator_FSL02/062024_Alligator CenterDrift_FSL02/P6200281.ORF,2003.8903916501265,1440.9925762971473,Green Laser,2120.246127029232,1547.0239160683514,1795.2600719026343,1397.32561508484,,reef,3
107112,362,2,2025-02-10 REEF Data Dump SMILE 6/062024_Alligator_FSL02/062024_Alligator CenterDrift_FSL02/P6200279.ORF,2003.857780036883,1441.103997793126,Green Laser,2094.6028412141104,1539.2998731826956,1763.223699963768,1336.464937807498,,reef,3
107114,362,2,2025-02-10 REEF Data Dump SMILE 6/062024_Alligator_FSL02/062024_Alligator CenterDrift_FSL02/P6200280.ORF,2003.2758728999688,1441.1414455955896,Green Laser,,,,,,reef,3
107115,362,2,2025-02-10 REEF Data Dump SMILE 6/062024_Alligator_FSL02/062024_Alligator CenterDrift_FSL02/P6200283.ORF,2004.2726278159516,1442.6315473242205,Green Laser,2138.179023225532,1535.6803406025738,1836.99859981428,1360.752102447844,,reef,3
107117,362,2,2025-02-10 REEF Data Dump SMILE 6/062024_Alligator_FSL02/062024_Alligator CenterDrift_FSL02/P6200282.ORF,2003.3658011782657,1441.780366777457,Green Laser,,,,,,reef,3
107122,362,2,2025-02-10 REEF Data Dump SMILE 6/062024_Alligator_FSL02/062024_Alligator CenterDrift_FSL02/P6200289.ORF,2015.1511993086576,1479.2728947568244,Green Laser,,,,,,reef,3
107123,362,2,2025-02-10 REEF Data Dump SMILE 6/062024_Alligator_FSL02/062024_Alligator CenterDrift_FSL02/P6200290.ORF,2012.7250018908535,1473.7368562613783,Green Laser,,,,,,reef,3
107125,362,2,2025-02-10 REEF Data Dump SMILE 6/062024_Alligator_FSL02/062024_Alligator CenterDrift_FSL02/P6200292.ORF,2017.9921822943804,1489.9710041095084,Green Laser,,,,,,reef,3
107126,362,2,2025-02-10 REEF Data Dump SMILE 6/062024_Alligator_FSL02/062024_Alligator CenterDrift_FSL02/P6200294.ORF,2022.5187584157327,1505.1952464139626,Green Laser,,,,,,reef,3
107138,362,2,2025-02-10 REEF Data Dump SMILE 6/062024_Alligator_FSL02/062024_Alligator CenterDrift_FSL02/P6200305.ORF,2017.4119089766316,1486.1090432682486,Green Laser,,,,,,reef,3
107139,362,2,2025-02-10 REEF Data Dump SMILE 6/062024_Alligator_FSL02/062024_Alligator CenterDrift_FSL02/P6200306.ORF,2030.4074067321503,1527.016922022296,Green Laser,,,,,,reef,3
107140,362,2,2025-02-10 REEF Data Dump SMILE 6/062024_Alligator_FSL02/062024_Alligator CenterDrift_FSL02/P6200307.ORF,2027.412823438532,1521.9645423664554,Green Laser,2000.9109083267815,1450.1406019465023,2073.902764332734,1607.696193569107,,reef,3
107143,362,2,2025-02-10 REEF Data Dump SMILE 6/062024_Alligator_FSL02/062024_Alligator CenterDrift_FSL02/P6200310.ORF,2029.501457321252,1526.3544568459604,Green Laser,,,,,,reef,3
107145,362,2,2025-02-10 REEF Data Dump SMILE 6/062024_Alligator_FSL02/062024_Alligator CenterDrift_FSL02/P6200311.ORF,2034.927492837348,1535.7939629556638,Green Laser,1943.3598869152452,1583.563380357951,2129.017094441607,1514.0540393758588,,reef,3
107148,362,2,2025-02-10 REEF Data Dump SMILE 6/062024_Alligator_FSL02/062024_Alligator CenterDrift_FSL02/P6200315.ORF,2035.022335357799,1540.771458213513,Green Laser,,,,,,reef,3
107150,362,2,2025-02-10 REEF Data Dump SMILE 6/062024_Alligator_FSL02/062024_Alligator CenterDrift_FSL02/P6200317.ORF,2033.221662299967,1538.590177818825,Green Laser,,,,,,reef,3
107151,362,2,2025-02-10 REEF Data Dump SMILE 6/062024_Alligator_FSL02/062024_Alligator CenterDrift_FSL02/P6200318.ORF,2040.094835054206,1558.0721580306524,Green Laser,,,,,,reef,3
107162,362,2,2025-02-10 REEF Data Dump SMILE 6/062024_Alligator_FSL02/062024_Alligator CenterDrift_FSL02/P6200329.ORF,2035.4107737176755,1540.38750481486,Green Laser,2151.6071137405206,1487.3184974213789,1970.0795206727144,1568.6112890995705,,reef,3
107164,362,2,2025-02-10 REEF Data Dump SMILE 6/062024_Alligator_FSL02/062024_Alligator CenterDrift_FSL02/P6200332.ORF,2028.2480127186009,1519.987281399046,Green Laser,2129.872132101456,1536.140619656935,1867.8732594334465,1550.6961125829357,,reef,3
107167,362,2,2025-02-10 REEF Data Dump SMILE 6/062024_Alligator_FSL02/062024_Alligator CenterDrift_FSL02/P6200337.ORF,2033.317157712305,1521.0675909878682,Green Laser,2172.7206835368465,1508.9719089076184,1892.8109181427249,1527.762147788242,,reef,3
107168,362,2,2025-02-10 REEF Data Dump SMILE 6/062024_Alligator_FSL02/062024_Alligator CenterDrift_FSL02/P6200338.ORF,2026.245726788964,1516.4170074501187,Green Laser,2162.864582733724,1573.01453506947,1870.7843580186463,1542.9331830224023,,reef,3
107199,362,2,2025-02-10 REEF Data Dump SMILE 6/062024_Alligator_FSL02/062024_Alligator CenterDrift_FSL02/P6200367.ORF,2029.6710775047256,1527.954631379962,Green Laser,2138.3799021343275,1438.3465282873422,1954.365148958562,1576.357593169166,,reef,3
107237,362,2,2025-02-10 REEF Data Dump SMILE 6/062024_Alligator_FSL02/062024_Alligator CenterDrift_FSL02/P6200402.ORF,1980.2988871224168,1352.1653418124006,Green Laser,,,,,,reef,3
107289,362,2,2025-02-10 REEF Data Dump SMILE 6/062024_Alligator_FSL02/062024_Alligator CenterDrift_FSL02/P6200458.ORF,2025.342268764524,1501.5701435284357,Green Laser,,,,,,reef,3
107292,362,2,2025-02-10 REEF Data Dump SMILE 6/062024_Alligator_FSL02/062024_Alligator CenterDrift_FSL02/P6200457.ORF,2025.0993876825464,1502.6254479463655,Green Laser,,,,,,reef,3
107293,362,2,2025-02-10 REEF Data Dump SMILE 6/062024_Alligator_FSL02/062024_Alligator CenterDrift_FSL02/P6200461.ORF,2023.6693830034928,1499.186263096624,Green Laser,2014.291024036029,1330.168271500409,2029.463948510056,1701.6239410312146,,reef,3
107295,362,2,2025-02-10 REEF Data Dump SMILE 6/062024_Alligator_FSL02/062024_Alligator CenterDrift_FSL02/P6200464.ORF,2023.412994565189,1495.8382486162056,Green Laser,2028.029043964592,1345.0182018215742,2042.0113966233305,1720.7939295251822,,reef,3
107297,362,2,2025-02-10 REEF Data Dump SMILE 6/062024_Alligator_FSL02/062024_Alligator CenterDrift_FSL02/P6200460.ORF,2024.847816739189,1500.658517825109,Green Laser,1998.7027907290585,1321.9335155363594,2005.5910958264983,1685.865634851139,,reef,3
107298,362,2,2025-02-10 REEF Data Dump SMILE 6/062024_Alligator_FSL02/062024_Alligator CenterDrift_FSL02/P6200468.ORF,2022.6902597023443,1490.8623224981245,Green Laser,2099.1574125093107,1360.9231279708902,2051.1804649490127,1693.6157315447592,,reef,3
107300,362,2,2025-02-10 REEF Data Dump SMILE 6/062024_Alligator_FSL02/062024_Alligator CenterDrift_FSL02/P6200466.ORF,2021.817202791479,1490.2405258214096,Green Laser,,,,,,reef,3
107303,362,2,2025-02-10 REEF Data Dump SMILE 6/062024_Alligator_FSL02/062024_Alligator CenterDrift_FSL02/P6200472.ORF,2027.7688395033977,1504.079361378542,Green Laser,,,,,,reef,3
107304,362,2,2025-02-10 REEF Data Dump SMILE 6/062024_Alligator_FSL02/062024_Alligator CenterDrift_FSL02/P6200470.ORF,2027.636109583335,1505.8987184276832,Green Laser,2049.187340521588,1411.391506058594,2067.656611422151,1709.7412667599972,,reef,3
107306,362,2,2025-02-10 REEF Data Dump SMILE 6/062024_Alligator_FSL02/062024_Alligator CenterDrift_FSL02/P6200476.ORF,2026.323663208699,1503.366321569015,Green Laser,2070.3462786010336,1416.9645323197358,1943.3501813388857,1603.5710425824834,,reef,3
107307,362,2,2025-02-10 REEF Data Dump SMILE 6/062024_Alligator_FSL02/062024_Alligator CenterDrift_FSL02/P6200477.ORF,2026.3223429042148,1502.5734539046616,Green Laser,,,,,,reef,3
107308,362,2,2025-02-10 REEF Data Dump SMILE 6/062024_Alligator_FSL02/062024_Alligator CenterDrift_FSL02/P6200474.ORF,2028.2480127186009,1505.6025437201909,Green Laser,2065.607425455448,1446.2494239503017,1919.1703451090184,1645.6155694821875,,reef,3
107310,362,2,2025-02-10 REEF Data Dump SMILE 6/062024_Alligator_FSL02/062024_Alligator CenterDrift_FSL02/P6200473.ORF,2026.6846852106305,1503.6333801621695,Green Laser,2068.268417063876,1436.1382185152618,1954.1562414398704,1654.2513643282346,,reef,3
107311,362,2,2025-02-10 REEF Data Dump SMILE 6/062024_Alligator_FSL02/062024_Alligator CenterDrift_FSL02/P6200480.ORF,2022.5865994083856,1492.100503236649,Green Laser,1935.7611507772008,1320.324245124444,2166.4818035599938,1619.9167345588166,,reef,3
107312,362,2,2025-02-10 REEF Data Dump SMILE 6/062024_Alligator_FSL02/062024_Alligator CenterDrift_FSL02/P6200478.ORF,2025.6920621952984,1502.2359759321705,Green Laser,,,,,,reef,3
107314,362,2,2025-02-10 REEF Data Dump SMILE 6/062024_Alligator_FSL02/062024_Alligator CenterDrift_FSL02/P6200482.ORF,2019.1593007649335,1484.3362949373577,Green Laser,1882.941986068818,1341.481174730518,2168.4939492502685,1607.2031404688116,,reef,3
107319,362,2,2025-02-10 REEF Data Dump SMILE 6/062024_Alligator_FSL02/062024_Alligator CenterDrift_FSL02/P6200489.ORF,2032.380750636068,1529.4980453753924,Green Laser,,,,,,reef,3
107320,362,2,2025-02-10 REEF Data Dump SMILE 6/062024_Alligator_FSL02/062024_Alligator CenterDrift_FSL02/P6200487.ORF,2032.9522700814905,1527.0349243306168,Green Laser,1909.9081392542585,1559.169743986471,2152.5626483648025,1554.753725513927,,reef,3
107324,362,2,2025-02-10 REEF Data Dump SMILE 6/062024_Alligator_FSL02/062024_Alligator CenterDrift_FSL02/P6200491.ORF,2032.8601363805176,1529.9971918368128,Green Laser,2007.8525358411653,1543.9930265454705,2218.108829522629,1537.5784277551886,,reef,3
107326,362,2,2025-02-10 REEF Data Dump SMILE 6/062024_Alligator_FSL02/062024_Alligator CenterDrift_FSL02/P6200493.ORF,2037.8378378378377,1543.961844197138,Green Laser,,,,,,reef,3
107333,362,2,2025-02-10 REEF Data Dump SMILE 6/062024_Alligator_FSL02/062024_Alligator CenterDrift_FSL02/P6200500.ORF,1951.2445668913297,1262.2667237278954,Green Laser,,,,,,reef,3
107341,362,2,2025-02-10 REEF Data Dump SMILE 6/062024_Alligator_FSL02/062024_Alligator CenterDrift_FSL02/P6200509.ORF,2052.7825161209994,1595.3265935134518,Green Laser,,,,,,reef,3
107345,362,2,2025-02-10 REEF Data Dump SMILE 6/062024_Alligator_FSL02/062024_Alligator CenterDrift_FSL02/P6200510.ORF,1974.483064551251,1342.6286109853786,Green Laser,,,,,,reef,3
107346,362,2,2025-02-10 REEF Data Dump SMILE 6/062024_Alligator_FSL02/062024_Alligator CenterDrift_FSL02/P6200513.ORF,1986.3629662446008,1375.3585819287778,Green Laser,,,,,,reef,3
107348,362,2,2025-02-10 REEF Data Dump SMILE 6/062024_Alligator_FSL02/062024_Alligator CenterDrift_FSL02/P6200514.ORF,1829.2651493181093,857.3688915189348,Green Laser,,,,,,reef,3
107349,362,2,2025-02-10 REEF Data Dump SMILE 6/062024_Alligator_FSL02/062024_Alligator CenterDrift_FSL02/P6200518.ORF,1728.5347970047126,528.1441139940247,Green Laser,,,,,,reef,3
107352,362,2,2025-02-10 REEF Data Dump SMILE 6/062024_Alligator_FSL02/062024_Alligator CenterDrift_FSL02/P6200517.ORF,2009.2616857562336,1446.589278985674,Green Laser,,,,,,reef,3
107358,362,2,2025-02-10 REEF Data Dump SMILE 6/062024_Alligator_FSL02/062024_Alligator CenterDrift_FSL02/P6200525.ORF,2025.427108519092,1499.1900340488874,Green Laser,,,,,,reef,3
107359,362,2,2025-02-10 REEF Data Dump SMILE 6/062024_Alligator_FSL02/062024_Alligator CenterDrift_FSL02/P6200530.ORF,2037.530077943632,1542.1734739919184,Green Laser,,,,,,reef,3
107360,362,2,2025-02-10 REEF Data Dump SMILE 6/062024_Alligator_FSL02/062024_Alligator CenterDrift_FSL02/P6200528.ORF,2036.2834270603817,1543.554021863706,Green Laser,,,,,,reef,3
107364,362,2,2025-02-10 REEF Data Dump SMILE 6/062024_Alligator_FSL02/062024_Alligator CenterDrift_FSL02/P6200533.ORF,2045.1396564270424,1566.522380633309,Green Laser,,,,,,reef,3
107365,362,2,2025-02-10 REEF Data Dump SMILE 6/062024_Alligator_FSL02/062024_Alligator CenterDrift_FSL02/P6200531.ORF,2044.0449112797617,1564.605268164287,Green Laser,,,,,,reef,3
107366,362,2,2025-02-10 REEF Data Dump SMILE 6/062024_Alligator_FSL02/062024_Alligator CenterDrift_FSL02/P6200532.ORF,2044.9751468770048,1566.194987214326,Green Laser,,,,,,reef,3
107367,362,2,2025-02-10 REEF Data Dump SMILE 6/062024_Alligator_FSL02/062024_Alligator CenterDrift_FSL02/P6200535.ORF,2034.1159633997647,1528.3682687256114,Green Laser,2082.902575427788,1493.0528045473984,1958.199294738612,1574.4194841460098,,reef,3
107368,362,2,2025-02-10 REEF Data Dump SMILE 6/062024_Alligator_FSL02/062024_Alligator CenterDrift_FSL02/P6200536.ORF,2032.9493359558132,1526.8348203020892,Green Laser,2090.0995104467347,1473.1463423553037,1962.028094098988,1551.1593878463166,,reef,3
107369,362,2,2025-02-10 REEF Data Dump SMILE 6/062024_Alligator_FSL02/062024_Alligator CenterDrift_FSL02/P6200534.ORF,2046.7764686307487,1569.8782004517095,Green Laser,,,,,,reef,3
107372,362,2,2025-02-10 REEF Data Dump SMILE 6/062024_Alligator_FSL02/062024_Alligator CenterDrift_FSL02/P6200540.ORF,2030.3697813961228,1519.187223091026,Green Laser,2103.6338809957083,1476.2202957599457,1949.00427529037,1562.5472535463612,,reef,3
107373,362,2,2025-02-10 REEF Data Dump SMILE 6/062024_Alligator_FSL02/062024_Alligator CenterDrift_FSL02/P6200542.ORF,2030.418471242076,1520.1828859461268,Green Laser,2097.9390969952965,1518.9569059961357,1939.0981283612464,1525.4974164693028,,reef,3
107374,362,2,2025-02-10 REEF Data Dump SMILE 6/062024_Alligator_FSL02/062024_Alligator CenterDrift_FSL02/P6200541.ORF,2033.04292527822,1524.7821939586645,Green Laser,2105.7531256997854,1501.189520773462,1953.5364885163788,1548.5219026538148,,reef,3
107379,362,2,2025-02-10 REEF Data Dump SMILE 6/062024_Alligator_FSL02/062024_Alligator CenterDrift_FSL02/P6200548.ORF,2019.0279394644936,1489.9033760186262,Green Laser,2152.010705559345,1502.809051575444,1933.1257136571985,1505.4045257877224,,reef,3
107381,362,2,2025-02-10 REEF Data Dump SMILE 6/062024_Alligator_FSL02/062024_Alligator CenterDrift_FSL02/P6200545.ORF,2023.0887282137824,1490.9460518147089,Green Laser,2122.3177964261176,1519.1953976967336,1932.37704747527,1501.329683686506,,reef,3
107383,362,2,2025-02-10 REEF Data Dump SMILE 6/062024_Alligator_FSL02/062024_Alligator CenterDrift_FSL02/P6200552.ORF,2039.3918653063124,1540.7661540974616,Green Laser,,,,,,reef,3
107385,362,2,2025-02-10 REEF Data Dump SMILE 6/062024_Alligator_FSL02/062024_Alligator CenterDrift_FSL02/P6200549.ORF,2020.178537341344,1486.0660582703078,Green Laser,2166.6033980891284,1510.856354510749,1939.8088499357052,1509.7138127064495,,reef,3
107390,362,2,2025-02-10 REEF Data Dump SMILE 6/062024_Alligator_FSL02/062024_Alligator CenterDrift_FSL02/P6200556.ORF,2016.3645071787428,1478.1290110019047,Green Laser,2148.2457717253,1442.548697911369,1934.6092889434049,1498.9809763820583,,reef,3
107392,362,2,2025-02-10 REEF Data Dump SMILE 6/062024_Alligator_FSL02/062024_Alligator CenterDrift_FSL02/P6200560.ORF,2015.6971798031352,1474.068542564081,Green Laser,2139.191814275724,1472.425704208894,1908.670377549361,1481.9121830865222,,reef,3
107397,362,2,2025-02-10 REEF Data Dump SMILE 6/062024_Alligator_FSL02/062024_Alligator CenterDrift_FSL02/P6200564.ORF,2015.1806993185749,1477.3373027283974,Green Laser,2144.6911767776573,1492.6899398223893,1918.6855265367276,1464.2569709211114,,reef,3
107400,362,2,2025-02-10 REEF Data Dump SMILE 6/062024_Alligator_FSL02/062024_Alligator CenterDrift_FSL02/P6200567.ORF,2012.24340775342,1467.627361270287,Green Laser,2093.666273965438,1446.1958021795904,1914.033929221225,1471.0953351144317,,reef,3
107401,362,2,2025-02-10 REEF Data Dump SMILE 6/062024_Alligator_FSL02/062024_Alligator CenterDrift_FSL02/P6200569.ORF,2015.729074445924,1475.0115738965117,Green Laser,2092.6677865126712,1476.28337264805,1910.920820788016,1466.305107863167,,reef,3
107408,362,2,2025-02-10 REEF Data Dump SMILE 6/062024_Alligator_FSL02/062024_Alligator CenterDrift_FSL02/P6200573.ORF,2019.0279394644936,1494.544819557625,Green Laser,1961.2131634391428,1507.767778987534,2122.025730374813,1497.871621022262,,reef,3
107410,362,2,2025-02-10 REEF Data Dump SMILE 6/062024_Alligator_FSL02/062024_Alligator CenterDrift_FSL02/P6200577.ORF,2018.2689598063887,1483.3907239223788,Green Laser,,,,,,reef,3
107411,362,2,2025-02-10 REEF Data Dump SMILE 6/062024_Alligator_FSL02/062024_Alligator CenterDrift_FSL02/P6200578.ORF,2017.846028907542,1482.1021648921555,Green Laser,,,,,,reef,3
107412,362,2,2025-02-10 REEF Data Dump SMILE 6/062024_Alligator_FSL02/062024_Alligator CenterDrift_FSL02/P6200579.ORF,2018.4433513158813,1482.8093899280884,Green Laser,,,,,,reef,3
107415,362,2,2025-02-10 REEF Data Dump SMILE 6/062024_Alligator_FSL02/062024_Alligator CenterDrift_FSL02/P6200584.ORF,2031.501957243532,1526.5084578106805,Green Laser,,,,,,reef,3
107416,362,2,2025-02-10 REEF Data Dump SMILE 6/062024_Alligator_FSL02/062024_Alligator CenterDrift_FSL02/P6200581.ORF,2030.2313883804968,1522.8323385953192,Green Laser,1936.1872126897372,1535.0482248990222,2135.324868468046,1407.2551623326272,,reef,3
107424,362,2,2025-02-10 REEF Data Dump SMILE 6/062024_Alligator_FSL02/062024_Alligator CenterDrift_FSL02/P6200590.ORF,2035.945334373297,1542.7078100774445,Green Laser,,,,,,reef,3
107425,362,2,2025-02-10 REEF Data Dump SMILE 6/062024_Alligator_FSL02/062024_Alligator CenterDrift_FSL02/P6200592.ORF,2035.4030647590969,1540.658359144742,Green Laser,,,,,,reef,3
107428,362,2,2025-02-10 REEF Data Dump SMILE 6/062024_Alligator_FSL02/062024_Alligator CenterDrift_FSL02/P6200598.ORF,2031.2086244482648,1526.9588311830223,Green Laser,,,,,,reef,3
107429,362,2,2025-02-10 REEF Data Dump SMILE 6/062024_Alligator_FSL02/062024_Alligator CenterDrift_FSL02/P6200596.ORF,2033.3847299722484,1534.2678041808126,Green Laser,,,,,,reef,3
107430,362,2,2025-02-10 REEF Data Dump SMILE 6/062024_Alligator_FSL02/062024_Alligator CenterDrift_FSL02/P6200597.ORF,2032.9949043583244,1533.3067393290055,Green Laser,,,,,,reef,3
107432,362,2,2025-02-10 REEF Data Dump SMILE 6/062024_Alligator_FSL02/062024_Alligator CenterDrift_FSL02/P6200600.ORF,1846.512255320608,924.3998753073836,Green Laser,,,,,,reef,3
107433,362,2,2025-02-10 REEF Data Dump SMILE 6/062024_Alligator_FSL02/062024_Alligator CenterDrift_FSL02/P6200599.ORF,2029.5788333785815,1523.6473454412458,Green Laser,,,,,,reef,3
107434,362,2,2025-02-10 REEF Data Dump SMILE 6/062024_Alligator_FSL02/062024_Alligator CenterDrift_FSL02/P6200602.ORF,2025.8829017032997,1508.4760968389262,Green Laser,,,,,,reef,3
107437,362,2,2025-02-10 REEF Data Dump SMILE 6/062024_Alligator_FSL02/062024_Alligator CenterDrift_FSL02/P6200603.ORF,2041.5199394631643,1558.7468893026507,Green Laser,,,,,,reef,3
108150,366,2,2025-02-10 REEF Data Dump SMILE 6/062024_Alligator_FSL02/062024_Alligator Anchor_FSL02/P6200714.ORF,2070.0838183934807,1513.1105937136206,Green Laser,2038.266298816288,1513.8372280483495,2127.4924989839155,1502.1627719516505,,reef,3
108152,366,2,2025-02-10 REEF Data Dump SMILE 6/062024_Alligator_FSL02/062024_Alligator Anchor_FSL02/P6200719.ORF,2072.199456662569,1519.6252222557418,Green Laser,,,,,,reef,3
108156,366,2,2025-02-10 REEF Data Dump SMILE 6/062024_Alligator_FSL02/062024_Alligator Anchor_FSL02/P6200720.ORF,2071.485027175944,1518.6180391524786,Green Laser,,,,,,reef,3
108159,366,2,2025-02-10 REEF Data Dump SMILE 6/062024_Alligator_FSL02/062024_Alligator Anchor_FSL02/P6200721.ORF,2071.421656570364,1519.627868576822,Green Laser,,,,,,reef,3
108160,366,2,2025-02-10 REEF Data Dump SMILE 6/062024_Alligator_FSL02/062024_Alligator Anchor_FSL02/P6200723.ORF,2071.156121856599,1517.7261730716668,Green Laser,,,,,,reef,3
108164,366,2,2025-02-10 REEF Data Dump SMILE 6/062024_Alligator_FSL02/062024_Alligator Anchor_FSL02/P6200731.ORF,2069.513622869656,1511.8243585293767,Green Laser,2163.434185930325,1509.3783301176734,1981.4946103973527,1522.549040131003,,reef,3
108167,366,2,2025-02-10 REEF Data Dump SMILE 6/062024_Alligator_FSL02/062024_Alligator Anchor_FSL02/P6200732.ORF,2069.848504693284,1514.7028596399934,Green Laser,,,,,,reef,3
108171,366,2,2025-02-10 REEF Data Dump SMILE 6/062024_Alligator_FSL02/062024_Alligator Anchor_FSL02/P6200736.ORF,2066.4812743028565,1502.485796032251,Green Laser,2042.217657533064,1414.8362521412157,2123.9320230601625,1608.847946578128,,reef,3
108172,366,2,2025-02-10 REEF Data Dump SMILE 6/062024_Alligator_FSL02/062024_Alligator Anchor_FSL02/P6200734.ORF,2065.585433403184,1503.114043587605,Green Laser,2032.3970143241088,1452.825748836461,2111.1122793174254,1650.717396343024,,reef,3
108174,366,2,2025-02-10 REEF Data Dump SMILE 6/062024_Alligator_FSL02/062024_Alligator Anchor_FSL02/P6200737.ORF,2067.6624874083013,1504.214784361847,Green Laser,,,,,,reef,3
108177,366,2,2025-02-10 REEF Data Dump SMILE 6/062024_Alligator_FSL02/062024_Alligator Anchor_FSL02/P6200739.ORF,2066.054265603,1500.9892442592911,Green Laser,2023.6128118386928,1392.9319946231833,2096.24724594705,1574.5180798940762,,reef,3
108178,366,2,2025-02-10 REEF Data Dump SMILE 6/062024_Alligator_FSL02/062024_Alligator Anchor_FSL02/P6200743.ORF,2081.514027654159,1537.6940757096784,Green Laser,,,,,,reef,3
108181,366,2,2025-02-10 REEF Data Dump SMILE 6/062024_Alligator_FSL02/062024_Alligator Anchor_FSL02/P6200746.ORF,2072.6305360813917,1513.71312562331,Green Laser,,,,,,reef,3
108183,366,2,2025-02-10 REEF Data Dump SMILE 6/062024_Alligator_FSL02/062024_Alligator Anchor_FSL02/P6200748.ORF,2052.076062134759,1450.8653604014848,Green Laser,,,,,,reef,3
108185,366,2,2025-02-10 REEF Data Dump SMILE 6/062024_Alligator_FSL02/062024_Alligator Anchor_FSL02/P6200749.ORF,2052.415348644802,1452.1617727469272,Green Laser,,,,,,reef,3
108187,366,2,2025-02-10 REEF Data Dump SMILE 6/062024_Alligator_FSL02/062024_Alligator Anchor_FSL02/P6200751.ORF,2067.491259992917,1501.1969013465637,Green Laser,2092.5727360489195,1504.6837414777744,2008.5608534858536,1501.9201927092522,,reef,3
108189,366,2,2025-02-10 REEF Data Dump SMILE 6/062024_Alligator_FSL02/062024_Alligator Anchor_FSL02/P6200752.ORF,2069.804707018696,1509.353301568396,Green Laser,2094.230865310032,1498.603934187026,2010.2189827469667,1502.4729024629569,,reef,3
108190,366,2,2025-02-10 REEF Data Dump SMILE 6/062024_Alligator_FSL02/062024_Alligator Anchor_FSL02/P6200755.ORF,2072.511310155487,1509.353301568396,Green Laser,2108.7862129995965,1497.0225164704243,2028.998649784636,1526.4743015497727,,reef,3
108193,366,2,2025-02-10 REEF Data Dump SMILE 6/062024_Alligator_FSL02/062024_Alligator Anchor_FSL02/P6200761.ORF,2067.856603483724,1494.78217852055,Green Laser,2106.669458350408,1512.1378541020565,1996.651219872184,1520.900368671119,,reef,3
108195,366,2,2025-02-10 REEF Data Dump SMILE 6/062024_Alligator_FSL02/062024_Alligator Anchor_FSL02/P6200757.ORF,2030.1231722534656,1389.885835578389,Green Laser,,,,,,reef,3
108197,366,2,2025-02-10 REEF Data Dump SMILE 6/062024_Alligator_FSL02/062024_Alligator Anchor_FSL02/P6200759.ORF,2067.195184805224,1501.1671084346972,Green Laser,2119.7369221791,1506.5274107460325,2004.285924668056,1517.719089076185,,reef,3
108198,366,2,2025-02-10 REEF Data Dump SMILE 6/062024_Alligator_FSL02/062024_Alligator Anchor_FSL02/P6200763.ORF,2067.3408102420685,1502.3276081469903,Green Laser,2110.901386655296,1506.5274107460325,2008.998210280752,1521.8423389872933,,reef,3
108199,366,2,2025-02-10 REEF Data Dump SMILE 6/062024_Alligator_FSL02/062024_Alligator Anchor_FSL02/P6200764.ORF,2067.8027469100766,1501.686748306938,Green Laser,2095.8240643116187,1506.1455968544788,1982.292834937583,1510.7327172332275,,reef,3
108258,366,2,2025-02-10 REEF Data Dump SMILE 6/062024_Alligator_FSL02/062024_Alligator Anchor_FSL02/P6200822.ORF,2061.6601541698656,1487.7347232864092,Green Laser,1968.0178540106444,1441.7855959571395,2219.995335764136,1547.770553463482,,reef,3
108259,366,2,2025-02-10 REEF Data Dump SMILE 6/062024_Alligator_FSL02/062024_Alligator Anchor_FSL02/P6200824.ORF,2059.748425218136,1485.6116372288825,Green Laser,1944.327298934948,1440.904009855894,2189.628836376983,1539.85414694,,reef,3
108260,366,2,2025-02-10 REEF Data Dump SMILE 6/062024_Alligator_FSL02/062024_Alligator Anchor_FSL02/P6200825.ORF,2059.063322976206,1483.6430508831684,Green Laser,1930.1136682962583,1455.3470453895598,2184.801561037732,1543.7655489969754,,reef,3
108261,366,2,2025-02-10 REEF Data Dump SMILE 6/062024_Alligator_FSL02/062024_Alligator Anchor_FSL02/P6200823.ORF,2061.6848976083197,1490.4070796108515,Green Laser,1944.5907954019071,1449.5675874344172,2188.1410192046724,1553.6656669630186,,reef,3
108264,366,2,2025-02-10 REEF Data Dump SMILE 6/062024_Alligator_FSL02/062024_Alligator Anchor_FSL02/P6200829.ORF,2059.1717715981936,1480.0147548260418,Green Laser,1938.423595834058,1455.6994179432054,2218.9254829868505,1552.0435366074917,,reef,3
108266,366,2,2025-02-10 REEF Data Dump SMILE 6/062024_Alligator_FSL02/062024_Alligator Anchor_FSL02/P6200834.ORF,2051.588716981614,1451.6667289827649,Green Laser,1862.586900731068,1416.4217038373254,2235.4098734778936,1477.540223959756,,reef,3
108269,366,2,2025-02-10 REEF Data Dump SMILE 6/062024_Alligator_FSL02/062024_Alligator Anchor_FSL02/P6200833.ORF,2053.2863017443965,1457.4556233200533,Green Laser,,,,,,reef,3
108270,366,2,2025-02-10 REEF Data Dump SMILE 6/062024_Alligator_FSL02/062024_Alligator Anchor_FSL02/P6200832.ORF,2052.401919907752,1459.9074649247696,Green Laser,1869.762684602281,1444.640823085635,2265.6754688443725,1507.0151423277553,,reef,3
108271,366,2,2025-02-10 REEF Data Dump SMILE 6/062024_Alligator_FSL02/062024_Alligator Anchor_FSL02/P6200836.ORF,2050.909408576462,1449.9282436568044,Red Laser,1893.299582314328,1382.5704843329502,2237.6687230040184,1483.5225337954073,,reef,3
108273,366,2,2025-02-10 REEF Data Dump SMILE 6/062024_Alligator_FSL02/062024_Alligator Anchor_FSL02/P6200837.ORF,2051.1215892661435,1447.4536969217406,Green Laser,1905.985401855916,1386.2905308330028,2229.107886370072,1487.535575980771,,reef,3
108276,366,2,2025-02-10 REEF Data Dump SMILE 6/062024_Alligator_FSL02/062024_Alligator Anchor_FSL02/P6200841.ORF,2033.04292527822,1400.114467408585,Green Laser,1730.422185269891,1338.8992331042596,2331.430006466221,1581.2410964898763,,reef,3
108280,366,2,2025-02-10 REEF Data Dump SMILE 6/062024_Alligator_FSL02/062024_Alligator Anchor_FSL02/P6200842.ORF,2030.65565290408,1395.3439468213369,Green Laser,1715.0903233604631,1347.4494504798924,2322.7479061086824,1586.678155896544,,reef,3
108282,366,2,2025-02-10 REEF Data Dump SMILE 6/062024_Alligator_FSL02/062024_Alligator Anchor_FSL02/P6200845.ORF,2030.092731329092,1394.0416232734444,Green Laser,1731.478359902395,1377.813657050664,2328.224407583674,1559.3708272178455,,reef,3
108283,366,2,2025-02-10 REEF Data Dump SMILE 6/062024_Alligator_FSL02/062024_Alligator Anchor_FSL02/P6200847.ORF,2032.277734381572,1395.3886141455137,Green Laser,1708.959641121969,1355.2949382702384,2318.372468117237,1487.5924111052386,,reef,3
108286,366,2,2025-02-10 REEF Data Dump SMILE 6/062024_Alligator_FSL02/062024_Alligator Anchor_FSL02/P6200848.ORF,2022.3217856343576,1366.145934467839,Green Laser,1679.1914880475586,1442.6756095378555,2451.0507332450134,1399.6990368653912,,reef,3
108288,366,2,2025-02-10 REEF Data Dump SMILE 6/062024_Alligator_FSL02/062024_Alligator Anchor_FSL02/P6200853.ORF,2019.9363891175065,1362.2900188845913,Green Laser,1676.8377065879604,1401.3695801103297,2462.348466441872,1400.1847976671106,,reef,3
108291,366,2,2025-02-10 REEF Data Dump SMILE 6/062024_Alligator_FSL02/062024_Alligator Anchor_FSL02/P6200851.ORF,2020.336659692771,1363.0463039744752,Green Laser,1654.4756190716278,1426.1364282605368,2442.219422602309,1398.3337057829835,,reef,3
108292,366,2,2025-02-10 REEF Data Dump SMILE 6/062024_Alligator_FSL02/062024_Alligator Anchor_FSL02/P6200856.ORF,2023.4531001589824,1361.7551669316376,Green Laser,1686.144984836184,1401.5638682643944,2472.9208706257805,1416.8906712343214,,reef,3
108293,366,2,2025-02-10 REEF Data Dump SMILE 6/062024_Alligator_FSL02/062024_Alligator Anchor_FSL02/P6200858.ORF,2023.1157226434236,1362.042235955796,Green Laser,1704.989898505451,1371.2178500881266,2457.885005584322,1405.5550043828605,,reef,3
108294,366,2,2025-02-10 REEF Data Dump SMILE 6/062024_Alligator_FSL02/062024_Alligator Anchor_FSL02/P6200857.ORF,2019.972129940748,1360.3520387545138,Green Laser,1694.269072505681,1394.5603369532244,2460.617018421675,1411.366212960154,,reef,3
108300,366,2,2025-02-10 REEF Data Dump SMILE 6/062024_Alligator_FSL02/062024_Alligator Anchor_FSL02/P6200860.ORF,2053.0518178367897,1463.1084913991233,Green Laser,1841.661342833649,1453.4670237483183,2251.4606202543805,1527.2469327947124,,reef,3
108301,366,2,2025-02-10 REEF Data Dump SMILE 6/062024_Alligator_FSL02/062024_Alligator Anchor_FSL02/P6200867.ORF,2055.454807855501,1460.5126479649834,Green Laser,1845.8487857642665,1472.6542660802943,2287.8941669372875,1539.766419092393,,reef,3
108302,366,2,2025-02-10 REEF Data Dump SMILE 6/062024_Alligator_FSL02/062024_Alligator Anchor_FSL02/P6200868.ORF,2052.2225755166933,1452.858505564388,Green Laser,1857.5048549060912,1477.7483067919572,2312.9375267386217,1525.9058400673,,reef,3
108304,366,2,2025-02-10 REEF Data Dump SMILE 6/062024_Alligator_FSL02/062024_Alligator Anchor_FSL02/P6200869.ORF,2049.121911929958,1454.1138944114844,Green Laser,1850.641543190991,1500.672111140668,2309.158017532095,1533.1241903748555,,reef,3
108306,366,2,2025-02-10 REEF Data Dump SMILE 6/062024_Alligator_FSL02/062024_Alligator Anchor_FSL02/P6200871.ORF,2049.6755958802696,1450.3593766742488,Green Laser,1857.690623150295,1516.8649795180545,2331.5005512140897,1496.0647476446889,,reef,3
108310,366,2,2025-02-10 REEF Data Dump SMILE 6/062024_Alligator_FSL02/062024_Alligator Anchor_FSL02/P6200874.ORF,2047.3133485707476,1443.980661735677,Green Laser,1847.899627207224,1474.224633339835,2322.245053212402,1392.3232648209553,,reef,3
108311,366,2,2025-02-10 REEF Data Dump SMILE 6/062024_Alligator_FSL02/062024_Alligator Anchor_FSL02/P6200875.ORF,2047.5810194993016,1443.7414971544329,Green Laser,1881.9158750196968,1469.0888823955124,2337.4656195523867,1395.859485591934,,reef,3
108312,366,2,2025-02-10 REEF Data Dump SMILE 6/062024_Alligator_FSL02/062024_Alligator Anchor_FSL02/P6200876.ORF,2048.716473822335,1442.882017043895,Green Laser,1881.1962479100307,1471.1937426294514,2315.9267594942453,1404.525804750722,,reef,3
108313,366,2,2025-02-10 REEF Data Dump SMILE 6/062024_Alligator_FSL02/062024_Alligator Anchor_FSL02/P6200877.ORF,2047.410627393992,1443.6792899325528,Green Laser,1880.7772775704009,1495.9474285859728,2298.5997532566525,1427.0755919343928,,reef,3
108334,366,2,2025-02-10 REEF Data Dump SMILE 6/062024_Alligator_FSL02/062024_Alligator Anchor_FSL02/P6200896.ORF,2067.907373200197,1508.0000000000002,Green Laser,2097.4201374163986,1507.7565968175256,2000.5456707917665,1464.4308303371631,,reef,3
108342,366,2,2025-02-10 REEF Data Dump SMILE 6/062024_Alligator_FSL02/062024_Alligator Anchor_FSL02/P6200905.ORF,2064.4896641877053,1495.5471248525228,Green Laser,2100.959692440789,1470.4815092087936,2021.508770765292,1544.7828341090278,,reef,3
108343,366,2,2025-02-10 REEF Data Dump SMILE 6/062024_Alligator_FSL02/062024_Alligator Anchor_FSL02/P6200910.ORF,2063.5842532029264,1492.7782017453603,Green Laser,2124.314809754508,1470.2425423307568,2004.338849175601,1549.6632486294704,,reef,3
108344,366,2,2025-02-10 REEF Data Dump SMILE 6/062024_Alligator_FSL02/062024_Alligator Anchor_FSL02/P6200908.ORF,2064.4534664814364,1497.0750753404948,Green Laser,,,,,,reef,3
108346,366,2,2025-02-10 REEF Data Dump SMILE 6/062024_Alligator_FSL02/062024_Alligator Anchor_FSL02/P6200907.ORF,2063.417752000526,1495.627873012596,Green Laser,2104.280852498105,1455.5062454383808,2021.3111983117385,1553.840650400001,,reef,3
108348,366,2,2025-02-10 REEF Data Dump SMILE 6/062024_Alligator_FSL02/062024_Alligator Anchor_FSL02/P6200912.ORF,2044.4920103290312,1432.662732290039,Green Laser,2085.2352871283874,1312.9563947915938,1904.747174845981,1528.3776900964017,,reef,3
108351,366,2,2025-02-10 REEF Data Dump SMILE 6/062024_Alligator_FSL02/062024_Alligator Anchor_FSL02/P6200917.ORF,2043.0201979107956,1433.641738385358,Green Laser,2061.8295790286675,1340.5162154154752,1971.0439761697664,1527.3049845159728,,reef,3
108354,366,2,2025-02-10 REEF Data Dump SMILE 6/062024_Alligator_FSL02/062024_Alligator Anchor_FSL02/P6200919.ORF,2042.576647143174,1431.5386744910272,Green Laser,2061.893373934144,1351.9474224630176,2031.5366415257345,1557.8040141075471,,reef,3
108355,366,2,2025-02-10 REEF Data Dump SMILE 6/062024_Alligator_FSL02/062024_Alligator Anchor_FSL02/P6200920.ORF,2045.612575385718,1432.9981229642665,Green Laser,,,,,,reef,3
108358,366,2,2025-02-10 REEF Data Dump SMILE 6/062024_Alligator_FSL02/062024_Alligator Anchor_FSL02/P6200923.ORF,2045.3824942316428,1437.527359944275,Green Laser,,,,,,reef,3
108363,366,2,2025-02-10 REEF Data Dump SMILE 6/062024_Alligator_FSL02/062024_Alligator Anchor_FSL02/P6200928.ORF,2045.568503804882,1441.386251592738,Green Laser,1949.14713855495,1437.536061977758,2155.06914921356,1466.493844726625,,reef,3
108364,366,2,2025-02-10 REEF Data Dump SMILE 6/062024_Alligator_FSL02/062024_Alligator Anchor_FSL02/P6200926.ORF,2045.4759051852368,1440.5527552808785,Green Laser,,,,,,reef,3
108365,366,2,2025-02-10 REEF Data Dump SMILE 6/062024_Alligator_FSL02/062024_Alligator Anchor_FSL02/P6200929.ORF,2048.3833618544363,1441.9933503117436,Green Laser,1963.2899655609767,1431.4340826075618,2153.4639533826,1468.5219557511978,,reef,3
108368,366,2,2025-02-10 REEF Data Dump SMILE 6/062024_Alligator_FSL02/062024_Alligator Anchor_FSL02/P6200932.ORF,2051.287879003738,1451.75540074866,Green Laser,,,,,,reef,3
108369,366,2,2025-02-10 REEF Data Dump SMILE 6/062024_Alligator_FSL02/062024_Alligator Anchor_FSL02/P6200934.ORF,2048.7269068120418,1449.6976012164846,Green Laser,1941.87305362106,1532.1905211379512,2209.391757970172,1440.171676024959,,reef,3
108371,366,2,2025-02-10 REEF Data Dump SMILE 6/062024_Alligator_FSL02/062024_Alligator Anchor_FSL02/P6200935.ORF,2048.321159141869,1448.6760650907472,Green Laser,1943.796198386552,1514.313251693061,2202.0655858299765,1415.5969524924628,,reef,3
108375,366,2,2025-02-10 REEF Data Dump SMILE 6/062024_Alligator_FSL02/062024_Alligator Anchor_FSL02/P6200938.ORF,2046.9553265438567,1444.2514664674857,Green Laser,1923.5353226221157,1460.3372370519917,2224.192989073998,1411.4908934827786,,reef,3
108377,366,2,2025-02-10 REEF Data Dump SMILE 6/062024_Alligator_FSL02/062024_Alligator Anchor_FSL02/P6200939.ORF,2045.908580014485,1442.4708407443277,Green Laser,1934.3616535106828,1440.6934323632283,2238.023842383558,1419.8231788324465,,reef,3
108378,366,2,2025-02-10 REEF Data Dump SMILE 6/062024_Alligator_FSL02/062024_Alligator Anchor_FSL02/P6200943.ORF,2044.062688204467,1436.3178680442643,Green Laser,1944.950351188567,1398.3785399697942,2259.393251388061,1447.552720472727,,reef,3
108415,366,2,2025-02-10 REEF Data Dump SMILE 6/062024_Alligator_FSL02/062024_Alligator Anchor_FSL02/P6200979.ORF,2063.6712828792533,1484.4388166735964,Green Laser,,,,,,reef,3
108418,366,2,2025-02-10 REEF Data Dump SMILE 6/062024_Alligator_FSL02/062024_Alligator Anchor_FSL02/P6200983.ORF,2063.7319333175265,1481.2239785782356,Green Laser,2155.6406658386486,1497.0495509867892,1984.9973097495813,1509.9631022583944,,reef,3
108419,366,2,2025-02-10 REEF Data Dump SMILE 6/062024_Alligator_FSL02/062024_Alligator Anchor_FSL02/P6200980.ORF,2063.226776587657,1483.315184996927,Green Laser,2150.460473985083,1461.866277483423,1970.154508482793,1494.1598832450268,,reef,3
108422,366,2,2025-02-10 REEF Data Dump SMILE 6/062024_Alligator_FSL02/062024_Alligator Anchor_FSL02/P6200987.ORF,2059.8723871905718,1471.6999476571289,Green Laser,,,,,,reef,3
108423,366,2,2025-02-10 REEF Data Dump SMILE 6/062024_Alligator_FSL02/062024_Alligator Anchor_FSL02/P6200985.ORF,2060.420633801412,1471.5339933566422,Green Laser,2145.688143379911,1482.2520161236823,1911.013661764321,1482.2520161236823,,reef,3
108424,366,2,2025-02-10 REEF Data Dump SMILE 6/062024_Alligator_FSL02/062024_Alligator Anchor_FSL02/P6200984.ORF,2061.3030579340143,1476.9402785171785,Green Laser,,,,,,reef,3
108425,366,2,2025-02-10 REEF Data Dump SMILE 6/062024_Alligator_FSL02/062024_Alligator Anchor_FSL02/P6200989.ORF,2071.869581482431,1508.0971218001123,Green Laser,2122.380471752961,1503.6180286422357,2000.78076657498,1538.1260530846353,,reef,3
108426,366,2,2025-02-10 REEF Data Dump SMILE 6/062024_Alligator_FSL02/062024_Alligator Anchor_FSL02/P6200990.ORF,2072.5740726957106,1512.0599047051878,Green Laser,,,,,,reef,3
108427,366,2,2025-02-10 REEF Data Dump SMILE 6/062024_Alligator_FSL02/062024_Alligator Anchor_FSL02/P6200995.ORF,2071.077462026524,1508.2749025926623,Green Laser,,,,,,reef,3
108430,366,2,2025-02-10 REEF Data Dump SMILE 6/062024_Alligator_FSL02/062024_Alligator Anchor_FSL02/P6200991.ORF,2070.48073134747,1507.3974202409363,Green Laser,,,,,,reef,3
108432,366,2,2025-02-10 REEF Data Dump SMILE 6/062024_Alligator_FSL02/062024_Alligator Anchor_FSL02/P6200997.ORF,2072.798239141821,1513.967064567343,Green Laser,,,,,,reef,3
108435,366,2,2025-02-10 REEF Data Dump SMILE 6/062024_Alligator_FSL02/062024_Alligator Anchor_FSL02/P6201000.ORF,2071.3375564985395,1505.7424247570143,Green Laser,,,,,,reef,3
108437,366,2,2025-02-10 REEF Data Dump SMILE 6/062024_Alligator_FSL02/062024_Alligator Anchor_FSL02/P6201001.ORF,2071.2172177196603,1507.1296070146857,Green Laser,,,,,,reef,3
108438,366,2,2025-02-10 REEF Data Dump SMILE 6/062024_Alligator_FSL02/062024_Alligator Anchor_FSL02/P6201003.ORF,2068.5585992765027,1495.1355855683753,Green Laser,,,,,,reef,3
108442,366,2,2025-02-10 REEF Data Dump SMILE 6/062024_Alligator_FSL02/062024_Alligator Anchor_FSL02/P6201006.ORF,2071.4555147883866,1510.7895193408242,Green Laser,2087.3791183933936,1479.4995790425546,2022.63087245394,1563.291426728906,,reef,3
108445,366,2,2025-02-10 REEF Data Dump SMILE 6/062024_Alligator_FSL02/062024_Alligator Anchor_FSL02/P6201007.ORF,2071.501769272552,1510.0621618421342,Green Laser,,,,,,reef,3
108446,366,2,2025-02-10 REEF Data Dump SMILE 6/062024_Alligator_FSL02/062024_Alligator Anchor_FSL02/P6201010.ORF,2071.5326410806647,1509.4890863103165,Green Laser,,,,,,reef,3
108450,366,2,2025-02-10 REEF Data Dump SMILE 6/062024_Alligator_FSL02/062024_Alligator Anchor_FSL02/P6201012.ORF,2067.483253185296,1498.4252665973522,Green Laser,,,,,,reef,3
108453,366,2,2025-02-10 REEF Data Dump SMILE 6/062024_Alligator_FSL02/062024_Alligator Anchor_FSL02/P6201018.ORF,2051.8085998042484,1450.4224046432837,Green Laser,2007.909566334015,1554.6840245292738,2094.1502834033613,1343.7149976488895,,reef,3
108455,366,2,2025-02-10 REEF Data Dump SMILE 6/062024_Alligator_FSL02/062024_Alligator Anchor_FSL02/P6201022.ORF,2053.52241449858,1449.961816828107,Green Laser,2020.115304389988,1543.7562369792483,2133.5341299639736,1347.16360598434,,reef,3
108458,366,2,2025-02-10 REEF Data Dump SMILE 6/062024_Alligator_FSL02/062024_Alligator Anchor_FSL02/P6201019.ORF,2051.89636046374,1449.7371927675322,Green Laser,1997.9488262147293,1565.1501885330335,2096.4417043248504,1371.2043359581658,,reef,3
108459,366,2,2025-02-10 REEF Data Dump SMILE 6/062024_Alligator_FSL02/062024_Alligator Anchor_FSL02/P6201021.ORF,2050.575306000867,1448.254197527149,Green Laser,2042.645608607112,1542.9033711955262,2154.3765966462875,1348.8977465093212,,reef,3
108460,366,2,2025-02-10 REEF Data Dump SMILE 6/062024_Alligator_FSL02/062024_Alligator Anchor_FSL02/P6201025.ORF,2050.2811565178044,1439.3105387214189,Green Laser,1966.4341337538456,1535.8058149463554,2102.21317816722,1407.2490601294378,,reef,3
108463,366,2,2025-02-10 REEF Data Dump SMILE 6/062024_Alligator_FSL02/062024_Alligator Anchor_FSL02/P6201028.ORF,2041.288926409762,1417.0300996492233,Green Laser,1930.820804402384,1492.7888478630348,2189.6257053147256,1369.338526834508,,reef,3
108464,366,2,2025-02-10 REEF Data Dump SMILE 6/062024_Alligator_FSL02/062024_Alligator Anchor_FSL02/P6201027.ORF,2048.18049414157,1437.2047323850986,Green Laser,,,,,,reef,3
108466,366,2,2025-02-10 REEF Data Dump SMILE 6/062024_Alligator_FSL02/062024_Alligator Anchor_FSL02/P6201030.ORF,2039.6790485065296,1412.9334429491416,Green Laser,1926.0695413502413,1471.9775159618794,2194.0287959358493,1367.671228941978,,reef,3
108471,366,2,2025-02-10 REEF Data Dump SMILE 6/062024_Alligator_FSL02/062024_Alligator Anchor_FSL02/P6201035.ORF,2069.5328735726034,1504.5524600501008,Green Laser,2135.7768403649698,1532.9332078753018,1983.9724284325812,1503.522959770984,,reef,3
108473,366,2,2025-02-10 REEF Data Dump SMILE 6/062024_Alligator_FSL02/062024_Alligator Anchor_FSL02/P6201039.ORF,2070.0838183934807,1503.827706635623,Green Laser,2135.31293645241,1526.557648700136,1960.340820136852,1499.3839488177953,,reef,3
108475,366,2,2025-02-10 REEF Data Dump SMILE 6/062024_Alligator_FSL02/062024_Alligator Anchor_FSL02/P6201036.ORF,2071.085440970476,1503.5341048242933,Green Laser,2142.8293606902107,1517.1639951011946,1982.3017717977025,1490.715088063539,,reef,3
108477,366,2,2025-02-10 REEF Data Dump SMILE 6/062024_Alligator_FSL02/062024_Alligator Anchor_FSL02/P6201042.ORF,2070.4258434196404,1504.5615392452985,Green Laser,2130.1518871473163,1546.120391712992,1977.6703202953515,1497.2995391682834,,reef,3
108480,366,2,2025-02-10 REEF Data Dump SMILE 6/062024_Alligator_FSL02/062024_Alligator Anchor_FSL02/P6201044.ORF,2066.044170584756,1492.4700691043247,Green Laser,,,,,,reef,3
108482,366,2,2025-02-10 REEF Data Dump SMILE 6/062024_Alligator_FSL02/062024_Alligator Anchor_FSL02/P6201047.ORF,2064.8330159491597,1489.549799130741,Green Laser,,,,,,reef,3
108483,366,2,2025-02-10 REEF Data Dump SMILE 6/062024_Alligator_FSL02/062024_Alligator Anchor_FSL02/P6201048.ORF,2064.337178600896,1486.4027364265662,Green Laser,2024.160998189333,1596.1159426927122,2095.890467328664,1388.3478251856857,,reef,3
108486,366,2,2025-02-10 REEF Data Dump SMILE 6/062024_Alligator_FSL02/062024_Alligator Anchor_FSL02/P6201050.ORF,2062.280557553173,1481.722014742206,Green Laser,2035.5823831349749,1606.6119479329438,2097.149631050781,1388.517798536274,,reef,3
108488,366,2,2025-02-10 REEF Data Dump SMILE 6/062024_Alligator_FSL02/062024_Alligator Anchor_FSL02/P6201051.ORF,2049.738173969701,1440.716183844656,Green Laser,1975.7633565521037,1369.162905515583,2099.352917826385,1492.77076907561,,reef,3
108495,366,2,2025-02-10 REEF Data Dump SMILE 6/062024_Alligator_FSL02/062024_Alligator Anchor_FSL02/P6201060.ORF,2051.9410242878357,1450.006735041271,Green Laser,2113.1819390866485,1396.9555858466651,2018.7188175444453,1498.453195163288,,reef,3
108496,366,2,2025-02-10 REEF Data Dump SMILE 6/062024_Alligator_FSL02/062024_Alligator Anchor_FSL02/P6201063.ORF,2052.3984055273854,1451.1224129220564,Green Laser,2131.389580853492,1408.6690659398373,1998.8471262524797,1528.5902384809376,,reef,3
108499,366,2,2025-02-10 REEF Data Dump SMILE 6/062024_Alligator_FSL02/062024_Alligator Anchor_FSL02/P6201062.ORF,2052.299281205233,1450.6654816585035,Green Laser,,,,,,reef,3
108501,366,2,2025-02-10 REEF Data Dump SMILE 6/062024_Alligator_FSL02/062024_Alligator Anchor_FSL02/P6201065.ORF,2051.7010240340787,1450.2667052229797,Green Laser,2157.5582618698027,1403.23463524813,1956.721861733228,1505.5768273582953,,reef,3
108503,366,2,2025-02-10 REEF Data Dump SMILE 6/062024_Alligator_FSL02/062024_Alligator Anchor_FSL02/P6201064.ORF,2052.418791759313,1451.7136136479562,Green Laser,2149.3664267908134,1402.8010944481846,1983.8436733001931,1517.5635368683477,,reef,3
108504,366,2,2025-02-10 REEF Data Dump SMILE 6/062024_Alligator_FSL02/062024_Alligator Anchor_FSL02/P6201066.ORF,2050.8785523951897,1450.0345198652942,Green Laser,2157.549898475653,1429.591221135394,1938.3308904389708,1510.9844171886175,,reef,3
108505,366,2,2025-02-10 REEF Data Dump SMILE 6/062024_Alligator_FSL02/062024_Alligator Anchor_FSL02/P6201069.ORF,2050.49211209252,1446.048719411981,Green Laser,2181.3469067870337,1416.737765713213,1946.9040136404512,1480.800771263715,,reef,3
108512,366,2,2025-02-10 REEF Data Dump SMILE 6/062024_Alligator_FSL02/062024_Alligator Anchor_FSL02/P6201076.ORF,2043.7712305026,1426.9809358752168,Green Laser,2176.9890970130286,1339.633504666782,1976.6816909895856,1461.9834337513714,,reef,3
108518,366,2,2025-02-10 REEF Data Dump SMILE 6/062024_Alligator_FSL02/062024_Alligator Anchor_FSL02/P6201081.ORF,2036.511461841828,1403.0155172761652,Green Laser,2189.865549224663,1428.5076539658733,1877.4260674209609,1493.4840063763777,,reef,3
108520,366,2,2025-02-10 REEF Data Dump SMILE 6/062024_Alligator_FSL02/062024_Alligator Anchor_FSL02/P6201084.ORF,2067.550288118669,1498.539191367006,Green Laser,1999.573639055361,1514.184874866663,2143.298350242578,1518.3081247777716,,reef,3
108521,366,2,2025-02-10 REEF Data Dump SMILE 6/062024_Alligator_FSL02/062024_Alligator Anchor_FSL02/P6201085.ORF,2067.3412841522577,1498.581261463779,Green Laser,,,,,,reef,3
108526,366,2,2025-02-10 REEF Data Dump SMILE 6/062024_Alligator_FSL02/062024_Alligator Anchor_FSL02/P6201090.ORF,2066.3523412541304,1497.6484189037724,Green Laser,1984.581916713152,1522.0649399641177,2124.415957515835,1485.373792231635,,reef,3
108527,366,2,2025-02-10 REEF Data Dump SMILE 6/062024_Alligator_FSL02/062024_Alligator Anchor_FSL02/P6201087.ORF,2066.344981775441,1497.9747898909625,Green Laser,,,,,,reef,3
108530,366,2,2025-02-10 REEF Data Dump SMILE 6/062024_Alligator_FSL02/062024_Alligator Anchor_FSL02/P6201093.ORF,2066.1947983850487,1497.3025665409257,Green Laser,1965.2315872882343,1479.2590928073726,2140.993288966228,1514.079807290749,,reef,3
108531,366,2,2025-02-10 REEF Data Dump SMILE 6/062024_Alligator_FSL02/062024_Alligator Anchor_FSL02/P6201096.ORF,2067.8027469100766,1498.243156474359,Green Laser,1979.3075712244108,1498.199918514847,2158.061057513601,1559.3524269822017,,reef,3
108533,366,2,2025-02-10 REEF Data Dump SMILE 6/062024_Alligator_FSL02/062024_Alligator Anchor_FSL02/P6201097.ORF,2067.194816291309,1497.2340596175927,Green Laser,2010.813029700888,1481.7767540647346,2195.3421497955337,1543.5504509204534,,reef,3
108534,366,2,2025-02-10 REEF Data Dump SMILE 6/062024_Alligator_FSL02/062024_Alligator Anchor_FSL02/P6201098.ORF,2065.442374854482,1499.186263096624,Green Laser,,,,,,reef,3
108535,366,2,2025-02-10 REEF Data Dump SMILE 6/062024_Alligator_FSL02/062024_Alligator Anchor_FSL02/P6201102.ORF,2066.302785363837,1491.745771557492,Green Laser,,,,,,reef,3
108536,366,2,2025-02-10 REEF Data Dump SMILE 6/062024_Alligator_FSL02/062024_Alligator Anchor_FSL02/P6201101.ORF,2066.227494330404,1493.1136827476437,Green Laser,,,,,,reef,3
108539,366,2,2025-02-10 REEF Data Dump SMILE 6/062024_Alligator_FSL02/062024_Alligator Anchor_FSL02/P6201104.ORF,2064.927470489391,1492.0103132336997,Green Laser,,,,,,reef,3
108541,366,2,2025-02-10 REEF Data Dump SMILE 6/062024_Alligator_FSL02/062024_Alligator Anchor_FSL02/P6201105.ORF,2066.435468111129,1488.5286665656508,Green Laser,,,,,,reef,3
108544,366,2,2025-02-10 REEF Data Dump SMILE 6/062024_Alligator_FSL02/062024_Alligator Anchor_FSL02/P6201108.ORF,2077.161227240886,1526.9919080279535,Green Laser,,,,,,reef,3
108545,366,2,2025-02-10 REEF Data Dump SMILE 6/062024_Alligator_FSL02/062024_Alligator Anchor_FSL02/P6201109.ORF,2076.3121457780103,1525.2673578944357,Green Laser,,,,,,reef,3
108547,366,2,2025-02-10 REEF Data Dump SMILE 6/062024_Alligator_FSL02/062024_Alligator Anchor_FSL02/P6201112.ORF,2075.508159514086,1523.485892497347,Green Laser,,,,,,reef,3
108550,366,2,2025-02-10 REEF Data Dump SMILE 6/062024_Alligator_FSL02/062024_Alligator Anchor_FSL02/P6201116.ORF,2076.450874514813,1521.8777784463991,Green Laser,,,,,,reef,3
108552,366,2,2025-02-10 REEF Data Dump SMILE 6/062024_Alligator_FSL02/062024_Alligator Anchor_FSL02/P6201114.ORF,2075.039157612995,1522.1855908678767,Green Laser,,,,,,reef,3
108554,366,2,2025-02-10 REEF Data Dump SMILE 6/062024_Alligator_FSL02/062024_Alligator Anchor_FSL02/P6201118.ORF,2075.8369958724907,1520.9219881666131,Green Laser,,,,,,reef,3
108556,366,2,2025-02-10 REEF Data Dump SMILE 6/062024_Alligator_FSL02/062024_Alligator Anchor_FSL02/P6201120.ORF,2068.821302411219,1499.0077444163303,Green Laser,,,,,,reef,3
108558,366,2,2025-02-10 REEF Data Dump SMILE 6/062024_Alligator_FSL02/062024_Alligator Anchor_FSL02/P6201121.ORF,2067.2235454152446,1495.657249148325,Green Laser,2092.793819950401,1479.424905733484,1959.0380595539405,1502.5281734383273,,reef,3
108559,366,2,2025-02-10 REEF Data Dump SMILE 6/062024_Alligator_FSL02/062024_Alligator Anchor_FSL02/P6201123.ORF,2067.6648017378016,1494.2218418460875,Green Laser,2108.526794406294,1487.6871038307736,1999.4786149715007,1550.4076253357523,,reef,3
108560,366,2,2025-02-10 REEF Data Dump SMILE 6/062024_Alligator_FSL02/062024_Alligator Anchor_FSL02/P6201124.ORF,2067.5675084804616,1493.6134384987529,Green Laser,,,,,,reef,3
108562,366,2,2025-02-10 REEF Data Dump SMILE 6/062024_Alligator_FSL02/062024_Alligator Anchor_FSL02/P6201125.ORF,2065.62405598147,1487.1179842557,Green Laser,2019.4286485535283,1469.9432289885488,2144.945622565833,1577.7948511028255,,reef,3
108563,366,2,2025-02-10 REEF Data Dump SMILE 6/062024_Alligator_FSL02/062024_Alligator Anchor_FSL02/P6201127.ORF,2062.3490258893644,1480.5684941009984,Green Laser,2004.8743733667488,1412.5672915595558,2130.4806587405687,1559.9266207690653,,reef,3
108564,366,2,2025-02-10 REEF Data Dump SMILE 6/062024_Alligator_FSL02/062024_Alligator Anchor_FSL02/P6201128.ORF,2061.8178634959067,1477.0014555597372,Green Laser,,,,,,reef,3
108565,366,2,2025-02-10 REEF Data Dump SMILE 6/062024_Alligator_FSL02/062024_Alligator Anchor_FSL02/P6201133.ORF,2060.570659185833,1475.0046695255778,Green Laser,1993.5830107857996,1416.3807638803746,2119.99450312581,1598.8695347772327,,reef,3
108566,366,2,2025-02-10 REEF Data Dump SMILE 6/062024_Alligator_FSL02/062024_Alligator Anchor_FSL02/P6201132.ORF,2060.396999551757,1475.699308061881,Green Laser,1991.6385497833785,1405.010052756028,2099.9739960192524,1582.4806192871629,,reef,3
108567,366,2,2025-02-10 REEF Data Dump SMILE 6/062024_Alligator_FSL02/062024_Alligator Anchor_FSL02/P6201130.ORF,2065.4848187779776,1485.463527705642,Green Laser,,,,,,reef,3
108569,366,2,2025-02-10 REEF Data Dump SMILE 6/062024_Alligator_FSL02/062024_Alligator Anchor_FSL02/P6201131.ORF,2061.5203379023465,1477.5536071700092,Green Laser,,,,,,reef,3
108573,366,2,2025-02-10 REEF Data Dump SMILE 6/062024_Alligator_FSL02/062024_Alligator Anchor_FSL02/P6201135.ORF,2059.464479203674,1474.820261957434,Green Laser,1984.7564165301555,1424.7777080280805,2101.181384573773,1596.3967349960797,,reef,3
108574,366,2,2025-02-10 REEF Data Dump SMILE 6/062024_Alligator_FSL02/062024_Alligator Anchor_FSL02/P6201138.ORF,2060.190433314768,1475.8246858345922,Green Laser,1998.445933778932,1418.1763191057578,2110.927840484336,1572.737788031888,,reef,3
108578,366,2,2025-02-10 REEF Data Dump SMILE 6/062024_Alligator_FSL02/062024_Alligator Anchor_FSL02/P6201144.ORF,2077.313374132933,1526.5205504790474,Green Laser,,,,,,reef,3
108581,366,2,2025-02-10 REEF Data Dump SMILE 6/062024_Alligator_FSL02/062024_Alligator Anchor_FSL02/P6201146.ORF,2076.4712708131306,1526.5187723653132,Green Laser,,,,,,reef,3
108583,366,2,2025-02-10 REEF Data Dump SMILE 6/062024_Alligator_FSL02/062024_Alligator Anchor_FSL02/P6201147.ORF,2076.087279225258,1525.0036911374132,Green Laser,,,,,,reef,3
108588,366,2,2025-02-10 REEF Data Dump SMILE 6/062024_Alligator_FSL02/062024_Alligator Anchor_FSL02/P6201153.ORF,2075.256963289966,1523.0921254871353,Green Laser,,,,,,reef,3
108590,366,2,2025-02-10 REEF Data Dump SMILE 6/062024_Alligator_FSL02/062024_Alligator Anchor_FSL02/P6201152.ORF,2075.5874567047317,1522.512877267161,Green Laser,,,,,,reef,3
108593,366,2,2025-02-10 REEF Data Dump SMILE 6/062024_Alligator_FSL02/062024_Alligator Anchor_FSL02/P6201158.ORF,2074.5221293859126,1517.7105620635716,Green Laser,,,,,,reef,3
108600,366,2,2025-02-10 REEF Data Dump SMILE 6/062024_Alligator_FSL02/062024_Alligator Anchor_FSL02/P6201165.ORF,2075.480868493664,1521.6841031933343,Green Laser,2127.70309025358,1565.397666590458,1986.182917601974,1494.9412716222764,,reef,3
108601,366,2,2025-02-10 REEF Data Dump SMILE 6/062024_Alligator_FSL02/062024_Alligator Anchor_FSL02/P6201163.ORF,2076.5811325898403,1522.6000242971136,Green Laser,2135.054566035817,1577.7757714694137,2038.1640630610736,1484.2495220701817,,reef,3
108605,366,2,2025-02-10 REEF Data Dump SMILE 6/062024_Alligator_FSL02/062024_Alligator Anchor_FSL02/P6201166.ORF,2075.0838498646185,1522.4492846033274,Green Laser,2138.2875317537746,1565.564852655089,2007.093216400316,1525.403327546887,,reef,3
108606,366,2,2025-02-10 REEF Data Dump SMILE 6/062024_Alligator_FSL02/062024_Alligator Anchor_FSL02/P6201169.ORF,2075.5828621030123,1520.2729932819636,Green Laser,,,,,,reef,3
108612,366,2,2025-02-10 REEF Data Dump SMILE 6/062024_Alligator_FSL02/062024_Alligator Anchor_FSL02/P6201176.ORF,2072.413762030144,1514.5236131806378,Green Laser,2059.979250253103,1473.983188233353,2114.406149079738,1531.6497834187162,,reef,3
108613,366,2,2025-02-10 REEF Data Dump SMILE 6/062024_Alligator_FSL02/062024_Alligator Anchor_FSL02/P6201177.ORF,2074.7252619324795,1522.393480791618,Green Laser,,,,,,reef,3
108615,366,2,2025-02-10 REEF Data Dump SMILE 6/062024_Alligator_FSL02/062024_Alligator Anchor_FSL02/P6201180.ORF,2072.1612928188483,1508.7129188082818,Green Laser,,,,,,reef,3
108616,366,2,2025-02-10 REEF Data Dump SMILE 6/062024_Alligator_FSL02/062024_Alligator Anchor_FSL02/P6201179.ORF,2071.902895870123,1508.9923062087607,Green Laser,,,,,,reef,3
108618,366,2,2025-02-10 REEF Data Dump SMILE 6/062024_Alligator_FSL02/062024_Alligator Anchor_FSL02/P6201182.ORF,2071.4705890401715,1508.5501842441497,Green Laser,,,,,,reef,3
108619,366,2,2025-02-10 REEF Data Dump SMILE 6/062024_Alligator_FSL02/062024_Alligator Anchor_FSL02/P6201184.ORF,2070.937340750505,1507.808427607255,Green Laser,,,,,,reef,3
108624,366,2,2025-02-10 REEF Data Dump SMILE 6/062024_Alligator_FSL02/062024_Alligator Anchor_FSL02/P6201189.ORF,2063.464339155076,1485.288706171079,Green Laser,,,,,,reef,3
108627,366,2,2025-02-10 REEF Data Dump SMILE 6/062024_Alligator_FSL02/062024_Alligator Anchor_FSL02/P6201191.ORF,2065.442374854482,1489.9033760186262,Green Laser,,,,,,reef,3
108631,366,2,2025-02-10 REEF Data Dump SMILE 6/062024_Alligator_FSL02/062024_Alligator Anchor_FSL02/P6201196.ORF,2063.9453566056613,1487.9934778116735,Green Laser,,,,,,reef,3
108633,366,2,2025-02-10 REEF Data Dump SMILE 6/062024_Alligator_FSL02/062024_Alligator Anchor_FSL02/P6201198.ORF,2064.140660805588,1488.007014482734,Green Laser,,,,,,reef,3
108636,366,2,2025-02-10 REEF Data Dump SMILE 6/062024_Alligator_FSL02/062024_Alligator Anchor_FSL02/P6201201.ORF,2061.5877867624904,1482.7643800323713,Green Laser,,,,,,reef,3
108637,366,2,2025-02-10 REEF Data Dump SMILE 6/062024_Alligator_FSL02/062024_Alligator Anchor_FSL02/P6201197.ORF,2063.7296768353795,1485.1561551227746,Green Laser,,,,,,reef,3
108638,366,2,2025-02-10 REEF Data Dump SMILE 6/062024_Alligator_FSL02/062024_Alligator Anchor_FSL02/P6201202.ORF,2061.5097565759006,1480.7113508962984,Red Laser,,,,,,reef,3
108639,366,2,2025-02-10 REEF Data Dump SMILE 6/062024_Alligator_FSL02/062024_Alligator Anchor_FSL02/P6201204.ORF,2059.01584841728,1479.5272348642925,Green Laser,,,,,,reef,3
108640,366,2,2025-02-10 REEF Data Dump SMILE 6/062024_Alligator_FSL02/062024_Alligator Anchor_FSL02/P6201203.ORF,2061.338135881476,1483.6939809817134,Green Laser,,,,,,reef,3
108644,366,2,2025-02-10 REEF Data Dump SMILE 6/062024_Alligator_FSL02/062024_Alligator Anchor_FSL02/P6201208.ORF,2058.956850359775,1476.562502651833,Green Laser,,,,,,reef,3
108647,366,2,2025-02-10 REEF Data Dump SMILE 6/062024_Alligator_FSL02/062024_Alligator Anchor_FSL02/P6201211.ORF,2055.377175185943,1461.388798908531,Green Laser,,,,,,reef,3
108649,366,2,2025-02-10 REEF Data Dump SMILE 6/062024_Alligator_FSL02/062024_Alligator Anchor_FSL02/P6201213.ORF,2055.408940016082,1456.752963301197,Green Laser,,,,,,reef,3
108650,366,2,2025-02-10 REEF Data Dump SMILE 6/062024_Alligator_FSL02/062024_Alligator Anchor_FSL02/P6201216.ORF,2051.4806282752243,1452.5551053886688,Green Laser,,,,,,reef,3
108651,366,2,2025-02-10 REEF Data Dump SMILE 6/062024_Alligator_FSL02/062024_Alligator Anchor_FSL02/P6201214.ORF,2053.439466522215,1450.8695378738785,Green Laser,,,,,,reef,3
108652,366,2,2025-02-10 REEF Data Dump SMILE 6/062024_Alligator_FSL02/062024_Alligator Anchor_FSL02/P6201215.ORF,2054.6066105370683,1457.2801562018906,Green Laser,,,,,,reef,3
108653,366,2,2025-02-10 REEF Data Dump SMILE 6/062024_Alligator_FSL02/062024_Alligator Anchor_FSL02/P6201217.ORF,2051.017519151577,1449.3390931540362,Green Laser,,,,,,reef,3
108654,366,2,2025-02-10 REEF Data Dump SMILE 6/062024_Alligator_FSL02/062024_Alligator Anchor_FSL02/P6201218.ORF,2048.9650726703567,1445.59193730214,Green Laser,2006.9715063331168,1445.490025431125,2096.829594775876,1479.1868085971596,,reef,3
108655,366,2,2025-02-10 REEF Data Dump SMILE 6/062024_Alligator_FSL02/062024_Alligator Anchor_FSL02/P6201219.ORF,2060.272435892464,1479.329333967768,Green Laser,,,,,,reef,3
108658,366,2,2025-02-10 REEF Data Dump SMILE 6/062024_Alligator_FSL02/062024_Alligator Anchor_FSL02/P6201222.ORF,2056.4141158442253,1470.5971880127308,Green Laser,1994.7518220105517,1475.1405703660164,2091.139482270235,1440.577318454716,,reef,3
108660,366,2,2025-02-10 REEF Data Dump SMILE 6/062024_Alligator_FSL02/062024_Alligator Anchor_FSL02/P6201223.ORF,2043.5754655747803,1424.4516903684355,Green Laser,2000.804995013732,1468.9996361791375,2086.60579541963,1398.798981301585,,reef,3
108662,366,2,2025-02-10 REEF Data Dump SMILE 6/062024_Alligator_FSL02/062024_Alligator Anchor_FSL02/P6201228.ORF,2029.7873673880129,1392.2721412157168,Green Laser,,,,,,reef,3
108663,366,2,2025-02-10 REEF Data Dump SMILE 6/062024_Alligator_FSL02/062024_Alligator Anchor_FSL02/P6201227.ORF,2029.766732420117,1392.3114178647584,Green Laser,,,,,,reef,3
108670,366,2,2025-02-10 REEF Data Dump SMILE 6/062024_Alligator_FSL02/062024_Alligator Anchor_FSL02/P6201235.ORF,2024.663331790664,1374.7272122876573,Green Laser,,,,,,reef,3
108673,366,2,2025-02-10 REEF Data Dump SMILE 6/062024_Alligator_FSL02/062024_Alligator Anchor_FSL02/P6201236.ORF,2049.22844449426,1444.492491881094,Green Laser,,,,,,reef,3
108674,366,2,2025-02-10 REEF Data Dump SMILE 6/062024_Alligator_FSL02/062024_Alligator Anchor_FSL02/P6201238.ORF,2050.601456461108,1450.6895874024224,Green Laser,,,,,,reef,3
108679,366,2,2025-02-10 REEF Data Dump SMILE 6/062024_Alligator_FSL02/062024_Alligator Anchor_FSL02/P6201243.ORF,2053.1178204887974,1462.0046172212485,Green Laser,,,,,,reef,3
108681,366,2,2025-02-10 REEF Data Dump SMILE 6/062024_Alligator_FSL02/062024_Alligator Anchor_FSL02/P6201247.ORF,2057.4999560454667,1468.5289653472305,Green Laser,,,,,,reef,3
108682,366,2,2025-02-10 REEF Data Dump SMILE 6/062024_Alligator_FSL02/062024_Alligator Anchor_FSL02/P6201245.ORF,2053.4965797725213,1465.8235256815128,Green Laser,,,,,,reef,3
108683,366,2,2025-02-10 REEF Data Dump SMILE 6/062024_Alligator_FSL02/062024_Alligator Anchor_FSL02/P6201246.ORF,2055.139595555995,1467.7329799116426,Green Laser,,,,,,reef,3
108686,366,2,2025-02-10 REEF Data Dump SMILE 6/062024_Alligator_FSL02/062024_Alligator Anchor_FSL02/P6201250.ORF,2060.524042428748,1481.7890313699968,Green Laser,,,,,,reef,3
108688,366,2,2025-02-10 REEF Data Dump SMILE 6/062024_Alligator_FSL02/062024_Alligator Anchor_FSL02/P6201255.ORF,2064.414992181696,1487.469923809302,Green Laser,,,,,,reef,3
108689,366,2,2025-02-10 REEF Data Dump SMILE 6/062024_Alligator_FSL02/062024_Alligator Anchor_FSL02/P6201254.ORF,2063.713027499445,1486.84093138213,Green Laser,,,,,,reef,3
108690,366,2,2025-02-10 REEF Data Dump SMILE 6/062024_Alligator_FSL02/062024_Alligator Anchor_FSL02/P6201252.ORF,2061.8124006359303,1491.2178060413355,Green Laser,,,,,,reef,3
108691,366,2,2025-02-10 REEF Data Dump SMILE 6/062024_Alligator_FSL02/062024_Alligator Anchor_FSL02/P6201251.ORF,2060.3854475156404,1482.853520565772,Green Laser,,,,,,reef,3
108696,366,2,2025-02-10 REEF Data Dump SMILE 6/062024_Alligator_FSL02/062024_Alligator Anchor_FSL02/P6201260.ORF,2064.6350428269466,1491.98582398475,Green Laser,,,,,,reef,3
108698,366,2,2025-02-10 REEF Data Dump SMILE 6/062024_Alligator_FSL02/062024_Alligator Anchor_FSL02/P6201262.ORF,2067.6991419467763,1493.8726858987784,Green Laser,,,,,,reef,3
108700,366,2,2025-02-10 REEF Data Dump SMILE 6/062024_Alligator_FSL02/062024_Alligator Anchor_FSL02/P6201264.ORF,2066.497839628861,1496.787041077595,Green Laser,,,,,,reef,3
108701,366,2,2025-02-10 REEF Data Dump SMILE 6/062024_Alligator_FSL02/062024_Alligator Anchor_FSL02/P6201265.ORF,2066.31438745941,1497.459101005647,Green Laser,,,,,,reef,3
14584,87,6,2025-02-10 REEF Data Dump SMILE 6/083123_Fish Degree Angle Tests/083123_Fish Deg Angle Tests_FSL06/P8310022.ORF,2075.6410618632403,1388.9949727926992,Red Laser,2399.020652712405,1405.620927052017,1772.9982503265355,1364.9471551455904,"Fish Model, Snook",pool,4
14585,87,6,2025-02-10 REEF Data Dump SMILE 6/083123_Fish Degree Angle Tests/083123_Fish Deg Angle Tests_FSL06/P8310023.ORF,2075.19739299932,1387.981811197953,Red Laser,2397.6143423118665,1402.8853565223294,1772.7708898363285,1361.6221096607374,"Fish Model, Snook",pool,4
14588,87,6,2025-02-10 REEF Data Dump SMILE 6/083123_Fish Degree Angle Tests/083123_Fish Deg Angle Tests_FSL06/P8310025.ORF,2078.0331237436963,1389.8331382081217,Red Laser,2409.7493916338967,1416.6052092613218,1783.7269892480274,1369.4472128480736,"Fish Model, Snook",pool,4
14589,87,6,2025-02-10 REEF Data Dump SMILE 6/083123_Fish Degree Angle Tests/083123_Fish Deg Angle Tests_FSL06/P8310024.ORF,2076.2939663710595,1385.8801753289702,Red Laser,2405.524295012573,1406.86277714904,1779.425156242008,1365.3553690634146,"Fish Model, Snook",pool,4
14591,87,6,2025-02-10 REEF Data Dump SMILE 6/083123_Fish Degree Angle Tests/083123_Fish Deg Angle Tests_FSL06/P8310028.ORF,2074.486418618972,1388.3501448176078,Red Laser,2400.5017674847545,1409.3601553246178,1775.9530524867996,1361.8484739382702,"Fish Model, Snook",pool,4
14592,87,6,2025-02-10 REEF Data Dump SMILE 6/083123_Fish Degree Angle Tests/083123_Fish Deg Angle Tests_FSL06/P8310032.ORF,2077.4332400551075,1385.4977462378104,Red Laser,2404.6658775155397,1419.7668581833525,1782.1803248606643,1371.4299118597737,"Fish Model, Snook",pool,4
14593,87,6,2025-02-10 REEF Data Dump SMILE 6/083123_Fish Degree Angle Tests/083123_Fish Deg Angle Tests_FSL06/P8310029.ORF,2075.285786760274,1389.6644511169118,Red Laser,2397.6492981767083,1433.4851252347166,1775.753220476998,1383.3797540456403,"Fish Model, Snook",pool,4
14598,87,6,2025-02-10 REEF Data Dump SMILE 6/083123_Fish Degree Angle Tests/083123_Fish Deg Angle Tests_FSL06/P8310034.ORF,2075.1888649723733,1388.3783085241264,Red Laser,2394.0139754336474,1409.003072673685,1769.6588454061766,1363.6588453532545,"Fish Model, Snook",pool,4
14603,87,6,2025-02-10 REEF Data Dump SMILE 6/083123_Fish Degree Angle Tests/083123_Fish Deg Angle Tests_FSL06/P8310041.ORF,2077.0348000628364,1388.7393825565212,Red Laser,2395.657315108865,1420.9690582067224,1769.9069780869186,1369.3463994111544,"Fish Model, Snook",pool,4
14604,87,6,2025-02-10 REEF Data Dump SMILE 6/083123_Fish Degree Angle Tests/083123_Fish Deg Angle Tests_FSL06/P8310040.ORF,2075.845391239628,1390.3590075827274,Red Laser,2403.607202229094,1428.5506751792186,1778.4471450894257,1379.4501213352016,"Fish Model, Snook",pool,4
14605,87,6,2025-02-10 REEF Data Dump SMILE 6/083123_Fish Degree Angle Tests/083123_Fish Deg Angle Tests_FSL06/P8310044.ORF,2074.2305788205,1386.9828222892309,Red Laser,2406.551077369654,1441.197733021609,1782.768679813415,1379.8923376843868,"Fish Model, Snook",pool,4
14608,87,6,2025-02-10 REEF Data Dump SMILE 6/083123_Fish Degree Angle Tests/083123_Fish Deg Angle Tests_FSL06/P8310045.ORF,2075.1383205956936,1385.8679378156894,Red Laser,2395.7635110746023,1433.8800838838504,1769.530217785338,1378.3401131422572,"Fish Model, Snook",pool,4
14617,87,6,2025-02-10 REEF Data Dump SMILE 6/083123_Fish Degree Angle Tests/083123_Fish Deg Angle Tests_FSL06/P8310055.ORF,2073.652843431023,1385.8755664902162,Red Laser,2383.74585956696,1420.2518721421927,1757.9955225450133,1363.0483853687265,"Fish Model, Snook",pool,4
14620,87,6,2025-02-10 REEF Data Dump SMILE 6/083123_Fish Degree Angle Tests/083123_Fish Deg Angle Tests_FSL06/P8310057.ORF,2073.4981555724294,1387.130030901388,Red Laser,2373.0403804008515,1419.812511425938,1745.8598309516476,1370.2639219769403,"Fish Model, Snook",pool,4
14621,87,6,2025-02-10 REEF Data Dump SMILE 6/083123_Fish Degree Angle Tests/083123_Fish Deg Angle Tests_FSL06/P8310059.ORF,2075.929316577016,1384.4463835199315,Red Laser,2407.506675219474,1421.3669702649008,1781.4253253380882,1377.68687608713,"Fish Model, Snook",pool,4
14624,87,6,2025-02-10 REEF Data Dump SMILE 6/083123_Fish Degree Angle Tests/083123_Fish Deg Angle Tests_FSL06/P8310061.ORF,2074.012161627698,1385.1907865152443,Red Laser,2406.04377522324,1436.9657449497367,1779.1961079001385,1388.6877461216736,"Fish Model, Snook",pool,4
14627,87,6,2025-02-10 REEF Data Dump SMILE 6/083123_Fish Degree Angle Tests/083123_Fish Deg Angle Tests_FSL06/P8310065.ORF,2074.0078113706186,1388.7405432236665,Red Laser,2390.4921290610687,1424.1592011272794,1779.7371280139891,1376.647519740932,"Fish Model, Snook",pool,4
14628,87,6,2025-02-10 REEF Data Dump SMILE 6/083123_Fish Degree Angle Tests/083123_Fish Deg Angle Tests_FSL06/P8310062.ORF,2075.289901496544,1386.1680046167253,Red Laser,2379.6808636458536,1435.5726152091956,1769.5742850494562,1380.751444378795,"Fish Model, Snook",pool,4
14629,87,6,2025-02-10 REEF Data Dump SMILE 6/083123_Fish Degree Angle Tests/083123_Fish Deg Angle Tests_FSL06/P8310066.ORF,2074.372448185057,1387.400837816066,Red Laser,2396.300048951829,1414.0810539243048,1784.625466974691,1363.2742075385818,"Fish Model, Snook",pool,4
14631,87,6,2025-02-10 REEF Data Dump SMILE 6/083123_Fish Degree Angle Tests/083123_Fish Deg Angle Tests_FSL06/P8310068.ORF,2074.9117325696493,1387.091202237803,Red Laser,2395.1536380590237,1421.0943911508832,1783.6323195702278,1370.5174399976745,"Fish Model, Snook",pool,4
14635,87,6,2025-02-10 REEF Data Dump SMILE 6/083123_Fish Degree Angle Tests/083123_Fish Deg Angle Tests_FSL06/P8310071.ORF,2075.767069787088,1387.762380030318,Red Laser,2413.380498410221,1427.0499804126623,1802.625497363141,1370.3424897257314,"Fish Model, Snook",pool,4
14636,87,6,2025-02-10 REEF Data Dump SMILE 6/083123_Fish Degree Angle Tests/083123_Fish Deg Angle Tests_FSL06/P8310070.ORF,2074.824664440501,1394.0024131805685,Red Laser,2420.99533588105,1433.980578934533,1810.8887572846525,1376.80150828347,"Fish Model, Snook",pool,4
14642,87,6,2025-02-10 REEF Data Dump SMILE 6/083123_Fish Degree Angle Tests/083123_Fish Deg Angle Tests_FSL06/P8310077.ORF,2074.7252619324795,1387.7916181606518,Red Laser,2395.6383246781543,1437.8636197118988,1785.5448519462757,1380.0739808874987,"Fish Model, Snook",pool,4
14644,87,6,2025-02-10 REEF Data Dump SMILE 6/083123_Fish Degree Angle Tests/083123_Fish Deg Angle Tests_FSL06/P8310080.ORF,2075.96401052936,1387.3369551555882,Red Laser,2398.8318030744617,1419.39684566088,1792.1958018768194,1367.2509842423842,"Fish Model, Snook",pool,4
14650,87,6,2025-02-10 REEF Data Dump SMILE 6/083123_Fish Degree Angle Tests/083123_Fish Deg Angle Tests_FSL06/P8310087.ORF,2074.843855538933,1384.3610314119967,Red Laser,2407.413728622312,1417.140798497067,1796.626986616107,1362.7277257125495,"Fish Model, Snook",pool,4
14656,87,6,2025-02-10 REEF Data Dump SMILE 6/083123_Fish Degree Angle Tests/083123_Fish Deg Angle Tests_FSL06/P8310093.ORF,2074.7063006100107,1387.3110508613347,Red Laser,2399.359954496598,1412.0467876435275,1794.7354929832409,1349.208757422874,"Fish Model, Snook",pool,4
14663,87,6,2025-02-10 REEF Data Dump SMILE 6/083123_Fish Degree Angle Tests/083123_Fish Deg Angle Tests_FSL06/P8310099.ORF,2074.516569274539,1384.8728632140612,Red Laser,2398.2296958653383,1444.5988890511298,1806.163641995712,1363.6270545503603,"Fish Model, Snook",pool,4
14667,87,6,2025-02-10 REEF Data Dump SMILE 6/083123_Fish Degree Angle Tests/083123_Fish Deg Angle Tests_FSL06/P8310104.ORF,2072.906187801804,1381.782111108509,Red Laser,2401.489786457108,1417.0141457219693,1807.2990316501807,1339.20345164011,"Fish Model, Snook",pool,4
14669,87,6,2025-02-10 REEF Data Dump SMILE 6/083123_Fish Degree Angle Tests/083123_Fish Deg Angle Tests_FSL06/P8310107.ORF,2074.44490323466,1384.7570555628574,Red Laser,2408.7298402858646,1415.2831198682816,1816.0807892078328,1341.3720293359793,"Fish Model, Snook",pool,4
14671,87,6,2025-02-10 REEF Data Dump SMILE 6/083123_Fish Degree Angle Tests/083123_Fish Deg Angle Tests_FSL06/P8310108.ORF,2075.000868450664,1382.6589625516467,Red Laser,2406.0158248291973,1419.3757672810018,1813.2045395470184,1342.675104161373,"Fish Model, Snook",pool,4
14674,87,6,2025-02-10 REEF Data Dump SMILE 6/083123_Fish Degree Angle Tests/083123_Fish Deg Angle Tests_FSL06/P8310113.ORF,2074.7252619324795,1387.7916181606518,Red Laser,2379.615445529099,1433.475753489815,1821.428007214595,1365.005970235964,"Fish Model, Snook",pool,4
14680,87,6,2025-02-10 REEF Data Dump SMILE 6/083123_Fish Degree Angle Tests/083123_Fish Deg Angle Tests_FSL06/P8310117.ORF,2074.384915665114,1383.1086811810108,Red Laser,2384.352859368382,1425.947000151023,1820.6892336005635,1353.3962364383333,"Fish Model, Snook",pool,4
14687,87,6,2025-02-10 REEF Data Dump SMILE 6/083123_Fish Degree Angle Tests/083123_Fish Deg Angle Tests_FSL06/P8310123.ORF,2075.0010905219947,1385.448190868843,Red Laser,2381.2695378198605,1424.5063413587682,1816.210705057567,1353.0019828919344,"Fish Model, Snook",pool,4
14688,87,6,2025-02-10 REEF Data Dump SMILE 6/083123_Fish Degree Angle Tests/083123_Fish Deg Angle Tests_FSL06/P8310122.ORF,2073.6154449820606,1383.9365299674037,Red Laser,2378.263448095243,1428.3202021834395,1812.8558135843311,1358.9086542083182,"Fish Model, Snook",pool,4
14693,87,6,2025-02-10 REEF Data Dump SMILE 6/083123_Fish Degree Angle Tests/083123_Fish Deg Angle Tests_FSL06/P8310131.ORF,2073.6515529913586,1383.8805210063551,Red Laser,2368.5111046766337,1424.8047791368815,1805.062126138735,1357.7275197871318,"Fish Model, Snook",pool,4
14695,87,6,2025-02-10 REEF Data Dump SMILE 6/083123_Fish Degree Angle Tests/083123_Fish Deg Angle Tests_FSL06/P8310132.ORF,2074.0177543931445,1382.0354405398705,Red Laser,2366.743644945576,1432.4773049266153,1802.73121742914,1364.809765694588,"Fish Model, Snook",pool,4
14698,87,6,2025-02-10 REEF Data Dump SMILE 6/083123_Fish Degree Angle Tests/083123_Fish Deg Angle Tests_FSL06/P8310135.ORF,2073.528681761144,1387.0696257053676,Red Laser,2355.4170134363194,1434.6654132531955,1824.3590263276285,1379.4905574496952,"Fish Model, Snook",pool,4
14701,87,6,2025-02-10 REEF Data Dump SMILE 6/083123_Fish Degree Angle Tests/083123_Fish Deg Angle Tests_FSL06/P8310138.ORF,2073.781480272289,1385.5513618134955,Red Laser,2353.2961233574392,1448.5968661893064,1823.222105981601,1389.649370672746,"Fish Model, Snook",pool,4
14708,87,6,2025-02-10 REEF Data Dump SMILE 6/083123_Fish Degree Angle Tests/083123_Fish Deg Angle Tests_FSL06/P8310145.ORF,2072.155360381121,1385.592315836895,Red Laser,2365.7469136031464,1430.767922744632,1832.2720791782765,1372.4099021832378,"Fish Model, Snook",pool,4
14710,87,6,2025-02-10 REEF Data Dump SMILE 6/083123_Fish Degree Angle Tests/083123_Fish Deg Angle Tests_FSL06/P8310146.ORF,2074.41553600917,1386.7019200309085,Red Laser,2358.840431094653,1430.312364919062,1826.2201609539,1370.6672659052645,"Fish Model, Snook",pool,4
14727,87,6,2025-02-10 REEF Data Dump SMILE 6/083123_Fish Degree Angle Tests/083123_Fish Deg Angle Tests_FSL06/P8310164.ORF,2074.767661833374,1384.3853027664109,Red Laser,2339.9875654323546,1426.1739526129447,1844.3751608200448,1382.1900521121268,"Fish Model, Snook",pool,4
14729,87,6,2025-02-10 REEF Data Dump SMILE 6/083123_Fish Degree Angle Tests/083123_Fish Deg Angle Tests_FSL06/P8310166.ORF,2075.378899239954,1384.705632321939,Red Laser,2341.2192824200188,1424.3316524788547,1845.1534355345043,1388.5097128957143,"Fish Model, Snook",pool,4
14731,87,6,2025-02-10 REEF Data Dump SMILE 6/083123_Fish Degree Angle Tests/083123_Fish Deg Angle Tests_FSL06/P8310170.ORF,2074.334997037558,1384.7517103535538,Red Laser,2352.5935935614816,1438.235173916588,1861.7426932092465,1399.0428108241313,"Fish Model, Snook",pool,4
14735,87,6,2025-02-10 REEF Data Dump SMILE 6/083123_Fish Degree Angle Tests/083123_Fish Deg Angle Tests_FSL06/P8310174.ORF,2073.3105349399816,1386.4389780149938,Red Laser,2332.629835150275,1440.2035206261342,1857.991147991445,1397.8106927170918,"Fish Model, Snook",pool,4
14740,87,6,2025-02-10 REEF Data Dump SMILE 6/083123_Fish Degree Angle Tests/083123_Fish Deg Angle Tests_FSL06/P8310177.ORF,2072.256327323113,1385.4801285447973,Red Laser,2335.0992355404987,1420.327028071286,1859.4382909491787,1377.2500121168766,"Fish Model, Snook",pool,4
14745,87,6,2025-02-10 REEF Data Dump SMILE 6/083123_Fish Degree Angle Tests/083123_Fish Deg Angle Tests_FSL06/P8310181.ORF,2074.207453134603,1386.2021417207468,Red Laser,2338.8975083452624,1425.3257661688026,1866.7085363596923,1374.6801010711156,"Fish Model, Snook",pool,4
14748,87,6,2025-02-10 REEF Data Dump SMILE 6/083123_Fish Degree Angle Tests/083123_Fish Deg Angle Tests_FSL06/P8310187.ORF,2073.572736304832,1385.5159350367271,Red Laser,2330.705456998336,1441.579530055321,1861.4833926865167,1397.3689084179005,"Fish Model, Snook",pool,4
14754,87,6,2025-02-10 REEF Data Dump SMILE 6/083123_Fish Degree Angle Tests/083123_Fish Deg Angle Tests_FSL06/P8310191.ORF,2074.384915665114,1386.2154304053631,Red Laser,2306.766584331582,1430.8661646406597,1892.188848363615,1381.8218483708815,"Fish Model, Snook",pool,4
14763,87,6,2025-02-10 REEF Data Dump SMILE 6/083123_Fish Degree Angle Tests/083123_Fish Deg Angle Tests_FSL06/P8310200.ORF,2073.4843576630096,1386.6012665720154,Red Laser,2290.960198834749,1429.7518479385087,1874.7001920331932,1388.488601076917,"Fish Model, Snook",pool,4
14770,87,6,2025-02-10 REEF Data Dump SMILE 6/083123_Fish Degree Angle Tests/083123_Fish Deg Angle Tests_FSL06/P8310207.ORF,2075.1404115679334,1384.5985533070548,Red Laser,2304.550339877069,1431.2539167317454,1881.4886989774488,1384.5493625917015,"Fish Model, Snook",pool,4
14801,87,6,2025-02-10 REEF Data Dump SMILE 6/083123_Fish Degree Angle Tests/083123_Fish Deg Angle Tests_FSL06/P8310655.ORF,2097.636730573945,1461.7400452328889,Red Laser,2243.533626880991,1463.242757414184,1935.5974085738317,1481.198823763194,"Fish Model, Snook",pool,4
14803,87,6,2025-02-10 REEF Data Dump SMILE 6/083123_Fish Degree Angle Tests/083123_Fish Deg Angle Tests_FSL06/P8310657.ORF,2098.3090635531285,1461.518005524177,Red Laser,2238.557286760218,1470.3192039811609,1930.5385118261672,1482.9297287389138,"Fish Model, Snook",pool,4
14805,87,6,2025-02-10 REEF Data Dump SMILE 6/083123_Fish Degree Angle Tests/083123_Fish Deg Angle Tests_FSL06/P8310660.ORF,2096.578478146883,1458.5069400501077,Red Laser,2233.476970303562,1457.903605291208,1926.985492967014,1468.6359667871675,"Fish Model, Snook",pool,4
14806,87,6,2025-02-10 REEF Data Dump SMILE 6/083123_Fish Degree Angle Tests/083123_Fish Deg Angle Tests_FSL06/P8310659.ORF,2097.165655255554,1462.5892614789,Red Laser,2244.0532583808035,1452.0164333376274,1937.3553894770248,1461.7168369974374,"Fish Model, Snook",pool,4
14807,87,6,2025-02-10 REEF Data Dump SMILE 6/083123_Fish Degree Angle Tests/083123_Fish Deg Angle Tests_FSL06/P8310663.ORF,2096.964415897261,1462.1833881986804,Red Laser,2256.604569295902,1449.516898037056,1948.1965988350744,1462.7849273589848,"Fish Model, Snook",pool,4
14809,87,6,2025-02-10 REEF Data Dump SMILE 6/083123_Fish Degree Angle Tests/083123_Fish Deg Angle Tests_FSL06/P8310661.ORF,2097.444928693652,1460.5454477655628,Red Laser,2252.518242590498,1450.9063655817267,1945.5378236311813,1461.7889801386302,"Fish Model, Snook",pool,4
14813,87,6,2025-02-10 REEF Data Dump SMILE 6/083123_Fish Degree Angle Tests/083123_Fish Deg Angle Tests_FSL06/P8310670.ORF,2096.414198621362,1462.5395119257746,Red Laser,2248.6194979250004,1462.4761864594363,1942.478886252742,1473.7451660301945,"Fish Model, Snook",pool,4
14815,87,6,2025-02-10 REEF Data Dump SMILE 6/083123_Fish Degree Angle Tests/083123_Fish Deg Angle Tests_FSL06/P8310669.ORF,2096.3186151671875,1460.1907944932675,Red Laser,2236.954525795015,1455.7621365045975,1931.334433655311,1468.911962427523,"Fish Model, Snook",pool,4
14817,87,6,2025-02-10 REEF Data Dump SMILE 6/083123_Fish Degree Angle Tests/083123_Fish Deg Angle Tests_FSL06/P8310671.ORF,2097.012110115749,1460.9585249912857,Red Laser,2245.381367753337,1450.485816252499,1939.777374155877,1463.096341010252,"Fish Model, Snook",pool,4
14824,87,6,2025-02-10 REEF Data Dump SMILE 6/083123_Fish Degree Angle Tests/083123_Fish Deg Angle Tests_FSL06/P8310677.ORF,2096.972252898779,1462.435630027975,Red Laser,2257.937942647028,1439.096625338542,1953.0852143542847,1452.0022900374338,"Fish Model, Snook",pool,4
14829,87,6,2025-02-10 REEF Data Dump SMILE 6/083123_Fish Degree Angle Tests/083123_Fish Deg Angle Tests_FSL06/P8310681.ORF,2096.390158972425,1461.565400898363,Red Laser,2262.759157877255,1442.4281091107114,1955.0086919806024,1452.892161569273,"Fish Model, Snook",pool,4
14830,87,6,2025-02-10 REEF Data Dump SMILE 6/083123_Fish Degree Angle Tests/083123_Fish Deg Angle Tests_FSL06/P8310687.ORF,2098.9855784213946,1461.659115711766,Red Laser,2237.2983152625056,1455.1339641928746,1936.9800097018056,1447.1115239746443,"Fish Model, Snook",pool,4
14841,87,6,2025-02-10 REEF Data Dump SMILE 6/083123_Fish Degree Angle Tests/083123_Fish Deg Angle Tests_FSL06/P8310698.ORF,2097.91590607795,1462.3378666469252,Red Laser,2243.650366653016,1485.6809187584745,1941.6995037955269,1478.0444307709645,"Fish Model, Snook",pool,4
14845,87,6,2025-02-10 REEF Data Dump SMILE 6/083123_Fish Degree Angle Tests/083123_Fish Deg Angle Tests_FSL06/P8310699.ORF,2099.5109875120197,1462.029047003311,Red Laser,2257.221506561158,1476.476991923584,1954.8578605692087,1464.299889457014,"Fish Model, Snook",pool,4
14846,87,6,2025-02-10 REEF Data Dump SMILE 6/083123_Fish Degree Angle Tests/083123_Fish Deg Angle Tests_FSL06/P8310700.ORF,2098.1668471196986,1463.3816256748794,Red Laser,2256.32935196832,1475.3479877372615,1952.7273565729904,1460.487794896702,"Fish Model, Snook",pool,4
14847,87,6,2025-02-10 REEF Data Dump SMILE 6/083123_Fish Degree Angle Tests/083123_Fish Deg Angle Tests_FSL06/P8310703.ORF,2098.0662596091465,1459.9823557007917,Red Laser,2265.752871448343,1465.631338149338,1961.758732075276,1453.0208133915853,"Fish Model, Snook",pool,4
14849,87,6,2025-02-10 REEF Data Dump SMILE 6/083123_Fish Degree Angle Tests/083123_Fish Deg Angle Tests_FSL06/P8310702.ORF,2104.966613672496,1476.8330683624802,Red Laser,2242.0342149533976,1464.5397363802874,1939.6230989009853,1450.9364681841582,"Fish Model, Snook",pool,4
14852,87,6,2025-02-10 REEF Data Dump SMILE 6/083123_Fish Degree Angle Tests/083123_Fish Deg Angle Tests_FSL06/P8310709.ORF,2098.537871623707,1460.489948787525,Red Laser,2231.383045507907,1469.1206900632988,1937.275062205157,1448.8943164747586,"Fish Model, Snook",pool,4
14855,87,6,2025-02-10 REEF Data Dump SMILE 6/083123_Fish Degree Angle Tests/083123_Fish Deg Angle Tests_FSL06/P8310708.ORF,2097.6714576349773,1461.911578156435,Red Laser,2239.101197331608,1468.4623496398735,1943.1674424725927,1452.9036007256125,"Fish Model, Snook",pool,4
14856,87,6,2025-02-10 REEF Data Dump SMILE 6/083123_Fish Degree Angle Tests/083123_Fish Deg Angle Tests_FSL06/P8310711.ORF,2097.285902060013,1461.5450561145235,Red Laser,2253.4595836808235,1467.3975345416943,1956.601435093296,1442.9724969996826,"Fish Model, Snook",pool,4
14858,87,6,2025-02-10 REEF Data Dump SMILE 6/083123_Fish Degree Angle Tests/083123_Fish Deg Angle Tests_FSL06/P8310712.ORF,2098.6500950991376,1460.6347511624272,Red Laser,2250.051737981287,1458.4085461172758,1951.609531766708,1434.6735158858262,"Fish Model, Snook",pool,4
14860,87,6,2025-02-10 REEF Data Dump SMILE 6/083123_Fish Degree Angle Tests/083123_Fish Deg Angle Tests_FSL06/P8310717.ORF,2098.1747162485945,1461.5152647306195,Red Laser,2248.378377903414,1473.2307805976352,1951.360273502722,1452.5709847179123,"Fish Model, Snook",pool,4
14861,87,6,2025-02-10 REEF Data Dump SMILE 6/083123_Fish Degree Angle Tests/083123_Fish Deg Angle Tests_FSL06/P8310715.ORF,2099.002957062361,1460.4682858920128,Red Laser,2252.160594585593,1460.22006273364,1957.8255805588904,1437.9504126295228,"Fish Model, Snook",pool,4
14864,87,6,2025-02-10 REEF Data Dump SMILE 6/083123_Fish Degree Angle Tests/083123_Fish Deg Angle Tests_FSL06/P8310719.ORF,2097.593335509879,1461.7814802722885,Red Laser,2256.3348297945217,1472.3720348754744,1957.1702530946368,1452.248857070549,"Fish Model, Snook",pool,4
14865,87,6,2025-02-10 REEF Data Dump SMILE 6/083123_Fish Degree Angle Tests/083123_Fish Deg Angle Tests_FSL06/P8310718.ORF,2098.007211155371,1460.3820247598226,Red Laser,2247.5848179352206,1476.4715601993191,1950.063435635976,1455.832403476319,"Fish Model, Snook",pool,4
14866,87,6,2025-02-10 REEF Data Dump SMILE 6/083123_Fish Degree Angle Tests/083123_Fish Deg Angle Tests_FSL06/P8310721.ORF,2096.406601178277,1458.7077274191142,Red Laser,2234.118800339279,1467.531449777262,1938.9788592003792,1443.9202544861505,"Fish Model, Snook",pool,4
14872,87,6,2025-02-10 REEF Data Dump SMILE 6/083123_Fish Degree Angle Tests/083123_Fish Deg Angle Tests_FSL06/P8310725.ORF,2096.9513513060915,1457.070620977855,Red Laser,2250.256300974638,1463.6524873566104,1951.6235794672316,1443.9659070977486,"Fish Model, Snook",pool,4
14873,87,6,2025-02-10 REEF Data Dump SMILE 6/083123_Fish Degree Angle Tests/083123_Fish Deg Angle Tests_FSL06/P8310728.ORF,2095.7012749245587,1457.5809383655514,Red Laser,2255.353112685279,1431.6167170282451,1957.73647273962,1412.0095181413951,"Fish Model, Snook",pool,4
14877,87,6,2025-02-10 REEF Data Dump SMILE 6/083123_Fish Degree Angle Tests/083123_Fish Deg Angle Tests_FSL06/P8310732.ORF,2097.809480762627,1459.972845373142,Red Laser,2231.49005606401,1446.0745312948463,1946.0505185849208,1421.5139347944764,"Fish Model, Snook",pool,4
14884,87,6,2025-02-10 REEF Data Dump SMILE 6/083123_Fish Degree Angle Tests/083123_Fish Deg Angle Tests_FSL06/P8310738.ORF,2097.411777802716,1457.5421641142764,Red Laser,2234.1705514107803,1488.7599671173882,1947.5495936542736,1464.10257231439,"Fish Model, Snook",pool,4
14885,87,6,2025-02-10 REEF Data Dump SMILE 6/083123_Fish Degree Angle Tests/083123_Fish Deg Angle Tests_FSL06/P8310739.ORF,2096.922946944751,1461.667654710049,Red Laser,2239.2870511615024,1486.1104808491468,1953.8475136824131,1463.2010168866173,"Fish Model, Snook",pool,4
14886,87,6,2025-02-10 REEF Data Dump SMILE 6/083123_Fish Degree Angle Tests/083123_Fish Deg Angle Tests_FSL06/P8310740.ORF,2096.4530135624213,1461.140519709973,Red Laser,2238.0841285940714,1465.7458303060514,1949.961500740992,1441.8044085073714,"Fish Model, Snook",pool,4
14890,87,6,2025-02-10 REEF Data Dump SMILE 6/083123_Fish Degree Angle Tests/083123_Fish Deg Angle Tests_FSL06/P8310744.ORF,2098.8392691811378,1458.5908048372055,Red Laser,2228.804659156933,1483.942619978228,1940.269248169394,1460.8267644484686,"Fish Model, Snook",pool,4
14891,87,6,2025-02-10 REEF Data Dump SMILE 6/083123_Fish Degree Angle Tests/083123_Fish Deg Angle Tests_FSL06/P8310745.ORF,2096.5256928640893,1462.4728691430482,Red Laser,2245.9643637160225,1478.253955211725,1956.9955304373,1455.44768703281,"Fish Model, Snook",pool,4
14898,87,6,2025-02-10 REEF Data Dump SMILE 6/083123_Fish Degree Angle Tests/083123_Fish Deg Angle Tests_FSL06/P8310752.ORF,2099.530850067075,1462.0746277835456,Red Laser,2251.780563865154,1481.274706566236,1969.948750981245,1461.7418086435891,"Fish Model, Snook",pool,4
14906,87,6,2025-02-10 REEF Data Dump SMILE 6/083123_Fish Degree Angle Tests/083123_Fish Deg Angle Tests_FSL06/P8310764.ORF,2099.167887228678,1459.972687788776,Red Laser,2234.690973594731,1467.8531993843435,1954.366696574104,1452.352694790375,"Fish Model, Snook",pool,4
14907,87,6,2025-02-10 REEF Data Dump SMILE 6/083123_Fish Degree Angle Tests/083123_Fish Deg Angle Tests_FSL06/P8310762.ORF,2098.1091511868435,1462.0505666545937,Red Laser,2238.5546907253797,1465.624377708417,1959.010136057055,1450.6029796200796,"Fish Model, Snook",pool,4
14912,87,6,2025-02-10 REEF Data Dump SMILE 6/083123_Fish Degree Angle Tests/083123_Fish Deg Angle Tests_FSL06/P8310769.ORF,2098.1236518913925,1461.711602712053,Red Laser,2245.773145530844,1466.0366715042182,1978.8826391583236,1449.5027999373178,"Fish Model, Snook",pool,4
14915,87,6,2025-02-10 REEF Data Dump SMILE 6/083123_Fish Degree Angle Tests/083123_Fish Deg Angle Tests_FSL06/P8310766.ORF,2098.242554407797,1462.7037611381204,Red Laser,2248.30664665441,1469.4596535226724,1983.1728641358725,1456.1235830247335,"Fish Model, Snook",pool,4
14916,87,6,2025-02-10 REEF Data Dump SMILE 6/083123_Fish Degree Angle Tests/083123_Fish Deg Angle Tests_FSL06/P8310770.ORF,2097.381435627872,1462.2659146631509,Red Laser,2236.5153968781306,1470.1487632908663,1966.7616185085212,1452.6054800763166,"Fish Model, Snook",pool,4
14917,87,6,2025-02-10 REEF Data Dump SMILE 6/083123_Fish Degree Angle Tests/083123_Fish Deg Angle Tests_FSL06/P8310771.ORF,2098.0421736990897,1460.4557348726826,Red Laser,2233.002051318081,1449.4893420813914,1962.009923545092,1437.5186311820514,"Fish Model, Snook",pool,4
14918,87,6,2025-02-10 REEF Data Dump SMILE 6/083123_Fish Degree Angle Tests/083123_Fish Deg Angle Tests_FSL06/P8310772.ORF,2098.5,1463.0000000000002,Red Laser,2232.5077588742256,1461.4958215846063,1963.930412437827,1445.6655883780652,"Fish Model, Snook",pool,4
14919,87,6,2025-02-10 REEF Data Dump SMILE 6/083123_Fish Degree Angle Tests/083123_Fish Deg Angle Tests_FSL06/P8310773.ORF,2097.0949606394597,1460.321767745874,Red Laser,2236.1760791212937,1461.4919541378945,1969.891887560016,1447.611950307891,"Fish Model, Snook",pool,4
14922,87,6,2025-02-10 REEF Data Dump SMILE 6/083123_Fish Degree Angle Tests/083123_Fish Deg Angle Tests_FSL06/P8310776.ORF,2098.2754868174225,1460.1915829090667,Red Laser,2248.0399884504404,1473.2581313447686,1979.1138402654235,1455.8180439138343,"Fish Model, Snook",pool,4
14923,87,6,2025-02-10 REEF Data Dump SMILE 6/083123_Fish Degree Angle Tests/083123_Fish Deg Angle Tests_FSL06/P8310777.ORF,2098.5393313007976,1461.087619363433,Red Laser,2241.72200746864,1471.1384520587137,1973.4129700696403,1456.1131459643698,"Fish Model, Snook",pool,4
14930,87,6,2025-02-10 REEF Data Dump SMILE 6/083123_Fish Degree Angle Tests/083123_Fish Deg Angle Tests_FSL06/P8310784.ORF,2096.9756903845127,1461.0855808804265,Red Laser,2244.6877111749154,1483.3068322894844,1980.3001135532863,1467.2082900455448,"Fish Model, Snook",pool,4
14931,87,6,2025-02-10 REEF Data Dump SMILE 6/083123_Fish Degree Angle Tests/083123_Fish Deg Angle Tests_FSL06/P8310785.ORF,2095.5531954254434,1459.585917879224,Red Laser,2237.432476658173,1475.2489782648036,1983.9836320997333,1458.3248697519434,"Fish Model, Snook",pool,4
14935,87,6,2025-02-10 REEF Data Dump SMILE 6/083123_Fish Degree Angle Tests/083123_Fish Deg Angle Tests_FSL06/P8310791.ORF,2097.411716891188,1459.47053358993,Red Laser,2229.857325429262,1464.9141079166009,1976.8212640052825,1450.260306643272,"Fish Model, Snook",pool,4
14937,87,6,2025-02-10 REEF Data Dump SMILE 6/083123_Fish Degree Angle Tests/083123_Fish Deg Angle Tests_FSL06/P8310789.ORF,2096.3137971651986,1463.5712318559424,Red Laser,2248.330465620123,1459.9303557213136,1996.326362032294,1445.070162880754,"Fish Model, Snook",pool,4
14938,87,6,2025-02-10 REEF Data Dump SMILE 6/083123_Fish Degree Angle Tests/083123_Fish Deg Angle Tests_FSL06/P8310792.ORF,2096.2218445910144,1461.9798322846525,Red Laser,2217.6546492808016,1469.2841153987572,1964.907536050944,1455.3320454540092,"Fish Model, Snook",pool,4
14940,87,6,2025-02-10 REEF Data Dump SMILE 6/083123_Fish Degree Angle Tests/083123_Fish Deg Angle Tests_FSL06/P8310796.ORF,2096.1094624212096,1459.005351561967,Red Laser,2229.6057294794477,1476.4008714476493,1977.3952343243875,1459.4974020915124,"Fish Model, Snook",pool,4
14941,87,6,2025-02-10 REEF Data Dump SMILE 6/083123_Fish Degree Angle Tests/083123_Fish Deg Angle Tests_FSL06/P8310793.ORF,2097.179407470436,1458.62347062978,Red Laser,2234.563522350836,1456.9100238054452,1981.996176176035,1439.225775150477,"Fish Model, Snook",pool,4
14943,87,6,2025-02-10 REEF Data Dump SMILE 6/083123_Fish Degree Angle Tests/083123_Fish Deg Angle Tests_FSL06/P8310797.ORF,2096.478034891784,1456.358920866567,Red Laser,2227.9175868758334,1483.4790801516276,1974.37348467098,1464.745076356904,"Fish Model, Snook",pool,4
14945,87,6,2025-02-10 REEF Data Dump SMILE 6/083123_Fish Degree Angle Tests/083123_Fish Deg Angle Tests_FSL06/P8310800.ORF,2096.3330838071224,1459.4066417427905,Red Laser,2222.4222854078243,1462.6702390848086,1969.9895224111333,1445.8413882183625,"Fish Model, Snook",pool,4
14946,87,6,2025-02-10 REEF Data Dump SMILE 6/083123_Fish Degree Angle Tests/083123_Fish Deg Angle Tests_FSL06/P8310802.ORF,2096.2937829197526,1459.9525144016395,Red Laser,2222.446303804311,1463.602701252425,1969.4308815370543,1449.918940345076,"Fish Model, Snook",pool,4
14958,87,6,2025-02-10 REEF Data Dump SMILE 6/083123_Fish Degree Angle Tests/083123_Fish Deg Angle Tests_FSL06/P8310813.ORF,2096.3458973030924,1462.0522881714492,Red Laser,2224.614284354793,1471.9073932297,1987.3773840003105,1451.2682365067003,"Fish Model, Snook",pool,4
14960,87,6,2025-02-10 REEF Data Dump SMILE 6/083123_Fish Degree Angle Tests/083123_Fish Deg Angle Tests_FSL06/P8310815.ORF,2095.551828530954,1461.9389961959191,Red Laser,2222.7889940096748,1471.7710127606108,1985.0671868741613,1453.7943072548778,"Fish Model, Snook",pool,4
14962,87,6,2025-02-10 REEF Data Dump SMILE 6/083123_Fish Degree Angle Tests/083123_Fish Deg Angle Tests_FSL06/P8310814.ORF,2095.946145988513,1461.438320873808,Red Laser,2225.988161576513,1467.2783492585122,1991.336825910406,1452.0371258322973,"Fish Model, Snook",pool,4
14968,87,6,2025-02-10 REEF Data Dump SMILE 6/083123_Fish Degree Angle Tests/083123_Fish Deg Angle Tests_FSL06/P8310823.ORF,2096.952557049593,1459.9224138628024,Red Laser,2208.908735771397,1481.776248949377,1987.6289064476937,1454.5697125571187,"Fish Model, Snook",pool,4
14969,87,6,2025-02-10 REEF Data Dump SMILE 6/083123_Fish Degree Angle Tests/083123_Fish Deg Angle Tests_FSL06/P8310822.ORF,2096.598039215686,1461.6078431372548,Red Laser,1994.063007031948,1439.0775835814427,2216.8193494150955,1463.502621123455,"Fish Model, Snook",pool,4
14972,87,6,2025-02-10 REEF Data Dump SMILE 6/083123_Fish Degree Angle Tests/083123_Fish Deg Angle Tests_FSL06/P8310826.ORF,2097.001247920728,1462.1658471101532,Red Laser,2232.5771393559826,1478.374894577316,2011.738162419884,1453.6079065097158,"Fish Model, Snook",pool,4
14973,87,6,2025-02-10 REEF Data Dump SMILE 6/083123_Fish Degree Angle Tests/083123_Fish Deg Angle Tests_FSL06/P8310828.ORF,2096.232066100838,1461.9755078713924,Red Laser,2221.691847865526,1479.8230205493633,2003.585829571226,1453.9492097633351,"Fish Model, Snook",pool,4
14977,87,6,2025-02-10 REEF Data Dump SMILE 6/083123_Fish Degree Angle Tests/083123_Fish Deg Angle Tests_FSL06/P8310831.ORF,2096.649455313099,1461.9219579264643,Red Laser,2215.752784791872,1484.8878199772296,1997.672092452481,1460.8653929441518,"Fish Model, Snook",pool,4
14980,87,6,2025-02-10 REEF Data Dump SMILE 6/083123_Fish Degree Angle Tests/083123_Fish Deg Angle Tests_FSL06/P8310834.ORF,2097.050945652946,1461.129482157327,Red Laser,2226.868617307387,1465.4033557735768,2006.6769038661507,1443.0544464226364,"Fish Model, Snook",pool,4
14982,87,6,2025-02-10 REEF Data Dump SMILE 6/083123_Fish Degree Angle Tests/083123_Fish Deg Angle Tests_FSL06/P8310837.ORF,2097.416046972416,1460.5246525272064,Red Laser,2216.663748677974,1472.7212323798212,1999.5627419103237,1449.7992740711636,"Fish Model, Snook",pool,4
17511,94,4,2024.06.20.REEF/08_2023/083123_Fish Degree Angle Tests/083123_Fish Deg Angle Tests_FSL04/P8310003.ORF,2021.5701788511133,1384.3513808707517,Red Laser,2333.070430518459,1409.7505174294274,1719.2501597045182,1329.2871860493228,"Fish Model, Snook",pool,4
17512,94,4,2024.06.20.REEF/08_2023/083123_Fish Degree Angle Tests/083123_Fish Deg Angle Tests_FSL04/P8310006.ORF,2024.611971410096,1384.8875453893545,Red Laser,2344.075471698113,1418.2641509433963,1729.0566037735846,1335.0943396226412,"Fish Model, Snook",pool,4
17513,94,4,2024.06.20.REEF/08_2023/083123_Fish Degree Angle Tests/083123_Fish Deg Angle Tests_FSL04/P8310007.ORF,2023.770578921585,1386.2975923683214,Red Laser,2316.195678710938,1425.7018432617188,1731.9963989257812,1324.2018432617188,"Fish Model, Snook",pool,4
17514,94,4,2024.06.20.REEF/08_2023/083123_Fish Degree Angle Tests/083123_Fish Deg Angle Tests_FSL04/P8310008.ORF,2024.3044446933795,1384.1388766687237,Red Laser,2320.813110351562,1420.0008544921875,1723.0567626953125,1325.0008544921873,"Fish Model, Snook",pool,4
17517,94,4,2024.06.20.REEF/08_2023/083123_Fish Degree Angle Tests/083123_Fish Deg Angle Tests_FSL04/P8310009.ORF,2024.3733711689997,1384.948920637834,Red Laser,2350.9293212890625,1422.6630859375,1747.8673706054688,1325.1630859375,"Fish Model, Snook",pool,4
17523,94,4,2024.06.20.REEF/08_2023/083123_Fish Degree Angle Tests/083123_Fish Deg Angle Tests_FSL04/P8310017.ORF,2022.475738090107,1385.527237408504,Red Laser,2346.9172363281245,1439.2509155273438,1746.107421875,1349.7509155273438,"Fish Model, Snook",pool,4
17525,94,4,2024.06.20.REEF/08_2023/083123_Fish Degree Angle Tests/083123_Fish Deg Angle Tests_FSL04/P8310019.ORF,2021.7326894546088,1381.7606793848272,Red Laser,2340.20458984375,1444.6676025390625,1737.0333862304688,1354.1676025390625,"Fish Model, Snook",pool,4
17526,94,4,2024.06.20.REEF/08_2023/083123_Fish Degree Angle Tests/083123_Fish Deg Angle Tests_FSL04/P8310023.ORF,2022.998916530767,1385.7191692028127,Red Laser,2346.2264404296875,1452.9122314453125,1746.937255859375,1358.9122314453125,"Fish Model, Snook",pool,4
17528,94,4,2024.06.20.REEF/08_2023/083123_Fish Degree Angle Tests/083123_Fish Deg Angle Tests_FSL04/P8310020.ORF,2022.615362987765,1385.8667331546717,Red Laser,2362.822631835937,1448.97216796875,1760.1156005859375,1355.97216796875,"Fish Model, Snook",pool,4
17533,94,4,2024.06.20.REEF/08_2023/083123_Fish Degree Angle Tests/083123_Fish Deg Angle Tests_FSL04/P8310028.ORF,2023.1227271181624,1384.2035567344817,Red Laser,2346.9195556640625,1448.259033203125,1744.0980224609375,1357.759033203125,"Fish Model, Snook",pool,4
17535,94,4,2024.06.20.REEF/08_2023/083123_Fish Degree Angle Tests/083123_Fish Deg Angle Tests_FSL04/P8310029.ORF,2023.666058346438,1385.9484220888655,Red Laser,2338.0,1457.0,1738.0,1360.0,"Fish Model, Snook",pool,4
17540,94,4,2024.06.20.REEF/08_2023/083123_Fish Degree Angle Tests/083123_Fish Deg Angle Tests_FSL04/P8310034.ORF,2022.577951338987,1382.7928603443556,Red Laser,2323.8531494140625,1440.8878173828125,1735.9873657226562,1359.8878173828125,"Fish Model, Snook",pool,4
17543,94,4,2024.06.20.REEF/08_2023/083123_Fish Degree Angle Tests/083123_Fish Deg Angle Tests_FSL04/P8310036.ORF,2021.8236113285816,1385.009183239855,Red Laser,2334.754516601562,1438.6452026367188,1742.170471191406,1369.1452026367188,"Fish Model, Snook",pool,4
17548,94,4,2024.06.20.REEF/08_2023/083123_Fish Degree Angle Tests/083123_Fish Deg Angle Tests_FSL04/P8310041.ORF,2023.69027790505,1384.5652308389658,Red Laser,2349.21484375,1423.0,1747.9296875,1354.0,"Fish Model, Snook",pool,4
17556,94,4,2024.06.20.REEF/08_2023/083123_Fish Degree Angle Tests/083123_Fish Deg Angle Tests_FSL04/P8310049.ORF,2022.2069851892,1383.4360226501794,Red Laser,2348.1582982602627,1416.632422642257,1745.1807861328125,1362.0083007812502,"Fish Model, Snook",pool,4
17557,94,4,2024.06.20.REEF/08_2023/083123_Fish Degree Angle Tests/083123_Fish Deg Angle Tests_FSL04/P8310051.ORF,2023.4250832714552,1383.7725919008874,Red Laser,2343.249140575444,1418.4095101542089,1735.9355468749998,1371.0370483398438,"Fish Model, Snook",pool,4
17560,94,4,2024.06.20.REEF/08_2023/083123_Fish Degree Angle Tests/083123_Fish Deg Angle Tests_FSL04/P8310054.ORF,2022.3694858980627,1384.4390482869478,Red Laser,2358.7981905722777,1428.4085861312672,1755.0078735351562,1380.7598266601562,"Fish Model, Snook",pool,4
17562,94,4,2024.06.20.REEF/08_2023/083123_Fish Degree Angle Tests/083123_Fish Deg Angle Tests_FSL04/P8310057.ORF,2024.6508104898755,1384.8675667779398,Red Laser,2361.268203715423,1411.7936128941003,1757.1646118164062,1364.1304321289062,"Fish Model, Snook",pool,4
17564,94,4,2024.06.20.REEF/08_2023/083123_Fish Degree Angle Tests/083123_Fish Deg Angle Tests_FSL04/P8310058.ORF,2023.5131535092,1383.4299298065323,Red Laser,2357.4433938957045,1410.4635190902743,1753.9144287109373,1366.1832275390625,"Fish Model, Snook",pool,4
17565,94,4,2024.06.20.REEF/08_2023/083123_Fish Degree Angle Tests/083123_Fish Deg Angle Tests_FSL04/P8310060.ORF,2020.5856202537,1383.509811076126,Red Laser,2350.0526724864835,1421.983477586368,1746.7986450195312,1375.7968139648438,"Fish Model, Snook",pool,4
17567,94,4,2024.06.20.REEF/08_2023/083123_Fish Degree Angle Tests/083123_Fish Deg Angle Tests_FSL04/P8310061.ORF,2022.649796587067,1382.3692341593403,Red Laser,2346.669883116546,1419.8424123943562,1750.1671752929688,1382.0213623046875,"Fish Model, Snook",pool,4
17569,94,4,2024.06.20.REEF/08_2023/083123_Fish Degree Angle Tests/083123_Fish Deg Angle Tests_FSL04/P8310063.ORF,2023.2976081380507,1382.8830087183187,Red Laser,2340.832654380561,1404.2905609344098,1748.1407470703125,1372.0462646484375,"Fish Model, Snook",pool,4
17574,94,4,2024.06.20.REEF/08_2023/083123_Fish Degree Angle Tests/083123_Fish Deg Angle Tests_FSL04/P8310065.ORF,2024.7724083919843,1384.768056875055,Red Laser,2340.426755620336,1414.714351110994,1746.7614135742188,1382.8904418945312,"Fish Model, Snook",pool,4
17575,94,4,2024.06.20.REEF/08_2023/083123_Fish Degree Angle Tests/083123_Fish Deg Angle Tests_FSL04/P8310069.ORF,2023.977909499987,1385.4511700961723,Red Laser,2335.963685151541,1410.962929871376,1743.8192138671875,1382.93896484375,"Fish Model, Snook",pool,4
17577,94,4,2024.06.20.REEF/08_2023/083123_Fish Degree Angle Tests/083123_Fish Deg Angle Tests_FSL04/P8310071.ORF,2023.733911608216,1385.5784095099004,Red Laser,2352.0192762016995,1414.023193359375,1759.145690917969,1380.619384765625,"Fish Model, Snook",pool,4
17584,94,4,2024.06.20.REEF/08_2023/083123_Fish Degree Angle Tests/083123_Fish Deg Angle Tests_FSL04/P8310075.ORF,2025.060468512503,1384.4390482869478,Red Laser,2346.314177977612,1395.777544942747,1753.9378662109375,1358.9038696289065,"Fish Model, Snook",pool,4
17585,94,4,2024.06.20.REEF/08_2023/083123_Fish Degree Angle Tests/083123_Fish Deg Angle Tests_FSL04/P8310079.ORF,2023.5027076698211,1384.7610482557016,Red Laser,2341.723957584897,1408.0425992773887,1748.1282958984375,1376.9722290039062,"Fish Model, Snook",pool,4
17586,94,4,2024.06.20.REEF/08_2023/083123_Fish Degree Angle Tests/083123_Fish Deg Angle Tests_FSL04/P8310080.ORF,2023.3099343375816,1383.1241508560715,Red Laser,2341.44035229083,1412.1681998173572,1761.1851806640625,1381.6498413085938,"Fish Model, Snook",pool,4
17588,94,4,2024.06.20.REEF/08_2023/083123_Fish Degree Angle Tests/083123_Fish Deg Angle Tests_FSL04/P8310082.ORF,2023.0317690393608,1383.49777438704,Red Laser,2335.6045312366327,1416.5753521007605,1756.1834106445312,1386.2464599609375,"Fish Model, Snook",pool,4
17589,94,4,2024.06.20.REEF/08_2023/083123_Fish Degree Angle Tests/083123_Fish Deg Angle Tests_FSL04/P8310081.ORF,2022.1478581730653,1381.8429383101534,Red Laser,2331.0606580376366,1416.6719545622625,1752.1331787109373,1384.4036254882812,"Fish Model, Snook",pool,4
17594,94,4,2024.06.20.REEF/08_2023/083123_Fish Degree Angle Tests/083123_Fish Deg Angle Tests_FSL04/P8310090.ORF,2024.2527799568104,1380.0597114304092,Red Laser,2348.106518288771,1415.4799220174907,1769.9756469726562,1378.0693969726562,"Fish Model, Snook",pool,4
17595,94,4,2024.06.20.REEF/08_2023/083123_Fish Degree Angle Tests/083123_Fish Deg Angle Tests_FSL04/P8310088.ORF,2023.6931979209887,1386.771494632608,Red Laser,2350.1981844140187,1414.8973388671875,1771.8209838867188,1380.1026611328125,"Fish Model, Snook",pool,4
17598,94,4,2024.06.20.REEF/08_2023/083123_Fish Degree Angle Tests/083123_Fish Deg Angle Tests_FSL04/P8310092.ORF,2022.2156070284152,1383.403494001716,Red Laser,2347.016055507768,1411.755719873663,1768.09326171875,1380.8365478515625,"Fish Model, Snook",pool,4
17600,94,4,2024.06.20.REEF/08_2023/083123_Fish Degree Angle Tests/083123_Fish Deg Angle Tests_FSL04/P8310095.ORF,2022.7367762999493,1380.3651601914798,Red Laser,2336.410304466849,1414.6482543945312,1756.1187133789065,1382.318603515625,"Fish Model, Snook",pool,4
17602,94,4,2024.06.20.REEF/08_2023/083123_Fish Degree Angle Tests/083123_Fish Deg Angle Tests_FSL04/P8310094.ORF,2024.1588756997255,1381.774254385995,Red Laser,2345.1507236274647,1410.2485946819302,1765.7986450195312,1378.9802856445312,"Fish Model, Snook",pool,4
17603,94,4,2024.06.20.REEF/08_2023/083123_Fish Degree Angle Tests/083123_Fish Deg Angle Tests_FSL04/P8310097.ORF,2023.840982466204,1382.2525576381493,Red Laser,2313.4534679558647,1407.000305175781,1761.9012451171875,1383.9996948242188,"Fish Model, Snook",pool,4
17606,94,4,2024.06.20.REEF/08_2023/083123_Fish Degree Angle Tests/083123_Fish Deg Angle Tests_FSL04/P8310100.ORF,2023.2949962997595,1382.1308109871618,Red Laser,2316.427147670242,1405.5278567741373,1763.8282470703127,1387.88818359375,"Fish Model, Snook",pool,4
17607,94,4,2024.06.20.REEF/08_2023/083123_Fish Degree Angle Tests/083123_Fish Deg Angle Tests_FSL04/P8310103.ORF,2025.00955455294,1386.144510481159,Red Laser,2333.6850280628864,1424.538701742901,1781.9761962890625,1397.1779174804688,"Fish Model, Snook",pool,4
17609,94,4,2024.06.20.REEF/08_2023/083123_Fish Degree Angle Tests/083123_Fish Deg Angle Tests_FSL04/P8310102.ORF,2024.1487807073263,1382.9222762275492,Red Laser,2335.201501642874,1421.0705566406248,1787.075500488281,1392.070556640625,"Fish Model, Snook",pool,4
17612,94,4,2024.06.20.REEF/08_2023/083123_Fish Degree Angle Tests/083123_Fish Deg Angle Tests_FSL04/P8310106.ORF,2024.661512799527,1380.9055626975935,Red Laser,2326.104208800499,1421.8615264959008,1773.9567260742188,1394.2447509765625,"Fish Model, Snook",pool,4
17614,94,4,2024.06.20.REEF/08_2023/083123_Fish Degree Angle Tests/083123_Fish Deg Angle Tests_FSL04/P8310108.ORF,2023.8576808287755,1381.8092243682895,Red Laser,2325.4336652384554,1418.1742069814013,1774.047607421875,1394.0120239257812,"Fish Model, Snook",pool,4
17615,94,4,2024.06.20.REEF/08_2023/083123_Fish Degree Angle Tests/083123_Fish Deg Angle Tests_FSL04/P8310110.ORF,2023.814741280618,1382.7140943598688,Red Laser,2332.4905896782616,1400.3082842164629,1777.9437866210938,1371.2034912109373,"Fish Model, Snook",pool,4
17618,94,4,2024.06.20.REEF/08_2023/083123_Fish Degree Angle Tests/083123_Fish Deg Angle Tests_FSL04/P8310112.ORF,2023.211503111906,1382.045936406821,Red Laser,2321.646811827484,1414.2555241708253,1769.099304199219,1389.8292236328125,"Fish Model, Snook",pool,4
17619,94,4,2024.06.20.REEF/08_2023/083123_Fish Degree Angle Tests/083123_Fish Deg Angle Tests_FSL04/P8310116.ORF,2022.6010107069917,1383.4362879790017,Red Laser,2323.859112772096,1395.5119173588505,1800.1658325195312,1375.0487670898438,"Fish Model, Snook",pool,4
17624,94,4,2024.06.20.REEF/08_2023/083123_Fish Degree Angle Tests/083123_Fish Deg Angle Tests_FSL04/P8310121.ORF,2021.4724916932491,1384.4390482869478,Red Laser,2328.332785674558,1411.201905940998,1804.761962890625,1387.9964599609375,"Fish Model, Snook",pool,4
17629,94,4,2024.06.20.REEF/08_2023/083123_Fish Degree Angle Tests/083123_Fish Deg Angle Tests_FSL04/P8310122.ORF,2022.04904163308,1384.2516310407366,Red Laser,2323.235584795449,1405.5374483433195,1801.1639404296875,1383.874267578125,"Fish Model, Snook",pool,4
17630,94,4,2024.06.20.REEF/08_2023/083123_Fish Degree Angle Tests/083123_Fish Deg Angle Tests_FSL04/P8310123.ORF,2021.5701788511133,1384.3513808707517,Red Laser,2316.873745706216,1404.2132749232155,1735.0,1470.0000000000002,"Fish Model, Snook",pool,4
17634,94,4,2024.06.20.REEF/08_2023/083123_Fish Degree Angle Tests/083123_Fish Deg Angle Tests_FSL04/P8310127.ORF,2021.354927804811,1383.9062968374444,Red Laser,2322.476243582673,1398.3585095064714,1799.0892333984375,1378.8463745117188,"Fish Model, Snook",pool,4
17646,94,4,2024.06.20.REEF/08_2023/083123_Fish Degree Angle Tests/083123_Fish Deg Angle Tests_FSL04/P8310139.ORF,2019.0330877960032,1381.1517158252575,Red Laser,2299.0711669921875,1405.7071533203125,1800.8325805664062,1383.2071533203125,"Fish Model, Snook",pool,4
17647,94,4,2024.06.20.REEF/08_2023/083123_Fish Degree Angle Tests/083123_Fish Deg Angle Tests_FSL04/P8310141.ORF,2021.1896214140647,1383.4571010524578,Red Laser,2311.6988266623307,1409.5083201887987,1810.933837890625,1384.0419921875,"Fish Model, Snook",pool,4
17655,94,4,2024.06.20.REEF/08_2023/083123_Fish Degree Angle Tests/083123_Fish Deg Angle Tests_FSL04/P8310149.ORF,2022.0331130712575,1383.9232766191797,Red Laser,2292.1001248988687,1406.6460680365822,1826.667517624361,1381.7587946636104,"Fish Model, Snook",pool,4
17696,94,4,2024.06.20.REEF/08_2023/083123_Fish Degree Angle Tests/083123_Fish Deg Angle Tests_FSL04/P8310360.ORF,2039.0622961084853,1451.9052891564097,Red Laser,2188.8504638671875,1457.9912719726562,1888.099670410156,1445.0087280273438,"Fish Model, Snook",pool,4
17698,94,4,2024.06.20.REEF/08_2023/083123_Fish Degree Angle Tests/083123_Fish Deg Angle Tests_FSL04/P8310363.ORF,2039.1000302147268,1451.531537991542,Red Laser,2173.82470703125,1479.03662109375,1872.0726928710935,1462.03662109375,"Fish Model, Snook",pool,4
17705,94,4,2024.06.20.REEF/08_2023/083123_Fish Degree Angle Tests/083123_Fish Deg Angle Tests_FSL04/P8310371.ORF,2038.291469996013,1449.5370043068615,Red Laser,2178.0197482200565,1454.6394955215512,1877.9016113281243,1432.3225858955414,"Fish Model, Snook",pool,4
17707,94,4,2024.06.20.REEF/08_2023/083123_Fish Degree Angle Tests/083123_Fish Deg Angle Tests_FSL04/P8310373.ORF,2039.189596503617,1453.4052006113243,Red Laser,2184.532976415399,1453.8182525701193,1883.9142456054688,1435.9514770507812,"Fish Model, Snook",pool,4
17709,94,4,2024.06.20.REEF/08_2023/083123_Fish Degree Angle Tests/083123_Fish Deg Angle Tests_FSL04/P8310374.ORF,2038.808283682128,1454.1070963297243,Red Laser,2185.535065868084,1460.4826850597692,1888.92919921875,1438.9296875,"Fish Model, Snook",pool,4
17712,94,4,2024.06.20.REEF/08_2023/083123_Fish Degree Angle Tests/083123_Fish Deg Angle Tests_FSL04/P8310377.ORF,2038.1075931860448,1454.113883672762,Red Laser,2181.5872380081096,1424.5951063587213,1879.0336303710935,1408.9901123046875,"Fish Model, Snook",pool,4
17713,94,4,2024.06.20.REEF/08_2023/083123_Fish Degree Angle Tests/083123_Fish Deg Angle Tests_FSL04/P8310378.ORF,2039.596676244313,1455.819645087541,Red Laser,2203.014171472684,1405.0188439317678,1900.0313507790445,1395.3184402719576,"Fish Model, Snook",pool,4
17717,94,4,2024.06.20.REEF/08_2023/083123_Fish Degree Angle Tests/083123_Fish Deg Angle Tests_FSL04/P8310381.ORF,2038.523969531923,1452.146664309482,Red Laser,2198.438650122189,1444.6967667167744,1896.007385253906,1435.6298828125,"Fish Model, Snook",pool,4
17730,94,4,2024.06.20.REEF/08_2023/083123_Fish Degree Angle Tests/083123_Fish Deg Angle Tests_FSL04/P8310395.ORF,2038.4588413754489,1452.038833468173,Red Laser,2189.1322895008016,1449.7467832504306,1889.0196533203125,1441.9664916992188,"Fish Model, Snook",pool,4
17732,94,4,2024.06.20.REEF/08_2023/083123_Fish Degree Angle Tests/083123_Fish Deg Angle Tests_FSL04/P8310397.ORF,2037.7962446280333,1453.291156306845,Red Laser,2186.143064111092,1448.7063115510912,1884.965940182493,1447.83886881403,"Fish Model, Snook",pool,4
17737,94,4,2024.06.20.REEF/08_2023/083123_Fish Degree Angle Tests/083123_Fish Deg Angle Tests_FSL04/P8310402.ORF,2037.9331027602827,1451.981494751021,Red Laser,2181.7228167784847,1445.4611311281155,1882.88321334226,1445.6462841459263,"Fish Model, Snook",pool,4
17738,94,4,2024.06.20.REEF/08_2023/083123_Fish Degree Angle Tests/083123_Fish Deg Angle Tests_FSL04/P8310403.ORF,2039.70855680842,1451.556089496763,Red Laser,2184.2798184057337,1446.394170658411,1884.3652549802332,1445.2374607878417,"Fish Model, Snook",pool,4
17742,94,4,2024.06.20.REEF/08_2023/083123_Fish Degree Angle Tests/083123_Fish Deg Angle Tests_FSL04/P8310407.ORF,2037.866490691583,1453.773104447657,Red Laser,2196.527392249493,1445.074742751743,1895.944396972656,1435.9389648437502,"Fish Model, Snook",pool,4
17744,94,4,2024.06.20.REEF/08_2023/083123_Fish Degree Angle Tests/083123_Fish Deg Angle Tests_FSL04/P8310408.ORF,2038.0109955902776,1452.4048701058343,Red Laser,2199.389430443412,1443.9923575322005,1899.0850830078125,1433.927978515625,"Fish Model, Snook",pool,4
17753,94,4,2024.06.20.REEF/08_2023/083123_Fish Degree Angle Tests/083123_Fish Deg Angle Tests_FSL04/P8310416.ORF,2037.8287058339588,1453.8850269349432,Red Laser,2191.484943086234,1455.0418317241715,1894.101806640625,1441.9335327148438,"Fish Model, Snook",pool,4
17755,94,4,2024.06.20.REEF/08_2023/083123_Fish Degree Angle Tests/083123_Fish Deg Angle Tests_FSL04/P8310422.ORF,2037.7558911869007,1453.4622874312593,Red Laser,2186.3999593206468,1446.6622084984444,1891.1430164542555,1441.786430027298,"Fish Model, Snook",pool,4
17759,94,4,2024.06.20.REEF/08_2023/083123_Fish Degree Angle Tests/083123_Fish Deg Angle Tests_FSL04/P8310423.ORF,2037.6948892622252,1452.2799404310852,Red Laser,2186.936484191124,1449.20516029282,1890.9429931640625,1444.0385131835938,"Fish Model, Snook",pool,4
17760,94,4,2024.06.20.REEF/08_2023/083123_Fish Degree Angle Tests/083123_Fish Deg Angle Tests_FSL04/P8310426.ORF,2038.173142167827,1452.3269935430133,Red Laser,2191.121530709066,1447.847196648794,1893.1235961914065,1440.945068359375,"Fish Model, Snook",pool,4
17761,94,4,2024.06.20.REEF/08_2023/083123_Fish Degree Angle Tests/083123_Fish Deg Angle Tests_FSL04/P8310427.ORF,2037.763855552118,1452.205890777632,Red Laser,2201.0398169245564,1451.7124639269468,1903.957275390625,1443.0203247070312,"Fish Model, Snook",pool,4
17762,94,4,2024.06.20.REEF/08_2023/083123_Fish Degree Angle Tests/083123_Fish Deg Angle Tests_FSL04/P8310425.ORF,2037.5090039875108,1452.3051047845502,Red Laser,2192.28506215789,1444.257143370504,1898.0972900390627,1439.8921508789065,"Fish Model, Snook",pool,4
17763,94,4,2024.06.20.REEF/08_2023/083123_Fish Degree Angle Tests/083123_Fish Deg Angle Tests_FSL04/P8310428.ORF,2037.3955437937493,1453.5342845349653,Red Laser,2190.5142811304804,1451.8861138522757,1895.085998535156,1445.0253295898438,"Fish Model, Snook",pool,4
17765,94,4,2024.06.20.REEF/08_2023/083123_Fish Degree Angle Tests/083123_Fish Deg Angle Tests_FSL04/P8310430.ORF,2037.6970870592363,1453.986688513649,Red Laser,2180.539125049585,1452.5598002166776,1892.9819946289065,1445.0364990234375,"Fish Model, Snook",pool,4
17766,94,4,2024.06.20.REEF/08_2023/083123_Fish Degree Angle Tests/083123_Fish Deg Angle Tests_FSL04/P8310431.ORF,2038.1532735346716,1452.9783195180185,Red Laser,2186.999605109019,1463.583959567268,1899.9739379882808,1459.0233764648438,"Fish Model, Snook",pool,4
17768,94,4,2024.06.20.REEF/08_2023/083123_Fish Degree Angle Tests/083123_Fish Deg Angle Tests_FSL04/P8310432.ORF,2035.938682292099,1452.6886440619612,Red Laser,2180.680020502465,1463.067709120945,1893.1156616210933,1459.0740356445312,"Fish Model, Snook",pool,4
17771,94,4,2024.06.20.REEF/08_2023/083123_Fish Degree Angle Tests/083123_Fish Deg Angle Tests_FSL04/P8310436.ORF,2038.2272780423773,1451.404040161499,Red Laser,2180.2268739356923,1451.1337321167102,1890.07763671875,1446.04052734375,"Fish Model, Snook",pool,4
17773,94,4,2024.06.20.REEF/08_2023/083123_Fish Degree Angle Tests/083123_Fish Deg Angle Tests_FSL04/P8310438.ORF,2037.4800466725037,1454.108672604442,Red Laser,2182.6598517303346,1460.0998793923566,1890.9111328125,1459.949462890625,"Fish Model, Snook",pool,4
17776,94,4,2024.06.20.REEF/08_2023/083123_Fish Degree Angle Tests/083123_Fish Deg Angle Tests_FSL04/P8310439.ORF,2037.7308553301168,1454.065665050559,Red Laser,2195.1946767044005,1452.8440361938517,1906.043701171875,1444.8963012695312,"Fish Model, Snook",pool,4
17784,94,4,2024.06.20.REEF/08_2023/083123_Fish Degree Angle Tests/083123_Fish Deg Angle Tests_FSL04/P8310450.ORF,2037.818857500185,1452.0558093388142,Red Laser,2179.7616511649244,1457.622254514051,1899.9730834960935,1450.9066772460938,"Fish Model, Snook",pool,4
17785,94,4,2024.06.20.REEF/08_2023/083123_Fish Degree Angle Tests/083123_Fish Deg Angle Tests_FSL04/P8310449.ORF,2036.5900751376228,1452.9366294621163,Red Laser,2178.897411124792,1453.789176366816,1894.9887084960935,1448.9299926757812,"Fish Model, Snook",pool,4
17786,94,4,2024.06.20.REEF/08_2023/083123_Fish Degree Angle Tests/083123_Fish Deg Angle Tests_FSL04/P8310451.ORF,2037.5318522454197,1453.0010440723486,Red Laser,2175.0460843170813,1451.421170039438,1897.0525512695312,1450.0159301757812,"Fish Model, Snook",pool,4
17787,94,4,2024.06.20.REEF/08_2023/083123_Fish Degree Angle Tests/083123_Fish Deg Angle Tests_FSL04/P8310453.ORF,2037.0340400711043,1454.0270722979396,Red Laser,2177.517779137739,1454.6903725324382,1898.117919921875,1444.0491333007812,"Fish Model, Snook",pool,4
17791,94,4,2024.06.20.REEF/08_2023/083123_Fish Degree Angle Tests/083123_Fish Deg Angle Tests_FSL04/P8310455.ORF,2036.986769599394,1454.469137509451,Red Laser,2181.339308674994,1452.354452285008,1900.0688476562505,1441.8892211914062,"Fish Model, Snook",pool,4
17793,94,4,2024.06.20.REEF/08_2023/083123_Fish Degree Angle Tests/083123_Fish Deg Angle Tests_FSL04/P8310456.ORF,2036.135005959623,1453.287085035978,Red Laser,2182.442429409012,1447.1117396202171,1898.9484252929683,1443.9110107421875,"Fish Model, Snook",pool,4
17796,94,4,2024.06.20.REEF/08_2023/083123_Fish Degree Angle Tests/083123_Fish Deg Angle Tests_FSL04/P8310461.ORF,2037.509752990566,1454.3183751911547,Red Laser,2180.316600360862,1446.2745156364538,1900.987060546875,1438.8993530273438,"Fish Model, Snook",pool,4
17805,94,4,2024.06.20.REEF/08_2023/083123_Fish Degree Angle Tests/083123_Fish Deg Angle Tests_FSL04/P8310470.ORF,2035.0365631161767,1453.799691696253,Red Laser,2165.6699391353527,1448.2565029350342,1892.0788574218752,1442.9093017578125,"Fish Model, Snook",pool,4
17806,94,4,2024.06.20.REEF/08_2023/083123_Fish Degree Angle Tests/083123_Fish Deg Angle Tests_FSL04/P8310471.ORF,2037.6306467103636,1453.98939824661,Red Laser,2174.724744823447,1452.4022693367087,1900.8543138275136,1447.3729802360488,"Fish Model, Snook",pool,4
17808,94,4,2024.06.20.REEF/08_2023/083123_Fish Degree Angle Tests/083123_Fish Deg Angle Tests_FSL04/P8310473.ORF,2036.7774075806224,1452.4646379188207,Red Laser,2173.238243470625,1458.452900313369,1901.9859619140625,1452.0645141601562,"Fish Model, Snook",pool,4
17810,94,4,2024.06.20.REEF/08_2023/083123_Fish Degree Angle Tests/083123_Fish Deg Angle Tests_FSL04/P8310476.ORF,2037.614771224496,1454.452580366309,Red Laser,2192.64273730086,1443.3782825203025,1918.0697021484373,1439.0147705078125,"Fish Model, Snook",pool,4
17811,94,4,2024.06.20.REEF/08_2023/083123_Fish Degree Angle Tests/083123_Fish Deg Angle Tests_FSL04/P8310475.ORF,2037.535337319909,1451.565765689828,Red Laser,2185.63568180846,1440.588153091439,1912.05859375,1438.0182495117188,"Fish Model, Snook",pool,4
17812,94,4,2024.06.20.REEF/08_2023/083123_Fish Degree Angle Tests/083123_Fish Deg Angle Tests_FSL04/P8310478.ORF,2037.531259429897,1453.789111939434,Red Laser,2180.710638591205,1445.3998725727731,1902.9187622070312,1439.8797607421875,"Fish Model, Snook",pool,4
17814,94,4,2024.06.20.REEF/08_2023/083123_Fish Degree Angle Tests/083123_Fish Deg Angle Tests_FSL04/P8310479.ORF,2036.8728579553872,1453.6008791458892,Red Laser,2185.7220264979646,1445.730949047639,1910.1046752929688,1439.903625488281,"Fish Model, Snook",pool,4
17816,94,4,2024.06.20.REEF/08_2023/083123_Fish Degree Angle Tests/083123_Fish Deg Angle Tests_FSL04/P8310481.ORF,2037.601252923858,1453.1850322656987,Red Laser,2174.4381284751794,1461.827723197944,1902.5483739204396,1459.9409099922136,"Fish Model, Snook",pool,4
17823,94,4,2024.06.20.REEF/08_2023/083123_Fish Degree Angle Tests/083123_Fish Deg Angle Tests_FSL04/P8310488.ORF,2036.9436199512145,1452.232704396459,Red Laser,2184.470644255436,1454.1914313270258,1909.448490685881,1449.9054837855874,"Fish Model, Snook",pool,4
17824,94,4,2024.06.20.REEF/08_2023/083123_Fish Degree Angle Tests/083123_Fish Deg Angle Tests_FSL04/P8310489.ORF,2036.5083947258397,1452.8668697750916,Red Laser,2182.9752592204045,1454.5731978548536,1908.2400116201527,1450.892776216354,"Fish Model, Snook",pool,4
17825,94,4,2024.06.20.REEF/08_2023/083123_Fish Degree Angle Tests/083123_Fish Deg Angle Tests_FSL04/P8310491.ORF,2036.7279468777392,1452.5439876856756,Red Laser,2177.073524368998,1445.5674416378497,1902.390356783896,1443.3144581563351,"Fish Model, Snook",pool,4
17826,94,4,2024.06.20.REEF/08_2023/083123_Fish Degree Angle Tests/083123_Fish Deg Angle Tests_FSL04/P8310490.ORF,2037.1173664449525,1453.1296353526473,Red Laser,2187.939275204076,1448.1051402759629,1912.9214477539065,1443.0628662109375,"Fish Model, Snook",pool,4
17836,94,4,2024.06.20.REEF/08_2023/083123_Fish Degree Angle Tests/083123_Fish Deg Angle Tests_FSL04/P8310498.ORF,2037.7356105682009,1451.1340621974427,Red Laser,2168.992009579076,1458.6673396286094,1905.1724489268952,1450.5585715023462,"Fish Model, Snook",pool,4
17839,94,4,2024.06.20.REEF/08_2023/083123_Fish Degree Angle Tests/083123_Fish Deg Angle Tests_FSL04/P8310504.ORF,2036.9962212989824,1452.3171864180906,Red Laser,2176.282493572224,1453.8520889473064,1916.9669189453125,1444.888427734375,"Fish Model, Snook",pool,4
17841,94,4,2024.06.20.REEF/08_2023/083123_Fish Degree Angle Tests/083123_Fish Deg Angle Tests_FSL04/P8310503.ORF,2037.3796856635215,1454.3751066600032,Red Laser,2183.621223625759,1452.4918369947889,1920.5553381408777,1442.1437901657564,"Fish Model, Snook",pool,4
17842,94,4,2024.06.20.REEF/08_2023/083123_Fish Degree Angle Tests/083123_Fish Deg Angle Tests_FSL04/P8310510.ORF,2038.5,1454.0,Red Laser,2175.2046339321487,1444.7034339160768,1918.0266723632808,1435.660888671875,"Fish Model, Snook",pool,4
17844,94,4,2024.06.20.REEF/08_2023/083123_Fish Degree Angle Tests/083123_Fish Deg Angle Tests_FSL04/P8310509.ORF,2036.8483277136415,1453.5154267409414,Red Laser,2175.958185536181,1449.4803339477637,1913.8983154296875,1440.9337768554688,"Fish Model, Snook",pool,4
17850,94,4,2024.06.20.REEF/08_2023/083123_Fish Degree Angle Tests/083123_Fish Deg Angle Tests_FSL04/P8310514.ORF,2037.528468789876,1451.0490906226653,Red Laser,2166.3933127124674,1445.9923714588283,1920.047119140625,1438.9930419921875,"Fish Model, Snook",pool,4
17851,94,4,2024.06.20.REEF/08_2023/083123_Fish Degree Angle Tests/083123_Fish Deg Angle Tests_FSL04/P8310516.ORF,2036.418106629108,1451.7735696990012,Red Laser,2169.968730019775,1452.9814676343588,1921.7530941190544,1447.5383872364723,"Fish Model, Snook",pool,4
17855,94,4,2024.06.20.REEF/08_2023/083123_Fish Degree Angle Tests/083123_Fish Deg Angle Tests_FSL04/P8310520.ORF,2036.5774168915216,1451.3290322073324,Red Laser,2169.7780641681165,1439.07026892244,1921.029296875,1433.2562866210935,"Fish Model, Snook",pool,4
17860,94,4,2024.06.20.REEF/08_2023/083123_Fish Degree Angle Tests/083123_Fish Deg Angle Tests_FSL04/P8310525.ORF,2037.0342673458445,1453.2186823300822,Red Laser,2153.897394520556,1453.3246942993262,1906.9387817382808,1443.2796630859375,"Fish Model, Snook",pool,4
17863,94,4,2024.06.20.REEF/08_2023/083123_Fish Degree Angle Tests/083123_Fish Deg Angle Tests_FSL04/P8310528.ORF,2038.05868587042,1453.9640474495302,Red Laser,2169.1441185336053,1455.2778359813894,1923.210918361024,1449.873942936142,"Fish Model, Snook",pool,4
17865,94,4,2024.06.20.REEF/08_2023/083123_Fish Degree Angle Tests/083123_Fish Deg Angle Tests_FSL04/P8310529.ORF,2037.459754941388,1454.242666191124,Red Laser,2164.668647942166,1454.8662958556044,1918.90478515625,1446.0368041992188,"Fish Model, Snook",pool,4
17866,94,4,2024.06.20.REEF/08_2023/083123_Fish Degree Angle Tests/083123_Fish Deg Angle Tests_FSL04/P8310533.ORF,2036.6020770513276,1454.3667016732045,Red Laser,2164.8265173873824,1460.1671500511277,1918.86286157605,1455.43673476414,"Fish Model, Snook",pool,4
17867,94,4,2024.06.20.REEF/08_2023/083123_Fish Degree Angle Tests/083123_Fish Deg Angle Tests_FSL04/P8310532.ORF,2037.3215620834253,1453.56579625812,Red Laser,2163.649102336799,1462.0864039924695,1914.9744262695312,1455.062438964844,"Fish Model, Snook",pool,4
17870,94,4,2024.06.20.REEF/08_2023/083123_Fish Degree Angle Tests/083123_Fish Deg Angle Tests_FSL04/P8310531.ORF,2036.756477443624,1453.7953780833543,Red Laser,2167.197281959943,1456.0107629067695,1919.9453125,1449.966796875,"Fish Model, Snook",pool,4
17871,94,4,2024.06.20.REEF/08_2023/083123_Fish Degree Angle Tests/083123_Fish Deg Angle Tests_FSL04/P8310536.ORF,2036.483298137732,1451.592781921939,Red Laser,2148.982413040151,1466.94513822938,1917.039978027344,1459.0263671875,"Fish Model, Snook",pool,4
17877,94,4,2024.06.20.REEF/08_2023/083123_Fish Degree Angle Tests/083123_Fish Deg Angle Tests_FSL04/P8310542.ORF,2036.995615481492,1453.986688513649,Red Laser,2155.933742669903,1460.8148074722317,1925.0029296875,1446.1212768554688,"Fish Model, Snook",pool,4
17883,94,4,2024.06.20.REEF/08_2023/083123_Fish Degree Angle Tests/083123_Fish Deg Angle Tests_FSL04/P8310547.ORF,2037.5904046759645,1452.7278716786168,Red Laser,2174.15715863608,1459.1423566265146,1938.9506225585935,1444.9169921875,"Fish Model, Snook",pool,4
17885,94,4,2024.06.20.REEF/08_2023/083123_Fish Degree Angle Tests/083123_Fish Deg Angle Tests_FSL04/P8310551.ORF,2036.7495245755665,1451.6462980275928,Red Laser,2165.702161169424,1465.4399731052458,1930.9224853515627,1453.925537109375,"Fish Model, Snook",pool,4
17888,94,4,2024.06.20.REEF/08_2023/083123_Fish Degree Angle Tests/083123_Fish Deg Angle Tests_FSL04/P8310553.ORF,2036.475726638138,1455.0016563383822,Red Laser,2168.1819494758493,1469.6749245922197,1932.854868767526,1455.5393002082335,"Fish Model, Snook",pool,4
17889,94,4,2024.06.20.REEF/08_2023/083123_Fish Degree Angle Tests/083123_Fish Deg Angle Tests_FSL04/P8310555.ORF,2037.138370875413,1451.623264181261,Red Laser,2163.815990226355,1468.59426847077,1929.0987548828125,1456.96044921875,"Fish Model, Snook",pool,4
15848,114,1,2023-09-07 REEF Data Dump/083123_Fish Degree Angle Tests/083123_Fish Degree Angle Test_FSL-01/P8310018.ORF,1959.341127802105,1403.373388726405,Red Laser,2297.064331733113,1461.46382652001,1663.8596801757812,1334.9591064453125,"Fish Model, Snook",pool,4
15849,114,1,2023-09-07 REEF Data Dump/083123_Fish Degree Angle Tests/083123_Fish Degree Angle Test_FSL-01/P8310024.ORF,1960.4575462669236,1408.3403616401029,Red Laser,2283.718616279249,1499.97036821396,1666.8076782226562,1376.2218017578125,"Fish Model, Snook",pool,4
15853,114,1,2023-09-07 REEF Data Dump/083123_Fish Degree Angle Tests/083123_Fish Degree Angle Test_FSL-01/P8310021.ORF,1959.4790087030929,1403.871378959704,Red Laser,2304.491667918853,1469.66119767312,1687.1576538085935,1345.1342163085938,"Fish Model, Snook",pool,4
15856,114,1,2023-09-07 REEF Data Dump/083123_Fish Degree Angle Tests/083123_Fish Degree Angle Test_FSL-01/P8310025.ORF,1960.482603138976,1409.2328018535295,Red Laser,2263.7322567481483,1468.8245104945756,1653.1741333007812,1350.0731201171875,"Fish Model, Snook",pool,4
15857,114,1,2023-09-07 REEF Data Dump/083123_Fish Degree Angle Tests/083123_Fish Degree Angle Test_FSL-01/P8310031.ORF,1961.936538709368,1408.2213250621885,Red Laser,2280.166329589021,1465.982730876245,1668.1132202148438,1349.9557495117188,"Fish Model, Snook",pool,4
15860,114,1,2023-09-07 REEF Data Dump/083123_Fish Degree Angle Tests/083123_Fish Degree Angle Test_FSL-01/P8310029.ORF,1961.1710385514664,1408.9604831814736,Red Laser,2279.482647705256,1461.3410454643308,1664.0000000000002,1343.0,"Fish Model, Snook",pool,4
15864,114,1,2023-09-07 REEF Data Dump/083123_Fish Degree Angle Tests/083123_Fish Degree Angle Test_FSL-01/P8310035.ORF,1960.357618920979,1406.0296902823395,Red Laser,2293.716841182188,1452.7667767559708,1680.0827026367188,1349.2080078125,"Fish Model, Snook",pool,4
15868,114,1,2023-09-07 REEF Data Dump/083123_Fish Degree Angle Tests/083123_Fish Degree Angle Test_FSL-01/P8310040.ORF,1958.3777325152028,1407.6979644358628,Red Laser,2282.053263798637,1478.3659461578384,1670.8966674804688,1352.9273071289062,"Fish Model, Snook",pool,4
15869,114,1,2023-09-07 REEF Data Dump/083123_Fish Degree Angle Tests/083123_Fish Degree Angle Test_FSL-01/P8310039.ORF,1961.636666450549,1411.8574906705471,Red Laser,2289.026969714088,1479.6736173710506,1679.7738647460938,1352.8466186523438,"Fish Model, Snook",pool,4
15870,114,1,2023-09-07 REEF Data Dump/083123_Fish Degree Angle Tests/083123_Fish Degree Angle Test_FSL-01/P8310041.ORF,1959.8225012531595,1410.122905836186,Red Laser,2279.076071958281,1468.5355986416637,1669.9987182617188,1355.7947387695312,"Fish Model, Snook",pool,4
15874,114,1,2023-09-07 REEF Data Dump/083123_Fish Degree Angle Tests/083123_Fish Degree Angle Test_FSL-01/P8310042.ORF,1960.660361853283,1409.942224428348,Red Laser,2279.3414736010936,1471.442083704203,1670.9086914062498,1345.9044799804688,"Fish Model, Snook",pool,4
15875,114,1,2023-09-07 REEF Data Dump/083123_Fish Degree Angle Tests/083123_Fish Degree Angle Test_FSL-01/P8310046.ORF,1959.779204886496,1407.0797278957066,Red Laser,2273.1919933006866,1478.3335058314565,1663.1658935546875,1350.0078735351562,"Fish Model, Snook",pool,4
15882,114,1,2023-09-07 REEF Data Dump/083123_Fish Degree Angle Tests/083123_Fish Degree Angle Test_FSL-01/P8310052.ORF,1962.4000693117432,1410.063297831084,Red Laser,2275.662353719153,1409.489562920439,1651.8146972656248,1392.5934045637844,"Fish Model, Snook",pool,4
15884,114,1,2023-09-07 REEF Data Dump/083123_Fish Degree Angle Tests/083123_Fish Degree Angle Test_FSL-01/P8310056.ORF,1962.71209922412,1406.28936457077,Red Laser,2269.008993010533,1424.07299791119,1644.8966064453125,1397.898681640625,"Fish Model, Snook",pool,4
15889,114,1,2023-09-07 REEF Data Dump/083123_Fish Degree Angle Tests/083123_Fish Degree Angle Test_FSL-01/P8310058.ORF,1962.41215076282,1406.7899013853864,Red Laser,2283.516911042479,1410.837373537294,1660.972412109375,1379.0548706054688,"Fish Model, Snook",pool,4
15892,114,1,2023-09-07 REEF Data Dump/083123_Fish Degree Angle Tests/083123_Fish Degree Angle Test_FSL-01/P8310065.ORF,1960.2735093967265,1408.9998572467157,Red Laser,2263.5522904009367,1423.7456943086725,1640.1875610351565,1399.7619018554688,"Fish Model, Snook",pool,4
15895,114,1,2023-09-07 REEF Data Dump/083123_Fish Degree Angle Tests/083123_Fish Degree Angle Test_FSL-01/P8310066.ORF,1961.5245718719805,1405.4827002758743,Red Laser,2281.118571551511,1423.12879190613,1658.9874877929688,1354.814697265625,"Fish Model, Snook",pool,4
15897,114,1,2023-09-07 REEF Data Dump/083123_Fish Degree Angle Tests/083123_Fish Degree Angle Test_FSL-01/P8310067.ORF,1960.1386481802429,1400.84575389948,Red Laser,2290.030348103041,1427.5672887783774,1666.2327880859375,1359.18896484375,"Fish Model, Snook",pool,4
15906,114,1,2023-09-07 REEF Data Dump/083123_Fish Degree Angle Tests/083123_Fish Degree Angle Test_FSL-01/P8310075.ORF,1962.4861959249884,1408.7115244419024,Red Laser,2287.260742323185,1427.5474442770171,1667.0117187500002,1352.872314453125,"Fish Model, Snook",pool,4
15908,114,1,2023-09-07 REEF Data Dump/083123_Fish Degree Angle Tests/083123_Fish Degree Angle Test_FSL-01/P8310080.ORF,1964.5822922457091,1409.1573864871516,Red Laser,2279.292760430923,1452.0140497363757,1671.9371337890625,1373.1749267578125,"Fish Model, Snook",pool,4
15917,114,1,2023-09-07 REEF Data Dump/083123_Fish Degree Angle Tests/083123_Fish Degree Angle Test_FSL-01/P8310088.ORF,1961.450468046868,1408.0520052613017,Red Laser,2286.5222576000497,1428.266357150505,1679.2255859375,1349.822998046875,"Fish Model, Snook",pool,4
15920,114,1,2023-09-07 REEF Data Dump/083123_Fish Degree Angle Tests/083123_Fish Degree Angle Test_FSL-01/P8310091.ORF,1959.592940052332,1408.1083502983154,Red Laser,2283.3411870661785,1437.9012042461693,1673.9329223632812,1349.93896484375,"Fish Model, Snook",pool,4
15922,114,1,2023-09-07 REEF Data Dump/083123_Fish Degree Angle Tests/083123_Fish Degree Angle Test_FSL-01/P8310093.ORF,1959.991305100757,1406.7104589620458,Red Laser,2284.5272466229226,1445.0862177325464,1679.15625,1356.8966674804688,"Fish Model, Snook",pool,4
15923,114,1,2023-09-07 REEF Data Dump/083123_Fish Degree Angle Tests/083123_Fish Degree Angle Test_FSL-01/P8310094.ORF,1960.6268284768216,1408.5092310719244,Red Laser,2284.2469330966182,1439.5414286294983,1677.9490356445312,1357.03564453125,"Fish Model, Snook",pool,4
15926,114,1,2023-09-07 REEF Data Dump/083123_Fish Degree Angle Tests/083123_Fish Degree Angle Test_FSL-01/P8310096.ORF,1960.8828437241468,1407.9458496917046,Red Laser,2277.1202400331567,1451.3021642935637,1670.2378540039062,1363.175537109375,"Fish Model, Snook",pool,4
15927,114,1,2023-09-07 REEF Data Dump/083123_Fish Degree Angle Tests/083123_Fish Degree Angle Test_FSL-01/P8310097.ORF,1959.589600194904,1405.2505730668536,Red Laser,2279.9498805730595,1445.163462728778,1673.2085571289062,1360.8527221679688,"Fish Model, Snook",pool,4
15931,114,1,2023-09-07 REEF Data Dump/083123_Fish Degree Angle Tests/083123_Fish Degree Angle Test_FSL-01/P8310103.ORF,1960.8581083029808,1404.1504959377232,Red Laser,2275.106144881893,1466.4815222415182,1676.8908691406248,1373.0112915039062,"Fish Model, Snook",pool,4
15934,114,1,2023-09-07 REEF Data Dump/083123_Fish Degree Angle Tests/083123_Fish Degree Angle Test_FSL-01/P8310104.ORF,1959.4171435079904,1408.1359821838244,Red Laser,2278.476539199123,1457.614196603297,1685.0634765625,1373.1276245117188,"Fish Model, Snook",pool,4
15936,114,1,2023-09-07 REEF Data Dump/083123_Fish Degree Angle Tests/083123_Fish Degree Angle Test_FSL-01/P8310107.ORF,1960.0950576290616,1407.8651076448211,Red Laser,2273.1039639850287,1458.5360714381304,1680.1326293945312,1372.1068725585938,"Fish Model, Snook",pool,4
15937,114,1,2023-09-07 REEF Data Dump/083123_Fish Degree Angle Tests/083123_Fish Degree Angle Test_FSL-01/P8310108.ORF,1960.6222746255776,1408.1544536462036,Red Laser,2278.395399079809,1459.8912710683258,1684.812927246094,1373.1032104492188,"Fish Model, Snook",pool,4
15951,114,1,2023-09-07 REEF Data Dump/083123_Fish Degree Angle Tests/083123_Fish Degree Angle Test_FSL-01/P8310126.ORF,1959.9012067477076,1408.2112149137824,Red Laser,2264.6195887815006,1465.5582474318308,1685.8228759765625,1372.1526489257812,"Fish Model, Snook",pool,4
15952,114,1,2023-09-07 REEF Data Dump/083123_Fish Degree Angle Tests/083123_Fish Degree Angle Test_FSL-01/P8310124.ORF,1958.6891734575088,1406.3573923166473,Red Laser,2258.797764015837,1462.6233812330022,1684.9193115234375,1365.8176879882812,"Fish Model, Snook",pool,4
15953,114,1,2023-09-07 REEF Data Dump/083123_Fish Degree Angle Tests/083123_Fish Degree Angle Test_FSL-01/P8310125.ORF,1958.648313655755,1404.69405256214,Red Laser,2264.795337524072,1457.8554018560174,1687.7769165039062,1364.8689575195312,"Fish Model, Snook",pool,4
15954,114,1,2023-09-07 REEF Data Dump/083123_Fish Degree Angle Tests/083123_Fish Degree Angle Test_FSL-01/P8310122.ORF,1960.2781070375868,1404.0238944479142,Red Laser,2265.070760724343,1455.4310096344009,1687.832824707031,1361.9923706054688,"Fish Model, Snook",pool,4
15955,114,1,2023-09-07 REEF Data Dump/083123_Fish Degree Angle Tests/083123_Fish Degree Angle Test_FSL-01/P8310123.ORF,1960.4535086135909,1404.6921834499296,Red Laser,2260.732503549192,1458.8932207052626,1686.0720825195312,1370.1107177734375,"Fish Model, Snook",pool,4
15957,114,1,2023-09-07 REEF Data Dump/083123_Fish Degree Angle Tests/083123_Fish Degree Angle Test_FSL-01/P8310129.ORF,1959.264359989842,1404.7166803317011,Red Laser,2274.253283708227,1468.6655965530747,1697.119140625,1372.8088989257812,"Fish Model, Snook",pool,4
15958,114,1,2023-09-07 REEF Data Dump/083123_Fish Degree Angle Tests/083123_Fish Degree Angle Test_FSL-01/P8310128.ORF,1959.9241010762853,1403.8845343379087,Red Laser,2272.1619062410773,1456.5426023355349,1695.0049438476562,1362.0850830078125,"Fish Model, Snook",pool,4
15960,114,1,2023-09-07 REEF Data Dump/083123_Fish Degree Angle Tests/083123_Fish Degree Angle Test_FSL-01/P8310131.ORF,1960.001135949045,1410.2604329209817,Red Laser,2279.450358728728,1464.598410532078,1699.1243286132812,1371.2178344726562,"Fish Model, Snook",pool,4
15964,114,1,2023-09-07 REEF Data Dump/083123_Fish Degree Angle Tests/083123_Fish Degree Angle Test_FSL-01/P8310136.ORF,1959.2177219183495,1404.793790766994,Red Laser,2264.8452591509367,1459.274390326507,1684.8167724609375,1362.0980834960938,"Fish Model, Snook",pool,4
15966,114,1,2023-09-07 REEF Data Dump/083123_Fish Degree Angle Tests/083123_Fish Degree Angle Test_FSL-01/P8310137.ORF,1959.741305250646,1406.1676602407126,Red Laser,2257.8809165469347,1479.4369708816528,1687.9014892578125,1383.2176513671875,"Fish Model, Snook",pool,4
15969,114,1,2023-09-07 REEF Data Dump/083123_Fish Degree Angle Tests/083123_Fish Degree Angle Test_FSL-01/P8310138.ORF,1960.380679239744,1405.7855689469247,Red Laser,2260.206584043295,1472.5348302994971,1693.1702880859375,1374.12451171875,"Fish Model, Snook",pool,4
15977,114,1,2023-09-07 REEF Data Dump/083123_Fish Degree Angle Tests/083123_Fish Degree Angle Test_FSL-01/P8310148.ORF,1959.915328335091,1404.6299803533466,Red Laser,2250.267775472065,1456.9860039604248,1685.1480712890625,1359.1449584960938,"Fish Model, Snook",pool,4
15979,114,1,2023-09-07 REEF Data Dump/083123_Fish Degree Angle Tests/083123_Fish Degree Angle Test_FSL-01/P8310151.ORF,1961.230649553432,1404.3658301641533,Red Laser,2251.054360762028,1459.6004362187075,1686.0950927734375,1364.0802001953125,"Fish Model, Snook",pool,4
15980,114,1,2023-09-07 REEF Data Dump/083123_Fish Degree Angle Tests/083123_Fish Degree Angle Test_FSL-01/P8310150.ORF,1959.4898109181029,1403.2651850824277,Red Laser,2250.4948327864404,1457.1863602247995,1684.9687499999998,1361.78076171875,"Fish Model, Snook",pool,4
15984,114,1,2023-09-07 REEF Data Dump/083123_Fish Degree Angle Tests/083123_Fish Degree Angle Test_FSL-01/P8310155.ORF,1959.925615620983,1406.4822908883514,Red Laser,2264.486979754636,1464.6248164874755,1697.79638671875,1362.2097778320312,"Fish Model, Snook",pool,4
15988,114,1,2023-09-07 REEF Data Dump/083123_Fish Degree Angle Tests/083123_Fish Degree Angle Test_FSL-01/P8310160.ORF,1959.839874116057,1404.3742936557485,Red Laser,2255.2548423485373,1432.3240119085378,1725.0282592773438,1345.852294921875,"Fish Model, Snook",pool,4
15990,114,1,2023-09-07 REEF Data Dump/083123_Fish Degree Angle Tests/083123_Fish Degree Angle Test_FSL-01/P8310161.ORF,1958.82249418016,1405.976541874535,Red Laser,2248.772176332913,1448.8723723234818,1719.0956420898438,1360.1488647460938,"Fish Model, Snook",pool,4
15991,114,1,2023-09-07 REEF Data Dump/083123_Fish Degree Angle Tests/083123_Fish Degree Angle Test_FSL-01/P8310162.ORF,1961.920593743537,1407.9626749758345,Red Laser,2263.1333823876007,1464.0708428276118,1729.8861083984375,1373.2297973632812,"Fish Model, Snook",pool,4
15999,114,1,2023-09-07 REEF Data Dump/083123_Fish Degree Angle Tests/083123_Fish Degree Angle Test_FSL-01/P8310169.ORF,1960.2341042766157,1407.736804792546,Red Laser,2250.1973876953125,1470.04833984375,1741.038818359375,1363.0483398437502,"Fish Model, Snook",pool,4
16001,114,1,2023-09-07 REEF Data Dump/083123_Fish Degree Angle Tests/083123_Fish Degree Angle Test_FSL-01/P8310172.ORF,1960.0565442089248,1402.9918762168695,Red Laser,2232.366427777738,1468.237926689501,1723.7534790039062,1367.8988037109375,"Fish Model, Snook",pool,4
16005,114,1,2023-09-07 REEF Data Dump/083123_Fish Degree Angle Tests/083123_Fish Degree Angle Test_FSL-01/P8310175.ORF,1959.9544695203367,1406.416833264758,Red Laser,2237.014892578125,1483.0796508789062,1736.1380615234375,1377.0796508789062,"Fish Model, Snook",pool,4
16008,114,1,2023-09-07 REEF Data Dump/083123_Fish Degree Angle Tests/083123_Fish Degree Angle Test_FSL-01/P8310179.ORF,1959.5385537809748,1406.3968733667607,Red Laser,2227.223022460937,1483.8157348632812,1722.0180053710938,1379.1842651367188,"Fish Model, Snook",pool,4
16010,114,1,2023-09-07 REEF Data Dump/083123_Fish Degree Angle Tests/083123_Fish Degree Angle Test_FSL-01/P8310182.ORF,1960.7846236709192,1404.9612785047489,Red Laser,2217.003784179687,1463.9657592773438,1774.4233302425175,1374.6855397615925,"Fish Model, Snook",pool,4
16014,114,1,2023-09-07 REEF Data Dump/083123_Fish Degree Angle Tests/083123_Fish Degree Angle Test_FSL-01/P8310185.ORF,1960.1270105895255,1408.8020985727107,Red Laser,2207.706787109375,1468.292663574219,1773.0853375095592,1383.1971115658744,"Fish Model, Snook",pool,4
16015,114,1,2023-09-07 REEF Data Dump/083123_Fish Degree Angle Tests/083123_Fish Degree Angle Test_FSL-01/P8310186.ORF,1961.4770629095613,1407.5759334318805,Red Laser,2221.029296875,1473.0809936523438,1773.1665945559018,1382.056913021487,"Fish Model, Snook",pool,4
16020,114,1,2023-09-07 REEF Data Dump/083123_Fish Degree Angle Tests/083123_Fish Degree Angle Test_FSL-01/P8310191.ORF,1957.72204783042,1406.361785375521,Red Laser,2224.797973632813,1469.3412475585938,1772.3113253920687,1378.06706352381,"Fish Model, Snook",pool,4
16022,114,1,2023-09-07 REEF Data Dump/083123_Fish Degree Angle Tests/083123_Fish Degree Angle Test_FSL-01/P8310194.ORF,1959.851874342556,1404.120526271535,Red Laser,2214.8454589843745,1480.29345703125,1759.378908765887,1382.9859894677286,"Fish Model, Snook",pool,4
16024,114,1,2023-09-07 REEF Data Dump/083123_Fish Degree Angle Tests/083123_Fish Degree Angle Test_FSL-01/P8310195.ORF,1959.497116810624,1404.7745245140327,Red Laser,2213.5827636718745,1481.9884033203125,1758.4960718237364,1385.4451592327928,"Fish Model, Snook",pool,4
16026,114,1,2023-09-07 REEF Data Dump/083123_Fish Degree Angle Tests/083123_Fish Degree Angle Test_FSL-01/P8310200.ORF,1959.838254078463,1403.0998722664583,Red Laser,2212.05078125,1476.6925048828125,1750.6324900094685,1383.872230065229,"Fish Model, Snook",pool,4
16027,114,1,2023-09-07 REEF Data Dump/083123_Fish Degree Angle Tests/083123_Fish Degree Angle Test_FSL-01/P8310199.ORF,1959.287998041199,1406.5788066525686,Red Laser,2216.263061523438,1466.1172485351562,1755.8695068359375,1375.1172485351562,"Fish Model, Snook",pool,4
16029,114,1,2023-09-07 REEF Data Dump/083123_Fish Degree Angle Tests/083123_Fish Degree Angle Test_FSL-01/P8310197.ORF,1960.0720779550463,1406.5025028403884,Red Laser,2205.1533203125,1479.0262451171875,1745.943086978513,1386.6686668101809,"Fish Model, Snook",pool,4
16050,114,1,2023-09-07 REEF Data Dump/083123_Fish Degree Angle Tests/083123_Fish Degree Angle Test_FSL-01/P8310429.ORF,1996.9600534604765,1483.6135368421346,Red Laser,2125.0,1523.0,1829.0,1450.0,"Fish Model, Snook",pool,4
16053,114,1,2023-09-07 REEF Data Dump/083123_Fish Degree Angle Tests/083123_Fish Degree Angle Test_FSL-01/P8310431.ORF,1998.633918684805,1484.4196462149637,Red Laser,2129.5038741856074,1506.775424432925,1835.7567907116472,1428.0390927801109,"Fish Model, Snook",pool,4
16056,114,1,2023-09-07 REEF Data Dump/083123_Fish Degree Angle Tests/083123_Fish Degree Angle Test_FSL-01/P8310434.ORF,1998.879659713384,1480.6975971463262,Red Laser,2150.3942429766034,1506.630913912929,1850.2799216372284,1426.2639481726303,"Fish Model, Snook",pool,4
16058,114,1,2023-09-07 REEF Data Dump/083123_Fish Degree Angle Tests/083123_Fish Degree Angle Test_FSL-01/P8310435.ORF,1997.732703200438,1482.6242782814977,Red Laser,2142.0,1507.0,1845.0,1431.0,"Fish Model, Snook",pool,4
16070,114,1,2023-09-07 REEF Data Dump/083123_Fish Degree Angle Tests/083123_Fish Degree Angle Test_FSL-01/P8310448.ORF,1996.9289723605557,1480.8339787011314,Red Laser,2165.9999999999995,1506.0,1872.0,1431.0,"Fish Model, Snook",pool,4
16072,114,1,2023-09-07 REEF Data Dump/083123_Fish Degree Angle Tests/083123_Fish Degree Angle Test_FSL-01/P8310450.ORF,1996.5046565798675,1482.6686119264798,Red Laser,2179.0000000000005,1526.0,1876.0,1445.0,"Fish Model, Snook",pool,4
16073,114,1,2023-09-07 REEF Data Dump/083123_Fish Degree Angle Tests/083123_Fish Degree Angle Test_FSL-01/P8310449.ORF,1997.291991650986,1483.1765888579166,Red Laser,2161.792766212054,1527.5898394455028,1872.1610925779344,1451.1053358182623,"Fish Model, Snook",pool,4
16074,114,1,2023-09-07 REEF Data Dump/083123_Fish Degree Angle Tests/083123_Fish Degree Angle Test_FSL-01/P8310452.ORF,1994.8248082326463,1479.8393196211684,Red Laser,2172.9999999999995,1524.9999999999998,1873.0,1448.0,"Fish Model, Snook",pool,4
16077,114,1,2023-09-07 REEF Data Dump/083123_Fish Degree Angle Tests/083123_Fish Degree Angle Test_FSL-01/P8310455.ORF,1994.601605535649,1479.5427228622998,Red Laser,2155.0,1520.0000000000002,1864.0,1446.0,"Fish Model, Snook",pool,4
16079,114,1,2023-09-07 REEF Data Dump/083123_Fish Degree Angle Tests/083123_Fish Degree Angle Test_FSL-01/P8310457.ORF,1995.886140295523,1482.181412376744,Red Laser,2129.114868164062,1514.984375,1844.923400878906,1436.015625,"Fish Model, Snook",pool,4
16080,114,1,2023-09-07 REEF Data Dump/083123_Fish Degree Angle Tests/083123_Fish Degree Angle Test_FSL-01/P8310458.ORF,1994.415901125559,1478.6241828179882,Red Laser,2134.835247826699,1509.706901847254,1848.8900756835935,1425.0280151367188,"Fish Model, Snook",pool,4
16084,114,1,2023-09-07 REEF Data Dump/083123_Fish Degree Angle Tests/083123_Fish Degree Angle Test_FSL-01/P8310461.ORF,1994.4338275018251,1482.5365817278628,Red Laser,2146.032836914062,1513.9906616210935,1861.894775390625,1439.0093383789062,"Fish Model, Snook",pool,4
16087,114,1,2023-09-07 REEF Data Dump/083123_Fish Degree Angle Tests/083123_Fish Degree Angle Test_FSL-01/P8310466.ORF,1993.986867349276,1481.8108743071064,Red Laser,2129.9423899801723,1534.1199058695315,1845.280267850767,1450.3363734697425,"Fish Model, Snook",pool,4
16089,114,1,2023-09-07 REEF Data Dump/083123_Fish Degree Angle Tests/083123_Fish Degree Angle Test_FSL-01/P8310467.ORF,1994.3796187581827,1480.2647485445248,Red Laser,2142.740859872132,1521.999999999999,1857.0,1437.0,"Fish Model, Snook",pool,4
16090,114,1,2023-09-07 REEF Data Dump/083123_Fish Degree Angle Tests/083123_Fish Degree Angle Test_FSL-01/P8310468.ORF,1995.3584793499992,1482.3922834492687,Red Laser,2133.690142228689,1531.2370156937372,1845.0,1449.0,"Fish Model, Snook",pool,4
16095,114,1,2023-09-07 REEF Data Dump/083123_Fish Degree Angle Tests/083123_Fish Degree Angle Test_FSL-01/P8310472.ORF,1997.2690193576489,1482.658405228119,Red Laser,2141.721887895774,1512.8685142160218,1863.9095458984373,1436.90283203125,"Fish Model, Snook",pool,4
16096,114,1,2023-09-07 REEF Data Dump/083123_Fish Degree Angle Tests/083123_Fish Degree Angle Test_FSL-01/P8310475.ORF,1995.117982148613,1482.5958647929433,Red Laser,2143.009155273437,1531.0512084960935,1866.107666015625,1450.0512084960938,"Fish Model, Snook",pool,4
16097,114,1,2023-09-07 REEF Data Dump/083123_Fish Degree Angle Tests/083123_Fish Degree Angle Test_FSL-01/P8310476.ORF,1995.1619167054112,1479.828759385996,Red Laser,2150.7032687132314,1515.06179562291,1873.4954738408971,1436.6360609391402,"Fish Model, Snook",pool,4
16105,114,1,2023-09-07 REEF Data Dump/083123_Fish Degree Angle Tests/083123_Fish Degree Angle Test_FSL-01/P8310483.ORF,1997.670639270896,1484.092509830385,Red Laser,2145.0603174644884,1525.2640657359254,1866.4548362314536,1446.5277340831112,"Fish Model, Snook",pool,4
16107,114,1,2023-09-07 REEF Data Dump/083123_Fish Degree Angle Tests/083123_Fish Degree Angle Test_FSL-01/P8310485.ORF,1994.907320816803,1479.5904011013345,Red Laser,2153.080944093578,1518.610792545811,1873.0,1439.0,"Fish Model, Snook",pool,4
16108,114,1,2023-09-07 REEF Data Dump/083123_Fish Degree Angle Tests/083123_Fish Degree Angle Test_FSL-01/P8310489.ORF,1995.3599316752984,1482.058500700997,Red Laser,2139.483642230032,1527.5703204990214,1869.0,1449.0,"Fish Model, Snook",pool,4
16109,114,1,2023-09-07 REEF Data Dump/083123_Fish Degree Angle Tests/083123_Fish Degree Angle Test_FSL-01/P8310488.ORF,1996.8724256262403,1482.099292336012,Red Laser,2134.9132886643665,1530.5757243969251,1864.018798828125,1453.0521240234375,"Fish Model, Snook",pool,4
16116,114,1,2023-09-07 REEF Data Dump/083123_Fish Degree Angle Tests/083123_Fish Degree Angle Test_FSL-01/P8310494.ORF,1995.7421331626877,1479.3853544038147,Red Laser,2135.080298790702,1514.8360595703125,1867.0822143554683,1433.0860595703125,"Fish Model, Snook",pool,4
16117,114,1,2023-09-07 REEF Data Dump/083123_Fish Degree Angle Tests/083123_Fish Degree Angle Test_FSL-01/P8310496.ORF,1997.301430901576,1482.780427452708,Red Laser,2138.571661603036,1513.5945830170197,1869.987548828125,1435.111572265625,"Fish Model, Snook",pool,4
16123,114,1,2023-09-07 REEF Data Dump/083123_Fish Degree Angle Tests/083123_Fish Degree Angle Test_FSL-01/P8310500.ORF,1996.241120509444,1481.6268772898272,Red Laser,2127.00512121493,1514.18087272967,1858.8974609375,1432.9727783203125,"Fish Model, Snook",pool,4
16127,114,1,2023-09-07 REEF Data Dump/083123_Fish Degree Angle Tests/083123_Fish Degree Angle Test_FSL-01/P8310506.ORF,1998.2307437370207,1482.6730925857364,Red Laser,2159.749629789552,1510.213768766157,1898.948974609375,1439.0191650390625,"Fish Model, Snook",pool,4
16128,114,1,2023-09-07 REEF Data Dump/083123_Fish Degree Angle Tests/083123_Fish Degree Angle Test_FSL-01/P8310507.ORF,1997.9408694058889,1480.0157218532845,Red Laser,2142.108764648438,1510.0957641601562,1882.0108642578125,1440.9042358398438,"Fish Model, Snook",pool,4
16129,114,1,2023-09-07 REEF Data Dump/083123_Fish Degree Angle Tests/083123_Fish Degree Angle Test_FSL-01/P8310508.ORF,1996.476093244622,1480.848062114078,Red Laser,2140.1134033203125,1515.110107421875,1873.9243774414065,1442.889892578125,"Fish Model, Snook",pool,4
16131,114,1,2023-09-07 REEF Data Dump/083123_Fish Degree Angle Tests/083123_Fish Degree Angle Test_FSL-01/P8310509.ORF,1997.5,1484.0000000000005,Red Laser,2151.917358398437,1522.0274047851562,1892.035217285156,1450.0274047851562,"Fish Model, Snook",pool,4
16132,114,1,2023-09-07 REEF Data Dump/083123_Fish Degree Angle Tests/083123_Fish Degree Angle Test_FSL-01/P8310512.ORF,1997.5369737334763,1481.2439990859125,Red Laser,2134.2088138832346,1526.0676221109793,1876.09521484375,1447.087890625,"Fish Model, Snook",pool,4
16136,114,1,2023-09-07 REEF Data Dump/083123_Fish Degree Angle Tests/083123_Fish Degree Angle Test_FSL-01/P8310514.ORF,2000.4814687995597,1483.6346101862173,Red Laser,2127.3080265920207,1521.3839703838112,1866.8785400390625,1445.1038208007812,"Fish Model, Snook",pool,4
16149,114,1,2023-09-07 REEF Data Dump/083123_Fish Degree Angle Tests/083123_Fish Degree Angle Test_FSL-01/P8310527.ORF,1995.456275320481,1482.6076614542264,Red Laser,2134.928563224996,1529.7607087446895,1890.0441284179688,1454.984130859375,"Fish Model, Snook",pool,4
16150,114,1,2023-09-07 REEF Data Dump/083123_Fish Degree Angle Tests/083123_Fish Degree Angle Test_FSL-01/P8310528.ORF,1999.4785373608904,1486.422893481717,Red Laser,2121.91794510103,1529.4053779451324,1874.00830078125,1456.956848144531,"Fish Model, Snook",pool,4
16153,114,1,2023-09-07 REEF Data Dump/083123_Fish Degree Angle Tests/083123_Fish Degree Angle Test_FSL-01/P8310531.ORF,1996.4815731420267,1480.573923393878,Red Laser,2121.869662466973,1522.5132879273349,1878.99755859375,1443.9092407226562,"Fish Model, Snook",pool,4
16156,114,1,2023-09-07 REEF Data Dump/083123_Fish Degree Angle Tests/083123_Fish Degree Angle Test_FSL-01/P8310534.ORF,1997.1678507415909,1480.645556221706,Red Laser,2141.762573242187,1504.969970703125,1894.1204223632808,1438.969970703125,"Fish Model, Snook",pool,4
16161,114,1,2023-09-07 REEF Data Dump/083123_Fish Degree Angle Tests/083123_Fish Degree Angle Test_FSL-01/P8310539.ORF,1995.7758805615576,1480.107038529422,Red Laser,2137.7701074119736,1533.050074368229,1912.3304052288272,1458.7545561157283,"Fish Model, Snook",pool,4
16163,114,1,2023-09-07 REEF Data Dump/083123_Fish Degree Angle Tests/083123_Fish Degree Angle Test_FSL-01/P8310541.ORF,1998.0556540534967,1480.486622111782,Red Laser,2119.0853036735143,1517.669203190342,1891.734064608163,1446.1349068226318,"Fish Model, Snook",pool,4
16165,114,1,2023-09-07 REEF Data Dump/083123_Fish Degree Angle Tests/083123_Fish Degree Angle Test_FSL-01/P8310542.ORF,1998.300356022028,1482.0190098850103,Red Laser,2135.1127249215674,1515.3682340184428,1901.9901733398435,1442.0189819335938,"Fish Model, Snook",pool,4
16169,114,1,2023-09-07 REEF Data Dump/083123_Fish Degree Angle Tests/083123_Fish Degree Angle Test_FSL-01/P8310546.ORF,1995.40012477314,1482.562917571854,Red Laser,2142.38656564363,1530.2439555693763,1913.967041015625,1457.0595703125,"Fish Model, Snook",pool,4
16170,114,1,2023-09-07 REEF Data Dump/083123_Fish Degree Angle Tests/083123_Fish Degree Angle Test_FSL-01/P8310548.ORF,1996.202168695248,1478.7110540063488,Red Laser,2123.7624072722037,1524.3378239566052,1892.11083984375,1450.9163208007812,"Fish Model, Snook",pool,4
16174,114,1,2023-09-07 REEF Data Dump/083123_Fish Degree Angle Tests/083123_Fish Degree Angle Test_FSL-01/P8310550.ORF,1995.2748091981616,1485.802391590534,Red Laser,2152.604902994426,1538.5223243407513,1917.1053466796875,1459.0831298828125,"Fish Model, Snook",pool,4
16177,114,1,2023-09-07 REEF Data Dump/083123_Fish Degree Angle Tests/083123_Fish Degree Angle Test_FSL-01/P8310553.ORF,1997.0540936251327,1482.679367250886,Red Laser,2131.8947753906245,1538.8150634765625,1896.0250854492188,1461.0650634765625,"Fish Model, Snook",pool,4
16188,114,1,2023-09-07 REEF Data Dump/083123_Fish Degree Angle Tests/083123_Fish Degree Angle Test_FSL-01/P8310566.ORF,1995.919130416193,1478.0632479719318,Red Laser,2142.2561824615555,1516.7884107627403,1930.063575157889,1441.680101879111,"Fish Model, Snook",pool,4
16189,114,1,2023-09-07 REEF Data Dump/083123_Fish Degree Angle Tests/083123_Fish Degree Angle Test_FSL-01/P8310567.ORF,1997.8133289802388,1483.9696250346976,Red Laser,2137.0341562125773,1525.252894214045,1927.240809949295,1451.3295105497264,"Fish Model, Snook",pool,4
16192,114,1,2023-09-07 REEF Data Dump/083123_Fish Degree Angle Tests/083123_Fish Degree Angle Test_FSL-01/P8310571.ORF,1994.5983518367484,1482.7027530189691,Red Laser,2128.294293681864,1531.5476253880508,1914.9393920898435,1456.9519042968752,"Fish Model, Snook",pool,4
16193,114,1,2023-09-07 REEF Data Dump/083123_Fish Degree Angle Tests/083123_Fish Degree Angle Test_FSL-01/P8310574.ORF,1994.502059625741,1484.1727521046712,Red Laser,2125.905899613058,1545.4764506025103,1912.8361893270755,1471.9875038425118,"Fish Model, Snook",pool,4
16194,114,1,2023-09-07 REEF Data Dump/083123_Fish Degree Angle Tests/083123_Fish Degree Angle Test_FSL-01/P8310572.ORF,1995.815691020096,1481.5699057668796,Red Laser,2123.748509818068,1534.130216829461,1912.897705078125,1455.9085693359375,"Fish Model, Snook",pool,4
16195,114,1,2023-09-07 REEF Data Dump/083123_Fish Degree Angle Tests/083123_Fish Degree Angle Test_FSL-01/P8310573.ORF,1994.557004033888,1481.8206665579737,Red Laser,2128.8401628370443,1538.8304601599325,1917.961790096287,1464.705429335447,"Fish Model, Snook",pool,4
16197,114,1,2023-09-07 REEF Data Dump/083123_Fish Degree Angle Tests/083123_Fish Degree Angle Test_FSL-01/P8310575.ORF,1997.8745881244315,1481.66017440532,Red Laser,2118.107480997425,1519.7776018018887,1905.1502534268795,1453.91332173101,"Fish Model, Snook",pool,4
16203,114,1,2023-09-07 REEF Data Dump/083123_Fish Degree Angle Tests/083123_Fish Degree Angle Test_FSL-01/P8310582.ORF,1996.5129919097476,1482.471711338673,Red Laser,2129.634407859372,1503.268041070322,1928.6657312562293,1440.3816408353275,"Fish Model, Snook",pool,4
16205,114,1,2023-09-07 REEF Data Dump/083123_Fish Degree Angle Tests/083123_Fish Degree Angle Test_FSL-01/P8310581.ORF,1996.7512152429656,1482.356296976575,Red Laser,2129.522104410853,1502.967019734312,1927.7705284390247,1444.1349068226316,"Fish Model, Snook",pool,4
16206,114,1,2023-09-07 REEF Data Dump/083123_Fish Degree Angle Tests/083123_Fish Degree Angle Test_FSL-01/P8310584.ORF,1996.1560258208303,1482.8618900471452,Red Laser,2115.295681945356,1509.7232645147838,1913.0500844756264,1447.3949416295998,"Fish Model, Snook",pool,4
16208,114,1,2023-09-07 REEF Data Dump/083123_Fish Degree Angle Tests/083123_Fish Degree Angle Test_FSL-01/P8310586.ORF,1997.669154557585,1481.1957125650615,Red Laser,2110.1955980263224,1511.7958767012626,1909.0500844756264,1449.797639766053,"Fish Model, Snook",pool,4
16209,114,1,2023-09-07 REEF Data Dump/083123_Fish Degree Angle Tests/083123_Fish Degree Angle Test_FSL-01/P8310587.ORF,1995.9216585508511,1481.349993717532,Red Laser,2111.288879394532,1529.5398559570312,1914.259140127868,1459.26006808886,"Fish Model, Snook",pool,4
16211,114,1,2023-09-07 REEF Data Dump/083123_Fish Degree Angle Tests/083123_Fish Degree Angle Test_FSL-01/P8310588.ORF,1996.5557616683727,1481.342647497671,Red Laser,2130.1685936279987,1521.7788096104312,1927.337916869089,1460.784149083789,"Fish Model, Snook",pool,4
16213,114,1,2023-09-07 REEF Data Dump/083123_Fish Degree Angle Tests/083123_Fish Degree Angle Test_FSL-01/P8310590.ORF,1997.070132748065,1480.2734398213104,Red Laser,2128.0127404562377,1511.4320903597545,1926.8748632416452,1453.2666182433486,"Fish Model, Snook",pool,4
16217,114,1,2023-09-07 REEF Data Dump/083123_Fish Degree Angle Tests/083123_Fish Degree Angle Test_FSL-01/P8310595.ORF,1995.588550882649,1481.6319596228595,Red Laser,2117.0357017409424,1514.9094827765025,1918.5568298167573,1453.888196288468,"Fish Model, Snook",pool,4
