image_id,dive,green,measured,human_cat,angle_cat,curved_cat,score,log_area,elong,silhouette,solidity,edge,dot_axial,dot_lateral,n_masks,agree,p
101293,341,False,True,"yes, center of fish",x < 5°,No Curve,0.94140625,11.80348090534369,2.0027449813816323,0.34065242785369243,0.7972347757652362,0.0,0.24121401774072132,0.022136327674539453,1,2,0.8008126429895165
101294,341,False,True,"yes, center of fish",x < 5°,No Curve,0.94140625,11.814044357658931,1.88018449215379,0.35943592592647605,0.8049618775315702,0.0,0.2041344248979069,0.038181491106759495,1,2,0.7776757474285656
101295,341,False,True,no,,,0.921875,11.787180294107978,1.6255299186984609,0.4169413758697473,0.7963908008402496,0.0,0.23832900916251584,0.06621670488296981,0,2,0.7051737356569748
101296,341,False,False,no,,,0.9375,11.644856828230198,1.427494760828612,0.4419676512206553,0.7512954732510289,0.0,0.19027797200140162,0.08458473806654347,0,2,0.6909625741559722
101297,341,False,True,no,,,0.9375,11.496064107894817,1.468588708928692,0.45255983472970535,0.7524161520626248,0.0,0.3087590585075337,0.10552323279984789,0,2,0.6504297621437158
101301,341,False,True,"yes, center of fish",5° < x < 10°,,0.3203125,11.216606199122785,1.831230263988065,0.35234689505405736,0.8611384561931785,0.0,0.2724282807075998,0.0072489336272028,0,2,0.42436057891269263
101302,341,False,True,"yes, center of fish",5° < x < 10°,,0.41992188,11.236236084215175,1.680369329548383,0.41789956808829265,0.904330300175311,0.0,0.42124152480331706,0.0027581153113757427,1,2,0.4183999771159392
101303,341,False,True,"yes, not center of fish",5° < x < 10°,,0.77734375,11.239343516897229,1.725645014812438,0.43245973588378567,0.8961738976760626,0.0,0.5023632027674823,0.0633075601892995,3,2,0.5593401467911296
101304,341,False,True,"yes, not center of fish",5° < x < 10°,,0.68359375,11.243698707367935,1.6541540733526565,0.41293201493563775,0.9091904436047723,0.0,0.5594016878992323,0.0385395396402556,3,2,0.5456751234254639
101305,341,False,True,"yes, not center of fish",5° < x < 10°,,0.8828125,11.2719615703361,1.6791167500398179,0.42779122088710847,0.8867512567208472,0.0,0.6933515661957563,0.047987396246902035,2,2,0.6321656633933926
101306,341,False,True,"yes, not center of fish",5° < x < 10°,,0.85546875,11.264169190393622,1.785474170918185,0.393941233628549,0.8777338781391055,0.0,0.6632830868816396,0.0383749763262244,2,2,0.6570927208894974
101307,341,False,True,"yes, not center of fish",5° < x < 10°,,0.9140625,11.313742551100862,1.729464730295419,0.41357064639154517,0.9006028565619041,0.0,0.6409741913712449,0.03882847930889544,1,2,0.6553579702534267
101308,341,False,True,"yes, center of fish",5° < x < 10°,,0.8125,11.373996675426842,1.9101143857266656,0.4024003836541199,0.8807266103324394,0.0,0.46072171346451185,0.004915027629418741,3,2,0.6772430633105353
101309,341,False,True,"yes, center of fish",5° < x < 10°,,0.87890625,11.324509374175076,1.627615360225153,0.43567108543934824,0.9306875066716856,0.0,0.3707228007465437,0.06089826335146452,1,2,0.5861917333224593
101310,341,False,True,"yes, not center of fish",,,0.8984375,11.237356399602248,1.8414486006944089,0.37739139036281494,0.7837982943399343,0.0,0.6675266144255375,0.05443081787352999,3,2,0.7223683855971365
101311,341,False,True,"yes, center of fish",,,0.734375,10.170494867496725,2.8963144147303033,0.26042660531868433,0.9796538338927747,0.0,0.009889237098293665,0.004446870054454008,1,2,0.5882408611525184
101312,341,False,True,"yes, center of fish",,,0.609375,10.134400841114699,2.8028686644311263,0.27080799076671047,0.9690198265417973,0.0,0.14144183871816757,0.02324491952367108,1,2,0.4932055602041617
101315,341,False,True,"yes, center of fish",,,0.74609375,10.132732452708314,2.943276079591656,0.2616073955616729,0.994209371726714,0.0,0.11452765928365052,0.04919772416236681,1,2,0.5329882279001726
101316,341,False,True,"yes, not center of fish",,,0.8515625,10.074031693706946,2.7173450053546793,0.27802130478047316,0.9817873256343391,0.0,0.11531675034633218,0.10317658072625624,1,2,0.5233352088031934
101317,341,False,True,"yes, not center of fish",,,0.84765625,10.163618555900618,2.689825265514674,0.29570111755199047,0.9895294947838194,0.0,0.17830866753553445,0.09953522609945586,1,2,0.5126999177005085
101318,341,False,True,"yes, not center of fish",,,0.76953125,10.344223274726211,3.066748069456163,0.2524238447236288,0.9771566022607575,0.0,0.24197570671441723,0.023124660587447016,3,2,0.6221974270044218
101319,341,False,True,,,,0.80078125,10.34306419027306,3.208545038695099,0.2251620518859342,0.9463575250377281,0.0,0.24805365185891853,0.06721853915421036,1,2,0.6087183387419125
101320,341,False,True,"yes, not center of fish",,,0.87890625,10.2328272702548,2.985129037753073,0.2519948111995094,0.9719270032163334,0.0,0.4126645506287749,0.09147957392729712,1,2,0.5833394901457137
101321,341,False,False,no,,,0.828125,10.258290745842064,3.0104049857150414,0.25381549400749126,0.9768110977907176,0.0,0.4680764533631205,0.1208063001182766,2,2,0.5304732426869532
101322,341,False,False,"yes, not center of fish",,,0.76171875,10.209021822019244,2.761938547670766,0.2912485074261684,0.9800007219955958,0.0,0.1699844513048873,0.08528984834850055,1,2,0.492010185295152
101337,341,False,True,no,,,0.9453125,11.055988099093101,2.882078945121744,0.23269597771805214,0.7179080195230348,0.0,0.3780042300117899,0.11933694105530886,1,2,0.7717544395028879
101357,341,False,True,"yes, center of fish",x < 5°,No Curve,0.8828125,11.671568894409607,2.236471496127444,0.26296446342967217,0.7442912079362609,0.0,0.3020083838389072,0.06101688294985066,0,2,0.7973067637241839
101359,341,False,True,"yes, not center of fish",5° < x < 10°,,0.68359375,11.64945610535121,2.1709488704084565,0.26774900427269066,0.7458795052152808,0.0,0.3299272962131666,0.10173646970803539,0,2,0.6735420499370015
101360,341,False,True,"yes, center of fish",5° < x < 10°,Slight Curve,0.953125,11.772539797993597,2.1928822324852897,0.27133064464135226,0.7590184041896098,0.0,0.29553434652352184,0.02246977579801833,0,2,0.8415975097297362
101361,341,False,True,"yes, not center of fish",x < 5°,Slight Curve,0.9609375,11.914737241113823,2.034706266575988,0.2985277412164025,0.7676637448603003,0.0,0.3042553494068866,0.08795898820219611,1,2,0.7989888446919045
101362,341,False,True,"yes, center of fish",x < 5°,Slight Curve,0.96875,11.820983529724819,2.127472915024784,0.2779463170782447,0.7550199466240547,0.0,0.15016735518536484,0.0013182226130570025,0,2,0.8591532264444738
101363,341,False,True,"yes, center of fish",x < 5°,No Curve,0.9375,11.736812739653638,2.1816776768127677,0.27859665509715686,0.7450690761162516,0.0,0.25648414820855037,0.05279541309789574,0,2,0.8171347979209781
101366,341,False,True,"yes, center of fish",x < 5°,Slight Curve,0.9609375,12.407681991231412,2.0493527979273223,0.3004786747272714,0.7931831517387372,0.0,0.24034559296290883,0.03775714076588905,0,2,0.8394436577913811
101367,341,False,True,"yes, center of fish",x < 5°,No Curve,0.96484375,12.566299772988144,2.2143227713472045,0.28654419044999024,0.8856432883558375,0.0,0.11630725585492667,0.047312249745818984,0,2,0.8202292916613609
101368,341,False,True,"yes, center of fish",x < 5°,No Curve,0.9765625,12.759575501797682,2.609992326854123,0.2519539417720169,0.8731886331632307,0.0,0.20967894695755246,0.025161016205316276,0,2,0.8602759826487054
101370,341,False,True,"yes, center of fish",x < 5°,No Curve,0.96875,12.759911780688142,2.326619513394642,0.28231238364711453,0.860531798482872,0.0,0.20461773473949518,0.03890652125274869,1,2,0.8481058170352077
101371,341,False,True,"yes, not center of fish",x < 5°,No Curve,0.96875,12.471581959141737,2.1602332305304106,0.29032873821628813,0.84782516830119,0.0,0.13045057788826925,0.03334914645921343,0,2,0.8359221457496471
101374,341,False,True,"yes, center of fish",5° < x < 10°,Slight Curve,0.96875,11.927515480855394,2.5931110608527144,0.265430543065054,0.8722772847758442,0.0,0.08048256994800243,0.011577398503907849,1,2,0.8329945751393542
101375,341,False,True,no,,,0.96484375,11.717000359565942,2.511483739785841,0.25561263211104374,0.9024873059091912,0.0,0.5168147896573774,0.07506700562599637,0,2,0.7636015063117417
101396,341,False,True,"yes, not center of fish",5° < x < 10°,No Curve,0.953125,11.936656071885237,2.4900912660199293,0.2933390299935954,0.8932920500428329,0.0,0.2064382331281501,0.1395061883509415,1,2,0.7051894195927254
101397,341,False,True,"yes, not center of fish",10° < x < 15°,Significant Curve,0.9609375,11.335985401928683,2.6760511853992304,0.2526434934033678,0.903237978190678,0.0,0.8461978473971692,0.04105074916536627,1,2,0.7726772100106671
101398,341,False,True,"yes, not center of fish",5° < x < 10°,,0.9296875,11.972480951975266,2.9136327397146835,0.2448261424289963,0.8811136276370193,0.0,0.23635999354842943,0.11679581913612462,2,2,0.7569244483186495
101399,341,False,True,"yes, not center of fish",5° < x < 10°,,0.90234375,12.004250175919648,2.529676708861308,0.2569340091760778,0.8783772527333747,0.0,0.2988410832130156,0.08515304376816005,2,2,0.7703607333785056
101400,341,False,True,"yes, not center of fish",5° < x < 10°,No Curve,0.953125,11.09227565053686,2.38139688894865,0.29463664248155313,0.8477602690646646,0.0,0.1874625514966651,0.03748402805436971,1,2,0.7617562437730402
101401,341,False,True,"yes, not center of fish",x > 15°,Slight Curve,0.91796875,10.815971046067329,2.1871136739095762,0.3345960364491372,0.8884172225591267,0.0,0.19547641606042726,0.01848095419137609,1,2,0.7054355005984821
101402,341,False,True,"yes, center of fish",x < 5°,No Curve,0.9375,11.04003768054463,2.5642939688078625,0.27971299493880375,0.8509418118014924,0.0,0.2837746831193173,0.019762012490389117,1,2,0.7719772269174365
101403,341,False,True,"yes, center of fish",x < 5°,No Curve,0.953125,11.07926147950336,2.1804511647563567,0.30588086979558804,0.8684402698592417,0.0,0.10959352165518882,0.04574353011536961,1,2,0.7418117420915671
101404,341,False,False,"yes, center of fish",5° < x < 10°,Slight Curve,0.94140625,11.030816865301732,2.4504338011310733,0.30933051559048985,0.8604673847911818,0.0,0.28923407184429667,0.008561990468327618,1,2,0.7613708443430479
101406,341,False,True,"yes, center of fish",x > 15°,Slight Curve,0.93359375,10.725181849829225,1.7726980080097334,0.3918304061489847,0.9104319282654818,0.0,0.04798227551955138,0.06980847132425874,1,2,0.6088308313569624
101410,341,False,True,"yes, center of fish",5° < x < 10°,Slight Curve,0.953125,11.46953768162724,1.69452685344274,0.31320801560007455,0.7418879970248241,0.0,0.034881912228784714,0.04839568129133971,1,2,0.8077996238540794
101411,341,False,True,"yes, center of fish",10° < x < 15°,No Curve,0.953125,11.672669046750935,2.497703200204146,0.23005550112704085,0.8514787531298763,0.0,0.10975697484963289,0.06389276196449636,1,2,0.8073339388465562
101412,341,False,True,"yes, center of fish",x > 15°,Slight Curve,0.95703125,11.496511489701973,2.0127198938677457,0.2406366571513903,0.7286463985067385,0.0,0.21265827417844627,0.07460546099497117,1,2,0.8301994939471097
101414,341,False,True,no,,,0.92578125,11.716772021134776,2.57228485030591,0.23255193706174127,0.897312329619262,0.0,0.051147496829751296,0.03198235057930213,1,2,0.8052909870989415
101415,341,False,True,"yes, center of fish",x < 5°,No Curve,0.84375,11.66580104649077,2.238773146098047,0.2999483271525763,0.965220164600531,0.0,0.0722932270965137,0.06105362235451712,0,2,0.668280001785976
101416,341,False,True,"yes, center of fish",x < 5°,No Curve,0.92578125,11.712898644497418,2.5788627930650345,0.23749111356991587,0.9128564648552092,0.0,0.08276092397876014,0.0018141917355862071,0,2,0.8116363907646098
101417,341,False,True,"yes, center of fish",x < 5°,No Curve,0.94921875,11.687206449494,2.5893456917454554,0.230664069789737,0.9056493242189432,0.0,0.16019098735820694,0.0021294570349329424,0,2,0.8232229597033124
101418,341,False,True,"yes, center of fish",x < 5°,Slight Curve,0.92578125,11.735068515950855,2.499954756168416,0.2489240326909043,0.9284145022248491,0.0,0.06429738744188744,0.019410226650284475,0,2,0.7897778656073313
101419,341,False,True,"yes, center of fish",x < 5°,Slight Curve,0.921875,11.63752962819476,2.4185015266866063,0.2546344488250627,0.9379101338511284,0.0,0.10486048777120854,0.013404087551890069,0,2,0.7817076779399446
101421,341,False,True,"yes, center of fish",x < 5°,Slight Curve,0.90234375,11.741979514824148,2.4006466450110793,0.2474301435768102,0.9116290872181542,0.0,0.023861261880241652,0.05895639069965652,0,2,0.758952395568316
101423,341,False,True,"yes, center of fish",x < 5°,Slight Curve,0.96484375,11.73755591030943,2.597474395781909,0.261857874184371,0.8628013164016058,0.0,0.2859369280738533,0.0729171035291119,0,2,0.7778688038361482
101425,341,False,True,"yes, not center of fish",x < 5°,Slight Curve,0.703125,11.43114040695218,2.7087437420874054,0.2183456022156438,0.7939771234086552,0.0,0.9024866016030425,0.03175358766483277,1,2,0.7434134949195405
101426,341,False,False,"yes, center of fish",x < 5°,Slight Curve,0.94140625,11.743378238716847,2.799747456713584,0.25035899216183555,0.8868050102296297,0.0,0.2958408502660084,0.009677375782166594,2,2,0.8232844483949525
101427,341,False,True,"yes, center of fish",,,0.953125,12.843181079306648,3.4489527713616037,0.17752031945275737,0.8753609234084363,0.0,0.1538808189111973,0.012231335330505515,1,2,0.8898410645979976
101428,341,False,True,"yes, not center of fish",,,0.94921875,12.830528694789304,3.480959561991322,0.17572716926785428,0.8663384080034797,0.0,0.11408059355014936,0.09617827215254483,2,2,0.8545044788861548
101429,341,False,True,"yes, center of fish",,,0.95703125,12.746418235832156,3.3377558602457142,0.1871456299262974,0.8725354153006297,0.0,0.011582037722760204,0.027596893183426726,1,2,0.8792571008484317
101430,341,False,True,"yes, center of fish",,,0.96484375,12.8147724320125,3.3497696068460807,0.18512021890859318,0.8681353326461139,0.0,0.1290823298321272,0.009612922826445365,1,2,0.8922673112874329
101431,341,False,True,"yes, center of fish",,,0.94140625,12.860653099041299,3.550219498097017,0.17388823224651595,0.8902930307604227,0.0,0.1821253565587044,0.05715858100615938,2,2,0.868065071405604
101432,341,False,True,"yes, not center of fish",,,0.94921875,12.545956911695345,3.1140380525258244,0.1965444110071617,0.8503116521118044,0.0,0.4001914292096662,0.024596643545794234,1,2,0.8736332708714747
101433,341,False,True,"yes, not center of fish",,,0.9375,12.75850267765087,3.3939144536241317,0.18099076102815784,0.858505902175578,0.0,0.07101029431456167,0.0712339660661178,1,2,0.857881111646576
101434,341,False,True,"yes, not center of fish",x > 15°,No Curve,0.9296875,11.177900181007926,2.4470328682449343,0.31435407743484567,0.8699808446593086,0.0,0.2026507525602345,0.15589639714461068,0,2,0.6117886328484485
101437,341,False,True,"yes, not center of fish",5° < x < 10°,No Curve,0.9375,11.292341136050942,2.9349376962775557,0.23885602945640363,0.8515596797825579,0.0,0.2307113771073336,0.12521682261939523,1,2,0.7208828615187944
101438,341,False,True,no,,Slight Curve,0.91796875,11.041320554357519,2.4003910187798234,0.265674993595477,0.8601024128353745,0.0,0.020791120986223818,0.13670844416658454,4,2,0.6961647419235105
101440,341,False,True,"yes, center of fish",x > 15°,Slight Curve,0.91796875,11.072589369918582,2.5191195941788993,0.28981071137562453,0.9253744214792883,0.0,0.2912434276881555,0.06444505355591275,0,2,0.6815567944848053
101441,341,False,True,"yes, center of fish",5° < x < 10°,No Curve,0.95703125,12.233809400501773,3.575970485228709,0.2009879648098204,0.8720091939984563,0.0,0.022252424283816945,0.06746789079470258,0,2,0.825026094770299
101442,341,False,True,"yes, center of fish",5° < x < 10°,No Curve,0.93359375,12.261956636527087,3.7841909920584573,0.18782518798798029,0.855877365858791,0.0,0.13524662321409434,0.03862304278006676,0,2,0.8450844315378041
101445,341,False,True,"yes, center of fish",5° < x < 10°,No Curve,0.953125,12.302046241588899,3.647739246329644,0.1984308041057081,0.8790211004833406,0.0,0.1352914757151995,0.0313058439915008,0,2,0.8465958239244767
101446,341,False,True,"yes, center of fish",5° < x < 10°,No Curve,0.94921875,12.306610048657776,3.627442838851436,0.1969641383586223,0.845353770880318,0.0,0.00033896592742320073,0.03940940929190005,0,2,0.8515582110790041
102551,349,True,True,"yes, center of fish",x < 5°,No Curve,0.89453125,11.164742929660637,3.0833391425469774,0.20366322657610375,0.9124831971874677,0.0,0.11012421558956702,0.04462379536744747,1,2,0.7487756733669059
102552,349,True,True,"yes, center of fish",x < 5°,No Curve,0.921875,11.153704425336132,3.0635319300248858,0.21691958687995838,0.9178108301730541,0.0,0.08041371351525106,0.06720969952024948,0,2,0.7244730057260002
102554,349,True,True,"yes, center of fish",x < 5°,No Curve,0.9375,11.137533589868205,3.009535073746215,0.21986607142423992,0.906795488592792,0.0,0.07753429929023135,0.07467257554691865,1,2,0.7321429576410791
102562,349,True,True,"yes, center of fish",x < 5°,No Curve,0.953125,11.054249435528995,1.818430748254542,0.35569050582638595,0.8147188657966812,0.0,0.25954436116553614,0.04033728434723475,1,2,0.7300415809411525
102563,349,True,False,"yes, center of fish",x < 5°,No Curve,0.95703125,11.045430685926252,1.8798431568457228,0.3503869485433002,0.8247977727024413,0.0,0.22799918843634223,0.016643806899551014,0,2,0.7428347074803243
102565,349,True,True,"yes, center of fish",x < 5°,No Curve,0.953125,11.037740435424054,1.8208859160338062,0.3448805121481879,0.8078397235178713,0.0,0.24186008662986416,0.03285377852436074,0,2,0.7391393160244305
102566,349,True,True,"yes, center of fish",x < 5°,No Curve,0.9609375,11.032936144246145,1.9185625827065427,0.3456739460905372,0.8237627716577363,0.0,0.28322980371017137,0.022601543470715187,0,2,0.74302951809455
102609,349,True,True,"yes, center of fish",x < 5°,No Curve,0.94921875,11.209114010588564,3.1170348667942793,0.22685976992387027,0.7578052399459884,0.0,0.16020942890015125,0.03601941793773638,2,2,0.8209237368579471
102611,349,True,True,"yes, center of fish",x < 5°,No Curve,0.94921875,11.351394282783541,2.9202634824040823,0.244813909021436,0.8014808046458832,0.0,0.21355040673534306,0.0017419981054392533,1,2,0.8264838676226058
102613,349,True,True,"yes, center of fish",x < 5°,No Curve,0.9453125,11.301784592447168,3.0007770176424966,0.239926359541863,0.7847557754655992,0.0,0.19443044658051045,0.01380786372307053,1,2,0.8215710806797077
102616,349,True,True,"yes, center of fish",x < 5°,No Curve,0.875,10.73022549895797,3.4860268946634907,0.22082868578438003,0.9350035790980673,0.0,0.16768862747401314,0.03318537427310546,1,2,0.6946063303503334
102617,349,True,True,"yes, center of fish",x < 5°,No Curve,0.875,10.745722618580869,3.4507099711275404,0.21741179199582347,0.943029490616622,0.0,0.24977569305037137,0.010334549491605559,1,2,0.7172239601786843
102618,349,True,True,"yes, center of fish",5° < x < 10°,No Curve,0.91796875,10.750385332901992,3.3964153316569248,0.21976833856011163,0.9519028670543822,0.0,0.24706568797677556,0.02535817997451137,1,2,0.718561919687504
102621,349,True,True,"yes, center of fish",x < 5°,No Curve,0.8671875,11.230734952927602,4.057065369970525,0.1885138210914934,0.9212492135915807,0.0,0.2883393890530976,0.0033727016819621956,1,2,0.7705283016981646
102627,349,True,True,"yes, center of fish",5° < x < 10°,No Curve,0.94921875,11.349818127100079,2.3783077778220574,0.3175018328913842,0.9363306200503712,0.0,0.06849522680637363,0.02132451170670113,1,2,0.7278998061325115
102628,349,True,True,"yes, not center of fish",x < 5°,No Curve,0.94921875,11.313303108697365,2.304868994837192,0.28962237737198676,0.9125234665285136,0.0,0.07285299844880574,0.09005310919503998,2,2,0.7026489584273573
102629,349,True,True,"yes, center of fish",x < 5°,No Curve,0.92578125,11.332554005499887,2.254437837950216,0.29777952461506624,0.9317710077000335,0.0,0.013498772823186796,0.040437598248324255,1,2,0.7165962695351556
102634,349,True,True,"yes, center of fish",x < 5°,No Curve,0.921875,10.815006919531392,3.5486973113307165,0.22506620212471218,0.8768788877337046,0.0,0.30891862568650885,0.05065817975756495,1,2,0.7295780735565988
102637,349,True,True,"yes, center of fish",x < 5°,No Curve,0.921875,10.905001396740687,3.6599116020664004,0.21493730730646798,0.8357008556847396,0.0,0.2351864271448045,0.0735959438950742,0,2,0.7312297643698472
102642,349,True,True,"yes, center of fish",x < 5°,No Curve,0.859375,11.060290129885585,2.3072376926149087,0.3279113727853565,0.8639861968712003,0.0,0.27885229027988867,0.02996224205371534,0,2,0.6849954657937315
102643,349,True,True,"yes, center of fish",x < 5°,No Curve,0.875,10.645972366424532,2.6766965602244475,0.27806186112439985,0.9172824010914051,0.0,0.17932674060254958,0.023349990427554167,0,2,0.6710758813399226
102648,349,True,True,"yes, center of fish",5° < x < 10°,No Curve,0.890625,10.594507472079899,2.6763590568412976,0.27342256219164807,0.9177549894233422,0.0,0.14911650452071876,0.014717709299606961,0,2,0.6845421560539259
102653,349,True,True,"yes, center of fish",x < 5°,Slight Curve,0.80078125,10.429812439749043,2.2875188282948007,0.2890127470684457,0.8786742281687582,0.0,0.0036561505442359466,0.011871736625611577,2,2,0.653236861586838
102654,349,True,True,"yes, center of fish",x < 5°,No Curve,0.8359375,10.50023395880972,2.363953897920294,0.3091747115908877,0.8995208201775565,0.0,0.07508757489458033,0.029824870982163843,0,2,0.6214766406197305
102656,349,True,True,"yes, center of fish",x < 5°,No Curve,0.80859375,10.930120371412073,2.3457761750721486,0.28978482196571115,0.8558355559643153,0.0,0.16022760262662322,0.045128459821938326,3,2,0.6834844802851582
102664,349,True,True,"yes, center of fish",x < 5°,No Curve,0.93359375,11.304682841344873,2.9319926501667317,0.2301667119738818,0.7890755200108837,0.0,0.13062774825377674,0.03716366253097728,1,2,0.8065209467015624
102672,349,True,True,"yes, center of fish",x < 5°,No Curve,0.96484375,11.605404367762493,3.0858560547513183,0.22499544675402078,0.7967907252103862,0.0,0.13642466514758606,0.023051517453963825,1,2,0.8384146504141715
102674,349,True,True,"yes, center of fish",5° < x < 10°,No Curve,0.96484375,11.909854242056106,2.5968142871514486,0.27426108407750244,0.9038258771623301,0.0,0.1397436316079036,0.0015431357884112822,1,2,0.8170812803908775
102679,349,True,True,"yes, center of fish",x < 5°,No Curve,0.9609375,11.964147570416122,2.5662142965694876,0.28923251187271604,0.8811467820407064,0.0,0.11928184752561667,0.0052930862111399595,1,2,0.8156038506330305
102680,349,True,True,"yes, center of fish",x < 5°,No Curve,0.96484375,11.933909528736063,2.569553932567221,0.2827602836728987,0.8946846058527476,0.0,0.13184958503854216,0.006504323399699207,1,2,0.8138557032510993
102767,347,True,False,no,x > 15°,,0.859375,9.274628861858545,3.487162691077309,0.20113939778222806,0.9643696871043589,0.0,0.3377671762633511,0.0375853112531898,0,2,0.6045634749414331
102787,347,True,False,no,,,0.8203125,9.748644966730458,1.7758035398093206,0.36938825749485477,0.9489544384434289,0.0,0.1332399168328013,0.013445068964436062,1,2,0.6094765171593244
102789,347,True,True,"yes, center of fish",5° < x < 10°,No Curve,0.77734375,9.81230384711351,2.2376422815445998,0.32423108305155135,0.8888293858474721,0.0,0.0043910468040297785,0.0072243188620622605,4,2,0.6798819707907678
102790,347,True,False,no,,,0.77734375,9.537122958049878,1.5796982961778432,0.47778666046635765,0.8991277844427872,0.0,0.1662703462695459,0.05227910623313426,2,2,0.471978511276112
102802,347,True,False,"yes, center of fish",x < 5°,Slight Curve,0.859375,10.485703172388792,2.7570511151132093,0.23966480566436227,0.9335071707953064,0.0,0.026005886405953516,0.0508698219497219,2,2,0.7488498186554708
102803,347,True,True,no,,,0.63671875,10.814403868072828,4.634054233347225,0.10849369441492084,1.020122664150479,0.0,0.1988278807182501,0.045002749394049295,11,2,0.7652980413046389
102805,347,True,True,"yes, center of fish",x < 5°,Slight Curve,0.94140625,10.631567419636097,3.191064016080837,0.18632506829212522,0.7981886501589749,0.0,0.08417194714088497,0.027212697859221684,1,2,0.8443418648452069
102806,347,True,True,"yes, center of fish",x < 5°,No Curve,0.94140625,10.694736467429317,3.232211078927313,0.18533598010023686,0.7964943633623063,0.0,0.15189221625452656,0.003379972231902283,0,2,0.8512472141726569
102807,347,True,True,"yes, center of fish",x < 5°,No Curve,0.92578125,10.722892864566573,3.2947506580893364,0.1951000386654427,0.9104642298278698,0.0,0.15543260797426908,0.05272796591454782,1,2,0.7968912495557525
102808,347,True,True,"yes, not center of fish",x < 5°,No Curve,0.7890625,9.590282522853261,2.20683112543619,0.301996917081023,0.980191050779286,0.0,0.26472424743376194,0.01833117063285538,1,2,0.5886427107570258
102809,347,True,True,"yes, not center of fish",x < 5°,No Curve,0.79296875,9.544882175080447,2.8239855092201047,0.22226798991433916,0.8099350799907257,0.0,0.241701723321078,0.020382998190977282,2,2,0.6932164059542314
102810,347,True,False,"yes, not center of fish",5° < x < 10°,Slight Curve,0.84375,9.368539986649727,2.303742303043089,0.29522297950750664,0.9708673490530852,0.0,0.014661553422721813,0.018143745981097067,1,2,0.6201090035015149
102811,347,True,True,no,,,0.875,10.035830739523842,2.0058815174373286,0.3225167430037809,0.8765261460492973,0.0,0.11696329436554816,0.1378438582540125,2,2,0.6166524682920136
102812,347,True,False,"yes, center of fish",10° < x < 15°,No Curve,0.40234375,10.060662226908127,1.9450676111566654,0.30962829908939105,0.9401651033402294,0.0,0.05320541741742308,0.06467412008855591,5,2,0.4388802650460889
102813,347,True,False,no,10° < x < 15°,No Curve,0.60546875,7.805882040228621,3.593557863297124,0.22522949274817,0.9715077166600712,0.0,0.3744289987025787,0.01774148900820867,2,2,0.3205711047144785
102814,347,True,True,"yes, not center of fish",10° < x < 15°,No Curve,0.7265625,9.888830663192495,2.134151638303853,0.2711851591158316,0.9378092881614009,0.0,0.2767530585325949,0.08076288834963702,1,2,0.5603911913053145
102815,347,True,False,no,,,0.7109375,9.917932716967623,1.7708933655578154,0.3741451087420509,0.9367310666389678,0.0,0.01529624064881076,0.2113796333405026,3,2,0.39756873888201893
102816,347,True,True,"yes, not center of fish",x > 15°,No Curve,0.79296875,9.655282570626547,2.6478591567295586,0.21691610407746714,0.8942376572394625,0.0,0.37258331227356944,0.025832874544161867,1,2,0.661757364968587
102819,347,True,True,"yes, center of fish",x < 5°,Slight Curve,0.90234375,9.960623743906938,3.5532537690299577,0.2181032459192211,0.8974022121456118,0.0,0.21095924116821443,0.004920148523739566,1,2,0.745727887466929
102823,347,True,True,"yes, center of fish",x < 5°,No Curve,0.890625,9.861675484721689,3.608435772485624,0.23660937682152464,0.9124684838970554,0.0,0.3187607984988501,0.025288763978682623,0,2,0.6799538256374958
102824,347,True,True,"yes, center of fish",x < 5°,No Curve,0.88671875,9.946355452763305,3.8785683486718208,0.20680124326241725,0.8821466300443693,0.0,0.002511190805051486,0.03073763332647231,1,2,0.731117541808869
102829,347,True,True,no,,,0.9140625,10.44459016718639,4.291539870711882,0.11318472392922767,0.6422476236763153,0.0,0.14787474508038792,0.0076951792813564944,2,2,0.8777790180132988
102830,347,True,True,"yes, center of fish",x < 5°,Slight Curve,0.703125,10.5184028848265,4.860893426719072,0.10824106063574716,0.7091505147524012,0.0,0.05411047495060713,0.024691093699470115,5,2,0.8093318836730954
102831,347,True,True,"yes, center of fish",x < 5°,Slight Curve,0.92578125,10.482821930623263,4.936415033275972,0.10603438456799424,0.7287853577371048,0.0,0.047109948753066413,0.016325244659607066,1,2,0.8550155052874433
102835,347,True,True,"yes, not center of fish",x < 5°,No Curve,0.9375,10.1633486867855,3.0488161027473235,0.2181389518614872,0.9713846960560321,0.0,0.538240998079068,0.0962635784018886,1,2,0.6782762049014662
102836,347,True,True,"yes, not center of fish",x < 5°,No Curve,0.93359375,10.250723085080114,3.298585582224315,0.2091340432048688,0.9330915684496827,0.0,0.1791112456355344,0.12293055459970184,1,2,0.6933246691563908
102855,347,True,True,no,,,0.9296875,10.4376683094997,1.3152964249239871,0.39150375451117964,0.7565548053790978,0.0,0.03288129946590334,0.20133412551874114,2,2,0.6427817435704316
102856,347,True,True,"yes, not center of fish",x < 5°,No Curve,0.953125,12.636119791009804,2.022828207699404,0.27748654043729654,0.6565107983947337,0.002857142857142857,0.7103386310918336,0.017049144594975453,0,2,0.9257319019889878
102857,347,True,True,"yes, center of fish",x < 5°,No Curve,0.9609375,12.661295703320516,2.0077877074753716,0.2769823989465914,0.6955101374564762,0.0,0.20579255631757223,0.0069192223890806115,1,2,0.9349142285957731
102858,347,True,True,"yes, center of fish",x < 5°,No Curve,0.95703125,12.650239101175414,1.996595035381643,0.27650116401108826,0.7023457471367921,0.0,0.21100993377455923,0.04687249229635235,1,2,0.9227210400912387
102859,347,True,True,"yes, center of fish",x < 5°,No Curve,0.953125,12.61203429700694,2.1017688298958808,0.26328446547802153,0.6617639601463096,0.0,0.2081173628229387,0.021248369835601893,1,2,0.9337179925555833
102860,347,True,True,"yes, not center of fish",x < 5°,No Curve,0.94921875,12.64196996075854,2.0437061593788637,0.2672654005751778,0.6799317144273609,0.0,0.5319029846396822,0.004752495463825338,1,2,0.930539231460548
102861,347,True,True,"yes, center of fish",x < 5°,No Curve,0.953125,12.658787048738851,2.042998838698628,0.2734322023446267,0.6815879266087255,0.0,0.3481452306608746,0.004269852195467091,1,2,0.9335557031709887
102862,347,True,True,"yes, center of fish",x < 5°,No Curve,0.953125,12.63092526210488,2.0803157449003793,0.2690711823237238,0.6850459126539754,0.0,0.19709442107559075,0.006737830673698703,1,2,0.9350196642738443
102863,347,True,True,"yes, center of fish",5° < x < 10°,No Curve,0.96484375,12.680507069292297,1.8677404587129403,0.3045686344187278,0.7209521149948915,0.0,0.1700415469492058,0.012729046874454057,0,2,0.9249210473398644
102864,347,True,True,"yes, center of fish",x < 5°,No Curve,0.953125,12.671336936834816,1.993723494984093,0.28767592631647193,0.7166069469835467,0.0,0.1838082415777011,0.016997963497816255,1,2,0.9277642162315424
102865,347,True,True,"yes, center of fish",x < 5°,No Curve,0.96875,12.674340394006292,1.909988500718489,0.2981037089938971,0.7135493857839617,0.0,0.1856010988896134,0.03489363099763279,0,2,0.920520423957488
102866,347,True,True,"yes, center of fish",x < 5°,No Curve,0.96484375,12.675985645669217,1.9088904834596283,0.2935820286371714,0.7299890719857274,0.0,0.2031150039276959,0.043587492072494266,0,2,0.9161669450290185
102867,347,True,True,"yes, center of fish",5° < x < 10°,No Curve,0.96484375,12.692207956703148,1.8107824368953365,0.31788798519206374,0.7283265604126237,0.0,0.13660624515808306,0.0245388060976989,0,2,0.9192364005378011
102868,347,True,True,"yes, not center of fish",5° < x < 10°,No Curve,0.95703125,12.723299736116665,1.7269536669016978,0.3387494887633974,0.7388945237174892,0.0,0.18052239302046127,0.17524019057407944,0,2,0.8496042103303326
102870,347,True,True,"yes, not center of fish",5° < x < 10°,No Curve,0.9609375,12.70988875998529,1.7409397989870148,0.3355965703489473,0.74395015833987,0.0,0.0014703594844158558,0.06734301806697221,0,2,0.9023816016908155
102871,347,True,True,"yes, center of fish",x < 5°,No Curve,0.95703125,12.687782488905945,1.7958644392809937,0.35363721940964277,0.7462017847923889,0.0,0.06739623721207634,0.06948273808364983,0,2,0.8919517866911262
102876,347,True,True,no,,,0.7890625,10.15338987315103,2.2620474261691035,0.3029702614272497,0.8879744099593672,0.0,0.26873684419402144,0.014848579803193384,1,2,0.6755511513756152
102878,347,True,True,no,,,0.890625,10.117832509493988,2.2719132025481334,0.2866311051822938,0.9046636853153235,0.0,0.22392682594453428,0.046978466583734745,1,2,0.705959377242351
102879,347,True,True,no,,,0.9296875,10.104426393862145,2.262710412310545,0.2761100047642792,0.8740928752725843,0.0,0.5431640416180442,0.05607706885774681,1,2,0.7148481882041767
102880,347,True,True,no,,,0.90234375,10.128070068044591,2.368659033230341,0.2762034442428125,0.8665374498130971,0.0,0.4687951222267475,0.09539827865721487,1,2,0.6725780005679276
102881,347,True,True,no,,,0.91796875,10.165851817003619,2.244789456415741,0.30132905007426997,0.8716934321252556,0.0,0.2683316567367632,0.04246946510234499,1,2,0.7258293838298167
102882,347,True,False,no,,,0.89453125,10.171833888681167,1.9789226562039508,0.37175649617513096,0.9135871463499825,0.0,0.33194478146120693,0.02096856577558053,0,2,0.6654829134388751
102883,347,True,False,no,,,0.86328125,10.182103652974162,1.9794409722686819,0.3318020801256379,0.9011270055071525,0.0,0.29033993895324983,0.017980113615911765,2,2,0.7082652595937291
102884,347,True,False,no,,,0.9140625,10.131738041218483,1.9643769284561317,0.38798664529745647,0.9146934095335165,0.0,0.2798351101349414,0.16311552657558712,1,2,0.5390377923361664
102885,347,True,True,"yes, not center of fish",5° < x < 10°,No Curve,0.76171875,10.081131519778971,1.8712067267419323,0.3768622052992448,0.8963265918727252,0.0,0.16580325579709834,0.17615027580916545,0,2,0.4405190312387245
102886,347,True,False,"yes, not center of fish",5° < x < 10°,No Curve,0.796875,10.104426393862145,1.8778686533572881,0.386554495475908,0.901934746122208,0.0,0.2300722844802975,0.15974010319520646,0,2,0.4666937070091694
102887,347,True,False,no,x < 5°,No Curve,0.92578125,11.617402590553914,2.2812833895079936,0.3184966713403182,0.9156579799321173,0.0,0.186331693084835,0.03649484469231878,1,2,0.8231178694358097
102889,347,True,False,no,,,0.87890625,11.47916183481742,1.9526510338826868,0.33404634187405874,0.9067632079984244,0.0,0.12425470696340589,0.0002469652464097124,0,2,0.8147820246605126
102890,347,True,False,no,,,0.40429688,11.11945315491374,1.6716752216079,0.30353247835582503,0.8050231170768084,0.0,0.022739857047108767,0.0019990283229775964,0,2,0.6134180184429482
102901,347,True,True,"yes, not center of fish",x > 15°,No Curve,0.91796875,10.725972971725227,2.543369137496192,0.29374124416087644,0.788987486567992,0.0,0.025439452788947395,0.03180156659968673,1,2,0.8064571380611832
102902,347,True,True,"yes, center of fish",5° < x < 10°,No Curve,0.9375,10.957625351102408,3.4866488612427293,0.19907689711492196,0.8298629186187749,0.0,0.3593671213296689,0.011508173882329754,1,2,0.8435989000089618
102903,347,True,True,"yes, center of fish",x < 5°,No Curve,0.95703125,11.01071264430246,3.4792659834237525,0.2048264173612219,0.8351019056424126,0.0,0.20021002918464587,0.007791204760596929,1,2,0.8569412436312506
102904,347,True,True,"yes, center of fish",x < 5°,Slight Curve,0.95703125,10.962440365141921,3.174812054990666,0.2181425767280542,0.82530573107115,0.0,0.04988828053243369,0.03136560472185252,0,2,0.8420997535588706
102905,347,True,True,no,,,0.92578125,10.587442614727157,3.0109396222907545,0.2213672970612657,0.9277838900723332,0.0,0.10069535709215363,0.03472214463446603,1,2,0.7901275708159448
102906,347,True,True,"yes, center of fish",x < 5°,No Curve,0.88671875,10.579514006287654,3.3924054533231183,0.19181235886598783,0.8497244732576985,0.0,0.1930792112036762,0.014658054799309187,1,2,0.8082825837749072
102907,347,True,True,"yes, center of fish",5° < x < 10°,No Curve,0.921875,10.664807268199123,3.854628884327118,0.1733799457157993,0.7989477219299228,0.0,0.02092686185389578,0.011196079686933064,1,2,0.8448955855502752
102908,347,True,True,no,5° < x < 10°,Slight Curve,0.9375,10.542917450590085,4.227324411070611,0.1519038274857369,0.7101602675184293,0.0,0.1694241345190067,0.007500286646647202,1,2,0.8584858243558098
102909,347,True,True,"yes, center of fish",5° < x < 10°,Slight Curve,0.93359375,10.684966071886038,3.4946100782662217,0.18468287823406776,0.8407785485438294,0.0,0.21250625754270625,0.05205174030300912,1,2,0.8121432806256506
102910,347,True,True,"yes, center of fish",x < 5°,No Curve,0.9140625,10.73223585734761,3.4512262922329944,0.190633462109116,0.848707735062529,0.0,0.1715415961771288,0.07411576485014595,1,2,0.7913883206293663
102911,347,True,True,"yes, center of fish",10° < x < 15°,No Curve,0.92578125,10.661602849444407,3.9822990768289133,0.17431730308849552,0.7859872025042581,0.0,0.15591825905337628,0.01723702128424151,1,2,0.8376532263593283
102912,347,True,True,"yes, center of fish",x < 5°,No Curve,0.92578125,10.763652278630156,3.8628265727083035,0.18805145079281466,0.8229344382159396,0.0,0.2166274706934002,0.02824856804755616,1,2,0.8237511333175291
102915,347,True,True,"yes, not center of fish",x < 5°,No Curve,0.89453125,11.013352953432145,3.1801266603952367,0.18258783569862455,0.8444234154623322,0.0,0.31060884063373345,0.10628379837671396,1,2,0.7862432188386907
102916,347,True,True,"yes, not center of fish",5° < x < 10°,No Curve,0.859375,11.060541690347897,3.646420563683978,0.16722831044689146,0.7969355859157223,0.0,0.2740304891524821,0.11061346629251594,2,2,0.7921245754358891
102917,347,True,True,"yes, not center of fish",x < 5°,No Curve,0.9296875,11.008959592551948,3.307739515270379,0.1753235466167903,0.8439278904247368,0.0,0.1907455937560917,0.09015098026515567,1,2,0.8165049104526332
102918,347,True,True,no,,,0.8984375,9.919410113079943,4.030258310305397,0.13610225839322096,0.6565857283639477,0.0,0.4407286355188789,0.026277430084663347,1,2,0.8086358887034605
102921,347,True,True,"yes, not center of fish",5° < x < 10°,No Curve,0.95703125,11.098681939050481,4.561322140801248,0.15141749802744395,0.8510167025098837,0.0,0.30258221352854253,0.02750522172216808,0,2,0.8423725981454411
102922,347,True,True,"yes, not center of fish",x < 5°,No Curve,0.91796875,11.499029359778117,3.907442522759957,0.18946476087513953,0.8262607136573473,0.0,0.301625414207973,0.01721850590600295,3,2,0.8751183945621168
102923,347,True,True,"yes, center of fish",x < 5°,Slight Curve,0.8984375,11.483764383627241,3.709063446529171,0.17994563028313273,0.9159201071273646,0.0,0.2730129714819815,0.015594073135185339,2,2,0.8559975758357734
102924,347,True,True,"yes, not center of fish",5° < x < 10°,No Curve,0.9609375,11.484659726361452,3.733107530115027,0.19114301114824725,0.8780631000876139,0.0,0.31922356621713566,0.06224324265694062,1,2,0.8452292933499184
102925,347,True,True,no,5° < x < 10°,Slight Curve,0.81640625,11.237330053653594,4.033338952298243,0.17220268730101304,0.879909588802921,0.0,0.3814268158390368,0.042571127912549106,1,2,0.7890581117934827
102926,347,True,True,"yes, not center of fish",5° < x < 10°,No Curve,0.921875,11.385444304154147,3.9741233060459087,0.1609607636643934,0.8888967425328675,0.0,0.37332894039554104,0.00036824969882076836,1,2,0.8635583612670904
102927,347,True,True,"yes, center of fish",10° < x < 15°,No Curve,0.9609375,11.469683878931205,3.634479256908016,0.2000826565271171,0.8492593101674699,0.0,0.3414051133904411,0.051326979970473904,0,2,0.8459288055571759
102928,347,True,True,"yes, center of fish",10° < x < 15°,No Curve,0.97265625,11.428924098803945,3.5658504966812954,0.20021908985812067,0.8260752374192505,0.0,0.2718372552413158,0.04423003370784792,1,2,0.8647926698268823
102929,347,True,True,"yes, not center of fish",x > 15°,No Curve,0.953125,11.40222851361153,3.493404513444705,0.20922606930691784,0.8079220966752103,0.0,0.48919049146594495,0.03662967324777619,1,2,0.8549476077758911
102938,347,True,True,"yes, not center of fish",5° < x < 10°,No Curve,0.91015625,10.096048177372545,3.3604928886214407,0.2051774753806213,0.8856381035868215,0.0,0.416828941226167,0.09871471295993153,1,2,0.6894111808886417
102941,347,True,True,"yes, not center of fish",10° < x < 15°,No Curve,0.89453125,10.298801309587917,2.1904780366362737,0.32864968143826395,0.9349852024431711,0.0,0.2878685427984572,0.12770528213818727,1,2,0.6109613563566969
102943,347,True,True,no,,Significant Curve,0.921875,10.598582834314088,2.1821541318316777,0.3181544776288252,0.907542854554924,0.0,0.5684262077150276,0.09071439830307898,1,2,0.6884176886722776
102944,347,True,True,"yes, not center of fish",5° < x < 10°,Significant Curve,0.859375,10.721989034248775,2.4168457794872316,0.28798959632340176,0.8992503272381104,0.0,0.49451816288008876,0.006339913885106441,1,2,0.7563056950236923
102946,347,True,False,no,,,0.94140625,10.780143085369593,2.884088731030902,0.2233497748074715,0.8076467375320364,0.0,0.41439082103110014,0.13595153045378822,1,2,0.7558470824676283
102948,347,True,True,"yes, not center of fish",5° < x < 10°,No Curve,0.9375,10.834489541275977,3.066988526854978,0.222598227277683,0.8065585236168843,0.0,0.47473869416654746,0.0684507488105469,1,2,0.7992896920974301
102951,347,True,True,"yes, not center of fish",10° < x < 15°,No Curve,0.94921875,11.903371685432536,3.1800695863331274,0.18611099047316415,0.7603942869052183,0.0,0.38302845781259537,0.06385883202101078,0,2,0.8834915606483735
102953,347,True,True,"yes, center of fish",10° < x < 15°,No Curve,0.9375,11.926345515126858,2.5292708245875595,0.2019627184783557,0.8424014329928211,0.0,0.08268438581569207,0.034624342271437035,0,2,0.8932227312106623
102954,347,True,True,"yes, center of fish",10° < x < 15°,No Curve,0.953125,11.99629561295192,2.4658940512892555,0.2105680162614863,0.7929358376895504,0.0,0.0346630013696445,0.008238550910837278,0,2,0.9140569958077769
102955,347,True,True,"yes, center of fish",10° < x < 15°,No Curve,0.90234375,11.997971635748732,2.7436014886466773,0.2031765114846937,0.786019332905864,0.0,0.11864463066746132,0.004495237324314529,2,2,0.9116595489988045
102957,347,True,False,no,,,0.90234375,11.919263525278058,2.4018871161035142,0.23783317647540358,0.8392809724928094,0.0,0.10971205194650145,0.028772339186381977,2,2,0.887168706236481
102958,347,True,True,no,,,0.9140625,11.868808095111264,2.3205160599932273,0.21222367595225705,0.9516774227958824,0.0,0.09417325954979097,0.06232692067102706,2,2,0.86624375802927
102959,347,True,False,no,,,0.91015625,11.781034733714366,2.285237804785521,0.286971067102964,0.9311943593761128,0.0,0.10403232887765113,0.03274871298487718,2,2,0.8501683923392781
102961,347,True,True,"yes, center of fish",10° < x < 15°,No Curve,0.921875,11.788395776462206,2.1172054469805746,0.30078808384491396,0.8953291166344353,0.0,0.15626351612807288,0.09875387559367581,2,2,0.819685533382038
102963,347,True,True,no,,,0.14941406,9.521934264474277,1.7443068896537461,0.41228612416730737,0.9592245285006848,0.0,0.10307180474230394,0.10158167633385926,0,2,0.1363838258516571
102964,347,True,True,"yes, center of fish",5° < x < 10°,No Curve,0.90625,11.907093669336096,1.5554269965447312,0.36434713201663715,0.7595828094551582,0.0,0.3339515752155773,0.0006592960285201778,0,2,0.862543204973223
102966,347,True,True,"yes, not center of fish",5° < x < 10°,No Curve,0.9375,11.857514669693389,1.4879354920682053,0.35682008709014057,0.7243813624780914,0.0,0.07301806680206477,0.1374015945040493,0,2,0.8162714456638046
102967,347,True,True,"yes, center of fish",x < 5°,No Curve,0.9375,11.761245414270805,1.5169696929805074,0.372009709943561,0.7459628377395383,0.0,0.029390361849900563,0.07633905624822873,0,2,0.8358551107219375
102968,347,True,True,"yes, not center of fish",x < 5°,No Curve,0.9375,11.825280637626893,1.5551589779896393,0.36910927969806995,0.7417051772936097,0.0,0.1449980384432977,0.06588022168059383,0,2,0.8423785899271535
102970,347,True,True,"yes, not center of fish",x < 5°,No Curve,0.92578125,11.916401930371915,1.5294512066126251,0.36948400328180797,0.7468650297719274,0.0,0.33129450565069946,0.03414634040445042,0,2,0.8530106526057221
102971,347,True,True,"yes, center of fish",x < 5°,No Curve,0.9296875,11.904102313669993,1.5421684003793923,0.36696957775411626,0.7635354408974144,0.0,0.30625315524355445,0.0225812130653157,0,2,0.8580456814282257
102972,347,True,False,"yes, center of fish",5° < x < 10°,No Curve,0.921875,11.578984704229642,1.6465131014701442,0.37846291015255773,0.7472858781723047,0.0,0.04389921728726883,0.06989059775411159,0,2,0.8168243076585829
102973,347,True,True,"yes, center of fish",10° < x < 15°,No Curve,0.921875,11.568908744165402,1.6440299015908748,0.4084943884452281,0.7868254830333827,0.0,0.01750968646649392,0.0855222105808923,1,2,0.7917070283657326
102974,347,True,True,"yes, center of fish",x < 5°,No Curve,0.93359375,11.717416127785228,1.559885219435228,0.38643855119088394,0.7691536113044077,0.0,0.03438215429628324,0.0775557833991416,0,2,0.8188970568501655
102975,347,True,True,"yes, center of fish",x > 15°,No Curve,0.92578125,11.436076817517693,1.7061955112600182,0.35701391702171176,0.7741981331226513,0.0,0.05655514527745026,0.003219935501890004,0,2,0.8497516192577648
102976,347,True,True,"yes, center of fish",5° < x < 10°,No Curve,0.93359375,11.646984218515533,1.6155152872075476,0.37116829071036955,0.7577927478652162,0.0,0.0052474270853661385,0.006848748102553911,0,2,0.8619388395844886
102979,347,True,False,,,,0.36328125,10.275430347393456,2.4302400299512317,0.3129962672640719,0.8758698769718469,0.0,0.4135633509745261,0.04328154772596728,0,2,0.3769944790907686
102980,347,True,False,,,,0.890625,10.746002564746897,3.0743090469029553,0.177252668515057,0.8101098019378865,0.0,0.01911889982510792,0.10824077270895967,3,2,0.8075636523465005
102981,347,True,False,,,,0.8125,10.971159418297601,2.828541990313505,0.1785648736390033,0.842761008612759,0.0,0.002916883477982636,0.09159845525721198,3,2,0.8007897814092222
102982,347,True,False,,,,0.84375,10.377701057805387,3.5145503110367526,0.17320381829653672,0.763700746233186,0.0,0.31310583352041954,0.1085498384792907,1,2,0.7308579956545403
102985,347,True,True,"yes, center of fish",x > 15°,No Curve,0.94140625,9.697692639556532,2.7060805259047664,0.2677800444341805,0.9103108924178036,0.0,0.08973549800292409,0.05541572146439224,0,2,0.6831402006757953
102986,347,True,True,"yes, center of fish",10° < x < 15°,No Curve,0.94140625,9.944005500839015,3.1383409527546924,0.23757447383550886,0.9269215363389559,0.0,0.06459644728356809,0.11580501379385766,1,2,0.669014456657993
102987,347,True,True,"yes, not center of fish",x > 15°,No Curve,0.8984375,9.795066803581708,2.8611769650297876,0.25635571347389563,0.9179732460291071,0.0,0.22524560721057166,0.139858803024625,0,2,0.5816299112666581
102988,347,True,True,"yes, not center of fish",x > 15°,No Curve,0.92578125,9.63717550582054,2.8735180050245113,0.2498619738999445,0.9030851283260158,0.0,0.11909755101638415,0.0025644416046036993,1,2,0.7326681712856324
102990,347,True,True,"yes, center of fish",x > 15°,No Curve,0.890625,9.537627699020323,2.5328893165170796,0.2764666581088088,0.9039194604632979,0.0,0.12442541267882969,0.022348519720940947,1,2,0.6804039133137779
102992,347,True,True,"yes, center of fish",x < 5°,No Curve,0.8515625,9.557540571952371,2.782251694058809,0.24574231903379104,0.9372764604583389,0.0,0.11220333471307468,0.00222565525901447,1,2,0.6837760027439783
102993,347,True,True,"yes, not center of fish",x < 5°,No Curve,0.76953125,9.514289416891836,2.695359710306228,0.23072800834390705,0.9546351084812623,0.0,0.000723511743153096,0.07853883954457076,2,2,0.5885167846731798
102994,347,True,True,"yes, not center of fish",x < 5°,No Curve,0.609375,9.369819686521504,2.2273441513114873,0.3091511116598223,0.9734821762045068,0.0,0.26344247342414484,0.15668327855531528,2,2,0.3313655539263604
102995,347,True,True,"yes, not center of fish",x < 5°,No Curve,0.6796875,9.54043517305957,2.4024515999036207,0.24588606821855163,0.9154382732297973,0.0,0.34224589611945827,0.04581768112800255,2,2,0.5578829652152111
102996,347,True,True,"yes, not center of fish",x < 5°,No Curve,0.81640625,9.389657419749838,2.397823653287044,0.2754916546838979,0.9646442249546462,0.0,0.09447545645502642,0.1587730782811088,1,2,0.47452674925166227
102997,347,True,True,"yes, not center of fish",x < 5°,No Curve,0.76953125,9.566615235893575,2.8485035563624788,0.24240206222184624,0.9439138050699012,0.0,0.3624219063653469,0.08061646446261891,1,2,0.544634344482371
103000,347,True,True,,,Significant Curve,0.79296875,10.194289752324153,2.255749469631305,0.2956610771480062,0.7896096229060586,0.0,0.057007119414775154,0.1253290935738976,3,2,0.6543593614706016
103001,347,True,True,"yes, center of fish",5° < x < 10°,No Curve,0.84375,10.230846964640671,2.834327906827271,0.2329049176873253,0.7747898690346542,0.0,0.040931893304752914,0.01744873613827763,5,2,0.8131871215421562
103004,347,True,True,no,,Significant Curve,0.78515625,10.263153020397368,1.9766992649115955,0.29812971243613573,0.7481268763868947,0.0,0.10408248793983495,0.08097052171699107,4,2,0.7220183233161623
103009,347,True,False,no,,,0.81640625,10.259412215084156,1.160743978856484,0.6332508133173332,0.993682891599812,0.0,0.08645532800137946,0.19229675928438714,4,2,0.3264647417084243
103014,347,True,True,"yes, not center of fish",x < 5°,No Curve,0.8359375,9.78239278915807,2.1993758809629274,0.2852185983957805,0.957680250783699,0.0,0.14466535548630685,0.12358576432596169,1,2,0.5614681192985718
103016,347,True,True,"yes, not center of fish",10° < x < 15°,No Curve,0.796875,9.69713966113932,2.048641624272078,0.32272728744877455,0.9398140125916941,0.0,0.14187324524846479,0.13303762656271223,1,2,0.5008387220794157
103017,347,True,False,no,,,0.4140625,9.626019802491319,1.764111387756306,0.4078465751214504,0.9943243331911683,0.0,0.07953118832809904,0.08267127490088373,1,2,0.2582100114257036
103018,347,True,False,"yes, center of fish",10° < x < 15°,No Curve,0.6640625,9.650657690851558,1.9131865973817943,0.37314416324083105,0.9944298610666495,0.0,0.03559237194203173,0.0008287136406804379,1,2,0.5009463981569915
103047,347,True,False,,,,0.33007812,9.40878131065002,4.363128516583406,0.13707875614581472,0.7880706969530518,0.0,1.0330031048259811,0.06216733459960993,1,2,0.32878070584644864
106899,362,True,False,,,,0.13476562,9.126523885883072,20.3517468389495,0.030124604180950823,1.1223530847623115,0.0,0.2148610712588102,0.03590757439574403,2,1,0.9895246618402493
106916,362,True,True,,,,0.31835938,11.439623321895178,1.3450182462818496,0.40353439180386186,0.7611450100331709,0.0,0.2533550779017965,0.13494958695486192,5,2,0.29562321862300034
106930,362,True,False,,,,0.51171875,11.93041136630502,2.80935721479945,0.26969959682750283,0.8983475598029498,0.0,0.05088131608662561,0.07230480827513613,0,2,0.6372222453416945
106931,362,True,False,,,,0.125,11.845540271264136,2.757093012245319,0.26272289975755014,0.9036632896710588,0.0,0.014531910700694484,0.010455289548677735,0,1,0.7123204651583086
106936,362,True,True,,,,0.49609375,12.08730037073806,3.3363855027774045,0.2489692680432043,0.9132992564099927,0.0,0.2961280514335766,0.056762867228010876,3,2,0.6587462534416602
106937,362,True,True,,,,0.42578125,12.03690223211317,3.177117288389528,0.26100075322053284,0.8965771715873918,0.0,0.3157067862806355,0.0369998725685747,1,2,0.6585453947660789
106938,362,True,True,,,,0.19824219,11.886101513741325,2.4297265950802696,0.327071590296742,0.9248923758820083,0.0,0.11935782067015403,0.07129253902948927,1,2,0.4177273912556009
106950,362,True,False,,,,0.11767578,11.283776416704102,1.2266792585863753,0.519944660057148,0.7337103947149896,0.0,0.00663883689295089,0.018306167620927485,0,1,0.47974942778101826
106953,362,True,False,,,,0.15039062,11.347720578576464,1.1060464397657235,0.49163244857274596,0.6956907092972681,0.0,0.10696366841248407,0.02759383826170509,0,1,0.5234674349731272
106955,362,True,True,,,,0.23144531,11.37741497236152,1.1370495554563846,0.5036223178748053,0.6920690270045371,0.0,0.16392522849303318,0.00536102082751363,2,1,0.5512768464743716
106961,362,True,False,,,,0.34375,11.52120112702131,1.1077696141404894,0.4944722222935681,0.750590871363117,0.0,0.0069233847098184986,0.021077190070641603,0,2,0.4099134902616342
106966,362,True,True,,,,0.12207031,12.026269913831172,1.0565864546401913,0.47541284697934005,0.7096239889407263,0.0,0.15399072224111868,0.01589639707052466,0,1,0.5962020925919074
106979,362,True,False,,,,0.68359375,8.106816038947052,3.3815564975616,0.18397526019578467,0.8365699873896595,0.0,0.7361153243795121,0.012782010738307092,0,2,0.43520209995468917
106982,362,True,True,,,,0.76953125,8.70317470904168,2.6068901600361944,0.2453815401493459,0.8530349174870742,0.0,0.04389871582978929,0.02927491145274006,0,2,0.44880699049586503
106986,362,True,False,,,,0.83203125,8.534443544822764,3.106689493463652,0.20323890829876295,0.8496033402922756,0.0,0.11274048045364558,0.05175980434720619,1,2,0.4843547745944067
106988,362,True,True,,,,0.31445312,8.512180649592693,2.4885671374926344,0.21782346621949716,0.8357130858390728,0.0,0.48746338790395594,0.053849597001710076,2,2,0.23777520367798416
106994,362,True,False,,,,0.12109375,8.473032295630468,2.4239301971063827,0.3008545796583029,0.942381562099872,0.0,0.1197963034722795,0.1279113176035355,0,2,0.10230440198135922
107003,362,True,False,,,,0.14453125,8.560635749259074,2.4964486836958426,0.275924105694044,0.933083176985616,0.0,0.04331198866157158,0.03522784948194015,0,1,0.2944885370215923
107014,362,True,True,,,,0.453125,8.396831834745054,2.032896966091964,0.367324740872436,1.0049875311720697,0.0,0.6778207711721222,0.04037126536492537,2,2,0.11189180650714844
107017,362,True,True,,,,0.2421875,9.02485381183907,3.6032847901512097,0.18911697320116277,0.9063829787234042,0.0,0.20817070675074542,0.07471005229204149,3,2,0.2895176326388577
107027,362,True,True,,,,0.93359375,10.14866653071095,3.133215562685138,0.23510995264500148,0.9221193916761379,0.0,0.03845320124912107,0.03541594063993333,1,2,0.6482917655601514
107028,362,True,True,,,,0.91796875,10.102092479403183,3.1689730358800436,0.23937726275826804,0.9262430467222296,0.0,0.21426731785339242,0.1076286791232413,0,2,0.5638193935784253
107032,362,True,True,,,,0.89453125,9.998070195022075,2.8031836565602477,0.24442676848454362,0.9409750460129265,0.0,0.12406278480981049,0.07140745298535914,0,2,0.5449908723291499
107035,362,True,True,,,,0.8984375,10.346826313072373,3.0952015953379397,0.24454851946275605,0.9264942016057092,0.0,0.11847402108250775,0.035596080701648165,0,2,0.6500195702210241
107037,362,True,True,,,,0.87109375,10.313940202155331,3.04930150028825,0.2351806240958303,0.926936497932455,0.0,0.019492555305467434,0.04852994750994169,0,2,0.6337807156821598
107038,362,True,True,,,,0.8515625,10.406230600108763,3.0416181967066507,0.22096092107960058,0.89709154050681,0.0,0.10949978322306042,0.06508219160301673,0,2,0.6454703271952338
107040,362,True,True,,,,0.890625,10.274706221915702,3.697781008531858,0.1990531538865185,0.9358556348258386,0.0,0.1081683121251768,0.02501261184500112,0,2,0.7107440441537038
107041,362,True,True,,,,0.8984375,10.266497388607728,3.7216899804071195,0.19321269252610168,0.9523541394100988,0.0,0.5998802678852082,0.027885776620477486,0,2,0.6786197119706917
107042,362,True,True,,,,0.86328125,10.34663372761198,3.5886809762690146,0.18512724136678316,0.9011151125959995,0.0,0.13614894083040047,0.018433763523886596,1,2,0.7273613270592696
107044,362,True,True,,,,0.90234375,10.123185173446037,2.85352521887251,0.2516686683674793,0.8965740607456456,0.0,0.05119378790295717,0.01429022266701786,0,2,0.651127160089692
107047,362,True,True,,,,0.90234375,9.962699412167973,2.7914161039058993,0.2563397323116437,0.9409782271296173,0.0,0.10695058124410253,0.11638959843894396,0,2,0.489798877773395
107049,362,True,True,,,,0.84765625,9.88791695754517,2.9239108030583925,0.24843928578438004,0.9639220677501469,0.0,0.0783559416487836,0.07478205136836198,0,2,0.5033995443143643
107050,362,True,True,,,,0.87890625,9.96580485860099,2.959080039756815,0.23589683265792016,0.9657675642567093,0.0,0.1086250907058419,0.06696670180309798,0,2,0.5401845085483131
107051,362,True,True,,,,0.78515625,9.910661756284128,2.779528859899935,0.2506021888110464,0.9629523399780104,0.0,0.21104491729840638,0.045843653414748546,0,2,0.4926291671169948
107053,362,True,True,,,,0.828125,10.015833612367667,2.9396678866155797,0.2404396878124354,0.9627223644302954,0.0,0.18423239666122995,0.04910666932923726,0,2,0.5380101154172151
107056,362,True,True,,,,0.875,11.92147913189974,1.3222503252133977,0.48232819533813703,0.8047451209011023,0.0,0.20399175245272955,0.02977910713134851,0,2,0.6131181745157688
107059,362,True,True,,,,0.9296875,11.91384693302852,1.3220754128504488,0.4471419974691101,0.7882803220271876,0.0,0.11570550076566816,0.10068432670928064,2,2,0.5843010314829804
107060,362,True,True,,,,0.9453125,11.955095303286528,1.3532221102678101,0.4466659676144806,0.7788461057194196,0.0,0.2292781325321409,0.05065611513357146,1,2,0.6540865479698823
107063,362,True,True,,,,0.8125,11.059975590290321,3.3900758604178596,0.22296681706597804,0.7932497348555743,0.0,0.42993459609494494,0.06356864061726396,9,2,0.6887389691498309
107065,362,True,False,,,,0.23828125,9.685207156887905,1.5488565071647167,0.5354225627120066,0.9623511103130424,0.0,0.035594816362185144,0.07073949529765025,3,1,0.16743682928502762
107071,362,True,True,,,,0.6171875,10.510695508418417,3.3049657954702045,0.20582929978745698,0.8948208822418059,0.0,0.11205549166554661,0.04454026446482141,8,2,0.5441734061235248
107075,362,True,False,,,,0.765625,10.682560103927765,2.6533687444723575,0.24880763486630114,0.7254616415215238,0.0,0.27881030710941473,0.09459238642568212,6,2,0.6225375041447067
107076,362,True,False,,,,0.111328125,10.342484143853085,3.4490973036728527,0.17610950454755273,0.7941074833937005,0.0,0.2756921889505853,0.09292208166955178,0,1,0.6398151732750362
107082,362,True,False,,,,0.8515625,10.7975940232744,2.3928119707518096,0.3323960766004201,0.9286555260159514,0.0,0.15561377413313704,0.01223431339239997,2,2,0.5727620832949637
107109,362,True,True,,,,0.14257812,11.110266416192525,1.7855380099201832,0.26178892649801666,0.6394207777799032,0.0,0.299800390534728,0.08772448458368866,0,1,0.671232963740417
107122,362,True,False,,,,0.390625,8.983314293397749,5.424802504814826,0.08818589985994754,1.705328482773379,0.0,0.4600962897501003,0.06879567651727383,4,2,0.08992669956866103
107126,362,True,False,,,,0.84765625,9.081483749851179,1.9345316969475583,0.34488520057102495,0.9863121283518457,0.0,0.020328724788169498,0.15163579545373035,2,2,0.20289979426937998
107138,362,True,False,,,,0.7109375,9.968900691084361,1.7894459058904653,0.3902016391070698,0.9833740155667112,0.0,0.3742069460373925,0.07071936945279457,1,2,0.25933182395523224
107139,362,True,False,,,,0.46875,9.118334726180159,3.023320027539429,0.2197992772097468,0.9459165154264972,0.0,0.23216897545955786,0.11652299313569026,0,2,0.28017341233417387
107140,362,True,True,,,,0.5703125,9.002454823050954,3.148646890999673,0.24329340562799917,0.9847851124446869,0.0,0.03993934133917688,0.021990556722703437,0,2,0.3634261543145551
107143,362,True,False,,,,0.16894531,8.737933858114136,2.757224458705763,0.2937173483998729,0.9175189463615628,0.0,0.7296908306736741,0.06199266210677569,0,1,0.275343895883425
107151,362,True,False,,,,0.75,8.796641458940915,2.072468632423453,0.29044929272702236,0.9068714853929503,0.0,0.3712862804306696,0.1083905362716859,0,2,0.2612154003831764
107162,362,True,True,,,,0.7890625,9.212238569259263,3.1410725889467694,0.20257585398716943,0.8555204508581675,0.0,0.30203085369873606,0.05283571285652137,1,2,0.5314486080916232
107167,362,True,True,,,,0.87109375,9.9066326016802,2.837414631239951,0.20484428965812157,0.8704687940646897,0.0,0.03576560172555286,0.035594429889970566,1,2,0.6372620447411055
107168,362,True,True,,,,0.890625,9.902587147292964,3.3219320043837905,0.1917196163952036,0.839862138533961,0.0,0.001619709695337059,0.09619385212752152,0,2,0.6598461675557621
107199,362,True,True,,,,0.609375,9.218407743053941,2.195685455613144,0.2830706382789816,0.9809282864649217,0.0,0.3336300986961504,0.008852438743329989,2,2,0.29191040638858184
107289,362,True,False,,,,0.5,9.664087578702395,3.7229998244218745,0.22062299157190166,0.9851063829787234,0.0,0.11589113244981694,0.0404800951611371,0,2,0.44374153582282466
107292,362,True,False,,,,0.20214844,9.506660032823548,3.1034322450770113,0.2585385705604589,0.9801763719845492,0.0,0.3990781235298293,0.0010120486611340355,0,2,0.28385163895110443
107293,362,True,True,,,,0.72265625,9.837027185835858,5.561082208669101,0.136768099628559,0.8700746216612038,0.0,0.013629814072975347,0.009459619251244337,1,2,0.8034499789321569
107295,362,True,True,,,,0.44140625,9.795233967095873,5.703028856205295,0.13022123981336103,0.8240776877338782,0.0,0.09608363340631619,0.00827546507584039,2,2,0.752073456224027
107297,362,True,True,,,,0.35546875,9.796792813865165,5.244598596476836,0.13639861280560817,0.8981937192395133,0.0,0.09795459806041154,0.04875973337334339,2,2,0.6103716096952305
107300,362,True,False,,,,0.66015625,9.885272664115224,4.618411655903133,0.1406646983926029,0.7849634277948759,0.0,0.08035300638012675,0.004658524630409614,0,2,0.794040832467074
107306,362,True,True,,,,0.114746094,8.384804003370492,2.1408573196469276,0.35739614557974153,0.988601737952827,0.0,0.7661625945779512,0.10602650813310038,0,0,0.22021205368227437
107311,362,True,True,,,,0.106933594,9.254452946594503,2.0320427718933676,0.2534625454455528,0.8244389224154932,0.0,1.1209979112696726,0.0660499366211422,1,0,0.4775035015398429
107314,362,True,True,,,,0.78515625,10.211670537837739,2.505681402959348,0.2855130967852352,0.9456130903785023,0.0,0.28241223560317635,0.031730161780258816,3,2,0.4734486644128692
107319,362,True,False,,,,0.17382812,9.595194526180222,1.8244365879801396,0.3221620837773264,0.93500047723585,0.0,0.2469746789505919,0.036147367941653706,0,1,0.32160211654269755
107320,362,True,True,,,,0.47070312,9.700759185964511,3.3141176529074547,0.22560158655639154,0.9149997198408696,0.0,0.023378004831756224,0.1329421765941254,4,2,0.33257130082597225
107326,362,True,False,,,,0.13183594,9.420114955551439,2.2606014138631725,0.33522373509260744,0.949280381744016,0.0,0.18813473495636776,0.0027934850722701916,0,1,0.3333628752378221
107360,362,True,False,,,,0.57421875,8.27614021955846,3.2635621825073726,0.2520228459804858,0.9567758431754535,0.0,0.07847488406392931,0.14447612045998273,2,2,0.19995452977084355
107364,362,True,False,,,,0.33203125,6.88653164253051,3.1514605115623042,0.2344029690987847,0.9775336994508238,0.0,0.37031739666995994,0.12458042738503755,1,2,0.08516522780404531
107367,362,True,True,,,,0.76171875,8.718663567048953,3.153517923293279,0.2180762286801027,0.791920238249385,0.0,0.20364761892255198,0.03397272780424927,4,2,0.49572244749414385
107368,362,True,True,,,,0.6171875,8.972463821059907,1.9885002932031102,0.33858624684970096,0.963750840515924,0.0,0.37373714132177943,0.17011021591799078,6,2,0.12036244638794387
107372,362,True,True,,,,0.6484375,8.953122840328222,2.884619135118318,0.2060518296095061,0.9603179531764268,0.0,0.17070847813247067,0.012258564031197282,9,2,0.3256044706098235
107373,362,True,True,,,,0.7578125,8.84937050375457,2.5246410966455968,0.24817649171239248,0.9127217966345839,0.0,0.09568877472252872,0.013450582627795847,3,2,0.3924669514346157
107374,362,True,True,,,,0.74609375,8.772455372611907,2.161126391288172,0.28956239586669485,0.900139470013947,0.0,0.02346290537139369,0.08172127569772195,3,2,0.2814379914318507
107379,362,True,True,,,,0.83984375,9.232101863757695,2.480992699597391,0.2860836958736114,0.98920776266757,0.0,0.4007257834529374,0.02212918677117853,0,2,0.3830903539387176
107381,362,True,True,,,,0.84765625,9.116688815894728,2.386541750670779,0.3009519306864677,0.9996157857182063,0.0,0.20482006607634218,0.061573265111049616,0,2,0.3251461016319346
107385,362,True,True,,,,0.85546875,9.26036786557583,2.5637067359575703,0.2822055917197785,0.9755033868423495,0.0,0.470925298848039,0.10427919877172971,1,2,0.31917159208384716
107390,362,True,True,,,,0.7734375,9.479680250180099,3.0713370449978346,0.21972414579994487,0.8434650945523662,0.0,0.21233687782151442,0.020664164734553164,2,2,0.5749739394994939
107392,362,True,True,,,,0.86328125,9.318207742845189,2.780982870080265,0.2650374768594973,0.9924711542745133,0.0,0.1424128575302112,0.005272457762843852,2,2,0.4467701448721723
107397,362,True,True,,,,0.73828125,9.677151410322754,2.8950605302835366,0.24129594022551087,0.9584447582704847,0.0,0.43032513821580126,0.017065197934575067,4,2,0.44137855565305045
107400,362,True,True,,,,0.76953125,9.001962272862446,2.916663539539931,0.25785451105827834,0.8997617332520641,0.0,0.01637417915111824,0.06879883308100672,2,2,0.4035958739292962
107401,362,True,True,,,,0.8125,8.946244609330543,2.4706569090688415,0.3093396345880905,0.9970137626590496,0.0,0.042945110953902355,0.03429022118897674,2,2,0.313391751008119
107408,362,True,True,,,,0.88671875,9.061608318175784,2.355564704045827,0.26335449660657195,0.7816071104661708,0.0,0.2588681535105229,0.02034036932927521,0,2,0.5500228846404285
107410,362,True,False,,,,0.33203125,8.616314282284044,3.0227744614263936,0.21145051340735624,0.7553184212326425,0.0,0.24846469523073905,0.047080375345012804,0,1,0.548636697536282
107411,362,True,False,,,,0.10546875,8.439447842791385,3.9563394209703184,0.18220335424362918,0.8853588516746411,0.0,0.2631177486185234,0.061539137994240156,0,0,0.5969102699845164
107415,362,True,False,,,,0.12988281,8.927314111060596,1.3705006045464316,0.5786379363662688,0.9934735315445975,0.0,0.8953130347895616,0.04069217425969511,0,0,0.1620833935645703
107416,362,True,True,,,,0.59375,9.404508151053818,1.9925459692421696,0.28596907548024003,0.8515726357866685,0.0,0.5120871729762737,0.05283037810122977,2,2,0.3245391573603817
107437,362,True,False,,,,0.10986328,8.188411308079031,1.9251090299186517,0.07460711758925051,0.9065491183879093,0.0,0.3452696860113453,0.01967446338257239,0,0,0.5249394715408162
108150,366,True,True,,,,0.64453125,7.831220214604293,2.5543921096606574,0.2954207418280405,0.903966971818345,0.0,0.2906813330439244,0.002529165569785803,0,2,0.21762875238192253
108164,366,True,True,,,,0.17382812,8.891511570527564,2.8432775862593336,0.258871261482648,0.9970513611739696,0.0,0.09322739738776833,0.0242208709903557,0,1,0.11294982807477133
108167,366,True,False,,,,0.19726562,9.004422601327041,2.8546564043018496,0.2624810039214467,0.9695056581298392,0.0,0.03309882191643173,0.03069812454996749,0,1,0.12069745143316128
108171,366,True,True,,,,0.32421875,9.007121989469242,4.233681511080758,0.17106840252777888,0.9522198238142465,0.0,0.056839491043766704,0.027656917575263874,0,2,0.195909715873545
108172,366,True,True,,,,0.37304688,8.91918561004543,5.03263295597405,0.14370014295723219,0.9042952208106473,0.0,0.28713270021904,0.0748846100611514,0,2,0.21394156904508319
108177,366,True,True,,,,0.40234375,8.914491710191342,3.7758724752607273,0.17261585798961215,0.8938419945929709,0.0,0.2888318307377046,0.02913590359228134,0,2,0.2630147497205658
108187,366,True,True,,,,0.12988281,8.39479954320217,1.24376723002415,0.5929348147243146,0.9505801461108724,0.0,0.045100766129791366,0.1412849511097864,1,1,0.0161421079904207
108258,366,True,True,,,,0.8984375,9.925004395998378,3.2483663950304975,0.1917692527406845,0.8147601770264343,0.0,0.19682658428377378,0.048068957317341794,0,2,0.6464459309496412
108259,366,True,True,,,,0.73828125,9.9813740911932,2.9171272789022287,0.20868501489189523,0.8260736665138316,0.0,0.06656902937468091,0.03713248275506114,0,2,0.5399514415937237
108260,366,True,True,,,,0.74609375,10.033155240658164,2.7796222515229307,0.22544693179171715,0.858316841014042,0.0,0.02471438284889844,0.008064106985646902,0,2,0.5513272644028288
108261,366,True,True,,,,0.8359375,9.942275479743389,3.052758699715409,0.19756161535212627,0.8303612436847255,0.0,0.057972514778661284,0.009867011266660623,0,2,0.6287973034523466
108264,366,True,True,,,,0.85546875,10.08830598952867,3.160899266042348,0.20439264681283267,0.874463909282547,0.0,0.15360906900626825,0.021636482294984275,0,2,0.6316083929388497
108266,366,True,True,,,,0.90625,10.758668544943307,2.5243536670317823,0.26117581412235635,0.7803049154763683,0.0,0.0377011943473948,0.01036832104191775,1,2,0.7288685128664406
108269,366,True,False,,,,0.8828125,10.768232326527052,2.529118992744423,0.2551564206787959,0.7588124380812374,0.0,0.04494365956496464,0.016712444220047955,0,2,0.713393094560838
108270,366,True,True,,,,0.87890625,10.704704076564818,2.699881313315252,0.25078860211116405,0.8232045219447318,0.0,0.12046643253030699,0.00955138298168275,2,2,0.724531554706702
108271,366,False,True,,,,0.91796875,10.660196214585818,2.557624026224659,0.27298022752955764,0.7519360699984123,0.0,0.067110373543646,0.03654717242238488,0,2,0.6899608018901008
108273,366,True,True,,,,0.90234375,10.631688121153461,2.5118195288845055,0.2901548292838261,0.8288052176696543,0.0,0.09188450404885454,0.024754092037814566,1,2,0.6654644387345708
108276,366,True,True,,,,0.9453125,11.786130752615595,2.4606519261575093,0.26095631337122543,0.847624668233989,0.0,0.1263401702417176,0.03768363854005873,0,2,0.7940819335720675
108280,366,True,True,,,,0.9375,11.765495770973137,2.559828355529022,0.2533248154308698,0.8781121676375493,0.0,0.1019732205917704,0.056082850579206575,0,2,0.7686462275726463
108282,366,True,True,,,,0.94140625,11.669424813086975,2.5791945163597636,0.2376742721558661,0.8657102035075251,0.0,0.09141423618230962,0.05462999676719119,1,2,0.7865777069412438
108283,366,True,True,,,,0.94921875,11.6583669006204,2.553007677036173,0.23564339120039826,0.8659177095538826,0.0,0.009248920895367989,0.004819099905456943,0,2,0.8106632575353077
108286,366,True,True,,,,0.953125,12.143010367542624,2.456187995488184,0.25811008258766205,0.8436003414349252,0.0,0.16846998089191376,0.02493003512372974,0,2,0.8377135075973736
108288,366,True,True,,,,0.953125,12.08986461889565,2.706513646929064,0.23436605034446564,0.8814294306484068,0.0,0.15794315551004995,0.010300559572152503,0,2,0.8453642445056061
108291,366,True,True,,,,0.94921875,12.08134240885872,2.6595151348803086,0.2300385400220497,0.8563882165187992,0.0,0.11132839555265311,0.01569408088062833,0,2,0.8448601800934107
108292,366,True,True,,,,0.9453125,12.106561654661238,2.576292645060614,0.23354700585503177,0.8484467916606138,0.0,0.189042911902917,0.02044678239430316,0,2,0.8484044823713057
108293,366,True,True,,,,0.94921875,12.035153829677562,2.5867810017834882,0.2465900148248652,0.8417284147875931,0.0,0.20460191734487526,0.00889416491440251,0,2,0.8473129116036793
108294,366,True,True,,,,0.9375,12.106263359910672,2.5663301924752746,0.2602520411365653,0.8505992899219196,0.0,0.19471143553331155,0.026452398961972226,0,2,0.8270748227578374
108300,366,True,True,,,,0.890625,10.803221982094566,2.856328193599853,0.2254455119628379,0.8574118467506429,0.0,0.02857520603997948,0.03851250294869648,2,2,0.7112198140902739
108301,366,True,True,,,,0.88671875,10.930048726626888,2.8685407300232577,0.2401600103984559,0.908571614562143,0.0,0.1066370065515863,0.04476287521066095,2,2,0.6956884375257539
108302,366,True,True,,,,0.859375,10.969387237621987,2.8582082586719793,0.2350674686992827,0.9260221981246411,0.0,0.206744020544385,0.04287212531938806,0,2,0.6734193597014994
108304,366,True,True,,,,0.921875,10.950262539222262,2.8207860893401313,0.23604419645112648,0.9149809275245935,0.0,0.17837340000255972,0.06744515334341082,0,2,0.6798507336104377
108306,366,True,True,,,,0.91015625,10.996350009223631,3.085854152225709,0.2122862866187464,0.9259256384984905,0.0,0.22064017329959085,0.06150309880629045,1,2,0.714343095133522
108310,366,True,True,,,,0.9140625,11.119156687322887,2.7081936847067154,0.2698923991360831,0.9138339813848885,0.0,0.20533711489235645,0.05422918522978029,0,2,0.6815460137512539
108311,366,True,True,,,,0.9140625,11.075226379528342,2.6732680710193875,0.2737051792700809,0.9166063187788427,0.0,0.28094497629380477,0.050420796826267746,0,2,0.6858727742570688
108312,366,True,True,,,,0.9140625,11.0176450525397,2.5152440539674696,0.2723376008505376,0.9048524083862921,0.0,0.22565288847348308,0.0441586891061803,0,2,0.6872460409568454
108313,366,True,True,,,,0.921875,10.99593085205871,2.430720430410251,0.259121138431377,0.8907594407265774,0.0,0.17883734963896647,0.004573348685668778,1,2,0.7487495940461937
108334,366,True,True,,,,0.73046875,8.197814032221203,2.024611235179537,0.3691208494208083,0.9494315954527637,0.0,0.6228110036799778,0.024390297212934824,1,2,0.25134661761122773
108342,366,True,True,,,,0.2109375,8.523572798380277,1.708444474135816,0.38495047501007945,0.8941803642825411,0.0,0.11959779554128952,0.061464044632248145,0,2,0.06604158585019104
108343,366,True,True,,,,0.14550781,8.422003004412488,1.5453212215800798,0.44176226658337164,0.9634417717494966,0.0,0.17285557177753974,0.03514669416982531,1,1,0.0513443691075783
108344,366,True,False,,,,0.390625,9.232590980911002,3.7130133430645595,0.1571288803207509,1.7822903956771832,0.0,0.3303145733294885,0.007328366853624204,3,2,0.13013437743946923
108346,366,True,True,,,,0.27734375,8.54830418644129,1.9200730090525868,0.32226561324352015,0.972381939862381,0.0,0.00014040027036655114,0.04758193305863605,1,2,0.0914716219773975
108348,366,True,True,,,,0.859375,9.727644961839882,2.591498525672629,0.2815096256699681,0.8168979790601413,0.0,0.3363393565694728,0.16059711436668148,0,2,0.412672906372001
108351,366,True,True,,,,0.52734375,9.340403256274351,2.82213942550929,0.23504859020660865,0.9230457511042671,0.0,0.024243110603478894,0.11416356116033485,0,2,0.21626149736119313
108354,366,True,True,,,,0.31640625,9.102309627762478,3.600660922054044,0.1778554793743096,0.9163391353172375,0.0,0.18614891901354652,0.07144104193437693,0,2,0.19153734001320705
108355,366,True,False,,,,0.27539062,8.925720273560222,3.493350061155736,0.17478691070019553,0.9053492989951261,0.0,0.4504249976953929,0.0006520055810698455,0,2,0.24634906658265893
108358,366,True,False,,,,0.37109375,9.387984339219026,1.8508945737856772,0.406596016866741,0.9996652159357214,0.0,0.40595098893371023,0.006183555273758781,0,2,0.15504493508750133
108363,366,True,True,,,,0.41796875,9.25167423546916,1.7204848044432217,0.43728003932450343,1.0033695966111487,0.0,0.09977852344407037,0.07325730200365435,0,2,0.09567186233885705
108364,366,True,False,,,,0.50390625,9.424887076064874,1.6889434331880702,0.46665751025754243,1.002183406113537,0.0,0.020851358169955758,0.09129616991959524,0,2,0.09990261214209986
108365,366,True,True,,,,0.6796875,9.335209354022052,1.9319384937880117,0.40504372034406416,0.9970958373668926,0.0,0.06535769037656675,0.06945012944932238,3,2,0.21846140071411646
108368,366,True,False,,,,0.2734375,8.877521453852872,1.7755561346562203,0.34960928248061834,0.9580382199652546,0.0,0.13795097677693594,0.021537244177846995,0,2,0.11014991382048803
108369,366,True,True,,,,0.92578125,9.858856228390534,3.3155781473840458,0.22145348816987467,0.8525898190246947,0.0,0.06639594809193562,0.10114889407267924,0,2,0.5340617617039295
108371,366,True,True,,,,0.828125,9.872048483700748,3.127289699838188,0.2466470950910437,0.8718398560503824,0.0,0.09498516653951572,0.05784684031742064,2,2,0.528883990711078
108375,366,True,True,,,,0.90625,9.89691600715309,3.3071742058231,0.2025098215704359,0.8628566465453598,0.0,0.08051307424950979,0.01017758699033442,1,2,0.6578242191977082
108377,366,True,True,,,,0.90625,9.948747683940992,3.317287070969291,0.20158624280919468,0.8941015616654917,0.0,0.18437752381733433,0.03158845663799689,0,2,0.6306858697504119
108378,366,True,True,,,,0.6015625,9.956980924976127,3.3999633363987827,0.19819550869514066,0.8675040601936558,0.0,0.3066148167091608,0.03788360039119247,3,2,0.5151597372148924
108415,366,True,False,,,,0.46289062,8.831419819090131,2.3063386772864574,0.3145964485394657,0.9723741211561678,0.0,0.1531356204093601,0.014027052971056268,0,2,0.17836225214200388
108418,366,True,True,,,,0.5078125,8.908424139496578,2.2005675234354345,0.3141692367920981,1.0010153658701686,0.0,0.13033864610583346,0.1299290601196497,0,2,0.12352839590248633
108419,366,True,True,,,,0.640625,9.07589427542326,2.7614369151887104,0.2620571352761828,0.9385366901068227,0.0,0.06709697693309992,0.05859173676754145,2,2,0.2931143201724723
108422,366,True,False,,,,0.10107422,8.494333897270154,1.09275507548821,0.6331687952313182,0.9749625935162095,0.0,0.15411544710511926,0.3754233559480131,0,0,0.004804760016610259
108423,366,True,True,,,,0.34765625,8.708309295891688,1.7285136901428226,0.43953434867503555,0.9962146148782094,0.0,0.18714859275968013,0.01613172600857086,0,2,0.08557091357589791
108424,366,True,False,,,,0.26171875,8.884333185202735,2.1916609343913933,0.34447712504296313,0.9968924798011187,0.0,0.16320683574012515,0.11453549560943173,1,2,0.07313810786991112
108442,366,True,True,,,,0.18066406,8.302761580704049,2.267083743020285,0.33883257459026245,1.0038562010200274,0.0,0.03672655318430652,0.16099357703520586,0,1,0.0360292283344902
108445,366,True,False,,,,0.640625,8.20849175174038,2.818517749835659,0.27448002650312436,0.9745222929936306,0.0,0.11155955049096096,0.0630361969802488,1,2,0.18769192240588517
108453,366,True,True,,,,0.28710938,9.677590213025297,1.8029769256149226,0.3939871647430519,0.8804524762036143,0.0,0.17589604033239303,0.026061013518208324,1,1,0.1656987444420156
108455,366,True,True,,,,0.27539062,9.736960601640813,2.1190116193802804,0.2839995538433443,0.839755988692159,0.0,0.20768049921900925,0.010162601466702165,2,2,0.26200242300772353
108458,366,True,True,,,,0.14355469,9.962416620065415,1.7215095478660074,0.4267306274116005,0.9095937399506914,0.0,0.03444347067020219,0.014227493535980438,1,1,0.11680056171623487
108459,366,True,True,,,,0.31445312,9.60588981529697,1.8993691627100513,0.30575885634826877,0.8547421731123389,0.0,0.21394377343056453,0.0941105834092273,2,1,0.1946612137003321
108460,366,True,True,,,,0.29296875,9.458215559509576,2.05238935447772,0.34426386405982523,0.9359728258884547,0.0,0.25483428164876903,0.0038677901281657595,0,2,0.17065611316935353
108463,366,True,True,,,,0.76171875,10.101600434125091,2.44481978535508,0.26278712157884077,0.7889848881985567,0.0,0.1420735680530585,0.008942948382141004,0,2,0.5776884534795876
108466,366,True,True,,,,0.9140625,10.120572789266374,2.3916744949058946,0.28327983192459455,0.814387546087669,0.0,0.13633538841153262,0.05147052214836646,0,2,0.5921102656277124
108471,366,True,True,,,,0.60546875,9.086815885690685,1.9370687491402339,0.3308631813725538,0.8963488843813388,0.0,0.1251910069931708,0.03906437235280284,0,2,0.24746255367770745
108473,366,True,True,,,,0.6171875,9.241451367001236,1.9883921557034723,0.3245830266588594,0.9033670475940278,0.0,0.25596326167678174,0.011918216662305406,0,2,0.3096801827646544
108475,366,True,True,,,,0.78515625,9.174505918966966,1.9313394458370734,0.33330055105797957,0.8946172747925263,0.0,0.15544257943483866,0.0591886166000553,1,2,0.3405906440239057
108477,366,True,True,,,,0.55078125,9.297893268984044,1.8009474673563133,0.35068205567254507,0.8327928890245299,0.0,0.23098424536862788,0.005840772952106537,1,2,0.2995205445537728
108482,366,True,False,,,,0.484375,8.98594603876032,2.1658551142222606,0.3103883750556211,0.9629986742195974,0.0,0.0438117070723902,0.0027871622869988107,1,2,0.21267585420032575
108483,366,True,True,,,,0.27148438,9.345745008982385,2.7573376373971055,0.2466763834152056,0.9145732657054995,0.0,0.015078288852110839,0.01549794537634,0,1,0.19404753808031694
108486,366,True,True,,,,0.5390625,9.591512787515303,2.8039375585047877,0.2507993446429968,0.8550902400560715,0.0,0.10989750347861606,0.0468185352123807,0,2,0.32252262344013555
108488,366,True,True,,,,0.15136719,9.135832319801121,3.2370885352402445,0.24028487392397255,0.9465633285743422,0.0,0.13007528983619163,0.007271828811679363,0,1,0.14497113296738606
108495,366,True,True,,,,0.12890625,9.194617411510947,1.8112618815807127,0.3972663815332886,0.9192697389923892,0.0,0.07910096393245457,0.004569874343966013,0,0,0.09488270833500391
108496,366,True,True,,,,0.14160156,9.531626451841742,1.8842588829289386,0.39355153209384997,0.9433213613819053,0.0,0.13063017728680865,0.03811723892812922,0,0,0.09849322125239439
108501,366,True,True,,,,0.15136719,9.841186526338749,2.333607046725436,0.29760888724927465,0.9337639751552795,0.0,0.09567198929775317,0.03131608742956148,0,1,0.15293105496506457
108503,366,True,True,,,,0.14550781,9.670104253491726,1.977814190933212,0.33657760082658944,0.9283390486239339,0.0,0.01159498704751974,0.004441142296494242,0,1,0.13492132985811592
108504,366,True,True,,,,0.52734375,9.76984186766621,2.260412379128689,0.32228309493868806,0.8842956411876185,0.0,0.13931553495325186,0.01510625463023823,0,2,0.3050846100390057
108505,366,True,True,,,,0.40429688,9.866564198431531,2.3445594887667065,0.30936785151126467,0.9405421231122063,0.0,0.020557051072262914,0.004281885469666154,0,2,0.24456415280448324
108518,366,True,True,,,,0.90625,10.3653329940804,2.5032664311966983,0.29145529701188494,0.9127509058491977,0.0,0.16918218500016718,0.12997989614357347,0,2,0.4843278979409229
108527,366,True,False,,,,0.11376953,8.995412975433313,1.2614821151963669,0.5442462411346358,0.9532588784494475,0.0,0.21890761668421674,0.07462559661188402,0,0,0.037150436586282594
108530,366,True,True,,,,0.103027344,9.31982238259318,1.1911169556636418,0.5416856542816492,0.909698723959395,0.0,0.2080901772800445,0.07242612185062824,0,0,0.04578689297101267
108533,366,True,True,,,,0.16308594,9.284798282894192,2.2492138744132073,0.34875096161818453,0.9135854816824966,0.0,0.5314407843504731,0.03153295720158339,2,1,0.14467986497179708
108535,366,True,False,,,,0.18945312,9.125762395500885,1.3588128656528717,0.4465011725750367,0.9417371252882398,0.0,0.10198247081959394,0.020015043231374343,0,1,0.0781207357961463
108536,366,True,False,,,,0.21972656,9.10597935665144,1.5535459535809315,0.1619054811430782,0.9530307838781339,0.0,0.09472225283058988,0.0556443420814202,0,2,0.184978697747842
108539,366,True,False,,,,0.17382812,9.170559501964338,1.4354154072946208,0.5460555884269097,0.9416952474277315,0.0,0.09527569997149149,0.10119413280827932,0,1,0.036260759920735276
108541,366,True,False,,,,0.13671875,9.08851166361105,1.3024061529966071,0.5594891905954582,0.9348468848996833,0.0,0.015139529259791094,0.11335806287576408,0,1,0.028076684048155068
108560,366,True,False,,,,0.11425781,8.714239143608575,1.9783681442295062,0.39512658644910653,0.9760359060671636,0.0,0.05203556261808053,0.004291327629547232,0,0,0.06737263994543213
108562,366,True,True,,,,0.48828125,8.932080438103307,3.303403343847379,0.1926247207578901,0.8990084901739596,0.0,0.4204834324661851,0.061797079126298324,0,2,0.2794886153916131
108563,366,True,True,,,,0.42773438,9.078864009187797,3.740701632471041,0.18436543388524976,0.8544559762217999,0.0,0.05045713316817871,0.022860223044360996,0,2,0.2735720147326302
108565,366,True,True,,,,0.55078125,9.1986725671085,3.4627007123128863,0.21050948231871935,0.9638695206982301,0.0,0.16487953858492535,0.09147186099692532,1,2,0.25526699578032735
108566,366,True,True,,,,0.328125,9.163667963777751,3.618137523772966,0.21098700247023888,0.9578963215737442,0.0,0.03575537262996277,0.06421873258810164,1,2,0.17131552158849447
108567,366,True,False,,,,0.25,9.144841389743487,4.161221464521752,0.19552815467147142,0.918415375563836,0.0,0.1882112187790892,0.14816835812380794,1,2,0.11994807832584184
108569,366,True,False,,,,0.20410156,9.267665438595452,4.293991691359483,0.18308793526023448,0.8582195388792091,0.0,0.012137466228639517,0.03145578834057908,1,2,0.18669945908881658
108573,366,True,True,,,,0.53515625,9.190749722211178,3.821992994100438,0.19995021272482078,0.9741220881140417,0.0,0.13550247674532434,0.10551961901595112,0,2,0.22281727451627142
108574,366,True,True,,,,0.34375,9.211040127090456,3.1749557884536195,0.2399570003882511,0.9359334081556304,0.0,0.13230811208587143,0.0853533472617448,0,2,0.15839371990819484
108647,366,True,False,,,,0.17480469,7.701652362642226,1.7123220152464038,0.44148871986575744,0.999096657633243,0.0,0.09227060128766491,0.07498107001026114,0,1,0.028064779052349373
108649,366,True,False,,,,0.2109375,9.501142571764207,1.7855461762702227,0.45789125608417186,0.9200976851374127,0.0,0.722098223910055,0.2255930126155942,1,1,0.05582058758251188
108650,366,True,False,,,,0.52734375,6.652863029353347,4.051451615895834,0.18125339607799337,0.9961439588688946,0.0,0.40742280645801476,0.040359343975733035,1,2,0.12274880376505365
108660,366,True,True,,,,0.7578125,7.842671474979457,3.1616999620132904,0.21743439741372841,0.9935634874195436,0.0,0.23031345448326213,0.04681011821812889,3,2,0.2843350618887251
111916,383,False,True,"yes, center of fish",x < 5°,Slight Curve,0.9375,12.50241089494743,2.3133584893100734,0.264762406066935,0.8611750091645016,0.0,0.10167770274124473,0.008584880992855815,1,2,0.8551970498248995
111919,383,False,True,"yes, center of fish",x < 5°,No Curve,0.94921875,13.086814953136733,3.328329621367738,0.2361596706979388,0.890088697501584,0.040317460317460314,0.3074560718977549,0.010206159857731413,1,2,0.9999999809536798
111923,383,False,True,"yes, center of fish",x < 5°,No Curve,0.9140625,10.035699324844632,2.2792775319831966,0.2975096468617411,0.9279645514045286,0.0,0.3215834900246957,0.0641659011501334,1,2,0.5886449494390943
111924,383,False,True,"yes, center of fish",10° < x < 15°,No Curve,0.94140625,11.019268283124271,1.9634741467688546,0.3414403071341865,0.8629738021518146,0.0,0.4220530537762761,0.03400568420078615,1,2,0.7078659496416599
111925,383,False,True,"yes, center of fish",5° < x < 10°,No Curve,0.94140625,11.01049781265528,2.045864322158135,0.3313995723766386,0.8671276557629608,0.0,0.34069723337459906,0.0780607764693037,0,2,0.6659134301821686
111926,383,False,True,"yes, center of fish",x < 5°,No Curve,0.90234375,11.433893080082035,3.643170175950608,0.19154297637869097,0.8600922448257727,0.0,0.20126969165245653,0.03859687050272826,1,2,0.7965822668293107
111927,383,False,True,"yes, center of fish",x < 5°,No Curve,0.9609375,11.745195245282696,1.6260701536446884,0.31491988766967877,0.6746569115083058,0.0,0.22384294646220784,0.008552210784887363,0,2,0.8507994599363278
111928,383,False,True,"yes, center of fish",x < 5°,No Curve,0.8984375,10.220886181775843,2.272011587476056,0.3094748137097622,0.9849943527133868,0.0,0.36461842096258046,0.09286283680631392,1,2,0.5303842830118574
121926,436,True,True,"yes, center of fish",x < 5°,No Curve,0.4296875,10.490468337248462,2.1887432992457114,0.2685000995267082,0.71235345373891,0.0,0.12839104595311326,0.02679452816174859,2,2,0.5412049846953454
129267,465,True,True,"yes, center of fish",5° < x < 10°,No Curve,0.22460938,9.942227380852058,1.932436350186391,0.37515632338385146,0.9482758620689655,0.0,0.2680917060804267,0.008125465230662852,1,1,0.22033613360723853
129268,465,True,True,"yes, center of fish",x < 5°,No Curve,0.15625,9.82660650820017,1.68961824196526,0.3501829922334456,0.8963965054088721,0.0,0.2316624879144027,0.049370144674196315,0,1,0.1981973240392414
129269,465,True,True,"yes, center of fish",x < 5°,No Curve,0.546875,9.95294416124872,2.080405682128384,0.33993023950252355,0.8738720006653636,0.0,0.3773868666553832,0.016587473879080245,2,2,0.4025983739610555
129273,465,True,True,"yes, center of fish",x < 5°,Slight Curve,0.50390625,9.221280312014517,2.6550138653125384,0.2517888764089079,0.9795562445499467,0.0,0.17466848416733846,0.08505393669217054,1,2,0.2886363733729817
129275,465,True,True,"yes, center of fish",x < 5°,No Curve,0.671875,9.372374183823416,2.879773029391249,0.24238019939309532,0.981347798873357,0.0,0.2605823529383174,0.02052467432962399,2,2,0.44840807601280347
129276,465,True,True,"yes, center of fish",x < 5°,No Curve,0.78515625,9.300820725104558,3.127573290445047,0.22866767837030283,0.9735859124866596,0.0,0.16454107631284587,0.011114908692702515,2,2,0.530444966121712
129278,465,True,True,"yes, center of fish",5° < x < 10°,No Curve,0.66015625,9.44951474036292,2.8996723367758372,0.26008657692060383,0.9887518001011949,0.0,0.12017078527617049,0.026856287614512916,3,2,0.4101023117061072
129280,465,True,True,"yes, center of fish",x < 5°,Slight Curve,0.82421875,10.606585063949241,2.5724550386408738,0.2805324009614585,0.9611152743579678,0.0,0.17548739499325441,0.09682794762731889,1,2,0.5553573326130957
129281,465,True,True,"yes, center of fish",x < 5°,No Curve,0.92578125,10.601398368945096,3.612946830893717,0.20577366007851722,0.939437146463466,0.0,0.006780412432982876,0.07406336424454507,1,2,0.6872693575556816
129282,465,True,True,"yes, center of fish",x < 5°,No Curve,0.91015625,10.52529983549145,3.467330318659959,0.20708701143029448,0.9074209423573552,0.0,0.05040032730817424,0.028162388570893582,1,2,0.7244043851793958
129285,465,True,True,"yes, center of fish",x < 5°,No Curve,0.9296875,11.133566603946543,2.6843913425800072,0.2767968912678227,0.8842570457570393,0.0,0.07280715922932539,0.001302226342568081,0,2,0.7673225794320601
129287,465,True,True,"yes, center of fish",x > 15°,No Curve,0.51953125,9.167432870964907,1.822322401831964,0.3970627395789026,0.9743198576150521,0.0,0.29034790028436663,0.10572890997539469,2,2,0.19190515220002488
129294,465,True,True,no,,,0.1484375,10.35204407807524,2.3922359247781766,0.26452853721562464,0.742952025143806,0.0,0.1750772359176632,0.07077691821859575,2,1,0.2970447816494055
129296,465,True,False,no,,,0.203125,10.947538053211556,1.4049434324919021,0.4810315624816811,0.9796192840885578,0.0,0.1300805183033033,0.007043682118430187,2,1,0.1919288960832687
129298,465,True,True,"yes, center of fish",x < 5°,Slight Curve,0.10253906,11.247787356953342,1.4948814605139369,0.39396300903674264,0.930534411334785,0.0,0.04367941739354943,0.05083552203579449,0,0,0.23425304591987042
129301,465,True,True,no,,,0.11816406,11.216390992052402,1.8261277963431153,0.38331388681840595,0.8548888825000719,0.0,0.28416657910176985,0.007408413053171505,0,1,0.28560509834057457
129303,465,True,True,"yes, center of fish",5° < x < 10°,Slight Curve,0.37109375,11.615933215044457,1.7718789018096244,0.35096590832191393,0.8712978683267308,0.0,0.0619193793955544,0.006852870917417182,15,2,0.3111182874967447
129304,465,True,True,"yes, center of fish",x < 5°,Slight Curve,0.29296875,11.587903058893309,1.6524154751668338,0.35855568199175286,0.8847464026857758,0.0,0.02231916145339682,0.004973822725654689,19,2,0.23334736829751307
129306,465,True,True,"yes, center of fish",x < 5°,Slight Curve,0.23632812,11.71023415157243,1.827973490971341,0.35104332421464796,0.9208265456153547,0.0,0.04943302671184768,0.009890963040126311,3,2,0.3220132820028715
129326,465,True,True,"yes, center of fish",x < 5°,No Curve,0.13574219,10.768674445759071,2.337267473244628,0.2639733056510622,0.7702871410736579,0.0,0.030508926448261038,0.03406795374654292,0,1,0.3536022591389665
129327,465,True,True,"yes, center of fish",x < 5°,No Curve,0.12792969,10.851121900690213,2.0875554954074937,0.2768547060775028,0.7461151885462236,0.0,0.11694996237746083,0.03281694187066427,0,1,0.36138088281505665
129329,465,True,True,"yes, center of fish",x < 5°,No Curve,0.23242188,11.08723724117303,1.7741825047016617,0.34721201339028324,0.7756197169721721,0.0,0.16076230617169524,0.06371564845690074,0,1,0.34659847842382036
129340,465,True,True,"yes, center of fish",10° < x < 15°,No Curve,0.578125,10.359265474517882,1.8301115729355941,0.3987040489558693,0.9638863428047663,0.0,0.11312048849641024,0.0797162141108646,7,2,0.2679395061414685
129342,465,True,True,"yes, not center of fish",x < 5°,No Curve,0.95703125,10.778935456339678,2.3953930304231745,0.2484712136761674,0.7993039249970858,0.0,0.10740523845761346,0.10849211418894994,1,2,0.725180788034978
129343,465,True,True,"yes, center of fish",5° < x < 10°,No Curve,0.8671875,10.980876204752612,2.4417251970986835,0.2886742338835447,0.9362895898751933,0.0,0.1399616648893207,0.07346332054471806,1,2,0.6360025312573053
129344,465,True,True,"yes, center of fish",x < 5°,No Curve,0.82421875,10.87439903666454,2.508938924648948,0.2931593882509918,0.9801217565611196,0.0,0.03927979689172668,0.022823030172756276,3,2,0.6046807329992557
129345,465,True,True,"yes, center of fish",x < 5°,No Curve,0.85546875,10.864541302883799,3.2670261277154853,0.24538070720794428,0.8809090602783113,0.0,0.28371233378645105,0.0745233774471627,4,2,0.6465313411112737
129350,465,True,False,"yes, center of fish",x < 5°,No Curve,0.107421875,5.342334251964811,1.0998375068521036,0.7884516247241783,1.0717948717948718,0.0,0.009922227976765688,0.05943504090377462,0,0,0.008804292224948945
129355,465,True,True,"yes, center of fish",5° < x < 10°,Slight Curve,0.9296875,11.124110962931043,2.0745708181386213,0.32981763715724755,0.8483801728399697,0.0,0.28249575128975457,0.003067095886787701,0,2,0.7536766123139129
129357,465,True,True,"yes, center of fish",5° < x < 10°,No Curve,0.9296875,10.791358233545207,1.8781815594503342,0.2884805138548564,0.7299942170050094,0.0,0.20088541371999763,0.040026013085174846,0,2,0.7742488564707491
129367,465,True,False,"yes, center of fish",x > 15°,No Curve,0.1171875,9.487896348128954,1.4168165596428222,0.40782667669000916,0.9077092359535107,0.0,0.10664756703318101,0.05802890960431546,0,1,0.13517966850838764
129372,465,True,True,"yes, center of fish",x < 5°,No Curve,0.18554688,10.224011865791892,1.8827235900365789,0.35601074362664625,0.9811125945705385,0.0,0.26299577802430746,0.05348002795695952,0,1,0.1983575876421722
129412,471,True,True,"yes, center of fish",5° < x < 10°,No Curve,0.7890625,9.597573618489543,3.1330536132069993,0.23350837706705732,0.8881452001929571,0.0,0.020823535644475564,0.02643965387433683,4,2,0.6132674996642188
129413,471,True,False,"yes, center of fish",x < 5°,No Curve,0.81640625,9.525151111816216,2.7236724608506884,0.28848786253993347,0.9913527985817142,0.0,0.013253470726252171,0.06919791750247864,4,2,0.487970049453383
129419,471,True,True,"yes, center of fish",5° < x < 10°,No Curve,0.47460938,9.241354425505353,1.6370987527783945,0.4622217357992457,0.979954398631959,0.0,0.09310578856897785,0.12617442899630738,0,2,0.134642934950669
129421,471,True,True,"yes, center of fish",x < 5°,No Curve,0.953125,11.352134453526546,1.493212722605478,0.3826348242313102,0.6861298575716674,0.0,0.11621013436483545,0.022026957222795747,0,2,0.7738328385792607
129422,471,True,True,"yes, center of fish",x < 5°,No Curve,0.93359375,11.547433166233457,1.6950962272272707,0.32882855667336214,0.7150747294576026,0.0,0.24808344010833067,0.007099414767088787,0,2,0.8122795628135562
129423,471,True,True,"yes, center of fish",x < 5°,No Curve,0.8984375,11.592826624164713,1.8811697458111587,0.29398252520375834,0.6496630770199635,0.0,0.25725002016928156,0.04624450053771737,0,1,0.8459754668333326
129425,471,True,True,"yes, not center of fish",10° < x < 15°,No Curve,0.515625,10.463817371205208,1.757235724541022,0.4109310162058589,0.9586697687149309,0.0,0.36777148323592307,0.14997706626907348,0,2,0.2328819464812231
129430,471,True,True,"yes, center of fish",10° < x < 15°,No Curve,0.796875,9.011889433252344,2.1598161604033477,0.32831494989729076,0.9251946293580052,0.0,0.33973468142165464,0.029799318216099248,0,2,0.43690080820908234
129434,471,True,True,"yes, center of fish",5° < x < 10°,No Curve,0.41796875,11.218567827096358,4.228760651879915,0.18000176661794354,0.9080615279606065,0.0,0.023970101638305385,0.001733184287210669,0,2,0.5647792714340536
129440,471,True,True,"yes, center of fish",5° < x < 10°,No Curve,0.9296875,11.275036228447677,3.6915774400854944,0.2145644044635167,0.8961659798209465,0.0,0.11424273998564535,0.0013097746102351544,3,2,0.8112435413399341
129441,471,True,True,"yes, center of fish",x < 5°,No Curve,0.94921875,11.741748855415603,3.1952263701737764,0.2539902060406947,0.8999033608933749,0.0,0.020716632768952765,0.010379118702393324,2,2,0.8128763821712873
129444,471,True,True,"yes, center of fish",x < 5°,No Curve,0.81640625,10.246296810613222,1.9380628114142004,0.37476855513712726,0.9039667645124553,0.0,0.12468552378644206,0.04852754319347425,2,2,0.526820394226041
129457,471,True,True,"yes, center of fish",5° < x < 10°,No Curve,0.921875,10.801838321277618,1.3560439531664397,0.41799403605523516,0.7224862081647665,0.0,0.03368119133402761,0.01365117838564302,2,2,0.7079202732147153
129458,471,True,True,"yes, center of fish",5° < x < 10°,No Curve,0.95703125,10.79534213892941,1.4381397461515257,0.42084992765957396,0.7517255191964011,0.0,0.3099676418727879,0.040927931955140474,1,2,0.6780837051449567
129459,471,True,True,"yes, center of fish",5° < x < 10°,No Curve,0.92578125,9.706072662294519,1.5899443382487293,0.37764350458295975,0.8981099045378703,0.0,0.03720200009147935,0.0002419436529985849,1,2,0.5834056700817634
129461,471,True,True,"yes, center of fish",5° < x < 10°,No Curve,0.796875,10.231423458135055,2.221944551423112,0.31240480533462617,0.8260164536812509,0.0,0.014901903087468577,0.04992098934595192,1,2,0.5905975725219917
129462,471,True,True,"yes, center of fish",5° < x < 10°,No Curve,0.9140625,11.351981764735369,2.299776977414133,0.2616401309816533,0.7633830096303869,0.0,0.0596348325128141,0.008956983158268433,4,2,0.835396079836077
129468,471,True,True,,,,0.36523438,9.45469731968959,5.376689501854146,0.10806973244073621,1.0960597476178213,0.0,0.1986847291163038,0.07078814727051033,3,2,0.30925725844821855
78699,279,False,True,"yes, center of fish",x < 5°,No Curve,0.93359375,12.014161252896915,1.9738970895395511,0.30437397166551217,0.7588357922850438,0.0,0.3539539485758041,0.041063811034603305,0,2,0.8134413364113053
78700,279,False,True,"yes, center of fish",x < 5°,No Curve,0.91015625,12.094805833101587,2.25046109839167,0.3069891241152519,0.8046695476600547,0.0,0.44803733358849535,0.019563338200542194,1,2,0.8150730379616664
78701,279,False,True,"yes, center of fish",x < 5°,No Curve,0.93359375,12.072815501010487,2.1056360116295125,0.3114673451100671,0.7699020073538467,0.0,0.4021723069544952,0.06120771446994231,1,2,0.8056281784949072
78703,279,False,True,"yes, center of fish",x < 5°,Slight Curve,0.94921875,12.07106587936287,2.1562463952993483,0.33098471385394335,0.8261857312728571,0.0,0.2714898340946037,0.032479189728974366,1,2,0.7959594643631726
78704,279,False,True,"yes, center of fish",x < 5°,Slight Curve,0.9453125,12.09129010388603,2.164295548683083,0.31123304380188643,0.7932116682792291,0.0,0.28792504421336523,0.021520405696992838,1,2,0.8230516364903766
78705,279,False,True,"yes, center of fish",x < 5°,Slight Curve,0.9140625,12.050535171214465,2.1637707595587963,0.3190959299455053,0.8330583901468148,0.0,0.23546245079409192,0.03312410658051965,3,2,0.8051096351625975
78706,279,False,True,"yes, center of fish",x < 5°,Slight Curve,0.9609375,11.623563032465741,2.4545600847529396,0.27684226037605525,0.8699061941457982,0.0,0.2516042329193797,0.07175337174939572,1,2,0.7627886419016576
78708,279,False,True,"yes, center of fish",x < 5°,Slight Curve,0.953125,11.62417162618558,2.464123526946662,0.256828545435758,0.8267554322699954,0.0,0.16142048135138376,0.03700149251841774,1,2,0.8060302243296287
78713,279,False,True,,,,0.875,10.195746634481015,3.413018726610585,0.19011569870337763,0.9175886281897585,0.0,0.25143877021493444,0.045875276905709396,4,2,0.7124775922308088
78765,279,False,True,"yes, not center of fish",5° < x < 10°,No Curve,0.91015625,10.939213288149046,2.035972761609767,0.34106482237411906,0.866169089218045,0.0,0.5045479521368802,0.0796986363119394,1,2,0.6548463671988441
78766,279,False,False,"yes, not center of fish",5° < x < 10°,No Curve,0.8046875,10.812673102280236,2.2866079192212094,0.2812813247767824,0.8745882145688364,0.0,0.2989930425621551,0.13014435893967732,6,2,0.652605406630154
78767,279,False,True,"yes, center of fish",10° < x < 15°,No Curve,0.875,10.839796574724032,1.822760706840288,0.3372473913785034,0.8799096130957514,0.0,0.20236822318762843,0.004133473239162254,1,2,0.6868141845977069
78770,279,False,True,"yes, center of fish",x < 5°,,0.9375,11.138566505035511,2.365019942515065,0.2691915063886258,0.845334087221594,0.0,0.12298080398930551,0.03479624145983072,1,2,0.7604996742539201
78771,279,False,True,"yes, center of fish",x < 5°,,0.8984375,11.223455127859221,2.4689916124847993,0.2901128260076654,0.8777662486883218,0.0,0.3822144142609415,0.02823695382371848,2,2,0.7456754898019599
78772,279,False,True,"yes, center of fish",x < 5°,,0.9296875,11.17201137792151,2.5251421277454353,0.2775296156245166,0.8537059713318447,0.0,0.1464450589494946,0.021260810979096087,2,2,0.7687734885868225
78773,279,False,True,"yes, center of fish",,Slight Curve,0.91015625,11.166299856884498,2.5640178431908045,0.2741453521688853,0.858751229702321,0.0,0.19877236952613603,0.012504612695709546,2,2,0.7684736568729924
78776,279,False,True,"yes, center of fish",10° < x < 15°,,0.64453125,10.420195839460273,2.057480871769753,0.28645105618442984,0.7675579159417636,0.0,0.15596540786376215,0.034857216790263955,1,2,0.6071738970193973
78778,279,False,True,"yes, center of fish",5° < x < 10°,,0.73828125,10.462931897204566,2.253881891825768,0.26772995986480913,0.8018698227563845,0.0,0.05928421948970648,0.009325589805288213,1,2,0.6696703147045813
78780,279,False,False,no,x > 15°,,0.44140625,10.382388978717474,1.8061181568848166,0.3360632682827233,0.8707237152604539,0.0,0.20602649412692525,0.09450966997180482,2,2,0.37830137769836053
78781,279,False,True,"yes, center of fish",10° < x < 15°,,0.71484375,10.399311207383771,2.0167651325873703,0.2956864682609057,0.8331409288695498,0.0,0.1453073682630315,0.014397760198916903,0,2,0.6067578090855039
78785,279,False,False,no,x > 15°,,0.8046875,9.38806805975991,2.5430276304920123,0.28182948870619484,0.9186694866371852,0.0,0.2745671510266659,0.00544045809687739,1,2,0.5524067013727184
78786,279,False,False,no,x > 15°,,0.4765625,9.555772349968867,2.608566019970804,0.2619642469735735,0.898743438842055,0.0,0.5034534538733618,0.04540432264851956,0,2,0.38804859785735335
78789,279,False,True,,,,0.92578125,10.548940218483393,2.780459519882974,0.2500029750184304,0.8689322047414529,0.0,0.33720352212479676,0.028686679022910812,0,2,0.7132699825349008
78790,279,False,True,,,,0.94140625,10.627382149044733,3.2087955976518687,0.23444675323103878,0.861462956194852,0.0,0.27467927407356185,0.052303490970345846,0,2,0.7124223122944114
78791,279,False,True,,,,0.9296875,10.655917278259798,3.297905878755182,0.23100148496304218,0.8952330731913098,0.0,0.14042085899366377,0.01818632846596719,1,2,0.7312883370101616
78792,279,False,True,,,,0.9375,10.590918426099964,2.9618424557961007,0.2425108006236717,0.8793959293776878,0.0,0.3044918616145851,0.010780009223128906,0,2,0.7318694395133181
78793,279,False,True,,,,0.9296875,10.627091190577001,3.1345442916007897,0.2334530593369309,0.8788789428815005,0.0,0.36825466630281173,0.019290094653032254,0,2,0.7304514154586406
78794,279,False,True,,,,0.91015625,10.469681655831673,2.9835616339667763,0.264413740815212,0.8718278665198401,0.0,0.3971282427663645,0.001235212141625248,1,2,0.7198735255850975
78795,279,False,True,,,,0.91796875,10.595133606969807,3.0125516567288906,0.2576258283538173,0.8816193188089089,0.0,0.44609977363382836,0.1688815626094482,1,2,0.5951818319850919
78796,279,False,True,,,,0.91015625,10.281821243252258,3.127527529847066,0.25206146244050376,0.8847441705428706,0.0,0.3956062581912732,0.11485900089603925,1,2,0.6131968351962677
