image_id,seed,mask_status,mask_area_px,head_x,head_y,prod_tail_x,prod_tail_y,fork03_tail_x,fork03_tail_y,fork03_moved,fork02_tail_x,fork02_tail_y,fork02_moved,fork05_tail_x,fork05_tail_y,fork05_moved
101293,auto,ok,132904.0,1667.6847887039185,1260.8955688476562,2252.0,971.0,2252.0,971.0,False,2252.0,971.0,False,2252.0,971.0,False
101293,human,ok,133717.0,1668.9815258979797,1262.84375,2247.0,973.0,2247.0,973.0,False,2247.0,973.0,False,2247.0,973.0,False
101294,auto,ok,134820.0,1658.991325378418,1261.0633544921875,2269.0,1187.0,2269.0,1187.0,False,2269.0,1187.0,False,2269.0,1187.0,False
101294,human,ok,135137.0,1661.6637868881226,1253.9932250976562,2273.0,1192.0,2273.0,1192.0,False,2273.0,1192.0,False,2273.0,1192.0,False
101295,auto,ok,131293.0,1699.0760293006897,1265.0799255371094,2230.031005859375,1148.0799102783203,2230.031005859375,1148.0799102783203,False,2237.0,1182.0,True,2230.031005859375,1148.0799102783203,False
101295,human,ok,131555.0,1700.6894054412842,1268.9064025878906,2228.2070922851562,1139.0935821533203,2228.2070922851562,1139.0935821533203,False,2236.0,1186.0,True,2228.2070922851562,1139.0935821533203,False
101296,auto,ok,113986.0,1708.6385612487793,1258.9695434570312,2219.0,1242.0,2161.0,1128.0,True,2161.0,1128.0,True,2161.0,1128.0,True
101296,human,ok,114103.0,1708.6403713226318,1259.0155029296875,2217.0,1241.0,2161.0,1128.0,True,2161.0,1128.0,True,2161.0,1128.0,True
101297,auto,ok,97298.0,1758.755591392517,1251.8616638183594,2230.0,1244.0,2179.0,1172.0,True,2179.0,1172.0,True,2179.0,1172.0,True
101297,human,ok,98328.0,1757.0012016296387,1194.0155181884766,2230.0,1244.0,2230.0,1244.0,False,2230.0,1244.0,False,2230.0,1244.0,False
101301,auto,no_detections,,,,,,,,,,,,,,
101301,human,no_detections,,,,,,,,,,,,,,
101302,auto,no_detections,,,,,,,,,,,,,,
101302,human,no_detections,,,,,,,,,,,,,,
101303,auto,ok,71307.0,2005.1075439453125,1244.7177124023438,1585.0,1134.0,1585.0,1134.0,False,1585.0,1134.0,False,1585.0,1134.0,False
101303,human,ok,76065.0,2004.0208740234375,1253.0479736328125,1665.0,977.0,1665.0,977.0,False,1665.0,977.0,False,1665.0,977.0,False
101304,auto,ok,77277.0,1983.0014953613281,1248.1986999511719,1635.0,971.0,1635.0,971.0,False,1635.0,971.0,False,1635.0,971.0,False
101304,human,ok,76397.0,1981.1254272460938,1244.8161315917969,1631.0,966.0,1631.0,966.0,False,1631.0,966.0,False,1631.0,966.0,False
101305,auto,ok,78826.0,1959.0160217285156,1231.0362854003906,1540.0,1125.0,1589.0,1070.0,True,1589.0,1070.0,True,1540.0,1125.0,False
101305,human,ok,78587.0,1958.8973083496094,1222.8810424804688,1539.0,1126.0,1602.0,1043.0,True,1602.0,1043.0,True,1602.0,1043.0,True
101306,auto,ok,79822.0,1963.0774536132812,1260.9528198242188,1571.9488639831543,1116.9528045654297,1604.0,1054.0,True,1604.0,1054.0,True,1604.0,1054.0,True
101306,human,ok,77977.0,1967.856689453125,1258.9460754394531,1572.170425415039,1116.9460754394531,1572.0,1117.0,True,1572.0,1117.0,True,1572.0,1117.0,True
101307,auto,ok,82862.0,1973.1196899414062,1258.2893676757812,1546.0,1111.0,1590.0,1064.0,True,1590.0,1064.0,True,1546.0,1111.0,False
101307,human,ok,81940.0,1969.8466186523438,1251.696533203125,1545.0,1112.0,1545.0,1112.0,False,1545.0,1112.0,False,1545.0,1112.0,False
101308,auto,ok,87029.0,2037.10400390625,1196.0028839111328,1564.0,1132.0,1564.0,1132.0,False,1564.0,1132.0,False,1564.0,1132.0,False
101308,human,ok,87029.0,2037.10400390625,1196.0028839111328,1564.0,1132.0,1564.0,1132.0,False,1564.0,1132.0,False,1564.0,1132.0,False
101309,auto,ok,81952.0,1665.9968452453613,994.978946685791,1985.0,1301.0,1985.0,1301.0,False,1985.0,1301.0,False,1985.0,1301.0,False
101309,human,ok,82827.0,1665.9736099243164,993.0362739562988,1986.0,1311.0,1986.0,1311.0,False,1986.0,1311.0,False,1986.0,1311.0,False
101310,auto,ok,80736.0,1605.9968643188477,918.9632439613342,1958.0,1218.0,1958.0,1218.0,False,1958.0,1218.0,False,1958.0,1218.0,False
101310,human,ok,75914.0,1607.037452697754,920.0213584899902,1958.0,1227.0,1958.0,1227.0,False,1958.0,1227.0,False,1958.0,1227.0,False
101311,auto,ok,26875.0,2041.0,1105.0,1720.0,1133.0,1720.0,1133.0,False,1720.0,1133.0,False,1720.0,1133.0,False
101311,human,ok,26121.0,2043.0,1104.0,1729.0,1147.0,1729.0,1147.0,False,1729.0,1147.0,False,1729.0,1147.0,False
101312,auto,ok,24944.0,2017.0,1113.0,1716.0,1138.0,1716.0,1138.0,False,1716.0,1138.0,False,1716.0,1138.0,False
101312,human,ok,25195.0,2017.0,1114.0,1729.0,1114.0,1729.0,1118.0,True,1729.0,1118.0,True,1729.0,1114.0,False
101315,auto,ok,25153.0,1704.8354315757751,1106.138771057129,2015.0,1110.0,2015.0,1110.0,False,2015.0,1110.0,False,2015.0,1110.0,False
101315,human,ok,25153.0,1704.8354315757751,1106.138771057129,2015.0,1110.0,2015.0,1110.0,False,2015.0,1110.0,False,2015.0,1110.0,False
101316,auto,ok,23484.0,2011.0,1096.0,1723.0,1083.0,1723.0,1083.0,False,1723.0,1083.0,False,1723.0,1083.0,False
101316,human,ok,23719.0,2010.0,1098.0,1750.0,1050.0,1750.0,1050.0,False,1750.0,1050.0,False,1750.0,1050.0,False
101317,auto,ok,26486.0,2009.0,1095.0,1711.0,1080.0,1711.0,1080.0,False,1711.0,1080.0,False,1711.0,1080.0,False
101317,human,ok,25942.0,2009.0,1094.0,1713.0,1081.0,1713.0,1081.0,False,1713.0,1081.0,False,1713.0,1081.0,False
101318,auto,ok,31077.0,1659.0,1116.0,2010.0,1126.0,2010.0,1126.0,False,2010.0,1126.0,False,2010.0,1126.0,False
101318,human,ok,31077.0,1659.0,1116.0,2010.0,1126.0,2010.0,1126.0,False,2010.0,1126.0,False,2010.0,1126.0,False
101319,auto,ok,31041.0,1635.0,1131.0,2006.0,1148.0,2006.0,1148.0,False,2006.0,1148.0,False,2006.0,1148.0,False
101319,human,ok,31041.0,1635.0,1131.0,2006.0,1148.0,2006.0,1148.0,False,2006.0,1148.0,False,2006.0,1148.0,False
101320,auto,ok,27801.0,1974.0,1150.0,1642.0,1132.0,1642.0,1132.0,False,1642.0,1132.0,False,1642.0,1132.0,False
101320,human,ok,27801.0,1974.0,1150.0,1642.0,1132.0,1642.0,1132.0,False,1642.0,1132.0,False,1642.0,1132.0,False
101321,auto,ok,29104.0,1963.9701843261719,1161.9740142822266,1624.0,1134.0,1624.0,1134.0,False,1624.0,1134.0,False,1624.0,1134.0,False
101321,human,ok,28518.0,1962.9964599609375,1166.1808166503906,1629.0,1136.0,1629.0,1136.0,False,1629.0,1136.0,False,1629.0,1136.0,False
101322,auto,ok,26805.0,2006.0,1154.0,1701.0,1115.0,1701.0,1115.0,False,1701.0,1115.0,False,1701.0,1115.0,False
101322,human,ok,27147.0,2008.0,1153.0,1705.0,1115.0,1705.0,1115.0,False,1705.0,1115.0,False,1705.0,1115.0,False
101324,auto,no_detections,,,,,,,,,,,,,,
101324,human,no_detections,,,,,,,,,,,,,,
101327,auto,no_detections,,,,,,,,,,,,,,
101327,human,no_detections,,,,,,,,,,,,,,
101328,auto,no_detections,,,,,,,,,,,,,,
101328,human,no_detections,,,,,,,,,,,,,,
101333,auto,no_detections,,,,,,,,,,,,,,
101333,human,no_detections,,,,,,,,,,,,,,
101336,auto,no_detections,,,,,,,,,,,,,,
101336,human,no_detections,,,,,,,,,,,,,,
101337,auto,ok,63280.0,1881.0,957.0,1576.0,1380.0,1576.0,1380.0,False,1576.0,1380.0,False,1576.0,1380.0,False
101337,human,ok,63322.0,1879.0,956.0,1544.0,1308.0,1544.0,1308.0,False,1544.0,1308.0,False,1544.0,1308.0,False
101339,auto,no_detections,,,,,,,,,,,,,,
101339,human,no_detections,,,,,,,,,,,,,,
101341,auto,no_detections,,,,,,,,,,,,,,
101341,human,no_detections,,,,,,,,,,,,,,
101342,auto,no_detections,,,,,,,,,,,,,,
101342,human,no_detections,,,,,,,,,,,,,,
101343,auto,no_detections,,,,,,,,,,,,,,
101343,human,no_detections,,,,,,,,,,,,,,
101344,auto,no_detections,,,,,,,,,,,,,,
101344,human,no_detections,,,,,,,,,,,,,,
101345,auto,no_detections,,,,,,,,,,,,,,
101345,human,no_detections,,,,,,,,,,,,,,
101346,auto,no_detections,,,,,,,,,,,,,,
101346,human,no_detections,,,,,,,,,,,,,,
101347,auto,no_detections,,,,,,,,,,,,,,
101347,human,no_detections,,,,,,,,,,,,,,
101351,auto,no_detections,,,,,,,,,,,,,,
101351,human,no_detections,,,,,,,,,,,,,,
101352,auto,no_detections,,,,,,,,,,,,,,
101352,human,no_detections,,,,,,,,,,,,,,
101354,auto,no_detections,,,,,,,,,,,,,,
101354,human,no_detections,,,,,,,,,,,,,,
101356,auto,no_detections,,,,,,,,,,,,,,
101356,human,no_detections,,,,,,,,,,,,,,
101357,auto,ok,117299.0,1717.0,1236.0,2167.0,778.25,2167.0,778.25,False,2150.0,760.0,True,2167.0,778.25,False
101357,human,ok,117192.0,1716.0,1236.0,2167.0,778.25,2167.0,778.25,False,2152.0,763.0,True,2167.0,778.25,False
101359,auto,ok,115288.0,1722.0,1215.0,2147.0,747.0,2147.0,747.0,False,2143.0,743.0,True,2147.0,747.0,False
101359,human,ok,114629.0,1722.0,1208.0,2152.0,751.0,2142.0,741.0,True,2142.0,741.0,True,2152.0,751.0,False
101360,auto,ok,128806.0,1680.247459411621,1207.7374877929688,2220.9766235351562,805.2374801635742,2220.9766235351562,805.2374801635742,False,2220.9766235351562,805.2374801635742,False,2220.9766235351562,805.2374801635742,False
101360,human,ok,129643.0,1679.8161067962646,1211.3258361816406,2224.1226196289062,808.03271484375,2224.1226196289062,808.03271484375,False,2224.1226196289062,808.03271484375,False,2224.1226196289062,808.03271484375,False
101361,auto,ok,149542.0,1635.3837871551514,1160.2719421386719,2174.0,686.0,2174.0,686.0,False,2174.0,686.0,False,2174.0,686.0,False
101361,human,ok,149453.0,1634.0,1158.0,2173.0,684.0,2173.0,684.0,False,2173.0,684.0,False,2173.0,684.0,False
101362,auto,ok,136228.0,1632.7869277000427,1242.9389343261719,2156.0,764.0,2156.0,764.0,False,2156.0,764.0,False,2156.0,764.0,False
101362,human,ok,136078.0,1633.0,1243.0,2156.0,764.0,2156.0,764.0,False,2156.0,764.0,False,2156.0,764.0,False
101363,auto,ok,125093.0,1669.7109174728394,1204.8611450195312,2185.2109375,795.9126205444336,2185.2109375,795.9126205444336,False,2185.2109375,795.9126205444336,False,2185.2109375,795.9126205444336,False
101363,human,ok,125093.0,1669.7109174728394,1204.8611450195312,2185.2109375,795.9126205444336,2185.2109375,795.9126205444336,False,2185.2109375,795.9126205444336,False,2185.2109375,795.9126205444336,False
101366,auto,ok,245563.0,1463.4253644943237,935.2789916992188,2377.0,889.0,2377.0,889.0,False,2377.0,889.0,False,2377.0,889.0,False
101366,human,ok,244674.0,1462.7599830627441,938.4859924316406,2377.0,889.0,2377.0,889.0,False,2377.0,889.0,False,2377.0,889.0,False
101367,auto,ok,286731.0,1360.174614906311,747.3734588623047,2362.0,869.0,2362.0,869.0,False,2362.0,869.0,False,2362.0,869.0,False
101367,human,ok,286731.0,1360.174614906311,747.3734588623047,2362.0,869.0,2362.0,869.0,False,2362.0,869.0,False,2362.0,869.0,False
101368,auto,ok,347405.0,1296.375,725.0,2454.0,961.0,2454.0,961.0,False,2454.0,961.0,False,2454.0,961.0,False
101368,human,ok,347867.0,1297.0,725.0,2455.0,959.0,2455.0,959.0,False,2455.0,959.0,False,2455.0,959.0,False
101370,auto,ok,348372.0,1365.0,668.0,2462.0,892.0,2462.0,892.0,False,2462.0,892.0,False,2462.0,892.0,False
101370,human,ok,347984.0,1366.0,667.0,2462.0,892.0,2462.0,892.0,False,2462.0,892.0,False,2462.0,892.0,False
101371,auto,ok,261312.0,1387.0,846.0,2347.0,859.0,2347.0,859.0,False,2347.0,859.0,False,2347.0,859.0,False
101371,human,ok,260819.0,1388.01695394516,844.7205657958984,2346.0,862.0,2346.0,862.0,False,2346.0,862.0,False,2346.0,862.0,False
101373,auto,laser_off_all_fish,,,,,,,,,,,,,,
101373,human,laser_off_all_fish,,,,,,,,,,,,,,
101374,auto,ok,151340.0,2183.0,810.0,1489.25,1002.0,1489.25,1002.0,False,1493.0,1020.0,True,1489.25,1002.0,False
101374,human,ok,151375.0,2184.0,813.0,1489.0,1001.0,1489.0,1001.0,False,1492.0,1017.0,True,1489.0,1001.0,False
101375,auto,ok,122753.0,2245.8204956054688,714.8069610595703,1638.796615600586,956.8069458007812,1638.796615600586,956.8069458007812,False,1640.0,962.0,True,1638.796615600586,956.8069458007812,False
101375,human,ok,122639.0,2247.9535522460938,718.6574172973633,1637.9466171264648,956.1574096679688,1637.9466171264648,956.1574096679688,False,1639.0,959.0,True,1637.9466171264648,956.1574096679688,False
101376,auto,laser_off_all_fish,,,,,,,,,,,,,,
101376,human,laser_off_all_fish,,,,,,,,,,,,,,
101389,auto,laser_off_all_fish,,,,,,,,,,,,,,
101389,human,laser_off_all_fish,,,,,,,,,,,,,,
101395,auto,laser_off_all_fish,,,,,,,,,,,,,,
101395,human,laser_off_all_fish,,,,,,,,,,,,,,
101396,auto,ok,152672.0,2242.0931396484375,816.9108123779297,1555.104564666748,892.0891876220703,1555.0,895.0,True,1555.0,895.0,True,1555.104564666748,892.0891876220703,False
101396,human,ok,152765.0,2243.2884521484375,818.1640014648438,1552.807695388794,894.8359985351562,1553.0,909.0,True,1553.0,909.0,True,1552.807695388794,894.8359985351562,False
101397,auto,ok,83864.0,2280.1497192382812,755.3495559692383,1783.0957298278809,954.8495483398438,1783.0,957.0,True,1783.0,957.0,True,1783.0,957.0,True
101397,human,ok,83783.0,2281.3394165039062,757.0697479248047,1780.800386428833,956.0697326660156,1781.0,957.0,True,1781.0,957.0,True,1780.800386428833,956.0697326660156,False
101398,auto,ok,158107.0,2121.7940063476562,983.9027099609375,1413.0,603.0,1413.0,603.0,False,1413.0,603.0,False,1413.0,603.0,False
101398,human,ok,158337.0,2128.136962890625,968.0175170898438,1414.0,597.0,1414.0,597.0,False,1414.0,597.0,False,1414.0,597.0,False
101399,auto,ok,163448.0,2075.0,906.0,1361.25,770.5,1358.0,773.0,True,1358.0,773.0,True,1361.25,770.5,False
101399,human,ok,163448.0,2075.0,906.0,1361.25,770.5,1358.0,773.0,True,1358.0,773.0,True,1361.25,770.5,False
101400,auto,ok,65584.0,2053.0,1185.0,1596.0,1054.0,1596.0,1054.0,False,1596.0,1054.0,False,1596.0,1054.0,False
101400,human,ok,65662.0,2055.0,1185.0,1596.0,1137.0,1596.0,1137.0,False,1596.0,1137.0,False,1596.0,1137.0,False
101401,auto,ok,49619.0,2015.0054626464844,1181.9200286865234,1661.0,1025.0,1661.0,1025.0,False,1661.0,1025.0,False,1661.0,1025.0,False
101401,human,ok,49810.0,2016.8842163085938,1177.0890197753906,1661.0,1024.0,1661.0,1024.0,False,1661.0,1024.0,False,1661.0,1024.0,False
101402,auto,ok,61305.0,2041.0399780273438,1107.2848587036133,1601.923828125,1257.7848510742188,1601.923828125,1257.7848510742188,False,1601.923828125,1257.7848510742188,False,1601.923828125,1257.7848510742188,False
101402,human,ok,62320.0,2041.216064453125,1111.1197967529297,1600.85595703125,1254.8802032470703,1600.85595703125,1254.8802032470703,False,1600.85595703125,1254.8802032470703,False,1600.85595703125,1254.8802032470703,False
101403,auto,ok,64933.0,2078.1697692871094,1144.0592956542969,1632.9049396514893,1188.0101470947266,1632.9049396514893,1188.0101470947266,False,1632.9049396514893,1188.0101470947266,False,1632.9049396514893,1188.0101470947266,False
101403,human,ok,64813.0,2078.794464111328,1150.1306381225586,1632.7801113128662,1186.1306457519531,1632.7801113128662,1186.1306457519531,False,1632.7801113128662,1186.1306457519531,False,1632.7801113128662,1186.1306457519531,False
101404,auto,ok,61933.0,2016.1287231445312,1166.5962524414062,1573.0,1097.0,1573.0,1097.0,False,1573.0,1097.0,False,1573.0,1097.0,False
101404,human,ok,61748.0,2015.991455078125,1167.0584259033203,1573.0,1095.0,1573.0,1095.0,False,1573.0,1095.0,False,1573.0,1095.0,False
101406,auto,ok,45602.0,2055.948699951172,1176.4557495117188,1727.1109409332275,1156.9557495117188,1727.1109409332275,1156.9557495117188,False,1727.0,1157.0,True,1727.1109409332275,1156.9557495117188,False
101406,human,ok,45487.0,2055.938934326172,1171.5976181030273,1726.0407161712646,1159.0160217285156,1726.0407161712646,1159.0160217285156,False,1726.0,1159.0,True,1726.0407161712646,1159.0160217285156,False
101410,auto,ok,96062.0,1952.04150390625,794.7841243743896,1607.0339241027832,1173.0728454589844,1607.0339241027832,1173.0728454589844,False,1607.0339241027832,1173.0728454589844,False,1607.0339241027832,1173.0728454589844,False
101410,human,ok,95754.0,1949.9773254394531,792.8033714294434,1605.8613848686218,1168.1310729980469,1605.8613848686218,1168.1310729980469,False,1605.8613848686218,1168.1310729980469,False,1605.8613848686218,1168.1310729980469,False
101411,auto,ok,117674.0,1506.0,1285.0,1974.0,736.0,1974.0,736.0,False,1974.0,736.0,False,1974.0,736.0,False
101411,human,ok,117321.0,1508.0,1283.0,1973.0,736.0,1973.0,736.0,False,1973.0,736.0,False,1973.0,736.0,False
101412,auto,ok,98446.0,1932.3692016601562,812.9558525085449,1613.8692092895508,1287.8810424804688,1613.8692092895508,1287.8810424804688,False,1613.8692092895508,1287.8810424804688,False,1613.8692092895508,1287.8810424804688,False
101412,human,ok,98372.0,1935.0035705566406,815.7110595703125,1612.0035705566406,1288.1090087890625,1612.0035705566406,1288.1090087890625,False,1612.0035705566406,1288.1090087890625,False,1612.0035705566406,1288.1090087890625,False
101414,auto,ok,122886.0,1658.0,875.0,2120.0,1435.0,2120.0,1435.0,False,2123.0,1401.0,True,2120.0,1435.0,False
101414,human,ok,122611.0,1658.0,875.0,2119.0,1436.0,2119.0,1436.0,False,2119.0,1436.0,False,2119.0,1436.0,False
101415,auto,ok,119956.0,2084.0,1417.0,1634.0,859.0,1634.0,859.0,False,1634.0,859.0,False,1634.0,859.0,False
101415,human,ok,116518.0,2007.0,1358.0,1637.0,856.0,1637.0,856.0,False,1637.0,856.0,False,1637.0,856.0,False
101416,auto,ok,121958.0,2126.7400817871094,1423.0857543945312,1685.0,857.0,1685.0,857.0,False,1685.0,857.0,False,1685.0,857.0,False
101416,human,ok,122137.0,2128.0,1421.0,1685.0,857.0,1685.0,857.0,False,1685.0,857.0,False,1685.0,857.0,False
101417,auto,ok,118470.0,1699.2795238494873,900.2795629501343,2177.0652465820312,1405.2286987304688,2177.0652465820312,1405.2286987304688,False,2177.0,1405.0,True,2177.0652465820312,1405.2286987304688,False
101417,human,ok,119039.0,1698.955560684204,900.9557466506958,2173.7826538085938,1407.1522216796875,2173.7826538085938,1407.1522216796875,False,2177.0,1405.0,True,2173.7826538085938,1407.1522216796875,False
101418,auto,ok,125308.0,1689.0,847.0,2169.0,1366.0,2169.0,1366.0,False,2138.0,1368.0,True,2169.0,1366.0,False
101418,human,ok,124875.0,1685.0,849.0,2135.0,1396.0,2135.0,1396.0,False,2143.0,1368.0,True,2135.0,1396.0,False
101419,auto,ok,110140.0,2069.0,1272.0,1655.0,814.0,1655.0,814.0,False,1655.0,814.0,False,1655.0,814.0,False
101419,human,ok,113270.0,1654.0,815.0,2101.0,1310.0,2101.0,1310.0,False,2088.0,1301.0,True,2101.0,1310.0,False
101421,auto,ok,125741.0,1700.0,815.0,2145.0,1372.0,2145.0,1372.0,False,2145.0,1372.0,False,2145.0,1372.0,False
101421,human,ok,125741.0,1700.0,815.0,2145.0,1372.0,2145.0,1372.0,False,2145.0,1372.0,False,2145.0,1372.0,False
101423,auto,ok,125396.0,2150.085693359375,1196.0302734375,1532.7892570495605,925.0302734375,1532.7892570495605,925.0302734375,False,1566.0,855.0,True,1532.7892570495605,925.0302734375,False
101423,human,ok,125186.0,2152.0630493164062,1193.0107727050781,1534.1350727081299,923.0107727050781,1534.1350727081299,923.0107727050781,False,1566.0,855.0,True,1534.1350727081299,923.0107727050781,False
101425,auto,ok,121488.0,1883.6838989257812,1361.8684692382812,1453.0774993896484,826.8684730529785,1453.0774993896484,826.8684730529785,False,1453.0,827.0,True,1453.0774993896484,826.8684730529785,False
101425,human,ok,121488.0,1883.6838989257812,1361.8684692382812,1453.0774993896484,826.8684730529785,1453.0774993896484,826.8684730529785,False,1453.0,827.0,True,1453.0774993896484,826.8684730529785,False
101426,auto,ok,124835.0,2092.0,1298.0,1518.0,879.0,1518.0,879.0,False,1518.0,879.0,False,1518.0,879.0,False
101426,human,ok,125917.0,2093.2669677734375,1293.885498046875,1518.0,878.0,1518.0,878.0,False,1518.0,878.0,False,1518.0,878.0,False
101427,auto,ok,377840.0,1136.0,249.0,2189.0,1266.0,2189.0,1266.0,False,2189.0,1266.0,False,2189.0,1266.0,False
101427,human,ok,378201.0,1138.0,250.0,2188.0,1267.0,2188.0,1267.0,False,2188.0,1267.0,False,2188.0,1267.0,False
101428,auto,ok,372974.0,1110.6220626831055,347.8159284591675,2126.0,1398.0,2126.0,1398.0,False,2126.0,1398.0,False,2126.0,1398.0,False
101428,human,ok,373446.0,1111.6992797851562,345.1264190673828,2131.0,1393.0,2131.0,1393.0,False,2131.0,1393.0,False,2131.0,1393.0,False
101429,auto,ok,343569.0,2262.0,1325.0,1249.0,670.5,1303.0,566.0,True,1303.0,566.0,True,1303.0,566.0,True
101429,human,ok,343320.0,2264.0,1322.0,1250.5,670.0,1303.0,559.0,True,1303.0,559.0,True,1303.0,559.0,True
101430,auto,ok,367629.0,2203.875,1269.25,1263.75,446.0,1280.0,421.0,True,1280.0,421.0,True,1280.0,421.0,True
101430,human,ok,367608.0,2204.8890380859375,1267.9411010742188,1266.3966522216797,445.9410858154297,1280.0,422.0,True,1280.0,422.0,True,1280.0,422.0,True
101431,auto,ok,384832.0,1090.0,253.0,2129.0,1321.0,2129.0,1321.0,False,2129.0,1321.0,False,2129.0,1321.0,False
101431,human,ok,384867.0,1090.0,253.0,2128.0,1322.0,2128.0,1322.0,False,2128.0,1322.0,False,2128.0,1322.0,False
101432,auto,ok,280957.0,1499.0,644.0,2399.0,1433.0,2399.0,1433.0,False,2399.0,1433.0,False,2399.0,1433.0,False
101432,human,ok,280957.0,1499.0,644.0,2399.0,1433.0,2399.0,1433.0,False,2399.0,1433.0,False,2399.0,1433.0,False
101433,auto,ok,347494.0,1175.0,397.0,2187.0,1348.0,2187.0,1348.0,False,2187.0,1348.0,False,2187.0,1348.0,False
101433,human,ok,347494.0,1175.0,397.0,2187.0,1348.0,2187.0,1348.0,False,2187.0,1348.0,False,2187.0,1348.0,False
101434,auto,ok,71634.0,1598.229543685913,1159.0482864379883,2074.0,1172.0,2074.0,1172.0,False,2074.0,1172.0,False,2074.0,1172.0,False
101434,human,ok,71532.0,1599.9595680236816,1157.9337158203125,2077.0,1198.0,2077.0,1198.0,False,2077.0,1198.0,False,2077.0,1198.0,False
101437,auto,ok,80664.0,1543.0,989.0,2116.0,1080.0,2116.0,1080.0,False,2116.0,1080.0,False,2116.0,1080.0,False
101437,human,ok,80205.0,1543.0,989.0,2116.0,1078.0,2116.0,1078.0,False,2116.0,1078.0,False,2116.0,1078.0,False
101438,auto,ok,62346.0,1709.9412207603455,1125.9833297729492,2166.0,1293.0,2166.0,1293.0,False,2166.0,1293.0,False,2166.0,1293.0,False
101438,human,ok,62400.0,1707.3752598762512,1126.0262985229492,2165.0,1294.0,2165.0,1294.0,False,2165.0,1294.0,False,2165.0,1294.0,False
101440,auto,ok,64382.0,1676.8852815628052,1048.6639556884766,2088.0,1281.0,2088.0,1281.0,False,2088.0,1281.0,False,2088.0,1281.0,False
101440,human,ok,64382.0,1676.8852815628052,1048.6639556884766,2088.0,1281.0,2088.0,1281.0,False,2088.0,1281.0,False,2088.0,1281.0,False
101441,auto,ok,205544.0,1409.5164003372192,1150.8719787597656,2342.6863403320312,866.3719940185547,2317.0,793.0,True,2317.0,793.0,True,2342.6863403320312,866.3719940185547,False
101441,human,ok,205625.0,1409.3173789978027,1148.5733947753906,2340.670654296875,860.5734024047852,2318.0,796.0,True,2318.0,796.0,True,2340.670654296875,860.5734024047852,False
101442,auto,ok,211497.0,1338.0,1260.0,2294.25,948.5,2270.0,858.0,True,2270.0,858.0,True,2294.25,948.5,False
101442,human,ok,211495.0,1336.6373734474182,1256.9496154785156,2293.701171875,948.4496002197266,2270.0,859.0,True,2270.0,859.0,True,2293.701171875,948.4496002197266,False
101445,auto,ok,220146.0,1460.2587270736694,1175.0434265136719,2436.3014526367188,949.5434417724609,2416.0,853.0,True,2416.0,853.0,True,2436.3014526367188,949.5434417724609,False
101445,human,ok,220146.0,1460.2587270736694,1175.0434265136719,2436.3014526367188,949.5434417724609,2416.0,853.0,True,2416.0,853.0,True,2436.3014526367188,949.5434417724609,False
101446,auto,ok,221291.0,1399.1299095153809,1217.4596557617188,2369.806396484375,960.4596557617188,2347.0,859.0,True,2347.0,859.0,True,2369.806396484375,960.4596557617188,False
101446,human,ok,221153.0,1398.7191371917725,1219.8497619628906,2370.5205688476562,963.6502380371094,2348.0,863.0,True,2348.0,863.0,True,2370.5205688476562,963.6502380371094,False
102551,auto,ok,71230.0,1700.0,1401.0,2260.75,1355.0,2261.0,1355.0,True,2261.0,1355.0,True,2260.75,1355.0,False
102551,human,ok,70597.0,1731.0,1425.0,2261.75,1355.0,2262.0,1355.0,True,2262.0,1355.0,True,2261.75,1355.0,False
102552,auto,ok,69701.0,1722.2004528045654,1447.992431640625,2245.9619140625,1327.992425918579,2247.0,1332.0,True,2247.0,1332.0,True,2245.9619140625,1327.992425918579,False
102552,human,ok,69822.0,1721.1295776367188,1447.2664489746094,2247.93408203125,1328.766445159912,2249.0,1333.0,True,2249.0,1333.0,True,2247.93408203125,1328.766445159912,False
102554,auto,ok,68702.0,1722.2963905334473,1408.271614074707,2249.801025390625,1374.771614074707,2250.0,1375.0,True,2250.0,1375.0,True,2250.0,1375.0,True
102554,human,ok,68702.0,1722.2963905334473,1408.271614074707,2249.801025390625,1374.771614074707,2250.0,1375.0,True,2250.0,1375.0,True,2250.0,1375.0,True
102562,auto,ok,63212.0,1790.2763619422913,1473.2616424560547,2202.0,1380.0,2202.0,1380.0,False,2202.0,1380.0,False,2202.0,1380.0,False
102562,human,ok,63212.0,1790.2763619422913,1473.2616424560547,2202.0,1380.0,2202.0,1380.0,False,2202.0,1380.0,False,2202.0,1380.0,False
102563,auto,ok,62605.0,1786.8405466079712,1482.2899475097656,2197.0,1374.0,2197.0,1374.0,False,2197.0,1374.0,False,2197.0,1374.0,False
102563,human,ok,62657.0,1786.6592936515808,1482.2389068603516,2196.0,1371.0,2196.0,1371.0,False,2196.0,1371.0,False,2196.0,1371.0,False
102565,auto,ok,62562.0,1787.7907466888428,1478.6783599853516,2199.0,1370.0,2199.0,1370.0,False,2199.0,1370.0,False,2199.0,1370.0,False
102565,human,ok,62177.0,1787.7907466888428,1478.6783599853516,2199.0,1370.0,2199.0,1370.0,False,2199.0,1370.0,False,2199.0,1370.0,False
102566,auto,ok,61837.0,1796.3640222549438,1473.3041076660156,2207.0,1368.0,2207.0,1368.0,False,2207.0,1368.0,False,2207.0,1368.0,False
102566,human,ok,61879.0,1795.944073677063,1474.2904815673828,2206.0,1365.0,2206.0,1365.0,False,2206.0,1365.0,False,2206.0,1365.0,False
102570,auto,no_detections,,,,,,,,,,,,,,
102570,human,no_detections,,,,,,,,,,,,,,
102571,auto,no_detections,,,,,,,,,,,,,,
102571,human,no_detections,,,,,,,,,,,,,,
102572,auto,no_detections,,,,,,,,,,,,,,
102572,human,no_detections,,,,,,,,,,,,,,
102578,auto,no_detections,,,,,,,,,,,,,,
102578,human,no_detections,,,,,,,,,,,,,,
102580,auto,no_detections,,,,,,,,,,,,,,
102580,human,no_detections,,,,,,,,,,,,,,
102582,auto,no_detections,,,,,,,,,,,,,,
102582,human,no_detections,,,,,,,,,,,,,,
102584,auto,no_detections,,,,,,,,,,,,,,
102584,human,no_detections,,,,,,,,,,,,,,
102587,auto,no_detections,,,,,,,,,,,,,,
102587,human,no_detections,,,,,,,,,,,,,,
102591,auto,no_detections,,,,,,,,,,,,,,
102591,human,no_detections,,,,,,,,,,,,,,
102609,auto,ok,73703.0,2189.0,1460.0,1654.0,1663.0,1654.0,1663.0,False,1654.0,1663.0,False,1654.0,1663.0,False
102609,human,ok,73800.0,2189.0,1460.0,1652.0,1659.0,1652.0,1659.0,False,1652.0,1659.0,False,1652.0,1659.0,False
102611,auto,ok,85266.0,2176.0,1431.0,1658.0,1713.0,1658.0,1713.0,False,1658.0,1713.0,False,1658.0,1713.0,False
102611,human,ok,85084.0,2176.0,1431.0,1657.0,1711.0,1657.0,1711.0,False,1657.0,1711.0,False,1657.0,1711.0,False
102613,auto,ok,80966.0,2182.9715576171875,1444.26411819458,1651.0,1679.0,1651.0,1679.0,False,1651.0,1679.0,False,1651.0,1679.0,False
102613,human,ok,80966.0,2182.9715576171875,1444.26411819458,1651.0,1679.0,1651.0,1679.0,False,1651.0,1679.0,False,1651.0,1679.0,False
102616,auto,ok,45691.0,1838.9605054855347,1429.1399955749512,2201.0,1703.0,2201.0,1703.0,False,2201.0,1703.0,False,2201.0,1703.0,False
102616,human,ok,45717.0,1838.0,1429.0,2199.0,1706.0,2199.0,1706.0,False,2199.0,1706.0,False,2199.0,1706.0,False
102617,auto,ok,46428.0,1850.0,1444.0,2214.0,1728.0,2214.0,1728.0,False,2214.0,1728.0,False,2214.0,1728.0,False
102617,human,ok,46431.0,1853.9550380706787,1439.8660907745361,2217.0,1726.0,2217.0,1726.0,False,2217.0,1726.0,False,2217.0,1726.0,False
102618,auto,ok,46648.0,1854.0,1443.0,2216.0,1728.0,2216.0,1728.0,False,2216.0,1728.0,False,2216.0,1728.0,False
102618,human,ok,46648.0,1854.0,1443.0,2216.0,1728.0,2216.0,1728.0,False,2216.0,1728.0,False,2216.0,1728.0,False
102621,auto,ok,73902.0,2168.0,1550.0,1539.0,1520.0,1539.0,1520.0,False,1539.0,1520.0,False,1539.0,1520.0,False
102621,human,ok,75413.0,2175.0,1547.0,1543.0,1521.0,1543.0,1521.0,False,1543.0,1521.0,False,1543.0,1521.0,False
102627,auto,ok,85475.0,2175.9820556640625,1355.3655548095703,1676.0,1510.0,1676.0,1510.0,False,1676.0,1510.0,False,1676.0,1510.0,False
102627,human,ok,84950.0,2176.0606689453125,1353.6801223754883,1680.0,1505.0,1680.0,1505.0,False,1680.0,1505.0,False,1680.0,1505.0,False
102628,auto,ok,81830.0,2167.0,1343.0,1660.0,1391.0,1658.0,1382.0,True,1658.0,1382.0,True,1660.0,1391.0,False
102628,human,ok,81904.0,2167.0,1344.0,1660.0,1392.0,1659.0,1384.0,True,1659.0,1384.0,True,1660.0,1392.0,False
102629,auto,ok,83418.0,2187.778076171875,1360.1183013916016,1680.017807006836,1420.1183013916016,1680.0,1420.0,True,1680.0,1420.0,True,1680.017807006836,1420.1183013916016,False
102629,human,ok,83496.0,2186.9425659179688,1359.0289611816406,1679.1919193267822,1417.0289611816406,1679.0,1417.0,True,1679.0,1417.0,True,1679.1919193267822,1417.0289611816406,False
102634,auto,ok,49550.0,2153.9363708496094,1597.2869491577148,1693.123860359192,1559.7869491577148,1693.123860359192,1559.7869491577148,False,1693.123860359192,1559.7869491577148,False,1693.123860359192,1559.7869491577148,False
102634,human,ok,49762.0,2155.112335205078,1594.6642608642578,1691.7618713378906,1560.1642608642578,1691.7618713378906,1560.1642608642578,False,1691.7618713378906,1560.1642608642578,False,1691.7618713378906,1560.1642608642578,False
102637,auto,laser_off_all_fish,,,,,,,,,,,,,,
102637,human,ok,54448.0,2179.9157104492188,1599.0997161865234,1676.0,1610.0,1676.0,1610.0,False,1676.0,1610.0,False,1676.0,1610.0,False
102642,auto,ok,63595.0,2095.762420654297,1588.28662109375,1710.0,1376.0,1710.0,1376.0,False,1710.0,1376.0,False,1710.0,1376.0,False
102642,human,ok,63595.0,2095.762420654297,1588.28662109375,1710.0,1376.0,1710.0,1376.0,False,1710.0,1376.0,False,1710.0,1376.0,False
102643,auto,ok,42131.0,2113.105255126953,1465.8871841430664,1737.9298372268677,1542.1128158569336,1737.9298372268677,1542.1128158569336,False,1737.9298372268677,1542.1128158569336,False,1737.9298372268677,1542.1128158569336,False
102643,human,ok,42023.0,2113.014617919922,1467.179786682129,1742.0,1590.0,1742.0,1590.0,False,1742.0,1590.0,False,1742.0,1590.0,False
102648,auto,ok,39908.0,2113.0,1463.0,1751.0,1544.0,1751.0,1544.0,False,1751.0,1544.0,False,1751.0,1544.0,False
102648,human,ok,39915.0,2113.0,1463.0,1751.0,1542.0,1751.0,1542.0,False,1751.0,1542.0,False,1751.0,1542.0,False
102653,auto,ok,35034.0,2120.0,1498.0,1787.0,1409.0,1875.0,1422.0,True,1875.0,1422.0,True,1875.0,1422.0,True
102653,human,ok,33854.0,2120.2659912109375,1497.317642211914,1787.0,1409.0,1787.0,1409.0,False,1787.0,1409.0,False,1787.0,1409.0,False
102654,auto,ok,35838.0,2101.8912963867188,1523.8493194580078,1773.0,1429.0,1773.0,1429.0,False,1773.0,1429.0,False,1773.0,1429.0,False
102654,human,ok,36324.0,2102.0430908203125,1521.0203552246094,1773.0,1417.0,1773.0,1417.0,False,1773.0,1417.0,False,1773.0,1417.0,False
102656,auto,ok,56028.0,2081.996063232422,1502.3695983886719,1657.0,1395.0,1721.0,1340.0,True,1721.0,1340.0,True,1721.0,1340.0,True
102656,human,ok,55833.0,2081.859405517578,1500.739013671875,1656.0,1393.0,1722.0,1347.0,True,1722.0,1347.0,True,1722.0,1347.0,True
102664,auto,ok,81294.0,1742.0,1573.0,2212.75,1248.0,2231.0,1271.0,True,2231.0,1271.0,True,2212.75,1248.0,False
102664,human,ok,81201.0,1743.0553221702576,1565.9317016601562,2212.8121948242188,1247.9316902160645,2231.0,1271.0,True,2231.0,1271.0,True,2212.8121948242188,1247.9316902160645,False
102672,auto,ok,109649.0,1676.7499074935913,1281.0987300872803,2292.0,1614.0,2292.0,1614.0,False,2292.0,1614.0,False,2292.0,1614.0,False
102672,human,ok,109689.0,1678.0549697875977,1280.0836009979248,2289.0,1618.0,2289.0,1618.0,False,2289.0,1618.0,False,2289.0,1618.0,False
102674,auto,ok,148762.0,1661.0,1267.0,2309.0,1616.0,2309.0,1616.0,False,2309.0,1616.0,False,2309.0,1616.0,False
102674,human,ok,148725.0,1662.0,1266.0,2311.0,1614.0,2311.0,1614.0,False,2311.0,1614.0,False,2311.0,1614.0,False
102679,auto,ok,157405.0,1633.0340929031372,1297.9164657592773,2336.0,1526.0,2336.0,1526.0,False,2336.0,1526.0,False,2336.0,1526.0,False
102679,human,ok,157023.0,1637.2546310424805,1292.355094909668,2337.0,1522.0,2337.0,1522.0,False,2337.0,1522.0,False,2337.0,1522.0,False
102680,auto,ok,152310.0,1646.0,1288.0,2313.0,1592.0,2313.0,1592.0,False,2313.0,1592.0,False,2313.0,1592.0,False
102680,human,ok,152346.0,1647.0,1284.0,2314.0,1591.0,2314.0,1591.0,False,2314.0,1591.0,False,2314.0,1591.0,False
102767,auto,ok,10664.0,2168.0,1394.0,1943.0,1345.0,1943.0,1345.0,False,1943.0,1345.0,False,1943.0,1345.0,False
102767,human,ok,10664.0,2168.0,1394.0,1943.0,1345.0,1943.0,1345.0,False,1943.0,1345.0,False,1943.0,1345.0,False
102787,auto,ok,17641.0,1873.0,1363.0,2080.0,1301.0,2080.0,1301.0,False,2080.0,1301.0,False,2080.0,1301.0,False
102787,human,ok,17131.0,1873.1486706733704,1366.0582275390625,2078.0,1300.0,2078.0,1300.0,False,2078.0,1300.0,False,2078.0,1300.0,False
102789,auto,ok,18354.0,2101.0,1289.0,1882.0,1356.0,1882.0,1356.0,False,1882.0,1356.0,False,1882.0,1356.0,False
102789,human,ok,18257.0,2105.0,1290.0,1878.0,1360.0,1878.0,1360.0,False,1878.0,1360.0,False,1878.0,1360.0,False
102790,auto,ok,13967.0,1916.9168939590454,1388.07080078125,2068.0,1312.0,2068.0,1312.0,False,2068.0,1312.0,False,2068.0,1312.0,False
102790,human,ok,13865.0,1915.0094528198242,1385.9022216796875,2068.0,1311.0,2068.0,1311.0,False,2068.0,1311.0,False,2068.0,1311.0,False
102802,auto,ok,35731.0,1837.9401211738586,1424.0353088378906,2108.0,1138.0,2108.0,1138.0,False,2108.0,1138.0,False,2108.0,1138.0,False
102802,human,ok,35800.0,1842.1083812713623,1417.0466918945312,2110.0,1138.0,2110.0,1138.0,False,2110.0,1138.0,False,2110.0,1138.0,False
102803,auto,ok,43809.0,2082.0,1124.0,1782.0,1485.0,1782.0,1485.0,False,1782.0,1485.0,False,1782.0,1485.0,False
102803,human,ok,41720.0,1816.0,1441.0,2079.0,1122.0,2079.0,1122.0,False,2079.0,1122.0,False,2079.0,1122.0,False
102805,auto,ok,41243.0,1840.8229784965515,1516.935791015625,2127.0,1142.0,2127.0,1142.0,False,2127.0,1142.0,False,2127.0,1142.0,False
102805,human,ok,41422.0,1841.8206481933594,1517.9961853027344,2131.0,1145.0,2131.0,1145.0,False,2131.0,1145.0,False,2131.0,1145.0,False
102806,auto,ok,44102.0,2104.0,1142.0,1832.0,1545.0,1832.0,1545.0,False,1832.0,1545.0,False,1832.0,1545.0,False
102806,human,ok,44123.0,2105.0455627441406,1142.837776184082,1825.0455532073975,1523.0883483886719,1825.0455532073975,1523.0883483886719,False,1829.0,1527.0,True,1825.0455532073975,1523.0883483886719,False
102807,auto,ok,45383.0,2084.0,1130.0,1788.0,1511.0,1788.0,1511.0,False,1788.0,1511.0,False,1788.0,1511.0,False
102807,human,ok,45383.0,2084.0,1130.0,1788.0,1511.0,1788.0,1511.0,False,1788.0,1511.0,False,1788.0,1511.0,False
102808,auto,ok,14437.0,2067.0,1354.0,1862.0,1297.0,1862.0,1297.0,False,1862.0,1297.0,False,1862.0,1297.0,False
102808,human,ok,14622.0,2068.0,1354.0,1856.0,1295.0,1856.0,1295.0,False,1856.0,1295.0,False,1856.0,1295.0,False
102809,auto,ok,13973.0,2067.901870727539,1361.020851135254,1842.0206966400146,1282.0208549499512,1842.0,1282.0,True,1842.0,1282.0,True,1842.0206966400146,1282.0208549499512,False
102809,human,ok,13973.0,2067.901870727539,1361.020851135254,1842.0206966400146,1282.0208549499512,1842.0,1282.0,True,1842.0,1282.0,True,1842.0206966400146,1282.0208549499512,False
102810,auto,ok,11523.0,2081.0,1373.0,1897.0,1293.0,1897.0,1293.0,False,1897.0,1293.0,False,1897.0,1293.0,False
102810,human,ok,11714.0,2081.007095336914,1372.9455032348633,1895.0,1299.0,1895.0,1299.0,False,1895.0,1299.0,False,1895.0,1299.0,False
102811,auto,ok,22890.0,1971.039836883545,1449.0878601074219,2072.039840698242,1213.9877624511719,2072.0,1214.0,True,2072.0,1214.0,True,2072.039840698242,1213.9877624511719,False
102811,human,ok,22830.0,1969.1322193145752,1446.8670349121094,2071.8822174072266,1214.018705368042,2068.0,1212.0,True,2068.0,1212.0,True,2071.8822174072266,1214.018705368042,False
102812,auto,laser_off_all_fish,,,,,,,,,,,,,,
102812,human,laser_off_all_fish,,,,,,,,,,,,,,
102813,auto,ok,2497.0,1963.0,1369.0,1993.0,1270.0,1993.0,1270.0,False,1993.0,1270.0,False,1993.0,1270.0,False
102813,human,ok,2455.0,1963.0,1369.0,1993.0,1269.0,1993.0,1269.0,False,1993.0,1269.0,False,1993.0,1269.0,False
102814,auto,ok,19709.0,2029.0,1114.0,2004.0,1383.0,2004.0,1383.0,False,2004.0,1383.0,False,2004.0,1383.0,False
102814,human,ok,19709.0,2029.0,1114.0,2004.0,1383.0,2004.0,1383.0,False,2004.0,1383.0,False,2004.0,1383.0,False
102815,auto,ok,21571.0,2013.2660942077637,1419.7615966796875,2031.0893478393555,1186.8980522155762,2031.0893478393555,1186.8980522155762,False,2031.0893478393555,1186.8980522155762,False,2031.0893478393555,1186.8980522155762,False
102815,human,ok,20291.0,2071.0,1194.0,2019.0,1421.0,2019.0,1421.0,False,2019.0,1421.0,False,2019.0,1421.0,False
102816,auto,ok,15520.0,2010.0,1093.0,1974.0,1361.0,1974.0,1361.0,False,1974.0,1361.0,False,1974.0,1361.0,False
102816,human,ok,15604.0,2009.0,1093.0,1977.0,1360.0,1977.0,1360.0,False,1977.0,1360.0,False,1977.0,1360.0,False
102819,auto,laser_off_all_fish,,,,,,,,,,,,,,
102819,human,ok,21176.0,2203.0916748046875,1363.0944175720215,1892.0,1383.0,1892.0,1383.0,False,1892.0,1383.0,False,1892.0,1383.0,False
102821,auto,no_detections,,,,,,,,,,,,,,
102821,human,no_detections,,,,,,,,,,,,,,
102823,auto,ok,19205.0,2110.110076904297,1384.9385414123535,1825.0,1415.0,1825.0,1415.0,False,1825.0,1415.0,False,1825.0,1415.0,False
102823,human,ok,19181.0,2107.820068359375,1380.9563751220703,1867.0764999389648,1443.9563751220703,1867.0764999389648,1443.9563751220703,False,1867.0764999389648,1443.9563751220703,False,1867.0764999389648,1443.9563751220703,False
102824,auto,ok,20876.0,2171.88916015625,1373.033130645752,1886.9887466430664,1426.0331268310547,1886.9887466430664,1426.0331268310547,False,1886.9887466430664,1426.0331268310547,False,1886.9887466430664,1426.0331268310547,False
102824,human,ok,20876.0,2171.88916015625,1373.033130645752,1886.9887466430664,1426.0331268310547,1886.9887466430664,1426.0331268310547,False,1886.9887466430664,1426.0331268310547,False,1886.9887466430664,1426.0331268310547,False
102829,auto,ok,34358.0,1959.7533111572266,1355.34326171875,1780.0,831.0,1780.0,831.0,False,1780.0,831.0,False,1780.0,831.0,False
102829,human,ok,34358.0,1959.7533111572266,1355.34326171875,1780.0,831.0,1780.0,831.0,False,1780.0,831.0,False,1780.0,831.0,False
102830,auto,ok,36543.0,1890.0,1340.0,1844.0,757.0,1844.0,757.0,False,1844.0,757.0,False,1844.0,757.0,False
102830,human,ok,36990.0,1891.0,1340.0,1844.0,757.0,1844.0,757.0,False,1844.0,757.0,False,1844.0,757.0,False
102831,auto,ok,35782.0,1846.0,1332.0,1916.0,756.0,1916.0,756.0,False,1916.0,756.0,False,1916.0,756.0,False
102831,human,ok,35697.0,1845.0,1332.0,1915.0,756.0,1915.0,756.0,False,1915.0,756.0,False,1915.0,756.0,False
102835,auto,ok,25935.0,1725.0,1413.0,2068.0,1374.0,2068.0,1374.0,False,2068.0,1374.0,False,2068.0,1374.0,False
102835,human,ok,25935.0,1725.0,1413.0,2068.0,1374.0,2068.0,1374.0,False,2068.0,1374.0,False,2068.0,1374.0,False
102836,auto,ok,28303.0,2133.9654846191406,1294.5125122070312,1785.9266986846924,1312.9400253295898,1785.0,1310.0,True,1785.0,1310.0,True,1785.9266986846924,1312.9400253295898,False
102836,human,ok,28303.0,2133.9654846191406,1294.5125122070312,1785.9266986846924,1312.9400253295898,1785.0,1310.0,True,1785.0,1310.0,True,1785.9266986846924,1312.9400253295898,False
102847,auto,ok,12374.0,2028.0,1822.0,1826.0,1747.0,1826.0,1747.0,True,1826.0,1747.0,True,1826.0,1747.0,False
102847,human,laser_off_all_fish,,,,,,,,,,,,,,
102849,auto,laser_off_all_fish,,,,,,,,,,,,,,
102849,human,laser_off_all_fish,,,,,,,,,,,,,,
102855,auto,ok,34272.0,2025.893081665039,1087.0253582000732,2106.0,1372.0,2049.0,1296.0,True,2049.0,1296.0,True,2049.0,1296.0,True
102855,human,ok,34121.0,2025.9860229492188,1086.987864971161,2107.0,1372.0,2049.0,1296.0,True,2049.0,1296.0,True,2049.0,1296.0,True
102856,auto,ok,306590.0,2038.0,1214.0,1012.0,873.0,1088.0,1137.0,True,1088.0,1137.0,True,1012.0,873.0,False
102856,human,ok,307466.0,2038.0,1214.0,1013.0,873.0,1089.0,1140.0,True,1089.0,1140.0,True,1013.0,873.0,False
102857,auto,ok,314543.0,2309.0,1197.0,1262.0,897.0,1262.0,897.0,False,1262.0,897.0,False,1262.0,897.0,False
102857,human,ok,315305.0,2309.0,1196.0,1262.0,899.0,1262.0,899.0,False,1262.0,899.0,False,1262.0,899.0,False
102858,auto,ok,313289.0,2301.0,1227.0,1251.0,938.0,1251.0,938.0,False,1251.0,938.0,False,1251.0,938.0,False
102858,human,ok,311838.0,2301.6300048828125,1227.5642395019531,1253.0,937.0,1253.0,937.0,False,1253.0,937.0,False,1253.0,937.0,False
102859,auto,ok,300114.0,2302.0,1211.0,1250.0,920.0,1250.0,920.0,False,1250.0,920.0,False,1250.0,920.0,False
102859,human,ok,300149.0,2302.0,1211.0,1250.0,920.0,1250.0,920.0,False,1250.0,920.0,False,1250.0,920.0,False
102860,auto,ok,309270.0,1080.0,866.0,2128.0,1198.0,2128.0,1198.0,False,2128.0,1198.0,False,2128.0,1198.0,False
102860,human,ok,309270.0,1080.0,866.0,2128.0,1198.0,2128.0,1198.0,False,2128.0,1198.0,False,2128.0,1198.0,False
102861,auto,ok,314478.0,1178.0,890.0,2233.0,1195.0,2233.0,1195.0,False,2233.0,1195.0,False,2233.0,1195.0,False
102861,human,ok,314515.0,1179.0,889.0,2233.0,1196.0,2233.0,1196.0,False,2233.0,1196.0,False,2233.0,1196.0,False
102862,auto,ok,309171.0,2306.0,1200.0,1270.0,880.0,1270.0,880.0,False,1270.0,880.0,False,1270.0,880.0,False
102862,human,ok,305873.0,2306.0,1200.0,1270.0,881.0,1270.0,881.0,False,1270.0,881.0,False,1270.0,881.0,False
102863,auto,ok,320677.0,1304.0,888.0,2312.0,1195.0,2312.0,1195.0,False,2312.0,1195.0,False,2312.0,1195.0,False
102863,human,ok,321421.0,1304.0,887.0,2312.0,1196.0,2312.0,1196.0,False,2312.0,1196.0,False,2312.0,1196.0,False
102864,auto,ok,318487.0,2317.0,1213.0,1293.0,873.0,1293.0,873.0,False,1293.0,873.0,False,1293.0,873.0,False
102864,human,ok,318487.0,2317.0,1213.0,1293.0,873.0,1293.0,873.0,False,1293.0,873.0,False,1293.0,873.0,False
102865,auto,ok,318288.0,2308.0,1222.0,1293.0,901.0,1293.0,901.0,False,1293.0,901.0,False,1293.0,901.0,False
102865,human,ok,319445.0,2309.0,1222.0,1292.0,902.0,1292.0,902.0,False,1292.0,902.0,False,1292.0,902.0,False
102866,auto,ok,320500.0,2299.0,1239.0,1283.0,899.0,1283.0,899.0,False,1283.0,899.0,False,1283.0,899.0,False
102866,human,ok,319971.0,2299.0,1239.0,1283.0,899.0,1283.0,899.0,False,1283.0,899.0,False,1283.0,899.0,False
102867,auto,ok,324809.0,1327.0,864.0,2329.0,1146.0,2329.0,1146.0,False,2329.0,1146.0,False,2329.0,1146.0,False
102867,human,ok,325204.0,1327.0,864.0,2329.0,1145.0,2329.0,1145.0,False,2329.0,1145.0,False,2329.0,1145.0,False
102868,auto,laser_off_all_fish,,,,,,,,,,,,,,
102868,human,ok,335474.0,1303.6816172599792,743.4917602539062,2301.0,975.0,2301.0,975.0,False,2301.0,975.0,False,2301.0,975.0,False
102869,auto,laser_off_all_fish,,,,,,,,,,,,,,
102869,human,laser_off_all_fish,,,,,,,,,,,,,,
102870,auto,ok,330637.0,1398.0,840.0,2389.0,1099.0,2389.0,1099.0,False,2389.0,1099.0,False,2389.0,1099.0,False
102870,human,ok,331005.0,1397.0,840.0,2389.0,1099.0,2389.0,1099.0,False,2389.0,1099.0,False,2389.0,1099.0,False
102871,auto,ok,322840.0,2361.4158935546875,1093.5698852539062,1404.0,848.0,1404.0,848.0,False,1404.0,848.0,False,1404.0,848.0,False
102871,human,ok,323768.0,2362.024658203125,1093.90966796875,1403.0,849.0,1403.0,849.0,False,1403.0,849.0,False,1403.0,849.0,False
102876,auto,ok,25611.0,1884.8898420333862,1266.3206062316895,2151.0,1386.0,2151.0,1386.0,False,2151.0,1386.0,False,2151.0,1386.0,False
102876,human,ok,25678.0,2148.0,1395.0,1884.0,1268.0,1884.0,1268.0,False,1884.0,1268.0,False,1884.0,1268.0,False
102878,auto,ok,24767.0,2132.048828125,1415.9752197265625,1871.0,1272.0,1871.0,1272.0,False,1871.0,1272.0,False,1871.0,1272.0,False
102878,human,ok,24781.0,2130.0,1412.0,1871.0,1271.0,1871.0,1271.0,False,1871.0,1271.0,False,1871.0,1271.0,False
102879,auto,ok,24451.0,2177.9664916992188,1435.831069946289,1918.0,1297.0,1918.0,1297.0,False,1918.0,1297.0,False,1918.0,1297.0,False
102879,human,ok,24451.0,2177.9664916992188,1435.831069946289,1918.0,1297.0,1918.0,1297.0,False,1918.0,1297.0,False,1918.0,1297.0,False
102880,auto,ok,25036.0,2168.0398559570312,1446.1809692382812,1901.0,1306.0,1901.0,1306.0,False,1901.0,1306.0,False,1901.0,1306.0,False
102880,human,ok,25036.0,2168.0398559570312,1446.1809692382812,1901.0,1306.0,1901.0,1306.0,False,1901.0,1306.0,False,1901.0,1306.0,False
102881,auto,ok,26000.0,1873.0,1262.0,2143.0,1378.0,2122.0,1313.0,True,2122.0,1313.0,True,2122.0,1313.0,True
102881,human,ok,26000.0,1873.0,1262.0,2143.0,1378.0,2122.0,1313.0,True,2122.0,1313.0,True,2122.0,1313.0,True
102882,auto,ok,26090.0,1884.0279297828674,1269.931381225586,2127.0,1384.0,2127.0,1384.0,False,2127.0,1384.0,False,2127.0,1384.0,False
102882,human,ok,26156.0,1883.9573216438293,1270.04642868042,2128.0,1384.0,2128.0,1384.0,False,2128.0,1384.0,False,2128.0,1384.0,False
102883,auto,ok,26460.0,1874.0,1275.0,2130.0,1400.0,2130.0,1400.0,False,2130.0,1400.0,False,2130.0,1400.0,False
102883,human,ok,26426.0,1875.8546395301819,1272.9087677001953,2130.0,1401.0,2130.0,1401.0,False,2130.0,1401.0,False,2130.0,1401.0,False
102884,auto,ok,25032.0,1871.9850807189941,1301.1178398132324,2106.0,1412.0,2106.0,1412.0,False,2106.0,1412.0,False,2106.0,1412.0,False
102884,human,ok,25128.0,1871.9528408050537,1301.0455360412598,2106.0,1412.0,2106.0,1412.0,False,2106.0,1412.0,False,2106.0,1412.0,False
102885,auto,ok,23853.0,1859.971920967102,1313.0096588134766,2113.0,1308.0,2113.0,1308.0,False,2113.0,1308.0,False,2113.0,1308.0,False
102885,human,ok,23888.0,1860.0063338279724,1306.8624267578125,2116.0,1312.0,2116.0,1312.0,False,2116.0,1312.0,False,2116.0,1312.0,False
102886,auto,ok,24561.0,1867.05526304245,1303.1760597229004,2124.0,1312.0,2124.0,1312.0,False,2124.0,1312.0,False,2124.0,1312.0,False
102886,human,ok,24451.0,1867.1697692871094,1303.8154792785645,2122.0,1314.0,2122.0,1314.0,False,2122.0,1314.0,False,2122.0,1314.0,False
102887,auto,ok,111013.0,1671.0,1175.0,2255.0,1074.0,2255.0,1074.0,False,2255.0,1074.0,False,2255.0,1074.0,False
102887,human,ok,111013.0,1671.0,1175.0,2255.0,1074.0,2255.0,1074.0,False,2255.0,1074.0,False,2255.0,1074.0,False
102889,auto,ok,96485.0,1692.6982507705688,1125.9628601074219,2233.0,1065.0,2233.0,1065.0,False,2233.0,1065.0,False,2233.0,1065.0,False
102889,human,ok,96680.0,1692.7652277946472,1126.1393737792969,2232.0,1070.0,2232.0,1070.0,False,2232.0,1070.0,False,2232.0,1070.0,False
102890,auto,no_detections,,,,,,,,,,,,,,
102890,human,no_detections,,,,,,,,,,,,,,
102901,auto,ok,45505.0,2149.992401123047,1185.1587028503418,1860.0,1451.0,1860.0,1451.0,False,1860.0,1451.0,False,1860.0,1451.0,False
102901,human,ok,45523.0,2149.9053344726562,1184.0544090270996,1860.0,1451.0,1860.0,1451.0,False,1860.0,1451.0,False,1860.0,1451.0,False
102902,auto,ok,57307.0,2133.9680786132812,1232.2954292297363,1657.965576171875,1408.795425415039,1656.0,1405.0,True,1656.0,1405.0,True,1657.965576171875,1408.795425415039,False
102902,human,ok,57390.0,2133.7918701171875,1231.2704696655273,1658.011375427246,1408.7704772949219,1656.0,1405.0,True,1656.0,1405.0,True,1658.011375427246,1408.7704772949219,False
102903,auto,ok,60438.0,2185.9732055664062,1228.9506759643555,1679.9135398864746,1351.95068359375,1680.0,1352.0,True,1680.0,1352.0,True,1679.9135398864746,1351.95068359375,False
102903,human,ok,60519.0,2185.9330444335938,1227.924201965332,1680.1796569824219,1352.9241943359375,1680.0,1353.0,True,1680.0,1353.0,True,1680.1796569824219,1352.9241943359375,False
102904,auto,ok,57606.0,2240.1622314453125,1222.0114517211914,1761.8918418884277,1331.9885559082031,1763.0,1336.0,True,1763.0,1336.0,True,1761.8918418884277,1331.9885559082031,False
102904,human,ok,57667.0,2239.1683349609375,1218.8714065551758,1762.0544624328613,1333.1286010742188,1763.0,1337.0,True,1763.0,1337.0,True,1762.0544624328613,1333.1286010742188,False
102905,auto,ok,39534.0,2183.750518798828,1292.5619773864746,1770.0,1397.0,1770.0,1397.0,False,1770.0,1397.0,False,1770.0,1397.0,False
102905,human,ok,39634.0,1770.0,1396.0,2181.0,1295.0,2181.0,1295.0,False,2181.0,1295.0,False,2181.0,1295.0,False
102906,auto,ok,38612.0,1751.0,1397.0,2198.0,1320.0,2198.0,1320.0,False,2198.0,1320.0,False,2198.0,1320.0,False
102906,human,ok,39321.0,1754.0,1398.0,2200.0,1320.0,2200.0,1320.0,False,2200.0,1320.0,False,2200.0,1320.0,False
102907,auto,ok,42434.0,1759.0,1377.0,2242.0,1248.0,2242.0,1248.0,False,2242.0,1248.0,False,2242.0,1248.0,False
102907,human,ok,42822.0,1760.0,1378.0,2231.75,1320.0,2231.75,1320.0,False,2231.75,1320.0,False,2231.75,1320.0,False
102908,auto,ok,37726.0,1813.0,1285.0,2280.0,1305.0,2280.0,1305.0,False,2280.0,1305.0,False,2280.0,1305.0,False
102908,human,ok,37908.0,1813.0,1285.0,2276.0,1302.0,2276.0,1302.0,False,2276.0,1302.0,False,2276.0,1302.0,False
102909,auto,ok,43924.0,1823.0,1378.0,2301.0,1290.0,2301.0,1290.0,False,2301.0,1290.0,False,2301.0,1290.0,False
102909,human,ok,43694.0,1823.0614395141602,1377.6507568359375,2304.0,1305.0,2304.0,1305.0,False,2304.0,1305.0,False,2304.0,1305.0,False
102910,auto,ok,46184.0,1807.0,1379.0,2295.0,1294.0,2295.0,1294.0,False,2295.0,1294.0,False,2295.0,1294.0,False
102910,human,ok,45809.0,1807.0,1379.0,2293.0,1294.0,2293.0,1294.0,False,2293.0,1294.0,False,2293.0,1294.0,False
102911,auto,ok,42244.0,1803.0,1305.0,2283.75,1321.0,2283.75,1321.0,False,2283.75,1321.0,False,2283.75,1321.0,False
102911,human,ok,42685.0,1802.0,1305.0,2284.0,1319.0,2284.0,1319.0,False,2284.0,1319.0,False,2284.0,1319.0,False
102912,auto,ok,47271.0,1807.822359085083,1347.3499298095703,2309.0,1379.0,2309.0,1379.0,False,2309.0,1379.0,False,2309.0,1379.0,False
102912,human,ok,47271.0,1807.822359085083,1347.3499298095703,2309.0,1379.0,2309.0,1379.0,False,2309.0,1379.0,False,2309.0,1379.0,False
102913,auto,ok,34764.0,2136.0,1200.0,1689.0,1379.0,1689.0,1379.0,False,1689.0,1379.0,False,1689.0,1379.0,False
102913,human,laser_off_all_fish,,,,,,,,,,,,,,
102915,auto,ok,61341.0,2395.0,1251.0,1821.0,1410.0,1821.0,1410.0,False,1821.0,1410.0,False,1821.0,1410.0,False
102915,human,ok,60679.0,2379.0,1259.0,1822.0,1409.0,1822.0,1409.0,False,1822.0,1409.0,False,1822.0,1409.0,False
102916,auto,ok,64723.0,1800.6640934944153,1414.9905090332031,2352.2239379882812,1308.0094909667969,2345.0,1279.0,True,2345.0,1279.0,True,2352.2239379882812,1308.0094909667969,False
102916,human,ok,63611.0,1799.0,1413.0,2383.0,1207.0,2383.0,1207.0,False,2383.0,1207.0,False,2383.0,1207.0,False
102917,auto,ok,61300.0,2351.0,1190.0,1819.0,1468.0,1819.0,1468.0,False,1819.0,1468.0,False,1819.0,1468.0,False
102917,human,ok,60413.0,2339.0,1189.0,1820.0,1468.0,1820.0,1468.0,False,1820.0,1468.0,False,1820.0,1468.0,False
102918,auto,ok,20649.0,2151.0,1003.0,1923.0,1316.0,1923.0,1316.0,False,1923.0,1316.0,False,1923.0,1316.0,False
102918,human,ok,20321.0,2150.0,1003.0,1922.0,1315.0,1922.0,1315.0,False,1922.0,1315.0,False,1922.0,1315.0,False
102919,auto,laser_off_all_fish,,,,,,,,,,,,,,
102919,human,laser_off_all_fish,,,,,,,,,,,,,,
102920,auto,laser_off_all_fish,,,,,,,,,,,,,,
102920,human,laser_off_all_fish,,,,,,,,,,,,,,
102921,auto,ok,67623.0,1829.0,1433.0,2343.0,1000.0,2343.0,1000.0,False,2343.0,1000.0,False,2343.0,1000.0,False
102921,human,ok,66084.0,1831.0,1436.0,2339.0,1011.0,2339.0,1011.0,False,2339.0,1011.0,False,2339.0,1011.0,False
102922,auto,ok,98620.0,1757.0,1327.0,2427.75,1111.0,2427.75,1111.0,False,2427.75,1111.0,False,2427.75,1111.0,False
102922,human,ok,98620.0,1757.0,1327.0,2427.75,1111.0,2427.75,1111.0,False,2427.75,1111.0,False,2427.75,1111.0,False
102923,auto,ok,96919.0,1754.0,1313.0,2377.75,1163.0,2379.0,1164.0,True,2379.0,1164.0,True,2377.75,1163.0,False
102923,human,ok,97126.0,1754.0,1311.0,2484.0,1228.0,2484.0,1228.0,False,2484.0,1228.0,False,2484.0,1228.0,False
102924,auto,ok,97658.0,1768.0,1360.0,2431.75,1236.0,2431.75,1236.0,False,2431.75,1236.0,False,2431.75,1236.0,False
102924,human,ok,97213.0,1769.0,1358.0,2428.0,1241.0,2428.0,1241.0,False,2428.0,1241.0,False,2428.0,1241.0,False
102925,auto,ok,75912.0,1844.0,1401.0,2358.0,974.0,2358.0,974.0,False,2358.0,974.0,False,2358.0,974.0,False
102925,human,ok,75912.0,1844.0,1401.0,2358.0,974.0,2358.0,974.0,False,2358.0,974.0,False,2358.0,974.0,False
102926,auto,ok,88031.0,1814.0,1366.0,2496.0,1080.0,2496.0,1080.0,False,2496.0,1080.0,False,2496.0,1080.0,False
102926,human,ok,88031.0,1814.0,1366.0,2496.0,1080.0,2496.0,1080.0,False,2496.0,1080.0,False,2496.0,1080.0,False
102927,auto,ok,96089.0,1774.0,1331.0,2465.0,1392.0,2465.0,1392.0,False,2465.0,1392.0,False,2465.0,1392.0,False
102927,human,ok,95768.0,1775.0,1326.0,2465.0,1389.0,2465.0,1389.0,False,2465.0,1389.0,False,2465.0,1389.0,False
102928,auto,ok,91929.0,1759.0,1303.0,2381.75,1266.0,2385.0,1313.0,True,2385.0,1313.0,True,2381.75,1266.0,False
102928,human,ok,91943.0,1760.0,1299.0,2382.75,1263.0,2384.0,1311.0,True,2384.0,1311.0,True,2382.75,1263.0,False
102929,auto,ok,88945.0,1839.0,1300.0,2467.0,1431.0,2467.0,1431.0,False,2467.0,1431.0,False,2467.0,1431.0,False
102929,human,ok,89521.0,1827.0,1282.0,2466.0,1434.0,2466.0,1434.0,False,2466.0,1434.0,False,2466.0,1434.0,False
102938,auto,ok,24092.0,2091.5708618164062,1372.1428146362305,1778.0862283706665,1448.9572448730469,1779.0,1453.0,True,1779.0,1453.0,True,1778.0862283706665,1448.9572448730469,False
102938,human,ok,24247.0,2092.0,1372.0,1777.0,1449.0,1778.0,1455.0,True,1778.0,1455.0,True,1777.0,1449.0,False
102941,auto,ok,30567.0,1789.926311969757,1301.9550094604492,2089.0,1282.0,2089.0,1282.0,False,2089.0,1282.0,False,2089.0,1282.0,False
102941,human,ok,29697.0,1789.9437761306763,1313.1007385253906,2089.0,1282.0,2089.0,1282.0,False,2089.0,1282.0,False,2089.0,1282.0,False
102943,auto,ok,40078.0,1708.0,1312.0,2062.0,1283.0,2062.0,1283.0,False,2062.0,1283.0,False,2062.0,1283.0,False
102943,human,ok,40078.0,1708.0,1312.0,2062.0,1283.0,2062.0,1283.0,False,2062.0,1283.0,False,2062.0,1283.0,False
102944,auto,ok,46709.0,2086.0,1301.0,1658.0,1356.0,1658.0,1356.0,False,1658.0,1356.0,False,1658.0,1356.0,False
102944,human,ok,45342.0,1705.0,1415.0,2086.0,1303.0,2086.0,1303.0,False,2086.0,1303.0,False,2086.0,1303.0,False
102946,auto,ok,48281.0,2088.722686767578,1323.9925518035889,1691.047451019287,1442.9925537109375,1694.0,1453.0,True,1694.0,1453.0,True,1694.0,1453.0,True
102946,human,ok,48057.0,2088.6341857910156,1322.8766250610352,1691.1353378295898,1429.8766174316406,1691.0,1430.0,True,1691.0,1430.0,True,1691.0,1430.0,True
102947,auto,laser_off_all_fish,,,,,,,,,,,,,,
102947,human,laser_off_all_fish,,,,,,,,,,,,,,
102948,auto,ok,50802.0,2101.9953002929688,1337.0394325256348,1658.0031356811523,1422.9605712890625,1657.0,1419.0,True,1657.0,1419.0,True,1658.0031356811523,1422.9605712890625,False
102948,human,ok,50741.0,2101.0,1332.0,1657.25,1422.0,1656.0,1418.0,True,1656.0,1418.0,True,1657.25,1422.0,False
102951,auto,ok,147918.0,1915.0,892.0,1707.0,1695.0,1744.0,1712.0,True,1744.0,1712.0,True,1707.0,1695.0,False
102951,human,ok,147764.0,1921.0,892.375,1708.0,1695.25,1744.0,1712.0,True,1744.0,1712.0,True,1708.0,1695.25,False
102952,auto,laser_off_all_fish,,,,,,,,,,,,,,
102952,human,laser_off_all_fish,,,,,,,,,,,,,,
102953,auto,ok,151411.0,1744.0,1471.0,2170.0,804.0,2170.0,804.0,False,2170.0,804.0,False,2170.0,804.0,False
102953,human,ok,151198.0,1744.0,1472.0,2172.0,806.0,2172.0,806.0,False,2172.0,806.0,False,2172.0,806.0,False
102954,auto,ok,162055.0,2089.0,802.0,1745.0,1541.0,1748.0,1544.0,True,1748.0,1544.0,True,1748.0,1544.0,True
102954,human,ok,162153.0,2092.155975341797,802.5013904571533,1746.8440170288086,1541.9990844726562,1750.0,1545.0,True,1750.0,1545.0,True,1750.0,1545.0,True
102955,auto,ok,160367.0,2026.0,807.0,1783.0,1602.0,1799.0,1611.0,True,1799.0,1611.0,True,1783.0,1602.0,False
102955,human,ok,162425.0,2022.0,806.0,1783.0,1602.25,1795.0,1608.0,True,1795.0,1608.0,True,1783.0,1602.25,False
102957,auto,ok,149294.0,2182.0,818.0,1659.0,1421.0,1659.0,1421.0,False,1659.0,1421.0,False,1659.0,1421.0,False
102957,human,ok,150131.0,2180.0,817.0,1658.0,1421.0,1658.0,1421.0,False,1658.0,1421.0,False,1658.0,1421.0,False
102958,auto,ok,141423.0,2177.9458618164062,845.7595806121826,1576.0,1404.0,1576.0,1404.0,False,1576.0,1404.0,False,1576.0,1404.0,False
102958,human,ok,142744.0,2176.0,843.0,1574.0,1404.0,1574.0,1404.0,False,1736.0,1276.0,True,1574.0,1404.0,False
102959,auto,ok,130749.0,1604.8909106254578,1351.7470703125,2211.0,1052.0,2211.0,1052.0,False,2211.0,1052.0,False,2211.0,1052.0,False
102959,human,ok,130749.0,1604.8909106254578,1351.7470703125,2211.0,1052.0,2211.0,1052.0,False,2211.0,1052.0,False,2211.0,1052.0,False
102961,auto,ok,131527.0,1570.0,1324.0,2115.0,940.0,2115.0,940.0,False,2115.0,940.0,False,2115.0,940.0,False
102961,human,ok,131715.0,1569.0,1321.0,2116.0,941.0,2116.0,941.0,False,2116.0,941.0,False,2116.0,941.0,False
102963,auto,laser_off_all_fish,,,,,,,,,,,,,,
102963,human,laser_off_all_fish,,,,,,,,,,,,,,
102964,auto,ok,148315.0,1749.2902173995972,1225.7488708496094,2327.7915649414062,1158.2488708496094,2158.0,1154.0,True,2158.0,1154.0,True,2158.0,1154.0,True
102964,human,ok,148315.0,1749.2902173995972,1225.7488708496094,2327.7915649414062,1158.2488708496094,2158.0,1154.0,True,2158.0,1154.0,True,2158.0,1154.0,True
102966,auto,ok,141182.0,1633.6792612075806,1320.3651733398438,2185.2138061523438,1225.8013000488281,2185.0,1226.0,True,2185.0,1226.0,True,2185.0,1226.0,True
102966,human,ok,141141.0,1632.4922857284546,1320.7608947753906,2172.772216796875,1220.7608947753906,2173.0,1221.0,True,2173.0,1221.0,True,2173.0,1221.0,True
102967,auto,ok,128187.0,1677.7303462028503,1185.7544555664062,2211.1797485351562,1161.2455444335938,2086.0,1125.0,True,2086.0,1125.0,True,2086.0,1125.0,True
102967,human,ok,128187.0,1677.7303462028503,1185.7544555664062,2211.1797485351562,1161.2455444335938,2086.0,1125.0,True,2086.0,1125.0,True,2086.0,1125.0,True
102968,auto,ok,136664.0,1698.0382080078125,1193.1250305175781,2260.1411743164062,1160.8749694824219,2116.0,1135.0,True,2116.0,1135.0,True,2116.0,1135.0,True
102968,human,ok,136664.0,1698.0382080078125,1193.1250305175781,2260.1411743164062,1160.8749694824219,2116.0,1135.0,True,2116.0,1135.0,True,2116.0,1135.0,True
102970,auto,ok,150073.0,1738.704649925232,1245.165771484375,2332.1968994140625,1215.834228515625,2332.0,1216.0,True,2332.0,1216.0,True,2332.0,1216.0,True
102970,human,ok,149702.0,1739.2191624641418,1245.0442810058594,2330.8259887695312,1202.0442810058594,2331.0,1202.0,True,2331.0,1202.0,True,2331.0,1202.0,True
102971,auto,ok,146813.0,1736.9018120765686,1226.3725891113281,2321.0534057617188,1200.3935546875,2188.0,1175.0,True,2188.0,1175.0,True,2188.0,1175.0,True
102971,human,ok,147872.0,1736.741919517517,1227.677734375,2319.1422729492188,1199.177734375,2186.0,1175.0,True,2186.0,1175.0,True,2186.0,1175.0,True
102972,auto,ok,107378.0,1694.8830199241638,1172.1404113769531,2196.0779724121094,1203.7546997070312,2106.0,1252.0,True,2106.0,1252.0,True,2106.0,1252.0,True
102972,human,ok,106829.0,1694.871120929718,1173.7064208984375,2191.1285095214844,1199.9982299804688,2107.0,1253.0,True,2107.0,1253.0,True,2107.0,1253.0,True
102973,auto,ok,105153.0,1724.8495616912842,1160.782470703125,2215.1002807617188,1216.8899230957031,2158.0,1263.0,True,2158.0,1263.0,True,2158.0,1263.0,True
102973,human,ok,105758.0,1724.9083318710327,1162.7156372070312,2215.8882446289062,1218.9361877441406,2158.0,1263.0,True,2158.0,1263.0,True,2158.0,1263.0,True
102974,auto,ok,123221.0,1667.907353401184,1187.0602722167969,2198.9179077148438,1163.0602722167969,2067.0,1125.0,True,2067.0,1125.0,True,2067.0,1125.0,True
102974,human,ok,122690.0,1667.7018604278564,1188.7961120605469,2196.19873046875,1162.2038879394531,2071.0,1126.0,True,2071.0,1126.0,True,2071.0,1126.0,True
102975,auto,ok,94601.0,2242.6377563476562,1329.83251953125,1778.8143119812012,1243.83251953125,1779.0,1244.0,True,1779.0,1244.0,True,1779.0,1244.0,True
102975,human,ok,92603.0,2242.1210327148438,1328.8265686035156,1735.0,1188.0,1735.0,1188.0,False,1735.0,1188.0,False,1735.0,1188.0,False
102976,auto,ok,114337.0,2259.9517211914062,1173.1326293945312,1681.0,1212.0,1681.0,1212.0,False,1681.0,1212.0,False,1681.0,1212.0,False
102976,human,ok,114346.0,2259.1001586914062,1171.8451690673828,1681.0,1211.0,1681.0,1211.0,False,1681.0,1211.0,False,1681.0,1211.0,False
102979,auto,laser_off_all_fish,,,,,,,,,,,,,,
102979,human,laser_off_all_fish,,,,,,,,,,,,,,
102980,auto,ok,46490.0,1741.0,1325.0,2161.75,1111.0,2161.75,1111.0,False,2161.75,1111.0,False,2161.75,1111.0,False
102980,human,ok,46444.0,1740.0,1325.0,2160.0,1115.0,2160.0,1115.0,False,2160.0,1115.0,False,2160.0,1115.0,False
102981,auto,ok,58172.0,1699.0,1358.0,2173.0,1040.0,2173.0,1040.0,False,2173.0,1040.0,False,2173.0,1040.0,False
102981,human,ok,58172.0,1699.0,1358.0,2173.0,1040.0,2173.0,1040.0,False,2173.0,1040.0,False,2173.0,1040.0,False
102982,auto,ok,32388.0,1828.0,1284.0,2188.0,1110.0,2183.0,1092.0,True,2183.0,1092.0,True,2188.0,1110.0,False
102982,human,ok,32135.0,1828.0,1283.0,2189.0,1110.0,2183.0,1094.0,True,2183.0,1094.0,True,2189.0,1110.0,False
102985,auto,ok,16280.0,1901.0,1295.0,2132.0,1332.0,2132.0,1332.0,False,2132.0,1333.0,True,2132.0,1332.0,False
102985,human,ok,16280.0,1901.0,1295.0,2132.0,1332.0,2132.0,1332.0,False,2132.0,1333.0,True,2132.0,1332.0,False
102986,auto,ok,20911.0,1871.0,1270.0,2146.0,1354.0,2146.0,1354.0,False,2146.0,1354.0,False,2146.0,1354.0,False
102986,human,ok,20827.0,1870.0,1270.0,2142.0,1389.0,2142.0,1389.0,False,2142.0,1389.0,False,2142.0,1389.0,False
102987,auto,ok,17992.0,1917.0,1276.0,2166.0,1329.0,2166.0,1329.0,False,2165.0,1334.0,True,2166.0,1329.0,False
102987,human,ok,17945.0,1916.0,1278.0,2166.0,1328.0,2166.0,1328.0,False,2165.0,1332.0,True,2166.0,1328.0,False
102988,auto,ok,15110.0,1906.1444659233093,1311.1606407165527,2140.0,1367.0,2140.0,1367.0,False,2140.0,1367.0,False,2140.0,1367.0,False
102988,human,ok,15324.0,1906.0,1305.0,2147.0,1362.0,2147.0,1362.0,False,2147.0,1362.0,False,2147.0,1362.0,False
102990,auto,ok,14039.0,1916.0,1305.0,2131.0,1369.0,2131.0,1369.0,False,2131.0,1369.0,False,2131.0,1369.0,False
102990,human,ok,13872.0,1916.0,1303.0,2130.0,1370.0,2130.0,1370.0,False,2130.0,1370.0,False,2130.0,1370.0,False
102992,auto,ok,14168.0,2103.0,1387.0,1869.0,1382.0,1869.0,1382.0,False,1869.0,1382.0,False,1869.0,1382.0,False
102992,human,ok,14151.0,2105.868148803711,1386.0469093322754,1866.0,1366.0,1866.0,1366.0,False,1866.0,1366.0,False,1866.0,1366.0,False
102993,auto,ok,13552.0,1877.0,1370.0,2119.0,1355.0,2119.0,1355.0,False,2119.0,1355.0,False,2119.0,1355.0,False
102993,human,ok,13552.0,1877.0,1370.0,2119.0,1355.0,2119.0,1355.0,False,2119.0,1355.0,False,2119.0,1355.0,False
102994,auto,ok,11704.0,2082.8202209472656,1346.0,1906.070213317871,1326.0,1906.070213317871,1326.0,False,1906.070213317871,1326.0,False,1906.070213317871,1326.0,False
102994,human,ok,11729.0,2084.0,1345.0,1889.0,1354.0,1889.0,1354.0,False,1889.0,1354.0,False,1889.0,1354.0,False
102995,auto,ok,13911.0,2075.0,1373.0,1837.0,1373.0,1837.0,1373.0,False,1837.0,1373.0,False,1837.0,1373.0,False
102995,human,ok,13911.0,2075.0,1373.0,1837.0,1373.0,1837.0,1373.0,False,1837.0,1373.0,False,1837.0,1373.0,False
102996,auto,ok,12301.0,1873.0,1392.0,2096.0,1416.0,2096.0,1416.0,False,2096.0,1416.0,False,2096.0,1416.0,False
102996,human,ok,11964.0,1891.0,1400.0,2099.0,1415.0,2099.0,1415.0,False,2099.0,1415.0,False,2099.0,1415.0,False
102997,auto,ok,14688.0,2078.0,1408.0,1861.0,1419.0,1861.0,1419.0,False,1861.0,1419.0,False,1861.0,1419.0,False
102997,human,ok,14280.0,1835.0,1386.0,2077.0,1405.0,2077.0,1405.0,False,2077.0,1405.0,False,2077.0,1405.0,False
103000,auto,laser_off_all_fish,,,,,,,,,,,,,,
103000,human,ok,26750.0,2018.9144439697266,1473.0750427246094,1878.0,1187.0,1878.0,1187.0,False,1878.0,1187.0,False,1878.0,1187.0,False
103001,auto,ok,27697.0,2108.027557373047,1437.9385986328125,1871.0275592803955,1193.0492362976074,1871.0275592803955,1193.0492362976074,False,1871.0275592803955,1193.0492362976074,False,1871.0275592803955,1193.0492362976074,False
103001,human,ok,27746.0,2106.9218139648438,1433.96728515625,1870.921802520752,1195.0550422668457,1870.921802520752,1195.0550422668457,False,1886.0,1181.0,True,1870.921802520752,1195.0550422668457,False
103004,auto,laser_off_all_fish,,,,,,,,,,,,,,
103004,human,ok,28657.0,2052.956817626953,1475.1606140136719,1856.0280456542969,1249.892921447754,1869.0,1237.0,True,1869.0,1237.0,True,1856.0280456542969,1249.892921447754,False
103009,auto,ok,28550.0,1871.9242210388184,1347.0384216308594,2026.0,1198.0,2026.0,1198.0,False,2026.0,1198.0,False,2026.0,1198.0,False
103009,human,ok,28550.0,1871.9242210388184,1347.0384216308594,2026.0,1198.0,2026.0,1198.0,False,2026.0,1198.0,False,2026.0,1198.0,False
103013,auto,no_detections,,,,,,,,,,,,,,
103013,human,no_detections,,,,,,,,,,,,,,
103014,auto,ok,17754.0,1876.0,1282.0,2106.0,1378.0,2106.0,1378.0,False,2106.0,1378.0,False,2106.0,1378.0,False
103014,human,ok,17719.0,1877.0,1281.0,2108.0,1375.0,2108.0,1375.0,False,2108.0,1375.0,False,2108.0,1375.0,False
103016,auto,ok,15971.0,1917.0,1311.0,2129.0,1378.0,2129.0,1378.0,False,2129.0,1378.0,False,2129.0,1378.0,False
103016,human,ok,16271.0,2128.101776123047,1379.9822311401367,1914.0,1312.0,1914.0,1312.0,False,1914.0,1312.0,False,1914.0,1312.0,False
103017,auto,no_detections,,,,,,,,,,,,,,
103017,human,no_detections,,,,,,,,,,,,,,
103018,auto,ok,15448.0,2101.0,1391.0,1909.0,1336.0,1909.0,1336.0,False,1909.0,1336.0,False,1909.0,1336.0,False
103018,human,ok,15532.0,1905.0,1334.0,2100.0,1394.0,2100.0,1394.0,False,2100.0,1394.0,False,2100.0,1394.0,False
103021,auto,laser_off_all_fish,,,,,,,,,,,,,,
103021,human,laser_off_all_fish,,,,,,,,,,,,,,
103028,auto,laser_off_all_fish,,,,,,,,,,,,,,
103028,human,no_detections,,,,,,,,,,,,,,
103047,auto,no_detections,,,,,,,,,,,,,,
103047,human,no_detections,,,,,,,,,,,,,,
103050,auto,no_detections,,,,,,,,,,,,,,
103050,human,no_detections,,,,,,,,,,,,,,
103051,auto,no_detections,,,,,,,,,,,,,,
103051,human,no_detections,,,,,,,,,,,,,,
103052,auto,no_detections,,,,,,,,,,,,,,
103052,human,no_detections,,,,,,,,,,,,,,
103060,auto,laser_off_all_fish,,,,,,,,,,,,,,
103060,human,laser_off_all_fish,,,,,,,,,,,,,,
106836,auto,no_detections,,,,,,,,,,,,,,
106836,human,no_detections,,,,,,,,,,,,,,
106842,auto,no_detections,,,,,,,,,,,,,,
106842,human,no_detections,,,,,,,,,,,,,,
106844,auto,no_detections,,,,,,,,,,,,,,
106844,human,no_detections,,,,,,,,,,,,,,
106846,auto,no_detections,,,,,,,,,,,,,,
106846,human,no_detections,,,,,,,,,,,,,,
106847,auto,no_detections,,,,,,,,,,,,,,
106847,human,no_detections,,,,,,,,,,,,,,
106850,auto,no_detections,,,,,,,,,,,,,,
106850,human,no_detections,,,,,,,,,,,,,,
106852,auto,no_detections,,,,,,,,,,,,,,
106852,human,no_detections,,,,,,,,,,,,,,
106857,auto,no_detections,,,,,,,,,,,,,,
106857,human,no_detections,,,,,,,,,,,,,,
106859,auto,no_detections,,,,,,,,,,,,,,
106859,human,no_detections,,,,,,,,,,,,,,
106860,auto,no_detections,,,,,,,,,,,,,,
106860,human,no_detections,,,,,,,,,,,,,,
106865,auto,no_detections,,,,,,,,,,,,,,
106865,human,no_detections,,,,,,,,,,,,,,
106866,auto,no_detections,,,,,,,,,,,,,,
106866,human,no_detections,,,,,,,,,,,,,,
106868,auto,no_detections,,,,,,,,,,,,,,
106868,human,no_detections,,,,,,,,,,,,,,
106886,auto,no_detections,,,,,,,,,,,,,,
106886,human,no_detections,,,,,,,,,,,,,,
106890,auto,no_detections,,,,,,,,,,,,,,
106890,human,no_detections,,,,,,,,,,,,,,
106892,auto,no_detections,,,,,,,,,,,,,,
106892,human,no_detections,,,,,,,,,,,,,,
106898,auto,no_detections,,,,,,,,,,,,,,
106898,human,no_detections,,,,,,,,,,,,,,
106899,auto,laser_off_all_fish,,,,,,,,,,,,,,
106899,human,laser_off_all_fish,,,,,,,,,,,,,,
106902,auto,laser_off_all_fish,,,,,,,,,,,,,,
106902,human,laser_off_all_fish,,,,,,,,,,,,,,
106904,auto,no_detections,,,,,,,,,,,,,,
106904,human,no_detections,,,,,,,,,,,,,,
106914,auto,no_detections,,,,,,,,,,,,,,
106914,human,no_detections,,,,,,,,,,,,,,
106915,auto,no_detections,,,,,,,,,,,,,,
106915,human,no_detections,,,,,,,,,,,,,,
106916,auto,no_detections,,,,,,,,,,,,,,
106916,human,no_detections,,,,,,,,,,,,,,
106919,auto,no_detections,,,,,,,,,,,,,,
106919,human,no_detections,,,,,,,,,,,,,,
106922,auto,no_detections,,,,,,,,,,,,,,
106922,human,no_detections,,,,,,,,,,,,,,
106923,auto,no_detections,,,,,,,,,,,,,,
106923,human,no_detections,,,,,,,,,,,,,,
106925,auto,no_detections,,,,,,,,,,,,,,
106925,human,no_detections,,,,,,,,,,,,,,
106926,auto,no_detections,,,,,,,,,,,,,,
106926,human,no_detections,,,,,,,,,,,,,,
106927,auto,no_detections,,,,,,,,,,,,,,
106927,human,no_detections,,,,,,,,,,,,,,
106930,auto,no_detections,,,,,,,,,,,,,,
106930,human,ok,151814.0,1679.0,1532.0,2427.0,1463.0,2427.0,1463.0,False,2427.0,1463.0,False,2427.0,1463.0,False
106931,auto,no_detections,,,,,,,,,,,,,,
106931,human,no_detections,,,,,,,,,,,,,,
106934,auto,no_detections,,,,,,,,,,,,,,
106934,human,no_detections,,,,,,,,,,,,,,
106936,auto,ok,178643.0,2328.0,1401.0,1504.0,1635.0,1504.0,1635.0,False,1504.0,1635.0,False,1504.0,1635.0,False
106936,human,no_detections,,,,,,,,,,,,,,
106937,auto,no_detections,,,,,,,,,,,,,,
106937,human,no_detections,,,,,,,,,,,,,,
106938,auto,no_detections,,,,,,,,,,,,,,
106938,human,no_detections,,,,,,,,,,,,,,
106941,auto,no_detections,,,,,,,,,,,,,,
106941,human,no_detections,,,,,,,,,,,,,,
106945,auto,no_detections,,,,,,,,,,,,,,
106945,human,no_detections,,,,,,,,,,,,,,
106947,auto,no_detections,,,,,,,,,,,,,,
106947,human,no_detections,,,,,,,,,,,,,,
106948,auto,no_detections,,,,,,,,,,,,,,
106948,human,no_detections,,,,,,,,,,,,,,
106950,auto,no_detections,,,,,,,,,,,,,,
106950,human,no_detections,,,,,,,,,,,,,,
106952,auto,no_detections,,,,,,,,,,,,,,
106952,human,no_detections,,,,,,,,,,,,,,
106953,auto,no_detections,,,,,,,,,,,,,,
106953,human,no_detections,,,,,,,,,,,,,,
106955,auto,no_detections,,,,,,,,,,,,,,
106955,human,no_detections,,,,,,,,,,,,,,
106961,auto,laser_off_all_fish,,,,,,,,,,,,,,
106961,human,no_detections,,,,,,,,,,,,,,
106966,auto,no_detections,,,,,,,,,,,,,,
106966,human,no_detections,,,,,,,,,,,,,,
106967,auto,no_detections,,,,,,,,,,,,,,
106967,human,no_detections,,,,,,,,,,,,,,
106970,auto,no_detections,,,,,,,,,,,,,,
106970,human,no_detections,,,,,,,,,,,,,,
106971,auto,no_detections,,,,,,,,,,,,,,
106971,human,no_detections,,,,,,,,,,,,,,
106976,auto,laser_off_all_fish,,,,,,,,,,,,,,
106976,human,laser_off_all_fish,,,,,,,,,,,,,,
106979,auto,ok,3317.0,2020.0859451293945,1532.0092163085938,1975.0,1405.0,1975.0,1405.0,False,1975.0,1405.0,False,1975.0,1405.0,False
106979,human,ok,3317.0,2020.0859451293945,1532.0092163085938,1975.0,1405.0,1975.0,1405.0,False,1975.0,1405.0,False,1975.0,1405.0,False
106980,auto,no_detections,,,,,,,,,,,,,,
106980,human,no_detections,,,,,,,,,,,,,,
106981,auto,no_detections,,,,,,,,,,,,,,
106981,human,no_detections,,,,,,,,,,,,,,
106982,auto,ok,6010.0,2070.0,1576.0,1995.0,1438.0,1995.0,1438.0,False,1995.0,1438.0,False,1995.0,1438.0,False
106982,human,ok,6022.0,2070.0,1576.0,1994.0,1439.0,1994.0,1439.0,False,1994.0,1439.0,False,1994.0,1439.0,False
106986,auto,ok,5084.0,2071.0,1587.0,2001.0,1444.0,2001.0,1444.0,False,2001.0,1444.0,False,2001.0,1444.0,False
106986,human,ok,5087.0,2070.0,1587.0,2001.0,1444.0,2001.0,1444.0,False,2001.0,1444.0,False,2001.0,1444.0,False
106988,auto,laser_off_all_fish,,,,,,,,,,,,,,
106988,human,laser_off_all_fish,,,,,,,,,,,,,,
106991,auto,ok,2883.0,2014.0,1544.0,2046.0,1423.0,2046.0,1423.0,False,2046.0,1423.0,False,2046.0,1423.0,False
106991,human,laser_off_all_fish,,,,,,,,,,,,,,
106993,auto,no_detections,,,,,,,,,,,,,,
106993,human,no_detections,,,,,,,,,,,,,,
106994,auto,no_detections,,,,,,,,,,,,,,
106994,human,no_detections,,,,,,,,,,,,,,
106996,auto,no_detections,,,,,,,,,,,,,,
106996,human,no_detections,,,,,,,,,,,,,,
107001,auto,no_detections,,,,,,,,,,,,,,
107001,human,no_detections,,,,,,,,,,,,,,
107003,auto,no_detections,,,,,,,,,,,,,,
107003,human,no_detections,,,,,,,,,,,,,,
107005,auto,no_detections,,,,,,,,,,,,,,
107005,human,no_detections,,,,,,,,,,,,,,
107007,auto,no_detections,,,,,,,,,,,,,,
107007,human,no_detections,,,,,,,,,,,,,,
107011,auto,no_detections,,,,,,,,,,,,,,
107011,human,no_detections,,,,,,,,,,,,,,
107014,auto,no_detections,,,,,,,,,,,,,,
107014,human,no_detections,,,,,,,,,,,,,,
107015,auto,no_detections,,,,,,,,,,,,,,
107015,human,no_detections,,,,,,,,,,,,,,
107016,auto,no_detections,,,,,,,,,,,,,,
107016,human,no_detections,,,,,,,,,,,,,,
107017,auto,no_detections,,,,,,,,,,,,,,
107017,human,no_detections,,,,,,,,,,,,,,
107018,auto,no_detections,,,,,,,,,,,,,,
107018,human,no_detections,,,,,,,,,,,,,,
107019,auto,no_detections,,,,,,,,,,,,,,
107019,human,no_detections,,,,,,,,,,,,,,
107020,auto,no_detections,,,,,,,,,,,,,,
107020,human,no_detections,,,,,,,,,,,,,,
107022,auto,no_detections,,,,,,,,,,,,,,
107022,human,no_detections,,,,,,,,,,,,,,
107023,auto,no_detections,,,,,,,,,,,,,,
107023,human,no_detections,,,,,,,,,,,,,,
107024,auto,no_detections,,,,,,,,,,,,,,
107024,human,no_detections,,,,,,,,,,,,,,
107026,auto,no_detections,,,,,,,,,,,,,,
107026,human,no_detections,,,,,,,,,,,,,,
107027,auto,ok,25557.0,1905.0,1425.0,2174.0,1617.0,2174.0,1617.0,False,2174.0,1617.0,False,2174.0,1617.0,False
107027,human,ok,25557.0,1905.0,1425.0,2174.0,1617.0,2174.0,1617.0,False,2174.0,1617.0,False,2174.0,1617.0,False
107028,auto,ok,24355.0,1939.0,1430.0,2220.0,1554.0,2220.0,1554.0,False,2220.0,1554.0,False,2220.0,1554.0,False
107028,human,ok,24394.0,1937.0,1433.0,2219.0,1555.0,2219.0,1555.0,False,2218.0,1558.0,True,2219.0,1555.0,False
107032,auto,ok,21980.0,1891.0,1437.0,2153.0,1539.0,2153.0,1539.0,False,2153.0,1539.0,False,2153.0,1539.0,False
107032,human,ok,21984.0,1891.8969831466675,1436.4480934143066,2152.894989013672,1538.9656524658203,2152.894989013672,1538.9656524658203,False,2152.894989013672,1538.9656524658203,False,2152.894989013672,1538.9656524658203,False
107035,auto,ok,31158.0,1880.8720078468323,1518.0901260375977,2220.0853271484375,1558.9098739624023,2220.0,1559.0,True,2220.0,1559.0,True,2220.0853271484375,1558.9098739624023,False
107035,human,ok,31158.0,1880.8720078468323,1518.0901260375977,2220.0853271484375,1558.9098739624023,2220.0,1559.0,True,2220.0,1559.0,True,2220.0853271484375,1558.9098739624023,False
107037,auto,ok,30007.0,1859.0,1527.0,2198.0,1554.0,2198.0,1554.0,False,2198.0,1554.0,False,2198.0,1554.0,False
107037,human,ok,30150.0,1859.0,1523.0,2199.0,1554.0,2199.0,1554.0,False,2199.0,1554.0,False,2199.0,1554.0,False
107038,auto,ok,33065.0,1849.0,1553.0,2225.0,1573.0,2225.0,1573.0,False,2225.0,1573.0,True,2225.0,1573.0,False
107038,human,ok,33065.0,1849.0,1553.0,2225.0,1573.0,2225.0,1573.0,False,2225.0,1573.0,True,2225.0,1573.0,False
107040,auto,ok,28990.0,1876.0,1541.0,2239.0,1476.0,2239.0,1476.0,False,2240.0,1480.0,True,2239.0,1476.0,False
107040,human,ok,28990.0,1876.0,1541.0,2239.0,1476.0,2239.0,1476.0,False,2240.0,1480.0,True,2239.0,1476.0,False
107041,auto,ok,28753.0,1974.0,1542.0,2356.0,1488.0,2356.0,1488.0,False,2356.0,1488.0,False,2356.0,1488.0,False
107041,human,ok,28753.0,1974.0,1542.0,2356.0,1488.0,2356.0,1488.0,False,2356.0,1488.0,False,2356.0,1488.0,False
107042,auto,ok,30818.0,2295.0,1549.0,1884.0,1526.0,1884.0,1526.0,False,1884.0,1526.0,False,1884.0,1526.0,False
107042,human,ok,31152.0,1884.0,1523.0,2246.75,1519.0,2246.75,1519.0,False,2246.75,1519.0,False,2246.75,1519.0,False
107044,auto,ok,24980.0,1908.990041732788,1504.1469383239746,2200.0070190429688,1576.8969345092773,2197.0,1598.0,True,2197.0,1598.0,True,2200.0070190429688,1576.8969345092773,False
107044,human,ok,24914.0,1909.0,1505.0,2199.0,1582.0,2196.0,1596.0,True,2196.0,1596.0,True,2199.0,1582.0,False
107047,auto,ok,21220.0,1936.0682468414307,1470.813819885254,2196.9082641601562,1573.0638122558594,2196.9082641601562,1573.0638122558594,False,2197.0,1573.0,True,2196.9082641601562,1573.0638122558594,False
107047,human,ok,21220.0,1936.0682468414307,1470.813819885254,2196.9082641601562,1573.0638122558594,2196.9082641601562,1573.0638122558594,False,2197.0,1573.0,True,2196.9082641601562,1573.0638122558594,False
107049,auto,ok,19600.0,2202.0,1592.0,1939.0,1486.0,1939.0,1486.0,False,1939.0,1486.0,False,1939.0,1486.0,False
107049,human,ok,19691.0,2200.0025634765625,1591.8241424560547,1940.0,1484.0,1940.0,1484.0,False,1940.0,1484.0,False,1940.0,1484.0,False
107050,auto,ok,21233.0,2213.0,1580.0,1929.0,1487.0,1929.0,1487.0,False,1929.0,1487.0,False,1929.0,1487.0,False
107050,human,ok,21286.0,2215.0,1579.0,1929.0,1487.0,1929.0,1487.0,False,1929.0,1487.0,False,1929.0,1487.0,False
107051,auto,ok,20144.0,2218.0,1582.0,1946.0,1502.0,1946.0,1502.0,False,1946.0,1502.0,False,1946.0,1502.0,False
107051,human,ok,20144.0,2218.0,1582.0,1946.0,1502.0,1946.0,1502.0,False,1946.0,1502.0,False,1946.0,1502.0,False
107053,auto,ok,22350.0,1933.0,1501.0,2228.0,1582.0,2228.0,1582.0,False,2228.0,1582.0,False,2228.0,1582.0,False
107053,human,ok,22378.0,1934.0,1497.0,2227.0,1582.0,2227.0,1582.0,False,2227.0,1582.0,False,2227.0,1582.0,False
107054,auto,laser_off_all_fish,,,,,,,,,,,,,,
107054,human,laser_off_all_fish,,,,,,,,,,,,,,
107056,auto,ok,149423.0,1784.080913066864,1436.9364929199219,2341.0,1525.0,2201.0,1474.0,True,2201.0,1474.0,True,2201.0,1474.0,True
107056,human,ok,150464.0,1783.5264234542847,1442.0381469726562,2339.0,1525.0,2203.0,1473.0,True,2203.0,1473.0,True,2203.0,1473.0,True
107059,auto,ok,149053.0,2265.078094482422,1159.6795001029968,1771.0,1574.0,1771.0,1574.0,False,1771.0,1574.0,False,1771.0,1574.0,False
107059,human,ok,149320.0,2266.1754760742188,1159.5919914245605,1771.0,1574.0,1771.0,1574.0,False,1771.0,1574.0,False,1771.0,1574.0,False
107060,auto,ok,155685.0,2293.987335205078,1111.6267080307007,1791.0,1536.0,1791.0,1536.0,False,1791.0,1536.0,False,1791.0,1536.0,False
107060,human,ok,155608.0,2294.0797119140625,1111.7310333251953,1790.0,1533.0,1790.0,1533.0,False,1790.0,1533.0,False,1790.0,1533.0,False
107063,auto,ok,62144.0,1889.0,1458.0,2419.0,1537.0,2419.0,1537.0,False,2419.0,1537.0,False,2419.0,1537.0,False
107063,human,ok,63575.0,1888.0,1460.0,2418.0,1536.0,2418.0,1536.0,False,2418.0,1536.0,False,2418.0,1536.0,False
107065,auto,no_detections,,,,,,,,,,,,,,
107065,human,no_detections,,,,,,,,,,,,,,
107071,auto,ok,36706.0,2149.0,1575.0,1787.0,1396.0,1784.0,1401.0,True,1784.0,1401.0,True,1787.0,1396.0,False
107071,human,ok,36706.0,2149.0,1575.0,1787.0,1396.0,1784.0,1401.0,True,1784.0,1401.0,True,1787.0,1396.0,False
107075,auto,ok,44212.0,2117.7339477539062,1376.0746459960938,1689.0,1502.0,1765.0,1542.0,True,1765.0,1542.0,True,1765.0,1542.0,True
107075,human,ok,43589.0,2112.7027282714844,1376.9771690368652,1693.0,1503.0,1764.0,1541.0,True,1764.0,1541.0,True,1764.0,1541.0,True
107076,auto,no_detections,,,,,,,,,,,,,,
107076,human,no_detections,,,,,,,,,,,,,,
107082,auto,ok,49046.0,2183.842529296875,1482.0218200683594,1799.0,1529.0,1799.0,1529.0,False,1799.0,1529.0,False,1799.0,1529.0,False
107082,human,ok,48903.0,2183.2659606933594,1487.9481506347656,1809.822702407837,1500.0518493652344,1809.822702407837,1500.0518493652344,False,1810.0,1483.0,True,1809.822702407837,1500.0518493652344,False
107085,auto,no_detections,,,,,,,,,,,,,,
107085,human,no_detections,,,,,,,,,,,,,,
107087,auto,no_detections,,,,,,,,,,,,,,
107087,human,no_detections,,,,,,,,,,,,,,
107088,auto,no_detections,,,,,,,,,,,,,,
107088,human,no_detections,,,,,,,,,,,,,,
107092,auto,no_detections,,,,,,,,,,,,,,
107092,human,no_detections,,,,,,,,,,,,,,
107095,auto,no_detections,,,,,,,,,,,,,,
107095,human,no_detections,,,,,,,,,,,,,,
107097,auto,no_detections,,,,,,,,,,,,,,
107097,human,no_detections,,,,,,,,,,,,,,
107100,auto,no_detections,,,,,,,,,,,,,,
107100,human,no_detections,,,,,,,,,,,,,,
107102,auto,no_detections,,,,,,,,,,,,,,
107102,human,no_detections,,,,,,,,,,,,,,
107103,auto,no_detections,,,,,,,,,,,,,,
107103,human,no_detections,,,,,,,,,,,,,,
107104,auto,no_detections,,,,,,,,,,,,,,
107104,human,no_detections,,,,,,,,,,,,,,
107105,auto,no_detections,,,,,,,,,,,,,,
107105,human,no_detections,,,,,,,,,,,,,,
107107,auto,no_detections,,,,,,,,,,,,,,
107107,human,no_detections,,,,,,,,,,,,,,
107109,auto,no_detections,,,,,,,,,,,,,,
107109,human,no_detections,,,,,,,,,,,,,,
107110,auto,no_detections,,,,,,,,,,,,,,
107110,human,no_detections,,,,,,,,,,,,,,
107111,auto,no_detections,,,,,,,,,,,,,,
107111,human,no_detections,,,,,,,,,,,,,,
107112,auto,no_detections,,,,,,,,,,,,,,
107112,human,no_detections,,,,,,,,,,,,,,
107114,auto,no_detections,,,,,,,,,,,,,,
107114,human,no_detections,,,,,,,,,,,,,,
107115,auto,no_detections,,,,,,,,,,,,,,
107115,human,no_detections,,,,,,,,,,,,,,
107117,auto,no_detections,,,,,,,,,,,,,,
107117,human,no_detections,,,,,,,,,,,,,,
107122,auto,no_detections,,,,,,,,,,,,,,
107122,human,no_detections,,,,,,,,,,,,,,
107123,auto,no_detections,,,,,,,,,,,,,,
107123,human,no_detections,,,,,,,,,,,,,,
107125,auto,laser_off_all_fish,,,,,,,,,,,,,,
107125,human,laser_off_all_fish,,,,,,,,,,,,,,
107126,auto,ok,8805.0,1933.0,1531.0,2063.0,1437.0,2063.0,1437.0,False,2063.0,1437.0,False,2063.0,1437.0,False
107126,human,ok,8791.0,1933.0,1530.0,2062.0,1435.0,2062.0,1435.0,False,2062.0,1435.0,False,2062.0,1435.0,False
107138,auto,ok,21352.0,2182.0,1492.0,1948.0,1503.0,1948.0,1503.0,False,1948.0,1503.0,False,1948.0,1503.0,False
107138,human,ok,21352.0,2182.0,1492.0,1948.0,1503.0,1948.0,1503.0,False,1948.0,1503.0,False,1948.0,1503.0,False
107139,auto,no_detections,,,,,,,,,,,,,,
107139,human,no_detections,,,,,,,,,,,,,,
107140,auto,ok,8176.0,2063.0,1607.0,2004.0,1436.0,2004.0,1436.0,False,2004.0,1436.0,False,2004.0,1436.0,False
107140,human,ok,8123.0,2063.0355682373047,1610.0764617919922,2004.0,1437.0,2004.0,1437.0,False,2004.0,1437.0,False,2004.0,1437.0,False
107143,auto,laser_off_all_fish,,,,,,,,,,,,,,
107143,human,laser_off_all_fish,,,,,,,,,,,,,,
107145,auto,no_detections,,,,,,,,,,,,,,
107145,human,no_detections,,,,,,,,,,,,,,
107148,auto,no_detections,,,,,,,,,,,,,,
107148,human,no_detections,,,,,,,,,,,,,,
107150,auto,no_detections,,,,,,,,,,,,,,
107150,human,no_detections,,,,,,,,,,,,,,
107151,auto,ok,6787.0,1989.0,1565.0,2129.0,1600.0,2129.0,1600.0,False,2129.0,1600.0,False,2129.0,1600.0,False
107151,human,ok,6612.0,1992.0,1568.0,2131.0,1594.0,2129.0,1608.0,True,2129.0,1608.0,True,2131.0,1594.0,False
107162,auto,ok,10019.0,2163.0,1500.0,1971.0,1565.0,1971.0,1570.0,True,1971.0,1570.0,True,1971.0,1570.0,True
107162,human,ok,10019.0,2163.0,1500.0,1971.0,1565.0,1971.0,1570.0,True,1971.0,1570.0,True,1971.0,1570.0,True
107164,auto,no_detections,,,,,,,,,,,,,,
107164,human,no_detections,,,,,,,,,,,,,,
107167,auto,ok,20179.0,2174.0,1506.0,1890.0,1522.0,1890.0,1529.0,True,1890.0,1529.0,True,1890.0,1522.0,False
107167,human,ok,20063.0,2174.0,1504.0,1891.0,1512.0,1891.0,1512.0,False,1891.0,1512.0,False,1891.0,1512.0,False
107168,auto,ok,19982.0,2166.1397399902344,1572.0241622924805,1867.9068450927734,1545.9758377075195,1868.0,1546.0,True,1868.0,1546.0,True,1868.0,1546.0,True
107168,human,ok,19982.0,2166.1397399902344,1572.0241622924805,1867.9068450927734,1545.9758377075195,1868.0,1546.0,True,1868.0,1546.0,True,1868.0,1546.0,True
107199,auto,ok,9202.0,1994.0392761230469,1569.971923828125,2097.0,1455.0,2097.0,1455.0,False,2097.0,1455.0,False,2097.0,1455.0,False
107199,human,ok,10081.0,2120.0,1450.0,1983.0,1557.0,1983.0,1557.0,False,1983.0,1557.0,False,1983.0,1557.0,False
107237,auto,no_detections,,,,,,,,,,,,,,
107237,human,no_detections,,,,,,,,,,,,,,
107289,auto,ok,15744.0,2003.0,1352.0,2036.0,1615.0,2036.0,1615.0,False,2036.0,1615.0,False,2036.0,1615.0,False
107289,human,no_detections,,,,,,,,,,,,,,
107292,auto,no_detections,,,,,,,,,,,,,,
107292,human,no_detections,,,,,,,,,,,,,,
107293,auto,ok,18895.0,2013.0,1332.0,2015.0,1703.0,2015.0,1703.0,False,2015.0,1703.0,False,2015.0,1703.0,False
107293,human,ok,18714.0,2013.0,1332.0,2014.0,1702.0,2014.0,1702.0,False,2014.0,1702.0,False,2014.0,1702.0,False
107295,auto,no_detections,,,,,,,,,,,,,,
107295,human,no_detections,,,,,,,,,,,,,,
107297,auto,no_detections,,,,,,,,,,,,,,
107297,human,no_detections,,,,,,,,,,,,,,
107298,auto,no_detections,,,,,,,,,,,,,,
107298,human,no_detections,,,,,,,,,,,,,,
107300,auto,ok,19735.0,2024.0,1337.0,2050.0,1713.0,2050.0,1713.0,False,2050.0,1713.0,False,2050.0,1713.0,False
107300,human,ok,19639.0,2023.0,1338.0,2049.0,1711.0,2049.0,1711.0,False,2049.0,1711.0,False,2049.0,1711.0,False
107303,auto,no_detections,,,,,,,,,,,,,,
107303,human,no_detections,,,,,,,,,,,,,,
107304,auto,no_detections,,,,,,,,,,,,,,
107304,human,no_detections,,,,,,,,,,,,,,
107306,auto,no_detections,,,,,,,,,,,,,,
107306,human,no_detections,,,,,,,,,,,,,,
107307,auto,no_detections,,,,,,,,,,,,,,
107307,human,no_detections,,,,,,,,,,,,,,
107308,auto,no_detections,,,,,,,,,,,,,,
107308,human,no_detections,,,,,,,,,,,,,,
107310,auto,no_detections,,,,,,,,,,,,,,
107310,human,no_detections,,,,,,,,,,,,,,
107311,auto,no_detections,,,,,,,,,,,,,,
107311,human,no_detections,,,,,,,,,,,,,,
107312,auto,no_detections,,,,,,,,,,,,,,
107312,human,no_detections,,,,,,,,,,,,,,
107314,auto,ok,27255.0,1880.0,1340.0,2086.0,1571.0,2086.0,1571.0,False,2086.0,1571.0,False,2086.0,1571.0,False
107314,human,ok,27219.0,1878.0,1342.0,2084.0,1572.0,2084.0,1572.0,False,2084.0,1572.0,False,2084.0,1572.0,False
107319,auto,no_detections,,,,,,,,,,,,,,
107319,human,no_detections,,,,,,,,,,,,,,
107320,auto,ok,17118.0,1904.0,1562.0,2154.0,1549.0,2156.0,1555.0,True,2156.0,1555.0,True,2154.0,1549.0,False
107320,human,laser_off_all_fish,,,,,,,,,,,,,,
107324,auto,no_detections,,,,,,,,,,,,,,
107324,human,no_detections,,,,,,,,,,,,,,
107326,auto,no_detections,,,,,,,,,,,,,,
107326,human,no_detections,,,,,,,,,,,,,,
107333,auto,no_detections,,,,,,,,,,,,,,
107333,human,no_detections,,,,,,,,,,,,,,
107341,auto,no_detections,,,,,,,,,,,,,,
107341,human,no_detections,,,,,,,,,,,,,,
107345,auto,no_detections,,,,,,,,,,,,,,
107345,human,no_detections,,,,,,,,,,,,,,
107346,auto,no_detections,,,,,,,,,,,,,,
107346,human,no_detections,,,,,,,,,,,,,,
107348,auto,no_detections,,,,,,,,,,,,,,
107348,human,no_detections,,,,,,,,,,,,,,
107349,auto,no_detections,,,,,,,,,,,,,,
107349,human,no_detections,,,,,,,,,,,,,,
107352,auto,no_detections,,,,,,,,,,,,,,
107352,human,no_detections,,,,,,,,,,,,,,
107358,auto,no_detections,,,,,,,,,,,,,,
107358,human,no_detections,,,,,,,,,,,,,,
107359,auto,no_detections,,,,,,,,,,,,,,
107359,human,laser_off_all_fish,,,,,,,,,,,,,,
107360,auto,ok,3929.0,1981.981206893921,1569.9919967651367,2080.0,1492.0,2080.0,1492.0,False,2080.0,1492.0,False,2080.0,1492.0,False
107360,human,ok,3929.0,1981.981206893921,1569.9919967651367,2080.0,1492.0,2080.0,1492.0,False,2080.0,1492.0,False,2080.0,1492.0,False
107364,auto,laser_off_all_fish,,,,,,,,,,,,,,
107364,human,laser_off_all_fish,,,,,,,,,,,,,,
107365,auto,laser_off_all_fish,,,,,,,,,,,,,,
107365,human,laser_off_all_fish,,,,,,,,,,,,,,
107366,auto,laser_off_all_fish,,,,,,,,,,,,,,
107366,human,laser_off_all_fish,,,,,,,,,,,,,,
107367,auto,ok,6216.0,2084.9095764160156,1492.9267902374268,1957.0318450927734,1582.0517883300781,1951.0,1574.0,True,1951.0,1574.0,True,1951.0,1574.0,True
107367,human,ok,6116.0,2082.965286254883,1490.989327430725,1932.0,1567.0,1932.0,1567.0,False,1932.0,1567.0,False,1932.0,1567.0,False
107368,auto,ok,7883.0,2116.0,1460.0,1983.0,1536.0,1983.0,1536.0,False,1983.0,1536.0,False,1983.0,1536.0,False
107368,human,ok,7883.0,2116.0,1460.0,1983.0,1536.0,1983.0,1536.0,False,1983.0,1536.0,False,1983.0,1536.0,False
107369,auto,laser_off_all_fish,,,,,,,,,,,,,,
107369,human,laser_off_all_fish,,,,,,,,,,,,,,
107372,auto,ok,7704.0,1962.0,1553.0,2140.0,1474.0,2140.0,1474.0,False,2140.0,1474.0,False,2140.0,1474.0,False
107372,human,ok,7732.0,1962.0,1553.0,2139.0,1474.0,2139.0,1474.0,False,2139.0,1474.0,False,2139.0,1474.0,False
107373,auto,ok,6970.0,1931.0,1541.0,2097.0,1518.0,2073.0,1498.0,True,2073.0,1498.0,True,2097.0,1518.0,False
107373,human,ok,6970.0,1931.0,1541.0,2097.0,1518.0,2073.0,1498.0,True,2073.0,1498.0,True,2097.0,1518.0,False
107374,auto,ok,6623.0,1965.0,1538.0,2103.0,1501.0,2103.0,1501.0,False,2103.0,1501.0,False,2103.0,1501.0,False
107374,human,ok,6454.0,1959.0,1541.0,2102.0,1498.0,2102.0,1498.0,False,2102.0,1498.0,False,2102.0,1498.0,False
107379,auto,ok,10305.0,2152.8973693847656,1502.4120788574219,1963.0,1500.0,1963.0,1500.0,False,1963.0,1500.0,False,1963.0,1500.0,False
107379,human,ok,10220.0,2151.960922241211,1499.9680061340332,1963.0,1502.0,1963.0,1502.0,False,1963.0,1502.0,False,1963.0,1502.0,False
107381,auto,ok,8925.0,2124.0,1522.0,1956.0,1495.0,1956.0,1495.0,False,1956.0,1495.0,False,1956.0,1495.0,False
107381,human,ok,9106.0,2126.0,1521.0,1954.0,1495.0,1954.0,1495.0,False,1954.0,1495.0,False,1954.0,1495.0,False
107383,auto,laser_off_all_fish,,,,,,,,,,,,,,
107383,human,laser_off_all_fish,,,,,,,,,,,,,,
107385,auto,ok,10548.0,2163.0185546875,1514.9672584533691,1969.0,1507.0,1969.0,1507.0,False,1969.0,1507.0,False,1969.0,1507.0,False
107385,human,ok,10513.0,2162.0,1516.0,1969.0,1505.0,1969.0,1505.0,False,1969.0,1505.0,False,1969.0,1505.0,False
107390,auto,ok,13256.0,2150.0,1445.0,1904.0,1474.0,1934.0,1505.0,True,1934.0,1505.0,True,1904.0,1474.0,False
107390,human,ok,13091.0,2149.0,1445.0,1905.0,1476.0,1930.0,1499.0,True,1930.0,1499.0,True,1905.0,1476.0,False
107392,auto,ok,11247.0,1923.0,1480.0,2133.0,1477.0,2133.0,1477.0,False,2133.0,1477.0,False,2133.0,1477.0,False
107392,human,ok,11139.0,1926.0016446113586,1481.132911682129,2131.0,1479.0,2131.0,1479.0,False,2131.0,1479.0,False,2131.0,1479.0,False
107397,auto,ok,15778.0,2198.0,1516.0,1947.0,1457.0,1947.0,1457.0,False,1947.0,1457.0,False,1947.0,1457.0,False
107397,human,ok,7700.0,2126.0,1474.0,1942.0,1474.0,1942.0,1474.0,False,1942.0,1474.0,False,1942.0,1474.0,False
107400,auto,ok,8241.0,2091.973892211914,1442.0630168914795,1924.0282020568848,1471.9380149841309,1924.0,1472.0,True,1924.0,1472.0,True,1924.0,1472.0,True
107400,human,ok,8119.0,2091.948684692383,1441.9582996368408,1923.9445753097534,1473.9582977294922,1923.9445753097534,1473.9582977294922,False,1924.0,1474.0,True,1923.9445753097534,1473.9582977294922,False
107401,auto,ok,7501.0,1940.9574875831604,1477.0322914123535,2089.0,1462.0,2089.0,1462.0,False,2089.0,1462.0,False,2089.0,1462.0,False
107401,human,ok,7679.0,1939.0,1473.0,2095.0,1449.0,2095.0,1449.0,False,2095.0,1449.0,False,2095.0,1449.0,False
107408,auto,ok,8555.0,2143.0,1527.0,1964.0,1498.0,1964.0,1498.0,False,1964.0,1498.0,False,1964.0,1498.0,False
107408,human,ok,8618.0,2143.084182739258,1524.0110397338867,1963.0,1505.0,1963.0,1505.0,False,1963.0,1505.0,False,1963.0,1505.0,False
107410,auto,no_detections,,,,,,,,,,,,,,
107410,human,no_detections,,,,,,,,,,,,,,
107411,auto,no_detections,,,,,,,,,,,,,,
107411,human,no_detections,,,,,,,,,,,,,,
107412,auto,no_detections,,,,,,,,,,,,,,
107412,human,no_detections,,,,,,,,,,,,,,
107415,auto,no_detections,,,,,,,,,,,,,,
107415,human,no_detections,,,,,,,,,,,,,,
107416,auto,ok,12143.0,2004.0128154754639,1549.0175323486328,2139.0225677490234,1408.9883098602295,2136.0,1406.0,True,2136.0,1406.0,True,2139.0225677490234,1408.9883098602295,False
107416,human,ok,12143.0,2004.0128154754639,1549.0175323486328,2139.0225677490234,1408.9883098602295,2136.0,1406.0,True,2136.0,1406.0,True,2139.0225677490234,1408.9883098602295,False
107424,auto,no_detections,,,,,,,,,,,,,,
107424,human,no_detections,,,,,,,,,,,,,,
107425,auto,no_detections,,,,,,,,,,,,,,
107425,human,no_detections,,,,,,,,,,,,,,
107428,auto,laser_off_all_fish,,,,,,,,,,,,,,
107428,human,laser_off_all_fish,,,,,,,,,,,,,,
107429,auto,laser_off_all_fish,,,,,,,,,,,,,,
107429,human,laser_off_all_fish,,,,,,,,,,,,,,
107430,auto,laser_off_all_fish,,,,,,,,,,,,,,
107430,human,no_detections,,,,,,,,,,,,,,
107432,auto,laser_off_all_fish,,,,,,,,,,,,,,
107432,human,no_detections,,,,,,,,,,,,,,
107433,auto,no_detections,,,,,,,,,,,,,,
107433,human,no_detections,,,,,,,,,,,,,,
107434,auto,laser_off_all_fish,,,,,,,,,,,,,,
107434,human,laser_off_all_fish,,,,,,,,,,,,,,
107437,auto,laser_off_all_fish,,,,,,,,,,,,,,
107437,human,laser_off_all_fish,,,,,,,,,,,,,,
108150,auto,ok,2517.0,2038.0,1514.0,2127.0,1498.0,2127.0,1498.0,False,2127.0,1498.0,False,2127.0,1498.0,False
108150,human,ok,2518.0,2038.0182013511658,1515.0194625854492,2127.0230255126953,1497.0194635391235,2127.0230255126953,1497.0194635391235,False,2127.0230255126953,1497.0194635391235,False,2127.0230255126953,1497.0194635391235,False
108152,auto,no_detections,,,,,,,,,,,,,,
108152,human,no_detections,,,,,,,,,,,,,,
108156,auto,no_detections,,,,,,,,,,,,,,
108156,human,no_detections,,,,,,,,,,,,,,
108159,auto,no_detections,,,,,,,,,,,,,,
108159,human,no_detections,,,,,,,,,,,,,,
108160,auto,no_detections,,,,,,,,,,,,,,
108160,human,no_detections,,,,,,,,,,,,,,
108164,auto,no_detections,,,,,,,,,,,,,,
108164,human,no_detections,,,,,,,,,,,,,,
108167,auto,no_detections,,,,,,,,,,,,,,
108167,human,no_detections,,,,,,,,,,,,,,
108171,auto,no_detections,,,,,,,,,,,,,,
108171,human,no_detections,,,,,,,,,,,,,,
108172,auto,no_detections,,,,,,,,,,,,,,
108172,human,no_detections,,,,,,,,,,,,,,
108174,auto,no_detections,,,,,,,,,,,,,,
108174,human,no_detections,,,,,,,,,,,,,,
108177,auto,no_detections,,,,,,,,,,,,,,
108177,human,no_detections,,,,,,,,,,,,,,
108178,auto,no_detections,,,,,,,,,,,,,,
108178,human,no_detections,,,,,,,,,,,,,,
108181,auto,no_detections,,,,,,,,,,,,,,
108181,human,no_detections,,,,,,,,,,,,,,
108183,auto,no_detections,,,,,,,,,,,,,,
108183,human,no_detections,,,,,,,,,,,,,,
108185,auto,no_detections,,,,,,,,,,,,,,
108185,human,no_detections,,,,,,,,,,,,,,
108187,auto,no_detections,,,,,,,,,,,,,,
108187,human,no_detections,,,,,,,,,,,,,,
108189,auto,no_detections,,,,,,,,,,,,,,
108189,human,no_detections,,,,,,,,,,,,,,
108190,auto,no_detections,,,,,,,,,,,,,,
108190,human,no_detections,,,,,,,,,,,,,,
108193,auto,no_detections,,,,,,,,,,,,,,
108193,human,no_detections,,,,,,,,,,,,,,
108195,auto,no_detections,,,,,,,,,,,,,,
108195,human,no_detections,,,,,,,,,,,,,,
108197,auto,no_detections,,,,,,,,,,,,,,
108197,human,no_detections,,,,,,,,,,,,,,
108198,auto,no_detections,,,,,,,,,,,,,,
108198,human,no_detections,,,,,,,,,,,,,,
108199,auto,no_detections,,,,,,,,,,,,,,
108199,human,no_detections,,,,,,,,,,,,,,
108258,auto,ok,20435.0,1968.0,1438.0,2258.0,1588.0,2220.0,1557.0,True,2220.0,1557.0,True,2220.0,1557.0,True
108258,human,ok,20435.0,1968.0,1438.0,2258.0,1588.0,2220.0,1557.0,True,2220.0,1557.0,True,2220.0,1557.0,True
108259,auto,ok,21515.0,2225.0,1597.0,1946.0,1438.0,1946.0,1438.0,False,1946.0,1438.0,False,1946.0,1438.0,False
108259,human,ok,21620.0,2225.0,1599.0,1945.0,1440.0,1945.0,1440.0,False,1945.0,1440.0,False,1945.0,1440.0,False
108260,auto,ok,23006.0,2212.0,1599.0,1930.0,1448.0,1930.0,1448.0,False,1930.0,1448.0,False,1930.0,1448.0,False
108260,human,ok,22769.0,2211.0,1598.0,1931.0,1447.0,1931.0,1447.0,False,1931.0,1447.0,False,1931.0,1447.0,False
108261,auto,ok,20884.0,2227.0,1600.0,1943.0,1445.0,1943.0,1445.0,False,1943.0,1445.0,False,1943.0,1445.0,False
108261,human,ok,20791.0,2228.0,1600.0,1943.0,1445.0,1943.0,1445.0,False,1943.0,1445.0,False,1943.0,1445.0,False
108264,auto,ok,24081.0,2257.0,1585.0,1939.0,1456.0,1939.0,1456.0,False,1939.0,1456.0,False,1939.0,1456.0,False
108264,human,ok,24060.0,2258.0,1585.0,1938.0,1459.0,1938.0,1459.0,False,1938.0,1459.0,False,1938.0,1459.0,False
108266,auto,ok,47029.0,1870.0,1407.0,2273.0,1535.0,2237.0,1492.0,True,2237.0,1492.0,True,2237.0,1492.0,True
108266,human,ok,47036.0,1870.0,1407.0,2274.0,1537.0,2236.0,1486.0,True,2236.0,1486.0,True,2236.0,1486.0,True
108269,auto,ok,47360.0,1872.0,1421.0,2288.0,1538.0,2252.0,1497.0,True,2252.0,1497.0,True,2252.0,1497.0,True
108269,human,ok,47488.0,1874.0,1420.0,2289.0,1538.0,2252.0,1498.0,True,2252.0,1498.0,True,2252.0,1498.0,True
108270,auto,ok,44774.0,1877.0,1437.0,2291.0,1557.0,2261.0,1474.0,True,2261.0,1474.0,True,2261.0,1474.0,True
108270,human,ok,44565.0,1876.9680886268616,1438.1018905639648,2282.0,1555.0,2261.0,1467.0,True,2261.0,1467.0,True,2261.0,1467.0,True
108271,auto,ok,43020.0,1895.0,1384.0,2260.0,1536.0,2235.0,1438.0,True,2235.0,1438.0,True,2235.0,1438.0,True
108271,human,ok,42625.0,1894.0,1386.0,2260.0,1535.0,2235.0,1438.0,True,2235.0,1438.0,True,2235.0,1438.0,True
108273,auto,ok,42153.0,2250.1537170410156,1547.920425415039,1906.0,1376.0,1906.0,1376.0,False,1906.0,1376.0,False,1906.0,1376.0,False
108273,human,ok,41427.0,2243.0,1547.0,1905.0,1378.0,1905.0,1378.0,False,1905.0,1378.0,False,1905.0,1378.0,False
108276,auto,ok,131429.0,1728.9889545440674,1339.9719161987305,2427.0,1525.0,2427.0,1525.0,False,2427.0,1525.0,False,2427.0,1525.0,False
108276,human,ok,131417.0,1729.15274143219,1340.9101791381836,2427.0,1524.0,2427.0,1524.0,False,2427.0,1524.0,False,2427.0,1524.0,False
108280,auto,ok,128650.0,1717.0,1348.0,2420.0,1531.0,2420.0,1531.0,False,2420.0,1531.0,False,2420.0,1531.0,False
108280,human,ok,128733.0,1717.0,1349.0,2417.0,1530.0,2417.0,1530.0,False,2417.0,1530.0,False,2417.0,1530.0,False
108282,auto,ok,116852.0,1731.0,1374.0,2321.0,1559.0,2319.0,1568.0,True,2319.0,1568.0,True,2319.0,1568.0,True
108282,human,ok,116941.0,1732.0,1373.0,2322.75,1555.0,2319.0,1571.0,True,2319.0,1571.0,True,2319.0,1571.0,True
108283,auto,ok,115803.0,1713.0,1353.0,2313.0,1484.0,2312.0,1504.0,True,2312.0,1504.0,True,2312.0,1504.0,True
108283,human,ok,115655.0,1713.0,1353.0,2313.0,1484.0,2314.0,1523.0,True,2314.0,1523.0,True,2314.0,1523.0,True
108286,auto,ok,187819.0,1676.0,1441.0,2526.0,1282.0,2526.0,1282.0,False,2526.0,1282.0,False,2526.0,1282.0,False
108286,human,ok,187777.0,1676.0,1443.0,2528.0,1283.0,2528.0,1283.0,False,2528.0,1283.0,False,2528.0,1283.0,False
108288,auto,ok,180008.0,1675.4392886161804,1402.0251007080078,2463.373779296875,1405.9748992919922,2463.0,1400.0,True,2463.0,1400.0,True,2463.0,1400.0,True
108288,human,ok,178058.0,1676.649248600006,1398.4490966796875,2463.3138427734375,1397.9490966796875,2463.0,1398.0,True,2463.0,1398.0,True,2463.0,1398.0,True
108291,auto,ok,176129.0,1659.9421601295471,1421.4054107666016,2443.7052001953125,1392.5945892333984,2444.0,1409.0,True,2444.0,1409.0,True,2444.0,1409.0,True
108291,human,ok,176547.0,1660.0823783874512,1420.2506256103516,2444.0617065429688,1392.7506256103516,2444.0,1408.0,True,2444.0,1408.0,True,2444.0,1408.0,True
108292,auto,ok,180284.0,1690.0,1396.0,2467.5,1413.0,2476.0,1465.0,True,2476.0,1465.0,True,2476.0,1465.0,True
108292,human,ok,181056.0,1690.0,1400.0,2467.75,1409.0,2473.0,1460.0,True,2473.0,1460.0,True,2473.0,1460.0,True
108293,auto,ok,168944.0,1721.0,1357.0,2456.75,1404.0,2457.0,1420.0,True,2457.0,1420.0,True,2457.0,1420.0,True
108293,human,ok,168578.0,1722.0,1359.0,2457.0,1404.0,2457.0,1420.0,True,2457.0,1420.0,True,2457.0,1420.0,True
108294,auto,ok,180840.0,1690.5894441604614,1388.2276458740234,2458.1070556640625,1430.7723541259766,2458.0,1431.0,True,2458.0,1431.0,True,2458.0,1431.0,True
108294,human,ok,181002.0,1689.6121196746826,1396.9550476074219,2534.0,1312.0,2463.0,1375.0,True,2463.0,1375.0,True,2463.0,1375.0,True
108300,auto,ok,49207.0,1833.0,1461.0,2249.0,1532.0,2248.0,1539.0,True,2248.0,1539.0,True,2248.0,1539.0,True
108300,human,ok,49179.0,1831.0,1460.0,2250.0,1529.0,2249.0,1534.0,True,2249.0,1534.0,True,2249.0,1534.0,True
108301,auto,ok,56332.0,1841.0,1472.0,2289.75,1545.0,2293.0,1533.0,True,2293.0,1533.0,True,2293.0,1533.0,True
108301,human,ok,55829.0,1839.7809281349182,1472.1159210205078,2290.143035888672,1538.1159210205078,2289.0,1543.0,True,2289.0,1543.0,True,2289.0,1543.0,True
108302,auto,ok,58010.0,1853.9209475517273,1476.7019882202148,2313.067138671875,1530.2019958496094,2313.0,1530.0,True,2313.0,1530.0,True,2313.0,1530.0,True
108302,human,ok,58069.0,1855.0,1475.0,2312.75,1533.0,2314.0,1528.0,True,2314.0,1528.0,True,2314.0,1528.0,True
108304,auto,ok,56922.0,1848.0,1494.0,2309.0,1530.0,2309.0,1530.0,True,2309.0,1530.0,True,2309.0,1530.0,True
108304,human,ok,56969.0,1849.0,1493.0,2309.0,1531.0,2309.0,1531.0,True,2309.0,1531.0,True,2309.0,1531.0,True
108306,auto,ok,59497.0,1860.0,1517.0,2390.0,1484.0,2348.0,1480.0,True,2348.0,1480.0,True,2348.0,1480.0,True
108306,human,ok,59656.0,1860.0,1517.0,2390.0,1484.0,2356.0,1474.0,True,2356.0,1474.0,True,2390.0,1484.0,False
108310,auto,ok,67517.0,1850.0,1472.0,2322.0,1394.0,2321.0,1387.0,True,2321.0,1387.0,True,2322.0,1394.0,False
108310,human,ok,67451.0,1850.9762663841248,1474.2387390136719,2319.849151611328,1388.7612686157227,2319.0,1380.0,True,2319.0,1380.0,True,2319.849151611328,1388.7612686157227,False
108311,auto,ok,64698.0,1882.8979392051697,1470.291488647461,2337.9041748046875,1402.7914810180664,2338.0,1403.0,True,2338.0,1403.0,True,2337.9041748046875,1402.7914810180664,False
108311,human,ok,64552.0,1882.755009651184,1465.9417419433594,2337.054931640625,1397.9417343139648,2337.0,1398.0,True,2337.0,1398.0,True,2337.0,1398.0,True
108312,auto,ok,61367.0,1878.0,1468.0,2313.0,1396.0,2314.0,1401.0,True,2314.0,1401.0,True,2314.0,1401.0,True
108312,human,ok,60940.0,1879.0,1471.0,2313.75,1399.0,2314.0,1399.0,True,2314.0,1399.0,True,2314.0,1399.0,True
108313,auto,ok,59848.0,1878.0,1495.0,2297.0,1428.0,2298.0,1433.0,True,2298.0,1433.0,True,2298.0,1433.0,True
108313,human,ok,59631.0,1878.0,1495.0,2296.75,1431.0,2298.0,1434.0,True,2298.0,1434.0,True,2298.0,1434.0,True
108334,auto,ok,3631.0,2082.7875366210938,1509.3901557922363,1992.0,1468.0,1992.0,1468.0,False,1992.0,1468.0,False,1992.0,1468.0,False
108334,human,ok,3633.0,2079.9636993408203,1513.9653968811035,1992.0,1468.0,1992.0,1468.0,False,1992.0,1468.0,False,1992.0,1468.0,False
108342,auto,laser_off_all_fish,,,,,,,,,,,,,,
108342,human,laser_off_all_fish,,,,,,,,,,,,,,
108343,auto,laser_off_all_fish,,,,,,,,,,,,,,
108343,human,laser_off_all_fish,,,,,,,,,,,,,,
108344,auto,laser_off_all_fish,,,,,,,,,,,,,,
108344,human,laser_off_all_fish,,,,,,,,,,,,,,
108346,auto,laser_off_all_fish,,,,,,,,,,,,,,
108346,human,laser_off_all_fish,,,,,,,,,,,,,,
108348,auto,ok,16775.0,2060.066864013672,1367.3711624145508,1915.0,1564.0,1915.0,1564.0,False,1915.0,1564.0,False,1915.0,1564.0,False
108348,human,ok,16775.0,2060.066864013672,1367.3711624145508,1915.0,1564.0,1915.0,1564.0,False,1915.0,1564.0,False,1915.0,1564.0,False
108351,auto,ok,11249.0,1969.0,1543.0,2057.0,1340.0,2057.0,1340.0,False,2057.0,1340.0,False,2057.0,1340.0,False
108351,human,ok,11389.0,1970.0,1541.0,2056.0,1338.0,2056.0,1338.0,False,2056.0,1338.0,False,2056.0,1338.0,False
108354,auto,no_detections,,,,,,,,,,,,,,
108354,human,no_detections,,,,,,,,,,,,,,
108355,auto,no_detections,,,,,,,,,,,,,,
108355,human,no_detections,,,,,,,,,,,,,,
108358,auto,ok,11833.0,2094.0,1458.0,1934.0,1411.0,1934.0,1411.0,False,1934.0,1411.0,False,1934.0,1411.0,False
108358,human,no_detections,,,,,,,,,,,,,,
108363,auto,no_detections,,,,,,,,,,,,,,
108363,human,no_detections,,,,,,,,,,,,,,
108364,auto,ok,12393.0,2127.000961303711,1473.0312118530273,1966.0,1447.0,1966.0,1447.0,False,1966.0,1447.0,False,1966.0,1447.0,False
108364,human,ok,12393.0,2127.000961303711,1473.0312118530273,1966.0,1447.0,1966.0,1447.0,False,1966.0,1447.0,False,1966.0,1447.0,False
108365,auto,ok,11459.0,2133.0,1486.0,1967.0,1425.0,1967.0,1425.0,False,1967.0,1425.0,False,1967.0,1425.0,False
108365,human,ok,11330.0,2125.0,1482.0,1968.0,1423.0,1968.0,1423.0,False,1968.0,1423.0,False,1968.0,1423.0,False
108368,auto,no_detections,,,,,,,,,,,,,,
108368,human,no_detections,,,,,,,,,,,,,,
108369,auto,ok,19076.0,1939.0,1529.0,2212.0,1454.0,2212.0,1454.0,False,2212.0,1454.0,False,2212.0,1454.0,False
108369,human,ok,19127.0,1939.0634021759033,1529.950698852539,2213.957733154297,1459.0492973327637,2213.957733154297,1459.0492973327637,False,2209.0,1443.0,True,2213.957733154297,1459.0492973327637,False
108371,auto,ok,19378.0,1954.965521812439,1525.995376586914,2206.981964111328,1421.9953727722168,2206.981964111328,1421.9953727722168,False,2205.0,1417.0,True,2206.981964111328,1421.9953727722168,False
108371,human,ok,19381.0,1953.9780368804932,1525.9801483154297,2210.009307861328,1427.9801483154297,2210.009307861328,1427.9801483154297,False,2204.0,1414.0,True,2210.009307861328,1427.9801483154297,False
108375,auto,ok,19787.0,1924.0,1465.0,2221.0,1410.0,2221.0,1410.0,True,2221.0,1410.0,True,2221.0,1410.0,False
108375,human,ok,19869.0,1925.0,1466.0,2221.0,1412.0,2221.0,1412.0,True,2221.0,1412.0,True,2221.0,1412.0,False
108377,auto,ok,20926.0,1929.0,1440.0,2239.0,1434.0,2239.0,1434.0,False,2239.0,1417.0,True,2239.0,1434.0,False
108377,human,ok,20926.0,1929.0,1440.0,2239.0,1434.0,2239.0,1434.0,False,2239.0,1417.0,True,2239.0,1434.0,False
108378,auto,ok,20994.0,1945.9343485832214,1401.6174583435059,2258.9837341308594,1443.1174621582031,2258.9837341308594,1443.1174621582031,False,2259.0,1443.0,True,2258.9837341308594,1443.1174621582031,False
108378,human,ok,21099.0,1945.1437792778015,1400.8659706115723,2258.9803466796875,1443.1159744262695,2258.9803466796875,1443.1159744262695,False,2259.0,1443.0,True,2258.9803466796875,1443.1159744262695,False
108415,auto,no_detections,,,,,,,,,,,,,,
108415,human,no_detections,,,,,,,,,,,,,,
108418,auto,ok,7192.0,2153.0,1495.0,2004.0,1512.0,2004.0,1512.0,False,2004.0,1512.0,False,2004.0,1512.0,False
108418,human,ok,7394.0,2153.0,1494.0,2001.0,1515.0,2001.0,1515.0,False,2001.0,1515.0,False,2001.0,1515.0,False
108419,auto,ok,8499.0,2144.0,1463.0,1970.0,1500.0,1970.0,1500.0,False,1970.0,1500.0,False,1970.0,1500.0,False
108419,human,ok,8742.0,2144.0,1465.0,1962.0,1488.0,1962.0,1488.0,False,1962.0,1488.0,False,1962.0,1488.0,False
108422,auto,no_detections,,,,,,,,,,,,,,
108422,human,no_detections,,,,,,,,,,,,,,
108423,auto,no_detections,,,,,,,,,,,,,,
108423,human,no_detections,,,,,,,,,,,,,,
108424,auto,no_detections,,,,,,,,,,,,,,
108424,human,no_detections,,,,,,,,,,,,,,
108425,auto,no_detections,,,,,,,,,,,,,,
108425,human,no_detections,,,,,,,,,,,,,,
108426,auto,no_detections,,,,,,,,,,,,,,
108426,human,no_detections,,,,,,,,,,,,,,
108427,auto,no_detections,,,,,,,,,,,,,,
108427,human,no_detections,,,,,,,,,,,,,,
108430,auto,no_detections,,,,,,,,,,,,,,
108430,human,no_detections,,,,,,,,,,,,,,
108432,auto,no_detections,,,,,,,,,,,,,,
108432,human,no_detections,,,,,,,,,,,,,,
108435,auto,no_detections,,,,,,,,,,,,,,
108435,human,no_detections,,,,,,,,,,,,,,
108437,auto,no_detections,,,,,,,,,,,,,,
108437,human,no_detections,,,,,,,,,,,,,,
108438,auto,no_detections,,,,,,,,,,,,,,
108438,human,no_detections,,,,,,,,,,,,,,
108442,auto,no_detections,,,,,,,,,,,,,,
108442,human,no_detections,,,,,,,,,,,,,,
108445,auto,ok,3670.0,2043.0801181793213,1569.0212478637695,2069.0,1462.0,2069.0,1462.0,False,2069.0,1462.0,False,2069.0,1462.0,False
108445,human,ok,3672.0,2035.9982862472534,1573.0625839233398,2069.0,1462.0,2069.0,1462.0,False,2069.0,1462.0,False,2069.0,1462.0,False
108446,auto,no_detections,,,,,,,,,,,,,,
108446,human,no_detections,,,,,,,,,,,,,,
108450,auto,no_detections,,,,,,,,,,,,,,
108450,human,no_detections,,,,,,,,,,,,,,
108453,auto,laser_off_all_fish,,,,,,,,,,,,,,
108453,human,laser_off_all_fish,,,,,,,,,,,,,,
108455,auto,laser_off_all_fish,,,,,,,,,,,,,,
108455,human,laser_off_all_fish,,,,,,,,,,,,,,
108458,auto,laser_off_all_fish,,,,,,,,,,,,,,
108458,human,laser_off_all_fish,,,,,,,,,,,,,,
108459,auto,laser_off_all_fish,,,,,,,,,,,,,,
108459,human,laser_off_all_fish,,,,,,,,,,,,,,
108460,auto,no_detections,,,,,,,,,,,,,,
108460,human,no_detections,,,,,,,,,,,,,,
108463,auto,ok,24702.0,1930.0,1490.0,2187.0,1323.0,2187.0,1323.0,False,2187.0,1323.0,False,2187.0,1323.0,False
108463,human,ok,24382.0,1930.9569697380066,1492.1278076171875,2188.0,1324.0,2188.0,1324.0,False,2188.0,1324.0,False,2188.0,1324.0,False
108464,auto,laser_off_all_fish,,,,,,,,,,,,,,
108464,human,laser_off_all_fish,,,,,,,,,,,,,,
108466,auto,ok,24975.0,1916.9290499687195,1464.0574798583984,2207.0,1396.0,2207.0,1396.0,False,2207.0,1396.0,False,2207.0,1396.0,False
108466,human,ok,24849.0,1917.1912488937378,1465.179458618164,2206.0,1395.0,2206.0,1395.0,False,2206.0,1395.0,False,2206.0,1395.0,False
108471,auto,ok,8838.0,2135.0296478271484,1536.011116027832,1972.0,1524.0,1972.0,1524.0,False,1972.0,1524.0,False,1972.0,1524.0,False
108471,human,ok,8838.0,2135.0296478271484,1536.011116027832,1972.0,1524.0,1972.0,1524.0,False,1972.0,1524.0,False,1972.0,1524.0,False
108473,auto,ok,10112.0,2133.970489501953,1523.0011444091797,1960.0188808441162,1504.0011444091797,1960.0188808441162,1504.0011444091797,False,1960.0,1504.0,True,1960.0188808441162,1504.0011444091797,False
108473,human,ok,10316.0,2134.0511932373047,1523.0084915161133,1961.9399366378784,1498.0084953308105,1961.9399366378784,1498.0084953308105,False,1962.0,1498.0,True,1961.9399366378784,1498.0084953308105,False
108475,auto,ok,9549.0,2140.0,1513.0,1984.0,1487.0,1984.0,1487.0,True,1984.0,1487.0,True,1984.0,1487.0,False
108475,human,ok,9648.0,2138.982864379883,1514.9228210449219,1984.97562789917,1486.0478248596191,1985.0,1486.0,True,1985.0,1486.0,True,1985.0,1486.0,True
108477,auto,ok,10544.0,2131.946823120117,1546.856689453125,1956.0,1524.0,1976.0,1497.0,True,1976.0,1497.0,True,1976.0,1497.0,True
108477,human,ok,10915.0,2131.9900665283203,1546.8405151367188,1955.0,1524.0,1976.0,1497.0,True,1976.0,1497.0,True,1976.0,1497.0,True
108480,auto,no_detections,,,,,,,,,,,,,,
108480,human,no_detections,,,,,,,,,,,,,,
108482,auto,no_detections,,,,,,,,,,,,,,
108482,human,laser_off_all_fish,,,,,,,,,,,,,,
108483,auto,no_detections,,,,,,,,,,,,,,
108483,human,no_detections,,,,,,,,,,,,,,
108486,auto,ok,14384.0,2050.9465370178223,1620.048583984375,2124.0,1390.0,2124.0,1390.0,False,2124.0,1390.0,False,2124.0,1390.0,False
108486,human,ok,14640.0,2051.9754180908203,1619.922103881836,2120.0,1388.0,2120.0,1388.0,False,2120.0,1388.0,False,2120.0,1388.0,False
108488,auto,no_detections,,,,,,,,,,,,,,
108488,human,no_detections,,,,,,,,,,,,,,
108495,auto,no_detections,,,,,,,,,,,,,,
108495,human,no_detections,,,,,,,,,,,,,,
108496,auto,no_detections,,,,,,,,,,,,,,
108496,human,no_detections,,,,,,,,,,,,,,
108499,auto,no_detections,,,,,,,,,,,,,,
108499,human,no_detections,,,,,,,,,,,,,,
108501,auto,no_detections,,,,,,,,,,,,,,
108501,human,no_detections,,,,,,,,,,,,,,
108503,auto,no_detections,,,,,,,,,,,,,,
108503,human,no_detections,,,,,,,,,,,,,,
108504,auto,no_detections,,,,,,,,,,,,,,
108504,human,ok,17498.0,2154.1126861572266,1424.9031143188477,1921.0,1476.0,1921.0,1476.0,False,1921.0,1476.0,False,1921.0,1476.0,False
108505,auto,no_detections,,,,,,,,,,,,,,
108505,human,no_detections,,,,,,,,,,,,,,
108512,auto,no_detections,,,,,,,,,,,,,,
108512,human,no_detections,,,,,,,,,,,,,,
108518,auto,ok,31899.0,2188.0,1427.0,1853.0,1448.0,1853.0,1448.0,False,1853.0,1448.0,False,1853.0,1448.0,False
108518,human,ok,31740.0,2188.0,1428.0,1853.0,1447.0,1853.0,1447.0,False,1853.0,1447.0,False,1853.0,1447.0,False
108520,auto,laser_off_all_fish,,,,,,,,,,,,,,
108520,human,laser_off_all_fish,,,,,,,,,,,,,,
108521,auto,laser_off_all_fish,,,,,,,,,,,,,,
108521,human,laser_off_all_fish,,,,,,,,,,,,,,
108526,auto,no_detections,,,,,,,,,,,,,,
108526,human,no_detections,,,,,,,,,,,,,,
108527,auto,laser_off_all_fish,,,,,,,,,,,,,,
108527,human,laser_off_all_fish,,,,,,,,,,,,,,
108530,auto,laser_off_all_fish,,,,,,,,,,,,,,
108530,human,laser_off_all_fish,,,,,,,,,,,,,,
108531,auto,laser_off_all_fish,,,,,,,,,,,,,,
108531,human,laser_off_all_fish,,,,,,,,,,,,,,
108533,auto,no_detections,,,,,,,,,,,,,,
108533,human,no_detections,,,,,,,,,,,,,,
108534,auto,laser_off_all_fish,,,,,,,,,,,,,,
108534,human,laser_off_all_fish,,,,,,,,,,,,,,
108535,auto,laser_off_all_fish,,,,,,,,,,,,,,
108535,human,laser_off_all_fish,,,,,,,,,,,,,,
108536,auto,laser_off_all_fish,,,,,,,,,,,,,,
108536,human,laser_off_all_fish,,,,,,,,,,,,,,
108539,auto,laser_off_all_fish,,,,,,,,,,,,,,
108539,human,laser_off_all_fish,,,,,,,,,,,,,,
108541,auto,laser_off_all_fish,,,,,,,,,,,,,,
108541,human,laser_off_all_fish,,,,,,,,,,,,,,
108544,auto,no_detections,,,,,,,,,,,,,,
108544,human,no_detections,,,,,,,,,,,,,,
108545,auto,no_detections,,,,,,,,,,,,,,
108545,human,no_detections,,,,,,,,,,,,,,
108547,auto,no_detections,,,,,,,,,,,,,,
108547,human,no_detections,,,,,,,,,,,,,,
108550,auto,no_detections,,,,,,,,,,,,,,
108550,human,no_detections,,,,,,,,,,,,,,
108552,auto,no_detections,,,,,,,,,,,,,,
108552,human,no_detections,,,,,,,,,,,,,,
108554,auto,no_detections,,,,,,,,,,,,,,
108554,human,no_detections,,,,,,,,,,,,,,
108556,auto,no_detections,,,,,,,,,,,,,,
108556,human,no_detections,,,,,,,,,,,,,,
108558,auto,no_detections,,,,,,,,,,,,,,
108558,human,no_detections,,,,,,,,,,,,,,
108559,auto,no_detections,,,,,,,,,,,,,,
108559,human,no_detections,,,,,,,,,,,,,,
108560,auto,no_detections,,,,,,,,,,,,,,
108560,human,no_detections,,,,,,,,,,,,,,
108562,auto,laser_off_all_fish,,,,,,,,,,,,,,
108562,human,laser_off_all_fish,,,,,,,,,,,,,,
108563,auto,no_detections,,,,,,,,,,,,,,
108563,human,no_detections,,,,,,,,,,,,,,
108564,auto,no_detections,,,,,,,,,,,,,,
108564,human,no_detections,,,,,,,,,,,,,,
108565,auto,ok,9884.0,2109.0,1600.0,1994.0,1416.0,1994.0,1416.0,False,1994.0,1416.0,False,1994.0,1416.0,False
108565,human,ok,9884.0,2109.0,1600.0,1994.0,1416.0,1994.0,1416.0,False,1994.0,1416.0,False,1994.0,1416.0,False
108566,auto,laser_off_all_fish,,,,,,,,,,,,,,
108566,human,laser_off_all_fish,,,,,,,,,,,,,,
108567,auto,no_detections,,,,,,,,,,,,,,
108567,human,no_detections,,,,,,,,,,,,,,
108569,auto,laser_off_all_fish,,,,,,,,,,,,,,
108569,human,laser_off_all_fish,,,,,,,,,,,,,,
108573,auto,ok,9806.0,2098.0,1609.0,1993.0,1414.0,1993.0,1414.0,False,1993.0,1414.0,False,1993.0,1414.0,False
108573,human,ok,9806.0,2098.0,1609.0,1993.0,1414.0,1993.0,1414.0,False,1993.0,1414.0,False,1993.0,1414.0,False
108574,auto,laser_off_all_fish,,,,,,,,,,,,,,
108574,human,laser_off_all_fish,,,,,,,,,,,,,,
108578,auto,no_detections,,,,,,,,,,,,,,
108578,human,no_detections,,,,,,,,,,,,,,
108581,auto,no_detections,,,,,,,,,,,,,,
108581,human,no_detections,,,,,,,,,,,,,,
108583,auto,no_detections,,,,,,,,,,,,,,
108583,human,no_detections,,,,,,,,,,,,,,
108588,auto,no_detections,,,,,,,,,,,,,,
108588,human,no_detections,,,,,,,,,,,,,,
108590,auto,no_detections,,,,,,,,,,,,,,
108590,human,no_detections,,,,,,,,,,,,,,
108593,auto,no_detections,,,,,,,,,,,,,,
108593,human,no_detections,,,,,,,,,,,,,,
108600,auto,no_detections,,,,,,,,,,,,,,
108600,human,no_detections,,,,,,,,,,,,,,
108601,auto,no_detections,,,,,,,,,,,,,,
108601,human,no_detections,,,,,,,,,,,,,,
108605,auto,no_detections,,,,,,,,,,,,,,
108605,human,no_detections,,,,,,,,,,,,,,
108606,auto,no_detections,,,,,,,,,,,,,,
108606,human,no_detections,,,,,,,,,,,,,,
108612,auto,no_detections,,,,,,,,,,,,,,
108612,human,no_detections,,,,,,,,,,,,,,
108613,auto,no_detections,,,,,,,,,,,,,,
108613,human,no_detections,,,,,,,,,,,,,,
108615,auto,no_detections,,,,,,,,,,,,,,
108615,human,no_detections,,,,,,,,,,,,,,
108616,auto,no_detections,,,,,,,,,,,,,,
108616,human,no_detections,,,,,,,,,,,,,,
108618,auto,no_detections,,,,,,,,,,,,,,
108618,human,no_detections,,,,,,,,,,,,,,
108619,auto,no_detections,,,,,,,,,,,,,,
108619,human,no_detections,,,,,,,,,,,,,,
108624,auto,no_detections,,,,,,,,,,,,,,
108624,human,no_detections,,,,,,,,,,,,,,
108627,auto,no_detections,,,,,,,,,,,,,,
108627,human,no_detections,,,,,,,,,,,,,,
108631,auto,no_detections,,,,,,,,,,,,,,
108631,human,no_detections,,,,,,,,,,,,,,
108633,auto,no_detections,,,,,,,,,,,,,,
108633,human,no_detections,,,,,,,,,,,,,,
108636,auto,no_detections,,,,,,,,,,,,,,
108636,human,no_detections,,,,,,,,,,,,,,
108637,auto,no_detections,,,,,,,,,,,,,,
108637,human,no_detections,,,,,,,,,,,,,,
108638,auto,no_detections,,,,,,,,,,,,,,
108638,human,no_detections,,,,,,,,,,,,,,
108639,auto,no_detections,,,,,,,,,,,,,,
108639,human,no_detections,,,,,,,,,,,,,,
108640,auto,laser_off_all_fish,,,,,,,,,,,,,,
108640,human,laser_off_all_fish,,,,,,,,,,,,,,
108644,auto,no_detections,,,,,,,,,,,,,,
108644,human,no_detections,,,,,,,,,,,,,,
108647,auto,no_detections,,,,,,,,,,,,,,
108647,human,no_detections,,,,,,,,,,,,,,
108649,auto,no_detections,,,,,,,,,,,,,,
108649,human,no_detections,,,,,,,,,,,,,,
108650,auto,ok,805.0,2065.0,1414.0,2039.0,1474.0,2039.0,1474.0,False,2039.0,1474.0,False,2039.0,1474.0,False
108650,human,ok,775.0,2066.0,1414.0,2040.0,1474.0,2040.0,1474.0,False,2040.0,1474.0,False,2040.0,1474.0,False
108651,auto,no_detections,,,,,,,,,,,,,,
108651,human,laser_off_all_fish,,,,,,,,,,,,,,
108652,auto,no_detections,,,,,,,,,,,,,,
108652,human,no_detections,,,,,,,,,,,,,,
108653,auto,laser_off_all_fish,,,,,,,,,,,,,,
108653,human,no_detections,,,,,,,,,,,,,,
108654,auto,laser_off_all_fish,,,,,,,,,,,,,,
108654,human,laser_off_all_fish,,,,,,,,,,,,,,
108655,auto,no_detections,,,,,,,,,,,,,,
108655,human,no_detections,,,,,,,,,,,,,,
108658,auto,laser_off_all_fish,,,,,,,,,,,,,,
108658,human,laser_off_all_fish,,,,,,,,,,,,,,
108660,auto,ok,2559.0,2084.0,1399.0,1998.0,1465.0,1998.0,1465.0,False,1998.0,1465.0,False,1998.0,1465.0,False
108660,human,ok,2547.0,2083.0,1398.0,1998.0,1465.0,1998.0,1465.0,False,1998.0,1465.0,False,1998.0,1465.0,False
108662,auto,no_detections,,,,,,,,,,,,,,
108662,human,no_detections,,,,,,,,,,,,,,
108663,auto,no_detections,,,,,,,,,,,,,,
108663,human,no_detections,,,,,,,,,,,,,,
108670,auto,no_detections,,,,,,,,,,,,,,
108670,human,no_detections,,,,,,,,,,,,,,
108673,auto,no_detections,,,,,,,,,,,,,,
108673,human,no_detections,,,,,,,,,,,,,,
108674,auto,no_detections,,,,,,,,,,,,,,
108674,human,no_detections,,,,,,,,,,,,,,
108679,auto,no_detections,,,,,,,,,,,,,,
108679,human,no_detections,,,,,,,,,,,,,,
108681,auto,no_detections,,,,,,,,,,,,,,
108681,human,no_detections,,,,,,,,,,,,,,
108682,auto,no_detections,,,,,,,,,,,,,,
108682,human,no_detections,,,,,,,,,,,,,,
108683,auto,no_detections,,,,,,,,,,,,,,
108683,human,no_detections,,,,,,,,,,,,,,
108686,auto,no_detections,,,,,,,,,,,,,,
108686,human,no_detections,,,,,,,,,,,,,,
108688,auto,no_detections,,,,,,,,,,,,,,
108688,human,no_detections,,,,,,,,,,,,,,
108689,auto,no_detections,,,,,,,,,,,,,,
108689,human,no_detections,,,,,,,,,,,,,,
108690,auto,no_detections,,,,,,,,,,,,,,
108690,human,no_detections,,,,,,,,,,,,,,
108691,auto,no_detections,,,,,,,,,,,,,,
108691,human,no_detections,,,,,,,,,,,,,,
108696,auto,no_detections,,,,,,,,,,,,,,
108696,human,no_detections,,,,,,,,,,,,,,
108698,auto,no_detections,,,,,,,,,,,,,,
108698,human,no_detections,,,,,,,,,,,,,,
108700,auto,no_detections,,,,,,,,,,,,,,
108700,human,no_detections,,,,,,,,,,,,,,
108701,auto,no_detections,,,,,,,,,,,,,,
108701,human,no_detections,,,,,,,,,,,,,,
111916,auto,ok,268985.0,1473.6962251663208,1538.3577270507812,2456.0,1292.0,2456.0,1292.0,False,2456.0,1292.0,False,2456.0,1292.0,False
111916,human,ok,268985.0,1473.6962251663208,1538.3577270507812,2456.0,1292.0,2456.0,1292.0,False,2456.0,1292.0,False,2456.0,1292.0,False
111919,auto,ok,482201.0,2535.7476806640625,1399.2828521728516,1127.0,1640.0,1127.0,1640.0,False,1127.0,1640.0,False,1127.0,1640.0,False
111919,human,ok,482538.0,2535.8428955078125,1399.1375732421875,1127.0,1640.0,1127.0,1640.0,False,1127.0,1640.0,False,1127.0,1640.0,False
111923,auto,ok,22752.0,2150.0,1453.0,1870.0,1495.0,1870.0,1495.0,False,1870.0,1495.0,False,1870.0,1495.0,False
111923,human,ok,22827.0,2150.0,1453.0,1871.0,1494.0,1871.0,1494.0,False,1871.0,1494.0,False,1871.0,1494.0,False
111924,auto,ok,61039.0,1918.7196922302246,1453.0753021240234,2342.0,1466.0,2342.0,1466.0,False,2342.0,1466.0,False,2342.0,1466.0,False
111924,human,ok,61039.0,1918.7196922302246,1453.0753021240234,2342.0,1466.0,2342.0,1466.0,False,2342.0,1466.0,False,2342.0,1466.0,False
111925,auto,ok,60720.0,1901.9754800796509,1365.8622817993164,2305.0,1510.0,2305.0,1510.0,False,2305.0,1510.0,False,2305.0,1510.0,False
111925,human,ok,60506.0,1901.240530014038,1369.2720642089844,2305.0,1510.0,2305.0,1510.0,False,2305.0,1510.0,False,2305.0,1510.0,False
111926,auto,ok,91552.0,2328.2427368164062,1456.1731414794922,1633.0,1418.0,1633.0,1418.0,False,1633.0,1418.0,False,1633.0,1418.0,False
111926,human,ok,92401.0,2326.9434814453125,1455.65478515625,1633.0,1428.0,1633.0,1428.0,False,1633.0,1428.0,False,1633.0,1428.0,False
111927,auto,ok,126182.0,1872.8736791610718,1530.084716796875,2408.0,1191.0,2284.0,1137.0,True,2284.0,1137.0,True,2284.0,1137.0,True
111927,human,ok,126146.0,1872.6620025634766,1529.0794677734375,2409.0,1190.0,2286.0,1139.0,True,2286.0,1139.0,True,2286.0,1139.0,True
111928,auto,ok,27181.0,1810.0,1371.0,2105.0,1332.0,2105.0,1332.0,False,2105.0,1332.0,False,2105.0,1332.0,False
111928,human,ok,27471.0,1808.1460061073303,1356.056381225586,2105.0,1332.0,2105.0,1332.0,False,2105.0,1332.0,False,2105.0,1332.0,False
111929,auto,ok,1293837.0,2872.0,742.0,1073.0,1671.0,1073.0,1671.0,False,1073.0,1671.0,False,1073.0,1671.0,False
111929,human,laser_off_all_fish,,,,,,,,,,,,,,
121926,auto,no_detections,,,,,,,,,,,,,,
121926,human,no_detections,,,,,,,,,,,,,,
129267,auto,no_detections,,,,,,,,,,,,,,
129267,human,no_detections,,,,,,,,,,,,,,
129268,auto,no_detections,,,,,,,,,,,,,,
129268,human,no_detections,,,,,,,,,,,,,,
129269,auto,laser_off_all_fish,,,,,,,,,,,,,,
129269,human,ok,21014.0,1924.969961643219,1346.9577331542969,2104.0,1174.0,2104.0,1174.0,False,2104.0,1174.0,False,2104.0,1174.0,False
129273,auto,ok,10326.0,1900.9791369438171,1347.9186477661133,2081.0,1259.0,2081.0,1259.0,False,2081.0,1259.0,False,2081.0,1259.0,False
129273,human,ok,10110.0,1903.0,1350.0,2081.0,1257.0,2081.0,1257.0,False,2081.0,1257.0,False,2081.0,1257.0,False
129275,auto,ok,12132.0,1835.0,1315.0,2055.0,1294.0,2055.0,1294.0,False,2055.0,1294.0,False,2055.0,1294.0,False
129275,human,ok,11759.0,1834.0,1317.0,2053.0,1293.0,2053.0,1293.0,False,2053.0,1293.0,False,2053.0,1293.0,False
129276,auto,ok,11091.0,1837.0,1317.0,2061.0,1292.0,2061.0,1292.0,False,2061.0,1292.0,False,2061.0,1292.0,False
129276,human,ok,10947.0,1843.0,1320.0,2060.0,1292.0,2060.0,1292.0,False,2060.0,1292.0,False,2060.0,1292.0,False
129278,auto,ok,12665.0,1844.0,1305.0,2067.0,1290.0,2067.0,1290.0,False,2067.0,1290.0,False,2067.0,1290.0,False
129278,human,ok,12702.0,1846.0,1309.0,2066.0,1288.0,2066.0,1288.0,False,2066.0,1288.0,False,2066.0,1288.0,False
129280,auto,ok,40142.0,1805.0720224380493,1294.0566062927246,2172.0,1395.0,2172.0,1395.0,False,2172.0,1395.0,False,2172.0,1395.0,False
129280,human,ok,40400.0,1804.850682258606,1296.875373840332,2172.0,1394.0,2172.0,1394.0,False,2172.0,1394.0,False,2172.0,1394.0,False
129281,auto,ok,40059.0,2171.9205627441406,1224.650260925293,1731.0,1285.0,1731.0,1285.0,False,1731.0,1285.0,False,1731.0,1285.0,False
129281,human,ok,40191.0,2170.0,1225.0,1731.0,1276.0,1731.0,1276.0,False,1731.0,1276.0,False,1731.0,1276.0,False
129282,auto,ok,37542.0,2179.0,1257.0,1755.0,1268.0,1755.0,1268.0,False,1755.0,1268.0,False,1755.0,1268.0,False
129282,human,ok,37246.0,2180.0,1258.0,1787.25,1297.0,1787.25,1297.0,False,1785.0,1288.0,True,1787.25,1297.0,False
129285,auto,ok,68678.0,2064.682159423828,1468.1717224121094,1832.0,1026.0,1832.0,1026.0,False,1832.0,1026.0,False,1832.0,1026.0,False
129285,human,ok,68430.0,2063.705535888672,1468.9435424804688,1883.0,1003.0,1883.0,1003.0,False,1883.0,1003.0,False,1883.0,1003.0,False
129287,auto,ok,8450.0,1968.0342330932617,1281.2790451049805,2064.0,1392.0,2064.0,1392.0,False,2064.0,1392.0,False,2064.0,1392.0,False
129287,human,ok,9580.0,2059.9547958374023,1395.9638214111328,1978.0,1264.0,1978.0,1264.0,False,1978.0,1264.0,False,1978.0,1264.0,False
129294,auto,no_detections,,,,,,,,,,,,,,
129294,human,no_detections,,,,,,,,,,,,,,
129295,auto,no_detections,,,,,,,,,,,,,,
129295,human,no_detections,,,,,,,,,,,,,,
129296,auto,no_detections,,,,,,,,,,,,,,
129296,human,no_detections,,,,,,,,,,,,,,
129298,auto,no_detections,,,,,,,,,,,,,,
129298,human,no_detections,,,,,,,,,,,,,,
129299,auto,no_detections,,,,,,,,,,,,,,
129299,human,no_detections,,,,,,,,,,,,,,
129301,auto,no_detections,,,,,,,,,,,,,,
129301,human,no_detections,,,,,,,,,,,,,,
129303,auto,laser_off_all_fish,,,,,,,,,,,,,,
129303,human,laser_off_all_fish,,,,,,,,,,,,,,
129304,auto,laser_off_all_fish,,,,,,,,,,,,,,
129304,human,laser_off_all_fish,,,,,,,,,,,,,,
129306,auto,no_detections,,,,,,,,,,,,,,
129306,human,no_detections,,,,,,,,,,,,,,
129309,auto,no_detections,,,,,,,,,,,,,,
129309,human,no_detections,,,,,,,,,,,,,,
129311,auto,no_detections,,,,,,,,,,,,,,
129311,human,no_detections,,,,,,,,,,,,,,
129312,auto,no_detections,,,,,,,,,,,,,,
129312,human,no_detections,,,,,,,,,,,,,,
129326,auto,no_detections,,,,,,,,,,,,,,
129326,human,no_detections,,,,,,,,,,,,,,
129327,auto,no_detections,,,,,,,,,,,,,,
129327,human,no_detections,,,,,,,,,,,,,,
129329,auto,laser_off_all_fish,,,,,,,,,,,,,,
129329,human,laser_off_all_fish,,,,,,,,,,,,,,
129340,auto,laser_off_all_fish,,,,,,,,,,,,,,
129340,human,ok,31548.0,1848.1737642288208,1418.0455627441406,2107.0,1302.0,2107.0,1302.0,False,2107.0,1302.0,False,2107.0,1302.0,False
129342,auto,ok,47980.0,1784.0,1149.0,2223.0,1216.0,2223.0,1216.0,False,2223.0,1216.0,False,2223.0,1216.0,False
129342,human,ok,47999.0,1785.0,1148.0,2222.0,1219.0,2222.0,1219.0,False,2222.0,1219.0,False,2222.0,1219.0,False
129343,auto,laser_off_all_fish,,,,,,,,,,,,,,
129343,human,ok,58740.0,2144.0,1452.0,1762.0,1313.0,1764.0,1298.0,True,1764.0,1298.0,True,1764.0,1298.0,True
129344,auto,ok,60420.0,2199.0,1411.0,1751.25,1204.0,1751.0,1204.0,True,1751.0,1204.0,True,1751.0,1204.0,True
129344,human,ok,52807.0,2199.0,1410.0,1792.0,1289.0,1792.0,1289.0,False,1792.0,1289.0,False,1792.0,1289.0,False
129345,auto,ok,52488.0,2144.0,1395.0,1683.0,1312.0,1683.0,1312.0,False,1683.0,1312.0,False,1683.0,1312.0,False
129345,human,ok,52289.0,2145.0300903320312,1398.1920013427734,1686.0,1348.0,1686.0,1348.0,False,1686.0,1348.0,False,1686.0,1348.0,False
129347,auto,no_detections,,,,,,,,,,,,,,
129347,human,no_detections,,,,,,,,,,,,,,
129350,auto,laser_off_all_fish,,,,,,,,,,,,,,
129350,human,laser_off_all_fish,,,,,,,,,,,,,,
129352,auto,laser_off_all_fish,,,,,,,,,,,,,,
129352,human,laser_off_all_fish,,,,,,,,,,,,,,
129355,auto,ok,67786.0,1657.0,1314.0,2108.0,1267.0,2108.0,1267.0,False,2108.0,1267.0,False,2108.0,1267.0,False
129355,human,ok,67786.0,1657.0,1314.0,2108.0,1267.0,2108.0,1267.0,False,2108.0,1267.0,False,2108.0,1267.0,False
129357,auto,ok,48388.0,1680.0,1300.0,2091.0,1272.0,2091.0,1272.0,False,2091.0,1272.0,False,2091.0,1272.0,False
129357,human,ok,48599.0,1681.0,1301.0,2090.0,1266.0,2090.0,1266.0,False,2090.0,1266.0,False,2090.0,1266.0,False
129367,auto,no_detections,,,,,,,,,,,,,,
129367,human,no_detections,,,,,,,,,,,,,,
129368,auto,no_detections,,,,,,,,,,,,,,
129368,human,no_detections,,,,,,,,,,,,,,
129372,auto,laser_off_all_fish,,,,,,,,,,,,,,
129372,human,laser_off_all_fish,,,,,,,,,,,,,,
129401,auto,laser_off_all_fish,,,,,,,,,,,,,,
129401,human,laser_off_all_fish,,,,,,,,,,,,,,
129410,auto,no_detections,,,,,,,,,,,,,,
129410,human,no_detections,,,,,,,,,,,,,,
129412,auto,ok,14929.0,2200.0,1599.0,1957.0,1682.0,1957.0,1682.0,False,1957.0,1682.0,False,1957.0,1682.0,False
129412,human,ok,14729.0,2200.0213928222656,1597.957389831543,1958.0,1671.0,1958.0,1671.0,False,1958.0,1671.0,False,1958.0,1671.0,False
129413,auto,ok,13330.0,2212.0,1648.0,1997.0,1626.0,1997.0,1626.0,False,1997.0,1626.0,False,1997.0,1626.0,False
129413,human,ok,13700.0,2212.0,1647.0,1995.0,1627.0,1995.0,1627.0,False,1995.0,1627.0,False,1995.0,1627.0,False
129417,auto,no_detections,,,,,,,,,,,,,,
129417,human,no_detections,,,,,,,,,,,,,,
129419,auto,laser_off_all_fish,,,,,,,,,,,,,,
129419,human,laser_off_all_fish,,,,,,,,,,,,,,
129421,auto,ok,85147.0,2190.0968627929688,1732.9708557128906,1795.0,1475.0,1895.0,1416.0,True,1895.0,1416.0,True,1895.0,1416.0,True
129421,human,ok,85147.0,2190.0968627929688,1732.9708557128906,1795.0,1475.0,1895.0,1416.0,True,1895.0,1416.0,True,1895.0,1416.0,True
129422,auto,ok,103511.0,1879.0,1226.0,2129.0,1755.0,2129.0,1755.0,False,2129.0,1755.0,False,2129.0,1755.0,False
129422,human,ok,103511.0,1879.0,1226.0,2129.0,1755.0,2129.0,1755.0,False,2129.0,1755.0,False,2129.0,1755.0,False
129423,auto,ok,108318.0,1853.7870655059814,1551.9456481933594,2443.0,1699.0,2417.0,1602.0,True,2417.0,1602.0,True,2417.0,1602.0,True
129423,human,ok,108318.0,1853.7870655059814,1551.9456481933594,2443.0,1699.0,2417.0,1602.0,True,2417.0,1602.0,True,2417.0,1602.0,True
129425,auto,ok,35025.0,2295.9105834960938,1643.099136352539,2003.0,1681.0,2003.0,1681.0,False,2003.0,1681.0,False,2003.0,1681.0,False
129425,human,ok,35025.0,2295.9105834960938,1643.099136352539,2003.0,1681.0,2003.0,1681.0,False,2003.0,1681.0,False,2003.0,1681.0,False
129430,auto,ok,8193.0,1987.0072145462036,1689.989501953125,2129.0,1622.0,2129.0,1622.0,False,2129.0,1622.0,False,2129.0,1622.0,False
129430,human,ok,8200.0,1986.8998918533325,1691.9877319335938,2129.0,1622.0,2129.0,1622.0,False,2129.0,1622.0,False,2129.0,1622.0,False
129434,auto,laser_off_all_fish,,,,,,,,,,,,,,
129434,human,laser_off_all_fish,,,,,,,,,,,,,,
129440,auto,ok,78553.0,1823.0,1526.0,2379.0,1768.0,2379.0,1768.0,False,2379.0,1768.0,False,2379.0,1768.0,False
129440,human,ok,78829.0,1824.0,1524.0,2379.0,1768.0,2379.0,1768.0,False,2379.0,1768.0,False,2379.0,1768.0,False
129441,auto,ok,123548.0,1724.8641419410706,1621.3693084716797,2429.0,1610.0,2429.0,1610.0,False,2429.0,1610.0,False,2429.0,1610.0,False
129441,human,ok,125712.0,1725.0,1621.0,2429.0,1606.0,2429.0,1606.0,False,2429.0,1606.0,False,2429.0,1606.0,False
129444,auto,ok,28178.0,1961.9015045166016,1670.273063659668,2232.0,1623.0,2232.0,1623.0,False,2232.0,1623.0,False,2232.0,1623.0,False
129444,human,ok,28178.0,1961.9015045166016,1670.273063659668,2232.0,1623.0,2232.0,1623.0,False,2232.0,1623.0,False,2232.0,1623.0,False
129447,auto,no_detections,,,,,,,,,,,,,,
129447,human,no_detections,,,,,,,,,,,,,,
129457,auto,ok,48792.0,2231.8849487304688,1600.8780822753906,1893.0,1659.0,1922.0,1567.0,True,1922.0,1567.0,True,1922.0,1567.0,True
129457,human,ok,49111.0,2231.267822265625,1598.0691528320312,1893.0,1656.0,1893.0,1656.0,False,1893.0,1656.0,False,1893.0,1656.0,False
129458,auto,ok,48876.0,2189.9465942382812,1590.7156982421875,1858.0,1668.0,1858.0,1668.0,False,1858.0,1668.0,False,1858.0,1668.0,False
129458,human,ok,48793.0,2189.9805908203125,1592.4458465576172,1858.0,1669.0,1858.0,1669.0,False,1858.0,1669.0,False,1858.0,1669.0,False
129459,auto,ok,16472.0,1986.1650738716125,1666.9459838867188,2178.0,1586.0,2178.0,1586.0,False,2178.0,1586.0,False,2178.0,1586.0,False
129459,human,ok,16417.0,1985.077548980713,1664.9203338623047,2178.0,1586.0,2178.0,1586.0,False,2178.0,1586.0,False,2178.0,1586.0,False
129461,auto,ok,27861.0,1950.1242008209229,1649.177963256836,2222.0,1524.0,2222.0,1524.0,False,2222.0,1524.0,False,2222.0,1524.0,False
129461,human,ok,27762.0,1951.0291810035706,1648.832290649414,2223.0,1525.0,2223.0,1525.0,False,2223.0,1525.0,False,2223.0,1525.0,False
129462,auto,ok,83614.0,1747.0,1503.0,2293.0,1330.0,2293.0,1330.0,False,2293.0,1330.0,False,2293.0,1330.0,False
129462,human,ok,85134.0,1746.0,1500.0,2298.0,1327.0,2298.0,1327.0,False,2298.0,1327.0,False,2298.0,1327.0,False
129463,auto,laser_off_all_fish,,,,,,,,,,,,,,
129463,human,laser_off_all_fish,,,,,,,,,,,,,,
129468,auto,laser_off_all_fish,,,,,,,,,,,,,,
129468,human,laser_off_all_fish,,,,,,,,,,,,,,
14584,auto,ok,85602.0,2391.9457397460938,1402.7328796386719,1775.1539993286133,1362.2328796386719,1775.0,1362.0,True,1775.0,1362.0,True,1775.0,1362.0,True
14584,human,ok,85384.0,2392.0807495117188,1402.9514617919922,1774.7839965820312,1361.9514694213867,1775.0,1362.0,True,1775.0,1362.0,True,1775.0,1362.0,True
14585,auto,ok,85509.0,2390.16796875,1398.8754272460938,1772.8673400878906,1356.8754272460938,1773.0,1357.0,True,1773.0,1357.0,True,1773.0,1357.0,True
14585,human,ok,85192.0,2391.062744140625,1398.9055480957031,1773.0439376831055,1356.9055557250977,1773.0,1357.0,True,1773.0,1357.0,True,1773.0,1357.0,True
14588,auto,ok,85595.0,2400.8564453125,1412.8559112548828,1786.8136291503906,1362.8559112548828,1787.0,1363.0,True,1787.0,1363.0,True,1787.0,1363.0,True
14588,human,ok,85615.0,2400.8367919921875,1414.3143768310547,1786.038185119629,1363.8143768310547,1786.0,1364.0,True,1786.0,1364.0,True,1786.0,1364.0,True
14589,auto,ok,85041.0,2392.1732177734375,1407.023910522461,1781.0511779785156,1354.976089477539,1780.0,1362.0,True,1780.0,1362.0,True,1780.0,1362.0,True
14589,human,ok,85082.0,2392.0020141601562,1405.9693908691406,1779.8319931030273,1362.0306015014648,1779.0,1367.0,True,1779.0,1367.0,True,1779.0,1367.0,True
14591,auto,ok,85111.0,2393.0747680664062,1407.0340270996094,1778.026466369629,1362.0340270996094,1778.0,1362.0,True,1778.0,1362.0,True,1778.0,1362.0,True
14591,human,ok,85264.0,2392.8721923828125,1409.3317413330078,1778.0868301391602,1359.8317413330078,1778.0,1360.0,True,1778.0,1360.0,True,1778.0,1360.0,True
14592,auto,ok,81876.0,2397.1560668945312,1416.8462677001953,1781.8959655761719,1370.1537246704102,1782.0,1370.0,True,1782.0,1370.0,True,1782.0,1370.0,True
14592,human,ok,81476.0,2397.1359252929688,1415.9014282226562,1783.0850067138672,1367.9014282226562,1783.0,1368.0,True,1783.0,1368.0,True,1783.0,1368.0,True
14593,auto,ok,84102.0,2374.9002075195312,1400.2912902832031,1776.1424179077148,1374.7912902832031,1776.0,1384.0,True,1776.0,1384.0,True,1776.0,1384.0,True
14593,human,ok,84102.0,2374.9002075195312,1400.2912902832031,1776.1424179077148,1374.7912902832031,1776.0,1384.0,True,1776.0,1384.0,True,1776.0,1384.0,True
14598,auto,ok,81561.0,2374.3343505859375,1416.0611267089844,1770.777114868164,1361.9388809204102,1771.0,1362.0,True,1771.0,1362.0,True,1771.0,1362.0,True
14598,human,ok,80921.0,2370.9976806640625,1381.9000625610352,1770.9430541992188,1361.9000625610352,1771.0,1362.0,True,1771.0,1362.0,True,1771.0,1362.0,True
14603,auto,ok,85316.0,2388.1246948242188,1421.6517944335938,1771.8334884643555,1366.1517944335938,1772.0,1366.0,True,1772.0,1366.0,True,1772.0,1366.0,True
14603,human,ok,85316.0,2388.1246948242188,1421.6517944335938,1771.8334884643555,1366.1517944335938,1772.0,1366.0,True,1772.0,1366.0,True,1772.0,1366.0,True
14604,auto,ok,85672.0,2394.1753540039062,1426.93017578125,1779.0497589111328,1379.0698165893555,1779.0,1379.0,True,1779.0,1379.0,True,1779.0,1379.0,True
14604,human,ok,85845.0,2396.2235717773438,1429.678955078125,1778.9527282714844,1379.1789474487305,1779.0,1379.0,True,1779.0,1379.0,True,1779.0,1379.0,True
14605,auto,ok,83446.0,2402.222412109375,1444.659408569336,1782.936782836914,1377.159408569336,1783.0,1377.0,True,1783.0,1377.0,True,1783.0,1377.0,True
14605,human,ok,83555.0,2401.08740234375,1444.0986328125,1781.8012619018555,1380.0986404418945,1782.0,1380.0,True,1782.0,1380.0,True,1782.0,1380.0,True
14608,auto,ok,83033.0,2389.0621948242188,1436.3241424560547,1771.0215530395508,1375.8241348266602,1771.0,1376.0,True,1771.0,1376.0,True,1771.0,1376.0,True
14608,human,ok,82788.0,2389.0560913085938,1434.0308380126953,1771.0148468017578,1377.0308380126953,1771.0,1377.0,True,1771.0,1377.0,True,1771.0,1377.0,True
14617,auto,ok,83364.0,2370.0648193359375,1421.3252258300781,1759.7698135375977,1359.8252334594727,1760.0,1360.0,True,1760.0,1360.0,True,1760.0,1360.0,True
14617,human,ok,83410.0,2369.6976928710938,1422.7047576904297,1760.1517333984375,1359.2047500610352,1760.0,1359.0,True,1760.0,1359.0,True,1760.0,1359.0,True
14620,auto,ok,83057.0,2366.1260986328125,1421.9879608154297,1747.8145217895508,1365.9879531860352,1748.0,1366.0,True,1748.0,1366.0,True,1748.0,1366.0,True
14620,human,ok,83057.0,2366.1260986328125,1421.9879608154297,1747.8145217895508,1365.9879531860352,1748.0,1366.0,True,1748.0,1366.0,True,1748.0,1366.0,True
14621,auto,ok,82652.0,2398.0010986328125,1428.3128356933594,1782.1877822875977,1374.8128280639648,1782.0,1375.0,True,1782.0,1375.0,True,1782.0,1375.0,True
14621,human,ok,82651.0,2395.0111694335938,1427.7352905273438,1782.188705444336,1373.2352905273438,1782.0,1373.0,True,1782.0,1373.0,True,1782.0,1373.0,True
14624,auto,ok,82834.0,2390.1461181640625,1440.9038848876953,1781.073844909668,1381.9038848876953,1780.0,1387.0,True,1780.0,1387.0,True,1780.0,1387.0,True
14624,human,ok,83069.0,2391.3391723632812,1440.7481079101562,1779.781364440918,1386.2481079101562,1780.0,1386.0,True,1780.0,1386.0,True,1780.0,1386.0,True
14627,auto,ok,80436.0,2382.992919921875,1422.0650787353516,1780.1676330566406,1372.0650787353516,1779.0,1377.0,True,1779.0,1377.0,True,1779.0,1377.0,True
14627,human,ok,80636.0,2379.9905395507812,1425.0167999267578,1780.1679992675781,1372.0167922973633,1779.0,1377.0,True,1779.0,1377.0,True,1779.0,1377.0,True
14628,auto,ok,80601.0,2364.9976196289062,1438.3133087158203,1768.954490661621,1383.8133087158203,1769.0,1384.0,True,1769.0,1384.0,True,1769.0,1384.0,True
14628,human,ok,80618.0,2369.2288208007812,1438.884521484375,1770.0141067504883,1383.1154708862305,1770.0,1383.0,True,1770.0,1383.0,True,1770.0,1383.0,True
14629,auto,ok,80461.0,2387.7139282226562,1413.3160705566406,1785.1526641845703,1360.816062927246,1785.0,1361.0,True,1785.0,1361.0,True,1785.0,1361.0,True
14629,human,ok,80461.0,2387.7139282226562,1413.3160705566406,1785.1526641845703,1360.816062927246,1785.0,1361.0,True,1785.0,1361.0,True,1785.0,1361.0,True
14631,auto,ok,80182.0,2382.1572265625,1422.1734466552734,1782.0618591308594,1373.8265533447266,1782.0,1374.0,True,1782.0,1374.0,True,1782.0,1374.0,True
14631,human,ok,80182.0,2382.1572265625,1422.1734466552734,1782.0618591308594,1373.8265533447266,1782.0,1374.0,True,1782.0,1374.0,True,1782.0,1374.0,True
14635,auto,ok,81020.0,2398.8341674804688,1430.0490264892578,1803.0372161865234,1367.0490341186523,1803.0,1367.0,True,1803.0,1367.0,True,1803.0,1367.0,True
14635,human,ok,80784.0,2399.7952880859375,1430.9907989501953,1802.9941711425781,1366.9908065795898,1803.0,1367.0,True,1803.0,1367.0,True,1803.0,1367.0,True
14636,auto,ok,80241.0,2409.8892822265625,1435.3296661376953,1812.1089248657227,1373.8296737670898,1812.0,1374.0,True,1812.0,1374.0,True,1812.0,1374.0,True
14636,human,ok,80372.0,2411.7804565429688,1433.01611328125,1811.007698059082,1372.0161056518555,1811.0,1372.0,True,1811.0,1372.0,True,1811.0,1372.0,True
14642,auto,ok,79715.0,2389.0331420898438,1437.0443878173828,1788.015869140625,1377.0443801879883,1788.0,1377.0,True,1788.0,1377.0,True,1788.0,1377.0,True
14642,human,ok,79597.0,2389.0331420898438,1437.0443878173828,1789.015869140625,1375.0443801879883,1789.0,1375.0,True,1789.0,1375.0,True,1789.0,1375.0,True
14644,auto,ok,81125.0,2388.9765625,1418.9292449951172,1792.9255676269531,1366.9292449951172,1793.0,1367.0,True,1793.0,1367.0,True,1793.0,1367.0,True
14644,human,ok,81125.0,2388.9765625,1418.9292449951172,1792.9255676269531,1366.9292449951172,1793.0,1367.0,True,1793.0,1367.0,True,1793.0,1367.0,True
14650,auto,ok,83298.0,2400.008056640625,1419.6625213623047,1799.9834289550781,1360.1625213623047,1800.0,1360.0,True,1800.0,1360.0,True,1800.0,1360.0,True
14650,human,ok,81528.0,2401.9246826171875,1417.9833068847656,1800.1316223144531,1358.9833068847656,1800.0,1359.0,True,1800.0,1359.0,True,1800.0,1359.0,True
14656,auto,ok,82343.0,2388.1179809570312,1416.2636413574219,1794.0946884155273,1349.7636413574219,1794.0,1350.0,True,1794.0,1350.0,True,1794.0,1350.0,True
14656,human,ok,82343.0,2388.1179809570312,1416.2636413574219,1794.0946884155273,1349.7636413574219,1794.0,1350.0,True,1794.0,1350.0,True,1794.0,1350.0,True
14663,auto,ok,83472.0,2384.9784545898438,1453.2718505859375,1804.866340637207,1363.771842956543,1805.0,1364.0,True,1805.0,1364.0,True,1805.0,1364.0,True
14663,human,ok,83708.0,2388.8978881835938,1446.8885040283203,1805.0869827270508,1363.8885040283203,1805.0,1364.0,True,1805.0,1364.0,True,1805.0,1364.0,True
14667,auto,ok,83024.0,2385.9035034179688,1422.1048278808594,1808.0779418945312,1336.1048278808594,1808.0,1336.0,True,1808.0,1336.0,True,1808.0,1336.0,True
14667,human,ok,82764.0,2385.6658325195312,1421.980728149414,1808.1043701171875,1335.980728149414,1808.0,1336.0,True,1808.0,1336.0,True,1808.0,1336.0,True
14669,auto,ok,82879.0,2389.7821044921875,1423.9981689453125,1817.203125,1338.9981689453125,1817.0,1339.0,True,1817.0,1339.0,True,1817.0,1339.0,True
14669,human,ok,83130.0,2392.3673706054688,1421.1216888427734,1816.7550811767578,1337.8783111572266,1817.0,1338.0,True,1817.0,1338.0,True,1817.0,1338.0,True
14671,auto,ok,83330.0,2393.6543579101562,1423.286605834961,1814.109260559082,1338.786605834961,1814.0,1339.0,True,1814.0,1339.0,True,1814.0,1339.0,True
14671,human,ok,83531.0,2393.0269165039062,1426.0119934082031,1814.2055892944336,1337.0119934082031,1813.0,1342.0,True,1813.0,1342.0,True,1813.0,1342.0,True
14674,auto,ok,77936.0,2367.77685546875,1437.7406463623047,1824.0175399780273,1363.2406463623047,1824.0,1363.0,True,1824.0,1363.0,True,1824.0,1363.0,True
14674,human,ok,78298.0,2371.0638427734375,1435.935775756836,1823.804573059082,1360.9357681274414,1824.0,1361.0,True,1824.0,1361.0,True,1824.0,1361.0,True
14680,auto,ok,79283.0,2368.8846435546875,1432.7498779296875,1821.0826950073242,1354.2498779296875,1821.0,1354.0,True,1821.0,1354.0,True,1821.0,1354.0,True
14680,human,ok,79098.0,2369.8314208984375,1432.0496978759766,1821.0603637695312,1352.0496978759766,1820.0,1357.0,True,1820.0,1357.0,True,1820.0,1357.0,True
14687,auto,ok,79037.0,2367.7522583007812,1428.9242553710938,1818.1849670410156,1349.9242553710938,1818.0,1350.0,True,1818.0,1350.0,True,1818.0,1350.0,True
14687,human,ok,79093.0,2367.1988525390625,1431.645767211914,1817.8555221557617,1350.1457595825195,1818.0,1350.0,True,1818.0,1350.0,True,1818.0,1350.0,True
14688,auto,ok,79140.0,2367.8148193359375,1433.209243774414,1814.784767150879,1354.2092514038086,1815.0,1354.0,True,1815.0,1354.0,True,1815.0,1354.0,True
14688,human,ok,79099.0,2368.0582275390625,1431.6273956298828,1814.7894744873047,1354.1274032592773,1815.0,1354.0,True,1815.0,1354.0,True,1815.0,1354.0,True
14693,auto,ok,78877.0,2356.1112670898438,1430.6610717773438,1808.0912017822266,1352.1610717773438,1808.0,1352.0,True,1808.0,1352.0,True,1808.0,1352.0,True
14693,human,ok,78877.0,2356.1112670898438,1430.6610717773438,1808.0912017822266,1352.1610717773438,1808.0,1352.0,True,1808.0,1352.0,True,1808.0,1352.0,True
14695,auto,ok,78765.0,2357.3648071289062,1432.874755859375,1803.8334884643555,1356.7905044555664,1803.0,1362.0,True,1803.0,1362.0,True,1803.0,1362.0,True
14695,human,ok,78785.0,2355.9931030273438,1436.1130676269531,1802.9819869995117,1362.1130752563477,1803.0,1362.0,True,1803.0,1362.0,True,1803.0,1362.0,True
14698,auto,ok,73904.0,2347.9140625,1406.2314453125,1826.057273864746,1374.7685546875,1826.0,1375.0,True,1826.0,1375.0,True,1826.0,1375.0,True
14698,human,ok,73904.0,2347.9140625,1406.2314453125,1826.057273864746,1374.7685546875,1826.0,1375.0,True,1826.0,1375.0,True,1826.0,1375.0,True
14701,auto,ok,73663.0,2346.0646362304688,1419.847900390625,1825.1235656738281,1383.152099609375,1824.0,1389.0,True,1824.0,1389.0,True,1824.0,1389.0,True
14701,human,ok,73847.0,2345.75830078125,1423.264419555664,1824.1611328125,1386.909034729004,1824.0,1387.0,True,1824.0,1387.0,True,1824.0,1387.0,True
14708,auto,ok,74172.0,2354.8324584960938,1406.223373413086,1834.1117095947266,1368.1475982666016,1834.0,1368.0,True,1834.0,1368.0,True,1834.0,1368.0,True
14708,human,ok,74245.0,2354.8917846679688,1406.2761688232422,1833.0721588134766,1370.8966598510742,1833.0,1371.0,True,1833.0,1371.0,True,1833.0,1371.0,True
14710,auto,ok,74201.0,2349.6334838867188,1401.6744232177734,1826.1614608764648,1368.1118621826172,1826.0,1370.0,True,1826.0,1370.0,True,1826.0,1370.0,True
14710,human,ok,74201.0,2349.6334838867188,1401.6744232177734,1826.1614608764648,1368.1118621826172,1826.0,1370.0,True,1826.0,1370.0,True,1826.0,1370.0,True
14727,auto,ok,68084.0,2330.0048828125,1428.9058380126953,1787.0,1456.0,1848.0,1376.0,True,1848.0,1376.0,True,1848.0,1376.0,True
14727,human,ok,67785.0,2327.591064453125,1423.2770080566406,1787.0,1454.0,1848.0,1377.0,True,1848.0,1377.0,True,1848.0,1377.0,True
14729,auto,ok,68641.0,2341.6063232421875,1397.3502655029297,1847.230598449707,1376.8502655029297,1847.0,1383.0,True,1847.0,1383.0,True,1847.0,1383.0,True
14729,human,ok,68463.0,2340.8840942382812,1397.0188674926758,1788.0,1457.0,1846.0,1386.0,True,1846.0,1386.0,True,1846.0,1386.0,True
14731,auto,ok,68203.0,2354.1627807617188,1411.9138946533203,1861.891487121582,1390.0861129760742,1862.0,1397.0,True,1862.0,1397.0,True,1862.0,1397.0,True
14731,human,ok,68470.0,2354.1051025390625,1409.0475006103516,1863.0965881347656,1389.952491760254,1863.0,1395.0,True,1863.0,1395.0,True,1863.0,1395.0,True
14735,auto,ok,65001.0,2320.006591796875,1444.6875610351562,1801.0,1469.0,1861.0,1395.0,True,1861.0,1395.0,True,1861.0,1395.0,True
14735,human,ok,65054.0,2327.1400756835938,1440.949462890625,1801.0,1468.0,1861.0,1393.0,True,1861.0,1393.0,True,1861.0,1393.0,True
14740,auto,ok,65950.0,2333.1343994140625,1392.0253448486328,1803.0,1447.0,1862.0,1375.0,True,1862.0,1375.0,True,1862.0,1375.0,True
14740,human,ok,66052.0,2337.1334838867188,1394.9821319580078,1861.939365386963,1372.9821319580078,1862.0,1373.0,True,1862.0,1373.0,True,1862.0,1373.0,True
14745,auto,ok,66124.0,2341.5989379882812,1396.9293670654297,1809.0,1445.0,1867.0,1375.0,True,1867.0,1375.0,True,1867.0,1375.0,True
14745,human,ok,66319.0,2341.9251708984375,1396.2030029296875,1809.0,1446.0,1867.0,1376.0,True,1867.0,1376.0,True,1867.0,1376.0,True
14748,auto,ok,64942.0,2324.0436401367188,1424.9119415283203,1804.0,1466.0,1863.0,1393.0,True,1863.0,1393.0,True,1863.0,1393.0,True
14748,human,ok,65044.0,2330.1717529296875,1415.0083923339844,1804.0,1465.0,1863.0,1395.0,True,1863.0,1395.0,True,1863.0,1395.0,True
14754,auto,ok,56592.0,2293.7778930664062,1431.1091766357422,1836.0,1454.0,1892.0,1382.0,True,1892.0,1382.0,True,1892.0,1382.0,True
14754,human,ok,56716.0,2302.0443115234375,1434.1248931884766,1836.0,1453.0,1893.0,1377.0,True,1893.0,1377.0,True,1893.0,1377.0,True
14763,auto,ok,57954.0,2289.9628295898438,1399.8822708129883,1822.0,1459.0,1874.0,1397.0,True,1874.0,1397.0,True,1874.0,1397.0,True
14763,human,ok,57894.0,2289.8330688476562,1402.0217590332031,1822.0,1459.0,1874.0,1396.0,True,1874.0,1396.0,True,1874.0,1396.0,True
14770,auto,ok,59271.0,2308.95166015625,1400.7860107421875,1826.0,1457.0,1881.0,1384.0,True,1881.0,1384.0,True,1881.0,1384.0,True
14770,human,ok,59405.0,2308.9732360839844,1404.1022033691406,1826.0,1456.0,1881.0,1385.0,True,1881.0,1385.0,True,1881.0,1385.0,True
14801,auto,ok,18466.0,2240.969512939453,1462.849594116211,1937.05517578125,1470.099594116211,1937.0,1473.0,True,1937.0,1473.0,True,1937.0,1473.0,True
14801,human,ok,18466.0,2240.969512939453,1462.849594116211,1937.05517578125,1470.099594116211,1937.0,1473.0,True,1937.0,1473.0,True,1937.0,1473.0,True
14803,auto,ok,17713.0,2235.1437072753906,1466.990005493164,1930.9042015075684,1477.009994506836,1931.0,1483.0,True,1931.0,1483.0,True,1931.0,1483.0,True
14803,human,ok,17928.0,2235.092498779297,1468.1540832519531,1930.9840641021729,1480.9040832519531,1931.0,1481.0,True,1931.0,1481.0,True,1931.0,1481.0,True
14805,auto,ok,17447.0,2224.943603515625,1459.0086784362793,1926.1198291778564,1466.0086784362793,1926.0,1470.0,True,1926.0,1470.0,True,1926.0,1470.0,True
14805,human,ok,17493.0,2225.9605407714844,1458.0002822875977,1926.0328273773193,1465.0002822875977,1926.0,1471.0,True,1926.0,1471.0,True,1926.0,1471.0,True
14806,auto,ok,17499.0,2236.8301391601562,1454.1814155578613,1937.1208305358887,1458.9314155578613,1937.0,1463.0,True,1937.0,1463.0,True,1937.0,1463.0,True
14806,human,ok,17499.0,2236.8301391601562,1454.1814155578613,1937.1208305358887,1458.9314155578613,1937.0,1463.0,True,1937.0,1463.0,True,1937.0,1463.0,True
14807,auto,ok,16978.0,2250.9710388183594,1449.043140411377,1948.0178146362305,1461.043140411377,1948.0,1466.0,True,1948.0,1466.0,True,1948.0,1466.0,True
14807,human,ok,16978.0,2250.9710388183594,1449.043140411377,1948.0178146362305,1461.043140411377,1948.0,1466.0,True,1948.0,1466.0,True,1948.0,1466.0,True
14809,auto,ok,17495.0,2246.123077392578,1452.768985748291,1942.8953037261963,1456.018985748291,1943.0,1468.0,True,1943.0,1468.0,True,1943.0,1468.0,True
14809,human,ok,17454.0,2244.804168701172,1452.0416793823242,1944.1028537750244,1461.0416793823242,1944.0,1463.0,True,1944.0,1463.0,True,1944.0,1463.0,True
14813,auto,ok,18126.0,2242.1485595703125,1460.0378150939941,1941.9009628295898,1467.9621849060059,1942.0,1475.0,True,1942.0,1475.0,True,1942.0,1475.0,True
14813,human,ok,18126.0,2242.1485595703125,1460.0378150939941,1941.9009628295898,1467.9621849060059,1942.0,1475.0,True,1942.0,1475.0,True,1942.0,1475.0,True
14815,auto,ok,17525.0,2234.023651123047,1456.943172454834,1929.9333419799805,1462.943172454834,1930.0,1471.0,True,1930.0,1471.0,True,1930.0,1471.0,True
14815,human,ok,17525.0,2234.023651123047,1456.943172454834,1929.9333419799805,1462.943172454834,1930.0,1471.0,True,1930.0,1471.0,True,1930.0,1471.0,True
14817,auto,ok,17738.0,2241.072052001953,1448.9824256896973,1939.9387340545654,1455.9824256896973,1940.0,1463.0,True,1940.0,1463.0,True,1940.0,1463.0,True
14817,human,ok,17648.0,2240.0775146484375,1450.184959411621,1939.8968143463135,1455.934959411621,1940.0,1463.0,True,1940.0,1463.0,True,1940.0,1463.0,True
14824,auto,ok,17201.0,2253.1002807617188,1439.9811477661133,1951.9750118255615,1447.9811477661133,1952.0,1455.0,True,1952.0,1455.0,True,1952.0,1455.0,True
14824,human,ok,17201.0,2253.1002807617188,1439.9811477661133,1951.9750118255615,1447.9811477661133,1952.0,1455.0,True,1952.0,1455.0,True,1952.0,1455.0,True
14829,auto,ok,17884.0,2258.1223754882812,1440.9434242248535,1955.909917831421,1449.9434242248535,1956.0,1451.0,True,1956.0,1451.0,True,1956.0,1451.0,True
14829,human,ok,17803.0,2257.125213623047,1442.9538536071777,1954.9220161437988,1446.9538536071777,1955.0,1454.0,True,1955.0,1454.0,True,1955.0,1454.0,True
14830,auto,ok,17777.0,2233.0379638671875,1458.0821533203125,1937.0580253601074,1447.9178466796875,1937.0,1448.0,True,1937.0,1448.0,True,1937.0,1448.0,True
14830,human,ok,17777.0,2233.0379638671875,1458.0821533203125,1937.0580253601074,1447.9178466796875,1937.0,1448.0,True,1937.0,1448.0,True,1937.0,1448.0,True
14841,auto,ok,17215.0,2249.0603942871094,1482.1285400390625,1940.998291015625,1470.8785400390625,1941.0,1480.0,True,1941.0,1480.0,True,1941.0,1480.0,True
14841,human,ok,17202.0,2251.1985778808594,1486.0216026306152,1940.8851356506348,1471.021598815918,1941.0,1479.0,True,1941.0,1479.0,True,1941.0,1479.0,True
14845,auto,ok,17361.0,2264.0027465820312,1471.101016998291,1953.998161315918,1456.898983001709,1954.0,1462.0,True,1954.0,1462.0,True,1954.0,1462.0,True
14845,human,ok,17298.0,2263.9718017578125,1472.0963859558105,1953.9354705810547,1453.9036140441895,1954.0,1463.0,True,1954.0,1463.0,True,1954.0,1463.0,True
14846,auto,ok,17253.0,2262.9348754882812,1476.0460968017578,1953.1192092895508,1458.7373275756836,1953.0,1463.0,True,1953.0,1463.0,True,1953.0,1463.0,True
14846,human,ok,17253.0,2261.1385803222656,1471.0987968444824,1952.9076118469238,1454.9012031555176,1953.0,1462.0,True,1953.0,1462.0,True,1953.0,1462.0,True
14847,auto,ok,17305.0,2270.0392456054688,1465.97509765625,1961.9885444641113,1445.97509765625,1962.0,1454.0,True,1962.0,1454.0,True,1962.0,1454.0,True
14847,human,ok,17202.0,2269.9948120117188,1465.8314743041992,1961.9521293640137,1446.0814743041992,1962.0,1453.0,True,1962.0,1453.0,True,1962.0,1453.0,True
14849,auto,ok,17498.0,2250.1121520996094,1463.0098266601562,1938.9252281188965,1449.6288833618164,1939.0,1452.0,True,1939.0,1452.0,True,1939.0,1452.0,True
14849,human,ok,17200.0,2245.9693298339844,1459.119873046875,1939.020450592041,1448.880126953125,1939.0,1450.0,True,1939.0,1450.0,True,1939.0,1450.0,True
14852,auto,ok,17596.0,2248.086456298828,1461.0250854492188,1936.9819946289062,1445.0250854492188,1937.0,1450.0,True,1937.0,1450.0,True,1937.0,1450.0,True
14852,human,ok,17652.0,2242.888153076172,1457.1680374145508,1937.022548675537,1445.9180374145508,1937.0,1449.0,True,1937.0,1449.0,True,1937.0,1449.0,True
14855,auto,ok,17557.0,2240.1612548828125,1458.9122734069824,1941.8925018310547,1445.0877265930176,1942.0,1455.0,True,1942.0,1455.0,True,1942.0,1455.0,True
14855,human,ok,17532.0,2239.9745178222656,1462.0083961486816,1942.100326538086,1454.9916038513184,1942.0,1455.0,True,1942.0,1455.0,True,1942.0,1455.0,True
14856,auto,ok,18400.0,2266.1338806152344,1458.900619506836,1956.9107398986816,1444.0993766784668,1957.0,1444.0,True,1957.0,1444.0,True,1957.0,1444.0,True
14856,human,ok,18400.0,2266.1338806152344,1458.900619506836,1956.9107398986816,1444.0993766784668,1957.0,1444.0,True,1957.0,1444.0,True,1957.0,1444.0,True
14858,auto,ok,17903.0,2260.0025024414062,1449.9142837524414,1950.9983367919922,1435.0857124328613,1951.0,1435.0,True,1951.0,1435.0,True,1951.0,1435.0,True
14858,human,ok,17903.0,2260.0025024414062,1449.9142837524414,1950.9983367919922,1435.0857124328613,1951.0,1435.0,True,1951.0,1435.0,True,1951.0,1435.0,True
14860,auto,ok,17101.0,2248.9502868652344,1458.737174987793,1950.9233131408691,1447.987174987793,1951.0,1451.0,True,1951.0,1451.0,True,1951.0,1451.0,True
14860,human,ok,16925.0,2246.1708984375,1458.9275970458984,1950.8860664367676,1447.0724029541016,1951.0,1453.0,True,1951.0,1453.0,True,1951.0,1453.0,True
14861,auto,ok,18139.0,2270.1490173339844,1459.9775314331055,1955.9006462097168,1439.0224647521973,1956.0,1439.0,True,1956.0,1439.0,True,1956.0,1439.0,True
14861,human,ok,18035.0,2269.0399169921875,1452.9225997924805,1956.0567207336426,1437.7797393798828,1956.0,1440.0,True,1956.0,1440.0,True,1956.0,1440.0,True
14864,auto,ok,17968.0,2270.1521606445312,1467.9045944213867,1956.8985557556152,1448.0954055786133,1957.0,1454.0,True,1957.0,1454.0,True,1957.0,1454.0,True
14864,human,ok,17764.0,2264.035369873047,1461.9111862182617,1956.893081665039,1449.8395309448242,1957.0,1453.0,True,1957.0,1453.0,True,1957.0,1453.0,True
14865,auto,ok,17656.0,2258.871124267578,1472.143943786621,1949.042709350586,1457.893943786621,1949.0,1458.0,True,1949.0,1458.0,True,1949.0,1458.0,True
14865,human,ok,17886.0,2262.119873046875,1474.915786743164,1949.0034217834473,1457.084213256836,1949.0,1457.0,True,1949.0,1457.0,True,1949.0,1457.0,True
14866,auto,ok,17405.0,2237.1610717773438,1456.899513244629,1937.8926239013672,1439.1004829406738,1938.0,1445.0,True,1938.0,1445.0,True,1938.0,1445.0,True
14866,human,ok,17320.0,2241.0990295410156,1454.9740676879883,1937.9339714050293,1439.0259323120117,1938.0,1446.0,True,1938.0,1446.0,True,1938.0,1446.0,True
14872,auto,ok,18057.0,2259.8568420410156,1459.1739654541016,1950.0304412841797,1436.6943473815918,1950.0,1445.0,True,1950.0,1445.0,True,1950.0,1445.0,True
14872,human,ok,18074.0,2256.014892578125,1454.040428161621,1950.9529609680176,1440.040428161621,1951.0,1441.0,True,1951.0,1441.0,True,1951.0,1441.0,True
14873,auto,ok,17025.0,2259.8864135742188,1426.0250396728516,1957.0707054138184,1406.0250396728516,1957.0,1414.0,True,1957.0,1414.0,True,1957.0,1414.0,True
14873,human,ok,16859.0,2261.060333251953,1420.1157913208008,1956.9597816467285,1404.8842086791992,1957.0,1414.0,True,1957.0,1414.0,True,1957.0,1414.0,True
14877,auto,ok,16700.0,2233.041015625,1428.982494354248,1944.9958419799805,1418.982494354248,1945.0,1419.0,True,1945.0,1419.0,True,1945.0,1419.0,True
14877,human,ok,16587.0,2228.0355834960938,1436.0212097167969,1945.0596199035645,1419.9787902832031,1945.0,1420.0,True,1945.0,1420.0,True,1945.0,1420.0,True
14884,auto,ok,16873.0,2229.8860778808594,1484.0299987792969,1947.0508460998535,1466.0299987792969,1947.0,1466.0,True,1947.0,1466.0,True,1947.0,1466.0,True
14884,human,ok,16873.0,2229.8860778808594,1484.0299987792969,1947.0508460998535,1466.0299987792969,1947.0,1466.0,True,1947.0,1466.0,True,1947.0,1466.0,True
14885,auto,ok,17014.0,2242.051300048828,1472.9752960205078,1951.9594230651855,1458.9752960205078,1952.0,1462.0,True,1952.0,1462.0,True,1952.0,1462.0,True
14885,human,ok,16921.0,2243.0110778808594,1472.95414352417,1951.926601409912,1458.95414352417,1952.0,1463.0,True,1952.0,1463.0,True,1952.0,1463.0,True
14886,auto,ok,17288.0,2244.1921997070312,1457.9663848876953,1947.8793258666992,1439.7484741210938,1948.0,1442.0,True,1948.0,1442.0,True,1948.0,1442.0,True
14886,human,ok,17288.0,2244.1921997070312,1457.9663848876953,1947.8793258666992,1439.7484741210938,1948.0,1442.0,True,1948.0,1442.0,True,1948.0,1442.0,True
14890,auto,ok,17263.0,2242.1470642089844,1476.099609375,1938.9019584655762,1460.7614440917969,1939.0,1464.0,True,1939.0,1464.0,True,1939.0,1464.0,True
14890,human,ok,17026.0,2237.855224609375,1478.0466537475586,1939.0434875488281,1458.0466537475586,1939.0,1464.0,True,1939.0,1464.0,True,1939.0,1464.0,True
14891,auto,ok,16860.0,2252.0,1464.0,1957.0,1450.0,1957.0,1454.0,True,1957.0,1454.0,True,1957.0,1454.0,True
14891,human,ok,16926.0,2250.882049560547,1464.009433746338,1957.1197242736816,1448.009433746338,1957.0,1456.0,True,1957.0,1456.0,True,1957.0,1456.0,True
14898,auto,ok,16969.0,2245.9976806640625,1478.1193084716797,1969.001552581787,1464.8806915283203,1969.0,1465.0,True,1969.0,1465.0,True,1969.0,1465.0,True
14898,human,ok,16969.0,2245.9976806640625,1478.1193084716797,1969.001552581787,1464.8806915283203,1969.0,1465.0,True,1969.0,1465.0,True,1969.0,1465.0,True
14906,auto,ok,16761.0,2227.941864013672,1468.8619918823242,1952.9980659484863,1453.2248001098633,1953.0,1456.0,True,1953.0,1456.0,True,1953.0,1456.0,True
14906,human,ok,16783.0,2228.916778564453,1467.1557312011719,1953.9900512695312,1451.9057312011719,1954.0,1452.0,True,1954.0,1452.0,True,1954.0,1452.0,True
14907,auto,ok,16929.0,2233.0071716308594,1465.0890502929688,1956.9952087402344,1451.910945892334,1957.0,1452.0,True,1957.0,1452.0,True,1957.0,1452.0,True
14907,human,ok,16929.0,2233.0071716308594,1465.0890502929688,1956.9952087402344,1451.910945892334,1957.0,1452.0,True,1957.0,1452.0,True,1957.0,1452.0,True
14912,auto,ok,16841.0,2251.917694091797,1449.044635772705,1977.0548706054688,1446.955364227295,1977.0,1451.0,True,1977.0,1451.0,True,1977.0,1451.0,True
14912,human,ok,16986.0,2252.0801391601562,1449.1231803894043,1976.9465827941895,1445.8768196105957,1977.0,1452.0,True,1977.0,1452.0,True,1977.0,1452.0,True
14915,auto,ok,16422.0,2244.102020263672,1458.9452362060547,1983.0153274536133,1453.0547637939453,1983.0,1455.0,True,1983.0,1455.0,True,1983.0,1455.0,True
14915,human,ok,16012.0,2241.0345153808594,1463.9773788452148,1981.8936500549316,1454.022232055664,1982.0,1456.0,True,1982.0,1456.0,True,1982.0,1456.0,True
14916,auto,ok,16798.0,2228.8655395507812,1472.9455795288086,1965.1147270202637,1452.996810913086,1965.0,1458.0,True,1965.0,1458.0,True,1965.0,1458.0,True
14916,human,ok,16798.0,2228.8655395507812,1472.9455795288086,1965.1147270202637,1452.996810913086,1965.0,1458.0,True,1965.0,1458.0,True,1965.0,1458.0,True
14917,auto,ok,16126.0,2225.9132385253906,1446.9383277893066,1962.0578308105469,1429.0616722106934,1962.0,1435.0,True,1962.0,1435.0,True,1962.0,1435.0,True
14917,human,ok,16126.0,2225.9132385253906,1446.9383277893066,1962.0578308105469,1429.0616722106934,1962.0,1435.0,True,1962.0,1435.0,True,1962.0,1435.0,True
14918,auto,ok,16195.0,2220.864776611328,1448.8303527832031,1963.0901527404785,1448.8303527832031,1963.0,1449.0,True,1963.0,1449.0,True,1963.0,1449.0,True
14918,human,ok,16261.0,2225.004638671875,1445.963249206543,1963.0232887268066,1445.963249206543,1963.0,1449.0,True,1963.0,1449.0,True,1963.0,1449.0,True
14919,auto,ok,16415.0,2233.807342529297,1461.1389541625977,1968.0709838867188,1445.8889541625977,1968.0,1449.0,True,1968.0,1449.0,True,1968.0,1449.0,True
14919,human,ok,16415.0,2233.807342529297,1461.1389541625977,1968.0709838867188,1445.8889541625977,1968.0,1449.0,True,1968.0,1449.0,True,1968.0,1449.0,True
14922,auto,ok,15960.0,2238.943145751953,1473.941780090332,1978.0378952026367,1458.1104927062988,1978.0,1459.0,True,1978.0,1459.0,True,1978.0,1459.0,True
14922,human,ok,15960.0,2238.943145751953,1473.941780090332,1978.0378952026367,1458.1104927062988,1978.0,1459.0,True,1978.0,1459.0,True,1978.0,1459.0,True
14923,auto,ok,15640.0,2233.8902893066406,1467.9951095581055,1974.0731468200684,1454.0048904418945,1974.0,1454.0,True,1974.0,1454.0,True,1974.0,1454.0,True
14923,human,ok,15640.0,2233.8902893066406,1467.9951095581055,1974.0731468200684,1454.0048904418945,1974.0,1454.0,True,1974.0,1454.0,True,1974.0,1454.0,True
14930,auto,ok,16552.0,2241.8590393066406,1477.1250267028809,1979.091651916504,1460.8750267028809,1979.0,1470.0,True,1979.0,1470.0,True,1979.0,1470.0,True
14930,human,ok,16552.0,2241.8590393066406,1477.1250267028809,1979.091651916504,1460.8750267028809,1979.0,1470.0,True,1979.0,1470.0,True,1979.0,1470.0,True
14931,auto,ok,15380.0,2230.1122436523438,1473.9318161010742,1984.0085067749023,1457.8416900634766,1984.0,1462.0,True,1984.0,1462.0,True,1984.0,1462.0,True
14931,human,ok,15281.0,2229.031524658203,1476.031005859375,1983.9768371582031,1457.7812614440918,1984.0,1461.0,True,1984.0,1461.0,True,1984.0,1461.0,True
14935,auto,ok,15944.0,2235.837921142578,1450.8665046691895,1976.1088485717773,1445.1165046691895,1976.0,1452.0,True,1976.0,1452.0,True,1976.0,1452.0,True
14935,human,ok,15807.0,2230.0596313476562,1451.990493774414,1975.9602355957031,1445.009506225586,1976.0,1452.0,True,1976.0,1452.0,True,1976.0,1452.0,True
14937,auto,ok,15415.0,2248.8324584960938,1449.9596099853516,1995.1116905212402,1445.0403900146484,1995.0,1445.0,True,1995.0,1445.0,True,1995.0,1445.0,True
14937,human,ok,15313.0,2244.1187438964844,1458.9990310668945,1994.9208393096924,1441.0009689331055,1995.0,1444.0,True,1995.0,1444.0,True,1995.0,1444.0,True
14938,auto,ok,15180.0,2209.9124755859375,1472.1420211791992,1964.044174194336,1451.5267791748047,1964.0,1455.0,True,1964.0,1455.0,True,1964.0,1455.0,True
14938,human,ok,15180.0,2209.9124755859375,1472.1420211791992,1964.044174194336,1451.5267791748047,1964.0,1455.0,True,1964.0,1455.0,True,1964.0,1455.0,True
14940,auto,ok,15386.0,2224.080291748047,1475.0217971801758,1974.9464683532715,1456.7823600769043,1975.0,1459.0,True,1975.0,1459.0,True,1975.0,1459.0,True
14940,human,ok,15418.0,2223.9502563476562,1469.080909729004,1974.9498348236084,1458.919090270996,1975.0,1459.0,True,1975.0,1459.0,True,1975.0,1459.0,True
14941,auto,ok,15268.0,2230.080291748047,1454.0217971801758,1981.9464683532715,1439.9782028198242,1982.0,1441.0,True,1982.0,1441.0,True,1982.0,1441.0,True
14941,human,ok,15362.0,2228.996063232422,1459.8601989746094,1980.9669208526611,1442.1102027893066,1981.0,1442.0,True,1981.0,1442.0,True,1981.0,1442.0,True
14943,auto,ok,15543.0,2221.0130310058594,1487.023292541504,1974.1064071655273,1464.023292541504,1974.0,1464.0,True,1974.0,1464.0,True,1974.0,1464.0,True
14943,human,ok,15530.0,2220.977569580078,1478.9602966308594,1974.0982780456543,1464.0397033691406,1974.0,1464.0,True,1974.0,1464.0,True,1974.0,1464.0,True
14945,auto,ok,15729.0,2220.043975830078,1459.9338455200195,1968.0540237426758,1443.0661582946777,1968.0,1451.0,True,1968.0,1451.0,True,1968.0,1451.0,True
14945,human,ok,15729.0,2220.043975830078,1459.9338455200195,1968.0540237426758,1443.0661582946777,1968.0,1451.0,True,1968.0,1451.0,True,1968.0,1451.0,True
14946,auto,ok,15198.0,2215.8903198242188,1461.0733032226562,1970.0731163024902,1447.7431259155273,1970.0,1452.0,True,1970.0,1452.0,True,1970.0,1452.0,True
14946,human,ok,15198.0,2215.8903198242188,1461.0733032226562,1970.0731163024902,1447.7431259155273,1970.0,1452.0,True,1970.0,1452.0,True,1970.0,1452.0,True
14958,auto,ok,14223.0,2217.8506469726562,1470.0918045043945,1986.0944595336914,1453.5331115722656,1986.0,1454.0,True,1986.0,1454.0,True,1986.0,1454.0,True
14958,human,ok,14288.0,2218.14453125,1463.9135513305664,1984.9036560058594,1453.2013397216797,1985.0,1457.0,True,1985.0,1457.0,True,1985.0,1457.0,True
14960,auto,no_detections,,,,,,,,,,,,,,
14960,human,ok,14144.0,2216.9306640625,1469.018798828125,1983.046230316162,1452.4362907409668,1983.0,1456.0,True,1983.0,1456.0,True,1983.0,1456.0,True
14962,auto,ok,14731.0,2223.1426696777344,1471.0461654663086,1968.0,1406.0,1989.0,1454.0,True,1989.0,1454.0,True,1989.0,1454.0,True
14962,human,ok,14687.0,2223.1426696777344,1470.5461654663086,1968.0,1406.0,1990.0,1453.0,True,1990.0,1453.0,True,1990.0,1453.0,True
14968,auto,ok,13402.0,2200.0814666748047,1480.0248718261719,1985.0290203094482,1455.9751281738281,1985.0,1456.0,True,1985.0,1456.0,True,1985.0,1456.0,True
14968,human,ok,13402.0,2200.0814666748047,1480.0248718261719,1985.0290203094482,1455.9751281738281,1985.0,1456.0,True,1985.0,1456.0,True,1985.0,1456.0,True
14969,auto,ok,14231.0,2207.955856323242,1446.0753211975098,1968.0,1477.0,1993.0,1436.0,True,1993.0,1436.0,True,1993.0,1436.0,True
14969,human,ok,13812.0,2209.049041748047,1444.120735168457,1968.0,1477.0,1993.0,1436.0,True,1993.0,1436.0,True,1993.0,1436.0,True
14972,auto,ok,13806.0,2225.1468048095703,1482.8125305175781,1992.0,1411.0,2011.0,1456.0,True,2011.0,1456.0,True,2011.0,1456.0,True
14972,human,ok,13800.0,2225.9005126953125,1478.1446075439453,1984.0,1492.0,2011.0,1456.0,True,2011.0,1456.0,True,2011.0,1456.0,True
14973,auto,ok,13526.0,2214.150436401367,1470.044937133789,2002.8997135162354,1455.9457473754883,2003.0,1456.0,True,2003.0,1456.0,True,2003.0,1456.0,True
14973,human,ok,13721.0,2214.021697998047,1481.0439453125,1985.0,1409.0,2003.0,1455.0,True,2003.0,1455.0,True,2003.0,1455.0,True
14977,auto,ok,13992.0,2208.111358642578,1486.0556030273438,1996.0090942382812,1462.944393157959,1996.0,1463.0,True,1996.0,1463.0,True,1996.0,1463.0,True
14977,human,ok,14054.0,2206.9271545410156,1491.1718978881836,1977.0,1416.0,1996.0,1463.0,True,1996.0,1463.0,True,1996.0,1463.0,True
14980,auto,ok,13611.0,2222.115280151367,1466.957992553711,2004.9231414794922,1447.042007446289,2005.0,1447.0,True,2005.0,1447.0,True,2005.0,1447.0,True
14980,human,ok,13611.0,2222.115280151367,1466.957992553711,2004.9231414794922,1447.042007446289,2005.0,1447.0,True,2005.0,1447.0,True,2005.0,1447.0,True
14982,auto,ok,13686.0,2212.0633850097656,1475.835838317871,1979.0,1405.0,1998.0,1453.0,True,1998.0,1453.0,True,1998.0,1453.0,True
14982,human,ok,13686.0,2212.0633850097656,1475.835838317871,1979.0,1405.0,1998.0,1453.0,True,1998.0,1453.0,True,1998.0,1453.0,True
15848,auto,ok,81934.0,2281.9688720703125,1462.112777709961,1664.1344757080078,1335.112777709961,1664.0,1335.0,True,1664.0,1335.0,True,1664.0,1335.0,True
15848,human,ok,81955.0,2281.9227294921875,1460.9590759277344,1663.8596801757812,1334.9590759277344,1663.0,1339.0,True,1663.0,1339.0,True,1663.0,1339.0,True
15849,auto,ok,79429.0,2275.0577392578125,1510.7217712402344,1666.8076858520508,1376.221778869629,1667.0,1376.0,True,1667.0,1376.0,True,1667.0,1376.0,True
15849,human,ok,79429.0,2275.0577392578125,1510.7217712402344,1666.8076858520508,1376.221778869629,1667.0,1376.0,True,1667.0,1376.0,True,1667.0,1376.0,True
15853,auto,ok,82513.0,2293.2722778320312,1475.9659423828125,1686.818458557129,1346.034065246582,1686.0,1349.0,True,1686.0,1349.0,True,1686.0,1349.0,True
15853,human,ok,84091.0,2293.740234375,1475.6342315673828,1687.1576309204102,1345.1342239379883,1686.0,1349.0,True,1686.0,1349.0,True,1686.0,1349.0,True
15856,auto,ok,77640.0,2252.272705078125,1476.6930084228516,1652.8966979980469,1350.193016052246,1653.0,1350.0,True,1653.0,1350.0,True,1653.0,1350.0,True
15856,human,ok,76484.0,2252.06396484375,1474.0731048583984,1653.1741027832031,1350.073112487793,1652.0,1353.0,True,1652.0,1353.0,True,1652.0,1353.0,True
15857,auto,ok,82381.0,2271.89599609375,1471.9557342529297,1668.1132125854492,1349.9557342529297,1667.0,1353.0,True,1667.0,1353.0,True,1667.0,1353.0,True
15857,human,ok,82381.0,2271.89599609375,1471.9557342529297,1668.1132125854492,1349.9557342529297,1667.0,1353.0,True,1667.0,1353.0,True,1667.0,1353.0,True
15860,auto,ok,77830.0,2269.0897216796875,1467.0833282470703,1663.0834426879883,1347.0833282470703,1662.0,1350.0,True,1662.0,1350.0,True,1662.0,1350.0,True
15860,human,ok,78474.0,2269.0,1466.0,1664.0,1343.0,1662.0,1350.0,True,1662.0,1350.0,True,1662.0,1350.0,True
15864,auto,ok,75720.0,2281.9757080078125,1458.9163818359375,1680.9304428100586,1345.916374206543,1681.0,1346.0,True,1681.0,1346.0,True,1681.0,1346.0,True
15864,human,ok,75976.0,2282.845947265625,1454.7080078125,1680.0827178955078,1349.2080001831055,1680.0,1349.0,True,1680.0,1349.0,True,1680.0,1349.0,True
15868,auto,ok,83990.0,2262.927734375,1449.1231994628906,1671.0481567382812,1350.8768005371094,1670.0,1356.0,True,1670.0,1356.0,True,1670.0,1356.0,True
15868,human,ok,84335.0,2271.9588012695312,1484.9273071289062,1670.8966445922852,1352.9272994995117,1671.0,1353.0,True,1671.0,1353.0,True,1671.0,1353.0,True
15869,auto,ok,84508.0,2281.8477172851562,1480.6941680908203,1679.0063934326172,1355.1941757202148,1679.0,1355.0,True,1679.0,1355.0,True,1679.0,1355.0,True
15869,human,ok,84558.0,2286.3391723632812,1484.1533660888672,1679.7738876342773,1352.8466262817383,1680.0,1353.0,True,1680.0,1353.0,True,1680.0,1353.0,True
15870,auto,ok,83233.0,2274.7948608398438,1476.9786224365234,1670.0887336730957,1355.9786224365234,1670.0,1356.0,True,1670.0,1356.0,True,1670.0,1356.0,True
15870,human,ok,83140.0,2273.640625,1479.7947387695312,1669.9986953735352,1355.7947463989258,1670.0,1356.0,True,1670.0,1356.0,True,1670.0,1356.0,True
15874,auto,ok,82977.0,2273.8719482421875,1478.1151275634766,1670.96337890625,1346.115135192871,1669.0,1355.0,True,1669.0,1355.0,True,1669.0,1355.0,True
15874,human,ok,83238.0,2270.4065551757812,1476.6427917480469,1670.8014755249023,1346.1427841186523,1671.0,1346.0,True,1671.0,1346.0,True,1671.0,1346.0,True
15875,auto,ok,83919.0,2256.219970703125,1484.880142211914,1661.8712310791016,1347.8801498413086,1659.0,1361.0,True,1659.0,1361.0,True,1659.0,1361.0,True
15875,human,ok,83891.0,2256.2138671875,1484.0429077148438,1663.0241088867188,1349.9570922851562,1663.0,1350.0,True,1663.0,1350.0,True,1663.0,1350.0,True
15882,auto,ok,85665.0,2268.633544921875,1410.157974243164,1651.7937545776367,1382.1579666137695,1652.0,1389.0,True,1652.0,1389.0,True,1652.0,1389.0,True
15882,human,ok,85414.0,2270.7833251953125,1410.6322937011719,1651.98140335083,1383.1323013305664,1652.0,1388.0,True,1652.0,1388.0,True,1652.0,1388.0,True
15884,auto,ok,84889.0,2256.7785034179688,1426.0198974609375,1644.147647857666,1394.980094909668,1644.0,1405.0,True,1644.0,1405.0,True,1644.0,1405.0,True
15884,human,ok,84767.0,2258.8619384765625,1430.866928100586,1644.8466339111328,1397.866928100586,1645.0,1404.0,True,1645.0,1404.0,True,1645.0,1404.0,True
15889,auto,ok,85228.0,2275.9852905273438,1419.7049102783203,1660.9253387451172,1378.760154724121,1661.0,1391.0,True,1661.0,1391.0,True,1661.0,1391.0,True
15889,human,ok,85298.0,2278.2678833007812,1418.0549011230469,1660.9724349975586,1379.0549011230469,1661.0,1390.0,True,1661.0,1390.0,True,1661.0,1390.0,True
15892,auto,ok,85657.0,2253.0230102539062,1427.8253784179688,1640.1513366699219,1400.1746215820312,1640.0,1406.0,True,1640.0,1406.0,True,1640.0,1406.0,True
15892,human,ok,85359.0,2252.6813354492188,1431.8988647460938,1640.1875610351562,1399.7619171142578,1640.0,1405.0,True,1640.0,1405.0,True,1640.0,1405.0,True
15895,auto,ok,85914.0,2267.995849609375,1432.314682006836,1658.9874649047852,1354.814682006836,1659.0,1355.0,True,1659.0,1355.0,True,1659.0,1355.0,True
15895,human,ok,85914.0,2267.995849609375,1432.314682006836,1658.9874649047852,1354.814682006836,1659.0,1355.0,True,1659.0,1355.0,True,1659.0,1355.0,True
15897,auto,ok,86039.0,2283.0799560546875,1432.0008392333984,1667.8281631469727,1355.000846862793,1668.0,1355.0,True,1668.0,1355.0,True,1668.0,1355.0,True
15897,human,ok,86122.0,2281.9896850585938,1434.6889953613281,1666.232780456543,1359.1889877319336,1666.0,1359.0,True,1666.0,1359.0,True,1666.0,1359.0,True
15906,auto,ok,86464.0,2284.232421875,1436.127670288086,1667.0117263793945,1352.8723220825195,1667.0,1353.0,True,1667.0,1353.0,True,1667.0,1353.0,True
15906,human,ok,86464.0,2284.232421875,1436.127670288086,1667.0117263793945,1352.8723220825195,1667.0,1353.0,True,1667.0,1353.0,True,1667.0,1353.0,True
15908,auto,ok,83364.0,2268.1886596679688,1461.1059265136719,1672.0408935546875,1373.8940734863281,1672.0,1374.0,True,1672.0,1374.0,True,1672.0,1374.0,True
15908,human,ok,83379.0,2258.8546752929688,1460.0818939208984,1672.0630950927734,1373.0818939208984,1672.0,1373.0,True,1672.0,1373.0,True,1672.0,1373.0,True
15917,auto,ok,84366.0,2284.3900146484375,1432.0935974121094,1678.8583450317383,1350.0935974121094,1679.0,1350.0,True,1679.0,1350.0,True,1679.0,1350.0,True
15917,human,ok,84239.0,2283.9986572265625,1434.322982788086,1679.2255783081055,1349.8229904174805,1679.0,1350.0,True,1679.0,1350.0,True,1679.0,1350.0,True
15920,auto,ok,83576.0,2267.3060913085938,1444.0951843261719,1674.7959289550781,1344.9048156738281,1674.0,1350.0,True,1674.0,1350.0,True,1674.0,1350.0,True
15920,human,ok,83473.0,2270.0678100585938,1442.7035217285156,1674.0216369628906,1350.203514099121,1674.0,1350.0,True,1674.0,1350.0,True,1674.0,1350.0,True
15922,auto,ok,83654.0,2272.7167358398438,1456.8966369628906,1679.1562423706055,1356.8966369628906,1679.0,1357.0,True,1679.0,1357.0,True,1679.0,1357.0,True
15922,human,ok,83654.0,2272.7167358398438,1456.8966369628906,1679.1562423706055,1356.8966369628906,1679.0,1357.0,True,1679.0,1357.0,True,1679.0,1357.0,True
15923,auto,ok,83692.0,2271.7738037109375,1448.303970336914,1678.2023620605469,1356.803970336914,1678.0,1357.0,True,1678.0,1357.0,True,1678.0,1357.0,True
15923,human,ok,83692.0,2271.7738037109375,1448.303970336914,1678.2023620605469,1356.803970336914,1678.0,1357.0,True,1678.0,1357.0,True,1678.0,1357.0,True
15926,auto,ok,83161.0,2260.1889038085938,1461.0629425048828,1670.0407485961914,1362.9370574951172,1670.0,1363.0,True,1670.0,1363.0,True,1670.0,1363.0,True
15926,human,ok,83161.0,2260.1889038085938,1461.0629425048828,1670.0407485961914,1362.9370574951172,1670.0,1363.0,True,1670.0,1363.0,True,1670.0,1363.0,True
15927,auto,ok,83635.0,2265.98681640625,1455.6314544677734,1673.1782150268555,1360.131462097168,1673.0,1360.0,True,1673.0,1360.0,True,1673.0,1360.0,True
15927,human,ok,83814.0,2265.017333984375,1454.3527069091797,1673.2085800170898,1360.8526992797852,1673.0,1361.0,True,1673.0,1361.0,True,1673.0,1361.0,True
15931,auto,ok,83727.0,2260.6098022460938,1476.748764038086,1677.2316665649414,1374.248764038086,1677.0,1374.0,True,1677.0,1374.0,True,1677.0,1374.0,True
15931,human,ok,83671.0,2260.0149536132812,1475.0113220214844,1676.890869140625,1373.0113220214844,1677.0,1373.0,True,1677.0,1373.0,True,1677.0,1373.0,True
15934,auto,ok,82505.0,2258.7298583984375,1470.0601501464844,1685.1355895996094,1374.0601501464844,1685.0,1374.0,True,1685.0,1374.0,True,1685.0,1374.0,True
15934,human,ok,82119.0,2261.15478515625,1466.8723754882812,1685.0634765625,1373.1276245117188,1684.0,1377.0,True,1684.0,1377.0,True,1684.0,1377.0,True
15936,auto,ok,82268.0,2255.9434814453125,1466.1068878173828,1680.1326141357422,1372.1068878173828,1679.0,1376.0,True,1679.0,1376.0,True,1679.0,1376.0,True
15936,human,ok,82268.0,2255.9434814453125,1466.1068878173828,1680.1326141357422,1372.1068878173828,1679.0,1376.0,True,1679.0,1376.0,True,1679.0,1376.0,True
15937,auto,ok,81614.0,2260.1478271484375,1466.1032409667969,1684.8129043579102,1373.1032409667969,1684.0,1377.0,True,1684.0,1377.0,True,1684.0,1377.0,True
15937,human,ok,81614.0,2260.1478271484375,1466.1032409667969,1684.8129043579102,1373.1032409667969,1684.0,1377.0,True,1684.0,1377.0,True,1684.0,1377.0,True
15951,auto,ok,80364.0,2251.9638061523438,1475.060806274414,1686.814712524414,1367.0607986450195,1686.0,1373.0,True,1686.0,1373.0,True,1686.0,1373.0,True
15951,human,ok,80327.0,2252.0016479492188,1475.6526641845703,1685.8228454589844,1372.1526641845703,1685.0,1376.0,True,1685.0,1376.0,True,1685.0,1376.0,True
15952,auto,ok,80095.0,2261.1952514648438,1464.2115936279297,1684.8698196411133,1366.7884063720703,1684.0,1371.0,True,1684.0,1371.0,True,1684.0,1371.0,True
15952,human,ok,79553.0,2251.1210327148438,1465.1822967529297,1684.919319152832,1365.8177032470703,1684.0,1371.0,True,1684.0,1371.0,True,1684.0,1371.0,True
15953,auto,ok,77355.0,2262.362548828125,1461.9023132324219,1687.8048553466797,1364.9023208618164,1688.0,1365.0,True,1688.0,1365.0,True,1688.0,1365.0,True
15953,human,ok,77577.0,2260.557373046875,1461.7347412109375,1688.242446899414,1365.2347412109375,1688.0,1365.0,True,1688.0,1365.0,True,1688.0,1365.0,True
15954,auto,ok,78123.0,2252.15673828125,1463.123550415039,1687.8030014038086,1362.123550415039,1688.0,1362.0,True,1688.0,1362.0,True,1688.0,1362.0,True
15954,human,ok,76953.0,2250.9386596679688,1461.9923858642578,1687.8328399658203,1361.9923858642578,1688.0,1362.0,True,1688.0,1362.0,True,1688.0,1362.0,True
15955,auto,ok,80111.0,2259.1373901367188,1463.0096130371094,1685.7970352172852,1370.0096130371094,1686.0,1370.0,True,1686.0,1370.0,True,1686.0,1370.0,True
15955,human,ok,80526.0,2254.171142578125,1467.1107025146484,1686.0720672607422,1370.1107025146484,1686.0,1370.0,True,1686.0,1370.0,True,1686.0,1370.0,True
15957,auto,ok,80369.0,2260.0252075195312,1435.2337036132812,1695.9831924438477,1374.7662887573242,1696.0,1375.0,True,1696.0,1375.0,True,1696.0,1375.0,True
15957,human,ok,80508.0,2257.0923461914062,1481.3088836669922,1697.1191635131836,1372.8088836669922,1697.0,1373.0,True,1697.0,1373.0,True,1697.0,1373.0,True
15958,auto,ok,80238.0,2257.8106689453125,1466.9085540771484,1695.1270294189453,1360.9085540771484,1694.0,1365.0,True,1694.0,1365.0,True,1694.0,1365.0,True
15958,human,ok,80598.0,2264.8443603515625,1460.9290924072266,1695.011863708496,1361.9290924072266,1695.0,1362.0,True,1695.0,1362.0,True,1695.0,1362.0,True
15960,auto,ok,77577.0,2268.090087890625,1426.6657257080078,1698.8389587402344,1372.1657180786133,1699.0,1372.0,True,1699.0,1372.0,True,1699.0,1372.0,True
15960,human,ok,77717.0,2264.8135375976562,1430.7821502685547,1699.1243133544922,1371.2178573608398,1698.0,1375.0,True,1698.0,1375.0,True,1698.0,1375.0,True
15964,auto,ok,78947.0,2253.974365234375,1465.0980682373047,1684.8167877197266,1361.0980682373047,1685.0,1361.0,True,1685.0,1361.0,True,1685.0,1361.0,True
15964,human,ok,78947.0,2253.974365234375,1465.0980682373047,1684.8167877197266,1361.0980682373047,1685.0,1361.0,True,1685.0,1361.0,True,1685.0,1361.0,True
15966,auto,ok,79414.0,2252.9954223632812,1483.9229888916016,1687.8483428955078,1382.922981262207,1688.0,1383.0,True,1688.0,1383.0,True,1688.0,1383.0,True
15966,human,ok,79614.0,2253.2879638671875,1482.7176361083984,1687.901481628418,1383.2176361083984,1688.0,1383.0,True,1688.0,1383.0,True,1688.0,1383.0,True
15969,auto,ok,79219.0,2242.1388549804688,1482.8954467773438,1692.8993911743164,1374.8954391479492,1693.0,1375.0,True,1693.0,1375.0,True,1693.0,1375.0,True
15969,human,ok,79490.0,2251.8175659179688,1481.0592041015625,1693.124122619629,1374.059211730957,1692.0,1378.0,True,1692.0,1378.0,True,1692.0,1378.0,True
15977,auto,ok,78858.0,2247.1203002929688,1462.285171508789,1684.996322631836,1360.785171508789,1685.0,1361.0,True,1685.0,1361.0,True,1685.0,1361.0,True
15977,human,ok,78883.0,2246.7735595703125,1461.6449737548828,1685.1480560302734,1359.1449813842773,1684.0,1364.0,True,1684.0,1364.0,True,1684.0,1364.0,True
15979,auto,ok,78475.0,2240.9691162109375,1465.0437927246094,1685.844985961914,1362.0437850952148,1684.0,1370.0,True,1684.0,1370.0,True,1684.0,1370.0,True
15979,human,ok,77379.0,2245.9773559570312,1464.0802154541016,1686.0950775146484,1364.0802154541016,1685.0,1368.0,True,1685.0,1368.0,True,1685.0,1368.0,True
15980,auto,ok,78116.0,2247.7643432617188,1464.9649810791016,1685.1376876831055,1360.9649810791016,1683.0,1370.0,True,1683.0,1370.0,True,1683.0,1370.0,True
15980,human,ok,79093.0,2240.79296875,1467.6491394042969,1685.0941696166992,1362.1491470336914,1684.0,1368.0,True,1684.0,1368.0,True,1684.0,1368.0,True
15984,auto,ok,78922.0,2251.6220092773438,1471.2911529541016,1699.1397018432617,1357.7911529541016,1698.0,1363.0,True,1698.0,1363.0,True,1698.0,1363.0,True
15984,human,ok,76445.0,2251.3642578125,1473.7097778320312,1697.796401977539,1362.2097702026367,1698.0,1362.0,True,1698.0,1362.0,True,1698.0,1362.0,True
15988,auto,ok,73505.0,2249.812255859375,1439.6742401123047,1726.086051940918,1341.1742324829102,1724.0,1349.0,True,1724.0,1349.0,True,1724.0,1349.0,True
15988,human,ok,73511.0,2250.3540649414062,1439.1439666748047,1724.7639465332031,1345.8560333251953,1725.0,1346.0,True,1725.0,1346.0,True,1725.0,1346.0,True
15990,auto,ok,73647.0,2245.1807861328125,1449.7079010009766,1718.774543762207,1360.2079010009766,1719.0,1360.0,True,1719.0,1360.0,True,1719.0,1360.0,True
15990,human,ok,73607.0,2243.7249755859375,1449.6488647460938,1719.0956420898438,1360.1488723754883,1719.0,1360.0,True,1719.0,1360.0,True,1719.0,1360.0,True
15991,auto,ok,73886.0,2253.6893920898438,1469.9006652832031,1730.202003479004,1372.9006576538086,1730.0,1373.0,True,1730.0,1373.0,True,1730.0,1373.0,True
15991,human,ok,73938.0,2258.086181640625,1468.7297821044922,1730.8861083984375,1367.2297897338867,1730.0,1373.0,True,1730.0,1373.0,True,1730.0,1373.0,True
15999,auto,ok,72128.0,2249.183837890625,1469.9812622070312,1740.9946746826172,1363.9812622070312,1741.0,1364.0,True,1741.0,1364.0,True,1741.0,1364.0,True
15999,human,ok,72088.0,2250.2974853515625,1470.0718536376953,1740.8692779541016,1363.0718536376953,1740.0,1367.0,True,1740.0,1367.0,True,1740.0,1367.0,True
16001,auto,ok,71219.0,2225.623046875,1474.109146118164,1725.182228088379,1364.1091384887695,1724.0,1369.0,True,1724.0,1369.0,True,1724.0,1369.0,True
16001,human,ok,71291.0,2218.3298950195312,1476.8988037109375,1723.7534484863281,1367.8988037109375,1724.0,1368.0,True,1724.0,1368.0,True,1724.0,1368.0,True
16005,auto,ok,70552.0,2238.126953125,1482.0232543945312,1736.0039291381836,1378.0232543945312,1736.0,1378.0,True,1736.0,1378.0,True,1736.0,1378.0,True
16005,human,ok,70442.0,2237.2322387695312,1482.0694274902344,1735.8451919555664,1376.930564880371,1735.0,1381.0,True,1735.0,1381.0,True,1735.0,1381.0,True
16008,auto,ok,71700.0,2227.6192016601562,1484.077880859375,1722.2386322021484,1379.0778732299805,1722.0,1379.0,True,1722.0,1379.0,True,1722.0,1379.0,True
16008,human,ok,71569.0,2227.05908203125,1483.8429718017578,1722.1272583007812,1379.1570358276367,1722.0,1379.0,True,1722.0,1379.0,True,1722.0,1379.0,True
16010,auto,ok,62837.0,2216.9588012695312,1463.966552734375,1709.0,1440.0,1775.0,1374.0,True,1775.0,1374.0,True,1775.0,1374.0,True
16010,human,ok,62797.0,2217.0037841796875,1463.9657440185547,1709.0,1439.0,1775.0,1374.0,True,1775.0,1374.0,True,1775.0,1374.0,True
16014,auto,ok,60835.0,2207.5467224121094,1468.0996856689453,1708.0,1450.0,1774.0,1383.0,True,1774.0,1383.0,True,1774.0,1383.0,True
16014,human,ok,60870.0,2207.706756591797,1468.2926788330078,1709.0,1446.0,1774.0,1383.0,True,1774.0,1383.0,True,1774.0,1383.0,True
16015,auto,ok,62649.0,2221.03125,1475.0839233398438,1706.0,1452.0,1774.0,1383.0,True,1774.0,1383.0,True,1774.0,1383.0,True
16015,human,ok,62511.0,2221.029296875,1473.0809783935547,1706.0,1450.0,1774.0,1383.0,True,1774.0,1383.0,True,1774.0,1383.0,True
16020,auto,ok,63778.0,2225.0706787109375,1467.6895294189453,1705.0,1446.0,1773.0,1376.0,True,1773.0,1376.0,True,1773.0,1376.0,True
16020,human,ok,63976.0,2224.7980346679688,1469.3412475585938,1705.0,1444.0,1772.0,1379.0,True,1772.0,1379.0,True,1772.0,1379.0,True
16022,auto,ok,65029.0,2217.2861938476562,1477.6599578857422,1690.0,1449.0,1760.0,1381.0,True,1760.0,1381.0,True,1760.0,1381.0,True
16022,human,ok,64966.0,2214.845458984375,1480.293441772461,1690.0,1448.0,1759.0,1383.0,True,1759.0,1383.0,True,1759.0,1383.0,True
16024,auto,ok,64847.0,2212.6148071289062,1484.338638305664,1689.0,1454.0,1759.0,1384.0,True,1759.0,1384.0,True,1759.0,1384.0,True
16024,human,ok,64792.0,2213.5828247070312,1481.9883880615234,1689.0,1453.0,1758.0,1387.0,True,1758.0,1387.0,True,1758.0,1387.0,True
16026,auto,ok,65227.0,2213.1739501953125,1475.6661071777344,1684.0,1448.0,1751.0,1384.0,True,1751.0,1384.0,True,1751.0,1384.0,True
16026,human,ok,65091.0,2212.05078125,1476.6924743652344,1683.0,1451.0,1752.0,1382.0,True,1752.0,1382.0,True,1752.0,1382.0,True
16027,auto,ok,65158.0,2215.2206420898438,1471.2471618652344,1687.0,1442.0,1755.0,1376.0,True,1755.0,1376.0,True,1755.0,1376.0,True
16027,human,ok,65217.0,2216.2631225585938,1466.1172180175781,1755.8694915771484,1375.1172256469727,1756.0,1375.0,True,1756.0,1375.0,True,1756.0,1375.0,True
16029,auto,ok,65254.0,2205.1533813476562,1479.0262298583984,1678.0,1455.0,1746.0,1387.0,True,1746.0,1387.0,True,1746.0,1387.0,True
16029,human,ok,65254.0,2205.1533813476562,1479.0262298583984,1678.0,1455.0,1746.0,1387.0,True,1746.0,1387.0,True,1746.0,1387.0,True
16050,auto,ok,17083.0,2125.0,1523.0,1829.0,1450.0,1828.0,1453.0,True,1828.0,1453.0,True,1828.0,1453.0,True
16050,human,ok,17083.0,2125.0,1523.0,1829.0,1450.0,1828.0,1453.0,True,1828.0,1453.0,True,1828.0,1453.0,True
16053,auto,ok,17456.0,2139.0,1506.0,1836.0,1425.0,1835.0,1430.0,True,1835.0,1430.0,True,1835.0,1430.0,True
16053,human,ok,17452.0,2137.9256591796875,1505.2251586914062,1834.9148635864258,1427.9751586914062,1834.0,1431.0,True,1834.0,1431.0,True,1834.0,1431.0,True
16056,auto,ok,17409.0,2151.0,1504.0,1849.0,1427.0,1849.0,1427.0,True,1849.0,1427.0,True,1849.0,1427.0,True
16056,human,ok,17397.0,2151.0,1505.0,1849.0,1427.0,1848.0,1430.0,True,1848.0,1430.0,True,1848.0,1430.0,True
16058,auto,ok,17461.0,2144.928985595703,1512.9684753417969,1844.098014831543,1433.9684791564941,1844.0,1434.0,True,1844.0,1434.0,True,1844.0,1434.0,True
16058,human,ok,17888.0,2142.0,1507.0,1845.0,1431.0,1844.0,1434.0,True,1844.0,1434.0,True,1844.0,1434.0,True
16070,auto,ok,18052.0,2175.0,1511.0,1871.0,1433.0,1870.0,1436.0,True,1870.0,1436.0,True,1870.0,1436.0,True
16070,human,ok,17921.0,2166.0,1506.0,1872.0,1431.0,1871.0,1435.0,True,1871.0,1435.0,True,1871.0,1435.0,True
16072,auto,ok,17970.0,2178.0,1522.0,1876.0,1444.0,1875.0,1449.0,True,1875.0,1449.0,True,1875.0,1449.0,True
16072,human,ok,18093.0,2179.0,1526.0,1876.0,1445.0,1874.0,1451.0,True,1874.0,1451.0,True,1874.0,1451.0,True
16073,auto,ok,17992.0,2177.9688720703125,1538.1520080566406,1869.911880493164,1451.902011871338,1870.0,1452.0,True,1870.0,1452.0,True,1870.0,1452.0,True
16073,human,ok,17992.0,2177.9688720703125,1538.1520080566406,1869.911880493164,1451.902011871338,1870.0,1452.0,True,1870.0,1452.0,True,1870.0,1452.0,True
16074,auto,laser_off_all_fish,,,,,,,,,,,,,,
16074,human,ok,17773.0,2173.0,1525.0,1873.0,1448.0,1873.0,1448.0,True,1873.0,1448.0,True,1873.0,1448.0,True
16077,auto,ok,17674.0,2159.0,1524.0,1864.0,1446.0,1863.0,1449.0,True,1863.0,1449.0,True,1863.0,1449.0,True
16077,human,ok,17533.0,2155.0,1520.0,1864.0,1446.0,1863.0,1449.0,True,1863.0,1449.0,True,1863.0,1449.0,True
16079,auto,ok,17188.0,2129.1148986816406,1514.984375,1844.9233932495117,1436.0156326293945,1844.0,1440.0,True,1844.0,1440.0,True,1844.0,1440.0,True
16079,human,ok,17188.0,2129.1148986816406,1514.984375,1844.9233932495117,1436.0156326293945,1844.0,1440.0,True,1844.0,1440.0,True,1844.0,1440.0,True
16080,auto,ok,18030.0,2152.020477294922,1516.1277465820312,1847.9402160644531,1428.877742767334,1848.0,1429.0,True,1848.0,1429.0,True,1848.0,1429.0,True
16080,human,ok,18180.0,2150.992218017578,1517.0280303955078,1848.890048980713,1425.0280227661133,1848.0,1429.0,True,1848.0,1429.0,True,1848.0,1429.0,True
16084,auto,ok,17332.0,2146.0328063964844,1513.9906692504883,1861.8948020935059,1439.0093307495117,1861.0,1442.0,True,1861.0,1442.0,True,1861.0,1442.0,True
16084,human,ok,17332.0,2146.0328063964844,1513.9906692504883,1861.8948020935059,1439.0093307495117,1861.0,1442.0,True,1861.0,1442.0,True,1861.0,1442.0,True
16087,auto,ok,17399.0,2142.9779052734375,1531.0249328613281,1845.9706573486328,1449.0249252319336,1845.0,1452.0,True,1845.0,1452.0,True,1845.0,1452.0,True
16087,human,ok,17603.0,2147.0388793945312,1538.986343383789,1846.942527770996,1446.9863471984863,1846.0,1451.0,True,1846.0,1451.0,True,1846.0,1451.0,True
16089,auto,ok,18011.0,2154.0,1522.0,1857.0,1437.0,1856.0,1441.0,True,1856.0,1441.0,True,1856.0,1441.0,True
16089,human,ok,18011.0,2154.0,1522.0,1857.0,1437.0,1856.0,1441.0,True,1856.0,1441.0,True,1856.0,1441.0,True
16090,auto,ok,17832.0,2144.0,1531.0,1845.0,1449.0,1844.0,1452.0,True,1844.0,1452.0,True,1844.0,1452.0,True
16090,human,ok,18051.0,2144.0,1531.0,1845.0,1449.0,1845.0,1449.0,True,1845.0,1449.0,True,1845.0,1449.0,True
16095,auto,ok,17361.0,2146.0094299316406,1507.9660034179688,1863.9754486083984,1436.9660034179688,1864.0,1437.0,True,1864.0,1437.0,True,1864.0,1437.0,True
16095,human,ok,17340.0,2143.064727783203,1508.981559753418,1864.0466957092285,1436.981559753418,1864.0,1437.0,True,1864.0,1437.0,True,1864.0,1437.0,True
16096,auto,ok,16959.0,2143.0091247558594,1531.0511932373047,1866.1076774597168,1451.051197052002,1865.0,1454.0,True,1865.0,1454.0,True,1865.0,1454.0,True
16096,human,ok,16959.0,2143.0091247558594,1531.0511932373047,1866.1076774597168,1451.051197052002,1865.0,1454.0,True,1865.0,1454.0,True,1865.0,1454.0,True
16097,auto,ok,17327.0,2173.2198486328125,1519.1390075683594,1871.8940048217773,1437.889003753662,1872.0,1438.0,True,1872.0,1438.0,True,1872.0,1438.0,True
16097,human,ok,17347.0,2173.897186279297,1517.9872131347656,1872.1144905090332,1436.987216949463,1872.0,1437.0,True,1872.0,1437.0,True,1872.0,1437.0,True
16105,auto,ok,17618.0,2162.851837158203,1526.9650573730469,1866.06254196167,1444.9650611877441,1865.0,1449.0,True,1865.0,1449.0,True,1865.0,1449.0,True
16105,human,ok,17564.0,2169.0836181640625,1538.015640258789,1865.9429893493652,1446.0156440734863,1865.0,1449.0,True,1865.0,1449.0,True,1865.0,1449.0,True
16107,auto,ok,17728.0,2171.0,1522.0,1873.0,1440.0,1873.0,1440.0,True,1873.0,1440.0,True,1873.0,1440.0,True
16107,human,ok,17827.0,2171.0,1522.0,1873.0,1439.0,1872.0,1442.0,True,1872.0,1442.0,True,1872.0,1442.0,True
16108,auto,ok,16758.0,2158.0,1521.0,1869.0,1449.0,1869.0,1449.0,True,1869.0,1449.0,True,1869.0,1449.0,True
16108,human,ok,16758.0,2158.0,1521.0,1869.0,1449.0,1869.0,1449.0,True,1869.0,1449.0,True,1869.0,1449.0,True
16109,auto,ok,16625.0,2143.1517028808594,1524.0625457763672,1863.8988647460938,1453.9374542236328,1864.0,1454.0,True,1864.0,1454.0,True,1864.0,1454.0,True
16109,human,ok,17071.0,2151.0643615722656,1528.0521392822266,1864.018814086914,1453.0521354675293,1864.0,1453.0,True,1864.0,1453.0,True,1864.0,1453.0,True
16116,auto,ok,16218.0,2129.1146850585938,1514.9937133789062,1866.9235382080078,1433.0062828063965,1866.0,1436.0,True,1866.0,1436.0,True,1866.0,1436.0,True
16116,human,ok,16372.0,2127.0167846679688,1514.8360290527344,1867.0821952819824,1433.086036682129,1867.0,1433.0,True,1867.0,1433.0,True,1867.0,1433.0,True
16117,auto,ok,16646.0,2137.132049560547,1511.8306121826172,1869.986156463623,1437.0806159973145,1870.0,1437.0,True,1870.0,1437.0,True,1870.0,1437.0,True
16117,human,ok,16508.0,2137.0863647460938,1505.0172119140625,1869.9424285888672,1435.9827880859375,1870.0,1436.0,True,1870.0,1436.0,True,1870.0,1436.0,True
16123,auto,ok,16067.0,2117.7923278808594,1516.9395141601562,1859.1158828735352,1433.9395141601562,1859.0,1434.0,True,1859.0,1434.0,True,1859.0,1434.0,True
16123,human,ok,15889.0,2118.0455627441406,1515.9727783203125,1858.8974342346191,1432.9727783203125,1858.0,1436.0,True,1858.0,1436.0,True,1858.0,1436.0,True
16127,auto,ok,17055.0,2163.1748962402344,1509.0656051635742,1898.8833961486816,1438.9343948364258,1899.0,1439.0,True,1899.0,1439.0,True,1899.0,1439.0,True
16127,human,ok,16983.0,2163.0347595214844,1509.0191497802734,1898.948959350586,1439.0191497802734,1898.0,1442.0,True,1898.0,1442.0,True,1898.0,1442.0,True
16128,auto,ok,16476.0,2144.893585205078,1509.9986572265625,1882.1116218566895,1442.9986572265625,1882.0,1443.0,True,1882.0,1443.0,True,1882.0,1443.0,True
16128,human,ok,16586.0,2142.1087341308594,1510.0957717895508,1882.010841369629,1440.9042282104492,1881.0,1445.0,True,1881.0,1445.0,True,1881.0,1445.0,True
16129,auto,ok,17205.0,2139.7894287109375,1516.0267486572266,1874.0975303649902,1443.0267448425293,1872.0,1450.0,True,1872.0,1450.0,True,1872.0,1450.0,True
16129,human,ok,17205.0,2139.7894287109375,1516.0267486572266,1874.0975303649902,1443.0267448425293,1872.0,1450.0,True,1872.0,1450.0,True,1872.0,1450.0,True
16131,auto,ok,16006.0,2148.829315185547,1522.938575744629,1892.087661743164,1450.938575744629,1891.0,1455.0,True,1891.0,1455.0,True,1891.0,1455.0,True
16131,human,ok,16049.0,2151.9173278808594,1522.0273971557617,1892.035243988037,1450.0273971557617,1891.0,1453.0,True,1891.0,1453.0,True,1891.0,1453.0,True
16132,auto,ok,16511.0,2131.9114990234375,1525.837890625,1876.0952339172363,1447.087890625,1874.0,1453.0,True,1874.0,1453.0,True,1874.0,1453.0,True
16132,human,ok,16511.0,2131.9114990234375,1525.837890625,1876.0952339172363,1447.087890625,1874.0,1453.0,True,1874.0,1453.0,True,1874.0,1453.0,True
16136,auto,ok,15917.0,2119.9369201660156,1522.9535675048828,1867.9517440795898,1439.9535598754883,1867.0,1444.0,True,1867.0,1444.0,True,1867.0,1444.0,True
16136,human,ok,16035.0,2122.155487060547,1521.0187149047852,1866.8963432312012,1444.9812850952148,1867.0,1445.0,True,1867.0,1445.0,True,1867.0,1445.0,True
16149,auto,ok,15056.0,2132.8895263671875,1530.984130859375,1890.044132232666,1454.984130859375,1889.0,1458.0,True,1889.0,1458.0,True,1889.0,1458.0,True
16149,human,ok,15056.0,2132.8895263671875,1530.984130859375,1890.044132232666,1454.984130859375,1889.0,1458.0,True,1889.0,1458.0,True,1889.0,1458.0,True
16150,auto,ok,15428.0,2118.1377563476562,1527.258285522461,1873.8765106201172,1456.008285522461,1873.0,1459.0,True,1873.0,1459.0,True,1873.0,1459.0,True
16150,human,ok,15475.0,2123.112518310547,1521.0431289672852,1874.0083274841309,1456.9568672180176,1873.0,1460.0,True,1873.0,1460.0,True,1873.0,1460.0,True
16153,auto,ok,15465.0,2117.0912475585938,1523.4092330932617,1878.9975700378418,1444.9092330932617,1877.0,1451.0,True,1877.0,1451.0,True,1877.0,1451.0,True
16153,human,ok,15465.0,2117.0912475585938,1523.4092330932617,1878.9975700378418,1444.9092330932617,1877.0,1451.0,True,1877.0,1451.0,True,1877.0,1451.0,True
16156,auto,ok,15208.0,2140.832763671875,1508.1866073608398,1894.1188659667969,1438.936611175537,1893.0,1442.0,True,1893.0,1442.0,True,1893.0,1442.0,True
16156,human,ok,15208.0,2140.832763671875,1508.1866073608398,1894.1188659667969,1438.936611175537,1893.0,1442.0,True,1893.0,1442.0,True,1893.0,1442.0,True
16161,auto,ok,14620.0,2134.0105895996094,1532.0466766357422,1877.0,1485.0,1914.0,1454.0,True,1914.0,1454.0,True,1914.0,1454.0,True
16161,human,ok,14505.0,2135.0513916015625,1532.8409576416016,1877.0,1485.0,1913.0,1456.0,True,1913.0,1456.0,True,1913.0,1456.0,True
16163,auto,ok,15033.0,2111.021759033203,1520.0584259033203,1855.0,1476.0,1890.0,1448.0,True,1890.0,1448.0,True,1890.0,1448.0,True
16163,human,ok,15033.0,2111.021759033203,1520.0584259033203,1855.0,1476.0,1890.0,1448.0,True,1890.0,1448.0,True,1890.0,1448.0,True
16165,auto,ok,14545.0,2127.9762268066406,1517.0405731201172,1902.0800476074219,1442.0405807495117,1902.0,1442.0,True,1902.0,1442.0,True,1902.0,1442.0,True
16165,human,ok,14551.0,2126.9837646484375,1518.0189819335938,1901.9901809692383,1442.018985748291,1902.0,1442.0,True,1902.0,1442.0,True,1902.0,1442.0,True
16169,auto,ok,14710.0,2134.7642517089844,1532.033920288086,1914.1127471923828,1456.0339241027832,1913.0,1459.0,True,1913.0,1459.0,True,1913.0,1459.0,True
16169,human,ok,14851.0,2134.094451904297,1531.0595626831055,1913.9670333862305,1457.0595626831055,1914.0,1457.0,True,1914.0,1457.0,True,1914.0,1457.0,True
16170,auto,ok,15300.0,2118.9893493652344,1527.1663513183594,1892.1108627319336,1450.916347503662,1892.0,1451.0,True,1892.0,1451.0,True,1892.0,1451.0,True
16170,human,ok,15300.0,2118.9893493652344,1527.1663513183594,1892.1108627319336,1450.916347503662,1892.0,1451.0,True,1892.0,1451.0,True,1892.0,1451.0,True
16174,auto,ok,15461.0,2148.9380493164062,1538.0052337646484,1916.9500045776367,1460.0052375793457,1917.0,1460.0,True,1917.0,1460.0,True,1917.0,1460.0,True
16174,human,ok,15203.0,2149.0541381835938,1537.9701690673828,1916.9639129638672,1459.02982711792,1916.0,1462.0,True,1916.0,1462.0,True,1916.0,1462.0,True
16177,auto,ok,14933.0,2134.0118713378906,1537.1744842529297,1896.0302658081055,1460.9244842529297,1896.0,1461.0,True,1896.0,1461.0,True,1896.0,1461.0,True
16177,human,ok,14788.0,2132.13134765625,1539.9171142578125,1895.9124336242676,1461.0828819274902,1896.0,1461.0,True,1896.0,1461.0,True,1896.0,1461.0,True
16188,auto,ok,13323.0,2137.070831298828,1502.0551147460938,1895.0,1470.0,1929.0,1442.0,True,1929.0,1442.0,True,1929.0,1442.0,True
16188,human,ok,13870.0,2132.102020263672,1518.8789672851562,1922.0,1393.0,1929.0,1442.0,True,1929.0,1442.0,True,1929.0,1442.0,True
16189,auto,ok,13616.0,2128.9705505371094,1527.0447998046875,1892.0,1480.0,1926.0,1450.0,True,1926.0,1450.0,True,1926.0,1450.0,True
16189,human,ok,13616.0,2128.9705505371094,1527.0447998046875,1892.0,1480.0,1926.0,1450.0,True,1926.0,1450.0,True,1926.0,1450.0,True
16192,auto,ok,13544.0,2123.7721252441406,1527.047950744629,1915.0594367980957,1458.0716857910156,1915.0,1458.0,True,1915.0,1458.0,True,1915.0,1458.0,True
16192,human,ok,13632.0,2122.9927825927734,1530.8407440185547,1914.93941116333,1456.9518775939941,1915.0,1457.0,True,1915.0,1457.0,True,1915.0,1457.0,True
16193,auto,ok,13714.0,2117.9117126464844,1544.8695678710938,1907.0,1423.0,1914.0,1471.0,True,1914.0,1471.0,True,1914.0,1471.0,True
16193,human,ok,13531.0,2121.898406982422,1528.0053405761719,1881.0,1498.0,1914.0,1471.0,True,1914.0,1471.0,True,1914.0,1471.0,True
16194,auto,ok,14630.0,2126.170852661133,1511.1122207641602,1878.0,1484.0,1913.0,1456.0,True,1913.0,1456.0,True,1913.0,1456.0,True
16194,human,ok,13912.0,2124.0471954345703,1515.158576965332,1912.8976821899414,1455.908576965332,1913.0,1456.0,True,1913.0,1456.0,True,1913.0,1456.0,True
16195,auto,ok,13802.0,2121.1031646728516,1539.5336990356445,1917.9578742980957,1464.0336952209473,1918.0,1464.0,True,1918.0,1464.0,True,1918.0,1464.0,True
16195,human,ok,13928.0,2121.971145629883,1534.948013305664,1884.0,1494.0,1918.0,1465.0,True,1918.0,1465.0,True,1918.0,1465.0,True
16197,auto,ok,14194.0,2113.8280639648438,1515.9912872314453,1905.1146278381348,1452.0087089538574,1905.0,1452.0,True,1905.0,1452.0,True,1905.0,1452.0,True
16197,human,ok,14858.0,2115.1209564208984,1512.9086456298828,1872.0,1479.0,1906.0,1451.0,True,1906.0,1451.0,True,1906.0,1451.0,True
16203,auto,ok,12934.0,2131.001251220703,1498.1586608886719,1896.0,1470.0,1929.0,1439.0,True,1929.0,1439.0,True,1929.0,1439.0,True
16203,human,ok,13058.0,2130.065872192383,1502.9734954833984,1918.0,1395.0,1928.0,1441.0,True,1928.0,1441.0,True,1928.0,1441.0,True
16205,auto,ok,13702.0,2133.0462493896484,1499.0323638916016,1925.938076019287,1444.0323638916016,1926.0,1444.0,True,1926.0,1444.0,True,1926.0,1444.0,True
16205,human,ok,13454.0,2129.9815673828125,1499.0616073608398,1894.0,1474.0,1926.0,1443.0,True,1926.0,1443.0,True,1926.0,1443.0,True
16206,auto,ok,13421.0,2110.815948486328,1515.9949035644531,1902.0,1402.0,1912.0,1448.0,True,1912.0,1448.0,True,1912.0,1448.0,True
16206,human,ok,13421.0,2110.815948486328,1515.9949035644531,1902.0,1402.0,1912.0,1448.0,True,1912.0,1448.0,True,1912.0,1448.0,True
16208,auto,ok,12954.0,2108.1050567626953,1515.9769592285156,1898.0,1405.0,1908.0,1450.0,True,1908.0,1450.0,True,1908.0,1450.0,True
16208,human,ok,12954.0,2108.1050567626953,1515.9769592285156,1898.0,1405.0,1908.0,1450.0,True,1908.0,1450.0,True,1908.0,1450.0,True
16209,auto,ok,13254.0,2109.9419860839844,1529.0484161376953,1903.0,1415.0,1914.0,1458.0,True,1914.0,1458.0,True,1914.0,1458.0,True
16209,human,ok,12927.0,2111.2888793945312,1529.5398406982422,1903.0,1415.0,1914.0,1458.0,True,1914.0,1458.0,True,1914.0,1458.0,True
16211,auto,ok,12763.0,2129.962875366211,1519.1579666137695,1916.0,1415.0,1926.0,1460.0,True,1926.0,1460.0,True,1926.0,1460.0,True
16211,human,ok,12825.0,2130.8578033447266,1516.035530090332,1917.0,1413.0,1926.0,1460.0,True,1926.0,1460.0,True,1926.0,1460.0,True
16213,auto,ok,12988.0,2122.0797729492188,1518.8435745239258,1916.0,1409.0,1925.0,1455.0,True,1925.0,1455.0,True,1925.0,1455.0,True
16213,human,ok,12988.0,2122.0797729492188,1518.8435745239258,1916.0,1409.0,1925.0,1455.0,True,1925.0,1455.0,True,1925.0,1455.0,True
16217,auto,ok,12995.0,2111.837677001953,1520.9852905273438,1908.0,1409.0,1917.0,1453.0,True,1917.0,1453.0,True,1917.0,1453.0,True
16217,human,ok,12954.0,2111.8367462158203,1519.032730102539,1909.0,1407.0,1916.0,1456.0,True,1916.0,1456.0,True,1916.0,1456.0,True
17511,auto,ok,82860.0,2321.7880249023438,1415.6271209716797,1718.2126731872559,1327.1271133422852,1718.0,1327.0,True,1718.0,1327.0,True,1718.0,1327.0,True
17511,human,ok,82928.0,2321.927978515625,1415.6487121582031,1717.8974266052246,1330.1487121582031,1718.0,1330.0,True,1718.0,1330.0,True,1718.0,1330.0,True
17512,auto,ok,80812.0,2317.1266479492188,1426.1048278808594,1728.9155616760254,1334.895164489746,1731.0,1326.0,True,1731.0,1326.0,True,1731.0,1326.0,True
17512,human,ok,81035.0,2324.1281127929688,1418.6879119873047,1730.9009056091309,1326.1879119873047,1731.0,1326.0,True,1731.0,1326.0,True,1731.0,1326.0,True
17513,auto,ok,80991.0,2316.1956787109375,1425.7018432617188,1731.9963836669922,1324.2018356323242,1732.0,1324.0,True,1732.0,1324.0,True,1732.0,1324.0,True
17513,human,ok,80991.0,2316.1956787109375,1425.7018432617188,1731.9963836669922,1324.2018356323242,1732.0,1324.0,True,1732.0,1324.0,True,1732.0,1324.0,True
17514,auto,ok,81442.0,2321.890869140625,1418.678939819336,1722.0955848693848,1329.1789321899414,1722.0,1329.0,True,1722.0,1329.0,True,1722.0,1329.0,True
17514,human,ok,81486.0,2320.8130493164062,1420.0008697509766,1723.0567626953125,1325.000877380371,1723.0,1325.0,True,1723.0,1325.0,True,1723.0,1325.0,True
17517,auto,ok,82565.0,2353.6812744140625,1421.1051483154297,1748.1319732666016,1325.1051483154297,1748.0,1325.0,True,1748.0,1325.0,True,1748.0,1325.0,True
17517,human,ok,81910.0,2350.9292602539062,1422.663101196289,1747.8673515319824,1325.1631088256836,1748.0,1325.0,True,1748.0,1325.0,True,1748.0,1325.0,True
17523,auto,ok,83116.0,2346.2723388671875,1438.663833618164,1745.9182929992676,1350.1638259887695,1746.0,1350.0,True,1746.0,1350.0,True,1746.0,1350.0,True
17523,human,ok,83178.0,2347.0807495117188,1438.8728790283203,1746.1128158569336,1350.1271286010742,1746.0,1350.0,True,1746.0,1350.0,True,1746.0,1350.0,True
17525,auto,ok,82676.0,2342.12255859375,1441.7203216552734,1736.8691635131836,1354.2203216552734,1737.0,1354.0,True,1737.0,1354.0,True,1737.0,1354.0,True
17525,human,ok,83114.0,2339.9356689453125,1445.269027709961,1736.8427925109863,1353.769027709961,1737.0,1354.0,True,1737.0,1354.0,True,1737.0,1354.0,True
17526,auto,ok,83396.0,2347.0526733398438,1456.9910583496094,1746.9891967773438,1359.9910583496094,1747.0,1360.0,True,1747.0,1360.0,True,1747.0,1360.0,True
17526,human,ok,83487.0,2346.149169921875,1454.3163604736328,1747.0898971557617,1358.8163604736328,1747.0,1359.0,True,1747.0,1359.0,True,1747.0,1359.0,True
17528,auto,ok,83076.0,2362.890625,1448.6407623291016,1759.9280433654785,1356.140769958496,1760.0,1356.0,True,1760.0,1356.0,True,1760.0,1356.0,True
17528,human,ok,83076.0,2362.890625,1448.6407623291016,1759.9280433654785,1356.140769958496,1760.0,1356.0,True,1760.0,1356.0,True,1760.0,1356.0,True
17533,auto,ok,82651.0,2347.2161865234375,1446.976318359375,1743.855869293213,1359.023681640625,1745.0,1353.0,True,1745.0,1353.0,True,1745.0,1353.0,True
17533,human,ok,82589.0,2347.1890258789062,1446.9669494628906,1743.839744567871,1357.9669570922852,1744.0,1358.0,True,1744.0,1358.0,True,1744.0,1358.0,True
17535,auto,ok,82377.0,2339.37109375,1459.0368347167969,1737.8165130615234,1361.0368347167969,1738.0,1361.0,True,1738.0,1361.0,True,1738.0,1361.0,True
17535,human,ok,82269.0,2337.8538818359375,1457.6181182861328,1737.835735321045,1361.1181182861328,1738.0,1361.0,True,1738.0,1361.0,True,1738.0,1361.0,True
17540,auto,ok,80856.0,2326.1019897460938,1441.643081665039,1735.9900741577148,1360.143081665039,1736.0,1360.0,True,1736.0,1360.0,True,1736.0,1360.0,True
17540,human,ok,80838.0,2324.7263793945312,1440.0037231445312,1736.150032043457,1360.0037155151367,1736.0,1360.0,True,1736.0,1360.0,True,1736.0,1360.0,True
17543,auto,ok,80996.0,2330.9679565429688,1442.713119506836,1742.0632095336914,1368.2131118774414,1742.0,1368.0,True,1742.0,1368.0,True,1742.0,1368.0,True
17543,human,ok,80994.0,2334.8290405273438,1441.078628540039,1742.2164993286133,1369.0786209106445,1742.0,1369.0,True,1742.0,1369.0,True,1742.0,1369.0,True
17548,auto,ok,80321.0,2348.6793212890625,1423.3473052978516,1748.1447792053223,1353.8473052978516,1748.0,1354.0,True,1748.0,1354.0,True,1748.0,1354.0,True
17548,human,ok,80336.0,2349.21484375,1423.0,1747.929672241211,1353.0,1748.0,1353.0,True,1748.0,1353.0,True,1748.0,1353.0,True
17556,auto,ok,82359.0,2337.7291870117188,1419.8065490722656,1745.1808013916016,1361.008316040039,1745.0,1361.0,True,1745.0,1361.0,True,1745.0,1361.0,True
17556,human,ok,82359.0,2337.7291870117188,1419.8065490722656,1745.1808013916016,1361.008316040039,1745.0,1361.0,True,1745.0,1361.0,True,1745.0,1361.0,True
17557,auto,ok,81050.0,2325.8929443359375,1421.6529388427734,1735.9791221618652,1371.1529388427734,1736.0,1371.0,True,1736.0,1371.0,True,1736.0,1371.0,True
17557,human,ok,81344.0,2322.8009643554688,1422.0947570800781,1735.9807739257812,1371.0947647094727,1736.0,1371.0,True,1736.0,1371.0,True,1736.0,1371.0,True
17560,auto,ok,79537.0,2344.1758422851562,1436.9354858398438,1754.9896965026855,1380.9354782104492,1755.0,1381.0,True,1755.0,1381.0,True,1755.0,1381.0,True
17560,human,ok,79537.0,2344.1758422851562,1436.9354858398438,1754.9896965026855,1380.9354782104492,1755.0,1381.0,True,1755.0,1381.0,True,1755.0,1381.0,True
17562,auto,ok,81113.0,2347.0537109375,1414.1953735351562,1755.9641952514648,1364.8046188354492,1756.0,1365.0,True,1756.0,1365.0,True,1756.0,1365.0,True
17562,human,ok,80737.0,2346.6184692382812,1415.6304321289062,1757.1645851135254,1364.1304397583008,1757.0,1364.0,True,1757.0,1364.0,True,1757.0,1364.0,True
17564,auto,ok,78336.0,2341.885498046875,1413.6920471191406,1754.1465911865234,1366.1920471191406,1754.0,1366.0,True,1754.0,1366.0,True,1754.0,1366.0,True
17564,human,ok,78336.0,2341.885498046875,1413.6920471191406,1754.1465911865234,1366.1920471191406,1754.0,1366.0,True,1754.0,1366.0,True,1754.0,1366.0,True
17565,auto,ok,79059.0,2343.0557861328125,1424.0571746826172,1747.0797271728516,1375.0571823120117,1747.0,1375.0,True,1747.0,1375.0,True,1747.0,1375.0,True
17565,human,ok,78189.0,2339.0520629882812,1425.2032012939453,1746.7986297607422,1375.7967987060547,1747.0,1376.0,True,1747.0,1376.0,True,1747.0,1376.0,True
17567,auto,ok,77508.0,2338.7942504882812,1418.9656829833984,1750.1220474243164,1382.9656829833984,1750.0,1383.0,True,1750.0,1383.0,True,1750.0,1383.0,True
17567,human,ok,77521.0,2337.8277587890625,1421.0213317871094,1750.1672058105469,1382.021339416504,1750.0,1382.0,True,1750.0,1382.0,True,1750.0,1382.0,True
17569,auto,ok,77073.0,2325.8604125976562,1411.9103546142578,1748.2158584594727,1372.9103622436523,1748.0,1373.0,True,1748.0,1373.0,True,1748.0,1373.0,True
17569,human,ok,77196.0,2327.0389404296875,1411.9537506103516,1748.140724182129,1372.046241760254,1748.0,1372.0,True,1748.0,1372.0,True,1748.0,1372.0,True
17574,auto,ok,77046.0,2328.7035522460938,1417.8805541992188,1747.0853271484375,1381.8805618286133,1747.0,1382.0,True,1747.0,1382.0,True,1747.0,1382.0,True
17574,human,ok,76933.0,2331.08203125,1414.7932739257812,1746.9453353881836,1383.2067337036133,1747.0,1383.0,True,1747.0,1383.0,True,1747.0,1383.0,True
17575,auto,ok,76598.0,2320.9583740234375,1416.9800109863281,1744.1944122314453,1383.0199966430664,1744.0,1383.0,True,1744.0,1383.0,True,1744.0,1383.0,True
17575,human,ok,76731.0,2321.8115234375,1419.6531219482422,1744.1678771972656,1383.1531219482422,1744.0,1383.0,True,1744.0,1383.0,True,1744.0,1383.0,True
17577,auto,ok,77200.0,2346.9287109375,1414.6668395996094,1759.094970703125,1376.6650314331055,1759.0,1381.0,True,1759.0,1381.0,True,1759.0,1381.0,True
17577,human,ok,76915.0,2347.0384521484375,1414.9546966552734,1758.960220336914,1374.6870040893555,1759.0,1382.0,True,1759.0,1382.0,True,1759.0,1382.0,True
17584,auto,ok,76743.0,2337.0888671875,1399.8910217285156,1753.7683792114258,1358.891014099121,1754.0,1367.0,True,1754.0,1367.0,True,1754.0,1367.0,True
17584,human,ok,76634.0,2338.240478515625,1399.9038391113281,1753.9378662109375,1358.9038391113281,1754.0,1367.0,True,1754.0,1367.0,True,1754.0,1367.0,True
17585,auto,ok,77075.0,2325.1532592773438,1418.0025482177734,1747.8368911743164,1376.002540588379,1748.0,1376.0,True,1748.0,1376.0,True,1748.0,1376.0,True
17585,human,ok,77692.0,2325.9638671875,1414.0660705566406,1747.857421875,1376.933937072754,1748.0,1377.0,True,1748.0,1377.0,True,1748.0,1377.0,True
17586,auto,ok,78127.0,2329.1959228515625,1416.1351623535156,1760.8693771362305,1381.8648376464844,1761.0,1382.0,True,1761.0,1382.0,True,1761.0,1382.0,True
17586,human,ok,78189.0,2332.0748291015625,1417.0838317871094,1761.9922714233398,1376.0838241577148,1761.0,1382.0,True,1761.0,1382.0,True,1761.0,1382.0,True
17588,auto,ok,77967.0,2320.8475341796875,1422.7464294433594,1756.1834335327148,1386.246437072754,1756.0,1386.0,True,1756.0,1386.0,True,1756.0,1386.0,True
17588,human,ok,77967.0,2320.8475341796875,1422.7464294433594,1756.1834335327148,1386.246437072754,1756.0,1386.0,True,1756.0,1386.0,True,1756.0,1386.0,True
17589,auto,ok,78057.0,2324.15771484375,1417.6390838623047,1751.7696533203125,1384.1390914916992,1752.0,1384.0,True,1752.0,1384.0,True,1752.0,1384.0,True
17589,human,ok,77760.0,2325.8881225585938,1420.0967712402344,1752.2440338134766,1382.423599243164,1752.0,1386.0,True,1752.0,1386.0,True,1752.0,1386.0,True
17594,auto,ok,77989.0,2337.9083862304688,1417.3556365966797,1769.9431915283203,1379.8556365966797,1770.0,1380.0,True,1770.0,1380.0,True,1770.0,1380.0,True
17594,human,ok,78052.0,2336.906494140625,1415.0693969726562,1769.9756469726562,1378.0694046020508,1770.0,1378.0,True,1770.0,1378.0,True,1770.0,1378.0,True
17595,auto,ok,78277.0,2343.986328125,1418.8803100585938,1772.2392578125,1381.8803176879883,1772.0,1382.0,True,1772.0,1382.0,True,1772.0,1382.0,True
17595,human,ok,78083.0,2344.2685546875,1414.8973541259766,1771.8209686279297,1380.102638244629,1772.0,1380.0,True,1772.0,1380.0,True,1772.0,1380.0,True
17598,auto,ok,78139.0,2341.035400390625,1412.6705017089844,1769.030605316162,1377.1705017089844,1769.0,1377.0,True,1769.0,1377.0,True,1769.0,1377.0,True
17598,human,ok,78213.0,2341.1670532226562,1416.6474151611328,1767.9095344543457,1381.1474227905273,1768.0,1381.0,True,1768.0,1381.0,True,1768.0,1381.0,True
17600,auto,ok,78317.0,2331.1444702148438,1416.020034790039,1755.9989585876465,1384.0200424194336,1756.0,1384.0,True,1756.0,1384.0,True,1756.0,1384.0,True
17600,human,ok,78116.0,2328.0390625,1414.6482543945312,1756.118740081787,1382.3186340332031,1756.0,1384.0,True,1756.0,1384.0,True,1756.0,1384.0,True
17602,auto,ok,78661.0,2338.3007202148438,1410.9656829833984,1765.799518585205,1379.0343170166016,1766.0,1379.0,True,1766.0,1379.0,True,1766.0,1379.0,True
17602,human,ok,78691.0,2339.2478637695312,1409.9802856445312,1765.7986297607422,1378.9802932739258,1766.0,1379.0,True,1766.0,1379.0,True,1766.0,1379.0,True
17603,auto,ok,75142.0,2308.148193359375,1407.0003051757812,1761.9012145996094,1383.9996871948242,1762.0,1385.0,True,1762.0,1385.0,True,1762.0,1385.0,True
17603,human,ok,75142.0,2308.148193359375,1407.0003051757812,1761.9012145996094,1383.9996871948242,1762.0,1385.0,True,1762.0,1385.0,True,1762.0,1385.0,True
17606,auto,ok,75199.0,2313.2531127929688,1406.888168334961,1763.8282470703125,1387.888168334961,1764.0,1389.0,True,1764.0,1389.0,True,1764.0,1389.0,True
17606,human,ok,75199.0,2313.2531127929688,1406.888168334961,1763.8282470703125,1387.888168334961,1764.0,1389.0,True,1764.0,1389.0,True,1764.0,1389.0,True
17607,auto,ok,73727.0,2322.1818237304688,1432.8769073486328,1782.0454635620117,1398.1230926513672,1782.0,1405.0,True,1782.0,1405.0,True,1782.0,1405.0,True
17607,human,ok,74341.0,2324.162109375,1428.9454040527344,1782.05859375,1397.0545959472656,1782.0,1404.0,True,1782.0,1404.0,True,1782.0,1404.0,True
17609,auto,ok,74610.0,2331.0299072265625,1422.9207305908203,1787.1674880981445,1391.9207305908203,1787.0,1398.0,True,1787.0,1398.0,True,1787.0,1398.0,True
17609,human,ok,74567.0,2327.8200073242188,1420.0696716308594,1787.1790237426758,1392.0696716308594,1787.0,1398.0,True,1787.0,1398.0,True,1787.0,1398.0,True
17612,auto,ok,74823.0,2321.2485961914062,1423.2858428955078,1773.7858200073242,1394.7858505249023,1774.0,1405.0,True,1774.0,1405.0,True,1774.0,1405.0,True
17612,human,ok,74798.0,2319.128173828125,1426.7447662353516,1773.9567108154297,1394.244773864746,1774.0,1404.0,True,1774.0,1404.0,True,1774.0,1404.0,True
17614,auto,ok,74669.0,2318.6878051757812,1420.9823913574219,1774.2338180541992,1392.9823913574219,1774.0,1401.0,True,1774.0,1401.0,True,1774.0,1401.0,True
17614,human,ok,74801.0,2318.1786499023438,1419.9879455566406,1774.0475845336914,1394.0120468139648,1774.0,1400.0,True,1774.0,1400.0,True,1774.0,1400.0,True
17615,auto,ok,74479.0,2319.1640014648438,1405.7825622558594,1778.0573272705078,1373.2174377441406,1778.0,1380.0,True,1778.0,1380.0,True,1778.0,1380.0,True
17615,human,ok,75058.0,2325.7540283203125,1403.345947265625,1778.2479934692383,1370.845947265625,1778.0,1380.0,True,1778.0,1380.0,True,1778.0,1380.0,True
17618,auto,ok,75112.0,2314.0655517578125,1420.6768493652344,1768.0783233642578,1388.1768493652344,1768.0,1398.0,True,1768.0,1398.0,True,1768.0,1398.0,True
17618,human,ok,75156.0,2312.1618041992188,1419.8092651367188,1769.0588150024414,1390.1907272338867,1769.0,1396.0,True,1769.0,1396.0,True,1769.0,1396.0,True
17619,auto,ok,70659.0,2319.7328491210938,1399.0487823486328,1800.1658172607422,1375.0487899780273,1799.0,1390.0,True,1799.0,1390.0,True,1799.0,1390.0,True
17619,human,ok,70659.0,2319.7328491210938,1399.0487823486328,1800.1658172607422,1375.0487899780273,1799.0,1390.0,True,1799.0,1390.0,True,1799.0,1390.0,True
17624,auto,ok,70266.0,2317.1130981445312,1417.152603149414,1744.0,1473.0,1805.0,1394.0,True,1805.0,1394.0,True,1805.0,1394.0,True
17624,human,ok,70435.0,2317.6217041015625,1418.0059814453125,1744.0,1472.0,1805.0,1394.0,True,1805.0,1394.0,True,1805.0,1394.0,True
17629,auto,ok,70313.0,2316.9571533203125,1409.374252319336,1801.163932800293,1383.874252319336,1801.0,1390.0,True,1801.0,1390.0,True,1801.0,1390.0,True
17629,human,ok,70313.0,2316.9571533203125,1409.374252319336,1801.163932800293,1383.874252319336,1801.0,1390.0,True,1801.0,1390.0,True,1801.0,1390.0,True
17630,auto,ok,70270.0,2309.2105712890625,1408.339614868164,1735.0,1470.0,1796.0,1392.0,True,1796.0,1392.0,True,1796.0,1392.0,True
17630,human,ok,70270.0,2309.2105712890625,1408.339614868164,1735.0,1470.0,1796.0,1392.0,True,1796.0,1392.0,True,1796.0,1392.0,True
17634,auto,ok,70258.0,2317.3222045898438,1398.0829162597656,1798.7851867675781,1378.9170837402344,1799.0,1385.0,True,1799.0,1385.0,True,1799.0,1385.0,True
17634,human,ok,70287.0,2316.1279907226562,1403.3463745117188,1799.0892028808594,1378.8463745117188,1799.0,1384.0,True,1799.0,1384.0,True,1799.0,1384.0,True
17646,auto,ok,67873.0,2298.3671264648438,1408.140869140625,1742.0,1465.0,1801.0,1385.0,True,1801.0,1385.0,True,1801.0,1385.0,True
17646,human,ok,67752.0,2298.963134765625,1406.0738525390625,1801.2001419067383,1383.0738525390625,1801.0,1384.0,True,1801.0,1384.0,True,1801.0,1384.0,True
17647,auto,ok,68097.0,2307.1290283203125,1413.8865509033203,1810.996078491211,1384.8865432739258,1811.0,1392.0,True,1811.0,1392.0,True,1811.0,1392.0,True
17647,human,ok,68317.0,2307.0992431640625,1412.957992553711,1810.9338302612305,1384.042007446289,1811.0,1392.0,True,1811.0,1392.0,True,1811.0,1392.0,True
17655,auto,ok,63155.0,2287.9808959960938,1411.3226318359375,1771.0,1453.0,1827.0,1380.0,True,1827.0,1380.0,True,1827.0,1380.0,True
17655,human,ok,63096.0,2288.2633056640625,1412.9244995117188,1771.0,1453.0,1827.0,1378.0,True,1827.0,1378.0,True,1827.0,1378.0,True
17696,auto,ok,18605.0,2190.0098571777344,1462.8159103393555,1889.0039863586426,1440.0659103393555,1888.0,1445.0,True,1888.0,1445.0,True,1888.0,1445.0,True
17696,human,ok,18972.0,2189.0829162597656,1457.9986877441406,1887.9447174072266,1444.001308441162,1888.0,1444.0,True,1888.0,1444.0,True,1888.0,1444.0,True
17698,auto,no_detections,,,,,,,,,,,,,,
17698,human,ok,19055.0,2173.824676513672,1479.0366516113281,1872.0726737976074,1462.0366477966309,1872.0,1462.0,True,1872.0,1462.0,True,1872.0,1462.0,True
17705,auto,ok,18008.0,2173.0225219726562,1460.8532257080078,1877.9908256530762,1434.1032218933105,1878.0,1434.0,True,1878.0,1434.0,True,1878.0,1434.0,True
17705,human,ok,17758.0,2173.1902465820312,1460.0056838989258,1877.9016151428223,1435.0056838989258,1878.0,1435.0,True,1878.0,1435.0,True,1878.0,1435.0,True
17707,auto,ok,18888.0,2178.9180297851562,1458.0107192993164,1884.1146659851074,1434.0107192993164,1884.0,1434.0,True,1884.0,1434.0,True,1884.0,1434.0,True
17707,human,ok,19150.0,2179.096954345703,1458.9706115722656,1884.018699645996,1436.0293884277344,1884.0,1436.0,True,1884.0,1436.0,True,1884.0,1436.0,True
17709,auto,ok,18656.0,2184.002899169922,1463.9505462646484,1888.9657440185547,1436.9505462646484,1889.0,1437.0,True,1889.0,1437.0,True,1889.0,1437.0,True
17709,human,ok,18453.0,2184.106201171875,1462.070297241211,1888.9291915893555,1437.9296989440918,1889.0,1438.0,True,1889.0,1438.0,True,1889.0,1438.0,True
17712,auto,ok,18379.0,2173.9280700683594,1427.0484924316406,1879.1002311706543,1409.048496246338,1879.0,1412.0,True,1879.0,1412.0,True,1879.0,1412.0,True
17712,human,ok,18366.0,2174.0745849609375,1427.0098724365234,1879.0336151123047,1408.9901313781738,1878.0,1418.0,True,1878.0,1418.0,True,1878.0,1418.0,True
17713,auto,laser_off_all_fish,,,,,,,,,,,,,,
17713,human,laser_off_all_fish,,,,,,,,,,,,,,
17717,auto,ok,17344.0,2190.9889526367188,1448.1162490844727,1896.0073547363281,1435.6298828125,1896.0,1440.0,True,1896.0,1440.0,True,1896.0,1440.0,True
17717,human,ok,17344.0,2190.9889526367188,1448.1162490844727,1896.0073547363281,1435.6298828125,1896.0,1440.0,True,1896.0,1440.0,True,1896.0,1440.0,True
17730,auto,ok,17684.0,2182.961212158203,1452.9664688110352,1889.019676208496,1440.9664688110352,1889.0,1446.0,True,1889.0,1446.0,True,1889.0,1446.0,True
17730,human,ok,17684.0,2182.961212158203,1452.9664688110352,1889.019676208496,1440.9664688110352,1889.0,1446.0,True,1889.0,1446.0,True,1889.0,1446.0,True
17732,auto,ok,17559.0,2177.7666625976562,1455.0339546203613,1884.1197128295898,1443.0339546203613,1884.0,1449.0,True,1884.0,1449.0,True,1884.0,1449.0,True
17732,human,ok,17760.0,2178.049530029297,1455.1377792358398,1884.893669128418,1445.887783050537,1885.0,1446.0,True,1885.0,1446.0,True,1885.0,1446.0,True
17737,auto,ok,17109.0,2174.0540466308594,1450.9936332702637,1882.9639739990234,1444.0063667297363,1883.0,1444.0,True,1883.0,1444.0,True,1883.0,1444.0,True
17737,human,ok,17146.0,2178.976837158203,1451.8203315734863,1882.0160789489746,1439.0703315734863,1882.0,1446.0,True,1882.0,1446.0,True,1882.0,1446.0,True
17738,auto,ok,17641.0,2181.062713623047,1454.0097618103027,1883.9296379089355,1440.0097618103027,1884.0,1446.0,True,1884.0,1446.0,True,1884.0,1446.0,True
17738,human,ok,17787.0,2180.9457397460938,1451.9508934020996,1884.0477180480957,1440.9508934020996,1884.0,1445.0,True,1884.0,1445.0,True,1884.0,1445.0,True
17742,auto,ok,17288.0,2186.026092529297,1451.0282821655273,1895.0820198059082,1433.0282821655273,1895.0,1444.0,True,1895.0,1444.0,True,1895.0,1444.0,True
17742,human,ok,17584.0,2188.097930908203,1450.438949584961,1895.9443855285645,1435.938949584961,1896.0,1441.0,True,1896.0,1441.0,True,1896.0,1441.0,True
17744,auto,ok,17076.0,2191.002197265625,1447.8521308898926,1899.0755996704102,1434.1021308898926,1899.0,1442.0,True,1899.0,1442.0,True,1899.0,1442.0,True
17744,human,ok,17273.0,2191.0181579589844,1448.1779861450195,1899.085105895996,1433.9279861450195,1899.0,1441.0,True,1899.0,1441.0,True,1899.0,1441.0,True
17753,auto,ok,17294.0,2184.1099243164062,1461.8603210449219,1893.9904518127441,1441.1103210449219,1894.0,1450.0,True,1894.0,1450.0,True,1894.0,1450.0,True
17753,human,ok,17228.0,2183.9722900390625,1459.0664443969727,1894.1018028259277,1441.9335556030273,1894.0,1449.0,True,1894.0,1449.0,True,1894.0,1449.0,True
17755,auto,ok,17502.0,2178.8960876464844,1449.9513397216797,1890.0105934143066,1438.9513397216797,1890.0,1446.0,True,1890.0,1446.0,True,1890.0,1446.0,True
17755,human,ok,17502.0,2178.8960876464844,1449.9513397216797,1890.0105934143066,1438.9513397216797,1890.0,1446.0,True,1890.0,1446.0,True,1890.0,1446.0,True
17759,auto,ok,17797.0,2180.9625244140625,1452.8248405456543,1891.0856170654297,1443.0748405456543,1891.0,1444.0,True,1891.0,1444.0,True,1891.0,1444.0,True
17759,human,ok,17879.0,2179.9605102539062,1452.9614601135254,1890.943000793457,1444.0385398864746,1891.0,1445.0,True,1891.0,1445.0,True,1891.0,1445.0,True
17760,auto,ok,17952.0,2182.9734802246094,1453.1721878051758,1893.1050071716309,1442.9221878051758,1893.0,1446.0,True,1893.0,1446.0,True,1893.0,1446.0,True
17760,human,ok,17348.0,2181.999053955078,1452.9450721740723,1893.123592376709,1440.9450721740723,1893.0,1448.0,True,1893.0,1448.0,True,1893.0,1448.0,True
17761,auto,ok,17716.0,2192.003204345703,1453.8498229980469,1903.0367698669434,1440.0998229980469,1903.0,1449.0,True,1903.0,1449.0,True,1903.0,1449.0,True
17761,human,ok,17930.0,2191.0640869140625,1453.9796829223633,1903.9572792053223,1443.0203170776367,1904.0,1446.0,True,1904.0,1446.0,True,1904.0,1446.0,True
17762,auto,ok,17931.0,2187.0205993652344,1448.8209762573242,1898.0570373535156,1440.0709762573242,1898.0,1440.0,True,1898.0,1440.0,True,1898.0,1440.0,True
17762,human,ok,17931.0,2187.0205993652344,1448.8209762573242,1898.0570373535156,1440.0709762573242,1898.0,1440.0,True,1898.0,1440.0,True,1898.0,1440.0,True
17763,auto,ok,18531.0,2184.954071044922,1454.8665313720703,1895.045150756836,1444.1165313720703,1895.0,1447.0,True,1895.0,1447.0,True,1895.0,1447.0,True
17763,human,ok,18467.0,2185.9798583984375,1455.0253295898438,1895.086025238037,1445.0253257751465,1895.0,1446.0,True,1895.0,1446.0,True,1895.0,1446.0,True
17765,auto,ok,18011.0,2174.963592529297,1456.0375061035156,1891.9943046569824,1444.037509918213,1892.0,1450.0,True,1892.0,1450.0,True,1892.0,1450.0,True
17765,human,ok,17743.0,2174.966522216797,1455.0365142822266,1892.9819869995117,1445.0365104675293,1893.0,1446.0,True,1893.0,1446.0,True,1893.0,1446.0,True
17766,auto,ok,17691.0,2181.9017639160156,1470.0233840942383,1899.9739074707031,1458.023380279541,1900.0,1461.0,True,1900.0,1461.0,True,1900.0,1461.0,True
17766,human,ok,17691.0,2181.9017639160156,1470.0233840942383,1899.9739074707031,1458.023380279541,1900.0,1461.0,True,1900.0,1461.0,True,1900.0,1461.0,True
17768,auto,ok,17356.0,2176.0035705566406,1469.0060577392578,1892.1048431396484,1455.0060577392578,1892.0,1464.0,True,1892.0,1464.0,True,1892.0,1464.0,True
17768,human,ok,17286.0,2175.10595703125,1467.1339149475098,1892.878849029541,1458.8839149475098,1893.0,1459.0,True,1893.0,1459.0,True,1893.0,1459.0,True
17771,auto,ok,17975.0,2172.884307861328,1458.1364440917969,1891.084945678711,1448.8864402770996,1891.0,1449.0,True,1891.0,1449.0,True,1891.0,1449.0,True
17771,human,ok,18059.0,2173.8287048339844,1461.040512084961,1890.0776176452637,1446.0405082702637,1890.0,1453.0,True,1890.0,1453.0,True,1890.0,1453.0,True
17773,auto,ok,17522.0,2171.927490234375,1464.6994934082031,1890.9111366271973,1458.9494934082031,1891.0,1461.0,True,1891.0,1461.0,True,1891.0,1461.0,True
17773,human,ok,17522.0,2171.927490234375,1464.6994934082031,1890.9111366271973,1458.9494934082031,1891.0,1461.0,True,1891.0,1461.0,True,1891.0,1461.0,True
17776,auto,ok,17311.0,2189.1544494628906,1455.8861846923828,1905.8970260620117,1444.1138153076172,1906.0,1451.0,True,1906.0,1451.0,True,1906.0,1451.0,True
17776,human,ok,17392.0,2189.0029296875,1456.1463241577148,1906.0437049865723,1444.8963241577148,1906.0,1450.0,True,1906.0,1450.0,True,1906.0,1450.0,True
17784,auto,ok,18028.0,2171.8963623046875,1462.8614044189453,1900.0271110534668,1451.111400604248,1900.0,1460.0,True,1900.0,1460.0,True,1900.0,1460.0,True
17784,human,ok,18089.0,2172.0880432128906,1462.1566925048828,1899.9730644226074,1450.9066886901855,1900.0,1459.0,True,1900.0,1459.0,True,1900.0,1459.0,True
17785,auto,ok,17698.0,2169.1776733398438,1461.9816589355469,1894.881555557251,1448.0183372497559,1895.0,1456.0,True,1895.0,1456.0,True,1895.0,1456.0,True
17785,human,ok,17824.0,2170.0432739257812,1463.1799926757812,1894.98872756958,1448.9299964904785,1895.0,1456.0,True,1895.0,1456.0,True,1895.0,1456.0,True
17786,auto,ok,17798.0,2168.015167236328,1457.9633102416992,1896.9090156555176,1449.9633102416992,1897.0,1452.0,True,1897.0,1452.0,True,1897.0,1452.0,True
17786,human,ok,17798.0,2168.015167236328,1457.9633102416992,1896.9090156555176,1449.9633102416992,1897.0,1452.0,True,1897.0,1452.0,True,1897.0,1452.0,True
17787,auto,ok,17616.0,2170.0938110351562,1459.9436569213867,1898.9945526123047,1448.9436569213867,1899.0,1453.0,True,1899.0,1453.0,True,1899.0,1453.0,True
17787,human,ok,17537.0,2169.851776123047,1457.0491409301758,1898.1179084777832,1444.0491409301758,1898.0,1456.0,True,1898.0,1456.0,True,1898.0,1456.0,True
17791,auto,ok,17037.0,2171.9667053222656,1456.0795593261719,1900.0221900939941,1441.9204406738281,1900.0,1452.0,True,1900.0,1452.0,True,1900.0,1452.0,True
17791,human,ok,17088.0,2173.0140380859375,1456.0300903320312,1899.9906406402588,1441.9699096679688,1900.0,1451.0,True,1900.0,1451.0,True,1900.0,1451.0,True
17793,auto,ok,17558.0,2170.0458068847656,1455.1419372558594,1898.9895095825195,1443.891933441162,1899.0,1446.0,True,1899.0,1446.0,True,1899.0,1446.0,True
17793,human,ok,17671.0,2169.0269775390625,1455.1609954833984,1898.9484214782715,1444.9109916687012,1899.0,1445.0,True,1899.0,1445.0,True,1899.0,1445.0,True
17796,auto,ok,17876.0,2173.0928955078125,1455.1493530273438,1900.987060546875,1438.8993530273438,1901.0,1448.0,True,1901.0,1448.0,True,1901.0,1448.0,True
17796,human,ok,17876.0,2173.0928955078125,1455.1493530273438,1900.987060546875,1438.8993530273438,1901.0,1448.0,True,1901.0,1448.0,True,1901.0,1448.0,True
17805,auto,ok,17659.0,2158.0944213867188,1453.9149475097656,1891.9370498657227,1445.085048675537,1892.0,1446.0,True,1892.0,1446.0,True,1892.0,1446.0,True
17805,human,ok,17618.0,2158.0858459472656,1455.0527572631836,1892.0229377746582,1443.0527572631836,1892.0,1446.0,True,1892.0,1446.0,True,1892.0,1446.0,True
17806,auto,ok,17116.0,2165.9146728515625,1459.1260528564453,1901.1060256958008,1445.8760528564453,1901.0,1448.0,True,1901.0,1448.0,True,1901.0,1448.0,True
17806,human,ok,17046.0,2167.0883178710938,1459.0387725830078,1900.028736114502,1443.038776397705,1900.0,1453.0,True,1900.0,1453.0,True,1900.0,1453.0,True
17808,auto,ok,17103.0,2167.0572204589844,1463.1372909545898,1901.9045028686523,1451.8872909545898,1902.0,1456.0,True,1902.0,1456.0,True,1902.0,1456.0,True
17808,human,ok,17147.0,2166.9575805664062,1462.8145065307617,1901.9859466552734,1452.0645065307617,1902.0,1456.0,True,1902.0,1456.0,True,1902.0,1456.0,True
17810,auto,ok,17466.0,2180.878387451172,1451.014793395996,1918.0696983337402,1439.014793395996,1918.0,1446.0,True,1918.0,1446.0,True,1918.0,1446.0,True
17810,human,ok,17466.0,2180.878387451172,1451.014793395996,1918.0696983337402,1439.014793395996,1918.0,1446.0,True,1918.0,1446.0,True,1918.0,1446.0,True
17811,auto,ok,17340.0,2174.903350830078,1448.0182189941406,1912.0585670471191,1438.018222808838,1912.0,1440.0,True,1912.0,1440.0,True,1912.0,1440.0,True
17811,human,ok,17340.0,2174.903350830078,1448.0182189941406,1912.0585670471191,1438.018222808838,1912.0,1440.0,True,1912.0,1440.0,True,1912.0,1440.0,True
17812,auto,ok,17350.0,2163.940185546875,1455.1435852050781,1903.0896186828613,1440.8935852050781,1903.0,1447.0,True,1903.0,1447.0,True,1903.0,1447.0,True
17812,human,ok,17359.0,2165.9684143066406,1455.129737854004,1902.918788909912,1439.8797416687012,1903.0,1446.0,True,1903.0,1446.0,True,1903.0,1446.0,True
17814,auto,ok,17201.0,2173.049041748047,1453.0191497802734,1909.957992553711,1440.0191497802734,1910.0,1444.0,True,1910.0,1444.0,True,1910.0,1444.0,True
17814,human,ok,16695.0,2173.928192138672,1450.153652191162,1910.1046714782715,1439.903652191162,1910.0,1445.0,True,1910.0,1445.0,True,1910.0,1445.0,True
17816,auto,ok,17287.0,2166.03564453125,1469.0068588256836,1901.9642181396484,1458.0068550109863,1902.0,1463.0,True,1902.0,1463.0,True,1902.0,1463.0,True
17816,human,ok,17316.0,2165.97607421875,1468.0195007324219,1901.92919921875,1456.0195007324219,1902.0,1464.0,True,1902.0,1464.0,True,1902.0,1464.0,True
17823,auto,ok,17678.0,2174.0065307617188,1460.8186569213867,1882.0,1492.0,1908.0,1456.0,True,1908.0,1456.0,True,1908.0,1456.0,True
17823,human,ok,17622.0,2174.8839416503906,1462.5729217529297,1907.9364395141602,1446.0729217529297,1908.0,1455.0,True,1908.0,1455.0,True,1908.0,1455.0,True
17824,auto,ok,16993.0,2172.9715270996094,1459.0521125793457,1907.922534942627,1450.0521125793457,1908.0,1450.0,True,1908.0,1450.0,True,1908.0,1450.0,True
17824,human,ok,16952.0,2172.0206298828125,1459.018569946289,1906.9699115753174,1445.018569946289,1907.0,1454.0,True,1907.0,1454.0,True,1907.0,1454.0,True
17825,auto,ok,17671.0,2166.9370727539062,1453.9940872192383,1903.1230926513672,1440.9940872192383,1903.0,1444.0,True,1903.0,1444.0,True,1903.0,1444.0,True
17825,human,ok,17671.0,2166.9370727539062,1453.9940872192383,1903.1230926513672,1440.9940872192383,1903.0,1444.0,True,1903.0,1444.0,True,1903.0,1444.0,True
17826,auto,ok,17522.0,2178.0119018554688,1453.812858581543,1912.921443939209,1444.0628547668457,1913.0,1445.0,True,1913.0,1445.0,True,1913.0,1445.0,True
17826,human,ok,17539.0,2178.0119018554688,1454.812858581543,1912.921443939209,1442.0628547668457,1913.0,1446.0,True,1913.0,1446.0,True,1913.0,1446.0,True
17836,auto,ok,16531.0,2158.9483337402344,1466.8632888793945,1905.1230545043945,1448.1132926940918,1905.0,1454.0,True,1905.0,1454.0,True,1905.0,1454.0,True
17836,human,ok,16486.0,2159.0645751953125,1466.1800155639648,1877.0,1490.0,1905.0,1455.0,True,1905.0,1455.0,True,1905.0,1455.0,True
17839,auto,ok,16673.0,2166.994842529297,1463.1397018432617,1916.9669456481934,1444.8884391784668,1917.0,1446.0,True,1917.0,1446.0,True,1917.0,1446.0,True
17839,human,ok,16673.0,2166.994842529297,1463.1397018432617,1916.9669456481934,1444.8884391784668,1917.0,1446.0,True,1917.0,1446.0,True,1917.0,1446.0,True
17841,auto,ok,17191.0,2174.095428466797,1460.063575744629,1893.0,1484.0,1921.0,1448.0,True,1921.0,1448.0,True,1921.0,1448.0,True
17841,human,ok,17191.0,2174.095428466797,1460.063575744629,1893.0,1484.0,1921.0,1448.0,True,1921.0,1448.0,True,1921.0,1448.0,True
17842,auto,ok,16817.0,2168.043975830078,1453.8490371704102,1917.966651916504,1437.0990371704102,1918.0,1442.0,True,1918.0,1442.0,True,1918.0,1442.0,True
17842,human,ok,16804.0,2163.959991455078,1436.017765045166,1918.0266647338867,1435.6609191894531,1918.0,1442.0,True,1918.0,1442.0,True,1918.0,1442.0,True
17844,auto,ok,16777.0,2164.180206298828,1457.0058517456055,1886.0,1482.0,1914.0,1445.0,True,1914.0,1445.0,True,1914.0,1445.0,True
17844,human,ok,16918.0,2164.152557373047,1458.0662307739258,1913.8983001708984,1440.9337730407715,1914.0,1446.0,True,1914.0,1446.0,True,1914.0,1446.0,True
17850,auto,ok,16026.0,2156.0655822753906,1455.9442825317383,1893.0,1478.0,1919.0,1446.0,True,1919.0,1446.0,True,1919.0,1446.0,True
17850,human,ok,15771.0,2155.9292602539062,1456.993019104004,1920.0471267700195,1438.9930229187012,1920.0,1444.0,True,1920.0,1444.0,True,1920.0,1444.0,True
17851,auto,ok,15697.0,2157.9398193359375,1462.0216903686523,1895.0,1482.0,1921.0,1450.0,True,1921.0,1450.0,True,1921.0,1450.0,True
17851,human,ok,15697.0,2157.9398193359375,1462.0216903686523,1895.0,1482.0,1921.0,1450.0,True,1921.0,1450.0,True,1921.0,1450.0,True
17855,auto,ok,15730.0,2157.9693298339844,1453.9838638305664,1922.0607223510742,1435.3655738830566,1922.0,1436.0,True,1922.0,1436.0,True,1922.0,1436.0,True
17855,human,ok,15883.0,2158.9652404785156,1452.0223388671875,1921.0293006896973,1433.2563018798828,1921.0,1439.0,True,1921.0,1439.0,True,1921.0,1439.0,True
17860,auto,ok,16038.0,2140.9348754882812,1459.9785079956055,1881.0,1484.0,1907.0,1451.0,True,1907.0,1451.0,True,1907.0,1451.0,True
17860,human,ok,15580.0,2142.091796875,1461.9106101989746,1906.9388103485107,1443.2796745300293,1907.0,1451.0,True,1907.0,1451.0,True,1907.0,1451.0,True
17863,auto,ok,16076.0,2161.0535278320312,1464.9991302490234,1895.0,1488.0,1921.0,1456.0,True,1921.0,1456.0,True,1921.0,1456.0,True
17863,human,ok,16106.0,2160.9617614746094,1463.8266143798828,1895.0,1487.0,1921.0,1455.0,True,1921.0,1455.0,True,1921.0,1455.0,True
17865,auto,ok,16127.0,2156.1384887695312,1461.0148162841797,1917.9076747894287,1445.3756790161133,1918.0,1452.0,True,1918.0,1452.0,True,1918.0,1452.0,True
17865,human,ok,16266.0,2155.142852783203,1462.9632110595703,1918.904764175415,1446.0367889404297,1919.0,1448.0,True,1919.0,1448.0,True,1919.0,1448.0,True
17866,auto,ok,15788.0,2158.0030822753906,1468.8380889892578,1917.0488910675049,1451.0880889892578,1917.0,1461.0,True,1917.0,1461.0,True,1917.0,1461.0,True
17866,human,ok,15894.0,2157.8092041015625,1469.867561340332,1891.0,1493.0,1917.0,1461.0,True,1917.0,1461.0,True,1917.0,1461.0,True
17867,auto,ok,15649.0,2155.924102783203,1468.9617385864258,1915.0122833251953,1453.9617347717285,1915.0,1462.0,True,1915.0,1462.0,True,1915.0,1462.0,True
17867,human,ok,15307.0,2155.9754943847656,1469.0624542236328,1914.9744281768799,1455.0624542236328,1915.0,1462.0,True,1915.0,1462.0,True,1915.0,1462.0,True
17870,auto,ok,15789.0,2157.082061767578,1464.0331802368164,1919.9452934265137,1449.9668197631836,1920.0,1452.0,True,1920.0,1452.0,True,1920.0,1452.0,True
17870,human,ok,15789.0,2157.082061767578,1464.0331802368164,1919.9452934265137,1449.9668197631836,1920.0,1452.0,True,1920.0,1452.0,True,1920.0,1452.0,True
17871,auto,ok,14718.0,2138.9261627197266,1472.897232055664,1917.0492210388184,1459.102767944336,1917.0,1459.0,True,1917.0,1459.0,True,1917.0,1459.0,True
17871,human,ok,14753.0,2139.9012145996094,1476.0263442993164,1917.0399703979492,1459.0263481140137,1917.0,1459.0,True,1917.0,1459.0,True,1917.0,1459.0,True
17877,auto,ok,14753.0,2148.053253173828,1464.1134033203125,1898.0,1483.0,1925.0,1446.0,True,1925.0,1446.0,True,1925.0,1446.0,True
17877,human,ok,14640.0,2147.995590209961,1462.8786926269531,1925.0029373168945,1446.1213035583496,1925.0,1446.0,True,1925.0,1446.0,True,1925.0,1446.0,True
17883,auto,ok,14792.0,2161.8795013427734,1462.0991744995117,1939.080327987671,1444.9008255004883,1939.0,1445.0,True,1939.0,1445.0,True,1939.0,1445.0,True
17883,human,ok,14823.0,2161.941879272461,1463.174415588379,1938.9896774291992,1444.9244194030762,1939.0,1445.0,True,1939.0,1445.0,True,1939.0,1445.0,True
17885,auto,ok,14786.0,2157.1162719726562,1471.0744934082031,1930.9224853515625,1453.9255104064941,1931.0,1454.0,True,1931.0,1454.0,True,1931.0,1454.0,True
17885,human,ok,14786.0,2157.1162719726562,1471.0744934082031,1930.9224853515625,1453.9255104064941,1931.0,1454.0,True,1931.0,1454.0,True,1931.0,1454.0,True
17888,auto,ok,15249.0,2159.0949096679688,1478.8697357177734,1913.0,1411.0,1932.0,1461.0,True,1932.0,1461.0,True,1932.0,1461.0,True
17888,human,ok,15460.0,2157.9862060546875,1480.1389694213867,1913.0,1411.0,1932.0,1459.0,True,1932.0,1459.0,True,1932.0,1459.0,True
17889,auto,ok,14920.0,2156.055938720703,1475.9662246704102,1910.0,1410.0,1929.0,1457.0,True,1929.0,1457.0,True,1929.0,1457.0,True
17889,human,ok,14995.0,2154.9617919921875,1473.9604568481445,1903.0,1490.0,1930.0,1453.0,True,1930.0,1453.0,True,1930.0,1453.0,True
3339,auto,ok,61779.0,2268.0,1299.0,1900.0,1397.0,1900.0,1397.0,False,1900.0,1397.0,False,1900.0,1397.0,False
3339,human,ok,61389.0,2268.0,1298.0,1900.0,1397.0,1900.0,1397.0,False,1900.0,1397.0,False,1900.0,1397.0,False
3340,auto,ok,60017.0,2267.0,1286.0,1898.0,1398.0,1898.0,1398.0,False,1898.0,1398.0,False,1898.0,1398.0,False
3340,human,ok,61752.0,2273.0,1297.0,1898.0,1401.0,1898.0,1401.0,False,1898.0,1401.0,False,1898.0,1401.0,False
3342,auto,ok,57285.0,2238.7433471679688,1275.161156654358,1905.0,1400.0,1905.0,1400.0,False,1905.0,1400.0,False,1905.0,1400.0,False
3342,human,ok,56422.0,2237.0745239257812,1275.6636562347412,1905.0,1399.0,1905.0,1399.0,False,1905.0,1399.0,False,1905.0,1399.0,False
3343,auto,ok,57229.0,2231.0156860351562,1256.0094842910767,1899.0,1374.0,1899.0,1374.0,False,1899.0,1374.0,False,1899.0,1374.0,False
3343,human,ok,57612.0,2233.2149963378906,1258.8315229415894,1899.0,1373.0,1899.0,1373.0,False,1899.0,1373.0,False,1899.0,1373.0,False
3344,auto,ok,54781.0,2212.0353088378906,1279.6761274337769,1881.0,1399.0,1881.0,1399.0,False,1881.0,1399.0,False,1881.0,1399.0,False
3344,human,ok,54630.0,2212.125274658203,1281.333366394043,1881.0,1398.0,1881.0,1398.0,False,1881.0,1398.0,False,1881.0,1398.0,False
3345,auto,ok,54104.0,2228.0855102539062,1256.10551071167,1902.0,1380.0,1902.0,1380.0,False,1902.0,1380.0,False,1902.0,1380.0,False
3345,human,ok,57758.0,2262.047821044922,1270.1612129211426,1902.0,1379.0,1902.0,1379.0,False,1902.0,1379.0,False,1902.0,1379.0,False
3346,auto,ok,54453.0,2220.6375427246094,1270.7110056877136,1891.0,1390.0,1891.0,1390.0,False,1891.0,1390.0,False,1891.0,1390.0,False
3346,human,ok,54341.0,2222.9686584472656,1270.9494338035583,1892.0,1391.0,1892.0,1391.0,False,1892.0,1391.0,False,1892.0,1391.0,False
3347,auto,ok,56321.0,2215.064239501953,1251.964924812317,1883.0,1371.0,1883.0,1371.0,False,1883.0,1371.0,False,1883.0,1371.0,False
3347,human,ok,57286.0,2216.7569885253906,1252.2954378128052,1883.0,1370.0,1883.0,1370.0,False,1883.0,1370.0,False,1883.0,1370.0,False
3348,auto,ok,60888.0,2278.0,1291.0,1907.0,1398.0,1907.0,1398.0,False,1907.0,1398.0,False,1907.0,1398.0,False
3348,human,ok,60894.0,1906.950749874115,1398.8330688476562,2278.0,1291.0,2165.0,1407.0,True,2165.0,1407.0,True,2165.0,1407.0,True
3349,auto,ok,52926.0,2273.9494018554688,1247.061198234558,1946.0,1367.0,1946.0,1367.0,False,1946.0,1367.0,False,1946.0,1367.0,False
3349,human,ok,52658.0,2271.9725341796875,1247.9803075790405,1947.0,1370.0,1947.0,1370.0,False,1947.0,1370.0,False,1947.0,1370.0,False
3350,auto,ok,54813.0,2236.0433654785156,1252.9284992218018,1909.0,1377.0,1909.0,1377.0,False,1909.0,1377.0,False,1909.0,1377.0,False
3350,human,ok,55596.0,2234.9683227539062,1251.9477338790894,1909.0,1377.0,1909.0,1377.0,False,1909.0,1377.0,False,1909.0,1377.0,False
3351,auto,ok,52908.0,2225.948272705078,1254.003544807434,1900.0,1373.0,1900.0,1373.0,False,1900.0,1373.0,False,1900.0,1373.0,False
3351,human,ok,52869.0,2225.9646911621094,1254.1871004104614,1901.0,1376.0,1901.0,1376.0,False,1901.0,1376.0,False,1901.0,1376.0,False
3352,auto,ok,27813.0,1932.0,1400.0,2190.0,1311.0,2190.0,1311.0,False,2190.0,1311.0,False,2190.0,1311.0,False
3352,human,ok,27875.0,1932.123514175415,1398.976188659668,2178.0,1303.0,2116.0,1358.0,True,2116.0,1358.0,True,2116.0,1358.0,True
3353,auto,ok,28458.0,2153.031005859375,1290.0001020431519,1920.0,1386.0,1920.0,1386.0,False,1920.0,1386.0,False,1920.0,1386.0,False
3353,human,ok,28395.0,2152.9351806640625,1290.8204216957092,1920.0,1386.0,1920.0,1386.0,False,1920.0,1386.0,False,1920.0,1386.0,False
3354,auto,no_detections,,,,,,,,,,,,,,
3354,human,no_detections,,,,,,,,,,,,,,
3355,auto,no_detections,,,,,,,,,,,,,,
3355,human,no_detections,,,,,,,,,,,,,,
3357,auto,laser_off_all_fish,,,,,,,,,,,,,,
3357,human,ok,25531.0,2156.0767364501953,1322.052514076233,1929.0,1411.0,1929.0,1411.0,False,1929.0,1411.0,False,1929.0,1411.0,False
3359,auto,no_detections,,,,,,,,,,,,,,
3359,human,no_detections,,,,,,,,,,,,,,
3365,auto,no_detections,,,,,,,,,,,,,,
3365,human,no_detections,,,,,,,,,,,,,,
3366,auto,no_detections,,,,,,,,,,,,,,
3366,human,no_detections,,,,,,,,,,,,,,
3367,auto,ok,181408.0,2419.0,1346.0,1651.0,1253.0,1800.0,1382.0,True,1800.0,1382.0,True,1800.0,1382.0,True
3367,human,no_detections,,,,,,,,,,,,,,
3368,auto,no_detections,,,,,,,,,,,,,,
3368,human,no_detections,,,,,,,,,,,,,,
3369,auto,no_detections,,,,,,,,,,,,,,
3369,human,no_detections,,,,,,,,,,,,,,
3370,auto,no_detections,,,,,,,,,,,,,,
3370,human,no_detections,,,,,,,,,,,,,,
3371,auto,ok,204238.0,2439.2938232421875,1264.2247314453125,1614.0,1170.0,1783.0,1301.0,True,1783.0,1301.0,True,1783.0,1301.0,True
3371,human,ok,204238.0,2439.2938232421875,1264.2247314453125,1614.0,1170.0,1783.0,1301.0,True,1783.0,1301.0,True,1783.0,1301.0,True
3372,auto,no_detections,,,,,,,,,,,,,,
3372,human,no_detections,,,,,,,,,,,,,,
3373,auto,no_detections,,,,,,,,,,,,,,
3373,human,no_detections,,,,,,,,,,,,,,
3374,auto,no_detections,,,,,,,,,,,,,,
3374,human,no_detections,,,,,,,,,,,,,,
3376,auto,ok,80420.0,2303.0,1376.0,1795.0,1330.0,1795.0,1330.0,False,1795.0,1330.0,False,1795.0,1330.0,False
3376,human,ok,80259.0,2300.0,1375.0,1796.0,1323.0,1796.0,1323.0,False,1796.0,1323.0,False,1796.0,1323.0,False
3377,auto,no_detections,,,,,,,,,,,,,,
3377,human,ok,83389.0,1804.412290096283,1324.941493988037,2320.0,1380.0,2320.0,1380.0,False,2320.0,1380.0,False,2320.0,1380.0,False
3378,auto,no_detections,,,,,,,,,,,,,,
3378,human,ok,85293.0,2332.0,1391.0,1806.0,1332.0,1806.0,1332.0,False,1806.0,1332.0,False,1806.0,1332.0,False
3379,auto,no_detections,,,,,,,,,,,,,,
3379,human,ok,80866.0,2306.0,1366.0,1792.0,1310.0,1792.0,1310.0,False,1792.0,1310.0,False,1792.0,1310.0,False
3380,auto,ok,82416.0,2306.0,1391.0,1792.0,1332.0,1792.0,1332.0,False,1792.0,1332.0,False,1792.0,1332.0,False
3380,human,ok,81990.0,2305.0,1391.0,1792.0,1333.0,1792.0,1333.0,False,1792.0,1333.0,False,1792.0,1333.0,False
3381,auto,ok,93351.0,2293.7769775390625,1368.8962707519531,1739.0,1348.0,1739.0,1348.0,False,1739.0,1348.0,False,1739.0,1348.0,False
3381,human,no_detections,,,,,,,,,,,,,,
3382,auto,no_detections,,,,,,,,,,,,,,
3382,human,no_detections,,,,,,,,,,,,,,
3383,auto,no_detections,,,,,,,,,,,,,,
3383,human,ok,93239.0,2319.133544921875,1361.112678527832,1772.0,1342.0,1772.0,1342.0,False,1772.0,1342.0,False,1772.0,1342.0,False
3384,auto,ok,90099.0,2296.031005859375,1324.9733276367188,1752.0,1277.0,1752.0,1277.0,False,1752.0,1277.0,False,1752.0,1277.0,False
3384,human,no_detections,,,,,,,,,,,,,,
3385,auto,no_detections,,,,,,,,,,,,,,
3385,human,no_detections,,,,,,,,,,,,,,
3386,auto,ok,95675.0,2325.8591918945312,1372.0917892456055,1760.0,1360.0,1760.0,1360.0,False,1760.0,1360.0,False,1760.0,1360.0,False
3386,human,ok,95976.0,2322.0320434570312,1373.9482498168945,1760.0,1360.0,1760.0,1360.0,False,1760.0,1360.0,False,1760.0,1360.0,False
3387,auto,ok,96992.0,2309.0835571289062,1338.959228515625,1745.0,1322.0,1745.0,1322.0,False,1745.0,1322.0,False,1745.0,1322.0,False
3387,human,ok,97036.0,2310.0971069335938,1336.090690612793,1744.0,1311.0,1744.0,1311.0,False,1744.0,1311.0,False,1744.0,1311.0,False
3388,auto,ok,95483.0,2302.9139404296875,1352.108383178711,1736.0,1332.0,1736.0,1332.0,False,1736.0,1332.0,False,1736.0,1332.0,False
3388,human,ok,95477.0,2302.0625,1353.2758407592773,1736.0,1332.0,1813.0,1392.0,True,1813.0,1392.0,True,1813.0,1392.0,True
3389,auto,ok,96558.0,2312.8995361328125,1371.9755172729492,1749.0,1349.0,1827.0,1414.0,True,1827.0,1414.0,True,1827.0,1414.0,True
3389,human,ok,96558.0,2312.8995361328125,1371.9755172729492,1749.0,1349.0,1827.0,1414.0,True,1827.0,1414.0,True,1827.0,1414.0,True
3390,auto,ok,96167.0,2308.5142211914062,1351.3566131591797,1824.2496185302734,1397.8566131591797,1822.0,1393.0,True,1822.0,1393.0,True,1822.0,1393.0,True
3390,human,ok,95915.0,2302.3419189453125,1347.2434616088867,1823.7720413208008,1396.7565307617188,1821.0,1392.0,True,1821.0,1392.0,True,1821.0,1392.0,True
3391,auto,ok,96367.0,2321.0892333984375,1380.702751159668,1762.0,1362.0,1762.0,1362.0,False,1762.0,1362.0,False,1762.0,1362.0,False
3391,human,ok,96183.0,2322.1640014648438,1380.0755157470703,1762.0,1361.0,1762.0,1361.0,False,1762.0,1361.0,False,1762.0,1361.0,False
3392,auto,ok,204922.0,2550.47998046875,1302.5147705078125,1538.974594116211,1234.0147705078125,1539.0,1234.0,True,1539.0,1234.0,True,1539.0,1234.0,True
3392,human,ok,204984.0,2551.01513671875,1297.8943481445312,1539.2625274658203,1233.3943481445312,1538.0,1237.0,True,1538.0,1237.0,True,1538.0,1237.0,True
3393,auto,ok,208815.0,2542.8748779296875,1297.77685546875,1522.583396911621,1224.22314453125,1523.0,1224.0,True,1523.0,1224.0,True,1523.0,1224.0,True
3393,human,ok,208992.0,2541.3609619140625,1297.0680236816406,1522.6098098754883,1223.0680236816406,1523.0,1223.0,True,1523.0,1223.0,True,1523.0,1223.0,True
3394,auto,ok,207205.0,2537.2471923828125,1314.2626037597656,1523.4938430786133,1248.7626037597656,1523.0,1249.0,True,1523.0,1249.0,True,1523.0,1249.0,True
3394,human,ok,207517.0,2537.3751220703125,1311.4625854492188,1523.3710632324219,1247.4625854492188,1522.0,1252.0,True,1522.0,1252.0,True,1522.0,1252.0,True
3396,auto,ok,102515.0,2418.503173828125,1371.3286895751953,1721.9958419799805,1323.8286819458008,1722.0,1324.0,True,1722.0,1324.0,True,1722.0,1324.0,True
3396,human,ok,102671.0,2418.1849975585938,1362.637451171875,1722.2099990844727,1320.8625411987305,1721.0,1326.0,True,1721.0,1326.0,True,1721.0,1326.0,True
3397,auto,ok,99913.0,2407.640869140625,1378.4081420898438,1719.8884201049805,1324.9081497192383,1720.0,1325.0,True,1720.0,1325.0,True,1720.0,1325.0,True
3397,human,ok,99898.0,2405.9285888671875,1375.8086853027344,1720.1761322021484,1322.3086776733398,1719.0,1327.0,True,1719.0,1327.0,True,1719.0,1327.0,True
3398,auto,ok,104922.0,2423.0342407226562,1358.3396301269531,1718.5333862304688,1296.3396301269531,1719.0,1296.0,True,1719.0,1296.0,True,1719.0,1296.0,True
3398,human,ok,104922.0,2423.0342407226562,1358.3396301269531,1718.5333862304688,1296.3396301269531,1719.0,1296.0,True,1719.0,1296.0,True,1719.0,1296.0,True
3399,auto,ok,108411.0,2432.5526733398438,1350.9063873291016,1715.8026428222656,1287.9063873291016,1715.0,1292.0,True,1715.0,1292.0,True,1715.0,1292.0,True
3399,human,ok,108454.0,2432.2767944335938,1353.4122924804688,1714.9821472167969,1283.0877075195312,1714.0,1291.0,True,1714.0,1291.0,True,1714.0,1291.0,True
3400,auto,ok,97847.0,2397.8984375,1382.9077606201172,1718.897720336914,1323.9077606201172,1717.0,1333.0,True,1717.0,1333.0,True,1717.0,1333.0,True
3400,human,ok,97858.0,2396.1547241210938,1377.9905395507812,1716.9023361206055,1328.0233612060547,1716.0,1334.0,True,1716.0,1334.0,True,1716.0,1334.0,True
3402,auto,ok,81128.0,2399.0,1411.0,1786.0,1329.0,1785.0,1333.0,True,1785.0,1333.0,True,1785.0,1333.0,True
3402,human,ok,81128.0,2399.0,1411.0,1786.0,1329.0,1785.0,1333.0,True,1785.0,1333.0,True,1785.0,1333.0,True
3403,auto,ok,81215.0,2397.0,1404.0,1776.25,1314.0,1774.0,1331.0,True,1774.0,1331.0,True,1774.0,1331.0,True
3403,human,ok,81215.0,2397.0,1404.0,1776.25,1314.0,1774.0,1331.0,True,1774.0,1331.0,True,1774.0,1331.0,True
3404,auto,ok,81600.0,2371.0,1422.0,1754.25,1337.0,1753.0,1342.0,True,1753.0,1342.0,True,1753.0,1342.0,True
3404,human,ok,81552.0,2372.0,1422.0,1754.0,1333.0,1751.0,1347.0,True,1751.0,1347.0,True,1751.0,1347.0,True
3405,auto,ok,80389.0,2372.0,1406.0,1759.25,1313.0,1758.0,1318.0,True,1758.0,1318.0,True,1758.0,1318.0,True
3405,human,ok,80753.0,2374.0,1403.0,1759.0,1311.0,1756.0,1323.0,True,1756.0,1323.0,True,1756.0,1323.0,True
3406,auto,ok,79967.0,2375.1263427734375,1416.801773071289,1768.9157638549805,1346.1982192993164,1769.0,1346.0,True,1769.0,1346.0,True,1769.0,1346.0,True
3406,human,ok,79991.0,2375.0,1434.0,1769.0,1346.0,1769.0,1346.0,True,1769.0,1346.0,True,1769.0,1346.0,True
3407,auto,laser_off_all_fish,,,,,,,,,,,,,,
3407,human,ok,79948.0,2374.0,1408.0,1756.0,1324.0,1755.0,1329.0,True,1755.0,1329.0,True,1755.0,1329.0,True
3408,auto,ok,78648.0,2394.0,1422.0,1774.25,1331.0,1772.0,1341.0,True,1772.0,1341.0,True,1772.0,1341.0,True
3408,human,ok,80973.0,2394.0,1421.0,1774.0,1330.0,1772.0,1342.0,True,1772.0,1342.0,True,1772.0,1342.0,True
3409,auto,ok,80291.0,2361.0,1396.0,1745.25,1312.0,1744.0,1316.0,True,1744.0,1316.0,True,1744.0,1316.0,True
3409,human,ok,80535.0,2363.0,1395.0,1746.25,1311.0,1745.0,1316.0,True,1745.0,1316.0,True,1745.0,1316.0,True
3410,auto,ok,143509.0,2469.625,1422.0,1669.75,1283.0,1669.0,1289.0,True,1669.0,1289.0,True,1669.0,1289.0,True
3410,human,ok,143560.0,2469.0,1422.0,1670.0,1281.0,1669.0,1290.0,True,1669.0,1290.0,True,1669.0,1290.0,True
3411,auto,ok,141096.0,2472.0,1395.0,1680.75,1247.0,1681.0,1247.0,True,1681.0,1247.0,True,1681.0,1247.0,True
3411,human,ok,141004.0,2473.0,1392.0,1681.75,1247.5,1682.0,1247.0,True,1682.0,1247.0,True,1682.0,1247.0,True
3412,auto,ok,137087.0,2455.1917114257812,1335.8204498291016,1666.6875686645508,1282.8204498291016,1667.0,1283.0,True,1667.0,1283.0,True,1667.0,1283.0,True
3412,human,ok,137178.0,2455.4857788085938,1335.0739135742188,1666.676155090332,1282.4260864257812,1667.0,1282.0,True,1667.0,1282.0,True,1667.0,1282.0,True
3413,auto,ok,139555.0,2472.0,1384.0,1690.0,1226.0,1690.0,1226.0,True,1690.0,1226.0,True,1690.0,1226.0,True
3413,human,ok,139450.0,2472.0,1383.0,1690.25,1225.5,1689.0,1228.0,True,1689.0,1228.0,True,1689.0,1228.0,True
3414,auto,ok,152092.0,2514.396240234375,1354.9456787109375,1683.3863067626953,1308.9456787109375,1683.0,1315.0,True,1683.0,1315.0,True,1683.0,1315.0,True
3414,human,ok,152129.0,2514.6825561523438,1354.6137390136719,1683.4244384765625,1310.1137390136719,1683.0,1315.0,True,1683.0,1315.0,True,1683.0,1315.0,True
3415,auto,ok,146070.0,2488.0,1393.0,1679.25,1280.5,1679.0,1280.0,True,1679.0,1280.0,True,1679.0,1280.0,True
3415,human,ok,146191.0,2488.0,1393.0,1679.25,1280.5,1679.0,1280.0,True,1679.0,1280.0,True,1679.0,1280.0,True
3416,auto,ok,149782.0,2480.7579956054688,1362.5114288330078,1656.2524948120117,1307.0114288330078,1656.0,1307.0,True,1656.0,1307.0,True,1656.0,1307.0,True
3416,human,ok,150023.0,2480.7579956054688,1364.5114288330078,1657.2524948120117,1305.0114288330078,1657.0,1305.0,True,1657.0,1305.0,True,1657.0,1305.0,True
3417,auto,ok,147803.0,2465.4697875976562,1381.6008758544922,1647.2189636230469,1305.6008758544922,1647.0,1306.0,True,1647.0,1306.0,True,1647.0,1306.0,True
3417,human,ok,147684.0,2464.51513671875,1379.729736328125,1647.2638778686523,1305.729736328125,1646.0,1310.0,True,1646.0,1310.0,True,1646.0,1310.0,True
3418,auto,ok,155819.0,2486.87548828125,1308.3958129882812,1644.863265991211,1263.9511413574219,1645.0,1265.0,True,1645.0,1265.0,True,1645.0,1265.0,True
3418,human,ok,155952.0,2486.7720336914062,1310.5682220458984,1643.761734008789,1263.9588317871094,1644.0,1268.0,True,1644.0,1268.0,True,1644.0,1268.0,True
3499,auto,no_detections,,,,,,,,,,,,,,
3499,human,ok,59099.0,2259.9575805664062,1431.8824615478516,1866.0,1354.0,1866.0,1354.0,False,1866.0,1354.0,False,1866.0,1354.0,False
3500,auto,no_detections,,,,,,,,,,,,,,
3500,human,no_detections,,,,,,,,,,,,,,
3501,auto,no_detections,,,,,,,,,,,,,,
3501,human,no_detections,,,,,,,,,,,,,,
3502,auto,ok,58228.0,2247.0035400390625,1401.651138305664,1861.0,1306.0,1861.0,1306.0,False,1861.0,1306.0,False,1861.0,1306.0,False
3502,human,ok,58013.0,2245.242218017578,1406.561538696289,1861.0,1305.0,1861.0,1305.0,False,1861.0,1305.0,False,1861.0,1305.0,False
3503,auto,ok,324833.0,1395.552125453949,1327.7765502929688,2918.0,1288.0,2671.0,1441.0,True,2671.0,1441.0,True,2671.0,1441.0,True
3503,human,ok,324833.0,1395.552125453949,1327.7765502929688,2918.0,1288.0,2671.0,1441.0,True,2671.0,1441.0,True,2671.0,1441.0,True
3504,auto,ok,333415.0,1423.5735206604004,1287.5904388427734,2919.0,1221.0,2694.0,1366.0,True,2694.0,1366.0,True,2694.0,1366.0,True
3504,human,ok,333298.0,1421.7926425933838,1286.1400299072266,2694.2066650390625,1369.6400146484375,2695.0,1365.0,True,2695.0,1365.0,True,2695.0,1365.0,True
3505,auto,ok,246182.0,2813.7132568359375,1168.147117614746,1454.0,1259.0,1454.0,1259.0,False,1454.0,1259.0,False,1454.0,1259.0,False
3505,human,ok,246175.0,2818.34423828125,1165.4386138916016,1453.0,1260.0,1453.0,1260.0,False,1453.0,1260.0,False,1453.0,1260.0,False
3506,auto,ok,265367.0,2914.046142578125,1143.2703552246094,1486.0,1250.0,1486.0,1250.0,False,1486.0,1250.0,False,1486.0,1250.0,False
3506,human,ok,265048.0,2913.802978515625,1139.8213500976562,1486.0,1249.0,1486.0,1249.0,False,1486.0,1249.0,False,1486.0,1249.0,False
3507,auto,ok,256832.0,2867.2911376953125,1135.1982421875,1470.0,1246.0,1470.0,1246.0,False,1470.0,1246.0,False,1470.0,1246.0,False
3507,human,ok,257074.0,2867.3114013671875,1136.357437133789,1469.0,1248.0,1469.0,1248.0,False,1469.0,1248.0,False,1469.0,1248.0,False
3508,auto,ok,251525.0,2844.43017578125,1146.5818786621094,1464.0,1240.0,1464.0,1240.0,False,1464.0,1240.0,False,1464.0,1240.0,False
3508,human,ok,251682.0,2845.4593505859375,1147.0189590454102,1464.0,1240.0,1464.0,1240.0,False,1464.0,1240.0,False,1464.0,1240.0,False
3509,auto,ok,240064.0,2798.1009521484375,1205.5572357177734,1458.0,1309.0,1458.0,1309.0,False,1458.0,1309.0,False,1458.0,1309.0,False
3509,human,ok,240064.0,2798.1009521484375,1205.5572357177734,1458.0,1309.0,1458.0,1309.0,False,1458.0,1309.0,False,1458.0,1309.0,False
3510,auto,ok,232668.0,2787.754150390625,1195.7781677246094,1464.0,1311.0,1464.0,1311.0,False,1464.0,1311.0,False,1464.0,1311.0,False
3510,human,ok,232668.0,2787.754150390625,1195.7781677246094,1464.0,1311.0,1464.0,1311.0,False,1464.0,1311.0,False,1464.0,1311.0,False
3511,auto,ok,225666.0,2821.8709716796875,1164.8361854553223,1516.0,1283.0,1516.0,1283.0,False,1516.0,1283.0,False,1516.0,1283.0,False
3511,human,ok,225517.0,2819.9459228515625,1169.882438659668,1516.0,1282.0,1516.0,1282.0,False,1516.0,1282.0,False,1516.0,1282.0,False
3514,auto,ok,102647.0,2595.6497802734375,1293.0728492736816,1720.0,1366.0,1720.0,1366.0,False,1720.0,1366.0,False,1720.0,1366.0,False
3514,human,ok,102416.0,2595.6497802734375,1292.0728492736816,1720.0,1365.0,1720.0,1365.0,False,1720.0,1365.0,False,1720.0,1365.0,False
3516,auto,ok,94293.0,2554.5943603515625,1330.327922821045,1714.0,1362.0,1714.0,1362.0,False,1714.0,1362.0,False,1714.0,1362.0,False
3516,human,ok,93262.0,2554.6386108398438,1328.5860481262207,1713.0,1359.0,1713.0,1359.0,False,1713.0,1359.0,False,1713.0,1359.0,False
3517,auto,laser_off_all_fish,,,,,,,,,,,,,,
3517,human,ok,94069.0,2548.2890014648438,1322.1032676696777,1704.0,1360.0,1704.0,1360.0,False,1704.0,1360.0,False,1704.0,1360.0,False
3518,auto,ok,93022.0,2549.8414306640625,1330.5751266479492,1704.0,1358.0,1704.0,1358.0,False,1704.0,1358.0,False,1704.0,1358.0,False
3518,human,ok,92530.0,2549.8948974609375,1332.4252815246582,1704.0,1360.0,1704.0,1360.0,False,1704.0,1360.0,False,1704.0,1360.0,False
3519,auto,ok,80308.0,2228.818817138672,1179.0907516479492,1809.0,1260.0,1809.0,1260.0,False,1809.0,1260.0,False,1809.0,1260.0,False
3519,human,ok,80550.0,2229.942108154297,1178.983154296875,1810.0,1258.0,1810.0,1258.0,False,1810.0,1258.0,False,1810.0,1258.0,False
3520,auto,ok,80109.0,2208.767303466797,1203.9606227874756,1792.0,1287.0,1792.0,1287.0,False,1792.0,1287.0,False,1792.0,1287.0,False
3520,human,ok,80006.0,2208.8341369628906,1205.1147842407227,1792.0,1287.0,1792.0,1287.0,False,1792.0,1287.0,False,1792.0,1287.0,False
3521,auto,ok,81173.0,2219.1959533691406,1137.0493240356445,1799.0,1215.0,1799.0,1215.0,False,1799.0,1215.0,False,1799.0,1215.0,False
3521,human,ok,80704.0,2219.7888793945312,1133.8937530517578,1799.0,1215.0,1799.0,1215.0,False,1799.0,1215.0,False,1799.0,1215.0,False
3522,auto,ok,81403.0,2220.1399841308594,1157.886604309082,1798.0,1234.0,1798.0,1234.0,False,1798.0,1234.0,False,1798.0,1234.0,False
3522,human,ok,81372.0,2220.2225341796875,1156.987449645996,1798.0,1233.0,1798.0,1233.0,False,1798.0,1233.0,False,1798.0,1233.0,False
3523,auto,ok,23911.0,1949.968044757843,1394.8422927856445,2144.0405883789062,1358.0922927856445,2144.0,1358.0,True,2144.0,1358.0,True,2144.0,1358.0,True
3523,human,ok,24087.0,1950.906017780304,1397.1771240234375,2170.0,1363.0,2170.0,1363.0,False,2164.0,1355.0,True,2170.0,1363.0,False
3524,auto,ok,25217.0,2150.138671875,1312.8306980133057,1923.0,1371.0,1923.0,1371.0,False,1923.0,1371.0,False,1923.0,1371.0,False
3524,human,ok,25424.0,2147.9287109375,1309.9740905761719,1923.0,1372.0,1923.0,1372.0,False,1923.0,1372.0,False,1923.0,1372.0,False
3525,auto,ok,22208.0,2172.0850524902344,1338.9286365509033,1957.0,1396.0,1957.0,1396.0,False,1957.0,1396.0,False,1957.0,1396.0,False
3525,human,ok,22365.0,2170.898147583008,1339.044445991516,1956.0,1396.0,1956.0,1396.0,False,1956.0,1396.0,False,1956.0,1396.0,False
3526,auto,laser_off_all_fish,,,,,,,,,,,,,,
3526,human,ok,17394.0,2137.943572998047,1335.8155879974365,1951.0,1385.0,1951.0,1385.0,False,1951.0,1385.0,False,1951.0,1385.0,False
3527,auto,ok,17578.0,2128.769561767578,1338.8598022460938,1940.0,1390.0,1940.0,1390.0,False,1940.0,1390.0,False,1940.0,1390.0,False
3527,human,ok,17722.0,1940.8963871002197,1390.427146911621,2128.0,1356.0,2128.0,1356.0,False,2128.0,1356.0,False,2128.0,1356.0,False
3528,auto,laser_off_all_fish,,,,,,,,,,,,,,
3528,human,ok,18029.0,2186.0340881347656,1357.9472274780273,1997.0,1406.0,1997.0,1406.0,False,1997.0,1406.0,False,1997.0,1406.0,False
3529,auto,ok,17097.0,2154.012420654297,1349.9654273986816,1969.0,1402.0,1969.0,1402.0,False,1969.0,1402.0,False,1969.0,1402.0,False
3529,human,ok,16587.0,2155.9346771240234,1354.1413288116455,1968.0,1401.0,1968.0,1401.0,False,1968.0,1401.0,False,1968.0,1401.0,False
3530,auto,ok,82113.0,2357.8947143554688,1390.0118560791016,1770.9516372680664,1292.0118560791016,1771.0,1292.0,True,1771.0,1292.0,True,1771.0,1292.0,True
3530,human,ok,81771.0,2349.6942749023438,1391.0763244628906,1771.2129211425781,1293.0763244628906,1771.0,1293.0,True,1771.0,1293.0,True,1771.0,1293.0,True
3531,auto,ok,84878.0,2332.638427734375,1440.2908325195312,1757.177101135254,1270.7908172607422,1756.0,1274.0,True,1756.0,1274.0,True,1756.0,1274.0,True
3531,human,ok,84967.0,2336.8101196289062,1449.9552307128906,1757.0642166137695,1270.9552383422852,1756.0,1274.0,True,1756.0,1274.0,True,1756.0,1274.0,True
3532,auto,ok,93519.0,2394.09423828125,1336.0794830322266,1755.7705078125,1305.9205169677734,1756.0,1326.0,True,1756.0,1326.0,True,1756.0,1326.0,True
3532,human,ok,93342.0,2393.7498168945312,1338.01318359375,1756.0494384765625,1307.01318359375,1756.0,1326.0,True,1756.0,1326.0,True,1756.0,1326.0,True
3533,auto,ok,93523.0,2376.8491821289062,1408.0574188232422,1747.2062683105469,1303.0574111938477,1746.0,1308.0,True,1746.0,1308.0,True,1746.0,1308.0,True
3533,human,ok,93484.0,2375.07177734375,1405.9906768798828,1746.9580154418945,1302.9906692504883,1746.0,1309.0,True,1746.0,1309.0,True,1746.0,1309.0,True
3534,auto,ok,92364.0,2355.8604736328125,1478.9449157714844,1747.0475616455078,1284.9449157714844,1747.0,1285.0,True,1747.0,1285.0,True,1747.0,1285.0,True
3534,human,ok,92320.0,2355.1446533203125,1479.7257080078125,1747.8611907958984,1281.225700378418,1747.0,1284.0,True,1747.0,1284.0,True,1747.0,1284.0,True
3535,auto,ok,92062.0,2378.7964477539062,1324.06689453125,1746.0546112060547,1311.06689453125,1747.0,1329.0,True,1747.0,1329.0,True,1747.0,1329.0,True
3535,human,ok,92062.0,2378.7964477539062,1324.06689453125,1746.0546112060547,1311.06689453125,1747.0,1329.0,True,1747.0,1329.0,True,1747.0,1329.0,True
3536,auto,ok,116298.0,2391.3604736328125,1438.7884826660156,1700.8099899291992,1235.2884979248047,1700.0,1238.0,True,1700.0,1238.0,True,1700.0,1238.0,True
3536,human,ok,116298.0,2391.3604736328125,1438.7884826660156,1700.8099899291992,1235.2884979248047,1700.0,1238.0,True,1700.0,1238.0,True,1700.0,1238.0,True
3537,auto,ok,118057.0,2412.7774047851562,1402.9251098632812,1744.1484069824219,1170.0748748779297,1741.0,1177.0,True,1741.0,1177.0,True,1741.0,1177.0,True
3537,human,ok,118057.0,2412.7774047851562,1402.9251098632812,1744.1484069824219,1170.0748748779297,1741.0,1177.0,True,1741.0,1177.0,True,1741.0,1177.0,True
3538,auto,ok,116224.0,2403.9431762695312,1297.6825714111328,1684.5378952026367,1305.3174285888672,1685.0,1318.0,True,1685.0,1318.0,True,1685.0,1318.0,True
3538,human,ok,116252.0,2402.4212646484375,1297.9385375976562,1685.2364044189453,1304.9385375976562,1685.0,1318.0,True,1685.0,1318.0,True,1685.0,1318.0,True
3539,auto,ok,116924.0,2428.36767578125,1401.5980529785156,1716.3306045532227,1316.098045349121,1716.0,1316.0,True,1716.0,1316.0,True,1716.0,1316.0,True
3539,human,ok,116924.0,2428.36767578125,1401.5980529785156,1716.3306045532227,1316.098045349121,1716.0,1316.0,True,1716.0,1316.0,True,1716.0,1316.0,True
3540,auto,ok,98140.0,2394.833740234375,1273.8860473632812,1749.0727615356445,1295.8860473632812,1749.0,1299.0,True,1749.0,1299.0,True,1749.0,1299.0,True
3540,human,ok,98146.0,2396.2155151367188,1277.919189453125,1747.9416275024414,1291.919189453125,1748.0,1303.0,True,1748.0,1303.0,True,1748.0,1303.0,True
3541,auto,ok,82122.0,2343.868408203125,1310.9048309326172,1810.0965118408203,1304.9048309326172,1810.0,1314.0,True,1810.0,1314.0,True,1810.0,1314.0,True
3541,human,ok,82098.0,2344.2139282226562,1309.1036224365234,1809.958152770996,1305.1036224365234,1810.0,1314.0,True,1810.0,1314.0,True,1810.0,1314.0,True
3542,auto,ok,77339.0,2329.6126098632812,1328.9758911132812,1828.1646423339844,1328.9758911132812,1828.0,1336.0,True,1828.0,1336.0,True,1828.0,1336.0,True
3542,human,ok,77339.0,2329.6126098632812,1328.9758911132812,1828.1646423339844,1328.9758911132812,1828.0,1336.0,True,1828.0,1336.0,True,1828.0,1336.0,True
3543,auto,ok,88792.0,2297.35498046875,1368.7959442138672,1742.7633361816406,1260.2040557861328,1743.0,1260.0,True,1743.0,1260.0,True,1743.0,1260.0,True
3543,human,ok,88661.0,2296.0960693359375,1369.6795501708984,1742.8139266967773,1259.1795501708984,1742.0,1262.0,True,1742.0,1262.0,True,1742.0,1262.0,True
3544,auto,ok,84145.0,2335.9931640625,1347.1156311035156,1811.1712112426758,1220.8843841552734,1811.0,1221.0,True,1811.0,1221.0,True,1811.0,1221.0,True
3544,human,ok,84203.0,2336.2669677734375,1349.7286071777344,1810.965950012207,1220.2286071777344,1810.0,1223.0,True,1810.0,1223.0,True,1810.0,1223.0,True
3545,auto,ok,85833.0,2301.7694702148438,1359.2858428955078,1766.0459899902344,1243.7858428955078,1766.0,1244.0,True,1766.0,1244.0,True,1766.0,1244.0,True
3545,human,ok,85836.0,2300.8394165039062,1359.2234954833984,1766.9403915405273,1239.7765045166016,1766.0,1244.0,True,1766.0,1244.0,True,1766.0,1244.0,True
3547,auto,no_detections,,,,,,,,,,,,,,
3547,human,no_detections,,,,,,,,,,,,,,
3548,auto,no_detections,,,,,,,,,,,,,,
3548,human,no_detections,,,,,,,,,,,,,,
3549,auto,no_detections,,,,,,,,,,,,,,
3549,human,no_detections,,,,,,,,,,,,,,
3550,auto,no_detections,,,,,,,,,,,,,,
3550,human,no_detections,,,,,,,,,,,,,,
3551,auto,no_detections,,,,,,,,,,,,,,
3551,human,no_detections,,,,,,,,,,,,,,
3552,auto,no_detections,,,,,,,,,,,,,,
3552,human,no_detections,,,,,,,,,,,,,,
3553,auto,no_detections,,,,,,,,,,,,,,
3553,human,no_detections,,,,,,,,,,,,,,
4141,auto,ok,320262.0,1091.0,1104.0,2538.0,1395.0,2538.0,1395.0,False,2538.0,1395.0,False,2538.0,1395.0,False
4141,human,ok,319657.0,1091.0,1103.0,2538.0,1395.0,2538.0,1395.0,False,2538.0,1395.0,False,2538.0,1395.0,False
4142,auto,ok,356810.0,1077.375,1045.0,2601.0,1326.0,2601.0,1326.0,False,2601.0,1326.0,False,2601.0,1326.0,False
4142,human,ok,359162.0,1079.0,1046.0,2599.0,1328.0,2599.0,1328.0,False,2599.0,1328.0,False,2599.0,1328.0,False
4143,auto,ok,337313.0,1093.0,1081.0,2580.0,1368.0,2580.0,1368.0,False,2580.0,1368.0,False,2580.0,1368.0,False
4143,human,ok,337313.0,1093.0,1081.0,2580.0,1368.0,2580.0,1368.0,False,2580.0,1368.0,False,2580.0,1368.0,False
4144,auto,ok,309196.0,1154.0,1064.0,2570.0,1347.0,2570.0,1347.0,False,2570.0,1347.0,False,2570.0,1347.0,False
4144,human,ok,309196.0,1154.0,1064.0,2570.0,1347.0,2570.0,1347.0,False,2570.0,1347.0,False,2570.0,1347.0,False
4145,auto,no_detections,,,,,,,,,,,,,,
4145,human,ok,425509.0,1049.0,963.0,2670.0,1297.0,2670.0,1297.0,False,2670.0,1297.0,False,2670.0,1297.0,False
4146,auto,ok,372709.0,1100.0,1069.0,2652.0,1360.0,2652.0,1360.0,False,2652.0,1360.0,False,2652.0,1360.0,False
4146,human,ok,372529.0,1101.0,1067.0,2652.0,1361.0,2652.0,1361.0,False,2652.0,1361.0,False,2652.0,1361.0,False
4147,auto,ok,434815.0,1046.0,948.0,2669.0,1265.0,2669.0,1265.0,False,2669.0,1265.0,False,2669.0,1265.0,False
4147,human,ok,435726.0,1047.0,949.0,2669.0,1265.0,2669.0,1265.0,False,2669.0,1265.0,False,2669.0,1265.0,False
4148,auto,ok,392035.0,1051.0,1035.0,2632.0,1353.0,2632.0,1353.0,False,2632.0,1353.0,False,2632.0,1353.0,False
4148,human,ok,394662.0,1051.0,1036.0,2631.0,1355.0,2631.0,1355.0,False,2631.0,1355.0,False,2631.0,1355.0,False
4149,auto,ok,410127.0,1073.375,991.0,2685.0,1312.0,2685.0,1312.0,False,2685.0,1312.0,False,2685.0,1312.0,False
4149,human,ok,409542.0,1075.0,989.0,2684.0,1313.0,2684.0,1313.0,False,2684.0,1313.0,False,2684.0,1313.0,False
4150,auto,ok,154713.0,1397.0,1244.0,2403.0,1465.0,2403.0,1465.0,False,2403.0,1465.0,False,2403.0,1465.0,False
4150,human,ok,154420.0,1397.0,1244.0,2402.0,1468.0,2402.0,1468.0,False,2402.0,1468.0,False,2402.0,1468.0,False
4151,auto,ok,154382.0,1413.0,1236.0,2419.0,1452.0,2419.0,1452.0,False,2419.0,1452.0,False,2419.0,1452.0,False
4151,human,ok,154293.0,1413.0,1236.0,2419.0,1451.0,2419.0,1451.0,False,2419.0,1451.0,False,2419.0,1451.0,False
4152,auto,ok,153934.0,1390.375,1230.0,2394.0,1456.0,2394.0,1456.0,False,2394.0,1456.0,False,2394.0,1456.0,False
4152,human,ok,153934.0,1390.375,1230.0,2394.0,1456.0,2394.0,1456.0,False,2394.0,1456.0,False,2394.0,1456.0,False
4153,auto,ok,153526.0,1386.0,1212.0,2383.0,1426.0,2383.0,1426.0,False,2383.0,1426.0,False,2383.0,1426.0,False
4153,human,ok,153526.0,1386.0,1212.0,2383.0,1426.0,2383.0,1426.0,False,2383.0,1426.0,False,2383.0,1426.0,False
4154,auto,ok,152970.0,1378.0,1217.0,2372.0,1438.0,2372.0,1438.0,False,2372.0,1438.0,False,2372.0,1438.0,False
4154,human,ok,152970.0,1378.0,1217.0,2372.0,1438.0,2372.0,1438.0,False,2372.0,1438.0,False,2372.0,1438.0,False
4155,auto,ok,154252.0,1385.0,1204.0,2385.0,1422.0,2385.0,1422.0,False,2385.0,1422.0,False,2385.0,1422.0,False
4155,human,ok,154087.0,1384.0,1204.0,2385.0,1424.0,2385.0,1424.0,False,2385.0,1424.0,False,2385.0,1424.0,False
4156,auto,ok,154088.0,1390.0,1229.0,2392.0,1452.0,2392.0,1452.0,False,2392.0,1452.0,False,2392.0,1452.0,False
4156,human,ok,154103.0,1390.0,1230.0,2392.0,1451.0,2392.0,1451.0,False,2392.0,1451.0,False,2392.0,1451.0,False
4157,auto,ok,153625.0,1391.0,1239.0,2378.0,1469.0,2378.0,1469.0,False,2378.0,1469.0,False,2378.0,1469.0,False
4157,human,ok,153533.0,1392.0,1235.0,2377.0,1471.0,2377.0,1471.0,False,2377.0,1471.0,False,2377.0,1471.0,False
4158,auto,ok,152799.0,1367.0,1225.0,2359.0,1456.0,2359.0,1456.0,False,2359.0,1456.0,False,2359.0,1456.0,False
4158,human,ok,152894.0,1367.0,1224.0,2359.0,1455.0,2359.0,1455.0,False,2359.0,1455.0,False,2359.0,1455.0,False
4159,auto,ok,153565.0,1370.0,1211.0,2364.0,1441.0,2364.0,1441.0,False,2364.0,1441.0,False,2364.0,1441.0,False
4159,human,ok,153565.0,1370.0,1211.0,2364.0,1441.0,2364.0,1441.0,False,2364.0,1441.0,False,2364.0,1441.0,False
4160,auto,ok,105439.0,1472.0,1248.0,2336.0,1445.0,2336.0,1445.0,False,2336.0,1445.0,False,2336.0,1445.0,False
4160,human,ok,105539.0,1472.0,1248.0,2336.0,1445.0,2336.0,1445.0,False,2336.0,1445.0,False,2336.0,1445.0,False
4161,auto,ok,112965.0,1465.0,1285.0,2361.0,1461.0,2361.0,1461.0,False,2361.0,1461.0,False,2361.0,1461.0,False
4161,human,ok,112570.0,1465.0,1283.0,2360.0,1462.0,2360.0,1462.0,False,2360.0,1462.0,False,2360.0,1462.0,False
4162,auto,ok,108767.0,1468.0,1280.0,2349.0,1466.0,2349.0,1466.0,False,2349.0,1466.0,False,2349.0,1466.0,False
4162,human,ok,108926.0,1467.75,1280.0,2349.0,1466.0,2349.0,1466.0,False,2349.0,1466.0,False,2349.0,1466.0,False
4163,auto,ok,96095.0,1486.8397092819214,1284.3857951164246,2313.0,1467.0,2313.0,1467.0,False,2313.0,1467.0,False,2313.0,1467.0,False
4163,human,ok,96556.0,1486.0,1287.0,2313.0,1471.0,2313.0,1471.0,False,2313.0,1471.0,False,2313.0,1471.0,False
4164,auto,ok,102798.0,1475.375,1245.0,2327.0,1443.0,2327.0,1443.0,False,2327.0,1443.0,False,2327.0,1443.0,False
4164,human,ok,102579.0,1477.0,1244.0,2326.0,1445.0,2326.0,1445.0,False,2326.0,1445.0,False,2326.0,1445.0,False
4165,auto,ok,99191.0,1482.375,1276.0,2320.0,1468.0,2320.0,1468.0,False,2320.0,1468.0,False,2320.0,1468.0,False
4165,human,ok,99167.0,1483.0,1277.0,2320.0,1469.0,2320.0,1469.0,False,2320.0,1469.0,False,2320.0,1469.0,False
4166,auto,ok,91391.0,1501.0,1331.0,2309.0,1487.0,2309.0,1487.0,False,2309.0,1487.0,False,2309.0,1487.0,False
4166,human,ok,91660.0,1501.0,1331.0,2309.0,1487.0,2309.0,1487.0,False,2309.0,1487.0,False,2309.0,1487.0,False
4167,auto,ok,93439.0,1489.0,1305.0,2309.0,1474.0,2309.0,1474.0,False,2309.0,1474.0,False,2309.0,1474.0,False
4167,human,ok,93394.0,1490.0,1303.0,2309.0,1474.0,2309.0,1474.0,False,2309.0,1474.0,False,2309.0,1474.0,False
4168,auto,ok,88575.0,1503.0,1340.0,2305.0,1481.0,2305.0,1481.0,False,2305.0,1481.0,False,2305.0,1481.0,False
4168,human,ok,88490.0,1504.0,1341.0,2303.0,1485.0,2303.0,1485.0,False,2303.0,1485.0,False,2303.0,1485.0,False
4171,auto,ok,191485.0,2291.5411376953125,1133.9999313354492,1629.0,1208.0,1629.0,1208.0,False,1629.0,1208.0,False,1629.0,1208.0,False
4171,human,ok,191506.0,2290.46923828125,1132.4448699951172,1629.0,1210.0,1629.0,1210.0,False,1629.0,1210.0,False,1629.0,1210.0,False
4172,auto,ok,198522.0,2264.2141723632812,1125.4150390625,1590.0,1201.0,1590.0,1201.0,False,1590.0,1201.0,False,1590.0,1201.0,False
4172,human,ok,198275.0,2264.5614624023438,1125.3834609985352,1590.0,1200.0,1590.0,1200.0,False,1590.0,1200.0,False,1590.0,1200.0,False
4173,auto,ok,199911.0,2274.117431640625,1129.5238952636719,1594.0,1195.0,1594.0,1195.0,False,1594.0,1195.0,False,1594.0,1195.0,False
4173,human,ok,199898.0,2273.9863891601562,1128.1322631835938,1594.0,1198.0,1594.0,1198.0,False,1594.0,1198.0,False,1594.0,1198.0,False
4174,auto,ok,44939.0,2150.7987365722656,1331.8171682357788,1844.0,1427.0,1844.0,1427.0,False,1844.0,1427.0,False,1844.0,1427.0,False
4174,human,ok,44939.0,2150.7987365722656,1331.8171682357788,1844.0,1427.0,1844.0,1427.0,False,1844.0,1427.0,False,1844.0,1427.0,False
4175,auto,ok,47090.0,2131.070556640625,1316.0679111480713,1815.0,1410.0,1815.0,1410.0,False,1815.0,1410.0,False,1815.0,1410.0,False
4175,human,ok,47090.0,2131.070556640625,1316.0679111480713,1815.0,1410.0,1815.0,1410.0,False,1815.0,1410.0,False,1815.0,1410.0,False
4176,auto,ok,42613.0,2120.0941772460938,1311.4728288650513,1823.0,1402.0,1823.0,1402.0,False,1823.0,1402.0,False,1823.0,1402.0,False
4176,human,ok,42538.0,2119.9174194335938,1309.1859006881714,1821.0,1398.0,1821.0,1398.0,False,1821.0,1398.0,False,1821.0,1398.0,False
4177,auto,ok,43584.0,2123.936492919922,1331.8567581176758,1821.0,1428.0,1821.0,1428.0,False,1821.0,1428.0,False,1821.0,1428.0,False
4177,human,ok,43584.0,2123.936492919922,1331.8567581176758,1821.0,1428.0,1821.0,1428.0,False,1821.0,1428.0,False,1821.0,1428.0,False
4178,auto,ok,41744.0,2129.9341735839844,1301.0509614944458,1832.0,1395.0,1832.0,1395.0,False,1832.0,1395.0,False,1832.0,1395.0,False
4178,human,ok,41803.0,2130.066925048828,1300.938190460205,1833.0,1396.0,1833.0,1396.0,False,1833.0,1396.0,False,1833.0,1396.0,False
4179,auto,ok,41387.0,2120.9320678710938,1296.947280883789,1824.0,1383.0,1824.0,1383.0,False,1824.0,1383.0,False,1824.0,1383.0,False
4179,human,ok,41457.0,2120.0160217285156,1297.8332901000977,1824.0,1382.0,1824.0,1382.0,False,1824.0,1382.0,False,1824.0,1382.0,False
4180,auto,ok,41460.0,2106.8895263671875,1313.1839084625244,1814.0,1407.0,1814.0,1407.0,False,1814.0,1407.0,False,1814.0,1407.0,False
4180,human,ok,41466.0,2108.0480041503906,1312.8434915542603,1814.0,1407.0,1814.0,1407.0,False,1814.0,1407.0,False,1814.0,1407.0,False
4181,auto,ok,40993.0,2122.8855895996094,1310.975562095642,1827.0,1392.0,1827.0,1392.0,False,1827.0,1392.0,False,1827.0,1392.0,False
4181,human,ok,41033.0,2123.032928466797,1312.1582202911377,1827.0,1393.0,1827.0,1393.0,False,1827.0,1393.0,False,1827.0,1393.0,False
4182,auto,ok,40929.0,2129.9832153320312,1360.8282957077026,1834.0,1446.0,1834.0,1446.0,False,1834.0,1446.0,False,1834.0,1446.0,False
4182,human,ok,40956.0,2128.9375915527344,1360.8696784973145,1834.0,1446.0,1834.0,1446.0,False,1834.0,1446.0,False,1834.0,1446.0,False
4183,auto,no_detections,,,,,,,,,,,,,,
4183,human,no_detections,,,,,,,,,,,,,,
4184,auto,ok,125743.0,2223.11865234375,1463.9120178222656,1638.0,1253.0,1638.0,1253.0,False,1638.0,1253.0,False,1638.0,1253.0,False
4184,human,ok,126134.0,2222.7071533203125,1465.3241271972656,1638.0,1252.0,1638.0,1252.0,False,1638.0,1252.0,False,1638.0,1252.0,False
4185,auto,no_detections,,,,,,,,,,,,,,
4185,human,no_detections,,,,,,,,,,,,,,
4186,auto,ok,130550.0,2234.2286987304688,1469.0658264160156,1658.0,1204.0,1658.0,1204.0,False,1658.0,1204.0,False,1658.0,1204.0,False
4186,human,ok,129539.0,2234.1176147460938,1467.6755981445312,1657.0,1206.0,1657.0,1206.0,False,1657.0,1206.0,False,1657.0,1206.0,False
4188,auto,no_detections,,,,,,,,,,,,,,
4188,human,ok,147850.0,2236.187255859375,1480.9440307617188,1655.0,1142.0,1655.0,1142.0,False,1655.0,1142.0,False,1655.0,1142.0,False
4189,auto,no_detections,,,,,,,,,,,,,,
4189,human,ok,141957.0,2221.1161499023438,1469.265625,1656.0,1124.0,1656.0,1124.0,False,1656.0,1124.0,False,1656.0,1124.0,False
4190,auto,no_detections,,,,,,,,,,,,,,
4190,human,no_detections,,,,,,,,,,,,,,
4191,auto,no_detections,,,,,,,,,,,,,,
4191,human,no_detections,,,,,,,,,,,,,,
4192,auto,ok,155843.0,2257.0108642578125,1453.0986938476562,1647.0,1125.0,1647.0,1125.0,False,1647.0,1125.0,False,1647.0,1125.0,False
4192,human,ok,155843.0,2257.0108642578125,1453.0986938476562,1647.0,1125.0,1647.0,1125.0,False,1647.0,1125.0,False,1647.0,1125.0,False
4193,auto,ok,157966.0,2244.7258911132812,1479.3637084960938,1620.0,1161.0,1620.0,1161.0,False,1620.0,1161.0,False,1620.0,1161.0,False
4193,human,ok,158172.0,2245.9854736328125,1477.6256103515625,1617.0,1169.0,1617.0,1169.0,False,1617.0,1169.0,False,1617.0,1169.0,False
4194,auto,ok,185771.0,2310.371337890625,1343.9404754638672,1567.0,1297.0,1567.0,1297.0,False,1567.0,1297.0,False,1567.0,1297.0,False
4194,human,ok,185771.0,2310.371337890625,1343.9404754638672,1567.0,1297.0,1567.0,1297.0,False,1567.0,1297.0,False,1567.0,1297.0,False
4195,auto,ok,178801.0,2278.09033203125,1410.3026885986328,1570.0,1307.0,1570.0,1307.0,False,1570.0,1307.0,False,1570.0,1307.0,False
4195,human,ok,178425.0,2277.115478515625,1408.1099548339844,1571.0,1302.0,1571.0,1302.0,False,1571.0,1302.0,False,1571.0,1302.0,False
4196,auto,ok,171231.0,2290.4411010742188,1398.4318542480469,1602.0,1353.0,1602.0,1353.0,False,1602.0,1353.0,False,1602.0,1353.0,False
4196,human,ok,171054.0,2290.8948364257812,1399.7070770263672,1606.0,1332.0,1606.0,1332.0,False,1606.0,1332.0,False,1606.0,1332.0,False
4197,auto,no_detections,,,,,,,,,,,,,,
4197,human,no_detections,,,,,,,,,,,,,,
4198,auto,ok,183444.0,2302.8392333984375,1353.4928588867188,1582.0,1209.0,1582.0,1209.0,False,1582.0,1209.0,False,1582.0,1209.0,False
4198,human,no_detections,,,,,,,,,,,,,,
4199,auto,no_detections,,,,,,,,,,,,,,
4199,human,no_detections,,,,,,,,,,,,,,
4200,auto,no_detections,,,,,,,,,,,,,,
4200,human,no_detections,,,,,,,,,,,,,,
4201,auto,no_detections,,,,,,,,,,,,,,
4201,human,no_detections,,,,,,,,,,,,,,
4202,auto,no_detections,,,,,,,,,,,,,,
4202,human,no_detections,,,,,,,,,,,,,,
4203,auto,ok,101016.0,2219.8167114257812,1414.3299713134766,1671.0,1363.0,1671.0,1363.0,False,1671.0,1363.0,False,1671.0,1363.0,False
4203,human,ok,101039.0,2220.8905029296875,1411.10302734375,1674.0,1332.0,1674.0,1332.0,False,1674.0,1332.0,False,1674.0,1332.0,False
4204,auto,no_detections,,,,,,,,,,,,,,
4204,human,no_detections,,,,,,,,,,,,,,
4205,auto,ok,100489.0,2218.1109008789062,1385.3415985107422,1660.0,1384.0,1660.0,1384.0,False,1660.0,1384.0,False,1660.0,1384.0,False
4205,human,ok,100168.0,2218.0,1373.0,1660.0,1390.0,1660.0,1390.0,False,1660.0,1390.0,False,1660.0,1390.0,False
4206,auto,ok,102597.0,2225.0944213867188,1447.9763793945312,1676.0,1334.0,1676.0,1334.0,False,1676.0,1334.0,False,1676.0,1334.0,False
4206,human,ok,102780.0,2225.2330322265625,1447.9035186767578,1676.0,1333.0,1676.0,1333.0,False,1676.0,1333.0,False,1676.0,1333.0,False
4207,auto,ok,104044.0,2214.863983154297,1527.0810546875,1746.0,1211.0,1746.0,1211.0,False,1746.0,1211.0,False,1746.0,1211.0,False
4207,human,ok,104068.0,2214.857696533203,1526.9772644042969,1745.0,1213.0,1745.0,1213.0,False,1745.0,1213.0,False,1745.0,1213.0,False
4208,auto,no_detections,,,,,,,,,,,,,,
4208,human,no_detections,,,,,,,,,,,,,,
4209,auto,no_detections,,,,,,,,,,,,,,
4209,human,no_detections,,,,,,,,,,,,,,
4210,auto,ok,91732.0,2164.2510375976562,1454.8218841552734,1693.0,1354.0,1693.0,1354.0,False,1693.0,1354.0,False,1693.0,1354.0,False
4210,human,no_detections,,,,,,,,,,,,,,
4211,auto,no_detections,,,,,,,,,,,,,,
4211,human,no_detections,,,,,,,,,,,,,,
4212,auto,no_detections,,,,,,,,,,,,,,
4212,human,ok,91702.0,2193.6431274414062,1451.9030151367188,1723.0,1331.0,1723.0,1331.0,False,1723.0,1331.0,False,1723.0,1331.0,False
4213,auto,no_detections,,,,,,,,,,,,,,
4213,human,no_detections,,,,,,,,,,,,,,
4214,auto,ok,191075.0,2409.0271606445312,1440.5451354980469,1528.8294525146484,1157.5451202392578,1529.0,1158.0,True,1529.0,1158.0,True,1529.0,1158.0,True
4214,human,ok,191194.0,2408.8887939453125,1439.0486450195312,1529.1949920654297,1158.0486450195312,1528.0,1161.0,True,1528.0,1161.0,True,1528.0,1161.0,True
4215,auto,ok,184582.0,2363.8876953125,1504.7174072265625,1507.0255737304688,1197.2174072265625,1507.0,1197.0,True,1507.0,1197.0,True,1507.0,1197.0,True
4215,human,ok,184582.0,2363.8876953125,1504.7174072265625,1507.0255737304688,1197.2174072265625,1507.0,1197.0,True,1507.0,1197.0,True,1507.0,1197.0,True
4216,auto,ok,196159.0,2434.564208984375,1391.8035888671875,1528.8818130493164,1166.3035736083984,1529.0,1166.0,True,1529.0,1166.0,True,1529.0,1166.0,True
4216,human,ok,195883.0,2432.872314453125,1395.0552368164062,1528.6570358276367,1165.0552368164062,1528.0,1168.0,True,1528.0,1168.0,True,1528.0,1168.0,True
4217,auto,ok,201089.0,2419.4644775390625,1390.9508056640625,1482.3712539672852,1252.9508209228516,1482.0,1253.0,True,1482.0,1253.0,True,1482.0,1253.0,True
4217,human,ok,201112.0,2421.7020263671875,1390.2962341308594,1481.6986694335938,1251.7037658691406,1482.0,1252.0,True,1482.0,1252.0,True,1482.0,1252.0,True
4218,auto,ok,218133.0,2452.3433837890625,1268.601547241211,1497.1043853759766,1347.8984680175781,1497.0,1357.0,True,1497.0,1357.0,True,1497.0,1357.0,True
4218,human,ok,218294.0,2452.09912109375,1269.5245208740234,1497.1953353881836,1346.5245056152344,1497.0,1357.0,True,1497.0,1357.0,True,1497.0,1357.0,True
4219,auto,ok,219397.0,2455.5074462890625,1210.7472534179688,1516.0879592895508,1305.7472534179688,1516.0,1311.0,True,1516.0,1311.0,True,1516.0,1311.0,True
4219,human,ok,219451.0,2455.5074462890625,1209.7472534179688,1516.0879592895508,1305.7472534179688,1516.0,1312.0,True,1516.0,1312.0,True,1516.0,1312.0,True
4220,auto,ok,236259.0,2469.81689453125,1255.785659790039,1505.3359832763672,1378.7856750488281,1505.0,1385.0,True,1505.0,1385.0,True,1505.0,1385.0,True
4220,human,ok,237030.0,2471.0211181640625,1259.1426696777344,1504.9804153442383,1378.6426696777344,1505.0,1385.0,True,1505.0,1385.0,True,1505.0,1385.0,True
4221,auto,ok,227166.0,2469.298828125,1223.6894836425781,1527.0033340454102,1341.1894836425781,1527.0,1352.0,True,1527.0,1352.0,True,1527.0,1352.0,True
4221,human,ok,227166.0,2469.298828125,1223.6894836425781,1527.0033340454102,1341.1894836425781,1527.0,1352.0,True,1527.0,1352.0,True,1527.0,1352.0,True
4222,auto,ok,221283.0,2442.632568359375,1208.509506225586,1508.7449493408203,1316.490478515625,1509.0,1324.0,True,1509.0,1324.0,True,1509.0,1324.0,True
4222,human,ok,221313.0,2441.8326416015625,1209.1769561767578,1508.9737167358398,1317.1769409179688,1509.0,1323.0,True,1509.0,1323.0,True,1509.0,1323.0,True
4223,auto,ok,62405.0,2196.942138671875,1454.3139953613281,1712.0,1255.0,1725.0,1346.0,True,1725.0,1346.0,True,1725.0,1346.0,True
4223,human,ok,62448.0,2197.855712890625,1452.7375183105469,1712.0,1255.0,1725.0,1345.0,True,1725.0,1345.0,True,1725.0,1345.0,True
4224,auto,ok,61180.0,2183.560516357422,1468.1222839355469,1744.0,1215.0,1741.0,1313.0,True,1741.0,1313.0,True,1741.0,1313.0,True
4224,human,ok,60598.0,2183.9860229492188,1466.9920043945312,1744.0,1215.0,1742.0,1310.0,True,1742.0,1310.0,True,1742.0,1310.0,True
4225,auto,ok,58071.0,2186.1032104492188,1503.877182006836,1758.0,1256.0,1757.0,1352.0,True,1757.0,1352.0,True,1757.0,1352.0,True
4225,human,ok,58091.0,2187.9031372070312,1500.9915618896484,1758.0,1257.0,1757.0,1351.0,True,1757.0,1351.0,True,1757.0,1351.0,True
4226,auto,ok,56975.0,2176.207275390625,1468.2815246582031,1772.0,1203.0,1765.0,1293.0,True,1765.0,1293.0,True,1765.0,1293.0,True
4226,human,ok,56862.0,2175.8551635742188,1467.9598693847656,1773.0,1201.0,1765.0,1295.0,True,1765.0,1295.0,True,1765.0,1295.0,True
4227,auto,ok,56919.0,2180.849090576172,1486.3470458984375,1767.0,1232.0,1764.0,1325.0,True,1764.0,1325.0,True,1764.0,1325.0,True
4227,human,ok,56861.0,2179.8724670410156,1487.0278015136719,1767.0,1232.0,1764.0,1325.0,True,1764.0,1325.0,True,1764.0,1325.0,True
4228,auto,ok,62529.0,2169.5804748535156,1468.3743438720703,1714.171157836914,1319.8743362426758,1714.0,1320.0,True,1714.0,1320.0,True,1714.0,1320.0,True
4228,human,ok,62436.0,2170.0480041503906,1466.9138488769531,1711.0,1227.0,1714.0,1320.0,True,1714.0,1320.0,True,1711.0,1227.0,False
4229,auto,ok,71955.0,2288.3243408203125,1452.0556030273438,1721.7821578979492,1379.0556030273438,1722.0,1379.0,True,1722.0,1379.0,True,1722.0,1379.0,True
4229,human,ok,72223.0,2288.1226806640625,1453.6440887451172,1722.0762100219727,1375.1440811157227,1722.0,1375.0,True,1722.0,1375.0,True,1722.0,1375.0,True
4230,auto,ok,71557.0,2271.9740600585938,1437.876449584961,1703.9682922363281,1384.876449584961,1704.0,1385.0,True,1704.0,1385.0,True,1704.0,1385.0,True
4230,human,ok,71675.0,2273.0,1439.0,1704.0,1384.0,1704.0,1384.0,True,1704.0,1384.0,True,1704.0,1384.0,True
4231,auto,ok,66531.0,2274.0,1398.0,1739.25,1417.0,1739.0,1420.0,True,1739.0,1420.0,True,1739.0,1420.0,True
4231,human,ok,66557.0,2274.0,1397.0,1738.0,1414.0,1738.0,1423.0,True,1738.0,1423.0,True,1738.0,1423.0,True
4232,auto,ok,70599.0,2259.1533203125,1400.8582458496094,1693.0644454956055,1392.1417541503906,1693.0,1392.0,True,1693.0,1392.0,True,1693.0,1392.0,True
4232,human,ok,70652.0,2259.8912353515625,1404.8958435058594,1691.8883323669434,1380.8958435058594,1692.0,1392.0,True,1692.0,1392.0,True,1692.0,1392.0,True
4233,auto,ok,68464.0,2268.0,1412.0,1716.25,1407.0,1716.0,1417.0,True,1716.0,1417.0,True,1716.0,1417.0,True
4233,human,ok,68386.0,2268.0,1412.0,1715.25,1407.0,1715.0,1418.0,True,1715.0,1418.0,True,1715.0,1418.0,True
4234,auto,ok,67499.0,2280.0,1406.0,1735.0,1412.0,1735.0,1426.0,True,1735.0,1426.0,True,1735.0,1426.0,True
4234,human,ok,67455.0,2280.0,1407.0,1734.0,1414.0,1734.0,1431.0,True,1734.0,1431.0,True,1734.0,1431.0,True
4330,auto,ok,345936.0,1308.0,1244.0,2819.0,1424.0,2561.0,1531.0,True,2561.0,1531.0,True,2561.0,1531.0,True
4330,human,ok,345936.0,1308.0,1244.0,2819.0,1424.0,2561.0,1531.0,True,2561.0,1531.0,True,2561.0,1531.0,True
4331,auto,ok,355965.0,1342.8326539993286,1219.590347290039,2612.665771484375,1514.09033203125,2613.0,1514.0,True,2613.0,1514.0,True,2613.0,1514.0,True
4331,human,ok,355904.0,1341.5248317718506,1221.3667602539062,2613.150146484375,1513.1332397460938,2613.0,1513.0,True,2613.0,1513.0,True,2613.0,1513.0,True
4332,auto,ok,359337.0,1338.8560800552368,1257.4100036621094,2623.2625732421875,1535.0899963378906,2623.0,1535.0,True,2623.0,1535.0,True,2623.0,1535.0,True
4332,human,ok,360094.0,1337.834328174591,1258.5944213867188,2623.1439208984375,1534.5944213867188,2623.0,1535.0,True,2623.0,1535.0,True,2623.0,1535.0,True
4333,auto,ok,375568.0,1298.5760893821716,1217.6494445800781,2602.4212646484375,1505.6494445800781,2603.0,1506.0,True,2603.0,1506.0,True,2603.0,1506.0,True
4333,human,ok,375568.0,1298.5760893821716,1217.6494445800781,2602.4212646484375,1505.6494445800781,2603.0,1506.0,True,2603.0,1506.0,True,2603.0,1506.0,True
4334,auto,ok,376520.0,1296.7562036514282,1198.2905731201172,2603.3292236328125,1487.7094116210938,2603.0,1490.0,True,2603.0,1490.0,True,2603.0,1490.0,True
4334,human,ok,376336.0,1296.877742767334,1196.5951843261719,2602.1927490234375,1488.5951843261719,2603.0,1489.0,True,2603.0,1489.0,True,2603.0,1489.0,True
4335,auto,ok,371317.0,1305.6597137451172,1236.6260223388672,2607.27001953125,1518.1260375976562,2608.0,1518.0,True,2608.0,1518.0,True,2608.0,1518.0,True
4335,human,ok,371326.0,1306.2932224273682,1234.9812622070312,2607.4031982421875,1518.4812622070312,2608.0,1518.0,True,2608.0,1518.0,True,2608.0,1518.0,True
4336,auto,ok,379500.0,1284.3467512130737,1214.3810424804688,2591.935546875,1491.6189575195312,2591.0,1492.0,True,2591.0,1492.0,True,2591.0,1492.0,True
4336,human,ok,378822.0,1284.8905839920044,1213.6919403076172,2590.2149658203125,1489.1919250488281,2590.0,1491.0,True,2590.0,1491.0,True,2590.0,1491.0,True
4337,auto,ok,365447.0,1316.5036821365356,1265.5194702148438,2611.6444091796875,1534.0194702148438,2611.0,1537.0,True,2611.0,1537.0,True,2611.0,1537.0,True
4337,human,ok,365447.0,1316.5036821365356,1265.5194702148438,2611.6444091796875,1534.0194702148438,2611.0,1537.0,True,2611.0,1537.0,True,2611.0,1537.0,True
4338,auto,ok,117488.0,2555.471435546875,1376.0616912841797,1613.0,1385.0,1613.0,1385.0,False,1613.0,1385.0,False,1613.0,1385.0,False
4338,human,ok,117156.0,2557.6658325195312,1379.470817565918,1613.0,1387.0,1613.0,1387.0,False,1613.0,1387.0,False,1613.0,1387.0,False
4339,auto,ok,114184.0,2552.3814086914062,1384.2727279663086,1625.0,1389.0,1625.0,1389.0,False,1625.0,1389.0,False,1625.0,1389.0,False
4339,human,ok,113900.0,2553.7180786132812,1385.144287109375,1626.0,1389.0,1626.0,1389.0,False,1626.0,1389.0,False,1626.0,1389.0,False
4340,auto,ok,109721.0,2545.0,1393.0,1630.0,1388.0,1630.0,1388.0,False,1630.0,1388.0,False,1630.0,1388.0,False
4340,human,ok,109721.0,2545.0,1393.0,1630.0,1388.0,1630.0,1388.0,False,1630.0,1388.0,False,1630.0,1388.0,False
4341,auto,ok,106571.0,2542.0,1401.0,1641.0,1396.0,1641.0,1396.0,False,1641.0,1396.0,False,1641.0,1396.0,False
4341,human,ok,106360.0,2541.0,1405.0,1642.0,1395.0,1642.0,1395.0,False,1642.0,1395.0,False,1642.0,1395.0,False
4342,auto,ok,89062.0,2466.426025390625,1385.6037368774414,1638.0,1399.0,1638.0,1399.0,False,1638.0,1399.0,False,1638.0,1399.0,False
4342,human,ok,89281.0,2465.8872680664062,1384.594581604004,1640.0,1398.0,1640.0,1398.0,False,1640.0,1398.0,False,1640.0,1398.0,False
4343,auto,laser_off_all_fish,,,,,,,,,,,,,,
4343,human,ok,92276.0,2478.1166381835938,1373.133415222168,1642.0,1381.0,1642.0,1381.0,False,1642.0,1381.0,False,1642.0,1381.0,False
4344,auto,ok,88721.0,2455.6411743164062,1382.2981185913086,1636.0,1403.0,1636.0,1403.0,False,1636.0,1403.0,False,1636.0,1403.0,False
4344,human,ok,88587.0,2457.0839233398438,1383.0310440063477,1636.0,1402.0,1636.0,1402.0,False,1636.0,1402.0,False,1636.0,1402.0,False
4345,auto,ok,91028.0,2468.772216796875,1374.6867370605469,1636.0,1385.0,1636.0,1385.0,False,1636.0,1385.0,False,1636.0,1385.0,False
4345,human,ok,91223.0,2468.5119018554688,1378.3846817016602,1636.0,1383.0,1636.0,1383.0,False,1636.0,1383.0,False,1636.0,1383.0,False
4346,auto,laser_off_all_fish,,,,,,,,,,,,,,
4346,human,ok,85432.0,2440.9309692382812,1381.5643844604492,1632.0,1405.0,1632.0,1405.0,False,1632.0,1405.0,False,1632.0,1405.0,False
4347,auto,ok,87178.0,2453.5350341796875,1363.0550651550293,1639.0,1399.0,1639.0,1399.0,False,1639.0,1399.0,False,1639.0,1399.0,False
4347,human,ok,87006.0,2452.6305541992188,1365.474437713623,1639.0,1399.0,1639.0,1399.0,False,1639.0,1399.0,False,1639.0,1399.0,False
4349,auto,ok,124178.0,2190.3324584960938,1403.0859069824219,1603.0,1224.0,1603.0,1224.0,False,1603.0,1224.0,False,1603.0,1224.0,False
4349,human,ok,124178.0,2190.3324584960938,1403.0859069824219,1603.0,1224.0,1603.0,1224.0,False,1603.0,1224.0,False,1603.0,1224.0,False
4350,auto,ok,124426.0,2187.6884155273438,1418.8108367919922,1601.0,1251.0,1601.0,1251.0,False,1601.0,1251.0,False,1601.0,1251.0,False
4350,human,ok,124426.0,2187.6884155273438,1418.8108367919922,1601.0,1251.0,1601.0,1251.0,False,1601.0,1251.0,False,1601.0,1251.0,False
4351,auto,ok,128506.0,2197.9036254882812,1410.9429321289062,1580.0,1294.0,1580.0,1294.0,False,1580.0,1294.0,False,1580.0,1294.0,False
4351,human,ok,128248.0,2198.223876953125,1412.1415405273438,1582.0,1293.0,1582.0,1293.0,False,1582.0,1293.0,False,1582.0,1293.0,False
4352,auto,no_detections,,,,,,,,,,,,,,
4352,human,no_detections,,,,,,,,,,,,,,
4353,auto,ok,130738.0,2216.9656982421875,1446.6369323730469,1619.0,1269.0,1619.0,1269.0,False,1619.0,1269.0,False,1619.0,1269.0,False
4353,human,ok,131525.0,2217.0316162109375,1445.6392517089844,1601.0,1303.0,1601.0,1303.0,False,1601.0,1303.0,False,1601.0,1303.0,False
4354,auto,ok,155066.0,2242.2190551757812,1389.9922790527344,1590.0,1189.0,1590.0,1189.0,False,1590.0,1189.0,False,1590.0,1189.0,False
4354,human,ok,154927.0,2240.8839721679688,1392.2962646484375,1592.0,1179.0,1592.0,1179.0,False,1592.0,1179.0,False,1592.0,1179.0,False
4355,auto,ok,156839.0,2208.9280395507812,1384.0942993164062,1565.0,1144.0,1565.0,1144.0,False,1565.0,1144.0,False,1565.0,1144.0,False
4355,human,ok,156672.0,2207.9168090820312,1385.08984375,1564.0,1147.0,1564.0,1147.0,False,1564.0,1147.0,False,1564.0,1147.0,False
4356,auto,ok,156606.0,2240.9647827148438,1383.8874816894531,1590.0,1178.0,1590.0,1178.0,False,1590.0,1178.0,False,1590.0,1178.0,False
4356,human,ok,158043.0,2241.1755981445312,1383.6277465820312,1590.0,1178.0,1590.0,1178.0,False,1590.0,1178.0,False,1590.0,1178.0,False
4357,auto,no_detections,,,,,,,,,,,,,,
4357,human,no_detections,,,,,,,,,,,,,,
4358,auto,ok,156119.0,2265.0979614257812,1377.9427490234375,1606.0,1263.0,1606.0,1263.0,False,1606.0,1263.0,False,1606.0,1263.0,False
4358,human,ok,155989.0,2265.076171875,1379.0341491699219,1604.0,1270.0,1604.0,1270.0,False,1604.0,1270.0,False,1604.0,1270.0,False
4359,auto,no_detections,,,,,,,,,,,,,,
4359,human,no_detections,,,,,,,,,,,,,,
4360,auto,no_detections,,,,,,,,,,,,,,
4360,human,no_detections,,,,,,,,,,,,,,
4361,auto,no_detections,,,,,,,,,,,,,,
4361,human,no_detections,,,,,,,,,,,,,,
4362,auto,no_detections,,,,,,,,,,,,,,
4362,human,no_detections,,,,,,,,,,,,,,
4363,auto,no_detections,,,,,,,,,,,,,,
4363,human,no_detections,,,,,,,,,,,,,,
4364,auto,no_detections,,,,,,,,,,,,,,
4364,human,no_detections,,,,,,,,,,,,,,
4365,auto,no_detections,,,,,,,,,,,,,,
4365,human,no_detections,,,,,,,,,,,,,,
4366,auto,no_detections,,,,,,,,,,,,,,
4366,human,no_detections,,,,,,,,,,,,,,
4367,auto,no_detections,,,,,,,,,,,,,,
4367,human,no_detections,,,,,,,,,,,,,,
4368,auto,no_detections,,,,,,,,,,,,,,
4368,human,no_detections,,,,,,,,,,,,,,
4369,auto,no_detections,,,,,,,,,,,,,,
4369,human,no_detections,,,,,,,,,,,,,,
4370,auto,no_detections,,,,,,,,,,,,,,
4370,human,no_detections,,,,,,,,,,,,,,
4371,auto,no_detections,,,,,,,,,,,,,,
4371,human,no_detections,,,,,,,,,,,,,,
4372,auto,no_detections,,,,,,,,,,,,,,
4372,human,ok,66618.0,2121.0,1427.0,1674.0,1362.0,1674.0,1362.0,False,1674.0,1362.0,False,1674.0,1362.0,False
4373,auto,no_detections,,,,,,,,,,,,,,
4373,human,no_detections,,,,,,,,,,,,,,
4374,auto,no_detections,,,,,,,,,,,,,,
4374,human,no_detections,,,,,,,,,,,,,,
4375,auto,no_detections,,,,,,,,,,,,,,
4375,human,no_detections,,,,,,,,,,,,,,
4376,auto,ok,352970.0,2456.8890380859375,1468.263671875,1313.990234375,913.7636871337891,1313.0,916.0,True,1313.0,916.0,True,1313.0,916.0,True
4376,human,ok,352457.0,2456.0244140625,1470.2245483398438,1315.0841217041016,910.7245178222656,1312.0,917.0,True,1312.0,917.0,True,1312.0,917.0,True
4377,auto,ok,352257.0,2484.637939453125,1446.4703979492188,1299.7584533691406,971.4703674316406,1299.0,974.0,True,1299.0,974.0,True,1299.0,974.0,True
4377,human,ok,352483.0,2483.560546875,1446.5313720703125,1299.7098541259766,971.0313720703125,1300.0,971.0,True,1300.0,971.0,True,1300.0,971.0,True
4379,auto,ok,361014.0,2428.689697265625,1495.1473388671875,1306.7593688964844,872.6473236083984,1305.0,877.0,True,1305.0,877.0,True,1305.0,877.0,True
4379,human,ok,360374.0,2429.6217041015625,1490.4100341796875,1307.5723724365234,871.9100189208984,1307.0,874.0,True,1307.0,874.0,True,1307.0,874.0,True
4380,auto,ok,398061.0,2550.78662109375,1221.3705444335938,1242.393539428711,1031.3705444335938,1243.0,1030.0,True,1243.0,1030.0,True,1243.0,1030.0,True
4380,human,ok,397645.0,2551.9764404296875,1216.4913024902344,1243.8507690429688,1030.9913024902344,1243.0,1030.0,True,1243.0,1030.0,True,1243.0,1030.0,True
4381,auto,ok,377720.0,2509.546142578125,1328.9458618164062,1240.2066802978516,1030.4458618164062,1240.0,1030.0,True,1240.0,1030.0,True,1240.0,1030.0,True
4381,human,ok,378017.0,2510.29052734375,1332.73681640625,1239.0116424560547,1027.73681640625,1239.0,1028.0,True,1239.0,1028.0,True,1239.0,1028.0,True
4382,auto,ok,388330.0,2585.4608154296875,1290.5027465820312,1305.026138305664,1015.9972534179688,1305.0,1015.0,True,1305.0,1015.0,True,1305.0,1015.0,True
4382,human,ok,388548.0,2585.6517333984375,1288.8036193847656,1305.0701751708984,1012.8036193847656,1305.0,1013.0,True,1305.0,1013.0,True,1305.0,1013.0,True
4383,auto,ok,394076.0,2554.4873046875,1283.1730346679688,1248.6750946044922,1151.8269500732422,1249.0,1152.0,True,1249.0,1152.0,True,1249.0,1152.0,True
4383,human,ok,394145.0,2553.3782958984375,1279.6499328613281,1250.2112121582031,1148.649917602539,1250.0,1149.0,True,1250.0,1149.0,True,1250.0,1149.0,True
4384,auto,ok,70515.0,2189.5377197265625,1435.7495880126953,1635.2430953979492,1334.2495880126953,1634.0,1338.0,True,1634.0,1338.0,True,1634.0,1338.0,True
4384,human,ok,70515.0,2189.5377197265625,1435.7495880126953,1635.2430953979492,1334.2495880126953,1634.0,1338.0,True,1634.0,1338.0,True,1634.0,1338.0,True
4385,auto,ok,71342.0,2195.986328125,1422.3357391357422,1647.1449661254883,1313.8357391357422,1647.0,1314.0,True,1647.0,1314.0,True,1647.0,1314.0,True
4385,human,ok,71223.0,2195.1441650390625,1420.82373046875,1646.9038925170898,1314.1762619018555,1647.0,1314.0,True,1647.0,1314.0,True,1647.0,1314.0,True
4386,auto,ok,70628.0,2200.7559814453125,1455.0057067871094,1650.1680068969727,1338.0057067871094,1650.0,1338.0,True,1650.0,1338.0,True,1650.0,1338.0,True
4386,human,ok,70688.0,2202.0441284179688,1453.740966796875,1650.1923217773438,1338.240966796875,1650.0,1338.0,True,1650.0,1338.0,True,1650.0,1338.0,True
4387,auto,ok,71276.0,2193.0364379882812,1412.1217498779297,1640.9730224609375,1308.1217498779297,1641.0,1308.0,True,1641.0,1308.0,True,1641.0,1308.0,True
4387,human,ok,71276.0,2193.0364379882812,1412.1217498779297,1640.9730224609375,1308.1217498779297,1641.0,1308.0,True,1641.0,1308.0,True,1641.0,1308.0,True
4388,auto,ok,71192.0,2138.9468383789062,1528.2795104980469,1674.1932373046875,1209.7794952392578,1672.0,1213.0,True,1672.0,1213.0,True,1672.0,1213.0,True
4388,human,ok,71214.0,2139.0,1528.0,1675.0,1208.0,1670.0,1215.0,True,1670.0,1215.0,True,1670.0,1215.0,True
4389,auto,ok,71576.0,2130.0,1536.0,1709.25,1164.0,1704.0,1169.0,True,1704.0,1169.0,True,1704.0,1169.0,True
4389,human,ok,71560.0,2127.80859375,1538.8034057617188,1707.8005905151367,1164.8033905029297,1704.0,1169.0,True,1704.0,1169.0,True,1704.0,1169.0,True
4390,auto,ok,71891.0,2118.0,1540.0,1708.0,1157.0,1703.0,1162.0,True,1703.0,1162.0,True,1703.0,1162.0,True
4390,human,ok,71870.0,2118.0,1541.0,1707.25,1158.0,1701.0,1164.0,True,1701.0,1164.0,True,1701.0,1164.0,True
4391,auto,ok,72130.0,2114.0,1538.0,1680.0,1177.0,1677.0,1180.0,True,1677.0,1180.0,True,1677.0,1180.0,True
4391,human,ok,71961.0,2114.0,1537.0,1682.25,1174.0,1671.0,1185.0,True,1671.0,1185.0,True,1671.0,1185.0,True
4392,auto,ok,72526.0,2133.0,1542.0,1689.25,1196.0,1681.0,1205.0,True,1681.0,1205.0,True,1681.0,1205.0,True
4392,human,ok,72631.0,2131.8834228515625,1542.0724792480469,1688.0684509277344,1197.0724639892578,1681.0,1205.0,True,1681.0,1205.0,True,1681.0,1205.0,True
4393,auto,ok,71444.0,2105.0,1557.0,1701.0,1169.0,1697.0,1173.0,True,1697.0,1173.0,True,1697.0,1173.0,True
4393,human,ok,71737.0,2104.0,1557.0,1702.0,1168.0,1696.0,1174.0,True,1696.0,1174.0,True,1696.0,1174.0,True
4394,auto,ok,71389.0,2087.0,1556.0,1699.0,1154.0,1695.0,1158.0,True,1695.0,1158.0,True,1695.0,1158.0,True
4394,human,ok,71308.0,2088.0,1554.0,1699.25,1154.0,1695.0,1158.0,True,1695.0,1158.0,True,1695.0,1158.0,True
4395,auto,ok,63719.0,2147.1404418945312,1538.1016235351562,1720.9281616210938,1229.1016311645508,1721.0,1229.0,True,1721.0,1229.0,True,1721.0,1229.0,True
4395,human,ok,63678.0,2149.4160766601562,1535.9844970703125,1721.775291442871,1226.984489440918,1718.0,1233.0,True,1718.0,1233.0,True,1718.0,1233.0,True
4396,auto,ok,65156.0,2148.9935913085938,1537.951416015625,1721.9894943237305,1212.9514083862305,1722.0,1213.0,True,1722.0,1213.0,True,1722.0,1213.0,True
4396,human,ok,65340.0,2148.9638061523438,1538.0875854492188,1720.7990493774414,1216.0875778198242,1721.0,1216.0,True,1721.0,1216.0,True,1721.0,1216.0,True
4397,auto,ok,66920.0,2166.8640747070312,1544.1043701171875,1738.2303009033203,1201.104377746582,1738.0,1201.0,True,1738.0,1201.0,True,1738.0,1201.0,True
4397,human,ok,66785.0,2165.0554809570312,1544.8707275390625,1737.0251846313477,1201.8707275390625,1737.0,1202.0,True,1737.0,1202.0,True,1737.0,1202.0,True
4398,auto,ok,62700.0,2162.816650390625,1537.9057922363281,1739.114112854004,1240.9057846069336,1739.0,1241.0,True,1739.0,1241.0,True,1739.0,1241.0,True
4398,human,ok,62700.0,2162.816650390625,1537.9057922363281,1739.114112854004,1240.9057846069336,1739.0,1241.0,True,1739.0,1241.0,True,1739.0,1241.0,True
4399,auto,ok,62501.0,2165.147674560547,1541.7759399414062,1738.9065628051758,1256.7759323120117,1739.0,1257.0,True,1739.0,1257.0,True,1739.0,1257.0,True
4399,human,ok,62278.0,2165.015594482422,1540.6823425292969,1741.0783157348633,1254.1823425292969,1739.0,1257.0,True,1739.0,1257.0,True,1739.0,1257.0,True
4400,auto,ok,97924.0,2179.078887939453,1253.1522674560547,1704.0,1264.0,1704.0,1264.0,False,1704.0,1264.0,False,1704.0,1264.0,False
4400,human,ok,97900.0,2178.834503173828,1254.261375427246,1704.0,1264.0,1704.0,1264.0,False,1704.0,1264.0,False,1704.0,1264.0,False
4401,auto,ok,98427.0,2166.9860229492188,1253.924659729004,1691.0,1264.0,1691.0,1264.0,False,1691.0,1264.0,False,1691.0,1264.0,False
4401,human,ok,98113.0,2166.123504638672,1253.1859588623047,1691.0,1266.0,1691.0,1266.0,False,1691.0,1266.0,False,1691.0,1266.0,False
4402,auto,ok,97782.0,2156.9912719726562,1225.738540649414,1683.0,1240.0,1683.0,1240.0,False,1683.0,1240.0,False,1683.0,1240.0,False
4402,human,ok,97782.0,2156.9912719726562,1225.738540649414,1683.0,1240.0,1683.0,1240.0,False,1683.0,1240.0,False,1683.0,1240.0,False
4403,auto,ok,98743.0,2176.0703735351562,1190.2256698608398,1700.0,1204.0,1700.0,1204.0,False,1700.0,1204.0,False,1700.0,1204.0,False
4403,human,ok,98653.0,2175.780029296875,1192.0292434692383,1700.0,1205.0,1700.0,1205.0,False,1700.0,1205.0,False,1700.0,1205.0,False
4404,auto,ok,108528.0,2168.0182189941406,1237.776611328125,1667.0,1262.0,1667.0,1262.0,False,1667.0,1262.0,False,1667.0,1262.0,False
4404,human,ok,108312.0,2168.0859375,1237.1006927490234,1668.0,1260.0,1668.0,1260.0,False,1668.0,1260.0,False,1668.0,1260.0,False
4405,auto,ok,114030.0,2190.87939453125,1215.9165115356445,1678.0,1237.0,1678.0,1237.0,False,1678.0,1237.0,False,1678.0,1237.0,False
4405,human,ok,114164.0,2190.87939453125,1216.9165115356445,1678.0,1237.0,1678.0,1237.0,False,1678.0,1237.0,False,1678.0,1237.0,False
4406,auto,ok,111758.0,2172.222900390625,1227.8900299072266,1663.0,1253.0,1663.0,1253.0,False,1663.0,1253.0,False,1663.0,1253.0,False
4406,human,ok,111607.0,2171.6605224609375,1228.0588760375977,1663.0,1252.0,1663.0,1252.0,False,1663.0,1252.0,False,1663.0,1252.0,False
4407,auto,ok,116362.0,2191.9998168945312,1219.930778503418,1672.0,1236.0,1672.0,1236.0,False,1672.0,1236.0,False,1672.0,1236.0,False
4407,human,ok,116417.0,2191.9410400390625,1219.053611755371,1673.0,1235.0,1673.0,1235.0,False,1673.0,1235.0,False,1673.0,1235.0,False
4408,auto,ok,119418.0,2198.1563720703125,1195.630226135254,1672.0,1212.0,1672.0,1212.0,False,1672.0,1212.0,False,1672.0,1212.0,False
4408,human,ok,119353.0,2197.6559448242188,1192.9770889282227,1673.0,1210.0,1673.0,1210.0,False,1673.0,1210.0,False,1673.0,1210.0,False
4409,auto,ok,126203.0,2230.2196044921875,1195.7390213012695,1690.0,1224.0,1690.0,1224.0,False,1690.0,1224.0,False,1690.0,1224.0,False
4409,human,ok,126139.0,2229.8976440429688,1197.0656280517578,1691.0,1221.0,1691.0,1221.0,False,1691.0,1221.0,False,1691.0,1221.0,False
4410,auto,ok,122715.0,2203.9700927734375,1206.3428955078125,1672.0,1226.0,1672.0,1226.0,False,1672.0,1226.0,False,1672.0,1226.0,False
4410,human,ok,122212.0,2203.964599609375,1208.059310913086,1673.0,1226.0,1673.0,1226.0,False,1673.0,1226.0,False,1673.0,1226.0,False
4411,auto,ok,35150.0,2100.9361877441406,1313.0290756225586,1816.0,1342.0,1832.0,1351.0,True,1832.0,1351.0,True,1816.0,1342.0,False
4411,human,ok,35153.0,2101.076446533203,1311.817050933838,1816.0,1341.0,1830.0,1352.0,True,1830.0,1352.0,True,1816.0,1341.0,False
4412,auto,ok,36832.0,2109.8328247070312,1317.0603981018066,1820.0,1349.0,1834.0,1360.0,True,1834.0,1360.0,True,1820.0,1349.0,False
4412,human,ok,36832.0,2109.8328247070312,1317.0603981018066,1820.0,1349.0,1834.0,1360.0,True,1834.0,1360.0,True,1820.0,1349.0,False
4413,auto,ok,41121.0,2092.018585205078,1315.0175971984863,1784.0,1355.0,1800.0,1364.0,True,1800.0,1364.0,True,1784.0,1355.0,False
4413,human,ok,41359.0,2092.8743896484375,1313.9495086669922,1784.0,1352.0,1802.0,1366.0,True,1802.0,1366.0,True,1784.0,1352.0,False
4415,auto,ok,29116.0,2034.109375,1340.074909210205,1778.0,1373.0,1778.0,1373.0,False,1778.0,1373.0,False,1778.0,1373.0,False
4415,human,ok,28975.0,2034.1976623535156,1341.0355682373047,1779.0,1371.0,1779.0,1371.0,False,1779.0,1371.0,False,1779.0,1371.0,False
4416,auto,ok,29000.0,2000.9349975585938,1287.916934967041,1744.0,1316.0,1744.0,1316.0,False,1744.0,1316.0,False,1744.0,1316.0,False
4416,human,ok,29111.0,2000.8299560546875,1288.9772109985352,1743.0,1320.0,1743.0,1320.0,False,1743.0,1320.0,False,1743.0,1320.0,False
4418,auto,laser_off_all_fish,,,,,,,,,,,,,,
4418,human,ok,28819.0,2035.0468444824219,1338.1030311584473,1779.0,1374.0,1779.0,1374.0,False,1779.0,1374.0,False,1779.0,1374.0,False
4421,auto,ok,30246.0,2019.0408020019531,1282.0174293518066,1758.0,1309.0,1758.0,1309.0,False,1758.0,1309.0,False,1758.0,1309.0,False
4421,human,ok,30241.0,2020.0701293945312,1281.8466300964355,1758.0,1309.0,1758.0,1309.0,False,1758.0,1309.0,False,1758.0,1309.0,False
4517,auto,laser_off_all_fish,,,,,,,,,,,,,,
4517,human,laser_off_all_fish,,,,,,,,,,,,,,
4518,auto,ok,223753.0,2463.5604248046875,1342.8842468261719,1645.0,1255.0,1645.0,1255.0,False,1645.0,1255.0,False,1645.0,1255.0,False
4518,human,ok,222223.0,2463.0,1342.0,1649.0,1202.0,1649.0,1202.0,False,1649.0,1202.0,False,1649.0,1202.0,False
4519,auto,no_detections,,,,,,,,,,,,,,
4519,human,no_detections,,,,,,,,,,,,,,
4520,auto,no_detections,,,,,,,,,,,,,,
4520,human,no_detections,,,,,,,,,,,,,,
4521,auto,no_detections,,,,,,,,,,,,,,
4521,human,no_detections,,,,,,,,,,,,,,
4522,auto,no_detections,,,,,,,,,,,,,,
4522,human,no_detections,,,,,,,,,,,,,,
4523,auto,ok,103073.0,2267.13623046875,1511.0087432861328,1724.0,1355.0,1724.0,1355.0,False,1724.0,1355.0,False,1724.0,1355.0,False
4523,human,ok,103228.0,2266.9786376953125,1511.3534698486328,1725.0,1351.0,1725.0,1351.0,False,1725.0,1351.0,False,1725.0,1351.0,False
4524,auto,ok,101851.0,2293.7631225585938,1470.0431518554688,1747.0,1367.0,1747.0,1367.0,False,1747.0,1367.0,False,1747.0,1367.0,False
4524,human,ok,99181.0,2294.0,1469.0,1747.0,1367.0,1878.0,1469.0,True,1878.0,1469.0,True,1747.0,1367.0,False
4525,auto,ok,101282.0,2290.6494140625,1442.8817443847656,1749.0,1370.0,1749.0,1370.0,False,1749.0,1370.0,False,1749.0,1370.0,False
4525,human,ok,101401.0,2290.6494140625,1442.8817443847656,1749.0,1370.0,1749.0,1370.0,False,1749.0,1370.0,False,1749.0,1370.0,False
4526,auto,ok,98439.0,2296.7308959960938,1422.966049194336,1768.0,1386.0,1768.0,1386.0,False,1768.0,1386.0,False,1768.0,1386.0,False
4526,human,ok,98621.0,2297.0548706054688,1422.7140197753906,1767.0,1397.0,1767.0,1397.0,False,1767.0,1397.0,False,1767.0,1397.0,False
4527,auto,ok,334930.0,1158.0,1080.0,2739.0,1405.0,2739.0,1405.0,False,2739.0,1405.0,False,2739.0,1405.0,False
4527,human,ok,334950.0,1157.0,1079.0,2740.0,1404.0,2740.0,1404.0,False,2740.0,1404.0,False,2740.0,1404.0,False
4528,auto,ok,344611.0,1156.0,1105.0,2752.0,1409.0,2752.0,1409.0,False,2752.0,1409.0,False,2752.0,1409.0,False
4528,human,ok,344651.0,1156.0,1107.0,2752.0,1409.0,2752.0,1409.0,False,2752.0,1409.0,False,2752.0,1409.0,False
4530,auto,ok,299052.0,1205.0,1147.0,2696.0,1422.0,2696.0,1422.0,False,2696.0,1422.0,False,2696.0,1422.0,False
4530,human,ok,299052.0,1205.0,1147.0,2696.0,1422.0,2696.0,1422.0,False,2696.0,1422.0,False,2696.0,1422.0,False
4531,auto,ok,297969.0,1246.0,1111.0,2723.0,1408.0,2723.0,1408.0,False,2723.0,1408.0,False,2723.0,1408.0,False
4531,human,ok,297825.0,1245.0,1112.0,2723.0,1408.0,2723.0,1408.0,False,2723.0,1408.0,False,2723.0,1408.0,False
4532,auto,ok,136712.0,2530.0,1520.0,1561.0,1301.0,1721.0,1454.0,True,1721.0,1454.0,True,1721.0,1454.0,True
4532,human,ok,136712.0,2530.0,1520.0,1561.0,1301.0,1721.0,1454.0,True,1721.0,1454.0,True,1721.0,1454.0,True
4533,auto,ok,118711.0,1571.0,1303.0,2510.0,1525.0,2510.0,1525.0,False,2510.0,1525.0,False,2510.0,1525.0,False
4533,human,ok,120800.0,1570.0,1303.0,2510.0,1524.0,2510.0,1524.0,False,2510.0,1524.0,False,2510.0,1524.0,False
4534,auto,ok,124836.0,1583.375,1315.0,2523.0,1541.0,2523.0,1541.0,False,2523.0,1541.0,False,2523.0,1541.0,False
4534,human,ok,138258.0,2522.3970947265625,1541.8634948730469,1585.0,1323.0,1742.0,1479.0,True,1742.0,1479.0,True,1742.0,1479.0,True
4535,auto,ok,92347.0,1628.0,1357.0,2444.0,1484.0,2444.0,1484.0,False,2444.0,1484.0,False,2444.0,1484.0,False
4535,human,ok,93028.0,1616.0,1348.0,2443.0,1484.0,2443.0,1484.0,False,2443.0,1484.0,False,2443.0,1484.0,False
4536,auto,ok,96058.0,1617.0,1318.0,2456.0,1489.0,2456.0,1489.0,False,2456.0,1489.0,False,2456.0,1489.0,False
4536,human,ok,96058.0,1617.0,1318.0,2456.0,1489.0,2456.0,1489.0,False,2456.0,1489.0,False,2456.0,1489.0,False
4537,auto,ok,94042.0,1602.75,1318.0,2434.0,1462.0,2434.0,1462.0,False,2434.0,1462.0,False,2434.0,1462.0,False
4537,human,ok,93815.0,1604.0,1318.0,2433.0,1461.0,2433.0,1461.0,False,2433.0,1461.0,False,2433.0,1461.0,False
4538,auto,ok,95045.0,1610.1345558166504,1308.8296394348145,2449.0,1473.0,2449.0,1473.0,False,2449.0,1473.0,False,2449.0,1473.0,False
4538,human,ok,95045.0,1610.1345558166504,1308.8296394348145,2449.0,1473.0,2449.0,1473.0,False,2449.0,1473.0,False,2449.0,1473.0,False
4539,auto,ok,91454.0,1665.0,1355.0,2483.0,1488.0,2483.0,1488.0,False,2483.0,1488.0,False,2483.0,1488.0,False
4539,human,ok,91138.0,1664.0,1352.0,2482.0,1490.0,2482.0,1490.0,False,2482.0,1490.0,False,2482.0,1490.0,False
4540,auto,ok,75322.0,2218.3048706054688,1246.1141242980957,1829.0,1375.0,1829.0,1375.0,False,1829.0,1375.0,False,1829.0,1375.0,False
4540,human,ok,75264.0,2217.782440185547,1246.9526081085205,1829.0,1376.0,1829.0,1376.0,False,1846.0,1385.0,True,1829.0,1376.0,False
4541,auto,ok,71457.0,2237.2236328125,1253.8867206573486,1857.0,1365.0,1876.0,1375.0,True,1876.0,1375.0,True,1857.0,1365.0,False
4541,human,ok,71633.0,2237.0333251953125,1251.730878829956,1857.0,1365.0,1877.0,1374.0,True,1877.0,1374.0,True,1857.0,1365.0,False
4542,auto,ok,67636.0,2235.193634033203,1264.9147777557373,1867.0,1365.0,1867.0,1365.0,False,1867.0,1365.0,False,1867.0,1365.0,False
4542,human,ok,67513.0,2235.1776733398438,1264.9282321929932,1867.0,1363.0,1867.0,1363.0,False,1867.0,1363.0,False,1867.0,1363.0,False
4651,auto,laser_off_all_fish,,,,,,,,,,,,,,
4651,human,ok,870571.0,1033.625,910.0,2834.0,1478.0,2834.0,1478.0,False,2834.0,1478.0,False,2834.0,1478.0,False
4652,auto,ok,878308.0,1036.0,877.0,2650.25,1532.0,2650.25,1532.0,False,2650.25,1532.0,False,2650.25,1532.0,False
4652,human,ok,878851.0,1036.0,877.0,2652.0,1531.5,2652.0,1531.5,False,2652.0,1531.5,False,2652.0,1531.5,False
4653,auto,laser_off_all_fish,,,,,,,,,,,,,,
4653,human,laser_off_all_fish,,,,,,,,,,,,,,
4654,auto,laser_off_all_fish,,,,,,,,,,,,,,
4654,human,laser_off_all_fish,,,,,,,,,,,,,,
4655,auto,laser_off_all_fish,,,,,,,,,,,,,,
4655,human,laser_off_all_fish,,,,,,,,,,,,,,
4656,auto,laser_off_all_fish,,,,,,,,,,,,,,
4656,human,laser_off_all_fish,,,,,,,,,,,,,,
4657,auto,no_detections,,,,,,,,,,,,,,
4657,human,laser_off_all_fish,,,,,,,,,,,,,,
4658,auto,laser_off_all_fish,,,,,,,,,,,,,,
4658,human,laser_off_all_fish,,,,,,,,,,,,,,
4659,auto,laser_off_all_fish,,,,,,,,,,,,,,
4659,human,laser_off_all_fish,,,,,,,,,,,,,,
4660,auto,ok,320097.0,1417.0,1179.0,2899.0,1289.0,2640.0,1409.0,True,2640.0,1409.0,True,2640.0,1409.0,True
4660,human,ok,320221.0,1418.0,1178.0,2898.0,1290.0,2640.0,1410.0,True,2640.0,1410.0,True,2640.0,1410.0,True
4661,auto,ok,329770.0,1407.0,1193.0,2898.0,1305.0,2651.0,1421.0,True,2651.0,1421.0,True,2651.0,1421.0,True
4661,human,ok,330126.0,1407.0,1194.0,2899.0,1304.0,2649.0,1423.0,True,2649.0,1423.0,True,2649.0,1423.0,True
4662,auto,ok,313728.0,1399.0,1214.0,2900.0,1281.0,2611.0,1435.0,True,2611.0,1435.0,True,2611.0,1435.0,True
4662,human,ok,313029.0,1399.0,1213.0,2901.0,1280.0,2611.0,1433.0,True,2611.0,1433.0,True,2611.0,1433.0,True
4663,auto,ok,304319.0,1418.0,1215.0,2899.0,1309.0,2623.0,1448.0,True,2623.0,1448.0,True,2623.0,1448.0,True
4663,human,ok,304319.0,1418.0,1215.0,2899.0,1309.0,2623.0,1448.0,True,2623.0,1448.0,True,2623.0,1448.0,True
4664,auto,ok,298668.0,2901.0,1303.0,1423.0,1200.0,1423.0,1200.0,False,1423.0,1200.0,False,1423.0,1200.0,False
4664,human,ok,298668.0,2901.0,1303.0,1423.0,1200.0,1423.0,1200.0,False,1423.0,1200.0,False,1423.0,1200.0,False
4665,auto,ok,277403.0,2903.0,1344.0,1468.0,1240.0,1468.0,1240.0,False,1468.0,1240.0,False,1468.0,1240.0,False
4665,human,ok,277197.0,2903.0,1344.0,1468.0,1239.0,1468.0,1239.0,False,1468.0,1239.0,False,1468.0,1239.0,False
4666,auto,ok,276912.0,2904.0,1374.0,1479.0,1270.0,1479.0,1270.0,False,1479.0,1270.0,False,1479.0,1270.0,False
4666,human,ok,276257.0,1481.0,1269.0,2902.0,1371.0,2616.0,1503.0,True,2616.0,1503.0,True,2616.0,1503.0,True
4667,auto,ok,275809.0,2904.0,1316.0,1474.0,1208.0,1474.0,1208.0,False,1474.0,1208.0,False,1474.0,1208.0,False
4667,human,ok,276266.0,2903.0,1316.0,1474.0,1208.0,1474.0,1208.0,False,1474.0,1208.0,False,1474.0,1208.0,False
4668,auto,ok,276565.0,2904.0,1314.0,1471.0,1200.0,1471.0,1200.0,False,1471.0,1200.0,False,1471.0,1200.0,False
4668,human,ok,277013.0,2903.0,1316.0,1471.0,1200.0,1471.0,1200.0,False,1471.0,1200.0,False,1471.0,1200.0,False
4669,auto,ok,276388.0,2903.0,1332.0,1487.0,1208.0,1487.0,1208.0,False,1487.0,1208.0,False,1487.0,1208.0,False
4669,human,ok,279295.0,2906.0,1333.0,1487.0,1209.0,1487.0,1209.0,False,1487.0,1209.0,False,1487.0,1209.0,False
4670,auto,ok,277109.0,2904.0,1305.0,1466.0,1204.0,1466.0,1204.0,False,1466.0,1204.0,False,1466.0,1204.0,False
4670,human,ok,276530.0,2904.0,1306.0,1467.0,1203.0,1467.0,1203.0,False,1467.0,1203.0,False,1467.0,1203.0,False
4671,auto,ok,160104.0,2332.0717163085938,1384.3245544433594,1670.0,1148.0,1670.0,1148.0,False,1670.0,1148.0,False,1670.0,1148.0,False
4671,human,ok,160104.0,2332.0717163085938,1384.3245544433594,1670.0,1148.0,1670.0,1148.0,False,1670.0,1148.0,False,1670.0,1148.0,False
4672,auto,ok,156412.0,2295.0757446289062,1420.3598022460938,1664.0,1122.0,1664.0,1122.0,False,1664.0,1122.0,False,1664.0,1122.0,False
4672,human,ok,156412.0,2295.0757446289062,1420.3598022460938,1664.0,1122.0,1664.0,1122.0,False,1664.0,1122.0,False,1664.0,1122.0,False
4673,auto,ok,158943.0,2310.078369140625,1420.9000549316406,1658.0,1155.0,1658.0,1155.0,False,1658.0,1155.0,False,1658.0,1155.0,False
4673,human,no_detections,,,,,,,,,,,,,,
4674,auto,ok,157584.0,2305.1466674804688,1418.0581665039062,1657.0,1162.0,1657.0,1162.0,False,1657.0,1162.0,False,1657.0,1162.0,False
4674,human,ok,157584.0,2305.1466674804688,1418.0581665039062,1657.0,1162.0,1657.0,1162.0,False,1657.0,1162.0,False,1657.0,1162.0,False
4675,auto,ok,161356.0,2318.3976440429688,1384.982894897461,1639.0,1200.0,1639.0,1200.0,False,1639.0,1200.0,False,1639.0,1200.0,False
4675,human,ok,161356.0,2318.3976440429688,1384.982894897461,1639.0,1200.0,1639.0,1200.0,False,1639.0,1200.0,False,1639.0,1200.0,False
4676,auto,no_detections,,,,,,,,,,,,,,
4676,human,no_detections,,,,,,,,,,,,,,
4677,auto,no_detections,,,,,,,,,,,,,,
4677,human,no_detections,,,,,,,,,,,,,,
4678,auto,no_detections,,,,,,,,,,,,,,
4678,human,no_detections,,,,,,,,,,,,,,
4679,auto,no_detections,,,,,,,,,,,,,,
4679,human,no_detections,,,,,,,,,,,,,,
4680,auto,no_detections,,,,,,,,,,,,,,
4680,human,no_detections,,,,,,,,,,,,,,
4681,auto,no_detections,,,,,,,,,,,,,,
4681,human,no_detections,,,,,,,,,,,,,,
4682,auto,no_detections,,,,,,,,,,,,,,
4682,human,no_detections,,,,,,,,,,,,,,
4683,auto,no_detections,,,,,,,,,,,,,,
4683,human,no_detections,,,,,,,,,,,,,,
4684,auto,ok,92428.0,2293.2576904296875,1393.044692993164,1773.0,1287.0,1773.0,1287.0,False,1773.0,1287.0,False,1773.0,1287.0,False
4684,human,no_detections,,,,,,,,,,,,,,
4685,auto,no_detections,,,,,,,,,,,,,,
4685,human,no_detections,,,,,,,,,,,,,,
4686,auto,ok,93378.0,2250.2477416992188,1397.2196197509766,1730.0,1278.0,1730.0,1278.0,False,1730.0,1278.0,False,1730.0,1278.0,False
4686,human,no_detections,,,,,,,,,,,,,,
4687,auto,no_detections,,,,,,,,,,,,,,
4687,human,no_detections,,,,,,,,,,,,,,
4688,auto,no_detections,,,,,,,,,,,,,,
4688,human,no_detections,,,,,,,,,,,,,,
4689,auto,ok,89161.0,2275.94775390625,1399.6318969726562,1760.0,1315.0,1760.0,1315.0,False,1760.0,1315.0,False,1760.0,1315.0,False
4689,human,no_detections,,,,,,,,,,,,,,
4690,auto,no_detections,,,,,,,,,,,,,,
4690,human,no_detections,,,,,,,,,,,,,,
4691,auto,ok,135194.0,2398.9934692382812,1420.2602844238281,1625.4254684448242,1336.7602844238281,1625.0,1337.0,True,1625.0,1337.0,True,1625.0,1337.0,True
4691,human,ok,135076.0,2397.3711547851562,1416.4628601074219,1625.3041763305664,1336.4628601074219,1625.0,1336.0,True,1625.0,1336.0,True,1625.0,1336.0,True
4692,auto,ok,132756.0,2403.1904296875,1392.6175994873047,1637.3615112304688,1312.6175994873047,1636.0,1318.0,True,1636.0,1318.0,True,1636.0,1318.0,True
4692,human,ok,132884.0,2405.6137084960938,1394.739013671875,1636.78125,1313.2390060424805,1636.0,1318.0,True,1636.0,1318.0,True,1636.0,1318.0,True
4693,auto,ok,137258.0,2413.478515625,1384.1351318359375,1633.381935119629,1306.1351318359375,1633.0,1306.0,True,1633.0,1306.0,True,1633.0,1306.0,True
4693,human,ok,137322.0,2413.9514770507812,1384.5213165283203,1633.3746719360352,1306.0213165283203,1633.0,1306.0,True,1633.0,1306.0,True,1633.0,1306.0,True
4694,auto,laser_off_all_fish,,,,,,,,,,,,,,
4694,human,laser_off_all_fish,,,,,,,,,,,,,,
4695,auto,laser_off_all_fish,,,,,,,,,,,,,,
4695,human,laser_off_all_fish,,,,,,,,,,,,,,
4696,auto,ok,181791.0,2437.344482421875,1295.3909606933594,1534.6036758422852,1314.1090393066406,1535.0,1320.0,True,1535.0,1320.0,True,1535.0,1320.0,True
4696,human,ok,181721.0,2436.0923461914062,1293.7395782470703,1534.8280563354492,1313.7395782470703,1535.0,1321.0,True,1535.0,1321.0,True,1535.0,1321.0,True
4697,auto,ok,70306.0,2271.1375122070312,1379.649787902832,1726.864761352539,1356.149787902832,1727.0,1360.0,True,1727.0,1360.0,True,1727.0,1360.0,True
4697,human,ok,70565.0,2275.0065307617188,1413.0178527832031,1725.9115447998047,1360.0178604125977,1726.0,1360.0,True,1726.0,1360.0,True,1726.0,1360.0,True
4698,auto,ok,70248.0,2312.2107543945312,1400.0625610351562,1756.8614540100098,1346.0625686645508,1757.0,1346.0,True,1757.0,1346.0,True,1757.0,1346.0,True
4698,human,ok,70335.0,2312.855224609375,1397.6603393554688,1757.991844177246,1344.1603317260742,1758.0,1344.0,True,1758.0,1344.0,True,1758.0,1344.0,True
4699,auto,ok,70725.0,2287.6952514648438,1389.08349609375,1733.096076965332,1336.08349609375,1733.0,1336.0,True,1733.0,1336.0,True,1733.0,1336.0,True
4699,human,ok,70725.0,2287.6952514648438,1389.08349609375,1733.096076965332,1336.08349609375,1733.0,1336.0,True,1733.0,1336.0,True,1733.0,1336.0,True
4700,auto,ok,70755.0,2289.1140747070312,1422.3374786376953,1738.0153350830078,1370.8374786376953,1738.0,1371.0,True,1738.0,1371.0,True,1738.0,1371.0,True
4700,human,ok,70431.0,2282.9664306640625,1430.9274139404297,1736.8742980957031,1372.9274063110352,1737.0,1373.0,True,1737.0,1373.0,True,1737.0,1373.0,True
4701,auto,ok,69646.0,2304.2447509765625,1414.2929077148438,1751.9494171142578,1342.7929077148438,1752.0,1343.0,True,1752.0,1343.0,True,1752.0,1343.0,True
4701,human,ok,69530.0,2304.1490478515625,1414.6575927734375,1751.8771743774414,1341.1575927734375,1752.0,1341.0,True,1752.0,1341.0,True,1752.0,1341.0,True
4702,auto,ok,70219.0,2291.9655151367188,1395.2939453125,1741.0983657836914,1310.7939453125,1741.0,1311.0,True,1741.0,1311.0,True,1741.0,1311.0,True
4702,human,ok,70272.0,2291.7935791015625,1396.0255737304688,1741.165512084961,1311.0255661010742,1741.0,1311.0,True,1741.0,1311.0,True,1741.0,1311.0,True
4703,auto,ok,69383.0,2287.0707397460938,1403.9794006347656,1740.1657333374023,1314.9794006347656,1740.0,1315.0,True,1740.0,1315.0,True,1740.0,1315.0,True
4703,human,ok,69230.0,2286.5789184570312,1405.2865447998047,1740.1796493530273,1314.7865447998047,1740.0,1315.0,True,1740.0,1315.0,True,1740.0,1315.0,True
4704,auto,ok,69932.0,2295.1472778320312,1410.9058227539062,1741.8098373413086,1333.9058227539062,1742.0,1334.0,True,1742.0,1334.0,True,1742.0,1334.0,True
4704,human,ok,69955.0,2294.9138793945312,1413.0233154296875,1742.0620727539062,1335.0233154296875,1742.0,1335.0,True,1742.0,1335.0,True,1742.0,1335.0,True
4705,auto,ok,68764.0,2320.40625,1426.9612121582031,1780.8134765625,1326.9612121582031,1781.0,1327.0,True,1781.0,1327.0,True,1781.0,1327.0,True
4705,human,ok,68698.0,2321.1212158203125,1425.9530944824219,1781.0219497680664,1326.9530868530273,1781.0,1327.0,True,1781.0,1327.0,True,1781.0,1327.0,True
4706,auto,ok,69643.0,2322.9100952148438,1416.7003173828125,1777.9938659667969,1328.2003173828125,1778.0,1328.0,True,1778.0,1328.0,True,1778.0,1328.0,True
4706,human,ok,69459.0,2322.8572998046875,1419.087173461914,1777.9094009399414,1328.087173461914,1778.0,1328.0,True,1778.0,1328.0,True,1778.0,1328.0,True
4707,auto,ok,180279.0,2321.7918090820312,1076.7265625,1685.0,1166.0,1685.0,1166.0,False,1685.0,1166.0,False,1685.0,1166.0,False
4707,human,ok,180406.0,2321.7636108398438,1076.1537399291992,1685.0,1161.0,1685.0,1161.0,False,1685.0,1161.0,False,1685.0,1161.0,False
4708,auto,ok,187517.0,2278.9970092773438,1086.0004653930664,1629.0,1186.0,1629.0,1186.0,False,1629.0,1186.0,False,1629.0,1186.0,False
4708,human,ok,187007.0,2279.738037109375,1087.1200828552246,1629.0,1186.0,1629.0,1186.0,False,1629.0,1186.0,False,1629.0,1186.0,False
4709,auto,ok,193769.0,2308.1648559570312,1035.7932357788086,1650.0,1148.0,1650.0,1148.0,False,1650.0,1148.0,False,1650.0,1148.0,False
4709,human,ok,193942.0,2308.4243774414062,1032.9389152526855,1650.0,1146.0,1650.0,1146.0,False,1650.0,1146.0,False,1650.0,1146.0,False
4710,auto,ok,182065.0,2290.9500732421875,1107.0398025512695,1648.0,1200.0,1648.0,1200.0,False,1648.0,1200.0,False,1648.0,1200.0,False
4710,human,ok,181706.0,2290.0528564453125,1110.0718612670898,1648.0,1202.0,1648.0,1202.0,False,1648.0,1202.0,False,1648.0,1202.0,False
4711,auto,ok,226578.0,2304.950927734375,1025.0736618041992,1591.0,1134.0,1591.0,1134.0,False,1591.0,1134.0,False,1591.0,1134.0,False
4711,human,ok,225828.0,2304.0989990234375,1026.013069152832,1591.0,1134.0,1591.0,1134.0,False,1591.0,1134.0,False,1591.0,1134.0,False
4712,auto,ok,245915.0,2319.4529418945312,1006.5195770263672,1570.0,1106.0,1570.0,1106.0,False,1570.0,1106.0,False,1570.0,1106.0,False
4712,human,ok,245394.0,2318.8524169921875,1000.6439514160156,1570.0,1107.0,1570.0,1107.0,False,1570.0,1107.0,False,1570.0,1107.0,False
4713,auto,ok,239641.0,2303.4596557617188,983.7355499267578,1567.0,1100.0,1567.0,1100.0,False,1567.0,1100.0,False,1567.0,1100.0,False
4713,human,ok,239319.0,2303.4552001953125,982.0489196777344,1567.0,1101.0,1567.0,1101.0,False,1567.0,1101.0,False,1567.0,1101.0,False
4714,auto,ok,233713.0,2318.6780395507812,1007.596794128418,1593.0,1120.0,1593.0,1120.0,False,1593.0,1120.0,False,1593.0,1120.0,False
4714,human,ok,232695.0,2319.2637329101562,1010.200798034668,1593.0,1118.0,1593.0,1118.0,False,1593.0,1118.0,False,1593.0,1118.0,False
4715,auto,ok,53983.0,2155.5949096679688,1236.3219757080078,1805.0,1278.0,1805.0,1278.0,False,1805.0,1278.0,False,1805.0,1278.0,False
4715,human,ok,53983.0,2155.5949096679688,1236.3219757080078,1805.0,1278.0,1805.0,1278.0,False,1805.0,1278.0,False,1805.0,1278.0,False
4716,auto,ok,52238.0,2178.8038940429688,1249.1887168884277,1835.0,1297.0,1835.0,1297.0,False,1835.0,1297.0,False,1835.0,1297.0,False
4716,human,ok,52238.0,2178.8038940429688,1249.1887168884277,1835.0,1297.0,1835.0,1297.0,False,1835.0,1297.0,False,1835.0,1297.0,False
4717,auto,ok,49558.0,2172.3269958496094,1278.9523239135742,1839.0,1328.0,1839.0,1328.0,False,1839.0,1328.0,False,1839.0,1328.0,False
4717,human,ok,49298.0,2172.0610961914062,1281.0720901489258,1839.0,1330.0,1839.0,1330.0,False,1839.0,1330.0,False,1839.0,1330.0,False
4718,auto,ok,54021.0,2176.617462158203,1286.3474960327148,1838.0,1329.0,1838.0,1329.0,False,1838.0,1329.0,False,1838.0,1329.0,False
4718,human,ok,53675.0,2176.8277282714844,1286.8753242492676,1838.0,1330.0,1838.0,1330.0,False,1838.0,1330.0,False,1838.0,1330.0,False
4719,auto,ok,47721.0,2185.9038696289062,1281.1629066467285,1855.0,1327.0,1855.0,1327.0,False,1855.0,1327.0,False,1855.0,1327.0,False
4719,human,ok,47878.0,2185.021209716797,1279.0811805725098,1856.0,1326.0,1856.0,1326.0,False,1856.0,1326.0,False,1856.0,1326.0,False
4720,auto,ok,47184.0,2207.037322998047,1331.036491394043,1880.0,1373.0,1880.0,1373.0,False,1880.0,1373.0,False,1880.0,1373.0,False
4720,human,ok,47269.0,2207.136505126953,1330.897258758545,1880.0,1373.0,1880.0,1373.0,False,1880.0,1373.0,False,1880.0,1373.0,False
4721,auto,ok,47853.0,2168.1403198242188,1334.877815246582,1838.0,1377.0,1838.0,1377.0,False,1838.0,1377.0,False,1838.0,1377.0,False
4721,human,ok,47890.0,2166.6600341796875,1334.756420135498,1839.0,1376.0,1839.0,1376.0,False,1839.0,1376.0,False,1839.0,1376.0,False
4722,auto,ok,48840.0,2225.0628051757812,1341.8142166137695,1893.0,1382.0,1893.0,1382.0,False,1893.0,1382.0,False,1893.0,1382.0,False
4722,human,ok,49010.0,2225.009765625,1339.7466049194336,1892.0,1382.0,1892.0,1382.0,False,1892.0,1382.0,False,1892.0,1382.0,False
4723,auto,ok,48245.0,2184.257354736328,1334.9371299743652,1853.0,1377.0,1853.0,1377.0,False,1853.0,1377.0,False,1853.0,1377.0,False
4723,human,ok,48412.0,2184.002655029297,1332.9406433105469,1853.0,1376.0,1853.0,1376.0,False,1853.0,1376.0,False,1853.0,1376.0,False
4724,auto,ok,49621.0,2213.224334716797,1324.903865814209,1877.0,1362.0,1877.0,1362.0,False,1877.0,1362.0,False,1877.0,1362.0,False
4724,human,ok,49621.0,2213.224334716797,1324.903865814209,1877.0,1362.0,1877.0,1362.0,False,1877.0,1362.0,False,1877.0,1362.0,False
4725,auto,ok,50134.0,2193.9590454101562,1305.8247680664062,1856.0,1348.0,1856.0,1348.0,False,1856.0,1348.0,False,1856.0,1348.0,False
4725,human,ok,50072.0,2193.978302001953,1306.1558227539062,1857.0,1346.0,1857.0,1346.0,False,1857.0,1346.0,False,1857.0,1346.0,False
4726,auto,ok,52011.0,2168.055145263672,1294.9906692504883,1824.0,1328.0,1824.0,1328.0,False,1824.0,1328.0,False,1824.0,1328.0,False
4726,human,ok,52139.0,2168.0105590820312,1298.0150985717773,1824.0,1327.0,1824.0,1327.0,False,1824.0,1327.0,False,1824.0,1327.0,False
4727,auto,ok,51550.0,2193.8846740722656,1309.0031356811523,1851.0,1341.0,1851.0,1341.0,False,1851.0,1341.0,False,1851.0,1341.0,False
4727,human,ok,51550.0,2193.8846740722656,1309.0031356811523,1851.0,1341.0,1851.0,1341.0,False,1851.0,1341.0,False,1851.0,1341.0,False
4728,auto,ok,51782.0,2176.309814453125,1284.820224761963,1833.0,1319.0,1833.0,1319.0,False,1833.0,1319.0,False,1833.0,1319.0,False
4728,human,ok,51782.0,2176.309814453125,1284.820224761963,1833.0,1319.0,1833.0,1319.0,False,1833.0,1319.0,False,1833.0,1319.0,False
4729,auto,ok,52036.0,2176.192626953125,1292.3000183105469,1834.0,1320.0,1834.0,1320.0,False,1834.0,1320.0,False,1834.0,1320.0,False
4729,human,ok,52033.0,2174.951934814453,1289.2291641235352,1834.0,1320.0,1834.0,1320.0,False,1834.0,1320.0,False,1834.0,1320.0,False
4730,auto,ok,52030.0,2179.971466064453,1300.0058975219727,1838.0,1335.0,1838.0,1335.0,False,1838.0,1335.0,False,1838.0,1335.0,False
4730,human,ok,52030.0,2179.971466064453,1300.0058975219727,1838.0,1335.0,1838.0,1335.0,False,1838.0,1335.0,False,1838.0,1335.0,False
4731,auto,no_detections,,,,,,,,,,,,,,
4731,human,no_detections,,,,,,,,,,,,,,
4732,auto,no_detections,,,,,,,,,,,,,,
4732,human,no_detections,,,,,,,,,,,,,,
4733,auto,no_detections,,,,,,,,,,,,,,
4733,human,no_detections,,,,,,,,,,,,,,
4734,auto,no_detections,,,,,,,,,,,,,,
4734,human,no_detections,,,,,,,,,,,,,,
4735,auto,no_detections,,,,,,,,,,,,,,
4735,human,laser_off_all_fish,,,,,,,,,,,,,,
4736,auto,no_detections,,,,,,,,,,,,,,
4736,human,no_detections,,,,,,,,,,,,,,
4737,auto,no_detections,,,,,,,,,,,,,,
4737,human,no_detections,,,,,,,,,,,,,,
4738,auto,no_detections,,,,,,,,,,,,,,
4738,human,no_detections,,,,,,,,,,,,,,
4739,auto,no_detections,,,,,,,,,,,,,,
4739,human,no_detections,,,,,,,,,,,,,,
4740,auto,no_detections,,,,,,,,,,,,,,
4740,human,no_detections,,,,,,,,,,,,,,
4741,auto,no_detections,,,,,,,,,,,,,,
4741,human,no_detections,,,,,,,,,,,,,,
4742,auto,no_detections,,,,,,,,,,,,,,
4742,human,no_detections,,,,,,,,,,,,,,
4743,auto,no_detections,,,,,,,,,,,,,,
4743,human,no_detections,,,,,,,,,,,,,,
4744,auto,no_detections,,,,,,,,,,,,,,
4744,human,no_detections,,,,,,,,,,,,,,
4745,auto,no_detections,,,,,,,,,,,,,,
4745,human,no_detections,,,,,,,,,,,,,,
4746,auto,no_detections,,,,,,,,,,,,,,
4746,human,no_detections,,,,,,,,,,,,,,
4747,auto,no_detections,,,,,,,,,,,,,,
4747,human,no_detections,,,,,,,,,,,,,,
4748,auto,no_detections,,,,,,,,,,,,,,
4748,human,no_detections,,,,,,,,,,,,,,
4749,auto,no_detections,,,,,,,,,,,,,,
4749,human,no_detections,,,,,,,,,,,,,,
4750,auto,no_detections,,,,,,,,,,,,,,
4750,human,no_detections,,,,,,,,,,,,,,
4751,auto,no_detections,,,,,,,,,,,,,,
4751,human,no_detections,,,,,,,,,,,,,,
4752,auto,no_detections,,,,,,,,,,,,,,
4752,human,no_detections,,,,,,,,,,,,,,
4753,auto,no_detections,,,,,,,,,,,,,,
4753,human,no_detections,,,,,,,,,,,,,,
4857,auto,ok,177170.0,1912.2729187011719,1226.188087463379,1603.0,1338.0,1603.0,1338.0,False,1603.0,1338.0,False,1603.0,1338.0,False
4857,human,ok,177065.0,1912.9770812988281,1231.5127868652344,1603.0,1337.0,1603.0,1337.0,False,1603.0,1337.0,False,1603.0,1337.0,False
4859,auto,ok,173090.0,1887.0404052734375,1223.1782302856445,1578.0,1323.0,1578.0,1323.0,False,1578.0,1323.0,False,1578.0,1323.0,False
4859,human,ok,173143.0,1888.3113098144531,1234.7578964233398,1576.0,1310.0,1576.0,1310.0,False,1576.0,1310.0,False,1576.0,1310.0,False
4861,auto,ok,171576.0,1866.1318969726562,1189.4080123901367,1561.0,1306.0,1561.0,1306.0,False,1561.0,1306.0,False,1561.0,1306.0,False
4861,human,ok,171484.0,1867.0264892578125,1200.2563781738281,1560.0,1302.0,1560.0,1302.0,False,1560.0,1302.0,False,1560.0,1302.0,False
4862,auto,ok,162354.0,1866.7842712402344,1267.8249435424805,1575.0,1395.0,1575.0,1395.0,False,1575.0,1395.0,False,1575.0,1395.0,False
4862,human,ok,162182.0,1867.6493530273438,1274.0415496826172,1576.0,1398.0,1576.0,1398.0,False,1576.0,1398.0,False,1576.0,1398.0,False
4863,auto,ok,163689.0,1857.1309509277344,1278.2095184326172,1564.0,1408.0,1564.0,1408.0,False,1564.0,1408.0,False,1564.0,1408.0,False
4863,human,ok,164106.0,1857.8846130371094,1283.060775756836,1565.0,1413.0,1565.0,1413.0,False,1565.0,1413.0,False,1565.0,1413.0,False
4864,auto,ok,159309.0,1900.2328796386719,1260.635612487793,1612.0,1393.0,1612.0,1393.0,False,1612.0,1393.0,False,1612.0,1393.0,False
4864,human,ok,159372.0,1900.7727966308594,1263.8017196655273,1612.0,1393.0,1612.0,1393.0,False,1612.0,1393.0,False,1612.0,1393.0,False
4865,auto,ok,156998.0,1903.1913757324219,1320.792495727539,1611.0,1431.0,1611.0,1431.0,False,1611.0,1431.0,False,1611.0,1431.0,False
4865,human,ok,156997.0,1903.3070983886719,1321.7803497314453,1611.0,1431.0,1611.0,1431.0,False,1611.0,1431.0,False,1611.0,1431.0,False
4866,auto,ok,157319.0,1851.92529296875,1267.2140884399414,1561.0,1386.0,1561.0,1386.0,False,1561.0,1386.0,False,1561.0,1386.0,False
4866,human,ok,157516.0,1852.1042175292969,1266.0609893798828,1559.0,1378.0,1559.0,1378.0,False,1559.0,1378.0,False,1559.0,1378.0,False
4868,auto,ok,107589.0,2239.0,1316.0,1675.0,1388.0,1675.0,1388.0,False,1675.0,1388.0,False,1675.0,1388.0,False
4868,human,ok,107589.0,2239.0,1316.0,1675.0,1388.0,1675.0,1388.0,False,1675.0,1388.0,False,1675.0,1388.0,False
4869,auto,ok,107549.0,2238.0,1305.0,1674.0,1382.0,1674.0,1382.0,False,1674.0,1382.0,False,1674.0,1382.0,False
4869,human,ok,107485.0,2237.9772338867188,1306.6347579956055,1674.0,1383.0,1674.0,1383.0,False,1674.0,1383.0,False,1674.0,1383.0,False
4870,auto,ok,108539.0,1877.4917602539062,1264.1452178955078,1637.0,1352.0,1637.0,1352.0,False,1637.0,1352.0,False,1637.0,1352.0,False
4870,human,ok,108221.0,1880.2461395263672,1288.773826599121,1634.0,1336.0,1634.0,1336.0,False,1634.0,1336.0,False,1634.0,1336.0,False
4871,auto,ok,109487.0,1885.8460845947266,1305.5073165893555,1648.0,1405.0,1648.0,1405.0,False,1648.0,1405.0,False,1648.0,1405.0,False
4871,human,ok,109425.0,1886.9674224853516,1311.7252578735352,1647.0,1400.0,1647.0,1400.0,False,1647.0,1400.0,False,1647.0,1400.0,False
4873,auto,ok,111833.0,1884.1432495117188,1329.113624572754,1639.0,1415.0,1639.0,1415.0,False,1639.0,1415.0,False,1639.0,1415.0,False
4873,human,ok,111778.0,1881.9230041503906,1313.1802597045898,1640.0,1420.0,1640.0,1420.0,False,1640.0,1420.0,False,1640.0,1420.0,False
4874,auto,ok,52131.0,1950.8213348388672,1380.5193634033203,1785.0,1455.0,1785.0,1455.0,False,1785.0,1455.0,False,1785.0,1455.0,False
4874,human,ok,52131.0,1950.8213348388672,1380.5193634033203,1785.0,1455.0,1785.0,1455.0,False,1785.0,1455.0,False,1785.0,1455.0,False
4875,auto,ok,54536.0,2192.0,1343.0,1785.0,1432.0,1785.0,1432.0,False,1785.0,1432.0,False,1785.0,1432.0,False
4875,human,ok,54536.0,2192.0,1343.0,1785.0,1432.0,1785.0,1432.0,False,1785.0,1432.0,False,1785.0,1432.0,False
4876,auto,ok,53944.0,2153.687744140625,1335.9519996643066,1755.0,1438.0,1755.0,1438.0,False,1755.0,1438.0,False,1755.0,1438.0,False
4876,human,ok,53944.0,2153.687744140625,1335.9519996643066,1755.0,1438.0,1755.0,1438.0,False,1755.0,1438.0,False,1755.0,1438.0,False
4879,auto,ok,214405.0,1943.5259399414062,1680.781005859375,2017.5259399414062,696.1714782714844,2018.0,696.0,True,2018.0,696.0,True,2018.0,696.0,True
4879,human,ok,214405.0,1943.5259399414062,1680.781005859375,2017.5259399414062,696.1714782714844,2018.0,696.0,True,2018.0,696.0,True,2018.0,696.0,True
4880,auto,ok,202617.0,2012.230209350586,1753.340576171875,2061.230224609375,799.8966827392578,2057.0,800.0,True,2057.0,800.0,True,2057.0,800.0,True
4880,human,ok,202617.0,2012.230209350586,1753.340576171875,2061.230224609375,799.8966827392578,2057.0,800.0,True,2057.0,800.0,True,2057.0,800.0,True
4888,auto,laser_off_all_fish,,,,,,,,,,,,,,
4888,human,ok,402368.0,1851.0,1882.0,2295.0,533.0,2295.0,533.0,False,2295.0,533.0,False,2295.0,533.0,False
4889,auto,laser_off_all_fish,,,,,,,,,,,,,,
4889,human,ok,393867.0,1853.0,1887.0,2338.0,538.0,2338.0,538.0,False,2338.0,538.0,False,2338.0,538.0,False
4894,auto,ok,221149.0,2443.0,1444.0,1323.0,1148.0,1323.0,1148.0,False,1323.0,1148.0,False,1323.0,1148.0,False
4894,human,ok,221149.0,2443.0,1444.0,1323.0,1148.0,1323.0,1148.0,False,1323.0,1148.0,False,1323.0,1148.0,False
4895,auto,ok,222146.0,2479.0,1425.0,1346.0,1163.0,1346.0,1163.0,False,1346.0,1163.0,False,1346.0,1163.0,False
4895,human,ok,222146.0,2479.0,1425.0,1346.0,1163.0,1346.0,1163.0,False,1346.0,1163.0,False,1346.0,1163.0,False
4896,auto,ok,225202.0,2489.0,1433.0,1518.5,1035.0,1518.5,1035.0,False,1518.5,1035.0,False,1518.5,1035.0,False
4896,human,ok,225202.0,2489.0,1433.0,1518.5,1035.0,1518.5,1035.0,False,1518.5,1035.0,False,1518.5,1035.0,False
4897,auto,ok,220945.0,2416.0,1462.0,1302.0,1160.0,1302.0,1160.0,False,1302.0,1160.0,False,1302.0,1160.0,False
4897,human,ok,220945.0,2416.0,1462.0,1302.0,1160.0,1302.0,1160.0,False,1302.0,1160.0,False,1302.0,1160.0,False
4898,auto,ok,220795.0,2427.0,1486.0,1321.0,1173.0,1321.0,1173.0,False,1321.0,1173.0,False,1321.0,1173.0,False
4898,human,ok,220795.0,2427.0,1486.0,1321.0,1173.0,1321.0,1173.0,False,1321.0,1173.0,False,1321.0,1173.0,False
4899,auto,ok,209241.0,2404.5955810546875,1460.4317932128906,1334.0,1163.0,1334.0,1163.0,False,1334.0,1163.0,False,1334.0,1163.0,False
4899,human,ok,209241.0,2404.5955810546875,1460.4317932128906,1334.0,1163.0,1334.0,1163.0,False,1334.0,1163.0,False,1334.0,1163.0,False
4900,auto,ok,209762.0,2407.625,1457.0,1332.0,1155.0,1332.0,1155.0,False,1332.0,1155.0,False,1332.0,1155.0,False
4900,human,ok,209762.0,2407.625,1457.0,1332.0,1155.0,1332.0,1155.0,False,1332.0,1155.0,False,1332.0,1155.0,False
4901,auto,ok,208980.0,2405.540771484375,1465.2194213867188,1343.0,1148.0,1343.0,1148.0,False,1343.0,1148.0,False,1343.0,1148.0,False
4901,human,ok,208980.0,2405.540771484375,1465.2194213867188,1343.0,1148.0,1343.0,1148.0,False,1343.0,1148.0,False,1343.0,1148.0,False
4902,auto,ok,210246.0,2402.0,1459.0,1502.25,1033.5,1502.25,1033.5,False,1502.25,1033.5,False,1502.25,1033.5,False
4902,human,ok,210246.0,2402.0,1459.0,1502.25,1033.5,1502.25,1033.5,False,1502.25,1033.5,False,1502.25,1033.5,False
4904,auto,ok,105506.0,1716.113263130188,1409.1789245605469,2194.0,1286.0,2194.0,1286.0,False,2194.0,1286.0,False,2194.0,1286.0,False
4904,human,ok,105506.0,1716.113263130188,1409.1789245605469,2194.0,1286.0,2194.0,1286.0,False,2194.0,1286.0,False,2194.0,1286.0,False
4905,auto,ok,104245.0,1708.1549096107483,1413.893798828125,2182.0,1290.0,2182.0,1290.0,False,2182.0,1290.0,False,2182.0,1290.0,False
4905,human,ok,104245.0,1708.1549096107483,1413.893798828125,2182.0,1290.0,2182.0,1290.0,False,2182.0,1290.0,False,2182.0,1290.0,False
4906,auto,ok,106984.0,1706.3370385169983,1398.8071899414062,2189.0,1277.0,2189.0,1277.0,False,2189.0,1277.0,False,2189.0,1277.0,False
4906,human,ok,106984.0,1706.3370385169983,1398.8071899414062,2189.0,1277.0,2189.0,1277.0,False,2189.0,1277.0,False,2189.0,1277.0,False
4907,auto,ok,104277.0,1716.9079947471619,1411.0672912597656,2192.0,1288.0,2192.0,1288.0,False,2192.0,1288.0,False,2192.0,1288.0,False
4907,human,ok,104277.0,1716.9079947471619,1411.0672912597656,2192.0,1288.0,2192.0,1288.0,False,2192.0,1288.0,False,2192.0,1288.0,False
4908,auto,ok,68220.0,1750.9891200065613,1441.0149230957031,2138.0,1324.0,2138.0,1324.0,False,2138.0,1324.0,False,2138.0,1324.0,False
4908,human,ok,68220.0,1750.9891200065613,1441.0149230957031,2138.0,1324.0,2138.0,1324.0,False,2138.0,1324.0,False,2138.0,1324.0,False
4909,auto,ok,68891.0,1734.8928899765015,1438.2711486816406,2125.0,1319.0,2125.0,1319.0,False,2125.0,1319.0,False,2125.0,1319.0,False
4909,human,ok,68891.0,1734.8928899765015,1438.2711486816406,2125.0,1319.0,2125.0,1319.0,False,2125.0,1319.0,False,2125.0,1319.0,False
4910,auto,ok,68115.0,1743.7025680541992,1460.7199249267578,2131.0,1348.0,2131.0,1348.0,False,2131.0,1348.0,False,2131.0,1348.0,False
4910,human,ok,68115.0,1743.7025680541992,1460.7199249267578,2131.0,1348.0,2131.0,1348.0,False,2131.0,1348.0,False,2131.0,1348.0,False
4912,auto,ok,63649.0,1756.0463438034058,1398.9867248535156,2126.0,1293.0,2126.0,1293.0,False,2126.0,1293.0,False,2126.0,1293.0,False
4912,human,ok,63649.0,1756.0463438034058,1398.9867248535156,2126.0,1293.0,2126.0,1293.0,False,2126.0,1293.0,False,2126.0,1293.0,False
4913,auto,ok,61021.0,1771.3386340141296,1420.745849609375,2128.0,1314.0,2128.0,1314.0,False,2128.0,1314.0,False,2128.0,1314.0,False
4913,human,ok,61021.0,1771.3386340141296,1420.745849609375,2128.0,1314.0,2128.0,1314.0,False,2128.0,1314.0,False,2128.0,1314.0,False
4914,auto,ok,62619.0,1773.8437852859497,1434.9258728027344,2140.0,1332.0,2140.0,1332.0,False,2140.0,1332.0,False,2140.0,1332.0,False
4914,human,ok,62619.0,1773.8437852859497,1434.9258728027344,2140.0,1332.0,2140.0,1332.0,False,2140.0,1332.0,False,2140.0,1332.0,False
4915,auto,ok,54614.0,1805.0082159042358,1429.144790649414,2151.0,1361.0,2151.0,1361.0,False,2151.0,1361.0,False,2151.0,1361.0,False
4915,human,ok,54614.0,1805.0082159042358,1429.144790649414,2151.0,1361.0,2151.0,1361.0,False,2151.0,1361.0,False,2151.0,1361.0,False
4916,auto,ok,55401.0,1788.185540676117,1427.8823547363281,2138.0,1357.0,2138.0,1357.0,False,2138.0,1357.0,False,2138.0,1357.0,False
4916,human,ok,55401.0,1788.185540676117,1427.8823547363281,2138.0,1357.0,2138.0,1357.0,False,2138.0,1357.0,False,2138.0,1357.0,False
4917,auto,ok,56514.0,1789.8148746490479,1437.1245880126953,2142.0,1354.0,2142.0,1354.0,False,2142.0,1354.0,False,2142.0,1354.0,False
4917,human,ok,56514.0,1789.8148746490479,1437.1245880126953,2142.0,1354.0,2142.0,1354.0,False,2142.0,1354.0,False,2142.0,1354.0,False
4918,auto,ok,56835.0,1773.0073680877686,1431.914306640625,2123.0,1354.0,2123.0,1354.0,False,2123.0,1354.0,False,2123.0,1354.0,False
4918,human,ok,56835.0,1773.0073680877686,1431.914306640625,2123.0,1354.0,2123.0,1354.0,False,2123.0,1354.0,False,2123.0,1354.0,False
4919,auto,ok,56776.0,1779.0972952842712,1419.6248168945312,2131.0,1335.0,2131.0,1335.0,False,2131.0,1335.0,False,2131.0,1335.0,False
4919,human,ok,56776.0,1779.0972952842712,1419.6248168945312,2131.0,1335.0,2131.0,1335.0,False,2131.0,1335.0,False,2131.0,1335.0,False
4920,auto,ok,57342.0,1785.7038197517395,1393.9910888671875,2136.0,1310.0,2136.0,1310.0,False,2136.0,1310.0,False,2136.0,1310.0,False
4920,human,ok,57342.0,1785.7038197517395,1393.9910888671875,2136.0,1310.0,2136.0,1310.0,False,2136.0,1310.0,False,2136.0,1310.0,False
4922,auto,ok,252557.0,1129.0,1541.0,2503.0,1285.0,2503.0,1285.0,False,2503.0,1285.0,False,2503.0,1285.0,False
4922,human,ok,252557.0,1129.0,1541.0,2503.0,1285.0,2503.0,1285.0,False,2503.0,1285.0,False,2503.0,1285.0,False
4923,auto,ok,252535.0,1116.0,1540.0,2494.0,1304.0,2494.0,1304.0,False,2494.0,1304.0,False,2494.0,1304.0,False
4923,human,ok,252535.0,1116.0,1540.0,2494.0,1304.0,2494.0,1304.0,False,2494.0,1304.0,False,2494.0,1304.0,False
4924,auto,ok,252620.0,1109.0,1591.0,2485.0,1323.0,2485.0,1323.0,False,2485.0,1323.0,False,2485.0,1323.0,False
4924,human,ok,252620.0,1109.0,1591.0,2485.0,1323.0,2485.0,1323.0,False,2485.0,1323.0,False,2485.0,1323.0,False
4925,auto,ok,254086.0,1104.0,1583.0,2483.0,1323.0,2483.0,1323.0,False,2483.0,1323.0,False,2483.0,1323.0,False
4925,human,ok,254086.0,1104.0,1583.0,2483.0,1323.0,2483.0,1323.0,False,2483.0,1323.0,False,2483.0,1323.0,False
4926,auto,ok,90884.0,2305.625,820.0,1466.0,730.0,1617.0,855.0,True,1617.0,855.0,True,1617.0,855.0,True
4926,human,ok,105291.0,1452.0,1569.0,2320.0,1376.0,2320.0,1376.0,False,2320.0,1376.0,False,2320.0,1376.0,False
4928,auto,laser_off_all_fish,,,,,,,,,,,,,,
4928,human,ok,104110.0,1467.375,1577.0,2327.0,1383.0,2327.0,1383.0,False,2327.0,1383.0,False,2327.0,1383.0,False
4929,auto,laser_off_all_fish,,,,,,,,,,,,,,
4929,human,ok,103918.0,1466.0,1583.0,2323.0,1389.0,2323.0,1389.0,False,2323.0,1389.0,False,2323.0,1389.0,False
78699,auto,ok,165946.0,1684.9144687652588,1215.7465209960938,2352.6207885742188,1048.2465209960938,2354.0,1053.0,True,2354.0,1053.0,True,2352.6207885742188,1048.2465209960938,False
78699,human,ok,165076.0,1689.0513129234314,1211.2439575195312,2384.0,922.0,2352.0,1043.0,True,2352.0,1043.0,True,2352.0,1043.0,True
78700,auto,ok,180465.0,1698.3975172042847,1175.0534973144531,2426.9513549804688,1050.553482055664,2426.9513549804688,1050.553482055664,False,2432.0,1114.0,True,2426.9513549804688,1050.553482055664,False
78700,human,ok,178940.0,1697.79252243042,1174.8724365234375,2425.8049926757812,1047.6275634765625,2425.8049926757812,1047.6275634765625,False,2431.0,1108.0,True,2425.8049926757812,1047.6275634765625,False
78701,auto,ok,175368.0,1691.7719736099243,1222.0382080078125,2419.0,985.0,2406.0,1111.0,True,2406.0,1111.0,True,2419.0,985.0,False
78701,human,ok,175048.0,1692.0565814971924,1222.6413269042969,2422.0,986.0,2406.0,1106.0,True,2406.0,1106.0,True,2422.0,986.0,False
78703,auto,ok,174742.0,1646.1090321540833,1174.0117797851562,2361.0,962.0,2361.0,962.0,False,2361.0,962.0,False,2361.0,962.0,False
78703,human,ok,174742.0,1646.1090321540833,1174.0117797851562,2361.0,962.0,2361.0,962.0,False,2361.0,962.0,False,2361.0,962.0,False
78704,auto,ok,178488.0,1647.109869003296,1168.7959289550781,2405.0,1186.0,2367.0,1110.0,True,2367.0,1110.0,True,2405.0,1186.0,False
78704,human,ok,178312.0,1646.5832014083862,1169.1240234375,2405.0,1186.0,2367.0,1111.0,True,2367.0,1111.0,True,2405.0,1186.0,False
78705,auto,ok,172220.0,1630.7216939926147,1197.0128479003906,2349.0,978.0,2328.0,1106.0,True,2328.0,1106.0,True,2349.0,978.0,False
78705,human,ok,171191.0,1631.7998414039612,1198.1407165527344,2349.0,977.0,2328.0,1110.0,True,2328.0,1110.0,True,2349.0,977.0,False
78706,auto,ok,111481.0,1731.0,1346.0,2315.0,1072.0,2315.0,1072.0,False,2315.0,1072.0,False,2315.0,1072.0,False
78706,human,ok,111699.0,1731.0,1346.0,2317.0,1072.0,2317.0,1072.0,False,2317.0,1072.0,False,2317.0,1072.0,False
78708,auto,ok,111431.0,2275.24169921875,991.7310380935669,1687.0,1305.0,1687.0,1305.0,False,1687.0,1305.0,False,1687.0,1305.0,False
78708,human,ok,111767.0,2275.6884765625,987.9640922546387,1687.0,1304.0,1687.0,1304.0,False,1687.0,1304.0,False,1687.0,1304.0,False
78713,auto,ok,26971.0,1846.0,1273.0,2204.0,1394.0,2204.0,1394.0,False,2204.0,1394.0,False,2204.0,1394.0,False
78713,human,ok,26789.0,1847.0,1272.0,2202.0,1394.0,2202.0,1394.0,False,2202.0,1394.0,False,2202.0,1394.0,False
78765,auto,ok,56182.0,1860.7442631721497,1347.0291137695312,2248.0,1215.0,2176.0,1224.0,True,2176.0,1224.0,True,2176.0,1224.0,True
78765,human,ok,56343.0,1860.1179795265198,1345.0457153320312,2249.0,1216.0,2174.0,1224.0,True,2174.0,1224.0,True,2174.0,1224.0,True
78766,auto,ok,51987.0,2213.0,1128.0,1822.0,1300.0,1822.0,1300.0,False,1822.0,1300.0,False,1822.0,1300.0,False
78766,human,ok,49646.0,2213.364776611328,1127.7786798477173,1823.0,1297.0,1823.0,1297.0,False,1823.0,1297.0,False,1823.0,1297.0,False
78767,auto,ok,50437.0,1817.0,1335.0,2111.0,1184.0,2122.0,1198.0,True,2122.0,1198.0,True,2122.0,1198.0,True
78767,human,ok,51011.0,1817.0,1335.0,2181.0,1198.0,2125.0,1192.0,True,2125.0,1192.0,True,2125.0,1192.0,True
78770,auto,ok,69014.0,1726.0,1261.0,2224.0,1157.0,2224.0,1157.0,False,2224.0,1157.0,False,2224.0,1157.0,False
78770,human,ok,68773.0,1727.0,1262.0,2225.0,1158.0,2225.0,1158.0,False,2225.0,1158.0,False,2225.0,1158.0,False
78771,auto,ok,74438.0,1788.6843342781067,1294.6958465576172,2276.2352600097656,1198.19584274292,2276.2352600097656,1198.19584274292,False,2276.0,1198.0,True,2276.2352600097656,1198.19584274292,False
78771,human,ok,74866.0,1790.752501487732,1295.229476928711,2275.998321533203,1197.7705268859863,2275.998321533203,1197.7705268859863,False,2275.998321533203,1197.7705268859863,False,2275.998321533203,1197.7705268859863,False
78772,auto,ok,71112.0,1729.7740182876587,1273.3352813720703,2218.0433959960938,1233.8352737426758,2218.0433959960938,1233.8352737426758,False,2217.0,1219.0,True,2218.0433959960938,1233.8352737426758,False
78772,human,ok,71112.0,1729.7740182876587,1273.3352813720703,2218.0433959960938,1233.8352737426758,2218.0433959960938,1233.8352737426758,False,2217.0,1219.0,True,2218.0433959960938,1233.8352737426758,False
78773,auto,ok,70707.0,1746.6751413345337,1285.0685424804688,2237.139190673828,1202.068546295166,2237.139190673828,1202.068546295166,False,2237.139190673828,1202.068546295166,False,2237.139190673828,1202.068546295166,False
78773,human,ok,70707.0,1746.6751413345337,1285.0685424804688,2237.139190673828,1202.068546295166,2237.139190673828,1202.068546295166,False,2237.139190673828,1202.068546295166,False,2237.139190673828,1202.068546295166,False
78774,auto,no_detections,,,,,,,,,,,,,,
78774,human,no_detections,,,,,,,,,,,,,,
78776,auto,ok,34009.0,1771.1365375518799,1279.1428756713867,2095.0,1391.0,2095.0,1391.0,False,2095.0,1391.0,False,2095.0,1391.0,False
78776,human,ok,33530.0,1772.0,1276.0,2095.0,1389.0,2095.0,1389.0,False,2095.0,1389.0,False,2095.0,1389.0,False
78778,auto,ok,35214.0,1785.1434440612793,1274.0133972167969,2131.0,1383.0,2131.0,1383.0,False,2131.0,1383.0,False,2131.0,1383.0,False
78778,human,ok,34994.0,1785.0,1275.0,2132.0,1381.0,2132.0,1381.0,False,2132.0,1381.0,False,2132.0,1381.0,False
78779,auto,no_detections,,,,,,,,,,,,,,
78779,human,no_detections,,,,,,,,,,,,,,
78780,auto,no_detections,,,,,,,,,,,,,,
78780,human,no_detections,,,,,,,,,,,,,,
78781,auto,ok,32837.0,1779.0,1270.0,2095.0,1378.0,2095.0,1378.0,False,2095.0,1378.0,False,2095.0,1378.0,False
78781,human,ok,32837.0,1779.0,1270.0,2095.0,1378.0,2095.0,1378.0,False,2095.0,1378.0,False,2095.0,1378.0,False
78782,auto,no_detections,,,,,,,,,,,,,,
78782,human,no_detections,,,,,,,,,,,,,,
78785,auto,ok,11945.0,2091.0,1408.0,1921.0,1289.0,1921.0,1289.0,False,1921.0,1289.0,False,1921.0,1289.0,False
78785,human,ok,11945.0,2091.0,1408.0,1921.0,1289.0,1921.0,1289.0,False,1921.0,1289.0,False,1921.0,1289.0,False
78786,auto,laser_off_all_fish,,,,,,,,,,,,,,
78786,human,laser_off_all_fish,,,,,,,,,,,,,,
78787,auto,laser_off_all_fish,,,,,,,,,,,,,,
78787,human,laser_off_all_fish,,,,,,,,,,,,,,
78788,auto,no_detections,,,,,,,,,,,,,,
78788,human,no_detections,,,,,,,,,,,,,,
78789,auto,ok,37967.0,1830.9372782707214,1317.3384704589844,2221.0,1297.0,2221.0,1297.0,False,2221.0,1297.0,False,2221.0,1297.0,False
78789,human,ok,38137.0,1831.1935606002808,1315.6813354492188,2222.0,1294.0,2222.0,1294.0,False,2222.0,1294.0,False,2222.0,1294.0,False
78790,auto,ok,41249.0,1808.7311882972717,1316.0552825927734,2219.0,1227.0,2219.0,1227.0,False,2219.0,1227.0,False,2219.0,1227.0,False
78790,human,ok,41249.0,1808.7311882972717,1316.0552825927734,2219.0,1227.0,2219.0,1227.0,False,2219.0,1227.0,False,2219.0,1227.0,False
78791,auto,ok,42443.0,1781.0,1334.0,2195.0,1222.0,2195.0,1222.0,False,2195.0,1222.0,False,2195.0,1222.0,False
78791,human,ok,42443.0,1781.0,1334.0,2195.0,1222.0,2195.0,1222.0,False,2195.0,1222.0,False,2195.0,1222.0,False
78792,auto,ok,40017.0,1821.9104404449463,1332.96044921875,2221.0,1258.0,2221.0,1258.0,False,2221.0,1258.0,False,2221.0,1258.0,False
78792,human,ok,39772.0,1822.0,1330.0,2221.0,1258.0,2221.0,1258.0,False,2221.0,1258.0,False,2221.0,1258.0,False
78793,auto,ok,41237.0,1824.003225326538,1318.2940063476562,2231.0,1213.0,2231.0,1213.0,False,2231.0,1213.0,False,2231.0,1213.0,False
78793,human,ok,41237.0,1824.003225326538,1318.2940063476562,2231.0,1213.0,2231.0,1213.0,False,2231.0,1213.0,False,2231.0,1213.0,False
78794,auto,ok,35404.0,1843.0,1277.0,2209.0,1307.0,2209.0,1307.0,False,2209.0,1307.0,False,2209.0,1307.0,False
78794,human,ok,35231.0,1844.1564540863037,1275.0236282348633,2208.0,1306.0,2208.0,1306.0,False,2208.0,1306.0,False,2208.0,1306.0,False
78795,auto,ok,40063.0,1835.0718426704407,1233.6477355957031,2225.0,1173.0,2225.0,1173.0,False,2225.0,1173.0,False,2225.0,1173.0,False
78795,human,ok,39940.0,1835.6432886123657,1234.7813262939453,2224.0,1168.0,2224.0,1168.0,False,2224.0,1168.0,False,2224.0,1168.0,False
78796,auto,ok,29197.0,1869.9206070899963,1214.980073928833,2185.0,1347.0,2185.0,1347.0,False,2185.0,1347.0,False,2185.0,1347.0,False
78796,human,ok,29197.0,1869.9206070899963,1214.980073928833,2185.0,1347.0,2185.0,1347.0,False,2185.0,1347.0,False,2185.0,1347.0,False
