image_id,dive_id,camera_id,path,laser_x,laser_y,laser_label,head_x,head_y,tail_x,tail_y,content
3339,61,6,2023-09-07 REEF Data Dump/082923_Pool Calibration/082929_FishModels_FSL06/P8290063.ORF,2071.0137076224896,1367.297638434262,Red Laser,1900.3703310944213,1395.9087954787851,2226.077480532973,1380.7442925697026,Fish Model, Purple Angel
3340,61,6,2023-09-07 REEF Data Dump/082923_Pool Calibration/082929_FishModels_FSL06/P8290065.ORF,2073.275919084239,1366.208719577264,Red Laser,1897.1040281833361,1396.8564841714945,2222.0855286532515,1383.2017992778003,Fish Model, Purple Angel
3342,61,6,2023-09-07 REEF Data Dump/082923_Pool Calibration/082929_FishModels_FSL06/P8290064.ORF,2071.993604582196,1368.332685856129,Red Laser,1905.7808685693005,1395.8744766516784,2228.343539143762,1387.2525184759456,Fish Model, Purple Angel
3343,61,6,2023-09-07 REEF Data Dump/082923_Pool Calibration/082929_FishModels_FSL06/P8290066.ORF,2071.336265758005,1365.9020003099192,Red Laser,1901.2760802823336,1372.5840551195508,2222.697609333537,1366.5841865772618,Fish Model, Purple Angel
3344,61,6,2023-09-07 REEF Data Dump/082923_Pool Calibration/082929_FishModels_FSL06/P8290068.ORF,2070.978119172275,1368.5427640497032,Red Laser,1883.1761137674462,1397.459465406048,2205.4266772586234,1386.1455836369869,Fish Model, Purple Angel
3345,61,6,2023-09-07 REEF Data Dump/082923_Pool Calibration/082929_FishModels_FSL06/P8290070.ORF,2072.661646138377,1367.6551140853485,Red Laser,1902.1561257696812,1378.65111229962,2223.9073179276033,1364.1459356039759,Fish Model, Purple Angel
3346,61,6,2023-09-07 REEF Data Dump/082923_Pool Calibration/082929_FishModels_FSL06/P8290069.ORF,2072.283199814839,1368.2341872446532,Red Laser,1892.2448011036063,1391.5752344934672,2214.6553194749663,1382.34466750533,Fish Model, Purple Angel
3347,61,6,2023-09-07 REEF Data Dump/082923_Pool Calibration/082929_FishModels_FSL06/P8290067.ORF,2073.0671857583106,1368.554016572532,Red Laser,1883.965622056602,1366.2406930432219,2207.542640651737,1361.16895293985,Fish Model, Purple Angel
3348,61,6,2023-09-07 REEF Data Dump/082923_Pool Calibration/082929_FishModels_FSL06/P8290071.ORF,2072.013192089299,1368.4209918412473,Red Laser,1906.5355826173538,1396.3542700327184,2226.445342983898,1379.1883804520749,Fish Model, Purple Angel
3349,61,6,2023-09-07 REEF Data Dump/082923_Pool Calibration/082929_FishModels_FSL06/P8290074.ORF,2072.5777882385623,1368.5048660151265,Red Laser,1946.4085738509896,1366.7212539139168,2264.913852342753,1356.0705996968356,Fish Model, Purple Angel
3350,61,6,2023-09-07 REEF Data Dump/082923_Pool Calibration/082929_FishModels_FSL06/P8290072.ORF,2071.7200595689133,1368.7292164355194,Red Laser,1910.3863110465254,1376.098388343326,2228.3844155279517,1354.7970799091636,Fish Model, Purple Angel
3351,61,6,2023-09-07 REEF Data Dump/082923_Pool Calibration/082929_FishModels_FSL06/P8290073.ORF,2071.353722415439,1369.941081772126,Red Laser,1901.2819707952115,1375.1691702523613,2219.6311957453327,1361.1243515045614,Fish Model, Purple Angel
3352,61,6,2023-09-07 REEF Data Dump/082923_Pool Calibration/082929_FishModels_FSL06/P8290078.ORF,2086.8522902865393,1416.8899031796195,Red Laser,1932.72311323885,1400.1904023847862,2162.5119533070138,1378.7330404089817,Fish Model, Purple Angel
3353,61,6,2023-09-07 REEF Data Dump/082923_Pool Calibration/082929_FishModels_FSL06/P8290077.ORF,2087.088608801997,1415.1983611432008,Red Laser,1918.8534049010652,1385.8652712561293,2153.674971687191,1368.6213549046647,Fish Model, Purple Angel
3354,61,6,2023-09-07 REEF Data Dump/082923_Pool Calibration/082929_FishModels_FSL06/P8290076.ORF,2085.2967920858396,1412.2757417556752,Red Laser,1923.4874745106097,1402.9482585994588,2161.0789916608837,1382.271164331865,Fish Model, Purple Angel
3355,61,6,2023-09-07 REEF Data Dump/082923_Pool Calibration/082929_FishModels_FSL06/P8290075.ORF,2084.9354465211086,1411.8994796767945,Red Laser,1920.8520131442647,1371.7802432795572,2164.295538106122,1354.2242198448082,Fish Model, Purple Angel
3357,61,6,2023-09-07 REEF Data Dump/082923_Pool Calibration/082929_FishModels_FSL06/P8290080.ORF,2087.113628191494,1423.132704115237,Red Laser,1931.2284731161562,1409.9244405323418,2149.3132975611534,1393.9289525140148,Fish Model, Purple Angel
3359,61,6,2023-09-07 REEF Data Dump/082923_Pool Calibration/082929_FishModels_FSL06/P8290079.ORF,2086.829388086543,1419.3175936433663,Red Laser,1919.7586651639583,1418.5867141206863,2143.3353738629025,1401.7809480976784,Fish Model, Purple Angel
3365,61,6,2023-09-07 REEF Data Dump/082923_Pool Calibration/082929_FishModels_FSL06/P8290091.ORF,2050.763411379185,1309.36500619081,Red Laser,2484.22822774335,1329.9106955256354,1671.6746023019098,1330.7678196031054,Fish Model, Grouper
3366,61,6,2023-09-07 REEF Data Dump/082923_Pool Calibration/082929_FishModels_FSL06/P8290089.ORF,2053.2177571185234,1314.8170792058083,Red Laser,2461.9942903122924,1374.6355216002894,1679.4400075822973,1391.7780031496868,Fish Model, Grouper
3367,61,6,2023-09-07 REEF Data Dump/082923_Pool Calibration/082929_FishModels_FSL06/P8290088.ORF,2056.016568240255,1317.901386090048,Red Laser,2420.690938862599,1343.333315017137,1649.938595353151,1378.2776043293704,Fish Model, Grouper
3368,61,6,2023-09-07 REEF Data Dump/082923_Pool Calibration/082929_FishModels_FSL06/P8290090.ORF,2052.4348003702926,1311.9970554851059,Red Laser,2491.5494833288462,1344.7208039915888,1694.9755425469332,1357.1976516623563,Fish Model, Grouper
3369,61,6,2023-09-07 REEF Data Dump/082923_Pool Calibration/082929_FishModels_FSL06/P8290092.ORF,2051.6040123738408,1304.034719670022,Red Laser,2464.32246986219,1300.0702773073192,1644.7412732758569,1309.0733662482164,Fish Model, Grouper
3370,61,6,2023-09-07 REEF Data Dump/082923_Pool Calibration/082929_FishModels_FSL06/P8290094.ORF,2050.523659352751,1303.168820908315,Red Laser,2414.888346800243,1275.2711193741989,1590.0668907534398,1292.3539035184651,Fish Model, Grouper
3371,61,6,2023-09-07 REEF Data Dump/082923_Pool Calibration/082929_FishModels_FSL06/P8290093.ORF,2050.2100978457847,1305.0005668389163,Red Laser,2441.00831234143,1257.8075635681741,1615.7251594258632,1284.8168303908656,Fish Model, Grouper
3372,61,6,2023-09-07 REEF Data Dump/082923_Pool Calibration/082929_FishModels_FSL06/P8290096.ORF,2053.8398906012408,1308.7348553477425,Red Laser,2444.0820625511883,1283.69936206446,1633.770146235438,1312.0503892423098,Fish Model, Grouper
3373,61,6,2023-09-07 REEF Data Dump/082923_Pool Calibration/082929_FishModels_FSL06/P8290095.ORF,2051.7266028442514,1307.920305093096,Red Laser,2431.1749455671716,1289.5887229840262,1611.7643275059727,1319.5880656954716,Fish Model, Grouper
3374,61,6,2023-09-07 REEF Data Dump/082923_Pool Calibration/082929_FishModels_FSL06/P8290097.ORF,2053.7840227507886,1310.0042497163415,Red Laser,2461.2353317932193,1268.9888356685558,1652.29278530538,1338.9788490950898,Fish Model, Grouper
3376,61,6,2023-09-07 REEF Data Dump/082923_Pool Calibration/082929_FishModels_FSL06/P8290099.ORF,2078.650262304455,1392.64914408988,Red Laser,2313.0504207860386,1368.4225071250992,1800.774660048994,1399.933318418239,Fish Model, Grouper
3377,61,6,2023-09-07 REEF Data Dump/082923_Pool Calibration/082929_FishModels_FSL06/P8290102.ORF,2077.748753106781,1391.3797421466124,Red Laser,2333.232064346603,1373.6094806617396,1806.9414951582273,1391.9457718047,Fish Model, Grouper
3378,61,6,2023-09-07 REEF Data Dump/082923_Pool Calibration/082929_FishModels_FSL06/P8290103.ORF,2078.105388529167,1388.411534352074,Red Laser,2340.114568259565,1385.5478034176808,1808.3621251137133,1399.202488311375,Fish Model, Grouper
3379,61,6,2023-09-07 REEF Data Dump/082923_Pool Calibration/082929_FishModels_FSL06/P8290100.ORF,2079.097808312943,1392.3387034436728,Red Laser,2312.1125482850553,1363.8064579498264,1795.809405761782,1395.7584206010704,Fish Model, Grouper
3380,61,6,2023-09-07 REEF Data Dump/082923_Pool Calibration/082929_FishModels_FSL06/P8290101.ORF,2079.942660792171,1388.6212992648022,Red Laser,2311.850332467034,1381.901395229304,1793.0113198920756,1411.3174878288617,Fish Model, Grouper
3381,61,6,2023-09-07 REEF Data Dump/082923_Pool Calibration/082929_FishModels_FSL06/P8290108.ORF,2075.999554494255,1380.5355130361247,Red Laser,2298.870730079854,1361.4517104588906,1742.368975497255,1409.9933349882642,Fish Model, Grouper
3382,61,6,2023-09-07 REEF Data Dump/082923_Pool Calibration/082929_FishModels_FSL06/P8290104.ORF,2077.2748999793666,1386.801562432603,Red Laser,2354.4900857400057,1312.2119601638137,1817.9385280280299,1340.568059081767,Fish Model, Grouper
3383,61,6,2023-09-07 REEF Data Dump/082923_Pool Calibration/082929_FishModels_FSL06/P8290107.ORF,2077.287956087766,1380.4698489306481,Red Laser,2332.3838500548004,1354.3159338435391,1778.0036433708267,1399.1813270656762,Fish Model, Grouper
3384,61,6,2023-09-07 REEF Data Dump/082923_Pool Calibration/082929_FishModels_FSL06/P8290105.ORF,2076.3902268201837,1384.0369189813568,Red Laser,2300.6714596484903,1317.0802304017875,1751.2521858193847,1348.937314346501,Fish Model, Grouper
3385,61,6,2023-09-07 REEF Data Dump/082923_Pool Calibration/082929_FishModels_FSL06/P8290106.ORF,2076.19790491064,1381.7163611530245,Red Laser,2277.1505459229165,1307.7390697380781,1725.5612968106213,1347.952867007418,Fish Model, Grouper
3386,61,6,2023-09-07 REEF Data Dump/082923_Pool Calibration/082929_FishModels_FSL06/P8290109.ORF,2075.7656184664293,1377.633528526695,Red Laser,2329.7400647379245,1365.8973883604967,1765.762565242955,1417.6291374148914,Fish Model, Grouper
3387,61,6,2023-09-07 REEF Data Dump/082923_Pool Calibration/082929_FishModels_FSL06/P8290114.ORF,2074.5043971681816,1375.7090941230797,Red Laser,2314.8864532538664,1333.1016771544475,1750.9089537588961,1379.76168610547,Fish Model, Grouper
3388,61,6,2023-09-07 REEF Data Dump/082923_Pool Calibration/082929_FishModels_FSL06/P8290112.ORF,2075.482274667684,1377.2259390403328,Red Laser,2304.662333500116,1348.99193025621,1743.7006379519123,1398.6243436483348,Fish Model, Grouper
3389,61,6,2023-09-07 REEF Data Dump/082923_Pool Calibration/082929_FishModels_FSL06/P8290110.ORF,2074.602175510266,1379.3462950835121,Red Laser,2317.5116495973157,1364.2927459692353,1753.9182818971572,1415.6103529323486,Fish Model, Grouper
3390,61,6,2023-09-07 REEF Data Dump/082923_Pool Calibration/082929_FishModels_FSL06/P8290113.ORF,2075.3902256732185,1378.4838850780893,Red Laser,2313.7559932003574,1342.6846229186413,1751.0629343942885,1399.1039802815967,Fish Model, Grouper
3391,61,6,2023-09-07 REEF Data Dump/082923_Pool Calibration/082929_FishModels_FSL06/P8290111.ORF,2074.7972081476114,1378.1362092645688,Red Laser,2331.2565492232843,1372.393365279767,1766.7328623325664,1418.0390262101157,Fish Model, Grouper
3392,61,6,2023-09-07 REEF Data Dump/082923_Pool Calibration/082929_FishModels_FSL06/P8290118.ORF,2052.7108925091115,1305.4903408578286,Red Laser,2550.931836744221,1294.3932462219436,1535.570751097951,1244.1485647581937,Fish Model, Snook
3393,61,6,2023-09-07 REEF Data Dump/082923_Pool Calibration/082929_FishModels_FSL06/P8290116.ORF,2052.9707538251573,1304.9292392797083,Red Laser,2541.4713100658673,1297.9523785458346,1522.0515492880888,1231.6296233478924,Fish Model, Snook
3394,61,6,2023-09-07 REEF Data Dump/082923_Pool Calibration/082929_FishModels_FSL06/P8290117.ORF,2052.476370510397,1311.304347826087,Red Laser,2541.6787905539813,1315.8232513748094,1517.187289672831,1262.0628062790659,Fish Model, Snook
3396,61,6,2023-09-07 REEF Data Dump/082923_Pool Calibration/082929_FishModels_FSL06/P8290121.ORF,2073.784245256908,1380.7726549583722,Red Laser,2425.96351848209,1367.3712504687091,1722.513166144389,1332.883417765779,Fish Model, Snook
3397,61,6,2023-09-07 REEF Data Dump/082923_Pool Calibration/082929_FishModels_FSL06/P8290122.ORF,2075.374777755564,1379.8717994334493,Red Laser,2418.080151782242,1378.6077116190881,1719.1943655375758,1333.4692246990774,Fish Model, Snook
3398,61,6,2023-09-07 REEF Data Dump/082923_Pool Calibration/082929_FishModels_FSL06/P8290120.ORF,2073.2426471953754,1377.3934519392153,Red Laser,2431.739114233129,1359.5636568438172,1712.6897842266612,1308.9202205718668,Fish Model, Snook
3399,61,6,2023-09-07 REEF Data Dump/082923_Pool Calibration/082929_FishModels_FSL06/P8290119.ORF,2075.0592618616315,1375.0294669541786,Red Laser,2439.2895875802496,1350.4029909395308,1714.4208866521546,1292.663180531911,Fish Model, Snook
3400,61,6,2023-09-07 REEF Data Dump/082923_Pool Calibration/082929_FishModels_FSL06/P8290123.ORF,2076.0366300829332,1383.1586214489175,Red Laser,2409.070627787257,1382.3958196466226,1719.7341178792353,1334.679448259868,Fish Model, Snook
3402,61,6,2023-09-07 REEF Data Dump/082923_Pool Calibration/082929_FishModels_FSL06/P8290126.ORF,2080.4174720308592,1392.007216317725,Red Laser,2410.6134387385423,1409.835688624899,1784.2535359720955,1333.3538478660487,Fish Model, Snook
3403,61,6,2023-09-07 REEF Data Dump/082923_Pool Calibration/082929_FishModels_FSL06/P8290125.ORF,2079.6012454347683,1396.809740211669,Red Laser,2406.5109557801034,1402.3179791712816,1777.9105268974047,1330.8882883625101,Fish Model, Snook
3404,61,6,2023-09-07 REEF Data Dump/082923_Pool Calibration/082929_FishModels_FSL06/P8290129.ORF,2080.3361035659036,1396.059736306046,Red Laser,2378.814827156492,1423.0618975969453,1755.5240543251543,1342.957490866399,Fish Model, Snook
3405,61,6,2023-09-07 REEF Data Dump/082923_Pool Calibration/082929_FishModels_FSL06/P8290131.ORF,2079.4389890487655,1401.5892745511514,Red Laser,2381.290915202824,1401.3870154602698,1755.5762338104753,1323.3602446391615,Fish Model, Snook
3406,61,6,2023-09-07 REEF Data Dump/082923_Pool Calibration/082929_FishModels_FSL06/P8290128.ORF,2080.158597611425,1396.2118203526536,Red Laser,2389.087413426035,1429.8235549954293,1765.6535145653804,1351.0165164661103,Fish Model, Snook
3407,61,6,2023-09-07 REEF Data Dump/082923_Pool Calibration/082929_FishModels_FSL06/P8290130.ORF,2079.5076478502037,1392.658841739777,Red Laser,2377.62480744151,1406.8252122817407,1753.4106408726436,1333.6000888957778,Fish Model, Snook
3408,61,6,2023-09-07 REEF Data Dump/082923_Pool Calibration/082929_FishModels_FSL06/P8290127.ORF,2079.842477827113,1396.9273460122706,Red Laser,2400.549226251624,1421.0078158695499,1774.9231196277913,1339.1172637719033,Fish Model, Snook
3409,61,6,2023-09-07 REEF Data Dump/082923_Pool Calibration/082929_FishModels_FSL06/P8290132.ORF,2080.6092093515804,1393.0125137225896,Red Laser,2371.134751677718,1396.293723508137,1745.5354945025608,1318.3379829745309,Fish Model, Snook
3410,61,6,2023-09-07 REEF Data Dump/082923_Pool Calibration/082929_FishModels_FSL06/P8290136.ORF,2066.6605471918297,1354.5633642015634,Red Laser,2471.339298409869,1420.1220141279234,1662.903925932367,1297.3859036263207,Fish Model, Snook
3411,61,6,2023-09-07 REEF Data Dump/082923_Pool Calibration/082929_FishModels_FSL06/P8290135.ORF,2067.836171177661,1353.3601949022673,Red Laser,2475.3646505032143,1393.340369420107,1677.7833097134842,1252.7536728814825,Fish Model, Snook
3412,61,6,2023-09-07 REEF Data Dump/082923_Pool Calibration/082929_FishModels_FSL06/P8290133.ORF,2068.6104935539224,1358.7791405690891,Red Laser,2458.3589591366713,1334.932280031647,1663.266164469579,1290.4570206636156,Fish Model, Snook
3413,61,6,2023-09-07 REEF Data Dump/082923_Pool Calibration/082929_FishModels_FSL06/P8290134.ORF,2068.1480773662875,1358.2292146678708,Red Laser,2473.3839486549423,1384.5229600999419,1683.2128426088734,1237.1724044339262,Fish Model, Snook
3414,61,6,2023-09-07 REEF Data Dump/082923_Pool Calibration/082929_FishModels_FSL06/P8290140.ORF,2065.1423511038142,1350.1449600252963,Red Laser,2517.3714118596763,1356.2716733661996,1676.2428224081302,1326.621500454178,Fish Model, Snook
3415,61,6,2023-09-07 REEF Data Dump/082923_Pool Calibration/082929_FishModels_FSL06/P8290137.ORF,2066.579361843498,1353.1492849063293,Red Laser,2490.802569127452,1391.7919909074565,1672.2237164432067,1287.82131878833,Fish Model, Snook
3416,61,6,2023-09-07 REEF Data Dump/082923_Pool Calibration/082929_FishModels_FSL06/P8290139.ORF,2065.585898215493,1350.9417651455528,Red Laser,2483.19095546263,1368.5833926535058,1652.205846217827,1313.364447149337,Fish Model, Snook
3417,61,6,2023-09-07 REEF Data Dump/082923_Pool Calibration/082929_FishModels_FSL06/P8290138.ORF,2067.3389838228973,1352.7415221498652,Red Laser,2468.958027741339,1383.6464637031395,1642.9823295226256,1313.930236519782,Fish Model, Snook
3418,61,6,2023-09-07 REEF Data Dump/082923_Pool Calibration/082929_FishModels_FSL06/P8290141.ORF,2064.07957850978,1347.9281183954408,Red Laser,2490.0197527005457,1312.087938749918,1641.8687538750999,1272.2942856311527,Fish Model, Snook
4216,76,3,2024.06.20.REEF/08_2023/082923_Pool Calibration/082923_FishModels_FSL03/P8290127.ORF,1959.8627101727757,1354.4490155226952,Red Laser,2440.004942606671,1390.9341594592772,1526.2105112734973,1169.787561922025,Fish Model, Snook
4217,76,3,2024.06.20.REEF/08_2023/082923_Pool Calibration/082923_FishModels_FSL03/P8290128.ORF,1960.3678810637923,1349.657931277801,Red Laser,2425.3446026523197,1387.6621557673734,1478.6911249869597,1258.833831258644,Fish Model, Snook
4218,76,3,2024.06.20.REEF/08_2023/082923_Pool Calibration/082923_FishModels_FSL03/P8290129.ORF,1952.8775824070758,1325.9197334752037,Red Laser,2455.959678631873,1270.5675578238167,1495.2237525384328,1359.7563978683218,Fish Model, Snook
4219,76,3,2024.06.20.REEF/08_2023/082923_Pool Calibration/082923_FishModels_FSL03/P8290130.ORF,1950.5000000000002,1320,Red Laser,2458.4033381032154,1211.0678529549764,1513.8883063102676,1313.4524687487562,Fish Model, Snook
4220,76,3,2024.06.20.REEF/08_2023/082923_Pool Calibration/082923_FishModels_FSL03/P8290133.ORF,1945.8801981200158,1307.2684411883479,Red Laser,2473.3059326805824,1255.1698358343076,1501.095418979078,1391.8217428030812,Fish Model, Snook
4221,76,3,2024.06.20.REEF/08_2023/082923_Pool Calibration/082923_FishModels_FSL03/P8290132.ORF,1947.5964816200244,1311.8709521424876,Red Laser,2469.0148593886183,1221.1609487212415,1527.6188291364085,1349.8536644673304,Fish Model, Snook
4222,76,3,2024.06.20.REEF/08_2023/082923_Pool Calibration/082923_FishModels_FSL03/P8290131.ORF,1947.374172745501,1315.6293947506933,Red Laser,2445.439881027231,1210.1451385964945,1502.9589806738943,1331.1498806451796,Fish Model, Snook
4223,76,3,2024.06.20.REEF/08_2023/082923_Pool Calibration/082923_FishModels_FSL03/P8290134.ORF,1985.5580632358494,1437.1238222749569,Red Laser,2204.791593556219,1447.104024943302,1724.142783959652,1350.0113605673675,Fish Model, Snook
4224,76,3,2024.06.20.REEF/08_2023/082923_Pool Calibration/082923_FishModels_FSL03/P8290136.ORF,1987.119480492228,1437.0193069320699,Red Laser,2191.7039562463797,1454.447484660645,1742.3019960927197,1313.6681067572533,Fish Model, Snook
4225,76,3,2024.06.20.REEF/08_2023/082923_Pool Calibration/082923_FishModels_FSL03/P8290137.ORF,1985.2177237562018,1438.0267442824413,Red Laser,2194.1030645480587,1497.166864788401,1758.0687354415898,1353.734519687589,Fish Model, Snook
4226,76,3,2024.06.20.REEF/08_2023/082923_Pool Calibration/082923_FishModels_FSL03/P8290139.ORF,1986.5378346915018,1434.2060535506403,Red Laser,2184.886284602137,1464.1020159901705,1763.455976087751,1297.1989235092253,Fish Model, Snook
4227,76,3,2024.06.20.REEF/08_2023/082923_Pool Calibration/082923_FishModels_FSL03/P8290138.ORF,1986.3736297897237,1438.6900435821556,Red Laser,2188.290080284172,1478.5609566801875,1765.4771426013049,1325.4841558840542,Fish Model, Snook
4228,76,3,2024.06.20.REEF/08_2023/082923_Pool Calibration/082923_FishModels_FSL03/P8290135.ORF,1985.1442263983045,1438.2587005757546,Red Laser,2179.7725941124577,1461.3494470996634,1712.7649026513518,1323.333428317343,Fish Model, Snook
4229,76,3,2024.06.20.REEF/08_2023/082923_Pool Calibration/082923_FishModels_FSL03/P8290140.ORF,1985.8157057735993,1437.7577772083673,Red Laser,2289.714507679182,1454.3604809475382,1723.3920692499396,1377.5134579672217,Fish Model, Snook
4230,76,3,2024.06.20.REEF/08_2023/082923_Pool Calibration/082923_FishModels_FSL03/P8290141.ORF,1986.289518906914,1437.0169509611105,Red Laser,2275.7179230840316,1437.939447155402,1705.3833910855362,1387.6339662486084,Fish Model, Snook
4231,76,3,2024.06.20.REEF/08_2023/082923_Pool Calibration/082923_FishModels_FSL03/P8290145.ORF,1985.9000097781422,1438.9816200118028,Red Laser,2276.798626207696,1401.908640727321,1734.3635756446247,1430.5951097474833,Fish Model, Snook
4232,76,3,2024.06.20.REEF/08_2023/082923_Pool Calibration/082923_FishModels_FSL03/P8290142.ORF,1987.1624633591346,1436.8520505727515,Red Laser,2261.7145121585722,1404.1123922244888,1695.0834511470803,1391.7674889344783,Fish Model, Snook
4233,76,3,2024.06.20.REEF/08_2023/082923_Pool Calibration/082923_FishModels_FSL03/P8290143.ORF,1986.0469642822861,1436.1657192033485,Red Laser,2270.3670370361556,1415.3695269535303,1712.2848215529955,1429.813063802843,Fish Model, Snook
4234,76,3,2024.06.20.REEF/08_2023/082923_Pool Calibration/082923_FishModels_FSL03/P8290144.ORF,1986.8327082314875,1434.9149584594204,Red Laser,2282.3945553315607,1407.2707671522137,1731.8229790100431,1435.7486073067753,Fish Model, Snook
4351,59,1,2024.06.20.REEF/08_2023/082923_Pool Calibration/082929_FishModels_FSL01/P8290169.ORF,1931.8122407063431,1370.400122470361,Red Laser,2202.1215061036633,1415.5070146991952,1605.3914745667926,1249.0937004332136,Fish Model, Grouper
4352,59,1,2024.06.20.REEF/08_2023/082923_Pool Calibration/082929_FishModels_FSL01/P8290171.ORF,1930.162289507423,1366.8368626479335,Red Laser,2221.3499338288952,1448.1134001428666,1611.8328301876631,1288.3656872929885,Fish Model, Grouper
4353,59,1,2024.06.20.REEF/08_2023/082923_Pool Calibration/082929_FishModels_FSL01/P8290170.ORF,1930.1544619281715,1369.134160876532,Red Laser,2221.038184104106,1451.540301005222,1619.7737298351929,1287.0767885140192,Fish Model, Grouper
4354,59,1,2024.06.20.REEF/08_2023/082923_Pool Calibration/082929_FishModels_FSL01/P8290173.ORF,1924.8437909797203,1349.388999733862,Red Laser,2243.3570675938226,1393.2449593158103,1586.6230200438254,1213.9266779544341,Fish Model, Grouper
4355,59,1,2024.06.20.REEF/08_2023/082923_Pool Calibration/082929_FishModels_FSL01/P8290172.ORF,1924.6144308397666,1350.2440879167411,Red Laser,2214.016995071125,1384.6952322503378,1554.9839951959823,1190.8169194963712,Fish Model, Grouper
4356,59,1,2024.06.20.REEF/08_2023/082923_Pool Calibration/082929_FishModels_FSL01/P8290174.ORF,1924.5681617498567,1349.4500638667705,Red Laser,2245.310104225777,1384.6766696839984,1583.9192045299721,1217.8552573721333,Fish Model, Grouper
4357,59,1,2024.06.20.REEF/08_2023/082923_Pool Calibration/082929_FishModels_FSL01/P8290175.ORF,1925.2463587877785,1348.0331230443455,Red Laser,2243.6787146031083,1376.9182655878394,1597.6141637416085,1211.2758031863057,Fish Model, Grouper
4358,59,1,2024.06.20.REEF/08_2023/082923_Pool Calibration/082929_FishModels_FSL01/P8290176.ORF,1925.0700884302987,1349.5869986929329,Red Laser,2259.171713448547,1379.4829627450617,1629.3403959677617,1238.008973505317,Fish Model, Grouper
4359,59,1,2024.06.20.REEF/08_2023/082923_Pool Calibration/082929_FishModels_FSL01/P8290177.ORF,1925.1494621498705,1350.498701841144,Red Laser,2244.5839998237407,1351.049332836958,1633.4833362437787,1259.31447295024,Fish Model, Grouper
4360,59,1,2024.06.20.REEF/08_2023/082923_Pool Calibration/082929_FishModels_FSL01/P8290178.ORF,1944.3239581300825,1414.2942121926505,Red Laser,2164.22319866398,1476.5345547244535,1705.6830537490898,1343.7215812119487,Fish Model, Grouper
4141,76,3,2024.06.20.REEF/08_2023/082923_Pool Calibration/082923_FishModels_FSL03/P8290053.ORF,1957.8838821851498,1346.4949641950564,Red Laser,2531.427764222422,1400.8187953370425,1362.0428919994865,1360.5979143816041,Fish Model, Shark
4142,76,3,2024.06.20.REEF/08_2023/082923_Pool Calibration/082923_FishModels_FSL03/P8290055.ORF,1958.1451555110364,1345.5588033746308,Red Laser,2590.5375626043406,1331.772954924875,1354.4307178631052,1304.0801335559265,Fish Model, Shark
4143,76,3,2024.06.20.REEF/08_2023/082923_Pool Calibration/082923_FishModels_FSL03/P8290054.ORF,1956.2587934744608,1343.3558410273827,Red Laser,2570.397328881469,1367.0183639399,1367.0183639399,1336.8080133555925,Fish Model, Shark
4144,76,3,2024.06.20.REEF/08_2023/082923_Pool Calibration/082923_FishModels_FSL03/P8290052.ORF,1959.0457098222178,1358.3812046447686,Red Laser,2557.8096828046746,1351.9131886477462,1412.3338898163606,1306.5976627712853,Fish Model, Shark
4145,76,3,2024.06.20.REEF/08_2023/082923_Pool Calibration/082923_FishModels_FSL03/P8290059.ORF,1949.5279964618933,1319.1466047709305,Red Laser,2663.54590984975,1301.5626043405675,1314.1502504173623,1243.6594323873123,Fish Model, Shark
4146,76,3,2024.06.20.REEF/08_2023/082923_Pool Calibration/082923_FishModels_FSL03/P8290056.ORF,1954.587960741197,1334.3722217729107,Red Laser,2645.923205342237,1367.0183639399,1382.1235392320534,1336.8080133555925,Fish Model, Shark
4147,76,3,2024.06.20.REEF/08_2023/082923_Pool Calibration/082923_FishModels_FSL03/P8290060.ORF,1947.6686900624945,1315.0852246655375,Red Laser,2671.098497495826,1266.3171953255423,1291.492487479132,1233.5893155258764,Fish Model, Shark
4148,76,3,2024.06.20.REEF/08_2023/082923_Pool Calibration/082923_FishModels_FSL03/P8290057.ORF,1951.355142106505,1326.545687718992,Red Laser,2620.747913188648,1356.948247078464,1324.2203672787978,1311.6327212020033,Fish Model, Shark
4149,76,3,2024.06.20.REEF/08_2023/082923_Pool Calibration/082923_FishModels_FSL03/P8290058.ORF,1950.446023822057,1325.034934327523,Red Laser,2676.1335559265444,1311.6327212020033,1349.3956594323872,1268.8347245409013,Fish Model, Shark
4150,76,3,2024.06.20.REEF/08_2023/082923_Pool Calibration/082923_FishModels_FSL03/P8290062.ORF,1979.812186443273,1420.8484254970306,Red Laser,2402.3908167382597,1467.7195325542568,1572.9398200460028,1424.5281416531723,Fish Model, Shark
4151,76,3,2024.06.20.REEF/08_2023/082923_Pool Calibration/082923_FishModels_FSL03/P8290061.ORF,1981.6530273871708,1421.8930605477444,Red Laser,2420.742180869148,1451.9252056067648,1588.6339746059746,1415.0139447696329,Fish Model, Shark
4152,76,3,2024.06.20.REEF/08_2023/082923_Pool Calibration/082923_FishModels_FSL03/P8290063.ORF,1981.623760430796,1421.3903504587297,Red Laser,2395.268465986202,1455.3675634335534,1565.9687252215067,1410.4321154579147,Fish Model, Shark
4153,76,3,2024.06.20.REEF/08_2023/082923_Pool Calibration/082923_FishModels_FSL03/P8290066.ORF,1980.251436159591,1421.3991418367893,Red Laser,2382.910899633882,1424.8922438788532,1556.219019689201,1389.4253367266522,Fish Model, Shark
4154,76,3,2024.06.20.REEF/08_2023/082923_Pool Calibration/082923_FishModels_FSL03/P8290067.ORF,1980.572274083535,1421.2802707657863,Red Laser,2375.341891331366,1437.7138009887544,1547.6068670586794,1395.466455704515,Fish Model, Shark
4155,76,3,2024.06.20.REEF/08_2023/082923_Pool Calibration/082923_FishModels_FSL03/P8290065.ORF,1979.436477692527,1422.3813848786208,Red Laser,2386.497857325002,1421.29466762041,1558.8029539880072,1384.784616140203,Fish Model, Shark
4156,76,3,2024.06.20.REEF/08_2023/082923_Pool Calibration/082923_FishModels_FSL03/P8290064.ORF,1980.1698981296656,1421.0760602065532,Red Laser,2393.251982172228,1451.5415268920863,1564.9089714125084,1410.4947234528001,Fish Model, Shark
4157,76,3,2024.06.20.REEF/08_2023/082923_Pool Calibration/082923_FishModels_FSL03/P8290070.ORF,1981.0692639237275,1420.6590124651295,Red Laser,2379.966144921694,1471.0092112836544,1554.1087804394183,1415.4096186009392,Fish Model, Shark
4158,76,3,2024.06.20.REEF/08_2023/082923_Pool Calibration/082923_FishModels_FSL03/P8290069.ORF,1980.6388691423092,1420.9507896692405,Red Laser,2360.2154968875784,1455.8558045248096,1533.471047709193,1403.1997889810582,Fish Model, Shark
4159,76,3,2024.06.20.REEF/08_2023/082923_Pool Calibration/082923_FishModels_FSL03/P8290068.ORF,1980.8345139253472,1420.712609278765,Red Laser,2365.649811983295,1442.2691904293606,1537.5916836071906,1394.7887931600885,Fish Model, Shark
4160,76,3,2024.06.20.REEF/08_2023/082923_Pool Calibration/082923_FishModels_FSL03/P8290073.ORF,1990.8307684922333,1448.5474679595527,Red Laser,2337.9558278974077,1444.6361477088128,1636.922890289872,1401.1305775328872,Fish Model, Shark
4161,76,3,2024.06.20.REEF/08_2023/082923_Pool Calibration/082923_FishModels_FSL03/P8290071.ORF,1987.984743048018,1445.1683779173368,Red Laser,2364.295318278572,1459.20289503292,1641.7172664560192,1437.5375897589508,Fish Model, Shark
4162,76,3,2024.06.20.REEF/08_2023/082923_Pool Calibration/082923_FishModels_FSL03/P8290072.ORF,1988.2569417525187,1445.4988082386915,Red Laser,2349.6270129605455,1463.1868316770383,1637.3260931269265,1434.7935541100132,Fish Model, Shark
4163,76,3,2024.06.20.REEF/08_2023/082923_Pool Calibration/082923_FishModels_FSL03/P8290076.ORF,1991.905796395122,1450.8184338566646,Red Laser,2316.9781062869656,1470.2182135817193,1644.8930829404198,1433.8957096707263,Fish Model, Shark
4164,76,3,2024.06.20.REEF/08_2023/082923_Pool Calibration/082923_FishModels_FSL03/P8290074.ORF,1989.8473649973441,1447.1845013258758,Red Laser,2328.6633252521524,1445.2711707536466,1636.4669622051224,1399.4186728193215,Fish Model, Shark
4165,76,3,2024.06.20.REEF/08_2023/082923_Pool Calibration/082923_FishModels_FSL03/P8290075.ORF,1991.5442179136583,1451.5120902083402,Red Laser,2323.802080363277,1471.7372463444242,1641.7461735901848,1427.2030077257107,Fish Model, Shark
4166,76,3,2024.06.20.REEF/08_2023/082923_Pool Calibration/082923_FishModels_FSL03/P8290078.ORF,1992.0143872184108,1457.9441483428404,Red Laser,2312.637917123761,1483.7152799179812,1660.3303054089934,1471.4799467755147,Fish Model, Shark
4167,76,3,2024.06.20.REEF/08_2023/082923_Pool Calibration/082923_FishModels_FSL03/P8290077.ORF,1991.5139376499296,1453.0389980252958,Red Laser,2311.46770968303,1472.842362627035,1650.0895159207055,1448.7698012115145,Fish Model, Shark
4168,76,3,2024.06.20.REEF/08_2023/082923_Pool Calibration/082923_FishModels_FSL03/P8290079.ORF,1993.2171742416251,1457.9925730816506,Red Laser,2307.9639519550205,1485.789451910745,1663.045301472098,1477.6419281189765,Fish Model, Shark
4171,76,3,2024.06.20.REEF/08_2023/082923_Pool Calibration/082923_FishModels_FSL03/P8290081.ORF,1925.041509565361,1247.2345222425283,Red Laser,1625.5830738987677,1211.4777033183054,2223.2108908566315,1336.6445912357337,Fish Model, Purple Angel
4172,76,3,2024.06.20.REEF/08_2023/082923_Pool Calibration/082923_FishModels_FSL03/P8290083.ORF,1924.5,1244,Red Laser,1588.1366915021288,1205.5384090068544,2195.538967941101,1330.9216995569834,Fish Model, Purple Angel
4173,76,3,2024.06.20.REEF/08_2023/082923_Pool Calibration/082923_FishModels_FSL03/P8290084.ORF,1926.6632396194682,1239.686050764895,Red Laser,1592.6298055551551,1198.9127106853102,2198.190735127504,1338.1829099173785,Fish Model, Purple Angel
4174,76,3,2024.06.20.REEF/08_2023/082923_Pool Calibration/082923_FishModels_FSL03/P8290086.ORF,1977.3377947402387,1412.7273410049872,Red Laser,1842.789663151925,1427.0614218263122,2137.060678082391,1432.4857723319428,Fish Model, Purple Angel
4175,76,3,2024.06.20.REEF/08_2023/082923_Pool Calibration/082923_FishModels_FSL03/P8290085.ORF,1977.5715622876596,1408.2967211028215,Red Laser,1814.5485176611103,1410.0228411108592,2114.9740841268112,1417.3248514069005,Fish Model, Purple Angel
4176,76,3,2024.06.20.REEF/08_2023/082923_Pool Calibration/082923_FishModels_FSL03/P8290088.ORF,1978.367609618879,1415.9771979775392,Red Laser,1820.9467877838053,1400.1709010379855,2106.202231663696,1407.666020892635,Fish Model, Purple Angel
4177,76,3,2024.06.20.REEF/08_2023/082923_Pool Calibration/082923_FishModels_FSL03/P8290087.ORF,1977.6178075795847,1415.911542709085,Red Laser,1819.3306788289285,1427.8635786306945,2111.0098813136565,1431.0732534860972,Fish Model, Purple Angel
4178,76,3,2024.06.20.REEF/08_2023/082923_Pool Calibration/082923_FishModels_FSL03/P8290089.ORF,1978.6780541619942,1416.028644825029,Red Laser,1831.1199525888414,1395.2899450120476,2117.5834334335404,1401.7092947228532,Fish Model, Purple Angel
4179,76,3,2024.06.20.REEF/08_2023/082923_Pool Calibration/082923_FishModels_FSL03/P8290091.ORF,1977.9909601858717,1418.1867042414322,Red Laser,1822.538447939886,1382.869074683884,2104.18741650148,1394.1029366777939,Fish Model, Purple Angel
4180,76,3,2024.06.20.REEF/08_2023/082923_Pool Calibration/082923_FishModels_FSL03/P8290090.ORF,1977.4735357595368,1419.4669877449473,Red Laser,1811.7564486299464,1406.570998965511,2095.4518223138466,1409.8946267743602,Fish Model, Purple Angel
4181,76,3,2024.06.20.REEF/08_2023/082923_Pool Calibration/082923_FishModels_FSL03/P8290092.ORF,1978.440926805544,1417.5909816056349,Red Laser,1825.0264891902928,1391.2715866728765,2106.181661620287,1407.9372061143908,Fish Model, Purple Angel
4182,76,3,2024.06.20.REEF/08_2023/082923_Pool Calibration/082923_FishModels_FSL03/P8290093.ORF,1981.8963911525027,1420.2817229336436,Red Laser,1833.023245792255,1442.7658831496024,2113.8697956399988,1453.6863745215348,Fish Model, Purple Angel
4183,76,3,2024.06.20.REEF/08_2023/082923_Pool Calibration/082923_FishModels_FSL03/P8290098.ORF,1969.0632220957546,1382.0416876652987,Red Laser,2233.9859771726665,1485.4273414701975,1648.2604369973499,1212.12352753265,Fish Model, Grouper
4184,76,3,2024.06.20.REEF/08_2023/082923_Pool Calibration/082923_FishModels_FSL03/P8290094.ORF,1970.9694880401046,1391.9289863619003,Red Laser,2225.451444911591,1464.5997611730056,1629.2944614562155,1284.6573645919868,Fish Model, Grouper
4185,76,3,2024.06.20.REEF/08_2023/082923_Pool Calibration/082923_FishModels_FSL03/P8290095.ORF,1970.5415561216803,1389.6072369251185,Red Laser,2225.5506166428545,1475.6175767427233,1637.686630595126,1265.4239946495334,Fish Model, Grouper
4186,76,3,2024.06.20.REEF/08_2023/082923_Pool Calibration/082923_FishModels_FSL03/P8290096.ORF,1968.9514627644608,1383.5359993712516,Red Laser,2236.615855158561,1466.2538518637814,1650.4489846906263,1230.3427499916763,Fish Model, Grouper
4188,76,3,2024.06.20.REEF/08_2023/082923_Pool Calibration/082923_FishModels_FSL03/P8290101.ORF,1965.9607821544528,1372.4315576816036,Red Laser,2238.3054917947325,1482.1805776984554,1634.324925879312,1196.3590318248368,Fish Model, Grouper
4189,76,3,2024.06.20.REEF/08_2023/082923_Pool Calibration/082923_FishModels_FSL03/P8290099.ORF,1966.7819901542935,1378.8895811282734,Red Laser,2224.096958511726,1465.2578538077914,1631.4866657715706,1185.2257589546064,Fish Model, Grouper
4190,76,3,2024.06.20.REEF/08_2023/082923_Pool Calibration/082923_FishModels_FSL03/P8290102.ORF,1965.565586863112,1373.2358728626336,Red Laser,2242.239783647909,1495.7694728191814,1623.185782192804,1223.8739037244418,Fish Model, Grouper
4191,76,3,2024.06.20.REEF/08_2023/082923_Pool Calibration/082923_FishModels_FSL03/P8290100.ORF,1965.3697649046405,1376.372603651611,Red Laser,2214.7251047300047,1464.1965253878602,1617.9787447293056,1178.6044712664034,Fish Model, Grouper
4192,76,3,2024.06.20.REEF/08_2023/082923_Pool Calibration/082923_FishModels_FSL03/P8290103.ORF,1965.316412140687,1370.2195441864387,Red Laser,2259.399741114336,1449.987466721201,1631.10588816924,1173.554219799636,Fish Model, Grouper
4193,76,3,2024.06.20.REEF/08_2023/082923_Pool Calibration/082923_FishModels_FSL03/P8290104.ORF,1965.5767779619414,1368.5458823386468,Red Laser,2248.929702930885,1483.7697856545683,1602.0759051344226,1209.8400851202177,Fish Model, Grouper
4194,76,3,2024.06.20.REEF/08_2023/082923_Pool Calibration/082923_FishModels_FSL03/P8290105.ORF,1960.0094878317987,1352.7929594934403,Red Laser,2311.7629382303844,1340.3270539656824,1566.931809425967,1304.804338591933,Fish Model, Grouper
4195,76,3,2024.06.20.REEF/08_2023/082923_Pool Calibration/082923_FishModels_FSL03/P8290107.ORF,1958.8331663104693,1352.046905687,Red Laser,2279.232837030591,1406.874986198009,1571.3550960457828,1321.4414657343252,Fish Model, Grouper
4196,76,3,2024.06.20.REEF/08_2023/082923_Pool Calibration/082923_FishModels_FSL03/P8290108.ORF,1960.6775394364113,1355.5919711527129,Red Laser,2293.6411533152973,1404.2825414864458,1606.7306133234076,1347.9527477741271,Fish Model, Grouper
4197,76,3,2024.06.20.REEF/08_2023/082923_Pool Calibration/082923_FishModels_FSL03/P8290109.ORF,1959.1074060190274,1354.2111569829112,Red Laser,2243.7215127929044,1434.2952136127349,1576.4585962190058,1409.6144188121148,Fish Model, Grouper
4198,76,3,2024.06.20.REEF/08_2023/082923_Pool Calibration/082923_FishModels_FSL03/P8290106.ORF,1959.8089362957442,1354.1749043047664,Red Laser,2309.8773661902455,1348.1727411756092,1573.9390427820783,1272.5447773951812,Fish Model, Grouper
4199,76,3,2024.06.20.REEF/08_2023/082923_Pool Calibration/082923_FishModels_FSL03/P8290112.ORF,1978.7623301521517,1410.8494303005964,Red Laser,2241.2048280028785,1385.7629812054404,1701.9794522952102,1421.4706139717964,Fish Model, Grouper
4200,76,3,2024.06.20.REEF/08_2023/082923_Pool Calibration/082923_FishModels_FSL03/P8290111.ORF,1977.63949238422,1411.6767881418116,Red Laser,2242.9941852247143,1400.8580168940005,1715.4038808678802,1455.4224894358479,Fish Model, Grouper
4201,76,3,2024.06.20.REEF/08_2023/082923_Pool Calibration/082923_FishModels_FSL03/P8290110.ORF,1978.3643329190288,1411.824718822432,Red Laser,2219.625593369832,1387.285237992052,1702.2260066789029,1454.568047148433,Fish Model, Grouper
4202,76,3,2024.06.20.REEF/08_2023/082923_Pool Calibration/082923_FishModels_FSL03/P8290117.ORF,1975.559595101064,1407.5073257072897,Red Laser,2237.031254488022,1496.758643816512,1725.108175519123,1260.121353008372,Fish Model, Grouper
4203,76,3,2024.06.20.REEF/08_2023/082923_Pool Calibration/082923_FishModels_FSL03/P8290114.ORF,1977.0139181834436,1409.5409264341927,Red Laser,2224.4170020121182,1410.994802553792,1671.951717525913,1358.4363767965715,Fish Model, Grouper
4204,76,3,2024.06.20.REEF/08_2023/082923_Pool Calibration/082923_FishModels_FSL03/P8290116.ORF,1975.9549003432426,1407.857142857143,Red Laser,2238.8273460089135,1463.2804706633729,1703.6140638704983,1289.9580284716224,Fish Model, Grouper
4205,76,3,2024.06.20.REEF/08_2023/082923_Pool Calibration/082923_FishModels_FSL03/P8290113.ORF,1977.284407343317,1409.9607573664637,Red Laser,2219.7180925882803,1379.7028875927342,1674.0733671698063,1385.3198185896888,Fish Model, Grouper
4206,76,3,2024.06.20.REEF/08_2023/082923_Pool Calibration/082923_FishModels_FSL03/P8290115.ORF,1976.9095908162667,1411.9155886438823,Red Laser,2226.7288794556675,1445.196700013887,1678.2756885387155,1335.2653362163414,Fish Model, Grouper
4207,76,3,2024.06.20.REEF/08_2023/082923_Pool Calibration/082923_FishModels_FSL03/P8290118.ORF,1974.9378729935759,1407.5277300844248,Red Laser,2215.196994336921,1525.2467205870898,1730.1348818141744,1242.7953333116445,Fish Model, Grouper
4208,76,3,2024.06.20.REEF/08_2023/082923_Pool Calibration/082923_FishModels_FSL03/P8290119.ORF,1976.0346413301709,1408.2960115130602,Red Laser,2201.125356093754,1605.1667420266392,1747.357573411184,1279.785953560181,Fish Model, Grouper
4209,76,3,2024.06.20.REEF/08_2023/082923_Pool Calibration/082923_FishModels_FSL03/P8290123.ORF,1976.0055240756762,1404.9805376506745,Red Laser,2182.5441960940116,1462.8246122188514,1676.7235114439475,1334.6743315233261,Fish Model, Grouper
4210,76,3,2024.06.20.REEF/08_2023/082923_Pool Calibration/082923_FishModels_FSL03/P8290121.ORF,1977.3519255138665,1406.7250269108492,Red Laser,2161.5550401226633,1450.563643599044,1698.1582328738864,1344.6443733707522,Fish Model, Grouper
4211,76,3,2024.06.20.REEF/08_2023/082923_Pool Calibration/082923_FishModels_FSL03/P8290122.ORF,1975.9333570496328,1405.8016558614836,Red Laser,2154.2139728981433,1464.7744554302303,1674.3675820154263,1340.3995547833724,Fish Model, Grouper
4212,76,3,2024.06.20.REEF/08_2023/082923_Pool Calibration/082923_FishModels_FSL03/P8290120.ORF,1977.0470751074574,1409.7473310984935,Red Laser,2192.8969309248478,1448.1744352987207,1729.9013330329954,1329.0152562918925,Fish Model, Grouper
4213,76,3,2024.06.20.REEF/08_2023/082923_Pool Calibration/082923_FishModels_FSL03/P8290124.ORF,1976.225216669671,1404.2921129022457,Red Laser,2177.1476453847217,1491.7255788346051,1656.4099968441733,1347.3022466221873,Fish Model, Grouper
4214,76,3,2024.06.20.REEF/08_2023/082923_Pool Calibration/082923_FishModels_FSL03/P8290126.ORF,1961.3128412556937,1356.1949385144137,Red Laser,2412.5117055204273,1440.0074072779469,1524.003092698117,1164.9928366424697,Fish Model, Snook
4215,76,3,2024.06.20.REEF/08_2023/082923_Pool Calibration/082923_FishModels_FSL03/P8290125.ORF,1962.2708741755614,1358.8747134497644,Red Laser,2366.707644903977,1504.4255454769184,1503.5057134790893,1201.9136903552055,Fish Model, Snook
4330,59,1,2024.06.20.REEF/08_2023/082923_Pool Calibration/082929_FishModels_FSL01/P8290148.ORF,1920.5552096399333,1337.9368550326335,Red Laser,1299.5143860311891,1244.9757551161022,2562.8743195281186,1529.9467837375796,Fish Model, Shark
4331,59,1,2024.06.20.REEF/08_2023/082923_Pool Calibration/082929_FishModels_FSL01/P8290149.ORF,1918.9757846836235,1333.4800615043193,Red Laser,1334.1061787228568,1223.0439084297248,2615.5340427982337,1513.700405553687,Fish Model, Shark
4332,59,1,2024.06.20.REEF/08_2023/082923_Pool Calibration/082929_FishModels_FSL01/P8290150.ORF,1917.7704663480104,1331.004669107231,Red Laser,1330.7319046605037,1259.4358406436797,2623.7131558862816,1535.2575310898508,Fish Model, Shark
4333,59,1,2024.06.20.REEF/08_2023/082923_Pool Calibration/082929_FishModels_FSL01/P8290153.ORF,1916.335625249697,1327.6789272749927,Red Laser,1291.1943291149455,1224.948701435196,2605.240883591154,1504.1189670328233,Fish Model, Shark
4361,59,1,2024.06.20.REEF/08_2023/082923_Pool Calibration/082929_FishModels_FSL01/P8290179.ORF,1944.2267882140886,1412.9437890713461,Red Laser,2154.1888477544608,1448.7212496414459,1680.8917057826259,1366.886993234751,Fish Model, Grouper
4362,59,1,2024.06.20.REEF/08_2023/082923_Pool Calibration/082929_FishModels_FSL01/P8290180.ORF,1943.9786044955274,1413.1121604782015,Red Laser,2123.5180313938845,1432.5149967923726,1644.0497815618726,1399.7812942296948,Fish Model, Grouper
4363,59,1,2024.06.20.REEF/08_2023/082923_Pool Calibration/082929_FishModels_FSL01/P8290181.ORF,1944.2990561320964,1413.7062130340823,Red Laser,2143.647239930065,1408.1075760160466,1667.1840513169218,1391.7138938309674,Fish Model, Grouper
4364,59,1,2024.06.20.REEF/08_2023/082923_Pool Calibration/082929_FishModels_FSL01/P8290182.ORF,1945.3791971001876,1416.475970378418,Red Laser,2083.3310518281123,1569.6494306053062,1763.2461511731901,1218.911832281773,Fish Model, Grouper
4365,59,1,2024.06.20.REEF/08_2023/082923_Pool Calibration/082929_FishModels_FSL01/P8290186.ORF,1945.4121914512416,1413.6968345535158,Red Laser,2151.505801055816,1507.127564860977,1707.454344160472,1334.0682357386222,Fish Model, Grouper
4366,59,1,2024.06.20.REEF/08_2023/082923_Pool Calibration/082929_FishModels_FSL01/P8290187.ORF,1945.2493082865258,1412.9344368270586,Red Laser,2109.140241061543,1457.1797237300636,1653.2831865206424,1309.6097531606135,Fish Model, Grouper
4367,59,1,2024.06.20.REEF/08_2023/082923_Pool Calibration/082929_FishModels_FSL01/P8290183.ORF,1945.228877456331,1417.0569772507583,Red Laser,2099.62549824146,1581.3840942717966,1780.8207000039693,1236.4191648879032,Fish Model, Grouper
4368,59,1,2024.06.20.REEF/08_2023/082923_Pool Calibration/082929_FishModels_FSL01/P8290185.ORF,1944.593396190122,1414.2531032714653,Red Laser,2161.6037351165833,1554.6758884264166,1747.7923165903308,1328.906980597991,Fish Model, Grouper
4369,59,1,2024.06.20.REEF/08_2023/082923_Pool Calibration/082929_FishModels_FSL01/P8290184.ORF,1947.0163876561426,1415.09030662877,Red Laser,2124.008319321022,1588.5014409359562,1777.9865206388138,1271.3639150568622,Fish Model, Grouper
4370,59,1,2024.06.20.REEF/08_2023/082923_Pool Calibration/082929_FishModels_FSL01/P8290190.ORF,1943.961957180627,1413.4273140759933,Red Laser,2161.651254506488,1436.427713927351,1734.5086331480288,1367.504488400296,Fish Model, Grouper
4371,59,1,2024.06.20.REEF/08_2023/082923_Pool Calibration/082929_FishModels_FSL01/P8290189.ORF,1948.0703284032766,1420.0353980542586,Red Laser,2140.7448854144936,1424.590867951479,1709.9747258703999,1380.293045876904,Fish Model, Grouper
4372,59,1,2024.06.20.REEF/08_2023/082923_Pool Calibration/082929_FishModels_FSL01/P8290188.ORF,1944.9844454555903,1414.3943137781368,Red Laser,2118.4313753552337,1435.426626504522,1677.1971633525795,1408.917693609501,Fish Model, Grouper
4373,59,1,2024.06.20.REEF/08_2023/082923_Pool Calibration/082929_FishModels_FSL01/P8290191.ORF,1943.295585478611,1410.61339498388,Red Laser,2138.876376791919,1471.670686589001,1706.362208504732,1380.7139229107404,Fish Model, Grouper
4374,59,1,2024.06.20.REEF/08_2023/082923_Pool Calibration/082929_FishModels_FSL01/P8290192.ORF,1941.4973038413589,1409.942224428348,Red Laser,2096.9849541091203,1508.507915200369,1674.3314112553835,1374.6971003777771,Fish Model, Grouper
4375,59,1,2024.06.20.REEF/08_2023/082923_Pool Calibration/082929_FishModels_FSL01/P8290193.ORF,1942.1256909503772,1409.6582564231276,Red Laser,2085.2871773088323,1522.6033003279872,1698.0021317650317,1298.0133424098926,Fish Model, Grouper
4376,59,1,2024.06.20.REEF/08_2023/082923_Pool Calibration/082929_FishModels_FSL01/P8290195.ORF,1895.8183051925675,1253.6475571338979,Red Laser,2460.4380931115325,1473.835882549961,1314.2954114100703,915.6579211789664,Fish Model, Snook
4377,59,1,2024.06.20.REEF/08_2023/082923_Pool Calibration/082929_FishModels_FSL01/P8290197.ORF,1896.1654569851285,1255.9261540709067,Red Laser,2488.4194907048172,1447.6371574318387,1287.0695320773211,986.0782675371721,Fish Model, Snook
4379,59,1,2024.06.20.REEF/08_2023/082923_Pool Calibration/082929_FishModels_FSL01/P8290194.ORF,1896.1658737000646,1254.8795494280137,Red Laser,2432.7872141256084,1498.339495802761,1291.7405434115528,883.7529075471043,Fish Model, Snook
4380,59,1,2024.06.20.REEF/08_2023/082923_Pool Calibration/082929_FishModels_FSL01/P8290200.ORF,1886.7448572199116,1229.6564031587143,Red Laser,2556.1857024983933,1219.270132843771,1237.3533853063925,1043.017121249256,Fish Model, Snook
4381,59,1,2024.06.20.REEF/08_2023/082923_Pool Calibration/082929_FishModels_FSL01/P8290198.ORF,1889.6863018859258,1236.2597558835816,Red Laser,2513.129543981666,1337.1658489310853,1222.6509721331304,1009.9483013186601,Fish Model, Snook
4382,59,1,2024.06.20.REEF/08_2023/082923_Pool Calibration/082929_FishModels_FSL01/P8290199.ORF,1893.9904610492845,1241.8823529411764,Red Laser,2591.2278664731493,1291.8387853075808,1293.7814000223284,1023.7579546723232,Fish Model, Snook
4383,59,1,2024.06.20.REEF/08_2023/082923_Pool Calibration/082929_FishModels_FSL01/P8290201.ORF,1889.1955484896662,1227.4976152623212,Red Laser,2557.0846694892693,1286.197232933417,1238.0990888089248,1173.6252007454416,Fish Model, Snook
4384,59,1,2024.06.20.REEF/08_2023/082923_Pool Calibration/082929_FishModels_FSL01/P8290204.ORF,1946.7695451476757,1420.4569296302548,Red Laser,2192.141471171255,1437.41531645993,1631.9122010821438,1341.3606810710885,Fish Model, Snook
4385,59,1,2024.06.20.REEF/08_2023/082923_Pool Calibration/082929_FishModels_FSL01/P8290202.ORF,1946.4268707828505,1421.2085889949524,Red Laser,2201.726519724791,1420.2398973944812,1641.5509114431597,1322.5754077812453,Fish Model, Snook
4386,59,1,2024.06.20.REEF/08_2023/082923_Pool Calibration/082929_FishModels_FSL01/P8290205.ORF,1946.2654446051995,1419.8362578539757,Red Laser,2207.8417150985465,1455.9795501536087,1649.971345762505,1341.5673440417654,Fish Model, Snook
4387,59,1,2024.06.20.REEF/08_2023/082923_Pool Calibration/082929_FishModels_FSL01/P8290203.ORF,1946.3902855815015,1421.9498694417066,Red Laser,2196.679493120774,1413.2492499286745,1638.4254678232928,1316.4732712254192,Fish Model, Snook
4388,59,1,2024.06.20.REEF/08_2023/082923_Pool Calibration/082929_FishModels_FSL01/P8290206.ORF,1946.0107208773218,1418.5349293734114,Red Laser,2141.9089995777827,1533.2042018947843,1671.5800576537606,1214.0710367537558,Fish Model, Snook
4389,59,1,2024.06.20.REEF/08_2023/082923_Pool Calibration/082929_FishModels_FSL01/P8290209.ORF,1945.6026034735187,1416.8419239492407,Red Laser,2132.260597985787,1540.6091875780962,1702.5483089507263,1170.435348228616,Fish Model, Snook
4390,59,1,2024.06.20.REEF/08_2023/082923_Pool Calibration/082929_FishModels_FSL01/P8290210.ORF,1945.9846693147038,1418.7066028018255,Red Laser,2122.2356236768396,1544.3593133726272,1702.35986225582,1163.5812949179374,Fish Model, Snook
4391,59,1,2024.06.20.REEF/08_2023/082923_Pool Calibration/082929_FishModels_FSL01/P8290208.ORF,1946.2551530673197,1418.806527949778,Red Laser,2115.2004374806634,1539.6077809836256,1679.9054327563626,1180.3403284543226,Fish Model, Snook
4392,59,1,2024.06.20.REEF/08_2023/082923_Pool Calibration/082929_FishModels_FSL01/P8290207.ORF,1946.3622991296902,1417.852206331141,Red Laser,2135.97425556074,1547.5285919908956,1684.3647753124308,1204.2387287763138,Fish Model, Snook
4393,59,1,2024.06.20.REEF/08_2023/082923_Pool Calibration/082929_FishModels_FSL01/P8290211.ORF,1945.6271128243143,1419.1818016553352,Red Laser,2107.8120056601033,1563.56639754255,1697.6461833790297,1173.1859396015652,Fish Model, Snook
4394,59,1,2024.06.20.REEF/08_2023/082923_Pool Calibration/082929_FishModels_FSL01/P8290212.ORF,1947.072449548222,1420.3665453986632,Red Laser,2088.166930077577,1560.0617562560512,1692.0088931094135,1159.5882722620913,Fish Model, Snook
4395,59,1,2024.06.20.REEF/08_2023/082923_Pool Calibration/082929_FishModels_FSL01/P8290215.ORF,1946.3146894080326,1416.2323771758563,Red Laser,2152.9596951489398,1540.2968766804986,1721.8014761317318,1229.9577190362443,Fish Model, Snook
4396,59,1,2024.06.20.REEF/08_2023/082923_Pool Calibration/082929_FishModels_FSL01/P8290214.ORF,1947.140278189255,1419.8915120719416,Red Laser,2154.349409278887,1542.3973286142154,1721.8042380057182,1214.1538298466337,Fish Model, Snook
4397,59,1,2024.06.20.REEF/08_2023/082923_Pool Calibration/082929_FishModels_FSL01/P8290213.ORF,1948.0661782235263,1421.4976332790663,Red Laser,2167.0813476688363,1547.6989314829632,1739.2717028902625,1205.451215660104,Fish Model, Snook
4398,59,1,2024.06.20.REEF/08_2023/082923_Pool Calibration/082929_FishModels_FSL01/P8290216.ORF,1946.1866166334346,1421.7462004936394,Red Laser,2167.6200966115343,1538.9066539277326,1738.9165756409814,1244.7597125318787,Fish Model, Snook
4399,59,1,2024.06.20.REEF/08_2023/082923_Pool Calibration/082929_FishModels_FSL01/P8290217.ORF,1946.6262349156355,1421.0099236309793,Red Laser,2168.261610847749,1545.4351429736062,1742.0164253073408,1257.26938373502,Fish Model, Snook
4400,59,1,2024.06.20.REEF/08_2023/082923_Pool Calibration/082929_FishModels_FSL01/P8290218.ORF,1915.150037545515,1318.613188633288,Red Laser,1702.317730517908,1268.9963937214434,2118.214927025683,1390.6684458912712,Fish Model, Purple Angel
4401,59,1,2024.06.20.REEF/08_2023/082923_Pool Calibration/082929_FishModels_FSL01/P8290219.ORF,1916.0262907581614,1318.1841796841622,Red Laser,1689.9338089233643,1270.0609990445325,2104.6704034762242,1394.48197741039,Fish Model, Purple Angel
4402,59,1,2024.06.20.REEF/08_2023/082923_Pool Calibration/082929_FishModels_FSL01/P8290220.ORF,1914.5803767380821,1318.820086066586,Red Laser,1681.8739205660895,1241.1059119211395,2097.9918854432062,1368.5654687303465,Fish Model, Purple Angel
4403,59,1,2024.06.20.REEF/08_2023/082923_Pool Calibration/082929_FishModels_FSL01/P8290221.ORF,1914.7594495279827,1318.4126733790786,Red Laser,1697.3903027365452,1209.4271182066984,2115.2274711930418,1331.8303378005492,Fish Model, Purple Angel
4404,59,1,2024.06.20.REEF/08_2023/082923_Pool Calibration/082929_FishModels_FSL01/P8290222.ORF,1910.8291622694092,1306.5841162774814,Red Laser,1664.8702205391091,1266.8416961980881,2106.0908854811732,1387.4078081299315,Fish Model, Purple Angel
4405,59,1,2024.06.20.REEF/08_2023/082923_Pool Calibration/082929_FishModels_FSL01/P8290224.ORF,1909.4543844201066,1301.0314517303566,Red Laser,1676.0417428264188,1242.4766576009963,2126.7424225906566,1368.8820706876784,Fish Model, Purple Angel
4406,59,1,2024.06.20.REEF/08_2023/082923_Pool Calibration/082929_FishModels_FSL01/P8290223.ORF,1910.7680110137385,1302.8058529942837,Red Laser,1662.2915321131313,1255.3107005142674,2108.4190963157275,1381.070939805946,Fish Model, Purple Angel
4407,59,1,2024.06.20.REEF/08_2023/082923_Pool Calibration/082929_FishModels_FSL01/P8290225.ORF,1912.3201977791844,1307.4653130467718,Red Laser,1670.7779311795173,1239.3578221101723,2123.783212379218,1375.2594064700822,Fish Model, Purple Angel
4408,59,1,2024.06.20.REEF/08_2023/082923_Pool Calibration/082929_FishModels_FSL01/P8290226.ORF,1907.5980607077265,1293.694892231756,Red Laser,1670.7701241788122,1213.5485189434094,2129.8617090712078,1352.815630823877,Fish Model, Purple Angel
4409,59,1,2024.06.20.REEF/08_2023/082923_Pool Calibration/082929_FishModels_FSL01/P8290228.ORF,1906.2981147704654,1289.0235924017404,Red Laser,1689.211211196518,1225.6182293693182,2161.7853799463383,1359.0694065910277,Fish Model, Purple Angel
4410,59,1,2024.06.20.REEF/08_2023/082923_Pool Calibration/082929_FishModels_FSL01/P8290227.ORF,1906.3305564160933,1295.0109287259277,Red Laser,1671.595586467201,1227.8694190494916,2134.593162128269,1366.768691747812,Fish Model, Purple Angel
4411,59,1,2024.06.20.REEF/08_2023/082923_Pool Calibration/082929_FishModels_FSL01/P8290232.ORF,1942.9642854994368,1409.3982737270926,Red Laser,1813.575419633212,1343.5816331051144,2071.1930944377955,1400.6847048469085,Fish Model, Purple Angel
4412,59,1,2024.06.20.REEF/08_2023/082923_Pool Calibration/082929_FishModels_FSL01/P8290231.ORF,1943.1252431645678,1409.4666284766765,Red Laser,1816.9011997674293,1353.3733282375103,2081.6195667562088,1405.379945468934,Fish Model, Purple Angel
4413,59,1,2024.06.20.REEF/08_2023/082923_Pool Calibration/082929_FishModels_FSL01/P8290229.ORF,1939.4736509088928,1397.6475457874715,Red Laser,1782.6096015904277,1356.3920364346839,2063.250819674065,1408.8250042261107,Fish Model, Purple Angel
4415,59,1,2024.06.20.REEF/08_2023/082923_Pool Calibration/082929_FishModels_FSL01/P8290233.ORF,1947.1906022125318,1423.0649867789716,Red Laser,1778.7445669203862,1373.4067278540224,2010.313386981607,1418.7350926319639,Fish Model, Purple Angel
4416,59,1,2024.06.20.REEF/08_2023/082923_Pool Calibration/082929_FishModels_FSL01/P8290236.ORF,1947.1698499803106,1421.4321135967414,Red Laser,1744.124033089397,1319.7882371723608,1977.4871298464227,1367.3313644887135,Fish Model, Purple Angel
4418,59,1,2024.06.20.REEF/08_2023/082923_Pool Calibration/082929_FishModels_FSL01/P8290234.ORF,1947.3954489239563,1424.7713388933512,Red Laser,1779.9825740763783,1371.826378424661,2011.5472986483653,1417.4255964482543,Fish Model, Purple Angel
4421,59,1,2024.06.20.REEF/08_2023/082923_Pool Calibration/082929_FishModels_FSL01/P8290239.ORF,1947.4633643428558,1417.0758182589389,Red Laser,1757.2659038151278,1311.1750981444989,1993.282649091923,1363.0627490145116,Fish Model, Purple Angel
4334,59,1,2024.06.20.REEF/08_2023/082923_Pool Calibration/082929_FishModels_FSL01/P8290154.ORF,1917.256004809824,1323.597690291344,Red Laser,1289.5547532696892,1200.5398690428221,2605.342272674382,1486.557302910156,Fish Model, Shark
4335,59,1,2024.06.20.REEF/08_2023/082923_Pool Calibration/082929_FishModels_FSL01/P8290152.ORF,1916.9161816065189,1327.452852153667,Red Laser,1298.1848232548118,1239.513687455396,2610.216016135919,1517.481850200759,Fish Model, Shark
4336,59,1,2024.06.20.REEF/08_2023/082923_Pool Calibration/082929_FishModels_FSL01/P8290155.ORF,1916.6583486467239,1325.6737169478338,Red Laser,1278.0758868401506,1217.7885147504987,2593.9653636790554,1492.57453231231,Fish Model, Shark
4337,59,1,2024.06.20.REEF/08_2023/082923_Pool Calibration/082929_FishModels_FSL01/P8290151.ORF,1917.9739910503388,1330.94196444356,Red Laser,1310.4798638150255,1265.3231285263716,2614.5798415506183,1536.9350501757526,Fish Model, Shark
4338,59,1,2024.06.20.REEF/08_2023/082923_Pool Calibration/082929_FishModels_FSL01/P8290156.ORF,1948.9792493724651,1424.5759991355203,Red Laser,1607.173985593292,1388.1444477391713,2337.968616499515,1504.3976570360692,Fish Model, Shark
4339,59,1,2024.06.20.REEF/08_2023/082923_Pool Calibration/082929_FishModels_FSL01/P8290157.ORF,1949.4301708020148,1430.4977411081109,Green Laser,1615.7834032996207,1392.8285906223846,2336.756617694472,1508.6307711637921,Fish Model, Shark
4340,59,1,2024.06.20.REEF/08_2023/082923_Pool Calibration/082929_FishModels_FSL01/P8290158.ORF,1950.194380851961,1429.490303014051,Red Laser,1623.3176092474696,1391.6168723573783,2332.431564189285,1509.8606651391176,Fish Model, Shark
4341,59,1,2024.06.20.REEF/08_2023/082923_Pool Calibration/082929_FishModels_FSL01/P8290159.ORF,1950.7894998995964,1431.0028294495846,Red Laser,1635.714300097203,1397.6012248926336,2330.87618509427,1519.3330351605596,Fish Model, Shark
4342,59,1,2024.06.20.REEF/08_2023/082923_Pool Calibration/082929_FishModels_FSL01/P8290162.ORF,1953.490571762942,1443.348470509938,Red Laser,1631.930659893997,1399.1525853372527,2276.2851327860553,1495.9502303681222,Fish Model, Shark
4343,59,1,2024.06.20.REEF/08_2023/082923_Pool Calibration/082929_FishModels_FSL01/P8290160.ORF,1953.6106104954854,1441.8915431377109,Red Laser,1636.0779052367961,1383.7133127392826,2284.849157667577,1485.9122250845612,Fish Model, Shark
4344,59,1,2024.06.20.REEF/08_2023/082923_Pool Calibration/082929_FishModels_FSL01/P8290163.ORF,1953.1522251515432,1442.798216848619,Red Laser,1630.806148499577,1404.413228831804,2269.462150220416,1494.4040799754284,Fish Model, Shark
4345,59,1,2024.06.20.REEF/08_2023/082923_Pool Calibration/082929_FishModels_FSL01/P8290161.ORF,1954.1367676364575,1437.6674998498547,Red Laser,1631.8680440927992,1385.9617282818208,2277.4195880747916,1488.7240896056383,Fish Model, Shark
4346,59,1,2024.06.20.REEF/08_2023/082923_Pool Calibration/082929_FishModels_FSL01/P8290166.ORF,1953.0796824970282,1441.3355750206592,Red Laser,1627.134456826031,1407.51960872156,2259.1632253231137,1492.6272353845225,Fish Model, Shark
4347,59,1,2024.06.20.REEF/08_2023/082923_Pool Calibration/082929_FishModels_FSL01/P8290165.ORF,1953.6489763228087,1444.4396590293818,Red Laser,1634.3941001364042,1400.8027039531964,2270.0182097346337,1480.758797098098,Fish Model, Shark
4349,59,1,2024.06.20.REEF/08_2023/082923_Pool Calibration/082929_FishModels_FSL01/P8290168.ORF,1932.4525839737594,1373.7096553082845,Red Laser,2192.8812703429203,1402.9105212081658,1600.1347291761488,1247.5013440283064,Fish Model, Grouper
4350,59,1,2024.06.20.REEF/08_2023/082923_Pool Calibration/082929_FishModels_FSL01/P8290167.ORF,1932.2871682576658,1373.7965972974218,Red Laser,2191.675570059123,1419.3130390996196,1598.6637651625276,1268.9969255323913,Fish Model, Grouper
4517,58,2,2023-09-07 REEF Data Dump/082923_Pool Calibration/082923_FishModels_FSL02/P8290087.ORF,2052.2225755166933,1356.960254372019,Red Laser,2439.0190549303757,1376.5044305903148,1621.417292115686,1267.4515638846785,Fish Model, Grouper
4518,58,2,2023-09-07 REEF Data Dump/082923_Pool Calibration/082923_FishModels_FSL02/P8290088.ORF,2053.0024574107456,1356.3942886424134,Red Laser,2470.161128812016,1340.801642033304,1647.289459898146,1300.9531350641096,Fish Model, Grouper
4519,58,2,2023-09-07 REEF Data Dump/082923_Pool Calibration/082923_FishModels_FSL02/P8290089.ORF,2063.788704698831,1388.3149600908046,Red Laser,2299.339580717644,1535.2789184754452,1658.172206406751,1218.7762117788373,Fish Model, Grouper
4520,58,2,2023-09-07 REEF Data Dump/082923_Pool Calibration/082923_FishModels_FSL02/P8290091.ORF,2067.1496790878623,1395.3935900132317,Red Laser,2255.181450918097,1552.4417602086482,1772.7188722287121,1070.8860660656721,Fish Model, Grouper
4521,58,2,2023-09-07 REEF Data Dump/082923_Pool Calibration/082923_FishModels_FSL02/P8290090.ORF,2065.7853263797606,1389.5363900734071,Red Laser,2284.527312991739,1506.9734883130745,1708.6102817949459,1112.025268352121,Fish Model, Grouper
4522,58,2,2023-09-07 REEF Data Dump/082923_Pool Calibration/082923_FishModels_FSL02/P8290092.ORF,2068.301377603705,1400.9540507906854,Red Laser,2238.3513442180874,1602.8011701640755,1809.3949537668113,1091.7717282628184,Fish Model, Grouper
4523,58,2,2023-09-07 REEF Data Dump/082923_Pool Calibration/082923_FishModels_FSL02/P8290093.ORF,2077.321828756876,1429.368317772203,Red Laser,2270.4878402833565,1513.3581582916634,1718.5761503536144,1391.0092372377194,Fish Model, Grouper
4524,58,2,2023-09-07 REEF Data Dump/082923_Pool Calibration/082923_FishModels_FSL02/P8290094.ORF,2076.78275327372,1429.3066030154355,Red Laser,2299.1347166174596,1467.861182190848,1745.0819792430923,1397.08515773659,Fish Model, Grouper
4525,58,2,2023-09-07 REEF Data Dump/082923_Pool Calibration/082923_FishModels_FSL02/P8290095.ORF,2076.658746727006,1429.2003596316972,Red Laser,2294.7572821900694,1438.7224111502053,1748.8127852520809,1401.0867024742472,Fish Model, Grouper
4526,58,2,2023-09-07 REEF Data Dump/082923_Pool Calibration/082923_FishModels_FSL02/P8290096.ORF,2077.250518522529,1430.5192757309133,Red Laser,2301.3133993065835,1421.1946945001255,1766.9491204227368,1414.56746127637,Fish Model, Grouper
4527,58,2,2023-09-07 REEF Data Dump/082923_Pool Calibration/082923_FishModels_FSL02/P8290098.ORF,2057.5624398214036,1377.903561086015,Red Laser,2743.2919329644856,1403.8701696578107,1462.3175111623125,1356.2587309713583,Fish Model, Shark
4528,58,2,2023-09-07 REEF Data Dump/082923_Pool Calibration/082923_FishModels_FSL02/P8290097.ORF,2056.4552656809738,1376.8145975460334,Red Laser,2755.6484003453706,1408.248841770642,1454.4413843128216,1355.372938292288,Fish Model, Shark
4530,58,2,2023-09-07 REEF Data Dump/082923_Pool Calibration/082923_FishModels_FSL02/P8290100.ORF,2061.7553080899247,1391.0213424238864,Red Laser,2700.4749106469303,1421.732468611371,1500.3581680724901,1395.4880150075564,Fish Model, Shark
4714,60,4,2024.06.20.REEF/08_2023/082923_Pool Calibration/082929_FishModels_FSL04/P8290109.ORF,1952.0544875429855,1173.0548318493156,Red Laser,1591.1698113207544,1129.3584905660377,2247.77358490566,1238.7924528301887,Fish Model, Purple Angel
4715,60,4,2024.06.20.REEF/08_2023/082923_Pool Calibration/082929_FishModels_FSL04/P8290112.ORF,2009.4838399698033,1356.347297300748,Red Laser,1804.7690322787844,1283.2794910635855,2118.9591833820505,1341.6375116249797,Fish Model, Purple Angel
4716,60,4,2024.06.20.REEF/08_2023/082923_Pool Calibration/082929_FishModels_FSL04/P8290113.ORF,2011.3028214671392,1359.6438130018264,Red Laser,1834.8450954910109,1299.3900366851876,2144.7260702975555,1357.688351389954,Fish Model, Purple Angel
4717,60,4,2024.06.20.REEF/08_2023/082923_Pool Calibration/082929_FishModels_FSL04/P8290115.ORF,2011.57267341142,1362.8808513155882,Red Laser,1837.9811274859776,1332.0805514376834,2141.4386487842457,1387.0839041044787,Fish Model, Purple Angel
4718,60,4,2024.06.20.REEF/08_2023/082923_Pool Calibration/082929_FishModels_FSL04/P8290114.ORF,2010.4950601458027,1361.9990532737816,Red Laser,1837.6583067534395,1332.9203759394507,2143.731841166348,1391.867871456011,Fish Model, Purple Angel
4719,60,4,2024.06.20.REEF/08_2023/082923_Pool Calibration/082929_FishModels_FSL04/P8290116.ORF,2012.0021831109066,1367.3514139679583,Red Laser,1854.6512997669593,1330.6815050585274,2156.2778330188016,1381.1000164818556,Fish Model, Purple Angel
4720,60,4,2024.06.20.REEF/08_2023/082923_Pool Calibration/082929_FishModels_FSL04/P8290117.ORF,2011.7104148557682,1367.596736808189,Red Laser,1878.7915370535793,1376.8095045378398,2173.4098291764026,1433.283680626048,Fish Model, Purple Angel
4721,60,4,2024.06.20.REEF/08_2023/082923_Pool Calibration/082929_FishModels_FSL04/P8290118.ORF,2012.1855880895785,1365.9574243721024,Red Laser,1837.3803754450043,1379.3628714986385,2132.3139250166732,1442.7250826382483,Fish Model, Purple Angel
4722,60,4,2024.06.20.REEF/08_2023/082923_Pool Calibration/082929_FishModels_FSL04/P8290120.ORF,2011.7588146727646,1362.871619344709,Red Laser,1890.3642093977467,1383.2875782967076,2190.108270113315,1445.5225739537534,Fish Model, Purple Angel
4723,60,4,2024.06.20.REEF/08_2023/082923_Pool Calibration/082929_FishModels_FSL04/P8290119.ORF,2011.948576503292,1365.1516706642503,Red Laser,1852.1862064290542,1377.5021687046187,2150.009237941944,1440.0388135753083,Fish Model, Purple Angel
4724,60,4,2024.06.20.REEF/08_2023/082923_Pool Calibration/082929_FishModels_FSL04/P8290121.ORF,2011.644819035344,1364.2552570114633,Red Laser,1875.9784484677468,1364.4333281151164,2175.947952279828,1429.9007332404724,Fish Model, Purple Angel
4725,60,4,2024.06.20.REEF/08_2023/082923_Pool Calibration/082929_FishModels_FSL04/P8290122.ORF,2012.379078498069,1361.9764821961992,Red Laser,1855.6118088345904,1347.298783991641,2159.3376391702577,1410.6197168178048,Fish Model, Purple Angel
4726,60,4,2024.06.20.REEF/08_2023/082923_Pool Calibration/082929_FishModels_FSL04/P8290125.ORF,2010.5581511188896,1359.5493961081863,Red Laser,1822.4195285047037,1329.4977977422845,2130.30683201043,1400.2347923621571,Fish Model, Purple Angel
4727,60,4,2024.06.20.REEF/08_2023/082923_Pool Calibration/082929_FishModels_FSL04/P8290123.ORF,2010.8623334492663,1360.8608667668857,Red Laser,1847.9835684741201,1341.640340356182,2155.4657253333735,1412.4739262295177,Fish Model, Purple Angel
4728,60,4,2024.06.20.REEF/08_2023/082923_Pool Calibration/082929_FishModels_FSL04/P8290127.ORF,2010.987135710454,1359.8408149464628,Red Laser,1831.4416542662045,1319.9988145918655,2139.2145737509404,1390.534833722118,Fish Model, Purple Angel
4729,60,4,2024.06.20.REEF/08_2023/082923_Pool Calibration/082929_FishModels_FSL04/P8290126.ORF,2010.152024602744,1361.3138618342107,Red Laser,1831.0456965197925,1322.8729551359547,2137.9912353042478,1393.6797101055508,Fish Model, Purple Angel
4730,60,4,2024.06.20.REEF/08_2023/082923_Pool Calibration/082929_FishModels_FSL04/P8290124.ORF,2010.4607873519737,1359.2303544110448,Red Laser,1835.674214278754,1335.9248441416855,2143.156371138007,1404.8802667532282,Fish Model, Purple Angel
4731,60,4,2024.06.20.REEF/08_2023/082923_Pool Calibration/082929_FishModels_FSL04/P8290130.ORF,1958.5536406968092,1192.6274393883316,Red Laser,1289.132075471698,1092.1509433962265,2416.301886792453,1184.0754716981132,Calibration Targets, Ruler
4732,60,4,2024.06.20.REEF/08_2023/082923_Pool Calibration/082929_FishModels_FSL04/P8290129.ORF,1958.9758946336187,1192.9598330330823,Red Laser,1280.377358490566,1079.0188679245284,2407.5471698113206,1157.811320754717,Calibration Targets, Ruler
4733,60,4,2024.06.20.REEF/08_2023/082923_Pool Calibration/082929_FishModels_FSL04/P8290131.ORF,1959.9196684077435,1191.4921622021848,Red Laser,1298.3521770351833,1093.3641771699502,2423.3061814732173,1198.3496666849442,Calibration Targets, Ruler
4734,60,4,2024.06.20.REEF/08_2023/082923_Pool Calibration/082929_FishModels_FSL04/P8290128.ORF,1958.7001957774237,1196.4211487109044,Red Laser,1296.7387108368027,1099.9276202592548,2409.649625912225,1179.27593047487,Calibration Targets, Ruler
4735,60,4,2024.06.20.REEF/08_2023/082923_Pool Calibration/082929_FishModels_FSL04/P8290132.ORF,1956.9522078319028,1188.5552029560606,Red Laser,1298.5482776685185,1086.7156070456283,2431.2420882678775,1193.3103631882243,Calibration Targets, Ruler
4736,60,4,2024.06.20.REEF/08_2023/082923_Pool Calibration/082929_FishModels_FSL04/P8290133.ORF,1952.8775824070758,1177.208758823476,Red Laser,1313.1557441107514,1031.1139890588365,2478.724572959696,1167.0970190912135,Calibration Targets, Ruler
4737,60,4,2024.06.20.REEF/08_2023/082923_Pool Calibration/082929_FishModels_FSL04/P8290134.ORF,1953.8378421103805,1177.0977400612182,Red Laser,1318.7893267835213,1060.6482081053923,2485.6532321089644,1195.3361616612706,Calibration Targets, Ruler
4738,60,4,2024.06.20.REEF/08_2023/082923_Pool Calibration/082929_FishModels_FSL04/P8290135.ORF,1954.0938246532792,1177.3074110308996,Red Laser,1318.2971977224515,1051.6409512113432,2487.7512560008927,1186.328904767221,Calibration Targets, Ruler
4739,60,4,2024.06.20.REEF/08_2023/082923_Pool Calibration/082929_FishModels_FSL04/P8290136.ORF,1950.4904644933938,1173.3807885018978,Red Laser,1315.4709423656616,1032.619266409598,2493.9905359795944,1166.1117647564001,Calibration Targets, Ruler
4740,60,4,2024.06.20.REEF/08_2023/082923_Pool Calibration/082929_FishModels_FSL04/P8290139.ORF,2014.5799079410513,1369.7853276844744,Red Laser,1723.935868800619,1284.684499440858,2236.1378211953092,1375.1046450443203,Calibration Targets, Ruler
4741,60,4,2024.06.20.REEF/08_2023/082923_Pool Calibration/082929_FishModels_FSL04/P8290138.ORF,2012.517235114978,1367.2840636680191,Red Laser,1722.369593987437,1276.439329789335,2248.7707289503196,1363.0921481986786,Calibration Targets, Ruler
4742,60,4,2024.06.20.REEF/08_2023/082923_Pool Calibration/082929_FishModels_FSL04/P8290137.ORF,2012.1823422771708,1363.7603486297985,Red Laser,1712.652690270372,1286.975946957546,2252.3371540672165,1373.6014361749371,Calibration Targets, Ruler
4743,60,4,2024.06.20.REEF/08_2023/082923_Pool Calibration/082929_FishModels_FSL04/P8290140.ORF,2016.5000000000002,1376.0000000000002,Red Laser,1740.3920771025812,1271.7582553429836,2241.447297239411,1360.8241547399296,Calibration Targets, Ruler
4744,60,4,2024.06.20.REEF/08_2023/082923_Pool Calibration/082929_FishModels_FSL04/P8290142.ORF,2017.5128360727613,1380.767177408187,Red Laser,1763.375792432358,1280.7238838714,2240.140312733657,1379.9505988858227,Calibration Targets, Ruler
4745,60,4,2024.06.20.REEF/08_2023/082923_Pool Calibration/082929_FishModels_FSL04/P8290143.ORF,2016.7718806007201,1380.0200585877953,Red Laser,1758.515459580728,1309.6403426527227,2235.083288718457,1418.0130459485524,Calibration Targets, Ruler
4746,60,4,2024.06.20.REEF/08_2023/082923_Pool Calibration/082929_FishModels_FSL04/P8290141.ORF,2016.6062981321363,1380.9631957432953,Red Laser,1781.7971413045207,1259.9718606173863,2257.5627264204263,1362.1707729626653,Calibration Targets, Ruler
4747,60,4,2024.06.20.REEF/08_2023/082923_Pool Calibration/082929_FishModels_FSL04/P8290144.ORF,2017.5009765625,1380.7286376953125,Red Laser,1786.9637079964573,1303.062282582342,2261.6284022258656,1420.1208218213476,Calibration Targets, Ruler
4748,60,4,2024.06.20.REEF/08_2023/082923_Pool Calibration/082929_FishModels_FSL04/P8290146.ORF,2017.5412144471109,1379.4932180579276,Red Laser,1756.5199926595553,1269.821709195653,2228.475589444396,1399.4149742593697,Calibration Targets, Ruler
4749,60,4,2024.06.20.REEF/08_2023/082923_Pool Calibration/082929_FishModels_FSL04/P8290145.ORF,2016.9631384861527,1379.7588005784235,Red Laser,1758.6101696846506,1302.905842706256,2231.236539062988,1430.2184809520813,Calibration Targets, Ruler
4750,60,4,2024.06.20.REEF/08_2023/082923_Pool Calibration/082929_FishModels_FSL04/P8290148.ORF,2016.5186373348474,1378.9551518984288,Red Laser,1716.068512547551,1293.6953226221644,2183.1140539479893,1441.064061413565,Calibration Targets, Ruler
4751,60,4,2024.06.20.REEF/08_2023/082923_Pool Calibration/082929_FishModels_FSL04/P8290147.ORF,2016.560212837627,1380.5579992948508,Red Laser,1726.994449281504,1287.6761946340798,2194.7094931734878,1427.5461721184108,Calibration Targets, Ruler
4752,60,4,2024.06.20.REEF/08_2023/082923_Pool Calibration/082929_FishModels_FSL04/P8290149.ORF,2016.1109126962956,1379.3628765369801,Red Laser,1778.0892108035428,1286.2120351029835,2239.693444925529,1448.5443689101262,Calibration Targets, Ruler
4753,60,4,2024.06.20.REEF/08_2023/082923_Pool Calibration/082929_FishModels_FSL04/P8290150.ORF,2016.193188691726,1379.781139512387,Red Laser,1818.9319756573263,1271.9627685585642,2276.364540865833,1446.4473552875822,Calibration Targets, Ruler
4857,84,5,2025-02-10 REEF Data Dump SMILE 6/083123_Fish Degree Angle Tests/083023_FishModels_FSL05/P8300002.ORF,1973.5688330277542,1316.6391809813372,Red Laser,2335.320754716981,1219.0943396226417,1617.433962264151,1392,Fish Model, Grouper
4859,84,5,2025-02-10 REEF Data Dump SMILE 6/083123_Fish Degree Angle Tests/083023_FishModels_FSL05/P8300004.ORF,1975.1232330422024,1321.2726319212024,Red Laser,2304.6792452830186,1219.0943396226417,1602.1132075471698,1387.622641509434,Fish Model, Grouper
4861,84,5,2025-02-10 REEF Data Dump SMILE 6/083123_Fish Degree Angle Tests/083023_FishModels_FSL05/P8300005.ORF,1974.4797629087996,1319.2644165823212,Red Laser,2284.9811320754716,1205.9622641509434,1582.4150943396226,1367.9245283018868,Fish Model, Grouper
4862,84,5,2025-02-10 REEF Data Dump SMILE 6/083123_Fish Degree Angle Tests/083023_FishModels_FSL05/P8300007.ORF,1976.8400758924988,1329.5040984457746,Red Laser,2265.2830188679245,1247.5471698113206,1602.1132075471698,1466.4150943396226,Fish Model, Grouper
4863,84,5,2025-02-10 REEF Data Dump SMILE 6/083123_Fish Degree Angle Tests/083023_FishModels_FSL05/P8300006.ORF,1976.686703541419,1327.1268590384082,Red Laser,2254.3396226415093,1254.1132075471694,1586.792452830189,1472.9811320754716,Fish Model, Grouper
3499,66,10,2024.06.20.REEF/08_2023/082923_Pool Calibration/082929_FishModels_FSL07/P8290066.ORF,2043.1141187665821,1388.0852797623602,Red Laser,2259.1511612260306,1428.5673088066605,1866.1927380167651,1398.238302988496,Fish Model, Grouper
3500,66,10,2024.06.20.REEF/08_2023/082923_Pool Calibration/082929_FishModels_FSL07/P8290067.ORF,2046.001467880291,1387.8835719888875,Red Laser,2239.134541550382,1418.2704566534644,1850.1320756217472,1376.0735789934088,Fish Model, Grouper
3501,66,10,2024.06.20.REEF/08_2023/082923_Pool Calibration/082929_FishModels_FSL07/P8290069.ORF,2047.5747048312408,1390.628120541091,Red Laser,2241.2623060111564,1410.721365255139,1846.1737519584751,1371.668966459174,Fish Model, Grouper
3502,66,10,2024.06.20.REEF/08_2023/082923_Pool Calibration/082929_FishModels_FSL07/P8290068.ORF,2046.913674151784,1387.7005098169334,Red Laser,2244.604200204085,1401.356613577507,1857.9815507854937,1352.199747960209,Fish Model, Grouper
3503,66,10,2024.06.20.REEF/08_2023/082923_Pool Calibration/082929_FishModels_FSL07/P8290070.ORF,2019.0971389097467,1303.6771962115847,Red Laser,1393.8493814798692,1324.831100534348,2673.5356291423905,1440.5428509927808,Fish Model, Shark
3504,66,10,2024.06.20.REEF/08_2023/082923_Pool Calibration/082929_FishModels_FSL07/P8290071.ORF,2019.9021427334114,1303.617709311108,Red Laser,1417.5711577334148,1284.8635882264798,2695.543157240996,1365.433251508648,Fish Model, Shark
3505,66,10,2024.06.20.REEF/08_2023/082923_Pool Calibration/082929_FishModels_FSL07/P8290075.ORF,2030.3865926442747,1334.0591833282776,Red Laser,1453.1549744181552,1266.565656015098,2532.4719858167578,1362.8272831770994,Fish Model, Shark
3506,66,10,2024.06.20.REEF/08_2023/082923_Pool Calibration/082929_FishModels_FSL07/P8290072.ORF,2027.401164636206,1328.6636580293964,Red Laser,1483.139407983735,1253.227753942155,2602.54345315939,1341.5115339215515,Fish Model, Shark
3507,66,10,2024.06.20.REEF/08_2023/082923_Pool Calibration/082929_FishModels_FSL07/P8290073.ORF,2028.9258673454847,1331.6089512620433,Red Laser,1468.1529750572956,1250.3040997486905,2572.418816519751,1343.1051703702458,Fish Model, Shark
3508,66,10,2024.06.20.REEF/08_2023/082923_Pool Calibration/082929_FishModels_FSL07/P8290074.ORF,2028.6510277855546,1333.3663783477116,Red Laser,1462.1603816362694,1243.1561623344578,2554.106025892268,1345.098138412236,Fish Model, Shark
3509,66,10,2024.06.20.REEF/08_2023/082923_Pool Calibration/082929_FishModels_FSL07/P8290076.ORF,2030.4511643431647,1336.4501991395127,Red Laser,1456.8554744299413,1309.9928514144055,2521.9901506683827,1399.7928923889942,Fish Model, Shark
3510,66,10,2024.06.20.REEF/08_2023/082923_Pool Calibration/082929_FishModels_FSL07/P8290077.ORF,2030.637574990862,1339.7011703605206,Red Laser,1462.3341447155058,1309.5868048078275,2516.0856846545717,1389.5642448994633,Fish Model, Shark
3511,66,10,2024.06.20.REEF/08_2023/082923_Pool Calibration/082929_FishModels_FSL07/P8290078.ORF,2031.816396042133,1344.5929028550165,Red Laser,1511.5976433536396,1287.662575397437,2548.7684944932203,1359.1741108549822,Fish Model, Shark
3514,66,10,2024.06.20.REEF/08_2023/082923_Pool Calibration/082929_FishModels_FSL07/P8290081.ORF,2049.0841513987,1398.6310906256924,Red Laser,1722.5689601505915,1377.7543683293986,2414.0061908114885,1426.0709456455463,Fish Model, Shark
3516,66,10,2024.06.20.REEF/08_2023/082923_Pool Calibration/082929_FishModels_FSL07/P8290085.ORF,2050.300328597378,1402.5039447347167,Red Laser,1711.0753306886452,1369.7556401336424,2373.1842345240057,1446.616331023346,Fish Model, Shark
3517,66,10,2024.06.20.REEF/08_2023/082923_Pool Calibration/082929_FishModels_FSL07/P8290083.ORF,2051.051426662005,1401.8220167265476,Red Laser,1700.0045036441688,1365.35728835787,2362.061654061271,1439.8728544920286,Fish Model, Shark
3518,66,10,2024.06.20.REEF/08_2023/082923_Pool Calibration/082929_FishModels_FSL07/P8290084.ORF,2052.065501911899,1402.7211539387,Red Laser,1705.0543079741058,1368.7174180582267,2365.9057073999693,1447.2490865998654,Fish Model, Shark
3519,66,10,2024.06.20.REEF/08_2023/082923_Pool Calibration/082929_FishModels_FSL07/P8290087.ORF,2019.0949434493366,1304.8869789399096,Red Laser,1810.0251705438113,1263.6074985648836,2193.75302676494,1311.078985932446,Fish Model, Purple Angel
3520,66,10,2024.06.20.REEF/08_2023/082923_Pool Calibration/082929_FishModels_FSL07/P8290086.ORF,2019.6108425807595,1306.1751618784633,Red Laser,1788.8425584371496,1290.7764474663609,2177.7544829869175,1336.4542346395644,Fish Model, Purple Angel
3521,66,10,2024.06.20.REEF/08_2023/082923_Pool Calibration/082929_FishModels_FSL07/P8290089.ORF,2019.6823707571134,1301.8950085025372,Red Laser,1798.8171703912406,1219.9185514915569,2187.750612637995,1267.0347169489185,Fish Model, Purple Angel
3522,66,10,2024.06.20.REEF/08_2023/082923_Pool Calibration/082929_FishModels_FSL07/P8290088.ORF,2020.2163409123498,1305.189680908703,Red Laser,1796.7961565449682,1237.9473279127728,2186.812970494278,1291.7077730085166,Fish Model, Purple Angel
3523,66,10,2024.06.20.REEF/08_2023/082923_Pool Calibration/082929_FishModels_FSL07/P8290091.ORF,2049.0988879203323,1399.0940927023007,Red Laser,1950.4397668200857,1395.1125601950728,2159.16137876655,1411.888315921611,Fish Model, Purple Angel
3524,66,10,2024.06.20.REEF/08_2023/082923_Pool Calibration/082929_FishModels_FSL07/P8290090.ORF,2049.4758410107956,1397.02466249383,Red Laser,1921.934234500507,1369.9449571552054,2136.5078542585543,1384.650002425337,Fish Model, Purple Angel
3525,66,10,2024.06.20.REEF/08_2023/082923_Pool Calibration/082929_FishModels_FSL07/P8290092.ORF,2048.5179376690594,1403.510142271647,Red Laser,1955.5111279733608,1395.292164744396,2159.8812469317254,1406.6960774028657,Fish Model, Purple Angel
3526,66,10,2024.06.20.REEF/08_2023/082923_Pool Calibration/082929_FishModels_FSL07/P8290095.ORF,2059.259296494233,1424.9291247455687,Green Laser,1949.1774669927931,1385.8748980852095,2129.262104851454,1399.5345687586992,Fish Model, Purple Angel
3527,66,10,2024.06.20.REEF/08_2023/082923_Pool Calibration/082929_FishModels_FSL07/P8290094.ORF,2054.156277637424,1415.2892338063064,Red Laser,1939.466546992154,1388.6182698898328,2119.864640561748,1400.946300248376,Fish Model, Purple Angel
3528,66,10,2024.06.20.REEF/08_2023/082923_Pool Calibration/082929_FishModels_FSL07/P8290093.ORF,2053.8087074523523,1413.6812117823065,Red Laser,1995.774476177637,1404.8359276096544,2178.3223150581543,1417.0886522037745,Fish Model, Purple Angel
3529,66,10,2024.06.20.REEF/08_2023/082923_Pool Calibration/082929_FishModels_FSL07/P8290096.ORF,2053.618439398751,1418.5304643274578,Red Laser,1968.5655931677604,1400.3224105769168,2145.2745007117114,1410.7147825082607,Fish Model, Purple Angel
3530,66,10,2024.06.20.REEF/08_2023/082923_Pool Calibration/082929_FishModels_FSL07/P8290097.ORF,2040.406562230841,1371.4814120743654,Red Laser,2370.923661910187,1386.1723934285442,1765.6615238963402,1289.3836423345062,Fish Model, Snook
3531,66,10,2024.06.20.REEF/08_2023/082923_Pool Calibration/082929_FishModels_FSL07/P8290098.ORF,2039.7515840706035,1363.9346928118748,Red Laser,2353.8764151436308,1435.7391289393283,1751.269662032918,1270.3823953915185,Fish Model, Snook
3532,66,10,2024.06.20.REEF/08_2023/082923_Pool Calibration/082929_FishModels_FSL07/P8290101.ORF,2036.5969312931888,1360.9621300261028,Red Laser,2405.6858966972663,1332.8991722265514,1755.9629781291922,1316.6936121329366,Fish Model, Snook
3533,66,10,2024.06.20.REEF/08_2023/082923_Pool Calibration/082929_FishModels_FSL07/P8290100.ORF,2036.9797593694245,1359.9382472815475,Red Laser,2391.016028757088,1403.7091529677884,1745.365715183537,1300.615427881192,Fish Model, Snook
3534,66,10,2024.06.20.REEF/08_2023/082923_Pool Calibration/082929_FishModels_FSL07/P8290099.ORF,2038.684921753198,1359.1987986847228,Red Laser,2372.5812689069294,1474.3633192836933,1740.2643222912566,1285.2984515248543,Fish Model, Snook
3535,66,10,2024.06.20.REEF/08_2023/082923_Pool Calibration/082929_FishModels_FSL07/P8290102.ORF,2038.4448339539301,1360.907405600756,Red Laser,2386.364988100563,1325.5305565515473,1745.5669008541317,1323.4554599748874,Fish Model, Snook
3536,66,10,2024.06.20.REEF/08_2023/082923_Pool Calibration/082929_FishModels_FSL07/P8290103.ORF,2032.9600023233347,1343.8479800057164,Red Laser,2401.618122356631,1435.822584045853,1689.450702288232,1224.1345697175802,Fish Model, Snook
3537,66,10,2024.06.20.REEF/08_2023/082923_Pool Calibration/082929_FishModels_FSL07/P8290105.ORF,2032.1939851524648,1345.607651590406,Red Laser,2420.688856990356,1446.1533805917213,1741.53276303858,1162.4406547362714,Fish Model, Snook
3538,66,10,2024.06.20.REEF/08_2023/082923_Pool Calibration/082929_FishModels_FSL07/P8290104.ORF,2032.406652610421,1343.9725549661434,Red Laser,2416.7814829851923,1289.3142592783645,1662.7721972686604,1318.7436344491973,Fish Model, Snook
3539,66,10,2024.06.20.REEF/08_2023/082923_Pool Calibration/082929_FishModels_FSL07/P8290106.ORF,2032.7766428840268,1344.254382020326,Red Laser,2442.777552819525,1394.8513406420493,1693.2126863812457,1317.2862666897054,Fish Model, Snook
3540,66,10,2024.06.20.REEF/08_2023/082923_Pool Calibration/082929_FishModels_FSL07/P8290109.ORF,2035.1959307448956,1352.9609325232987,Red Laser,2398.0535363599765,1276.1301452635682,1732.9791969055004,1295.290565317272,Fish Model, Snook
3541,66,10,2024.06.20.REEF/08_2023/082923_Pool Calibration/082929_FishModels_FSL07/P8290108.ORF,2035.0121993797898,1350.8309005055082,Red Laser,2350.216515420495,1311.5616644555525,1797.7869780070496,1310.7813967473412,Fish Model, Snook
3542,66,10,2024.06.20.REEF/08_2023/082923_Pool Calibration/082929_FishModels_FSL07/P8290107.ORF,2034.1963367572173,1350.920944793342,Red Laser,2336.110114612252,1329.4829324014465,1812.940616256721,1332.2138693801855,Fish Model, Snook
3543,66,10,2024.06.20.REEF/08_2023/082923_Pool Calibration/082929_FishModels_FSL07/P8290110.ORF,2036.7931855504307,1356.4996141027245,Red Laser,2301.4100495001976,1397.5214485624786,1735.1157551177698,1261.2747025902358,Fish Model, Snook
3544,66,10,2024.06.20.REEF/08_2023/082923_Pool Calibration/082929_FishModels_FSL07/P8290112.ORF,2037.0850960823584,1357.749750035484,Red Laser,2338.04557239995,1372.8467672096567,1807.287970582067,1210.6525187038194,Fish Model, Snook
3545,66,10,2024.06.20.REEF/08_2023/082923_Pool Calibration/082929_FishModels_FSL07/P8290111.ORF,2036.768756352276,1356.92449622786,Red Laser,2306.8716985890524,1387.9469905774542,1762.4849206294746,1238.195611193866,Fish Model, Snook
3547,66,10,2024.06.20.REEF/08_2023/082923_Pool Calibration/082929_FishModels_FSL07/P8290114.ORF,2002.3478436944997,1254.5415874902612,Red Laser,1524.982437457597,1086.4914591939264,2386.257213774561,1206.6843910271216,Fish Model, Snook
3548,66,10,2024.06.20.REEF/08_2023/082923_Pool Calibration/082929_FishModels_FSL07/P8290115.ORF,2035.4201608011635,1358.2885037850033,Red Laser,1746.3661340821689,1299.1937926473452,2268.731632813533,1319.5986949415392,Calibration Targets, Ruler
3549,66,10,2024.06.20.REEF/08_2023/082923_Pool Calibration/082929_FishModels_FSL07/P8290117.ORF,2035.697335623302,1359.5333527721168,Red Laser,1781.590707035701,1265.8769220044176,2300.258907231706,1285.7586216756833,Calibration Targets, Ruler
3550,66,10,2024.06.20.REEF/08_2023/082923_Pool Calibration/082929_FishModels_FSL07/P8290116.ORF,2036.6464996807276,1357.1083312758215,Red Laser,1759.0591159730764,1264.5222240427838,2279.471324912176,1293.1239674295173,Calibration Targets, Ruler
3551,66,10,2024.06.20.REEF/08_2023/082923_Pool Calibration/082929_FishModels_FSL07/P8290119.ORF,2038.4612432860524,1368.4535762483306,Red Laser,1749.044364848602,1313.4673034718,2233.108731318962,1322.8634658731658,Calibration Targets, Ruler
3552,66,10,2024.06.20.REEF/08_2023/082923_Pool Calibration/082929_FishModels_FSL07/P8290120.ORF,2039.4694678550823,1367.2144872447286,Red Laser,1742.4693947879298,1282.7011286530892,2220.676592144167,1288.9795601282258,Calibration Targets, Ruler
3553,66,10,2024.06.20.REEF/08_2023/082923_Pool Calibration/082929_FishModels_FSL07/P8290118.ORF,2038.7895306477396,1367.670935342137,Red Laser,1768.3386352865957,1314.2505664226921,2259.4166171668626,1328.307276892026,Calibration Targets, Ruler
4531,58,2,2023-09-07 REEF Data Dump/082923_Pool Calibration/082923_FishModels_FSL02/P8290101.ORF,2064.4178897484644,1392.9571636537123,Red Laser,2726.907423009107,1410.7050719085764,1532.5254500828635,1362.4209824653644,Fish Model, Shark
4532,58,2,2023-09-07 REEF Data Dump/082923_Pool Calibration/082923_FishModels_FSL02/P8290102.ORF,2081.6261099519656,1453.9504955610298,Red Laser,2536.0402436187646,1522.2760104999322,1721.936962342721,1453.5620660220482,Fish Model, Shark
4533,58,2,2023-09-07 REEF Data Dump/082923_Pool Calibration/082923_FishModels_FSL02/P8290104.ORF,2083.9961270001204,1461.711602712053,Red Laser,2516.3062865668853,1527.2158165538501,1752.430457091934,1468.9659245345274,Fish Model, Shark
4534,58,2,2023-09-07 REEF Data Dump/082923_Pool Calibration/082923_FishModels_FSL02/P8290103.ORF,2081.5598154476065,1458.5874383149035,Red Laser,2527.5481851215845,1543.4528594157905,1743.5491778417081,1475.302363916445,Fish Model, Shark
4535,58,2,2023-09-07 REEF Data Dump/082923_Pool Calibration/082923_FishModels_FSL02/P8290108.ORF,2090.2083947392775,1477.7829540149357,Red Laser,2454.4117168825765,1488.5528835889938,1782.5658872354823,1483.4550118784127,Fish Model, Shark
4536,58,2,2023-09-07 REEF Data Dump/082923_Pool Calibration/082923_FishModels_FSL02/P8290105.ORF,2089.466079381032,1476.854214958234,Red Laser,2466.3261201507435,1490.4073431344905,1786.4310193816784,1461.698276132797,Fish Model, Shark
4537,58,2,2023-09-07 REEF Data Dump/082923_Pool Calibration/082923_FishModels_FSL02/P8290107.ORF,2090.5271738250376,1474.6217025482733,Red Laser,2443.5535979076963,1461.2176521911979,1773.3186107314204,1456.52248590625,Fish Model, Shark
4538,58,2,2023-09-07 REEF Data Dump/082923_Pool Calibration/082923_FishModels_FSL02/P8290106.ORF,2090.344965426617,1476.6614044462176,Red Laser,2458.682199219847,1478.260615361102,1781.2018797873734,1450.6247845090047,Fish Model, Shark
4539,58,2,2023-09-07 REEF Data Dump/082923_Pool Calibration/082923_FishModels_FSL02/P8290109.ORF,2090.1096317137744,1478.6664016829352,Red Laser,2487.5120329155325,1490.0441057018577,1826.9002550355103,1489.4090547257656,Fish Model, Shark
4540,58,2,2023-09-07 REEF Data Dump/082923_Pool Calibration/082923_FishModels_FSL02/P8290110.ORF,2061.6921546999,1379.4486042727422,Red Laser,1826.9999778946888,1375.9896126382207,2180.68495099405,1385.4212119208705,Fish Model, Purple Angel
4541,58,2,2023-09-07 REEF Data Dump/082923_Pool Calibration/082923_FishModels_FSL02/P8290111.ORF,2062.077916609748,1386.9609052669318,Red Laser,1855.7281872034232,1367.0207335111274,2197.505766208439,1379.2818125785718,Fish Model, Purple Angel
4542,58,2,2023-09-07 REEF Data Dump/082923_Pool Calibration/082923_FishModels_FSL02/P8290112.ORF,2063.6312193194813,1391.6150019254553,Red Laser,1865.2718452216081,1364.84966073171,2191.0526784314734,1387.5217743919252,Fish Model, Purple Angel
4651,60,4,2024.06.20.REEF/08_2023/082923_Pool Calibration/082929_FishModels_FSL04/P8290048.ORF,1935.3964495969385,1122.3827720824165,Red Laser,702.5660377358489,1039.6226415094343,3160.452830188679,1400.7547169811319,Fish Model, Shark
4652,60,4,2024.06.20.REEF/08_2023/082923_Pool Calibration/082929_FishModels_FSL04/P8290049.ORF,1936.5097000517017,1117.3931264544005,Red Laser,678.4905660377357,1017.7358490566036,3149.5094339622638,1381.056603773585,Fish Model, Shark
4653,60,4,2024.06.20.REEF/08_2023/082923_Pool Calibration/082929_FishModels_FSL04/P8290050.ORF,1934.6116108971867,1114.2276965336082,Red Laser,702.5660377358489,987.0943396226415,3193.283018867924,1394.188679245283,Fish Model, Shark
4654,60,4,2024.06.20.REEF/08_2023/082923_Pool Calibration/082929_FishModels_FSL04/P8290052.ORF,1924.0425271397773,1076.162230143667,Red Laser,547.1698113207548,960.8301886792452,3283.0188679245284,1367.9245283018868,Fish Model, Shark
4655,60,4,2024.06.20.REEF/08_2023/082923_Pool Calibration/082929_FishModels_FSL04/P8290051.ORF,1927.032328634992,1078.7644155202136,Red Laser,564.6792452830189,949.8867924528303,3300.5283018867926,1354.7924528301885,Fish Model, Shark
4656,60,4,2024.06.20.REEF/08_2023/082923_Pool Calibration/082929_FishModels_FSL04/P8290053.ORF,1926.199068684517,1076.8149010477298,Red Laser,538.4150943396226,973.9622641509433,3258.9433962264143,1396.377358490566,Fish Model, Shark
4657,60,4,2024.06.20.REEF/08_2023/082923_Pool Calibration/082929_FishModels_FSL04/P8290056.ORF,1927.5672861674689,1084.175167893728,Red Laser,643.4716981132075,943.3207547169811,3324.6037735849054,1339.4716981132076,Fish Model, Shark
4658,60,4,2024.06.20.REEF/08_2023/082923_Pool Calibration/082929_FishModels_FSL04/P8290054.ORF,1925.0430872496158,1080.5159223289982,Red Laser,534.0377358490565,991.4716981132075,3237.056603773585,1429.2075471698115,Fish Model, Shark
4659,60,4,2024.06.20.REEF/08_2023/082923_Pool Calibration/082929_FishModels_FSL04/P8290055.ORF,1926.7303408424755,1082.5675485625968,Red Laser,584.377358490566,973.9622641509433,3272.075471698113,1396.377358490566,Fish Model, Shark
4660,60,4,2024.06.20.REEF/08_2023/082923_Pool Calibration/082929_FishModels_FSL04/P8290058.ORF,1999.7151809716386,1321.3232769572808,Red Laser,1412.9886919901382,1180.2763999280637,2643.2229234207484,1408.992682532317,Fish Model, Shark
4661,60,4,2024.06.20.REEF/08_2023/082923_Pool Calibration/082929_FishModels_FSL04/P8290057.ORF,2000.1659280999816,1319.1549942884071,Red Laser,1401.6895142828332,1192.9651619107754,2653.538990075346,1425.6159282394476,Fish Model, Shark
4662,60,4,2024.06.20.REEF/08_2023/082923_Pool Calibration/082929_FishModels_FSL04/P8290059.ORF,2002.0138271711292,1328.2544620644123,Red Laser,1392.6285989682938,1214.2316357554353,2605.3854480117716,1438.7856609016753,Fish Model, Shark
4663,60,4,2024.06.20.REEF/08_2023/082923_Pool Calibration/082929_FishModels_FSL04/P8290060.ORF,2000.6236801834946,1326.0817253660855,Red Laser,1408.5063971993607,1215.254672376978,2611.150059448568,1459.2095048428373,Fish Model, Shark
14604,87,6,2025-02-10 REEF Data Dump SMILE 6/083123_Fish Degree Angle Tests/083123_Fish Deg Angle Tests_FSL06/P8310040.ORF,2075.8453912396276,1390.3590075827274,Red Laser,2403.607202229094,1428.5506751792186,1778.4471450894257,1379.4501213352016,Fish Model, Snook
14605,87,6,2025-02-10 REEF Data Dump SMILE 6/083123_Fish Degree Angle Tests/083123_Fish Deg Angle Tests_FSL06/P8310044.ORF,2074.2305788205,1386.9828222892309,Red Laser,2406.551077369654,1441.1977330216093,1782.768679813415,1379.8923376843868,Fish Model, Snook
14606,87,6,2025-02-10 REEF Data Dump SMILE 6/083123_Fish Degree Angle Tests/083123_Fish Deg Angle Tests_FSL06/P8310042.ORF,2075.5930407613505,1385.6619480457337,Red Laser,2407.365719200831,1439.37510893368,1782.6617874247406,1386.706044892256,Fish Model, Snook
14607,87,6,2025-02-10 REEF Data Dump SMILE 6/083123_Fish Degree Angle Tests/083123_Fish Deg Angle Tests_FSL06/P8310043.ORF,2075.6424190318903,1387.7221712234393,Red Laser,2404.9287833455433,1434.2984238303584,1782.679020672734,1371.4603936097055,Fish Model, Snook
14608,87,6,2025-02-10 REEF Data Dump SMILE 6/083123_Fish Degree Angle Tests/083123_Fish Deg Angle Tests_FSL06/P8310045.ORF,2075.1383205956936,1385.8679378156894,Red Laser,2395.7635110746023,1433.8800838838504,1769.530217785338,1378.3401131422572,Fish Model, Snook
14609,87,6,2025-02-10 REEF Data Dump SMILE 6/083123_Fish Degree Angle Tests/083123_Fish Deg Angle Tests_FSL06/P8310047.ORF,2074.0640781195934,1385.5103996669686,Red Laser,2397.8219553910762,1410.137507737494,1774.0395578348366,1351.8973821671325,Fish Model, Snook
14610,87,6,2025-02-10 REEF Data Dump SMILE 6/083123_Fish Degree Angle Tests/083123_Fish Deg Angle Tests_FSL06/P8310048.ORF,2075.455297971538,1384.7802864194853,Red Laser,2393.632851622192,1412.6239072036333,1768.7893991466535,1352.4974617767418,Fish Model, Snook
14611,87,6,2025-02-10 REEF Data Dump SMILE 6/083123_Fish Degree Angle Tests/083123_Fish Deg Angle Tests_FSL06/P8310046.ORF,2075.740641084463,1384.8875453893543,Red Laser,2403.0307586858935,1413.8495304495418,1776.7458816269304,1357.3610905579492,Fish Model, Snook
14612,87,6,2025-02-10 REEF Data Dump SMILE 6/083123_Fish Degree Angle Tests/083123_Fish Deg Angle Tests_FSL06/P8310049.ORF,2074.6214451282435,1382.9927362896335,Red Laser,2396.8073594694893,1413.868001142305,1770.010617201686,1355.9669108716012,Fish Model, Snook
14613,87,6,2025-02-10 REEF Data Dump SMILE 6/083123_Fish Degree Angle Tests/083123_Fish Deg Angle Tests_FSL06/P8310050.ORF,2074.5762058611012,1385.621342523402,Red Laser,2401.86173782898,1414.821156891561,1773.6697885667024,1361.8032911015187,Fish Model, Snook
14614,87,6,2025-02-10 REEF Data Dump SMILE 6/083123_Fish Degree Angle Tests/083123_Fish Deg Angle Tests_FSL06/P8310051.ORF,2075.121805770394,1385.2705678313455,Red Laser,2401.838182518334,1411.2803717844065,1774.614209706365,1356.7929980356869,Fish Model, Snook
14615,87,6,2025-02-10 REEF Data Dump SMILE 6/083123_Fish Degree Angle Tests/083123_Fish Deg Angle Tests_FSL06/P8310053.ORF,2073.9157616418534,1385.7299729250203,Red Laser,2403.5096223909823,1426.883212053096,1778.076694960279,1368.5251914917014,Fish Model, Snook
14616,87,6,2025-02-10 REEF Data Dump SMILE 6/083123_Fish Degree Angle Tests/083123_Fish Deg Angle Tests_FSL06/P8310052.ORF,2080.360485268631,1395.6187175043326,Red Laser,2399.6918288963566,1420.4268520274045,1773.079951555322,1360.889881555679,Fish Model, Snook
14617,87,6,2025-02-10 REEF Data Dump SMILE 6/083123_Fish Degree Angle Tests/083123_Fish Deg Angle Tests_FSL06/P8310055.ORF,2073.652843431023,1385.8755664902162,Red Laser,2383.7458595669596,1420.2518721421927,1757.9955225450133,1363.0483853687265,Fish Model, Snook
14618,87,6,2025-02-10 REEF Data Dump SMILE 6/083123_Fish Degree Angle Tests/083123_Fish Deg Angle Tests_FSL06/P8310054.ORF,2075.1055380004514,1384.798280180435,Red Laser,2385.080984762631,1425.4235011163692,1759.6480573319277,1365.886530644643,Fish Model, Snook
14619,87,6,2025-02-10 REEF Data Dump SMILE 6/083123_Fish Degree Angle Tests/083123_Fish Deg Angle Tests_FSL06/P8310056.ORF,2075.508979358013,1385.8679378156894,Red Laser,2379.424206250376,1420.2794891833632,1751.810221485559,1368.4764301234102,Fish Model, Snook
14620,87,6,2025-02-10 REEF Data Dump SMILE 6/083123_Fish Degree Angle Tests/083123_Fish Deg Angle Tests_FSL06/P8310057.ORF,2073.4981555724294,1387.130030901388,Red Laser,2373.0403804008515,1419.812511425938,1745.8598309516476,1370.2639219769405,Fish Model, Snook
14621,87,6,2025-02-10 REEF Data Dump SMILE 6/083123_Fish Degree Angle Tests/083123_Fish Deg Angle Tests_FSL06/P8310059.ORF,2075.929316577016,1384.4463835199315,Red Laser,2407.506675219474,1421.3669702649008,1781.4253253380882,1377.68687608713,Fish Model, Snook
14622,87,6,2025-02-10 REEF Data Dump SMILE 6/083123_Fish Degree Angle Tests/083123_Fish Deg Angle Tests_FSL06/P8310058.ORF,2075.466882498174,1385.7274498244979,Red Laser,2411.326767666424,1409.29609118649,1784.4791003433234,1365.6159970087192,Fish Model, Snook
14623,87,6,2025-02-10 REEF Data Dump SMILE 6/083123_Fish Degree Angle Tests/083123_Fish Deg Angle Tests_FSL06/P8310060.ORF,2074.92126943002,1384.462119286092,Red Laser,2402.6658479401585,1423.6516690856308,1778.4389862677237,1377.0289159316733,Fish Model, Snook
14624,87,6,2025-02-10 REEF Data Dump SMILE 6/083123_Fish Degree Angle Tests/083123_Fish Deg Angle Tests_FSL06/P8310061.ORF,2074.012161627698,1385.1907865152443,Red Laser,2406.0437752232397,1436.9657449497367,1779.1961079001383,1388.6877461216736,Fish Model, Snook
14625,87,6,2025-02-10 REEF Data Dump SMILE 6/083123_Fish Degree Angle Tests/083123_Fish Deg Angle Tests_FSL06/P8310064.ORF,2075.769699641564,1388.5068473942533,Red Laser,2390.2607011936707,1434.912167469428,1781.0383350300215,1382.0362639910734,Fish Model, Snook
14626,87,6,2025-02-10 REEF Data Dump SMILE 6/083123_Fish Degree Angle Tests/083123_Fish Deg Angle Tests_FSL06/P8310063.ORF,2074.9463102493696,1385.3588966530285,Red Laser,2388.8146601811545,1432.7983574382004,1778.8259765757896,1379.9224539598458,Fish Model, Snook
14627,87,6,2025-02-10 REEF Data Dump SMILE 6/083123_Fish Degree Angle Tests/083123_Fish Deg Angle Tests_FSL06/P8310065.ORF,2074.0078113706186,1388.7405432236665,Red Laser,2390.4921290610687,1424.1592011272794,1779.7371280139891,1376.647519740932,Fish Model, Snook
14628,87,6,2025-02-10 REEF Data Dump SMILE 6/083123_Fish Degree Angle Tests/083123_Fish Deg Angle Tests_FSL06/P8310062.ORF,2075.289901496544,1386.1680046167253,Red Laser,2379.6808636458536,1435.5726152091956,1769.5742850494562,1380.751444378795,Fish Model, Snook
14629,87,6,2025-02-10 REEF Data Dump SMILE 6/083123_Fish Degree Angle Tests/083123_Fish Deg Angle Tests_FSL06/P8310066.ORF,2074.372448185057,1387.400837816066,Red Laser,2396.3000489518295,1414.0810539243048,1784.625466974691,1363.2742075385818,Fish Model, Snook
14631,87,6,2025-02-10 REEF Data Dump SMILE 6/083123_Fish Degree Angle Tests/083123_Fish Deg Angle Tests_FSL06/P8310068.ORF,2074.9117325696493,1387.091202237803,Red Laser,2395.1536380590233,1421.0943911508832,1783.6323195702278,1370.5174399976743,Fish Model, Snook
14632,87,6,2025-02-10 REEF Data Dump SMILE 6/083123_Fish Degree Angle Tests/083123_Fish Deg Angle Tests_FSL06/P8310072.ORF,2073.9110316933106,1390.013880674253,Red Laser,2411.2201905945303,1421.5017183449024,1799.5265640419168,1365.274876467568,Fish Model, Snook
14633,87,6,2025-02-10 REEF Data Dump SMILE 6/083123_Fish Degree Angle Tests/083123_Fish Deg Angle Tests_FSL06/P8310073.ORF,2075.168556557953,1388.4821187051807,Red Laser,2405.5514711763817,1424.8449909910157,1793.9142240497101,1368.644399772296,Fish Model, Snook
14634,87,6,2025-02-10 REEF Data Dump SMILE 6/083123_Fish Degree Angle Tests/083123_Fish Deg Angle Tests_FSL06/P8310069.ORF,2074.7844056475255,1387.6356244923982,Red Laser,2415.7691098760474,1424.692558066713,1805.7804262706827,1367.2187499380668,Fish Model, Snook
14635,87,6,2025-02-10 REEF Data Dump SMILE 6/083123_Fish Degree Angle Tests/083123_Fish Deg Angle Tests_FSL06/P8310071.ORF,2075.7670697870876,1387.762380030318,Red Laser,2413.380498410221,1427.0499804126623,1802.625497363141,1370.3424897257314,Fish Model, Snook
4864,84,5,2025-02-10 REEF Data Dump SMILE 6/083123_Fish Degree Angle Tests/083023_FishModels_FSL05/P8300008.ORF,1976.4889076224429,1326.1235475985904,Red Laser,2295.9245283018863,1256.3018867924527,1637.1320754716978,1457.6603773584907,Fish Model, Grouper
4865,84,5,2025-02-10 REEF Data Dump SMILE 6/083123_Fish Degree Angle Tests/083023_FishModels_FSL05/P8300009.ORF,1976.084484658686,1328.184106892861,Red Laser,2298.11320754717,1317.5849056603774,1634.9433962264154,1514.5660377358488,Fish Model, Grouper
4866,84,5,2025-02-10 REEF Data Dump SMILE 6/083123_Fish Degree Angle Tests/083023_FishModels_FSL05/P8300010.ORF,1978.3433716177665,1332.837295025582,Red Laser,2245.5849056603774,1256.3018867924527,1582.4150943396226,1448.9056603773588,Fish Model, Grouper
4868,84,5,2025-02-10 REEF Data Dump SMILE 6/083123_Fish Degree Angle Tests/083023_FishModels_FSL05/P8300012.ORF,1986.6496321511704,1364.3032590780103,Red Laser,2243.6457535610602,1321.225215661731,1694.0377358490564,1440.1509433962262,Fish Model, Grouper
4869,84,5,2025-02-10 REEF Data Dump SMILE 6/083123_Fish Degree Angle Tests/083023_FishModels_FSL05/P8300011.ORF,1988.2730432630692,1365.1462746854615,Red Laser,2241.9129930289732,1305.1083149345393,1691.8490566037733,1433.5849056603774,Fish Model, Grouper
4870,84,5,2025-02-10 REEF Data Dump SMILE 6/083123_Fish Degree Angle Tests/083023_FishModels_FSL05/P8300014.ORF,1988.032074189924,1364.2773698807453,Red Laser,2208.0077109348417,1256.8440766631209,1652.6769495125443,1397.1635742196695,Fish Model, Grouper
4871,84,5,2025-02-10 REEF Data Dump SMILE 6/083123_Fish Degree Angle Tests/083023_FishModels_FSL05/P8300015.ORF,1986.9161147938403,1361.5212504953295,Red Laser,2217.6649690634895,1286.6257163835764,1662.379561297493,1441.65762959213,Fish Model, Grouper
4873,84,5,2025-02-10 REEF Data Dump SMILE 6/083123_Fish Degree Angle Tests/083023_FishModels_FSL05/P8300017.ORF,1985.8059305483703,1361.656519103819,Red Laser,2222.650217706821,1323.477503628447,1656.9608127721335,1466.5834542815676,Fish Model, Grouper
4874,84,5,2025-02-10 REEF Data Dump SMILE 6/083123_Fish Degree Angle Tests/083023_FishModels_FSL05/P8300018.ORF,2001.2571588906794,1410.5228371448893,Red Laser,2198.4322875962935,1369.1289494250307,1800.067425450973,1494.751367645417,Fish Model, Grouper
4875,84,5,2025-02-10 REEF Data Dump SMILE 6/083123_Fish Degree Angle Tests/083023_FishModels_FSL05/P8300019.ORF,2001.2896728515625,1412.0355224609375,Red Laser,2192.3257494596955,1345.3356733749056,1801.6677910067526,1472.648311620731,Fish Model, Grouper
4876,84,5,2025-02-10 REEF Data Dump SMILE 6/083123_Fish Degree Angle Tests/083023_FishModels_FSL05/P8300020.ORF,2000.4692382812502,1412.16015625,Red Laser,2158.430682810007,1339.2283818956632,1769.6239627534933,1468.8306219145013,Fish Model, Grouper
4879,84,5,2025-02-10 REEF Data Dump SMILE 6/083123_Fish Degree Angle Tests/083023_FishModels_FSL05/P8300023.ORF,1960.186279296875,1305.0472412109373,Red Laser,1947.1724195441645,1682.1943941033396,2000.4528301886792,689.4339622641509,Fish Model, Snook
4880,84,5,2025-02-10 REEF Data Dump SMILE 6/083123_Fish Degree Angle Tests/083023_FishModels_FSL05/P8300026.ORF,1961.4420166015625,1312.015380859375,Red Laser,2019.5705526290362,1755.1026694045704,2052.8408732665125,800.7274233763296,Fish Model, Snook
4888,84,5,2025-02-10 REEF Data Dump SMILE 6/083123_Fish Degree Angle Tests/083023_FishModels_FSL05/P8300032.ORF,1929.5711863869149,1208.7619440289818,Red Laser,1871.3207547169811,1906.3396226415093,2090.1886792452833,512.1509433962265,Fish Model, Snook
4889,84,5,2025-02-10 REEF Data Dump SMILE 6/083123_Fish Degree Angle Tests/083023_FishModels_FSL05/P8300033.ORF,1929.8065464409938,1213.192605861977,Red Laser,1864.7547169811319,1899.7735849056605,2109.88679245283,540.6037735849056,Fish Model, Snook
4894,84,5,2025-02-10 REEF Data Dump SMILE 6/083123_Fish Degree Angle Tests/083023_FishModels_FSL05/P8300040.ORF,1960.843505859375,1291.2042236328123,Red Laser,2446.943396226415,1444.5283018867924,1467.8117439339437,1079.3455843808656,Fish Model, Snook
4895,84,5,2025-02-10 REEF Data Dump SMILE 6/083123_Fish Degree Angle Tests/083023_FishModels_FSL05/P8300039.ORF,1960.9500732421875,1291.0722656250002,Red Laser,2482.492015841224,1426.1728357846264,1479.7951171045354,1086.6352616092395,Fish Model, Snook
4896,84,5,2025-02-10 REEF Data Dump SMILE 6/083123_Fish Degree Angle Tests/083023_FishModels_FSL05/P8300038.ORF,1960.4411621093748,1287.5205078125,Red Laser,2490.6922835621426,1439.7277030990708,1503.5484547963613,1049.7673481433653,Fish Model, Snook
4897,84,5,2025-02-10 REEF Data Dump SMILE 6/083123_Fish Degree Angle Tests/083023_FishModels_FSL05/P8300041.ORF,1959.879150390625,1291.358642578125,Red Laser,2417.444352622711,1468.1341002972365,1440.5311474529535,1093.5746840882334,Fish Model, Snook
4898,84,5,2025-02-10 REEF Data Dump SMILE 6/083123_Fish Degree Angle Tests/083023_FishModels_FSL05/P8300042.ORF,1960.6118164062498,1293.8267822265627,Red Laser,2429.240943294866,1486.5351700439987,1464.315785916096,1099.748911000723,Fish Model, Snook
4899,84,5,2025-02-10 REEF Data Dump SMILE 6/083123_Fish Degree Angle Tests/083023_FishModels_FSL05/P8300044.ORF,1963.7821044921875,1297.74609375,Red Laser,2405.4988426001746,1463.6743233502646,1476.9885877771972,1082.7828138586444,Fish Model, Snook
4900,84,5,2025-02-10 REEF Data Dump SMILE 6/083123_Fish Degree Angle Tests/083023_FishModels_FSL05/P8300043.ORF,1963.6119384765625,1298.4927978515625,Red Laser,2409.0136039724375,1461.1120785595597,1474.2451230250706,1079.5906915218561,Fish Model, Snook
4901,84,5,2025-02-10 REEF Data Dump SMILE 6/083123_Fish Degree Angle Tests/083023_FishModels_FSL05/P8300045.ORF,1963.0739746093748,1299.0527343750002,Red Laser,2406.8560615157135,1469.4932753573773,1485.2145180501504,1075.6156084556462,Fish Model, Snook
4902,84,5,2025-02-10 REEF Data Dump SMILE 6/083123_Fish Degree Angle Tests/083023_FishModels_FSL05/P8300046.ORF,1962.95556640625,1293.486083984375,Red Laser,2402.3273323551075,1463.5589946332163,1480.444310755885,1054.0657417548634,Fish Model, Snook
4904,84,5,2025-02-10 REEF Data Dump SMILE 6/083123_Fish Degree Angle Tests/083023_FishModels_FSL05/P8300050.ORF,1959.88134765625,1289.5322265625,Red Laser,2195.858262538548,1282.082626695445,1742.764791082858,1254.178486805949,Fish Model, Purple Angel
4905,84,5,2025-02-10 REEF Data Dump SMILE 6/083123_Fish Degree Angle Tests/083023_FishModels_FSL05/P8300048.ORF,1960.088134765625,1291.4981689453127,Red Laser,2184.2747451686673,1284.8206216414465,1733.5531256035842,1264.4157193472524,Fish Model, Purple Angel
4906,84,5,2025-02-10 REEF Data Dump SMILE 6/083123_Fish Degree Angle Tests/083023_FishModels_FSL05/P8300051.ORF,1960.2352294921875,1288.7181396484375,Red Laser,2191.1344313881596,1274.5967026536064,1734.9017441949009,1240.414131288974,Fish Model, Purple Angel
4907,84,5,2025-02-10 REEF Data Dump SMILE 6/083123_Fish Degree Angle Tests/083023_FishModels_FSL05/P8300049.ORF,1960.8355712890625,1291.5218505859377,Red Laser,2195.480269571588,1283.1680367666006,1742.9448809136875,1262.763134472407,Fish Model, Purple Angel
4908,84,5,2025-02-10 REEF Data Dump SMILE 6/083123_Fish Degree Angle Tests/083023_FishModels_FSL05/P8300053.ORF,1970.080322265625,1332.707763671875,Red Laser,2141.6646568606675,1326.8906738053288,1773.0160887455638,1317.8218283412425,Fish Model, Purple Angel
4909,84,5,2025-02-10 REEF Data Dump SMILE 6/083123_Fish Degree Angle Tests/083023_FishModels_FSL05/P8300052.ORF,1971.4605712890625,1333.103271484375,Red Laser,2126.8857394618685,1321.4220091900722,1756.8875768886483,1306.6650121331272,Fish Model, Purple Angel
4910,84,5,2025-02-10 REEF Data Dump SMILE 6/083123_Fish Degree Angle Tests/083023_FishModels_FSL05/P8300054.ORF,1972.8555908203125,1332.20263671875,Red Laser,2133.0568473220455,1347.9846038925732,1766.2783931976132,1333.2276068356282,Fish Model, Purple Angel
4912,84,5,2025-02-10 REEF Data Dump SMILE 6/083123_Fish Degree Angle Tests/083023_FishModels_FSL05/P8300055.ORF,1973.7895507812498,1336.3248291015625,Red Laser,2127.9931822266044,1294.0231104955167,1779.1914336079053,1278.327031807675,Fish Model, Purple Angel
4913,84,5,2025-02-10 REEF Data Dump SMILE 6/083123_Fish Degree Angle Tests/083023_FishModels_FSL05/P8300058.ORF,1974.3294677734375,1339.287353515625,Red Laser,2130.782268032157,1315.920149855617,1792.7128809094177,1299.553298574278,Fish Model, Purple Angel
4914,84,5,2025-02-10 REEF Data Dump SMILE 6/083123_Fish Degree Angle Tests/083023_FishModels_FSL05/P8300056.ORF,1974.001220703125,1340.3663330078125,Red Laser,2141.350198481019,1331.974612275893,1796.734070845744,1317.673740582526,Fish Model, Purple Angel
4915,84,5,2025-02-10 REEF Data Dump SMILE 6/083123_Fish Degree Angle Tests/083023_FishModels_FSL05/P8300059.ORF,1979.5120849609375,1358.502685546875,Red Laser,2153.6586686785995,1359.5509570933054,1832.2244418745984,1318.4996743712586,Fish Model, Purple Angel
4916,84,5,2025-02-10 REEF Data Dump SMILE 6/083123_Fish Degree Angle Tests/083023_FishModels_FSL05/P8300060.ORF,1978.997802734375,1356.9002685546875,Red Laser,2138.6579446289675,1357.0227163594627,1815.9886548103875,1316.6663540442794,Fish Model, Purple Angel
4917,84,5,2025-02-10 REEF Data Dump SMILE 6/083123_Fish Degree Angle Tests/083023_FishModels_FSL05/P8300062.ORF,1978.0443115234375,1355.9202880859375,Red Laser,2144.5451059180905,1352.5731089394353,1815.329917029518,1322.7908057881464,Fish Model, Purple Angel
4918,84,5,2025-02-10 REEF Data Dump SMILE 6/083123_Fish Degree Angle Tests/083023_FishModels_FSL05/P8300063.ORF,1978.283447265625,1355.37109375,Red Laser,2127.2805334053546,1354.763602375057,1798.7051583751954,1316.581162437507,Fish Model, Purple Angel
4919,84,5,2025-02-10 REEF Data Dump SMILE 6/083123_Fish Degree Angle Tests/083023_FishModels_FSL05/P8300061.ORF,1978.4990234375,1356.4736328125,Red Laser,2133.212875282179,1335.4011959889176,1804.8026135058037,1304.8139657254317,Fish Model, Purple Angel
4920,84,5,2025-02-10 REEF Data Dump SMILE 6/083123_Fish Degree Angle Tests/083023_FishModels_FSL05/P8300064.ORF,1978.5708007812498,1355.6484375,Red Laser,2141.294892824559,1311.944042971911,1810.0099680214914,1280.1123953929684,Fish Model, Purple Angel
4922,84,5,2025-02-10 REEF Data Dump SMILE 6/083123_Fish Degree Angle Tests/083023_FishModels_FSL05/P8300068.ORF,1976.261474609375,1350.4803466796875,Red Laser,2509.7732704512614,1287.477979273756,1416.2382811235539,1304.336962991492,Fish Model, Shark
4923,84,5,2025-02-10 REEF Data Dump SMILE 6/083123_Fish Degree Angle Tests/083023_FishModels_FSL05/P8300069.ORF,1976.3388671875,1350.8365478515625,Red Laser,2500.081046153242,1304.2957659472022,1407.7386100040615,1305.6560927668152,Fish Model, Shark
4924,84,5,2025-02-10 REEF Data Dump SMILE 6/083123_Fish Degree Angle Tests/083023_FishModels_FSL05/P8300067.ORF,1976.533935546875,1350.9627685546875,Red Laser,2490.6455926112703,1325.665568912892,1397.396271915681,1351.511778485538,Fish Model, Shark
4925,84,5,2025-02-10 REEF Data Dump SMILE 6/083123_Fish Degree Angle Tests/083023_FishModels_FSL05/P8300066.ORF,1976.32373046875,1350.5870361328125,Red Laser,2488.175688014703,1322.8456182174687,1391.752271406684,1342.7970782384582,Fish Model, Shark
4926,84,5,2025-02-10 REEF Data Dump SMILE 6/083123_Fish Degree Angle Tests/083023_FishModels_FSL05/P8300070.ORF,1995.0495576690262,1412.2183670831766,Red Laser,2324.16567046577,1375.221126416993,1621.6789487477092,1414.2869222622871,Fish Model, Shark
4928,84,5,2025-02-10 REEF Data Dump SMILE 6/083123_Fish Degree Angle Tests/083023_FishModels_FSL05/P8300072.ORF,1994.7757049389477,1411.337555930927,Red Laser,2329.8785850179324,1382.7421385769128,1633.1764714909864,1423.2762476180767,Fish Model, Shark
4929,84,5,2025-02-10 REEF Data Dump SMILE 6/083123_Fish Degree Angle Tests/083023_FishModels_FSL05/P8300073.ORF,1995.4278781620221,1411.8801869880765,Red Laser,2325.785374690559,1389.6665726546887,1630.0600407149534,1431.2544734515334,Fish Model, Shark
4930,84,5,2025-02-10 REEF Data Dump SMILE 6/083123_Fish Degree Angle Tests/083023_FishModels_FSL05/P8300074.ORF,1995.3126604486613,1409.8558007360093,Red Laser,2318.190083127355,1385.8161781658318,1622.733058189148,1430.623787411465,
14564,87,6,2025-02-10 REEF Data Dump SMILE 6/083123_Fish Degree Angle Tests/083123_Fish Deg Angle Tests_FSL06/P8310001.ORF,2073.341181586587,1380.9631957432953,Red Laser,,,,,Slate, Laser on slate
14565,87,6,2025-02-10 REEF Data Dump SMILE 6/083123_Fish Degree Angle Tests/083123_Fish Deg Angle Tests_FSL06/P8310002.ORF,2074.890171845755,1382.0239777783886,Red Laser,,,,,Slate, Laser on slate
14566,87,6,2025-02-10 REEF Data Dump SMILE 6/083123_Fish Degree Angle Tests/083123_Fish Deg Angle Tests_FSL06/P8310003.ORF,2073.681333216133,1381.551857879116,Red Laser,,,,,Slate, Laser on slate
14567,87,6,2025-02-10 REEF Data Dump SMILE 6/083123_Fish Degree Angle Tests/083123_Fish Deg Angle Tests_FSL06/P8310004.ORF,2074.8496340696315,1384.2406040931198,Red Laser,,,,,Slate, Laser on slate
14568,87,6,2025-02-10 REEF Data Dump SMILE 6/083123_Fish Degree Angle Tests/083123_Fish Deg Angle Tests_FSL06/P8310006.ORF,2071.9691881778604,1383.440122922496,Red Laser,,,,,Slate, Laser on slate
14569,87,6,2025-02-10 REEF Data Dump SMILE 6/083123_Fish Degree Angle Tests/083123_Fish Deg Angle Tests_FSL06/P8310007.ORF,2072.569297954364,1381.874306136056,Red Laser,,,,,Slate, Laser on slate
14571,87,6,2025-02-10 REEF Data Dump SMILE 6/083123_Fish Degree Angle Tests/083123_Fish Deg Angle Tests_FSL06/P8310008.ORF,2072.5208661305023,1381.2446316463988,Red Laser,,,,,Slate, Laser on slate
14573,87,6,2025-02-10 REEF Data Dump SMILE 6/083123_Fish Degree Angle Tests/083123_Fish Deg Angle Tests_FSL06/P8310010.ORF,2073.4483774883056,1379.885527920536,Red Laser,,,,,Slate, Laser on slate
14578,87,6,2025-02-10 REEF Data Dump SMILE 6/083123_Fish Degree Angle Tests/083123_Fish Deg Angle Tests_FSL06/P8310017.ORF,2074.043173250435,1378.1378824220458,Red Laser,,,,,Slate, Laser on slate
14579,87,6,2025-02-10 REEF Data Dump SMILE 6/083123_Fish Degree Angle Tests/083123_Fish Deg Angle Tests_FSL06/P8310015.ORF,2073.92942611109,1376.9511882275879,Red Laser,,,,,Slate, Laser on slate
14580,87,6,2025-02-10 REEF Data Dump SMILE 6/083123_Fish Degree Angle Tests/083123_Fish Deg Angle Tests_FSL06/P8310016.ORF,2074.488439694793,1378.1104200016027,Red Laser,,,,,Slate, Laser on slate
14581,87,6,2025-02-10 REEF Data Dump SMILE 6/083123_Fish Degree Angle Tests/083123_Fish Deg Angle Tests_FSL06/P8310018.ORF,2073.1279173559005,1377.9296036208689,Red Laser,,,,,Slate, Laser on slate
14583,87,6,2025-02-10 REEF Data Dump SMILE 6/083123_Fish Degree Angle Tests/083123_Fish Deg Angle Tests_FSL06/P8310020.ORF,2074.8182556387233,1385.9971819107525,Red Laser,2404.6696501552524,1413.865477038451,1778.6472477693835,1373.1917051320243,Fish Model, Snook
14584,87,6,2025-02-10 REEF Data Dump SMILE 6/083123_Fish Degree Angle Tests/083123_Fish Deg Angle Tests_FSL06/P8310022.ORF,2075.6410618632403,1388.9949727926992,Red Laser,2399.020652712405,1405.6209270520167,1772.9982503265355,1364.9471551455904,Fish Model, Snook
14585,87,6,2025-02-10 REEF Data Dump SMILE 6/083123_Fish Degree Angle Tests/083123_Fish Deg Angle Tests_FSL06/P8310023.ORF,2075.19739299932,1387.981811197953,Red Laser,2397.6143423118665,1402.8853565223294,1772.7708898363285,1361.6221096607374,Fish Model, Snook
14586,87,6,2025-02-10 REEF Data Dump SMILE 6/083123_Fish Degree Angle Tests/083123_Fish Deg Angle Tests_FSL06/P8310021.ORF,2075.2188537725115,1388.9110402405295,Red Laser,2403.977850021509,1422.378894923179,1779.6227199940372,1382.6154955806473,Fish Model, Snook
14587,87,6,2025-02-10 REEF Data Dump SMILE 6/083123_Fish Degree Angle Tests/083123_Fish Deg Angle Tests_FSL06/P8310026.ORF,2074.4315461942233,1385.6426112431043,Red Laser,2404.192755847678,1418.5820575073708,1779.3493033721406,1370.0637342745092,Fish Model, Snook
14588,87,6,2025-02-10 REEF Data Dump SMILE 6/083123_Fish Degree Angle Tests/083123_Fish Deg Angle Tests_FSL06/P8310025.ORF,2078.0331237436963,1389.8331382081217,Red Laser,2409.7493916338967,1416.6052092613218,1783.7269892480274,1369.4472128480736,Fish Model, Snook
14589,87,6,2025-02-10 REEF Data Dump SMILE 6/083123_Fish Degree Angle Tests/083123_Fish Deg Angle Tests_FSL06/P8310024.ORF,2076.2939663710595,1385.8801753289702,Red Laser,2405.5242950125735,1406.8627771490399,1779.4251562420081,1365.3553690634146,Fish Model, Snook
14590,87,6,2025-02-10 REEF Data Dump SMILE 6/083123_Fish Degree Angle Tests/083123_Fish Deg Angle Tests_FSL06/P8310027.ORF,2075.410400958183,1387.734571321307,Red Laser,2401.8864441544383,1419.9815372535058,1778.4033184985135,1371.4632140206447,Fish Model, Snook
14591,87,6,2025-02-10 REEF Data Dump SMILE 6/083123_Fish Degree Angle Tests/083123_Fish Deg Angle Tests_FSL06/P8310028.ORF,2074.4864186189716,1388.3501448176078,Red Laser,2400.5017674847545,1409.3601553246178,1775.9530524867996,1361.8484739382702,Fish Model, Snook
14592,87,6,2025-02-10 REEF Data Dump SMILE 6/083123_Fish Degree Angle Tests/083123_Fish Deg Angle Tests_FSL06/P8310032.ORF,2077.4332400551075,1385.4977462378104,Red Laser,2404.6658775155393,1419.7668581833525,1782.1803248606643,1371.4299118597735,Fish Model, Snook
14593,87,6,2025-02-10 REEF Data Dump SMILE 6/083123_Fish Degree Angle Tests/083123_Fish Deg Angle Tests_FSL06/P8310029.ORF,2075.285786760274,1389.6644511169118,Red Laser,2397.6492981767083,1433.4851252347166,1775.753220476998,1383.3797540456403,Fish Model, Snook
14636,87,6,2025-02-10 REEF Data Dump SMILE 6/083123_Fish Degree Angle Tests/083123_Fish Deg Angle Tests_FSL06/P8310070.ORF,2074.824664440501,1394.0024131805683,Red Laser,2420.99533588105,1433.980578934533,1810.8887572846525,1376.80150828347,Fish Model, Snook
14637,87,6,2025-02-10 REEF Data Dump SMILE 6/083123_Fish Degree Angle Tests/083123_Fish Deg Angle Tests_FSL06/P8310074.ORF,2075.1888649723733,1386.234001634674,Red Laser,2409.235206233774,1417.0628862319159,1796.6346951347525,1364.9170248134205,Fish Model, Snook
14639,87,6,2025-02-10 REEF Data Dump SMILE 6/083123_Fish Degree Angle Tests/083123_Fish Deg Angle Tests_FSL06/P8310076.ORF,2076.4182830324526,1385.6015367586315,Red Laser,2406.428114969194,1426.4802233947464,1797.5680969852976,1367.532727878186,Fish Model, Snook
14640,87,6,2025-02-10 REEF Data Dump SMILE 6/083123_Fish Degree Angle Tests/083123_Fish Deg Angle Tests_FSL06/P8310078.ORF,2075.3447682681335,1384.8840021332712,Red Laser,2394.5193630072645,1440.8248134807227,1787.9496341418605,1380.108893098666,Fish Model, Snook
14641,87,6,2025-02-10 REEF Data Dump SMILE 6/083123_Fish Degree Angle Tests/083123_Fish Deg Angle Tests_FSL06/P8310079.ORF,2072.7712681007424,1385.8143512170675,Red Laser,2394.850942669545,1437.4039665261557,1788.8706887593069,1375.5090962337677,Fish Model, Snook
14642,87,6,2025-02-10 REEF Data Dump SMILE 6/083123_Fish Degree Angle Tests/083123_Fish Deg Angle Tests_FSL06/P8310077.ORF,2074.7252619324795,1387.7916181606518,Red Laser,2395.6383246781543,1437.8636197118988,1785.5448519462757,1380.0739808874987,Fish Model, Snook
14643,87,6,2025-02-10 REEF Data Dump SMILE 6/083123_Fish Degree Angle Tests/083123_Fish Deg Angle Tests_FSL06/P8310082.ORF,2075.6983762054438,1387.2596342745726,Red Laser,2396.7898436920764,1419.7830864288687,1787.6910338401494,1370.164964451709,Fish Model, Snook
14684,87,6,2025-02-10 REEF Data Dump SMILE 6/083123_Fish Degree Angle Tests/083123_Fish Deg Angle Tests_FSL06/P8310121.ORF,2074.4747939201748,1383.3685918211197,Red Laser,2374.6217830899886,1432.6905485380516,1811.6557608194082,1365.0230093060238,Fish Model, Snook
14685,87,6,2025-02-10 REEF Data Dump SMILE 6/083123_Fish Degree Angle Tests/083123_Fish Deg Angle Tests_FSL06/P8310125.ORF,2074.043173250435,1382.9222762275492,Red Laser,2376.1973024508075,1426.802624931975,1811.4802954021611,1351.9393056259435,Fish Model, Snook
14686,87,6,2025-02-10 REEF Data Dump SMILE 6/083123_Fish Degree Angle Tests/083123_Fish Deg Angle Tests_FSL06/P8310124.ORF,2073.817186042163,1383.5104578789303,Red Laser,2381.823446403087,1417.66071676785,1818.1947008101304,1341.0289725963212,Fish Model, Snook
14687,87,6,2025-02-10 REEF Data Dump SMILE 6/083123_Fish Degree Angle Tests/083123_Fish Deg Angle Tests_FSL06/P8310123.ORF,2075.0010905219947,1385.448190868843,Red Laser,2381.2695378198605,1424.5063413587682,1816.210705057567,1353.0019828919344,Fish Model, Snook
14688,87,6,2025-02-10 REEF Data Dump SMILE 6/083123_Fish Degree Angle Tests/083123_Fish Deg Angle Tests_FSL06/P8310122.ORF,2073.6154449820606,1383.9365299674037,Red Laser,2378.263448095243,1428.3202021834395,1812.8558135843311,1358.9086542083182,Fish Model, Snook
14689,87,6,2025-02-10 REEF Data Dump SMILE 6/083123_Fish Degree Angle Tests/083123_Fish Deg Angle Tests_FSL06/P8310126.ORF,2075.670427896504,1383.1759506644992,Red Laser,2363.5473603587093,1435.54596051205,1799.918614765753,1363.9020813457691,Fish Model, Snook
14690,87,6,2025-02-10 REEF Data Dump SMILE 6/083123_Fish Degree Angle Tests/083123_Fish Deg Angle Tests_FSL06/P8310129.ORF,2074.0078113706186,1383.8478475610477,Red Laser,2371.6299427184463,1430.5722825993655,1805.1759029616783,1362.5559416187193,Fish Model, Snook
14691,87,6,2025-02-10 REEF Data Dump SMILE 6/083123_Fish Degree Angle Tests/083123_Fish Deg Angle Tests_FSL06/P8310128.ORF,2074.5479621525924,1383.4470220454436,Red Laser,2366.451568825335,1435.6324915288887,1801.0439343144233,1367.9649522968605,Fish Model, Snook
14692,87,6,2025-02-10 REEF Data Dump SMILE 6/083123_Fish Degree Angle Tests/083123_Fish Deg Angle Tests_FSL06/P8310127.ORF,2071.7514095061756,1384.1811722302637,Red Laser,2365.7347114715735,1437.6168082482181,1804.0240266942712,1366.349286168697,Fish Model, Snook
14693,87,6,2025-02-10 REEF Data Dump SMILE 6/083123_Fish Degree Angle Tests/083123_Fish Deg Angle Tests_FSL06/P8310131.ORF,2073.6515529913586,1383.8805210063551,Red Laser,2368.5111046766337,1424.8047791368815,1805.062126138735,1357.7275197871318,Fish Model, Snook
14694,87,6,2025-02-10 REEF Data Dump SMILE 6/083123_Fish Degree Angle Tests/083123_Fish Deg Angle Tests_FSL06/P8310130.ORF,2074.821222024529,1383.9232766191797,Red Laser,2362.4846095653083,1436.774498415937,1798.8558639723526,1366.490946069269,Fish Model, Snook
14695,87,6,2025-02-10 REEF Data Dump SMILE 6/083123_Fish Degree Angle Tests/083123_Fish Deg Angle Tests_FSL06/P8310132.ORF,2074.0177543931445,1382.0354405398703,Red Laser,2366.743644945576,1432.4773049266153,1802.7312174291396,1364.809765694588,Fish Model, Snook
14696,87,6,2025-02-10 REEF Data Dump SMILE 6/083123_Fish Degree Angle Tests/083123_Fish Deg Angle Tests_FSL06/P8310133.ORF,2073.6468491844917,1383.5898491434368,Red Laser,2372.036008296539,1433.7939674876498,1808.2941918772894,1367.9317670467315,Fish Model, Snook
14697,87,6,2025-02-10 REEF Data Dump SMILE 6/083123_Fish Degree Angle Tests/083123_Fish Deg Angle Tests_FSL06/P8310134.ORF,2073.914636673372,1383.5759511322492,Red Laser,2362.9881436064343,1432.1336400859886,1831.1917409732393,1370.4654909302026,Fish Model, Snook
14698,87,6,2025-02-10 REEF Data Dump SMILE 6/083123_Fish Degree Angle Tests/083123_Fish Deg Angle Tests_FSL06/P8310135.ORF,2073.528681761144,1387.0696257053676,Red Laser,2355.4170134363194,1434.6654132531955,1824.3590263276285,1379.4905574496952,Fish Model, Snook
14699,87,6,2025-02-10 REEF Data Dump SMILE 6/083123_Fish Degree Angle Tests/083123_Fish Deg Angle Tests_FSL06/P8310137.ORF,2074.001250587359,1383.777462666377,Red Laser,2357.8946492236446,1439.333722071479,1826.0068627549895,1383.1068801941449,Fish Model, Snook
14700,87,6,2025-02-10 REEF Data Dump SMILE 6/083123_Fish Degree Angle Tests/083123_Fish Deg Angle Tests_FSL06/P8310136.ORF,2073.319285028392,1384.9708846543922,Red Laser,2351.4206679777744,1434.0979551876053,1822.4317379617146,1375.3214074080431,Fish Model, Snook
14701,87,6,2025-02-10 REEF Data Dump SMILE 6/083123_Fish Degree Angle Tests/083123_Fish Deg Angle Tests_FSL06/P8310138.ORF,2073.781480272289,1385.5513618134955,Red Laser,2353.2961233574392,1448.5968661893064,1823.2221059816015,1389.649370672746,Fish Model, Snook
14702,87,6,2025-02-10 REEF Data Dump SMILE 6/083123_Fish Degree Angle Tests/083123_Fish Deg Angle Tests_FSL06/P8310140.ORF,2074.633954226752,1383.386738317913,Red Laser,2348.536249127157,1439.0659145305017,1816.7808270434225,1384.7612738892788,Fish Model, Snook
4664,60,4,2024.06.20.REEF/08_2023/082923_Pool Calibration/082929_FishModels_FSL04/P8290061.ORF,2002.1717104142926,1329.7209890274544,Red Laser,1424.830188679245,1203.7735849056603,2600.1509433962265,1453.2830188679245,Fish Model, Shark
4665,60,4,2024.06.20.REEF/08_2023/082923_Pool Calibration/082929_FishModels_FSL04/P8290063.ORF,2004.694622816852,1336.5517894890654,Red Laser,1468.6037735849056,1247.5471698113206,2602.3396226415093,1492.6792452830189,Fish Model, Shark
4666,60,4,2024.06.20.REEF/08_2023/082923_Pool Calibration/082929_FishModels_FSL04/P8290062.ORF,2003.3208384776515,1337.8962143924937,Red Laser,1479.5471698113208,1278.188679245283,2606.7169811320755,1518.9433962264154,Fish Model, Shark
4667,60,4,2024.06.20.REEF/08_2023/082923_Pool Calibration/082929_FishModels_FSL04/P8290064.ORF,2004.003450656552,1337.6399424964022,Red Laser,1468.6037735849056,1212.5283018867924,2593.584905660377,1466.4150943396226,Fish Model, Shark
4668,60,4,2024.06.20.REEF/08_2023/082923_Pool Calibration/082929_FishModels_FSL04/P8290065.ORF,2004.3816572884716,1338.916803820006,Red Laser,1468.6037735849056,1208.1509433962265,2593.584905660377,1462.0377358490564,Fish Model, Shark
4669,60,4,2024.06.20.REEF/08_2023/082923_Pool Calibration/082929_FishModels_FSL04/P8290066.ORF,2007.7672604290708,1340.356489971424,Red Laser,1488.3018867924527,1216.9056603773586,2613.2830188679245,1466.4150943396226,Fish Model, Shark
4670,60,4,2024.06.20.REEF/08_2023/082923_Pool Calibration/082929_FishModels_FSL04/P8290067.ORF,2005.4549334524613,1337.6007243190588,Red Laser,1464.2264150943395,1210.3396226415095,2591.396226415094,1446.7169811320753,Fish Model, Shark
4671,60,4,2024.06.20.REEF/08_2023/082923_Pool Calibration/082929_FishModels_FSL04/P8290069.ORF,2002.7788641860125,1328.0892643322024,Red Laser,2337.509433962264,1387.622641509434,1654.6415094339623,1240.9811320754716,Fish Model, Grouper
4672,60,4,2024.06.20.REEF/08_2023/082923_Pool Calibration/082929_FishModels_FSL04/P8290072.ORF,2002.983683773056,1330.6425954943084,Red Laser,2302.490566037736,1420.4528301886792,1654.6415094339623,1166.5660377358492,Fish Model, Grouper
4673,60,4,2024.06.20.REEF/08_2023/082923_Pool Calibration/082929_FishModels_FSL04/P8290070.ORF,2002.570581312318,1329.186447755951,Red Laser,2311.2452830188677,1420.4528301886792,1641.5094339622642,1225.6603773584907,Fish Model, Grouper
4674,60,4,2024.06.20.REEF/08_2023/082923_Pool Calibration/082929_FishModels_FSL04/P8290071.ORF,2001.7652681086856,1329.3341215358084,Red Laser,2311.2452830188677,1420.4528301886792,1648.0754716981132,1208.1509433962265,Fish Model, Grouper
4675,60,4,2024.06.20.REEF/08_2023/082923_Pool Calibration/082929_FishModels_FSL04/P8290068.ORF,2001.45556640625,1327.26220703125,Red Laser,2320.6671728822434,1383.3126121855237,1630.039710617219,1258.4415861800292,Fish Model, Grouper
4676,60,4,2024.06.20.REEF/08_2023/082923_Pool Calibration/082929_FishModels_FSL04/P8290073.ORF,2000.393127880133,1329.7224017933272,Red Laser,2298.11320754717,1440.1509433962262,1663.3962264150946,1149.056603773585,Fish Model, Grouper
4677,60,4,2024.06.20.REEF/08_2023/082923_Pool Calibration/082929_FishModels_FSL04/P8290075.ORF,2003.516765905922,1328.7854933486178,Red Laser,2271.8490566037735,1407.3207547169814,1621.811320754717,1144.6792452830186,Fish Model, Grouper
4678,60,4,2024.06.20.REEF/08_2023/082923_Pool Calibration/082929_FishModels_FSL04/P8290078.ORF,2001.377422467555,1327.5068048329006,Red Laser,2271.8490566037735,1356.981132075472,1619.622641509434,1190.6415094339623,Fish Model, Grouper
4679,60,4,2024.06.20.REEF/08_2023/082923_Pool Calibration/082929_FishModels_FSL04/P8290074.ORF,2001.9867851154045,1328.537388355561,Red Laser,2260.9056603773583,1413.8867924528302,1621.811320754717,1131.5471698113208,Fish Model, Grouper
4680,60,4,2024.06.20.REEF/08_2023/082923_Pool Calibration/082929_FishModels_FSL04/P8290076.ORF,2002.3085673739595,1328.0233410791805,Red Laser,2302.490566037736,1431.3962264150944,1648.0754716981132,1201.5849056603774,Fish Model, Grouper
4681,60,4,2024.06.20.REEF/08_2023/082923_Pool Calibration/082929_FishModels_FSL04/P8290077.ORF,2001.697329290172,1327.8757750407428,Red Laser,2317.8113207547167,1427.0188679245284,1654.6415094339623,1227.8490566037735,Fish Model, Grouper
4682,60,4,2024.06.20.REEF/08_2023/082923_Pool Calibration/082929_FishModels_FSL04/P8290079.ORF,2002.2992405653617,1326.6950463520818,Red Laser,2278.415094339622,1321.9622641509436,1621.811320754717,1179.698113207547,Fish Model, Grouper
4683,60,4,2024.06.20.REEF/08_2023/082923_Pool Calibration/082929_FishModels_FSL04/P8290080.ORF,2001.3337415342971,1327.237366957762,Red Laser,2274.0377358490564,1330.7169811320755,1641.5094339622642,1175.3207547169811,Fish Model, Grouper
4684,60,4,2024.06.20.REEF/08_2023/082923_Pool Calibration/082929_FishModels_FSL04/P8290084.ORF,2018.640712787074,1377.1509399020906,Red Laser,2304.6792452830186,1400.7547169811319,1775.018867924528,1300.075471698113,Fish Model, Grouper
4685,60,4,2024.06.20.REEF/08_2023/082923_Pool Calibration/082929_FishModels_FSL04/P8290083.ORF,2015.4093774203577,1374.515965405241,Red Laser,2284.9811320754716,1381.056603773585,1757.5094339622638,1286.9433962264152,Fish Model, Grouper
4686,60,4,2024.06.20.REEF/08_2023/082923_Pool Calibration/082929_FishModels_FSL04/P8290082.ORF,2017.0580849090572,1376.8360959865715,Red Laser,2256.528301886792,1407.3207547169814,1733.433962264151,1308.8301886792453,Fish Model, Grouper
4687,60,4,2024.06.20.REEF/08_2023/082923_Pool Calibration/082929_FishModels_FSL04/P8290081.ORF,2016.3670900589614,1375.1658346803522,Red Laser,2243.396226415094,1396.377358490566,1718.1132075471696,1289.1320754716983,Fish Model, Grouper
4688,60,4,2024.06.20.REEF/08_2023/082923_Pool Calibration/082929_FishModels_FSL04/P8290086.ORF,2017.3445172225756,1378.702082315933,Red Laser,2293.7358490566035,1407.3207547169814,1779.3962264150944,1341.6603773584907,Fish Model, Grouper
4689,60,4,2024.06.20.REEF/08_2023/082923_Pool Calibration/082929_FishModels_FSL04/P8290085.ORF,2017.3340866119506,1379.3628765369806,Red Laser,2284.9811320754716,1407.3207547169814,1759.698113207547,1348.2264150943397,Fish Model, Grouper
4690,60,4,2024.06.20.REEF/08_2023/082923_Pool Calibration/082929_FishModels_FSL04/P8290087.ORF,2018.1085871059681,1384.4435668054437,Red Laser,2284.9811320754716,1400.7547169811319,1772.830188679245,1328.5283018867924,Fish Model, Grouper
4691,60,4,2024.06.20.REEF/08_2023/082923_Pool Calibration/082929_FishModels_FSL04/P8290089.ORF,2007.9642034758915,1347.7399419054095,Red Laser,2400.9811320754716,1424.830188679245,1621.811320754717,1348.2264150943397,Fish Model, Snook
4692,60,4,2024.06.20.REEF/08_2023/082923_Pool Calibration/082929_FishModels_FSL04/P8290088.ORF,2008.7127491297779,1347.4156124832723,Red Laser,2407.5471698113206,1394.188679245283,1634.943396226415,1321.9622641509436,Fish Model, Snook
4693,60,4,2024.06.20.REEF/08_2023/082923_Pool Calibration/082929_FishModels_FSL04/P8290090.ORF,2006.9855445978844,1346.3445331448877,Red Laser,2420.6792452830186,1385.433962264151,1628.377358490566,1315.3962264150944,Fish Model, Snook
4694,60,4,2024.06.20.REEF/08_2023/082923_Pool Calibration/082929_FishModels_FSL04/P8290091.ORF,2000.219038971381,1323.135583344286,Red Laser,2425.056603773585,1284.7547169811319,1529.8867924528302,1278.188679245283,Fish Model, Snook
4695,60,4,2024.06.20.REEF/08_2023/082923_Pool Calibration/082929_FishModels_FSL04/P8290093.ORF,1997.9435647609534,1315.953991689132,Red Laser,2464.4528301886794,1238.7924528301887,1543.0188679245284,1311.0188679245284,Fish Model, Snook
4696,60,4,2024.06.20.REEF/08_2023/082923_Pool Calibration/082929_FishModels_FSL04/P8290092.ORF,1999.8040807094421,1319.734370056889,Red Laser,2442.566037735849,1300.075471698113,1525.5094339622642,1330.7169811320755,Fish Model, Snook
4697,60,4,2024.06.20.REEF/08_2023/082923_Pool Calibration/082929_FishModels_FSL04/P8290094.ORF,2020.6422819992652,1397.35528338114,Red Laser,2291.5471698113206,1413.8867924528302,1722.4905660377356,1370.1132075471696,Fish Model, Snook
4698,60,4,2024.06.20.REEF/08_2023/082923_Pool Calibration/082929_FishModels_FSL04/P8290096.ORF,2022.5979113482797,1398.815948924019,Red Laser,2319.9999999999995,1402.943396226415,1753.1320754716978,1350.4150943396226,Fish Model, Snook
4699,60,4,2024.06.20.REEF/08_2023/082923_Pool Calibration/082929_FishModels_FSL04/P8290097.ORF,2022.8708016271214,1398.140678707033,Red Laser,2295.9245283018863,1400.7547169811319,1728.5200493858763,1346.4198294773273,Fish Model, Snook
4700,60,4,2024.06.20.REEF/08_2023/082923_Pool Calibration/082929_FishModels_FSL04/P8290095.ORF,2023.1708776713306,1397.8259634799276,Red Laser,2299.1949067862824,1423.4110785102184,1730.7891568208474,1378.0110682678953,Fish Model, Snook
4701,60,4,2024.06.20.REEF/08_2023/082923_Pool Calibration/082929_FishModels_FSL04/P8290098.ORF,2021.906962344772,1399.5818193875575,Red Laser,2307.8094293520235,1413.1056186806863,1749.190013487306,1348.711449704926,Fish Model, Snook
4702,60,4,2024.06.20.REEF/08_2023/082923_Pool Calibration/082929_FishModels_FSL04/P8290100.ORF,2023.266480102876,1397.4454642567428,Red Laser,2295.6676500102603,1394.666673813094,1736.1896452258663,1319.3254961114546,Fish Model, Snook
4703,60,4,2024.06.20.REEF/08_2023/082923_Pool Calibration/082929_FishModels_FSL04/P8290101.ORF,2022.493430457111,1393.3610771279518,Red Laser,2289.894113345779,1406.620526389994,1733.1528607428552,1325.322888058097,Fish Model, Snook
4704,60,4,2024.06.20.REEF/08_2023/082923_Pool Calibration/082929_FishModels_FSL04/P8290099.ORF,2022.5182130999078,1394.6390245627667,Red Laser,2297.880330443386,1413.945438583636,1738.751127407611,1341.0458731223275,Fish Model, Snook
4705,60,4,2024.06.20.REEF/08_2023/082923_Pool Calibration/082929_FishModels_FSL04/P8290103.ORF,2022.4289780029897,1396.7898110887647,Red Laser,2324.036335439504,1428.5358286689013,1775.8246271354938,1336.5777356630672,Fish Model, Snook
4706,60,4,2024.06.20.REEF/08_2023/082923_Pool Calibration/082929_FishModels_FSL04/P8290102.ORF,2022.4926485111396,1398.0538523993164,Red Laser,2326.129861637524,1421.4801734887337,1772.0234037818582,1335.7795838531192,Fish Model, Snook
4707,60,4,2024.06.20.REEF/08_2023/082923_Pool Calibration/082929_FishModels_FSL04/P8290104.ORF,1967.631074914395,1215.1269045160786,Red Laser,1683.0943396226412,1173.132075471698,2263.094339622641,1289.1320754716983,Fish Model, Purple Angel
4708,60,4,2024.06.20.REEF/08_2023/082923_Pool Calibration/082929_FishModels_FSL04/P8290106.ORF,1965.3656845753899,1212.6724436741767,Red Laser,1630.5660377358488,1190.6415094339623,2219.320754716981,1295.6981132075473,Fish Model, Purple Angel
4709,60,4,2024.06.20.REEF/08_2023/082923_Pool Calibration/082929_FishModels_FSL04/P8290107.ORF,1961.9910484179327,1204.2021373967395,Red Laser,1650.2641509433963,1162.188679245283,2252.150943396226,1243.1698113207547,Fish Model, Purple Angel
4710,60,4,2024.06.20.REEF/08_2023/082923_Pool Calibration/082929_FishModels_FSL04/P8290105.ORF,1967.9720605355064,1216.058207217695,Red Laser,1648.0754716981132,1208.1509433962265,2225.88679245283,1311.0188679245284,Fish Model, Purple Angel
4711,60,4,2024.06.20.REEF/08_2023/082923_Pool Calibration/082929_FishModels_FSL04/P8290108.ORF,1954.2652166559187,1179.5283301535164,Red Laser,1588.9811320754716,1144.6792452830186,2239.018867924528,1243.1698113207547,Fish Model, Purple Angel
4712,60,4,2024.06.20.REEF/08_2023/082923_Pool Calibration/082929_FishModels_FSL04/P8290111.ORF,1950.7531040491692,1163.2167613153615,Red Laser,1568.2097827183286,1108.6293481549856,2241.2075471698113,1247.5471698113206,Fish Model, Purple Angel
4713,60,4,2024.06.20.REEF/08_2023/082923_Pool Calibration/082929_FishModels_FSL04/P8290110.ORF,1951.243189973999,1168.6484911221692,Red Laser,1564.9056603773583,1109.6603773584905,2232.452830188679,1214.7169811320753,Fish Model, Purple Angel
14724,87,6,2025-02-10 REEF Data Dump SMILE 6/083123_Fish Degree Angle Tests/083123_Fish Deg Angle Tests_FSL06/P8310161.ORF,2078.8126975041855,1390.5339355084307,Red Laser,2346.6250630598133,1432.663405505042,1848.91179868467,1385.709323960217,Fish Model, Snook
14726,87,6,2025-02-10 REEF Data Dump SMILE 6/083123_Fish Degree Angle Tests/083123_Fish Deg Angle Tests_FSL06/P8310163.ORF,2074.462664457443,1384.4175433192295,Red Laser,2343.0307344228204,1425.4806493529447,1846.5114452641021,1381.0433065789225,Fish Model, Snook
14727,87,6,2025-02-10 REEF Data Dump SMILE 6/083123_Fish Degree Angle Tests/083123_Fish Deg Angle Tests_FSL06/P8310164.ORF,2074.767661833374,1384.3853027664109,Red Laser,2339.9875654323546,1426.1739526129447,1844.3751608200446,1382.1900521121268,Fish Model, Snook
14728,87,6,2025-02-10 REEF Data Dump SMILE 6/083123_Fish Degree Angle Tests/083123_Fish Deg Angle Tests_FSL06/P8310165.ORF,2074.7252619324795,1387.7916181606518,Red Laser,2330.5244065674906,1429.433043558833,1838.086097867611,1384.9957007848102,Fish Model, Snook
14729,87,6,2025-02-10 REEF Data Dump SMILE 6/083123_Fish Degree Angle Tests/083123_Fish Deg Angle Tests_FSL06/P8310166.ORF,2075.378899239954,1384.705632321939,Red Laser,2341.2192824200188,1424.3316524788547,1845.1534355345045,1388.5097128957143,Fish Model, Snook
14730,87,6,2025-02-10 REEF Data Dump SMILE 6/083123_Fish Degree Angle Tests/083123_Fish Deg Angle Tests_FSL06/P8310168.ORF,2075.2179132922793,1390.2627635495462,Red Laser,2348.277343355607,1428.961131151755,1855.7692743060043,1388.5001283119855,Fish Model, Snook
14731,87,6,2025-02-10 REEF Data Dump SMILE 6/083123_Fish Degree Angle Tests/083123_Fish Deg Angle Tests_FSL06/P8310170.ORF,2074.334997037558,1384.7517103535538,Red Laser,2352.5935935614816,1438.2351739165879,1861.7426932092465,1399.0428108241313,Fish Model, Snook
14732,87,6,2025-02-10 REEF Data Dump SMILE 6/083123_Fish Degree Angle Tests/083123_Fish Deg Angle Tests_FSL06/P8310167.ORF,2075.3573462279733,1385.5141271789296,Red Laser,2345.3702865739024,1414.6731377072692,1849.7230017867305,1379.0953593481622,Fish Model, Snook
14733,87,6,2025-02-10 REEF Data Dump SMILE 6/083123_Fish Degree Angle Tests/083123_Fish Deg Angle Tests_FSL06/P8310171.ORF,2074.929513412305,1385.4572825621276,Red Laser,2355.4741516971653,1439.513199057636,1862.582400724081,1400.9706058352697,Fish Model, Snook
14734,87,6,2025-02-10 REEF Data Dump SMILE 6/083123_Fish Degree Angle Tests/083123_Fish Deg Angle Tests_FSL06/P8310169.ORF,2075.8702541290045,1388.9807266098098,Red Laser,2361.346195998995,1429.6724643229418,1869.8845321952479,1390.9554702262658,Fish Model, Snook
14735,87,6,2025-02-10 REEF Data Dump SMILE 6/083123_Fish Degree Angle Tests/083123_Fish Deg Angle Tests_FSL06/P8310174.ORF,2073.3105349399816,1386.4389780149938,Red Laser,2332.629835150275,1440.2035206261342,1857.9911479914451,1397.8106927170918,Fish Model, Snook
14736,87,6,2025-02-10 REEF Data Dump SMILE 6/083123_Fish Degree Angle Tests/083123_Fish Deg Angle Tests_FSL06/P8310175.ORF,2073.081855918155,1386.8329078742993,Red Laser,2334.7435962312015,1442.1841545168334,1860.8057322780576,1397.3840579242474,Fish Model, Snook
14737,87,6,2025-02-10 REEF Data Dump SMILE 6/083123_Fish Degree Angle Tests/083123_Fish Deg Angle Tests_FSL06/P8310176.ORF,2073.4981555724294,1383.990551184541,Red Laser,2338.743537486974,1434.927971292976,1861.2688238028368,1393.664724431384,Fish Model, Snook
14738,87,6,2025-02-10 REEF Data Dump SMILE 6/083123_Fish Degree Angle Tests/083123_Fish Deg Angle Tests_FSL06/P8310173.ORF,2075.0397833043194,1387.3639536674434,Red Laser,2340.386585563929,1432.5607238644923,1864.9698021966426,1392.7973245219605,Fish Model, Snook
14739,87,6,2025-02-10 REEF Data Dump SMILE 6/083123_Fish Degree Angle Tests/083123_Fish Deg Angle Tests_FSL06/P8310172.ORF,2074.198286055764,1385.095841231622,Red Laser,2339.7979313392784,1423.4634615219456,1861.6158477089418,1379.7833673441744,Fish Model, Snook
14740,87,6,2025-02-10 REEF Data Dump SMILE 6/083123_Fish Degree Angle Tests/083123_Fish Deg Angle Tests_FSL06/P8310177.ORF,2072.256327323113,1385.4801285447973,Red Laser,2335.0992355404987,1420.3270280712861,1859.4382909491787,1377.2500121168766,Fish Model, Snook
14741,87,6,2025-02-10 REEF Data Dump SMILE 6/083123_Fish Degree Angle Tests/083123_Fish Deg Angle Tests_FSL06/P8310179.ORF,2075.353744463782,1385.0810620196203,Red Laser,2335.499772366114,1430.06624123175,1859.7934835474737,1387.0345695046608,Fish Model, Snook
14742,87,6,2025-02-10 REEF Data Dump SMILE 6/083123_Fish Degree Angle Tests/083123_Fish Deg Angle Tests_FSL06/P8310178.ORF,2072.843905019421,1385.3840219965348,Red Laser,2336.0251147837316,1424.572175491369,1862.087250830588,1379.1826039436178,Fish Model, Snook
14743,87,6,2025-02-10 REEF Data Dump SMILE 6/083123_Fish Degree Angle Tests/083123_Fish Deg Angle Tests_FSL06/P8310180.ORF,2073.139776383832,1384.9154188886353,Red Laser,2336.3266947052184,1429.756477130676,1863.1941616101426,1388.8596058322137,Fish Model, Snook
14744,87,6,2025-02-10 REEF Data Dump SMILE 6/083123_Fish Degree Angle Tests/083123_Fish Deg Angle Tests_FSL06/P8310183.ORF,2075.535833721984,1384.4463835199315,Red Laser,2333.055412510371,1424.2401224353555,1864.64954429032,1378.44245284172,Fish Model, Snook
14745,87,6,2025-02-10 REEF Data Dump SMILE 6/083123_Fish Degree Angle Tests/083123_Fish Deg Angle Tests_FSL06/P8310181.ORF,2074.207453134603,1386.2021417207468,Red Laser,2338.8975083452624,1425.3257661688026,1866.7085363596925,1374.6801010711156,Fish Model, Snook
14746,87,6,2025-02-10 REEF Data Dump SMILE 6/083123_Fish Degree Angle Tests/083123_Fish Deg Angle Tests_FSL06/P8310182.ORF,2074.1361296189734,1387.585221994107,Red Laser,2339.082190848716,1411.0321833506966,1866.264329310387,1367.3520891729254,Fish Model, Snook
14747,87,6,2025-02-10 REEF Data Dump SMILE 6/083123_Fish Degree Angle Tests/083123_Fish Deg Angle Tests_FSL06/P8310184.ORF,2074.7396984311263,1383.997858752853,Red Laser,2333.9716198299166,1423.2376277718724,1865.751662941879,1374.9596289438095,Fish Model, Snook
14703,87,6,2025-02-10 REEF Data Dump SMILE 6/083123_Fish Degree Angle Tests/083123_Fish Deg Angle Tests_FSL06/P8310139.ORF,2074.3278752118817,1384.4166234318272,Red Laser,2352.0252924392867,1435.6651509876576,1820.9673053305967,1381.2566126258725,Fish Model, Snook
14704,87,6,2025-02-10 REEF Data Dump SMILE 6/083123_Fish Degree Angle Tests/083123_Fish Deg Angle Tests_FSL06/P8310141.ORF,2074.5,1386,Red Laser,2343.5970384778257,1444.0752785942489,1811.301153963287,1392.2014825396757,Fish Model, Snook
14705,87,6,2025-02-10 REEF Data Dump SMILE 6/083123_Fish Degree Angle Tests/083123_Fish Deg Angle Tests_FSL06/P8310142.ORF,2075.7817326939476,1382.3804698574577,Red Laser,2342.6095500329316,1437.4117417008154,1810.7852454825252,1386.0684731058914,Fish Model, Snook
14706,87,6,2025-02-10 REEF Data Dump SMILE 6/083123_Fish Degree Angle Tests/083123_Fish Deg Angle Tests_FSL06/P8310144.ORF,2073.2850267840954,1386.6092553403284,Red Laser,2361.1942806294105,1421.479082506624,1828.6036586372888,1360.9400046111168,Fish Model, Snook
14707,87,6,2025-02-10 REEF Data Dump SMILE 6/083123_Fish Degree Angle Tests/083123_Fish Deg Angle Tests_FSL06/P8310143.ORF,2073.483197039987,1386.5629657575826,Red Laser,2358.597824828815,1433.5058230607194,1825.349711540548,1374.5583275441593,Fish Model, Snook
14708,87,6,2025-02-10 REEF Data Dump SMILE 6/083123_Fish Degree Angle Tests/083123_Fish Deg Angle Tests_FSL06/P8310145.ORF,2072.155360381121,1385.592315836895,Red Laser,2365.7469136031464,1430.767922744632,1832.2720791782763,1372.4099021832378,Fish Model, Snook
14709,87,6,2025-02-10 REEF Data Dump SMILE 6/083123_Fish Degree Angle Tests/083123_Fish Deg Angle Tests_FSL06/P8310147.ORF,2074.746552950326,1384.63730210699,Red Laser,2362.9551194056758,1418.7598263764835,1830.6138906638175,1361.626099952741,Fish Model, Snook
14710,87,6,2025-02-10 REEF Data Dump SMILE 6/083123_Fish Degree Angle Tests/083123_Fish Deg Angle Tests_FSL06/P8310146.ORF,2074.41553600917,1386.7019200309085,Red Laser,2358.8404310946535,1430.312364919062,1826.2201609539,1370.6672659052645,Fish Model, Snook
14711,87,6,2025-02-10 REEF Data Dump SMILE 6/083123_Fish Degree Angle Tests/083123_Fish Deg Angle Tests_FSL06/P8310150.ORF,2074.5174719306874,1385.3371554047021,Red Laser,2354.6498229706585,1423.2022719575314,1827.1542554442256,1370.6137006273275,Fish Model, Snook
14712,87,6,2025-02-10 REEF Data Dump SMILE 6/083123_Fish Degree Angle Tests/083123_Fish Deg Angle Tests_FSL06/P8310149.ORF,2073.7279841585914,1385.6161826666157,Red Laser,2356.015060194457,1425.4848693309018,1826.8828075398906,1369.6765895519097,Fish Model, Snook
14713,87,6,2025-02-10 REEF Data Dump SMILE 6/083123_Fish Degree Angle Tests/083123_Fish Deg Angle Tests_FSL06/P8310151.ORF,2075.2921439820566,1382.6450598773208,Red Laser,2355.83365433463,1428.8411118534318,1828.2535694614164,1372.2515161575336,Fish Model, Snook
14714,87,6,2025-02-10 REEF Data Dump SMILE 6/083123_Fish Degree Angle Tests/083123_Fish Deg Angle Tests_FSL06/P8310148.ORF,2073.2070790059647,1384.004304635171,Red Laser,2355.3509332938456,1424.3240243590144,1825.5210771420411,1370.2597533231158,Fish Model, Snook
14715,87,6,2025-02-10 REEF Data Dump SMILE 6/083123_Fish Degree Angle Tests/083123_Fish Deg Angle Tests_FSL06/P8310152.ORF,2073.9571256506106,1384.3308454424148,Red Laser,2358.2618921207118,1433.2231199410671,1830.9085283841007,1379.7169317029588,Fish Model, Snook
14716,87,6,2025-02-10 REEF Data Dump SMILE 6/083123_Fish Degree Angle Tests/083123_Fish Deg Angle Tests_FSL06/P8310153.ORF,2073.6290981476914,1385.3743405898113,Red Laser,2343.4665332571744,1436.0130532114467,1848.7610131912727,1396.1101331694674,Fish Model, Snook
14717,87,6,2025-02-10 REEF Data Dump SMILE 6/083123_Fish Degree Angle Tests/083123_Fish Deg Angle Tests_FSL06/P8310155.ORF,2074.8863047921054,1385.2974003976133,Red Laser,2342.2722709500786,1424.5202368181895,1842.7881669281016,1388.244854961845,Fish Model, Snook
14718,87,6,2025-02-10 REEF Data Dump SMILE 6/083123_Fish Degree Angle Tests/083123_Fish Deg Angle Tests_FSL06/P8310156.ORF,2074.384915665114,1384.3513808707517,Red Laser,2337.92552309169,1422.704936939138,1841.5876108422538,1384.3890648533736,Fish Model, Snook
14719,87,6,2025-02-10 REEF Data Dump SMILE 6/083123_Fish Degree Angle Tests/083123_Fish Deg Angle Tests_FSL06/P8310154.ORF,2073.5304042824487,1386.6419382014935,Red Laser,2341.6074471435727,1428.9699842284576,1842.8209466188327,1389.5205064596826,Fish Model, Snook
14720,87,6,2025-02-10 REEF Data Dump SMILE 6/083123_Fish Degree Angle Tests/083123_Fish Deg Angle Tests_FSL06/P8310157.ORF,2073.301966209412,1384.304935130903,Red Laser,2340.8011686858317,1428.8221800062595,1843.10264656549,1388.4284018483884,Fish Model, Snook
14721,87,6,2025-02-10 REEF Data Dump SMILE 6/083123_Fish Degree Angle Tests/083123_Fish Deg Angle Tests_FSL06/P8310159.ORF,2074.328511616931,1384.7905492859402,Red Laser,2345.151056652455,1430.9909233873823,1848.4573666194271,1384.600290821095,Fish Model, Snook
14722,87,6,2025-02-10 REEF Data Dump SMILE 6/083123_Fish Degree Angle Tests/083123_Fish Deg Angle Tests_FSL06/P8310158.ORF,2073.566685269572,1386.5059251920156,Red Laser,2347.122615633907,1432.1708355022179,1850.1498842019844,1388.1869350013994,Fish Model, Snook
14723,87,6,2025-02-10 REEF Data Dump SMILE 6/083123_Fish Degree Angle Tests/083123_Fish Deg Angle Tests_FSL06/P8310160.ORF,2073.2894888763763,1386.0682054446659,Red Laser,2348.43740080441,1433.1344089830598,1852.44131426862,1386.743776416773,Fish Model, Snook
14844,87,6,2025-02-10 REEF Data Dump SMILE 6/083123_Fish Degree Angle Tests/083123_Fish Deg Angle Tests_FSL06/P8310695.ORF,2096.881465626368,1460.1967110002374,Red Laser,2246.043082766222,1473.8586591353173,1943.4730452070432,1472.0011350302477,Fish Model, Snook
14845,87,6,2025-02-10 REEF Data Dump SMILE 6/083123_Fish Degree Angle Tests/083123_Fish Deg Angle Tests_FSL06/P8310699.ORF,2099.5109875120193,1462.029047003311,Red Laser,2257.221506561158,1476.476991923584,1954.8578605692092,1464.299889457014,Fish Model, Snook
14594,87,6,2025-02-10 REEF Data Dump SMILE 6/083123_Fish Degree Angle Tests/083123_Fish Deg Angle Tests_FSL06/P8310031.ORF,2074.966346009143,1387.857761643975,Red Laser,2395.1671084337545,1429.3445465209384,1773.2535906466135,1379.814698217083,Fish Model, Snook
14595,87,6,2025-02-10 REEF Data Dump SMILE 6/083123_Fish Degree Angle Tests/083123_Fish Deg Angle Tests_FSL06/P8310030.ORF,2075.8262980530435,1386.80667041658,Red Laser,2401.1250329581208,1424.6288730063263,1778.5487918486044,1378.3777611394867,Fish Model, Snook
14596,87,6,2025-02-10 REEF Data Dump SMILE 6/083123_Fish Degree Angle Tests/083123_Fish Deg Angle Tests_FSL06/P8310033.ORF,2075.0229370473253,1386.8754122146233,Red Laser,2378.202460458299,1419.691234441355,1753.9484829379269,1370.7648131626097,Fish Model, Snook
14597,87,6,2025-02-10 REEF Data Dump SMILE 6/083123_Fish Degree Angle Tests/083123_Fish Deg Angle Tests_FSL06/P8310035.ORF,2075.728121638524,1387.2602141442999,Red Laser,2390.1003050583704,1409.6406864557807,1763.488427717336,1366.609014728692,Fish Model, Snook
14598,87,6,2025-02-10 REEF Data Dump SMILE 6/083123_Fish Degree Angle Tests/083123_Fish Deg Angle Tests_FSL06/P8310034.ORF,2075.1888649723733,1388.3783085241264,Red Laser,2394.0139754336474,1409.003072673685,1769.6588454061766,1363.6588453532543,Fish Model, Snook
14599,87,6,2025-02-10 REEF Data Dump SMILE 6/083123_Fish Degree Angle Tests/083123_Fish Deg Angle Tests_FSL06/P8310036.ORF,2075.2921439820566,1385.336042491761,Red Laser,2400.5002348498706,1404.3279785801062,1775.9515198519155,1359.1152495189046,Fish Model, Snook
14600,87,6,2025-02-10 REEF Data Dump SMILE 6/083123_Fish Degree Angle Tests/083123_Fish Deg Angle Tests_FSL06/P8310037.ORF,2076.2743453661496,1387.9198801482396,Red Laser,2397.9644904352353,1429.3122261323495,1774.7959302947568,1379.0421936870216,Fish Model, Snook
14601,87,6,2025-02-10 REEF Data Dump SMILE 6/083123_Fish Degree Angle Tests/083123_Fish Deg Angle Tests_FSL06/P8310038.ORF,2075.8184582249055,1386.7620145106532,Red Laser,2401.731117503752,1421.3676304768512,1776.2981900730488,1377.157008839431,Fish Model, Snook
14602,87,6,2025-02-10 REEF Data Dump SMILE 6/083123_Fish Degree Angle Tests/083123_Fish Deg Angle Tests_FSL06/P8310039.ORF,2075.705590319968,1388.1594995999346,Red Laser,2400.0699520704075,1424.2621801347352,1775.6799418680741,1373.023203262648,Fish Model, Snook
14603,87,6,2025-02-10 REEF Data Dump SMILE 6/083123_Fish Degree Angle Tests/083123_Fish Deg Angle Tests_FSL06/P8310041.ORF,2077.0348000628364,1388.7393825565212,Red Laser,2395.657315108865,1420.9690582067224,1769.9069780869186,1369.3463994111544,Fish Model, Snook
14644,87,6,2025-02-10 REEF Data Dump SMILE 6/083123_Fish Degree Angle Tests/083123_Fish Deg Angle Tests_FSL06/P8310080.ORF,2075.96401052936,1387.3369551555882,Red Laser,2398.8318030744617,1419.39684566088,1792.1958018768194,1367.2509842423842,Fish Model, Snook
14645,87,6,2025-02-10 REEF Data Dump SMILE 6/083123_Fish Degree Angle Tests/083123_Fish Deg Angle Tests_FSL06/P8310081.ORF,2074.7135714338483,1387.8288572651168,Red Laser,2399.762008505783,1418.5363610600448,1791.8005606633901,1366.9137022644773,Fish Model, Snook
14646,87,6,2025-02-10 REEF Data Dump SMILE 6/083123_Fish Degree Angle Tests/083123_Fish Deg Angle Tests_FSL06/P8310083.ORF,2072.779389967471,1388.5843616325255,Red Laser,2404.530475118338,1423.6474602344515,1794.4238965219402,1370.0052393143817,Fish Model, Snook
14647,87,6,2025-02-10 REEF Data Dump SMILE 6/083123_Fish Degree Angle Tests/083123_Fish Deg Angle Tests_FSL06/P8310086.ORF,2074.612596304127,1384.1290839721603,Red Laser,2408.422182359756,1419.3813561318552,1796.4092680526387,1362.7681492406668,Fish Model, Snook
14648,87,6,2025-02-10 REEF Data Dump SMILE 6/083123_Fish Degree Angle Tests/083123_Fish Deg Angle Tests_FSL06/P8310085.ORF,2075.1025747359395,1385.4511700961725,Red Laser,2407.76909272703,1411.6614422845075,1798.063636141544,1357.5971712486091,Fish Model, Snook
14649,87,6,2025-02-10 REEF Data Dump SMILE 6/083123_Fish Degree Angle Tests/083123_Fish Deg Angle Tests_FSL06/P8310084.ORF,2075.0048259550567,1388.48007490367,Red Laser,2402.9944659267917,1414.0950170861458,1793.289009341305,1358.2867373071538,Fish Model, Snook
14650,87,6,2025-02-10 REEF Data Dump SMILE 6/083123_Fish Degree Angle Tests/083123_Fish Deg Angle Tests_FSL06/P8310087.ORF,2074.843855538933,1384.3610314119967,Red Laser,2407.4137286223117,1417.140798497067,1796.626986616107,1362.7277257125495,Fish Model, Snook
14651,87,6,2025-02-10 REEF Data Dump SMILE 6/083123_Fish Degree Angle Tests/083123_Fish Deg Angle Tests_FSL06/P8310090.ORF,2075.6068530266166,1386.292948984946,Red Laser,2402.9319369349196,1430.4494353211055,1798.130632935012,1370.322989894214,Fish Model, Snook
14652,87,6,2025-02-10 REEF Data Dump SMILE 6/083123_Fish Degree Angle Tests/083123_Fish Deg Angle Tests_FSL06/P8310089.ORF,2073.7635658202435,1388.0794799399753,Red Laser,2398.782137542277,1423.0316901618626,1792.9832605413199,1363.6307523720982,Fish Model, Snook
14653,87,6,2025-02-10 REEF Data Dump SMILE 6/083123_Fish Degree Angle Tests/083123_Fish Deg Angle Tests_FSL06/P8310091.ORF,2075.531592569137,1382.2967874140563,Red Laser,2400.520159103355,1429.148157568078,1794.7240546898677,1368.6439108245038,Fish Model, Snook
14654,87,6,2025-02-10 REEF Data Dump SMILE 6/083123_Fish Degree Angle Tests/083123_Fish Deg Angle Tests_FSL06/P8310088.ORF,2075.4600316228966,1387.2516211429008,Red Laser,2400.3474049221004,1422.6045217291748,1793.4323623255636,1363.6570262126147,Fish Model, Snook
14656,87,6,2025-02-10 REEF Data Dump SMILE 6/083123_Fish Degree Angle Tests/083123_Fish Deg Angle Tests_FSL06/P8310093.ORF,2074.7063006100107,1387.3110508613347,Red Laser,2399.359954496598,1412.0467876435275,1794.7354929832409,1349.208757422874,Fish Model, Snook
14657,87,6,2025-02-10 REEF Data Dump SMILE 6/083123_Fish Degree Angle Tests/083123_Fish Deg Angle Tests_FSL06/P8310094.ORF,2075.609313310488,1387.0664171617345,Red Laser,2397.915858751434,1417.966931776252,1790.7566549308642,1359.019436259692,Fish Model, Snook
14658,87,6,2025-02-10 REEF Data Dump SMILE 6/083123_Fish Degree Angle Tests/083123_Fish Deg Angle Tests_FSL06/P8310095.ORF,2074.6407074326735,1386.6140495223992,Red Laser,2395.345824027374,1422.8106663403714,1790.702364287493,1361.3734337561511,Fish Model, Snook
14659,87,6,2025-02-10 REEF Data Dump SMILE 6/083123_Fish Degree Angle Tests/083123_Fish Deg Angle Tests_FSL06/P8310096.ORF,2074.9297598495664,1386.8288306552981,Red Laser,2385.2531114495396,1432.960952315084,1778.6833825841354,1371.6555569778614,Fish Model, Snook
14660,87,6,2025-02-10 REEF Data Dump SMILE 6/083123_Fish Degree Angle Tests/083123_Fish Deg Angle Tests_FSL06/P8310097.ORF,2072.6762035917195,1386.3397003743376,Red Laser,2391.5291989439024,1427.6506200234778,1800.6392025542148,1359.448367710818,Fish Model, Snook
14661,87,6,2025-02-10 REEF Data Dump SMILE 6/083123_Fish Degree Angle Tests/083123_Fish Deg Angle Tests_FSL06/P8310098.ORF,2075.0010905219947,1382.8295624686043,Red Laser,2391.2487881823663,1415.7192234158429,1803.1341598363776,1346.7959978887877,Fish Model, Snook
14662,87,6,2025-02-10 REEF Data Dump SMILE 6/083123_Fish Degree Angle Tests/083123_Fish Deg Angle Tests_FSL06/P8310102.ORF,2074.127514186544,1383.6513747965803,Red Laser,2393.194164360557,1430.4353350801778,1796.751223493703,1353.3198297142187,Fish Model, Snook
14663,87,6,2025-02-10 REEF Data Dump SMILE 6/083123_Fish Degree Angle Tests/083123_Fish Deg Angle Tests_FSL06/P8310099.ORF,2074.516569274539,1384.8728632140612,Red Laser,2398.2296958653383,1444.5988890511298,1806.163641995712,1363.6270545503605,Fish Model, Snook
14664,87,6,2025-02-10 REEF Data Dump SMILE 6/083123_Fish Degree Angle Tests/083123_Fish Deg Angle Tests_FSL06/P8310100.ORF,2073.733892716179,1384.2965102992234,Red Laser,2399.1630675239994,1432.877583325617,1805.6071318995591,1354.4320700612711,Fish Model, Snook
14665,87,6,2025-02-10 REEF Data Dump SMILE 6/083123_Fish Degree Angle Tests/083123_Fish Deg Angle Tests_FSL06/P8310101.ORF,2073.598908111352,1383.9475034715858,Red Laser,2394.5691146934814,1430.3228632587332,1800.3783598865539,1353.101644132039,Fish Model, Snook
14666,87,6,2025-02-10 REEF Data Dump SMILE 6/083123_Fish Degree Angle Tests/083123_Fish Deg Angle Tests_FSL06/P8310105.ORF,2073.9881141962105,1382.3360774629468,Red Laser,2401.0918319148755,1411.6768095826671,1810.2610843523926,1333.5124305277088,Fish Model, Snook
14667,87,6,2025-02-10 REEF Data Dump SMILE 6/083123_Fish Degree Angle Tests/083123_Fish Deg Angle Tests_FSL06/P8310104.ORF,2072.906187801804,1381.782111108509,Red Laser,2401.4897864571076,1417.0141457219693,1807.2990316501807,1339.20345164011,Fish Model, Snook
14668,87,6,2025-02-10 REEF Data Dump SMILE 6/083123_Fish Degree Angle Tests/083123_Fish Deg Angle Tests_FSL06/P8310103.ORF,2074.7642497454076,1383.1204868280631,Red Laser,2400.014630564002,1411.9198055397844,1806.6530273423634,1332.2435203910272,Fish Model, Snook
14669,87,6,2025-02-10 REEF Data Dump SMILE 6/083123_Fish Degree Angle Tests/083123_Fish Deg Angle Tests_FSL06/P8310107.ORF,2074.44490323466,1384.7570555628574,Red Laser,2408.7298402858646,1415.2831198682816,1816.0807892078328,1341.3720293359793,Fish Model, Snook
14670,87,6,2025-02-10 REEF Data Dump SMILE 6/083123_Fish Degree Angle Tests/083123_Fish Deg Angle Tests_FSL06/P8310106.ORF,2075.289901496544,1386.1680046167253,Red Laser,2403.9153580026236,1420.618236861098,1809.7246031956968,1346.933867465398,Fish Model, Snook
14671,87,6,2025-02-10 REEF Data Dump SMILE 6/083123_Fish Degree Angle Tests/083123_Fish Deg Angle Tests_FSL06/P8310108.ORF,2075.000868450664,1382.6589625516467,Red Laser,2406.0158248291973,1419.3757672810018,1813.2045395470186,1342.675104161373,Fish Model, Snook
14672,87,6,2025-02-10 REEF Data Dump SMILE 6/083123_Fish Degree Angle Tests/083123_Fish Deg Angle Tests_FSL06/P8310110.ORF,2073.7056842634925,1384.0294083493704,Red Laser,2401.683608263978,1429.1128128590478,1809.069437360808,1352.7252299115528,Fish Model, Snook
14673,87,6,2025-02-10 REEF Data Dump SMILE 6/083123_Fish Degree Angle Tests/083123_Fish Deg Angle Tests_FSL06/P8310109.ORF,2074.385023432631,1384.1077158098506,Red Laser,2407.736157819519,1428.5374492715857,1813.7267799218741,1353.2660319196702,Fish Model, Snook
14674,87,6,2025-02-10 REEF Data Dump SMILE 6/083123_Fish Degree Angle Tests/083123_Fish Deg Angle Tests_FSL06/P8310113.ORF,2074.7252619324795,1387.7916181606518,Red Laser,2379.615445529099,1433.475753489815,1821.428007214595,1365.005970235964,Fish Model, Snook
14676,87,6,2025-02-10 REEF Data Dump SMILE 6/083123_Fish Degree Angle Tests/083123_Fish Deg Angle Tests_FSL06/P8310112.ORF,2072.7814537367594,1385.6268320850277,Red Laser,2377.1546401237483,1427.9746141546111,1819.4206440824485,1359.9582731739647,Fish Model, Snook
14677,87,6,2025-02-10 REEF Data Dump SMILE 6/083123_Fish Degree Angle Tests/083123_Fish Deg Angle Tests_FSL06/P8310111.ORF,2074.0292739933257,1383.260711750798,Red Laser,2377.551131442646,1426.4142679488975,1821.177462220958,1357.9444846950469,Fish Model, Snook
14678,87,6,2025-02-10 REEF Data Dump SMILE 6/083123_Fish Degree Angle Tests/083123_Fish Deg Angle Tests_FSL06/P8310115.ORF,2073.47702439233,1386.418878650092,Red Laser,2380.336121564405,1431.4989153938961,1820.364213503966,1360.7915689226566,Fish Model, Snook
14679,87,6,2025-02-10 REEF Data Dump SMILE 6/083123_Fish Degree Angle Tests/083123_Fish Deg Angle Tests_FSL06/P8310120.ORF,2073.913641141222,1385.8266260603912,Red Laser,2372.5562380821634,1430.929670137907,1808.9274924892077,1362.4598868840562,Fish Model, Snook
14680,87,6,2025-02-10 REEF Data Dump SMILE 6/083123_Fish Degree Angle Tests/083123_Fish Deg Angle Tests_FSL06/P8310117.ORF,2074.384915665114,1383.1086811810108,Red Laser,2384.352859368382,1425.947000151023,1820.6892336005633,1353.3962364383333,Fish Model, Snook
14681,87,6,2025-02-10 REEF Data Dump SMILE 6/083123_Fish Degree Angle Tests/083123_Fish Deg Angle Tests_FSL06/P8310119.ORF,2073.1853953694153,1383.3647727913853,Red Laser,2376.631024519551,1429.9990193216324,1813.0022789265945,1360.6223515213735,Fish Model, Snook
14683,87,6,2025-02-10 REEF Data Dump SMILE 6/083123_Fish Degree Angle Tests/083123_Fish Deg Angle Tests_FSL06/P8310118.ORF,2073.4528908978077,1383.730031025881,Red Laser,2379.393281487342,1428.4709061645503,1815.3110936211815,1357.2804692714737,Fish Model, Snook
14804,87,6,2025-02-10 REEF Data Dump SMILE 6/083123_Fish Degree Angle Tests/083123_Fish Deg Angle Tests_FSL06/P8310658.ORF,2097.1198809305697,1461.7129340323468,Red Laser,2242.258625543438,1457.7230001887638,1935.3130867589828,1469.796906871719,Fish Model, Snook
14805,87,6,2025-02-10 REEF Data Dump SMILE 6/083123_Fish Degree Angle Tests/083123_Fish Deg Angle Tests_FSL06/P8310660.ORF,2096.578478146883,1458.5069400501075,Red Laser,2233.476970303562,1457.903605291208,1926.985492967014,1468.6359667871675,Fish Model, Snook
14806,87,6,2025-02-10 REEF Data Dump SMILE 6/083123_Fish Degree Angle Tests/083123_Fish Deg Angle Tests_FSL06/P8310659.ORF,2097.165655255554,1462.5892614789,Red Laser,2244.0532583808035,1452.0164333376274,1937.3553894770248,1461.7168369974374,Fish Model, Snook
14807,87,6,2025-02-10 REEF Data Dump SMILE 6/083123_Fish Degree Angle Tests/083123_Fish Deg Angle Tests_FSL06/P8310663.ORF,2096.9644158972615,1462.1833881986804,Red Laser,2256.604569295902,1449.516898037056,1948.1965988350742,1462.7849273589848,Fish Model, Snook
14808,87,6,2025-02-10 REEF Data Dump SMILE 6/083123_Fish Degree Angle Tests/083123_Fish Deg Angle Tests_FSL06/P8310662.ORF,2097.9611050097346,1460.91720450585,Red Laser,2251.0940893098577,1452.1578743964426,1944.5232306012967,1461.3661135497803,Fish Model, Snook
14809,87,6,2025-02-10 REEF Data Dump SMILE 6/083123_Fish Degree Angle Tests/083123_Fish Deg Angle Tests_FSL06/P8310661.ORF,2097.444928693652,1460.5454477655628,Red Laser,2252.518242590498,1450.9063655817267,1945.5378236311815,1461.7889801386302,Fish Model, Snook
14810,87,6,2025-02-10 REEF Data Dump SMILE 6/083123_Fish Degree Angle Tests/083123_Fish Deg Angle Tests_FSL06/P8310664.ORF,2096.672428024069,1458.6575432810714,Red Laser,2256.987739016252,1440.5867228667164,1951.6520544561904,1454.5387928114644,Fish Model, Snook
14811,87,6,2025-02-10 REEF Data Dump SMILE 6/083123_Fish Degree Angle Tests/083123_Fish Deg Angle Tests_FSL06/P8310665.ORF,2096.2691711802167,1459.1258238150815,Red Laser,2252.0880614851885,1451.780587906942,1946.628541984789,1466.0692348690186,Fish Model, Snook
14812,87,6,2025-02-10 REEF Data Dump SMILE 6/083123_Fish Degree Angle Tests/083123_Fish Deg Angle Tests_FSL06/P8310667.ORF,2096.233704291681,1460.6245833491216,Red Laser,2239.5513873560826,1450.5618319805849,1934.3847374895827,1463.2582156303054,Fish Model, Snook
14813,87,6,2025-02-10 REEF Data Dump SMILE 6/083123_Fish Degree Angle Tests/083123_Fish Deg Angle Tests_FSL06/P8310670.ORF,2096.414198621362,1462.5395119257746,Red Laser,2248.6194979250004,1462.4761864594363,1942.478886252742,1473.7451660301945,Fish Model, Snook
14814,87,6,2025-02-10 REEF Data Dump SMILE 6/083123_Fish Degree Angle Tests/083123_Fish Deg Angle Tests_FSL06/P8310668.ORF,2096.9724149167023,1461.252852398208,Red Laser,2242.2239186726697,1450.7213113602495,1935.8149979630125,1466.0149264919926,Fish Model, Snook
14815,87,6,2025-02-10 REEF Data Dump SMILE 6/083123_Fish Degree Angle Tests/083123_Fish Deg Angle Tests_FSL06/P8310669.ORF,2096.3186151671875,1460.1907944932677,Red Laser,2236.954525795015,1455.7621365045977,1931.334433655311,1468.911962427523,Fish Model, Snook
14816,87,6,2025-02-10 REEF Data Dump SMILE 6/083123_Fish Degree Angle Tests/083123_Fish Deg Angle Tests_FSL06/P8310666.ORF,2097.462226501,1462.9334418487156,Red Laser,2253.5229663761957,1450.259224558909,1946.646040124402,1463.0656089110405,Fish Model, Snook
14817,87,6,2025-02-10 REEF Data Dump SMILE 6/083123_Fish Degree Angle Tests/083123_Fish Deg Angle Tests_FSL06/P8310671.ORF,2097.0121101157492,1460.9585249912857,Red Laser,2245.381367753337,1450.485816252499,1939.777374155877,1463.096341010252,Fish Model, Snook
14818,87,6,2025-02-10 REEF Data Dump SMILE 6/083123_Fish Degree Angle Tests/083123_Fish Deg Angle Tests_FSL06/P8310672.ORF,2096.8535675627745,1461.6723970576547,Red Laser,2254.5088632387105,1447.8503646283723,1946.8029366422666,1459.0503887765185,Fish Model, Snook
14820,87,6,2025-02-10 REEF Data Dump SMILE 6/083123_Fish Degree Angle Tests/083123_Fish Deg Angle Tests_FSL06/P8310675.ORF,2096.4814814814813,1461.5679012345677,Red Laser,2261.388695997787,1457.7034546766818,1956.881752961527,1468.181795782205,Fish Model, Snook
14821,87,6,2025-02-10 REEF Data Dump SMILE 6/083123_Fish Degree Angle Tests/083123_Fish Deg Angle Tests_FSL06/P8310674.ORF,2096.949750644476,1459.895117462727,Red Laser,2249.5046779069694,1454.5554189976717,1943.4259837048799,1465.7005636280917,Fish Model, Snook
14822,87,6,2025-02-10 REEF Data Dump SMILE 6/083123_Fish Degree Angle Tests/083123_Fish Deg Angle Tests_FSL06/P8310676.ORF,2097.2646844950414,1461.3569339401763,Red Laser,2248.5900096617233,1459.2588913618983,1943.7909431764604,1471.8694161196513,Fish Model, Snook
14823,87,6,2025-02-10 REEF Data Dump SMILE 6/083123_Fish Degree Angle Tests/083123_Fish Deg Angle Tests_FSL06/P8310678.ORF,2097.606599473415,1460.508168982647,Red Laser,2249.3563809654456,1442.8414506784218,1943.6904698978165,1455.2249447122217,Fish Model, Snook
14824,87,6,2025-02-10 REEF Data Dump SMILE 6/083123_Fish Degree Angle Tests/083123_Fish Deg Angle Tests_FSL06/P8310677.ORF,2096.972252898779,1462.4356300279753,Red Laser,2257.9379426470277,1439.096625338542,1953.0852143542847,1452.0022900374338,Fish Model, Snook
14825,87,6,2025-02-10 REEF Data Dump SMILE 6/083123_Fish Degree Angle Tests/083123_Fish Deg Angle Tests_FSL06/P8310679.ORF,2096.8507209659733,1459.8322937821622,Red Laser,2244.6867588268015,1459.6570003076301,1939.0684765823787,1470.294104157176,Fish Model, Snook
14826,87,6,2025-02-10 REEF Data Dump SMILE 6/083123_Fish Degree Angle Tests/083123_Fish Deg Angle Tests_FSL06/P8310683.ORF,2097.637343832182,1468.068987300636,Red Laser,2250.3796243139423,1408.3005774412043,1944.4804907753426,1414.230207167722,Fish Model, Snook
14846,87,6,2025-02-10 REEF Data Dump SMILE 6/083123_Fish Degree Angle Tests/083123_Fish Deg Angle Tests_FSL06/P8310700.ORF,2098.1668471196986,1463.3816256748794,Red Laser,2256.3293519683198,1475.3479877372615,1952.7273565729906,1460.4877948967019,Fish Model, Snook
14847,87,6,2025-02-10 REEF Data Dump SMILE 6/083123_Fish Degree Angle Tests/083123_Fish Deg Angle Tests_FSL06/P8310703.ORF,2098.0662596091465,1459.9823557007915,Red Laser,2265.752871448343,1465.631338149338,1961.7587320752762,1453.0208133915853,Fish Model, Snook
14848,87,6,2025-02-10 REEF Data Dump SMILE 6/083123_Fish Degree Angle Tests/083123_Fish Deg Angle Tests_FSL06/P8310704.ORF,2099.3311331864484,1459.0218126082536,Red Laser,2258.700592706666,1454.2262549208308,1956.8529256327915,1441.8840392004765,Fish Model, Snook
14849,87,6,2025-02-10 REEF Data Dump SMILE 6/083123_Fish Degree Angle Tests/083123_Fish Deg Angle Tests_FSL06/P8310702.ORF,2104.966613672496,1476.8330683624802,Red Laser,2242.0342149533976,1464.5397363802874,1939.6230989009853,1450.9364681841582,Fish Model, Snook
14850,87,6,2025-02-10 REEF Data Dump SMILE 6/083123_Fish Degree Angle Tests/083123_Fish Deg Angle Tests_FSL06/P8310701.ORF,2097.444928693652,1462.8603039721206,Red Laser,2252.564978933068,1470.7633081393171,1952.8844233151083,1457.1414647021368,Fish Model, Snook
14851,87,6,2025-02-10 REEF Data Dump SMILE 6/083123_Fish Degree Angle Tests/083123_Fish Deg Angle Tests_FSL06/P8310705.ORF,2097.8130389007338,1461.4435969775318,Red Laser,2258.491322306078,1468.1065599361054,1960.9634307343274,1452.4104812482642,Fish Model, Snook
14852,87,6,2025-02-10 REEF Data Dump SMILE 6/083123_Fish Degree Angle Tests/083123_Fish Deg Angle Tests_FSL06/P8310709.ORF,2098.537871623707,1460.489948787525,Red Laser,2231.383045507907,1469.1206900632988,1937.275062205157,1448.8943164747586,Fish Model, Snook
14853,87,6,2025-02-10 REEF Data Dump SMILE 6/083123_Fish Degree Angle Tests/083123_Fish Deg Angle Tests_FSL06/P8310706.ORF,2098.515222933904,1460.4307082643757,Red Laser,2248.456524708227,1469.5223612322247,1953.3702453768076,1451.3846703040524,Fish Model, Snook
14854,87,6,2025-02-10 REEF Data Dump SMILE 6/083123_Fish Degree Angle Tests/083123_Fish Deg Angle Tests_FSL06/P8310707.ORF,2097.6015851984703,1461.2809642917261,Red Laser,2237.5942108155577,1475.601669258798,1942.4542696766582,1457.624963753065,Fish Model, Snook
14855,87,6,2025-02-10 REEF Data Dump SMILE 6/083123_Fish Degree Angle Tests/083123_Fish Deg Angle Tests_FSL06/P8310708.ORF,2097.6714576349773,1461.9115781564353,Red Laser,2239.1011973316076,1468.4623496398735,1943.1674424725927,1452.9036007256123,Fish Model, Snook
14856,87,6,2025-02-10 REEF Data Dump SMILE 6/083123_Fish Degree Angle Tests/083123_Fish Deg Angle Tests_FSL06/P8310711.ORF,2097.2859020600135,1461.5450561145237,Red Laser,2253.4595836808235,1467.3975345416945,1956.6014350932958,1442.9724969996826,Fish Model, Snook
14857,87,6,2025-02-10 REEF Data Dump SMILE 6/083123_Fish Degree Angle Tests/083123_Fish Deg Angle Tests_FSL06/P8310710.ORF,2097.048654550716,1459.7826388201645,Red Laser,2249.987459755613,1477.9284013576782,1954.679498569832,1451.0822230680615,Fish Model, Snook
14858,87,6,2025-02-10 REEF Data Dump SMILE 6/083123_Fish Degree Angle Tests/083123_Fish Deg Angle Tests_FSL06/P8310712.ORF,2098.6500950991376,1460.6347511624272,Red Laser,2250.051737981287,1458.4085461172758,1951.6095317667077,1434.6735158858262,Fish Model, Snook
14859,87,6,2025-02-10 REEF Data Dump SMILE 6/083123_Fish Degree Angle Tests/083123_Fish Deg Angle Tests_FSL06/P8310713.ORF,2098.1635816450766,1461.8974018767758,Red Laser,2256.272612958355,1452.377458597507,1960.5134971177654,1429.8807777694365,Fish Model, Snook
14860,87,6,2025-02-10 REEF Data Dump SMILE 6/083123_Fish Degree Angle Tests/083123_Fish Deg Angle Tests_FSL06/P8310717.ORF,2098.1747162485945,1461.5152647306195,Red Laser,2248.378377903414,1473.2307805976352,1951.360273502722,1452.5709847179123,Fish Model, Snook
14861,87,6,2025-02-10 REEF Data Dump SMILE 6/083123_Fish Degree Angle Tests/083123_Fish Deg Angle Tests_FSL06/P8310715.ORF,2099.0029570623606,1460.4682858920128,Red Laser,2252.160594585593,1460.2200627336401,1957.8255805588904,1437.9504126295228,Fish Model, Snook
14862,87,6,2025-02-10 REEF Data Dump SMILE 6/083123_Fish Degree Angle Tests/083123_Fish Deg Angle Tests_FSL06/P8310716.ORF,2097.229350776045,1459.9823557007915,Red Laser,2255.6475009503943,1465.2277310198763,1960.775868848894,1443.7630080279562,Fish Model, Snook
14863,87,6,2025-02-10 REEF Data Dump SMILE 6/083123_Fish Degree Angle Tests/083123_Fish Deg Angle Tests_FSL06/P8310714.ORF,2097.3309581519075,1461.5381698826804,Red Laser,2250.9003048319173,1464.0824111011302,1952.5406552442303,1442.349379071811,Fish Model, Snook
14864,87,6,2025-02-10 REEF Data Dump SMILE 6/083123_Fish Degree Angle Tests/083123_Fish Deg Angle Tests_FSL06/P8310719.ORF,2097.593335509879,1461.7814802722885,Red Laser,2256.3348297945217,1472.3720348754744,1957.1702530946372,1452.2488570705493,Fish Model, Snook
14865,87,6,2025-02-10 REEF Data Dump SMILE 6/083123_Fish Degree Angle Tests/083123_Fish Deg Angle Tests_FSL06/P8310718.ORF,2098.007211155371,1460.3820247598226,Red Laser,2247.5848179352206,1476.4715601993191,1950.0634356359756,1455.832403476319,Fish Model, Snook
14866,87,6,2025-02-10 REEF Data Dump SMILE 6/083123_Fish Degree Angle Tests/083123_Fish Deg Angle Tests_FSL06/P8310721.ORF,2096.4066011782775,1458.7077274191142,Red Laser,2234.118800339279,1467.531449777262,1938.9788592003792,1443.9202544861503,Fish Model, Snook
14867,87,6,2025-02-10 REEF Data Dump SMILE 6/083123_Fish Degree Angle Tests/083123_Fish Deg Angle Tests_FSL06/P8310720.ORF,2097.4065040650403,1461.3739837398373,Red Laser,2240.002479647869,1475.5114766204765,1942.8233898247374,1452.490561211642,Fish Model, Snook
14868,87,6,2025-02-10 REEF Data Dump SMILE 6/083123_Fish Degree Angle Tests/083123_Fish Deg Angle Tests_FSL06/P8310723.ORF,2098.4186761446495,1460.5695051899559,Red Laser,2261.217667992727,1469.114464226793,1964.8393774504473,1445.585825562573,Fish Model, Snook
14869,87,6,2025-02-10 REEF Data Dump SMILE 6/083123_Fish Degree Angle Tests/083123_Fish Deg Angle Tests_FSL06/P8310722.ORF,2100.171701112877,1467.2432432432433,Red Laser,2260.538692894752,1457.0964125370465,1961.6424252322668,1435.0950714703285,Fish Model, Snook
14870,87,6,2025-02-10 REEF Data Dump SMILE 6/083123_Fish Degree Angle Tests/083123_Fish Deg Angle Tests_FSL06/P8310724.ORF,2096.4989223267867,1462.6003837688809,Red Laser,2255.4131595894605,1471.8998742422896,1955.9389955387312,1449.6095849814496,Fish Model, Snook
14871,87,6,2025-02-10 REEF Data Dump SMILE 6/083123_Fish Degree Angle Tests/083123_Fish Deg Angle Tests_FSL06/P8310726.ORF,2096.7475169487575,1460.6221102095144,Red Laser,2256.73399409775,1477.0681176829173,1961.1177647267818,1455.6351472398019,Fish Model, Snook
14872,87,6,2025-02-10 REEF Data Dump SMILE 6/083123_Fish Degree Angle Tests/083123_Fish Deg Angle Tests_FSL06/P8310725.ORF,2096.9513513060915,1457.070620977855,Red Laser,2250.2563009746386,1463.6524873566104,1951.6235794672314,1443.9659070977486,Fish Model, Snook
14873,87,6,2025-02-10 REEF Data Dump SMILE 6/083123_Fish Degree Angle Tests/083123_Fish Deg Angle Tests_FSL06/P8310728.ORF,2095.7012749245587,1457.5809383655514,Red Laser,2255.353112685279,1431.6167170282451,1957.7364727396198,1412.0095181413953,Fish Model, Snook
14874,87,6,2025-02-10 REEF Data Dump SMILE 6/083123_Fish Degree Angle Tests/083123_Fish Deg Angle Tests_FSL06/P8310727.ORF,2096.917665957399,1462.128888905998,Red Laser,2251.5677053544264,1470.173192638063,1952.934983847019,1448.4226967069014,Fish Model, Snook
14875,87,6,2025-02-10 REEF Data Dump SMILE 6/083123_Fish Degree Angle Tests/083123_Fish Deg Angle Tests_FSL06/P8310729.ORF,2097.244592978168,1460.6720836542315,Red Laser,2229.2624272343373,1464.8797198089558,1941.6351391426097,1441.536833555243,Fish Model, Snook
14876,87,6,2025-02-10 REEF Data Dump SMILE 6/083123_Fish Degree Angle Tests/083123_Fish Deg Angle Tests_FSL06/P8310731.ORF,2097.2863651903003,1460.5189188764134,Red Laser,2223.8681660942607,1453.3961612258518,1935.7579217352145,1431.421651062874,Fish Model, Snook
14877,87,6,2025-02-10 REEF Data Dump SMILE 6/083123_Fish Degree Angle Tests/083123_Fish Deg Angle Tests_FSL06/P8310732.ORF,2097.809480762627,1459.972845373142,Red Laser,2231.49005606401,1446.0745312948463,1946.0505185849206,1421.5139347944764,Fish Model, Snook
14878,87,6,2025-02-10 REEF Data Dump SMILE 6/083123_Fish Degree Angle Tests/083123_Fish Deg Angle Tests_FSL06/P8310730.ORF,2098.3132691884884,1461.4586652059297,Red Laser,2226.224984763657,1469.5592596571798,1936.9878424475357,1446.216373403467,Fish Model, Snook
14879,87,6,2025-02-10 REEF Data Dump SMILE 6/083123_Fish Degree Angle Tests/083123_Fish Deg Angle Tests_FSL06/P8310733.ORF,2097.5344841922197,1461.6356903945602,Red Laser,2226.696561653734,1459.0782570791362,1945.3553710096407,1433.0139505889479,Fish Model, Snook
14880,87,6,2025-02-10 REEF Data Dump SMILE 6/083123_Fish Degree Angle Tests/083123_Fish Deg Angle Tests_FSL06/P8310734.ORF,2097.307062299391,1461.7030590660638,Red Laser,2233.6680714217077,1471.909004549304,1946.1856702101754,1447.8765640694758,Fish Model, Snook
14881,87,6,2025-02-10 REEF Data Dump SMILE 6/083123_Fish Degree Angle Tests/083123_Fish Deg Angle Tests_FSL06/P8310735.ORF,2098.46508392812,1459.1700002877867,Red Laser,2258.209478939663,1465.6631951324512,1971.960251466056,1439.1498168805974,Fish Model, Snook
14882,87,6,2025-02-10 REEF Data Dump SMILE 6/083123_Fish Degree Angle Tests/083123_Fish Deg Angle Tests_FSL06/P8310736.ORF,2098.3831325178426,1460.5850251500044,Red Laser,2241.9040688581413,1476.0466833041223,1955.1541281149225,1449.3012671956194,Fish Model, Snook
14883,87,6,2025-02-10 REEF Data Dump SMILE 6/083123_Fish Degree Angle Tests/083123_Fish Deg Angle Tests_FSL06/P8310737.ORF,2097.5914864858287,1459.8129757769764,Red Laser,2236.01894164053,1472.0625099508543,1949.960229459751,1445.6443893454143,Fish Model, Snook
14964,87,6,2025-02-10 REEF Data Dump SMILE 6/083123_Fish Degree Angle Tests/083123_Fish Deg Angle Tests_FSL06/P8310819.ORF,2097.6958447624393,1461.4829441930715,Red Laser,2237.071927623253,1470.0011935520774,2001.8544802881986,1449.5506443674935,Fish Model, Snook
14748,87,6,2025-02-10 REEF Data Dump SMILE 6/083123_Fish Degree Angle Tests/083123_Fish Deg Angle Tests_FSL06/P8310187.ORF,2073.572736304832,1385.5159350367273,Red Laser,2330.705456998336,1441.5795300553207,1861.4833926865167,1397.3689084179005,Fish Model, Snook
14749,87,6,2025-02-10 REEF Data Dump SMILE 6/083123_Fish Degree Angle Tests/083123_Fish Deg Angle Tests_FSL06/P8310185.ORF,2075.230985286273,1385.8864707538055,Red Laser,2326.611671329702,1433.6865134583993,1859.0986323903303,1389.6525836416847,Fish Model, Snook
14750,87,6,2025-02-10 REEF Data Dump SMILE 6/083123_Fish Degree Angle Tests/083123_Fish Deg Angle Tests_FSL06/P8310186.ORF,2072.755546274008,1386.3081605190423,Red Laser,2333.1188516300444,1437.3373356525515,1864.1146542565934,1390.9198721825246,Fish Model, Snook
14751,87,6,2025-02-10 REEF Data Dump SMILE 6/083123_Fish Degree Angle Tests/083123_Fish Deg Angle Tests_FSL06/P8310188.ORF,2073.8552513177365,1387.0479014171779,Red Laser,2337.5682789992106,1443.7359423055134,1870.9788629623501,1392.4889161623041,Fish Model, Snook
14752,87,6,2025-02-10 REEF Data Dump SMILE 6/083123_Fish Degree Angle Tests/083123_Fish Deg Angle Tests_FSL06/P8310189.ORF,2074.3464586943746,1387.1989397349278,Red Laser,2333.002323489024,1438.657111381883,1866.4102243617901,1386.9646922365916,Fish Model, Snook
14753,87,6,2025-02-10 REEF Data Dump SMILE 6/083123_Fish Degree Angle Tests/083123_Fish Deg Angle Tests_FSL06/P8310190.ORF,2074.380862068119,1386.1990260461266,Red Laser,2307.599988208818,1433.851360617934,1892.874709101184,1383.97271056546,Fish Model, Snook
14754,87,6,2025-02-10 REEF Data Dump SMILE 6/083123_Fish Degree Angle Tests/083123_Fish Deg Angle Tests_FSL06/P8310191.ORF,2074.384915665114,1386.2154304053633,Red Laser,2306.7665843315826,1430.8661646406597,1892.188848363615,1381.8218483708815,Fish Model, Snook
14755,87,6,2025-02-10 REEF Data Dump SMILE 6/083123_Fish Degree Angle Tests/083123_Fish Deg Angle Tests_FSL06/P8310193.ORF,2073.4528908978077,1387.1192119979025,Red Laser,2301.248355105904,1443.7039674131051,1887.25555967037,1394.7322019070396,Fish Model, Snook
14756,87,6,2025-02-10 REEF Data Dump SMILE 6/083123_Fish Degree Angle Tests/083123_Fish Deg Angle Tests_FSL06/P8310192.ORF,2073.5684194468236,1383.6594178098671,Red Laser,2301.9179170353627,1442.31332026901,1887.2939241619097,1393.5301751613595,Fish Model, Snook
14757,87,6,2025-02-10 REEF Data Dump SMILE 6/083123_Fish Degree Angle Tests/083123_Fish Deg Angle Tests_FSL06/P8310194.ORF,2076.861922301933,1384.7616500122947,Red Laser,2300.8941305365,1434.5340678040127,1887.3547773741705,1385.5623022979476,Fish Model, Snook
14758,87,6,2025-02-10 REEF Data Dump SMILE 6/083123_Fish Degree Angle Tests/083123_Fish Deg Angle Tests_FSL06/P8310195.ORF,2073.882445900058,1386.8059176497932,Red Laser,2302.3472316452107,1424.3587501891016,1883.9379084686664,1378.379703686185,Fish Model, Snook
14759,87,6,2025-02-10 REEF Data Dump SMILE 6/083123_Fish Degree Angle Tests/083123_Fish Deg Angle Tests_FSL06/P8310198.ORF,2073.5908013287803,1386.808559827921,Red Laser,2296.5178548660824,1427.1312866932278,1881.1738014563994,1381.1522401903107,Fish Model, Snook
14760,87,6,2025-02-10 REEF Data Dump SMILE 6/083123_Fish Degree Angle Tests/083123_Fish Deg Angle Tests_FSL06/P8310197.ORF,2074.421858579016,1385.8198850209558,Red Laser,2293.2169144073537,1436.439115803071,1875.3524195621515,1392.1412937284958,Fish Model, Snook
14761,87,6,2025-02-10 REEF Data Dump SMILE 6/083123_Fish Degree Angle Tests/083123_Fish Deg Angle Tests_FSL06/P8310196.ORF,2074.5085617803406,1383.6536407710648,Red Laser,2296.7715223329724,1428.5792916339906,1877.860622241915,1383.9326678107966,Fish Model, Snook
14762,87,6,2025-02-10 REEF Data Dump SMILE 6/083123_Fish Degree Angle Tests/083123_Fish Deg Angle Tests_FSL06/P8310199.ORF,2073.3414379530964,1386.2113432710617,Red Laser,2297.391846709993,1429.9919841647634,1879.771513088824,1390.0890641227845,Fish Model, Snook
14763,87,6,2025-02-10 REEF Data Dump SMILE 6/083123_Fish Degree Angle Tests/083123_Fish Deg Angle Tests_FSL06/P8310200.ORF,2073.4843576630096,1386.6012665720154,Red Laser,2290.9601988347495,1429.7518479385087,1874.7001920331934,1388.4886010769167,Fish Model, Snook
14764,87,6,2025-02-10 REEF Data Dump SMILE 6/083123_Fish Degree Angle Tests/083123_Fish Deg Angle Tests_FSL06/P8310203.ORF,2079.083859230166,1393.375357156857,Red Laser,2307.805644514755,1442.1053764251203,1886.2046912560386,1394.3377807357092,Fish Model, Snook
14765,87,6,2025-02-10 REEF Data Dump SMILE 6/083123_Fish Degree Angle Tests/083123_Fish Deg Angle Tests_FSL06/P8310201.ORF,2077.506960600958,1394.0024131805683,Red Laser,2305.149199692084,1439.9292150776143,1884.4942908579324,1396.328996500277,Fish Model, Snook
14766,87,6,2025-02-10 REEF Data Dump SMILE 6/083123_Fish Degree Angle Tests/083123_Fish Deg Angle Tests_FSL06/P8310204.ORF,2074.906051264908,1384.8853542381084,Red Laser,2311.6927459586977,1437.2297033587774,1887.5498196383598,1393.2806830328213,Fish Model, Snook
14767,87,6,2025-02-10 REEF Data Dump SMILE 6/083123_Fish Degree Angle Tests/083123_Fish Deg Angle Tests_FSL06/P8310202.ORF,2073.1705363775723,1385.5535309945565,Red Laser,2306.0461712782258,1441.6471590241686,1886.008049139349,1395.5981583535831,Fish Model, Snook
14768,87,6,2025-02-10 REEF Data Dump SMILE 6/083123_Fish Degree Angle Tests/083123_Fish Deg Angle Tests_FSL06/P8310205.ORF,2072.5729078235922,1385.1625223160895,Red Laser,2309.991162052781,1434.4445064163642,1886.3311919997611,1390.1735152455294,Fish Model, Snook
14769,87,6,2025-02-10 REEF Data Dump SMILE 6/083123_Fish Degree Angle Tests/083123_Fish Deg Angle Tests_FSL06/P8310206.ORF,2073.8578250201435,1385.1998653000633,Red Laser,2302.8522783590265,1427.578995422316,1879.728926380804,1380.6249138774915,Fish Model, Snook
14770,87,6,2025-02-10 REEF Data Dump SMILE 6/083123_Fish Degree Angle Tests/083123_Fish Deg Angle Tests_FSL06/P8310207.ORF,2075.1404115679334,1384.5985533070548,Red Laser,2304.550339877069,1431.2539167317454,1881.4886989774486,1384.5493625917015,Fish Model, Snook
14771,87,6,2025-02-10 REEF Data Dump SMILE 6/083123_Fish Degree Angle Tests/083123_Fish Deg Angle Tests_FSL06/P8310211.ORF,2074.4370925934454,1383.740933196606,Red Laser,2301.9362906504284,1440.9555139686424,1877.7397025226103,1397.2211408726052,Fish Model, Snook
14772,87,6,2025-02-10 REEF Data Dump SMILE 6/083123_Fish Degree Angle Tests/083123_Fish Deg Angle Tests_FSL06/P8310209.ORF,2079.083859230166,1390.3980937063861,Red Laser,2307.3169111736897,1430.854512150883,1882.825183104733,1384.463879584596,Fish Model, Snook
14773,87,6,2025-02-10 REEF Data Dump SMILE 6/083123_Fish Degree Angle Tests/083123_Fish Deg Angle Tests_FSL06/P8310208.ORF,2074.160281089969,1386.5606017573305,Red Laser,2307.005330274314,1433.4885960052975,1882.0038150342984,1387.3394415726696,Fish Model, Snook
14774,87,6,2025-02-10 REEF Data Dump SMILE 6/083123_Fish Degree Angle Tests/083123_Fish Deg Angle Tests_FSL06/P8310210.ORF,2074.1321566821134,1386.820718209421,Red Laser,2305.821318096881,1436.7073547125367,1881.0881118942652,1393.7779087286967,Fish Model, Snook
14775,87,6,2025-02-10 REEF Data Dump SMILE 6/083123_Fish Degree Angle Tests/083123_Fish Deg Angle Tests_FSL06/P8310212.ORF,2071.8995162856318,1386.8367802502341,Red Laser,2299.765178190787,1442.9249672178391,1875.3002810255705,1396.7758127852112,Fish Model, Snook
14777,87,6,2025-02-10 REEF Data Dump SMILE 6/083123_Fish Degree Angle Tests/083123_Fish Deg Angle Tests_FSL06/P8310631.ORF,2098.903168442248,1461.2377189504439,Red Laser,,,,,Slate, Laser on slate
14778,87,6,2025-02-10 REEF Data Dump SMILE 6/083123_Fish Degree Angle Tests/083123_Fish Deg Angle Tests_FSL06/P8310632.ORF,2097.624878226556,1462.1645893040954,Red Laser,,,,,Slate, Laser on slate
14779,87,6,2025-02-10 REEF Data Dump SMILE 6/083123_Fish Degree Angle Tests/083123_Fish Deg Angle Tests_FSL06/P8310634.ORF,2097.6714576349773,1460.7521210031382,Red Laser,,,,,Slate, Laser on slate
14780,87,6,2025-02-10 REEF Data Dump SMILE 6/083123_Fish Degree Angle Tests/083123_Fish Deg Angle Tests_FSL06/P8310633.ORF,2098.2618839719444,1461.1434062057551,Red Laser,,,,,Slate, Laser on slate
14781,87,6,2025-02-10 REEF Data Dump SMILE 6/083123_Fish Degree Angle Tests/083123_Fish Deg Angle Tests_FSL06/P8310635.ORF,2097.6729069564185,1459.2477253467348,Red Laser,,,,,Slate, Laser on slate
14782,87,6,2025-02-10 REEF Data Dump SMILE 6/083123_Fish Degree Angle Tests/083123_Fish Deg Angle Tests_FSL06/P8310636.ORF,2097.372998319989,1462.5850511688625,Red Laser,,,,,Slate, Laser on slate
14783,87,6,2025-02-10 REEF Data Dump SMILE 6/083123_Fish Degree Angle Tests/083123_Fish Deg Angle Tests_FSL06/P8310639.ORF,2097.537307601317,1460.6513154890486,Red Laser,,,,,Slate, Laser on slate
14784,87,6,2025-02-10 REEF Data Dump SMILE 6/083123_Fish Degree Angle Tests/083123_Fish Deg Angle Tests_FSL06/P8310638.ORF,2098.4094074170353,1461.3863346378075,Red Laser,,,,,Slate, Laser on slate
14785,87,6,2025-02-10 REEF Data Dump SMILE 6/083123_Fish Degree Angle Tests/083123_Fish Deg Angle Tests_FSL06/P8310637.ORF,2097.1282787385626,1461.6243821554629,Red Laser,,,,,Slate, Laser on slate
14786,87,6,2025-02-10 REEF Data Dump SMILE 6/083123_Fish Degree Angle Tests/083123_Fish Deg Angle Tests_FSL06/P8310640.ORF,2097.6660606008118,1461.183119687758,Red Laser,,,,,Slate, Laser on slate
14787,87,6,2025-02-10 REEF Data Dump SMILE 6/083123_Fish Degree Angle Tests/083123_Fish Deg Angle Tests_FSL06/P8310643.ORF,2098.1104402139536,1460.2030322356134,Red Laser,,,,,Slate, Laser on slate
14788,87,6,2025-02-10 REEF Data Dump SMILE 6/083123_Fish Degree Angle Tests/083123_Fish Deg Angle Tests_FSL06/P8310642.ORF,2097.8924029944174,1460.4682858920128,Red Laser,,,,,Slate, Laser on slate
14789,87,6,2025-02-10 REEF Data Dump SMILE 6/083123_Fish Degree Angle Tests/083123_Fish Deg Angle Tests_FSL06/P8310641.ORF,2098.3968858355665,1461.1693650558373,Red Laser,,,,,Slate, Laser on slate
14790,87,6,2025-02-10 REEF Data Dump SMILE 6/083123_Fish Degree Angle Tests/083123_Fish Deg Angle Tests_FSL06/P8310646.ORF,2096.984609801766,1461.9798322846525,Red Laser,,,,,Slate, Laser on slate
14791,87,6,2025-02-10 REEF Data Dump SMILE 6/083123_Fish Degree Angle Tests/083123_Fish Deg Angle Tests_FSL06/P8310645.ORF,2098.0662596091465,1461.2377189504439,Red Laser,,,,,Slate, Laser on slate
14792,87,6,2025-02-10 REEF Data Dump SMILE 6/083123_Fish Degree Angle Tests/083123_Fish Deg Angle Tests_FSL06/P8310644.ORF,2097.6701308789407,1462.0224700289195,Red Laser,,,,,Slate, Laser on slate
14793,87,6,2025-02-10 REEF Data Dump SMILE 6/083123_Fish Degree Angle Tests/083123_Fish Deg Angle Tests_FSL06/P8310647.ORF,2095.396929617052,1460.7381666480696,Red Laser,,,,,Slate, Laser on slate
14794,87,6,2025-02-10 REEF Data Dump SMILE 6/083123_Fish Degree Angle Tests/083123_Fish Deg Angle Tests_FSL06/P8310648.ORF,2098.1145138080055,1460.2461750784241,Red Laser,,,,,Slate, Laser on slate
14795,87,6,2025-02-10 REEF Data Dump SMILE 6/083123_Fish Degree Angle Tests/083123_Fish Deg Angle Tests_FSL06/P8310650.ORF,2097.6660817495663,1462.5573436897241,Red Laser,2240.120639513583,1457.0441201440135,1932.9067916917284,1466.4349364529785,Fish Model, Snook
14796,87,6,2025-02-10 REEF Data Dump SMILE 6/083123_Fish Degree Angle Tests/083123_Fish Deg Angle Tests_FSL06/P8310649.ORF,2097.085930447261,1462.3141777020317,Red Laser,2254.0721372893095,1451.3103897975877,1945.033788013142,1469.7968824743791,Fish Model, Snook
14797,87,6,2025-02-10 REEF Data Dump SMILE 6/083123_Fish Degree Angle Tests/083123_Fish Deg Angle Tests_FSL06/P8310651.ORF,2096.77072082489,1460.338929078888,Red Laser,2239.77983965961,1453.2349172072466,1930.9775793070323,1473.1238763485985,Fish Model, Snook
14798,87,6,2025-02-10 REEF Data Dump SMILE 6/083123_Fish Degree Angle Tests/083123_Fish Deg Angle Tests_FSL06/P8310652.ORF,2096.331057100846,1458.6327537498908,Red Laser,2235.620012277903,1468.2193687733097,1926.8582277018234,1487.0010013912397,Fish Model, Snook
14799,87,6,2025-02-10 REEF Data Dump SMILE 6/083123_Fish Degree Angle Tests/083123_Fish Deg Angle Tests_FSL06/P8310654.ORF,2097.1978839456333,1462.1744866849324,Red Laser,2235.905413525619,1469.7000809471222,1927.081711479371,1488.7500226024513,Fish Model, Snook
14800,87,6,2025-02-10 REEF Data Dump SMILE 6/083123_Fish Degree Angle Tests/083123_Fish Deg Angle Tests_FSL06/P8310653.ORF,2097.4768149587085,1462.9121205125377,Red Laser,2237.732551733335,1471.690846530511,1928.908849687087,1487.521079737052,Fish Model, Snook
14801,87,6,2025-02-10 REEF Data Dump SMILE 6/083123_Fish Degree Angle Tests/083123_Fish Deg Angle Tests_FSL06/P8310655.ORF,2097.636730573945,1461.7400452328889,Red Laser,2243.533626880991,1463.242757414184,1935.5974085738314,1481.198823763194,Fish Model, Snook
14802,87,6,2025-02-10 REEF Data Dump SMILE 6/083123_Fish Degree Angle Tests/083123_Fish Deg Angle Tests_FSL06/P8310656.ORF,2097.4612245321878,1462.5328836372416,Red Laser,2260.9709234872175,1446.3772195574168,1950.3176221149456,1467.0088429882128,Fish Model, Snook
14803,87,6,2025-02-10 REEF Data Dump SMILE 6/083123_Fish Degree Angle Tests/083123_Fish Deg Angle Tests_FSL06/P8310657.ORF,2098.3090635531285,1461.518005524177,Red Laser,2238.5572867602186,1470.3192039811609,1930.5385118261672,1482.9297287389138,Fish Model, Snook
14924,87,6,2025-02-10 REEF Data Dump SMILE 6/083123_Fish Degree Angle Tests/083123_Fish Deg Angle Tests_FSL06/P8310780.ORF,2097.39364552492,1459.5101797364835,Red Laser,2252.5785710994605,1450.96455864321,1982.9279885134656,1437.2807977358614,Fish Model, Snook
14925,87,6,2025-02-10 REEF Data Dump SMILE 6/083123_Fish Degree Angle Tests/083123_Fish Deg Angle Tests_FSL06/P8310779.ORF,2097.8612573621076,1462.365476917591,Red Laser,2249.718254100873,1456.1016058880318,1978.9944353652825,1442.6861540180817,Fish Model, Snook
14926,87,6,2025-02-10 REEF Data Dump SMILE 6/083123_Fish Degree Angle Tests/083123_Fish Deg Angle Tests_FSL06/P8310778.ORF,2096.8584479977385,1461.494497796963,Red Laser,2241.1799501289993,1469.3577497365666,1972.3342946552013,1455.4056797918186,Fish Model, Snook
14927,87,6,2025-02-10 REEF Data Dump SMILE 6/083123_Fish Degree Angle Tests/083123_Fish Deg Angle Tests_FSL06/P8310782.ORF,2097.375322094494,1459.5786954349326,Red Laser,2248.9948586998116,1459.5391502264654,1985.3007367440746,1443.8430715386237,Fish Model, Snook
14928,87,6,2025-02-10 REEF Data Dump SMILE 6/083123_Fish Degree Angle Tests/083123_Fish Deg Angle Tests_FSL06/P8310783.ORF,2097.638898383665,1460.1775995693938,Red Laser,2252.5508813653228,1468.7057364282273,1987.287151540802,1456.4627950517108,Fish Model, Snook
14929,87,6,2025-02-10 REEF Data Dump SMILE 6/083123_Fish Degree Angle Tests/083123_Fish Deg Angle Tests_FSL06/P8310781.ORF,2098.7200465453257,1460.9501742378063,Red Laser,2249.945844578173,1447.362040318035,1986.7965963599238,1434.7721547170047,Fish Model, Snook
14930,87,6,2025-02-10 REEF Data Dump SMILE 6/083123_Fish Degree Angle Tests/083123_Fish Deg Angle Tests_FSL06/P8310784.ORF,2096.9756903845127,1461.0855808804265,Red Laser,2244.6877111749154,1483.3068322894844,1980.3001135532863,1467.2082900455448,Fish Model, Snook
14931,87,6,2025-02-10 REEF Data Dump SMILE 6/083123_Fish Degree Angle Tests/083123_Fish Deg Angle Tests_FSL06/P8310785.ORF,2095.5531954254434,1459.5859178792239,Red Laser,2237.432476658173,1475.2489782648036,1983.9836320997335,1458.3248697519434,Fish Model, Snook
14932,87,6,2025-02-10 REEF Data Dump SMILE 6/083123_Fish Degree Angle Tests/083123_Fish Deg Angle Tests_FSL06/P8310788.ORF,2096.7862095210066,1463.3421879748178,Red Laser,2227.696138700651,1494.0625589657548,1977.7058794581606,1479.7739120036783,Fish Model, Snook
14933,87,6,2025-02-10 REEF Data Dump SMILE 6/083123_Fish Degree Angle Tests/083123_Fish Deg Angle Tests_FSL06/P8310786.ORF,2096.711434613277,1458.022493487684,Red Laser,2233.6937107712056,1483.0300978614341,1980.8640409144562,1467.1379471847242,Fish Model, Snook
14934,87,6,2025-02-10 REEF Data Dump SMILE 6/083123_Fish Degree Angle Tests/083123_Fish Deg Angle Tests_FSL06/P8310787.ORF,2096.337627299296,1461.5788399599567,Red Laser,2238.364534338231,1486.183142941503,1987.5987801537817,1470.0846006975635,Fish Model, Snook
14935,87,6,2025-02-10 REEF Data Dump SMILE 6/083123_Fish Degree Angle Tests/083123_Fish Deg Angle Tests_FSL06/P8310791.ORF,2097.4117168911876,1459.47053358993,Red Laser,2229.857325429262,1464.9141079166009,1976.8212640052825,1450.2603066432719,Fish Model, Snook
14936,87,6,2025-02-10 REEF Data Dump SMILE 6/083123_Fish Degree Angle Tests/083123_Fish Deg Angle Tests_FSL06/P8310790.ORF,2096.938263422532,1463.12272009932,Red Laser,2236.8208034148515,1465.0148189284037,1986.756780558984,1449.4528947592614,Fish Model, Snook
14937,87,6,2025-02-10 REEF Data Dump SMILE 6/083123_Fish Degree Angle Tests/083123_Fish Deg Angle Tests_FSL06/P8310789.ORF,2096.3137971651986,1463.5712318559424,Red Laser,2248.330465620123,1459.9303557213136,1996.326362032294,1445.070162880754,Fish Model, Snook
14938,87,6,2025-02-10 REEF Data Dump SMILE 6/083123_Fish Degree Angle Tests/083123_Fish Deg Angle Tests_FSL06/P8310792.ORF,2096.2218445910144,1461.9798322846525,Red Laser,2217.6546492808016,1469.2841153987572,1964.907536050944,1455.3320454540092,Fish Model, Snook
14939,87,6,2025-02-10 REEF Data Dump SMILE 6/083123_Fish Degree Angle Tests/083123_Fish Deg Angle Tests_FSL06/P8310794.ORF,2096.2513202510836,1457.3223275338917,Red Laser,2221.361189801446,1480.359566091719,1967.4335168070327,1462.2218751635467,Fish Model, Snook
14965,87,6,2025-02-10 REEF Data Dump SMILE 6/083123_Fish Degree Angle Tests/083123_Fish Deg Angle Tests_FSL06/P8310820.ORF,2098.464414673628,1462.6443048116898,Red Laser,2242.76381508144,1459.9272871854,2004.253179375974,1440.882711710819,Fish Model, Snook
14966,87,6,2025-02-10 REEF Data Dump SMILE 6/083123_Fish Degree Angle Tests/083123_Fish Deg Angle Tests_FSL06/P8310817.ORF,2096.958320457936,1459.8801544463563,Red Laser,2236.8378807876775,1462.19986863813,1997.4236628008782,1443.8310191546605,Fish Model, Snook
14967,87,6,2025-02-10 REEF Data Dump SMILE 6/083123_Fish Degree Angle Tests/083123_Fish Deg Angle Tests_FSL06/P8310821.ORF,2096.9468940448733,1460.2438897111356,Red Laser,2233.3899774488555,1456.4939187122334,1996.2047883881398,1434.4925776455152,Fish Model, Snook
14968,87,6,2025-02-10 REEF Data Dump SMILE 6/083123_Fish Degree Angle Tests/083123_Fish Deg Angle Tests_FSL06/P8310823.ORF,2096.952557049593,1459.9224138628024,Red Laser,2208.9087357713966,1481.776248949377,1987.6289064476937,1454.5697125571187,Fish Model, Snook
14969,87,6,2025-02-10 REEF Data Dump SMILE 6/083123_Fish Degree Angle Tests/083123_Fish Deg Angle Tests_FSL06/P8310822.ORF,2096.598039215686,1461.6078431372548,Red Laser,1994.063007031948,1439.0775835814427,2216.8193494150955,1463.5026211234547,Fish Model, Snook
14970,87,6,2025-02-10 REEF Data Dump SMILE 6/083123_Fish Degree Angle Tests/083123_Fish Deg Angle Tests_FSL06/P8310824.ORF,2096.971847314558,1461.3590033697312,Red Laser,2208.025165479774,1486.2968167427302,1991.6193328575496,1457.9637731939965,Fish Model, Snook
14971,87,6,2025-02-10 REEF Data Dump SMILE 6/083123_Fish Degree Angle Tests/083123_Fish Deg Angle Tests_FSL06/P8310825.ORF,2096.544246370095,1461.9653302921297,Red Laser,2202.90115531253,1484.1622587499546,1983.8085685606843,1458.6014569622391,Fish Model, Snook
14972,87,6,2025-02-10 REEF Data Dump SMILE 6/083123_Fish Degree Angle Tests/083123_Fish Deg Angle Tests_FSL06/P8310826.ORF,2097.001247920728,1462.1658471101532,Red Laser,2232.5771393559826,1478.374894577316,2011.7381624198836,1453.6079065097158,Fish Model, Snook
14973,87,6,2025-02-10 REEF Data Dump SMILE 6/083123_Fish Degree Angle Tests/083123_Fish Deg Angle Tests_FSL06/P8310828.ORF,2096.232066100838,1461.9755078713924,Red Laser,2221.691847865526,1479.8230205493633,2003.585829571226,1453.9492097633351,Fish Model, Snook
14974,87,6,2025-02-10 REEF Data Dump SMILE 6/083123_Fish Degree Angle Tests/083123_Fish Deg Angle Tests_FSL06/P8310827.ORF,2096.8018647700037,1460.4622567148137,Red Laser,2224.4633863662566,1473.4515996466423,2005.1265492389905,1449.02656210463,Fish Model, Snook
14975,87,6,2025-02-10 REEF Data Dump SMILE 6/083123_Fish Degree Angle Tests/083123_Fish Deg Angle Tests_FSL06/P8310829.ORF,2096.958668552258,1461.8527047495274,Red Laser,2224.261913391999,1474.082286554415,2005.4135770155729,1451.6112520157642,Fish Model, Snook
14976,87,6,2025-02-10 REEF Data Dump SMILE 6/083123_Fish Degree Angle Tests/083123_Fish Deg Angle Tests_FSL06/P8310830.ORF,2097.596921419009,1457.6296915885569,Red Laser,2208.4859566486416,1477.940815825,1988.4407934326578,1454.4439297095848,Fish Model, Snook
14977,87,6,2025-02-10 REEF Data Dump SMILE 6/083123_Fish Degree Angle Tests/083123_Fish Deg Angle Tests_FSL06/P8310831.ORF,2096.649455313099,1461.9219579264643,Red Laser,2215.752784791872,1484.8878199772296,1997.672092452481,1460.8653929441518,Fish Model, Snook
14978,87,6,2025-02-10 REEF Data Dump SMILE 6/083123_Fish Degree Angle Tests/083123_Fish Deg Angle Tests_FSL06/P8310832.ORF,2096.097621785828,1461.6847043499406,Red Laser,2227.9639900075836,1480.4947280534775,2007.9505793404046,1457.1724809564878,Fish Model, Snook
14979,87,6,2025-02-10 REEF Data Dump SMILE 6/083123_Fish Degree Angle Tests/083123_Fish Deg Angle Tests_FSL06/P8310833.ORF,2095.3983150013005,1462.5140846062477,Red Laser,2233.3124718704125,1473.8479302971796,2011.9972067022436,1453.5262990622255,Fish Model, Snook
14980,87,6,2025-02-10 REEF Data Dump SMILE 6/083123_Fish Degree Angle Tests/083123_Fish Deg Angle Tests_FSL06/P8310834.ORF,2097.050945652946,1461.129482157327,Red Laser,2226.868617307387,1465.4033557735768,2006.6769038661507,1443.0544464226364,Fish Model, Snook
14981,87,6,2025-02-10 REEF Data Dump SMILE 6/083123_Fish Degree Angle Tests/083123_Fish Deg Angle Tests_FSL06/P8310836.ORF,2097.059119325892,1461.317066501082,Red Laser,2223.301035223671,1468.2236462718813,2006.040326287476,1444.40923466842,Fish Model, Snook
14982,87,6,2025-02-10 REEF Data Dump SMILE 6/083123_Fish Degree Angle Tests/083123_Fish Deg Angle Tests_FSL06/P8310837.ORF,2097.416046972416,1460.5246525272064,Red Laser,2216.663748677974,1472.7212323798212,1999.5627419103234,1449.7992740711636,Fish Model, Snook
14983,87,6,2025-02-10 REEF Data Dump SMILE 6/083123_Fish Degree Angle Tests/083123_Fish Deg Angle Tests_FSL06/P8310835.ORF,2097.199207796514,1462.058566289676,Red Laser,2224.880456907907,1468.689804990633,2005.7878701560614,1444.6485894671384,Fish Model, Snook
14984,87,6,2025-02-10 REEF Data Dump SMILE 6/083123_Fish Degree Angle Tests/083123_Fish Deg Angle Tests_FSL06/P8310838.ORF,2097.425638225264,1460.8926761965465,Red Laser,2214.946512177677,1475.467484523135,1993.1086000561845,1451.7489656170635,Fish Model, Snook
14985,87,6,2025-02-10 REEF Data Dump SMILE 6/083123_Fish Degree Angle Tests/083123_Fish Deg Angle Tests_FSL06/P8310839.ORF,2095.9074152328503,1461.114084691008,Red Laser,2224.7499892886926,1472.7179738981351,1999.638706910932,1453.9363412802052,Fish Model, Snook
15906,114,1,2023-09-07 REEF Data Dump/083123_Fish Degree Angle Tests/083123_Fish Degree Angle Test_FSL-01/P8310075.ORF,1962.4861959249884,1408.7115244419024,Red Laser,2287.260742323185,1427.5474442770171,1667.0117187500002,1352.872314453125,Fish Model, Snook
15907,114,1,2023-09-07 REEF Data Dump/083123_Fish Degree Angle Tests/083123_Fish Degree Angle Test_FSL-01/P8310077.ORF,1960.6603618532827,1405.0495287657293,Red Laser,2295.7360720036045,1430.4151841903797,1674.181884765625,1356.2330932617188,Fish Model, Snook
15908,114,1,2023-09-07 REEF Data Dump/083123_Fish Degree Angle Tests/083123_Fish Degree Angle Test_FSL-01/P8310080.ORF,1964.5822922457094,1409.1573864871516,Red Laser,2279.292760430923,1452.0140497363757,1671.9371337890625,1373.1749267578125,Fish Model, Snook
15909,114,1,2023-09-07 REEF Data Dump/083123_Fish Degree Angle Tests/083123_Fish Degree Angle Test_FSL-01/P8310079.ORF,1960.7534486345107,1407.007567635883,Red Laser,2278.670248096874,1448.4146725123499,1670.9856567382812,1364.9854736328125,Fish Model, Snook
15910,114,1,2023-09-07 REEF Data Dump/083123_Fish Degree Angle Tests/083123_Fish Degree Angle Test_FSL-01/P8310083.ORF,1960.2341042766154,1408.1074635548655,Red Laser,2282.624709065815,1449.345508942735,1677.114501953125,1367.063232421875,Fish Model, Snook
15911,114,1,2023-09-07 REEF Data Dump/083123_Fish Degree Angle Tests/083123_Fish Degree Angle Test_FSL-01/P8310081.ORF,1960.6778940537956,1409.2053746655756,Red Laser,2274.4021534109593,1454.4258511011276,1669.0321655273435,1377.7620239257812,Fish Model, Snook
15912,114,1,2023-09-07 REEF Data Dump/083123_Fish Degree Angle Tests/083123_Fish Degree Angle Test_FSL-01/P8310082.ORF,1962.1682257012978,1404.7315978223971,Red Laser,2283.86953215433,1449.0196763778802,1677.1282348632812,1369.8375854492188,Fish Model, Snook
15913,114,1,2023-09-07 REEF Data Dump/083123_Fish Degree Angle Tests/083123_Fish Degree Angle Test_FSL-01/P8310084.ORF,1962.4830818266357,1404.3382389750393,Red Laser,2288.151611870865,1441.0934036139881,1680.97900390625,1360.2019653320312,Fish Model, Snook
15914,114,1,2023-09-07 REEF Data Dump/083123_Fish Degree Angle Tests/083123_Fish Degree Angle Test_FSL-01/P8310087.ORF,1960.269674851219,1409.4365199214053,Red Laser,2285.375466806083,1438.4286840367079,1678.1080322265625,1351.0288696289062,Fish Model, Snook
15915,114,1,2023-09-07 REEF Data Dump/083123_Fish Degree Angle Tests/083123_Fish Degree Angle Test_FSL-01/P8310086.ORF,1959.4891956622525,1406.019484845647,Red Laser,2285.5012118871537,1436.3456730594087,1679.1320190429688,1348.2223510742188,Fish Model, Snook
15916,114,1,2023-09-07 REEF Data Dump/083123_Fish Degree Angle Tests/083123_Fish Degree Angle Test_FSL-01/P8310085.ORF,1960.57845036727,1404.8831229113905,Red Laser,2285.2250167283255,1433.0578375921316,1679.07861328125,1345.8815307617188,Fish Model, Snook
15917,114,1,2023-09-07 REEF Data Dump/083123_Fish Degree Angle Tests/083123_Fish Degree Angle Test_FSL-01/P8310088.ORF,1961.4504680468676,1408.0520052613017,Red Laser,2286.5222576000497,1428.266357150505,1679.2255859375,1349.822998046875,Fish Model, Snook
15919,114,1,2023-09-07 REEF Data Dump/083123_Fish Degree Angle Tests/083123_Fish Degree Angle Test_FSL-01/P8310092.ORF,1960.7623725766243,1405.6574325357276,Red Laser,2290.2049409091182,1441.738917823929,1683.8815917968748,1354.7803344726562,Fish Model, Snook
15920,114,1,2023-09-07 REEF Data Dump/083123_Fish Degree Angle Tests/083123_Fish Degree Angle Test_FSL-01/P8310091.ORF,1959.5929400523319,1408.1083502983154,Red Laser,2283.3411870661785,1437.9012042461693,1673.9329223632812,1349.93896484375,Fish Model, Snook
15921,114,1,2023-09-07 REEF Data Dump/083123_Fish Degree Angle Tests/083123_Fish Degree Angle Test_FSL-01/P8310089.ORF,1960.365207180172,1405.4630492143874,Red Laser,2276.678451320973,1439.5071192029968,1668.176513671875,1353.9464111328125,Fish Model, Snook
15922,114,1,2023-09-07 REEF Data Dump/083123_Fish Degree Angle Tests/083123_Fish Degree Angle Test_FSL-01/P8310093.ORF,1959.991305100757,1406.7104589620458,Red Laser,2284.5272466229226,1445.0862177325464,1679.15625,1356.8966674804688,Fish Model, Snook
15923,114,1,2023-09-07 REEF Data Dump/083123_Fish Degree Angle Tests/083123_Fish Degree Angle Test_FSL-01/P8310094.ORF,1960.6268284768219,1408.5092310719244,Red Laser,2284.2469330966182,1439.5414286294983,1677.9490356445312,1357.03564453125,Fish Model, Snook
15924,114,1,2023-09-07 REEF Data Dump/083123_Fish Degree Angle Tests/083123_Fish Degree Angle Test_FSL-01/P8310095.ORF,1959.8001247398,1405.284597357367,Red Laser,2279.7783865338074,1449.4533975061036,1671.066162109375,1363.0779418945312,Fish Model, Snook
15925,114,1,2023-09-07 REEF Data Dump/083123_Fish Degree Angle Tests/083123_Fish Degree Angle Test_FSL-01/P8310098.ORF,1961.7729851381384,1403.991995369942,Red Laser,2265.720729701718,1457.4337927493305,1660.983642578125,1372.9635620117188,Fish Model, Snook
15926,114,1,2023-09-07 REEF Data Dump/083123_Fish Degree Angle Tests/083123_Fish Degree Angle Test_FSL-01/P8310096.ORF,1960.8828437241468,1407.9458496917046,Red Laser,2277.1202400331567,1451.3021642935635,1670.2378540039062,1363.175537109375,Fish Model, Snook
15927,114,1,2023-09-07 REEF Data Dump/083123_Fish Degree Angle Tests/083123_Fish Degree Angle Test_FSL-01/P8310097.ORF,1959.5896001949036,1405.2505730668536,Red Laser,2279.9498805730595,1445.1634627287779,1673.2085571289062,1360.8527221679688,Fish Model, Snook
15928,114,1,2023-09-07 REEF Data Dump/083123_Fish Degree Angle Tests/083123_Fish Degree Angle Test_FSL-01/P8310100.ORF,1959.9136261712001,1406.9592686586518,Red Laser,2266.205038068093,1453.4595740875257,1664.9978637695312,1360.0209350585938,Fish Model, Snook
15929,114,1,2023-09-07 REEF Data Dump/083123_Fish Degree Angle Tests/083123_Fish Degree Angle Test_FSL-01/P8310099.ORF,1960.4174681706393,1406.8500207860457,Red Laser,2264.890328414642,1453.823706732757,1665.9802246093752,1359.1473999023438,Fish Model, Snook
15930,114,1,2023-09-07 REEF Data Dump/083123_Fish Degree Angle Tests/083123_Fish Degree Angle Test_FSL-01/P8310102.ORF,1959.5500936014796,1405.017261076201,Red Laser,2266.181519165271,1458.6068314162058,1665.2157592773438,1370.2012329101562,Fish Model, Snook
15931,114,1,2023-09-07 REEF Data Dump/083123_Fish Degree Angle Tests/083123_Fish Degree Angle Test_FSL-01/P8310103.ORF,1960.8581083029806,1404.1504959377232,Red Laser,2275.106144881893,1466.4815222415182,1676.8908691406248,1373.0112915039062,Fish Model, Snook
15932,114,1,2023-09-07 REEF Data Dump/083123_Fish Degree Angle Tests/083123_Fish Degree Angle Test_FSL-01/P8310101.ORF,1960.7267628868397,1408.4102881650538,Red Laser,2267.0055834466516,1454.5890078223883,1667.1277465820312,1358.0009155273438,Fish Model, Snook
15933,114,1,2023-09-07 REEF Data Dump/083123_Fish Degree Angle Tests/083123_Fish Degree Angle Test_FSL-01/P8310105.ORF,1959.4061921042842,1405.9677705098445,Red Laser,2283.9338546664403,1457.8177365518197,1693.9818725585938,1374.2229614257812,Fish Model, Snook
15934,114,1,2023-09-07 REEF Data Dump/083123_Fish Degree Angle Tests/083123_Fish Degree Angle Test_FSL-01/P8310104.ORF,1959.4171435079904,1408.1359821838244,Red Laser,2278.476539199123,1457.614196603297,1685.0634765625,1373.1276245117188,Fish Model, Snook
15935,114,1,2023-09-07 REEF Data Dump/083123_Fish Degree Angle Tests/083123_Fish Degree Angle Test_FSL-01/P8310106.ORF,1959.5255222584542,1406.2897217033728,Red Laser,2279.522420948435,1455.0862016012356,1688.0543212890625,1366.1664428710938,Fish Model, Snook
15936,114,1,2023-09-07 REEF Data Dump/083123_Fish Degree Angle Tests/083123_Fish Degree Angle Test_FSL-01/P8310107.ORF,1960.0950576290618,1407.8651076448211,Red Laser,2273.1039639850287,1458.5360714381304,1680.1326293945312,1372.1068725585938,Fish Model, Snook
15937,114,1,2023-09-07 REEF Data Dump/083123_Fish Degree Angle Tests/083123_Fish Degree Angle Test_FSL-01/P8310108.ORF,1960.6222746255776,1408.1544536462036,Red Laser,2278.395399079809,1459.8912710683258,1684.812927246094,1373.1032104492188,Fish Model, Snook
15938,114,1,2023-09-07 REEF Data Dump/083123_Fish Degree Angle Tests/083123_Fish Degree Angle Test_FSL-01/P8310111.ORF,1959.646532528708,1403.6072138645375,Red Laser,2278.9498136486773,1452.5694128665182,1685.2455444335938,1364.0991821289062,Fish Model, Snook
14827,87,6,2025-02-10 REEF Data Dump SMILE 6/083123_Fish Degree Angle Tests/083123_Fish Deg Angle Tests_FSL06/P8310680.ORF,2096.5481576705088,1462.1962506748143,Red Laser,2251.1400743653708,1449.4521251685283,1944.7279784008333,1460.5655172501442,Fish Model, Snook
14828,87,6,2025-02-10 REEF Data Dump SMILE 6/083123_Fish Degree Angle Tests/083123_Fish Deg Angle Tests_FSL06/P8310682.ORF,2097.461880982212,1461.9653302921297,Red Laser,2273.0660501808757,1424.0478972662186,1966.9873559787861,1432.9227346571083,Fish Model, Snook
14829,87,6,2025-02-10 REEF Data Dump SMILE 6/083123_Fish Degree Angle Tests/083123_Fish Deg Angle Tests_FSL06/P8310681.ORF,2096.3901589724255,1461.5654008983627,Red Laser,2262.759157877255,1442.4281091107114,1955.0086919806022,1452.892161569273,Fish Model, Snook
14830,87,6,2025-02-10 REEF Data Dump SMILE 6/083123_Fish Degree Angle Tests/083123_Fish Deg Angle Tests_FSL06/P8310687.ORF,2098.9855784213946,1461.659115711766,Red Laser,2237.2983152625056,1455.1339641928746,1936.9800097018058,1447.1115239746443,Fish Model, Snook
14831,87,6,2025-02-10 REEF Data Dump SMILE 6/083123_Fish Degree Angle Tests/083123_Fish Deg Angle Tests_FSL06/P8310684.ORF,2098.264038861183,1461.9516298374308,Red Laser,2254.1743311842747,1465.1303380107138,1953.3999002599965,1456.2761397765469,Fish Model, Snook
14832,87,6,2025-02-10 REEF Data Dump SMILE 6/083123_Fish Degree Angle Tests/083123_Fish Deg Angle Tests_FSL06/P8310685.ORF,2098.759473773618,1462.307347051691,Red Laser,2254.4478066463435,1462.4125602097079,1953.4050666846663,1451.9485077511467,Fish Model, Snook
14833,87,6,2025-02-10 REEF Data Dump SMILE 6/083123_Fish Degree Angle Tests/083123_Fish Deg Angle Tests_FSL06/P8310686.ORF,2097.6558404066095,1461.3155288858454,Red Laser,2267.389375093197,1444.1377031714035,1966.5339751694669,1433.5005993218576,Fish Model, Snook
14834,87,6,2025-02-10 REEF Data Dump SMILE 6/083123_Fish Degree Angle Tests/083123_Fish Deg Angle Tests_FSL06/P8310688.ORF,2098.435774554304,1459.204993422116,Red Laser,2242.594016297403,1462.8600041607053,1939.4852967477532,1456.2327709369501,Fish Model, Snook
14835,87,6,2025-02-10 REEF Data Dump SMILE 6/083123_Fish Degree Angle Tests/083123_Fish Deg Angle Tests_FSL06/P8310692.ORF,2099.5006705885326,1459.4257040530201,Red Laser,2252.2018677028327,1439.9857770218555,1953.2702904199832,1437.0098529075415,Fish Model, Snook
14836,87,6,2025-02-10 REEF Data Dump SMILE 6/083123_Fish Degree Angle Tests/083123_Fish Deg Angle Tests_FSL06/P8310691.ORF,2099.8135732570736,1464.6262937657734,Red Laser,2255.4812688829156,1422.0450362123104,1952.680990251458,1417.581150040839,Fish Model, Snook
14837,87,6,2025-02-10 REEF Data Dump SMILE 6/083123_Fish Degree Angle Tests/083123_Fish Deg Angle Tests_FSL06/P8310693.ORF,2098.720028654097,1460.3834078311033,Red Laser,2256.0451493368196,1458.797593725908,1951.756908648205,1454.9288923772995,Fish Model, Snook
14838,87,6,2025-02-10 REEF Data Dump SMILE 6/083123_Fish Degree Angle Tests/083123_Fish Deg Angle Tests_FSL06/P8310689.ORF,2098.99091880669,1461.9589137074126,Red Laser,2256.171188597418,1452.162408073223,1956.3990615484813,1442.6821554184585,Fish Model, Snook
14839,87,6,2025-02-10 REEF Data Dump SMILE 6/083123_Fish Degree Angle Tests/083123_Fish Deg Angle Tests_FSL06/P8310690.ORF,2098.435139296887,1462.3137458166789,Red Laser,2251.108579879578,1446.8977792261803,1951.8794101852975,1437.8212106775225,Fish Model, Snook
14840,87,6,2025-02-10 REEF Data Dump SMILE 6/083123_Fish Degree Angle Tests/083123_Fish Deg Angle Tests_FSL06/P8310694.ORF,2098.31643272945,1460.5490534605904,Red Laser,2236.273191389629,1466.4848450444622,1938.6565514439694,1462.563405267092,Fish Model, Snook
14841,87,6,2025-02-10 REEF Data Dump SMILE 6/083123_Fish Degree Angle Tests/083123_Fish Deg Angle Tests_FSL06/P8310698.ORF,2097.91590607795,1462.3378666469252,Red Laser,2243.650366653016,1485.6809187584743,1941.6995037955269,1478.0444307709643,Fish Model, Snook
14842,87,6,2025-02-10 REEF Data Dump SMILE 6/083123_Fish Degree Angle Tests/083123_Fish Deg Angle Tests_FSL06/P8310696.ORF,2098.1995712577027,1461.9808872705876,Red Laser,2249.523126621733,1476.2363063265252,1946.0656053234648,1467.5162626110575,Fish Model, Snook
14843,87,6,2025-02-10 REEF Data Dump SMILE 6/083123_Fish Degree Angle Tests/083123_Fish Deg Angle Tests_FSL06/P8310697.ORF,2097.105307151057,1460.6469695744302,Red Laser,2259.7071526652617,1477.7357509098056,1955.4473873451698,1468.2134631725153,Fish Model, Snook
14884,87,6,2025-02-10 REEF Data Dump SMILE 6/083123_Fish Degree Angle Tests/083123_Fish Deg Angle Tests_FSL06/P8310738.ORF,2097.4117778027157,1457.5421641142764,Red Laser,2234.1705514107803,1488.7599671173882,1947.5495936542738,1464.10257231439,Fish Model, Snook
14885,87,6,2025-02-10 REEF Data Dump SMILE 6/083123_Fish Degree Angle Tests/083123_Fish Deg Angle Tests_FSL06/P8310739.ORF,2096.922946944751,1461.667654710049,Red Laser,2239.2870511615024,1486.1104808491468,1953.8475136824134,1463.2010168866173,Fish Model, Snook
14886,87,6,2025-02-10 REEF Data Dump SMILE 6/083123_Fish Degree Angle Tests/083123_Fish Deg Angle Tests_FSL06/P8310740.ORF,2096.4530135624213,1461.140519709973,Red Laser,2238.0841285940714,1465.7458303060514,1949.9615007409916,1441.8044085073714,Fish Model, Snook
14887,87,6,2025-02-10 REEF Data Dump SMILE 6/083123_Fish Degree Angle Tests/083123_Fish Deg Angle Tests_FSL06/P8310741.ORF,2097.018747848128,1459.9443117035992,Red Laser,2246.267673844847,1465.860439582961,1958.1450459917673,1443.157367187661,Fish Model, Snook
14889,87,6,2025-02-10 REEF Data Dump SMILE 6/083123_Fish Degree Angle Tests/083123_Fish Deg Angle Tests_FSL06/P8310743.ORF,2098.7350587931396,1458.75898726962,Red Laser,2239.9926268944,1471.2585632748978,1946.7042914860895,1452.0943030496271,Fish Model, Snook
14890,87,6,2025-02-10 REEF Data Dump SMILE 6/083123_Fish Degree Angle Tests/083123_Fish Deg Angle Tests_FSL06/P8310744.ORF,2098.8392691811378,1458.5908048372055,Red Laser,2228.804659156933,1483.9426199782279,1940.269248169394,1460.8267644484686,Fish Model, Snook
14891,87,6,2025-02-10 REEF Data Dump SMILE 6/083123_Fish Degree Angle Tests/083123_Fish Deg Angle Tests_FSL06/P8310745.ORF,2096.5256928640893,1462.4728691430482,Red Laser,2245.9643637160225,1478.253955211725,1956.9955304373,1455.4476870328099,Fish Model, Snook
14892,87,6,2025-02-10 REEF Data Dump SMILE 6/083123_Fish Degree Angle Tests/083123_Fish Deg Angle Tests_FSL06/P8310746.ORF,2097.206719282281,1461.3331260529835,Red Laser,2256.8872278564986,1461.5802935308154,1966.9070758983498,1439.9091789716654,Fish Model, Snook
14893,87,6,2025-02-10 REEF Data Dump SMILE 6/083123_Fish Degree Angle Tests/083123_Fish Deg Angle Tests_FSL06/P8310747.ORF,2098.0321623274845,1461.9339014352722,Red Laser,2246.8464438240876,1452.1894867605922,1957.1010808943984,1432.461571822813,Fish Model, Snook
14894,87,6,2025-02-10 REEF Data Dump SMILE 6/083123_Fish Degree Angle Tests/083123_Fish Deg Angle Tests_FSL06/P8310749.ORF,2099.1461872841883,1460.164520222589,Red Laser,2250.478992700097,1453.385538747639,1968.9959815648067,1433.503839076373,Fish Model, Snook
14895,87,6,2025-02-10 REEF Data Dump SMILE 6/083123_Fish Degree Angle Tests/083123_Fish Deg Angle Tests_FSL06/P8310748.ORF,2099.597505063863,1463.180174495214,Red Laser,2264.4437815329547,1452.5265745537167,1985.1801147963633,1433.4750452709475,Fish Model, Snook
14896,87,6,2025-02-10 REEF Data Dump SMILE 6/083123_Fish Degree Angle Tests/083123_Fish Deg Angle Tests_FSL06/P8310750.ORF,2098.377324752074,1461.4799137016798,Red Laser,2250.5202637093457,1455.0006453420729,1971.6951275654276,1438.490375009674,Fish Model, Snook
14897,87,6,2025-02-10 REEF Data Dump SMILE 6/083123_Fish Degree Angle Tests/083123_Fish Deg Angle Tests_FSL06/P8310754.ORF,2099.1875110967703,1460.658754013007,Red Laser,2254.3583772855227,1467.130927123127,1971.292342829578,1447.8126764303993,Fish Model, Snook
14898,87,6,2025-02-10 REEF Data Dump SMILE 6/083123_Fish Degree Angle Tests/083123_Fish Deg Angle Tests_FSL06/P8310752.ORF,2099.530850067075,1462.0746277835456,Red Laser,2251.780563865154,1481.274706566236,1969.948750981245,1461.7418086435891,Fish Model, Snook
14899,87,6,2025-02-10 REEF Data Dump SMILE 6/083123_Fish Degree Angle Tests/083123_Fish Deg Angle Tests_FSL06/P8310751.ORF,2099.695229423257,1460.9784132098675,Red Laser,2265.801752716363,1467.9421610230063,1985.6615262141052,1448.5018250201806,Fish Model, Snook
14900,87,6,2025-02-10 REEF Data Dump SMILE 6/083123_Fish Degree Angle Tests/083123_Fish Deg Angle Tests_FSL06/P8310753.ORF,2099.8002668839,1463.6863321398112,Red Laser,2255.808291392656,1467.5251731193098,1976.2302744228987,1448.2069224265817,Fish Model, Snook
14901,87,6,2025-02-10 REEF Data Dump SMILE 6/083123_Fish Degree Angle Tests/083123_Fish Deg Angle Tests_FSL06/P8310755.ORF,2099.5142165040174,1459.9619560479844,Red Laser,2241.251804606957,1457.3531111655261,1967.0807581978745,1442.2095878894788,Fish Model, Snook
14902,87,6,2025-02-10 REEF Data Dump SMILE 6/083123_Fish Degree Angle Tests/083123_Fish Deg Angle Tests_FSL06/P8310757.ORF,2098.111938830412,1462.1277468857745,Red Laser,2229.52002239181,1473.1320129223925,1951.526457607403,1458.0495522402002,Fish Model, Snook
14903,87,6,2025-02-10 REEF Data Dump SMILE 6/083123_Fish Degree Angle Tests/083123_Fish Deg Angle Tests_FSL06/P8310756.ORF,2099.120779076598,1461.6217138681109,Red Laser,2233.13037958981,1469.1092981389074,1954.1964508600358,1454.6985259891208,Fish Model, Snook
14904,87,6,2025-02-10 REEF Data Dump SMILE 6/083123_Fish Degree Angle Tests/083123_Fish Deg Angle Tests_FSL06/P8310758.ORF,2098.5703069745377,1461.8749109029188,Red Laser,2238.8096882331056,1467.7578176818718,1961.8297625066918,1452.6142944058247,Fish Model, Snook
14905,87,6,2025-02-10 REEF Data Dump SMILE 6/083123_Fish Degree Angle Tests/083123_Fish Deg Angle Tests_FSL06/P8310759.ORF,2096.9468940448733,1461.8549392148561,Red Laser,2248.698196546563,1456.8491279093466,1971.7207133239035,1442.195326636017,Fish Model, Snook
14906,87,6,2025-02-10 REEF Data Dump SMILE 6/083123_Fish Degree Angle Tests/083123_Fish Deg Angle Tests_FSL06/P8310764.ORF,2099.167887228678,1459.972687788776,Red Laser,2234.690973594731,1467.8531993843437,1954.3666965741036,1452.352694790375,Fish Model, Snook
14907,87,6,2025-02-10 REEF Data Dump SMILE 6/083123_Fish Degree Angle Tests/083123_Fish Deg Angle Tests_FSL06/P8310762.ORF,2098.1091511868435,1462.0505666545937,Red Laser,2238.5546907253793,1465.6243777084167,1959.010136057055,1450.6029796200796,Fish Model, Snook
14908,87,6,2025-02-10 REEF Data Dump SMILE 6/083123_Fish Degree Angle Tests/083123_Fish Deg Angle Tests_FSL06/P8310763.ORF,2098.4445411450756,1461.8751087882074,Red Laser,2243.4358502896384,1456.9101635369236,1966.944425314065,1442.4993913871367,Fish Model, Snook
14909,87,6,2025-02-10 REEF Data Dump SMILE 6/083123_Fish Degree Angle Tests/083123_Fish Deg Angle Tests_FSL06/P8310760.ORF,2098.2298578523587,1460.7568712990947,Red Laser,2256.438176406469,1454.351283255534,1975.6723698610442,1438.5971340409367,Fish Model, Snook
14910,87,6,2025-02-10 REEF Data Dump SMILE 6/083123_Fish Degree Angle Tests/083123_Fish Deg Angle Tests_FSL06/P8310761.ORF,2098.9494956334975,1461.358200878725,Red Laser,2270.208029578055,1437.0265210408334,1989.1979726572097,1423.531687798872,Fish Model, Snook
14911,87,6,2025-02-10 REEF Data Dump SMILE 6/083123_Fish Degree Angle Tests/083123_Fish Deg Angle Tests_FSL06/P8310765.ORF,2097.6714576349773,1460.4622567148137,Red Laser,2247.870654468467,1467.5672272372865,1982.419346461883,1452.167241067048,Fish Model, Snook
14912,87,6,2025-02-10 REEF Data Dump SMILE 6/083123_Fish Degree Angle Tests/083123_Fish Deg Angle Tests_FSL06/P8310769.ORF,2098.1236518913925,1461.711602712053,Red Laser,2245.773145530844,1466.0366715042182,1978.8826391583234,1449.5027999373178,Fish Model, Snook
14913,87,6,2025-02-10 REEF Data Dump SMILE 6/083123_Fish Degree Angle Tests/083123_Fish Deg Angle Tests_FSL06/P8310767.ORF,2097.637343832182,1459.553439923827,Red Laser,2240.113172610402,1472.9117608157976,1973.3917626516334,1457.9880628776282,Fish Model, Snook
14914,87,6,2025-02-10 REEF Data Dump SMILE 6/083123_Fish Degree Angle Tests/083123_Fish Deg Angle Tests_FSL06/P8310768.ORF,2097.3744834097142,1462.1256668985213,Red Laser,2241.1887136160744,1470.0566506074802,1973.705242485995,1454.1644999307703,Fish Model, Snook
14915,87,6,2025-02-10 REEF Data Dump SMILE 6/083123_Fish Degree Angle Tests/083123_Fish Deg Angle Tests_FSL06/P8310766.ORF,2098.242554407797,1462.7037611381204,Red Laser,2248.30664665441,1469.4596535226724,1983.1728641358725,1456.1235830247335,Fish Model, Snook
14916,87,6,2025-02-10 REEF Data Dump SMILE 6/083123_Fish Degree Angle Tests/083123_Fish Deg Angle Tests_FSL06/P8310770.ORF,2097.3814356278717,1462.2659146631509,Red Laser,2236.5153968781306,1470.1487632908663,1966.7616185085215,1452.6054800763166,Fish Model, Snook
14917,87,6,2025-02-10 REEF Data Dump SMILE 6/083123_Fish Degree Angle Tests/083123_Fish Deg Angle Tests_FSL06/P8310771.ORF,2098.0421736990897,1460.4557348726826,Red Laser,2233.002051318081,1449.4893420813914,1962.0099235450919,1437.5186311820514,Fish Model, Snook
14918,87,6,2025-02-10 REEF Data Dump SMILE 6/083123_Fish Degree Angle Tests/083123_Fish Deg Angle Tests_FSL06/P8310772.ORF,2098.5,1463.0000000000002,Red Laser,2232.5077588742256,1461.4958215846063,1963.930412437827,1445.6655883780652,Fish Model, Snook
14919,87,6,2025-02-10 REEF Data Dump SMILE 6/083123_Fish Degree Angle Tests/083123_Fish Deg Angle Tests_FSL06/P8310773.ORF,2097.0949606394593,1460.321767745874,Red Laser,2236.1760791212937,1461.4919541378945,1969.891887560016,1447.611950307891,Fish Model, Snook
14920,87,6,2025-02-10 REEF Data Dump SMILE 6/083123_Fish Degree Angle Tests/083123_Fish Deg Angle Tests_FSL06/P8310775.ORF,2098.1572983883325,1460.695999574062,Red Laser,2235.870826371057,1480.8393728536485,1967.293479934658,1464.2042125349105,Fish Model, Snook
14921,87,6,2025-02-10 REEF Data Dump SMILE 6/083123_Fish Degree Angle Tests/083123_Fish Deg Angle Tests_FSL06/P8310774.ORF,2099.5279462581157,1460.7509723820351,Red Laser,2238.4333703258526,1473.9269309047866,1969.4892819507609,1458.3681819905253,Fish Model, Snook
14922,87,6,2025-02-10 REEF Data Dump SMILE 6/083123_Fish Degree Angle Tests/083123_Fish Deg Angle Tests_FSL06/P8310776.ORF,2098.2754868174225,1460.1915829090667,Red Laser,2248.0399884504404,1473.2581313447686,1979.1138402654233,1455.8180439138343,Fish Model, Snook
14923,87,6,2025-02-10 REEF Data Dump SMILE 6/083123_Fish Degree Angle Tests/083123_Fish Deg Angle Tests_FSL06/P8310777.ORF,2098.5393313007976,1461.087619363433,Red Laser,2241.72200746864,1471.1384520587135,1973.4129700696403,1456.1131459643698,Fish Model, Snook
15830,114,1,2023-09-07 REEF Data Dump/083123_Fish Degree Angle Tests/083123_Fish Degree Angle Test_FSL-01/P8310002.ORF,1958.8331663104693,1405.8917635129617,Red Laser,,,,,Slate, Laser on slate
15832,114,1,2023-09-07 REEF Data Dump/083123_Fish Degree Angle Tests/083123_Fish Degree Angle Test_FSL-01/P8310003.ORF,1960.1882812154358,1406.6166375443242,Red Laser,,,,,Slate, Laser on slate
15833,114,1,2023-09-07 REEF Data Dump/083123_Fish Degree Angle Tests/083123_Fish Degree Angle Test_FSL-01/P8310004.ORF,1960.4864167564663,1406.871547444169,Red Laser,,,,,Slate, Laser on slate
15834,114,1,2023-09-07 REEF Data Dump/083123_Fish Degree Angle Tests/083123_Fish Degree Angle Test_FSL-01/P8310005.ORF,1961.4697201800816,1406.9484642496716,Red Laser,,,,,Slate, Laser on slate
15835,114,1,2023-09-07 REEF Data Dump/083123_Fish Degree Angle Tests/083123_Fish Degree Angle Test_FSL-01/P8310006.ORF,1960.5327018392043,1405.1088812842816,Red Laser,,,,,Slate, Laser on slate
15837,114,1,2023-09-07 REEF Data Dump/083123_Fish Degree Angle Tests/083123_Fish Degree Angle Test_FSL-01/P8310008.ORF,1960.8777287020723,1407.6279684158883,Red Laser,,,,,Slate, Laser on slate
15838,114,1,2023-09-07 REEF Data Dump/083123_Fish Degree Angle Tests/083123_Fish Degree Angle Test_FSL-01/P8310010.ORF,1960.0533625054939,1407.898144747188,Red Laser,,,,,Slate, Laser on slate
15839,114,1,2023-09-07 REEF Data Dump/083123_Fish Degree Angle Tests/083123_Fish Degree Angle Test_FSL-01/P8310011.ORF,1960.0902544437663,1406.9014232659822,Red Laser,,,,,Slate, Laser on slate
15840,114,1,2023-09-07 REEF Data Dump/083123_Fish Degree Angle Tests/083123_Fish Degree Angle Test_FSL-01/P8310009.ORF,1960.3202569246466,1408.0675230821514,Red Laser,,,,,Slate, Laser on slate
15841,114,1,2023-09-07 REEF Data Dump/083123_Fish Degree Angle Tests/083123_Fish Degree Angle Test_FSL-01/P8310012.ORF,1960.8710150316804,1408.7300614126716,Red Laser,,,,,Slate, Laser on slate
15842,114,1,2023-09-07 REEF Data Dump/083123_Fish Degree Angle Tests/083123_Fish Degree Angle Test_FSL-01/P8310014.ORF,1961.7016951328958,1407.8215081674077,Red Laser,,,,,Slate, Laser on slate
15843,114,1,2023-09-07 REEF Data Dump/083123_Fish Degree Angle Tests/083123_Fish Degree Angle Test_FSL-01/P8310015.ORF,1961.122082166038,1407.8651076448211,Red Laser,,,,,Slate, Laser on slate
15844,114,1,2023-09-07 REEF Data Dump/083123_Fish Degree Angle Tests/083123_Fish Degree Angle Test_FSL-01/P8310013.ORF,1960.6640719336715,1405.0477107826478,Red Laser,,,,,Slate, Laser on slate
15845,114,1,2023-09-07 REEF Data Dump/083123_Fish Degree Angle Tests/083123_Fish Degree Angle Test_FSL-01/P8310016.ORF,1960.6471119461896,1407.693043077019,Red Laser,,,,,Slate, Laser on slate
15847,114,1,2023-09-07 REEF Data Dump/083123_Fish Degree Angle Tests/083123_Fish Degree Angle Test_FSL-01/P8310019.ORF,1960.364761490333,1405.6305363756653,Red Laser,2297.834487178714,1455.9972155768573,1674.8946533203125,1335.88916015625,Fish Model, Snook
15939,114,1,2023-09-07 REEF Data Dump/083123_Fish Degree Angle Tests/083123_Fish Degree Angle Test_FSL-01/P8310109.ORF,1959.970935741819,1408.504854564229,Red Laser,2276.1965870047093,1460.7634634511385,1684.18701171875,1376.9754028320312,Fish Model, Snook
15940,114,1,2023-09-07 REEF Data Dump/083123_Fish Degree Angle Tests/083123_Fish Degree Angle Test_FSL-01/P8310110.ORF,1961.032322907652,1407.6618719668234,Red Laser,2273.922323224343,1468.5370887359634,1680.9891967773438,1382.0984497070312,Fish Model, Snook
15941,114,1,2023-09-07 REEF Data Dump/083123_Fish Degree Angle Tests/083123_Fish Degree Angle Test_FSL-01/P8310114.ORF,1961.998945521383,1407.8576800392514,Red Laser,2279.1072473599556,1451.880444109677,1684.817077636719,1361.0839233398438,Fish Model, Snook
15942,114,1,2023-09-07 REEF Data Dump/083123_Fish Degree Angle Tests/083123_Fish Degree Angle Test_FSL-01/P8310112.ORF,1959.8219281864021,1408.6815615875555,Red Laser,2276.8483535465143,1444.2558258142772,1682.750671386719,1347.9657592773438,Fish Model, Snook
15943,114,1,2023-09-07 REEF Data Dump/083123_Fish Degree Angle Tests/083123_Fish Degree Angle Test_FSL-01/P8310113.ORF,1959.9167489533054,1407.810893181377,Red Laser,2272.7667909283045,1451.2667589322205,1677.8602294921875,1358.2330322265625,Fish Model, Snook
15944,114,1,2023-09-07 REEF Data Dump/083123_Fish Degree Angle Tests/083123_Fish Degree Angle Test_FSL-01/P8310115.ORF,1959.7776929527831,1404.7829833990259,Red Laser,2283.864143915255,1441.4731207082336,1688.1873779296875,1350.9259033203125,Fish Model, Snook
14940,87,6,2025-02-10 REEF Data Dump SMILE 6/083123_Fish Degree Angle Tests/083123_Fish Deg Angle Tests_FSL06/P8310796.ORF,2096.1094624212096,1459.005351561967,Red Laser,2229.6057294794473,1476.4008714476493,1977.3952343243875,1459.4974020915124,Fish Model, Snook
14941,87,6,2025-02-10 REEF Data Dump SMILE 6/083123_Fish Degree Angle Tests/083123_Fish Deg Angle Tests_FSL06/P8310793.ORF,2097.1794074704358,1458.62347062978,Red Laser,2234.5635223508357,1456.9100238054452,1981.996176176035,1439.225775150477,Fish Model, Snook
14942,87,6,2025-02-10 REEF Data Dump SMILE 6/083123_Fish Degree Angle Tests/083123_Fish Deg Angle Tests_FSL06/P8310795.ORF,2096.8709787003354,1459.8043361300026,Red Laser,2222.631355026299,1470.6362605588217,1969.3889020350898,1454.7441098821116,Fish Model, Snook
14943,87,6,2025-02-10 REEF Data Dump SMILE 6/083123_Fish Degree Angle Tests/083123_Fish Deg Angle Tests_FSL06/P8310797.ORF,2096.478034891784,1456.3589208665667,Red Laser,2227.9175868758334,1483.4790801516276,1974.37348467098,1464.745076356904,Fish Model, Snook
14944,87,6,2025-02-10 REEF Data Dump SMILE 6/083123_Fish Degree Angle Tests/083123_Fish Deg Angle Tests_FSL06/P8310798.ORF,2099.2835560300546,1462.2668504642043,Red Laser,2216.1135289176714,1465.075924855579,1964.5222084643017,1446.9134669393388,Fish Model, Snook
14945,87,6,2025-02-10 REEF Data Dump SMILE 6/083123_Fish Degree Angle Tests/083123_Fish Deg Angle Tests_FSL06/P8310800.ORF,2096.3330838071224,1459.4066417427903,Red Laser,2222.4222854078243,1462.6702390848086,1969.9895224111333,1445.8413882183625,Fish Model, Snook
14946,87,6,2025-02-10 REEF Data Dump SMILE 6/083123_Fish Degree Angle Tests/083123_Fish Deg Angle Tests_FSL06/P8310802.ORF,2096.2937829197526,1459.9525144016397,Red Laser,2222.446303804311,1463.602701252425,1969.4308815370543,1449.918940345076,Fish Model, Snook
14947,87,6,2025-02-10 REEF Data Dump SMILE 6/083123_Fish Degree Angle Tests/083123_Fish Deg Angle Tests_FSL06/P8310799.ORF,2096.1524673116564,1458.3463343693327,Red Laser,2220.366630864414,1468.0712646700322,1967.7433525748952,1453.2110718294725,Fish Model, Snook
14948,87,6,2025-02-10 REEF Data Dump SMILE 6/083123_Fish Degree Angle Tests/083123_Fish Deg Angle Tests_FSL06/P8310801.ORF,2095.5232029939534,1461.6477530304167,Red Laser,2224.613697141572,1470.3964676399662,1970.5456778814428,1456.5682326355561,Fish Model, Snook
14949,87,6,2025-02-10 REEF Data Dump SMILE 6/083123_Fish Degree Angle Tests/083123_Fish Deg Angle Tests_FSL06/P8310803.ORF,2096.768492992054,1460.4543018631493,Red Laser,2222.654475744414,1473.1015276273995,1969.2691362835837,1454.685049320723,Fish Model, Snook
14950,87,6,2025-02-10 REEF Data Dump SMILE 6/083123_Fish Degree Angle Tests/083123_Fish Deg Angle Tests_FSL06/P8310805.ORF,2097.2797002665457,1460.7461814190747,Red Laser,2223.402817877895,1471.5123364029878,1985.846123996165,1449.8412218438377,Fish Model, Snook
14951,87,6,2025-02-10 REEF Data Dump SMILE 6/083123_Fish Degree Angle Tests/083123_Fish Deg Angle Tests_FSL06/P8310804.ORF,2097.244592978168,1461.2847427655038,Red Laser,2234.155545910386,1468.3974096255233,1994.4238024355407,1447.758252902524,Fish Model, Snook
14953,87,6,2025-02-10 REEF Data Dump SMILE 6/083123_Fish Degree Angle Tests/083123_Fish Deg Angle Tests_FSL06/P8310806.ORF,2096.3101341692986,1458.2446540053747,Red Laser,2216.6208691557144,1479.2702782493204,1979.435680094999,1458.3421733321984,Fish Model, Snook
14954,87,6,2025-02-10 REEF Data Dump SMILE 6/083123_Fish Degree Angle Tests/083123_Fish Deg Angle Tests_FSL06/P8310808.ORF,2097.0388432461214,1458.0995943938758,Red Laser,2229.469525645849,1464.1798186456258,1989.261493938934,1446.3983913150412,Fish Model, Snook
14955,87,6,2025-02-10 REEF Data Dump SMILE 6/083123_Fish Degree Angle Tests/083123_Fish Deg Angle Tests_FSL06/P8310810.ORF,2096.080874785322,1462.0901814047968,Red Laser,2226.047574768846,1468.229417343916,1986.3158312940009,1450.2770147505375,Fish Model, Snook
14956,87,6,2025-02-10 REEF Data Dump SMILE 6/083123_Fish Degree Angle Tests/083123_Fish Deg Angle Tests_FSL06/P8310809.ORF,2096.636528810231,1462.5943016158483,Red Laser,2223.42732483529,1469.8917232472795,1983.3939321468006,1451.3164821965795,Fish Model, Snook
14957,87,6,2025-02-10 REEF Data Dump SMILE 6/083123_Fish Degree Angle Tests/083123_Fish Deg Angle Tests_FSL06/P8310811.ORF,2096.5258872350582,1461.7836808484142,Red Laser,2227.884878408878,1464.910016247123,1990.3281845271486,1444.6836426585828,Fish Model, Snook
14958,87,6,2025-02-10 REEF Data Dump SMILE 6/083123_Fish Degree Angle Tests/083123_Fish Deg Angle Tests_FSL06/P8310813.ORF,2096.3458973030924,1462.0522881714492,Red Laser,2224.614284354793,1471.9073932297001,1987.3773840003105,1451.2682365067003,Fish Model, Snook
14959,87,6,2025-02-10 REEF Data Dump SMILE 6/083123_Fish Degree Angle Tests/083123_Fish Deg Angle Tests_FSL06/P8310816.ORF,2097.6714576349773,1458.4332066965435,Red Laser,2227.636164639554,1468.159185424279,1986.8083598175283,1452.284694049713,Fish Model, Snook
14960,87,6,2025-02-10 REEF Data Dump SMILE 6/083123_Fish Degree Angle Tests/083123_Fish Deg Angle Tests_FSL06/P8310815.ORF,2095.551828530954,1461.9389961959191,Red Laser,2222.7889940096748,1471.7710127606108,1985.0671868741615,1453.7943072548778,Fish Model, Snook
14961,87,6,2025-02-10 REEF Data Dump SMILE 6/083123_Fish Degree Angle Tests/083123_Fish Deg Angle Tests_FSL06/P8310812.ORF,2098.4275002375866,1461.9400387528285,Red Laser,2226.0526092404384,1473.8872214737391,1988.2748687689536,1455.3241929418107,Fish Model, Snook
14962,87,6,2025-02-10 REEF Data Dump SMILE 6/083123_Fish Degree Angle Tests/083123_Fish Deg Angle Tests_FSL06/P8310814.ORF,2095.946145988513,1461.438320873808,Red Laser,2225.9881615765134,1467.2783492585122,1991.336825910406,1452.0371258322973,Fish Model, Snook
14963,87,6,2025-02-10 REEF Data Dump SMILE 6/083123_Fish Degree Angle Tests/083123_Fish Deg Angle Tests_FSL06/P8310818.ORF,2097.4572933914515,1461.6221016805428,Red Laser,2245.9816953797713,1462.6846197701054,2002.4345964442928,1447.691738777369,Fish Model, Snook
15988,114,1,2023-09-07 REEF Data Dump/083123_Fish Degree Angle Tests/083123_Fish Degree Angle Test_FSL-01/P8310160.ORF,1959.839874116057,1404.3742936557483,Red Laser,2255.2548423485373,1432.3240119085378,1725.0282592773438,1345.852294921875,Fish Model, Snook
15989,114,1,2023-09-07 REEF Data Dump/083123_Fish Degree Angle Tests/083123_Fish Degree Angle Test_FSL-01/P8310159.ORF,1960.8090725474433,1405.725078122916,Red Laser,2250.438720703125,1445.0885009765625,1721.7767333984375,1356.0885009765625,Fish Model, Snook
15990,114,1,2023-09-07 REEF Data Dump/083123_Fish Degree Angle Tests/083123_Fish Degree Angle Test_FSL-01/P8310161.ORF,1958.82249418016,1405.976541874535,Red Laser,2248.772176332913,1448.8723723234818,1719.0956420898438,1360.1488647460938,Fish Model, Snook
15991,114,1,2023-09-07 REEF Data Dump/083123_Fish Degree Angle Tests/083123_Fish Degree Angle Test_FSL-01/P8310162.ORF,1961.920593743537,1407.9626749758343,Red Laser,2263.1333823876007,1464.0708428276118,1729.8861083984375,1373.2297973632812,Fish Model, Snook
15992,114,1,2023-09-07 REEF Data Dump/083123_Fish Degree Angle Tests/083123_Fish Degree Angle Test_FSL-01/P8310163.ORF,1960.8288922716,1404.3023153505594,Red Laser,2256.881906884409,1470.7173244551682,1723.8272705078125,1377.8984375,Fish Model, Snook
15993,114,1,2023-09-07 REEF Data Dump/083123_Fish Degree Angle Tests/083123_Fish Degree Angle Test_FSL-01/P8310167.ORF,1960.852294625763,1405.512861656052,Red Laser,2240.961217569005,1482.956078898226,1710.8576049804688,1386.104736328125,Fish Model, Snook
15994,114,1,2023-09-07 REEF Data Dump/083123_Fish Degree Angle Tests/083123_Fish Degree Angle Test_FSL-01/P8310164.ORF,1961.245985494673,1407.0932983077262,Red Laser,2253.0203857421875,1481.29931640625,1728.0352783203125,1382.79931640625,Fish Model, Snook
15995,114,1,2023-09-07 REEF Data Dump/083123_Fish Degree Angle Tests/083123_Fish Degree Angle Test_FSL-01/P8310166.ORF,1960.688330077268,1406.561950125546,Red Laser,2240.2355910560373,1486.747969491828,1712.202392578125,1391.8307495117188,Fish Model, Snook
15996,114,1,2023-09-07 REEF Data Dump/083123_Fish Degree Angle Tests/083123_Fish Degree Angle Test_FSL-01/P8310165.ORF,1959.8574384399587,1406.5171224679498,Red Laser,2251.5746229385263,1473.9743272567864,1721.7525024414062,1382.792236328125,Fish Model, Snook
15997,114,1,2023-09-07 REEF Data Dump/083123_Fish Degree Angle Tests/083123_Fish Degree Angle Test_FSL-01/P8310170.ORF,1961.3376005559728,1403.3498127869202,Red Laser,2251.864962429609,1472.7360134548217,1746.0568237304688,1367.0654907226562,Fish Model, Snook
15998,114,1,2023-09-07 REEF Data Dump/083123_Fish Degree Angle Tests/083123_Fish Degree Angle Test_FSL-01/P8310168.ORF,1963.3306169965074,1406.3573923166473,Red Laser,2254.0726318359375,1501.6716918945312,1746.874267578125,1393.1716918945312,Fish Model, Snook
15999,114,1,2023-09-07 REEF Data Dump/083123_Fish Degree Angle Tests/083123_Fish Degree Angle Test_FSL-01/P8310169.ORF,1960.2341042766154,1407.736804792546,Red Laser,2250.1973876953125,1470.04833984375,1741.038818359375,1363.0483398437502,Fish Model, Snook
16000,114,1,2023-09-07 REEF Data Dump/083123_Fish Degree Angle Tests/083123_Fish Degree Angle Test_FSL-01/P8310171.ORF,1960.0283886635275,1407.760897612097,Red Laser,2236.3402510354827,1474.0948892324598,1729.1600341796875,1369.88623046875,Fish Model, Snook
16001,114,1,2023-09-07 REEF Data Dump/083123_Fish Degree Angle Tests/083123_Fish Degree Angle Test_FSL-01/P8310172.ORF,1960.0565442089248,1402.9918762168695,Red Laser,2232.366427777738,1468.2379266895007,1723.7534790039062,1367.8988037109375,Fish Model, Snook
16002,114,1,2023-09-07 REEF Data Dump/083123_Fish Degree Angle Tests/083123_Fish Degree Angle Test_FSL-01/P8310174.ORF,1960.4512991428494,1404.5138207528378,Red Laser,2229.2420654296875,1482.1963500976562,1727.838623046875,1372.8036499023438,Fish Model, Snook
16003,114,1,2023-09-07 REEF Data Dump/083123_Fish Degree Angle Tests/083123_Fish Degree Angle Test_FSL-01/P8310173.ORF,1959.7262739164275,1406.6496692538271,Red Laser,2240.0267257475093,1470.0104596420358,1732.0925903320315,1371.11669921875,Fish Model, Snook
16004,114,1,2023-09-07 REEF Data Dump/083123_Fish Degree Angle Tests/083123_Fish Degree Angle Test_FSL-01/P8310176.ORF,1960.6178680579708,1405.5991129684583,Red Laser,2252.1022949218755,1481.7333984375,1748.0427856445312,1374.2333984375,Fish Model, Snook
16005,114,1,2023-09-07 REEF Data Dump/083123_Fish Degree Angle Tests/083123_Fish Degree Angle Test_FSL-01/P8310175.ORF,1959.9544695203367,1406.416833264758,Red Laser,2237.014892578125,1483.0796508789062,1736.1380615234375,1377.0796508789062,Fish Model, Snook
16006,114,1,2023-09-07 REEF Data Dump/083123_Fish Degree Angle Tests/083123_Fish Degree Angle Test_FSL-01/P8310177.ORF,1962.0163847547983,1410.2604329209817,Red Laser,2244.7891845703125,1487.1146240234375,1741.171630859375,1382.1146240234375,Fish Model, Snook
16007,114,1,2023-09-07 REEF Data Dump/083123_Fish Degree Angle Tests/083123_Fish Degree Angle Test_FSL-01/P8310178.ORF,1959.258460027551,1403.3882221292397,Red Laser,2227.187255859375,1479.645751953125,1725.8046264648438,1377.145751953125,Fish Model, Snook
16008,114,1,2023-09-07 REEF Data Dump/083123_Fish Degree Angle Tests/083123_Fish Degree Angle Test_FSL-01/P8310179.ORF,1959.5385537809748,1406.3968733667607,Red Laser,2227.2230224609375,1483.8157348632812,1722.0180053710938,1379.1842651367188,Fish Model, Snook
16009,114,1,2023-09-07 REEF Data Dump/083123_Fish Degree Angle Tests/083123_Fish Degree Angle Test_FSL-01/P8310180.ORF,1959.7064502202472,1402.2317059455104,Red Laser,2231.43515568586,1477.7554392655356,1722.11474609375,1374.8760375976562,Fish Model, Snook
16010,114,1,2023-09-07 REEF Data Dump/083123_Fish Degree Angle Tests/083123_Fish Degree Angle Test_FSL-01/P8310182.ORF,1960.7846236709192,1404.9612785047489,Red Laser,2217.003784179687,1463.9657592773438,1774.4233302425177,1374.6855397615925,Fish Model, Snook
16011,114,1,2023-09-07 REEF Data Dump/083123_Fish Degree Angle Tests/083123_Fish Degree Angle Test_FSL-01/P8310181.ORF,1960.954395145932,1405.683040806573,Red Laser,2213.954467773438,1469.0916137695312,1769.2253634993724,1375.7746365006276,Fish Model, Snook
16012,114,1,2023-09-07 REEF Data Dump/083123_Fish Degree Angle Tests/083123_Fish Degree Angle Test_FSL-01/P8310183.ORF,1959.66319932236,1406.237794505655,Red Laser,2212.3317871093745,1469.7279663085938,1766.1277699347704,1375.8722300652291,Fish Model, Snook
16013,114,1,2023-09-07 REEF Data Dump/083123_Fish Degree Angle Tests/083123_Fish Degree Angle Test_FSL-01/P8310184.ORF,1958.8339784102216,1406.5023823702982,Red Laser,2210.7232666015625,1477.8993530273438,1763.8950931744862,1389.5930247897847,Fish Model, Snook
16014,114,1,2023-09-07 REEF Data Dump/083123_Fish Degree Angle Tests/083123_Fish Degree Angle Test_FSL-01/P8310185.ORF,1960.1270105895258,1408.8020985727107,Red Laser,2207.706787109375,1468.292663574219,1773.0853375095592,1383.1971115658744,Fish Model, Snook
16015,114,1,2023-09-07 REEF Data Dump/083123_Fish Degree Angle Tests/083123_Fish Degree Angle Test_FSL-01/P8310186.ORF,1961.4770629095615,1407.5759334318805,Red Laser,2221.029296875,1473.0809936523438,1773.1665945559018,1382.056913021487,Fish Model, Snook
16016,114,1,2023-09-07 REEF Data Dump/083123_Fish Degree Angle Tests/083123_Fish Degree Angle Test_FSL-01/P8310188.ORF,1960.0669666151273,1407.6841830164708,Red Laser,2217.148559570312,1468.261474609375,1779.137210084166,1373.3863902893215,Fish Model, Snook
16017,114,1,2023-09-07 REEF Data Dump/083123_Fish Degree Angle Tests/083123_Fish Degree Angle Test_FSL-01/P8310187.ORF,1960.9262551062736,1408.3343491995583,Red Laser,2220.06103515625,1471.2841796875,1774.8746948242188,1378.7841796875,Fish Model, Snook
16018,114,1,2023-09-07 REEF Data Dump/083123_Fish Degree Angle Tests/083123_Fish Degree Angle Test_FSL-01/P8310189.ORF,1961.154239489911,1406.4577404396307,Red Laser,2217.8906250000005,1463.6474609375,1767.0660400390625,1375.1474609375,Fish Model, Snook
16019,114,1,2023-09-07 REEF Data Dump/083123_Fish Degree Angle Tests/083123_Fish Degree Angle Test_FSL-01/P8310192.ORF,1960.2951952934118,1408.0348443377047,Red Laser,2212.9320068359375,1481.7317504882812,1767.1665945559016,1386.1628827119334,Fish Model, Snook
16020,114,1,2023-09-07 REEF Data Dump/083123_Fish Degree Angle Tests/083123_Fish Degree Angle Test_FSL-01/P8310191.ORF,1957.7220478304198,1406.361785375521,Red Laser,2224.797973632813,1469.3412475585938,1772.3113253920687,1378.06706352381,Fish Model, Snook
16021,114,1,2023-09-07 REEF Data Dump/083123_Fish Degree Angle Tests/083123_Fish Degree Angle Test_FSL-01/P8310190.ORF,1958.9510879862737,1407.2004930543726,Red Laser,2216.8646240234375,1474.6781616210938,1767.1277699347709,1382.3675099905315,Fish Model, Snook
16022,114,1,2023-09-07 REEF Data Dump/083123_Fish Degree Angle Tests/083123_Fish Degree Angle Test_FSL-01/P8310194.ORF,1959.8518743425557,1404.120526271535,Red Laser,2214.8454589843745,1480.29345703125,1759.378908765887,1382.9859894677286,Fish Model, Snook
16023,114,1,2023-09-07 REEF Data Dump/083123_Fish Degree Angle Tests/083123_Fish Degree Angle Test_FSL-01/P8310193.ORF,1963.3765751323062,1409.2089855070903,Red Laser,2219.2078857421875,1477.0925903320312,1761.5116384223654,1382.8383068742933,Fish Model, Snook
16024,114,1,2023-09-07 REEF Data Dump/083123_Fish Degree Angle Tests/083123_Fish Degree Angle Test_FSL-01/P8310195.ORF,1959.497116810624,1404.7745245140327,Red Laser,2213.5827636718745,1481.9884033203125,1758.4960718237364,1385.4451592327928,Fish Model, Snook
16025,114,1,2023-09-07 REEF Data Dump/083123_Fish Degree Angle Tests/083123_Fish Degree Angle Test_FSL-01/P8310196.ORF,1961.2873299007958,1408.618907619014,Red Laser,2213.779418945313,1492.0103759765627,1758.07177734375,1396.0103759765625,Fish Model, Snook
16026,114,1,2023-09-07 REEF Data Dump/083123_Fish Degree Angle Tests/083123_Fish Degree Angle Test_FSL-01/P8310200.ORF,1959.838254078463,1403.0998722664585,Red Laser,2212.05078125,1476.6925048828125,1750.6324900094685,1383.872230065229,Fish Model, Snook
16027,114,1,2023-09-07 REEF Data Dump/083123_Fish Degree Angle Tests/083123_Fish Degree Angle Test_FSL-01/P8310199.ORF,1959.287998041199,1406.5788066525686,Red Laser,2216.263061523438,1466.1172485351562,1755.8695068359375,1375.1172485351562,Fish Model, Snook
16028,114,1,2023-09-07 REEF Data Dump/083123_Fish Degree Angle Tests/083123_Fish Degree Angle Test_FSL-01/P8310198.ORF,1960.1350638053812,1406.448877369077,Red Laser,2212.935058932963,1463.7772827148438,1752.7571411132812,1376.2227172851562,Fish Model, Snook
16029,114,1,2023-09-07 REEF Data Dump/083123_Fish Degree Angle Tests/083123_Fish Degree Angle Test_FSL-01/P8310197.ORF,1960.0720779550466,1406.5025028403884,Red Laser,2205.1533203125,1479.0262451171875,1745.943086978513,1386.6686668101809,Fish Model, Snook
16031,114,1,2023-09-07 REEF Data Dump/083123_Fish Degree Angle Tests/083123_Fish Degree Angle Test_FSL-01/P8310409.ORF,1996.9877481401807,1483.8832641707606,Red Laser,,,,,Slate, Laser on slate
16033,114,1,2023-09-07 REEF Data Dump/083123_Fish Degree Angle Tests/083123_Fish Degree Angle Test_FSL-01/P8310414.ORF,1995.5405711992478,1481.2932291226712,Red Laser,,,,,Slate, Laser on slate
16034,114,1,2023-09-07 REEF Data Dump/083123_Fish Degree Angle Tests/083123_Fish Degree Angle Test_FSL-01/P8310413.ORF,1997.2379879261705,1482.7108964994836,Red Laser,,,,,Slate, Laser on slate
16035,114,1,2023-09-07 REEF Data Dump/083123_Fish Degree Angle Tests/083123_Fish Degree Angle Test_FSL-01/P8310412.ORF,1995.923993805593,1484.0540110761867,Red Laser,,,,,Slate, Laser on slate
16036,114,1,2023-09-07 REEF Data Dump/083123_Fish Degree Angle Tests/083123_Fish Degree Angle Test_FSL-01/P8310411.ORF,1996.37137502688,1482.1081329759168,Red Laser,,,,,Slate, Laser on slate
16037,114,1,2023-09-07 REEF Data Dump/083123_Fish Degree Angle Tests/083123_Fish Degree Angle Test_FSL-01/P8310415.ORF,1996.1878732022797,1478.4370744039486,Red Laser,,,,,Slate, Laser on slate
15945,114,1,2023-09-07 REEF Data Dump/083123_Fish Degree Angle Tests/083123_Fish Degree Angle Test_FSL-01/P8310116.ORF,1960.2937728704721,1406.5315659782934,Red Laser,2270.683589924536,1458.5154626121162,1692.23779296875,1366.1351928710938,Fish Model, Snook
15946,114,1,2023-09-07 REEF Data Dump/083123_Fish Degree Angle Tests/083123_Fish Degree Angle Test_FSL-01/P8310119.ORF,1959.1727850223872,1405.7527608026555,Red Laser,2263.764079296169,1465.664875917642,1685.0629882812498,1374.7548828125,Fish Model, Snook
15947,114,1,2023-09-07 REEF Data Dump/083123_Fish Degree Angle Tests/083123_Fish Degree Angle Test_FSL-01/P8310121.ORF,1959.411600769785,1407.0294083493707,Red Laser,2266.19707212116,1466.401085069286,1692.2444458007812,1377.218994140625,Fish Model, Snook
15948,114,1,2023-09-07 REEF Data Dump/083123_Fish Degree Angle Tests/083123_Fish Degree Angle Test_FSL-01/P8310118.ORF,1960.0280003192083,1403.6923085890862,Red Laser,2269.973798529335,1467.4271593228455,1689.7644042968752,1375.1065673828125,Fish Model, Snook
15949,114,1,2023-09-07 REEF Data Dump/083123_Fish Degree Angle Tests/083123_Fish Degree Angle Test_FSL-01/P8310117.ORF,1964.774613942633,1410.696498801278,Red Laser,2273.3256779425774,1461.949188684409,1694.13720703125,1360.8258666992185,Fish Model, Snook
15950,114,1,2023-09-07 REEF Data Dump/083123_Fish Degree Angle Tests/083123_Fish Degree Angle Test_FSL-01/P8310120.ORF,1959.7338294860458,1407.0637780271743,Red Laser,2270.119588849343,1464.0363561784034,1691.0347900390625,1373.1260375976562,Fish Model, Snook
15951,114,1,2023-09-07 REEF Data Dump/083123_Fish Degree Angle Tests/083123_Fish Degree Angle Test_FSL-01/P8310126.ORF,1959.9012067477074,1408.2112149137824,Red Laser,2264.6195887815006,1465.5582474318308,1685.8228759765625,1372.1526489257812,Fish Model, Snook
15952,114,1,2023-09-07 REEF Data Dump/083123_Fish Degree Angle Tests/083123_Fish Degree Angle Test_FSL-01/P8310124.ORF,1958.6891734575088,1406.3573923166473,Red Laser,2258.797764015837,1462.6233812330022,1684.9193115234375,1365.8176879882812,Fish Model, Snook
15953,114,1,2023-09-07 REEF Data Dump/083123_Fish Degree Angle Tests/083123_Fish Degree Angle Test_FSL-01/P8310125.ORF,1958.648313655755,1404.6940525621399,Red Laser,2264.795337524072,1457.8554018560174,1687.7769165039062,1364.8689575195312,Fish Model, Snook
15954,114,1,2023-09-07 REEF Data Dump/083123_Fish Degree Angle Tests/083123_Fish Degree Angle Test_FSL-01/P8310122.ORF,1960.2781070375868,1404.0238944479142,Red Laser,2265.070760724343,1455.4310096344009,1687.832824707031,1361.9923706054688,Fish Model, Snook
15955,114,1,2023-09-07 REEF Data Dump/083123_Fish Degree Angle Tests/083123_Fish Degree Angle Test_FSL-01/P8310123.ORF,1960.4535086135907,1404.6921834499296,Red Laser,2260.732503549192,1458.8932207052626,1686.0720825195312,1370.1107177734375,Fish Model, Snook
15956,114,1,2023-09-07 REEF Data Dump/083123_Fish Degree Angle Tests/083123_Fish Degree Angle Test_FSL-01/P8310127.ORF,1960.5189282605106,1402.9298951297085,Red Laser,2263.625032102916,1467.8504870612326,1684.1160278320312,1376.242431640625,Fish Model, Snook
15957,114,1,2023-09-07 REEF Data Dump/083123_Fish Degree Angle Tests/083123_Fish Degree Angle Test_FSL-01/P8310129.ORF,1959.264359989842,1404.7166803317011,Red Laser,2274.253283708227,1468.6655965530747,1697.119140625,1372.8088989257812,Fish Model, Snook
15958,114,1,2023-09-07 REEF Data Dump/083123_Fish Degree Angle Tests/083123_Fish Degree Angle Test_FSL-01/P8310128.ORF,1959.9241010762855,1403.8845343379087,Red Laser,2272.1619062410773,1456.5426023355349,1695.0049438476562,1362.0850830078125,Fish Model, Snook
15959,114,1,2023-09-07 REEF Data Dump/083123_Fish Degree Angle Tests/083123_Fish Degree Angle Test_FSL-01/P8310132.ORF,1960.0360712368768,1404.1195673965392,Red Laser,2275.0994555169636,1465.7849929016145,1696.060546875,1373.90771484375,Fish Model, Snook
15960,114,1,2023-09-07 REEF Data Dump/083123_Fish Degree Angle Tests/083123_Fish Degree Angle Test_FSL-01/P8310131.ORF,1960.001135949045,1410.2604329209817,Red Laser,2279.450358728728,1464.5984105320779,1699.1243286132812,1371.2178344726562,Fish Model, Snook
15961,114,1,2023-09-07 REEF Data Dump/083123_Fish Degree Angle Tests/083123_Fish Degree Angle Test_FSL-01/P8310130.ORF,1961.4651540481875,1406.7175131147465,Red Laser,2276.334116618136,1469.5208812570095,1699.1961059570312,1375.2212524414062,Fish Model, Snook
15962,114,1,2023-09-07 REEF Data Dump/083123_Fish Degree Angle Tests/083123_Fish Degree Angle Test_FSL-01/P8310135.ORF,1960.0283886635275,1404.6214178952503,Red Laser,2263.0027999662598,1466.0390372725926,1681.99951171875,1367.1336669921875,Fish Model, Snook
15963,114,1,2023-09-07 REEF Data Dump/083123_Fish Degree Angle Tests/083123_Fish Degree Angle Test_FSL-01/P8310134.ORF,1960.5000000000002,1405.0000000000002,Red Laser,2259.582022329214,1466.0150828202227,1678.7716064453125,1369.1356811523438,Fish Model, Snook
15964,114,1,2023-09-07 REEF Data Dump/083123_Fish Degree Angle Tests/083123_Fish Degree Angle Test_FSL-01/P8310136.ORF,1959.2177219183498,1404.793790766994,Red Laser,2264.8452591509367,1459.274390326507,1684.8167724609375,1362.0980834960938,Fish Model, Snook
15965,114,1,2023-09-07 REEF Data Dump/083123_Fish Degree Angle Tests/083123_Fish Degree Angle Test_FSL-01/P8310133.ORF,1960.39410106131,1406.1194482857907,Red Laser,2266.2430989585714,1467.8493509927791,1685.8032836914062,1369.8435668945312,Fish Model, Snook
15966,114,1,2023-09-07 REEF Data Dump/083123_Fish Degree Angle Tests/083123_Fish Degree Angle Test_FSL-01/P8310137.ORF,1959.741305250646,1406.1676602407126,Red Laser,2257.8809165469347,1479.4369708816528,1687.9014892578125,1383.2176513671875,Fish Model, Snook
15967,114,1,2023-09-07 REEF Data Dump/083123_Fish Degree Angle Tests/083123_Fish Degree Angle Test_FSL-01/P8310140.ORF,1959.4518467183607,1406.292664390339,Red Laser,2257.5171651205023,1462.0257473415404,1689.9150390625,1360.855224609375,Fish Model, Snook
15968,114,1,2023-09-07 REEF Data Dump/083123_Fish Degree Angle Tests/083123_Fish Degree Angle Test_FSL-01/P8310141.ORF,1960.2375340997326,1405.409737074061,Red Laser,2256.07080078125,1453.6956787109375,1691.9754638671875,1355.1956787109375,Fish Model, Snook
15969,114,1,2023-09-07 REEF Data Dump/083123_Fish Degree Angle Tests/083123_Fish Degree Angle Test_FSL-01/P8310138.ORF,1960.3806792397436,1405.7855689469247,Red Laser,2260.206584043295,1472.5348302994971,1693.1702880859375,1374.12451171875,Fish Model, Snook
15970,114,1,2023-09-07 REEF Data Dump/083123_Fish Degree Angle Tests/083123_Fish Degree Angle Test_FSL-01/P8310139.ORF,1960.5016405512638,1405.7175094825684,Red Laser,2254.8009033203125,1472.353759765625,1689.1848754882812,1369.853759765625,Fish Model, Snook
15971,114,1,2023-09-07 REEF Data Dump/083123_Fish Degree Angle Tests/083123_Fish Degree Angle Test_FSL-01/P8310143.ORF,1960.249461856248,1405.6823511549474,Red Laser,2263.0504934806136,1460.9011024756815,1698.155517578125,1360.9483032226562,Fish Model, Snook
15972,114,1,2023-09-07 REEF Data Dump/083123_Fish Degree Angle Tests/083123_Fish Degree Angle Test_FSL-01/P8310142.ORF,1959.7969311621127,1407.9516450036817,Red Laser,2262.6000979954633,1465.8715410245475,1695.1243286132812,1363.9376220703125,Fish Model, Snook
15973,114,1,2023-09-07 REEF Data Dump/083123_Fish Degree Angle Tests/083123_Fish Degree Angle Test_FSL-01/P8310146.ORF,1958.9453134550106,1408.6447994387345,Red Laser,2258.8402820728907,1461.8042444299108,1694.9732666015625,1364.1867065429688,Fish Model, Snook
15974,114,1,2023-09-07 REEF Data Dump/083123_Fish Degree Angle Tests/083123_Fish Degree Angle Test_FSL-01/P8310144.ORF,1959.7756554774307,1405.111632098853,Red Laser,2260.5377823441186,1451.7224256725451,1695.7612915039062,1359.8698120117188,Fish Model, Snook
15975,114,1,2023-09-07 REEF Data Dump/083123_Fish Degree Angle Tests/083123_Fish Degree Angle Test_FSL-01/P8310145.ORF,1959.9385328289782,1408.1124743028743,Red Laser,2261.3661301452607,1464.3614252520774,1696.00439453125,1369.828125,Fish Model, Snook
15976,114,1,2023-09-07 REEF Data Dump/083123_Fish Degree Angle Tests/083123_Fish Degree Angle Test_FSL-01/P8310147.ORF,1962.4036443463274,1408.2777933192049,Red Laser,2265.807944273566,1453.6254448087743,1699.7542724609377,1358.0123291015625,Fish Model, Snook
15977,114,1,2023-09-07 REEF Data Dump/083123_Fish Degree Angle Tests/083123_Fish Degree Angle Test_FSL-01/P8310148.ORF,1959.915328335091,1404.6299803533466,Red Laser,2250.267775472065,1456.9860039604248,1685.1480712890625,1359.1449584960938,Fish Model, Snook
15978,114,1,2023-09-07 REEF Data Dump/083123_Fish Degree Angle Tests/083123_Fish Degree Angle Test_FSL-01/P8310149.ORF,1959.4764835338774,1406.6737186219561,Red Laser,2251.793579101563,1464.9166259765625,1687.1790771484375,1365.9166259765625,Fish Model, Snook
15979,114,1,2023-09-07 REEF Data Dump/083123_Fish Degree Angle Tests/083123_Fish Degree Angle Test_FSL-01/P8310151.ORF,1961.2306495534317,1404.3658301641533,Red Laser,2251.054360762028,1459.6004362187077,1686.0950927734375,1364.0802001953125,Fish Model, Snook
15980,114,1,2023-09-07 REEF Data Dump/083123_Fish Degree Angle Tests/083123_Fish Degree Angle Test_FSL-01/P8310150.ORF,1959.4898109181029,1403.2651850824275,Red Laser,2250.4948327864404,1457.1863602247997,1684.9687499999998,1361.78076171875,Fish Model, Snook
15981,114,1,2023-09-07 REEF Data Dump/083123_Fish Degree Angle Tests/083123_Fish Degree Angle Test_FSL-01/P8310152.ORF,1958.7630164586446,1407.0835371636724,Red Laser,2255.0793104037166,1457.9525835085674,1688.2378540039062,1359.1404418945312,Fish Model, Snook
15982,114,1,2023-09-07 REEF Data Dump/083123_Fish Degree Angle Tests/083123_Fish Degree Angle Test_FSL-01/P8310154.ORF,1960.9120517553943,1406.7290552784932,Red Laser,2263.659633834386,1464.8873695655248,1697.901611328125,1362.9345703125,Fish Model, Snook
15983,114,1,2023-09-07 REEF Data Dump/083123_Fish Degree Angle Tests/083123_Fish Degree Angle Test_FSL-01/P8310153.ORF,1960.7884892412449,1405.3739050040151,Red Laser,2263.759017309263,1464.2130285891742,1698.7872314453125,1360.2427978515623,Fish Model, Snook
15984,114,1,2023-09-07 REEF Data Dump/083123_Fish Degree Angle Tests/083123_Fish Degree Angle Test_FSL-01/P8310155.ORF,1959.925615620983,1406.4822908883514,Red Laser,2264.486979754636,1464.6248164874755,1697.79638671875,1362.2097778320312,Fish Model, Snook
15985,114,1,2023-09-07 REEF Data Dump/083123_Fish Degree Angle Tests/083123_Fish Degree Angle Test_FSL-01/P8310156.ORF,1959.801852590847,1407.4726235503804,Red Laser,2263.607701663126,1448.8630842332675,1733.2018432617188,1375.2320556640625,Fish Model, Snook
15986,114,1,2023-09-07 REEF Data Dump/083123_Fish Degree Angle Tests/083123_Fish Degree Angle Test_FSL-01/P8310157.ORF,1959.4927867519764,1405.5128522186285,Red Laser,2265.3689661099543,1452.0130156338514,1733.8385009765625,1375.7721557617188,Fish Model, Snook
15987,114,1,2023-09-07 REEF Data Dump/083123_Fish Degree Angle Tests/083123_Fish Degree Angle Test_FSL-01/P8310158.ORF,1960.3905205467647,1406.9299571101806,Red Laser,2264.055135724343,1444.1799921330403,1732.2319335937502,1362.7932739257815,Fish Model, Snook
16152,114,1,2023-09-07 REEF Data Dump/083123_Fish Degree Angle Tests/083123_Fish Degree Angle Test_FSL-01/P8310530.ORF,1996.3459289544867,1481.4817469063928,Red Laser,2122.3988144119094,1517.3389814862533,1878.9644775390623,1444.1160278320312,Fish Model, Snook
16153,114,1,2023-09-07 REEF Data Dump/083123_Fish Degree Angle Tests/083123_Fish Degree Angle Test_FSL-01/P8310531.ORF,1996.4815731420267,1480.573923393878,Red Laser,2121.869662466973,1522.5132879273349,1878.99755859375,1443.9092407226562,Fish Model, Snook
16154,114,1,2023-09-07 REEF Data Dump/083123_Fish Degree Angle Tests/083123_Fish Degree Angle Test_FSL-01/P8310532.ORF,1996.2196232984793,1483.1671225975267,Red Laser,2132.075439453125,1510.0396728515625,1889.9542846679685,1436.0396728515625,Fish Model, Snook
16155,114,1,2023-09-07 REEF Data Dump/083123_Fish Degree Angle Tests/083123_Fish Degree Angle Test_FSL-01/P8310533.ORF,1995.8207217694994,1475.9790454016295,Red Laser,2126.020566934924,1519.4404587403715,1883.0516967773438,1447.06884765625,Fish Model, Snook
16156,114,1,2023-09-07 REEF Data Dump/083123_Fish Degree Angle Tests/083123_Fish Degree Angle Test_FSL-01/P8310534.ORF,1997.1678507415909,1480.645556221706,Red Laser,2141.762573242187,1504.969970703125,1894.1204223632812,1438.969970703125,Fish Model, Snook
16157,114,1,2023-09-07 REEF Data Dump/083123_Fish Degree Angle Tests/083123_Fish Degree Angle Test_FSL-01/P8310536.ORF,1995.639755434348,1482.7162018477752,Red Laser,2127.1021056757613,1516.8383703588531,1882.0293579101562,1442.90869140625,Fish Model, Snook
16158,114,1,2023-09-07 REEF Data Dump/083123_Fish Degree Angle Tests/083123_Fish Degree Angle Test_FSL-01/P8310538.ORF,1995.4336351939617,1482.786502326479,Red Laser,2131.1099853515625,1521.012939453125,1883.010009765625,1447.987060546875,Fish Model, Snook
16159,114,1,2023-09-07 REEF Data Dump/083123_Fish Degree Angle Tests/083123_Fish Degree Angle Test_FSL-01/P8310537.ORF,1995.3622799357481,1481.0716810624806,Red Laser,2140.188196493496,1515.408283649368,1895.9992675781252,1441.1041259765625,Fish Model, Snook
15848,114,1,2023-09-07 REEF Data Dump/083123_Fish Degree Angle Tests/083123_Fish Degree Angle Test_FSL-01/P8310018.ORF,1959.3411278021051,1403.373388726405,Red Laser,2297.0643317331132,1461.46382652001,1663.8596801757812,1334.9591064453125,Fish Model, Snook
15849,114,1,2023-09-07 REEF Data Dump/083123_Fish Degree Angle Tests/083123_Fish Degree Angle Test_FSL-01/P8310024.ORF,1960.4575462669234,1408.3403616401029,Red Laser,2283.718616279249,1499.97036821396,1666.8076782226562,1376.2218017578125,Fish Model, Snook
15850,114,1,2023-09-07 REEF Data Dump/083123_Fish Degree Angle Tests/083123_Fish Degree Angle Test_FSL-01/P8310022.ORF,1960.0720779550466,1405.750669528095,Red Laser,2287.555876903228,1478.1988859257388,1672.9739990234375,1357.1786499023438,Fish Model, Snook
15851,114,1,2023-09-07 REEF Data Dump/083123_Fish Degree Angle Tests/083123_Fish Degree Angle Test_FSL-01/P8310023.ORF,1960.0831119464892,1406.3496256141239,Red Laser,2293.359504078336,1471.6337510849114,1675.216552734375,1351.95166015625,Fish Model, Snook
15852,114,1,2023-09-07 REEF Data Dump/083123_Fish Degree Angle Tests/083123_Fish Degree Angle Test_FSL-01/P8310020.ORF,1960.414960892862,1403.0841339757803,Red Laser,2298.0473481356803,1457.6015435112056,1677.1805419921875,1335.760498046875,Fish Model, Snook
15853,114,1,2023-09-07 REEF Data Dump/083123_Fish Degree Angle Tests/083123_Fish Degree Angle Test_FSL-01/P8310021.ORF,1959.4790087030926,1403.8713789597039,Red Laser,2304.491667918853,1469.6611976731201,1687.1576538085935,1345.1342163085938,Fish Model, Snook
15854,114,1,2023-09-07 REEF Data Dump/083123_Fish Degree Angle Tests/083123_Fish Degree Angle Test_FSL-01/P8310026.ORF,1960.3679463598903,1407.303850304966,Red Laser,2271.4096278440006,1467.2707109464222,1658.9895629882815,1349.8367919921875,Fish Model, Snook
15855,114,1,2023-09-07 REEF Data Dump/083123_Fish Degree Angle Tests/083123_Fish Degree Angle Test_FSL-01/P8310027.ORF,1960.0166571444765,1404.643999069354,Red Laser,2264.7539082833628,1467.2100626225497,1653.82177734375,1349.965576171875,Fish Model, Snook
15856,114,1,2023-09-07 REEF Data Dump/083123_Fish Degree Angle Tests/083123_Fish Degree Angle Test_FSL-01/P8310025.ORF,1960.4826031389762,1409.2328018535295,Red Laser,2263.7322567481483,1468.8245104945756,1653.1741333007812,1350.0731201171875,Fish Model, Snook
15857,114,1,2023-09-07 REEF Data Dump/083123_Fish Degree Angle Tests/083123_Fish Degree Angle Test_FSL-01/P8310031.ORF,1961.9365387093678,1408.2213250621885,Red Laser,2280.166329589021,1465.982730876245,1668.1132202148438,1349.9557495117188,Fish Model, Snook
15858,114,1,2023-09-07 REEF Data Dump/083123_Fish Degree Angle Tests/083123_Fish Degree Angle Test_FSL-01/P8310028.ORF,1960.6258323549328,1405.239188272618,Red Laser,2269.6632003568848,1464.9237236173683,1658.156005859375,1346.7859497070312,Fish Model, Snook
15859,114,1,2023-09-07 REEF Data Dump/083123_Fish Degree Angle Tests/083123_Fish Degree Angle Test_FSL-01/P8310030.ORF,1960.9523214144951,1408.006169464976,Red Laser,2286.1047719756266,1463.1816818366503,1670.7803955078125,1343.849304199219,Fish Model, Snook
15860,114,1,2023-09-07 REEF Data Dump/083123_Fish Degree Angle Tests/083123_Fish Degree Angle Test_FSL-01/P8310029.ORF,1961.1710385514666,1408.9604831814736,Red Laser,2279.482647705256,1461.3410454643308,1664.0000000000002,1343,Fish Model, Snook
15861,114,1,2023-09-07 REEF Data Dump/083123_Fish Degree Angle Tests/083123_Fish Degree Angle Test_FSL-01/P8310032.ORF,1961.7774981457387,1410.033450155956,Red Laser,2295.1018344631516,1464.5060600431493,1679.7573852539062,1351.1317138671875,Fish Model, Snook
15862,114,1,2023-09-07 REEF Data Dump/083123_Fish Degree Angle Tests/083123_Fish Degree Angle Test_FSL-01/P8310033.ORF,1962.693433494944,1408.1022147555084,Red Laser,2284.5292157435483,1445.7238970494209,1674.1774291992188,1338.7758178710938,Fish Model, Snook
15863,114,1,2023-09-07 REEF Data Dump/083123_Fish Degree Angle Tests/083123_Fish Degree Angle Test_FSL-01/P8310034.ORF,1965.3656845753899,1416.5268630849218,Red Laser,2283.763897663725,1445.3951599534616,1671.0982055664062,1344.057373046875,Fish Model, Snook
15864,114,1,2023-09-07 REEF Data Dump/083123_Fish Degree Angle Tests/083123_Fish Degree Angle Test_FSL-01/P8310035.ORF,1960.357618920979,1406.0296902823397,Red Laser,2293.7168411821876,1452.7667767559708,1680.0827026367188,1349.2080078125,Fish Model, Snook
15865,114,1,2023-09-07 REEF Data Dump/083123_Fish Degree Angle Tests/083123_Fish Degree Angle Test_FSL-01/P8310036.ORF,1960.9253828683413,1408.657891816911,Red Laser,2296.1490485299882,1464.7118261265514,1680.9844360351565,1359.81201171875,Fish Model, Snook
15866,114,1,2023-09-07 REEF Data Dump/083123_Fish Degree Angle Tests/083123_Fish Degree Angle Test_FSL-01/P8310037.ORF,1961.6014884852254,1408.2546470539003,Red Laser,2292.154835611065,1475.525116414822,1681.2098388671875,1363.8900146484375,Fish Model, Snook
15867,114,1,2023-09-07 REEF Data Dump/083123_Fish Degree Angle Tests/083123_Fish Degree Angle Test_FSL-01/P8310038.ORF,1959.7213440004305,1408.479945830914,Red Laser,2276.8262824689214,1471.6892717582166,1664.9966430664065,1348.9339599609375,Fish Model, Snook
15868,114,1,2023-09-07 REEF Data Dump/083123_Fish Degree Angle Tests/083123_Fish Degree Angle Test_FSL-01/P8310040.ORF,1958.3777325152028,1407.6979644358628,Red Laser,2282.0532637986375,1478.3659461578384,1670.8966674804688,1352.9273071289062,Fish Model, Snook
15869,114,1,2023-09-07 REEF Data Dump/083123_Fish Degree Angle Tests/083123_Fish Degree Angle Test_FSL-01/P8310039.ORF,1961.636666450549,1411.8574906705473,Red Laser,2289.026969714088,1479.6736173710506,1679.7738647460938,1352.8466186523438,Fish Model, Snook
15870,114,1,2023-09-07 REEF Data Dump/083123_Fish Degree Angle Tests/083123_Fish Degree Angle Test_FSL-01/P8310041.ORF,1959.8225012531593,1410.122905836186,Red Laser,2279.076071958281,1468.5355986416637,1669.9987182617188,1355.7947387695312,Fish Model, Snook
15871,114,1,2023-09-07 REEF Data Dump/083123_Fish Degree Angle Tests/083123_Fish Degree Angle Test_FSL-01/P8310045.ORF,1960.747403538132,1409.4784505082816,Red Laser,2274.3358161081137,1469.1017249664321,1655.9552612304688,1364.1630859375,Fish Model, Snook
15872,114,1,2023-09-07 REEF Data Dump/083123_Fish Degree Angle Tests/083123_Fish Degree Angle Test_FSL-01/P8310044.ORF,1959.915328335091,1409.7137518113786,Red Laser,2272.8596706121216,1469.7833664069628,1659.1350708007812,1364.9509887695312,Fish Model, Snook
15873,114,1,2023-09-07 REEF Data Dump/083123_Fish Degree Angle Tests/083123_Fish Degree Angle Test_FSL-01/P8310043.ORF,1960.187952855023,1410.0524002343132,Red Laser,2283.101616301584,1472.683449526094,1670.9201049804685,1348.118896484375,Fish Model, Snook
15874,114,1,2023-09-07 REEF Data Dump/083123_Fish Degree Angle Tests/083123_Fish Degree Angle Test_FSL-01/P8310042.ORF,1960.6603618532827,1409.942224428348,Red Laser,2279.3414736010936,1471.442083704203,1670.9086914062498,1345.9044799804688,Fish Model, Snook
15875,114,1,2023-09-07 REEF Data Dump/083123_Fish Degree Angle Tests/083123_Fish Degree Angle Test_FSL-01/P8310046.ORF,1959.779204886496,1407.0797278957066,Red Laser,2273.1919933006866,1478.3335058314565,1663.1658935546875,1350.0078735351562,Fish Model, Snook
15876,114,1,2023-09-07 REEF Data Dump/083123_Fish Degree Angle Tests/083123_Fish Degree Angle Test_FSL-01/P8310047.ORF,1960.0950576290618,1407.8651076448211,Red Laser,2271.7394558379906,1476.5699677642301,1653.8773803710935,1358.776123046875,Fish Model, Snook
15877,114,1,2023-09-07 REEF Data Dump/083123_Fish Degree Angle Tests/083123_Fish Degree Angle Test_FSL-01/P8310051.ORF,1963.3306169965074,1406.3573923166473,Red Laser,2277.5316575568536,1459.4274289956911,1662.0361328125,1345.9699096679688,Fish Model, Snook
15878,114,1,2023-09-07 REEF Data Dump/083123_Fish Degree Angle Tests/083123_Fish Degree Angle Test_FSL-01/P8310049.ORF,1960.9489961558209,1409.041225108857,Red Laser,2276.5432541008554,1467.162251338081,1663.1375122070312,1341.7566528320312,Fish Model, Snook
15879,114,1,2023-09-07 REEF Data Dump/083123_Fish Degree Angle Tests/083123_Fish Degree Angle Test_FSL-01/P8310048.ORF,1961.1963504693315,1410.814620261344,Red Laser,2272.807202854,1473.1715083480858,1663.0421142578125,1348.0135498046875,Fish Model, Snook
15880,114,1,2023-09-07 REEF Data Dump/083123_Fish Degree Angle Tests/083123_Fish Degree Angle Test_FSL-01/P8310050.ORF,1959.4422423752962,1406.4058028733077,Red Laser,2279.5222013209727,1462.0989732876894,1664.5514467244761,1326.1153310576574,Fish Model, Snook
15881,114,1,2023-09-07 REEF Data Dump/083123_Fish Degree Angle Tests/083123_Fish Degree Angle Test_FSL-01/P8310054.ORF,1961.5547467959548,1406.0583862141566,Red Laser,2271.8224588162684,1411.7298366622,1646.240234375,1382.9109497070312,Fish Model, Snook
15882,114,1,2023-09-07 REEF Data Dump/083123_Fish Degree Angle Tests/083123_Fish Degree Angle Test_FSL-01/P8310052.ORF,1962.4000693117432,1410.063297831084,Red Laser,2275.662353719153,1409.489562920439,1651.8146972656248,1392.5934045637844,Fish Model, Snook
15883,114,1,2023-09-07 REEF Data Dump/083123_Fish Degree Angle Tests/083123_Fish Degree Angle Test_FSL-01/P8310053.ORF,1963.106709684592,1408.3113258741416,Red Laser,2284.8397128637157,1413.2214570220428,1658.9096021863952,1395.410260009944,Fish Model, Snook
15884,114,1,2023-09-07 REEF Data Dump/083123_Fish Degree Angle Tests/083123_Fish Degree Angle Test_FSL-01/P8310056.ORF,1962.7120992241196,1406.28936457077,Red Laser,2269.0089930105332,1424.07299791119,1644.8966064453125,1397.898681640625,Fish Model, Snook
15885,114,1,2023-09-07 REEF Data Dump/083123_Fish Degree Angle Tests/083123_Fish Degree Angle Test_FSL-01/P8310055.ORF,1962.1682257012978,1412.778486303769,Red Laser,2267.985217511417,1404.5269601326677,1643.866943359375,1380.2023315429688,Fish Model, Snook
15887,114,1,2023-09-07 REEF Data Dump/083123_Fish Degree Angle Tests/083123_Fish Degree Angle Test_FSL-01/P8310059.ORF,1961.0397136449737,1404.825306982577,Red Laser,2284.568481784526,1415.2033079697835,1661.0015258789065,1386.768371582031,Fish Model, Snook
15888,114,1,2023-09-07 REEF Data Dump/083123_Fish Degree Angle Tests/083123_Fish Degree Angle Test_FSL-01/P8310060.ORF,1960.5846915770646,1408.89469974314,Red Laser,2285.6363528782763,1428.6093341968253,1662.1229248046877,1396.8670654296875,Fish Model, Snook
15889,114,1,2023-09-07 REEF Data Dump/083123_Fish Degree Angle Tests/083123_Fish Degree Angle Test_FSL-01/P8310058.ORF,1962.4121507628197,1406.7899013853864,Red Laser,2283.516911042479,1410.837373537294,1660.972412109375,1379.0548706054688,Fish Model, Snook
15890,114,1,2023-09-07 REEF Data Dump/083123_Fish Degree Angle Tests/083123_Fish Degree Angle Test_FSL-01/P8310061.ORF,1960.5941677582139,1409.2048340332954,Red Laser,2283.5990901241844,1425.5251774539402,1659.3871396664958,1403.9962569627005,Fish Model, Snook
15891,114,1,2023-09-07 REEF Data Dump/083123_Fish Degree Angle Tests/083123_Fish Degree Angle Test_FSL-01/P8310062.ORF,1959.9702485548064,1406.7898243413576,Red Laser,2280.5418329880354,1431.179013442567,1657.3552750268864,1409.1796211886272,Fish Model, Snook
15892,114,1,2023-09-07 REEF Data Dump/083123_Fish Degree Angle Tests/083123_Fish Degree Angle Test_FSL-01/P8310065.ORF,1960.2735093967265,1408.9998572467157,Red Laser,2263.5522904009367,1423.7456943086725,1640.1875610351565,1399.7619018554688,Fish Model, Snook
15893,114,1,2023-09-07 REEF Data Dump/083123_Fish Degree Angle Tests/083123_Fish Degree Angle Test_FSL-01/P8310063.ORF,1960.9075036603463,1407.9586141281084,Red Laser,2281.305542166234,1431.1102785288115,1657.0133312257644,1411.1198909576485,Fish Model, Snook
15894,114,1,2023-09-07 REEF Data Dump/083123_Fish Degree Angle Tests/083123_Fish Degree Angle Test_FSL-01/P8310064.ORF,1959.737933984187,1408.758395476785,Red Laser,2274.0481899686715,1426.447368706518,1649.4079447427796,1409.9300164117742,Fish Model, Snook
15895,114,1,2023-09-07 REEF Data Dump/083123_Fish Degree Angle Tests/083123_Fish Degree Angle Test_FSL-01/P8310066.ORF,1961.5245718719805,1405.4827002758743,Red Laser,2281.118571551511,1423.12879190613,1658.9874877929688,1354.814697265625,Fish Model, Snook
15896,114,1,2023-09-07 REEF Data Dump/083123_Fish Degree Angle Tests/083123_Fish Degree Angle Test_FSL-01/P8310068.ORF,1960.4768857659344,1406.415406304877,Red Laser,2297.4252183704234,1439.5265245572207,1676.021484375,1368.9927978515625,Fish Model, Snook
15897,114,1,2023-09-07 REEF Data Dump/083123_Fish Degree Angle Tests/083123_Fish Degree Angle Test_FSL-01/P8310067.ORF,1960.1386481802429,1400.8457538994799,Red Laser,2290.030348103041,1427.5672887783774,1666.2327880859375,1359.18896484375,Fish Model, Snook
15898,114,1,2023-09-07 REEF Data Dump/083123_Fish Degree Angle Tests/083123_Fish Degree Angle Test_FSL-01/P8310069.ORF,1961.6099188211017,1405.7597073440202,Red Laser,2298.3334209099385,1435.5108928043292,1676.8234863281252,1365.9932861328125,Fish Model, Snook
15899,114,1,2023-09-07 REEF Data Dump/083123_Fish Degree Angle Tests/083123_Fish Degree Angle Test_FSL-01/P8310072.ORF,1961.0994062451343,1408.914908198719,Red Laser,2296.5783905425687,1434.6177890633228,1675.9976196289062,1357.8881225585938,Fish Model, Snook
15900,114,1,2023-09-07 REEF Data Dump/083123_Fish Degree Angle Tests/083123_Fish Degree Angle Test_FSL-01/P8310071.ORF,1960.0565442089248,1407.3413251309637,Red Laser,2301.416767921811,1441.3610587569676,1680.964294433594,1363.9556884765625,Fish Model, Snook
15901,114,1,2023-09-07 REEF Data Dump/083123_Fish Degree Angle Tests/083123_Fish Degree Angle Test_FSL-01/P8310070.ORF,1960.8551553879945,1408.4976379761517,Red Laser,2311.0223901646373,1439.3401231900332,1689.768005371094,1364.193603515625,Fish Model, Snook
15904,114,1,2023-09-07 REEF Data Dump/083123_Fish Degree Angle Tests/083123_Fish Degree Angle Test_FSL-01/P8310078.ORF,1960.6603618532827,1406.6804273199355,Red Laser,2291.7091821275353,1437.2211874601549,1669.8943481445312,1358.2212524414062,Fish Model, Snook
15905,114,1,2023-09-07 REEF Data Dump/083123_Fish Degree Angle Tests/083123_Fish Degree Angle Test_FSL-01/P8310076.ORF,1960.0701745835704,1404.7757453799709,Red Laser,2304.4771731907754,1424.6724035416846,1682.1309204101562,1350.7620849609375,Fish Model, Snook
16111,114,1,2023-09-07 REEF Data Dump/083123_Fish Degree Angle Tests/083123_Fish Degree Angle Test_FSL-01/P8310486.ORF,1997.1017252359125,1483.0860446398942,Red Laser,2150.2441992252843,1514.515049947845,1880.8946533203125,1437.9813232421875,Fish Model, Snook
16112,114,1,2023-09-07 REEF Data Dump/083123_Fish Degree Angle Tests/083123_Fish Degree Angle Test_FSL-01/P8310491.ORF,1995.161118382696,1482.9258324219547,Red Laser,2149.501854121826,1535.358467229876,1877.8615099196174,1455.9659994799551,Fish Model, Snook
16113,114,1,2023-09-07 REEF Data Dump/083123_Fish Degree Angle Tests/083123_Fish Degree Angle Test_FSL-01/P8310493.ORF,1994.564269349636,1479.8015869822677,Red Laser,2125.9090576171875,1508.9880981445312,1860.1039428710938,1428.9880981445312,Fish Model, Snook
16114,114,1,2023-09-07 REEF Data Dump/083123_Fish Degree Angle Tests/083123_Fish Degree Angle Test_FSL-01/P8310492.ORF,1996.2971203637585,1483.381631471122,Red Laser,2141.841832348455,1509.3115470864695,1870.9666748046873,1430.883056640625,Fish Model, Snook
16115,114,1,2023-09-07 REEF Data Dump/083123_Fish Degree Angle Tests/083123_Fish Degree Angle Test_FSL-01/P8310490.ORF,1995.1069394522563,1480.6734863064146,Red Laser,2156.596272537701,1526.5409549290564,1886.9011840820312,1446.0298461914062,Fish Model, Snook
16116,114,1,2023-09-07 REEF Data Dump/083123_Fish Degree Angle Tests/083123_Fish Degree Angle Test_FSL-01/P8310494.ORF,1995.7421331626874,1479.3853544038147,Red Laser,2135.080298790702,1514.8360595703125,1867.0822143554685,1433.0860595703125,Fish Model, Snook
16117,114,1,2023-09-07 REEF Data Dump/083123_Fish Degree Angle Tests/083123_Fish Degree Angle Test_FSL-01/P8310496.ORF,1997.301430901576,1482.780427452708,Red Laser,2138.571661603036,1513.5945830170197,1869.987548828125,1435.111572265625,Fish Model, Snook
16118,114,1,2023-09-07 REEF Data Dump/083123_Fish Degree Angle Tests/083123_Fish Degree Angle Test_FSL-01/P8310498.ORF,1998.201360224248,1479.5477883419408,Red Laser,2144.288721607455,1512.6967115613952,1875.8941040039062,1434.1114501953125,Fish Model, Snook
16119,114,1,2023-09-07 REEF Data Dump/083123_Fish Degree Angle Tests/083123_Fish Degree Angle Test_FSL-01/P8310495.ORF,1997.0301278237423,1483.51804111025,Red Laser,2140.815795898438,1516.9393920898438,1872.116455078125,1437.9393920898438,Fish Model, Snook
16120,114,1,2023-09-07 REEF Data Dump/083123_Fish Degree Angle Tests/083123_Fish Degree Angle Test_FSL-01/P8310497.ORF,1995.3639955643973,1481.107516175764,Red Laser,2150.8287353515625,1512.0602416992188,1879.0639648437498,1430.0602416992188,Fish Model, Snook
16121,114,1,2023-09-07 REEF Data Dump/083123_Fish Degree Angle Tests/083123_Fish Degree Angle Test_FSL-01/P8310501.ORF,1996.5910635955695,1481.9512125697104,Red Laser,2135.62332198519,1512.4826477052566,1866,1431,Fish Model, Snook
16122,114,1,2023-09-07 REEF Data Dump/083123_Fish Degree Angle Tests/083123_Fish Degree Angle Test_FSL-01/P8310499.ORF,1994.9081841346572,1481.9854254882073,Red Laser,2137.104911521595,1511.321082899464,1867.0245361328125,1432.003173828125,Fish Model, Snook
16123,114,1,2023-09-07 REEF Data Dump/083123_Fish Degree Angle Tests/083123_Fish Degree Angle Test_FSL-01/P8310500.ORF,1996.2411205094438,1481.6268772898272,Red Laser,2127.00512121493,1514.18087272967,1858.8974609375,1432.9727783203125,Fish Model, Snook
16124,114,1,2023-09-07 REEF Data Dump/083123_Fish Degree Angle Tests/083123_Fish Degree Angle Test_FSL-01/P8310503.ORF,1997.2957077240176,1479.6562028449098,Red Laser,2125.8378722731,1518.317048583847,1859.9183959960938,1434.9386596679688,Fish Model, Snook
16125,114,1,2023-09-07 REEF Data Dump/083123_Fish Degree Angle Tests/083123_Fish Degree Angle Test_FSL-01/P8310502.ORF,1994.6724584808605,1482.2159857922084,Red Laser,2132.523524270905,1514.6849502606544,1863.8784790039062,1433.9258422851562,Fish Model, Snook
16126,114,1,2023-09-07 REEF Data Dump/083123_Fish Degree Angle Tests/083123_Fish Degree Angle Test_FSL-01/P8310505.ORF,1998.4200727327288,1483.2884862471687,Red Laser,2149.6912335429024,1515.8743039733142,1892.006591796875,1440.0553588867188,Fish Model, Snook
16038,114,1,2023-09-07 REEF Data Dump/083123_Fish Degree Angle Tests/083123_Fish Degree Angle Test_FSL-01/P8310416.ORF,1996.6856085815257,1482.8924659701624,Red Laser,,,,,Slate, Laser on slate
16039,114,1,2023-09-07 REEF Data Dump/083123_Fish Degree Angle Tests/083123_Fish Degree Angle Test_FSL-01/P8310418.ORF,1997.3914251301223,1481.3396981115718,Red Laser,,,,,Slate, Laser on slate
16040,114,1,2023-09-07 REEF Data Dump/083123_Fish Degree Angle Tests/083123_Fish Degree Angle Test_FSL-01/P8310417.ORF,1998.362171913621,1480.2784410395482,Red Laser,,,,,Slate, Laser on slate
16041,114,1,2023-09-07 REEF Data Dump/083123_Fish Degree Angle Tests/083123_Fish Degree Angle Test_FSL-01/P8310419.ORF,1995.9212840709622,1479.3844463872892,Red Laser,,,,,Slate, Laser on slate
16042,114,1,2023-09-07 REEF Data Dump/083123_Fish Degree Angle Tests/083123_Fish Degree Angle Test_FSL-01/P8310421.ORF,1997.431102712271,1479.8005412983905,Red Laser,,,,,Slate, Laser on slate
16043,114,1,2023-09-07 REEF Data Dump/083123_Fish Degree Angle Tests/083123_Fish Degree Angle Test_FSL-01/P8310420.ORF,1998.4027324611118,1482.5504359460897,Red Laser,,,,,Slate, Laser on slate
16044,114,1,2023-09-07 REEF Data Dump/083123_Fish Degree Angle Tests/083123_Fish Degree Angle Test_FSL-01/P8310424.ORF,1997.539641270376,1481.806383206952,Red Laser,,,,,Slate, Laser on slate
16045,114,1,2023-09-07 REEF Data Dump/083123_Fish Degree Angle Tests/083123_Fish Degree Angle Test_FSL-01/P8310423.ORF,1998.3674566751856,1479.428917883009,Red Laser,,,,,Slate, Laser on slate
16046,114,1,2023-09-07 REEF Data Dump/083123_Fish Degree Angle Tests/083123_Fish Degree Angle Test_FSL-01/P8310422.ORF,1997.1749373780908,1482.638770728037,Red Laser,,,,,Slate, Laser on slate
16047,114,1,2023-09-07 REEF Data Dump/083123_Fish Degree Angle Tests/083123_Fish Degree Angle Test_FSL-01/P8310425.ORF,2004.273449920509,1491.2178060413355,Red Laser,2155.9999999999995,1514,1855,1434,Fish Model, Snook
16048,114,1,2023-09-07 REEF Data Dump/083123_Fish Degree Angle Tests/083123_Fish Degree Angle Test_FSL-01/P8310426.ORF,1998.3202832161794,1481.4934248899483,Red Laser,2148.94140625,1511.0935668945312,1857.9181518554688,1437.0935668945312,Fish Model, Snook
16049,114,1,2023-09-07 REEF Data Dump/083123_Fish Degree Angle Tests/083123_Fish Degree Angle Test_FSL-01/P8310427.ORF,1998.494391384816,1481.5353904759902,Red Laser,2162.6691167175873,1515.1270685077452,1867.990242336493,1440.1955497257281,Fish Model, Snook
16050,114,1,2023-09-07 REEF Data Dump/083123_Fish Degree Angle Tests/083123_Fish Degree Angle Test_FSL-01/P8310429.ORF,1996.9600534604765,1483.6135368421346,Red Laser,2125,1523,1829,1450,Fish Model, Snook
16051,114,1,2023-09-07 REEF Data Dump/083123_Fish Degree Angle Tests/083123_Fish Degree Angle Test_FSL-01/P8310428.ORF,1999.333413081395,1480.768309234012,Red Laser,2159,1529,1862,1451,Fish Model, Snook
16052,114,1,2023-09-07 REEF Data Dump/083123_Fish Degree Angle Tests/083123_Fish Degree Angle Test_FSL-01/P8310430.ORF,1996.5565915399952,1483.0071548775722,Red Laser,2151.1946037270955,1521.882462113058,1851.9999999999998,1449,Fish Model, Snook
16053,114,1,2023-09-07 REEF Data Dump/083123_Fish Degree Angle Tests/083123_Fish Degree Angle Test_FSL-01/P8310431.ORF,1998.633918684805,1484.4196462149637,Red Laser,2129.5038741856074,1506.7754244329253,1835.7567907116472,1428.0390927801109,Fish Model, Snook
16054,114,1,2023-09-07 REEF Data Dump/083123_Fish Degree Angle Tests/083123_Fish Degree Angle Test_FSL-01/P8310433.ORF,1997.821064918909,1480.502314152403,Red Laser,2147.0000000000005,1500,1847.0000000000002,1428,Fish Model, Snook
16055,114,1,2023-09-07 REEF Data Dump/083123_Fish Degree Angle Tests/083123_Fish Degree Angle Test_FSL-01/P8310432.ORF,1998.5378710280647,1484.2311283574065,Red Laser,2148,1500,1848,1426,Fish Model, Snook
16056,114,1,2023-09-07 REEF Data Dump/083123_Fish Degree Angle Tests/083123_Fish Degree Angle Test_FSL-01/P8310434.ORF,1998.8796597133842,1480.6975971463262,Red Laser,2150.3942429766034,1506.630913912929,1850.2799216372284,1426.2639481726303,Fish Model, Snook
16057,114,1,2023-09-07 REEF Data Dump/083123_Fish Degree Angle Tests/083123_Fish Degree Angle Test_FSL-01/P8310437.ORF,1997.3874065718815,1481.96218158373,Red Laser,2155.9999999999995,1520.0000000000002,1860.0000000000002,1437,Fish Model, Snook
16058,114,1,2023-09-07 REEF Data Dump/083123_Fish Degree Angle Tests/083123_Fish Degree Angle Test_FSL-01/P8310435.ORF,1997.732703200438,1482.6242782814975,Red Laser,2142,1507,1845,1431,Fish Model, Snook
16059,114,1,2023-09-07 REEF Data Dump/083123_Fish Degree Angle Tests/083123_Fish Degree Angle Test_FSL-01/P8310436.ORF,1996.885020087782,1481.2021173022695,Red Laser,2149,1511,1848.9999999999998,1431,Fish Model, Snook
16060,114,1,2023-09-07 REEF Data Dump/083123_Fish Degree Angle Tests/083123_Fish Degree Angle Test_FSL-01/P8310440.ORF,1999.080788531357,1483.1714971494669,Red Laser,2165.0200195312495,1507.9487915039062,1863.9819946289062,1430.9487915039062,Fish Model, Snook
16061,114,1,2023-09-07 REEF Data Dump/083123_Fish Degree Angle Tests/083123_Fish Degree Angle Test_FSL-01/P8310439.ORF,1999.3014975305728,1483.253712355135,Red Laser,2144.0212402343755,1513.1475830078127,1852.9229736328125,1433.8975830078127,Fish Model, Snook
16062,114,1,2023-09-07 REEF Data Dump/083123_Fish Degree Angle Tests/083123_Fish Degree Angle Test_FSL-01/P8310438.ORF,1997.8474920902393,1483.4571358074268,Red Laser,2141.8461914062505,1512.9508056640625,1854.08837890625,1437.9508056640625,Fish Model, Snook
16063,114,1,2023-09-07 REEF Data Dump/083123_Fish Degree Angle Tests/083123_Fish Degree Angle Test_FSL-01/P8310442.ORF,1998.5,1482.0000000000002,Red Laser,2164.0000000000005,1502,1866,1419,Fish Model, Snook
16064,114,1,2023-09-07 REEF Data Dump/083123_Fish Degree Angle Tests/083123_Fish Degree Angle Test_FSL-01/P8310441.ORF,1997.8056265883677,1484.1477728825532,Red Laser,2150,1495.9999999999998,1855,1421,Fish Model, Snook
16065,114,1,2023-09-07 REEF Data Dump/083123_Fish Degree Angle Tests/083123_Fish Degree Angle Test_FSL-01/P8310443.ORF,1998.0554824493051,1482.6024702661132,Red Laser,2149.1290409795083,1497.9039916992188,1860.9717407226562,1421.903991699219,Fish Model, Snook
16067,114,1,2023-09-07 REEF Data Dump/083123_Fish Degree Angle Tests/083123_Fish Degree Angle Test_FSL-01/P8310444.ORF,1997.0748282851837,1482.4214821043906,Red Laser,2150,1511.9999999999998,1860.0000000000002,1437,Fish Model, Snook
16068,114,1,2023-09-07 REEF Data Dump/083123_Fish Degree Angle Tests/083123_Fish Degree Angle Test_FSL-01/P8310445.ORF,1999.053090947431,1483.7899213188298,Red Laser,2165,1527,1863.0000000000002,1452,Fish Model, Snook
16070,114,1,2023-09-07 REEF Data Dump/083123_Fish Degree Angle Tests/083123_Fish Degree Angle Test_FSL-01/P8310448.ORF,1996.9289723605555,1480.8339787011314,Red Laser,2165.9999999999995,1506,1872,1431,Fish Model, Snook
16071,114,1,2023-09-07 REEF Data Dump/083123_Fish Degree Angle Tests/083123_Fish Degree Angle Test_FSL-01/P8310451.ORF,1998.3771707037254,1482.880550366102,Red Laser,2148.971557617188,1516.8571166992188,1859.95556640625,1440.1071166992188,Fish Model, Snook
16072,114,1,2023-09-07 REEF Data Dump/083123_Fish Degree Angle Tests/083123_Fish Degree Angle Test_FSL-01/P8310450.ORF,1996.5046565798675,1482.6686119264798,Red Laser,2179.0000000000005,1526,1876,1445,Fish Model, Snook
16073,114,1,2023-09-07 REEF Data Dump/083123_Fish Degree Angle Tests/083123_Fish Degree Angle Test_FSL-01/P8310449.ORF,1997.291991650986,1483.1765888579166,Red Laser,2161.792766212054,1527.5898394455028,1872.1610925779346,1451.1053358182623,Fish Model, Snook
16074,114,1,2023-09-07 REEF Data Dump/083123_Fish Degree Angle Tests/083123_Fish Degree Angle Test_FSL-01/P8310452.ORF,1994.8248082326465,1479.8393196211684,Red Laser,2172.9999999999995,1524.9999999999998,1873.0000000000002,1448,Fish Model, Snook
16075,114,1,2023-09-07 REEF Data Dump/083123_Fish Degree Angle Tests/083123_Fish Degree Angle Test_FSL-01/P8310453.ORF,1996.3818363872938,1482.788121402812,Red Laser,2152.17390177386,1530.4136981978224,1865.9989624023438,1451.0645141601562,Fish Model, Snook
16077,114,1,2023-09-07 REEF Data Dump/083123_Fish Degree Angle Tests/083123_Fish Degree Angle Test_FSL-01/P8310455.ORF,1994.601605535649,1479.5427228622998,Red Laser,2155,1520.0000000000002,1864,1446,Fish Model, Snook
16078,114,1,2023-09-07 REEF Data Dump/083123_Fish Degree Angle Tests/083123_Fish Degree Angle Test_FSL-01/P8310456.ORF,1995.7194593536167,1478.2969512606755,Red Laser,2137.123253099099,1524.6273477342534,1856.4988915672743,1444.3768558573468,Fish Model, Snook
16079,114,1,2023-09-07 REEF Data Dump/083123_Fish Degree Angle Tests/083123_Fish Degree Angle Test_FSL-01/P8310457.ORF,1995.886140295523,1482.181412376744,Red Laser,2129.114868164062,1514.984375,1844.923400878906,1436.015625,Fish Model, Snook
16080,114,1,2023-09-07 REEF Data Dump/083123_Fish Degree Angle Tests/083123_Fish Degree Angle Test_FSL-01/P8310458.ORF,1994.415901125559,1478.6241828179882,Red Laser,2134.835247826699,1509.706901847254,1848.8900756835938,1425.0280151367188,Fish Model, Snook
16081,114,1,2023-09-07 REEF Data Dump/083123_Fish Degree Angle Tests/083123_Fish Degree Angle Test_FSL-01/P8310459.ORF,1994.3754248767245,1480.3327115213913,Red Laser,2149.375485306384,1498.4941688526708,1862.8497813627112,1419.6801879575955,Fish Model, Snook
16082,114,1,2023-09-07 REEF Data Dump/083123_Fish Degree Angle Tests/083123_Fish Degree Angle Test_FSL-01/P8310460.ORF,1994.90052593927,1482.541381491629,Red Laser,2144,1505,1855,1429,Fish Model, Snook
16083,114,1,2023-09-07 REEF Data Dump/083123_Fish Degree Angle Tests/083123_Fish Degree Angle Test_FSL-01/P8310462.ORF,1994.4651683143006,1481.5154961603457,Red Laser,2155.0944347758423,1504.2485664561473,1868.9999999999998,1427,Fish Model, Snook
16084,114,1,2023-09-07 REEF Data Dump/083123_Fish Degree Angle Tests/083123_Fish Degree Angle Test_FSL-01/P8310461.ORF,1994.4338275018254,1482.5365817278628,Red Laser,2146.032836914062,1513.9906616210935,1861.894775390625,1439.0093383789062,Fish Model, Snook
16085,114,1,2023-09-07 REEF Data Dump/083123_Fish Degree Angle Tests/083123_Fish Degree Angle Test_FSL-01/P8310463.ORF,1999.4785373608902,1491.2178060413355,Red Laser,2136.067453411316,1506.7013490682266,1850,1427,Fish Model, Snook
16086,114,1,2023-09-07 REEF Data Dump/083123_Fish Degree Angle Tests/083123_Fish Degree Angle Test_FSL-01/P8310465.ORF,1995.0694915253282,1480.116988253297,Red Laser,2117.1567382812495,1533.8599243164062,1834.9597778320315,1451.1099243164062,Fish Model, Snook
16087,114,1,2023-09-07 REEF Data Dump/083123_Fish Degree Angle Tests/083123_Fish Degree Angle Test_FSL-01/P8310466.ORF,1993.986867349276,1481.8108743071064,Red Laser,2129.9423899801723,1534.1199058695317,1845.280267850767,1450.3363734697423,Fish Model, Snook
16088,114,1,2023-09-07 REEF Data Dump/083123_Fish Degree Angle Tests/083123_Fish Degree Angle Test_FSL-01/P8310464.ORF,1994.3998639502965,1481.7898317932595,Red Laser,2149.8928222656255,1508.036682128906,1854.1198120117188,1428.0366821289062,Fish Model, Snook
16089,114,1,2023-09-07 REEF Data Dump/083123_Fish Degree Angle Tests/083123_Fish Degree Angle Test_FSL-01/P8310467.ORF,1994.3796187581827,1480.2647485445248,Red Laser,2142.740859872132,1521.9999999999993,1857,1437,Fish Model, Snook
16090,114,1,2023-09-07 REEF Data Dump/083123_Fish Degree Angle Tests/083123_Fish Degree Angle Test_FSL-01/P8310468.ORF,1995.3584793499992,1482.3922834492687,Red Laser,2133.690142228689,1531.2370156937372,1845,1449,Fish Model, Snook
16091,114,1,2023-09-07 REEF Data Dump/083123_Fish Degree Angle Tests/083123_Fish Degree Angle Test_FSL-01/P8310469.ORF,1995.4248243943669,1478.7740139044913,Red Laser,2137.755311797279,1517.4026981364527,1850,1439,Fish Model, Snook
16092,114,1,2023-09-07 REEF Data Dump/083123_Fish Degree Angle Tests/083123_Fish Degree Angle Test_FSL-01/P8310470.ORF,1996.069605065836,1482.3994447904063,Red Laser,2160.5337267056575,1524.9865093177368,1877.0000000000002,1450,Fish Model, Snook
16093,114,1,2023-09-07 REEF Data Dump/083123_Fish Degree Angle Tests/083123_Fish Degree Angle Test_FSL-01/P8310471.ORF,1996.5129685355312,1480.3112005468802,Red Laser,2153.8593590019577,1502.4026981364525,1875,1430,Fish Model, Snook
16094,114,1,2023-09-07 REEF Data Dump/083123_Fish Degree Angle Tests/083123_Fish Degree Angle Test_FSL-01/P8310473.ORF,1996.397186708564,1480.962548821397,Red Laser,2156.124016429476,1509.7238801179242,1876.0563964843748,1431.9473876953125,Fish Model, Snook
16095,114,1,2023-09-07 REEF Data Dump/083123_Fish Degree Angle Tests/083123_Fish Degree Angle Test_FSL-01/P8310472.ORF,1997.2690193576486,1482.6584052281187,Red Laser,2141.721887895774,1512.8685142160218,1863.9095458984375,1436.90283203125,Fish Model, Snook
16096,114,1,2023-09-07 REEF Data Dump/083123_Fish Degree Angle Tests/083123_Fish Degree Angle Test_FSL-01/P8310475.ORF,1995.117982148613,1482.5958647929433,Red Laser,2143.0091552734375,1531.0512084960935,1866.107666015625,1450.0512084960938,Fish Model, Snook
16097,114,1,2023-09-07 REEF Data Dump/083123_Fish Degree Angle Tests/083123_Fish Degree Angle Test_FSL-01/P8310476.ORF,1995.1619167054112,1479.8287593859961,Red Laser,2150.7032687132314,1515.06179562291,1873.4954738408974,1436.6360609391402,Fish Model, Snook
16098,114,1,2023-09-07 REEF Data Dump/083123_Fish Degree Angle Tests/083123_Fish Degree Angle Test_FSL-01/P8310474.ORF,1996.5324993067954,1483.0241414614075,Red Laser,2159.7718499075113,1531.0014239727325,1873.9965820312502,1451.0391845703125,Fish Model, Snook
16100,114,1,2023-09-07 REEF Data Dump/083123_Fish Degree Angle Tests/083123_Fish Degree Angle Test_FSL-01/P8310478.ORF,1995.6314830422293,1481.199852244667,Red Laser,2143.980308798125,1517.6377267714283,1865.2195290805676,1438.823745876353,Fish Model, Snook
16101,114,1,2023-09-07 REEF Data Dump/083123_Fish Degree Angle Tests/083123_Fish Degree Angle Test_FSL-01/P8310481.ORF,1995.0063704493007,1482.2535648355351,Red Laser,2154.387124814317,1520.3242797173139,1872.9108276367185,1439.0884399414062,Fish Model, Snook
16102,114,1,2023-09-07 REEF Data Dump/083123_Fish Degree Angle Tests/083123_Fish Degree Angle Test_FSL-01/P8310479.ORF,1996.8927809469806,1483.4023381343957,Red Laser,2152.023136392991,1527.9999999999998,1872,1446,Fish Model, Snook
16103,114,1,2023-09-07 REEF Data Dump/083123_Fish Degree Angle Tests/083123_Fish Degree Angle Test_FSL-01/P8310480.ORF,1996.1711560960573,1482.8962929156264,Red Laser,2154.6439233848114,1525.954243525581,1872.1109008789062,1446.0486450195312,Fish Model, Snook
16104,114,1,2023-09-07 REEF Data Dump/083123_Fish Degree Angle Tests/083123_Fish Degree Angle Test_FSL-01/P8310482.ORF,1994.7603255231593,1482.1081329759168,Red Laser,2156.419758730141,1521,1875,1445,Fish Model, Snook
16105,114,1,2023-09-07 REEF Data Dump/083123_Fish Degree Angle Tests/083123_Fish Degree Angle Test_FSL-01/P8310483.ORF,1997.6706392708957,1484.0925098303853,Red Laser,2145.0603174644884,1525.2640657359254,1866.4548362314536,1446.5277340831112,Fish Model, Snook
16107,114,1,2023-09-07 REEF Data Dump/083123_Fish Degree Angle Tests/083123_Fish Degree Angle Test_FSL-01/P8310485.ORF,1994.907320816803,1479.5904011013345,Red Laser,2153.0809440935786,1518.610792545811,1873.0000000000002,1439,Fish Model, Snook
16108,114,1,2023-09-07 REEF Data Dump/083123_Fish Degree Angle Tests/083123_Fish Degree Angle Test_FSL-01/P8310489.ORF,1995.3599316752982,1482.058500700997,Red Laser,2139.483642230032,1527.5703204990214,1868.9999999999998,1449,Fish Model, Snook
16109,114,1,2023-09-07 REEF Data Dump/083123_Fish Degree Angle Tests/083123_Fish Degree Angle Test_FSL-01/P8310488.ORF,1996.8724256262403,1482.099292336012,Red Laser,2134.9132886643665,1530.5757243969251,1864.018798828125,1453.0521240234375,Fish Model, Snook
16110,114,1,2023-09-07 REEF Data Dump/083123_Fish Degree Angle Tests/083123_Fish Degree Angle Test_FSL-01/P8310487.ORF,1994.4054017091828,1480.0319422724417,Red Laser,2143.936767578125,1519.9934692382812,1871.9705810546875,1439.9934692382812,Fish Model, Snook
16193,114,1,2023-09-07 REEF Data Dump/083123_Fish Degree Angle Tests/083123_Fish Degree Angle Test_FSL-01/P8310574.ORF,1994.502059625741,1484.1727521046712,Red Laser,2125.905899613058,1545.4764506025103,1912.8361893270755,1471.9875038425118,Fish Model, Snook
16194,114,1,2023-09-07 REEF Data Dump/083123_Fish Degree Angle Tests/083123_Fish Degree Angle Test_FSL-01/P8310572.ORF,1995.815691020096,1481.5699057668796,Red Laser,2123.748509818068,1534.130216829461,1912.897705078125,1455.9085693359375,Fish Model, Snook
16195,114,1,2023-09-07 REEF Data Dump/083123_Fish Degree Angle Tests/083123_Fish Degree Angle Test_FSL-01/P8310573.ORF,1994.5570040338882,1481.8206665579737,Red Laser,2128.8401628370443,1538.8304601599325,1917.961790096287,1464.705429335447,Fish Model, Snook
16196,114,1,2023-09-07 REEF Data Dump/083123_Fish Degree Angle Tests/083123_Fish Degree Angle Test_FSL-01/P8310570.ORF,1997.8461931200673,1484.0620846411334,Red Laser,2118.914981870568,1535.8224844472322,1901.5414166487276,1465.8130529340838,Fish Model, Snook
16160,114,1,2023-09-07 REEF Data Dump/083123_Fish Degree Angle Tests/083123_Fish Degree Angle Test_FSL-01/P8310535.ORF,1997.2538967160217,1483.0300032126634,Red Laser,2134.0009765624995,1520.0508422851562,1886.97216796875,1449.0508422851562,Fish Model, Snook
16161,114,1,2023-09-07 REEF Data Dump/083123_Fish Degree Angle Tests/083123_Fish Degree Angle Test_FSL-01/P8310539.ORF,1995.7758805615576,1480.107038529422,Red Laser,2137.7701074119736,1533.050074368229,1912.3304052288272,1458.7545561157283,Fish Model, Snook
16162,114,1,2023-09-07 REEF Data Dump/083123_Fish Degree Angle Tests/083123_Fish Degree Angle Test_FSL-01/P8310540.ORF,1997.0255702700795,1483.0119415931824,Red Laser,2133.346036834938,1528.332587733844,1903.8997192382812,1453.9501342773438,Fish Model, Snook
16163,114,1,2023-09-07 REEF Data Dump/083123_Fish Degree Angle Tests/083123_Fish Degree Angle Test_FSL-01/P8310541.ORF,1998.0556540534972,1480.486622111782,Red Laser,2119.0853036735143,1517.669203190342,1891.734064608163,1446.1349068226318,Fish Model, Snook
16164,114,1,2023-09-07 REEF Data Dump/083123_Fish Degree Angle Tests/083123_Fish Degree Angle Test_FSL-01/P8310543.ORF,1997.427972428671,1483.415803027638,Red Laser,2123.991455078125,1516.9757080078125,1896.083740234375,1437.9757080078125,Fish Model, Snook
16165,114,1,2023-09-07 REEF Data Dump/083123_Fish Degree Angle Tests/083123_Fish Degree Angle Test_FSL-01/P8310542.ORF,1998.3003560220277,1482.0190098850105,Red Laser,2135.1127249215674,1515.3682340184428,1901.9901733398435,1442.0189819335938,Fish Model, Snook
16166,114,1,2023-09-07 REEF Data Dump/083123_Fish Degree Angle Tests/083123_Fish Degree Angle Test_FSL-01/P8310544.ORF,2001.164461247637,1488.0453686200376,Red Laser,2129.4058041494727,1513.3390347078137,1900.9327392578125,1439.9664306640625,Fish Model, Snook
16167,114,1,2023-09-07 REEF Data Dump/083123_Fish Degree Angle Tests/083123_Fish Degree Angle Test_FSL-01/P8310547.ORF,1994.5807640426317,1482.798301202816,Red Laser,2136.6544135928402,1527.8021079660218,1908.9573364257812,1452.96923828125,Fish Model, Snook
16168,114,1,2023-09-07 REEF Data Dump/083123_Fish Degree Angle Tests/083123_Fish Degree Angle Test_FSL-01/P8310545.ORF,1995.9159167836767,1479.804110135726,Red Laser,2124.4854184481205,1528.3070869160429,1896.0537109375,1455.1008300781248,Fish Model, Snook
16169,114,1,2023-09-07 REEF Data Dump/083123_Fish Degree Angle Tests/083123_Fish Degree Angle Test_FSL-01/P8310546.ORF,1995.4001247731399,1482.5629175718539,Red Laser,2142.38656564363,1530.2439555693763,1913.967041015625,1457.0595703125,Fish Model, Snook
16170,114,1,2023-09-07 REEF Data Dump/083123_Fish Degree Angle Tests/083123_Fish Degree Angle Test_FSL-01/P8310548.ORF,1996.2021686952482,1478.7110540063488,Red Laser,2123.7624072722033,1524.3378239566052,1892.11083984375,1450.9163208007812,Fish Model, Snook
16171,114,1,2023-09-07 REEF Data Dump/083123_Fish Degree Angle Tests/083123_Fish Degree Angle Test_FSL-01/P8310549.ORF,1996.8540537504998,1483.3398334235376,Red Laser,2150.045603012492,1517.3437898197944,1917.1210327148435,1441.016845703125,Fish Model, Snook
16172,114,1,2023-09-07 REEF Data Dump/083123_Fish Degree Angle Tests/083123_Fish Degree Angle Test_FSL-01/P8310551.ORF,1997.5965646006282,1483.87835078147,Red Laser,2147.1193544349508,1531.9548375526897,1911.0120849609375,1453.9848632812502,Fish Model, Snook
16173,114,1,2023-09-07 REEF Data Dump/083123_Fish Degree Angle Tests/083123_Fish Degree Angle Test_FSL-01/P8310552.ORF,1997.5808397620685,1480.9300292721925,Red Laser,2138.3054499914274,1525.631435831546,1902.0396118164062,1449.9766845703125,Fish Model, Snook
16174,114,1,2023-09-07 REEF Data Dump/083123_Fish Degree Angle Tests/083123_Fish Degree Angle Test_FSL-01/P8310550.ORF,1995.2748091981616,1485.802391590534,Red Laser,2152.604902994426,1538.5223243407513,1917.1053466796875,1459.0831298828125,Fish Model, Snook
16175,114,1,2023-09-07 REEF Data Dump/083123_Fish Degree Angle Tests/083123_Fish Degree Angle Test_FSL-01/P8310554.ORF,1995.7204826169716,1485.6705241214659,Red Laser,2130.2613632400344,1520.5021827391895,1896.0574951171875,1446.06298828125,Fish Model, Snook
16176,114,1,2023-09-07 REEF Data Dump/083123_Fish Degree Angle Tests/083123_Fish Degree Angle Test_FSL-01/P8310555.ORF,1996.3198327739306,1480.9594983217967,Red Laser,2129.0732421875,1516.0239868164062,1897.0345458984375,1437.9760131835938,Fish Model, Snook
16177,114,1,2023-09-07 REEF Data Dump/083123_Fish Degree Angle Tests/083123_Fish Degree Angle Test_FSL-01/P8310553.ORF,1997.0540936251327,1482.6793672508861,Red Laser,2131.8947753906245,1538.8150634765625,1896.0250854492188,1461.0650634765625,Fish Model, Snook
16178,114,1,2023-09-07 REEF Data Dump/083123_Fish Degree Angle Tests/083123_Fish Degree Angle Test_FSL-01/P8310556.ORF,1995.0836861735493,1481.961987770936,Red Laser,2139.848900354981,1530.0227668600603,1907.9119873046875,1449.9649047851562,Fish Model, Snook
16179,114,1,2023-09-07 REEF Data Dump/083123_Fish Degree Angle Tests/083123_Fish Degree Angle Test_FSL-01/P8310560.ORF,1996.1656503707775,1480.0140374878215,Red Laser,2109.372604483337,1514.0150955763615,1895.7649242261155,1448.366037779306,Fish Model, Snook
16180,114,1,2023-09-07 REEF Data Dump/083123_Fish Degree Angle Tests/083123_Fish Degree Angle Test_FSL-01/P8310558.ORF,1996.9100259586796,1479.2968945809046,Red Laser,2097.342067259714,1512.444755412035,1886.3921395231457,1446.418731000166,Fish Model, Snook
16181,114,1,2023-09-07 REEF Data Dump/083123_Fish Degree Angle Tests/083123_Fish Degree Angle Test_FSL-01/P8310557.ORF,1997.0679409602042,1481.2973620386185,Red Laser,2104.155517578125,1511.0098762189214,1895.6083803268632,1439.5943697945906,Fish Model, Snook
16182,114,1,2023-09-07 REEF Data Dump/083123_Fish Degree Angle Tests/083123_Fish Degree Angle Test_FSL-01/P8310559.ORF,1995.8207217694994,1480.6204889406288,Red Laser,2095.0628718126145,1516.7126285181994,1882.9993896484373,1445.9194946289062,Fish Model, Snook
16183,114,1,2023-09-07 REEF Data Dump/083123_Fish Degree Angle Tests/083123_Fish Degree Angle Test_FSL-01/P8310565.ORF,1998.3213878567647,1482.0162527180935,Red Laser,2107.990411742273,1508.6539645590792,1894.2299914109844,1438.2024901964498,Fish Model, Snook
16184,114,1,2023-09-07 REEF Data Dump/083123_Fish Degree Angle Tests/083123_Fish Degree Angle Test_FSL-01/P8310561.ORF,1997.305110737775,1482.127385062198,Red Laser,2091.6588620226175,1540.9535632002426,1883.933754284438,1467.6047572396012,Fish Model, Snook
16185,114,1,2023-09-07 REEF Data Dump/083123_Fish Degree Angle Tests/083123_Fish Degree Angle Test_FSL-01/P8310564.ORF,1997.4184652226525,1482.5447463213468,Red Laser,2104.604665998793,1545.4559155223928,1890.8887329101562,1470.0965576171875,Fish Model, Snook
16187,114,1,2023-09-07 REEF Data Dump/083123_Fish Degree Angle Tests/083123_Fish Degree Angle Test_FSL-01/P8310563.ORF,1997.4799150696335,1482.359999810374,Red Laser,2106.411038899009,1541.6968810621631,1890.8768920898438,1469.96533203125,Fish Model, Snook
16188,114,1,2023-09-07 REEF Data Dump/083123_Fish Degree Angle Tests/083123_Fish Degree Angle Test_FSL-01/P8310566.ORF,1995.919130416193,1478.0632479719318,Red Laser,2142.2561824615555,1516.7884107627403,1930.0635751578895,1441.6801018791107,Fish Model, Snook
16189,114,1,2023-09-07 REEF Data Dump/083123_Fish Degree Angle Tests/083123_Fish Degree Angle Test_FSL-01/P8310567.ORF,1997.8133289802388,1483.9696250346976,Red Laser,2137.0341562125773,1525.252894214045,1927.240809949295,1451.3295105497264,Fish Model, Snook
16190,114,1,2023-09-07 REEF Data Dump/083123_Fish Degree Angle Tests/083123_Fish Degree Angle Test_FSL-01/P8310569.ORF,1997.3528169360304,1482.329936403839,Red Laser,2107.6367896969095,1526.6226924885475,1891.0308227539062,1454.025390625,Fish Model, Snook
16192,114,1,2023-09-07 REEF Data Dump/083123_Fish Degree Angle Tests/083123_Fish Degree Angle Test_FSL-01/P8310571.ORF,1994.5983518367484,1482.7027530189691,Red Laser,2128.294293681864,1531.5476253880508,1914.9393920898435,1456.9519042968752,Fish Model, Snook
17676,94,4,2024.06.20.REEF/08_2023/083123_Fish Degree Angle Tests/083123_Fish Deg Angle Tests_FSL04/P8310170.ORF,2019.770004847539,1384.4833427555031,Red Laser,,,,,Slate, Laser on slate
17682,94,4,2024.06.20.REEF/08_2023/083123_Fish Degree Angle Tests/083123_Fish Deg Angle Tests_FSL04/P8310347.ORF,2039.73233333507,1452.8352442596997,Red Laser,,,,,Slate, Laser on slate
17683,94,4,2024.06.20.REEF/08_2023/083123_Fish Degree Angle Tests/083123_Fish Deg Angle Tests_FSL04/P8310346.ORF,2036.5854951350677,1455.0905036767551,Red Laser,,,,,Slate, Laser on slate
17684,94,4,2024.06.20.REEF/08_2023/083123_Fish Degree Angle Tests/083123_Fish Deg Angle Tests_FSL04/P8310350.ORF,2039.8874123660323,1452.6664088611724,Red Laser,,,,,Slate, Laser on slate
17685,94,4,2024.06.20.REEF/08_2023/083123_Fish Degree Angle Tests/083123_Fish Deg Angle Tests_FSL04/P8310349.ORF,2038.8997786298737,1453.61914015059,Red Laser,,,,,Slate, Laser on slate
17686,94,4,2024.06.20.REEF/08_2023/083123_Fish Degree Angle Tests/083123_Fish Deg Angle Tests_FSL04/P8310351.ORF,2038.829007105143,1453.5055137950303,Red Laser,,,,,Slate, Laser on slate
17687,94,4,2024.06.20.REEF/08_2023/083123_Fish Degree Angle Tests/083123_Fish Deg Angle Tests_FSL04/P8310353.ORF,2039.5523526457346,1453.767956753442,Red Laser,,,,,Slate, Laser on slate
17688,94,4,2024.06.20.REEF/08_2023/083123_Fish Degree Angle Tests/083123_Fish Deg Angle Tests_FSL04/P8310352.ORF,2039.3128994657086,1452.3066183508838,Red Laser,,,,,Slate, Laser on slate
17689,94,4,2024.06.20.REEF/08_2023/083123_Fish Degree Angle Tests/083123_Fish Deg Angle Tests_FSL04/P8310354.ORF,2039.9009279462216,1453.0788156904446,Red Laser,,,,,Slate, Laser on slate
17690,94,4,2024.06.20.REEF/08_2023/083123_Fish Degree Angle Tests/083123_Fish Deg Angle Tests_FSL04/P8310355.ORF,2039.9257381753312,1454.0691500824973,Red Laser,,,,,Slate, Laser on slate
17691,94,4,2024.06.20.REEF/08_2023/083123_Fish Degree Angle Tests/083123_Fish Deg Angle Tests_FSL04/P8310358.ORF,2037.6695499518457,1453.215649506706,Red Laser,,,,,Slate, Laser on slate
17692,94,4,2024.06.20.REEF/08_2023/083123_Fish Degree Angle Tests/083123_Fish Deg Angle Tests_FSL04/P8310356.ORF,2039.5705162242455,1453.956051033379,Red Laser,,,,,Slate, Laser on slate
17693,94,4,2024.06.20.REEF/08_2023/083123_Fish Degree Angle Tests/083123_Fish Deg Angle Tests_FSL04/P8310357.ORF,2037.7983622654124,1452.4187921216353,Red Laser,,,,,Slate, Laser on slate
17694,94,4,2024.06.20.REEF/08_2023/083123_Fish Degree Angle Tests/083123_Fish Deg Angle Tests_FSL04/P8310359.ORF,2036.9896179083864,1450.2178718448924,Red Laser,,,,,Slate, Laser on slate
17695,94,4,2024.06.20.REEF/08_2023/083123_Fish Degree Angle Tests/083123_Fish Deg Angle Tests_FSL04/P8310361.ORF,2040.273016382382,1453.7419680085347,Red Laser,2188.8934326171875,1467.6231689453125,1887.8916625976562,1447.1231689453125,Fish Model, Snook
17696,94,4,2024.06.20.REEF/08_2023/083123_Fish Degree Angle Tests/083123_Fish Deg Angle Tests_FSL04/P8310360.ORF,2039.0622961084853,1451.9052891564097,Red Laser,2188.8504638671875,1457.9912719726562,1888.0996704101562,1445.0087280273438,Fish Model, Snook
17698,94,4,2024.06.20.REEF/08_2023/083123_Fish Degree Angle Tests/083123_Fish Deg Angle Tests_FSL04/P8310363.ORF,2039.1000302147268,1451.5315379915419,Red Laser,2173.82470703125,1479.03662109375,1872.0726928710938,1462.03662109375,Fish Model, Snook
17700,94,4,2024.06.20.REEF/08_2023/083123_Fish Degree Angle Tests/083123_Fish Deg Angle Tests_FSL04/P8310365.ORF,2038.4921048558529,1453.7315583490722,Red Laser,2187.099080748239,1447.1875336212593,1883.0574340820312,1434.0955810546875,Fish Model, Snook
17701,94,4,2024.06.20.REEF/08_2023/083123_Fish Degree Angle Tests/083123_Fish Deg Angle Tests_FSL04/P8310367.ORF,2039.2841665038845,1452.82926041037,Red Laser,2186.2520606181974,1454.3642477498302,1884.0014648437502,1439.9949951171875,Fish Model, Snook
17702,94,4,2024.06.20.REEF/08_2023/083123_Fish Degree Angle Tests/083123_Fish Deg Angle Tests_FSL04/P8310366.ORF,2038.287208882099,1453.9946767090535,Red Laser,2180.2724393806325,1442.915369682319,1877.0197143554688,1427.8928833007812,Fish Model, Snook
17705,94,4,2024.06.20.REEF/08_2023/083123_Fish Degree Angle Tests/083123_Fish Deg Angle Tests_FSL04/P8310371.ORF,2038.291469996013,1449.5370043068615,Red Laser,2178.0197482200565,1454.6394955215512,1877.9016113281243,1432.3225858955414,Fish Model, Snook
17706,94,4,2024.06.20.REEF/08_2023/083123_Fish Degree Angle Tests/083123_Fish Deg Angle Tests_FSL04/P8310370.ORF,2037.8845977655535,1450.263282848543,Red Laser,2173.758111125862,1450.7464893957192,1872.9436645507812,1434.0214843749998,Fish Model, Snook
17707,94,4,2024.06.20.REEF/08_2023/083123_Fish Degree Angle Tests/083123_Fish Deg Angle Tests_FSL04/P8310373.ORF,2039.189596503617,1453.4052006113245,Red Laser,2184.532976415399,1453.8182525701193,1883.9142456054688,1435.9514770507812,Fish Model, Snook
17709,94,4,2024.06.20.REEF/08_2023/083123_Fish Degree Angle Tests/083123_Fish Deg Angle Tests_FSL04/P8310374.ORF,2038.808283682128,1454.1070963297245,Red Laser,2185.5350658680836,1460.4826850597692,1888.92919921875,1438.9296875,Fish Model, Snook
17710,94,4,2024.06.20.REEF/08_2023/083123_Fish Degree Angle Tests/083123_Fish Deg Angle Tests_FSL04/P8310375.ORF,2038.8256585567653,1452.7156441083694,Red Laser,2184.5211726492985,1467.880071371807,1884.0645751953125,1445.019287109375,Fish Model, Snook
17711,94,4,2024.06.20.REEF/08_2023/083123_Fish Degree Angle Tests/083123_Fish Deg Angle Tests_FSL04/P8310376.ORF,2039.2451914063881,1453.833587134795,Red Laser,2172.583691931143,1466.2027068107623,1872.9453735351565,1447.0625610351562,Fish Model, Snook
17712,94,4,2024.06.20.REEF/08_2023/083123_Fish Degree Angle Tests/083123_Fish Deg Angle Tests_FSL04/P8310377.ORF,2038.1075931860448,1454.1138836727619,Red Laser,2181.5872380081096,1424.5951063587213,1879.0336303710938,1408.9901123046875,Fish Model, Snook
17713,94,4,2024.06.20.REEF/08_2023/083123_Fish Degree Angle Tests/083123_Fish Deg Angle Tests_FSL04/P8310378.ORF,2039.596676244313,1455.819645087541,Red Laser,2203.0141714726838,1405.0188439317678,1900.0313507790443,1395.3184402719576,Fish Model, Snook
17715,94,4,2024.06.20.REEF/08_2023/083123_Fish Degree Angle Tests/083123_Fish Deg Angle Tests_FSL04/P8310380.ORF,2037.7412378245658,1451.449464882046,Red Laser,2201.1992059502136,1425.3511424343442,1900.0060424804688,1413.997314453125,Fish Model, Snook
17717,94,4,2024.06.20.REEF/08_2023/083123_Fish Degree Angle Tests/083123_Fish Deg Angle Tests_FSL04/P8310381.ORF,2038.523969531923,1452.146664309482,Red Laser,2198.438650122189,1444.6967667167744,1896.007385253906,1435.6298828125,Fish Model, Snook
17718,94,4,2024.06.20.REEF/08_2023/083123_Fish Degree Angle Tests/083123_Fish Deg Angle Tests_FSL04/P8310386.ORF,2036.3273238460492,1450.0492695454868,Red Laser,2204.1585960922075,1455.8076180458127,1898.0592041015625,1446.9674072265627,Fish Model, Snook
17719,94,4,2024.06.20.REEF/08_2023/083123_Fish Degree Angle Tests/083123_Fish Deg Angle Tests_FSL04/P8310385.ORF,2037.9916737607102,1450.576429062434,Red Laser,2193.81446889143,1462.778602541413,1889.92236328125,1445.953857421875,Fish Model, Snook
17720,94,4,2024.06.20.REEF/08_2023/083123_Fish Degree Angle Tests/083123_Fish Deg Angle Tests_FSL04/P8310384.ORF,2037.925121107576,1454.4020806070532,Red Laser,2196.913796037516,1461.8691882353605,1892.083984375,1451.689208984375,Fish Model, Snook
17721,94,4,2024.06.20.REEF/08_2023/083123_Fish Degree Angle Tests/083123_Fish Deg Angle Tests_FSL04/P8310387.ORF,2037.5424883938053,1454.128930488255,Red Laser,2200.7925865859897,1449.4761947746335,1896.1033935546875,1435.0487670898438,Fish Model, Snook
17722,94,4,2024.06.20.REEF/08_2023/083123_Fish Degree Angle Tests/083123_Fish Deg Angle Tests_FSL04/P8310383.ORF,2037.593713620489,1457.4132712456342,Red Laser,2189.434045803826,1453.764495521551,1885.9004516601562,1442.8806762695312,Fish Model, Snook
17724,94,4,2024.06.20.REEF/08_2023/083123_Fish Degree Angle Tests/083123_Fish Deg Angle Tests_FSL04/P8310392.ORF,2038.0109955902778,1453.678041019441,Red Laser,2191.6879437930675,1453.1534376995444,1888.9777221679685,1443.118896484375,Fish Model, Snook
17727,94,4,2024.06.20.REEF/08_2023/083123_Fish Degree Angle Tests/083123_Fish Deg Angle Tests_FSL04/P8310391.ORF,2038.5513091314237,1454.5192314634858,Red Laser,2191.1643834266574,1457.8047375297624,1890.5856053657524,1451.0457556686324,Fish Model, Snook
17728,94,4,2024.06.20.REEF/08_2023/083123_Fish Degree Angle Tests/083123_Fish Deg Angle Tests_FSL04/P8310396.ORF,2036.373073000966,1453.672990469937,Red Laser,2187.585763497272,1451.2188409643773,1885.517472072039,1447.2712212654274,Fish Model, Snook
17729,94,4,2024.06.20.REEF/08_2023/083123_Fish Degree Angle Tests/083123_Fish Deg Angle Tests_FSL04/P8310393.ORF,2038.5000000000002,1454,Red Laser,2191.400598538201,1438.4980009346036,1890.8212845340718,1433.5655810939727,Fish Model, Snook
17730,94,4,2024.06.20.REEF/08_2023/083123_Fish Degree Angle Tests/083123_Fish Deg Angle Tests_FSL04/P8310395.ORF,2038.4588413754489,1452.038833468173,Red Laser,2189.1322895008016,1449.7467832504306,1889.0196533203125,1441.9664916992188,Fish Model, Snook
17732,94,4,2024.06.20.REEF/08_2023/083123_Fish Degree Angle Tests/083123_Fish Deg Angle Tests_FSL04/P8310397.ORF,2037.7962446280333,1453.291156306845,Red Laser,2186.143064111092,1448.7063115510912,1884.965940182493,1447.8388688140299,Fish Model, Snook
17733,94,4,2024.06.20.REEF/08_2023/083123_Fish Degree Angle Tests/083123_Fish Deg Angle Tests_FSL04/P8310398.ORF,2037.4762106096257,1452.0638845448811,Red Laser,2178.0909216842574,1444.1722127380424,1878.5234961624146,1443.0034416961626,Fish Model, Snook
17734,94,4,2024.06.20.REEF/08_2023/083123_Fish Degree Angle Tests/083123_Fish Deg Angle Tests_FSL04/P8310401.ORF,2038.3158748916087,1451.6099340166516,Red Laser,2190.5469430600588,1445.0382937064612,1888.469391259413,1445.2192112761231,Fish Model, Snook
17735,94,4,2024.06.20.REEF/08_2023/083123_Fish Degree Angle Tests/083123_Fish Deg Angle Tests_FSL04/P8310400.ORF,2037.4704174685285,1452.4703013471258,Red Laser,2196.457005588908,1432.4478300361664,1899.0523071289062,1427.8809204101562,Fish Model, Snook
17736,94,4,2024.06.20.REEF/08_2023/083123_Fish Degree Angle Tests/083123_Fish Deg Angle Tests_FSL04/P8310399.ORF,2037.7983622654128,1451.498192405223,Red Laser,2194.825901965979,1433.9318321476374,1896.773095364542,1430.846970850472,Fish Model, Snook
17737,94,4,2024.06.20.REEF/08_2023/083123_Fish Degree Angle Tests/083123_Fish Deg Angle Tests_FSL04/P8310402.ORF,2037.9331027602827,1451.981494751021,Red Laser,2181.7228167784847,1445.4611311281155,1882.8832133422598,1445.6462841459265,Fish Model, Snook
17738,94,4,2024.06.20.REEF/08_2023/083123_Fish Degree Angle Tests/083123_Fish Deg Angle Tests_FSL04/P8310403.ORF,2039.7085568084199,1451.556089496763,Red Laser,2184.2798184057337,1446.394170658411,1884.3652549802334,1445.2374607878417,Fish Model, Snook
17739,94,4,2024.06.20.REEF/08_2023/083123_Fish Degree Angle Tests/083123_Fish Deg Angle Tests_FSL04/P8310405.ORF,2038.8559576127723,1452.970671665685,Red Laser,2188.3971843042273,1452.8928978778963,1887.9818725585935,1442.0221557617188,Fish Model, Snook
17740,94,4,2024.06.20.REEF/08_2023/083123_Fish Degree Angle Tests/083123_Fish Deg Angle Tests_FSL04/P8310404.ORF,2039.5258141587456,1454.0823189056798,Red Laser,2182.269275033567,1448.8024473129303,1884.9818725585938,1437.0221557617188,Fish Model, Snook
17741,94,4,2024.06.20.REEF/08_2023/083123_Fish Degree Angle Tests/083123_Fish Deg Angle Tests_FSL04/P8310409.ORF,2038.1222740941541,1455.2774562999189,Red Laser,2194.9903232368406,1437.2234203708713,1894.5014618247978,1433.1325457172352,Fish Model, Snook
17742,94,4,2024.06.20.REEF/08_2023/083123_Fish Degree Angle Tests/083123_Fish Deg Angle Tests_FSL04/P8310407.ORF,2037.866490691583,1453.773104447657,Red Laser,2196.5273922494926,1445.074742751743,1895.9443969726562,1435.9389648437502,Fish Model, Snook
17743,94,4,2024.06.20.REEF/08_2023/083123_Fish Degree Angle Tests/083123_Fish Deg Angle Tests_FSL04/P8310406.ORF,2038.5441941074523,1458.3431542461005,Red Laser,2189.7554659934945,1449.361337181856,1890.0226440429688,1441.97119140625,Fish Model, Snook
17744,94,4,2024.06.20.REEF/08_2023/083123_Fish Degree Angle Tests/083123_Fish Deg Angle Tests_FSL04/P8310408.ORF,2038.0109955902778,1452.4048701058343,Red Laser,2199.3894304434116,1443.9923575322005,1899.0850830078125,1433.927978515625,Fish Model, Snook
17745,94,4,2024.06.20.REEF/08_2023/083123_Fish Degree Angle Tests/083123_Fish Deg Angle Tests_FSL04/P8310410.ORF,2037.2805824624136,1453.5805544412576,Red Laser,2180.84895459747,1467.1600619964659,1887.0424194335938,1459.9390258789062,Fish Model, Snook
17746,94,4,2024.06.20.REEF/08_2023/083123_Fish Degree Angle Tests/083123_Fish Deg Angle Tests_FSL04/P8310411.ORF,2038.0314985627194,1454.2043264631027,Red Laser,2182.7871727517904,1454.7276160196216,1888.0499267578125,1444.8755493164062,Fish Model, Snook
17747,94,4,2024.06.20.REEF/08_2023/083123_Fish Degree Angle Tests/083123_Fish Deg Angle Tests_FSL04/P8310414.ORF,2038.3622295917155,1453.1897943841298,Red Laser,2181.6041727221323,1463.0177568461409,1888.0908203125,1455.119934082031,Fish Model, Snook
17748,94,4,2024.06.20.REEF/08_2023/083123_Fish Degree Angle Tests/083123_Fish Deg Angle Tests_FSL04/P8310413.ORF,2038.0318803122516,1452.5199752147275,Red Laser,2185.999265320902,1453.9665180319205,1890.923828125,1446.8812255859375,Fish Model, Snook
17749,94,4,2024.06.20.REEF/08_2023/083123_Fish Degree Angle Tests/083123_Fish Deg Angle Tests_FSL04/P8310412.ORF,2037.7004918557784,1453.6103027387192,Red Laser,2179.937949034874,1455.0983487693825,1883.944461834662,1451.056416747234,Fish Model, Snook
17750,94,4,2024.06.20.REEF/08_2023/083123_Fish Degree Angle Tests/083123_Fish Deg Angle Tests_FSL04/P8310415.ORF,2037.7379551838712,1453.4713845426847,Red Laser,2185.449438739009,1443.431649681856,1890.8956909179688,1434.95849609375,Fish Model, Snook
17751,94,4,2024.06.20.REEF/08_2023/083123_Fish Degree Angle Tests/083123_Fish Deg Angle Tests_FSL04/P8310418.ORF,2038.2112273831247,1453.0275736367905,Red Laser,2189.2597274459495,1450.1564836866894,1893.039306640625,1438.977294921875,Fish Model, Snook
17752,94,4,2024.06.20.REEF/08_2023/083123_Fish Degree Angle Tests/083123_Fish Deg Angle Tests_FSL04/P8310419.ORF,2038.2214770253547,1452.2645537394394,Red Laser,2182.604599163052,1454.361766578684,1887.0442504882815,1443.0302124023438,Fish Model, Snook
17753,94,4,2024.06.20.REEF/08_2023/083123_Fish Degree Angle Tests/083123_Fish Deg Angle Tests_FSL04/P8310416.ORF,2037.8287058339588,1453.8850269349432,Red Laser,2191.484943086234,1455.0418317241717,1894.101806640625,1441.9335327148438,Fish Model, Snook
17754,94,4,2024.06.20.REEF/08_2023/083123_Fish Degree Angle Tests/083123_Fish Deg Angle Tests_FSL04/P8310417.ORF,2037.1711843865385,1452.2629145607689,Red Laser,2193.1193394813445,1450.3516718383885,1896.1764511272427,1444.376977932732,Fish Model, Snook
17755,94,4,2024.06.20.REEF/08_2023/083123_Fish Degree Angle Tests/083123_Fish Deg Angle Tests_FSL04/P8310422.ORF,2037.7558911869012,1453.4622874312593,Red Laser,2186.3999593206468,1446.6622084984444,1891.1430164542553,1441.7864300272981,Fish Model, Snook
17756,94,4,2024.06.20.REEF/08_2023/083123_Fish Degree Angle Tests/083123_Fish Deg Angle Tests_FSL04/P8310420.ORF,2037.2040000735044,1452.7075152076948,Red Laser,2179.438763412467,1438.062857578285,1881.9145555267328,1436.7283094482348,Fish Model, Snook
17757,94,4,2024.06.20.REEF/08_2023/083123_Fish Degree Angle Tests/083123_Fish Deg Angle Tests_FSL04/P8310421.ORF,2037.6598521261951,1451.385165990139,Red Laser,2179.78021305846,1441.1703159027159,1880.9680786132812,1432.0507202148438,Fish Model, Snook
17759,94,4,2024.06.20.REEF/08_2023/083123_Fish Degree Angle Tests/083123_Fish Deg Angle Tests_FSL04/P8310423.ORF,2037.6948892622254,1452.2799404310852,Red Laser,2186.936484191124,1449.20516029282,1890.9429931640625,1444.0385131835938,Fish Model, Snook
17760,94,4,2024.06.20.REEF/08_2023/083123_Fish Degree Angle Tests/083123_Fish Deg Angle Tests_FSL04/P8310426.ORF,2038.173142167827,1452.3269935430133,Red Laser,2191.121530709066,1447.8471966487941,1893.1235961914062,1440.945068359375,Fish Model, Snook
17761,94,4,2024.06.20.REEF/08_2023/083123_Fish Degree Angle Tests/083123_Fish Deg Angle Tests_FSL04/P8310427.ORF,2037.763855552118,1452.205890777632,Red Laser,2201.0398169245564,1451.7124639269468,1903.957275390625,1443.0203247070312,Fish Model, Snook
17762,94,4,2024.06.20.REEF/08_2023/083123_Fish Degree Angle Tests/083123_Fish Deg Angle Tests_FSL04/P8310425.ORF,2037.5090039875108,1452.3051047845502,Red Laser,2192.28506215789,1444.2571433705039,1898.0972900390627,1439.8921508789065,Fish Model, Snook
17763,94,4,2024.06.20.REEF/08_2023/083123_Fish Degree Angle Tests/083123_Fish Deg Angle Tests_FSL04/P8310428.ORF,2037.3955437937493,1453.5342845349653,Red Laser,2190.5142811304804,1451.8861138522757,1895.0859985351562,1445.0253295898438,Fish Model, Snook
17764,94,4,2024.06.20.REEF/08_2023/083123_Fish Degree Angle Tests/083123_Fish Deg Angle Tests_FSL04/P8310429.ORF,2037.0961411985215,1453.5425071896498,Red Laser,2178.8441011161776,1458.589867901616,1890.8926391601562,1450.1171875000002,Fish Model, Snook
17765,94,4,2024.06.20.REEF/08_2023/083123_Fish Degree Angle Tests/083123_Fish Deg Angle Tests_FSL04/P8310430.ORF,2037.6970870592365,1453.986688513649,Red Laser,2180.539125049585,1452.5598002166776,1892.9819946289062,1445.0364990234375,Fish Model, Snook
17766,94,4,2024.06.20.REEF/08_2023/083123_Fish Degree Angle Tests/083123_Fish Deg Angle Tests_FSL04/P8310431.ORF,2038.1532735346714,1452.9783195180185,Red Laser,2186.999605109019,1463.583959567268,1899.9739379882812,1459.0233764648438,Fish Model, Snook
17767,94,4,2024.06.20.REEF/08_2023/083123_Fish Degree Angle Tests/083123_Fish Deg Angle Tests_FSL04/P8310433.ORF,2038.2821026519055,1452.7062843491838,Red Laser,2187.4519304434107,1462.1313629216818,1895.9462280273438,1454.9854125976562,Fish Model, Snook
17768,94,4,2024.06.20.REEF/08_2023/083123_Fish Degree Angle Tests/083123_Fish Deg Angle Tests_FSL04/P8310432.ORF,2035.938682292099,1452.6886440619612,Red Laser,2180.680020502465,1463.067709120945,1893.1156616210935,1459.0740356445312,Fish Model, Snook
17769,94,4,2024.06.20.REEF/08_2023/083123_Fish Degree Angle Tests/083123_Fish Deg Angle Tests_FSL04/P8310434.ORF,2037.4124600847856,1453.2159118229322,Red Laser,2176.0956638786242,1445.4356946064045,1885.9357299804685,1438.9969482421875,Fish Model, Snook
17770,94,4,2024.06.20.REEF/08_2023/083123_Fish Degree Angle Tests/083123_Fish Deg Angle Tests_FSL04/P8310435.ORF,2037.8558997476894,1450.4049802419838,Red Laser,2184.3557111739997,1447.8118342170762,1892.0789184570312,1438.8960571289062,Fish Model, Snook
17771,94,4,2024.06.20.REEF/08_2023/083123_Fish Degree Angle Tests/083123_Fish Deg Angle Tests_FSL04/P8310436.ORF,2038.2272780423773,1451.4040401614993,Red Laser,2180.2268739356923,1451.1337321167102,1890.07763671875,1446.04052734375,Fish Model, Snook
17772,94,4,2024.06.20.REEF/08_2023/083123_Fish Degree Angle Tests/083123_Fish Deg Angle Tests_FSL04/P8310437.ORF,2037.7557572131268,1453.5605887497813,Red Laser,2185.168138113923,1448.3866956512359,1895.0733032226562,1441.0780029296875,Fish Model, Snook
17773,94,4,2024.06.20.REEF/08_2023/083123_Fish Degree Angle Tests/083123_Fish Deg Angle Tests_FSL04/P8310438.ORF,2037.4800466725035,1454.108672604442,Red Laser,2182.6598517303346,1460.0998793923566,1890.9111328125,1459.949462890625,Fish Model, Snook
16127,114,1,2023-09-07 REEF Data Dump/083123_Fish Degree Angle Tests/083123_Fish Degree Angle Test_FSL-01/P8310506.ORF,1998.2307437370212,1482.6730925857364,Red Laser,2159.749629789552,1510.213768766157,1898.948974609375,1439.0191650390625,Fish Model, Snook
16128,114,1,2023-09-07 REEF Data Dump/083123_Fish Degree Angle Tests/083123_Fish Degree Angle Test_FSL-01/P8310507.ORF,1997.9408694058886,1480.0157218532843,Red Laser,2142.108764648438,1510.0957641601562,1882.0108642578125,1440.9042358398438,Fish Model, Snook
16129,114,1,2023-09-07 REEF Data Dump/083123_Fish Degree Angle Tests/083123_Fish Degree Angle Test_FSL-01/P8310508.ORF,1996.476093244622,1480.848062114078,Red Laser,2140.1134033203125,1515.110107421875,1873.9243774414062,1442.889892578125,Fish Model, Snook
16130,114,1,2023-09-07 REEF Data Dump/083123_Fish Degree Angle Tests/083123_Fish Degree Angle Test_FSL-01/P8310504.ORF,1998.7746959395727,1482.1717814940598,Red Laser,2134.876996753762,1529.5245019984484,1874.9015502929688,1454.07568359375,Fish Model, Snook
16131,114,1,2023-09-07 REEF Data Dump/083123_Fish Degree Angle Tests/083123_Fish Degree Angle Test_FSL-01/P8310509.ORF,1997.5000000000002,1484.0000000000005,Red Laser,2151.9173583984375,1522.0274047851562,1892.0352172851562,1450.0274047851562,Fish Model, Snook
16132,114,1,2023-09-07 REEF Data Dump/083123_Fish Degree Angle Tests/083123_Fish Degree Angle Test_FSL-01/P8310512.ORF,1997.5369737334763,1481.2439990859123,Red Laser,2134.2088138832346,1526.0676221109793,1876.09521484375,1447.087890625,Fish Model, Snook
16133,114,1,2023-09-07 REEF Data Dump/083123_Fish Degree Angle Tests/083123_Fish Degree Angle Test_FSL-01/P8310513.ORF,1997.2982451173225,1482.7615580158567,Red Laser,2129.07568359375,1525.9978027343752,1871.0488891601565,1446.997802734375,Fish Model, Snook
16134,114,1,2023-09-07 REEF Data Dump/083123_Fish Degree Angle Tests/083123_Fish Degree Angle Test_FSL-01/P8310511.ORF,1996.1865854449225,1481.1378122583483,Red Laser,2143,1520.0000000000002,1883,1449,Fish Model, Snook
16135,114,1,2023-09-07 REEF Data Dump/083123_Fish Degree Angle Tests/083123_Fish Degree Angle Test_FSL-01/P8310510.ORF,1995.6944990708516,1482.3221153480165,Red Laser,2136.3219294836153,1531.9350392251688,1879.1002197265623,1455.01611328125,Fish Model, Snook
16136,114,1,2023-09-07 REEF Data Dump/083123_Fish Degree Angle Tests/083123_Fish Degree Angle Test_FSL-01/P8310514.ORF,2000.4814687995593,1483.6346101862173,Red Laser,2127.3080265920207,1521.3839703838112,1866.8785400390625,1445.1038208007812,Fish Model, Snook
16137,114,1,2023-09-07 REEF Data Dump/083123_Fish Degree Angle Tests/083123_Fish Degree Angle Test_FSL-01/P8310515.ORF,1997.6371996369467,1482.788121402812,Red Laser,2126.092257351484,1508.486517560067,1865.957275390625,1432.0664672851562,Fish Model, Snook
16138,114,1,2023-09-07 REEF Data Dump/083123_Fish Degree Angle Tests/083123_Fish Degree Angle Test_FSL-01/P8310516.ORF,1996.784713888077,1482.342485416605,Red Laser,2133.76904296875,1496.9791870117188,1872.1228637695312,1427.9791870117188,Fish Model, Snook
16139,114,1,2023-09-07 REEF Data Dump/083123_Fish Degree Angle Tests/083123_Fish Degree Angle Test_FSL-01/P8310517.ORF,1995.6247349304056,1481.5353904759902,Red Laser,2150.1174752199317,1518.948142415182,1885.8765869140625,1444.8897094726562,Fish Model, Snook
16140,114,1,2023-09-07 REEF Data Dump/083123_Fish Degree Angle Tests/083123_Fish Degree Angle Test_FSL-01/P8310518.ORF,1996.8454208281175,1479.4468925029096,Red Laser,2145.6604566785827,1523.9692746764395,1883.1232299804688,1445.0396118164062,Fish Model, Snook
16142,114,1,2023-09-07 REEF Data Dump/083123_Fish Degree Angle Tests/083123_Fish Degree Angle Test_FSL-01/P8310520.ORF,1999.4785373608902,1486.422893481717,Red Laser,2152.9794924588705,1518.071167399243,1892.9680786132812,1441.0137939453125,Fish Model, Snook
16143,114,1,2023-09-07 REEF Data Dump/083123_Fish Degree Angle Tests/083123_Fish Degree Angle Test_FSL-01/P8310519.ORF,1995.834193584858,1482.2223678932269,Red Laser,2135.9873046875005,1524.1298217773438,1876.9736328125,1451.8798217773438,Fish Model, Snook
16144,114,1,2023-09-07 REEF Data Dump/083123_Fish Degree Angle Tests/083123_Fish Degree Angle Test_FSL-01/P8310521.ORF,1996.1558396182754,1478.1328683254858,Red Laser,2151.18460375531,1526.3966601364475,1890.02587890625,1448.040771484375,Fish Model, Snook
16145,114,1,2023-09-07 REEF Data Dump/083123_Fish Degree Angle Tests/083123_Fish Degree Angle Test_FSL-01/P8310523.ORF,1996.6765052420312,1479.6586601860793,Red Laser,2127.6908799911607,1545.4186860263053,1882.001892089844,1461.9095458984375,Fish Model, Snook
16146,114,1,2023-09-07 REEF Data Dump/083123_Fish Degree Angle Tests/083123_Fish Degree Angle Test_FSL-01/P8310526.ORF,1996.8661563534042,1483.2284361548193,Red Laser,2124.91432027101,1516.781889404434,1881.0838012695312,1443.9102783203125,Fish Model, Snook
16147,114,1,2023-09-07 REEF Data Dump/083123_Fish Degree Angle Tests/083123_Fish Degree Angle Test_FSL-01/P8310525.ORF,1997.9869217012806,1485.592904179046,Red Laser,2132.1097412109375,1538.1132202148435,1890.9268798828125,1459.8867797851562,Fish Model, Snook
16148,114,1,2023-09-07 REEF Data Dump/083123_Fish Degree Angle Tests/083123_Fish Degree Angle Test_FSL-01/P8310524.ORF,1996.764167274303,1483.608715032064,Red Laser,2133.6709973137677,1535.909308894442,1889.100830078125,1458.0299072265625,Fish Model, Snook
16149,114,1,2023-09-07 REEF Data Dump/083123_Fish Degree Angle Tests/083123_Fish Degree Angle Test_FSL-01/P8310527.ORF,1995.456275320481,1482.6076614542264,Red Laser,2134.9285632249957,1529.7607087446897,1890.0441284179688,1454.984130859375,Fish Model, Snook
16150,114,1,2023-09-07 REEF Data Dump/083123_Fish Degree Angle Tests/083123_Fish Degree Angle Test_FSL-01/P8310528.ORF,1999.4785373608902,1486.422893481717,Red Laser,2121.91794510103,1529.4053779451324,1874.00830078125,1456.956848144531,Fish Model, Snook
16151,114,1,2023-09-07 REEF Data Dump/083123_Fish Degree Angle Tests/083123_Fish Degree Angle Test_FSL-01/P8310529.ORF,1995.637029756122,1481.814181140874,Red Laser,2124.6917882849334,1518.7731697104055,1879.0787353515625,1444.9677734375,Fish Model, Snook
17508,94,4,2024.06.20.REEF/08_2023/083123_Fish Degree Angle Tests/083123_Fish Deg Angle Tests_FSL04/P8310002.ORF,2021.2849123934,1383.947095268302,Red Laser,2344.128391202411,1408.3309143686504,1727.6719883889696,1330.6263257787205,Fish Model, Snook
17509,94,4,2024.06.20.REEF/08_2023/083123_Fish Degree Angle Tests/083123_Fish Deg Angle Tests_FSL04/P8310005.ORF,2022.6459310740165,1385.645222573298,Red Laser,2328.7547169811323,1416.0754716981132,1713.7358490566037,1341.6603773584907,Fish Model, Snook
17551,94,4,2024.06.20.REEF/08_2023/083123_Fish Degree Angle Tests/083123_Fish Deg Angle Tests_FSL04/P8310046.ORF,2022.5761499492219,1380.6822871804088,Red Laser,2338.171210778336,1412.2403575413948,1735.7914428710938,1358.2252197265625,Fish Model, Snook
17553,94,4,2024.06.20.REEF/08_2023/083123_Fish Degree Angle Tests/083123_Fish Deg Angle Tests_FSL04/P8310047.ORF,2022.670592721991,1383.6049756617756,Red Laser,2345.4269752832224,1415.1310692277789,1743.1109619140625,1364.235107421875,Fish Model, Snook
17554,94,4,2024.06.20.REEF/08_2023/083123_Fish Degree Angle Tests/083123_Fish Deg Angle Tests_FSL04/P8310048.ORF,2024.1996995573697,1383.8770138286998,Red Laser,2344.408481031592,1419.3345435030005,1742.0630493164065,1370.0785522460938,Fish Model, Snook
17555,94,4,2024.06.20.REEF/08_2023/083123_Fish Degree Angle Tests/083123_Fish Deg Angle Tests_FSL04/P8310050.ORF,2022.9997283044356,1383.3050184925871,Red Laser,2341.6534791845274,1419.499338948869,1736.8661499023438,1366.1427612304688,Fish Model, Snook
17556,94,4,2024.06.20.REEF/08_2023/083123_Fish Degree Angle Tests/083123_Fish Deg Angle Tests_FSL04/P8310049.ORF,2022.2069851892002,1383.4360226501794,Red Laser,2348.1582982602627,1416.6324226422573,1745.1807861328125,1362.0083007812502,Fish Model, Snook
17557,94,4,2024.06.20.REEF/08_2023/083123_Fish Degree Angle Tests/083123_Fish Deg Angle Tests_FSL04/P8310051.ORF,2023.4250832714552,1383.7725919008874,Red Laser,2343.2491405754436,1418.4095101542089,1735.9355468749998,1371.0370483398438,Fish Model, Snook
17558,94,4,2024.06.20.REEF/08_2023/083123_Fish Degree Angle Tests/083123_Fish Deg Angle Tests_FSL04/P8310052.ORF,2022.4027574297315,1383.2384067458986,Red Laser,2337.8015561533534,1406.2929709421637,1733.9051513671875,1358.86181640625,Fish Model, Snook
17559,94,4,2024.06.20.REEF/08_2023/083123_Fish Degree Angle Tests/083123_Fish Deg Angle Tests_FSL04/P8310053.ORF,2023.770578921585,1385.2705678313455,Red Laser,2351.561390459511,1436.2156895266755,1747.9486694335938,1389.006103515625,Fish Model, Snook
17560,94,4,2024.06.20.REEF/08_2023/083123_Fish Degree Angle Tests/083123_Fish Deg Angle Tests_FSL04/P8310054.ORF,2022.3694858980627,1384.4390482869478,Red Laser,2358.7981905722777,1428.4085861312672,1755.0078735351562,1380.7598266601562,Fish Model, Snook
17561,94,4,2024.06.20.REEF/08_2023/083123_Fish Degree Angle Tests/083123_Fish Deg Angle Tests_FSL04/P8310055.ORF,2022.0770400182305,1383.9077040018233,Red Laser,2345.464213990889,1417.1099501931376,1743.1820678710935,1373.2095336914062,Fish Model, Snook
17562,94,4,2024.06.20.REEF/08_2023/083123_Fish Degree Angle Tests/083123_Fish Deg Angle Tests_FSL04/P8310057.ORF,2024.6508104898753,1384.8675667779398,Red Laser,2361.268203715423,1411.7936128941003,1757.1646118164062,1364.1304321289062,Fish Model, Snook
17563,94,4,2024.06.20.REEF/08_2023/083123_Fish Degree Angle Tests/083123_Fish Deg Angle Tests_FSL04/P8310056.ORF,2021.77483855012,1382.4731191150313,Red Laser,2362.2508002303525,1411.8462301647035,1756.1941528320312,1370.1883544921875,Fish Model, Snook
17564,94,4,2024.06.20.REEF/08_2023/083123_Fish Degree Angle Tests/083123_Fish Deg Angle Tests_FSL04/P8310058.ORF,2023.5131535091998,1383.4299298065323,Red Laser,2357.4433938957045,1410.4635190902743,1753.9144287109373,1366.1832275390625,Fish Model, Snook
17565,94,4,2024.06.20.REEF/08_2023/083123_Fish Degree Angle Tests/083123_Fish Deg Angle Tests_FSL04/P8310060.ORF,2020.5856202537002,1383.509811076126,Red Laser,2350.0526724864835,1421.983477586368,1746.7986450195312,1375.7968139648438,Fish Model, Snook
17566,94,4,2024.06.20.REEF/08_2023/083123_Fish Degree Angle Tests/083123_Fish Deg Angle Tests_FSL04/P8310059.ORF,2021.4404832450011,1383.383574213633,Red Laser,2355.894910239937,1430.3503985723644,1751.8382568359377,1384.9483032226562,Fish Model, Snook
17567,94,4,2024.06.20.REEF/08_2023/083123_Fish Degree Angle Tests/083123_Fish Deg Angle Tests_FSL04/P8310061.ORF,2022.649796587067,1382.3692341593403,Red Laser,2346.669883116546,1419.8424123943562,1750.1671752929688,1382.0213623046877,Fish Model, Snook
17568,94,4,2024.06.20.REEF/08_2023/083123_Fish Degree Angle Tests/083123_Fish Deg Angle Tests_FSL04/P8310062.ORF,2023.9879079909838,1386.1031739733019,Red Laser,2347.357673635055,1407.030447827457,1752.144836425781,1370.1791381835938,Fish Model, Snook
17569,94,4,2024.06.20.REEF/08_2023/083123_Fish Degree Angle Tests/083123_Fish Deg Angle Tests_FSL04/P8310063.ORF,2023.2976081380507,1382.8830087183187,Red Laser,2340.8326543805615,1404.2905609344098,1748.1407470703125,1372.0462646484375,Fish Model, Snook
17570,94,4,2024.06.20.REEF/08_2023/083123_Fish Degree Angle Tests/083123_Fish Deg Angle Tests_FSL04/P8310064.ORF,2024.5991616392166,1384.2201968123009,Red Laser,2344.4250662591494,1401.3074253665195,1752.2308349609373,1369.5462036132812,Fish Model, Snook
17571,94,4,2024.06.20.REEF/08_2023/083123_Fish Degree Angle Tests/083123_Fish Deg Angle Tests_FSL04/P8310067.ORF,2024.9146895029567,1385.2873045034205,Red Laser,2340.162252351913,1411.2757947723296,1748.2465209960938,1383.2171020507812,Fish Model, Snook
17572,94,4,2024.06.20.REEF/08_2023/083123_Fish Degree Angle Tests/083123_Fish Deg Angle Tests_FSL04/P8310068.ORF,2024.7484182241858,1385.8010494406067,Red Laser,2335.922767031844,1411.8021647792893,1745.0025024414065,1382.0465087890625,Fish Model, Snook
17573,94,4,2024.06.20.REEF/08_2023/083123_Fish Degree Angle Tests/083123_Fish Deg Angle Tests_FSL04/P8310066.ORF,2022.5729263033845,1383.7691844539768,Red Laser,2330.732873504623,1414.8337046432564,1737.964111328125,1385.0254516601562,Fish Model, Snook
17574,94,4,2024.06.20.REEF/08_2023/083123_Fish Degree Angle Tests/083123_Fish Deg Angle Tests_FSL04/P8310065.ORF,2024.7724083919845,1384.768056875055,Red Laser,2340.426755620336,1414.714351110994,1746.7614135742188,1382.8904418945312,Fish Model, Snook
17575,94,4,2024.06.20.REEF/08_2023/083123_Fish Degree Angle Tests/083123_Fish Deg Angle Tests_FSL04/P8310069.ORF,2023.977909499987,1385.4511700961725,Red Laser,2335.963685151541,1410.962929871376,1743.8192138671875,1382.93896484375,Fish Model, Snook
17577,94,4,2024.06.20.REEF/08_2023/083123_Fish Degree Angle Tests/083123_Fish Deg Angle Tests_FSL04/P8310071.ORF,2023.7339116082157,1385.5784095099004,Red Laser,2352.0192762016995,1414.023193359375,1759.145690917969,1380.619384765625,Fish Model, Snook
17578,94,4,2024.06.20.REEF/08_2023/083123_Fish Degree Angle Tests/083123_Fish Deg Angle Tests_FSL04/P8310072.ORF,2024.170448910243,1383.0457679398428,Red Laser,2349.5284167217196,1411.396983222582,1756.9158935546875,1370.7950439453125,Fish Model, Snook
17579,94,4,2024.06.20.REEF/08_2023/083123_Fish Degree Angle Tests/083123_Fish Deg Angle Tests_FSL04/P8310073.ORF,2024.28178881787,1385.1774498067293,Red Laser,2351.208710799592,1411.3250775999436,1759.0155639648438,1372.8037109375,Fish Model, Snook
17580,94,4,2024.06.20.REEF/08_2023/083123_Fish Degree Angle Tests/083123_Fish Deg Angle Tests_FSL04/P8310074.ORF,2023.9447669739852,1382.7858321782112,Red Laser,2352.955296426656,1410.088257383979,1761.0454711914062,1374.85546875,Fish Model, Snook
17581,94,4,2024.06.20.REEF/08_2023/083123_Fish Degree Angle Tests/083123_Fish Deg Angle Tests_FSL04/P8310078.ORF,2022.3604109902053,1384.913875494851,Red Laser,2341.542086226679,1410.6229385462334,1749.2418212890625,1377.9711303710938,Fish Model, Snook
17583,94,4,2024.06.20.REEF/08_2023/083123_Fish Degree Angle Tests/083123_Fish Deg Angle Tests_FSL04/P8310076.ORF,2022.9661839265957,1385.593209683529,Red Laser,2340.2617721391543,1399.68740736447,1748.130859375,1369.7841796875,Fish Model, Snook
17584,94,4,2024.06.20.REEF/08_2023/083123_Fish Degree Angle Tests/083123_Fish Deg Angle Tests_FSL04/P8310075.ORF,2025.060468512503,1384.4390482869478,Red Laser,2346.314177977612,1395.777544942747,1753.9378662109375,1358.9038696289065,Fish Model, Snook
17585,94,4,2024.06.20.REEF/08_2023/083123_Fish Degree Angle Tests/083123_Fish Deg Angle Tests_FSL04/P8310079.ORF,2023.5027076698213,1384.7610482557016,Red Laser,2341.723957584897,1408.0425992773887,1748.1282958984375,1376.9722290039062,Fish Model, Snook
17586,94,4,2024.06.20.REEF/08_2023/083123_Fish Degree Angle Tests/083123_Fish Deg Angle Tests_FSL04/P8310080.ORF,2023.3099343375818,1383.1241508560715,Red Laser,2341.44035229083,1412.1681998173572,1761.1851806640625,1381.6498413085938,Fish Model, Snook
17587,94,4,2024.06.20.REEF/08_2023/083123_Fish Degree Angle Tests/083123_Fish Deg Angle Tests_FSL04/P8310083.ORF,2022.81264965135,1384.4229302468282,Red Laser,2332.8879754112554,1418.1510772771508,1752.7994995117188,1388.0343017578125,Fish Model, Snook
17588,94,4,2024.06.20.REEF/08_2023/083123_Fish Degree Angle Tests/083123_Fish Deg Angle Tests_FSL04/P8310082.ORF,2023.0317690393606,1383.49777438704,Red Laser,2335.6045312366327,1416.5753521007603,1756.1834106445312,1386.2464599609375,Fish Model, Snook
17589,94,4,2024.06.20.REEF/08_2023/083123_Fish Degree Angle Tests/083123_Fish Deg Angle Tests_FSL04/P8310081.ORF,2022.1478581730653,1381.8429383101534,Red Laser,2331.0606580376366,1416.6719545622625,1752.1331787109373,1384.4036254882812,Fish Model, Snook
17590,94,4,2024.06.20.REEF/08_2023/083123_Fish Degree Angle Tests/083123_Fish Deg Angle Tests_FSL04/P8310085.ORF,2022.7615905094494,1385.354205295664,Red Laser,2351.251533051365,1405.2614142486366,1772.2476806640625,1370.881103515625,Fish Model, Snook
17591,94,4,2024.06.20.REEF/08_2023/083123_Fish Degree Angle Tests/083123_Fish Deg Angle Tests_FSL04/P8310087.ORF,2023.6693830034926,1383.1501746216532,Red Laser,2346.2473515997426,1406.9846023202801,1768.0430908203125,1375.128173828125,Fish Model, Snook
17633,94,4,2024.06.20.REEF/08_2023/083123_Fish Degree Angle Tests/083123_Fish Deg Angle Tests_FSL04/P8310126.ORF,2022.26721572225,1385.2029469462486,Red Laser,2319.3064978835127,1392.7968372199161,1737,1464,Fish Model, Snook
17634,94,4,2024.06.20.REEF/08_2023/083123_Fish Degree Angle Tests/083123_Fish Deg Angle Tests_FSL04/P8310127.ORF,2021.354927804811,1383.9062968374444,Red Laser,2322.476243582673,1398.3585095064714,1799.0892333984375,1378.8463745117188,Fish Model, Snook
17635,94,4,2024.06.20.REEF/08_2023/083123_Fish Degree Angle Tests/083123_Fish Deg Angle Tests_FSL04/P8310128.ORF,2021.1671194401963,1382.3873045975333,Red Laser,2314.5459823575184,1405.4131186339562,1794.8773803710938,1392.2155151367188,Fish Model, Snook
17636,94,4,2024.06.20.REEF/08_2023/083123_Fish Degree Angle Tests/083123_Fish Deg Angle Tests_FSL04/P8310130.ORF,2021.4301946215414,1384.8450234032848,Red Laser,2303.237791872668,1417.9975727631,1747,1476,Fish Model, Snook
17637,94,4,2024.06.20.REEF/08_2023/083123_Fish Degree Angle Tests/083123_Fish Deg Angle Tests_FSL04/P8310131.ORF,2022.3602347213746,1383.140750877957,Red Laser,2305.0320758121434,1414.3550324470502,1745.9999999999998,1471,Fish Model, Snook
17638,94,4,2024.06.20.REEF/08_2023/083123_Fish Degree Angle Tests/083123_Fish Deg Angle Tests_FSL04/P8310132.ORF,2022.0331130712573,1383.4299298065328,Red Laser,2300.7812957697242,1416.5834917359941,1743,1474,Fish Model, Snook
17639,94,4,2024.06.20.REEF/08_2023/083123_Fish Degree Angle Tests/083123_Fish Deg Angle Tests_FSL04/P8310133.ORF,2021.72440772622,1385.6056770034565,Red Laser,2310.5979450642676,1406.2259150942252,1751,1459,Fish Model, Snook
17774,94,4,2024.06.20.REEF/08_2023/083123_Fish Degree Angle Tests/083123_Fish Deg Angle Tests_FSL04/P8310442.ORF,2037.4117168911882,1454.794257675808,Red Laser,2193.2066242832107,1453.1717921760637,1903.0068359375,1444.8978271484375,Fish Model, Snook
17775,94,4,2024.06.20.REEF/08_2023/083123_Fish Degree Angle Tests/083123_Fish Deg Angle Tests_FSL04/P8310441.ORF,2037.3351462785754,1451.9650638418384,Red Laser,2191.85395862197,1454.040609077461,1901.1170654296875,1447.0579223632812,Fish Model, Snook
17776,94,4,2024.06.20.REEF/08_2023/083123_Fish Degree Angle Tests/083123_Fish Deg Angle Tests_FSL04/P8310439.ORF,2037.7308553301168,1454.0656650505587,Red Laser,2195.1946767044005,1452.8440361938515,1906.043701171875,1444.8963012695312,Fish Model, Snook
17777,94,4,2024.06.20.REEF/08_2023/083123_Fish Degree Angle Tests/083123_Fish Deg Angle Tests_FSL04/P8310443.ORF,2037.612065843167,1453.8984795128551,Red Laser,2181.235780974186,1443.7603451309262,1890.119873046875,1435.8765258789062,Fish Model, Snook
17778,94,4,2024.06.20.REEF/08_2023/083123_Fish Degree Angle Tests/083123_Fish Deg Angle Tests_FSL04/P8310440.ORF,2037.3791176171796,1454.5007191857899,Red Laser,2195.7022101287725,1459.195832480246,1902.0411987304688,1449.080322265625,Fish Model, Snook
17779,94,4,2024.06.20.REEF/08_2023/083123_Fish Degree Angle Tests/083123_Fish Deg Angle Tests_FSL04/P8310447.ORF,2038.4491342278452,1453.666381711419,Red Laser,2188.1189551566954,1442.0704127815325,1897.1124877929688,1434.046447753906,Fish Model, Snook
17780,94,4,2024.06.20.REEF/08_2023/083123_Fish Degree Angle Tests/083123_Fish Deg Angle Tests_FSL04/P8310445.ORF,2037.1079124781036,1454.2599915544586,Red Laser,2190.3943544044428,1439.9309582328874,1901.0070800781248,1430.9046630859373,Fish Model, Snook
17781,94,4,2024.06.20.REEF/08_2023/083123_Fish Degree Angle Tests/083123_Fish Deg Angle Tests_FSL04/P8310446.ORF,2037.8264599591619,1451.9436004397621,Red Laser,2191.182559827412,1438.2965954853105,1899.9991455078125,1434.1078491210938,Fish Model, Snook
17782,94,4,2024.06.20.REEF/08_2023/083123_Fish Degree Angle Tests/083123_Fish Deg Angle Tests_FSL04/P8310448.ORF,2037.0228213679786,1453.4730124764033,Red Laser,2193.2743613970965,1442.5028110030219,1903.0411987304688,1435.080322265625,Fish Model, Snook
17783,94,4,2024.06.20.REEF/08_2023/083123_Fish Degree Angle Tests/083123_Fish Deg Angle Tests_FSL04/P8310444.ORF,2037.7499419162016,1453.3670711498617,Red Laser,2180.474533416559,1434.1619499940946,1890.0253295898438,1428.9547119140625,Fish Model, Snook
17784,94,4,2024.06.20.REEF/08_2023/083123_Fish Degree Angle Tests/083123_Fish Deg Angle Tests_FSL04/P8310450.ORF,2037.818857500185,1452.0558093388142,Red Laser,2179.7616511649244,1457.622254514051,1899.9730834960938,1450.9066772460938,Fish Model, Snook
17785,94,4,2024.06.20.REEF/08_2023/083123_Fish Degree Angle Tests/083123_Fish Deg Angle Tests_FSL04/P8310449.ORF,2036.5900751376228,1452.9366294621163,Red Laser,2178.897411124792,1453.789176366816,1894.9887084960938,1448.9299926757812,Fish Model, Snook
17786,94,4,2024.06.20.REEF/08_2023/083123_Fish Degree Angle Tests/083123_Fish Deg Angle Tests_FSL04/P8310451.ORF,2037.5318522454193,1453.0010440723486,Red Laser,2175.0460843170813,1451.421170039438,1897.0525512695312,1450.0159301757812,Fish Model, Snook
17787,94,4,2024.06.20.REEF/08_2023/083123_Fish Degree Angle Tests/083123_Fish Deg Angle Tests_FSL04/P8310453.ORF,2037.0340400711045,1454.0270722979396,Red Laser,2177.517779137739,1454.6903725324382,1898.117919921875,1444.0491333007812,Fish Model, Snook
16197,114,1,2023-09-07 REEF Data Dump/083123_Fish Degree Angle Tests/083123_Fish Degree Angle Test_FSL-01/P8310575.ORF,1997.8745881244315,1481.66017440532,Red Laser,2118.107480997425,1519.7776018018887,1905.1502534268793,1453.91332173101,Fish Model, Snook
16198,114,1,2023-09-07 REEF Data Dump/083123_Fish Degree Angle Tests/083123_Fish Degree Angle Test_FSL-01/P8310576.ORF,1997.3811578408195,1482.4214821043906,Red Laser,2117.2982953319806,1521.8253429610115,1920.997193768687,1460.3356718594273,Fish Model, Snook
16199,114,1,2023-09-07 REEF Data Dump/083123_Fish Degree Angle Tests/083123_Fish Degree Angle Test_FSL-01/P8310579.ORF,1997.8461931200673,1483.6631193851524,Red Laser,2125.044693277492,1517.4049430343107,1928.3379168690892,1454.473343541729,Fish Model, Snook
16200,114,1,2023-09-07 REEF Data Dump/083123_Fish Degree Angle Tests/083123_Fish Degree Angle Test_FSL-01/P8310578.ORF,1999.0419736963843,1483.6469079373464,Red Laser,2139.848876953125,1517.0298461914065,1941.8361893270744,1455.0462727859838,Fish Model, Snook
16201,114,1,2023-09-07 REEF Data Dump/083123_Fish Degree Angle Tests/083123_Fish Degree Angle Test_FSL-01/P8310577.ORF,1997.39783795984,1483.549151816294,Red Laser,2130.8089833627937,1523.0353913866302,1927.6514411269607,1458.2181687769926,Fish Model, Snook
16202,114,1,2023-09-07 REEF Data Dump/083123_Fish Degree Angle Tests/083123_Fish Degree Angle Test_FSL-01/P8310583.ORF,1997.7723045237738,1481.8266597670554,Red Laser,2113.1567993164062,1501.89892578125,1909.8954467773438,1444.1010742187502,Fish Model, Snook
16203,114,1,2023-09-07 REEF Data Dump/083123_Fish Degree Angle Tests/083123_Fish Degree Angle Test_FSL-01/P8310582.ORF,1996.5129919097474,1482.471711338673,Red Laser,2129.634407859372,1503.268041070322,1928.6657312562293,1440.3816408353277,Fish Model, Snook
16204,114,1,2023-09-07 REEF Data Dump/083123_Fish Degree Angle Tests/083123_Fish Degree Angle Test_FSL-01/P8310580.ORF,1998.0081846865628,1480.4866325522623,Red Laser,2111.3209216481864,1497.8095112274987,1911.3527181438947,1441.7738050380785,Fish Model, Snook
16205,114,1,2023-09-07 REEF Data Dump/083123_Fish Degree Angle Tests/083123_Fish Degree Angle Test_FSL-01/P8310581.ORF,1996.7512152429658,1482.3562969765753,Red Laser,2129.522104410853,1502.967019734312,1927.7705284390247,1444.1349068226316,Fish Model, Snook
16206,114,1,2023-09-07 REEF Data Dump/083123_Fish Degree Angle Tests/083123_Fish Degree Angle Test_FSL-01/P8310584.ORF,1996.1560258208303,1482.8618900471452,Red Laser,2115.2956819453557,1509.7232645147838,1913.0500844756266,1447.3949416295998,Fish Model, Snook
16207,114,1,2023-09-07 REEF Data Dump/083123_Fish Degree Angle Tests/083123_Fish Degree Angle Test_FSL-01/P8310585.ORF,1996.9898750115638,1481.8755526534922,Red Laser,2112.9823608398433,1515.8131103515625,1912.9710083007815,1450.0631103515625,Fish Model, Snook
16208,114,1,2023-09-07 REEF Data Dump/083123_Fish Degree Angle Tests/083123_Fish Degree Angle Test_FSL-01/P8310586.ORF,1997.669154557585,1481.1957125650617,Red Laser,2110.1955980263224,1511.7958767012626,1909.0500844756264,1449.797639766053,Fish Model, Snook
16209,114,1,2023-09-07 REEF Data Dump/083123_Fish Degree Angle Tests/083123_Fish Degree Angle Test_FSL-01/P8310587.ORF,1995.9216585508511,1481.349993717532,Red Laser,2111.2888793945317,1529.5398559570312,1914.2591401278676,1459.26006808886,Fish Model, Snook
16210,114,1,2023-09-07 REEF Data Dump/083123_Fish Degree Angle Tests/083123_Fish Degree Angle Test_FSL-01/P8310589.ORF,1998.1407137494268,1481.6156135458702,Red Laser,2127.7943115234375,1529.7438354492188,1930.9205231687267,1463.4273007624088,Fish Model, Snook
16211,114,1,2023-09-07 REEF Data Dump/083123_Fish Degree Angle Tests/083123_Fish Degree Angle Test_FSL-01/P8310588.ORF,1996.5557616683732,1481.342647497671,Red Laser,2130.1685936279987,1521.7788096104312,1927.337916869089,1460.784149083789,Fish Model, Snook
16212,114,1,2023-09-07 REEF Data Dump/083123_Fish Degree Angle Tests/083123_Fish Degree Angle Test_FSL-01/P8310591.ORF,1997.1547708871933,1481.6757884623444,Red Laser,2129.613271565709,1512.980060872487,1933.3379168690892,1451.9462971959517,Fish Model, Snook
16213,114,1,2023-09-07 REEF Data Dump/083123_Fish Degree Angle Tests/083123_Fish Degree Angle Test_FSL-01/P8310590.ORF,1997.0701327480647,1480.2734398213104,Red Laser,2128.0127404562377,1511.4320903597545,1926.8748632416455,1453.2666182433486,Fish Model, Snook
16214,114,1,2023-09-07 REEF Data Dump/083123_Fish Degree Angle Tests/083123_Fish Degree Angle Test_FSL-01/P8310592.ORF,1997.6874873964555,1480.2771752149383,Red Laser,2129.6305533031687,1521.4839050706498,1930.1506687582319,1463.4422839215147,Fish Model, Snook
16215,114,1,2023-09-07 REEF Data Dump/083123_Fish Degree Angle Tests/083123_Fish Degree Angle Test_FSL-01/P8310593.ORF,1997.8566899505029,1480.5788383245203,Red Laser,2118.0111083984375,1523.124267578125,1918.8692741478724,1461.0184894610152,Fish Model, Snook
16217,114,1,2023-09-07 REEF Data Dump/083123_Fish Degree Angle Tests/083123_Fish Degree Angle Test_FSL-01/P8310595.ORF,1995.5885508826495,1481.6319596228595,Red Laser,2117.0357017409424,1514.9094827765023,1918.5568298167575,1453.888196288468,Fish Model, Snook
17510,94,4,2024.06.20.REEF/08_2023/083123_Fish Degree Angle Tests/083123_Fish Deg Angle Tests_FSL04/P8310004.ORF,2021.3078538927234,1385.263750323713,Red Laser,2335.311909035476,1420.6490840855026,1719.6524763614186,1340.952070147113,Fish Model, Snook
17511,94,4,2024.06.20.REEF/08_2023/083123_Fish Degree Angle Tests/083123_Fish Deg Angle Tests_FSL04/P8310003.ORF,2021.5701788511135,1384.3513808707517,Red Laser,2333.070430518459,1409.7505174294274,1719.2501597045182,1329.2871860493228,Fish Model, Snook
17512,94,4,2024.06.20.REEF/08_2023/083123_Fish Degree Angle Tests/083123_Fish Deg Angle Tests_FSL04/P8310006.ORF,2024.6119714100962,1384.8875453893543,Red Laser,2344.075471698113,1418.2641509433963,1729.0566037735846,1335.0943396226412,Fish Model, Snook
17513,94,4,2024.06.20.REEF/08_2023/083123_Fish Degree Angle Tests/083123_Fish Deg Angle Tests_FSL04/P8310007.ORF,2023.770578921585,1386.2975923683214,Red Laser,2316.195678710938,1425.7018432617188,1731.9963989257812,1324.2018432617188,Fish Model, Snook
17514,94,4,2024.06.20.REEF/08_2023/083123_Fish Degree Angle Tests/083123_Fish Deg Angle Tests_FSL04/P8310008.ORF,2024.3044446933795,1384.1388766687235,Red Laser,2320.813110351562,1420.0008544921875,1723.0567626953125,1325.0008544921873,Fish Model, Snook
17515,94,4,2024.06.20.REEF/08_2023/083123_Fish Degree Angle Tests/083123_Fish Deg Angle Tests_FSL04/P8310010.ORF,2023.2213671712868,1383.8656336822482,Red Laser,2343.951416015625,1422.7120361328125,1744.0222778320312,1329.2120361328125,Fish Model, Snook
17516,94,4,2024.06.20.REEF/08_2023/083123_Fish Degree Angle Tests/083123_Fish Deg Angle Tests_FSL04/P8310012.ORF,2024.6770048129163,1385.8853542084012,Red Laser,2340.0975341796875,1437.6312866210938,1733.87255859375,1341.1312866210938,Fish Model, Snook
17517,94,4,2024.06.20.REEF/08_2023/083123_Fish Degree Angle Tests/083123_Fish Deg Angle Tests_FSL04/P8310009.ORF,2024.3733711689993,1384.948920637834,Red Laser,2350.9293212890625,1422.6630859375,1747.8673706054688,1325.1630859375,Fish Model, Snook
17518,94,4,2024.06.20.REEF/08_2023/083123_Fish Degree Angle Tests/083123_Fish Deg Angle Tests_FSL04/P8310011.ORF,2023.9874113955875,1384.0146440040908,Red Laser,2334.86474609375,1435.6715087890625,1733.984130859375,1334.1715087890623,Fish Model, Snook
17520,94,4,2024.06.20.REEF/08_2023/083123_Fish Degree Angle Tests/083123_Fish Deg Angle Tests_FSL04/P8310013.ORF,2024.362524282673,1386.4193721340016,Red Laser,2323.2598876953125,1424.9998779296875,1724.9485473632812,1336.9998779296875,Fish Model, Snook
17521,94,4,2024.06.20.REEF/08_2023/083123_Fish Degree Angle Tests/083123_Fish Deg Angle Tests_FSL04/P8310014.ORF,2025.0323586009474,1383.4169745988372,Red Laser,2320.632080078125,1426.7129516601562,1719.2197265625,1344.2129516601562,Fish Model, Snook
17522,94,4,2024.06.20.REEF/08_2023/083123_Fish Degree Angle Tests/083123_Fish Deg Angle Tests_FSL04/P8310015.ORF,2023.1843378585706,1384.879136068684,Red Laser,2317.182983398437,1429.982421875,1715.044677734375,1340.017578125,Fish Model, Snook
17523,94,4,2024.06.20.REEF/08_2023/083123_Fish Degree Angle Tests/083123_Fish Deg Angle Tests_FSL04/P8310017.ORF,2022.475738090107,1385.5272374085039,Red Laser,2346.9172363281245,1439.2509155273438,1746.107421875,1349.7509155273438,Fish Model, Snook
17524,94,4,2024.06.20.REEF/08_2023/083123_Fish Degree Angle Tests/083123_Fish Deg Angle Tests_FSL04/P8310018.ORF,2023.3344003529983,1384.5575118464722,Red Laser,2342.972412109375,1439.2788696289062,1744.0185546875,1344.7788696289065,Fish Model, Snook
17525,94,4,2024.06.20.REEF/08_2023/083123_Fish Degree Angle Tests/083123_Fish Deg Angle Tests_FSL04/P8310019.ORF,2021.7326894546086,1381.7606793848272,Red Laser,2340.20458984375,1444.6676025390625,1737.0333862304688,1354.1676025390625,Fish Model, Snook
17526,94,4,2024.06.20.REEF/08_2023/083123_Fish Degree Angle Tests/083123_Fish Deg Angle Tests_FSL04/P8310023.ORF,2022.998916530767,1385.7191692028127,Red Laser,2346.2264404296875,1452.9122314453125,1746.937255859375,1358.9122314453125,Fish Model, Snook
17527,94,4,2024.06.20.REEF/08_2023/083123_Fish Degree Angle Tests/083123_Fish Deg Angle Tests_FSL04/P8310021.ORF,2022.8462643697005,1384.651464289976,Red Laser,2361.784301757812,1451.040222167969,1757.9808959960935,1353.0402221679688,Fish Model, Snook
17528,94,4,2024.06.20.REEF/08_2023/083123_Fish Degree Angle Tests/083123_Fish Deg Angle Tests_FSL04/P8310020.ORF,2022.6153629877647,1385.8667331546715,Red Laser,2362.822631835937,1448.97216796875,1760.1156005859375,1355.97216796875,Fish Model, Snook
17529,94,4,2024.06.20.REEF/08_2023/083123_Fish Degree Angle Tests/083123_Fish Deg Angle Tests_FSL04/P8310022.ORF,2022.8032863753774,1383.874154624622,Red Laser,2358.8554687499995,1449.6393432617188,1755.0314331054688,1355.1393432617188,Fish Model, Snook
17530,94,4,2024.06.20.REEF/08_2023/083123_Fish Degree Angle Tests/083123_Fish Deg Angle Tests_FSL04/P8310025.ORF,2022.21210198052,1382.9977648458735,Red Laser,2339.229125976563,1444.7965698242188,1737.0139160156248,1353.2034301757812,Fish Model, Snook
17531,94,4,2024.06.20.REEF/08_2023/083123_Fish Degree Angle Tests/083123_Fish Deg Angle Tests_FSL04/P8310026.ORF,2022.3457106500011,1383.1595096470344,Red Laser,2335.8006591796875,1446.1083984375,1738.18896484375,1356.1083984375,Fish Model, Snook
17532,94,4,2024.06.20.REEF/08_2023/083123_Fish Degree Angle Tests/083123_Fish Deg Angle Tests_FSL04/P8310024.ORF,2021.8841640179244,1383.6536407710648,Red Laser,2344.6540527343745,1442.3175048828125,1741.12890625,1353.8175048828125,Fish Model, Snook
17533,94,4,2024.06.20.REEF/08_2023/083123_Fish Degree Angle Tests/083123_Fish Deg Angle Tests_FSL04/P8310028.ORF,2023.1227271181624,1384.2035567344815,Red Laser,2346.9195556640625,1448.259033203125,1744.0980224609375,1357.759033203125,Fish Model, Snook
17534,94,4,2024.06.20.REEF/08_2023/083123_Fish Degree Angle Tests/083123_Fish Deg Angle Tests_FSL04/P8310027.ORF,2024.0092538555343,1383.7341795523232,Red Laser,2348.9388427734375,1446.9703369140625,1748.1676025390625,1358.9703369140625,Fish Model, Snook
17535,94,4,2024.06.20.REEF/08_2023/083123_Fish Degree Angle Tests/083123_Fish Deg Angle Tests_FSL04/P8310029.ORF,2023.6660583464381,1385.9484220888655,Red Laser,2338,1457,1738,1360,Fish Model, Snook
17536,94,4,2024.06.20.REEF/08_2023/083123_Fish Degree Angle Tests/083123_Fish Deg Angle Tests_FSL04/P8310033.ORF,2023.213100551203,1386.261904552563,Red Laser,2315.364379882812,1443.9945678710938,1732.7570190429688,1362.0054321289062,Fish Model, Snook
17537,94,4,2024.06.20.REEF/08_2023/083123_Fish Degree Angle Tests/083123_Fish Deg Angle Tests_FSL04/P8310030.ORF,2022.3251594691437,1391.1257420877755,Red Laser,2337.187744140625,1439.8721923828125,1743.0414428710938,1361.1278076171875,Fish Model, Snook
17538,94,4,2024.06.20.REEF/08_2023/083123_Fish Degree Angle Tests/083123_Fish Deg Angle Tests_FSL04/P8310032.ORF,2022.1047968371795,1385.1625223160895,Red Laser,2327.3172607421875,1444.0497436523438,1738.7884521484373,1359.9502563476562,Fish Model, Snook
17539,94,4,2024.06.20.REEF/08_2023/083123_Fish Degree Angle Tests/083123_Fish Deg Angle Tests_FSL04/P8310031.ORF,2022.5047763463097,1381.7906914301736,Red Laser,2337.2265624999995,1438.6780395507812,1736.879638671875,1359.1780395507815,Fish Model, Snook
17540,94,4,2024.06.20.REEF/08_2023/083123_Fish Degree Angle Tests/083123_Fish Deg Angle Tests_FSL04/P8310034.ORF,2022.577951338987,1382.7928603443556,Red Laser,2323.8531494140625,1440.8878173828125,1735.9873657226562,1359.8878173828125,Fish Model, Snook
17541,94,4,2024.06.20.REEF/08_2023/083123_Fish Degree Angle Tests/083123_Fish Deg Angle Tests_FSL04/P8310035.ORF,2023.5928077757687,1386.2908117192542,Red Laser,2344.3176269531245,1415.6822509765625,1748.7545166015623,1343.1822509765625,Fish Model, Snook
17542,94,4,2024.06.20.REEF/08_2023/083123_Fish Degree Angle Tests/083123_Fish Deg Angle Tests_FSL04/P8310037.ORF,2022.7818459349328,1384.804311014327,Red Laser,2335.81005859375,1441.9312744140625,1742.1566162109375,1365.9312744140625,Fish Model, Snook
17543,94,4,2024.06.20.REEF/08_2023/083123_Fish Degree Angle Tests/083123_Fish Deg Angle Tests_FSL04/P8310036.ORF,2021.8236113285818,1385.009183239855,Red Laser,2334.754516601562,1438.6452026367188,1742.170471191406,1369.1452026367188,Fish Model, Snook
17544,94,4,2024.06.20.REEF/08_2023/083123_Fish Degree Angle Tests/083123_Fish Deg Angle Tests_FSL04/P8310038.ORF,2022.8382867576508,1382.6385785806838,Red Laser,2341.60675588988,1434.7556771278437,1733.1386108398438,1365.9154663085938,Fish Model, Snook
17545,94,4,2024.06.20.REEF/08_2023/083123_Fish Degree Angle Tests/083123_Fish Deg Angle Tests_FSL04/P8310039.ORF,2023.1843378585706,1384.879136068684,Red Laser,2336.560546875,1436.66064453125,1741.2122802734375,1368.16064453125,Fish Model, Snook
17546,94,4,2024.06.20.REEF/08_2023/083123_Fish Degree Angle Tests/083123_Fish Deg Angle Tests_FSL04/P8310040.ORF,2024.2778410688031,1386.1680046167253,Red Laser,2338.043212890625,1436.0202026367188,1739.9942626953123,1365.0202026367188,Fish Model, Snook
17547,94,4,2024.06.20.REEF/08_2023/083123_Fish Degree Angle Tests/083123_Fish Deg Angle Tests_FSL04/P8310042.ORF,2023.165861154817,1385.3650579088053,Red Laser,2342.7808837890625,1426.0927734375,1745.2437133789062,1355.0927734375,Fish Model, Snook
17548,94,4,2024.06.20.REEF/08_2023/083123_Fish Degree Angle Tests/083123_Fish Deg Angle Tests_FSL04/P8310041.ORF,2023.69027790505,1384.5652308389658,Red Laser,2349.21484375,1423,1747.9296875,1354,Fish Model, Snook
17549,94,4,2024.06.20.REEF/08_2023/083123_Fish Degree Angle Tests/083123_Fish Deg Angle Tests_FSL04/P8310044.ORF,2022.743554384609,1384.7570555628572,Red Laser,2342.742309570312,1424.006591796875,1744.22607421875,1359.006591796875,Fish Model, Snook
17550,94,4,2024.06.20.REEF/08_2023/083123_Fish Degree Angle Tests/083123_Fish Deg Angle Tests_FSL04/P8310043.ORF,2021.9285391239782,1384.95623607912,Red Laser,2347.7696533203125,1425.22314453125,1745.0285034179688,1357.7765502929688,Fish Model, Snook
17592,94,4,2024.06.20.REEF/08_2023/083123_Fish Degree Angle Tests/083123_Fish Deg Angle Tests_FSL04/P8310084.ORF,2022.3085543224604,1382.8048601619935,Red Laser,2347.1900612843992,1410.3104030159077,1768.9437255859375,1374.7864379882812,Fish Model, Snook
17593,94,4,2024.06.20.REEF/08_2023/083123_Fish Degree Angle Tests/083123_Fish Deg Angle Tests_FSL04/P8310086.ORF,2023.411538112021,1383.8117869843895,Red Laser,2349.9734827110547,1408.311816515858,1769.1600952148438,1377.2347412109375,Fish Model, Snook
17594,94,4,2024.06.20.REEF/08_2023/083123_Fish Degree Angle Tests/083123_Fish Deg Angle Tests_FSL04/P8310090.ORF,2024.2527799568106,1380.0597114304092,Red Laser,2348.106518288771,1415.4799220174907,1769.9756469726562,1378.0693969726562,Fish Model, Snook
17595,94,4,2024.06.20.REEF/08_2023/083123_Fish Degree Angle Tests/083123_Fish Deg Angle Tests_FSL04/P8310088.ORF,2023.6931979209887,1386.771494632608,Red Laser,2350.1981844140187,1414.8973388671875,1771.8209838867188,1380.1026611328125,Fish Model, Snook
17597,94,4,2024.06.20.REEF/08_2023/083123_Fish Degree Angle Tests/083123_Fish Deg Angle Tests_FSL04/P8310089.ORF,2022.2545539043736,1384.2500494780554,Red Laser,2349.587772814354,1410.9068982018885,1771.02197265625,1377.12841796875,Fish Model, Snook
17598,94,4,2024.06.20.REEF/08_2023/083123_Fish Degree Angle Tests/083123_Fish Deg Angle Tests_FSL04/P8310092.ORF,2022.2156070284152,1383.4034940017161,Red Laser,2347.0160555077678,1411.7557198736633,1768.09326171875,1380.8365478515625,Fish Model, Snook
17599,94,4,2024.06.20.REEF/08_2023/083123_Fish Degree Angle Tests/083123_Fish Deg Angle Tests_FSL04/P8310093.ORF,2023.352739789972,1380.115970629297,Red Laser,2347.4452623459483,1410.854234973607,1768.9650268554688,1375.0398559570312,Fish Model, Snook
17600,94,4,2024.06.20.REEF/08_2023/083123_Fish Degree Angle Tests/083123_Fish Deg Angle Tests_FSL04/P8310095.ORF,2022.7367762999495,1380.3651601914798,Red Laser,2336.410304466849,1414.6482543945312,1756.1187133789065,1382.318603515625,Fish Model, Snook
17602,94,4,2024.06.20.REEF/08_2023/083123_Fish Degree Angle Tests/083123_Fish Deg Angle Tests_FSL04/P8310094.ORF,2024.1588756997257,1381.774254385995,Red Laser,2345.1507236274647,1410.2485946819302,1765.7986450195312,1378.9802856445312,Fish Model, Snook
17603,94,4,2024.06.20.REEF/08_2023/083123_Fish Degree Angle Tests/083123_Fish Deg Angle Tests_FSL04/P8310097.ORF,2023.8409824662042,1382.2525576381493,Red Laser,2313.4534679558647,1407.000305175781,1761.9012451171875,1383.9996948242188,Fish Model, Snook
17604,94,4,2024.06.20.REEF/08_2023/083123_Fish Degree Angle Tests/083123_Fish Deg Angle Tests_FSL04/P8310098.ORF,2022.8665287996466,1384.475886784206,Red Laser,2311.5150772891216,1409.3502962650998,1761.007019042969,1384.8871459960938,Fish Model, Snook
17788,94,4,2024.06.20.REEF/08_2023/083123_Fish Degree Angle Tests/083123_Fish Deg Angle Tests_FSL04/P8310452.ORF,2037.7983622654128,1452.1886421925321,Red Laser,2178.2821306387245,1454.384912772339,1896.0632934570312,1448.0121459960938,Fish Model, Snook
17789,94,4,2024.06.20.REEF/08_2023/083123_Fish Degree Angle Tests/083123_Fish Deg Angle Tests_FSL04/P8310454.ORF,2037.519298174828,1452.4839846302293,Red Laser,2170.5178690111948,1449.9701059669426,1892.049560546875,1444.0510864257812,Fish Model, Snook
17790,94,4,2024.06.20.REEF/08_2023/083123_Fish Degree Angle Tests/083123_Fish Deg Angle Tests_FSL04/P8310459.ORF,2037.5188368058994,1454.527594840409,Red Laser,2175.697497761867,1460.8452017704817,1895.02783203125,1454.0308227539062,Fish Model, Snook
17791,94,4,2024.06.20.REEF/08_2023/083123_Fish Degree Angle Tests/083123_Fish Deg Angle Tests_FSL04/P8310455.ORF,2036.986769599394,1454.469137509451,Red Laser,2181.339308674994,1452.354452285008,1900.0688476562502,1441.8892211914062,Fish Model, Snook
17792,94,4,2024.06.20.REEF/08_2023/083123_Fish Degree Angle Tests/083123_Fish Deg Angle Tests_FSL04/P8310457.ORF,2037.707729712173,1451.7653355262132,Red Laser,2177.3675069171813,1451.848289243703,1899.030029296875,1442.1229248046875,Fish Model, Snook
17793,94,4,2024.06.20.REEF/08_2023/083123_Fish Degree Angle Tests/083123_Fish Deg Angle Tests_FSL04/P8310456.ORF,2036.135005959623,1453.287085035978,Red Laser,2182.4424294090118,1447.1117396202173,1898.9484252929685,1443.9110107421875,Fish Model, Snook
17794,94,4,2024.06.20.REEF/08_2023/083123_Fish Degree Angle Tests/083123_Fish Deg Angle Tests_FSL04/P8310458.ORF,2037.5103296291406,1452.0948560964225,Red Laser,2180.0948033485324,1450.821473026281,1899.969665527344,1444.0187377929688,Fish Model, Snook
17795,94,4,2024.06.20.REEF/08_2023/083123_Fish Degree Angle Tests/083123_Fish Deg Angle Tests_FSL04/P8310460.ORF,2036.2103664893914,1452.9779886770943,Red Laser,2182.4692212435584,1434.6182206972735,1904.1076049804688,1427.0728759765625,Fish Model, Snook
17796,94,4,2024.06.20.REEF/08_2023/083123_Fish Degree Angle Tests/083123_Fish Deg Angle Tests_FSL04/P8310461.ORF,2037.509752990566,1454.3183751911547,Red Laser,2180.316600360862,1446.2745156364538,1900.987060546875,1438.8993530273438,Fish Model, Snook
17838,94,4,2024.06.20.REEF/08_2023/083123_Fish Degree Angle Tests/083123_Fish Deg Angle Tests_FSL04/P8310502.ORF,2037.5,1454,Red Laser,2183.508126261773,1442.7189569884163,1920.9939575195312,1430.8566894531248,Fish Model, Snook
17839,94,4,2024.06.20.REEF/08_2023/083123_Fish Degree Angle Tests/083123_Fish Deg Angle Tests_FSL04/P8310504.ORF,2036.9962212989826,1452.3171864180906,Red Laser,2176.282493572224,1453.8520889473064,1916.9669189453125,1444.888427734375,Fish Model, Snook
17840,94,4,2024.06.20.REEF/08_2023/083123_Fish Degree Angle Tests/083123_Fish Deg Angle Tests_FSL04/P8310506.ORF,2037.7772252905768,1452.5008866620074,Red Laser,2174.808951442832,1453.1038168980576,1913.0965576171875,1440.11669921875,Fish Model, Snook
17841,94,4,2024.06.20.REEF/08_2023/083123_Fish Degree Angle Tests/083123_Fish Deg Angle Tests_FSL04/P8310503.ORF,2037.3796856635217,1454.3751066600032,Red Laser,2183.621223625759,1452.4918369947889,1920.5553381408777,1442.1437901657564,Fish Model, Snook
17842,94,4,2024.06.20.REEF/08_2023/083123_Fish Degree Angle Tests/083123_Fish Deg Angle Tests_FSL04/P8310510.ORF,2038.5000000000002,1454,Red Laser,2175.2046339321487,1444.7034339160768,1918.0266723632812,1435.660888671875,Fish Model, Snook
17843,94,4,2024.06.20.REEF/08_2023/083123_Fish Degree Angle Tests/083123_Fish Deg Angle Tests_FSL04/P8310511.ORF,2036.6425851567562,1451.1866243856105,Red Laser,2169.8744619060412,1450.8682598156042,1910.9773760390913,1441.2902624649478,Fish Model, Snook
17844,94,4,2024.06.20.REEF/08_2023/083123_Fish Degree Angle Tests/083123_Fish Deg Angle Tests_FSL04/P8310509.ORF,2036.8483277136418,1453.5154267409414,Red Laser,2175.958185536181,1449.4803339477635,1913.8983154296875,1440.9337768554688,Fish Model, Snook
17845,94,4,2024.06.20.REEF/08_2023/083123_Fish Degree Angle Tests/083123_Fish Deg Angle Tests_FSL04/P8310507.ORF,2036.6301378202295,1453.3948713835616,Red Laser,2171.69246099701,1446.2447851621273,1907.0284423828125,1436.9329223632812,Fish Model, Snook
17846,94,4,2024.06.20.REEF/08_2023/083123_Fish Degree Angle Tests/083123_Fish Deg Angle Tests_FSL04/P8310508.ORF,2037.7579274228658,1455.1140106263608,Red Laser,2173.164975664508,1447.6053874355393,1911.0740356445312,1436.7124633789062,Fish Model, Snook
17847,94,4,2024.06.20.REEF/08_2023/083123_Fish Degree Angle Tests/083123_Fish Deg Angle Tests_FSL04/P8310512.ORF,2037.8378378378377,1457.6534181240065,Red Laser,2170.7335927654167,1448.3837718021477,1911.0411987304688,1438.9147338867188,Fish Model, Snook
17848,94,4,2024.06.20.REEF/08_2023/083123_Fish Degree Angle Tests/083123_Fish Deg Angle Tests_FSL04/P8310515.ORF,2037.5321398414694,1454.027728762254,Red Laser,2163.2622459873396,1452.875041336603,1918.1601311464028,1448.0734198922737,Fish Model, Snook
17849,94,4,2024.06.20.REEF/08_2023/083123_Fish Degree Angle Tests/083123_Fish Deg Angle Tests_FSL04/P8310513.ORF,2037.641537825626,1451.7748369934006,Red Laser,2166.7385870818975,1453.1205942463016,1920.3675218146982,1447.2416618763368,Fish Model, Snook
17850,94,4,2024.06.20.REEF/08_2023/083123_Fish Degree Angle Tests/083123_Fish Deg Angle Tests_FSL04/P8310514.ORF,2037.5284687898757,1451.0490906226653,Red Laser,2166.3933127124674,1445.9923714588285,1920.047119140625,1438.9930419921875,Fish Model, Snook
17851,94,4,2024.06.20.REEF/08_2023/083123_Fish Degree Angle Tests/083123_Fish Deg Angle Tests_FSL04/P8310516.ORF,2036.4181066291076,1451.7735696990012,Red Laser,2169.968730019775,1452.9814676343588,1921.7530941190544,1447.5383872364723,Fish Model, Snook
17852,94,4,2024.06.20.REEF/08_2023/083123_Fish Degree Angle Tests/083123_Fish Deg Angle Tests_FSL04/P8310518.ORF,2036.7994861580605,1453.536254549816,Red Laser,2168.9687566768353,1458.683010295445,1922.5089328950219,1452.9922752666118,Fish Model, Snook
17853,94,4,2024.06.20.REEF/08_2023/083123_Fish Degree Angle Tests/083123_Fish Deg Angle Tests_FSL04/P8310519.ORF,2036.7999570868728,1452.3460566417332,Red Laser,2165.1427991632213,1460.2400450251737,1919.8309037399001,1454.8020943627382,Fish Model, Snook
17854,94,4,2024.06.20.REEF/08_2023/083123_Fish Degree Angle Tests/083123_Fish Deg Angle Tests_FSL04/P8310517.ORF,2037.1698902774845,1454.8530933648035,Red Laser,2167.413628791799,1452.8003675842376,1919.9673461914062,1446.0560302734375,Fish Model, Snook
17855,94,4,2024.06.20.REEF/08_2023/083123_Fish Degree Angle Tests/083123_Fish Deg Angle Tests_FSL04/P8310520.ORF,2036.5774168915216,1451.3290322073324,Red Laser,2169.7780641681165,1439.07026892244,1921.029296875,1433.2562866210935,Fish Model, Snook
17856,94,4,2024.06.20.REEF/08_2023/083123_Fish Degree Angle Tests/083123_Fish Deg Angle Tests_FSL04/P8310522.ORF,2036.49412708377,1452.7081430699525,Red Laser,2166.448432912399,1445.068117426539,1921.941467285156,1438.886962890625,Fish Model, Snook
17857,94,4,2024.06.20.REEF/08_2023/083123_Fish Degree Angle Tests/083123_Fish Deg Angle Tests_FSL04/P8310523.ORF,2036.2705054511655,1453.062888676513,Red Laser,2168.072470733151,1455.8944966018537,1920.9458618164062,1444.0564575195312,Fish Model, Snook
17858,94,4,2024.06.20.REEF/08_2023/083123_Fish Degree Angle Tests/083123_Fish Deg Angle Tests_FSL04/P8310524.ORF,2036.651903855226,1452.3985130711017,Red Laser,2164.5568807073655,1454.2371050350564,1921.9366455078127,1444.9835205078125,Fish Model, Snook
17859,94,4,2024.06.20.REEF/08_2023/083123_Fish Degree Angle Tests/083123_Fish Deg Angle Tests_FSL04/P8310521.ORF,2036.5820182537273,1452.8229450631102,Red Laser,2161.98677112197,1450.819370655448,1918.5625947025007,1443.046588988534,Fish Model, Snook
17860,94,4,2024.06.20.REEF/08_2023/083123_Fish Degree Angle Tests/083123_Fish Deg Angle Tests_FSL04/P8310525.ORF,2037.0342673458445,1453.2186823300822,Red Laser,2153.897394520556,1453.3246942993262,1906.9387817382812,1443.2796630859375,Fish Model, Snook
17861,94,4,2024.06.20.REEF/08_2023/083123_Fish Degree Angle Tests/083123_Fish Deg Angle Tests_FSL04/P8310526.ORF,2037.8081613940878,1450.1771148048972,Red Laser,2163.271683815411,1452.062042249614,1914.8113293977835,1444.9806094005623,Fish Model, Snook
17862,94,4,2024.06.20.REEF/08_2023/083123_Fish Degree Angle Tests/083123_Fish Deg Angle Tests_FSL04/P8310530.ORF,2036.5537315204585,1453.1808774433632,Red Laser,2168.065523082721,1455.8921351280298,1921.0372953071303,1449.0878673019795,Fish Model, Snook
17863,94,4,2024.06.20.REEF/08_2023/083123_Fish Degree Angle Tests/083123_Fish Deg Angle Tests_FSL04/P8310528.ORF,2038.0586858704196,1453.9640474495302,Red Laser,2169.1441185336053,1455.2778359813894,1923.2109183610237,1449.873942936142,Fish Model, Snook
17864,94,4,2024.06.20.REEF/08_2023/083123_Fish Degree Angle Tests/083123_Fish Deg Angle Tests_FSL04/P8310527.ORF,2036.7764802922093,1452.8072975231753,Red Laser,2168.3168317794684,1455.8205107468893,1923.03564453125,1447.9210205078125,Fish Model, Snook
17865,94,4,2024.06.20.REEF/08_2023/083123_Fish Degree Angle Tests/083123_Fish Deg Angle Tests_FSL04/P8310529.ORF,2037.4597549413882,1454.242666191124,Red Laser,2164.668647942166,1454.8662958556044,1918.90478515625,1446.0368041992188,Fish Model, Snook
17866,94,4,2024.06.20.REEF/08_2023/083123_Fish Degree Angle Tests/083123_Fish Deg Angle Tests_FSL04/P8310533.ORF,2036.6020770513273,1454.3667016732045,Red Laser,2164.8265173873824,1460.1671500511275,1918.8628615760501,1455.43673476414,Fish Model, Snook
17867,94,4,2024.06.20.REEF/08_2023/083123_Fish Degree Angle Tests/083123_Fish Deg Angle Tests_FSL04/P8310532.ORF,2037.3215620834253,1453.5657962581201,Red Laser,2163.649102336799,1462.0864039924697,1914.9744262695312,1455.062438964844,Fish Model, Snook
17868,94,4,2024.06.20.REEF/08_2023/083123_Fish Degree Angle Tests/083123_Fish Deg Angle Tests_FSL04/P8310534.ORF,2037.260723883387,1454.240630137759,Red Laser,2166.5522303880234,1461.821536588959,1919.1134209386669,1455.3642913240421,Fish Model, Snook
17869,94,4,2024.06.20.REEF/08_2023/083123_Fish Degree Angle Tests/083123_Fish Deg Angle Tests_FSL04/P8310535.ORF,2037.0898213751973,1452.9257852183819,Red Laser,2169.840589008657,1455.7227145110437,1918.9203491210938,1448.0718994140627,Fish Model, Snook
17870,94,4,2024.06.20.REEF/08_2023/083123_Fish Degree Angle Tests/083123_Fish Deg Angle Tests_FSL04/P8310531.ORF,2036.7564774436241,1453.7953780833545,Red Laser,2167.197281959943,1456.0107629067697,1919.9453125000002,1449.966796875,Fish Model, Snook
17871,94,4,2024.06.20.REEF/08_2023/083123_Fish Degree Angle Tests/083123_Fish Deg Angle Tests_FSL04/P8310536.ORF,2036.483298137732,1451.592781921939,Red Laser,2148.982413040151,1466.94513822938,1917.0399780273438,1459.0263671875,Fish Model, Snook
17872,94,4,2024.06.20.REEF/08_2023/083123_Fish Degree Angle Tests/083123_Fish Deg Angle Tests_FSL04/P8310537.ORF,2037.492217136649,1454.0874864822981,Red Laser,2151.116409793845,1471.2302623462747,1920.95068359375,1461.93798828125,Fish Model, Snook
17873,94,4,2024.06.20.REEF/08_2023/083123_Fish Degree Angle Tests/083123_Fish Deg Angle Tests_FSL04/P8310538.ORF,2035.9571628325891,1452.879091979841,Red Laser,2141.909464102512,1472.969095450168,1911.9151611328125,1462.9381103515625,Fish Model, Snook
17875,94,4,2024.06.20.REEF/08_2023/083123_Fish Degree Angle Tests/083123_Fish Deg Angle Tests_FSL04/P8310540.ORF,2037.4796085572218,1452.4886023692372,Red Laser,2159.185008486219,1458.1754442302877,1926.1007080078125,1442.9692993164062,Fish Model, Snook
17876,94,4,2024.06.20.REEF/08_2023/083123_Fish Degree Angle Tests/083123_Fish Deg Angle Tests_FSL04/P8310541.ORF,2036.6859226744868,1452.9107583627008,Red Laser,2162.4026107597247,1461.3440465431288,1927.7989459037508,1447.1198251381302,Fish Model, Snook
17877,94,4,2024.06.20.REEF/08_2023/083123_Fish Degree Angle Tests/083123_Fish Deg Angle Tests_FSL04/P8310542.ORF,2036.9956154814918,1453.986688513649,Red Laser,2155.933742669903,1460.8148074722317,1925.0029296875002,1446.1212768554688,Fish Model, Snook
17878,94,4,2024.06.20.REEF/08_2023/083123_Fish Degree Angle Tests/083123_Fish Deg Angle Tests_FSL04/P8310543.ORF,2036.255837278394,1453.1195372727173,Red Laser,2162.900876714086,1462.311622957089,1929.0445754745813,1447.983900500818,Fish Model, Snook
17640,94,4,2024.06.20.REEF/08_2023/083123_Fish Degree Angle Tests/083123_Fish Deg Angle Tests_FSL04/P8310135.ORF,2022.6042179903827,1386.315431321147,Red Laser,2314.6709752235324,1403.4104553878774,1755,1455,Fish Model, Snook
17641,94,4,2024.06.20.REEF/08_2023/083123_Fish Degree Angle Tests/083123_Fish Deg Angle Tests_FSL04/P8310134.ORF,2020.2187429385199,1380.940170222412,Red Laser,2310.04281196174,1404.0729385211941,1750,1459,Fish Model, Snook
17642,94,4,2024.06.20.REEF/08_2023/083123_Fish Degree Angle Tests/083123_Fish Deg Angle Tests_FSL04/P8310136.ORF,2020.0037037292389,1380.8038111691255,Red Laser,2309.2704783777185,1405.813505997282,1809.1710205078125,1377.0455322265625,Fish Model, Snook
17643,94,4,2024.06.20.REEF/08_2023/083123_Fish Degree Angle Tests/083123_Fish Deg Angle Tests_FSL04/P8310137.ORF,2020.5614376159072,1381.2684211111455,Red Laser,2307.542333107509,1406.491711316173,1806.2103881835938,1382.0382690429688,Fish Model, Snook
17644,94,4,2024.06.20.REEF/08_2023/083123_Fish Degree Angle Tests/083123_Fish Deg Angle Tests_FSL04/P8310138.ORF,2020.6514825347112,1381.420032667854,Red Laser,2305.6866364509565,1404.6699309318565,1745.9999999999998,1463,Fish Model, Snook
17645,94,4,2024.06.20.REEF/08_2023/083123_Fish Degree Angle Tests/083123_Fish Deg Angle Tests_FSL04/P8310140.ORF,2020.3286480189045,1382.60689812472,Red Laser,2301.256005092118,1412.318603515625,1800.315657613883,1392.2967451620589,Fish Model, Snook
17646,94,4,2024.06.20.REEF/08_2023/083123_Fish Degree Angle Tests/083123_Fish Deg Angle Tests_FSL04/P8310139.ORF,2019.0330877960032,1381.1517158252577,Red Laser,2299.0711669921875,1405.7071533203125,1800.8325805664062,1383.2071533203125,Fish Model, Snook
17647,94,4,2024.06.20.REEF/08_2023/083123_Fish Degree Angle Tests/083123_Fish Deg Angle Tests_FSL04/P8310141.ORF,2021.1896214140647,1383.4571010524578,Red Laser,2311.6988266623307,1409.5083201887987,1810.933837890625,1384.0419921875,Fish Model, Snook
17648,94,4,2024.06.20.REEF/08_2023/083123_Fish Degree Angle Tests/083123_Fish Deg Angle Tests_FSL04/P8310143.ORF,2019.706129316502,1381.8659814912696,Red Laser,2309.8784179687505,1410.11328125,1812.5351656987104,1385.619578926042,Fish Model, Snook
17649,94,4,2024.06.20.REEF/08_2023/083123_Fish Degree Angle Tests/083123_Fish Deg Angle Tests_FSL04/P8310144.ORF,2021.578340609929,1381.250155927044,Red Laser,2309.6360320228805,1414.8688029071398,1809.0127116283952,1393.3626931873366,Fish Model, Snook
17650,94,4,2024.06.20.REEF/08_2023/083123_Fish Degree Angle Tests/083123_Fish Deg Angle Tests_FSL04/P8310142.ORF,2020.1139687591888,1382.6180616285535,Red Laser,2309.649144260782,1408.0169919250536,1810.8329153399768,1387.215014715275,Fish Model, Snook
17651,94,4,2024.06.20.REEF/08_2023/083123_Fish Degree Angle Tests/083123_Fish Deg Angle Tests_FSL04/P8310147.ORF,2020.3742129495504,1380.9432802051012,Red Laser,2278.5795702205623,1414.4916532783539,1812.3448978537897,1391.971341238861,Fish Model, Snook
17652,94,4,2024.06.20.REEF/08_2023/083123_Fish Degree Angle Tests/083123_Fish Deg Angle Tests_FSL04/P8310146.ORF,2021.4724916932494,1380.8510714676938,Red Laser,2282.621324305341,1412.0622053905506,1816.2230611155826,1387.751632790073,Fish Model, Snook
17653,94,4,2024.06.20.REEF/08_2023/083123_Fish Degree Angle Tests/083123_Fish Deg Angle Tests_FSL04/P8310145.ORF,2019.600948884357,1379.3455410790693,Red Laser,2287.925520505139,1411.2175014701907,1818.4181340033856,1383.215014715275,Fish Model, Snook
17654,94,4,2024.06.20.REEF/08_2023/083123_Fish Degree Angle Tests/083123_Fish Deg Angle Tests_FSL04/P8310148.ORF,2020.3318856778415,1380.7063899732702,Red Laser,2282.5823819575558,1413.824480977903,1817.1790706510637,1390.9051055594655,Fish Model, Snook
17655,94,4,2024.06.20.REEF/08_2023/083123_Fish Degree Angle Tests/083123_Fish Deg Angle Tests_FSL04/P8310149.ORF,2022.0331130712577,1383.9232766191797,Red Laser,2292.1001248988687,1406.6460680365822,1826.667517624361,1381.7587946636104,Fish Model, Snook
17656,94,4,2024.06.20.REEF/08_2023/083123_Fish Degree Angle Tests/083123_Fish Deg Angle Tests_FSL04/P8310150.ORF,2019.433376501882,1381.6326754039046,Red Laser,2293.711772369,1407.1372691624886,1827.808279778992,1383.4028310414544,Fish Model, Snook
17658,94,4,2024.06.20.REEF/08_2023/083123_Fish Degree Angle Tests/083123_Fish Deg Angle Tests_FSL04/P8310155.ORF,2019.3599506137161,1379.7103994142624,Red Laser,2275.9676884214,1405.6496113373187,1753,1450,Fish Model, Snook
17659,94,4,2024.06.20.REEF/08_2023/083123_Fish Degree Angle Tests/083123_Fish Deg Angle Tests_FSL04/P8310154.ORF,2018.9661555187492,1378.852205364848,Red Laser,2273.948346144101,1404.6411208286302,1807.1498249659865,1379.8248689396692,Fish Model, Snook
17660,94,4,2024.06.20.REEF/08_2023/083123_Fish Degree Angle Tests/083123_Fish Deg Angle Tests_FSL04/P8310152.ORF,2018.9915016165885,1381.4003458929997,Red Laser,2273.5229513485833,1400.0201416015627,1806.6422209200696,1375.2651128039092,Fish Model, Snook
17661,94,4,2024.06.20.REEF/08_2023/083123_Fish Degree Angle Tests/083123_Fish Deg Angle Tests_FSL04/P8310153.ORF,2019.639024624413,1381.5043152690503,Red Laser,2276.9231951312972,1406.1085250362407,1808.3448978537897,1379.8981050892648,Fish Model, Snook
17662,94,4,2024.06.20.REEF/08_2023/083123_Fish Degree Angle Tests/083123_Fish Deg Angle Tests_FSL04/P8310157.ORF,2019.8573894343167,1382.372817440246,Red Laser,2295.259107311549,1410.1517377561936,1822.5522885220853,1383.7516327900732,Fish Model, Snook
17663,94,4,2024.06.20.REEF/08_2023/083123_Fish Degree Angle Tests/083123_Fish Deg Angle Tests_FSL04/P8310158.ORF,2019.2120302335686,1382.0325170006893,Red Laser,2294.7001004848057,1416.4881744451195,1823.854685024848,1392.5884520248787,Fish Model, Snook
17664,94,4,2024.06.20.REEF/08_2023/083123_Fish Degree Angle Tests/083123_Fish Deg Angle Tests_FSL04/P8310156.ORF,2020.4337031873906,1382.99043649285,Red Laser,2297.6301132976146,1419.8037229081199,1823.209761500583,1396.5767403208174,Fish Model, Snook
17665,94,4,2024.06.20.REEF/08_2023/083123_Fish Degree Angle Tests/083123_Fish Deg Angle Tests_FSL04/P8310159.ORF,2020.1602976156166,1382.085851794805,Red Laser,2293.7704205175614,1419.7992928793972,1821.1498249659871,1394.6297960518664,Fish Model, Snook
17666,94,4,2024.06.20.REEF/08_2023/083123_Fish Degree Angle Tests/083123_Fish Deg Angle Tests_FSL04/P8310160.ORF,2021.9298466678392,1380.4962000373603,Red Laser,2290.233870114513,1426.991459606553,1815.6132068911888,1399.3614870144672,Fish Model, Snook
17667,94,4,2024.06.20.REEF/08_2023/083123_Fish Degree Angle Tests/083123_Fish Deg Angle Tests_FSL04/P8310163.ORF,2019.4587177762942,1383.4601532184827,Red Laser,,,,,Slate, Laser on slate
17668,94,4,2024.06.20.REEF/08_2023/083123_Fish Degree Angle Tests/083123_Fish Deg Angle Tests_FSL04/P8310162.ORF,2019.6037558657752,1381.8312411905565,Red Laser,,,,,Slate, Laser on slate
17669,94,4,2024.06.20.REEF/08_2023/083123_Fish Degree Angle Tests/083123_Fish Deg Angle Tests_FSL04/P8310161.ORF,2019.6399485843494,1383.0049790601254,Red Laser,,,,,Slate, Laser on slate
17670,94,4,2024.06.20.REEF/08_2023/083123_Fish Degree Angle Tests/083123_Fish Deg Angle Tests_FSL04/P8310164.ORF,2020.779177496842,1381.3297299055005,Red Laser,,,,,Slate, Laser on slate
17671,94,4,2024.06.20.REEF/08_2023/083123_Fish Degree Angle Tests/083123_Fish Deg Angle Tests_FSL04/P8310167.ORF,2022.446118106025,1386.1191750823623,Red Laser,,,,,Slate, Laser on slate
17672,94,4,2024.06.20.REEF/08_2023/083123_Fish Degree Angle Tests/083123_Fish Deg Angle Tests_FSL04/P8310166.ORF,2020.901359462305,1381.661707570454,Red Laser,,,,,Slate, Laser on slate
17673,94,4,2024.06.20.REEF/08_2023/083123_Fish Degree Angle Tests/083123_Fish Deg Angle Tests_FSL04/P8310165.ORF,2021.5817639478878,1385.5589436267767,Red Laser,,,,,Slate, Laser on slate
17797,94,4,2024.06.20.REEF/08_2023/083123_Fish Degree Angle Tests/083123_Fish Deg Angle Tests_FSL04/P8310462.ORF,2036.7478647502908,1451.6856605113405,Red Laser,2185.32821602248,1444.1598694000322,1903.9895629882812,1439.0899658203125,Fish Model, Snook
17798,94,4,2024.06.20.REEF/08_2023/083123_Fish Degree Angle Tests/083123_Fish Deg Angle Tests_FSL04/P8310463.ORF,2038.6284325072127,1452.232704396459,Red Laser,2169.8963230583117,1451.9177082744325,1891.0656127929688,1449.032958984375,Fish Model, Snook
17799,94,4,2024.06.20.REEF/08_2023/083123_Fish Degree Angle Tests/083123_Fish Deg Angle Tests_FSL04/P8310464.ORF,2036.6814658892479,1451.4141415577926,Red Laser,2168.6150036125096,1445.3367460517918,1888.9789428710938,1437.0198364257812,Fish Model, Snook
17800,94,4,2024.06.20.REEF/08_2023/083123_Fish Degree Angle Tests/083123_Fish Deg Angle Tests_FSL04/P8310465.ORF,2037.5471363988559,1453.4197175289778,Red Laser,2178.314497798643,1448.8960538672325,1898.0442504882812,1445.07568359375,Fish Model, Snook
17801,94,4,2024.06.20.REEF/08_2023/083123_Fish Degree Angle Tests/083123_Fish Deg Angle Tests_FSL04/P8310466.ORF,2039.6724961462035,1452.762551838761,Red Laser,2180.8606785270613,1454.5428052677191,1904.02783203125,1449.0308227539062,Fish Model, Snook
17802,94,4,2024.06.20.REEF/08_2023/083123_Fish Degree Angle Tests/083123_Fish Deg Angle Tests_FSL04/P8310467.ORF,2037.1965300323498,1451.7842039676057,Red Laser,2179.8665548265785,1448.8938456579408,1900.0592651367188,1442.0654907226562,Fish Model, Snook
17803,94,4,2024.06.20.REEF/08_2023/083123_Fish Degree Angle Tests/083123_Fish Deg Angle Tests_FSL04/P8310469.ORF,2037.4163721451564,1452.8493168583807,Red Laser,2182.8260338516147,1443.3925155754146,1902.9027709960938,1437.965087890625,Fish Model, Snook
17804,94,4,2024.06.20.REEF/08_2023/083123_Fish Degree Angle Tests/083123_Fish Deg Angle Tests_FSL04/P8310468.ORF,2037.8378378378377,1462.4483306836248,Red Laser,2185.4997015182394,1441.574083947763,1873.0000000000002,1478,Fish Model, Snook
17805,94,4,2024.06.20.REEF/08_2023/083123_Fish Degree Angle Tests/083123_Fish Deg Angle Tests_FSL04/P8310470.ORF,2035.0365631161767,1453.799691696253,Red Laser,2165.6699391353527,1448.2565029350342,1892.0788574218752,1442.9093017578125,Fish Model, Snook
17806,94,4,2024.06.20.REEF/08_2023/083123_Fish Degree Angle Tests/083123_Fish Deg Angle Tests_FSL04/P8310471.ORF,2037.6306467103634,1453.98939824661,Red Laser,2174.724744823447,1452.4022693367087,1900.8543138275136,1447.3729802360488,Fish Model, Snook
17807,94,4,2024.06.20.REEF/08_2023/083123_Fish Degree Angle Tests/083123_Fish Deg Angle Tests_FSL04/P8310474.ORF,2038.074600478131,1452.809723260801,Red Laser,2174.1283956468915,1453.2843961979895,1900.9882202148438,1452.9251098632815,Fish Model, Snook
17808,94,4,2024.06.20.REEF/08_2023/083123_Fish Degree Angle Tests/083123_Fish Deg Angle Tests_FSL04/P8310473.ORF,2036.7774075806226,1452.4646379188207,Red Laser,2173.238243470625,1458.4529003133687,1901.9859619140625,1452.0645141601562,Fish Model, Snook
17809,94,4,2024.06.20.REEF/08_2023/083123_Fish Degree Angle Tests/083123_Fish Deg Angle Tests_FSL04/P8310472.ORF,2037.5093282993446,1452.4698519432761,Red Laser,2172.534116002209,1445.8135863183365,1896.6787313197917,1446.6589046618953,Fish Model, Snook
17810,94,4,2024.06.20.REEF/08_2023/083123_Fish Degree Angle Tests/083123_Fish Deg Angle Tests_FSL04/P8310476.ORF,2037.6147712244958,1454.452580366309,Red Laser,2192.64273730086,1443.3782825203023,1918.0697021484373,1439.0147705078125,Fish Model, Snook
17811,94,4,2024.06.20.REEF/08_2023/083123_Fish Degree Angle Tests/083123_Fish Deg Angle Tests_FSL04/P8310475.ORF,2037.535337319909,1451.565765689828,Red Laser,2185.63568180846,1440.588153091439,1912.05859375,1438.0182495117188,Fish Model, Snook
17812,94,4,2024.06.20.REEF/08_2023/083123_Fish Degree Angle Tests/083123_Fish Deg Angle Tests_FSL04/P8310478.ORF,2037.5312594298973,1453.789111939434,Red Laser,2180.710638591205,1445.3998725727731,1902.9187622070312,1439.8797607421875,Fish Model, Snook
17813,94,4,2024.06.20.REEF/08_2023/083123_Fish Degree Angle Tests/083123_Fish Deg Angle Tests_FSL04/P8310480.ORF,2037.298406784899,1452.3945803024585,Red Laser,2185.76702006651,1438.9041911662011,1907.9041398894967,1436.538997160231,Fish Model, Snook
17814,94,4,2024.06.20.REEF/08_2023/083123_Fish Degree Angle Tests/083123_Fish Deg Angle Tests_FSL04/P8310479.ORF,2036.8728579553872,1453.6008791458892,Red Laser,2185.7220264979646,1445.7309490476387,1910.1046752929688,1439.903625488281,Fish Model, Snook
17815,94,4,2024.06.20.REEF/08_2023/083123_Fish Degree Angle Tests/083123_Fish Deg Angle Tests_FSL04/P8310477.ORF,2037.332151745344,1453.72010223415,Red Laser,2186.2933625755195,1444.8460091590937,1913.1182322158797,1441.9156414375261,Fish Model, Snook
17816,94,4,2024.06.20.REEF/08_2023/083123_Fish Degree Angle Tests/083123_Fish Deg Angle Tests_FSL04/P8310481.ORF,2037.601252923858,1453.1850322656987,Red Laser,2174.4381284751794,1461.827723197944,1902.5483739204394,1459.9409099922136,Fish Model, Snook
17817,94,4,2024.06.20.REEF/08_2023/083123_Fish Degree Angle Tests/083123_Fish Deg Angle Tests_FSL04/P8310486.ORF,2039.0514621968312,1453.5968537187966,Red Laser,2176.7065713794304,1468.321331989592,1903.043701171875,1465.0058593749998,Fish Model, Snook
17818,94,4,2024.06.20.REEF/08_2023/083123_Fish Degree Angle Tests/083123_Fish Deg Angle Tests_FSL04/P8310484.ORF,2037.4837685779576,1453.4818912100402,Red Laser,2174.772687478727,1459.7627129916957,1902.899963378906,1458.9717407226562,Fish Model, Snook
17819,94,4,2024.06.20.REEF/08_2023/083123_Fish Degree Angle Tests/083123_Fish Deg Angle Tests_FSL04/P8310485.ORF,2036.4342994795118,1452.095990364343,Red Laser,2179.168157967999,1458.2042219873117,1903.902099609375,1453.1021118164062,Fish Model, Snook
17820,94,4,2024.06.20.REEF/08_2023/083123_Fish Degree Angle Tests/083123_Fish Deg Angle Tests_FSL04/P8310482.ORF,2037.7652862403806,1454.0117670666043,Red Laser,2178.520574249254,1456.1740517692656,1902.919189453125,1455.0488891601562,Fish Model, Snook
17821,94,4,2024.06.20.REEF/08_2023/083123_Fish Degree Angle Tests/083123_Fish Deg Angle Tests_FSL04/P8310483.ORF,2037.4269144669881,1454.312592108915,Red Laser,2179.760833726949,1460.0587310857452,1907.0799560546875,1455.9419555664062,Fish Model, Snook
17822,94,4,2024.06.20.REEF/08_2023/083123_Fish Degree Angle Tests/083123_Fish Deg Angle Tests_FSL04/P8310487.ORF,2038.0633931901582,1452.2489839685002,Red Laser,2186.8963064540753,1442.0042506721572,1911.0668334960935,1436.9802856445315,Fish Model, Snook
17823,94,4,2024.06.20.REEF/08_2023/083123_Fish Degree Angle Tests/083123_Fish Deg Angle Tests_FSL04/P8310488.ORF,2036.9436199512143,1452.232704396459,Red Laser,2184.470644255436,1454.1914313270258,1909.448490685881,1449.9054837855874,Fish Model, Snook
17824,94,4,2024.06.20.REEF/08_2023/083123_Fish Degree Angle Tests/083123_Fish Deg Angle Tests_FSL04/P8310489.ORF,2036.5083947258393,1452.8668697750916,Red Laser,2182.9752592204045,1454.5731978548536,1908.2400116201527,1450.892776216354,Fish Model, Snook
17825,94,4,2024.06.20.REEF/08_2023/083123_Fish Degree Angle Tests/083123_Fish Deg Angle Tests_FSL04/P8310491.ORF,2036.7279468777392,1452.5439876856756,Red Laser,2177.073524368998,1445.5674416378495,1902.3903567838956,1443.3144581563351,Fish Model, Snook
17826,94,4,2024.06.20.REEF/08_2023/083123_Fish Degree Angle Tests/083123_Fish Deg Angle Tests_FSL04/P8310490.ORF,2037.1173664449525,1453.1296353526473,Red Laser,2187.939275204076,1448.1051402759629,1912.9214477539062,1443.0628662109375,Fish Model, Snook
17827,94,4,2024.06.20.REEF/08_2023/083123_Fish Degree Angle Tests/083123_Fish Deg Angle Tests_FSL04/P8310492.ORF,2036.5305655118607,1450.9725617239772,Red Laser,2177.3644717636053,1452.835227720265,1905.9306640625,1447.10986328125,Fish Model, Snook
17828,94,4,2024.06.20.REEF/08_2023/083123_Fish Degree Angle Tests/083123_Fish Deg Angle Tests_FSL04/P8310496.ORF,2037.8144820960085,1451.0811942926814,Red Laser,2171.2171423666678,1461.106719983989,1911.8834838867188,1452.1231689453125,Fish Model, Snook
17829,94,4,2024.06.20.REEF/08_2023/083123_Fish Degree Angle Tests/083123_Fish Deg Angle Tests_FSL04/P8310495.ORF,2036.835564007339,1454.2085054724992,Red Laser,2176.9776279243406,1453.4660351169646,1919.9501342773435,1444.899475097656,Fish Model, Snook
17830,94,4,2024.06.20.REEF/08_2023/083123_Fish Degree Angle Tests/083123_Fish Deg Angle Tests_FSL04/P8310494.ORF,2037.7080980917206,1451.1789361062986,Red Laser,2177.5880925002975,1453.397692346201,1917.9949340820312,1442.9835815429688,Fish Model, Snook
17831,94,4,2024.06.20.REEF/08_2023/083123_Fish Degree Angle Tests/083123_Fish Deg Angle Tests_FSL04/P8310493.ORF,2036.2809851796355,1455.0982114172464,Red Laser,2178.472166252125,1452.0808676948611,1917.8983154296877,1442.7943115234375,Fish Model, Snook
17832,94,4,2024.06.20.REEF/08_2023/083123_Fish Degree Angle Tests/083123_Fish Deg Angle Tests_FSL04/P8310497.ORF,2036.9048692624258,1453.1610361148141,Red Laser,2163.9735264930637,1464.0686472904292,1904.0883178710938,1452.6561279296875,Fish Model, Snook
17833,94,4,2024.06.20.REEF/08_2023/083123_Fish Degree Angle Tests/083123_Fish Deg Angle Tests_FSL04/P8310500.ORF,2035.1850098204484,1451.3290322073324,Red Laser,2167.0456805821605,1459.4344264239312,1906.9927368164062,1452.0521850585938,Fish Model, Snook
17834,94,4,2024.06.20.REEF/08_2023/083123_Fish Degree Angle Tests/083123_Fish Deg Angle Tests_FSL04/P8310499.ORF,2037.6409446764105,1453.1314562874488,Red Laser,2167.5753251882593,1460.7236854779037,1906.9758911132815,1452.0281982421875,Fish Model, Snook
17835,94,4,2024.06.20.REEF/08_2023/083123_Fish Degree Angle Tests/083123_Fish Deg Angle Tests_FSL04/P8310501.ORF,2037.7050393579827,1452.233332707944,Red Laser,2173.459407748782,1465.4744074997036,1911.1249389648438,1454.987060546875,Fish Model, Snook
17836,94,4,2024.06.20.REEF/08_2023/083123_Fish Degree Angle Tests/083123_Fish Deg Angle Tests_FSL04/P8310498.ORF,2037.7356105682009,1451.1340621974427,Red Laser,2168.992009579076,1458.6673396286094,1905.1724489268952,1450.5585715023462,Fish Model, Snook
17837,94,4,2024.06.20.REEF/08_2023/083123_Fish Degree Angle Tests/083123_Fish Deg Angle Tests_FSL04/P8310505.ORF,2037.4904731526472,1454.3459788339583,Red Laser,2175.615854093099,1458.1276697804456,1911.8758544921875,1443.9544677734375,Fish Model, Snook
17605,94,4,2024.06.20.REEF/08_2023/083123_Fish Degree Angle Tests/083123_Fish Deg Angle Tests_FSL04/P8310099.ORF,2023.19849999547,1382.8975472465925,Red Laser,2313.682884426889,1406.6881592892955,1762.0056762695312,1381.8583984375,Fish Model, Snook
17606,94,4,2024.06.20.REEF/08_2023/083123_Fish Degree Angle Tests/083123_Fish Deg Angle Tests_FSL04/P8310100.ORF,2023.2949962997593,1382.1308109871618,Red Laser,2316.427147670242,1405.5278567741373,1763.8282470703127,1387.88818359375,Fish Model, Snook
17607,94,4,2024.06.20.REEF/08_2023/083123_Fish Degree Angle Tests/083123_Fish Deg Angle Tests_FSL04/P8310103.ORF,2025.0095545529398,1386.144510481159,Red Laser,2333.6850280628864,1424.5387017429007,1781.9761962890625,1397.1779174804688,Fish Model, Snook
17608,94,4,2024.06.20.REEF/08_2023/083123_Fish Degree Angle Tests/083123_Fish Deg Angle Tests_FSL04/P8310101.ORF,2023.7643095063536,1383.5806199508504,Red Laser,2336.8407418197485,1420.7186136882874,1783.98583984375,1393.7979125976562,Fish Model, Snook
17609,94,4,2024.06.20.REEF/08_2023/083123_Fish Degree Angle Tests/083123_Fish Deg Angle Tests_FSL04/P8310102.ORF,2024.1487807073265,1382.9222762275492,Red Laser,2335.201501642874,1421.0705566406248,1787.075500488281,1392.070556640625,Fish Model, Snook
17610,94,4,2024.06.20.REEF/08_2023/083123_Fish Degree Angle Tests/083123_Fish Deg Angle Tests_FSL04/P8310104.ORF,2024.6030107030801,1384.538964286403,Red Laser,2330.765304986591,1430.2245862762363,1779.9232788085935,1407.1658935546875,Fish Model, Snook
17611,94,4,2024.06.20.REEF/08_2023/083123_Fish Degree Angle Tests/083123_Fish Deg Angle Tests_FSL04/P8310105.ORF,2024.310962285806,1384.3711251875343,Red Laser,2324.6557659784166,1426.7097125372081,1772.8266601562498,1406.8076171875,Fish Model, Snook
17612,94,4,2024.06.20.REEF/08_2023/083123_Fish Degree Angle Tests/083123_Fish Deg Angle Tests_FSL04/P8310106.ORF,2024.661512799527,1380.9055626975937,Red Laser,2326.104208800499,1421.8615264959008,1773.9567260742188,1394.2447509765625,Fish Model, Snook
17613,94,4,2024.06.20.REEF/08_2023/083123_Fish Degree Angle Tests/083123_Fish Deg Angle Tests_FSL04/P8310107.ORF,2025.2493381779275,1386.8447826564536,Red Laser,2329.0409397522158,1415.8357917828826,1778.0611572265625,1392.9901123046875,Fish Model, Snook
17614,94,4,2024.06.20.REEF/08_2023/083123_Fish Degree Angle Tests/083123_Fish Deg Angle Tests_FSL04/P8310108.ORF,2023.8576808287753,1381.8092243682897,Red Laser,2325.4336652384554,1418.1742069814013,1774.047607421875,1394.0120239257812,Fish Model, Snook
17615,94,4,2024.06.20.REEF/08_2023/083123_Fish Degree Angle Tests/083123_Fish Deg Angle Tests_FSL04/P8310110.ORF,2023.8147412806181,1382.7140943598688,Red Laser,2332.4905896782616,1400.3082842164627,1777.9437866210938,1371.2034912109373,Fish Model, Snook
17616,94,4,2024.06.20.REEF/08_2023/083123_Fish Degree Angle Tests/083123_Fish Deg Angle Tests_FSL04/P8310109.ORF,2022.3694858980627,1383.0935569797275,Red Laser,2328.410590269415,1402.995028707847,1772.9879150390627,1378.158203125,Fish Model, Snook
17617,94,4,2024.06.20.REEF/08_2023/083123_Fish Degree Angle Tests/083123_Fish Deg Angle Tests_FSL04/P8310111.ORF,2022.3156095997751,1382.7235842990035,Red Laser,2322.54830625309,1408.7971243084185,1768.9252929687502,1380.97607421875,Fish Model, Snook
17618,94,4,2024.06.20.REEF/08_2023/083123_Fish Degree Angle Tests/083123_Fish Deg Angle Tests_FSL04/P8310112.ORF,2023.211503111906,1382.045936406821,Red Laser,2321.6468118274834,1414.2555241708253,1769.099304199219,1389.8292236328125,Fish Model, Snook
17619,94,4,2024.06.20.REEF/08_2023/083123_Fish Degree Angle Tests/083123_Fish Deg Angle Tests_FSL04/P8310116.ORF,2022.6010107069915,1383.4362879790017,Red Laser,2323.859112772096,1395.5119173588503,1800.1658325195312,1375.0487670898438,Fish Model, Snook
17620,94,4,2024.06.20.REEF/08_2023/083123_Fish Degree Angle Tests/083123_Fish Deg Angle Tests_FSL04/P8310113.ORF,2022.136046077586,1381.6469079373474,Red Laser,2327.5325919151246,1393.5281792602577,1803.75146484375,1373.1695556640625,Fish Model, Snook
17621,94,4,2024.06.20.REEF/08_2023/083123_Fish Degree Angle Tests/083123_Fish Deg Angle Tests_FSL04/P8310117.ORF,2022.881481325688,1383.8045851591507,Red Laser,2321.2857318836145,1398.9695479854593,1797.923583984375,1377.2255249023438,Fish Model, Snook
17622,94,4,2024.06.20.REEF/08_2023/083123_Fish Degree Angle Tests/083123_Fish Deg Angle Tests_FSL04/P8310115.ORF,2023.161873001801,1384.0190954256104,Red Laser,2328.7651541497744,1395.4890332950629,1805.0437622070312,1372.02294921875,Fish Model, Snook
17623,94,4,2024.06.20.REEF/08_2023/083123_Fish Degree Angle Tests/083123_Fish Deg Angle Tests_FSL04/P8310114.ORF,2023.553426409247,1382.5240139632513,Red Laser,2330.6475497993406,1391.4947705997506,1808.1762084960938,1369.9827880859375,Fish Model, Snook
17624,94,4,2024.06.20.REEF/08_2023/083123_Fish Degree Angle Tests/083123_Fish Deg Angle Tests_FSL04/P8310121.ORF,2021.4724916932494,1384.4390482869478,Red Laser,2328.332785674558,1411.201905940998,1804.761962890625,1387.9964599609375,Fish Model, Snook
17625,94,4,2024.06.20.REEF/08_2023/083123_Fish Degree Angle Tests/083123_Fish Deg Angle Tests_FSL04/P8310120.ORF,2021.2100063989565,1383.2378271508014,Red Laser,2326.798079098888,1399.4280591739691,1804.0447387695312,1378.9160766601562,Fish Model, Snook
17626,94,4,2024.06.20.REEF/08_2023/083123_Fish Degree Angle Tests/083123_Fish Deg Angle Tests_FSL04/P8310118.ORF,2021.1891182258933,1382.4499063985195,Red Laser,2321.7792684521337,1405.0184326171868,1735,1468,Fish Model, Snook
17627,94,4,2024.06.20.REEF/08_2023/083123_Fish Degree Angle Tests/083123_Fish Deg Angle Tests_FSL04/P8310119.ORF,2021.3690132963352,1384.2346266324698,Red Laser,2323.228954812209,1402.197222677122,1798.9646606445312,1379.8235473632812,Fish Model, Snook
17628,94,4,2024.06.20.REEF/08_2023/083123_Fish Degree Angle Tests/083123_Fish Deg Angle Tests_FSL04/P8310125.ORF,2023.4492257629356,1390.3980937063861,Red Laser,2316.6802782283744,1395.2598223024002,1794.9208984375,1377.155029296875,Fish Model, Snook
17629,94,4,2024.06.20.REEF/08_2023/083123_Fish Degree Angle Tests/083123_Fish Deg Angle Tests_FSL04/P8310122.ORF,2022.0490416330802,1384.2516310407366,Red Laser,2323.235584795449,1405.5374483433195,1801.1639404296875,1383.874267578125,Fish Model, Snook
17630,94,4,2024.06.20.REEF/08_2023/083123_Fish Degree Angle Tests/083123_Fish Deg Angle Tests_FSL04/P8310123.ORF,2021.5701788511135,1384.3513808707517,Red Laser,2316.8737457062157,1404.2132749232157,1735,1470.0000000000002,Fish Model, Snook
17631,94,4,2024.06.20.REEF/08_2023/083123_Fish Degree Angle Tests/083123_Fish Deg Angle Tests_FSL04/P8310124.ORF,2022.0119671059758,1384.6069825499046,Red Laser,2318.748834950243,1397.9203228038853,1735,1461.9999999999998,Fish Model, Snook
17632,94,4,2024.06.20.REEF/08_2023/083123_Fish Degree Angle Tests/083123_Fish Deg Angle Tests_FSL04/P8310129.ORF,2021.174249672231,1384.1321992102655,Red Laser,2318.011325368494,1402.8588362499258,1796.9383544921877,1391.2369995117188,Fish Model, Snook
17879,94,4,2024.06.20.REEF/08_2023/083123_Fish Degree Angle Tests/083123_Fish Deg Angle Tests_FSL04/P8310544.ORF,2037.6656871242863,1457.1981211248783,Red Laser,2158.797742012009,1462.5992524528308,1926.24368687436,1449.8495178985997,Fish Model, Snook
17880,94,4,2024.06.20.REEF/08_2023/083123_Fish Degree Angle Tests/083123_Fish Deg Angle Tests_FSL04/P8310548.ORF,2037.201006175359,1454.4099099706245,Red Laser,2175.9169302989835,1460.6745297012387,1942.0075073242185,1449.0407104492188,Fish Model, Snook
17881,94,4,2024.06.20.REEF/08_2023/083123_Fish Degree Angle Tests/083123_Fish Deg Angle Tests_FSL04/P8310545.ORF,2036.7968591609308,1453.7028328866752,Red Laser,2158.497433137604,1463.2090246730957,1925.88671875,1454.3705444335938,Fish Model, Snook
17882,94,4,2024.06.20.REEF/08_2023/083123_Fish Degree Angle Tests/083123_Fish Deg Angle Tests_FSL04/P8310546.ORF,2036.4971446238742,1453.568760753366,Red Laser,2179.4867514987814,1450.9711756553736,1943.1231079101562,1444.0204467773438,Fish Model, Snook
17883,94,4,2024.06.20.REEF/08_2023/083123_Fish Degree Angle Tests/083123_Fish Deg Angle Tests_FSL04/P8310547.ORF,2037.5904046759645,1452.7278716786168,Red Laser,2174.15715863608,1459.1423566265146,1938.9506225585938,1444.9169921875,Fish Model, Snook
17884,94,4,2024.06.20.REEF/08_2023/083123_Fish Degree Angle Tests/083123_Fish Deg Angle Tests_FSL04/P8310549.ORF,2036.553460376174,1452.8686306194272,Red Laser,2159.4504472585722,1462.131149564896,1925.1484292279454,1449.9608571067618,Fish Model, Snook
17885,94,4,2024.06.20.REEF/08_2023/083123_Fish Degree Angle Tests/083123_Fish Deg Angle Tests_FSL04/P8310551.ORF,2036.7495245755665,1451.6462980275928,Red Laser,2165.702161169424,1465.4399731052458,1930.9224853515627,1453.925537109375,Fish Model, Snook
17886,94,4,2024.06.20.REEF/08_2023/083123_Fish Degree Angle Tests/083123_Fish Deg Angle Tests_FSL04/P8310550.ORF,2037.022967471302,1451.991039281584,Red Laser,2160.016683851607,1463.7764108240126,1926.881591796875,1448.9832763671875,Fish Model, Snook
17887,94,4,2024.06.20.REEF/08_2023/083123_Fish Degree Angle Tests/083123_Fish Deg Angle Tests_FSL04/P8310552.ORF,2036.5170411478741,1451.3590205153976,Red Laser,2164.1269509328363,1467.250531885382,1928.9686279296875,1455.0813598632812,Fish Model, Snook
17888,94,4,2024.06.20.REEF/08_2023/083123_Fish Degree Angle Tests/083123_Fish Deg Angle Tests_FSL04/P8310553.ORF,2036.475726638138,1455.0016563383822,Red Laser,2168.1819494758493,1469.6749245922197,1932.854868767526,1455.5393002082337,Fish Model, Snook
17889,94,4,2024.06.20.REEF/08_2023/083123_Fish Degree Angle Tests/083123_Fish Deg Angle Tests_FSL04/P8310555.ORF,2037.138370875413,1451.623264181261,Red Laser,2163.815990226355,1468.59426847077,1929.0987548828125,1456.96044921875,Fish Model, Snook
17890,94,4,2024.06.20.REEF/08_2023/083123_Fish Degree Angle Tests/083123_Fish Deg Angle Tests_FSL04/P8310554.ORF,2036.2989354773072,1452.9999206926198,Red Laser,2168.0681428645107,1464.3789655685314,1935.8817138671877,1448.9406127929688,Fish Model, Snook
(1609 rows)
