image_id,checksum,dive_id,camera_id,label
1346,09d555e89c65f676094caa7efbf7ee7e,32,1,1
1347,f99d64aa42cb254949f1165faff75b94,32,1,1
1350,2ccbcfe2e7318071296837fefdfc0b36,32,1,1
1372,ae6b9a3762c8d182ea14bfdd71a9203d,25,1,0
1373,7fcd54316c05f36fd5318c34be77c225,25,1,0
1374,f60bd32ab9167c57a6afc3e3523e6b09,25,1,0
1375,10a6899572027fa6d280cf9a17eb5557,25,1,0
1376,7e152e1269360d58b4c5f4fcc4b40fd2,25,1,0
1377,459d63ff90eded1cde542342efcdbd59,25,1,0
1378,ee9b7eaea7eff3648aec7199b7a548b4,25,1,0
1379,b887ba7cf0254876a07aebd92bf0adef,25,1,0
1380,f9b1784892aa36c613a2d0469c8aee3e,25,1,0
1381,637a88ec0c125859777a64e3ed8e1dd8,25,1,0
1393,cda1268f6346fcb362424eb6c43b6db8,5,1,0
1394,55b3a5ffa8d11d2c654d34bce632cba7,5,1,0
1395,06dd06a00ce8c9f6eefa90a77757cfc3,5,1,0
1396,7da864df8ece51751de0e8e0186e518f,5,1,0
1397,d53b6c9d9355eb031734d691a7ba44bd,5,1,0
1398,071b5f57d8205441883a764278ff3b50,5,1,0
1400,74dbcad3e74c6da893d936e327b7847a,5,1,0
1401,d0889473c67f02e144497503ded9452c,5,1,0
1402,ce88d4df9e4b560154be8730a2854962,5,1,0
1403,96e43385eeb56fbb3154ae30b718c8db,5,1,0
1404,5028ddaa95eeebee7b0de1d374f1b005,5,1,0
1405,1a1698d1d135305b6c3c8293e367c507,5,1,0
1406,e2bb82e0ae0533de1a84fcde753f2ab0,5,1,0
1407,94ee5fa6cc4d863a47bae135acce21fa,5,1,0
1408,44681765a98a92adb879b6f51a661dfe,5,1,0
1409,f8c51ad630e6dd253373e071ea0721ab,5,1,0
1428,91920e8235b1dd51009d3cb40dd0c9d9,28,1,0
1429,815c4eb1f6cf089de25667ed85ef291d,28,1,0
1430,b9eeb84c6f6193065e9f59b68ad27ca5,28,1,0
1431,81d9000d2524e8d63dbfd83b6f17022f,28,1,0
1432,73553879d6a219233692d7abc1af5746,28,1,0
1433,68d51335a446ce6b3508c8aefa562d49,28,1,0
1434,b24c0d00c218abb6a48d70e5cd530fe0,28,1,0
1435,46984d35d8da793b86f73f8c13d5e85e,28,1,0
1436,962a34230d1c722cd895e43281f27447,28,1,0
1446,aae23e77f788a55aec5df8594c3dcfef,20,1,0
1447,07dc919973d3a664edaebecb444dd4ba,20,1,0
1448,40b8458b7b8c897ca4ded372a16efc30,20,1,0
1449,5799dbef2fac1f2de61a6110f81dd6f5,20,1,0
1853,e72381a39b1772c79f9ef3d13a132f95,8,1,0
1854,cc66b7d0a23fc7b032d71c1163f32b37,8,1,0
1857,30815cee68f7661fbeaf2d94c0e71437,39,1,0
1858,4877e7bc5e3d289bef920240f16fa137,39,1,0
1859,b483125c4049ea7b7d8d04304ac88ac6,39,1,0
1866,cfbdd4edbef29c4c0b4bdb8a80ee810c,16,1,0
1867,a025ff6214eae9c37bb1d9681141e521,16,1,0
1868,d3aad10fef1163faa8fa85c4f06b0677,16,1,0
1872,787799caa33ed427ff01bcaeda0f5057,35,1,0
1873,c3b56bc42c317887827d48dbcfe2a0f5,35,1,0
1874,7a57525286a20b804192bc4ada42d802,35,1,0
2025,027e9887ac5d87dfc37778a031dafbae,22,1,1
2027,ae331e207baa138919076b7eaf1febba,22,1,1
2028,6050ef9dee59c23ad58f134f59c1f431,22,1,1
2030,979c479361fa54175493f4e15084ae17,22,1,1
2031,96044a0f980f804ee5be224eebf0fe2b,22,1,1
2032,120dddeb3ff3a47a9582eb33d64420b1,22,1,1
2033,be77a57b6ed91d284e26d1530d78fcdb,22,1,1
2034,fa1ecaa4ffae668fe02710d2096e31d2,22,1,1
2035,80e2a324cf4388531cb29358aa594c37,22,1,1
2036,6d4dc4a5c1995110339531e19362755d,22,1,1
2608,4a297b7d12884d9577d73a00ebe42118,23,1,1
2609,a8ff48febf404aafb8c8ed94f6df9af5,23,1,1
2610,87a2f606b4d59cea398a099d9fe7fc6b,23,1,1
2611,34c2aa1621a96c02e1afd077a4d440a3,23,1,1
2612,29d945829a27f95dd5d056bb0b58b7d3,23,1,1
3145,a239c67b6a6c7b563f201e6b1dcf41a6,83,10,1
3147,d1fcc9913747bb92f1c3c9d4ff32e77f,83,10,1
3148,2ffcc7d408f111eec2e34dd0de3dd5f1,83,10,1
3149,317508ca8e0e0022c5c266767f43f0c1,83,10,1
3150,dae2757ab388e1ea4237ddd3635f4dfb,83,10,1
3151,df655b113009c6b8fa38dec8b584a8f9,83,10,1
3153,f2925a31a81abe0996761bd581f19e11,83,10,1
3154,d55ceeb27174f01eeb9c653be5df5ebf,83,10,1
3155,3d6cfa1700ef26e9d3b033ff04edf5d5,83,10,1
3156,a3471c9f4f457dc1dedf9cb09634d5da,83,10,1
3157,f43ea836e70e5aca300b1e01c6811fb4,83,10,1
3158,65a0d7c836b8031b04774ceecd77f34c,83,10,1
3159,8bc2fcae6ae0219533976b54c3811757,83,10,1
3160,9e86aa2f0c98271d0dc303f45caf9708,83,10,1
3161,026237990488cddb9d67e6c3251b0bcd,83,10,1
3162,0712381a19ae1141893d02a0bc26fbe4,83,10,1
3163,1c834caf355f3c5cecea292c7fb45123,83,10,1
3164,55fe71b15dbeb114ed7f88995d0c0908,83,10,1
3165,52ac0ced626278c05b976357e533ca7f,83,10,1
3166,97f6704faca6deaf6a173b865e4cb4e8,83,10,1
3167,65ca7ed7bfadf57118b480a9f79583af,83,10,1
3168,59b9cf3c0b9b6b8a8099de0227b06191,83,10,1
3171,4b583f71ca35c97a86898769e7158800,83,10,1
3172,a074fa119b70a0d5cc6b768163f359de,83,10,1
3175,13432c3464a574c056a8c8be5bf86bbd,83,10,1
3176,70b78ae7ea37b18e92eba49204286209,83,10,1
3177,6ed84eb9603248315d85390ebfd80200,83,10,1
3244,351a5710558e424aee97c06c74a3ffd1,80,6,1
3245,340619e33c7703ea494abed69f3567d0,80,6,1
3246,e6ff3f834e6b6f13b72f51bfd8a1aa0e,80,6,1
3247,20ecdafbe4124d4f7cbe3b693408efea,80,6,1
3248,a63b3e2db6873cfa4c659251e3bae1fb,80,6,1
3249,f708d40002befe736997556f58ca9cda,80,6,1
3250,3ada4fcc2a570e97fc29faa0b02335ba,80,6,1
3253,e047a229e0d84f999f28cf632436d80e,80,6,1
3254,0856202007073955c00990619936fe2a,80,6,1
3256,034571c04c817dadecb5b0480359831e,80,6,1
3257,76ef5b7c741e94b176560aaf18d6c31a,80,6,1
3258,16d85df8df5f20636e5b712f1f9b086f,80,6,1
3259,f11455cc011079c28fa6b6d7046af390,80,6,1
3260,aa62d18f781c1f2d145df1314a39b65c,80,6,1
3261,9b4f7bb0f4a09660c0b5eb4341d0972f,80,6,1
3262,0a7a4cf6a40b2b3cd1f91c67f9faad23,80,6,1
3263,ebd50b1132c79d1d8519cbe8c70dd6b8,80,6,1
3264,50cb4d33e08efc4425fafb84789e28e2,80,6,1
3265,e9ca714369f9d0f5b80e0fca2e4ddc6c,80,6,1
3266,0f27ece497e824372958832fc7ff7a55,80,6,1
3267,f1f754c00972687bf63ad13775fb6614,80,6,1
3268,0004cd4ab3d4857c6593d692d6418897,80,6,1
3269,5c63bc4aead30a7754ba5b2d20624e16,80,6,1
3270,ef853019344beb4cfa94a0f89906f0e2,80,6,1
3271,aa4e6a7a04b773d89158e8fde1acae5d,80,6,1
3276,9cea316eb805fb39f600b7838977388a,80,6,1
3277,9f015b0995be4fc24d3a36b66dca4a22,80,6,1
3278,625ca4118ad698383b718991c70ff646,80,6,1
3283,e9cb77f604a753ce9eb1db224e37107c,80,6,1
3284,6d4ab628a4e65f194c58356b3d7c60ac,80,6,1
3285,0ca6d20ee5cb669ad629d611591081e8,80,6,1
3286,e6a3cfc6f3024fa80738ff630f012d89,80,6,1
3287,4918c67b8d9aedd8e55ec060487ce920,80,6,1
3289,884faec96266ee2d243cb527d08f1f0e,80,6,1
3290,e1f46da5c44caa48076085fb3d730ce8,80,6,1
3339,05173337157f90ff212a55f38594835a,61,6,0
3340,3718de5c245449f0617285160ecc45f6,61,6,0
3342,05060e31db8fe7ca7752b35af72cd8f7,61,6,0
3343,27959320a73309e55c63b29e21dd67f1,61,6,0
3344,844b306266e9d882f6ba8e10ce61f51e,61,6,0
3345,5b8571f6f424194494bca40a60b522a9,61,6,0
3346,1acaedff14f11f7cd0f1bfa612d00e65,61,6,0
3347,8b4f7d756b114b03526637dd5325168d,61,6,0
3348,13fd37ad9d7da02c2bed4dbf42d7b490,61,6,0
3349,62548fe4fc5daa1bd1d2f4c079b5fbc0,61,6,0
3350,e418beee5006449eb2856d98c1e86dc3,61,6,0
3351,a5ec6f139f2200c6116a365b3f15fe9d,61,6,0
3352,425032890b58e7c71eafbbfae27738e4,61,6,0
3353,7b32a9399dced9846e27a02003b5ec91,61,6,0
3354,5004a04550d46b9168b1e448880df092,61,6,0
3355,1ee145ab66476b13eaf5ba1ae1552928,61,6,0
3357,b9743254969981cee0cbad81d6a5e8c5,61,6,0
3359,6f6c4b1cc3aa5a81b48e408d9c469ee3,61,6,0
3365,75166f7765c31ee113519057b7ece109,61,6,0
3366,9748fcbc6ae470d312371df10640d5a9,61,6,0
3367,270092a607baa5244c0e870ac75ad130,61,6,0
3368,eb34809af98c7d4e0bff23a79788cf87,61,6,0
3369,21a77af79c5fbb2e79c7e303abe957e9,61,6,0
3370,1d9234f9bea92502a93a7ed644c332d1,61,6,0
3371,80b3f1986afed10d155570d93b75ed5a,61,6,0
3372,c37b4044bf8c1ba66c69a92e1a20f36f,61,6,0
3373,a732bef3c5af6540b045cc69a88e163e,61,6,0
3374,373b8802eff89ebeb3e802b3e4378dda,61,6,0
3376,3027cbc3885ba206227fa2d4692e823e,61,6,0
3377,1d492e8400e543d1166997159aa078f9,61,6,0
3378,ea1809f5c66e1ff5cb54d75aad1391d3,61,6,0
3379,a5117358ebb373c30558e0e0f128abcb,61,6,0
3380,f2ec13c6836dc45fca96917042e90bbd,61,6,0
3381,6402fcd81aeb8f23603714622908b960,61,6,0
3382,d8d76f005ca3edc37822440c2181bf12,61,6,0
3383,27f6dfa0ff90234bb6e8966cd7569bc2,61,6,0
3384,309c5a19ae3ae73b2344c895107ae7b5,61,6,0
3385,f1955a2d2c361502401defb67768f209,61,6,0
3386,abbdbb8a9c0d5a5f2f652710ca23af9e,61,6,0
3387,888b4d1a929412b759af1a1dd0b899ca,61,6,0
3388,8592d940f329f38a170dc2cc1031fb67,61,6,0
3389,1e40bcb451f44ea592f8d944daed1200,61,6,0
3390,d0f16a373e2211648d9f4d531a00d261,61,6,0
3391,73de58b4df74016ab6f5cac9e1551af6,61,6,0
3392,5548452576e6521a03c2ad835f66b886,61,6,0
3393,eccbf864fd09d7e2cab348e945a5702d,61,6,0
3394,32872c2bb6545a49b4564de44b377ba5,61,6,0
3396,9c2f7c77329807e3d6bfbf16db23bc55,61,6,0
3397,09ead81815e03fe22417820129660a7e,61,6,0
3398,fed44f87060501c53b2969c3fb9b95f4,61,6,0
3399,37f8a2bbb4e559f18ef01aab0092c3f2,61,6,0
3400,e8448cccbfd2c2bfcf4cde612244a9f8,61,6,0
3402,cbcbf8e1dcdef9a5767239a1c464d6d5,61,6,0
3403,a6718fffb660f47d96e2aa59cdfa38fa,61,6,0
3404,5ed720f139b359edf7e6ca3d5a4df0d6,61,6,0
3405,d0400ede1516b87e6b46e92038ebbebe,61,6,0
3406,25422cc6b6fdfe47696be325958f53b9,61,6,0
3407,f024f99462032fb315a8dafba0f1f7e5,61,6,0
3408,bd8ee865af37ea976216ca44dfe74956,61,6,0
3409,6c5a87720282afa787e41ed05c3280f4,61,6,0
3410,c163685739d8af8a23adb9585cdf415b,61,6,0
3411,0424b0bea992a3791c34b97e4344943c,61,6,0
3412,0080281cd8a52dcca436b3a1fe79e0a6,61,6,0
3413,e68359ade65c22a695d0501d18952ebd,61,6,0
3414,3c3b9c5475ac479610a8a63cce088f23,61,6,0
3415,c60309fc4da8f8ddb3bbdcdce8763bab,61,6,0
3416,4037b5b04fd484bfd4b5e2c1818c2044,61,6,0
3417,76116d8f526eb54a30ee7bd9375a1252,61,6,0
3418,d9c1e8f1e5836363a2e876d590f26f7f,61,6,0
3499,e15fbc3709cac91276c49373668b522e,66,10,0
3500,8b210f15933facbc3b6a5f44749e6ba8,66,10,0
3501,fb03d868e5930840ace341e521821ff1,66,10,0
3502,e9993813ccf62807d953b55d127ae2a8,66,10,0
3503,6e81ce7338c8166af43aab9061d80348,66,10,0
3504,730cf3affdc5f5ca5ba70bff56f2c7cf,66,10,0
3505,12e169260ee5743a869e68b67eba4f5f,66,10,0
3506,7aa0acb93a25797ef0b58ce738850aaf,66,10,0
3507,22a68ca8bc1456eb7ebc148eff17b840,66,10,0
3508,a0b3c29286f50b5e2a9a464f86761e91,66,10,0
3509,4080ce2d0072c4d38a99f00bb3245a0f,66,10,0
3510,811d29f440646609367dbc2b5650c9df,66,10,0
3511,398e276662c5dcaa73fb16b311efc41a,66,10,0
3514,ad3ff4a9d089482e47333342b7ce7c90,66,10,0
3516,d372d65f61e35eceafd7bfaa7d6a2da4,66,10,0
3517,c8b549fefb1ec07af8db2a2067988b1c,66,10,0
3518,d44800828d701d0b2df81d2fdffcb772,66,10,0
3519,7b1460fd129e7fc2cb0ea2de078b57f2,66,10,0
3520,930d080d4723b301e32258326a1ba4b5,66,10,0
3521,c9d2f97de1ebb8afd0b37c4e7bf3b09d,66,10,0
3522,0b0d993dc3021cfd2c20bd7e97b3347e,66,10,0
3523,3f80015de28d052cab3aea934690bb32,66,10,0
3524,a508602d90f473e8f302793a6ed47142,66,10,0
3525,9af642ff1158696a8f3b2aee4f703226,66,10,0
3526,c23ec226b441e94edb3a208d314a3a3f,66,10,0
3527,0fb1d658c31939ffeb936824ce641236,66,10,0
3528,bf8e5b68d34a35e996f018e0b545bd72,66,10,0
3529,3a3e54f6f3a1e85fa1e091da7b2b0447,66,10,0
3530,ce190fc41426877ef1a76cef1748011f,66,10,0
3531,430616a718c1193265d804be81d36ba7,66,10,0
3532,3e16062fcb082c2d6fdc4186fd511503,66,10,0
3533,4a195406762ac4e472dcd99f37b1619e,66,10,0
3534,381949f01d66913015ebfddb5bb4758a,66,10,0
3535,fd4c22740e45e7e3d13e670973919b42,66,10,0
3536,b50938980921e6f5b257d4d92ad28a73,66,10,0
3537,9ab8df2ceed2e931d3db91c883f37df2,66,10,0
3538,881ec68186becbf7a4dc8e148e23b3d2,66,10,0
3539,fb06f83c5ed2dc08905b9584a1923a67,66,10,0
3540,57a24e1faed6756ddf098a279e048135,66,10,0
3541,dc84af0f019eed5ace25c4ef05a70cc2,66,10,0
3542,b7429ecd6577dc048ce1ebc8047fc3f2,66,10,0
3543,3a9513e97f2212c18b10dd9dd446332e,66,10,0
3544,ccde0b34a41d596533947883d69e0931,66,10,0
3545,ea13fec3c48753ff823e6282bdc39da3,66,10,0
3547,72fd87b13000f5f739dea1a007f41b32,66,10,0
3548,4c8e45dfef4ef2e60c0ac3e228c599ac,66,10,0
3549,6afb4b64cec113668e7375e7fa26e15e,66,10,0
3550,6f9248c2f72fac123ab5000e4c75075c,66,10,0
3551,d52b9b5d86dea99bf44a8c4b07225393,66,10,0
3552,64300c984614bcbb8b29a4fc3ab2797b,66,10,0
3553,5c0d537d3e85920ed353deba9f5c748e,66,10,0
3610,487bec1118269ef981c424f79c9d52f9,77,1,1
3611,38f126027034f640c5bf845ce02c5218,77,1,1
3614,b887355b64c38663fba02331e10b2c42,77,1,1
3616,ec3bc70463d52cfad16a2d9be023ea61,77,1,1
3618,292256e3e0529ef70c8b380b50af6354,77,1,1
3619,0a5a42d3846028205f85766e594e8e85,77,1,1
3620,301cbd804e078a0261b3ac72e1e3d224,77,1,1
3621,b9a32008fa1140084a079f55fb45edcf,77,1,1
3631,cc75d58bb35c78cfe51e1e90d7019ed9,77,1,1
3633,fb99da67781f41d705f51988dce4093f,77,1,1
3634,4c7282f40696709717ff2da2ca1bbd84,77,1,1
3636,09b6b80744d4e7c3fee8a6740e5ef06a,77,1,1
3639,1da37eeacf43e0c74718782ce7874f19,77,1,1
3641,af08cc81fef8b1c995fb343af41d49d2,77,1,1
3642,cac2e4c88ef9926bad7090d42d86c7f9,77,1,1
3644,d028636510fa897a351c582f779b800a,77,1,1
3645,123185c4fd74f1998e4772dee2797c5a,77,1,1
3646,3556b54d5e448966a4960326c251b9a6,77,1,1
3647,90c34d7248ec264e2f8b2bebdbc821f7,77,1,1
3648,e678f49700a26fc28f3516eb24a3a216,77,1,1
3649,389b22884799c0e0b2068cac576b22cf,77,1,1
3650,4b5beae879815248922f5ce3c6930738,77,1,1
3651,59a188e86241ca30cc569f409149be49,77,1,1
3652,c0ece343d9aebadca6af2d8037e1efa4,77,1,1
3653,49be5ca56f60a687eb9c90f945d6bed8,77,1,1
3654,1efcf1acb48782371e02d2c2d1dd7614,77,1,1
3655,7978d52e5934cea25c98fed717ca1bf1,77,1,1
3656,b5446709a49846f80cce770b4b7359cc,77,1,1
3658,6c08b5a54ef54cbadab3efe2fd1b3233,77,1,1
3659,64c070cf1f0350e0bb26efa5b253e9da,77,1,1
3661,505a93271467437cbb561df42b2129ff,77,1,1
3666,b0b118b4819abe98cd69de8521f1c125,77,1,1
3670,f224889ba5e003ce91f54065995dfcc7,77,1,1
3671,ee657ad72ec637beeb83f3a749474842,77,1,1
3672,1ff9ab2dfd5fe534c0c5a2950879ebc6,77,1,1
3673,60ade2f9b8d1ee7caca6a1dbd04f2127,77,1,1
3674,4976aaa3e7bba1bac52fd97ce8bed806,77,1,1
3675,43471103aae9f5e5d5781e9fb117236d,77,1,1
3676,462bb96d83913242235b0d691235570b,77,1,1
3678,37fef75fddcbd33fec79df649f889d9d,77,1,1
3679,0422e356c75959d6c0c13f2fd2a7fa8d,77,1,1
3680,d83aba85cb965492b90efd8873d3f342,77,1,1
3681,41a3cf939903c444fa85921bd4b4eed2,77,1,1
3682,e254de7f3c6ec72c2a1ae3006199a2b9,77,1,1
3685,01b17c6e8a30b38b1fe923bbbceed8ba,77,1,1
3687,6f5178831581897f3efd29d6686aaa0a,77,1,1
3688,57167c4a95520659bb066fe0348ef3ad,77,1,1
3690,01137f0a484da1f6bbcc0f181e9fa2f6,77,1,1
3691,271ec34ead3a5d32bd1054102bdaa1fa,77,1,1
3692,2a88d77b10290248e439bad8d27da8c8,77,1,1
3693,f10f769c4cc9ee4d428b551a7c6b509e,77,1,1
3694,dbd5c2e0bebd0211a64409bc2346617f,77,1,1
3695,1c9cb38c3cf263d39d546db794c725cc,77,1,1
3697,7743b3d12434e7968a9e24a3b08be973,77,1,1
3698,4a380ba4065dfa9af2fd60e96179980c,77,1,1
3699,3d1bfee66fb6077d6b90fea0687604f4,77,1,1
3700,326c556d439cd4de5181d0dd892c481b,77,1,1
3701,1b11c26f8d4ea752db18b2bcfa69b7f7,77,1,1
3702,a767bd83623ff236a0f0eb9ecb70590f,77,1,1
3704,05acf7e221dd085d37c52102aa283fc3,77,1,1
3706,67b5e2c366e5e439fd44a68a619097e0,77,1,1
3707,8fc7ff0703b4ef8e9d40b8c63d61ce92,77,1,1
3708,dcec021c9cc1fa2fa7527764fcf1e3f1,77,1,1
3709,2eb50ed34b0e154204d726e8c3565237,77,1,1
3711,292f0258ab6bb5d618f6750b6ba5b29b,77,1,1
3712,aed8e157bab3e71d305cba5aafaafa66,77,1,1
3713,81a7c8b559eb8306f5f9e574af955813,77,1,1
3714,ff5e53a842958fc497542796320eae68,77,1,1
3715,a8b9f6e12e5ff65b4b5a6455377f980a,77,1,1
3716,4fd7e4aa7c73142acec7f2de78c57cb1,77,1,1
3717,dfd54c19121163e37e1222f4047d516b,77,1,1
3718,454ea1050dc08732a0e2106e298faa7f,77,1,1
3719,b805ae9fa8b9d5b7ab25edb3ea17582f,77,1,1
3720,d1c12209173fe820f72905d8e8989e0f,77,1,1
3721,55b74f956d18eb5ddaa26a0904e43332,77,1,1
3722,44fc8aeb6b9ad3df8dae4ec1d2cee253,77,1,1
3725,f34f17ecdf1a311a4c90e6be1ca49194,77,1,1
3726,6e62acc65ff609a1568a1fdfebb162ef,77,1,1
3727,483b593f33f7a3c9fa898ff509a9127c,77,1,1
3877,6dc2a9975ca91f6ca03f2a5ddc9a132b,71,2,1
3878,3e8585789a6266592fcce9709d5ccfe4,71,2,1
3879,24079651a4cf5b088074b8338cc0cbd9,71,2,1
3880,a62b937a743c3ddbf9cbb336eafb5312,71,2,1
3881,3108159061350ae125b9f4d072f11d75,71,2,1
3882,2329b9f8d9234ca4c794caa2af897fcc,71,2,1
3883,98ea63b03b40e9a8fdc7ea58904fe332,71,2,1
3884,87bdae5b825618c5a3dbba6959e5315c,71,2,1
3885,025f6690e9e049b52d8925e212875255,71,2,1
3886,89ed6b5fa028be72f92ba77f78a97310,71,2,1
3887,18fb55122f19ae4f1543ed05f0d3cacf,71,2,1
3888,0ddf90129afe5e3e2e369f7df48d4957,71,2,1
3889,04319635ff56f6e43bf4855c1e0ea71e,71,2,1
3890,93127771a295409eec1d48ed76c8f5e3,71,2,1
3891,6854695591f7517f1df2937fa17f8dfd,71,2,1
3892,3aaeee84ab035af15ecfa4601415780b,71,2,1
3893,40e1b73c182ec31aff750c8ed9f8b6e0,71,2,1
3894,1ead726f95c183a9fe13bc0354c118bf,71,2,1
3897,ff8bf0202cdb90d9db0d5303939d447e,71,2,1
3901,a26c48370c28a8a4b0d74eb41433cb01,71,2,1
3903,e94cee26e0a204a1786da84cb8515025,71,2,1
3905,703e07eb4f25073cf0e9bc62eee87486,71,2,1
3908,d961043b8bf83376bb0504f897889a21,71,2,1
3909,ccacdf17fd5dafbf46080726b0f4bcb4,71,2,1
3910,688f08b80666d4a40e924af0757ce28c,71,2,1
3911,99430a3f08eb0588911ddbed56d3f475,71,2,1
3912,2828fe1e85edc05bcd83fc6768369640,71,2,1
3913,d5026598009b5cc558320cee6e90cddc,71,2,1
3914,18038ec899b5a1420efd0a71d75c06db,71,2,1
3915,a331cb8c3b41e2a7ed6038265330c24a,71,2,1
3916,0165be9fe62cdd755ba08e574d0ea74e,71,2,1
3917,8297056ebeae0565a947f611b6b58f6a,71,2,1
3918,73b8a2eead56c73eb665354b980d381d,71,2,1
3919,2f8407499f9e0adcac5011bb57ecd55b,71,2,1
3920,146bacf6a6a99fdec9b37141b7213e83,71,2,1
3921,8bef98b9e8d7936a66625414627a43b8,71,2,1
3922,c277a4cd59e85490c19aba5197d1dbb8,71,2,1
3923,2ad52a161be617f0cace0fac611ca71c,71,2,1
3924,762640212faa2fba2fb10832076e7ca6,71,2,1
4001,a5df32e5c8c943265ca80cb0c7564f8c,63,3,1
4002,c59f0874a36f6d845d4d297e77764bbb,63,3,1
4004,26788bf53be625e5e7716b0876f9b401,63,3,1
4005,570c482fc591abe9dc264d0403bf43c2,63,3,1
4006,4bfc6c173139ae95741403d29f178fbe,63,3,1
4007,702980fbb085cc4e0676db8128ec22d5,63,3,1
4008,113996d6431f7e0987e6abd638c14718,63,3,1
4009,8d4ae2b7804f86521f0415a0e70207b9,63,3,1
4010,cace0cad2f8191641202ca4f2053d9bf,63,3,1
4011,99798d7b609bd1f8e9e37690a3525807,63,3,1
4012,2efdab8d590a06ca9435ee69c343bc2a,63,3,1
4013,df3258dbf853623e516a17fa2c92faa3,63,3,1
4014,97a718c9ae0ad7ba2e0c89c19fb3df0c,63,3,1
4015,56fad5698d46d6d18861fea2f6f034ba,63,3,1
4016,122ae8acf9cdd6369a02fd8829ec5047,63,3,1
4019,6c6b224e20d8f57893a60b8c15550edf,63,3,1
4020,d84115d3255b3bc3e355903eb6550685,63,3,1
4021,989c2eb704b6c6a06a9e9e31f8c0dd25,63,3,1
4025,d34e889476cb2e36083ebe238cc53453,63,3,1
4026,cc441da148546c182117fad428449fe7,63,3,1
4074,5954058d2500ed945275572868bdcbde,62,5,1
4075,87fb08a3f97a86c8b3b3c360a964980e,62,5,1
4076,0b1689a6fb31e9590aaa630f1d47fe29,62,5,1
4077,5774b9965c4985499d5a070f09ab09e5,62,5,1
4078,6f83c19e89048fc1e322f2c04aed1c18,62,5,1
4079,4470422268b44d49876e321fe08d2943,62,5,1
4080,7298b71fee5705eb36b01893c68b7fff,62,5,1
4081,f9513837f9c83911485fcbe54fa9d5b6,62,5,1
4082,c6c87c2f50c49ba1d643d097f267e4e0,62,5,1
4083,ed6fe5af08462345da065b69ea3365c5,62,5,1
4084,d82e86c05c2f4539a27f6034a3251f74,62,5,1
4085,64587312f37132844c5dd5f2cd728a4e,62,5,1
4086,a825a756f540e26832abb1454c0765fb,62,5,1
4087,7edfac914e325a9b0baebf7e71d47a84,62,5,1
4088,62de32bb7b0a10ce250531cd46879726,62,5,1
4089,1ddf8f526a95532be647e03f71645621,62,5,1
4090,c08687792ac704e5304050bf3e70a68a,62,5,1
4091,d1c4a053b256eeb0b6071e08de0e8460,62,5,1
4092,be9d259374b927aab8f694679ed9caeb,62,5,1
4096,349d9266f977166517c188ec0399f4f5,62,5,1
4141,a8750dfce6f2de3bb668108758e91c5d,76,3,0
4142,9a337e25083416ceb9920cd17ff5913d,76,3,0
4143,5a33422e765aba9986e23d7c0fd5dc17,76,3,0
4144,42d5accab43e69695ffe62dba2ce5464,76,3,0
4145,d91f13e1a76b97837071f92ee292f468,76,3,0
4146,289fd3008241f1e73098ef23fbdb57aa,76,3,0
4147,2e6801cf434e321d3ad4038c75a33084,76,3,0
4148,3f8782a8174244d0a21257b5f8c2b9fb,76,3,0
4149,a1a15508552a4af82faeaf7f9bfe5302,76,3,0
4150,5df3fe5d1c0937aece917bd9971abf28,76,3,0
4151,ab5e29aefe6a89cdb3d19313ca92e1bf,76,3,0
4152,ecd0858acd7d88c1bba11eb18bb990e7,76,3,0
4153,5127272ef673403a0b11759990073fa3,76,3,0
4154,a7725b4a51f97052f1be70727af6719f,76,3,0
4155,ea237570e2f0ebce06f7156a9c9bd246,76,3,0
4156,636b66521aa827712110f13cce24664e,76,3,0
4157,0e2e7d8c978e1840de6dcf9a9615256f,76,3,0
4158,5e94d1ff3de0b171a21319162d16dd44,76,3,0
4159,5acc17cacc79d33f6ac4d90ea16e7bf3,76,3,0
4160,b8330061adf356c49169e036d93e9170,76,3,0
4161,ff00c3806e3cfb71fa731719dd457839,76,3,0
4162,df26b255efe81d0c51dbcd848df2dac9,76,3,0
4163,9ee1a5fca3eda358bc80cc8a6e342303,76,3,0
4164,021f1633e201a5c6190e6466832bd2f6,76,3,0
4165,1d8a2efa1ff7015e1fbae8d752dbbacd,76,3,0
4166,2dfee6e2ce950f1559f448a98cac61eb,76,3,0
4167,21d969ead20f4689c2c1c7a9775d2600,76,3,0
4168,03dfbf5457c889e6061be5f7ee980d87,76,3,0
4171,8edc9c49707c70a6f413574fc4895fb4,76,3,0
4172,ee0e6af45fba727e10db53bd160a81a3,76,3,0
4173,019ed3b48ef22deea3750c60a6403a9c,76,3,0
4174,5985eab4c57b4a7c84d9c928c6cd026b,76,3,0
4175,975a18b292e5ee641d8f3833ad50cfe9,76,3,0
4176,af0cdcc20515825f5b5d862153b7fb81,76,3,0
4177,7cf1949dbe6516720933edfd4f6883d8,76,3,0
4178,5baa6f944133d5cb16aa424b931704bb,76,3,0
4179,7d870bb36ceae39eae5827f4fa79c987,76,3,0
4180,bc2097b1d48bf997667e8b182c92d7c8,76,3,0
4181,c532a614a62821875d6274a83d764ba5,76,3,0
4182,6d5cc4b5da3d9455bd934ad9b5720a7e,76,3,0
4183,6aa31305e052088814fa5d65dc27ca3c,76,3,0
4184,766e4e152866f7bf0f239a1f7d245993,76,3,0
4185,5837bc15e5a0166261d1e0890392b7db,76,3,0
4186,21c3ea515624f0775ce9052024031da0,76,3,0
4188,8a6ebbc967d0db534d14764e9a784ac0,76,3,0
4189,6c058d6bada427b0a2e3af23f978ff43,76,3,0
4190,8a001b585b2a41f6272e21d54b3611cb,76,3,0
4191,ba61de1c42a09104a131d74573d106ca,76,3,0
4192,77b1466ba071f3eba25a37b29e750552,76,3,0
4193,45860c7d7e514d3ed11d223a93ed270e,76,3,0
4194,81c774b190eaf00286a3a26f52b79022,76,3,0
4195,926332a7abe6d16c8fb7f6d1f8fb7690,76,3,0
4196,66ada9416f4c0eb658c20bf02f66c1df,76,3,0
4197,8b8208c67ac5398bd9c8441c7508815d,76,3,0
4198,484519ae56f384a4bc2157ff37844fb3,76,3,0
4199,1f3dbd5505404711d2ff844c652b375f,76,3,0
4200,c23ea7f15219fe0781d3f58096d8d1ca,76,3,0
4201,4dd5a97ffac9019b69e1e572ccbbf1f0,76,3,0
4202,f6a6280bbe2675388d239674c297dcc0,76,3,0
4203,6678e5d8ebb5fc55994c7d5dc30053cd,76,3,0
4204,915bfe270401fcdb354664466c26724b,76,3,0
4205,838a341f79efa434bac91ea9e6c5a36e,76,3,0
4206,e8f967771e5926cb14747d5c3daedf17,76,3,0
4207,5205f15705bb1619f8564f18d75cae64,76,3,0
4208,7ec7c227aee9897f254b2df508b09b9a,76,3,0
4209,c7ddb362f663423b3b337a153151173b,76,3,0
4210,44c675b507c1364aa138083c49185024,76,3,0
4211,9de477fff8b83ddb029a58ce6129ac96,76,3,0
4212,53e084610cca7ec9aba17187d004df7e,76,3,0
4213,bca34ce43d1a62011e00fe0b0653bb4d,76,3,0
4214,8899d94b047410cc85bfeee98f52ffbc,76,3,0
4215,dec4f95418c21a7d53f9b5f072611ce7,76,3,0
4216,c430574b0d5a963e7cbba63a11765637,76,3,0
4217,1bb82aa797d80d8e14d7b593ace50a96,76,3,0
4218,bf98feb72ec5b6d8565a60ff584b2d35,76,3,0
4219,a65d7a828035246cb138d146b301781b,76,3,0
4220,460ebf6462040901ec06e903be1021de,76,3,0
4221,c44e368fe60cce596cc63bb7df4acab2,76,3,0
4222,14a86ca6d67c3465eb2e956f5fa7b22f,76,3,0
4223,cb617f68b08052a96ec515ededccd57c,76,3,0
4224,9df2563ae0550d16472aa9107aecc953,76,3,0
4225,e6be9043bd99bc3831fd3913a1fb3723,76,3,0
4226,e90727b7c5d3c900a614e48f855a31e4,76,3,0
4227,85898395968be5428eb24dd5809f8530,76,3,0
4228,628bbef4804b147be2060a870d0fbb19,76,3,0
4229,7a7f5ed28fd97d3595c69a79b41e9c8a,76,3,0
4230,fded5406cef433f6e5ebe5b2c68d1d45,76,3,0
4231,909dc9af152b987091dabf1fdb7baa85,76,3,0
4232,3949584b7cfe4da6a238d9d71699c3ed,76,3,0
4233,d217354bb00d2d1dcbeedbc611954d29,76,3,0
4234,7a6ab5cd157d750371f1a1499c6cef2e,76,3,0
4330,795635c6d92d66fd4dc2f3a12c4989f5,59,1,0
4331,cd9af1ea1cf44544987e19885cf223fd,59,1,0
4332,b9758ee10d2aa32cfc52c5ef781e39ed,59,1,0
4333,1b51514021db77d10e6143161914c614,59,1,0
4334,b74e987d460c3216c1f74beabd2c2a75,59,1,0
4335,bf8cb01bcc13eaa7606f99cabb23452a,59,1,0
4336,00486a5f8a35e0cba40e9b685dd23765,59,1,0
4337,e9593762f485a7777a03b5f621e6d7a0,59,1,0
4338,16531360cf0ad08ddcb7098897bb4ba9,59,1,0
4339,febd5025d0e7e9717cc58b3f549cbe8f,59,1,0
4340,82c459a3a7d95d28a3940f8443d01c6a,59,1,0
4341,f480592212175b56cb149126e88e625c,59,1,0
4342,dd5fe6d74ab30f411bcce2bdc67bc8b5,59,1,0
4343,a7d4ea3505275c3129d41627aae06f8f,59,1,0
4344,a56b72876bf4d89a509452e45ef6203b,59,1,0
4345,043a8874573bf4d03e2d9cd166dd7e23,59,1,0
4346,12f030f7f4e3836aca808cf6f6a7b821,59,1,0
4347,0a6c5398a55e508548514ece44351fe1,59,1,0
4349,76223b2bbdcda75adefdc5da77fc20ca,59,1,0
4350,5cedfa843aa95e7dae3669ff5a0441d0,59,1,0
4351,ad555d1e21b183bcce97f729fde59230,59,1,0
4352,72905574e1eee88ff931922b8444a0c6,59,1,0
4353,90108071ca3b2ef2afb8c0699a8cdcb2,59,1,0
4354,9a9aa68bf16aefdcf6c3c18235c2e33f,59,1,0
4355,7e83c442e11270edceca121b92ad8db5,59,1,0
4356,3b5f2d927551215f2e2647f240b1bcfd,59,1,0
4357,b035bed60560a9bcb990e5b955a4f611,59,1,0
4358,8210bc137c5a74ae0c9eb502acf0a8c4,59,1,0
4359,b84aa6197802dc167c687d3401fdac6f,59,1,0
4360,b12b2830ce62a20fcfcdb5567156fd8e,59,1,0
4361,5c25872813f35a74a287bb06c30add8a,59,1,0
4362,117dfe0b8498412dd5b2f7cec031a7a0,59,1,0
4363,1bd3419abc63b6aeee50b7cc12217d28,59,1,0
4364,87eb4e33d94c9eff38bd648d893bcae6,59,1,0
4365,1c0c52043d7b0de429f2f848461cdf99,59,1,0
4366,8136aeb65a1ac71735e97cf42b6a6b64,59,1,0
4367,680e0831b276f740fe4eaf8d8f3601ba,59,1,0
4368,5ba6301bd21c33ba644e8d320ecbd057,59,1,0
4369,a84347f11d83533772337fc3eb12c752,59,1,0
4370,d2e6a526f9cb34dada2739fbfa7334f0,59,1,0
4371,9e0b549a7c317211b80e4a2cfd97a08b,59,1,0
4372,e9135a7bf84002d5f9518db76e039d81,59,1,0
4373,4016d3c3a28aff1e2fb35c906c00ca75,59,1,0
4374,d2cd00537e27f32e816c6ef7e82e1bb5,59,1,0
4375,94d973455b21581769ff1063e0b2d90a,59,1,0
4376,2890e3c3d770e5e2178c41e40e7854ca,59,1,0
4377,9d783d98e44b73ca8370b3e701894165,59,1,0
4379,214d6d45002c8f794683cad3c0b4ad8e,59,1,0
4380,ac18fa02a47ed2e9e45ae7a08446ef8e,59,1,0
4381,68fd498745610a596912f05c14c3fc77,59,1,0
4382,332a04d249a0a915198229deed995c78,59,1,0
4383,ed1731c0264b1ac24854011e18687dee,59,1,0
4384,fc2e47ac21fb8bd05be73f5d2dbf3720,59,1,0
4385,5e7f64e46880c86f5fcc6a5d868b5960,59,1,0
4386,1d38a40c16cb621d70d0587cb18d22c2,59,1,0
4387,445ba805c984eca8b2fc5696b784942f,59,1,0
4388,c8fd5d1efa046974a0aeebfa1b80a003,59,1,0
4389,0e0114dd7f79abbf1f27873e8ba58194,59,1,0
4390,cca141a4dc6d03f9ad668ced22efc1dc,59,1,0
4391,1fdcfd02ffdd0d57f1b79e5bcb76c3fd,59,1,0
4392,22a9db34c43146aa242789b72321d0fb,59,1,0
4393,be3cc94e8f3f1877a11e900de6fd06ce,59,1,0
4394,4093beddd98e22296bf2510f2f06b29c,59,1,0
4395,a25a7d0dd417e56f5d10622ccbc63fdc,59,1,0
4396,af1d0ac03896f9427b247bbc43be3ecd,59,1,0
4397,a6abf3ebe3963b5dada51bcdbf713bf6,59,1,0
4398,03b42500979235a94be9658db8271d98,59,1,0
4399,aaa28804fae9c1623ce680aa75c1c1d5,59,1,0
4400,650e942bf6e255a3f465faf8b286c3dd,59,1,0
4401,6dc9759f53492536e39ece4ba0ce8ad7,59,1,0
4402,b24b811881ab9d22f1b000a0f7cf450e,59,1,0
4403,d9ad95fde657a91782aeba5099db19ce,59,1,0
4404,cba135b97cf0138f8af6628016ffc8e6,59,1,0
4405,d0b31faabe8a6cd33309ed5cdb260d1c,59,1,0
4406,6c0cfbd4888ef0695693ef84d0716fb8,59,1,0
4407,665f4b7b1908fefd35ebcdb4b630986c,59,1,0
4408,67fffc8854b9839258fb1e244ad3748c,59,1,0
4409,64152af5803ecea884b6fea181aa1ad1,59,1,0
4410,35820407f51579dbeafd4c924e3d5a3c,59,1,0
4411,c52ca7c9245d6658d9e99fe2f0826943,59,1,0
4412,a0b449ebc9a245c82366bf15c220e648,59,1,0
4413,d3915062799eac258a93d34bbd76e6d5,59,1,0
4415,cb88168e92f7044a42b5fed74f1fe83f,59,1,0
4416,8cf0b7e53a27b046311ef29b5762b33f,59,1,0
4418,bb21527a5ef201fce1cce20f380d0247,59,1,0
4421,921b916395d16f750ec2e0466e92f75d,59,1,0
4517,2a336da775881979fb36010f3485a6de,58,2,0
4518,5fa5db7c9a45d99ff63184d783b71bd6,58,2,0
4519,852288db4dec8a469e3a598cd3842ead,58,2,0
4520,d3c2388c0de05af80bf68da72b43663c,58,2,0
4521,144538d0d917a4c3c74258070904fe99,58,2,0
4522,a072ac0acc09f2bc5bf900988060923d,58,2,0
4523,f54321f33a06abf931d7b728817262a2,58,2,0
4524,7745ca661d6a49fae4a73d818387f736,58,2,0
4525,759ccd74bf108e874be8b1065a64a5a3,58,2,0
4526,96f094604cfac4173f773e974e963dd0,58,2,0
4527,f8df12de854a032a2fe7231463e94326,58,2,0
4528,376884792a920400ab542bb1909a4060,58,2,0
4530,ed5a4ed99750a9af5a09a407dee00383,58,2,0
4531,df0b2c23bd369407850b7f8b5e530590,58,2,0
4532,b25c29038080cc65eb8509466528594e,58,2,0
4533,61932fbc46f7bc2a1b83a8bdfa232455,58,2,0
4534,e60c8ee218b6a803bfd012f373d5f4c0,58,2,0
4535,407325c59b2c3c1cae89a73192da6e1e,58,2,0
4536,458fe4a41d7bae6e447b24e3ca4e5a88,58,2,0
4537,281d7761fcc40d9106dfb52ce25dace3,58,2,0
4538,88d6f21bd85c07475ded6ac55a0c0ae6,58,2,0
4539,369e3572f58b3194b470261cfd337c79,58,2,0
4540,e62c72f98221ff4961a51db27941b577,58,2,0
4541,fe89e2d84285acf77b501f51c22f86f6,58,2,0
4542,0d73c328facefa7943d25a96e24bb2ca,58,2,0
4573,e4ab9890bcaa459c02d99e34c447dcb2,65,4,1
4574,2bc13beb583eab4a8babe678c4265fb5,65,4,1
4575,ce1917cc1dd2c1659b7ea394b9aeb901,65,4,1
4576,44cb8193a8397f3a0bc68b32477fe210,65,4,1
4577,7b8e07e0a71900e0433a744c58595d73,65,4,1
4578,549efedefcddb3ee68c5768829d86cf9,65,4,1
4579,98eb9658838f5e0eb06fe8be802d0453,65,4,1
4580,ce5cbbd4d176fe09f6d8057a306e306e,65,4,1
4581,265ace0c20732774ce37baf154c67344,65,4,1
4582,1b310c7b7a355ebb59f9b731620506b4,65,4,1
4583,68ebc5ee7d3d99bfd07104e54fa4e6dd,65,4,1
4584,37578e9d13ad2eb3134acf7fcd491962,65,4,1
4585,0ad68af54a21d01f1e219561f5954c0d,65,4,1
4586,0f51f6cbaaa2710403b0d89aa5251b49,65,4,1
4587,6bfea2f2c9fa8a72d762d30e7339c5bf,65,4,1
4588,bb6c23123f946d59ae5af0802b065205,65,4,1
4590,6bcb926b1ffe4c7a0c539aaef8fd9f0c,65,4,1
4591,ef5bbed0abfaf3ea4dbd011899d8d6ff,65,4,1
4592,29023be9c7b0a0a87b0e45d2b0192b39,65,4,1
4593,eee3e6f289393d0fa786f09bdd15ff24,65,4,1
4594,9b8923a7dcf4827a554234b3d020996e,65,4,1
4595,42ad7d61e38cb2373a2829d7dfebece2,65,4,1
4597,92ec53acac477863be7fad9055deecc8,65,4,1
4598,36b5e85ba26484a638b1cead66305c44,65,4,1
4600,5336c87acad3f03d5bfe78486b7c868b,65,4,1
4601,265c434d309f55aefc1840c6de98fec8,65,4,1
4602,231abaddf3437b9083dc09e1b4e99645,65,4,1
4603,a1f0e98bf0c73e1fe0ad391a2a54b8ad,65,4,1
4604,aadc7728a2b861779d77528982022f87,65,4,1
4607,3e425be7f3fe9c673f6725bcf3391d22,65,4,1
4609,48bc238a5be4e8c501cdbb025b2d431d,65,4,1
4610,dde41cc8d90855d74b06cb042b31dbd3,65,4,1
4651,e68c92ed54ea2fd93e4f541014f60aa2,60,4,0
4652,3af9dba6569b995d5382f132c286d892,60,4,0
4653,f540af4c2701a77f6fd49d9da3e2b716,60,4,0
4654,6ffa1b43a7d3a2a0c8074ed1fcb8a1f6,60,4,0
4655,d5a753a554bb2ae6bd76ce1b1f1e80c2,60,4,0
4656,86035599dd4d46c1af8b14f45a709cda,60,4,0
4657,1a895d6885d883ce43695c8bfdda11c2,60,4,0
4658,0173863235911d314abf447798512752,60,4,0
4659,4e8a16e65cf506d37988e4aed797ff12,60,4,0
4660,077f703e46e649a59e77cc615403d26d,60,4,0
4661,edd7609298ceaf2836999898bba90832,60,4,0
4662,3a2d77f360f0075c639c4377ba00d73c,60,4,0
4663,d45d6a82d2fce1436a89cfd454af6a51,60,4,0
4664,457ca15ec2e19e89e2cacd8d0d87121b,60,4,0
4665,ba6a637b5a75c0c223d1c875fec0ce21,60,4,0
4666,41eb56871fdfb61177e56c8a74a661f7,60,4,0
4667,250bbfe413954a607724f586d65bc065,60,4,0
4668,e4c3ff848384162dd493356fe9e930b9,60,4,0
4669,d16f8785f7c0aa431c191d8927415e5e,60,4,0
4670,014c00eb5b9b08ee2a181415e2a25b56,60,4,0
4671,479006f8f630c8cd9df5b6769b770c5c,60,4,0
4672,f969f4f4629e0543894ccb1a57a46e17,60,4,0
4673,e38203b29e45052e59c4f8574110a5f1,60,4,0
4674,ac12202a6dc5c617eb5c62bdbe5fccbd,60,4,0
4675,6c340df4681d373afb43a2cd5c77b5ed,60,4,0
4676,386c11b6e88a9b7d1984ddd355613b15,60,4,0
4677,f47558e4ebccf7d25c34ede7b547eb7d,60,4,0
4678,d8b8a799f8a34b173686573e7490f0f8,60,4,0
4679,0c2ffd31e1838ef3e0d9363e3d865fc9,60,4,0
4680,12adbebf6a616b294d299c3cf10a9f1e,60,4,0
4681,765fc26a78024031a04db03025612b45,60,4,0
4682,54a73e6f2206eb59d338ec685f2f1447,60,4,0
4683,b328edf20a7456a836a3db0e82b4aad8,60,4,0
4684,4648ea28c86e873da410b7ce81b7bed2,60,4,0
4685,a5ba5e6559de40c418d74d6a346ca1aa,60,4,0
4686,6259f94855ad2714fcb08a07db4044f3,60,4,0
4687,ee77f85f0b5d89739c69de653204f7cb,60,4,0
4688,d080b69aadf9c3b4ebab05ce08d34a52,60,4,0
4689,d8b0990344afdf293ff0786e1e134ec0,60,4,0
4690,54519c0159c9bfa07a8bf8d84d351118,60,4,0
4691,155313932d7963c9a335b38cb4ec0a23,60,4,0
4692,887dcfb8558fa36bb836f0b12ba338dd,60,4,0
4693,8fd7aaf1ba246c7080a50e7a4f5270a9,60,4,0
4694,10e80308c722e2c0885bcd1d248838c5,60,4,0
4695,3a02df1054c6cb989b64e1ef67277584,60,4,0
4696,b50b55dfc268364aa01f532c8b606d36,60,4,0
4697,b88249f860c72b30c18311942cdf1d49,60,4,0
4698,925fb5d761241a8073e82029e0623afd,60,4,0
4699,e3fed0b7f49781b934589811c2c70a58,60,4,0
4700,38b1302e018b745e3a5858ad32e58236,60,4,0
4701,826c337604fcd4c7038c774e0efb0831,60,4,0
4702,51d81c94f92c5124228cd8cb665b9414,60,4,0
4703,b86544f06040117c612541f470e9322d,60,4,0
4704,2260ab68b1b2c33591507a6759589369,60,4,0
4705,42866c44c945f9a813b49c615657e007,60,4,0
4706,ec28b98ff33f5516ff1ea0dedcadd036,60,4,0
4707,7dcc6a36626bcb1557c5ac66517e47b6,60,4,0
4708,e707609cf0aa74e66c0ee4c5fef129b3,60,4,0
4709,d21c94cde61a5a062d0672add59b3c62,60,4,0
4710,7568dbd4ae88d93af78a949aa17de3b4,60,4,0
4711,2160eac27c14104101ea25e4b9d2a3a6,60,4,0
4712,bb69c3f894ca05e8bf54314a234fd8b4,60,4,0
4713,2004b6a11ad8fbf05871f8e88dc9119a,60,4,0
4714,c580754bc16fd6a407c627fcca72cf46,60,4,0
4715,408c354da1ee16c3f35ab55c8e5a652c,60,4,0
4716,ed54b4928882174e552e1934a4d6a50b,60,4,0
4717,690f24b2b83d85644198e83f058bc35b,60,4,0
4718,cea48e44e9b58ace36dcbee00d61dd6b,60,4,0
4719,67814d128bcab67b4ae77f5a0de66513,60,4,0
4720,5ee80734196edc4b866c4b5a1c3225e8,60,4,0
4721,f32f1a30aecb10299d2bacc5ab5d1d25,60,4,0
4722,1a010d0d90231ddf531769e69ee0a565,60,4,0
4723,1658120d6e8e747791a0e12e2798cff1,60,4,0
4724,afd4c2b57dd770d77efe791def60b842,60,4,0
4725,b77874177d583ee29d8f35cd3aba756f,60,4,0
4726,4716375aea5c295b7c36e2882a556634,60,4,0
4727,df991caeb5a63746f7594f28fa14dbd4,60,4,0
4728,18691a753fb6aae6f65aaba4185bb525,60,4,0
4729,f9073b9c65f1ef30b57cb47de623ca24,60,4,0
4730,e520c4184a8689be9fb602f24fe0b502,60,4,0
4731,835c606655e1375cb02594c26f839d6b,60,4,0
4732,98f141d02a7f402e0da25e545eacbe8e,60,4,0
4733,8bfb4fac5e032cb743e77ad70db83604,60,4,0
4734,56f10c3d4b77ab69121b3a30a7321eed,60,4,0
4735,f26e8e21be8e1d64c71bdd43329ddb32,60,4,0
4736,e1245c04523eea58dd8096ca185fb4eb,60,4,0
4737,b0bc3e4810e96d1257aaf6f48c8b54bd,60,4,0
4738,08767796ac975f117abc3721acfe5def,60,4,0
4739,0d9e9bc639196380f775f3c4e439c94a,60,4,0
4740,ecacf43aea322ec0a6acfa825f115ff2,60,4,0
4741,053f0295788fe3612d025a0f2d750ae0,60,4,0
4742,0e1215355b3b85f31fc9771c86368721,60,4,0
4743,6f385bbf8a9280df70b5104fff9bdf35,60,4,0
4744,4035be7e385da394568312798aa65aea,60,4,0
4745,5991f3066a0c913b495facfbc280368b,60,4,0
4746,476f07e68f2fc6c8bd42b51c44232b4e,60,4,0
4747,9f9dedfdccd6bde79499f70ae6842e54,60,4,0
4748,8dc0a48c08b952e51e9dca52c2b7d009,60,4,0
4749,2a5d7d8cce817184290267b86fc2d71e,60,4,0
4750,b06dba0770f47e5dc4023c6ee68d2019,60,4,0
4751,23a52485fc03dc7c65cb83757d1ec694,60,4,0
4752,8ca17d250e4cf8e236ed2ba787a1fcf2,60,4,0
4753,0976bb91615cca0bca13d92c0120b76d,60,4,0
4857,8923e5dfe6882cae1f82c6ac5f2261b6,84,5,0
4858,4e1d0e73ec7dc3ddcfd605713032e3eb,84,5,0
4859,450efb197ab47cc1bac2439ace01c4e0,84,5,0
4860,fc7d23463e4d8118f9506698e9c9fbdf,84,5,0
4861,6cf6d660d610ee031244039586b44eba,84,5,0
4862,07c47a0e6b37ae6ed36e77a8899a1049,84,5,0
4863,0f23a8528901de6f0e5c07c907339c9c,84,5,0
4864,9fe878793c29b04848d685d1b111f31d,84,5,0
4865,29c460397c62b571f225224d0e97188c,84,5,0
4866,afe64bbae9865398d6f2caaecf107423,84,5,0
4867,2e1935b4898983bd01309791d6bff6f3,84,5,0
4868,5bd40fc44d2bfcb2121ccc5b400eed77,84,5,0
4869,b72413f2c2def26c6e0a1737a02fa07d,84,5,0
4870,7bb73fa532e9110203a37d4e6ae70a3b,84,5,0
4871,9366432369b7123857ffefd816217f60,84,5,0
4872,c298e1243b0f25498bb925563e3b0601,84,5,0
4873,d7b22eb8aa360fcbc3f3796c9719919a,84,5,0
4874,3edbb385ff735ee3826ecc6f4d4b15a6,84,5,0
4875,e6af2d0f2122e2b3e4d2662f47df054d,84,5,0
4876,4d49ab398b5c69e37a3e4d8eadc6968d,84,5,0
4877,a68b555be9db0819c534b4321b711829,84,5,0
4879,ea8fc36cd8085b02ec19aa25e688760d,84,5,0
4880,db18c3fa2ea68929df06b181adf3ab25,84,5,0
4881,1d8be8c3ecfcb5da435b8028e28806fb,84,5,0
4882,dc22e99d5e517fa4da714e8291286db9,84,5,0
4883,d32c0aecec4dd06d93b08d8dbc373a1f,84,5,0
4884,18dfef38e6c2013cfe1dadc94db8ea5d,84,5,0
4885,c9afc4ebc1941a19085742111315f6ee,84,5,0
4886,6cb2f71a00bac639729f4d382d8cd878,84,5,0
4887,1e987e46bf722a81d71a20566d8db492,84,5,0
4888,af8a1ea4ead15920835d8cd140de216f,84,5,0
4889,c1c71d35bd8759fa33fa9c9129e382a5,84,5,0
4890,abd4edd93c8a60f1d9ead9b1bf4cdd49,84,5,0
4893,212a118d1ecbce142524a6ee5717815f,84,5,0
4894,d44a40addbf9879163cfe29011a9f846,84,5,0
4895,726ed594e479e1c5fbbd29ed91ef8466,84,5,0
4896,303bec2320ebc99af30598602a6a719b,84,5,0
4897,176b2d3bffbece219d2986f677ce2075,84,5,0
4898,9ae08cd799c00152bc22614da8e268dd,84,5,0
4899,7eeab6997896cf82fccdc269e0c8c1fc,84,5,0
4900,def713eacde7045b6655dbc19b4b04b3,84,5,0
4901,3827052f64d968b7d6a5498648f558c2,84,5,0
4902,b7a09248a2bf8b25376b22eacd264297,84,5,0
4903,b8e4c42b384e64d30b53e88551efc043,84,5,0
4904,2e891bcc8a3bab37bb70a5ace3238ba5,84,5,0
4905,ada7edc44cfffff60eb20963343e333b,84,5,0
4906,18fb6088379065d966acd3fbf2e10c07,84,5,0
4907,e354dfecd8cf7fc1fc793cd96c4fc8c8,84,5,0
4908,63d43ee507a6efb3f90c581ccaabe815,84,5,0
4909,d1fcf531ca69780cb472c80e72a84b88,84,5,0
4910,68b20a2406f0be063e38580cf8e08cb9,84,5,0
4911,dee72c56602f1c84be524efc5345d420,84,5,0
4912,775f2fc0d401fd59213f6ecca76d32bf,84,5,0
4913,2c2c0821286bda54c8c4e422b0478c6f,84,5,0
4914,7bb9c91958d69890ffa4b1b83dbaf518,84,5,0
4915,6b030fe0f4329806ffeb588537863a42,84,5,0
4916,dcf5ca862e2c5842579ed39d49f288a6,84,5,0
4917,fa805bbf038b3448c9a9046cfb3c89e2,84,5,0
4918,adfbf6d2a381248f5ce044030203d055,84,5,0
4919,80dbbe40f548ec150ad0443524c06380,84,5,0
4920,035a93108217b5c8d5dab670981d3486,84,5,0
4922,c1ba553b123aca18593e193dcac7870c,84,5,0
4923,0b3aa431981637a78acbae4d9310a79e,84,5,0
4924,581400e11fa1a4c1437483fe2e3becd2,84,5,0
4925,9cbfc8b16e4c94bdee4046c3aadd8b59,84,5,0
4926,441a9b0efbc2c7ffaadfdcc9ccaf4ecf,84,5,0
4927,5b09de96dee44cd0671afb0a37838f21,84,5,0
4928,f7c377b28339d2b9b9cc733ef1d12a5f,84,5,0
4929,7f4b306c2b7eaf517864778a5ce3201e,84,5,0
4932,902fc23e2af02dd3e9fb5c99ac9cf8e2,103,10,1
4933,eb8831a7345313108ae3d84666103ac5,103,10,1
4934,244f7bc52729fc1fc5514809b3670ef4,103,10,1
4935,10e841d7c5d941daffe23cf6a4e2af9b,103,10,1
4936,d2e5bbadf8b3ee3d5301b0675a86b441,103,10,1
4937,8ffe1f203062408489a100f5c075b691,103,10,1
4938,b53b4de257439af3c9bfda4d68e5f6d7,103,10,1
4939,2b1ecce8fab8d60484e4b891e41c63ee,103,10,1
4940,f0bd1654b39c2cd0ff4f7b825169bf63,103,10,1
4941,d3908961214451a35382757d1a76b91a,103,10,1
4942,3ca2027c8ae15634589a9e1c38b55847,103,10,1
4943,b9581abdfe06105cd8ad8e51a133b36d,103,10,1
4944,95cc1cacc8c15cf93a739cc93a3296a0,103,10,1
4945,ff32c2dedd00f4cd2e311a1d21a8e6a4,103,10,1
4946,dbac106458b2270a146bd29d5056c9f5,103,10,1
4947,e16324bcb4b757f8a7cb2d3058e1d842,103,10,1
4948,100ff1f6a8907d5ec03d931503f2e15d,103,10,1
4949,dfb0d61f01e865a50ac4410c086fabf8,103,10,0
4950,b398e02bdaf94563429f3a43910c01d1,103,10,0
4952,e0959cb1b626ddc5f500cb6391ed5dbf,103,10,0
4953,57774e3ee1632088fe3f1d5e63520e01,103,10,0
4954,c1fac971a3c9e580cb9dcaa357043c0a,103,10,0
4955,6a3c0334a4c60842e9f9591b1455c7d7,103,10,0
4956,018a86bfe75a915c2f321ce885615c51,103,10,0
4957,696775d5c74de4acfa154f6287f0eb28,103,10,0
4958,a266b627b5923283d90cbd622b35c7d1,103,10,0
4959,cd90037dfc0855490fbc9401a6b97cc2,103,10,0
4960,7884a4aa6ed8596922d7873c73f68ae4,103,10,0
4961,e3a0eb9849342e90f3c4c8613ec8be1d,103,10,0
4962,f32bbc57c81b58e595f6ab3e1e370bba,103,10,0
4963,44ab221b4ef1be682d377f36a5402441,103,10,0
4964,53dcc20e8e8104777f829ef8d224dc67,103,10,0
4965,534a0c6fa9b558309532f15b5b5be406,103,10,0
4966,9f86ad7cc0cb62ece1fc1b5da2b22df5,103,10,0
4967,59da987491ec1fe4c258d492a51076fe,103,10,0
4968,afd16c11f263cba9af049ac17c4d8eeb,103,10,0
4970,e8a0b23c0d3c637b6cca25b8786ff8c6,103,10,0
4971,89c2e6cd770a972177fc5d920637557a,103,10,0
4972,eaf8a945c891132d89e49b771e05b20f,103,10,0
4973,ddf081776e67f938256097d3b047c112,103,10,0
4974,8af01fb1d760b834b5a93834f9ee29d9,103,10,0
4975,2b289448c945343416daac914fc7e4ed,103,10,0
4976,120ce7788e997be778fcbb78f4bc5b2e,103,10,0
4980,e7123f0c992cee45a595d21465348c45,103,10,0
4981,5bdbfed40a0deefa31b63fee24a3129b,103,10,0
4982,fbe64860ea494db09219928f24b3a87e,103,10,0
4983,af4ec63aec00984494d9c76412a55d43,103,10,0
4984,9f7bf21c71652499b4f2e3ee536e9538,103,10,0
4985,f8d228d83377f437aa0fe57a7a4e01e2,103,10,0
4987,bc38ac092feca4c6c3fa283c9b3054ff,103,10,0
4988,0f8559ae76d07a3f21b85d31610065cf,103,10,0
4989,fc03701ed83a10d77fb0c95bda93e588,103,10,0
4991,0d77d6846918b9d273c956c4012ca978,103,10,0
4992,6f8774ef48e6b6a024f2c6f8ed97e454,103,10,0
4993,ec552e43d7917162c9806577a6d88482,103,10,0
4994,f99c3b3aef958efa3ed1c80174f172ac,103,10,0
4995,de1fc06cf9a783b3778cf4fee74d59f2,103,10,0
4996,25dd49e4649c478e22284ff360a9a042,103,10,0
4997,19e8427a5ee4a19e9a1985a474807f9b,103,10,0
4998,21d7d9cffff38c911825dc379c87570e,103,10,0
4999,43017b48ac0079987814495f3e008dea,103,10,0
5000,57542071e6a779e57cc21d6a8dc3cbb1,103,10,0
5001,da493b5214a82ddb0eff6c89fc330e4f,103,10,0
5002,4f2b04b15d4e8d007e73e355d2ce5198,103,10,0
5003,02543313fcfd23526f66f06214312a10,103,10,0
5004,285db36f54be1490539e9fd1937c40de,103,10,0
5005,31e888234b61fc86d7c827996239a336,103,10,0
5006,6e0b75c70bddb3768a2c9142ab823d8f,103,10,0
5008,35f689c510b327f1d6dcd820d8e34a17,103,10,0
5009,c21c387252b923e4dd6cffde2a9e9681,103,10,0
5010,355b0abefe2ba7293f12d467e042e5e6,103,10,0
5012,b4c88b3f39017aa2ceec00161a8a8431,103,10,0
5014,2657eb753c5d1ceb679d2e75923a5479,103,10,0
5017,6e3df13bae275c091f6d78d5534669c9,103,10,0
5018,a6df46d79d591c55db2dadcec6b04696,103,10,0
5019,85a40f312b669befcdc8a71e7f7b5e58,103,10,0
5020,aac4f88b6c8c24ef6470016fa9540b90,103,10,0
5021,da1fcd2cb5731fe2b53405433b504e80,103,10,0
5022,53bc1bcf4696de0c8dedbf878e956977,103,10,0
5023,bd0ccef8e582885433980df0e2c3feb9,103,10,0
5024,fd498612186c607ad3f78594a366227a,103,10,0
5025,7e9e8d7fd4ecca64ec94253f967f779d,103,10,0
5026,27ffdc09b3c92b7c912609dc2af9dd2b,103,10,0
5027,571691d66d86cbec15da2fb10f4313e8,103,10,0
5028,6060fca4c4ff839c9da4587cfe8ab17f,103,10,0
5029,3fbec54d25a93b0f7fdfe7872178e08c,103,10,0
5030,1298b1131cf8d92f5f6e30cd420a5917,103,10,0
5031,e995535aa5f44de2dedf5a3c6981e80d,103,10,0
5032,21cb5326b7715e8606933d0857c22a94,103,10,0
5033,ee8f6f45ddf83159bf5a7e9ae56a4e92,103,10,0
5034,35300833b3da59ec4435ac4477a0e692,103,10,0
5035,3b75caa0a4ae5722b403564a7220f320,103,10,0
5037,685b2c5f06abbe93d955f6692d04b20a,103,10,0
5038,d0252006adf0ebdd017ffbf822f9e4ff,103,10,0
5039,4608642c24e286d52ebcda71f37e929b,103,10,0
5040,39cf743b9ecb92306465c65c2ad044f3,103,10,0
5041,ff11bbc16e7c646f0f21317f1a8fcd5b,103,10,0
5042,350e4a6e7c74684025f1dd62758bfc45,103,10,0
5043,2bba590d72604872be3d2817bad1e9eb,103,10,0
5044,9614bc7aac2077e9a54e9019d0984db1,103,10,0
5045,0c9f091152a72b6af9a19bb896bad161,103,10,0
5046,88af3422e1d1d3cd57a55e24dd227489,103,10,0
5047,1d40782cb15dc4b5581c064b3409c1e4,103,10,0
5048,dcf7a1400cac930f9c02db4a4bfd833c,103,10,0
5049,3f212c208f4e0d03b4306da526ec5a5f,103,10,0
5050,e455ebd98497a46def6cb55fe7dbabf5,103,10,0
5051,9153d3a50c84b358ae527764cee83381,103,10,0
5052,d5a20962b93f2b04c55e9788c7baa20e,103,10,0
5053,fcfc9aced1077a91f49732dc6dba038a,103,10,0
5054,add6bd8500b111ab860eab013233ab86,103,10,0
5055,bd25fa8e99845767350756054eac4c2e,103,10,0
5056,1999478915df348844d5d0fc649f478d,103,10,0
5057,335458133896249ae8e5bbd9c3c10989,103,10,0
5059,b89731fb759a24e7351df25ca8eddf65,103,10,0
5060,8c5cf24f807d53f22b08ce810e6048c1,103,10,0
5061,e176e47cf26813c67990ed80075b11c6,103,10,0
5063,53e6ca52be8460a54d6f6c9fb129f9cc,103,10,0
5064,a0281e1d00399666677dddf5c936ccad,103,10,0
5065,71b7cb1d4ff9f6660518dfdee81db0b4,103,10,0
5066,a011c1ad48862a2b011f4756b4ee7ff8,103,10,0
5067,d27a0ef8d146621004440d305c5dd5ab,103,10,0
5068,836e162e676037ba06645fb3d6c69fef,103,10,0
5069,ee80d2bc40671f142c38db1e051d93fb,103,10,0
5070,f3d47b13649ebdff63ac810722c73a81,103,10,0
5071,81320f2dd755db46ee13ad8943c65635,103,10,0
5072,a4405bebd7adb68c220ff8f9b4ca5f58,103,10,0
5073,f886decdab92fcbe566e52d0871b18c5,103,10,0
5074,e7bcb34e4901689a6bd5dabc054743e1,103,10,0
5075,887f2c1327fd86a241eb6196d1f00e1a,103,10,0
5076,5569403dc8bcd55982d4134d01325777,103,10,0
5077,9afff55a0877f58c6e513416e08a37e2,103,10,0
5078,2407327f3f18bdf7537971c8a68afc52,103,10,0
5079,06c123d51208bf2cf9881f5ad2fc8f04,103,10,0
5080,af6c83373e89e7c2efee1989856facd3,103,10,0
5081,bb81e3f2c83968123e32f32166f31580,103,10,0
5082,80ab07353800c3663b5e580a1f0256cb,103,10,0
5083,01006995ab03d7f8574d0ba86122c081,103,10,0
5084,67084f631b39aa28151afb15aec02469,103,10,0
5085,1746754d2a4993f4ee97f3b444bc1216,103,10,0
5086,385f6b40089222f2d5e9ceb2ad31ac4e,103,10,0
5087,a0f05a7414a609c347a74e02b4c15ee3,103,10,0
5088,41be6de22c29b3e5b3e5b4001d762098,103,10,0
5089,78fe37d7a142a38dee1566a5d868cd7e,103,10,0
5090,a9b915452d246dc5e9840359d83394c7,103,10,0
5091,21682effb50234438ace142d64fdffa6,103,10,0
5092,a9613a7c944c67d30beffdf0b666d36c,103,10,0
5093,02a3ec6bfd5bdff1233bef7b92dcc06b,103,10,0
5094,8153b5d426d264ff6a1050c12c8d72d9,103,10,0
5095,84301ebe6c5bd3194d20bff25340886d,103,10,0
5096,5ea17a5a2c72761e5e09f9e30fbf5a86,103,10,0
5097,e0f2ca34e095023a05a5698e18d1a779,103,10,0
5098,cce6ee1560ac413e53225c29a39bfa72,103,10,0
5099,73b04ab9e2996e7d2e63d15504f44545,103,10,0
5100,242fe3be6704da67d7edbef7d24dfc9b,103,10,0
5101,c2f54587d863c6783d5a5ae7dac412b8,103,10,0
5102,4ad60d955368a97b84589209c9455ba4,103,10,0
5103,1276b03264e188d478dc0f220fa3d484,103,10,0
5104,3a01dc21d974b79fc37cca84dcff13de,103,10,0
5105,bd1ca9cff7519e53d2b5313d185af44c,103,10,0
5106,09c2203dff9f885cb15da768f57fc689,103,10,0
5107,f104bf43c52713c7a54622ada1d87c53,103,10,0
5109,4ff9d21f65249ed08fd8ec03dd7f030d,103,10,0
5110,40b84a30bdab3dd78f70481361478734,103,10,0
5111,aa73b664a70a8217c35bd9a0b2b3ef4d,103,10,0
5112,789e91d4b036e7332dd4bfbe5af63932,103,10,0
5113,f9dded84edd9cfd3399ad6da4eb70da2,103,10,0
5114,c5ad49a7586f4314f213a328c56f6e3f,103,10,0
5115,a393109cee420469a6441f395e08aeb1,103,10,0
5116,eac8a054741384de84bdb0ef7fc9d21f,103,10,0
5117,9ce52c4fda5e7ca646388a5f3c524879,103,10,0
5118,c06bc5ba3841682f1ada45d52a8ed639,103,10,0
5119,93a4c37395961bf3ce9e0038c0ea0afe,103,10,0
5120,24b7ab374f68f0925bb4174b01f585d7,103,10,0
5121,21d2e4c21552da020088c9c130d3cf2b,103,10,0
5122,50c42535b971f1e7f62d58db645ce6c8,103,10,0
5123,376cb74b294ed1e53a56cf58fb2be9cc,103,10,0
5124,37b06f449160c597762f52646930a4fa,103,10,0
5125,f17b394759a40fd09590c8c19de5cc9c,103,10,0
5126,3b1ba006b98b68a8d99ef183548a065b,103,10,0
5127,c17fbb4bbfe9a906aa7a3eacb8705d14,103,10,0
5128,bef0147ebb052bf51275f758a7d98d6e,103,10,0
5129,ea2a71a7490a17e441a6477fda53da1e,103,10,0
5130,8a6f80b7b21ee5f50ab6dac4b53a6b3f,103,10,0
5131,ff64453f2ad73254d5f23b72eedf6af8,103,10,0
5132,e0418e951870af02603a05c93b226e08,103,10,0
5133,61bb258e1f28b61ea3c98b0780d47ccb,103,10,0
5134,aac613a4785599d9985b5ca46c1c4c3c,103,10,0
5135,da642867311eaf562079046639398c89,103,10,0
5136,caf59991788bd162dd6c5c2b7377dacc,103,10,0
5137,4182aa6cfd871bbc037a9ab817f203c5,103,10,0
5138,4c0203346642c0bb32e4d4be2a133090,103,10,0
5139,1f5d1b10dec22670f2b6e19555b11751,103,10,0
5140,147cc4e5fe7748d7ff85fde8397e33b4,103,10,0
5141,91f60e5453b1060d4a12fe78c7d46bc8,103,10,0
5142,14286ef1259a0c73015040fb1c6a45ac,103,10,0
5143,216e4eea1c53675d0ea0d47688005698,103,10,0
5144,1d1303ea794557d7f2d6454277a0fd7a,103,10,0
5145,929dbfed0eb01025274874f2e23c3fa6,103,10,0
5146,678f5145e768051a9bfed15e93f6dbd8,103,10,0
5147,5ae554775e5272d5ba0e0052b89f8e1f,103,10,0
5148,5d4b41535e82553e8c72ad54afe99395,103,10,0
5149,618d638fffe0fe24fcf08d7f213e79a0,103,10,0
5150,c0d8df11ebb2209bf3fe0cba87fd6867,103,10,0
5151,95cfb5873c5383945e7f75350f86174f,103,10,0
5152,feca4a555accab188c349b012cacfe88,103,10,0
5153,efc5086a15150cc83a7b5d0d9b17186e,103,10,0
5154,8ef5b652f1d82d38c489c58dd059241f,103,10,0
5155,bb4cf8cca336eb23ba259d786e3a6d20,103,10,0
5156,30db07d92b25b1ac7e7875c8f02b2691,103,10,0
5157,c2d2237b91c4ce31f1d03d2c18ed24b7,103,10,0
5158,8295771102f0fdbe6111701e9c60f74f,103,10,0
5159,6c44c111fddb4779ed44ebe56cd596ec,103,10,0
5160,e81866b1ade6f035c5a02b60ab2b7a94,103,10,0
5161,1a18fed4d0d29cc8c727c964299534f4,103,10,0
13275,12920f85f86fc18c3d130754818da3e3,107,5,1
13276,6aa1cf0c6a053c741d21110c1014f791,107,5,1
13277,25da56b10532921ef726cc8f1443365e,107,5,1
13278,fff7989b9f3cbe9017e5305c7c77611c,107,5,1
13279,55c93c1a29d92a22302011b1d2a29424,107,5,1
13280,1800e83b1c438fdd9ef391842c2f9bfb,107,5,1
13281,b6ffff116bf4a6874afc93cacd8cd404,107,5,1
13282,bb6a1abcf7e94c8c9c697e99005975b3,107,5,1
13283,c6b4c6d4bd78d7d6b48edbd13fff1707,107,5,1
13284,1d07fbc7dd1dfca0e1c7e62c14ee1dfb,107,5,1
13285,9e2b0db7e70ed2320a86d7015f880c2a,107,5,1
13286,927469508c1a245ea666a06d55592661,107,5,1
13287,65010573d251eb759e391bc35d4ad7d2,107,5,1
13288,65446be189852a2f22ae5e8f7b33d007,107,5,1
13289,0b55a60c10d92288cb4f0f43484b1116,107,5,1
13290,beed1a7cdb47dafa21ca679dc587b5c2,107,5,1
13291,970e89e3479244a89c09c5936053a7ff,107,5,1
13292,40aa9f3643ab3480aa11d1a1f457e030,107,5,1
13293,d4a2061ab0aad1290290b6d462101bae,107,5,0
13294,3ed65b989532fafc755b01cd60dc5c92,107,5,0
13295,2e6da02b355b61e7510165eb8c38ce9f,107,5,0
13297,4d74c1892cf107bcd93202cff840f0c6,107,5,0
13298,f64633af7c7a031620b797ca4367e2e0,107,5,0
13299,4c82013f26f6dd9d462d39a84f55a236,107,5,0
13301,631dbbd6dceb0ef3c036a55f14607f43,107,5,0
13302,334494710660ef05508edf223850c775,107,5,0
13303,109a183dcb9a2b2fdc4e63ef1c6d0fc8,107,5,0
13304,54d0fe60881aae7def8126e3b9ee535e,107,5,0
13305,646a04c768362978b73b9171b217e431,107,5,0
13306,603a9e5a5058d7dafc92b9bce193d9ca,107,5,0
13307,a83f21e35762e709349bde728e335362,107,5,0
13308,829028140731b24c179289d35919378d,107,5,0
13309,4e8672ac7f424d1a8cde1a89cd8e85a1,107,5,0
13311,3d5d0484e6e2b7d110c797d943cf80c1,107,5,0
13312,300bb28860e42d8006d85c85c98ebe1e,107,5,0
13313,abc5ea6ffb8525cd5c432dc5f31aaf55,107,5,0
13314,cb897a6dda0a5ba36337f75f32803e36,107,5,0
13315,b6fd5c9ecf631e6b8e7a763a0a1c8136,107,5,0
13316,2e41b589ebd70fb6f819ba415cd23aca,107,5,0
13317,1bcc3f3a9abe01e0a185c951439c5a29,107,5,0
13318,42d020b883b368a507d7484a375b2008,107,5,0
13319,0d4106c6efa21a1260ddb018f42cbdcc,107,5,0
13320,f00c1542fba05b670366dd36e1259555,107,5,0
13321,5dcef9e0871fd5a18f249d00059e00f3,107,5,0
13322,5222a204ecef4eb7f86d9a4791de2227,107,5,0
13323,f5c8de9b225cae256204c5f5257139c6,107,5,0
13324,03cf5a81f8119f4d39aade5d96388695,107,5,0
13325,8c8b2227014df642ca613e425c3e82d3,107,5,0
13326,f45a71bb9e0e2e95e570af9516205fd6,107,5,0
13327,83c815c3667da1e2c39119e64753eb2a,107,5,0
13328,466cb7f8ba22d1abb56460b801b7e5b9,107,5,0
13329,892f7ccad9c5a3eeaa3342b7310fa588,107,5,0
13330,c165d363115f57d3ec08e542291c66e8,107,5,0
13331,a369c23d26fec1b340644705b07b4a07,107,5,0
13332,943668f9bc527efacb08efa1df986dd2,107,5,0
13333,0ef0c5e60a5fae858fced1bd044e068b,107,5,0
13334,31cd468109cc8666dd86162ecc87b334,107,5,0
13335,bbe3e4fcb885a8b9ba846f54c762eeed,107,5,0
13336,2f5b8bc24610d9cf856cd1eab45c6f8f,107,5,0
13337,0a20b89a91a7de0e5166269c56dee4ce,107,5,0
13338,0c2078838e6299c1a7c8e1456002f368,107,5,0
13339,15aa0f3b9ef77c39af4a276d16a989e3,107,5,0
13340,a40337c7cf7ab373175bcd8d6bef3b64,107,5,0
13341,c9b5e5669d965bcd3b4f5b1346f611a7,107,5,0
13342,483bcfff76e67cd58171fa7b9c86b5fe,107,5,0
13343,7a6e251a1544c2be4e46ef3163385edf,107,5,0
13344,d49686dc75337902ded664feb3619e7d,107,5,0
13345,093d63eb0d27ffd2fbb512ca4e92c2f8,107,5,0
13346,4e33a5e02eff8a500613d409734263db,107,5,0
13347,d4b2846fb8f16fb88f5cb41c0974f1da,107,5,0
13348,fca2ac86dd40886882787afd55ddcc69,107,5,0
13349,483b60133cba5584586eb830a2c7f947,107,5,0
13350,e5fea73a2cfe15371740be33d369f7dd,107,5,0
13351,3849ead88cc581e2aff2bc6bafd8f55c,107,5,0
13352,bfc4bb0fb66f7069a38a2c1761861002,107,5,0
13353,6766e05a8ea092cce4ab57d8a08646c7,107,5,0
13354,b59ef3aa3338b969fc85463a0ab02b77,107,5,0
13355,ff0f20a1c0ed2a0019faf30701b53b92,107,5,0
13356,f177baab0deeefcfdf1bbc24b8dcac82,107,5,0
13357,838c6a492c58b7dee9e134554aedc6a9,107,5,0
13358,ed7874c0ac392530d56111e4b6bd20c0,107,5,0
13359,118275a6aa7c0421936968ed8176f80f,107,5,0
13360,c0643d2c7e60ca52fb5b6ea9e68c1694,107,5,0
13361,ea4da3ba51e33f42349370100ccd947b,107,5,0
13362,9ea2e9f2fa327b491dcce0400b5691c5,107,5,0
13363,782a9c6b3b8eccfff625b3c746f9b558,107,5,0
13364,835a939f81b9b915f070ec6aea880f6d,107,5,0
13365,2a41468777b97de6a703a4cc3eb158c8,107,5,0
13366,ab38c6ce458a123ccb40d0ed5c811595,107,5,0
13367,937d486e639dc43d3bae4ea63d3e574e,107,5,0
13368,a0c493beaf4b4b133df2f6f0cd6c63d6,107,5,0
13369,afd85a0f76ef5db7fece4171bd781d14,107,5,0
13370,9a682ad70b588b11be3b52681034e70b,107,5,0
13371,28c876ae4db230c2beab55cb0916f987,107,5,0
13372,b380d93cc109fec4230b258c922b1496,107,5,0
13373,8c367a88c73b0a8a6daef03d27f41caa,107,5,0
13374,8d5591c38f344498857e243762e1a68f,107,5,0
13375,2314ac90c6506e1781990b51736e9e0a,107,5,0
13376,81d7b5aa9d1a06624e9df51446b8a4a2,107,5,0
13377,ac8e228aa3b67e854aba0ca396e9309d,107,5,0
13378,657263507f45dee241eba3c25997b253,107,5,0
13379,84e4dbc8ad3da0ff4b871925f1324fc1,107,5,0
13380,3a0cb90b15c9ffe19c59badb44f8a1bd,107,5,0
13381,869759078fbf626a69ded400a6c39f1c,107,5,0
13382,c539e120bb9c39b0566960bc5c1d2392,107,5,0
13383,61d735c96acf80dc29b36eaf318df7c7,107,5,0
13384,60eab18fea32cdd5e155c201c4641d06,107,5,0
13385,9f1295fb42bd764b141a9356bab80b2d,107,5,0
13386,dd06059ab203ef0f7ddd767094c93225,107,5,0
13387,28b88cbdfe1715e80ba44d19e20aca0e,107,5,0
13388,1866b76fa8c909900e4cf4c94c2234be,107,5,0
13389,f41cb4f1e78b7983642454850a04402d,107,5,0
13390,1647861285b051828a2f273e63b27050,107,5,0
13391,c7d15e94a9a6a61afed388d798306d64,107,5,0
13392,e164777eefbf6f954530e6825c636b90,107,5,0
13393,cc2d0b7b794172ea379f53fc070dd147,107,5,0
13394,7772be9f9b8b5f7efba0783eaa04f0c0,107,5,0
13395,2104fe23bfba825de33e0a278afc1306,107,5,0
13396,c94caf2161f0021c1c3179e7113967f1,107,5,0
13397,e01bbca17b2f304b01f5e7bbbd1ea6ad,107,5,0
13398,195817ffa7d6f9b8c583df5f772d0913,107,5,0
13399,415878582574768e7d1b0165c7dfd983,107,5,0
13400,c2393796acab97b70a45202e4005d2c8,107,5,0
13401,f2d2ca8f6f5a5bec21dd5b6774070f83,107,5,0
13402,6dd9fdb15f5661e0c23a959eece9699e,107,5,0
13403,f49647afff357114b5ba87d6c14d4e81,107,5,0
13404,161ee3f4f7ed0bd54a537993a7e9b9f7,107,5,0
13405,a5a3eac3955b8d6097e6e6a54bf68ea9,107,5,0
13406,237db51b4cdcf35433947789506846c9,107,5,0
13407,4c6d0e8f3336d257214494d344e51f2d,107,5,0
13408,19cd3a3a2bea5b61ef894ec81de5f658,107,5,0
13409,472f683d3d9c398cac37d081dcd5319d,107,5,0
13410,c65010c78fd15eb1fe84c396e9c92b29,107,5,0
13411,276553986b879b9b94ca9c182ac1e2c1,107,5,0
13412,7c3519a576ccf45dc6a4e4bcde82c2f5,107,5,0
13413,60e0bf4dd28eb8169100dc80120d7f68,107,5,0
13414,6def00b018f305c4b32d202cda807523,107,5,0
13415,d8598df6359ef3eb5da9bd3d06249ba2,107,5,0
13416,92353277b0c7d26691dde8560b5c1a26,107,5,0
13417,57ee5a3f6c7247c8f15735c00d7d5733,107,5,0
13418,0c1fd56fadb4c0d48877bfc060bd1ef4,107,5,0
13419,b51fec13aed04dfe548739ff7fe94cfe,107,5,0
13420,00d8083ae4a266b58bc4dc95808cd412,107,5,0
13421,1f2f9b99aeaffddb0fe59911cf0eb0e5,107,5,0
13422,75b877eecf120a1d9a0aded33b41c676,107,5,0
13423,62f1beaef2f4d79d41d42646d7d91bbc,107,5,0
13424,b3ad91a44e23cf6b09d2d43ebd15dfd0,107,5,0
13425,c57ee6b8b9b3d470370b398661d9f29f,107,5,0
13426,ece6ebd86f17329b3958f5036ee88dca,107,5,0
13427,73700f0d9db4d7563acc026bc391f671,107,5,0
13428,3d2dde89b8279d8400e1f925e950b78a,107,5,0
13429,036f91e65b8146af490f9679f9ab9b4a,107,5,0
13430,00621761a0776bd3727b105eef582331,107,5,0
13431,301c30b4988bdc07be05c4245d7b5f0a,107,5,0
13432,b0805fd1b643ac44e6c4211b06a620a8,107,5,0
13433,2fd0c02700b284e0736430b17755c298,107,5,0
13434,3ca939c753d598772606d9e6befcdfdd,107,5,0
13435,73b5234d209d69ea877a0848b6317391,107,5,0
13436,934b8e9e855b4abfbdaf959b0e7a3707,107,5,0
13437,1d3547e5db3bce0aca553a876a5cd47a,107,5,0
13438,5fe619adb7f8e4e15c487981b19092b8,107,5,0
13439,a7f22261410e1fff8271094f4c9e39c1,107,5,0
13440,86b1bfbe808d9c61068db657a0dc206d,107,5,0
13441,6533bccc9e2689f9dfa5328604ff1e24,107,5,0
13442,09cc172f8520e96d9b3e3ead7366f96d,107,5,0
13443,5e8417f8f24cdcb0b7560c15a060ebf9,107,5,0
13444,bb5010ef6e60c5293acb8e1aa28be77f,107,5,0
13445,8d8cfcf02301dd6b592bcbe1ac9852fc,107,5,0
13446,c0b9f179af9f7649c8b2896c06bf2300,107,5,0
13447,f094671bcb635c7ade36d22eb8fcb148,107,5,0
13448,b5b8accfc87eb3c2d348ea8647106424,107,5,0
13449,d8275a2f4ae39734c251dd9d91141191,107,5,0
13450,763da3995d6542845484d2475f8c647f,107,5,0
13451,ee85e586754946bf27f3d38fe82e69a9,107,5,0
13452,3fa7c1f3d117b8666ec29162155a5ad6,107,5,0
13453,e2081d84f238968f928c1db002d3a9bd,107,5,0
13454,2eeb0602b91e2f883d8309af30959f8d,107,5,0
13455,d11ece351606b619787279d064fe52ff,107,5,0
13456,9500d2caf57b576b2d8e85315406dffb,107,5,0
13457,2268a71e907a068fa1cbe90a4b902cbe,107,5,0
13458,30d94e92896158fd3b29c467573ff92f,107,5,0
13459,555a673bc5359f1da29fd31b93be80f9,107,5,0
13460,18e3b3f0235aba3c9edd9a957a214de3,107,5,0
13461,55f72df19408f4f80281ffa61588619e,107,5,0
13462,17324f21171756da7b3c3d82fe8f0ac3,107,5,0
13463,2a7b67ff6de01f5a2e447cc9a30e3c03,107,5,0
13464,8baa2ffe390534171d54cae8d77e1def,107,5,0
13465,3d8cf460b75db298cecc5a91b3584d9a,107,5,0
13466,2b9a0c8e139e79236b847a3059eb85b8,107,5,0
13467,7a1371f2146536bc36d20a2f5424952d,107,5,0
13468,e3692f920b9e851beb546b6a99c8652d,107,5,0
13469,fc26c0db0f04fb11866f52f0d1b4abd0,107,5,0
13470,d0dd0e5b07d351cac07af0fde74d6388,107,5,0
13471,cc1b15c3842505b802a1f09ef1e8b9d8,107,5,0
13472,7464b278d952800ac48224b31146423c,107,5,0
13473,e05fe4b9c86cbc7b3c9afe4c34680f9d,107,5,0
13474,cfb9f9b92fc21f24d2fb9fef9fa5af02,107,5,0
13475,8061658d408c09a8310519c450a66fc6,107,5,0
13487,b28f08be2323e67f722a4e60993156b9,525,5,1
13489,245cf38b61e7dd0f198e8294f888f4c3,526,5,1
13490,398eff73af62579da9fe782bf3fe3d9b,526,5,1
13491,83305820c81d3d6b3c86a7db37c0fd27,526,5,1
13492,307bed9b9b38339a560c2b9b8fb62431,526,5,1
13494,e7586804e008159398b6479e5ccc419e,526,5,1
13495,a5a3a341e4fe2161ae88bcc33229551c,526,5,1
13496,a9b78bcbd135b97fe577948d484e15b4,526,5,1
13497,b897541d3eb0e321d1d501e98f0e0f78,526,5,1
13498,5e9ecb040c664b65c22bc32c7ec56b2f,526,5,1
13499,a22a7ec8eb2400de234a95bd907b00a2,526,5,1
13500,c2f30236f2aa92c7f3015253cd262ac5,526,5,1
13501,5409bfaf94fae289cf9c0545c6917db0,526,5,1
13502,63098996088a99ca9a480fb8d6c8e903,526,5,1
13503,34935abde02ec18490c555fb63fed82b,526,5,1
13504,2cc6ed5ea8e2bf60097bd4bdd823adc7,526,5,1
13505,001dd488bf1165e6081bd83f9f480afc,526,5,1
13506,2e73ca9e7491a8692590acd7bd0a8a2e,526,5,1
13507,4ddb590bab2d2dc2002cc5438e9489f7,526,5,1
13508,cf7098363d94a07a7daa86570eb08148,526,5,1
13509,68b23e611deb245b47c7b5b65e9167cf,526,5,1
13510,2409e4d7dae667a1373fd2d78c733534,526,5,0
13511,a3e058fc78c552bddb631f15d09efa9f,526,5,0
13512,71dd661424540b0353c0d0c1a96e1190,526,5,0
13514,71a3ec2d4e4587f36451b139cfec4dd4,526,5,0
13515,29e2b9b2f28ce391b53862453e947c49,526,5,0
13516,b49f8f1d3106c699eeb318e100504d03,526,5,0
13517,79a784f51b7f529e7b9461122faba7be,526,5,0
13518,3725cf33cd964fc66031f853561f19a3,526,5,0
13519,5cc7b7967438d0ce1bb5ef235dd5e1dc,526,5,0
13520,b894d6f996193d4598ae722676f60fa9,526,5,0
13521,8d82a6d2d445faadbeef87bb738d4f6f,526,5,0
13522,b0264d0a9f1e3ae765bd345d3b133bc7,526,5,0
13523,fb9f1f95b3218947210dd649a5cd627f,526,5,0
13524,b97db143d49f2e9d588c8cb9bbf19e44,526,5,0
13525,5e85a77745acee2cd6792d3006cc6184,526,5,0
13526,ae390f7f16581b90eba3fdbdc9fffa5a,526,5,0
13527,33e44dcb7ffae515e38ab98c8d0f0233,526,5,0
13528,ca9cd9869de467dc65f2832117bd800e,526,5,0
13529,341f4cf97a1f87cadb7eee5350b88074,526,5,0
13530,fc6ad3d4b17ab72deb100958eaf829f1,526,5,0
13531,3dbfe1e49d004e58f9c8f63f4eddc4b6,526,5,0
13532,870907c9281d5fbebc098a28f7db351d,526,5,0
13533,02046537a51f1738bd780a40c90babb4,526,5,0
13535,f3a7c579388c3d674fc363c4af5d9142,526,5,0
13536,955362a7fb667a3538437bb1e9f015c6,526,5,0
13537,7feb13c517d83db1dc754e5b9fc5aba6,526,5,0
13538,d31a3559acfbff189ef3548e06b407b5,526,5,0
13539,301809bb3a9c21b65896e7ab8971a964,526,5,0
13540,35c02c403f31a8b9b88be9676dbac9bb,526,5,0
13541,2916e91a63c300d2f4b66f341f6f7be0,526,5,0
13542,e4a6fb1c355ec54b9839af1248586b2c,526,5,0
13543,805eca53f0a4d0e24ba43f97eb32555a,526,5,0
13544,f41eead142a725c2e839030b692addbc,526,5,0
13545,bb78b647134b29b88f2b7ef2aaba897e,526,5,0
13546,f5f3341bf26300d0418f47d10b4cb206,526,5,0
13547,e3fbae6240337af218d8e36c0ea50ee2,526,5,0
13549,3f411aebc5360365d023b2b0e7a1c8a3,526,5,0
13550,bf7e088dbec0a3a38c5da93397fc930e,526,5,0
13551,b22423f3fa630f3d65ff051460925836,526,5,0
13552,53a9c18871d23ef4eeb05bf184181759,526,5,0
13553,1fdd35367ec04a4cd46e39036c51db4d,526,5,0
13554,fafc660b4ebcd7b93dc82927d7b30e8f,526,5,0
13555,91add710e67fa77f5c5c18746619a404,526,5,0
13556,c19d0068132aa64139febd5c503f32a9,526,5,0
13557,8b9301aa61c4293a672d10ffbd81e707,526,5,0
13558,b90d0c954cc90dc1fd929cb957188b1a,526,5,0
13559,953afa7d406efe86a3c18cadbcb2cede,526,5,0
13560,4621733019552cb45aba91b62b6f0fad,526,5,0
13561,902c3a6acc13c989df774a184fad33f4,526,5,0
13562,4c3c2648572c05d2679f6076dd1b62c8,526,5,0
13563,6bef07bb00e87a48b85b7ace28b16f58,526,5,0
13564,975780d4ac54393349024ac504e710e3,526,5,0
13565,b5af60cb20f9933a0ce73fcdf2166674,526,5,0
13566,de3fced3a52f8649282e8611e35e6707,526,5,0
13567,5cb72033e3368fb9487eee0120777311,526,5,0
13568,bc42ee5a3c1289538057404711d267ce,526,5,0
13569,9d029eaabb6346160cac33e300ed9e3f,526,5,0
13570,05fdfd674c2e113a93415bb8eab3e91e,526,5,0
13571,16264473ef7e1c0c5cd3aee5ac42536d,526,5,0
13572,1cc8085bf31eaecbe329b8c352232486,526,5,0
13573,2cbefea89ea711098d254722cb6c4646,526,5,0
13574,93f0701d4ad97b2ab3de5be75fd13834,526,5,0
13575,309f0e7eaee3a919111b7a4260e24ac6,526,5,0
13576,fdf7232ef69023db21e47e19363fb0e1,526,5,0
13577,5bbdeda76f2b7bb465c43aecc8307af7,526,5,0
13578,829ffef43d975b79ac300ed298b2ae59,526,5,0
13579,46b4bdf8eacec78f172a91d35623437c,526,5,0
13580,0f0d32bfa5a052e2ea86345e4a02523f,526,5,0
13581,9317907be5a4d75ef890860c335e2f51,526,5,0
13582,9aa9ad492b7da4f1e557f46bd90061d4,526,5,0
13583,4290c38905f507ead6af92f040839603,526,5,0
13584,f494c82a32b9b0e3604035ddd2ad0e74,526,5,0
13585,e8cd8799c9f7276d734546749d7f73a6,526,5,0
13586,9791f1baf206f3c456da25ebaa46ae1a,526,5,0
13587,9f91075a1622c58d5ea506f6da13636c,526,5,0
13588,7c41696764815d8d46eddde86ba12bd5,526,5,0
13589,b5376cb27321adf4dd87fad06c433e3c,526,5,0
13590,b62f1908e1e4e2bab6cbf0b91ec21aec,526,5,0
13591,b32d48b242c5aafe02c150d0226a424e,526,5,0
13592,19f12492cc51e65e915649b678d1df45,526,5,0
13593,8c2b2dacc6decf1dd80bdaf9cf68ac1f,526,5,0
13594,9bcf66147e5d4d54196170aca8a46af7,526,5,0
13595,3f1847d6568d16b6ee81eda2f601cae9,526,5,0
13596,94c57dfe9de9765fc27886a72b8c1a18,526,5,0
13598,3da36146482cd7085dab81300ed20fc8,526,5,0
13600,4928c67a20105dd9cced315542e1840c,526,5,0
13601,6bb099d4457c77e6d0f697cb495df2fc,526,5,0
13602,de913294f4f3ff067fd669f999cb2090,526,5,0
13603,7275ae2e5933cdb6f59d52563dcd9b27,526,5,0
13604,6a39fbd664ab6ba8ad444d22405d5e4f,526,5,0
13605,53701eda99c18aee76729517aca37684,526,5,0
13606,43dd3f76ab6e0972fd964199463832da,526,5,0
13607,8fde3e6b86b8a4456893a0aee83767c1,526,5,0
13608,cf31f11d326373d2509784e283b1ccb6,526,5,0
13609,2a4dfe4a7355640a6074e204fc1bfe37,526,5,0
13610,be7e28257a66c6c57000fe7176b1272a,526,5,0
13611,7d4fc678cc677c8a6532aa5cb990c9f4,526,5,0
13612,7c7c99a63c54adc74924dcd163eac02f,526,5,0
13613,7566a0e6edada96bbc48775be566d6de,526,5,0
13614,4abc1e93c6dd184b65d0399ea8fa3087,526,5,0
13615,dc30ad3252ba051b8bbe07ad2dc49358,526,5,0
13616,6758ea2263a7fe37e379a31e22262c3a,526,5,0
13617,2e0fa5d230f53ddaa5bb41ebeef62272,526,5,0
13618,c3d209560e82946bf8fb96e997c4230c,526,5,0
13619,12999856791512a4c7257e81d7ea72c1,526,5,0
13620,fd1f369d90f4c7da990608762441ddea,526,5,0
13621,be79297e5a70b898cea0506e1544cc45,526,5,0
13622,1aef9c6ecec40ba45063d83d6552f2bd,526,5,0
13623,a83ed9e16f886e2c15a7851a7496cc0c,526,5,0
13624,f2670d6ec7ac8055198bfcd6c9751b7d,526,5,0
13625,66058a4fce77a27c769157cf7f2d897a,526,5,0
13626,ec4c78586ba9464cea5bd1e248255421,526,5,0
13627,9ea7acae26b69cde87c700b8ec7b1b49,526,5,0
13628,51d96c5e625878f3b2772071c9d7835c,526,5,0
13629,9778e565a75a9f3dd06a2b1804251259,526,5,0
13630,e6f8d538c93160357c5ee9b1e180735d,526,5,0
13631,b39a9db9da2a9366384c70f7d9f11d44,526,5,0
13632,4038215291966ce0f8764596441bd50a,526,5,0
13633,06bdacd5f83b30771d8eb1aabe31cdbe,526,5,0
13634,1e69961e5863a2cc90a15c3efdaf370e,526,5,0
13635,d2df413787856494ebc86fff5f220c06,526,5,0
13636,db38704269352b18b0ffd356af744503,526,5,0
13637,c57a4413231127e437cbe446cd92b1e5,526,5,0
13638,81154acde9ed8e5a0f664877601e4627,526,5,0
13639,942c67918c7078299c6539db756ab4f3,526,5,0
13640,a3ac59b39647aaaa4ce7aba94c7f66eb,526,5,0
13641,47ba795ffad7d8f5a00b4b3f7b2b80c4,526,5,0
13642,8e41cafa2d1aa67f388033a64fc5b174,526,5,0
13643,562c5b9b1105f00578e30be247a7751f,526,5,0
13644,9e9a2e2968c6673d478f376b0e65680c,526,5,0
13645,cd3ac0cdb59fbd55fac5bf5e807c8ec7,526,5,0
13646,672c16a52e74e7a47f04abe3e401ba22,526,5,0
13647,906806f6bd4c4da85f2009da0cdab7fe,526,5,0
13648,02b305e39d77c83fbf5cc5c20191c505,526,5,0
13649,acbdd9133d00a61f2bf834ab4dc5f1b2,526,5,0
13650,d2e61611523f3d36f0eab788dc221a88,526,5,0
13651,16330e5c14728566295a2869d5c817cb,526,5,0
13652,63b6813303665aea18e338f2b02ddd05,526,5,0
13653,cb272bb1cf58fbe8a1e0d54c109af9d3,526,5,0
13654,89bc92a03b728b840065471387ee7c66,526,5,0
13655,02af7ff9c1184c459095f558275e7d2e,526,5,0
13656,496da8e38975b5dfaf1470da460ec87d,526,5,0
13657,8d1b938e0064208ea4bdcb3d334d12bb,526,5,0
13658,bd2176c5adc9bf5fb610a4e23123b0ac,526,5,0
13659,44462f32f0727aefb39c700c4c769ef0,526,5,0
13660,c7abfd9f3f9f3912b2ef3775bf7feb5e,526,5,0
13661,9eed42f5bc977730f2b6b9bcb1975874,526,5,0
13662,28577e3a98000182d3fe7213f9541883,526,5,0
13663,931461bd22fb0ee4d292c838986f83b1,526,5,0
13664,70647072b3a937d0ff7cd76454b5d01a,526,5,0
13665,ec924b465a695e8406fea99b43c708c0,526,5,0
13666,af1e7535af169e527a1cf04a2605948d,526,5,0
13667,e956043533532792fc2558d49480f2e2,526,5,0
13668,db1f328d1104bb192be1b71a419c8ba3,526,5,0
13669,3cae1254e1c5ab02b1845270a79fc846,526,5,0
13670,ead7694983dca1828a2c9a14157585e9,526,5,0
13671,6399bc9730f51a26daf30c013396a8e4,526,5,0
13672,3bb506a1f495a09919d312e37b389a26,526,5,0
13673,5172a1e69def9f9abfcb53ea9bab6ecf,526,5,0
13674,d3ad7cc264d011509f765375db1c5a5b,526,5,0
13675,7e29ba6fe0b4b12ab87cfee155470ef1,526,5,0
13676,d84061eccfbaa7f9081dd96e0a70ca5a,526,5,0
13677,ff8dfb9439c6e67ee935d1fc64acac47,526,5,0
13678,07a029a30e5d1d0f14183fe95d39fa78,526,5,0
13679,3606583c097098ad4fa0826be118bf73,526,5,0
13680,cb8839a450024d1858b4cd5ae06ecce4,526,5,0
13681,879d2a691eb8edfc0d7265c43947d960,526,5,0
13682,965a34d111fa2af5880be0bb5788dc5c,526,5,0
13683,108f3b80edf9c391d70b575afd19bda9,526,5,0
13684,699d039e3ed4131b5bce9604fedadb82,526,5,0
13685,de643f65f02f77a03a0d01bb5b1e51bb,526,5,0
13686,b1e189ce9ce460ceeb2e8314b2df0ff4,526,5,0
13687,e473a6985ff09a4fdfb33ff32166e89f,526,5,0
13688,b2afd61c34d77270c7b7c39b834bb085,526,5,0
13689,2fd7fe0b9854604935e376f3c6f7e192,526,5,0
13690,321fbcb354fdcf01cd50c8b27d047497,526,5,0
13691,ce1f390d0986e54c1748286c20fbf2b5,526,5,0
13692,b861b3afc7f463819fcd1c11464ed972,526,5,0
13693,631827bae374e9b99f2b8e1eaa19d6c7,526,5,0
13694,b6f26e364b800717f2b837bdcae24ca8,526,5,0
13695,ec4d4a6a133da23a0edd5db4acee5705,526,5,0
13696,b4ee7fecdd040d28b239acef0bbdb81b,526,5,0
13697,ffc24cf94997a813ef246c34224b4cb7,526,5,0
13698,db3207cce7c89953c5b333dea76cbaa6,526,5,0
13699,d083cf08e6edd07de7ff8d7072d0497d,526,5,0
13700,e4f3b64686ba7a299549574407c34fb0,526,5,0
13701,66fec5fc8c9651ef0657c07157db089f,526,5,0
13702,3a3512dea6941b26cc6ff9d85925c178,526,5,0
13703,e8fdc32041113eac7ce57a9402379508,526,5,0
14564,5397d305c0078ba8c1f3b7e909922846,87,6,1
14565,3ea7a80848f3923a7320bfa846496caf,87,6,1
14566,676cfd70f6ecb46cf99e9afadf35375b,87,6,1
14567,96688b6062581ad16a133f70d5b3fbb0,87,6,1
14568,47cc42556ed55df0a62f5bcdc0e407cf,87,6,1
14569,202021237c731d94d862dd65a57b9dbe,87,6,1
14571,5d0f0a4d67f45e65b702b00b6ff650e3,87,6,1
14573,87e1bcc0488df68f96c3bdd0c2743f3e,87,6,1
14578,00a483f342a216671bd14adc021deb06,87,6,1
14579,8b8eb7382907af9748d38501a86fe6c8,87,6,1
14580,51a4ce394d0a33453378efce9f9925a0,87,6,1
14581,85f07fbbe45ba19124363b97c74ab6e0,87,6,1
14583,b2ca03d6544a9e98d190021780a1c931,87,6,0
14584,23df45d8c2a6e55ece9ad9e22f57001e,87,6,0
14585,48d366416421b69008ce8c074ab34844,87,6,0
14586,e0a3c15cbf185ff10a36ef78851ebc35,87,6,0
14587,bbfa365a5b8055dde56d5ce56da5e16b,87,6,0
14588,87b1c26242ef0ac24bb7a5250502af9f,87,6,0
14589,893b54923687691dcdbcad461d87e280,87,6,0
14590,fbc4461f9ce19623443c7e3fd5caad2a,87,6,0
14591,fa12ec6298643c6551c4beab8e42281a,87,6,0
14592,b8f21804e45c9818f46d1578e5ed5e99,87,6,0
14593,f521b9c9b90d9793b2a0cda98d8a389a,87,6,0
14594,4b0f647485cc642f8cbbd09ac9802f07,87,6,0
14595,833529d56b53f3e745c4c0eadf108150,87,6,0
14596,f18f94e873e7a31fa552d1a03c6fa4a0,87,6,0
14597,a0a6f50317fa79c53f868adf07f9139e,87,6,0
14598,b7d8335c2967222f464314208cdd4ca4,87,6,0
14599,359eba70d5d80503224ada623a43aed0,87,6,0
14600,ca3b33225f6f12337846c082d6d63fae,87,6,0
14601,360256bc0a8cbe16fee0f0c24ae71561,87,6,0
14602,304d32f5dae1c6f2188f13e79c9c9e3c,87,6,0
14603,8f10f2473fc54f369a7770dac3306efe,87,6,0
14604,df995f7305dc0b4654da48a7ccd90c85,87,6,0
14605,9c1b8c8e6ddcf0907f86d85f7d98a0eb,87,6,0
14606,576e0933ec4b96954c03fe0ce340b82a,87,6,0
14607,74dd4bf68eea0e6966708f9ea4f8d946,87,6,0
14608,024e44287545ff55cb0069f2be9f615d,87,6,0
14609,5e8ebe2afa7ad2c0dd2e25281dedcad6,87,6,0
14610,62285f83565bee7064bf39718bdd6e4d,87,6,0
14611,e9c77e9a0f4d96eb7c9d16e451b02b94,87,6,0
14612,7d7cc474b5745347db5bf0643bc71b5f,87,6,0
14613,a2274f424144950e71b3cee02651fb57,87,6,0
14614,7018886b9594d59b4da5a245b26970eb,87,6,0
14615,0b2c654d40a93046701bec5bde494a11,87,6,0
14616,eb649a736d968299619d3adcb947f104,87,6,0
14617,9cc5770c0fea9067e4ad444a9aa876a7,87,6,0
14618,2d39ea448c121f17335d6ab70b9e3a98,87,6,0
14619,1c85d7a261e9d80d8326be64ebc06277,87,6,0
14620,ea35df4d96e9098f8b01cbfb517d26dc,87,6,0
14621,f97f708a64bc979536dc57bf84fe86f7,87,6,0
14622,20961df23a08870d17ee9b515d476db5,87,6,0
14623,45d8623d334f468249f83f308fc72a36,87,6,0
14624,47c8287ae4c078c57c7f0cfd6070b629,87,6,0
14625,8eb2a4be200a124d0bcbf3f208c8a5fd,87,6,0
14626,eee93e0ecbdadc77550bd206b3f16a8f,87,6,0
14627,faf71f8c2047535f72cb40543a5c9414,87,6,0
14628,23a88c4f2492458a93bb09151cb329ef,87,6,0
14629,a004573bbe5a07b39e023590ac92942c,87,6,0
14631,ec093e1935fd0efce4347e099fd809b6,87,6,0
14632,1bbd0b65b356b5a4dd6857ac3104e155,87,6,0
14633,70611484034c50a71f996bc8ef64ae58,87,6,0
14634,cc4db2ef8572f22eee077750df73fcdc,87,6,0
14635,b52f26a4973b1b13cb595ffc92c1b94d,87,6,0
14636,65297f0ae452629710e582b08e8d71ce,87,6,0
14637,aca7c9553a5c01e99690bbd10e35e8e4,87,6,0
14639,60d9e32f8b81b5981cfd80dbc69edf98,87,6,0
14640,e02d5b145121e6b5e82e184b0292613c,87,6,0
14641,78c417fe11049dcdcc6cf4e413de5eba,87,6,0
14642,bca42b1b0c42e3150b82e7bc783d4756,87,6,0
14643,94752c3db343b85c24ec21c539341289,87,6,0
14644,4e11a4a374d0e4fea47737e5f89dfaf5,87,6,0
14645,2cdd2c8978f60fb962ee6b4b96202e42,87,6,0
14646,9537a4313858ffcbb8b14962ae79af3c,87,6,0
14647,d81b72816938e48734682c031521475d,87,6,0
14648,ac2da1c7d2a8e3935a107dac35034158,87,6,0
14649,19644728c691f0aba7962a9002857b18,87,6,0
14650,a3f4ec31d377b3c5581f5bb98b4370be,87,6,0
14651,3d68770b42efe5b8ea456c19fe91a404,87,6,0
14652,e32b7ba0c2d4acb4035b6ad98e9bfa88,87,6,0
14653,ef9edaf7217dafedaf92fb122c15e11b,87,6,0
14654,858eb236e1bf80cfe5311115c0513cc6,87,6,0
14656,8743ef1559a24c5fa037fdc52f6d086b,87,6,0
14657,292682536cb9fd5035aea22fcd0e0f10,87,6,0
14658,857db799e0731c88317f8a15a55550a2,87,6,0
14659,a4e4201b90c1b11a1d8b9ab7112aa4f7,87,6,0
14660,959ab8f9f03c0b712c7e1f2907dded3e,87,6,0
14661,fdea6c67a4c087c82af27419f89a86da,87,6,0
14662,55eb9b20673856311bf6141c017850a0,87,6,0
14663,5b396f11fcfd86b9614ae3688347a665,87,6,0
14664,1938e4ccbd5d54e8c6616372be96982b,87,6,0
14665,9471f14fccd0c4f219088135ee81d955,87,6,0
14666,1c4656eb3c124804678fa8a8daacaebf,87,6,0
14667,cc2b33b6e9b2a3449d5ec1144f380689,87,6,0
14668,cab44bdfb0e63201fcf4440102ec7e8c,87,6,0
14669,f84d3b6b419187c24c536938741adaef,87,6,0
14670,d8f5cbbfca8999258fdccd0bbaeb0c0a,87,6,0
14671,9a2778af77bb9a7696ffea06bdbd8bda,87,6,0
14672,30c85e19bb6d45a719f893983c8de5f9,87,6,0
14673,1d1248d30a869ea6a3d3d7c858c3634b,87,6,0
14674,5c10a6a92f259fc3fc644afb49ede7a3,87,6,0
14676,64c624e26d6888517da989a627cdec93,87,6,0
14677,84651b9142ac4bd0436a988af5317623,87,6,0
14678,d05b4ce6103d4913bec4a6ca261b51fa,87,6,0
14679,309f2c1204bcfe7499497c4a716f7a99,87,6,0
14680,30c739df441b2e27f922ff388bb87184,87,6,0
14681,34966c7bb25c94da27bc04b1a0206dde,87,6,0
14683,ad8520820e8b93a28ffe152c8a4d8ff5,87,6,0
14684,732d600ace98c36c39929f6cca3045e9,87,6,0
14685,5e5e2dbdd5d12ed53d021d49e0b8beb0,87,6,0
14686,7545eb0aa13d20160838eafdac0dbcbc,87,6,0
14687,020980009c3a547df0f654c77540f1a2,87,6,0
14688,af2d0c110224d55b127391c29e90aacc,87,6,0
14689,e4dea8f2f683d4d64f99ec0768728a29,87,6,0
14690,370a62d95fec0c9024bdfad79d4c340b,87,6,0
14691,e2331f4f332b3de55c0c236867537f45,87,6,0
14692,e656164bdc5ad89452533ff8407a5ecc,87,6,0
14693,cb86b3d54d58e5b1e74e154c948ea05e,87,6,0
14694,3bb482720a6a8aaa087ac0bae6a52ac2,87,6,0
14695,77b47dcc4682e0270fbaef19c5cdebc9,87,6,0
14696,4bac19f2df7af2a66bcbb231b9f6d419,87,6,0
14697,c8da90e2907ca36ea2b1b7898601effc,87,6,0
14698,465733b987b49f355922faca9d9055f3,87,6,0
14699,d5390dbb43804f77e65a98b3b81afe6b,87,6,0
14700,ef2641b5af05a00600fc79570ce01204,87,6,0
14701,759aacc6a3501c7e8bb5545c7afd6576,87,6,0
14702,05cb5b67591dd9d9b0ecc4086f6ac4b4,87,6,0
14703,0b15de79a52b1b68f8456c3dccd23061,87,6,0
14704,1ab7b517b4bf8f7d7e47133f9d920ae0,87,6,0
14705,a1cd95d9ffa193ed22c4f3a85a49a4cf,87,6,0
14706,904c64932ffd1503dc8802a3265c3c01,87,6,0
14707,7e4f6c3ad38bd57e71c67158e455eb63,87,6,0
14708,dc3567318d8acefa7863d3e8e0a49dec,87,6,0
14709,f64166c264e14c7d7cdf21942f2a4655,87,6,0
14710,cf513996439326a776effaef8b85797c,87,6,0
14711,ff9c94d5fab8ee523f561c27168a5323,87,6,0
14712,9e7eef75fdec915beb0000145d8eb6b2,87,6,0
14713,ab83e338d06bf3644aba5b50df02573b,87,6,0
14714,ad31d1de5bee8617d070366e8223b884,87,6,0
14715,4105c4f3978ea2a0bfd02ad999682ae0,87,6,0
14716,417cd56de598e694e96ff832f188a5b5,87,6,0
14717,3da823ff08134224cae2e76641ab2203,87,6,0
14718,8d8284b194d9a532f36a926c12af80ff,87,6,0
14719,75f2be6d532ced687604304272de6b84,87,6,0
14720,831d8438f20324948e6d16623a6d0c60,87,6,0
14721,47ddccd85c5a7fde26386965281d78d8,87,6,0
14722,1a182b33d585fc243a6487812e37cb8f,87,6,0
14723,53f5f9bbad799dd68859d709cb573afa,87,6,0
14724,ab4c23f173eaae3f0e6059ee0a5dc77c,87,6,0
14726,c7ff5bc48c6f58b643c4d2064eaaa5b8,87,6,0
14727,1449e6ef5a8ad48d9774c265c9b95453,87,6,0
14728,96e1812c3d129c6bfab208e43b23063c,87,6,0
14729,af20731d6a0d1a2c69931fa9e0dc425b,87,6,0
14730,2e522325ee43d1eed901934145772fde,87,6,0
14731,ac52cde9b30cabd8f395b2612f86efad,87,6,0
14732,5334b4b57e6f5f53684fd1070d672e5d,87,6,0
14733,b6804a77c36477ae28ea398546ae8102,87,6,0
14734,b411647fcd62058bc56b2a063e5c3004,87,6,0
14735,eee6859c236d7b0271f1a4e8fe3b46c6,87,6,0
14736,bd5255d36a732a10e1000272367ed893,87,6,0
14737,778fb7101de88c7c2b841f8a43a7ac60,87,6,0
14738,ddf4498d814ab47782102289fb63b5dc,87,6,0
14739,c7f035e79f80829fd796947f7a9f90bb,87,6,0
14740,f04fec0c69c1cd4a67112969f78b47ff,87,6,0
14741,08d89f8b15cfc4afdf9f0c2f3bfb0481,87,6,0
14742,7f840378ef11f0e8ab1cf2bf0c13748b,87,6,0
14743,0de30822126ddd607bd5e8f2ec794953,87,6,0
14744,2a34addcebc8db7c7ea94001b6762f8f,87,6,0
14745,a211026516e7ee4cae18ee155101cad7,87,6,0
14746,51acf308f02c1ce9e76d2b37e3c8e379,87,6,0
14747,fb3e6adc490634aea303d6aea1c835ba,87,6,0
14748,afd67a139e42c1fa19b1ce8459bea7a5,87,6,0
14749,8b3ac1a64b2e1b87bd64aecf0b84c8c3,87,6,0
14750,1524f1739a38af701f940a7bd46884c9,87,6,0
14751,54968803cd6eb305dde69e6ee96c82a1,87,6,0
14752,5226eae12874a79f4c01d464ac78bd8e,87,6,0
14753,d6ceea30282eb60b45d256d2840022c8,87,6,0
14754,f83d1f2e492107197ed50909c52d3a0b,87,6,0
14755,4074b81df8dd6a3a18c0890f317e97c2,87,6,0
14756,8b81859a46533331d0990a60401c3402,87,6,0
14757,2fb7957327d91ffdf5e9de74221a44c6,87,6,0
14758,b8a8f680511ba107c3d5b8a86fb64787,87,6,0
14759,462780681e4681bb9ab7792f3fc1972e,87,6,0
14760,9f82902444464f233ebaca8217f9e680,87,6,0
14761,6fcfebf56463df78c4d5277fedb1f5a1,87,6,0
14762,e612f2eda90e932af75e6e8e67324e15,87,6,0
14763,560b60429b0fbc1dc21d007aa19c58f6,87,6,0
14764,e9887487fda5c240e6d6b97bafbb8f69,87,6,0
14765,509012465b11a7cc8fd53dde65560d94,87,6,0
14766,5e332914dcaf04fe902bbd8e4db0f60d,87,6,0
14767,4b44367076b7fbdd5eb37a88c4d6b64c,87,6,0
14768,e6530efa1687eadaf21574831fef8411,87,6,0
14769,74bd066d11333e3c924accde12dab1ca,87,6,0
14770,6cd7c6b150efc5e4d3bc178d620fab52,87,6,0
14771,0f5823956229bf6fe5e16c9c05694a4a,87,6,0
14772,ec738512129d5bc211f5faffec4b162f,87,6,0
14773,df560d15c63dad19b473b903e6f06c26,87,6,0
14774,44475b5c18b8fe0937fa51916149683a,87,6,0
14775,2b4acd65a31b6383fee41a1a6a7e0d19,87,6,0
14777,db597d706b8b0f6e97df3a6eb56ac16e,87,6,1
14778,721433d7757700c73a37e299b42c64c0,87,6,1
14779,202915bc621efa0242787a14714eb320,87,6,1
14780,d3b52dba0bec45fc2dd1ba743f8f2850,87,6,1
14781,8e51abaecdaaea06730b344c03f0024e,87,6,1
14782,d3575cacbb14b4a2a58cd22e51c2a31b,87,6,1
14783,a3cda55afd334971b49c68b9efabdf30,87,6,1
14784,b1cfe7e16bb7e2a55829fb5520fcda7e,87,6,1
14785,70b8f9030e739a7aa523f16cbec3e455,87,6,1
14786,7c50a94a23a57e14141936b5d23a61c9,87,6,1
14787,e87d3b0e45d9e285d98da10a01d539a5,87,6,1
14788,fd2bf55a9f5071cfbb0ba8bc93ddbf8c,87,6,1
14789,116144b9a3acf87732571fb3e2b1dcf2,87,6,1
14790,6d8b3b6dc677ccbdcd43ea9ca501231a,87,6,1
14791,3ecc8f9dc5817a5c2323b286e4e4c39b,87,6,1
14792,018e7aba33b02a0887872f034e7f6e41,87,6,1
14793,b70cad33324a09b4e8db37c4c75cb4a9,87,6,1
14794,01b6b4674cdde39da8255ea9afc11c50,87,6,1
14795,7533bdb7a2ec1cdc77ee324d34d77ca2,87,6,0
14796,1dc49b64b74712e02ee3fa94d02fd36f,87,6,0
14797,91346ba0a9c99e18deb1555f215c4d71,87,6,0
14798,c13bf46823ec5086eb8d26247d60f667,87,6,0
14799,3398c26625b8991dcf4d2f7e9ebcb3b7,87,6,0
14800,e602a42db50ab433ecdd719ad6ffd35d,87,6,0
14801,7c6eeb0565b908b1dd4294e675c9f5cf,87,6,0
14802,b83398a200ecac6671f8fc4247bf8480,87,6,0
14803,b73c46cbd912c1dfe09f6eefb499343d,87,6,0
14804,a47b075bcdb8f55d886f1c9a24bdfd17,87,6,0
14805,661710a135b39e9d9d6022d288bdd5d5,87,6,0
14806,b312e73b22e26421232270bd6158e204,87,6,0
14807,535e2893d578284552a3dc928b5fea6a,87,6,0
14808,f4b1f0cf67f28d462c33581b08c6574e,87,6,0
14809,583d197c1190e6b40a8264e5e4170f34,87,6,0
14810,70fde1c212ae9ef13b2154faa413fe3c,87,6,0
14811,2369363ac7935efc5c7493165d31c9d3,87,6,0
14812,e2875d4f79dd7cec2f4866a85c33c6d7,87,6,0
14813,f9a35989230868916aa578c3ba432824,87,6,0
14814,dfdf5e61ef7f0571f9b26952c9fe4b67,87,6,0
14815,6e0561c76e80fc4c67a9de395fbec2e2,87,6,0
14816,5b08a4afb5f131394ec8dfc91a3ddb2a,87,6,0
14817,8594b89ac5502397ae98a717fad10ad1,87,6,0
14818,19afda3f54cec30ff3303bd1eb3c6353,87,6,0
14820,576ad943c3ff6d9ccc5363733c10a215,87,6,0
14821,ae58f48c0991bc9a89d6618f955085af,87,6,0
14822,261622a9a261e0d4c0c8168221f9b434,87,6,0
14823,df465ce18b17a055ab7db53bf7348632,87,6,0
14824,f2583d5c506c7bd543008ea339e0184f,87,6,0
14825,a1c152c7df5332259c47a5f80918213a,87,6,0
14826,eb0c82542678db2e143dd05c2728ff9d,87,6,0
14827,049ea384e3828122ff5c23b5c132122e,87,6,0
14828,12deb6857e252b9b1359074e1f389a86,87,6,0
14829,4348ce189f0cce0b305bfffcac940120,87,6,0
14830,3d571af7048aa96528fb1ca3670b598c,87,6,0
14831,a1397f6f70a07fe164575aba2c839919,87,6,0
14832,19d29cc99d6249f38e5284e5c4a834d4,87,6,0
14833,446fcc32b8b8fa595d2ece053d754602,87,6,0
14834,c40290d0c2e97603c4fc0eb30ef8429c,87,6,0
14835,36e6074c86536a4e53d440075ead7ba8,87,6,0
14836,2f8de8cd81a76d4184de018e2c06e481,87,6,0
14837,f2d3f766e24a00e9152493754e015487,87,6,0
14838,690d4ca0864f6752a5f1a00a4afc9d7a,87,6,0
14839,b6e9a42740ef109a8cbca529341ec42d,87,6,0
14840,2ff342f10ff173b3ce90fc8a0f3faa29,87,6,0
14841,888bd1c662fa8dfd18c469bfccaac2de,87,6,0
14842,fca8ea55ec412358704991191f000e82,87,6,0
14843,262fe7c73427834ef9d724d959584ddf,87,6,0
14844,64e21081cc43c40d36d3c0813626ad61,87,6,0
14845,bc05432a42144bd7225c0aef7519e7fd,87,6,0
14846,bec76d6ac2e4e842450b210ad466fe68,87,6,0
14847,7e49b2478f54d244ce27c3525b30963b,87,6,0
14848,947d0481331004db566bff5a91afcc3a,87,6,0
14849,d02eebd011a49b880911fd09bc78aa88,87,6,0
14850,c3fdd0a55c15a94e5f4482d51bf6080e,87,6,0
14851,3b789037308f257b607f45a6b14d0065,87,6,0
14852,990ff9bd374f5410f8d38f76c0d62efd,87,6,0
14853,0bea490ba5bff9986e988a476a6ac50a,87,6,0
14854,b630e7d3e02093e18e4a76d01b106079,87,6,0
14855,1ab8faabed7f540d4bf400f816943d4b,87,6,0
14856,6f8539fd3615fefe16b10c29b6b2f36f,87,6,0
14857,dcfb1eaf4cd559896bdf838bceda0d61,87,6,0
14858,0c197347dc8e6fb6dc6574ded1135614,87,6,0
14859,00501adfcb1eea144f3523141bede8b1,87,6,0
14860,f470b9d413b6fdaf16241d9cbb036203,87,6,0
14861,9ac30f3e77e50243bb8aa489eab7df47,87,6,0
14862,98532477dfe41d1d0f4f2a7ca1793fde,87,6,0
14863,f92b214748219aee8c6cc22cec78d3f5,87,6,0
14864,0eac5726e569d772953850c11bc7915a,87,6,0
14865,7b18b5007e93359d96e0aea6ceb740cf,87,6,0
14866,c04bacee788c8968b01e743ec364c4df,87,6,0
14867,1645b72bd012c7786b9337a9af44f0bc,87,6,0
14868,088d7996b64561b89399b044505d5442,87,6,0
14869,329dc5228b46aaa9d6d44dc7a73d3e23,87,6,0
14870,db11f64b15277d344a6126de10d95278,87,6,0
14871,d891f2d4425f33fa56b5e68647c0839f,87,6,0
14872,25617919df4e0496c3705b424d85d779,87,6,0
14873,409e3aa2baa4ea8a892787d5602e9f49,87,6,0
14874,311ef16eafe5ce04300dd09bc327ec04,87,6,0
14875,c914d65883af8a4e1a74ecda061f56fa,87,6,0
14876,2bed2b93dc3759e7ca71796e07c061ef,87,6,0
14877,9b8b647ff8ec0bdbcbc911381064f38b,87,6,0
14878,d38bf24fda4d33610accfec0cf79979d,87,6,0
14879,87d8dc9d89185e05f2c44393414f27df,87,6,0
14880,6cbe23989d62064ce54bd9c27790e585,87,6,0
14881,d8e4e44ec06f5641be92390b1c4cbccd,87,6,0
14882,686d241357a5a6ff248b40767c84d28d,87,6,0
14883,8f5149cd159433bfe90b00a185d026c5,87,6,0
14884,2dc44c404d039b73b789f540dab22cda,87,6,0
14885,92abfac526e9be2c1164c0d9332a1afd,87,6,0
14886,b6d1533e1ebb60be0f54db4d94c650f0,87,6,0
14887,856f226b64972d8c4a9fedf1f6e836cb,87,6,0
14889,d0228f6bccd06aff226820ea2f1dbcad,87,6,0
14890,391c9f964d60dee8849e78ba15b5a39b,87,6,0
14891,15624282a7019e4447d22510611e9181,87,6,0
14892,c35e5e42167c9706605a6a367ba36650,87,6,0
14893,e2b0cdb02a3348e01ebfec8289d2275a,87,6,0
14894,230add5814d1267beb78348544cc2307,87,6,0
14895,b857dc6441e1a1021303515ee4f2edd8,87,6,0
14896,b6ef4a19fcd9e7237248ccc918a97c9c,87,6,0
14897,6ddf20a5b9c37ea444034fa5d422a732,87,6,0
14898,fbc75a06cb65ff3febb0a8f9ea309919,87,6,0
14899,188953605caf56baa37432b018185c7c,87,6,0
14900,13d03337e8906155418c98d6a30a5961,87,6,0
14901,b2acc837e705613cf26cdc3128886474,87,6,0
14902,dad7fe5ebf69b2b7101fa231f03f7c55,87,6,0
14903,41d17470a64f5666334d2f352fd31f45,87,6,0
14904,a8a53ba01baafcc54902c287a0a3f102,87,6,0
14905,a174860120d7f66bd3990ef0f29836ca,87,6,0
14906,07be41ecf440bb6ac379d9e86de18467,87,6,0
14907,96fcb9195b30a2a6a6a134f384157192,87,6,0
14908,01aaa276a0ed673dab6ff7f3ceca1479,87,6,0
14909,c51e6bbaad3344accad61ded9f4591a8,87,6,0
14910,f227e26199b8ebfc1ac3149c82c4d379,87,6,0
14911,791e62b62dba738eaccc551ccee7810a,87,6,0
14912,8381a69af96e0fc4af45ef1fd5358f44,87,6,0
14913,41a981c1ef303e2e4b39befd24fb911b,87,6,0
14914,09bcf480a12b0317c6c2bc3c2c7b22da,87,6,0
14915,0514b28c4f0300dd400615cf0af1f198,87,6,0
14916,a18b8ddc9b1c782f282436b2764ffc1e,87,6,0
14917,af79daedd46e1527eaafabd91a1f0d0d,87,6,0
14918,0abf3751e5bcdda52c844a45a4c1fa22,87,6,0
14919,0a788894cf79671aef58c0b69ca91232,87,6,0
14920,b30785468dba6772ee320f2c53720aeb,87,6,0
14921,091d712e1935c9436d8b3dda936e96b1,87,6,0
14922,705be343db06efe45bec79c2a6e70891,87,6,0
14923,2bd999de7e7740c50293a69b745e9425,87,6,0
14924,b62d282db16421bef8032c6f7acb675c,87,6,0
14925,4b95b234f2f28ddf43c06a4a676a8d4f,87,6,0
14926,cf52774ad4f88b1c575437988e660ae5,87,6,0
14927,2078403ca14f7ded72a35ad5de273f49,87,6,0
14928,c9e725dc89ed7c87117328693d680326,87,6,0
14929,a67cb31eb965a05afe2bbb38c83133c8,87,6,0
14930,4c3b1e71d926a89beee24ee8fe2bbf9f,87,6,0
14931,53315e9f75ca0d8437421844b277a7b3,87,6,0
14932,aceb61a9005423f03741c61b0b93dece,87,6,0
14933,8e44d05de775b4c187e3fbc98b1f940d,87,6,0
14934,afb8c1d1c01bc44c0e526c9f65290641,87,6,0
14935,07b7597d67b5cc8d5808ac83abdba9f8,87,6,0
14936,6e5f4bc376e4a040815ee33fc46c86d9,87,6,0
14937,16a633577ce181d8dd16060032fab4f4,87,6,0
14938,d4f52f5a95961e0a1cda0cc09f819e74,87,6,0
14939,66963e2f10410d1be6c6a914746b1d26,87,6,0
14940,092527ff2cccce4a796473d3792f1ba1,87,6,0
14941,3ccd66cc779cd61ffba4a9b7a516d644,87,6,0
14942,fc214818d57f66e4c42f813ea952dfae,87,6,0
14943,41a6924f84db99c8ff71352af65f7dc8,87,6,0
14944,ba85d92e0775a445498b73fcf54fdead,87,6,0
14945,07e2f54d62ebe6d92a0d07e1d7b6d5f2,87,6,0
14946,82ef3a4264891b31890fc067f907b6ef,87,6,0
14947,0236d3c730c9175b562ac785781162fd,87,6,0
14948,3467cd2d7ccc493c8095439105564a2b,87,6,0
14949,785b84543cf7090940846118e7e73f7e,87,6,0
14950,17946aba8e6b8b5fe073f0022eda6cf3,87,6,0
14951,bf138aca4aedca4ea62e43b5d6808079,87,6,0
14953,820f3ebc11d659f368769eb8ff06f7e3,87,6,0
14954,9dcda4d1988479ab6ef2e063e1c5c650,87,6,0
14955,3b1ce95c82b00a261df724fc50c2bbb5,87,6,0
14956,23abe9ac4518c6b795d9e36b98bbeb38,87,6,0
14957,814639c75bd93972203589d6fc23786b,87,6,0
14958,aeccc8a2d0c1e12b66713d11dc362564,87,6,0
14959,6c4c25aa3aba2c71c0704b9774ce72af,87,6,0
14960,7cc25a32953aea045ec0e05dd14d549c,87,6,0
14961,1d9d140dba6eaa402855b8f14e2811e9,87,6,0
14962,960c89cdcf0a2a270fdc72ba1b394099,87,6,0
14963,181af52b4a923d2d431ce7ae94e473d9,87,6,0
14964,6cf0c7f97bebcc8d32e4b04b2736671b,87,6,0
14965,36dad800bfc0c7504fa982be5995fe20,87,6,0
14966,e4b81b67252db84fb8de8b5abc618c1d,87,6,0
14967,1d705145ce133e80d6df1e5443325946,87,6,0
14968,5c064ee518fc5f18e46d8f6343e9f20b,87,6,0
14969,9fedc6d8a57ddce707036c1c6e2b83ab,87,6,0
14970,62d48a8c763751d442a3369f17c7a273,87,6,0
14971,456ff54bc470e8f57cf44d8db9760cb8,87,6,0
14972,37090cdde871e40b65d096ab8e4f7b95,87,6,0
14973,75f7b8aab230c4f31dcefbcc12364e1b,87,6,0
14974,a86695720f49957b8f2cc5c944320d60,87,6,0
14975,28b35ea96f9facc625204c09cc0f640e,87,6,0
14976,36af36ca3e492ca4893ec44467b04436,87,6,0
14977,b2ccdb5e0cbd4686758b1ad788810f33,87,6,0
14978,9613a0c5806fceb4f4ce573168849711,87,6,0
14979,0e142c24545eafe51d827e55650054de,87,6,0
14980,fc2f0f75cbea75bd5d117250517850f9,87,6,0
14981,e0875b7bc93d627c1359758cdc0b85c4,87,6,0
14982,32534d8239262ad6f6249a8e03375e90,87,6,0
14983,cd26690cc3b9a7b5b509b65083d36540,87,6,0
14984,6b71698f8928fe7fd785b83d5b8422a1,87,6,0
14985,178a021550f831036f338fa9dea7653c,87,6,0
15830,f56feff4c6a74e67edf00361dafcd042,114,1,1
15832,83748e5d7d9b8bb899d3b7a82a41dbbf,114,1,1
15833,ffbc9225438ac150692d1ea1ff37da19,114,1,1
15834,56375155dead6d7cc9226c21c6949c42,114,1,1
15835,17a1c4d3935059f9fd3e65f0a91df75d,114,1,1
15837,e469dcdbe119d9c9863c2e2536f3e629,114,1,1
15838,e2e36cfb8357fd3a1bd1c65a6945f1a6,114,1,1
15839,143e08a657dec53c38345b16725c83b1,114,1,1
15840,cb7e4c2e71353b75d16287ec9f846661,114,1,1
15841,9456877cb37824516cfc516d04e8ec26,114,1,1
15842,581e004d428d1ae717d5dc32eb1e8ded,114,1,1
15843,bbf8712b4cab77efa649ffabf8f07f90,114,1,1
15844,7a12c02afece90362394ba405d3b35a4,114,1,1
15845,7930ddc65052678f51537f67315e9b8e,114,1,1
15847,434f5dea441e98a88ee3379ea6e40627,114,1,0
15848,d824399475abc03b5cec2dfc1093c6cb,114,1,0
15849,aef2f20d6b2b1b7919a57a4e08ae7092,114,1,0
15850,4a341915987fd8caa1ef755e10f76f21,114,1,0
15851,3ee1f0a1cc29d1f42296303a07491eec,114,1,0
15852,ae90580fe6854dfcc8f23d1fcdf3db84,114,1,0
15853,e34d5610f8708db4dc752a44cf4d382e,114,1,0
15854,6e612867b897cbb04aae6add501e8549,114,1,0
15855,1e143dfede9bc50b4f3970e0d8e56bf8,114,1,0
15856,ebc3a9f21cccc8fbdf2e2fed27065789,114,1,0
15857,88a00dbadcee84f86a88ead931ae5f9d,114,1,0
15858,dbae725f357f183f90d1827536912217,114,1,0
15859,193252eabd9420f1953eb9666094c820,114,1,0
15860,826a90debc97d5763229558b9f86e175,114,1,0
15861,86268356ac59be8b1a20c9c78500a3b9,114,1,0
15862,c986c525e94aa274946765b492dd51b6,114,1,0
15863,0f55c36355ddb8667f31e7cdf14e76c6,114,1,0
15864,f1d485ae06ea60c1cd77256aba6e6d18,114,1,0
15865,e90d184bd708744efa99deb7116d2bf4,114,1,0
15866,bfc322bbed3ec56015fe91b61f634e1d,114,1,0
15867,3d5fe5b59e204276e27f5e0f12f4877a,114,1,0
15868,2f92eb653a3225f085fb9fcb82975eec,114,1,0
15869,b179bef01e178c72e41671e2cee7f9b3,114,1,0
15870,618a6ba59834dcb299af02dfa8be7a2b,114,1,0
15871,4a2a9d189a4d56a741d35860d7e8c6ed,114,1,0
15872,ec1ed67aa242de2daa2ff1689a46d991,114,1,0
15873,dd3e09d3ae81db61c560f2905a4249be,114,1,0
15874,baa5fcf883841b8b3d9a0b74f3d400af,114,1,0
15875,10f850832dde345d176de1efb88207e9,114,1,0
15876,504ccd248aa864b773ee31e91f9c0fd0,114,1,0
15877,be98812c12c0d1de8436fb7ade6c5566,114,1,0
15878,2390200da1b0e0623c3cb2589cdcd311,114,1,0
15879,2e891b9b5ad81bab41cc1d8c8a821faa,114,1,0
15880,2b1a08a8778d9f42936d8704f98a3615,114,1,0
15881,c84e97b8fdacf4b2e1491d5b3c7d92d3,114,1,0
15882,369cc2ddb0e41d6b0b8d0ea239e75286,114,1,0
15883,8ce5248d175ddcf3ee7a2478fcf36b01,114,1,0
15884,d5e4a735777cd989b4012abfd18dea3b,114,1,0
15885,6e5213b1a64772f380542acd0c1e2bc6,114,1,0
15887,71e5f2109ff798056bcb599dda5ab4b8,114,1,0
15888,a4f87f3c0a764fb6546006a278be3f38,114,1,0
15889,65a06eff1549cead2b764a89c4470422,114,1,0
15890,fd12e69f086c37363815c51665a1d5dc,114,1,0
15891,b401e193eb5aca1a56625e8160492d04,114,1,0
15892,85c825e1e32fe7d5e45c98f38c7302f5,114,1,0
15893,eb44ff9c300b5615f0172caed4aeea58,114,1,0
15894,7b71da361ac0cef3f9a5279b9d86a5b9,114,1,0
15895,ef9d717fb0c9c84af6d603ab617e74f8,114,1,0
15896,eaa7d4684b97a668a4bd559d2d5bd87b,114,1,0
15897,71ad7f6138df90625b00fac3c6eba25c,114,1,0
15898,af74cc82a93979ea1f108f99be6ea1b6,114,1,0
15899,a2d585f2ae2711d6290bc12c79f3276c,114,1,0
15900,734a98e28c31c8f1cfe952d7171e4513,114,1,0
15901,56426e59326e09f39b1842557a1c6cd6,114,1,0
15904,c9927a29b2dde245afb70d8e2bb44d52,114,1,0
15905,afa3b8829ddc0b786c968fca1092079b,114,1,0
15906,e64df631ed250c53e0d3c0ab01860687,114,1,0
15907,4da2b9e90dc063cd96b140ab168a1137,114,1,0
15908,5a99abee274caffe016d0bac6e766b13,114,1,0
15909,4f37ae91fc3213d58b2e8fa1c23592fe,114,1,0
15910,8f2a62416d96761d9d7d8b8cebf01803,114,1,0
15911,0ced1062f8a91b9c45906afcee2def19,114,1,0
15912,1d97a361568656e3dce56028bcb9db97,114,1,0
15913,400fd2529226dafd3fb0e2d0750a457e,114,1,0
15914,aa24b968d3e2e7f88ac779aa18d99c69,114,1,0
15915,5856e28655a7a961e6f8136f7638046c,114,1,0
15916,d4ebeed59e088e677f8bca23f08ee1e2,114,1,0
15917,f19b7b1da1061b852405e92435f518db,114,1,0
15919,a8f37e23ad5cb515c9baec5c208c6d95,114,1,0
15920,396b5f3c486364b4aeeeb8a6cfd5042a,114,1,0
15921,7c53a9024a0ccbc54cccf64c21005ea8,114,1,0
15922,06b27847f3c054a60684e4a64d488acd,114,1,0
15923,b6fbaceb43ab2b2aa23a514a766b6ff9,114,1,0
15924,d841abdfce4eea5c14d68de7d94df253,114,1,0
15925,efb3772c88b060e00bd7bc1b6253396e,114,1,0
15926,f14273c4290f08f253136717ff68726c,114,1,0
15927,e18cd37cf6224809032a0b4eb1cd921e,114,1,0
15928,f27d60f7dd8997537256167259dff10a,114,1,0
15929,7699258fc2295efc9a1c83837f711a7d,114,1,0
15930,ae753522ccce90d01ac15cc081acac9d,114,1,0
15931,80a83ef804a1f4104a1f01f1bc900db9,114,1,0
15932,c29d9d810d6c431d1633d3e1ac44c344,114,1,0
15933,3023ba432cc576f98ce2d4bf3b02b063,114,1,0
15934,c3c2b025a4d4c03a8062c9a134f47a99,114,1,0
15935,5f45886c99a936030c42e119a8586d3b,114,1,0
15936,64858597ce17298d3d42ad2499a6d4d5,114,1,0
15937,bc8eece081df5acc1792667d54af5389,114,1,0
15938,c75b47e21686e7ce9ee0ca192a8df4fe,114,1,0
15939,34fbcd2dfbef0fcbe36f50510dee49d4,114,1,0
15940,11a28dd57575348b0c413ac124b2230c,114,1,0
15941,e18307a6700b5f3a5fe80ef7d6caefad,114,1,0
15942,37b61c9b3c9651e0670c8b600c191f96,114,1,0
15943,fc23edaa15725ec29490dbc1e4161ae3,114,1,0
15944,1a802795dedf1774a571868ae2df7755,114,1,0
15945,82eec384df91cc2ea56d42fc7aad1bbc,114,1,0
15946,41cd2a4569665b26881b6a4917e70cb4,114,1,0
15947,6d46a9a8e13daf55bc7cf7090b902286,114,1,0
15948,ad0b02390667dc15a87df91b8e069e0f,114,1,0
15949,20a93a662dee134f29784e105552bd5e,114,1,0
15950,2c81ece51da5f6c71b7c7d4c9c774d2f,114,1,0
15951,e365484854091934cfda0d391098423a,114,1,0
15952,7a55961adec36e2404f16a06ac61539c,114,1,0
15953,4957c582de2592d9ed982c1340525841,114,1,0
15954,bab425a79e3aa834aa47763f4831102f,114,1,0
15955,eab2075938965ffdc0e7b47e1a74276b,114,1,0
15956,268cfc572625d257df6f6a0a7d702bca,114,1,0
15957,4df58b1db1900e01fa0ec2b9ae103cc6,114,1,0
15958,702a4ff8ad0664c5bb70d2605704c63c,114,1,0
15959,c750ba2afdc9030a861edaac7fc5fca0,114,1,0
15960,1b8669d504c0af057f220742e7b95c8a,114,1,0
15961,a73f8534f2a04bbeceb17e969b4fd837,114,1,0
15962,60fd46409cb1f67351af329ccdf997ca,114,1,0
15963,94863aae65fec298d4f93bb10b9934a8,114,1,0
15964,4c2ff32f4eb2e46c14832642c4f7acdc,114,1,0
15965,bd652a50ccae752a081ff03cae41bed0,114,1,0
15966,91a437ac7da8e11c03580212d3e70fc2,114,1,0
15967,bcf61b5698c0994838259fb8b8623bfd,114,1,0
15968,ba5d787c85c685f412c7c99b5c6fea8c,114,1,0
15969,115ddc69a8c7e06a8d31c3c3f30eeaf6,114,1,0
15970,434611d438b910301f62e43d97321b7c,114,1,0
15971,40fb519bb30673c16957d5b2c647876d,114,1,0
15972,304460b207235dc4fe3e4a9e9730baf7,114,1,0
15973,d18a8bba1d7683757e1e974d3379245e,114,1,0
15974,cb34c46305fb881357ef4fb7b0aa5070,114,1,0
15975,620c5eae48049638ea5da7924885a2ef,114,1,0
15976,f77e6831598cb2cab486c7691bd6bd38,114,1,0
15977,5c5ffaa04392c16716e00c83ffa2180c,114,1,0
15978,bcafe9d79f3c8d7278539d3b174e59f2,114,1,0
15979,1a99b60371923a108a8220161e587170,114,1,0
15980,b2e5427741d8a9aad65156a078637cf4,114,1,0
15981,36f4396782f7d4bbf55e06a7b7a0ac5d,114,1,0
15982,e571dd9c139be097bf4d536995acbce4,114,1,0
15983,f6b70094544a2c531eed9e956323e0ca,114,1,0
15984,784596442a3a79e0b52aebaecf411506,114,1,0
15985,5a26b1fc75bf93242747cc70adb2d7e4,114,1,0
15986,b83844da8b99d5f3780f30eb4e3bb6af,114,1,0
15987,1612bb1041872ef72cd485c059f975e3,114,1,0
15988,3df8742916e5edd124308f91f1ba575d,114,1,0
15989,6e29d2cb21bd3a371740f026a3e61024,114,1,0
15990,dba91b909b6db74f39b8253a928979fe,114,1,0
15991,ff9bcabcc5770fc454aa8c3ec3358b65,114,1,0
15992,ecd812357d59c83334e8a9391a2c0c3a,114,1,0
15993,559f1f7b1cd4eac1f4f88d8fe8d5df9d,114,1,0
15994,7f3b2b2dfb37cc32d6e4f3b978d3b0ca,114,1,0
15995,5622031543d0ea1a02eb04e5815fb478,114,1,0
15996,1d5046e556f39c3e26be916fe3bf3ba1,114,1,0
15997,144a85d5c1a358bf5caa12a9bf444310,114,1,0
15998,31bc171ee287f31cbf210628e7dd9857,114,1,0
15999,209f10c382c3b128d68de2cabc864835,114,1,0
16000,c1cd3681ffc05646d8c41e3914d93235,114,1,0
16001,9b6f68bfe3aa1643f5f3fd1c57f63c41,114,1,0
16002,54fabcf963ee786ee3ef29632aa4068c,114,1,0
16003,28c52ea9307e2dcfc35c8cd909e0b2eb,114,1,0
16004,bf532063989212d627ed99645e9842b9,114,1,0
16005,5af9ba0d29c2a221b6bbde40def0b2ee,114,1,0
16006,4a13426838a1ce5e99dec6a6aecbed74,114,1,0
16007,6cbf51f30a9aeb1f4ad840522e126d81,114,1,0
16008,76286fd8472cad125cb9f42534428d1f,114,1,0
16009,8d8d7e46a4fb3cc8ac4b42c8fefd08e9,114,1,0
16010,9800f936449641346652a019a0cca1da,114,1,0
16011,1299fbf8f68212572cecf514b0c68fb6,114,1,0
16012,1a675d4670e0e49b3e64f24cc55c8a37,114,1,0
16013,c3882961b1adcd97132933af2e9f6ce4,114,1,0
16014,48d9c26f924e03fcd61b52f1690080eb,114,1,0
16015,75ee4bc8d32549bec9d682a96c2c8326,114,1,0
16016,038a1fcd8939a8697df29f2853b99f63,114,1,0
16017,086472af9ec27b323e0c326a3b768fdd,114,1,0
16018,2c72453e960105bb104d4bb994f28c74,114,1,0
16019,798d76f3e4e74785429ade73e3fc894c,114,1,0
16020,476636cca5c1637f2757814a84d06226,114,1,0
16021,7867b1dddaea675ce3b14adee3445ed8,114,1,0
16022,3f90289699cf6edd08c454ecb17adcb2,114,1,0
16023,c2c0900ffe49e6b12aa4f7879e1990fa,114,1,0
16024,4c11d568bd9c1cf76f74d3c525f5c704,114,1,0
16025,3fb6a97af81c2c75a012799f00f446f2,114,1,0
16026,a5dde6585156d6ff13807e76de74f086,114,1,0
16027,5933c455333382f69a67fed5d23353df,114,1,0
16028,cfa049e7b78c543cd12a5595899236df,114,1,0
16029,96bb6f3f8fec17d7c78617cea2a684c9,114,1,0
16031,86801d67bbcb0242653e641f628ed1e2,114,1,1
16033,80c053c9b1975c0521256ca1f1a5d228,114,1,1
16034,e57cd3c725bcf0f9167ab93287869e71,114,1,1
16035,75c5f51b0edbedb6079c2b350fae2493,114,1,1
16036,2c5c7787d13df118e636adcdffd9cf80,114,1,1
16037,540d5f0931f09553fcea2b39fed7c038,114,1,1
16038,35168be85a5e37f7ad8309318cb0ecbe,114,1,1
16039,e9341c0cd01f37f3ad7c651c5bd578db,114,1,1
16040,5efe828d6a8e02560cc8429756a23755,114,1,1
16041,6a21f0506a1f7c28c022778fcc82ceae,114,1,1
16042,9d22c0f966abe2b53ad0f8ed89ab653f,114,1,1
16043,6f65dcbab0d99ac384858157194c6858,114,1,1
16044,226666385db23bc598d3e4244c99005e,114,1,1
16045,77094c50b98a8d6852c995c8a5ecd0ac,114,1,1
16046,b4998aa210ae9cdc8e622cf34b88d41a,114,1,1
16047,8490bea37c11cefd75d0ea2b6184d985,114,1,0
16048,0c28230b0fcd2f5152e4880a2f0ccdce,114,1,0
16049,d1da2c4557984a95cd920a4ab2c77f62,114,1,0
16050,fe7d570690d2eea48c113ef866e2ceb9,114,1,0
16051,c138bcc3b4031bf8e079dbe1af03ecea,114,1,0
16052,6026aca28fc40caed37a0aaa583daf27,114,1,0
16053,1f6bc3edc36afc985474e695090972a6,114,1,0
16054,b5b74e7b3e86b303ba09bc824f08e74f,114,1,0
16055,c54859de70626d5a0b01fed94a25fd97,114,1,0
16056,04f8dac39f2acea0f53e844845d3880b,114,1,0
16057,d728d6b3a432d942845290c1b77fb762,114,1,0
16058,7568bfaa2d98b19e88e762ac4675d7e9,114,1,0
16059,809d099662c389363aef69d1749f1baf,114,1,0
16060,09a27a4a60a0983b11b76b7a2ab920ea,114,1,0
16061,933531af6d7ee4f0333c648661c07808,114,1,0
16062,604387da6bad3993c4bea5e8734ba1ae,114,1,0
16063,f598d00e5b8f55e74d676971a2c3c0dd,114,1,0
16064,40cc71002d0e1e3bb563fb8b9f69b51e,114,1,0
16065,974e113f7be1af378d3c4cedbd05c17b,114,1,0
16067,47d4a3cd02eaf05cdec2e1abbada1917,114,1,0
16068,e0bc9eb56cef2abf4f6868c50795a6fd,114,1,0
16070,90c811667928c14d6b12fc17a9f76409,114,1,0
16071,75012b53baadaad950d1496bb3450388,114,1,0
16072,8cbf17473399bfa5c13d3894b6029227,114,1,0
16073,bfac861f67542a85d9c6065feb961d24,114,1,0
16074,71dbed0f35747dce909c7521a484e46c,114,1,0
16075,84d366c5d66a6ebc382f022d3db9ad24,114,1,0
16077,684098d51efc4c10853b0e409616514c,114,1,0
16078,6f1144d61a688db8623af34050ba34fc,114,1,0
16079,2850d09fb2f6dad26b02f8e595b5b8c0,114,1,0
16080,a1626dd36d3b4cee21906905410de489,114,1,0
16081,c465ad5ab91d2e25144f08cced0ca3a3,114,1,0
16082,a8e64321d8346da0a26e7fce53fcf48c,114,1,0
16083,4f83c34562c358c9c366a948ad014a99,114,1,0
16084,877d2322d243bb62f44aa412ca70db45,114,1,0
16085,a32f804a4d0ac48a769dd407a3d8fb4b,114,1,0
16086,5f477030223c1bbf1d0ef4b5e044bb1c,114,1,0
16087,093fe351e4c5d9f227ac50c31e1c7149,114,1,0
16088,a0b7f965ecc5c2682b7ef0fd83de33da,114,1,0
16089,e05ba974f927971f559f5f8a5cdfafc6,114,1,0
16090,0933ff7f4fe0c90307a0d8ee74c78d7b,114,1,0
16091,5553a26a231f5d4912415c3f24bc35fb,114,1,0
16092,16a864dd958f304b8b79243690bfcad6,114,1,0
16093,a462b4927f478fa04de7d26da13396ec,114,1,0
16094,92632349de1fadae9c4ff49b186fb3fc,114,1,0
16095,29884aa5aa5405a81b9d5044e326d6aa,114,1,0
16096,543fa97cae096e794aee20ed2d1352d0,114,1,0
16097,7c635e3371863ce3d2c8ba0a82433535,114,1,0
16098,4f1378248b84a41d810cc62172008f2f,114,1,0
16100,02fe90def6b90ec83539b70120b2f928,114,1,0
16101,12f8a8beb2b073df197ccd4bda499815,114,1,0
16102,3de69328d642651794c53277a9ecf8af,114,1,0
16103,ec87dceeeacde920949fa6185fc5e3ee,114,1,0
16104,f3c8c3746551a01bbd437be26aba31d0,114,1,0
16105,486b5aef7d60b23ac1ce37f3ef812fdd,114,1,0
16107,b09a1f42e01902464389b03edc0c0819,114,1,0
16108,ec509e7fe537f1416a117fd69266eb98,114,1,0
16109,677bfedaf30974e77d65fc2ad3266e35,114,1,0
16110,66f206e44c90830663c13b64e3f33f93,114,1,0
16111,0bf3337274cf5cd6bfe85361fd9d7922,114,1,0
16112,ac0bf87ea1beb1e537e1e45e42cfcb13,114,1,0
16113,6d86f5078cad7cc77d59665c96cd1a12,114,1,0
16114,9a82c94f34a468de8e85b0979cd3c16e,114,1,0
16115,2f7393b3c9f09b3a10e398a1f11d807d,114,1,0
16116,89d8977fde68e1605b28629ce3b56863,114,1,0
16117,3b8cf3da5eba0bc1e30e7caaea5293dc,114,1,0
16118,a357d03e7d9c66ce3f03b6b7ff52c673,114,1,0
16119,d14715948ca406218b50415eb06a133d,114,1,0
16120,391333c5e8a6d41412a4d4bd3b099bb0,114,1,0
16121,144c3a4757093c7b5fef3e1357e2191f,114,1,0
16122,6a1117b917fc8add8bdc896847b3b070,114,1,0
16123,eed65716c1eda3b9f5ef136aad29ff22,114,1,0
16124,f7270cc7c8338e9f181f95417a227e62,114,1,0
16125,fb7f9561539ca8a5147120517612d4bf,114,1,0
16126,319c66e864aa9c236c302ed1ec14b077,114,1,0
16127,c2b605e6dcc58662eaf183bdf2d0937e,114,1,0
16128,4b50cecb4b5c765cc414330411d349dc,114,1,0
16129,1071dd4c5884f7c076e37e0e4e99eeae,114,1,0
16130,bd0ffe812da92c7a5d9557f15e62d57e,114,1,0
16131,a5b99419c415ed5e4c50bbd01adb36a7,114,1,0
16132,5be8364dd11e38ec2091f33dd1424e61,114,1,0
16133,5717d52fd15a6efc795512043345c789,114,1,0
16134,4a5fd0cbc0f6c7195bd8156021f8b5e6,114,1,0
16135,d31632a5f0d44fbaf6280d99434fcc25,114,1,0
16136,99a1caea476e901bb512e188a956a795,114,1,0
16137,4e5722eef5be0af03272a7569c4b08e9,114,1,0
16138,dd50480a08ddda6cfffb0ad80e75e1bb,114,1,0
16139,e0df5087bc0ef698d309a066d02dda13,114,1,0
16140,bc3241b14b11f1435f8a47f5b5c7af46,114,1,0
16142,04ea647ddebb01a6e9be4fd6c56674ab,114,1,0
16143,11f2dfc2519e44bae74373d044412ee8,114,1,0
16144,0b852852269b4f2633b6ddf4a60aa4e6,114,1,0
16145,b27b9490c5295d233161fff42eb4a0ed,114,1,0
16146,26614dbb8b8383f38c462861fa1e58aa,114,1,0
16147,ce782e7be07d6b5b74b5cb17819a9882,114,1,0
16148,9ac67702e26cfc1d06e0837c996c83a8,114,1,0
16149,bf5959551668cdfc578557e8a28e40a2,114,1,0
16150,984c8d98f4c8f373963647e86af5ad56,114,1,0
16151,2814043aaf54c07b04f72bb124042ff1,114,1,0
16152,f2ab15765b4f8095f8e821d3a0621ab3,114,1,0
16153,f8401a14366fd3f944b9c1dffdc52ec5,114,1,0
16154,6ff194b1b41abe13ebaf7ad165b203e8,114,1,0
16155,9a55ec7474916d8a81179f26a0a208f0,114,1,0
16156,23d8420c6a47def880379fb400bdb459,114,1,0
16157,505314b21a961a563192b611cff81be4,114,1,0
16158,7a02ae99bec2dc7b992f355da4bb525c,114,1,0
16159,537a85356588ddc0afc46c124e1e379c,114,1,0
16160,0196944ae083a6f82d170311b7bfe586,114,1,0
16161,0b5d7a9eb55895e57d2febdabee86d5e,114,1,0
16162,bc8c6ca1a6420d88f8ebf7a738e6a002,114,1,0
16163,1f66f3c47db56261dff876e8a9a6c501,114,1,0
16164,a125c4d8dce390c39142fdde7e9f2b47,114,1,0
16165,d6fe900f8a5712d9c973be688ad42f00,114,1,0
16166,008fc2a947958c0fee96abfe0448b083,114,1,0
16167,3b95d4ded5fe900046896d22d6b4f68d,114,1,0
16168,d3b6c60ec086ad2230c0a6d7b1067c58,114,1,0
16169,75475f7b5e4f682fad103e0f53f64260,114,1,0
16170,e6f5f871e5022c2f2f2f10239391138a,114,1,0
16171,19d49099e6c4c6b87ec8e8a72f3fba36,114,1,0
16172,dc2e60da6c8ddf305101d8850f870081,114,1,0
16173,9e234defd8a125458b1eff4fd6bbc29f,114,1,0
16174,4fe3a2e3cd1e331e7bc26fba37d14183,114,1,0
16175,5c6eb7ec632abe2f95c9f0ce33f7b310,114,1,0
16176,1af02318d1e844a8db787488b1503f79,114,1,0
16177,41b1270c4088cc75e0a43fe5363fabd4,114,1,0
16178,5a604b5151091e5d4d29d655a92ad364,114,1,0
16179,c60baca28ced66a23bc81ce318bfe6b2,114,1,0
16180,fdc9a57be7ba1009f4e31350b7b9ecbb,114,1,0
16181,10192bccd3253e68b1fbf9e28172e88b,114,1,0
16182,47acba5317789461fd227dfe03b6eba7,114,1,0
16183,056cbf457f29d3667a839cf35ec1c04b,114,1,0
16184,d0c09a78b013991180eeeb303d10c0f0,114,1,0
16185,13d916a105dde82ea8f414a8994af003,114,1,0
16187,2e83a158375dac223bc063c6ec005303,114,1,0
16188,a917b133b1820413cb0c35e844938865,114,1,0
16189,2000dae3d0a1660cbe23a763dc9ce564,114,1,0
16190,5bd5f6ab30019918112d8acf5433c579,114,1,0
16192,3e436c9605bae789f3788e5a1d14633d,114,1,0
16193,fdb2040dc63377c742382dd74bb99263,114,1,0
16194,427078391df17c5182d868e52230fea1,114,1,0
16195,d30ef80007664639690cd582478f8fd0,114,1,0
16196,9bc015e34d084fa0ba71f10c648132a5,114,1,0
16197,9447944bde6a64995922ce2af033ee04,114,1,0
16198,5bb54fb33111f4c1951dd6f5c047ec72,114,1,0
16199,28d58042d027db14ab6c8532459a5d27,114,1,0
16200,d78d113f1df60e2622efeb90cd108d45,114,1,0
16201,057996e48f3ac9a8ec3ab768a83619f4,114,1,0
16202,05b0dd3f430c262bf42986fba22c3540,114,1,0
16203,2504ee3f312462e0fecb60782c9555ef,114,1,0
16204,db2104c7e13370cabf29e6b87f5f0c8f,114,1,0
16205,b11a539947b6fa95caf8b1dd576f3ee4,114,1,0
16206,30c1ed924395b25c0a8f68d55e843713,114,1,0
16207,cb5a61669b4552037394e9593f7454e4,114,1,0
16208,46c78ec022cc52cdb9e849eba0659c57,114,1,0
16209,6c0b948c9813e817987b0e3a811e3283,114,1,0
16210,0088d1ae1266c8c3cc920c9dea5867a7,114,1,0
16211,a1a779090898c0c6e6314a02c348c6e4,114,1,0
16212,071c96c8aa11d7e2c27db97264417ba2,114,1,0
16213,6d48e650053c9bee722f531e8b05f626,114,1,0
16214,6aa54b1fd6437d37cb459738b021e55d,114,1,0
16215,49d3830601966437da403130adf83999,114,1,0
16217,5e9e573e48286b743b4b6c1e937cbc8f,114,1,0
17508,f04fe08612c19e08950d7cea6e545996,94,4,0
17509,1e846e9093793d6a47f55348e974ba49,94,4,0
17510,45e7a48e88fc8b897b973292408287b9,94,4,0
17511,574ac325add636111f6a86959d8eca80,94,4,0
17512,7cb95540e07f27c85c9b50073d6b3ff2,94,4,0
17513,8cd8543e0ae7a6bf8db5cfcd611bdfda,94,4,0
17514,10d2e1883f8c92ff1dfcac4dae7acdf5,94,4,0
17515,26f7d7c230585f1e58f902a9d3b05eb3,94,4,0
17516,9a13c302218b252b12c6b442e3dd8123,94,4,0
17517,274b291ab3ddeca17907b2df6dcd716c,94,4,0
17518,26014aa3cd47ee6b532573ec5feebb44,94,4,0
17520,ce567d00f9eb682ff8b0488925066a82,94,4,0
17521,2d1597eee63d07f94c6e6d9f6018244b,94,4,0
17522,7c054085f553d67d4f9a9b7857393517,94,4,0
17523,f7b4a47b1036a00d729c50458b312de5,94,4,0
17524,119c26e984bd2801d742620d925c2b3b,94,4,0
17525,9bd366b562d5e152b717dcd2550077cb,94,4,0
17526,867e3d964047246361315d300429a7a6,94,4,0
17527,d2000132631a854554770e8f2dc5a68c,94,4,0
17528,6870764b4f308866b725a35e2340a055,94,4,0
17529,39442d7569e3cd17d40c7a02adc8726f,94,4,0
17530,a1da33e9caf74db2fe7bec7ca57f2b4e,94,4,0
17531,92dae98dd35684516112cba1bfd8843e,94,4,0
17532,b5aaecb5a3ae01475d870f763ed62ac0,94,4,0
17533,8c70e17cbf9fc390a369ed01e58baf28,94,4,0
17534,44b448443ae524a82e6af2dfe4dcf017,94,4,0
17535,3c3e528f1cd3db53e27b7c3c6ff5daeb,94,4,0
17536,aad1ee144577a81d6529781168325bb6,94,4,0
17537,829ec5745c9b9693e380a9519c9ca6b1,94,4,0
17538,fdbaf15f6ff4a43cfa243fcc0262b1d2,94,4,0
17539,940366e53869395248867f5a54a11120,94,4,0
17540,1ff85e56d3177e9f1134db2eb7290b3e,94,4,0
17541,253028d2e96f15145c1adeb039600f1e,94,4,0
17542,7c6f323d764e9182a3b1be0ebbd10ad1,94,4,0
17543,1a12dbaa94c7f9c2c10dfb4d3be4b383,94,4,0
17544,0ded3c3e31b7d326dce1d13d9d08daf1,94,4,0
17545,ed491ac3b8619eef4f0e7f992adcefd3,94,4,0
17546,72334d1f699c7b15f779eeb9cff409cb,94,4,0
17547,10a4e4fbe16f55f6324813cbd96a05e4,94,4,0
17548,92236d31ebecbc2c93d8d468912ef2c7,94,4,0
17549,c1562a0e1ee88d583f889fea942d1a22,94,4,0
17550,7ca67abe7459e2aa18eb18374e828c5e,94,4,0
17551,3b9a075e8465ed4bc3dea575dd50ab29,94,4,0
17553,b7d7ddaf8609c5b17a51750781612d45,94,4,0
17554,c7f2a35dd66ea15c837c462ff6e6bdd9,94,4,0
17555,9110ec7ecdf99954b8d7c958e5b6240f,94,4,0
17556,08a9c3c18e837ee063815e950675d7bc,94,4,0
17557,fc75a610616fd5ece5bb4f82199eb43c,94,4,0
17558,ef172f5ca03b59d498f2c0f153b2c18e,94,4,0
17559,1273ffda6ba2b43b6340892b2642fe6c,94,4,0
17560,895f3b4ad0fd7ab074e136a912e85b5f,94,4,0
17561,4e9043a2dfaf6149a34b22953c2a6faa,94,4,0
17562,22ba42b8b41dfb7e419e4ab725ea00d6,94,4,0
17563,c83a0fca132b1f5a279bfd387ad249f7,94,4,0
17564,49d7dbfb1e80636cfb8af6219a2ac929,94,4,0
17565,d9b34e9be61fbcb16c1841842c53cc34,94,4,0
17566,2332e069f3f62aebf9944a8e7bc8c2e2,94,4,0
17567,ba33e7217a9a12496f5d62d784a562a7,94,4,0
17568,ce2135010d401ea400f7891f9207b858,94,4,0
17569,bb225892dc8a9c899d4f295878751d53,94,4,0
17570,78298b1585407a401789005138eaf3a3,94,4,0
17571,4cfec6dd1060de90d4a5d87f0571f63c,94,4,0
17572,fe4174c12e173b6246174bcd0ddf9fc1,94,4,0
17573,2013d09cf93427e8854fd176a743aec8,94,4,0
17574,b3f2cbbd6520878ca606c747e07bcd70,94,4,0
17575,08cf1596c760f32816b034838426b874,94,4,0
17577,0adad40ec6377267349890141ecb9c49,94,4,0
17578,5a2725fb9478af8dc8e853fea470def7,94,4,0
17579,f02f748761f354c1afb7c08dc5988817,94,4,0
17580,743337330c1f6f6f2f7fd10d1e2f09c2,94,4,0
17581,c7e4bdf7965eb97c095388204ed55373,94,4,0
17583,8b587aa283a61d2020ba15491356e6ae,94,4,0
17584,27f17b26b0967a92e6bc828833a2d0a4,94,4,0
17585,55bc1a356d47224482e2be5959bad152,94,4,0
17586,84523af204bd8a37245199d9573c6e01,94,4,0
17587,be5031c5bd68c52ee514235a55051c75,94,4,0
17588,03492f81a86d30461f3910a0913ef5b8,94,4,0
17589,fed718cad1a37f1ba201e441527be697,94,4,0
17590,b10209071dd30aaa9647acc6a8debaec,94,4,0
17591,bf076f48bd67d02574a7c62bd7844f58,94,4,0
17592,c114c5533b5ababd4d45425c04a1d51f,94,4,0
17593,bade56a864b0274eb5b2b75cfdd39673,94,4,0
17594,aef6c6c55aee8390b9d9c92b4024e4e9,94,4,0
17595,ec391a3a2d936d4fecd7d1e4a83cb415,94,4,0
17597,f91f6e832980a734932a9b83b329e783,94,4,0
17598,d1e0b16f5f92595c24d87c3e0b9de85e,94,4,0
17599,718d80eba56543d89a31568e1368f42f,94,4,0
17600,afb4b0891bc185972e7604a119226f4f,94,4,0
17602,1a2278b1106031c5b43070237e35e7f2,94,4,0
17603,a6e7c5a5de4e47389e5fcb61ee8e0a2a,94,4,0
17604,9176c140fec3fd6c946107ebb5e08288,94,4,0
17605,464b48c1d4194afc3b476df83dee95a0,94,4,0
17606,873699f5eaf92bcd7bc92cef2c23b2c6,94,4,0
17607,072182b5df48a005c57e5882b3a2f05e,94,4,0
17608,5d3bce284a50f73e75963905f94ce360,94,4,0
17609,f148f8ff3a56ef7dcf4fedc680d97f47,94,4,0
17610,4bc7cc8473f8e08a01102399b7515062,94,4,0
17611,33513789396d3fdf2153c6622132a2a3,94,4,0
17612,6639e46300381c5e4fedf704b2be0dd4,94,4,0
17613,6e23e73592de34b50bd8749379c85460,94,4,0
17614,9ee110b1f6bf15f5d09356001662f820,94,4,0
17615,aa2f96d0daceb221a9eeb6da136a4d0f,94,4,0
17616,0ec12d0cec96a6f75fc4a8e7725036dd,94,4,0
17617,75e8c9524649c6af904bd546da60bc44,94,4,0
17618,cf4a54db1cd011c0e31fb57944dd9b38,94,4,0
17619,7e5facef30702a74fa5c5381d4e05ac5,94,4,0
17620,7956bff90deb5c3930e86183f63b9542,94,4,0
17621,bae5fdf8f7aa5ee764c310b40ce145c2,94,4,0
17622,058912984c5bccbd87288bbf9011df35,94,4,0
17623,9279d225df261f8707815e90cf61e4e5,94,4,0
17624,6637b5028ac7b7c56c2203b8850bce1a,94,4,0
17625,5f63dacf523b24e88bf4bdf83eb1d6ea,94,4,0
17626,777c7ea826d38f1e66d7100b541e87a4,94,4,0
17627,0e6f0bcadc6c5272daa6b7eeff008859,94,4,0
17628,d2be2310f587e7e408d9755de855e307,94,4,0
17629,482641b2f9afbb4e66d46e1c6dd13dac,94,4,0
17630,3b32df84f0e75ea9ae4d1b6e06cfa857,94,4,0
17631,51359f3e422c55067da3f8af34085778,94,4,0
17632,1bc390c91178e89b024824a5de9f4b3d,94,4,0
17633,fa36d027ad6df6ea5f68db0f3e9626ec,94,4,0
17634,0b4b1144a96683b1eceed83aa9b07984,94,4,0
17635,9ab45cb116c23056e71637e2b16a6153,94,4,0
17636,6fb82f0590303c2c05ffdb47ec1c5939,94,4,0
17637,7d2e2fb29463853ea8db886c2c623389,94,4,0
17638,360be4c1a5ec05f460494ed69713eb1c,94,4,0
17639,a0d343dc031242af0f1c25c267308f64,94,4,0
17640,c13512e0c0f135a83d1c66d2d4b1d399,94,4,0
17641,7da9493b4f2909a0d2e14adc29220e1d,94,4,0
17642,f5f8d1adab134eb7a5488c25992ed2cb,94,4,0
17643,95e62c04a58496fbb25c91f7cc5539e2,94,4,0
17644,534445bbb6051a90f6333c0dd9bb616f,94,4,0
17645,d84917f91e841038ec762de3467c5bb0,94,4,0
17646,b523f2703de4f17a5ec0b4e6a7fa3a0b,94,4,0
17647,9bd3043760e07fe9a2154de5bd77ca8e,94,4,0
17648,ca9003271cca76fc6161c971678824b3,94,4,0
17649,977bbf10a817574847620a5abfa83ce2,94,4,0
17650,02d0ba69d6751d023af2f682be2c2908,94,4,0
17651,b4515109f7ecbeac19b2cc27cfcab66e,94,4,0
17652,6cce6c695b360dd3c85b7854e77e5d89,94,4,0
17653,87aaeb7d0c07142e6cd6e1633e2f53b1,94,4,0
17654,3a2c9c0f4388ca20cafcdd13f649ffc4,94,4,0
17655,257e3499e0513c243b4d95af2cb1ac18,94,4,0
17656,74f81219d29bf85f722b24ff4ca80336,94,4,0
17658,52c2210384c73d8a4f3b53e8cd2c203b,94,4,0
17659,a5dd6610554a5c85a2fdf4c0c306c584,94,4,0
17660,c85ec26c341f1d781e584592cf09275d,94,4,0
17661,564ef71a99f10d8e23ec7b5539331ad2,94,4,0
17662,438b576c7c9349cf9e677baf7895be08,94,4,0
17663,20faed32a285fe27ed95d06fdd3da2e4,94,4,0
17664,abe2a7e6f3a5caa348038b5584d31cf2,94,4,0
17665,93432b3b2a4d7799e08458125b4ac9c7,94,4,0
17666,424fde7899a9471b72d96012929a3fb3,94,4,0
17667,1f82f3609a29dd50b785bcb80b1d26bf,94,4,1
17668,97a453cd2c371ee3259f1f3a655762f6,94,4,1
17669,97175c89d44da1fd73600e7a3714de30,94,4,1
17670,f7ff3b69d076c94993fcad964eba59d7,94,4,1
17671,6582e28eea5d05617d1fde4dd46184b8,94,4,1
17672,8f1b1a226764e9b05a854752d55ffabc,94,4,1
17673,d5bcf0594c24cee270a0144fef394d8c,94,4,1
17676,f6d253ca6359097133aed110398da2a1,94,4,1
17682,a3a85717ed50ee5d453fcbaf3fea6fca,94,4,1
17683,09fd1abb9c5644f7eefd116fecb89915,94,4,1
17684,f0690c4ff333a2a7704d335ee6fd2adb,94,4,1
17685,addcdef37f88bc47586e6a8bef16d8e2,94,4,1
17686,a157bf6ec2516c086af810694ba491f4,94,4,1
17687,5495094840aef40bea448f28626b1ae5,94,4,1
17688,09021f188af40be72b979dbc9ecb8350,94,4,1
17689,168cb441c4a6f8648f758201c94f21fe,94,4,1
17690,2c54043cb598681666848361594e39fa,94,4,1
17691,64e6621f0fe1d45bac2f6d0bcb7c5df0,94,4,1
17692,a439db9dfad8185eea672c939a55e749,94,4,1
17693,02ad6add5082b9e6ad22bd22f2837060,94,4,1
17694,67e84fdfdd077406b8eaa40a1e091fff,94,4,1
17695,a4ccdf921e2b8d4a97d853570bb80473,94,4,0
17696,766852e0fa33a8c26da108ab8ad43cad,94,4,0
17698,ff345b60548287c3773ace2d23debca2,94,4,0
17700,c23d5787bcf39730335e4b037c883b6d,94,4,0
17701,187946f426264e59e522deaced3c070a,94,4,0
17702,44779de8c680298668ddd0da2ead578a,94,4,0
17705,6f050fd4663c8b1a5e4d27af4d790353,94,4,0
17706,32abc5d77d8a7af4db760d0e25cdcf38,94,4,0
17707,592c25804d24affd60abf1f2e11fed0b,94,4,0
17709,e07aead70ab2415e3dd9bb8068831d09,94,4,0
17710,f5ca4246654b13d738c9b7729a381fa4,94,4,0
17711,ce9ea92ee12e9ab91f5199cec9968c3b,94,4,0
17712,1264892c8e9fdea5c67766542fe8c9c7,94,4,0
17713,7c155f233d65a314d0e8b19a4533382a,94,4,0
17715,a010ae09663e85f3efd56ac10887cd33,94,4,0
17717,8b9059a8464426d78070bfd89d5fabe4,94,4,0
17718,3bc8592e1418cc7dd558ea65dfc8a8ed,94,4,0
17719,a8a80d8a7f729af211ad431aa8a7227c,94,4,0
17720,ed633f0dde49eba30d0ed7f59d23ed76,94,4,0
17721,833acfd1e4665f7eef9d5ff6a5ddac87,94,4,0
17722,99aeed46c015b78cb25b8ecc7665d739,94,4,0
17724,5bc30973e82ab9bdd5b6705dc7b32bba,94,4,0
17727,a77770992bfc2f79a12ff3f4e1a86ce5,94,4,0
17728,6c22a4e25c7be746b207d250f875c5bb,94,4,0
17729,57bdf56ad71645c0742920f64f2411b2,94,4,0
17730,d62f7a2b21ea91233bf9f119123bc8ca,94,4,0
17732,707eb0a56e5c4224001f67179f1f448e,94,4,0
17733,7e98844b6fce2419364763038bbc4248,94,4,0
17734,201bb2ecdff90eec9bccc60cdaf24a81,94,4,0
17735,df4da1afb174381ec0a1cb377634a04b,94,4,0
17736,2fecaaa31004e53e238e3bec709a2977,94,4,0
17737,4e9fc10ef9b827b56274f5025d2849fd,94,4,0
17738,0209dd751fb3067064690cc646b58e43,94,4,0
17739,a250db762ab2685b9c646ed827455c0b,94,4,0
17740,f879ecce290b23af310978fd7e054b71,94,4,0
17741,b6e9d31fc4347f734fa4e328c1a8dd58,94,4,0
17742,9aac2d28b76eb2a8bd1c830ba8a5d4f1,94,4,0
17743,98a53508ce0d98b72344abd0c7710ff4,94,4,0
17744,cb992bf4b7f74895f89e8e494daefdfc,94,4,0
17745,e60f25ab0d3fc479c8abfb16f206d83f,94,4,0
17746,34b553f5de3d811dde976a36e4a19fbb,94,4,0
17747,4d6605f1f996783bed81ce03a9e99b6f,94,4,0
17748,97cd718185cb73374dad7ba369eef7f9,94,4,0
17749,3a7f691982130b2ff7c6aba91078df2b,94,4,0
17750,f569e6432de25530a5a28d7e2746eaec,94,4,0
17751,04b248424d8ce0a999953906b10a7ba7,94,4,0
17752,43e670eb2c21a40f513f37649550be92,94,4,0
17753,2e04cec38d676cb549fcb28331e9fa1b,94,4,0
17754,0407e76412a90e45a2357073a42d48af,94,4,0
17755,29b2e1e06748b726a16a3b41382c0dba,94,4,0
17756,e9f3a7e86170fc19e1d3d12d44135f2a,94,4,0
17757,70211d76a49db0b4c56f204c1977dd1c,94,4,0
17759,cab32cee2b4d7f10170142217269f79a,94,4,0
17760,beef563f7419677046092ceaa8d44c94,94,4,0
17761,78fbe2f81bae54d06db53c231e6e253f,94,4,0
17762,81dc94168ffbe82f263b88f1d4ee9045,94,4,0
17763,d5aa34a6cbcc5e93fe3244aa5e425f86,94,4,0
17764,2ac74c8e950a34399d41406f2df772ca,94,4,0
17765,5872a5d3414a08091a728090f166219d,94,4,0
17766,d4f03293e98557414111b4872ca22eae,94,4,0
17767,73ef52ed1c4192be32bbf0c0b12f2f5c,94,4,0
17768,9a1353fac67230ee6a3d8c2d2f25d36a,94,4,0
17769,88dfd670caeac8e7b687d363799329a9,94,4,0
17770,d6cc3e8549eb4a6583856218ea838521,94,4,0
17771,a185b84c502ef3b79937dca17767ae70,94,4,0
17772,98c20b455a65605e409524b81c64e591,94,4,0
17773,35aedc6234afd87c03e8996fd3ca7cdc,94,4,0
17774,cf9609c1df46af865c18b9d4be4d26d6,94,4,0
17775,db9d8dad91369fdedb7817b805cfe70a,94,4,0
17776,168b35e37a133130170b9aeaa01f661e,94,4,0
17777,ab3053e8fedc63d395078c0df08c6d71,94,4,0
17778,4c4d0f81e687273912d28cb413d5fdd9,94,4,0
17779,321594696cc8210551dff2864a6ab98c,94,4,0
17780,3ef7d758d26663998831cef990a902e6,94,4,0
17781,bec62c47fa1821d13269426e65b89328,94,4,0
17782,32b3865d2e0b4e72d8f03e5395f886aa,94,4,0
17783,3e8abb6bacae0b5dedda3ecdacb39461,94,4,0
17784,e96bbd244e9ca74a1af0352f486d6b6b,94,4,0
17785,931004eb6682c2fa68b62e49e61f604c,94,4,0
17786,a9783770659db8b3889fcf972e73cc81,94,4,0
17787,d063d52c1e383cd40addc17a4054dd59,94,4,0
17788,deb02680476291431ed38e9d94f34f25,94,4,0
17789,d27081908965d3e18aa90611736b257b,94,4,0
17790,303d587d1403538722bb91acda75c0a4,94,4,0
17791,7560291439507257624c1a41006a9bfb,94,4,0
17792,c636c9be6b49eb0ed3486d5a0b24cfd4,94,4,0
17793,2adedb3aaf584f8c605391a0e80e8881,94,4,0
17794,1333e0c460a1e8c85644d08d5b2f5ea7,94,4,0
17795,2666798b4e8aaa7ed878cea531302ddd,94,4,0
17796,f68ed0f464d9435a522be1f550c8c1ba,94,4,0
17797,14830f137c4cb09240055bb0a6ee4302,94,4,0
17798,76d35713cf037b298f4fdc47b57c1501,94,4,0
17799,43c5188b28b7dbf507317f5b5df586e4,94,4,0
17800,c57fa83f48163071031cfcf82e923819,94,4,0
17801,970bdb37f09056380613f37b4a8c1475,94,4,0
17802,e218f2cda1c023053fafb4cc45f01aef,94,4,0
17803,3de6675af8c289f40e65a4b22a406ef3,94,4,0
17804,a9f417a47413844b6dce2f333e392dbb,94,4,0
17805,7c5e9dfc171984a316b134ee1682acce,94,4,0
17806,0ca0f6aa14cc45a1ab65077410e94eee,94,4,0
17807,d3514a77581ac885f052c540a7c00847,94,4,0
17808,aa5a74a613568c18d44c43ff06c343d0,94,4,0
17809,7321996b5e2e56a3f68144d9b0b9b678,94,4,0
17810,2829aef3d4db65c999645c6587d0b043,94,4,0
17811,b35f44c23be51cc1bc9de105f0311f12,94,4,0
17812,19d4b1c50502820f6a68473941ff270d,94,4,0
17813,37ac0b499a5f518cdcec64aca3efe475,94,4,0
17814,cb29a1d280ec83c3afe4bc00cd7d7316,94,4,0
17815,1952da9f71428eca614cdab6b7dfa715,94,4,0
17816,a7aad0534a61987b445921edeadad7c8,94,4,0
17817,b34bde6c65e2f2e9a7ecb5d4a8da7490,94,4,0
17818,065efa1aa6b363995c2533b6c910b7bd,94,4,0
17819,abda04f9e4798940ea00d0591b63e464,94,4,0
17820,26e87a8d8c46280be92f4c6daaadab8d,94,4,0
17821,03577e0ccab106cb9c35ae28f8e1ba17,94,4,0
17822,e5941b08ef7d665eb8e62941101ad853,94,4,0
17823,b93e68abc54ba4de00f49d83eedf58c8,94,4,0
17824,78769c5fac277816145e098ab4adcb69,94,4,0
17825,bb235868a466183ec77be6e5a4095b7b,94,4,0
17826,7727255e2cebac53b4ac6d2a02efa470,94,4,0
17827,70685981abe65c5c01420a60dfce09f1,94,4,0
17828,e6d174b470e3eb4b8baf3492996fb338,94,4,0
17829,f8e34d76dea0e0fb19c982ea1e6c74fa,94,4,0
17830,c791ca73a670c55808dec1ce266563d2,94,4,0
17831,f8b742b419eb862a802748255780697c,94,4,0
17832,2a107f6134fd577f3bec54173dd6a8ae,94,4,0
17833,ca6f636420fad670d92281ccdfd3662d,94,4,0
17834,dc5ca11d05550c305bf829c765f47f65,94,4,0
17835,69fa55a803cb4909235a9693cb43d0a0,94,4,0
17836,9c014fc6824f45f4454e0eab469d7881,94,4,0
17837,a5d00583357feef2c2329325d59fe141,94,4,0
17838,aa0cbb357d27e7ca5a7443638e176e63,94,4,0
17839,9511acbcfb54678721e23d2b432abf33,94,4,0
17840,fb865a05f11d9f5704d68331b6adad48,94,4,0
17841,c515fb2d00aacb507b2ca68b8e97c203,94,4,0
17842,d6e36109dd7ab723c2d562f6bf26546f,94,4,0
17843,da0ad290c75e9254626a09b581f5cedc,94,4,0
17844,6b8ba699b2f7102fe86c952243053e51,94,4,0
17845,248c7e25c15400e4dc38dfe1b8c78a1a,94,4,0
17846,4fe59a2efac69c7de84eb2bf0464e10e,94,4,0
17847,e7d6aff92378dee41e0cfdee94bb9765,94,4,0
17848,2497a89f8173a0377e927a84f1b630cd,94,4,0
17849,d454a3a5c9b372ac1c73947896b57072,94,4,0
17850,0e2141c38e06eeaca9a66ef47b832a4a,94,4,0
17851,db67c4e24944e47b7678f8cf4b9296db,94,4,0
17852,9c9cc564aba3f398b964f70f771d1fd3,94,4,0
17853,2b3c4593635950d90dbd6b3924bff217,94,4,0
17854,17f8875dd884367fb927cb0a914894a9,94,4,0
17855,a4cbb11194c8f07bd4f1a98024e245ea,94,4,0
17856,cd39b8285b02a35e84e4de2dddf3ab25,94,4,0
17857,0b436e811aa07f1550c3ca4611c2cca4,94,4,0
17858,1e44716b3693eb96c5b3bb1701d3b56b,94,4,0
17859,1d814cf3f5b892c6f959b00a05b8daf8,94,4,0
17860,122bc70b56871f9c3f6430b0d0e1eb9f,94,4,0
17861,18e6bd597cb79106930091784f23bc75,94,4,0
17862,5d270873d26942e5ec51c67475635127,94,4,0
17863,25e52e1bd014bb47af1a52a596d638bc,94,4,0
17864,cf95e7630cf6a25520fcc7157378e8d4,94,4,0
17865,ed45c9b14e4beeddacce4cfde52d434a,94,4,0
17866,bdef48c56bb7f714757d4a1f723774dc,94,4,0
17867,d16b0ffeb402231ba3e83d366244e7c2,94,4,0
17868,aa4ad8226ffac3d8a93648ab06812425,94,4,0
17869,a2a26cdcc18e2aa563b3298c91f4dda1,94,4,0
17870,e65c2d97b6998c1c0bb6760c479f6ba4,94,4,0
17871,f2627d9e3c4e8fc4dbed97e5c2a929f4,94,4,0
17872,e503ebdb54b7e4291f8309eb5053cf52,94,4,0
17873,f53d0bd2032d151fd328f4ffe48c8df8,94,4,0
17875,d4b45bfbe15cf7dc9478bf0c1fd7f064,94,4,0
17876,a38a78c33d98228fa6ef6acaf26ef674,94,4,0
17877,5c368841dd894ea31b09d599c0941195,94,4,0
17878,f17ac5191dff0b0ec253feed51f3ed4a,94,4,0
17879,4ad82c35ff4482a13a7c027edff9d4c3,94,4,0
17880,dc60dce5a86ec220249db86eaa44e6cf,94,4,0
17881,c02be0c2d230e12174aa622fc48ac9d0,94,4,0
17882,7b5e30f9b37f49370e340173f3305a12,94,4,0
17883,be3d4cf15e72847e56162f11601f0e69,94,4,0
17884,edf20d2aaf7a3a78e65187ee369d756b,94,4,0
17885,86911491c0294453d1cbf1d415846a79,94,4,0
17886,48cd78544ec37a0b46d8a317b503b9fe,94,4,0
17887,898a6776def5453a1f4615f4209ea4d4,94,4,0
17888,b1c9ba63dbde8635f9311116b1604ed9,94,4,0
17889,a39cc8d4a2f71e0f37fdea8f005f017f,94,4,0
17890,bda0aa7625c2a55891e585104f719b5f,94,4,0
78666,7252dfb0db0b855616e45607f58c1c93,279,5,1
78667,89832e9de79aac7aacdc7091540ff36a,279,5,1
78668,b7248d8c1b3c845ca3404ccde0a5533b,279,5,1
78669,ca75926e4c801a02e22c0e60119ab4c1,279,5,1
78670,5c8773107c5410d36dfd29968eacbb69,279,5,1
78671,753d88afdc90b4490eb3067191280256,279,5,1
78672,8d6b357534e07c5994c88f32277947e6,279,5,1
78673,a47db5f8fce8c80ce7fda348a1bae59b,279,5,1
78674,7f70ed78957f6be5798e35054b2e5293,279,5,1
78675,8c62bc307249ea96eff1db99882d57ad,279,5,1
78676,c0862232ab87b80ed4da80cb80104092,279,5,1
78677,626591a5ec84884ed11779b9c57ee614,279,5,1
78678,5f2a60245b6bbf1d26dd9a59e8931f6e,279,5,1
78679,5db4e12ef031a7b0a3877c2d299ddc69,279,5,1
78680,55faccd43d30268f9b3a5e875f27109c,279,5,1
78681,cc51f351961bb517fec0214bf305de8d,279,5,1
78682,ac90c7315ecdab4ec076f94e5f8cc746,279,5,1
78683,b939d7bc765c9b9b7b4f4bc7a8daef5d,279,5,1
78684,bf771b23acb7a1a1419e1873112e4b42,279,5,1
78685,854e303843c6508c7ba4cf61cee4b2e7,279,5,1
78686,2863b55ffedf2bbb1e94f8042fd8ad60,279,5,1
78687,ae65a40aae9d2a8af6cc440775b5f64a,279,5,1
78688,a97161b74530f64d7b364108ea098d20,279,5,1
78689,79385f840ef65fca2ad0ae60b378e21d,279,5,1
78690,1b42832cd5ea4a8826154e8922bc64c4,279,5,1
78691,a5bc99ea04ab657d422b24f2877df215,279,5,1
78692,7fe7a37baaa4cf01a0d34d9df4afc300,279,5,1
78693,58abb4732bfc32c2bf7b65caa53df105,279,5,1
78694,b91e7423ef6fcafb7f3e1b965de0f888,279,5,1
78695,1f256d5ac8a942e35390bbc3229d6434,279,5,1
78696,12e91ffd85fa8da88d231cfa49373f2f,279,5,1
78697,db0acd1e139b9559437dcb6cf31aa005,279,5,1
78698,6addc208632c30e3cb3b57ee8f379a04,279,5,1
78699,f13e677177327e50f96c82bc29cb9f5f,279,5,0
78700,afd7569201f49a5476e6b401890b6ea5,279,5,0
78701,106483baa424c4188740a4e1d69a2a21,279,5,0
78702,4e59188fadd50029ae7bb6953545a142,279,5,0
78703,9cd5d1a44e220d5eda39231c5612f61c,279,5,0
78704,6b8721292bea90158e07314cca28856b,279,5,0
78705,b32dd005dde198f239e82efe95093ec1,279,5,0
78706,8029505eac25f10114a061691ec1af0c,279,5,0
78707,f768f234bd8e4a4a91b683b85849f5ac,279,5,0
78708,ddfecfc5e96c6816a326b975e72eb4b0,279,5,0
78709,32341448cfd51105f8138d8196222298,279,5,0
78710,b62ca1e44003757dc31189d215a59b57,279,5,0
78711,338d37ce850596128635da2b20d2c550,279,5,0
78712,5e90f0717e3c64f36a4f7374c8803438,279,5,0
78713,62dfcb509701035395c4bffb71aad1d3,279,5,0
78714,1b75dfcb1892fa3f14d6b7ba9a6050d9,279,5,0
78715,225ad5fbb5b766bde3fd7764a6b1c599,279,5,0
78716,ae8ac5798049ad5e05d54eae26d88422,279,5,0
78717,b5bb21b810c3831777273924726f8242,279,5,0
78718,4cff02c126ae2a007b95d29003444b9e,279,5,0
78719,7f9caf20ff463d5cd0b9f3df31fc3b82,279,5,0
78720,8f1bf598cf5531c7fb8f5c288ccc1a0c,279,5,0
78721,01d0873dae6230ded43daf48587268cc,279,5,0
78722,8276709bf630787c5a3754fd18493745,279,5,0
78723,de3e20be75997099e0ce43412cc24edf,279,5,0
78724,e85ecd1d7bfdfde4ad1a20b522a6a113,279,5,0
78725,d683574b1b328f0c32f32a0ae195acf1,279,5,0
78726,cbf9a5fb1801704727a8c8ab27469885,279,5,0
78727,e973b231b328f679b9bc65f2aa3b3a40,279,5,0
78728,c059514ebc7d4f03cc2d7d72aa6e6ac4,279,5,0
78729,14d694d70c291813a64fc9ef40321342,279,5,0
78730,01ab5d203723c7304a477d7d242c8817,279,5,0
78731,4d79345eb5dca7a8beec7ae1080d2696,279,5,0
78732,d33e10820d9d8cd82fe898181a243aea,279,5,0
78733,b2c1fa8478b16b6d5d8b3095f7eb22e6,279,5,0
78734,2115e4903a919e44fbcc49c00d393937,279,5,0
78735,86928679aa11e2773cb3dafa2722dc74,279,5,0
78736,40f65393eaed1df734a72d14be606dcc,279,5,0
78737,d519bf966a112cc2ec9460452063a54b,279,5,0
78738,1e38ad9c4ba7704a4a3ede1d23c2b42f,279,5,0
78739,57805e077ae07c7ef72852d0de236417,279,5,0
78740,7c22420a6f39e5ca69f2127e8c385df4,279,5,0
78741,8bfbce8eb3d96cd9f612cf200528d275,279,5,0
78742,16fa583ca1582383a6664a9b8984ec88,279,5,0
78743,e44650bcfbc62e465ceaa05422317ea7,279,5,0
78744,7d3c6fecde261628cdbf3933e367d2e7,279,5,0
78745,819b38ec4a7b5918ed74ca938dcf38dc,279,5,0
78746,0c394c8f6e6b68eb4d9dbfea623d2ab8,279,5,0
78747,9849e09fc744530156e3fae2a23507ae,279,5,0
78748,c5cfc55d411e0f35faf92e78f01fd25c,279,5,0
78749,de6b9ff79bd8c719ed6a03be0d7bdef0,279,5,0
78750,5faa732c87ada94f338dd19df4fb30a9,279,5,0
78751,f487d482251cd34ff5628415d2005b3c,279,5,0
78752,53925a4f0ad09cfb815dd621198bc2b3,279,5,0
78753,712074e0edcf294c9637d145bc313f57,279,5,0
78754,056aca520de6acf75ce398c2b82b482a,279,5,0
78755,cab0e1f4962d91d6cced730324b69b82,279,5,0
78756,938107719c745ac5676461d7def4be4e,279,5,0
78757,db19afdc8b13a1730136ed756416d68f,279,5,0
78758,6313adc4cbec0e2a6725225beac87325,279,5,0
78759,f9f0d69812b9391ad865108cee178498,279,5,0
78760,7a138dbe9167d876c5f4cb7fdf5f7e7b,279,5,0
78761,f77bb953277bf880eb4635e197d0614b,279,5,0
78762,eca97e094c1ded77594150e7f71e36e9,279,5,0
78763,bf03764cd48a70f7b5ddc03831589a54,279,5,0
78764,06ac4302135b77106028f38c23d10cf0,279,5,0
78765,965e90b85f5cd8bc0860bb02176fe01c,279,5,0
78766,d24b71a96ba916ebf54dc60220336b25,279,5,0
78767,613bd0c40cfeed67e0449fb2c719b02d,279,5,0
78768,e19a6336e2c06e14671ee90c3a466fb6,279,5,0
78769,f90b41d98cea1c752427b6320ad62694,279,5,0
78770,1eced71a32daf6c1116b287f9fcd125a,279,5,0
78771,f3681d941fcb0c9e95314f5e7c9799eb,279,5,0
78772,62603b2d231ab2fcff29623d73e8d7b2,279,5,0
78773,4bb81a66c8689e0a994f1d3804cda8fd,279,5,0
78774,9b9538db827086f2e7842ab8fd542e6a,279,5,0
78775,304b30984ebb665f98ceb55818b15cd6,279,5,0
78776,dfc948bee74e78f55d067f4779c19a5e,279,5,0
78777,654ae9b13a5ef994707584e71ee8d6fb,279,5,0
78778,5afaa4f6b2dfa58cb53f92c19a21fd33,279,5,0
78779,a900ae07cc0986fa0c5aa294b30e8110,279,5,0
78780,84ba1ce05f8c6a8d619c0f2b7676af19,279,5,0
78781,c90d2d83ae3c5312e29128c45e472030,279,5,0
78782,1578e2ba2f09c8892cd922424907b0f6,279,5,0
78783,c516b742d033dbe9b6a91226a92269f2,279,5,0
78784,163a2500050701b58f28a5390af37afd,279,5,0
78785,581820813ece269a455d07f81eaedef0,279,5,0
78786,da8e3dee4633140d43aa246f20caecc4,279,5,0
78787,4feb794a4c86f2eb5531a509b107e142,279,5,0
78788,c97d6d41a7385d098a93045902442a85,279,5,0
78789,18b763b50d24fc1bceedb41754c4ee62,279,5,0
78790,7b0ad9e6a93747cabb9fb7e9906c1b86,279,5,0
78791,ff5fa79d6d2742fcaffe8ddbd2acdd2c,279,5,0
78792,fb196d2551d29f2949954f441d8f63fb,279,5,0
78793,ce5cb602cff3444ad1925fc270a8e17b,279,5,0
78794,33a9614131aa214509fa1fe54705baf6,279,5,0
78795,86681c1ac11bbe9f6b8e6e22ec21cb82,279,5,0
78796,7c8d27c4be21172d187293ff85a7067f,279,5,0
78797,ff7e76aff9bdd3147a3ffd1942df9f27,279,5,1
78798,9008aea58024e6d14d7e6516b7897e5e,279,5,1
78799,0ac298a149270072bd3ef1fb3fa1065a,279,5,1
78800,6f783405c07e4d046330415c63aeb81c,279,5,1
78801,0847038433685964868686b6ca48933f,279,5,1
78802,40438a8553773f83d3457803c92422f5,279,5,1
78803,5c3150db97d95716e4dfa751262e2e60,279,5,1
78804,94c459a0e82f65ee54e9ea4ee891af6a,279,5,1
78805,2821c36b5e372ed0a5f3c6a4f488d361,279,5,1
78806,d716c520a5fcb52fa1d0f1b2cb8cb53c,279,5,1
78807,917db3f3dcf07f1812dfb0b60c8c66e5,279,5,1
78808,87526d5b900fbd21c2ac7a364b50bee2,279,5,1
78809,14181bfd8c5d28054a66d138178c04c6,279,5,1
78810,203a631812c80b72a4321fddb2a344bb,279,5,1
78811,72dc69398f5a5b988a468a17472486cb,279,5,1
78812,d2fd1e3f6fdc486721efea9773e63146,279,5,1
78813,72d1f7b06c27ef5d6c63f963f3377cf3,279,5,1
78814,030c47ddf10147324aa8e1fff13fc262,279,5,1
78815,5eaa47d6d1645210f7bc6e588e2539ac,279,5,1
78816,92746d393ef2419ce8e2547d5a51dccf,279,5,1
78817,366e4c4d0cd36dedad3c8841ddd42163,279,5,1
78818,0c7fe7e0060410fe7d895106f0088e67,279,5,1
78819,392631336e34e42b97ef8cdda8d0734a,279,5,1
78820,d9f983b62be2849fe0057672ba128d2e,279,5,1
101258,8bf6e282e94e008222c9eeff35cd07b2,341,1,1
101259,850b37639354dfadce88d6bb5dafb245,341,1,1
101260,3022f12084d0026ff3080f936a44fa74,341,1,1
101261,04969f572c38c5ab75ab7ab9b924a9f9,341,1,1
101262,f577cae544a4a9a6c135698a7b111b09,341,1,1
101263,82db7943d88f79152816c7139538f03a,341,1,1
101264,e7ddc5c76c8df964b8372dcc003ca0f8,341,1,1
101265,a590ccba0c2c366449413eccc05b8ee4,341,1,1
101266,3a61b99128a8af2111570bdce2cb627f,341,1,1
101267,830dffa9f0b9017901534569144ea8a5,341,1,1
101268,9127bb0981f0c993e11275d1bd3806b7,341,1,1
101269,a2d181913bf6cc69b06ecf6b71a71b63,341,1,1
101270,d9aed1784aff5c7d46cd88d48146864d,341,1,1
101271,dd72b66b4c0fbfe26fb75b1edbfb946b,341,1,1
101272,b4f777c61e6abeb7903adebebf4da534,341,1,1
101273,510cdb8f4535daff25f041981a323ef4,341,1,1
101274,7379b882b5d532cc2a3eecee00844e63,341,1,1
101275,44ef953f4c6864c823f615aa0deba95d,341,1,1
101276,8dc016f5163256bdbf1b83e8bb910236,341,1,1
101277,15fafe146841cfdc5bafbb64f0a98096,341,1,1
101278,177067216f3ea7f7bd3c35b3095a6db7,341,1,1
101279,30bfffadd054af16ddf4c44f12235ec0,341,1,1
101280,cf6f08da11d0480c1b51617bdf9cbfb5,341,1,1
101281,14bac2a7d3c0fe8b6f27182460cc614e,341,1,1
101282,be6c19ac7e1b58dc5d1eb1701302a417,341,1,1
101283,f4a19978d5c8b0d99f34daf1325e8fd4,341,1,1
101284,e89f1a41c0723435522c491cef558316,341,1,1
101285,80c0081f8558ca40aedd7950919952e6,341,1,1
101286,a6d7d7f78241b5d6416a9f6da7206d86,341,1,1
101287,eba0ecaf645a072d457577a847a6bf72,341,1,1
101288,5cc95f2949744cdfbfce2feda027cdb8,341,1,1
101289,03267263bb8edd4bfdba55c4dd98df2c,341,1,1
101290,27a7aecf1a342f11ce4eb00367dc25b3,341,1,1
101291,6426c2125b59339bd29706da014384b0,341,1,1
101292,69b6452b20592fa2596472244b4a516a,341,1,1
101293,7be89bfdfdd761b5cb72e5644d4fd934,341,1,0
101294,f1337e6a0822574ee6999008f03ad02e,341,1,0
101295,f0a76463bea91f9bb7a45ed283bfe3ce,341,1,0
101296,7dc1744c71a5cd128f43695f34d6160d,341,1,0
101297,8e804df3884b05d2568319883266042e,341,1,0
101298,f818039554c6ebf951fe7daa01419ee0,341,1,0
101299,b2a9e36afa9d7f79a5c281d0b7a1302a,341,1,0
101300,7107f4dda159b326debe3efd8adb7397,341,1,0
101301,1c2410941245e69fbe91159212b7728e,341,1,0
101302,ce87c749c095a4a4722faa38a387c7d4,341,1,0
101303,652fba07cc95afdf9ff035089c02bdbb,341,1,0
101304,f2f38998126ec11e2cd3ffef85008592,341,1,0
101305,2cc9e2616f1f6945fe81dae4e287779b,341,1,0
101306,ccd25b23c79be96b5ceeac4ee7ae9e65,341,1,0
101307,bd0cc7ed0c3ba3eae11fc3b60a58ffd6,341,1,0
101308,4cf4b9d7b1e346e8061f57d9e24ca928,341,1,0
101309,b03e74d8df5827e8aef5e830313b5a83,341,1,0
101310,6c75107bd780dbc486121f4ac987377d,341,1,0
101311,fe8f308f608c44bf02041284f51dc3a1,341,1,0
101312,8ffb812b102cde493e6d98f398cf733e,341,1,0
101313,7fb98767553e64d2f29766b444e8d9b8,341,1,0
101314,6ca5c81158766ffd4ad02a986844cb17,341,1,0
101315,a86735245e653d3ac06e9189c0c4f512,341,1,0
101316,b9c4a85f23512b87b60ea4550a0596ae,341,1,0
101317,dcc7a02006640b4f23466ceb6d163d58,341,1,0
101318,f2e0f0948f97f65c4ce3ec159d2e5974,341,1,0
101320,ad531c4183d1490d409ce64e0166d669,341,1,0
101321,247ef071e8678bc0bfec30cdcd3f777f,341,1,0
101322,8c021de399c1937e6b921448809a0fed,341,1,0
101323,9b14428b83b788f2419cd1aa0416b5ae,341,1,0
101324,0b989b6be3b812a887b50c29592b9136,341,1,0
101325,539d7191babee6fc5d26242ab0b76f13,341,1,0
101326,41b94c3e9fb5e55c6d404c64fbd82b28,341,1,0
101327,f2555bce21c7a23a1a1ab1f061866336,341,1,0
101328,4bc17a48a92f281557160344ea69fc1e,341,1,0
101329,4062640417068a82ed487b17daca81f7,341,1,0
101330,89dec6ca27a5a654f152792c5257ae35,341,1,0
101331,6ed26cb5d64fb1b1bb3156c01d20a796,341,1,0
101332,d25389d6edb45bc0603910d86d06097f,341,1,0
101333,fe001c39f62e0f802bd7ae0668689192,341,1,0
101334,824ec17d1404af265977eaeccacfac8d,341,1,0
101335,b8182e27b09ac2e4506c4d3e02d78c72,341,1,0
101336,f221c39d421956693622da4b21caefd0,341,1,0
101337,2933993e25d7b3d42c47ee5ffe16c6cc,341,1,0
101338,558080d18b3ad0a8b86ef8bd9d163328,341,1,0
101339,ad58d74ccec8f514f2406b9ba2a2ea49,341,1,0
101340,765344de0c0d36827ac822a1101b1ec1,341,1,0
101341,a1a4217c06c4ff190115615444fddddb,341,1,0
101342,b4765354d1562f35b847da5f2a7b920a,341,1,0
101343,79cce98dd505fa471b14325f28b9a76f,341,1,0
101344,26f0b6519e513985a752c40c26bc9c2a,341,1,0
101345,21e1ce3cfacf126505a7489af5861341,341,1,0
101346,a690f3e545d965330cfe8535cb246157,341,1,0
101347,a2f2dccf0e31b653fb77fd942ebf25a5,341,1,0
101348,0d321e8bc99f6e26d21c693f69fd04fa,341,1,0
101349,f1bc78fb89257e36c6c82237ef509f0e,341,1,0
101350,afb3e501dfc75e8c11f1606b63f7f3e1,341,1,0
101351,4e4215d33fb1913377bf58435dfbf3e0,341,1,0
101352,131d5fe4f7a7d7f470044f2232563c09,341,1,0
101353,e20b3b4e96cce8e4833fb98dd5bb6aa0,341,1,0
101354,cdbac6deb718bf17fb9b98a44ec8b182,341,1,0
101355,d29a43d50a9ce85d6bff190480ddb876,341,1,0
101356,8f8738542ad6982485147df7602a3d5d,341,1,0
101357,5720d8334f127ec67ebfc50b93a465df,341,1,0
101358,be3d70924b7ad447505008a7e5804a1f,341,1,0
101359,b8d8ba377a4b58745d51721f55d41347,341,1,0
101360,6485aa299898162636a0cd199c916945,341,1,0
101361,dc3d00ec8517d691afa2fe751e8a40b3,341,1,0
101362,cd49cebc8d180b427d5cf1e9ed31e85c,341,1,0
101363,c8c565f8f21a2417417f7c0ddcfbc3ab,341,1,0
101364,c32d854d033cfdbdec716e23a7ecbf74,341,1,0
101365,20ac4793fbcc12cd217b0e507cd9c39d,341,1,0
101366,93f9e85539e85da48d215c3de9616d44,341,1,0
101367,941a5d46d3b970c357e4ab52e015f86d,341,1,0
101368,7547cff600be2ca2af5479af8eb8f327,341,1,0
101369,df86803467b316423251e78602010af1,341,1,0
101370,8c0789284ce2892367f1106242f8f984,341,1,0
101371,2d9b69826bd6bd3f98dad1d71296e101,341,1,0
101372,8f455d361b227f0c5f5a4646bfe5d350,341,1,0
101373,881cd0d7c8be8b361a66636a75d9d738,341,1,0
101374,0a6b16f558ceeb868f38eba4e9714760,341,1,0
101375,b6dbeac9ab2b06f3fa6f2ebac170281a,341,1,0
101376,d705d22d926102b838f1420e9d021b1e,341,1,0
101377,980b014ad446bab47a49ec7fb7d07c5a,341,1,0
101378,d3f7265228501feae771a5203a3036ac,341,1,0
101379,e3c9a44ed5e2087891ababe06533c19b,341,1,0
101380,81c10062eaffdafbf94765c5dfd5f615,341,1,0
101381,ed838c65a0f463688c277c2768cd7b32,341,1,0
101382,c19444a1a3c7da9b89ea689db39ce893,341,1,0
101383,583c462f74cf944911b3b964a9da275f,341,1,0
101384,73243a0c183f823a9a06b656b95a5db5,341,1,0
101385,1f1e4475eff87796ec4bbc09a0ca30f6,341,1,0
101386,f32815825796c79f6298a007d846e29d,341,1,0
101387,95fb5547449a59a8df670fef4695cb34,341,1,0
101388,5309ef9583b900822581355840d1c7d5,341,1,0
101389,7778e372080be1de33cbb4be73927d12,341,1,0
101390,2024e945fd1957050965a68d39191537,341,1,0
101391,862b62c916b442c7c508da0811b0b8f8,341,1,0
101392,0c88db92ef75e67105bc2693d3bceae5,341,1,0
101393,7508ee41b6eaf02a7d7277579ed71c4b,341,1,0
101394,44e95e236c33ae129f4c5cfa8e86d945,341,1,0
101395,5cae04ecd885ce791bc0338e3376792c,341,1,0
101396,7b2b50937b8fb5beabeb4bd85e217ce3,341,1,0
101397,49dd91c6f59a1fd9707419348b391d16,341,1,0
101398,e1b1ef43db22370dc50e0f17e9fd2a99,341,1,0
101399,cdaa4f6c443f2b6195835c2a86d7939e,341,1,0
101400,5887ac0c8c28f0430ebce7f5a9f8ef64,341,1,0
101401,c3a9e4a706630cb41c8973a6be144041,341,1,0
101402,59cbfe54e3786a69920db082a3b3e012,341,1,0
101403,1bf72908021d836ccff3e1e1972a4dac,341,1,0
101404,c76c29b20d82b2c71ff2823da960ddfd,341,1,0
101405,7e18eb71a80783bb0f56aedef43aa4e6,341,1,0
101406,d9a028b6b1eb903e436019ac8fa024ee,341,1,0
101407,a16a23cb8d0b84176969eb62c7408633,341,1,0
101408,bd87aee154c328303c9e389cca23890c,341,1,0
101409,6dcc8603b4903fcffa4fd66ee3b1ff8a,341,1,0
101410,29046b7f911ce13488f4d0382243d107,341,1,0
101411,858ab091d537f8e690c17ab5ecef678c,341,1,0
101412,a003d6bc5870400b441ba6bb497d764e,341,1,0
101413,34082f9eb2e67eb02daeca33a610904e,341,1,0
101414,bfda2c95bdaa08a6a8deced0c98c39dc,341,1,0
101415,f5fb509806a747c3d309e733c9149ba4,341,1,0
101416,ae6057f3995b2bd0cd0e564be33ecdab,341,1,0
101417,ba10a35e5ee9b1cabe2e484d4250c3a2,341,1,0
101418,093f2e9de0dd4bd8defb399f9ba52d5b,341,1,0
101419,da6183a9e81a95a695c3d285e8639825,341,1,0
101420,7ccc05416ff99c88a24ed8702293512b,341,1,0
101421,94ef32d55a9daae109b0627a5e6b5e1b,341,1,0
101422,b55b4f5cf3bdf88d3962b3cabef7cd1b,341,1,0
101423,7d50364471b53dd8a33f6e62cb1710e2,341,1,0
101424,819408164c9b25f665d13c4185ee375e,341,1,0
101425,c1529efe2971ac41ee67f876dd8fd087,341,1,0
101426,b57e6165b47e9da5f3a929bc04966549,341,1,0
101427,eb2f69d1f6a5cb6f00a47b97766bf5f5,341,1,0
101428,01feb0506eb19f94780c7c5ec749ae33,341,1,0
101429,f2e8788c182fe41855489c7dff7eaed6,341,1,0
101430,b54ae13f611145293f4163502b9d4861,341,1,0
101431,3981c340f5ffe348dd7081977109b686,341,1,0
101432,65b5d977b85d59e6901f59275edcbd10,341,1,0
101433,2c50e53471cd800ca45eaa3d982cd80a,341,1,0
101434,2cc16f748b742916251b9d9082b26f78,341,1,0
101435,579cf3154cdbd9634467b778642d3b39,341,1,0
101436,e803e6985061e06f8ff95dcd003e2cf2,341,1,0
101437,cdc4a1b1bd44db13227cceefa0dd4642,341,1,0
101438,58676dd269ebc103fac1974c4c8c5dec,341,1,0
101439,9e9c8c76a7ea50be54ae8dd96a11bf2b,341,1,0
101440,74011a58621bef76aabad5fc08cbfa64,341,1,0
101441,5321cfb52408eaab05368427668b0268,341,1,0
101442,9a550e07b95d7dda6ec391aa655975ac,341,1,0
101443,8cbac0ce393e0c6ca73a7608061a7e40,341,1,0
101444,6a98e8c0c8b939c3e0c51515d7e5cb8a,341,1,0
101445,407ce1e855eb4b30114bf8771371be73,341,1,0
101446,17ca5afb75253f5c8072c8a491f3de5d,341,1,0
101447,6f4d9d83d4e5b6f5a1cec2e523b57c4f,341,1,0
101448,4f30a9d6fdc840ed9c28395b92623fd7,341,1,0
102533,6e07c6e2d810e825cb3f398a73a9e9a4,349,6,1
102534,05b077e787e476db878eed74bfdf3d6d,349,6,1
102535,4c64366a306fca246fc84a7ce7d44973,349,6,1
102536,c1d43e383a745194696c35e3bcf81802,349,6,1
102537,289039b2aae90a72bf14d990bc0c361d,349,6,1
102538,45da39c0de08e6bb8399f1fb9e1b4aee,349,6,1
102539,934466836eb60f039192e338b194a1fd,349,6,1
102540,80c9d093f91365b26b9c5072cb52947f,349,6,1
102541,4b62f884d5b99a712798f4d301a13c2d,349,6,1
102542,97eed830f2c34764ca0cb71fdf873939,349,6,1
102543,9d7cbc7dd389eb16dbd2c64578f968eb,349,6,1
102544,cdabe22284b314ce4a0227c4f88cf032,349,6,1
102545,81be4abcd6c7db5014362e9758b8b062,349,6,0
102546,be032ed67f6ccb1ed5801b8af876b52e,349,6,0
102547,b0a7e1f8b8d2fe5e8977343f04e5fd02,349,6,0
102548,2cf5f61dae96ed1e53852639b27f4208,349,6,0
102549,15b3b1ec9e53bed4ee1ed82e34dc814e,349,6,0
102550,8548792b7e3ca38cf3670a7919b859ee,349,6,0
102551,4791b61a642eb0f95610031e4a883018,349,6,0
102552,7dadb1d8d446be8234c06c156668a0ff,349,6,0
102553,9efc7778682c21676eb2315d8cdc54dd,349,6,0
102554,5509008b958d484f6700267b1a56705d,349,6,0
102555,af9e796532ebc868176562e4062c9091,349,6,0
102556,c34797a50fcfd6ff67b9445eabaef003,349,6,0
102557,5fc188ec6cc772630446a08e8544971b,349,6,0
102558,d35d0e72c7dc610f810b568d2b63c089,349,6,0
102559,3da046bf5c1838ff9b2b1b52848a6968,349,6,0
102560,f5a7e365476f49564c3d28624f1f7e36,349,6,0
102561,95f53eb735d5320c76603f43160fb8bb,349,6,0
102562,9561f012a1114c885f66e90ec1464610,349,6,0
102563,04c84fcdafee72399e04a9ca5fda4bdc,349,6,0
102564,4dc09598a116eeb66bdbaca87e87ff74,349,6,0
102565,ec80796cc030d788d6ce8e64e85067ce,349,6,0
102566,7489f92babfdef78bc17d771d2bfaa1d,349,6,0
102567,dc5afaa4f3934bf29e58201d0158a9e2,349,6,0
102568,a66bf07cc2293a1cd3a8957fadcfb707,349,6,0
102569,a95dcab79e3878de172b7155a69ad537,349,6,0
102570,706229a9b63bbeabccdb00120c36a8d5,349,6,0
102571,9f1fb3ccb52afb19149876b9e97e57ee,349,6,0
102572,d108b2dffc3409fe067d892788fceb46,349,6,0
102573,0fc1dc873ece76ac1390d5cf83052553,349,6,0
102574,7327f656207ed97595c82f475ea46586,349,6,0
102575,d9a1dda7174a94d689a0a6191c880916,349,6,0
102576,6f58021770bd1d96ddb7600b87c94f63,349,6,0
102577,1b918eb65af8d1e80462876b76dd3b7b,349,6,0
102578,9ceec18c953e2c83c542548e77754bad,349,6,0
102579,1bf0d3cfbf083add0a511bfce11eedfb,349,6,0
102580,888607c9bfa1e65aadc536667a6d4bd2,349,6,0
102581,af29944c83479675a90df4124966a042,349,6,0
102582,cee607fb3b86a25223b942050c400b7c,349,6,0
102583,b7cc8deb704b5832aaa6ab3c1aff6bad,349,6,0
102584,f84bdc7f1514fcbba014f59d9978eba2,349,6,0
102585,d398e5e94d81a7bcb380e0c4ded66510,349,6,0
102586,202e4d7d122f8ed610a6caf4066f0ca4,349,6,0
102587,f378a79210b6e33b46862edadf454076,349,6,0
102588,dc691863515c97608ce0d5ab06a293cb,349,6,0
102589,37a1bc2b23f8bd58bd8b9986bad2a248,349,6,0
102590,4469111c3694be450ec4c707237b3864,349,6,0
102591,2be642015e9742af3b92203357f57eff,349,6,0
102592,2972a8690f3da5367bf536d84fe71137,349,6,0
102593,5db51e15d3932ecce17ff625888d0b12,349,6,0
102594,0b1cb1cea7ad275cf6c070830c3b3b65,349,6,0
102595,1b2b5559ebe19bf26c6d66f48261ab85,349,6,0
102596,e4861796cad9f8a5f9a45213a1fc8fad,349,6,0
102597,4271c414e5dc77cc0ac5976b715bae10,349,6,0
102598,853968515c7857aecebfede0c740218c,349,6,0
102599,8eba39b946c2ccd0a8b24def605c3731,349,6,0
102600,9bb1f28fa094fdb49207b6f93045d1f4,349,6,0
102601,17cdb8571baab8716dd0665809f32a4c,349,6,0
102602,a750a46073ad2afd95201e536f7b816e,349,6,0
102603,96b4cd8fb27989390978ee7bf0b74fe2,349,6,0
102604,afb75031afb6139f3a55a2f5ce8bdc62,349,6,0
102605,d0b0fa1daf75acaee40c12291706ffbb,349,6,0
102606,8ed4245d0ab8727d4cc5a2d923e27229,349,6,0
102607,9216f1b54976f2e9faadffee235e9a54,349,6,0
102608,c76a6de8e71a6986464019291353c18f,349,6,0
102609,4366f5102e04f6708c6654e40a8e4789,349,6,0
102610,20650d3407b217b73b4f2c006cf4a9d6,349,6,0
102611,974f02a7dcdab66b9d3a27dc2a9057bb,349,6,0
102612,d5b998b79380f0e8489e7effea9b383a,349,6,0
102613,5f138770ce53037628b2d6fbbb09de65,349,6,0
102614,2e0a302eda22d8e52338d99c55174143,349,6,0
102615,667e08315349f9ed85c67eeee352620c,349,6,0
102616,1c2070358ae6fa0dbdb222195414a2e1,349,6,0
102617,d3ad8d8de01e2da7d6aa7244f19b101d,349,6,0
102618,51de8f274605c100bf6bfa273d572e24,349,6,0
102619,d1331335a91be852df3dc0541d97754d,349,6,0
102620,069ef7e91aa3475758670036aa7e9aab,349,6,0
102621,edd017f757b3635da1e6d7e42465fa56,349,6,0
102622,0af55325e2007154d46851a8f9bb827e,349,6,0
102623,277b86d6432403e13ee4d999d9799309,349,6,0
102624,ff0a9eb115d0d218a358c1d6aaa9784c,349,6,0
102625,1d7fb20ddb3b720a9585a44a0c26bc4b,349,6,0
102626,a897447bf130e06a4e1d3f9374513f18,349,6,0
102627,f3a433acc1ab964551d0f2779e231c52,349,6,0
102628,89ce0b7da6fd948b90a4ab654e826e2b,349,6,0
102629,d29ba33b09f54b2b82a90191eaf17224,349,6,0
102630,aea729338344e435957175ec98b38672,349,6,0
102631,8e841971c5b9494d64a90bc04f0d5ff4,349,6,0
102632,e6985b19c296eb0d6e8ae9fda4b9f34c,349,6,0
102633,cb7abde569e8e9cd144cdfb372dbf2ba,349,6,0
102634,5812a9f6da5846a90fff70ccc38b395b,349,6,0
102635,83cb26bf9dbc1dd721d4b7397ec663fd,349,6,0
102636,1f34fd9a0694d7ce0642cd02273bfa4d,349,6,0
102637,63b2e36acf1b4e42bb36e2b9eab2f8c8,349,6,0
102638,f9c37d5e33a72b025b412eb2b4c4a205,349,6,0
102639,72c7a9810a0ce69eb46b2175bbf4da88,349,6,0
102640,07fd2bf77982f3162ac4241f5ee1c1fc,349,6,0
102641,603708658d1c694abb857ab3bc5ec93f,349,6,0
102642,4c98c9edd320340bca51395478a33e43,349,6,0
102643,b647a83a3e4804063fbde15aace5575a,349,6,0
102644,ff4abe45a56edef3792d60818094e04e,349,6,0
102645,ff47216e76faa633b83690df54f86359,349,6,0
102646,049a302f97a7b4de3a614f0f27ebbc79,349,6,0
102647,5d80ab03688c4b27a2806f1fb35331df,349,6,0
102648,5e606369f05a031823f3aec870f90cc1,349,6,0
102649,4a1b6d093dc69a8f8da88c27e66f968d,349,6,0
102650,f091300724087d88b82ba3b72ea4169d,349,6,0
102651,23337add5437eb3de5556e1bc820b80b,349,6,0
102652,8914bd53f42dd5f19a49b27b40c411d2,349,6,0
102653,a9c6a1ec3f286fbff1516135d7ef49da,349,6,0
102654,6e71af1e6cb38c296e4d9c936663cd71,349,6,0
102655,a123da80426e135d2851ea3990ce9e24,349,6,0
102656,86533d042542a25ca1dcf514abc89ba0,349,6,0
102657,4b0c6422332db0908b3fb200fde98489,349,6,0
102658,f4aaf121fddf805c4648750b437bc123,349,6,0
102659,499d63c70202d79b9ce5f841e02987d5,349,6,0
102660,eb037ce6dedf2eef61a8532b06dcfea6,349,6,0
102661,86367434cfd075430a1768f46fa0bf23,349,6,0
102662,536504dcc0564f10487a2a660154eb44,349,6,0
102663,888cf2f3f5386a52cf1d05e84521220c,349,6,0
102664,68c2b21558218d19739e9e2cf71c44af,349,6,0
102665,de2accd0f9d94bb5ed224dd8666c9b21,349,6,0
102666,a891dc6670b8c0214a6997369e00cf6a,349,6,0
102667,eb0e13818b8998e513e58392a679bd1a,349,6,0
102668,ccb905ea5bf3dcf927fb63d4e517af3c,349,6,0
102669,8db86042ae3afc0f610c0f36820c90e7,349,6,0
102670,06676db40c880e940a083602e2ff438c,349,6,0
102671,b35d812c7d6122c566d4f03dc18e0f00,349,6,0
102672,d4fdf94c3d35234276b08bed5af66e20,349,6,0
102673,9467716d7cb88a5b77ac8ba36e88e142,349,6,0
102674,20b190c1973f67da431eca331cfaaefc,349,6,0
102675,c305fc92457b937223556bc5900724ce,349,6,0
102676,14e0b426342bebcea71900bd0b74e404,349,6,0
102677,4e330fcce77e419d5ce226948e48ddee,349,6,0
102678,2376d89c5736322d73c3f9b07e77c2a0,349,6,0
102679,11edfc881b92fbe532fd5dc2eac38be1,349,6,0
102680,564c415eaddf567a36089ded85a98afe,349,6,0
102681,dffc456c39f9e8a33d959adbdc855a4b,349,6,0
102682,631eb6b17582fa05d60c02efb3cec4ff,349,6,0
102683,dcb3e7c5e8a78d71646c3f90dc793e8c,349,6,0
102684,fdb3937400ea1e038f2d6076cf0bacd4,349,6,0
102685,e48a2602b5afb03c70881a4a19c4150f,349,6,0
102686,72c9d55bd85bfb509be22518b06176e1,349,6,0
102687,0cdbc5313857c2ed8dca3f60c8b99f87,349,6,0
102688,724c86d9b0404756adcbf322aa2c03ce,349,6,0
102689,a02a9e7e2a8549026cc18d00db4e8d3f,349,6,0
102690,d64e6b0f15a06a88e637cab093fe0cdd,349,6,0
102691,41fdfacbe5d41c10c869040bfbba6d99,349,6,0
102692,c894d2cd05d87b261210fc9511c9e024,349,6,0
102693,7c4473e1cb888d450840a366328597a8,349,6,0
102694,89879eb243bed544be273e7cc784b269,349,6,0
102695,c10fb82fcb80a208948f9b0897c9a89b,349,6,0
102696,dcc625257d707fd2a932ed7cae46d9ce,349,6,0
102697,327e16a30bf3d6597e80740bc204c97e,349,6,0
102698,d1b4e51e4a7a70121d0fd289201d7440,349,6,0
102699,a4354bed6d689d563912585d3210c9a7,349,6,0
102700,8ea143d36c5355999f67c28d5ba70b74,349,6,0
102701,83b50413248984a40a19ba8cf46c556e,349,6,0
102702,5eb0443892c45e6b8d820a6118d85f3a,349,6,0
102703,e0de0c455059f0fb25f0d1b53f22e22c,349,6,0
102704,314c80106b6265babbdc38d566a31ffd,349,6,0
102705,674f966376fc0616cf0c2c5d899f8e5b,349,6,0
102706,cc5a7b2081a694b7de6bdc2c3ff27d3b,349,6,0
102731,56975f26d2e2c1281fda306fa95e7baf,347,2,1
102732,39d87ebf5c0ff5421c17fa9e2f39a2b9,347,2,1
102733,55da02760e71582bfd79a7c99558bc38,347,2,1
102734,d2a79aa875f845e16647a54e890f8b09,347,2,1
102735,67923221fdfd788bb8f8ed30913588b1,347,2,1
102736,faa2d9976fc27f45dff7b66ff96e7531,347,2,1
102737,534feb735eaa798cabc65cb4e85a46b9,347,2,1
102738,bdc55cd03def27551520e9bc5921eaf0,347,2,1
102739,638cbc61c47e66e8d461e76438311d35,347,2,1
102740,85448e62d5381f655385ad907c1130e1,347,2,1
102741,68bd2f776e534cae6d7848bcec92c0bd,347,2,1
102742,f8a4c2785978944953f67bae76a73ec6,347,2,1
102743,74d38820fde898cdef0c2664c071c758,347,2,1
102744,7e4a4163c09a88c9743e02aa04385640,347,2,1
102745,f96e76b0779f63b35c44a2e8ac49b066,347,2,1
102746,ea18de2b707e05e113d2def1975b2483,347,2,1
102747,eef952d5fa54edf77355c28ab327c8af,347,2,1
102748,e92b8313074cfcb85051b7222f91312f,347,2,1
102749,ad5f5a77aafe79dc99f98805855e44a2,347,2,1
102750,c4e5ac18f90f72c2395289c05ca00a3d,347,2,1
102751,92bbabe851f5ac7961b015100987b9fa,347,2,1
102752,86148e8a8c2d52bfdda046d2209b2da6,347,2,1
102753,cff6b7a71f1520721e04b038d974beb5,347,2,1
102754,3933a9b1403832b15884b279f0dc4c1e,347,2,1
102755,80da2cdcc7239a22cb760a5fda575391,347,2,1
102757,14549d5311b5f75eb445e9f40d2137bc,347,2,1
102758,b87d8d1a479452da52ab80c5e49769ab,347,2,1
102759,a6b00cbf7aab40665cf5336171b02070,347,2,1
102760,e2aaa1deb36e47da9589ff924f77c88e,347,2,0
102761,b8252064c84bc200255b6496f79bf606,347,2,0
102762,3ecb9e9e704e91b84ea3ffff046a4df6,347,2,0
102763,9408572ed33f9a7dc4ddd534c6b64e2a,347,2,0
102764,70ec08d3dffcb153c093598c15ac76ab,347,2,0
102765,09c9df9615c3a9a6e76875a8512de93b,347,2,0
102766,1cf9964953c9b9b9abf534e5eeeff637,347,2,0
102767,b7cf102f1075159947e5e6797bb1381a,347,2,0
102768,16624a0276c856ff5b5f57e2f6dbdf2d,347,2,0
102769,59246c31fbbe19ab64942d1119ec965d,347,2,0
102770,d858c8aa9900527bf0f0df2ad535a7ed,347,2,0
102771,e32988c61ad6b4252ebf011ad1cff39a,347,2,0
102772,6a5d568bdd5f4c23b89f6eb40ee7cdbf,347,2,0
102773,8a0dca9883a5077c8496510d476fdec2,347,2,0
102774,d62cddceaf7db010a24f381c806445b5,347,2,0
102775,c1352c15af4904c9d0b9de074caed2eb,347,2,0
102776,833b6268ad6697d40b4e83bc7446dbb4,347,2,0
102777,6e887f1d1936cce3cd084ab9cd0e2a41,347,2,0
102778,1c7b4bd138a618e28c5370866324233d,347,2,0
102779,c235f00560e563caa5eeddcb0eac4e5b,347,2,0
102780,f5a506e8c970345087ca117294e46ce8,347,2,0
102781,48de02a6e48cbb68ab6159b6fcdd108d,347,2,0
102782,518e5176842671f276577641f9c6b676,347,2,0
102783,c5ca84f433b163d0023b7f4e8fe4433f,347,2,0
102784,a1b976e7f7e68a661e1269e5e6442c14,347,2,0
102785,cb2dc9301e12864c75ff36cdd73c2f50,347,2,0
102786,5675b11479cd0303cb9d082e4b219c77,347,2,0
102787,bdaa16434ad51e5714743b6ef1bda9e8,347,2,0
102788,30e73bcc5730b21fd5f1cc661e35ac7a,347,2,0
102789,4e5819500fe7afa95e62807fdb1dd4bc,347,2,0
102790,7b4fd3fa452d2a16cd4b595ea0c33d40,347,2,0
102802,98a4010192dca57cdf77a8311026e060,347,2,0
102803,2dc811de34b1bb19a49666d05ceab333,347,2,0
102804,72ce4e99942347bafefcb24064ae9285,347,2,0
102805,84b88221173899bb0f3bbbbd3b5f5b5e,347,2,0
102806,27c61b171f11bd653011f4d30347b9a0,347,2,0
102807,3efcaec95eddc7f1a5b6b650d3a4ba14,347,2,0
102808,96c04df2a945b97d20452e338c3c5536,347,2,0
102809,3da435d7ef6cc66e6e6527371870f44b,347,2,0
102810,a112679b7ca8a88676a4560af6eddb69,347,2,0
102812,efe24a2d8ffe55736ff679348252d812,347,2,0
102813,950d8f3459c953bd75593709d451ce1a,347,2,0
102814,115e58b6d2a033910013aa8b2be8b120,347,2,0
102816,56a67c3237179587743dfdceb85e8956,347,2,0
102819,654adb285ddb1bfb32f7a8dba5544a57,347,2,0
102821,e1b9e909ab5ad41bf1a0d6dbede91739,347,2,0
102822,23643feeb1e406dc706fd202c2b446f3,347,2,0
102823,7c0dcda135543fd29a02f22a2ac2fdd6,347,2,0
102824,25efc1c3e603143a9caa7f61d011aff3,347,2,0
102825,1992c9c5fdcd77265fdf848b5ece0ed8,347,2,0
102826,c9cd6901d412cde730050f22679949eb,347,2,0
102827,5ce39929ea294b101e9762b1efb4413e,347,2,0
102830,fd3a8054077296a4a4e4bae104dcb279,347,2,0
102831,dc596ef09260597254ed5fb25f9c3613,347,2,0
102832,466b57fe9d3705c6aa4e42ac8dfdfe25,347,2,0
102834,68104e0f3f8ca3aa7c5dd188562ad8b1,347,2,0
102835,e488202cc7308088605232856afb2c6a,347,2,0
102836,4d001bc1c3e5bfcaa5e02043fa848aef,347,2,0
102837,562239de0291dba3757dbcf7beb3d022,347,2,0
102838,d422e3ff73c53a41fa4c59a40d25ac58,347,2,0
102839,3a57b4b375c6075147fdeb80d91e3c82,347,2,0
102840,97ef2e0055b95141f74e018bef911aa3,347,2,0
102841,b7f1ccd654e35b1c6eb5b022da6342a4,347,2,0
102842,7db6a300de78c19e66cdef8e67161c1a,347,2,0
102843,be022b4bcd18f16f5cca41ad87e18daa,347,2,0
102844,a95d9e18d6c26ba97abb6e3ce8f7248c,347,2,0
102845,3b0b91eacdfa657085074b3c730d89a5,347,2,0
102846,c16355e2c84719b2ab9ebd4decad8d93,347,2,0
102847,eb2f075ab26dd1ec62813a8f65b19289,347,2,0
102848,e353b308501a7cdc9977881edeb0593a,347,2,0
102849,9c9549604d3e8b446845fa195a670fee,347,2,0
102850,f103eeeca49722e0e7759148acdda0c2,347,2,0
102851,cfafee7f3f67284a152b2042876d6298,347,2,0
102852,277c87331176df3b3ed1916f70d6e383,347,2,0
102853,5ff1f26dce08e5706de2f97ba99b165d,347,2,0
102854,edda731c5ed7eb7050f9be27159b1d9e,347,2,0
102856,0063faa81704e65ea117e722528334fd,347,2,0
102857,0f95db84b57195b5538c45431bb378dd,347,2,0
102858,903f06804d2986b4819e02813a7c46ca,347,2,0
102859,384d54208ab8ca7b3014b2dafe18b52c,347,2,0
102860,aeb1c184a3ea412455ee8855f702eef7,347,2,0
102861,a1da2f28dc6015a06aea221cc07a7090,347,2,0
102862,ce2f0901f5782087d49dc33ba51ec978,347,2,0
102863,035ac24df1392835a703a05b9fdf4ed5,347,2,0
102864,07234452f1e296bd92e84e917626df52,347,2,0
102865,41a592502fd00576d13aee06fe86c0cd,347,2,0
102866,4fcc139cef791f72bf3f2530bb7f6272,347,2,0
102867,51be324ac12ea87fcf1b15f2372a8e14,347,2,0
102868,538b6aa140fca5208254053e4656aff2,347,2,0
102869,dddbac933fd339bdbc3ad339f50aea6f,347,2,0
102870,226a7e454cca3fb79144a001647ed93a,347,2,0
102871,2a80a050c938272111913c7a13418241,347,2,0
102872,6c778f9fdd6a7a97d6bad4a1d421c40e,347,2,0
102874,08fb871c346547df81d54cf5d7653f9b,347,2,0
102875,ebfd46ac516a9e4511c396558bf3b590,347,2,0
102876,ef2806023aefbbd0dd01bcc0fa5c21f2,347,2,0
102877,c20f74a852754c00ff957b0953df0b82,347,2,0
102878,ffa8d2e572e576302ba4d06fa404bee3,347,2,0
102879,2c8e773dd5e12bd99043671a4572fdd9,347,2,0
102880,d35d51363969e90f5bb317dba63da67f,347,2,0
102881,d7517488e58305c17fb768f5110f7f1c,347,2,0
102882,02e9718bd0c425214ac298b5f2ef2f32,347,2,0
102883,8eacaae595641fc3f480b4c5d29d7063,347,2,0
102884,2fc4b61cf4dcb001c34b74bd09852032,347,2,0
102885,5819469fb7dc25fcdf3307df81c01940,347,2,0
102886,ef209ac213304d21c2dd71ac52f23ffa,347,2,0
102887,c105e6c2eb256c3170a09a936a2a7ff5,347,2,0
102888,f2c4a038feb6a460511920f7ca9ddbad,347,2,0
102889,9525c19e2738546d335b0269e4c9624f,347,2,0
102890,d1d65deab37b9e7a6408bc1d1546c388,347,2,0
102891,c406ef773e359f64c173d88acded0798,347,2,0
102892,7c0859b47bef733fb108beec4f700a95,347,2,0
102893,bfceade2d2ae7090dd6026e0fba7e124,347,2,0
102894,de9d1c0f53c1c0c9b87955c6658d5a04,347,2,0
102895,d16e01af373e42c83f6afd391e5bf456,347,2,0
102896,9cc32c2a6add952c35e08726a94413e0,347,2,0
102897,f3701292c0f2c24b17cf67c4b421b8d4,347,2,0
102898,8db207d087b6808ecaad3d798d17a380,347,2,0
102899,490f54f7493b22ca84b9f1f18a7f96ce,347,2,0
102900,2f360d1f10ce200cee087395886a6a87,347,2,0
102901,681bee1b26c8f8ed759016659a01f247,347,2,0
102902,401427b23f04c8c4bb322e4982504f4b,347,2,0
102903,1d6afa54da9a34d87dacc1830f061b11,347,2,0
102904,895fc3f6d84c345b0d48977ea18241d5,347,2,0
102905,bb966de68cc646acc100d762d4dbdae5,347,2,0
102906,9d286f1f74d6121a4d27fd9855179170,347,2,0
102907,541bcb8791eaa99ba85dc7c859956a1f,347,2,0
102908,017b48be76cd5a514f1c6c117a35ff99,347,2,0
102909,c351b084edb0de2ba4cdee7fbaed9fd7,347,2,0
102910,c627ebe9de37ca0a2db6880743aa2b40,347,2,0
102911,f29cc7e94b3ea0e9b18d18d817206ecf,347,2,0
102912,8c8eb97506e102d5bbdb92b50799be0d,347,2,0
102913,9a6c2e145b0fd14d3ca35c57044d3445,347,2,0
102914,2614d27ec8fb5f589956d302aa485df6,347,2,0
102915,da0606fc36c35d695b5e164ab93a40ee,347,2,0
102916,1d729f752d5b48ad3b12972de74fc63c,347,2,0
102917,6217aee2be08330a34367c0b810e5388,347,2,0
102918,a3dcab957a671a8975af8d21d9fb63d5,347,2,0
102919,801fa7a86f685273cb58d1f69ee28a3e,347,2,0
102920,9a4de5a51ffdb46e072311ff08fb9eb7,347,2,0
102921,fcbfd42131788d59fa102a3a83bf342d,347,2,0
102922,876be1c2d936292b9629764b2f844aff,347,2,0
102923,ea9dae5e5d8940252e0635a5fcfb050c,347,2,0
102924,0da2f79a2a07371aa1f4f668bc13053f,347,2,0
102925,120b37af352e3596ff8feb71a42f6f5c,347,2,0
102926,c8be385f4e44fb01cf383046a562cf7d,347,2,0
102927,02c78b51517596925b198d0e04f2a758,347,2,0
102928,617a3306296feff5f3c9a343d2faf2f1,347,2,0
102929,4e68bb5abd40e6a554ffc1528485155e,347,2,0
102930,c59127ff7b274c9a2e8b0c4b4d737ba9,347,2,0
102931,90633095c73adc63bce2bc806506e7fe,347,2,0
102932,1463ac51ca471ec46763b24a8648b5ee,347,2,0
102933,821b58e31066e8c665d0dd821708ae68,347,2,0
102934,f2a11322490927e9217baf242f058a35,347,2,0
102935,7fbbda1ac32067e79cfb0db16d7db873,347,2,0
102936,4695480e8cd0cb6d965d2e6b3bac0565,347,2,0
102937,18fd0c4ea8b99929d877ac4535139d25,347,2,0
102938,c70698e54cb67ad58691161a42fe17b7,347,2,0
102940,d63b09f4d3c0bc810b219d99ab315ad0,347,2,0
102941,162b401ba2ed692cade230286989231a,347,2,0
102942,7622a3590ea536ce0ad26f0c89e58854,347,2,0
102943,025d4389514260b61ab5aaa4ba2f81b3,347,2,0
102944,d066d6ce6b530654e4d0fc0032b7545b,347,2,0
102948,7af2ed60d855a7a284263e4569bd2e3e,347,2,0
102949,50fc4a459c133afe295e8b4054899c4a,347,2,0
102950,2a911678fff4acbbb5a453ca9229ea68,347,2,0
102951,95d8fad873cd405dfee6ebb0618a1eef,347,2,0
102953,c1f7e0ea72ffc7fdfef112b2f462ba9b,347,2,0
102954,7bfa321be326524b9631be59b523e062,347,2,0
102955,0f882247a22f97e37b41f5acac884791,347,2,0
102956,ac71c562074f20b521d5a438375f1f42,347,2,0
102961,28de35966d5509c4d360e8676f0e3bae,347,2,0
102962,d9c880764842dd37d3533347063c0cde,347,2,0
102964,d4e458730b11349993e9f0468e2bfdf2,347,2,0
102965,a1161851f7787fca5b0095b68fbdf4a0,347,2,0
102966,82859fe92986d8d56455ce5f619159f4,347,2,0
102967,113c9a07ed6907014247494264a56d49,347,2,0
102968,b899d428097a6fc41d3eedcbe3d84501,347,2,0
102969,04fcd2b3b07b1b76b1c1a84525f0c723,347,2,0
102970,8b875965ad0f939175401fb59402e8bc,347,2,0
102971,4df8564eb5e664be059c3dd88bc6bb42,347,2,0
102972,e0352892f7befb26372f756740c1bf53,347,2,0
102973,cbd8a45946944774c707c608145580c6,347,2,0
102974,2a97490913eaad02b808399cdbe27259,347,2,0
102975,fc7dd001c0d1685526d7824bfb30ff9b,347,2,0
102976,e2eaa01f9ed9b981390b4f803226d9cd,347,2,0
102977,9495785af03b4052fd447ff7e2e0faa3,347,2,0
102978,db1ff37acc72b998a97a2a63398fe305,347,2,0
102979,d92b7bef2263ab486c58e2282e461845,347,2,0
102980,5a19c7fa912467f393ff2ea823bb1652,347,2,0
102981,8fe93a6f71fa96d89a000de36ed0f3dc,347,2,0
102982,57cd6047a3754716f8471840d466ad99,347,2,0
102983,d444915f926d272487abb8d47d8043ed,347,2,0
102984,f08dbc7b779cc64ddd3abf67161896cc,347,2,0
102985,bc07bd0d33b690df9b6d049382253bea,347,2,0
102986,2e052bae62718c44b440b7bc342c6b7b,347,2,0
102987,c4851b507af39aac85b7780260e7d131,347,2,0
102988,16eb5b17709d16f25c5f0b1d32b4e2e2,347,2,0
102989,12ef4f31d487f94a31c08ec33ee7feb8,347,2,0
102990,b9af001df0d764e25f09c5ad36b6614d,347,2,0
102991,46b809768024a66a15ea1c00a3806106,347,2,0
102992,71bb5e377425988aba01a1b93b31ed1d,347,2,0
102993,f16e3325142d9015670627ea1ffafd24,347,2,0
102994,7b321889b172af385206b19cf1d71b58,347,2,0
102995,6010db5321a0da54baaadea85e1a88d2,347,2,0
102996,25ff006adaa1f0d79e862ec09ce47a08,347,2,0
102997,f60570f08786a124dd9378077cf89b18,347,2,0
102998,e3f2c12207691e7e23827160f7ce1261,347,2,0
102999,ef1143e28e907851c88f6849829bbd31,347,2,0
103000,bb496fb2d38cbae95fc4e03c1f9035bf,347,2,0
103001,76ef6b7a27bdfabce5affe3b82501984,347,2,0
103005,0c27813b998bf46b8552614fad47ef2d,347,2,0
103006,4544f9771367f4221b5626362b3322a1,347,2,0
103007,f3b17d6c2f9e3cc63989836fb99da82e,347,2,0
103008,c87ca83facf30f415c8bd6b891c0e04b,347,2,0
103010,e357bca0bff8de87314c318bc0025ff2,347,2,0
103011,a246d4a1acec8698e41452411f13fc7a,347,2,0
103012,2d448b20f6e62ebeaf31180049eda202,347,2,0
103013,0fd10a01ff24555db23363515d3a4e44,347,2,0
103014,1531618ad413bce67969cdfc0c65d4a3,347,2,0
103015,7db6567d9187911d0e58477bccfab06e,347,2,0
103016,d7be35187447a615b4eaaa9bd7f71d9e,347,2,0
103018,70dd381baf95e473a9c8c69f73f11c13,347,2,0
103019,e75995da910f814cdfe58627fd09f091,347,2,0
103023,f4f30bd35f2f1fc91bb22eb248782c5e,347,2,0
103024,f6985f2e810fe7269f407cef797f63f7,347,2,0
103025,f28181ba005c9363719296d79caf1aa4,347,2,0
103026,378e91c83f01ec20f10b2983c5b1d9a4,347,2,0
103027,f5b6badb2f786cda9ea0c39310d0ccf3,347,2,0
103028,8c9d02780c9fa3d88ae1a89040f3817c,347,2,0
103029,1adba3854c028c1a9f2ea4c4acfa6d6c,347,2,0
103030,9c7388742f1bb2d288fdb71f4bc3e876,347,2,0
103031,d94f62938ae765ca6ee98bc0f7069d5d,347,2,0
103032,5552014fa55887398e58739b51353555,347,2,0
103033,ab2f6cb7f38ce5df6e67b4287a3d6cab,347,2,0
103034,4abc1d8c3fd45cee1fb9c1e0a6b71ecf,347,2,0
103035,c9bc66257d192ae7340389a6c8bcd069,347,2,0
103036,7aa929913796feafd24e46fd4a4f6258,347,2,0
103037,945c46bfd8ab73b4e22e4162c5e6c8b8,347,2,0
103038,5e3042e1896beedc0e61a5dc86ca7d03,347,2,0
103039,bcb37dc9290e482338e35f5b69224d1a,347,2,0
103040,d5c12911c7763e107a7c16a3c53275a9,347,2,0
103041,305262d5a83d4f2de2232f6b2f8c9d4b,347,2,0
103042,4da756624bae6a69ca798acc745502b9,347,2,0
103043,736e92276fd92359ca330dbe53ee1fbe,347,2,0
103044,2134f0b7fcb2bdad8e713a7a6b9f460f,347,2,0
103045,4b92aeca5afe30202b6a203c1c68e60a,347,2,0
103046,fc2ce5d4821bd689a068f16fa3082adc,347,2,0
103047,6b9264910fb5cc3adb9558c8d20e8623,347,2,0
103048,93be082fad412791d22dfcb44627eaae,347,2,0
103049,0774f8b6f1265fb31e3f6c6b096189cc,347,2,0
103050,e2982aea4bcaf511503fa5a990e89cdb,347,2,0
103051,c69a7f1ef85a4714de542a72eee7ba8c,347,2,0
103052,2207f118881795bcdd28b2042b81a4ce,347,2,0
103053,e8e0cad1a58994d8b78ab7647735daf4,347,2,0
103054,9779f34ae471f1c64507f97f1aa20bf9,347,2,0
103055,b338d53c0b5f7b64c3217b67d8362123,347,2,0
103056,4a178662753a02976823f00e20fff40a,347,2,0
103057,1bd0f4b973b66d82a86f643e6d3dcc8b,347,2,0
103058,a0cc092eba4c34c1d77688e06cdf998f,347,2,0
103059,5f1369e8b58db003e2f8e95363313cf1,347,2,0
103060,386d9de926a2f1942e65220a8db9215b,347,2,0
103061,564f22fd652994a685e99c0bb00a349f,347,2,0
103062,be63368a8b3dd77d59e707358317518f,347,2,0
103063,2245254d6f308feece1ea9c854748706,347,2,0
111909,708d385dc06f8fd60c46683478e77b2b,383,3,1
111910,4711763b48368af835dc397c61411dab,383,3,1
111911,a16c10d11e3ea788f966800c77af1501,383,3,1
111912,d8c968f9f1582fc6218064d57196f6f0,383,3,1
111913,c7d43584ed2aeee8b2eaa0aaa58a29d8,383,3,1
111914,3aa5be29b05c9024004534b3ff434578,383,3,0
111915,85b0fe147446a43d3ced1bcd1811c06c,383,3,0
111916,f0c6144c00162516f6fa5df67e4abf85,383,3,0
111917,7fe45079d54aff6b015969d656ce11a4,383,3,0
111918,64178efbba062429fcf557422f38b67f,383,3,0
111919,da2a839ebea97e060e0c6b235d2d6704,383,3,0
111922,e8e214cf7705efccdab45c18b135fbb2,383,3,0
111923,43a6472aea5473177e9bb0d3b4581d2a,383,3,0
111924,cc3d46abe478dfd34731a074b77afe25,383,3,0
111925,5a9c9ac5bdc66bb3d970988fb4d5ea1e,383,3,0
111926,3490c4853951b1e7ed7e583c02f7dd53,383,3,0
111927,526cdb5c156828a27d65c75c9f7ef6b5,383,3,0
111928,62bd115b5f48a5e51020d930cd5b06be,383,3,0
111929,ec4162f3509a7f2fa76221a6169b3d88,383,3,0
111933,f8b907ae74a6cb18d071f7a3d0a77e87,383,3,0
111934,dd36dcfdad4d85e0cc187e5986621d14,383,3,0
111935,b79fed084d5817f81b37aaa4164f1194,383,3,0
111936,d0537fe00df632fc88b621ec9301c9bc,383,3,0
111937,65d6ca11a1d03d89c59e505cb6ddd557,383,3,0
111942,f7787517bb1023e82a993e1a1e13f4a8,383,3,0
111943,63b03286de3e355db25a25a5310535c1,383,3,0
111945,97bd3683b5a23ab2eda345ddbb73883b,383,3,1
111946,67c6ae67d5af7120d246a0f2150c25c6,383,3,1
111947,96e46bd9a9c94fce052e23370e172823,383,3,1
111948,c5491e4af3e002fe2e2da783f8eceb6d,383,3,1
118625,742be6e3799dba9618314636e24cedbf,427,6,1
118626,3c79126ee8722f9d2e7c9681edc706a2,427,6,1
118629,6dc0e65871e48a1f084e6165ede28d47,427,6,1
118630,073b631c7ec236276b99138c07d8cd27,427,6,0
118634,f5575597d60a0dfb4ede49ae44c167ea,427,6,0
118635,92541367fe4f44f7369a8a6b259ef797,427,6,0
118637,e39477eb850d8f40f65c20706255b0cb,427,6,0
118638,6c940fba42d1078c4923ada7fc74cd6e,427,6,0
118640,5c874dd42feab354f2b57029f24fa812,427,6,0
118641,4f77cef3aff5d2df5e262b513ae8a46f,427,6,0
118642,4449bd66af957993a1d61f1d81b40ec5,427,6,0
118643,b5463fca215f4689d127644a24b48e0a,427,6,0
118644,a15503a1fb83fba71c83062a325ffc78,427,6,0
118646,d1f65aac07684cd0a18a37d2aa24b809,427,6,0
118649,f5cc6dd98ee265687721b02bcd795086,427,6,0
118650,dce0e32adf4d231068ee6b3dbf14aa68,427,6,0
118652,cd5056d933629faf14bd051ebb3b24f9,427,6,0
118653,8b1b8ccc2af235993a9ab718767b82e7,427,6,0
118654,ba3d48c5cc285eed2c546aa06d5fb658,427,6,0
118655,676b2d87edf82d29eba48ea1220fe8de,427,6,0
118656,650c75feb8124fbb8476091acb92875b,427,6,0
118657,911f5694de356e131cd65136365f760b,427,6,0
118658,3494dcfa4f09dbcbb0745e92e7694914,427,6,0
118659,ae43bceed45b8d1a00d59b11cf07e013,427,6,0
118660,a5a408359685b3d703c3cf643c43328c,427,6,0
118662,d49f1d50b617e9c7168b0f4173a12b4f,427,6,0
118663,8489e5d386c40b8691765a769a1fe245,427,6,0
118664,df3178e1260e5954365a483e42fa2089,427,6,0
118665,530ef03528a8f20606b252dcd05cfd81,427,6,0
118666,7b2a8f94e495a49537746060eac54820,427,6,0
118667,d8d1c83e560c4a70ac08061dfccbeef7,427,6,0
118668,206667642d6bb850aca4f174a21ebaa1,427,6,0
118669,4b914bd661405d0bcb5db21a6a0ab148,427,6,0
118670,618020d4f4da14707a4d519a6e10232c,427,6,0
118671,9d10a232632ff93f701783a370c5b617,427,6,0
118672,f670ed13edda50a91fe6345ed7976f3f,427,6,0
118673,ec742b004dfdb3684bf52d4575dc9448,427,6,0
118674,fada4e4d471c0fd976f2f2ac404b5834,427,6,0
118675,1f6a24dc8ff2e8a4b9e4adcb0c1ffc42,427,6,0
118676,570bc257477ef6a4ddd5297c5ba8d459,427,6,0
118677,077041be7c18fee75875f6bc1b038655,427,6,0
118678,5610085d7e41063d8c7a5793fc645d8a,427,6,0
118679,e22aeae71751a78b74fd82816db97c21,427,6,0
118680,bfe7200a844fc8df19cc1e62da910e5d,427,6,0
118683,dc76df7b609eee2eb37ccbfdb6fa4b90,427,6,0
118684,00ca1ab7beae1ecf953e5bdd7f93f078,427,6,0
118685,6e63d8d71fbe9fb88ad1f2a4ade6fc5d,427,6,0
118686,d518b6c9de14f2a1218fdbb2f343f4bc,427,6,0
118688,5847753f06f26d491cc6058d95c2ad13,427,6,0
118692,70223026f6a64b4dc8dfe4c85ad7cea5,427,6,0
118693,1cd2b82fe21dd86cd79222a76937fe2b,427,6,0
118694,008debc5fb1c721d6f1c2cc8da403c5c,427,6,0
118695,8f10b419200c1ec5864629761b415c6b,427,6,0
121791,d8b3609a4a3bab31ee38ed239512b3db,436,4,1
121792,a29b4ebf8e8c3156834b579bdbfcb7f7,436,4,1
121793,af97a15ae6c211ee46a0c1cd7d3eba96,436,4,1
121794,52cc1d1deb1e68f9ec45646b946d987d,436,4,1
121795,b84ca09d1da0f64a90ea22ef73a8cc69,436,4,1
121796,ed1a0ef568ea55e0ac58beead72d6a6b,436,4,1
121797,7fc86159458b9a4fe2e36777a809336d,436,4,1
121799,e438ac2292971be2a62dca0449c881b4,436,4,1
121800,a729970b01a299de2528c031a1c8157e,436,4,1
121801,3e9dadf8fc8421fd2f7a5606bcbbb53a,436,4,1
121802,fcbc10f60b031c68358084644fc3a17d,436,4,1
121926,06bff685fa03ac70d990b8035dd63d87,436,4,0
121933,5d0271d83be349db254c86c5ecdeb600,436,4,1
129151,06fdd7092f2877c489e5d65b0bc8916b,466,6,0
129152,09618499a395f194fa54364ed449641b,466,6,1
129153,3332328a49753c1ab43fcca37e4f67b9,466,6,1
129154,5296fa34e22db0badaeef1b5f4da727c,466,6,1
129155,dbf09ab3176d73ce3b9b5f1ef130e704,466,6,1
129156,fa9f95df23e598e5163ee3185edf342a,466,6,1
129157,47b009de2b0387b14b4ed9bcd0606809,466,6,1
129158,6214196c336218bf2c9b5af89512b92d,466,6,1
129159,fbe6617ac4208b6123da8af6cad7b526,466,6,0
129160,c3b04ae37b08c8136954bc076abac512,466,6,0
129161,d732671277c0cca3fe07496338073482,466,6,0
129162,a49801f5a5fb49979abd315431a096be,466,6,0
129163,927024490176ca3f52eafc570aff77e5,466,6,0
129164,99a66f7be11f3e9239243d671ba79c60,466,6,0
129165,2d7dbb9c42ba0e7827274c4661e6b71a,466,6,0
129166,a9fed9881e2fb95714ae4a41523f9170,466,6,0
129167,5f2e04f90b383acd78ac51f3d25f9e0b,466,6,0
129168,fac3a732eec238e9a6c43a40dcd586a8,466,6,0
129169,42fcf24044434d1f117d0774ec3ac265,466,6,0
129170,b9dc1c4001eaa523c7de0478f4715c10,466,6,0
129171,97f662ac1b0dc46b4d62a464ca631759,466,6,0
129172,2685b74417971d248c8e3471b756e4bc,466,6,0
129173,fb7baba7a8f31545bd35972aba9e7a5b,466,6,0
129174,59006ef074727593d3d104e2e53ccc6c,466,6,0
129175,13a27ac1675b24a1faff6133c4a992cd,466,6,0
129176,ca6238a3b971d87e7ee05bf399db2429,466,6,0
129177,22bae0641188a4da401376c392de0a1e,466,6,0
129178,f9cc205960d8f5378722198494e62d04,466,6,0
129179,0ae41afd91414f6bdda561c19e811921,466,6,0
129180,9c9dfd8fc4b398dbf140d31b46a4a3ab,466,6,0
129181,9e738c6bb9631582f8df5c1d4dbebb9d,466,6,0
129182,072d5a42b47d069c80d5a605df36cc6e,466,6,0
129183,3c5981843833a5e504b391a3fbbc0298,466,6,0
129184,0240957b1209977a238299e4d8c3c661,466,6,0
129185,3242c6737db1de5bcac28f292413d4b8,466,6,0
129186,e019763ab890ae84be7aa2442841ed73,466,6,0
129187,61eca0e287890722fe46c2c717031c9f,466,6,0
129188,1ddc8aa6a0213091ed7136f0946b3ad3,466,6,0
129189,c93a61e25274029c995e3b3f9a2a6cd3,466,6,0
129190,1109abfd4ed6b4afafcb24ade667df5a,466,6,0
129191,c50209022c4b02b4dd049cdc0d90a457,466,6,0
129192,c86176057a6cfb0db2cac04fcc936a13,466,6,0
129193,6504f29a82455cf73cf8439983259b0d,466,6,0
129194,f3716dcbe274956324c0d01e7e085304,466,6,0
129195,d6c362f397768b0a0fa6efc37779d64b,466,6,0
129196,3c5050ab3d970134735383a692b9c8c7,466,6,0
129197,4fabb68ca2e6e2825f280fff056f87da,466,6,0
129198,fa524921505c1e6b95af58d0e386af1f,466,6,0
129199,28a1191de08dccac4a71c6a0b4df433b,466,6,0
129200,7f07014d29189a67defe2c948417fb10,466,6,0
129201,9276cadfc6c25ebd74ffe30d9b32aeb2,466,6,0
129202,6a7359872d3470732b17e6ad4ff29c04,466,6,0
129203,3dde6838d4427d0fa7c738ff585f08ef,466,6,0
129204,8075a1f62b46ae8b749f98f8b207758c,466,6,0
129205,84d7cb6ff1c1ac63a60e150666b00057,466,6,0
129206,1afaf42246dc7135a4cb46071125c91d,466,6,0
129207,8eeeebb01d074834729c3628f472ac8f,466,6,0
129208,390ae750b390e470c22c63040a460a48,466,6,0
129209,35d9746b2dcb28eda5166741fa4b04ff,466,6,0
129210,e34e5301f544e5b5da2963ca591ac38f,466,6,0
129211,bb9c719802469118de64d8ee032a4b5b,466,6,0
129212,06d76616d9527e50cfb4268364bf0fe0,466,6,0
129213,fd4c0ebe305d32f9407a69f0b58144cf,466,6,0
129214,d1ccfcc046e4480277e9a32a151d6f3c,466,6,0
129215,0689231123878c24a62e9aeb8bf71c1f,466,6,0
129216,f6cf5527b476976899770ffcf61ac948,466,6,0
129217,0a227cbf060c35187dca438da4193f01,466,6,0
129218,e6decac5f6932a6f6931837f04084644,466,6,0
129219,b5169f730c3ed0922beb1bcf73341421,466,6,0
129220,27bbfa331296951bf927746daa3214e9,466,6,0
129221,88a878e8590a8de2b51b0f6ea244c29b,466,6,0
129222,52db8f49b1cce8ec1a9e3f5a2afa634c,466,6,0
129223,f3327999fb6355bfd6c09d035e88a39c,466,6,0
129224,3f5f7bbb636430c0a3d1c020ab27c703,466,6,0
129225,c68ad7536ca24c45035ed60e69ec12da,466,6,0
129226,b3d26d0e7129698e55f7d8eac1b67b87,466,6,0
129227,888ed42ce12693ed5b800e4d207cd034,466,6,0
129228,54d366948558c02a7b29f0ea63e09e40,466,6,0
129229,fee7f47d503e5b0d0fdfb54c06dba942,466,6,0
129230,604de1b8f3040cee48ad4b04a1e7a3a7,466,6,0
129231,fe38dd4451065c03e6206e3fa98dbab4,466,6,0
129232,9edb24a707a54038269901b02e7dbe4b,466,6,0
129233,34f641679216b19d71c6496b6adcbfe6,466,6,0
129234,6db3bbc591ef3e78711f9206cb9ec460,466,6,0
129235,8368e402044703c398d4c38a1dd96842,466,6,0
129236,321c2d73bde322e5b00d2173746ae14e,466,6,0
129237,fd402128f8ff6fbaf0ff938da2ed8201,466,6,0
129238,8d6794b63618aae60ce08be2693cb784,466,6,0
129239,b0940d04efeeb19149bb3696366f1171,466,6,0
129240,34a3de1183e2dede587b82b6c1499efa,466,6,0
129241,7d8d969545734a5896438a7f8fd6d988,466,6,0
129242,6d46646496dff4f9a05421c0137de6c8,466,6,0
129243,d868ce22aa269f65a77cfa64d092e1c7,466,6,0
129244,61e653d56c398b97c04806984ef0bf05,466,6,0
129245,84213ea94ea33f12f1fe851b068116c6,466,6,0
129246,55203a288f6eba8054d1f90fa6683602,466,6,0
129247,f556e305985de4ba310411beb7d19840,466,6,0
129248,1db78d80a859a6c0cd445c14877df1bb,466,6,0
129249,18fb38dd9a8f06b261a6073f0dce0a58,466,6,0
129250,9d0e39e44b850c2eff1e9f7da29eb69d,466,6,0
129251,1df92184d6e88f2a4d1e901ccbe240eb,466,6,0
129252,45a39f1e1e7a143db3d074364ad5b147,466,6,0
129253,2c9ca3a97ab565bfdadb4a492dc5aa7b,466,6,1
129254,a2641f9a541065200e6419006944d2fe,466,6,1
129255,d861c354ad74438cdeb1db3f4a98e54e,466,6,1
129256,e5f5aa01688fef8b14e3e392438aa210,466,6,1
129257,36ab56c831ace59c9024de4842b6f7e4,466,6,1
129258,52a7292d2a8b9f9a77fc4ce7a0405db4,465,4,1
129259,7852dc286b8018854c3da2142145e483,465,4,1
129260,1135734ae6868367ae9d0abbc55ce626,465,4,1
129261,c2c80d748234a1d043724663d90466ee,465,4,1
129262,b373c90b43bb88207e456f6f7695fc08,465,4,1
129263,0ae552fe28e43f967db21d0005833808,465,4,1
129264,a20038ecb85bbb6ad40195db2fee7122,465,4,1
129265,ca5d6ca482989b22098afeabc7272f07,465,4,1
129266,acbbd87f62d7e96a4e8db7ff2660da51,465,4,0
129267,ea1c2f2df30464e7a23e87b80ae8dbeb,465,4,0
129268,c2f743d718a96d97dbcc30054418d03e,465,4,0
129269,35b084040848e923224f4e535f89618f,465,4,0
129270,46e78699a8b29f3920e22bcacf0ed334,465,4,0
129271,08d20820ce711895765b825225511d1f,465,4,0
129272,0e1ccfe9c44b59e384712abab94018e5,465,4,0
129273,9df6c94eb9922ea829a9867a173f8260,465,4,0
129274,d2dfa99aa3d12a94e73dff7936df0b58,465,4,0
129275,f332c56e9db5f5621fcc691684aa9a10,465,4,0
129276,f590015b5b5b3bfc31bf77369baef53c,465,4,0
129277,bf1ff24f1533698fa54f21814fed1c94,465,4,0
129278,20c6d46290dcdeb496540c8337c4c85a,465,4,0
129279,f2bbe0961434eb0c421482670dc5d829,465,4,0
129280,b9e23ad100ed97eb4a45af723d888081,465,4,0
129281,66b534c1f6de9da87cef2b5c41858185,465,4,0
129282,0810174ff31bc72f316889a4d00d17c7,465,4,0
129283,88b97c5679957fcfbeeb015b661b82d6,465,4,0
129284,5c0c77bb232911d2149c719e45fc54d5,465,4,0
129285,1979304fc3bbc7729fd91553a6400994,465,4,0
129286,0757e35ebfe9ac8c34d43981c5f0d0c6,465,4,0
129287,d1cd8de0adc02d252839d542f767e69c,465,4,0
129288,400e168b5f8585c914ec799d88cd673c,465,4,0
129289,9ccef2142b3dbd01d829f7d0d836dd2a,465,4,0
129290,f16b8d9fc95a67a0a4aed2fa093001bb,465,4,0
129291,479822362418d84cad6f36513c5510e3,465,4,0
129292,4344b6103d296f2e88717a09c536b047,465,4,0
129293,175eab9b486bea6dde465579eb8e8a40,465,4,0
129294,13d51adfd4bca1b589c37536ffe11649,465,4,0
129295,3e2853221bd17dfdb5643c7ce12ed461,465,4,0
129296,f5f3cd0e04e3688b98e12755bed03aa2,465,4,0
129297,ddad9fc866f3291e44c177011d40869e,465,4,0
129298,639552446dd6598447004d06501a04bd,465,4,0
129299,097b3ff713b3d5829d7a772e840ef7cf,465,4,0
129300,47e384f4aff15cfdd65d16648d02f14a,465,4,0
129301,e290f3a76d700fd1f149121e496dfba8,465,4,0
129302,fe52ce9832e225debbb897adc6bb9845,465,4,0
129303,946ae6148b6e70be043bba71046e7472,465,4,0
129304,4e98f637ba79744904098b1f82dadfdc,465,4,0
129305,854d2b38f2e97e6394e8e8aed8223e17,465,4,0
129306,181b599ba1a32c2d2bd6c45aa7bf549a,465,4,0
129307,ebf9f37577544d3d7b039d7ec6064ad5,465,4,0
129308,605bf29331d0d7e91139281c3c7298f5,465,4,0
129309,bf97159c14522c761d582be699663ae9,465,4,0
129310,0380c84d931028189cd027f9cd7b092e,465,4,0
129311,2c4f746f5390da96aace5eb8d18d15e3,465,4,0
129312,4ca5c6190a2529d57b73b7243f34a20d,465,4,0
129313,42540b8f2ddf24d2d9ecccb955d7b457,465,4,0
129314,f6ded3f5b9a805b281906aea43988085,465,4,0
129315,02a619b0568404573b787fd30c8fd8df,465,4,0
129316,459fb643be0d80782eed0b9ca8181af2,465,4,0
129317,63084aaf0afcfa6e12ed398ae3f00081,465,4,0
129318,823411536d2d491cd584a0e3f4333818,465,4,0
129319,f3c6e99ab5d6cadd85b6cd33c287679b,465,4,0
129320,f82871fba48303c0e6a90eb532d351f2,465,4,0
129321,042a0e07cf704daab1f215d66dedb7ae,465,4,0
129322,91ac31b1f27a535709e8f45502d3aafc,465,4,0
129323,5123d3daff65a7538a87397cd711256a,465,4,0
129324,5b0066d3174c776cbcff3653913425b1,465,4,0
129325,a193d0c8eaead7eb6cb93d28883039c7,465,4,0
129326,1a292a2311adc982998cdfa7fad53aec,465,4,0
129327,d04ea76293f156081b979ddca5b0c472,465,4,0
129328,fb71562ec74e6c1e759355a83532d6de,465,4,0
129329,867e18446c15b1d8f35a83cb677d32c7,465,4,0
129330,c57be5c3e21aa8ef74640e1f160c760d,465,4,0
129331,32399cb168fdc30371c50f61e9c13a23,465,4,0
129332,c3d14c22a0fdcf194487cbb26717ed43,465,4,0
129333,78096d65fc7dcb41e90514a78b903192,465,4,0
129334,f5b477aafb395bbff5c48748c658dda6,465,4,0
129335,351c2fc7746708467812ad29a257dbd1,465,4,0
129336,7ee8203961ae04543268641af23ed147,465,4,0
129337,9f2c319bcfbbc94f0aa0bacb06e2ba0a,465,4,0
129338,eaa4b378efc056901b79f01aa10856b4,465,4,0
129339,d2472d5f73d1cafbe243601ebdebede7,465,4,0
129340,9b750591bee2c1cd435b350f6c7bcdf3,465,4,0
129341,0959ecc10231acb0b586d638d6286912,465,4,0
129342,3871cd77d6ad5748af54d09380cb8f9a,465,4,0
129343,660695ee1d0452e387489334415edfc7,465,4,0
129344,0da2c44ea9af023ddcb7022d7cfe3d37,465,4,0
129345,86c351399042236cacbd4acd5127dc28,465,4,0
129346,162ff4c9fbe5aa5a27bdc382b94a4fce,465,4,0
129347,d7068a7ff6cae86239dd96dbef807454,465,4,0
129348,8041e1ae54d38ea4ef94f050d8c16a39,465,4,0
129349,05febf54260a5f3b0c8fe930bbf26d67,465,4,0
129350,24aa2d311d26e45b686e5c596548e5cb,465,4,0
129351,d74eee6214f5b4ce0df7b9fce0ee4a7b,465,4,0
129352,88eaef61c1c2ad63c082912735cf19fc,465,4,0
129353,0b6ed60a33d53ba4e8d633cf9ccfd5f3,465,4,0
129354,3112d632a8c0d87525adcf64fb17d1cd,465,4,0
129355,9aeca0d882692db1a40468f2c2b8b11d,465,4,0
129356,8da39669244fe0668a032d136e65b18e,465,4,0
129357,e3570d30621e7a2327b295299bfe6cbe,465,4,0
129358,ace63683121ed963a5f3aa9f4436f94d,465,4,0
129359,0c9e66af404e907024b81f0289e0cf45,465,4,0
129360,ade31fdff2ad8d5c64032277723f00af,465,4,0
129361,6fb62d52a809c0d8be95b939419fad0a,465,4,0
129362,5f78ce6841838cc69152b9c9b2b967a2,465,4,0
129363,c4852739e8e8c1290a2b6e56cace6002,465,4,0
129364,71f4d0ca1ee088ef7722c466481b9320,465,4,0
129365,2443bcd298fee8c5497d673a7a19ad1c,465,4,0
129366,dfc77cd70e43cd1bbbd1ccc6fa1545a4,465,4,0
129367,ccb2869a20b5ed335bcd4ae9af7680bd,465,4,0
129368,763adb9b2008096ea9fd2e81cc3d1b0e,465,4,0
129369,f348ce7526841a5a255385de3c40e56f,465,4,0
129370,0794a9e91d3af5a1e2420b276ed5e30b,465,4,0
129371,d0e257e8addffca05b518fb69a606184,465,4,0
129372,24c68bd12acfb934b7c5e35dfb94dcdf,465,4,0
129373,281fd8add85a9484857d2bd85db99a0b,465,4,0
129374,87dc60abbb60325ea18671e5c9269932,465,4,0
129375,f6a685c7a02a71c21a6ec1bd591db02a,465,4,0
129376,b4379567bf208daa1a8e5d507f4db884,465,4,0
129377,ba3c08f7b8cf79d3c8ffd462f0c1f12c,465,4,0
129378,789e640c633874e459cd62fbaf4690be,465,4,0
129379,04804febf16158ba47a0be597bc5287e,465,4,0
129380,e0123af4afbfa320c84240260b8767bd,465,4,0
129381,ecc6ee95da4ada2f66bb098a7dbd0579,465,4,0
129382,4f57389256792161a871b2083b426a61,465,4,0
129383,75242a9e7371a11902d931f8f241ec77,465,4,0
129384,e2fc26332fb8d6a0d3f521399cc387a2,465,4,0
129385,03cef0039d24305762e27de5a15a4e32,465,4,0
129386,f6d45c1e3eb03e4a011d80cd3ca6591b,465,4,0
129387,7fbb1c431b10cc5b60d84af8c9bedbae,465,4,0
129388,c755116033f036ea743b016a6ddf735c,465,4,0
129389,c89eff47d7cd860364ca46285d6787bb,465,4,0
129390,5f06c083b1f7770ba3d89e4bf1204315,465,4,0
129391,5c4e3b5e5d63c886adfe0b7380832f08,465,4,0
129392,4100468d4a1a7e7de3e8c07d40261648,465,4,1
129393,996860b1e1758066a8a89e8b4203c8dd,465,4,1
129394,39b7895aabb2f13e20f1042121b54615,465,4,1
129395,852df4aa6ecbd19474d210dcce42a38d,465,4,1
129396,a9067b7e3f9131000316920470c02d9a,465,4,0
129397,f31697fae3cdd06ab982ee3a8ede16fe,471,3,0
129398,8bda788a0b6471980ff21eb345efcddf,471,3,1
129399,dc1f5f91e97a3acc0345ad892d44cafa,471,3,1
129400,81668de01bf0af448d627366b93e6836,471,3,1
129401,8e6739c3caf0bddfd4b14a4c315546c9,471,3,0
129402,5af1e589209c36cbdf5db3e9401c9968,471,3,0
129403,e78fc30be841ad631119fb6e86e93b92,471,3,0
129404,f9f22d9c29b5e3748fdf849e9a1d0464,471,3,0
129405,e61b6f685b833bcdeb61352a392f4999,471,3,0
129406,7b048c16abb244dd1c5690e5a3a4605b,471,3,0
129407,d9d2a812f04628228646e90ab1971205,471,3,0
129408,4dcd1fb85def9ac176f4c522c42583e1,471,3,0
129409,a73fabc8f8f1d9e662bd804d52fd2002,471,3,0
129410,2a06ca369126c0b3cb353d406c262ffc,471,3,0
129411,a116a41f64be08b79eebddfb3b9d532b,471,3,0
129412,e90f2dec694a6246bbea2ef9ed9f91d0,471,3,0
129413,1e34519c5f6bd4a80ca0e7e337b656b1,471,3,0
129414,a97238832fc6fc723c75ebe7b2e17e60,471,3,0
129415,75a10adb905159b780066c2bde202ad7,471,3,0
129416,e93982e2920e41315cb61474ade1eecb,471,3,0
129417,4bc49b225985bf751856adabb9810172,471,3,0
129418,cf8b8a12821d9bd24976e92ba5235303,471,3,0
129419,474be91c78e7192b3a85cf84e446efe5,471,3,0
129420,3a4724599ba1379b9eda29da03d2bbaa,471,3,0
129421,8d3bf8b63d514f9f76903c3b6d8411fa,471,3,0
129422,17dc6634412edc354a3dbabb89cb5fb7,471,3,0
129423,7f429a6af8f60f3981dffb2cf21651d9,471,3,0
129424,d467f0c47c5633c473545bbdf0c0b701,471,3,0
129425,a83c3bd3022dc276bc2b8e7827acddfd,471,3,0
129426,8be6593e194a8cb4c2f5c1ea8ffd3b81,471,3,0
129427,6e0e7419006ecd11e3d98ec363494db3,471,3,0
129428,266a6fb7fcab04b5329c3bd3649cbe81,471,3,0
129429,872ba1b7cfd14b3a2ead3050374d5fbf,471,3,0
129430,55a7a3c41ca345c8cd1d33a6b3556af2,471,3,0
129431,a8b3685ddcaef0510664c7c595a173fd,471,3,0
129432,905deb1b2bf3669f6fb0c34d406eda5e,471,3,0
129433,723d307e3a3e45dd779369559095e92f,471,3,0
129434,9d7588a2efac4abc1d368e6214f1723d,471,3,0
129435,5679dad05959bf9ffb2ff3e446a4b75f,471,3,0
129436,8a8c1d87ec785fa043df7a99dd3ff171,471,3,0
129437,1b7cd49dbbcc64b1335788f73aae688b,471,3,0
129438,5b624d6d3faa0abf7aa0b0e86f7cfe06,471,3,0
129439,278949c4e33e83ba9d50383f151eee25,471,3,0
129440,b1e36519a43a3b53c73fa42f9a993a99,471,3,0
129441,c2c02974f0de30acaea07321b3b5249c,471,3,0
129442,f9611633e2113f214f6298b37ce041f7,471,3,0
129443,6487a995d03662f7bebe49b896a8d83f,471,3,0
129444,1e0aebf840388f0803d67e9c1c575491,471,3,0
129445,b8c260a005bf7affc6c4028b89564a92,471,3,0
129446,9e6ee96d62ad1a6c2d56a7dbf83dd67e,471,3,0
129447,735f69f593696809f7355599110dd0b8,471,3,0
129448,dc22659cd444fff265ea0a566670299a,471,3,0
129449,25bab909b50202f0f3c7cc3a40824323,471,3,0
129450,b2c1c887632f6d968ffeef1e22b94de7,471,3,0
129451,79f1578ca06ba6678ad8bad767266908,471,3,0
129452,44ff09fbce8e6e314f9251fa4925e114,471,3,0
129453,2e39d2b21340ea9065a9e06bc3a99497,471,3,0
129454,468072f8458c354058504e7f8d066495,471,3,0
129455,35d8027e48656d6a3d1040769efa93ab,471,3,0
129456,fd783b7896f8bcdc78f51dcd3d969281,471,3,0
129457,86f128822603dad795b22fafd2dbcf43,471,3,0
129458,8e806a80559e3952163921f459e20c1d,471,3,0
129459,c8eee9e5c13ef255a8a27dee8e850480,471,3,0
129460,fa23a6ca21655fdc68e1bf246137ea59,471,3,0
129461,4c94b5d71e26bc78449d024bd9610aac,471,3,0
129462,a103be53b362b926e3597ba38f260b65,471,3,0
129463,c7f37507342db53fb9f27f02eedf7673,471,3,0
129464,d38c30e3557940800b7c112c4ab99ac0,471,3,0
129465,1fb4d409e4055594a8dbee6a0fb6c9ba,471,3,0
129466,d34c881de984b98b7c9614ff72f250ef,471,3,0
129467,6fb96a3cbd1e816148f6f7dab3bf5ea5,471,3,0
129468,c0ddb402c0f7ef628b554dcb8fa1a637,471,3,0
129469,d52917059a3d911b864eae5ece87eb8b,471,3,0
129470,7e437cce2467dc36b7f5453991be49ab,471,3,0
129471,c4a38fa75b6ff9150825bca1f119b5b4,471,3,1
129472,c3caa87e745aa772a34bae00e65d19b3,471,3,1
129473,c2086b1832a87dca5965266bef157fcd,471,3,0
129474,d4f584b225115028cd564baa3297637e,471,3,0
129475,32887a951e2d3ff2bb5ddf68edd48bb6,471,3,0
131945,e80560d007bf0a068a2f5e6c9e358765,489,2,0
131946,eb7a1eba3ae6993418d2dbe84ec5c7a8,489,2,0
131947,d4a754191d3c9ca58cbd7d4fe6dc9dfa,489,2,0
131948,17d0922824435c4ef418f7d78db6aac2,489,2,0
131949,cd459c9058b7b1a9baef0a38e86b5f47,489,2,0
131950,db0a3a24c96e1127857161d78179bb97,489,2,0
131951,929a09ab76cf15ddd77e34299014baca,489,2,0
131953,80d4085a26f31ba2ee631a765f2064a1,489,2,0
131954,db4525708a5d5ada5a2a9ad46515bc14,489,2,0
131955,13f76d3068f361f3377ed0b2193036fa,489,2,0
131956,598ae5f8f5d7d6cc731585006ac829f5,489,2,0
131957,12472b88dd5b916cfea4cd82e1b80b42,489,2,0
131958,7ddd280aa209e648268c2690bef97d0a,489,2,0
131959,7c3fe5d90ef0abd156182e9e798c4573,489,2,0
131960,f755f4543512a08e1d7bd8e3eba8ad15,489,2,0
131961,36889a78c92facd0c458b579f607f38a,489,2,0
131962,37c77cae6322753629f23d2cfe52c94b,489,2,0
131963,0dcc704ed448a4f6c94c3a558d56a736,489,2,0
131964,d35bc8e926c1f2934a9a9ef246cf4974,489,2,0
131965,d146e8117731f17f5d64288e4edc2752,489,2,0
131966,d999a3c17c38ab948a119e683648f7ed,489,2,0
131967,aefc4c5ec548e6afdb2d0e43d2405d48,489,2,0
131968,559dceb0e2fe337deb2a9e127233b9bd,489,2,0
131969,a52eabfafc6e31fb5a81534adafa5809,489,2,0
131970,3dc81df5d337b8689a227a16c0557b7c,489,2,0
131971,7f28e0d7800a4d87230c5dcf7d4c58dc,489,2,0
131972,6a927459c090f6750e1a129085c9b22b,489,2,0
131973,0811435de39b02ccaac8a21646d0720d,489,2,0
131974,df29edc2348ae976967767407fb19598,489,2,0
131975,ad0d02d33d66f919db6e6c49290187fa,489,2,0
131976,0a3e8978c60782b71a457226a3cb052f,489,2,0
131977,d6bf02f5989e7940da7513ddd86395ac,489,2,0
131978,4f52812c0956b091624fc9f5e877f974,489,2,0
131979,5780e493899f9f282e96b846baa0aaa7,489,2,0
131980,decc8f9e3864ae4320ab93e798bfe56a,489,2,0
131981,d2f7eca298c8c9965c7cb968e5db9301,489,2,0
131982,aa4180a174f543570127a8a0aa8c6071,489,2,0
131983,e9c9578c916e949db5cf025b05c11069,489,2,0
131984,1d5ad36df6b305c5d1d438ffc1fc27c4,489,2,0
131985,7923a24a6a790ec127c253caf0910b83,489,2,0
131986,d2f7e299f34285affe79859e7178482a,489,2,0
131987,234e23764688aaddd9ebca3a79e5b741,489,2,0
131988,21b489fa2664e290dca02c5cb2a96db5,489,2,0
131989,ff4d71ccdc48ac0cba2fd9790fedfbd5,489,2,0
131990,626b1673d2b99f319c8f3a73ae35cf95,489,2,0
131991,dae4b474ea2c52667397178d323cc50e,489,2,0
131992,7020623e0398b6e7cccf118c197abdce,489,2,0
131993,5e0285a3e0668c2481b90b398cc03a3f,489,2,0
131994,55e58c34638d5c51c3f8d344dcc20f62,489,2,0
131995,ddd7ebaa5b439c00ff891000ba5a8161,489,2,0
131996,a8b7ae2d978a52bdd207e3edad7e79b5,527,2,0
131997,91680e69943280ace3c8e556169e906b,527,2,0
131998,45706d3cd48a2c019c8e81aee1c8b9cc,527,2,0
131999,981e90247cb0dcb307463d13180390ab,527,2,0
132000,3b000270309c2ef2b7e365db8dd347e8,527,2,0
132001,9abc6075c8f0f5a41e836922aa09f5e3,527,2,0
132002,03420a8ddb125bc524cf5f237921d233,527,2,0
132003,48873255b408d7521f3d38364f8f862e,527,2,0
132004,5ed194c818761cb1c23653bbc4a413ee,527,2,0
132005,59315d38cd39020582b8a9df528682dc,527,2,0
132006,5c7bf8f4e5f1f8cedad56838de81c882,527,2,0
132007,2e8c64d821f627fe82555fc62a2cc22b,527,2,0
132008,b312384c72fc1070297b5fc3e48708f0,527,2,0
132009,2365e89566cec0b9e57ef75edbb6a6bb,527,2,0
132010,7806bde1ebe3112e41ee981aac2ccc15,527,2,0
132011,a30bae30eebbfd1aa080f573e5cec623,527,2,0
132012,63d7500e65a9a0141228403ebfa75f20,527,2,0
132013,6a220ef9e28b66c2df56870d075c6cfb,527,2,0
132014,c0cedceb49538ee7ff53aeab0bc3730a,527,2,0
132015,67ec443925ce4dd494c501b14775feda,527,2,0
132016,41171d5164fc22236b20860f2ce2ab2c,527,2,0
132017,49c50417947c0e201df59b03c42d28e7,527,2,0
132018,fd9aeae34c5060cf469f882f56dc4f14,527,2,0
132019,f25d20cebbf014ea6c8e558da5499c01,527,2,0
132020,02a7c1ab308935094906912cd4600713,527,2,0
132021,09323c3f8595b8e0a8573b8820930abb,527,2,0
132022,1d4b684926a48ba4b49a465877b36da1,527,2,0
132023,cb8bdde976ff795d450cb7e12be40caf,527,2,0
132024,819fe10b441bcff327cda800dc06f9cf,527,2,0
132025,5000b6b0edb8f8631918a67239c1cec1,527,2,0
132026,286dd37829d4a3602c2679fe0fd8b449,527,2,0
132027,e70f2ef00eed12ed54c94a69f46caa6d,527,2,0
132028,89b7ebb0dab29590a1900a5c6075b3d4,527,2,0
132029,8faf8b0bcabe40bd6f8fb56031408126,527,2,0
132032,bb97a1c020a1e5f6fb5612e01a893059,527,2,0
132034,aec18b1ff545d74793eee5fb5c9ee34d,527,2,0
132035,ad8d8ada987747fbb4460e4c8d8dc8ac,527,2,0
132036,98dec8c5ad4f840b7b0a1c81e9d34598,527,2,0
132037,3f877ba4aac7914399823ff91a3a21c7,527,2,0
132038,3fe5b045d984676e59702c2c57263b5a,527,2,0
132039,1a22f0ec9049f7820641f6d472a31b85,527,2,0
132040,9a2b3f05a2055f49e242c9dbbdef3b9d,527,2,0
132041,ec374013e278a51aa1038fccaef13cf1,527,2,0
132042,d5085eba475d0f1d667eb5d5c6c1e56f,527,2,0
132043,f99196367429f1f65ae52ce9fad43b6b,527,2,0
132044,380c55474c45eab309d6f3f37bebca30,527,2,0
132045,09ec9a7f9cbeed728286823a3b4a2b8b,527,2,0
132046,47505ace95e4f518a5da251c70647a94,527,2,0
132047,4e5d8ed926c5495a78a15ef0292a9739,527,2,0
132048,991e9db3c0889bba4e22b652c3a2c7c2,527,2,0
132049,ab33c09efb61fc48c5a71d6245ff6417,527,2,0
132050,9c05ba6578e37f0046e5b36ed7c67e6e,527,2,0
132051,85e0c01ef6e033299c4791abe1af8425,527,2,0
132052,2bcbb9189d6dcf8613e9ef38686d65f1,527,2,0
132053,6efc4474a4dd50c5c06385cf45844e52,527,2,0
132054,e3e718340e4d5fc078154c9e71b40026,527,2,0
132055,b732e16406afd2315c9039df7ea0e6a1,527,2,0
132056,ea4037b568e0bf47b4b9bad63b420ea8,527,2,0
132057,471e637ea5964aea6bcaba224a643e7b,527,2,0
132058,336b942b3ac4544b3e6b5744f7076adb,527,2,0
132059,efdb1fccf9828634a1b8a7b7ad7df501,527,2,0
132060,47b5201e84d6fbd55a0708ab434fb4f3,527,2,0
132061,75456a804c7bbc430c601b4bacc621d0,527,2,0
132062,fdaefb4ed6273ae3df1906dccc370e8d,527,2,0
132064,166ee58807f50ba7820a5c1b8e734767,527,2,0
132065,ee87a4872c7f46fb345576fce5e08a8f,527,2,0
132066,a0a0fd8713d4c8d502a55348ce77a76c,490,2,0
132067,0574ad55786f5fa1d1771673548ebe0f,490,2,0
132069,95682b82ec77ce9dd5a322b7a03993ff,490,2,0
132070,559cb76484eacb0f43708419373d5c6e,490,2,0
132071,83ac4c0b3fdb4a8575ad68c52c5134b1,490,2,0
132072,8a4dfbbf138cb5af54b20455f4103d49,490,2,0
132073,86e4235d0d04a8546d3b0183ccbcdfec,490,2,0
132074,234877fd5f62046e0d5d8c048d389166,490,2,0
132075,56d4929b610eaf1076ab44cd9b971bd4,490,2,0
132076,d77402339c63029f60bfeaaf68c477fc,490,2,0
132077,12edebdec95139f2d7ca7f3c7ba1b36a,490,2,0
132078,4a1533566bb4cb9f85ed09b2e8774ea8,490,2,0
132079,00a2d25305c261cbf5b1b4e3ad22b9bc,490,2,0
132080,8b787dcab1dc4782e4a6962bf1794c08,490,2,0
132081,2962f6f4f632fc432c8ed5da481ac393,490,2,0
132082,9021f2526a5306f07509804b5935f466,490,2,0
132083,f9884470d722d0205c5f1f6dd07349aa,490,2,0
132084,675a1510d366f31683f93f9cea87e46e,490,2,0
132085,766513dd3199a5eaf5aff6338671331c,490,2,0
132086,57a785bfba72c67c2a26b23449d0ead1,490,2,0
132087,8bcec2f0676f4bf5a6c954a0127d79fc,490,2,0
132088,1ee7e65acbfa3f8d4e889f705c50a9d8,490,2,0
132089,bbac05817f04a9a527b733f9b816d4b2,490,2,0
132090,12578643999d738dac145729e1468104,490,2,0
132091,db068d696ecb1dc2abc85a196be84d68,490,2,0
132092,9ee6b6c7b8dc4905a3d770ee180f1e0d,490,2,0
132093,9b0e59b3b83194f5081a7f2304bd43bc,490,2,0
132094,c705fabd1825aa2856f3fcc517981703,490,2,0
132095,5c776aa4c8d0f27a8d7f2d101afeefd8,490,2,0
132096,17f2c94fa82eb75d3f8c24244cca37cd,490,2,0
132097,5613b68de987e06b09a67ddd08642831,490,2,0
132098,ea3f9f7040fbae2c312596ef0c6d5ebb,490,2,0
132099,15d1634dab979ea84c35c76c460c3cd5,490,2,0
132100,4aa6f0e0787a994778c9a9a6e3bb48d8,490,2,0
132101,ec7ed484f86776a1791e01c2bf9a580e,490,2,0
132102,4e0fc1303f47c2ab86f380639a72a41a,490,2,0
132103,52bdf39c1f55bc4bed53278855dffc8e,490,2,0
132104,3d47cf97017fba0b0bb85804b91565fe,490,2,0
132105,a393621c8084f016e88bcf50ce2fef7a,490,2,0
132106,73807213b5578a0b994f7e80700eb690,490,2,0
132107,de3de7c87524acb2ec258bb43b8fb2c3,490,2,0
132108,da0f69f5106304c13d5f31338ebfdb31,490,2,0
132109,18dc2405feede3c1861f735e16635aaa,490,2,0
132110,55d3d5ae019efb64d8e70f1bc1dca5d4,490,2,0
132111,314e364260ef4fb3e20d1f72fac4392a,490,2,0
132112,7683e3f3d0daaf4ab1e2cbe98e879819,490,2,0
132113,ad5d8fc8dab7dbc017ab64cdb4b01ef5,490,2,0
132114,30a23d68f2c2ceec97e72a4e369e0dde,490,2,0
132115,118ca882117c67cb9a801d5be33da5f3,490,2,0
132116,9b612e7c179f753dd5b170ca5916e625,490,2,0
132117,07e1895242427f18c9952d0899669455,490,2,0
132118,0e81422e543d9808b2b80e01973032ca,490,2,0
132119,913d858a46aae08473782993d16d756c,490,2,0
132120,404d5ce73f229943a2401d15d1712830,490,2,0
132121,03a4f3e051996ce950b9142ab1a6ac42,490,2,0
132122,1ce6826425491c8bc265a70a37e05f53,490,2,0
132128,b7677ed48bc4106b25a0d5d5f5cced2d,490,2,0
132130,8da3c3468249428136dc3c8e94616153,491,2,0
132131,f9dfd99252d1cfa3c5fafec4158cc6d4,491,2,0
132132,46f38b59e9310cc062ee5c42dd601a94,491,2,0
132133,cc166a605a1c5286eb94e59104739d0a,491,2,0
132134,daad329482babb039dc0fa6cedb5d189,491,2,0
132135,88d565f97e0e358d96aa861efcb83469,491,2,0
132136,36384db845323b8f83e5d013bcbd519f,491,2,0
132137,2ec5c3f9812aea0775808fb947cbcc63,491,2,0
132138,1ca9adb6c5050b1da14e3b0cb4a9360c,491,2,0
132139,ad9b4ba6aa470b76743d5545a3393538,491,2,0
132140,0ba7eeefd231f0a300e32980d2cd377d,491,2,0
132141,c77925d3cddb7118310b4d3afe3f854f,491,2,0
132142,34588893c65e03c8b30e007a3d6f7ab0,491,2,0
132144,1af2f21c8578f63d5ec1684ff931113a,491,2,0
132145,def0cf74880533e815f630f24a1628b4,491,2,0
132146,ee55483b91367bc3e2a469cbe750404e,491,2,0
132147,8f6a3e39ee32dccaad0351d2a46eddc1,491,2,0
132148,5260d9d6a0dfa4ddf3a624ab83e7a680,491,2,0
132149,a18a93b1e90339a15110e4d48acc0e88,491,2,0
132150,8aeaed41b66f7fa5f0320b8945d05e6e,491,2,0
132151,ceada48333758e2a5b3f792aef8cba1d,491,2,0
132152,053e6804398aeb0428147448959150e8,491,2,0
132153,f8582d7c2b9f78b0f0756187cac904de,491,2,0
132154,224aa1dfd008cb3d6cf576c2a6855880,491,2,0
132155,392d6a4d647c2d4a806c7bc2451386f0,491,2,0
132156,854f33927fd9a61e34e34cbea3a626bc,491,2,0
132158,1e67f9eba82bfbde5bc3ed02d8269caf,491,2,0
132159,f64ee6d02de60d30dd4fd6196b37aac8,491,2,0
132160,e50b3f05092af3177c43dbe5821b0c55,492,2,0
132163,abb458c8ef8c31614edc3adecb903e0d,492,2,0
132165,90cf207a44138540a3c8a888760c4e96,492,2,0
132166,ed3dbdd520b3aa0bcc7c2ccd593fa198,492,2,0
132168,f28af7855db8087525ffbc6154f69953,492,2,0
132169,feba739988e2aebafcc34e14a719dc77,492,2,0
132171,ea18bf7cf24fb4d1b9e0c05214c0c036,492,2,0
132172,7dce1c5ab0bdd928e1f928904536e694,492,2,0
132176,52af8a78270d709a8d52ae6dd0561e38,492,2,0
132177,6cd44ca9200e63944a4294312461b21a,492,2,0
132178,0c8691d8f8fd6e0dfc3c902cc2a9b1ae,492,2,0
132179,4031b7178f7756fac8a189e42baa3603,492,2,0
132180,402f44bdaddb27e33ad40b9b4b3849ef,492,2,0
132181,e2a1b6bb69d90dc975efac2ee932be25,492,2,0
132182,4a165606c1338af4da391f0af2d90de3,492,2,0
132183,867ccc0359b3956e028199921b128a0a,492,2,0
132184,08f647aa49f404654e04637b0159ebf5,492,2,0
132185,206a272a3da6e44a712d9a1db2e7ee19,492,2,0
132186,e34911ee4c8bf58fdd26942c74d6e78e,492,2,0
132187,46a4cadbc968a28fbb774d5e91b1911d,492,2,0
132192,a981d1d3edcae2557d200c08f200e3b7,493,3,0
132193,7442693ad042834fe2fd415b092fe98c,493,3,0
132194,225efb6be6c78f5ef1e531217f933e27,493,3,0
132195,a376b867c851ce3cb2e41b580990d6b5,493,3,0
132196,0ab75b1b69ac0abaed3c2546d8319366,493,3,0
132197,e3ee92fdde6f119d6dfafd6f4a516d2b,493,3,0
132198,108d2a80f95bea9d7cea182072eff7a4,493,3,0
132199,419653d42fc1eee0b4b36cd4b422a10c,493,3,0
132200,9438d89c6cca2fa5007898471b4ed265,493,3,0
132203,47f98460d97b793479f0a8edee774e36,493,3,0
132204,86cf502b36896bbc199e1c2007f88981,493,3,0
132206,15d10861175726a297f7b8cbdd36db2d,493,3,0
132207,8301d8196b9bdaff3df465ab2e088601,493,3,0
132208,639f0f7b068a3d2a3622c6aecb103a1b,493,3,0
132209,863fcb23cfd195c17bb1094638a012cf,493,3,0
132210,ed204dcd4759296c32b558ec7e0572c5,493,3,0
132212,aa667d64f5fcc7248b11c902de2adf21,493,3,0
132213,f6348f197d84e1ccba027fadb5f29546,493,3,0
132214,c1e8ee95e5eff968627eba4c2ff0f2b4,493,3,0
132215,598fcd801893d695d8326e51f000b338,493,3,0
132216,58a664527fc971fb5dfeae0daa435421,493,3,0
132217,2cd66325e9af47c27338ed517230db64,493,3,0
132219,d2a80b8ff3735604186b6524a0577d29,493,3,0
132220,339e9a502cb6b4b0d8f0331401f53c22,493,3,0
132221,9a6a0a3630e1737ec996bea79400ef72,493,3,0
132223,eef3662e174b98e703cbea331f83b86d,493,3,0
132224,b99b275aec56ee99cba244a60edc21ab,493,3,0
132227,cd065bebeda793f9e7f1c47600dc6dcc,494,3,0
132228,741fe237cf088ebf17123f73a849a8aa,494,3,0
132229,c86338944013910a2761ab855a5f3f5a,494,3,0
132230,71abe079f8e5918da1895606d8b464e6,494,3,0
132231,821518cd7950b99ec5f9707e6d576ed6,494,3,0
132232,0da4a90ae0f3736efc934c64f5726d93,494,3,0
132233,2b89307d0f82a989586ea309fc35c344,494,3,0
132234,c8c3999c0bbe86418b5c1da68cbfa669,494,3,0
132235,819e967301724a0470b9a417213dc925,494,3,0
132236,6e7cb57902f2c1ef1632bdf9870753d4,494,3,0
132237,9028e46adf1dff057571912e48a4988b,494,3,0
132238,d67f00b72571088ef0bd61493d069076,494,3,0
132239,7180d88714ecb1aaae4d80eae99d4f4a,494,3,0
132240,cc351bebdb4e37d8a0401b6827747f6c,494,3,0
132241,f32bee9fd65111c8343881e52d66baf7,494,3,0
132242,31e6b985664babae6124be605021615e,494,3,0
132243,b27c10c5919f001f43beb8a60fcce04d,494,3,0
132244,11223d28954d4db9fd92762d8942850b,494,3,0
132245,7c01ee610384a069f2d30b0da5bb5da4,494,3,0
132246,4984e645d915bfe645b5f0a49128de99,494,3,0
132247,3fd4ed520e2ed72ed5068fab576f4812,494,3,0
132248,ef3f8826f94d3e6b23c6c35497c0b0ab,494,3,0
132249,04cbf63b6e641f8aef92e281e76f45ef,494,3,0
132250,c4dc79a028942e46115b8935f623dc85,494,3,0
132251,ff8e420082c9bf3cf5a4e25286345c6a,494,3,0
132252,09e0a057b0ad5da5c1dfbdbd661b48fa,494,3,0
132253,89ac0f000ca7f6810fb90b3c4d165845,494,3,0
132254,1fef73184449723897a38dc25a27a835,494,3,0
132255,064dcb8239f799aa1c69cbdfc9c892d2,494,3,0
132256,9866a7ecd5eab105dc21c9de7823c9d1,494,3,0
132257,d21055dcc438c5bdf10448027c17f09b,494,3,0
132258,9e25cb3b83c5dcdc4099f8af0062e519,494,3,0
132259,ecb115921d421d78f56423562850d9b0,494,3,0
132260,3561db9bcd4bf455d36f44447d61a74f,494,3,0
132261,366f753e919ddfb46530fdc1b32e1259,494,3,0
132262,13d9f91eee43a1a26deecd52e2b6de10,494,3,0
132263,497db8e1f7fd3619114e76f1960c3e0b,494,3,0
132264,b15f7a580d7965c6fe0d963911447cef,494,3,0
132265,53e85d92a3fcc29281a04a3fdd4f6e5a,494,3,0
132266,ece635d09c73a0d91e9501bbb56b4e88,494,3,0
132267,5b1448babf9da13f672c9cd9961d9bc6,494,3,0
132268,79433192440a5ea116bc7b1c83b04b4d,495,3,0
132269,44b1a8b11c991c1adba1f9b63d3bc4a8,495,3,0
132270,c17394f7cee3fa85332cb1ee07920835,495,3,0
132271,fe9de74a270c6bf1daf8cc810c9580b6,495,3,0
132272,925d2b268dba0d3da8a44c863724cbe7,495,3,0
132273,926dacc17e7be0808a4579568b61c03b,495,3,0
132274,e98fbf76c52a4c63296236363200c587,495,3,0
132275,ffd162d45db4f9c303620e6cbc810c98,495,3,0
132276,f595208d30ac95894144179c3aa695af,495,3,0
132277,ee3071965928775b723db6f7ef5a7c5c,495,3,0
132278,235575fa8a9f30750616e868d43983bb,495,3,0
132279,c6a0cd25ccdb8cc9dd4d5ca2a09e48c7,495,3,0
132280,8f711461bd349b4b69ae1aeeaafa52bb,495,3,0
132281,5d745e79ee8a79c0214b47bf971e7460,495,3,0
132282,cbb9311c95561b8609fdf0288a382ffa,495,3,0
132284,efbc494bcfe7c90bd35819661adc55c6,495,3,0
132285,1ea49e4c35f32f8d884725f550e1ef39,495,3,0
132286,ce93dbe6ce1d5751347b12d33a1b409f,495,3,0
132287,4f86f473ca718fb840079e8ba1a0e075,495,3,0
132288,166530a233c64211e2bc85aa6ffd6bd4,495,3,0
132295,48576ab5187b83ee192fb86536d0eee8,495,3,0
132296,6e2471111ebc7c7d2f1f89bbd5a151af,495,3,0
132297,748a95ae8971f30151677ba0e5c3489b,495,3,0
132298,92dcaaf1b00870b7877d3d619f71ba13,495,3,0
132299,748e5a3918376ba21255425a7f9956d3,495,3,0
132300,56ad875d800c1a721f536751ad8db356,495,3,0
132301,79b6fdb24a60cc2cc6e66a0ba43e130a,495,3,0
132302,e9b5ee46dbc00741558543a1bc2ed96e,495,3,0
132303,6226d36ec835d96bdce04a1d7eff0c91,495,3,0
132304,006809a8f80f9de547ea4014a20fc6ff,495,3,0
132306,7c3d6af2d297a0c480705d9cd952e4e1,496,4,0
132307,79dc9b27855ad7bef842238d5fc8df37,496,4,0
132308,118406263594162f91df9da082540bd8,496,4,0
132309,3525ccb158f4eb223a00627272d631e0,496,4,0
132310,70d536cbf0f2113c2215dae45efe2fa1,496,4,0
132311,5eaf5fc99d99c22ef52c5cfe09cbbc23,496,4,0
132312,54c158f1fe624fe03ac1dcb775af4a20,496,4,0
132313,c164deb91cb9d1daa024d3260c4d2791,496,4,0
132314,165ae5b4f34b82713aadf7f805366a4f,496,4,0
132315,59ec2997b7df9558ff8fb34c017a084a,496,4,0
132316,56ac2e9dba9ef1aa280c7f0ea2f42876,496,4,0
132317,2904c5ae1267920c77d7f0c2214476e1,496,4,0
132318,420e6b1e0041d221e7968b7cd71126b1,496,4,0
132319,b6c0b693848f1d89d0032909df1bb403,496,4,0
132320,169dd68bc6c17a4f53504da6f74b5f76,496,4,0
132321,ba0710df95d101ed053eca6f7b881e34,496,4,0
132322,a5e80f0ccc0876cf69c12d079afc739b,496,4,0
132323,95ec5eea038db0a290efddab489f006c,496,4,0
132324,992b88a54172f37eefeb1cf6c254b7ee,496,4,0
132325,63aabc3d333e0b2f41fe660f08c848eb,496,4,0
132326,168ac446abc97142676e985ac47668be,496,4,0
132327,9df37d21066c787b8e60b1b5a2cdf465,496,4,0
132328,366353e9811d79c773fb736c28578bb1,496,4,0
132329,8f1919affa45c703bc5a9cb43343cfa8,496,4,0
132330,fcecaa1fe732487b5a87446e8e75c643,496,4,0
132331,31859b09d8aad4f9a9e65cbc2bb223b7,496,4,0
132332,e1cd003cc37a12ef2612f18302c0dc3f,496,4,0
132333,f446958cfd304e43cd0bb61b3d48435e,496,4,0
132334,4ab231c141b364586198c287fa651181,496,4,0
132335,38cea951f365272dd05a006a64ed4dbc,496,4,0
132336,7acfcef60cd577097f6dde3d38c90898,496,4,0
132337,ca35620bb8d9cf410cdfa7da76121ea8,496,4,0
132338,efb937bd0b132443765ffd771ca74103,496,4,0
132339,bab69ee1f0ffae840a7ff3599d45df2d,496,4,0
132340,31e99d721d981f7c401dd63de26628b2,496,4,0
132341,d63d6a78042522e8136c6754df2e1fe2,496,4,0
132342,1079be67629ea7c1fa88fc8e78cbcbf4,497,4,0
132343,fb9189652687bfb8b43ba9210bc26057,497,4,0
132344,fcee3379ea56fbb6de1ff492cc28761e,497,4,0
132345,1aff4e9e92fe83d1e750ad8be0fdaee0,497,4,0
132346,be861c368de114165a19ca5c0abea523,497,4,0
132347,f8cd9e5fcf9da1aa1e964c53cd10be72,497,4,0
132348,f1ce9e3c51988c81e47e576fe4870b5d,497,4,0
132349,dbe2f44becfe2d1275eae0b46f90ab68,497,4,0
132350,be9f190f262165a64246799a8224ae79,497,4,0
132351,bb1c72192b6b648dc34f5caf3b6ca1b2,497,4,0
132352,f91ce5135c8957f89eebec4f2e8cbef8,497,4,0
132353,86d7e5b8e0d7e2cec01abbd221f45a05,497,4,0
132354,b722717fc55c2561e17d1d8cacea8f93,497,4,0
132355,f7243c2fcc3e408e18f2dabfc7d5154c,497,4,0
132356,f1bca90857c51bb4aba16b37905cb0c4,497,4,0
132357,ceb0f3dab057f55a2c17d103e64a98c6,497,4,0
132358,883a92cf7287d4ede1eee3d165e0f95d,497,4,0
132359,26df1486de2de86bfa779da935db05fa,497,4,0
132360,ba5bd78e8fc3b4a4e7455c19babe4e8a,497,4,0
132362,545a7724c6a89d5cbbbfe27463799efc,497,4,0
132363,bb40343a5a635d079dcfd7899fd9ff99,497,4,0
132364,da915c098c50525e1147075b05b359ee,497,4,0
132365,9de51b31a4506964a2f5ac8a5af62892,497,4,0
132366,d6017e4920e2024230b0c2903efc8954,497,4,0
132367,99db6476d679a3ef7dd7d5dd671dd027,497,4,0
132368,a90b110d8901f82594cf4f2612365ddf,497,4,0
132369,a21c3016886c722740488cb068810927,497,4,0
132370,c5e8dbf2e260f9150c08e795a01f1b1c,497,4,0
132371,6564a852732c8dae40a17d1de4eaef23,497,4,0
132372,08fd91966c290310899982975d175eef,497,4,0
132373,1b5fab8cace57394fe7942c7259418ad,497,4,0
132374,af95591fd1f2f75e6bc6296688d4151b,497,4,0
132375,c80cf2e0c196ebc1ee061ac9eca2ea75,497,4,0
132376,00083b7ce519ae07e3cf31d5d81d55c9,497,4,0
132377,6923a6bc2c3987f4a1bc05a1e462eab3,497,4,0
132378,d26a8a136db51761f92d0c62d4a9bfa6,497,4,0
132379,33786c85770281b0a06ba62db786d658,497,4,0
132380,598f8535fadfbe58b726d93db9f016f9,497,4,0
132381,c678fb2c43bca0525361621f6d4433c1,497,4,0
132382,fcb0dc68306274cbbae138b9e1a61c29,497,4,0
132383,4f4dce7ef1bf90dd678a6d183e0013e5,497,4,0
132384,5458cf68cad48141d9cc096a9d9225bc,497,4,0
132387,d600061166c0e44aa4c1b70f0be20175,498,4,0
132388,dcdf4bfbb305267af0e38c42f03cdd84,498,4,0
132391,8247a2be5bcbfc447435dedec4a2f3a4,498,4,0
132392,b29ac95c52841b9e303832dcce4e185c,498,4,0
132393,ef578f0bea22b500a1a1d01989fdbe8c,498,4,0
132394,63d430916d24f0ddef9bc6d264f451eb,498,4,0
132395,f354f9011c438ba5f2ad0a3de1ab90a7,498,4,0
132396,670edc8dab26fcf062eb09ceba04e054,498,4,0
132397,b6bb502db290a234992cbe70f1d8f36c,498,4,0
132398,19957d446b835a65a16f8f8abf149bb8,498,4,0
132399,c165454db74c2cd764c04d7f51b961cd,498,4,0
132400,6ed90a555366a0b2d80bc7b5f5c69ed7,498,4,0
132401,f6404db16dffa660d511d7f9660eefc4,498,4,0
132402,93bfb6234c9d0f7eded463c1bf3d639d,498,4,0
132403,8408648a8a978281dd5ac01831d4ec79,498,4,0
132404,c6347a612956c4a6e29f889f69fe4e1e,498,4,0
132405,56314ae7ba6461152671c9394de4b3c2,498,4,0
132406,599f3a49b74593915060ef101dd23c00,498,4,0
132408,55b777bbd039dd0379b362e79b5ed2ec,498,4,0
132409,eb89d901bae97b57e7345035cc1315d8,498,4,0
132412,b9a57e1462c64b8551c8ea1ec44e0d78,498,4,0
132413,7eb3ae547df59dbf637eba89d843b073,498,4,0
132414,8b96340068ac779af75cce9b3638828b,498,4,0
132415,77a686a866317f715b6e4a6cae6170dc,498,4,0
132416,344479a121ac2fb391ee24cad895f2e2,498,4,0
132417,ebbaac79bc72fde9358e1b9fe5475609,498,4,0
132418,c3a6b887ef7e0b3ae7d39b4f51386644,498,4,0
132419,04cc8537655c855eef34df67350e463d,498,4,0
132420,ec62aa2956c97e568b98b83f415b5e37,498,4,0
132421,28af74371b96416774fb837b306b2ce1,498,4,0
132422,f9b87fa74e6359eb5b38990c75d455a6,498,4,0
132423,9667fa569c7c8286d42d294b300fc6b9,498,4,0
132424,2d095604385388263d755a7aa1e79e1c,498,4,0
132425,4f0adae5b39c370e3359d8a557d94833,498,4,0
132426,106fa9eb1374f6840e4e69d97e5420c4,498,4,0
132427,a1363118701f37d77a754646d4711a05,498,4,0
132428,02507b3319669ca16deda2274d99ba36,498,4,0
132431,5f4b08c64db8372c9a83e50e1a0d35ad,499,5,0
132432,1c3285fd0ecc5994dd5df55657b0c6cb,499,5,0
132433,a47ddaddd6120dcb3b731ca44d078d6d,499,5,0
132434,fce0dcc87fe980187834e5d1e6dc1c3f,499,5,0
132435,9fa50030fca4bdbb134f31ddc4d859fa,499,5,0
132436,b34cdc12b2faf5e3bfecf1689aee1a23,499,5,0
132437,84f22383c3d289017f6b6cfaa02807b3,499,5,0
132438,585f5f350980e22ce3edced10583de60,499,5,0
132439,cb85ac8cedbfdec416fc6ed6bf6a14ee,499,5,0
132440,471734eca6a3e3725ba4fe9fdc2ac683,499,5,0
132441,f8cab3bb81d94d2dd26b1711dd9050f8,499,5,0
132442,078d39c8da55a6bf2f11534f0596c1af,499,5,0
132443,9710ab7fb161aa15629fe760f4a0582c,499,5,0
132444,7258408d64ae6ef56268c2ab137c09cf,499,5,0
132445,fba6f0c39e2cf14a0154fea1215e650f,499,5,0
132446,016d9087b2ec5cfa33dcf8aff27eb819,499,5,0
132447,2fe69ebde6c53c64d79966eef5b41eca,499,5,0
132448,94fc49c4d1a3a3032065515295c3e08c,499,5,0
132449,a44ad5af4fc37a4c4ab3cdcadd784296,499,5,0
132450,781d0c5f2de3df987036aa64151ece79,499,5,0
132451,de475817112b6a63ffa1b6fbb3671ff8,499,5,0
132452,b451f98fbce9a0c6265f74c1deeaaed9,499,5,0
132453,0a7e1fdac6d4154690ad3ba3014d54a8,499,5,0
132454,e614aed3e6d9ea5dbb7e18c7889421c7,499,5,0
132455,7907d6ab247b8e6c63a90eed8bf5c512,499,5,0
132458,91586c47bf5b19d7d6fec98d31a6a7c2,499,5,0
132459,75b7de2c802790fcc4cae4020ce1443f,499,5,0
132460,7d5a5b71695d016bbe3bcf0e3aa86537,499,5,0
132461,9811b95f8ec1fec8b90cc5f4ef46ea0f,499,5,0
132462,0356156d25a9373e9ee9ced72e0b36b2,499,5,0
132463,7796d8efa453ba20ede42a7d604d9c51,499,5,0
132464,60eef2adf4635238664dddd156cf4e94,499,5,0
132465,19572f344774c060d2c760715abbac9f,499,5,0
132467,bbfc298f0aff449ee2b23e1b5e5f79c0,499,5,0
132468,3915d2d4c008e6cb7a06b6071b267dc3,499,5,0
132469,9c32b7c1abf97be53bb5888fd52b602a,499,5,0
132470,031dcd0d9c288b2d75fa19640648563e,499,5,0
132471,79af57e78c5ec17326e98fe67bf20cce,499,5,0
132472,e29ad11256b8bd980314e4fb9fc312b2,499,5,0
132473,cc0e32b351eea4cb30ba8bb541027939,499,5,0
132474,40010d7e2465f639226adc0d39af6e59,499,5,0
132475,95d8e7fba3e23aed62d828844ec107fa,499,5,0
132476,072579f620d56defe48c5250b2f7cafc,499,5,0
132477,b03278976132c542fd7762913d0293b5,499,5,0
132478,9b44bd23e1d2e7ba1e61731e46911e22,499,5,0
132479,a89085dd0d2b98abae8e9af210876edf,499,5,0
132480,4299a73abcbdf68eba8681e6ea6e9cc8,499,5,0
132481,92d09b42f475cf340c0aebdf1f9afe54,499,5,0
132482,4e8da046bcc752df4054d19797fdd936,499,5,0
132483,0e00b52b3cf4f585f3e130d9d3239d68,499,5,0
132484,5b2a30afc68601998ab3a365eda43cf4,499,5,0
132485,a1f001dcb9776d6c806a873efc745567,499,5,0
132486,c581c171d89240986feb22286d06d48f,499,5,0
132487,5bd7dc5073f1586b3e103f84a48fa6e7,499,5,0
132488,b93bab706db032bd6deec98254782896,499,5,0
132490,59b7d90e1a211c84a9ad3e9d97b06ea5,500,5,0
132492,4abc04d861c19c453e6b509e9ec321ca,500,5,0
132493,e644c3348350822650560cee2032ba7d,500,5,0
132494,a61d435f3ef2bab1414acd84942c0a72,500,5,0
132495,b4761a79b13ff2fb5eff7330109ede8a,500,5,0
132496,4d73ec6acd4dbf5bc4a69955e73b7d65,500,5,0
132497,13f76fc64ff3bc4713586db41bf7e1a1,500,5,0
132498,5515debb6ce9cd63c23bef4d306cc32c,500,5,0
132499,e6d87760d07a0f48f98d736098facf61,500,5,0
132500,55eb4d40693a72bbebe33e8d004d54a4,500,5,0
132501,ad3ccd9f2c8bc9f0251770a39f013a9b,500,5,0
132502,36ea8327b4ed09e51f561666c892968d,500,5,0
132503,f7b5ff4ec95df188823705a8e5b7f829,500,5,0
132504,bbbb68cccb44628d340f3ffcdaece83f,500,5,0
132505,04156d4a09e2b70b3f457890cec2c17d,500,5,0
132506,548f51fab1cf3a2f967ddaa8ebb4d6a8,500,5,0
132507,4d0e5417cdc116bee4bb877b082e151d,500,5,0
132508,744a90f636165859b5b7517f5e59e3e2,500,5,0
132509,3425a9a8427093dc33f50069c7eb65fd,500,5,0
132510,36a6a0d93d7c579d40394e379ea278e6,500,5,0
132511,9c83a934d9ae843fccb77fee5d8922ff,500,5,0
132512,cc80c13dd22716afd0c276b4d0e57447,500,5,0
132513,591f11eef2bdf44df22de76f224e0620,500,5,0
132514,ee0915b486fbfa083388c2d5980a2b9f,500,5,0
132515,aff6864eb19d4c8909f4ab755096ac8d,500,5,0
132516,269280e7b66b7d6460a52560873b25e0,500,5,0
132521,e8276d537e2d438fbb4ea0d1d6ab61ec,500,5,0
132522,c59b6011ef938898b56545a44aeedd8b,500,5,0
132523,581f97b619e16f5220332942c45303eb,500,5,0
132524,f76ceb4a26c6f98b2605960f1de57848,500,5,0
132525,03a3b7a2df46543fa1031f29323d8aeb,500,5,0
132526,e5ae39b953bf609d709935197645e6fb,500,5,0
132527,651a7a193394bd5e20634835cd545d55,500,5,0
132528,c24ee8be8a220d3ab1b905340e8b95d6,500,5,0
132529,c22d5aab83f1e7144a42c36cebbd047d,500,5,0
132530,bb4560a1964a27e277e332e1d8d70de9,500,5,0
132531,0cb18b9988c7b4055feb08eecb5fdbf2,500,5,0
132532,a8619203a441f17c753765f2157eef07,500,5,0
132533,5ebe00ba33a7a2eb452e4945a343ff31,500,5,0
132534,c6b786f1b242f59b799bd02d19db0c46,500,5,0
132535,9470d7527ecd22f7511598b8ad98eeb7,500,5,0
132536,60db86f9faae60e601eb130cd3ff7602,500,5,0
132537,af016536de120a1b4ec2ca91256ada13,500,5,0
132538,9eb8fc2af389fbd4859f15cd323fc917,500,5,0
132539,6b8c4ce045901ed38761ddcf27ef832a,500,5,0
132540,974d61cdb7f6474327614e153fc7e806,500,5,0
132541,9b7106aefd45662451fe708e9bfbdf57,500,5,0
132542,26f4ae136ba5d7a40d00dfe9cd346af2,500,5,0
132543,04a6bf34a752199c84696ef00015dd6e,500,5,0
132544,5031af50b3ffacf7b3d2729a18a4371b,500,5,0
132546,7cadf316d20373be3453f4d9b6db3dd4,501,5,0
132547,1f505406ff90f4a8407fc347abcacbbf,501,5,0
132548,5c397cc398ff00dfe4cdc2c4f0f1f5e1,501,5,0
132549,9e56043d11a235606c2d2581edc201ec,501,5,0
132550,4b9069d6264915ef26cf7a52c094b347,501,5,0
132551,e8e1e1aedca7cb57f31b2a025e9aad29,501,5,0
132552,0827000ed6477767a2bb3bd5bda7fa6d,501,5,0
132553,83235f85cec57a00731434f1b7c91682,501,5,0
132554,b1be26c59c4429fec6d8856d9591d75d,501,5,0
132555,c80be42ad67ceaa178f8eba747e21166,501,5,0
132556,7ded046fce056a121b1bbc243059264f,501,5,0
132557,e7017327491eaf33ca4bfac512909dc3,501,5,0
132558,bcd663cfc96886b4955a056d0e20d84c,501,5,0
132559,bb787d9cee976b8f9bbd2e1a56f4e1bf,501,5,0
132560,d41bb48bcc123ae4b548f39e729e6626,501,5,0
132561,7d653d443c83d24fa8d0dd0ee562d829,501,5,0
132562,28c580342b9bfe396bc733cdcb5af3f7,501,5,0
132563,f34de71bf205e14523d4549cd919f778,501,5,0
132564,45028b28a14f0771f2f1710c41e397d9,501,5,0
132565,c7258d0413acf77b9a3976dcd2e9d848,501,5,0
132566,353c80e76cbb6752bac8e2c0adf6e4ec,501,5,0
132568,8af8e1ea75d3b6e82d78b8f39f77085f,501,5,0
132569,f7599fdc9b88f8b06e40f4f439a9644f,501,5,0
132572,b10ce09a5e797cef8f3ef061f1c8e1fa,501,5,0
132573,afe57c5533feac1b3c8b56c506935779,501,5,0
132575,7af407cb7fb31444c7ea88573f48cc4b,501,5,0
132576,38adf0a213f8d7c7ceb4a9c448968108,501,5,0
132577,0dc5599441aa67fcf9abb11a6929d3c9,501,5,0
132578,8807a1b9a97cef42285e340c1c213be5,501,5,0
132580,e852138afd47debb9a8cd646215395a7,501,5,0
132581,9046349c0c976715b8ef06bfd62d554f,501,5,0
132585,e68913137a5b5a64e990a059c86ad458,501,5,0
132586,e909949706b31febb52ad3fd54f44ee3,501,5,0
132587,096ac608bf3f68a0dd62e2ee6a8b3304,501,5,0
132588,5e755138664237d476211adce0340ffd,501,5,0
132589,6bcc931ff9a7b2a963da0d14e1c2422a,501,5,0
132590,65b91f26fd37283666320dbaa3475881,501,5,0
132591,82b5222bdc8d1f9e5f1ab60e7c215ae8,501,5,0
132592,09bb00eb7d52e3a5030899ffdc6adeb7,501,5,0
132593,f46a3eb7bc17ce541f35ab79fd6c0ad5,501,5,0
132594,5686b0a36d1a7fa621c1c06ccb23b26c,501,5,0
132595,73ad26c4ef3c43a041b3007026e2a567,501,5,0
132596,b038633d921ebae102c9206748bca4b8,501,5,0
132597,6247fb12ba70bfed5e9488e9eee94d34,501,5,0
132598,630a5603bbfdb75f3a84506593c38d5d,501,5,0
132599,4bb2b37481873b44d51646211a5151ec,501,5,0
132600,523a8426e845397ea66e71a8e106b316,501,5,0
132601,5b3ff5a787e929ee41d1dcd2f3fe1fb9,501,5,0
132602,142f8a78fd871a5de6d02326b02d0ef1,501,5,0
132604,e76c0d856d97ec6e4488b0c9871a20ce,502,6,0
132605,5ac74a9f52c684716554c564858d2fc5,502,6,0
132606,020cf5508f61f1bb5c0e4dc08d903592,502,6,0
132607,c0b1f957f69e6c46c8dd4d9e179b3731,502,6,0
132608,51e36a6b01295af597336884550b491f,502,6,0
132609,5c5d0146dbc8c6c9aaadcd7c82685c97,502,6,0
132610,dc61f97fa92297c473b10b162338008f,502,6,0
132611,5b960cfa367cdfe37a8bb3110b694222,502,6,0
132612,771cd0cfaa267e18da3e8419cf7114c5,502,6,0
132613,49f417826d3839c97e4792cee56b9c32,502,6,0
132614,6f8e3973bc11a28f8624b7233ec50619,502,6,0
132615,7907a85ec303513c182f56445d7561c6,502,6,0
132616,eb5c57ca9a7ab7eb1d6fdc1f8fa1782c,502,6,0
132617,5c314ca5a214e76eb263a52857949b7a,502,6,0
132618,9ce4bb4a457a15768c0ef0220bed9495,502,6,0
132619,52da67202c261fcd46cd5524da100e4e,502,6,0
132620,78893b51eba70263534bb634fadc3e73,502,6,0
132621,34fcbf1c21c887778bad3d88e7f0b5bf,502,6,0
132622,02325ad8e47dae015cdd8c3565c3c945,502,6,0
132623,c459420cfdeb3bdeddf2c7a8b30f9c25,502,6,0
132624,82d6490b6d535d69c1d44618e537e8b2,502,6,0
132625,c04d75899521a79712e008cd4ba92bf8,502,6,0
132626,26cc0554b728f70cef18e782759ff300,502,6,0
132627,0fb2963e01710fb2588b858e12780903,502,6,0
132628,c629f8ec409f529eb55b00711cfa944a,502,6,0
132629,64597a5c50a5169263a310fe5107bc6e,502,6,0
132630,a612f4099e58efabc8535866ca2f7884,502,6,0
132631,6ec8b727c79834458ee6e9fe29523866,502,6,0
132632,5b2e77873b8f4b1ba27c8a70cfacdfa2,502,6,0
132633,bc5dc6f481352403c6350c29eb557aea,502,6,0
132634,d06dc361e0e98ad717acba6fa60567ce,502,6,0
132635,de8a8978cfb49958c9a8737e1a391c8c,502,6,0
132636,d09abdf7d98d2b5e19e99ee120a7e277,502,6,0
132637,abd4bdaea7a9c3417ba4bf81bf6006c2,502,6,0
132638,05a203f2423c8a4e1b5f7b34f603219c,502,6,0
132639,73714af1cbf1fe8aeb575ce167b43014,502,6,0
132640,2f7dbf992256f0df640b7ab9069f2406,502,6,0
132641,08d941a6e07531994414091cd40e8164,502,6,0
132642,65e769f9dd48df5cafd0e4c32cab8d91,502,6,0
132643,d23efb6b179f1f9d1e2672f732179420,502,6,0
132644,7707e4765e73e7fe2cfe74ffbf09a9c4,502,6,0
132645,fd54ed567fea70b36d59e9e797b7c8b6,502,6,0
132646,e0d71713fb62abef8ce39a0d2ffe1206,502,6,0
132647,e733f12320e3001877bbb9d1c1ad95fa,502,6,0
132648,32358410fccbac3c0c0579bc2e08fc8e,502,6,0
132649,b5e1cd126f96d70879b26a6638e0bdca,502,6,0
132650,e8b9bb5c36e6de547d6d08828ebb5738,502,6,0
132651,3e55a37a1d2aa9625d9d9761611e268e,503,6,0
132652,d70c207197d161e425652849430bbb53,503,6,0
132653,01649a1a3498de0a4bda9fb6206f1c9d,503,6,0
132654,8d9aba2e8e0635c0191518719b4cbfa9,503,6,0
132655,0cc075f7b85733bfe86c44da593a874c,503,6,0
132656,45a57a434bd41f422a86c3a3e00e666f,503,6,0
132657,642edee1c0a0f28f8a94a9e0efe23206,503,6,0
132658,c33b5966121133f5e565911063063b43,503,6,0
132659,5e767387fa6ba6fbf1018120453b985e,503,6,0
132660,5cc6f301d2573476cc569707cffb8d19,503,6,0
132661,0b772d5057f65f0fc3ae4fe180a064be,503,6,0
132662,7cc83c6547b3f2f7ade186c1360a95f8,503,6,0
132663,025c12b6a92bd6aaa9bc1a068ddd1a06,503,6,0
132664,391591544739a9936042de933bdcd66f,503,6,0
132665,9c8a70b3dc12a0b335cb9ea21b087af7,503,6,0
132666,d4518514f454fa55c60dbb46cfecc104,503,6,0
132667,8a025776dfd2d3c36164840eb167fdee,503,6,0
132668,594e14785286f4e11b7d8021da82832b,503,6,0
132670,25448b68499af1e28c685bb133505911,503,6,0
132671,eccb14580c8ee00d92e167c4ba06d091,503,6,0
132672,b6097ca821653c8b114e152e6094842a,503,6,0
132673,ae5fcaef4cfd6870b01e21e8bd2b5f76,503,6,0
132674,a3603f391aebc06da1ff868e65c0711d,503,6,0
132675,875fc25bf8688eddf79229fe304f6589,503,6,0
132676,cc839cb3ab96fdbc41fb5721600c1a2e,503,6,0
132677,2c8250f3ed359d308ca9443624ae5f72,503,6,0
132678,9d8cd309328b807b56e9ca88962fac58,503,6,0
132679,b722003036b2d6e3ed8b570fd94ab629,503,6,0
132680,29fe9bf465bc116af9609df94a4e73a5,503,6,0
132681,326d5733152e6bc32eb73aba0e6ad296,503,6,0
132682,3d452ee31295d1d6bc61aceda0e78df8,503,6,0
132683,ef37f16d1fa96edcd35ad4c4585f57e4,503,6,0
132684,5595cbf4b7d4ed20bc96f03793e1437f,503,6,0
132685,516d3cf3b0b9ca4f242272a9d0f6d13b,503,6,0
132686,6148d1522d25e738c5268cef42bf3f97,503,6,0
132687,56d190024d137e98689477938d5c902e,503,6,0
132688,22b6487b6ef9e88d0569909503798ec1,503,6,0
132689,ffdb3199e8e191f3cc82a70fe6b7ffd1,503,6,0
132690,18888731b512d342b8bec56634a46951,503,6,0
132691,00c20b94f4446fc53fa58daab3e4e06c,503,6,0
132692,780405a0f042248be20be7c3136623a1,503,6,0
132693,4af283af60a114366ef64623d2071941,503,6,0
132694,dbe1b306bf8fe91fca801f142aa38ae2,503,6,0
132695,d8001ace443bacc770e086a718a02133,503,6,0
132696,b104f1153d2e15ff632510b2d44b605c,504,6,0
132697,47a0373dfe1cd4dbed8eac4444a6d365,504,6,0
132698,36c4b89eb72a7189df253fe87d6a18f1,504,6,0
132699,e35bc0af854933c9da45b8d4000dc57e,504,6,0
132700,2145de2640df16834e19fd0fc9c6465e,504,6,0
132701,77915eb41ab7944d9edf0e0fa0f4962b,504,6,0
132702,09359d5b614e971802051fffa4bd2886,504,6,0
132703,5feeb55c647cead87670ae698592cb5d,504,6,0
132704,f4f4fb427051432202464ab63af5b346,504,6,0
132705,3051236628668071dc350d469e1ec36b,504,6,0
132706,33f255561bddb75a365d3e37ecc668e9,504,6,0
132707,b38e530119ff52bdd8ed009c95b44473,504,6,0
132708,7b8b51c767b0e355b5ee4a7e4fd637bb,504,6,0
132709,3e8f07462880704fddc2d4de8da1175f,504,6,0
132710,14b02dab63cd416795bbb9530957078a,504,6,0
132711,1ee5cc41068c2bc4b25f0fc254c9f38d,504,6,0
132712,43b496a16dfa159fa8759e424f898d2a,504,6,0
132713,83fb3899aa276ef2abfefe2b275ed867,504,6,0
132714,371d4dafc78a84b169423e7c05dca962,504,6,0
132715,1d16d96825a9837589cdf066203f8110,504,6,0
132716,2974b79c8f9f92b75bf25b00e3b1535c,504,6,0
132717,6b51f1352573f94ebc74027caef3620f,504,6,0
132718,da62060578a3437f5ac8330e85a9aa92,504,6,0
132719,c6724133c26cc653d86ca0791cc4c503,504,6,0
132720,f12aa64da7cfe53c8f4cfef92a4253c4,504,6,0
132721,19a7d946df665f2c2e6d9f4f280fbda7,504,6,0
132722,16394b28c2a830f15df4b5b4d33a6972,504,6,0
132724,0b97ff56d3c79fe273dedaed0c96a96c,504,6,0
132725,015e0a098514b1cf016737882e9b0a08,504,6,0
132726,1c48656d4f193c94f6d2d87282465772,504,6,0
132727,2bb5b774a67b5a1a7e3f6b5ab481e29e,504,6,0
132728,3fa7e9a7c00ed8cb2a99086538bb98eb,504,6,0
132729,22d449656178dceadb4c811468b76d3c,504,6,0
132730,763be0c76c7a7d55389130bcb7497cfd,504,6,0
132731,efd7b33477b652c95018722df9a38ef6,504,6,0
132732,6f834337ffa38b0626826f11df3316e2,504,6,0
132733,4d33256f8da9e9957b50b7c47967cb35,504,6,0
132734,7ff23e9959d2adbfb4723b99d49ab1b8,504,6,0
132735,22ed12479155222ce15da2e0f649cd2c,504,6,0
132736,d9c3932c13e80313d8d2f228bf745bd8,504,6,0
132737,d12a50b37ba32966994edd6e31c7f453,504,6,0
132738,17de9b16df6582062959d64d97984895,504,6,0
132739,01679cb9fb1014c978da2fa0c1618c7b,504,6,0
132740,a6692bc967623923dc081a9789b93769,504,6,0
132741,14d4e81f48da3397f4896c9c501fd81f,504,6,0
132742,3afb66b092a59964d92594ed3a04b1e5,504,6,0
132743,4667f4f0bd012898712a41228d836441,504,6,0
132744,d83d543faf6f23735e394e8a644d2dd6,504,6,0
132745,33c9516372c8367b8d7b4d8720c1e19e,504,6,0
132746,fa1ea4f259a3655426e1890da9dc70d1,504,6,0
132747,c6aa25a11e70f2bb2a6b1cf3fbb71643,505,10,0
132748,15ce77d3a11d427d8d9231488629ed2d,505,10,0
132749,b7ec77d12981d14ab79e3cf6a95309d5,505,10,0
132750,0b5609ef6e25c5357f33e709797f5112,505,10,0
132751,2d6e7f3952230c877ec973bcab4d99b4,505,10,0
132752,91f733d506b321608a4bfb42a2ec8c12,505,10,0
132753,9d0df15e49e730aa1009199b167881b8,505,10,0
132754,eb435236b7bda07354676cb80f029191,505,10,0
132755,63a51eaca6a80222c0e46b93507bc0fb,505,10,0
132756,d635c3a13910c48d7d66da1f32c0c9ce,505,10,0
132757,441d3b594ac668e1c50765394e76a846,505,10,0
132758,4a57cc319924d224b5c3a16ca8d2ca1b,505,10,0
132759,be4bc974a399485516df61d7f0f89571,505,10,0
132760,73f024fc50ec7288d740e578e9d48b29,505,10,0
132761,570572706470ccbad4c2138d5d5375a1,505,10,0
132762,1e632c9144ca0476566060e18951aa19,505,10,0
132763,bb0912fba12bdaa2ce8293f3efc07de7,505,10,0
132764,e7110b2001796a7855c0d4c9814a0d59,505,10,0
132765,f35570e79e36e3543e5859796ea7cd12,505,10,0
132766,2ac6c518f873a6c065d2551e53f2faad,505,10,0
132767,ee2bd93070173c5dc71b01f1b25b9fb3,505,10,0
132768,7eacf02228d9ff7da8c3f60552779be7,505,10,0
132769,e9cd9e967cf8b1a6b79ab89e9a99ecb4,505,10,0
132772,4f72d6abf9b9415e9052f7272b8b109f,505,10,0
132776,3e03c4df82e247d49d91836c737a7d9f,505,10,0
132777,bc8bb0f48e988dd3c068d5d80f39a664,505,10,0
132778,706393849af725ba7b6de502a38037b6,505,10,0
132779,05c3786c770dfc261edf00a41e91fce6,505,10,0
132780,504bad390f41d4ad4acb63d7c0399fe8,505,10,0
132781,fd5a57673b22be354d6eb4a5a6a51272,505,10,0
132782,79b56b40f70493dfc2ef79f49a049c44,505,10,0
132783,da327b3e373e47bb78be8b164e1d2ec0,505,10,0
132784,ad7270e3b70c8cfe6b5e7e14b65e2b68,505,10,0
132785,dafb79ed5793f5219e87110240edf269,505,10,0
132786,45b1270b3ccc36f52e61e834deae590c,505,10,0
132787,fea08522097d5159e43828b110741938,505,10,0
132788,f8f0c26a0b1eee39c565837470ca1b65,505,10,0
132789,ab1169d9c8817abe474a1c870df3288f,505,10,0
132790,61fd28ca84d795282b9b2650aec3b61a,505,10,0
132791,704d58047491e464cf40d1e51232e542,505,10,0
132792,07e946f872a4abff6afc0ed95a3aa5fa,505,10,0
132793,f61cb24d1ac6dad00b978e3106b3545a,505,10,0
132794,ddf59acdff5165e8873c0ad808609e2d,505,10,0
132795,f6b0433bffdcb8ea8501a0449fe71558,505,10,0
132796,e65c8398e4634681c665ede04c9a873e,506,10,0
132797,51fd3385ca9d08d6394cfbba18123d5d,506,10,0
132798,d2066bc52e415852739e0563318d97aa,506,10,0
132799,800f5e7a7de2365dee1c97a933da8e37,506,10,0
132800,1a00ac3cca0b3b0e81ddc10ace899339,506,10,0
132801,e27760a578dde6f12d374fe13a505a9d,506,10,0
132802,7ba38d157baabc93d56270a39624b1ce,506,10,0
132803,5e066a6e76072a17c7f16d64a4bbd5a6,506,10,0
132804,ef63db2218a3fb70cb244e1747032a0c,506,10,0
132805,4a1938ec06b858820fd6819ac267a330,506,10,0
132806,83e34ce1e75948360f5762fcea78b2b4,506,10,0
132807,bd7fd2c1ffb0e238c71f3bba5da0733c,506,10,0
132808,ec1a7ccb305f8ffe561da0f33c61fc00,506,10,0
132809,f0404c5377597b49af8aea22f89ff64e,506,10,0
132810,556a2151ea9103765ec282ff5639e1eb,506,10,0
132811,67ba4246d5023a976243871f27a53969,506,10,0
132812,a2240f12b64a51a3c91f5dfbe56d2e9e,506,10,0
132813,7f9ef1ffae0e0595b476bdb92f09435b,506,10,0
132814,f613fbc642283f5ef57c849191ddb4a6,506,10,0
132815,8e3aa3b06dc9ae56e10399d627858ddf,506,10,0
132816,01aa0e09819cf6fd9c5e106b537fee9c,506,10,0
132817,c1ab92804eab15ebfd0976248abc7f8c,506,10,0
132819,61e86275970c6cdb3a8b66513a7e4ade,506,10,0
132820,254ebb0b305f81ca94cfa38859c25b46,506,10,0
132821,5c2f31779b62b5bba5e7bbe92a759614,506,10,0
132822,d8d9ea74feba87c3fccd4884b6dae471,506,10,0
132823,d1abf02f44df65a571fe268535c30337,506,10,0
132824,b0fa308070fdd03502aefc80c874bd5e,506,10,0
132825,b218147281136e527d635697393b1955,506,10,0
132826,8e2f8967d6202343142d776a4d103c84,506,10,0
132827,a79fd3e6bed9feff526468e900d653af,506,10,0
132828,2c7fe56e6e49557a4c48208ccb122720,506,10,0
132829,52d6f2b2ece722adbeb4733417e1c2cf,506,10,0
132830,86e1528c0b7e5ebcad6dcf533f4308e1,506,10,0
132831,4026212ebb16890ab54497f7ce3362c7,506,10,0
132832,297a88bde8d3d68baa1d59a472e67c8a,506,10,0
132833,145a2e14789c73b561936b83edb0d347,506,10,0
132834,0261ca507fd56f601fa5ad2cab7ba04e,506,10,0
132835,d757998f491f53715050b77b3f3e00bc,506,10,0
132836,e96c41596fc036e3571bd1846b8b74f5,506,10,0
132837,5b97d95184ad7b9e4c2a3ed11391b221,506,10,0
132838,b3f742e30a48fa8516308878f410f5fa,506,10,0
132839,318418a164c60e6c0730ea2cda78a43f,506,10,0
132840,9114604771a6962738bf620fb1fa1bed,506,10,0
132841,cc56876ba55c2f2a43d3159dafd7874c,506,10,0
132842,92f766f94fbc5d91b97cf2f1efc5c4e5,506,10,0
132843,f79247bba72dabce1d75f610bc19ef90,506,10,0
132844,6d88e3ff77c6df2c588f5bce034d3c75,506,10,0
132845,e86628ad48e4aeff9ddb255d907da8e2,506,10,0
132847,c66c726f8dbf81724ddf0d0b6651f8da,507,10,0
132848,4413957a7300438ea46641e4dbdc8838,507,10,0
132849,b5b1e50e387de1f94382de84c8176933,507,10,0
132850,21b5242d0d860c0707fda56e8d8646cf,507,10,0
132851,6c1d4f0a1ba18f8b57ccf1981aaa3ca4,507,10,0
132853,412021235c53f777a4a13db68a73b452,507,10,0
132854,ddc88477ad2c5bf908f718598d6f6df2,507,10,0
132855,7a86e71e8e703adf08eb9023f3aabf18,507,10,0
132856,b49688650b36aae957deb2dbd8293653,507,10,0
132857,079317f6a5398d8460655b0c6cd896f8,507,10,0
132858,ebcb396479771c2e98522fcf2c1f7daa,507,10,0
132859,9b590a9050d17497294ff0a823d50f65,507,10,0
132860,2e204e29cc3f03f2b73fa2871c5708f3,507,10,0
132861,559db7718eae5a6257a403b3ed79a3db,507,10,0
132862,68e0b488b8eece672e19ac658c9d8ee5,507,10,0
132863,2dc3c6b0ad8783a7d3746138fc400b31,507,10,0
132864,99abd8804c0c269f51f48573308d37cc,507,10,0
132865,3fe9f9df9cb066e2fd6ad017cbf2c10f,507,10,0
132866,4b37f0b2fef99a521753f6065a54be7f,507,10,0
132867,6c004f8aa4085cdc10facd9e10184319,507,10,0
132868,a4a1ce020a5a29fbcec04aa4e7103fb8,507,10,0
132869,0cca61151ffd4d0c7ca6a856185c1032,507,10,0
132870,6fe2431de047f5a2965725e20d8ee35f,507,10,0
132871,91a878f66e8cd3f4f7ac0def8e97e598,507,10,0
132872,400cae5b1240ecac667ba72312f62901,507,10,0
132874,7d63f251152ef45051155e4b2911892f,507,10,0
132875,8c6148cd4a7562d3d4aef060a8395a15,507,10,0
132876,1f34150dee95a63a652a303394f2cfd1,507,10,0
132877,d85c1594754ca1f5e31e5cbf4928a70a,507,10,0
132878,4448d22d7780ba88df6d004291e888c0,507,10,0
132879,fbe6703f0e9f111e48ae38a2d82a2940,507,10,0
132880,721e340f82e307099c10c2d3f27dafe8,507,10,0
132881,ee839f7f5361f61dcc2019cbd2ba8602,507,10,0
132882,e645e801fcad8a0576b23cc689499e4a,507,10,0
132883,4ef1ea1b43a7922c510f3fabd52ec879,507,10,0
132884,1fb62e1b88e322104703756fd81d9522,507,10,0
132886,b98108a560e1d8ff75e9130566fb64da,507,10,0
132887,1fdd75c27d3dc4b1c6ffc19e0bbf6206,507,10,0
132888,44322bb981fd97e71107cc74d6a7affe,507,10,0
132889,8e22478a8417982a6ebbe252f2f382c5,507,10,0
132890,ef02b8dd7955ba97b1f418b958565f2c,507,10,0
132891,72be374569f40cdce48e2bccbd2014e8,507,10,0
132892,0e5eee599c5de70ae1656580da399aeb,507,10,0
132894,d9286a698f957e07e957b91e4a326b2f,508,4,1
132895,a55ebab2b1aa8f0daf6a73cc4a15af02,508,4,1
132896,5659cf194477507ec9f7d4703af30b90,508,4,1
132897,9b99607759df5e6fa2feaf00e7b8ea6d,508,4,1
132898,4ca2301efdfc8cac3de7db1ec0546b2a,508,4,1
132899,4d80fa666d36864bf68808c67ecf0cad,508,4,1
132900,7366167291643c76c57c5d311c9adc68,508,4,1
132901,c521193bbfde3c346b43c1b4263ebfa3,508,4,1
132902,1ca047a65d924a3ee76b7da2137fb88d,508,4,1
132903,1fa9725684655450f21ca1fa65e11843,508,4,1
132904,703646b93068a60f4df2ee1f5b01fb1b,508,4,1
132905,d5d8767f2b7f7e2464de3ab267f13fc8,508,4,1
132906,b3d3a951fdd5659714811b4b533bdee2,508,4,1
132907,51e504f561c694bf0b4339f45e728766,508,4,1
132908,1586229a3ccf822bf7f1101afae9e7f5,508,4,1
132909,8091124596bd47a1105a27e8c880b927,508,4,1
132910,479fe6ff4a43c65c70c48fae910f7b1a,508,4,1
132911,ab1a6d33b64d7aa1747d6bc7dd573d0e,508,4,1
132912,9de6012d61e6d10dd8c512678a357434,508,4,1
132913,33a0ee55be97f10e5aef400f78ae69be,508,4,1
132914,e1866171bab8c019df9ff59edbe5179e,508,4,1
132915,2468865deda49ea5f02dbf85422cc72c,508,4,1
132916,e19cd9710fd78f9656657bbf24f6c6c7,508,4,1
132917,66361d29eef891af55c9452481c1f5f8,508,4,1
132918,fd16130a9ef7e27bd4019b27e9695527,508,4,1
132919,e7fb8243bc9db37eb4b56696738fed4a,508,4,1
132920,daaf84dd4a554a4b1f637b78142992f2,508,4,1
132921,972b05544e25ef3788f24879f38237d7,508,4,1
132922,9a6a048352018772e6cff620fee4932e,508,4,1
132923,5bd5b4e55cee6e78b557a87118bbf0a6,508,4,1
132924,3ac718fcddbd81e3a2c1017ff0c93c75,508,4,1
132925,61802193f10344417a2fcbb11d16a50a,508,4,1
132926,6e601f291d68d22c4e49a1e7a4f1f78a,508,4,1
132927,f75edb196af39f38056f6f3fc85be108,508,4,1
132928,69f51b5fe42d580b18a4b9e871fc2f10,508,4,1
132929,03887c1687b1bc692e1b3253782f1569,508,4,1
132930,334cdb73b8f285d084e1493015de6919,508,4,1
132931,15dcdae4836c478b7791128cbd9feb4b,508,4,1
132932,a62676a6a3325640edb4a8a38b564e57,508,4,1
132933,30889c1d93420635417edc45ad3c0808,508,4,1
132934,6dd933c56bec61ab384a72323cb5f268,508,4,1
132935,6ef97a3541366108489d5fb3934ede18,508,4,1
132936,f630fd926fd11580783aad6b0c7fddf1,508,4,1
132937,08e1641f43e38ee56cd6194ae623bf45,508,4,1
132938,71c01ae9671f59982ea7c83ed0b0fa26,508,4,1
132939,9cc34e5906479a15d3e5fbc6bbb7f1af,508,4,1
132940,190ba05a725b4ef7747e11bb9a3839e6,508,4,1
132942,710969b7cd1a8c8fc3d72707e6f37d75,509,4,0
132943,470e7801e06a0cb197e84c99a3435521,509,4,0
132944,4f59a7ca5d134046ddcb2ad6aff21ac8,509,4,0
132945,26d23232029b936cbfcc478ebe9088e0,509,4,0
132946,217b16cbe4dafa120ec2abd4cffeb7dc,509,4,0
132947,7f8f78facd7237b84d5db56f8dd04dbb,509,4,0
132948,d7ce6e3fd639bb2992f3a0ad44b38ae9,509,4,0
132949,59cb3cc9b26db286dfa148241a4c2e18,509,4,0
132950,a1e0c15358c301bf8a773764ceac37e4,509,4,0
132951,0fae1e7dbd806c2407bb15454f7c95a1,509,4,0
132952,5d42c4c91665a789529ff4ba90d98172,509,4,0
132953,e67ba6f70058f9a22fa2d2fb8def76b7,509,4,0
132954,af2fce3dc81b0d0a7083b0155c2aa61d,509,4,0
132955,dfccffcb678b0a92f73407ce92c46f68,509,4,0
132956,565e4873d8e35ced94f7a86fd5d3be82,509,4,0
132957,5e3348b356c9f179be64a0326adefe8a,509,4,0
132958,a5403603d455490825764ec1e47f7260,509,4,0
132959,55929e8d5b00da73a47721ef35ca0fd5,509,4,0
132960,c13354bd8ed8449fb50a986158aa104b,509,4,0
132961,be9f4ee39b0694286aeb9196b11a7fdb,509,4,0
132962,e3f19f411d66c5418ca6ccf9985f5ecc,509,4,0
132963,8d6a831742cfb3af8ae00260144f9dcc,509,4,0
132964,c09a12cb5d38b86f1ea07f97f7a4bc02,509,4,0
132966,3020015485a939f336e155252ae6bd42,509,4,0
132967,b94893c52afcba5537ae9821e624d5d2,509,4,0
132975,637ceaabd00b9f95a3ed46913add940f,509,4,0
132976,a48ff0d600e093937e09ac26cd731d2e,509,4,0
132977,fbb24b6b3244fb26924e2385bc046a8a,509,4,0
132978,496cb51afa23360a926f7580bf3c6cf1,509,4,0
132979,c4fbbe7455445a8a3b4a4fbc972d1a0a,509,4,0
132980,cfc35f02a521895348cbcb936477a159,509,4,0
132981,50b1810069c0327ea88086977bc190c6,509,4,0
132982,9a00ce54c0d749361d33cc0febc1b65e,509,4,0
132983,6f01eabdd3d5179e92977ddd59214ce6,509,4,0
132984,dee419d156f273cde787021cfcd5c918,509,4,0
132985,53064002b354fabd350b5fd1c4da7008,509,4,0
132986,ba674ef581f56c94f81f8a54da592348,509,4,0
132987,13396cfeecce45f6c19c3e4936d5c42b,509,4,0
132988,452f43810a468152b72b743f53c433fd,509,4,0
132989,b3a5f0328fbf29657d9a41156db23c3e,509,4,0
132990,72a0b8209e0c69150807727b3f3488e2,509,4,0
132991,5293e7ceed8f975d6cf77fd68957fd5f,509,4,0
132992,12710d1203b83c4607f1733fceb2330b,509,4,0
132993,03f5bba54987abd4595d57f42f3b6af4,509,4,0
132994,737a1369ddcb19f7e7529e065229c694,509,4,0
132995,00c01fec976e02b09686c24218e25000,509,4,0
132996,0fe19a3d570d69a4f01763ae95a6d0d9,509,4,0
132997,a6b8fe0556a4ff93cbc818d225fcfbe3,509,4,0
132998,14ec4c8a680b5b85c3dfde5a9b3dabab,509,4,0
132999,9510e03dae603f16af48e44d8e0c637e,509,4,0
133000,3c21d56d0ab1f83bd0c4d8c3f58eef6f,509,4,0
133001,397e66f39c8a8d3981312868adca6578,509,4,0
133002,ade13039acc54427dfee51f1fd474b8b,509,4,0
133003,6993f857e6520f6413138433ac99619e,509,4,0
133004,ef902da08a30bfe864fa98935343a21f,509,4,0
133005,60e87fbee3cf9b20d2b40d51a975ef11,509,4,0
133006,0c14a1038a24ef5a8de430b8f419d070,509,4,0
133007,136f2ab5f5da35e48424862cdb82a435,509,4,0
133008,22a577c8da8af13b1d375b92bfc4ef1c,509,4,0
133011,8eda1481a6e119368119289f21c85b30,509,4,0
133012,5904d940602bb8b19ed62d800fa60fde,509,4,0
133013,baf787c78d6362894ece7f83231cc893,509,4,0
133014,ff8ecc4cc36c9de7c578c0e9fbbd1a87,509,4,0
133015,84b1d74cd3571ff17367f5234c530754,509,4,0
133016,3fb2c11271c224ba2d0eefdbd8886bca,509,4,0
133017,7611bd23c5a406f125fe5b410839a07f,509,4,0
133018,55dca3b5e701c225bf0677594e83f517,509,4,0
133019,d2a036fffdb6022af9012f5e11be69ab,509,4,0
133020,3a1f8d798d5a6076be9288ded1b34bf8,509,4,0
133021,0981568b41bdbbbb5f6b5cdde17abbec,509,4,0
133022,73e1daea01636a7f91abcd4d21c441ca,509,4,0
133023,af072ae1fa65257dd757fd69c9daa4a6,509,4,0
133024,fbc64b7b304a94bad4f33871389cf80a,509,4,0
133025,9979b218298e052cbc7bb3ce3a81c683,509,4,0
133027,571bfdd5cdc69e6ac3a8987504a71bff,509,4,0
133028,6a80596dda1f10297a2a1188b318b766,509,4,0
133029,1781c28ecfe3f6f1e6d9fe816f0e7906,509,4,0
133030,cb7f0c492ba1f165493e65c05261b28a,509,4,0
133031,ff49b5ac9910942cda1ccb110f15c8fc,509,4,0
133032,4e914167b92493d828dd8dc0a1aeef52,509,4,0
133033,c56c50f68f46cff127e670d928018802,509,4,0
133034,72ad5d13707daa816f1289265613f61e,509,4,0
133035,c264d609851638c946edab836aaab0c4,509,4,0
133036,c9f5cb2d36fff5a0bfea95344ae879a5,509,4,0
133037,fcc4e41c05959771682bda31fee0b27a,509,4,0
133038,490e9e37eb5149a05758ad82eacbbe94,509,4,0
133039,a370af4af4dc8b5776de1c9b8315a1bb,509,4,0
133040,44e74ade103c85f7a5d19480c89fb94b,509,4,0
133041,09f2abbf23cc4d729b9f7f3172d72d7f,509,4,0
133042,8faf0b2effdb9c0665d23ad1b132d0f5,509,4,0
133043,0359c6ab4c8289f6dc0e23cd13bc1038,509,4,0
133044,528c9395f91475d5a05efcd61a4348f6,509,4,0
133045,ef0484d3fb203d9143de7ea7e52542b4,509,4,0
133046,2d68dce850a3c06aa81383ce891c1c18,509,4,0
133047,a49bbf01ac63c0fb17e26ff4421c1d53,509,4,0
133048,b779006eed5d95c3fc9e9748750ef4db,509,4,0
133049,447709610245fe21a1ce6a508b5e4fed,509,4,0
133050,f8c68c23dc722a9115988b010a7c0d11,509,4,0
133051,4679c2dbd64ecd25cea1a05b6383f167,509,4,0
133052,e81494fd15f47cbdb69dfa35e3534433,509,4,0
133053,664be9f689c24a2c15f2cabd0bcca26c,509,4,0
133067,bf3d77a80133e26d243ce5ba7a9a7116,509,4,0
133068,5322ff73724bdba624bbd42eae8f6e02,509,4,0
133069,3d1a7dcef3b40246a8f0aeda3f768504,509,4,0
133072,a6d15d9e6a4ed430b2d2d3e65230ae86,509,4,0
133073,270f6946146c2b7ee587ca810f55ea63,509,4,0
133074,08cf87223adeddc502877beedcef54e5,509,4,0
133075,edd4544a6d5188e302a43e3debaa6441,509,4,0
133076,c1c077613fcf3395269d84803cfc4831,509,4,0
133077,48f10823098fd43a0ea436f1e533db53,509,4,0
133078,2b877d14cd682ee847f60d57b5935122,509,4,0
133079,fdf00f785b8c2ea9022f024be2cbef13,509,4,0
133080,5474333d266757b4aa9709ce07177649,509,4,0
133081,d07dfb0d78c03c1212e46fccf958e7e0,509,4,0
133082,9dd243f4d029b9a6a96b0f03f0ce86e0,509,4,0
133083,6feec4f54f4d791ac6b65cf37adfdf81,509,4,0
133084,efd389ecdac50b940766de4e52a28e51,509,4,0
133085,23e6e804a6a07fea696bfb42abdfaca6,509,4,0
133086,8c28c5632f65046efa92530dc9d23e88,509,4,0
133087,936fdaefe304e94486f95932e6c0c193,509,4,0
133088,2e23df32abbcbdebe42f21b37f1dd701,509,4,0
133089,1c44f014bec304c20a28e63a8f8ef12a,509,4,0
133090,8980de9dbb6a12c923e7b2c5bff1ea65,509,4,0
133091,634d0a6f67963d9bf220815f9e9b0477,509,4,0
133092,55f7c46864768bd48c3e8dc72815b330,509,4,0
133093,11a970f8922afc2d5d28115ac8c82c60,509,4,0
133094,6cc5ae2d43047da9e9c745420d5eaf8e,509,4,0
133095,cc5c109819b01a918b5dbc80d33e9d6f,509,4,0
133096,5f23ec6e1925e8dcad13ebb68c6814fa,509,4,0
133097,49120d28649224da3787e99a4c8e714e,509,4,0
133098,d099bd43fd4f8f024d922e1dc8c71c43,509,4,0
133099,419eccc016d5723b63b52974f125a56a,509,4,0
133100,12d3e93cc2b609149b0f79288d41dd71,509,4,0
133101,72450c436ae805f219dbc329a9d3f0e4,509,4,0
133102,d2b228ad24e6ae8b8849d0e9c79cf4b2,509,4,0
133103,7278b877f4bbd49bbfa72437a80d6544,509,4,0
133104,81200fc6e42a052bbbfd8a56b4d2bfb9,509,4,0
133105,147815197366a89ff9b9ce0317785ed7,509,4,0
133106,c05bcbb2a1ed742c2fb42582a2486d50,509,4,0
133107,3a9b97ad47a1c1ad583368b641989046,509,4,0
133108,405892ffed181a3aa4816d5f03ee9346,509,4,0
133110,6ad94064c3736ebbc573e6a5f0274607,509,4,0
133111,a95f0ec7eb6e20d8ba0438656cd1bf7a,509,4,0
133112,f75c5d963b9734db613c1fa1e912fa99,509,4,0
133113,e7e6f143dcf4a4269925cb804efd4f66,509,4,0
133114,0b6ab54dc5afa8c8bd3556c638110e53,509,4,0
133115,6fb7fafa7c2cc2453111ab10a2ce028c,509,4,0
133116,bf861ddf531e2aae862161bfeaa28418,509,4,0
133117,a7758cc22a002aee711d2541f0708765,509,4,0
133118,e4626df914c775a68d78fda1060e36bc,509,4,0
133120,f1840ef455060162dc76761e80af5b8b,509,4,0
133121,a4dfb659e1ef80e138bcc859ed181e68,509,4,0
133123,f93a1e7bb4fba62bb071bcab710e576c,509,4,0
133124,a7b03adedaf0b37c4fb77d30943a4b48,509,4,0
133125,585310c9ce01f989689ff796bf7522ca,509,4,0
133126,32259aa7f871ed64d1134bdec6056136,509,4,0
133127,ecdf2b5af1998a1abda207df1a84fe56,509,4,0
133128,1021554a77c96eb23e91f395c31037b4,509,4,0
133129,e97e74d40032a5d0d6b18bb7fc800790,509,4,0
133130,8e21c05e937bac297b9426872c5b64ec,509,4,0
133131,65d68d39ae20bc6e36ef30efcc55af67,509,4,0
133132,08c375d73a6b53b9b043b254dd67e1a4,509,4,0
133133,f60909459425ff79c7758c3bb2a077db,509,4,0
133134,b3ed1fe432ac050789a78e78b982b63e,509,4,0
133135,b979f95f99f7210ef0b9311947c8468a,509,4,0
133136,b852a4634c7df90b4d83c287cd533f47,509,4,0
133137,09decb5b51ec24556f8f729c349397e1,509,4,0
133138,5280e59c1466edda3459b43202693e9d,509,4,0
133139,e10b10978845921dbdcb10c8b8232840,509,4,0
133142,cf6fb98a78cc1502dc020237a3fef0ca,509,4,0
133143,b5ed680557725d68c7b0217c807da1ff,509,4,0
133144,b8f3075d92c8022dc32597e921e1270e,509,4,0
133145,1821d1e3a18ae2425774477b084bd165,509,4,0
133146,9a5bb188ca3dddd3cb9be2b0fb9bf4ba,509,4,0
133147,66f69ef350e16ec67a81e523771142c3,509,4,0
133148,1f968704d1bd1ae2afc51bd5fbe38248,509,4,0
133149,07b7f1ceb38617734f9207f1aa3df60a,509,4,0
133150,34147fa26703fb2a63e688f69c282741,509,4,0
133151,ccbe6fa5b3f9f1a5917d7f7eb8889326,509,4,0
133157,6217822a2248e3e17102c8669a7918b7,509,4,0
133176,8f75b836802a750b2a5a20b5aa29efeb,509,4,0
133177,f3ecc20d04ed1ebe02bc203bf8bf31df,509,4,0
133178,40d2c858c571038a857bfad13abcebc3,509,4,0
133179,f559917a902cbedb2c8f181b82ce8f41,509,4,0
133180,5e2de1a05602d38461ff7910bbe591b2,509,4,0
133181,71a0746060d718f67b68b72edce22c49,509,4,0
133182,b9ecdd91c5671f0517199217933e996b,509,4,0
133183,9808e1148406bc4c6edb08b50413ff25,509,4,0
133184,c0b1b4b54f29e95c0c1859aea44d1cd9,509,4,0
133185,34c9055415979730659827084a9390ce,509,4,0
133186,7360df426ca2afbb72d2825b242d57b0,509,4,0
133187,67e93c62f1f985887615c362eccff4ca,509,4,0
133188,fda525b3443bba748c98d80b23d03ceb,509,4,0
133189,4d0891a8f320877c947db899b59223fa,509,4,0
133190,94a13830a52b1e78fcd6d479041a99d5,509,4,0
133191,66654d2b32e9b5b93f17c4aa6e677a28,509,4,0
133192,5b668fcbbeb41620a5c880629faf96be,509,4,0
133193,e3b2aa40c8075cc8b56c1f494f0cf821,509,4,0
133194,300e0c99eeb3369816ce2f3fe938e910,509,4,0
133195,e0d19b8b594c33f35f7987441381f078,509,4,0
133196,127cf83733a1532192ee4db41ade4572,509,4,0
133197,fc79758ff90de3a126f045d17370460e,509,4,0
133198,384c86a0b272cc67d34f7299d98c9bdf,509,4,0
133200,02bd8d3fb633a16f6626f05615148081,509,4,0
133201,c477ab99082d28a81cd38169145fefc4,509,4,0
133202,967340d0b3987c2ea0f6240621ce1e41,509,4,0
133203,13fc14630d618c824ffeaa8b00933bd5,509,4,0
133204,58f1a27142f871063a82bd69d41b416e,509,4,0
133205,58255d03821fc5fbc9a53f4cd53da0d2,509,4,0
133206,951186fe26cd67c8be2c790ac43bcc37,509,4,0
133207,5d5fe29c156f64a429ea6a74f9130608,509,4,0
133208,d0f3003dd59e2b2d2270cb4102b372ff,509,4,0
133209,67c63fd87045752218428034de67a6c4,509,4,0
133210,e5421bd8011d0d332cd890521830bebc,509,4,0
133211,2d36eb68405c8e5ca0f1bcac6f953945,509,4,0
133212,58dce4782bcda50b29228770b04ff7b2,509,4,0
133213,1985450ff231425c128cd3cab66d9f4c,509,4,0
133214,8e13433cf761e2422a69d50583d4ab42,509,4,0
133215,b74352c273a79c6fb33ace63923c5a12,509,4,0
133216,f765db6321582af017080407c8a6e573,509,4,0
133217,7cf7fe18a3fa20c3edc7c792309da506,509,4,0
133218,94cb8a2391013b7bcba6fcc55bf30712,509,4,0
133219,1353aa48ba409f7a6e3cbb8119b2d488,509,4,0
133220,7cbb86e62f5750e19c216ad93f00e12a,509,4,0
133241,63ca5b46bcaa4f307a4a93b5095727ca,509,4,0
133242,b0ba3374b732150a3f15da640e60d806,509,4,0
133243,494aff0f0985a7a58d47b97976fb0152,509,4,0
133244,fed335d05e55f18b4d64371dc3bc9c35,509,4,0
133245,8c98e35ba363e9f1c455b2a3ede01fbd,509,4,0
133246,1abd09709b49dab6dd168b3b66af75b1,509,4,0
133247,6ded677c1113f8c3eebb0f7baaede177,509,4,0
133248,3277bcc375d2cc20dd4f13c7a03e50f4,509,4,0
133249,750a1ec6958014809f967c48fdc04151,509,4,0
133250,fb007aee6fba710077fda3b728b2d3ee,509,4,0
133251,d8bebb08505c2242cf942c84fc2f1bed,509,4,0
133252,e0035327275819e068a021edb689b252,509,4,0
133253,713a5d0f6a58446c374da5547a253abb,509,4,0
133254,33bb644912793a494347d0c4a7f6d54e,509,4,0
133255,dbbd9229acbd397753607a140c6e8584,509,4,0
133256,244abfa31ecff0db664c2c0bbb544bc1,509,4,0
133257,a188f0b2a25b019ce24cb731a6283598,509,4,0
133258,e08e6119ebe6f048a5d5b44b7f025326,509,4,0
133259,0c87fb2289f011450f16d1e15c7ace37,509,4,0
133260,b6673ffd43bc7cc3c22057c6a97379f8,509,4,0
133261,00d9d23f1981b32780b6d2e0182e4051,509,4,0
133262,a9b73b448ea1fa35964cbee31ebb37c2,509,4,0
133263,6a5e545c2ecdbe3012a1db680d0d50df,509,4,0
133264,f1a1881ac09ed1d567d957e88b9d6343,509,4,0
133265,029e6ebd55e67b2e22ea99b89d3999d5,509,4,0
133266,71f12ba8a5cce4ab2b2073725da58993,509,4,0
133267,7e92ae30b51da508b3a783c8be281f03,509,4,0
133268,c79bee4b27a9c55cad74e47ec6010919,509,4,0
133269,5d52047a68d2907c9a8e08a0aaea020a,509,4,0
133270,9cd719714697d931bf9e9118190dace8,509,4,0
133271,5f2d06edf59a852c6b44bee8d6d748b5,509,4,0
133272,e7d906429778027840b8ddf288acaa6b,509,4,0
133273,59f9fb7a39c6b89b965840b495d79964,509,4,0
133274,90e164156be566209ae915a66fb693fe,509,4,0
133275,45c0c03b639622ca7ad4784ca1ec47c3,509,4,0
133276,f214a32844ac57eedcdfa8e16ecb30a5,509,4,0
133277,b72c55ab5906ac2773c4cbf013b8597d,509,4,0
133278,71b04b697aac8f3c5c3cd77d0044ee3e,509,4,0
133279,c822744a6d9a89c29cb3a9f170778cd0,509,4,0
133280,f062676f40278ba60d61289a5d9cf782,509,4,0
133282,633e578d76779ab39d41e023db40f746,509,4,0
133283,1da81aa1da6fc941605964e802a1ec42,509,4,0
133284,095254449f24a4c63d57c086b1f16be3,509,4,0
133285,06f59c6859f9b7d938675f7fc6ceeee6,509,4,0
133286,2633f367162569615e5d54f5783974db,509,4,0
133287,15d59005e1a04882838c0cebf466e832,509,4,0
133288,7ea8ff12f742b34d293e15a2e8215aa6,509,4,0
133289,10a7f406fe493b74afa1a29f6f261722,509,4,0
133290,57fa17e5c1f78432ae224a9af1fc480d,509,4,0
133291,1d8b04ed679a40ca1719b6f20e714017,509,4,0
133293,8f8f729d798c8c88c213ad5c1eb816c7,509,4,0
133294,10af4cadd84f4cd3ab3a9e0e5f7b840f,509,4,0
133295,30462c65f1de893947d8416b644ee4cb,509,4,0
133296,f41601e03ee69a98d222c66fb590f798,509,4,0
133297,444c497e8e16b6439ea8cf576fed3c3f,509,4,0
133298,de5baf51ab124bfc9c1af2bc85678357,509,4,0
133299,93cd89f311890c930920dfb20ae2074b,509,4,0
133300,ea8cbd0add5c028a0cb30714a24b9c7b,509,4,0
133301,eb17c030d46d7eec558b9902e1661ba5,509,4,0
133302,12b06fe635607607064672b24c4625bd,509,4,0
133303,2aa90d4d4346baa2e2a2b4d7e1dc6d9e,509,4,0
133304,ea6c3513a7f3a388328aa76fbd4df35c,509,4,0
133305,5c7cb94d1e2e97c8362e41828842fc22,509,4,0
133306,f173724dbb994b0c6a2825cfcc80d8a6,509,4,0
133307,38bdfefe4149ad1638b3829bcd7f34e3,509,4,0
133308,dea6a0213cc20025fb87f43dad100328,509,4,0
133309,761f20c61b9423d0b64acd3347ac1e2b,509,4,0
133310,e40454817e85ab96d6bee284018e9033,509,4,0
133311,4c16d22be77cd18631ad137490900fff,509,4,0
133312,c06fea07b2e9ee7bb02b582ed1998486,509,4,0
133313,7813c105470329ea812579395aa94f93,509,4,0
133315,f3b7fee7a6aa012871000690cd267fe8,509,4,0
133316,920daec2be89f963aba760912e7da65b,509,4,0
133317,b7f7d19c56eb9a94acae115b53d3c677,509,4,0
133318,3398547a5f455cfa4765811013a53adb,509,4,0
133319,2594c35fdc96d892aa6e23893923bed2,509,4,0
133332,f90efb2a96058751392cbb3c063107ec,509,4,0
133333,8eaa95dd5e6449290a08098c9142ffd5,509,4,0
133334,929645da76804c957f56c4e168556bff,509,4,0
133335,ae09eafa390059d59960b86cc4520022,509,4,0
133336,25ac706b22ca6c985532ed46790ec2c7,509,4,0
133337,78fd32c72ee4f1d60719165962fca0e3,509,4,0
133338,eb90e944bdb76a433e1af8095dcb12e6,509,4,0
133339,949a8d37eea8db463caa236663add971,509,4,0
133340,1c7d96a412d158911dc9b8479a44a370,509,4,0
133341,3596509864022bfa6391c5d4e383a77d,509,4,0
133342,98789f44e5308404d45ff300a1b42b5a,509,4,0
133343,673c33d81a01615e53d1fa10e70c66d9,509,4,0
133344,fa03d699bc5e066b55843bafdd58b0bd,510,4,1
133345,e45318dbef611b57c89d4c49003f0d60,510,4,1
133346,dcefeaeb5d586b42cd3fc24b2c472a53,510,4,1
133347,336d3668521f7a023db8b90f1f9ed017,510,4,1
133348,0306d981ef6ad75b5adbabee1b49e764,510,4,1
133350,588b071ad407295cd8db1c36aba0bdc8,510,4,1
133352,6b2116579f544e88e64114dc6d1439f0,510,4,0
133353,cc859d9cda5d80980aa3b807e212004c,510,4,0
133354,bb6d96f032efdc3d0360b0f2f1e8a946,510,4,0
133355,bd1406596cfaf64a3ac0105987e425e9,510,4,0
133356,3a588ac22729038c89e5a01e7ff7d926,510,4,0
133357,3c9d83a4e044e2114c4031ee53d71567,510,4,0
133358,db1c714d53789dfd28aa6d157430f97c,510,4,0
133359,c5522cf8e7be6bb98d40d1cd69ced760,510,4,0
133360,3e357495977ee2d507e99177e0478dfd,510,4,0
133361,f0940b52b8f828a0f7e3c14c9526524d,510,4,0
133362,269eb4fd706af4ce0d327c2b48cf0cfb,510,4,0
133363,92a8c9d8f2d7b645962ff1084134a1d7,510,4,0
133364,8ddc7ea33f78e32884be9f1b9b453829,510,4,0
133365,e0e7964414e8da0a28c5da977fc6ba3b,510,4,0
133366,bb58eba6eac7adf795efd2899a349281,510,4,0
133367,1b3a22e29183d9320c95ba1c8df02fa3,510,4,0
133368,b76d0b261dba6e0580ff46895a6d1015,510,4,0
133370,20934d34e7daf9eaea94e671e29ac063,510,4,0
133371,27d5480dec11739109ee8cd8e5a25671,510,4,0
133372,3c16f7e1897857010ff3c7200140b33e,510,4,0
133373,6c4647eb705a873057e54f2fc87cbc4e,510,4,0
133374,5b9c4fa63e2a095206f8c63d0be8f6c7,510,4,0
133375,5512baed5f8a424ea1c34a08ca173dfc,510,4,0
133376,2428375612ed53ee59901997605bfdd2,510,4,0
133377,dfb4a129d307d1afe6c83bfcf44a47d3,510,4,0
133429,e65a006a633c6a028948c1155840c137,512,5,0
133430,8689ccf349f50d41173c6388e11ff793,512,5,0
133431,2a66ac4ccb29d6577a96f1eab53233a7,512,5,0
133432,d923dae6e74ff5fc6117a85f98056ece,512,5,0
133433,e195a50c68cab5bf70961439464e35f5,512,5,0
133434,074d6a73705a98936450032e86530083,512,5,0
133435,e08bd4ca1bc007ced6a2a40463f6b21c,512,5,0
133436,df4fc76978bba599ad4cb4cfc44f0f52,512,5,0
133437,9ec7d9aaef3c008efb33e01c937e13c6,512,5,0
133438,8c8af209baffb05c0260dc9047a0e593,512,5,0
133439,08e5623bb2148ec33ac1f4f664055409,512,5,0
133440,01e44b54ebf63042702ed686c65f4389,512,5,0
133441,2492bbf6401aab0f8945f0228812e4d4,512,5,0
133442,21b1a26b96aa31ed11b2fef6e43d0365,512,5,0
133443,9a8369831f098e03f3727720406ebd90,512,5,0
133444,57dca4d03522de118dcc4d6c887c8083,512,5,0
133445,af0fb6e343ee5381c074f38e315cc014,512,5,0
133446,fd12f7f9831bb1268910238cc3aa8269,512,5,0
133447,76913f58af0fdc15c6f5ca8160c42599,512,5,0
133448,96c07da3a4e53ae5bae794e38e521d50,512,5,0
133449,1d83293172e742ba7f7efe8685c81326,512,5,0
133450,aa0069a054c7d836dd682be4e276e48c,512,5,0
133451,89cfd349e19a75df31a91360e7b99465,512,5,0
133452,66a4878625388814073e26c2fa30acdc,512,5,0
133453,b3d5de5a3811bf1d8d322c39b34c8664,512,5,0
133454,eee7619a61ebd43e72d9c22f45be27c6,512,5,0
133455,138f25e6450848d7317cfe20ea16c7b9,512,5,0
133456,eb07220645d44305995d6b04dfb20277,512,5,0
133457,28c11b43687e85447382630e05950fa4,512,5,0
133458,76dc24ed256fc4641401a35a590f5189,512,5,0
133460,0c272365d9a37b3b8e1a61fb062d2ac5,512,5,0
133461,ab951c5d549f20f7089a5476f07e9538,512,5,0
133462,803ae04b6b41660bb101b3beb2e0b5a7,512,5,0
133464,897e1209d629b1a0f50efda6b50b11b5,512,5,0
133465,809c0ea38f2f6f4609d334b6c95aafdb,512,5,0
133467,7bbcca990d2c4063928b0f7ff7761e55,512,5,0
133468,79b50e5985bdff3985594db8b61dca77,512,5,0
133469,6f51c4d9b1340a0b98a74625ccaaf3ac,512,5,0
133470,3a921b0a6bea1acf56a044ec6d93cc08,512,5,0
133471,2f0ba26e09ebba8eec5e4168de549e17,512,5,0
133472,88134143e9cce4d83c60d6195f104957,512,5,0
133473,a97001db31b7dc728e0d36730c8dd550,512,5,0
133474,ba7c98787f6acaffa71857c797ad7050,512,5,0
133475,4b7cab71d595d72ea41232e0016f66ca,512,5,0
133476,7466159a6107cbeab18ffe6133e620e3,512,5,0
133477,10161ce4a35995ae41301ed240be8bc7,512,5,0
133478,6e2ab6d28fa10504c73092a8aaf9a621,512,5,0
133479,a7d4755d818a73938224ebb39b408716,512,5,0
133480,e3a9490d11026f03b78fb971760e78c9,512,5,0
133481,a62ed570e28d4b8589ddf5e33dfb4b56,512,5,0
133482,3eeafa9e43b9067acf82aed948286e2e,512,5,0
133483,4977e6660ee98ad4eddde0c575769368,512,5,0
133484,9fa90094d7bbf5cd8d381b31e2af28a5,512,5,0
133485,349e5ab22573fc91654903ae5b440352,512,5,0
133486,f1f03412e0f8a479691a32a28bae73f0,512,5,0
133487,77d7e93201b7ae30409352cb42cb9e8d,512,5,0
133488,a12cea8058286e347bb0e0461eecc479,512,5,0
133489,381e3e4a5b0ac7610fb326e54bbe3e08,512,5,0
133490,170d39df5fdff3741c5a68944024b3fc,513,5,0
133491,4a71f7d3d18a5e69c4ec867718a4a2b9,513,5,0
133492,8a0d5308e154c18a631c23f9e34dd689,513,5,0
133493,89bea9dafd899439fe57822d4b7e5201,513,5,0
133494,ceed8e024e520d74211f568f831b128f,513,5,0
133495,f0aa61330d4636017ad3cdf387eeb73f,513,5,0
133496,2296981696b7bed77ed7589734f31ef3,513,5,0
133497,a3b32861805c1a11a443de830797b051,513,5,0
133498,74d99fad1832579bb560cc0c9e640448,513,5,0
133499,b13e05fae1ca175fa7364568ecb7c9fe,513,5,0
133500,6b5cb313536bcd47a0e95b711b1f5c74,513,5,0
133501,a7e0e57fda97f0cae72dd6e18f4d8371,513,5,0
133502,31eb4e85682b8c3ad897e178d1364031,513,5,0
133503,b5cc62d844c92514887904bea2206e26,513,5,0
133504,02fb703a6bbd2dafb3d91e112b023d9e,513,5,0
133505,0b755c5446f3f6c073973fc644ad6ec2,513,5,0
133506,516ec7f6a681b9468eb7d4dd3220479b,513,5,0
133507,2a01fc19ca2140e82638589610b6d17c,513,5,0
133508,fdbf03ab9b242e9e0bc42405398cf7fc,513,5,0
133509,70f05fd2fcf10a6c8c8b294a2f09791e,513,5,0
133510,17d14dec3e13815eaa4b48622027c5db,513,5,0
133511,4c8410f7c666e116ae12ee50e0f8b4b6,513,5,0
133520,2eb6a173485210d4390079d3cc30447e,513,5,0
133522,92fff493c0597ca954b33d5a120986e9,513,5,0
133523,283b21bf06c7ff0d9e174a905a58f23a,513,5,0
133524,d5cc6fe1b604d349983c6393e0d793b0,513,5,0
133525,00d93ae9f7fff3ebe7797cf7c6353381,513,5,0
133526,deb3d334d394ace203fd0310580539ec,513,5,0
133527,adc8555f8c6f1ef52432394db7112595,513,5,0
133528,a3248613d866998adf0882d9b02af0d3,513,5,0
133529,b70b854c6f89c246b0e3f1c288e45f03,513,5,0
133530,1e315da50fa1d28cbe7d8b48a4684bd0,513,5,0
133531,757ceff2262b050cb7231b0b0da4151f,513,5,0
133532,25c210ba0f64f3671ef216aa7801ba06,513,5,0
133533,80068e4281186385f0399e223a0cb249,513,5,0
133534,28f829af0b758da2b103eee0e2857b78,513,5,0
133536,d8eab2860ae2b31b5819962d82ea5c38,513,5,0
133537,4388bdf1d5e5844392d8274250e79244,513,5,0
133538,5e712e0d470f11f62a0db0fb945d740a,513,5,0
133540,a63988ac8aa2cd30a6a68f83322aae39,514,5,0
133541,286fe5316d9cbf45f44fa231b657a9ca,514,5,0
133542,385eda26ec12098a5604dbfd8209d3ca,514,5,0
133543,627df5a31434827e6c1c5caadf595980,514,5,0
133544,59b712d91df08523267967f95fef2d61,514,5,0
133545,b1a56c66a269d38db2ab545ac02b2e42,514,5,0
133546,2f034374f4ca6f0edd7a354831e1fd88,514,5,0
133547,09c891883769637078dd27346bb8bcde,514,5,0
133548,f1d49343db952f1739e402b048acf1ae,514,5,0
133549,c37b72a599abcde59887b90e6d2c4809,514,5,0
133550,883b0e1971cde0e6a212e1e429eb2d1b,514,5,0
133551,a337035d6d38a917fea5acafecb7c98a,514,5,0
133552,c75a7ede4867e978df7317ea5deaa8f2,514,5,0
133553,d009b3500fbbbfe20294e877698c175b,514,5,0
133566,c3e411720dbd5ce7b61908570b4ef714,514,5,0
133567,d3cd3ba7e0dc228a5ad8fa230f6581fe,514,5,0
133568,ed9ce88b6ad48d986b994eafe223f848,514,5,0
133569,d324cfd4505a126db0236cf1a7290a7a,514,5,0
133570,05f71d0db37cf158d1afe270441dc7a2,514,5,0
133571,6453b59b31fbed16493d888ad4f14aa5,514,5,0
133572,d138d3f04f4c7f96b7dc82e257a8b8b1,514,5,0
133573,07fcc7e351998ca5b5275533324f5be3,514,5,0
133574,ccc5979fca80c40bd26e2ff4d465fd61,514,5,0
133575,486a2693e2219f25c300c05ba9ed7132,514,5,0
133576,c04c62d0178e58de5b36b156cc3d0e47,514,5,0
133577,37615c8b4392819b08ef9ba64d145c5e,514,5,0
133578,d3d7bcc6f8e2fb03cb1e5309a4729253,514,5,0
133579,23f05ac5e24ca28e0f3491f312819154,514,5,0
133580,cef8acade1da7af075305de48b8144d1,514,5,0
133581,1c7e57f75059cc3252b19f9d47a115f9,514,5,0
133582,3c28cc6b1af1270ca389e270cc6f46ec,514,5,0
133583,4e88754d35b199876ef431cff05651f9,514,5,0
133584,a5f307d9f73406eb37087b67c767fc6d,514,5,0
133585,7fe95625840a87dbe21e484cc5901c74,514,5,0
133586,a77fd204e16fd60e30f82d09952cc3cf,514,5,0
133587,f1f43bf753344effafa6abccebfe95d3,514,5,0
133588,5d34ece3683398aa222b00bb5f3a5fd1,514,5,0
133589,3fecf760ce74939f4649f6d1f4c5708e,514,5,0
133590,0fb66b8566be3b1cfc0c5e897cf469fb,514,5,0
133591,7e8c6a83fe4818a9377b01715442f229,514,5,0
133592,d3d089272c2e2e968d1468b6deb1832a,514,5,0
133593,54beb0c304bfd10ebc2fa54fa76bb3ec,514,5,0
133594,96f5738ddf106aa5e9e22f5429c7fbd5,514,5,0
133595,1cfa49f83adff3bebfdfca17c903131c,514,5,0
133600,78cfbfbd623880bf46a2fbddcf7fc150,515,6,0
133601,0c3bd9bd1f2c6d96d1401b88b9e0e56d,515,6,0
133602,72fc9ebae843cf0c87c0a45e3516405d,515,6,0
133603,c24508d6a413935a501468f9e8ea1de9,515,6,0
133604,f71b748afd59a8b197c0574dc34bbf43,515,6,0
133605,2d2dce6a19dc936bb23d8f2e902cd8da,515,6,0
133606,c1c07791bb4393ed784524b3c417f69f,515,6,0
133607,28818aea5986ffc7fcfbda56ccff0c80,515,6,0
133608,ab18b6b27ea0b79a1282ab1467452dff,515,6,0
133609,6eac2f30121985bd2cdc7e782629ec80,515,6,0
133610,db11da87d452cd72d99e078815791146,515,6,0
133611,4eb123fc654cce795b45a49e80bd7958,515,6,0
133612,9fe889b02a92b1d6d9a06d9c803d6b85,515,6,0
133613,b52c1536f8e10b2c5c4f7028fbfcf514,515,6,0
133614,2726e15dd10ddab343ea993a8a6d5342,515,6,0
133615,a23bf97c991631cf24fc89cbde865d63,515,6,0
133616,b5dc205db57561fcc242aaa6b6e8c1c7,515,6,0
133617,b59f62f5460b31632adadd54e44c70c8,515,6,0
133618,44ba241d06bea363e4221fcb4abaaafe,515,6,0
133619,47e7e32fc601c4e1f198ac0d9b1160c0,515,6,0
133620,727a9026acd5fa840d946a5ccb3ebb14,515,6,0
133621,cdf0ca438861b76e44bc92e9105f0c50,515,6,0
133622,d8e3ac1989d7118d27f39027bb8804c8,515,6,0
133623,cc8ce9777265b4abb662114dece2cdf6,515,6,0
133624,8bb2cac45319aba449a721ce3871a475,515,6,0
133625,784ddbc92802d879a0bd00de1da4f18e,515,6,0
133626,e76c4f75e8dd83693947bd53bf546af5,515,6,0
133628,cfcfcb8ca00c6a19c59e420a0fd8fc62,515,6,0
133629,0afe2cdd035f99c00d1b16e730e41dea,515,6,0
133630,4c223165c823fee003424af74e157865,515,6,0
133631,8b059ab96180ef5cb6470b89641a38fa,515,6,0
133632,16823a00fe5491ded83ef6924dc02ce4,515,6,0
133633,241c5e58601dd888cf6d41c0a93469a2,515,6,0
133634,bf125fdf7d0349e070331d8353dc69a9,515,6,0
133635,8d12fc6264b6a82f028e72ddc91ffe3a,515,6,0
133636,adcae683355a681989c6b5d0c3a5fe4b,515,6,0
133637,972ed7db0d3af3017656c2864a32f0a3,515,6,0
133638,a4feae80a47e2a6599a28b6e5aef993a,515,6,0
133639,82e2c6bad59016203d5f9bad22ca47d7,515,6,0
133640,714b1915de2507832ff73057f3176461,515,6,0
133641,2ee9e9c1850731270865e8639b01a8a2,515,6,0
133642,73dcb6921712072cbb708a26c07be939,515,6,0
133643,527a2f9eeb2a89e98a4cd108b52ae06e,515,6,0
133644,26b2caa743b5204560e9fa3cc5db1776,515,6,0
133645,ab9dd221c49708dd344efb369cf1febe,515,6,0
133646,083410470f23efb24049c3b0d23ef310,515,6,0
133647,b9d36ce092dbf4e0be78d796baa5c491,515,6,0
133648,c2418bfe70119adee5a5acaf55d1cea6,515,6,0
133649,d4e79565a4152a803158cbf5560982f4,515,6,0
133650,d4f294119f5a5efa391e199346d0ec16,515,6,0
133651,eda5e58de3abfd332bc7215dd5ff0a96,515,6,0
133652,1751e9e00beb6f9dc78f7c47127cbd18,515,6,0
133653,c22252aa238343a8dd98023ddb0a6cca,515,6,0
133654,e3447bd2b2fff17a570e8c538e6d0949,515,6,0
133655,4a6c4867b17f74891380b0de90a30fee,515,6,0
133656,1437c05a45959f183922dfbfe9f6ac1a,515,6,0
133657,d1e4daf50c146cd365c6d354fed42fe1,515,6,0
133658,fcb3987ff4a62e7b3774e6bdef26a18c,515,6,0
133659,38564f5b49fa74a052352d7a0cee5930,516,6,0
133660,8d73d573d4a4a26960208bf8e5a79682,516,6,0
133661,d35073cda9b9af165370193742777f4b,516,6,0
133662,a3f76a79b014c4512c111b9a037eedae,516,6,0
133663,d2807f5a18c34ad4dcd2f691de95c4bf,516,6,0
133664,ae6ea0c7f4b7be0423cc0bd2a199ff02,516,6,0
133665,ba07ac982ebeac02a701eb1fe8cbdf5f,516,6,0
133666,8660a259b41ed4ce0d154c26058ac799,516,6,0
133667,dfce5a37da2a5e528ab72832841ea5df,516,6,0
133668,c6121b759655c5532719949c67d27908,516,6,0
133669,d0cdd4786d536ff38958aa44da5aa0a1,516,6,0
133670,8e7807b4a5f2454c11eafe404adce805,516,6,0
133671,ce09edc260667e5ab1d2d1f7bb583b1d,516,6,0
133672,04c0b694f3b21eabb29589b4ae80a0fd,516,6,0
133673,387f19da9a260a8c407c399126f76dc0,516,6,0
133674,59d14c65609e5e3f965cefcca238fa97,516,6,0
133675,afc20871d514208bfcda68accb973092,516,6,0
133676,6beab5e3d75eedaba5d3869f8a6d36a8,516,6,0
133677,8d450e9b6f973cbbda55d6c575e5119d,516,6,0
133678,1af340af587cd4ccb308acd7e747d271,516,6,0
133679,864289405e94ddd9a66dbfa9e43f5289,516,6,0
133680,5049e9e26b0b4eb99788a739954f2f7f,516,6,0
133681,e3ecdb133dfa6b07e0c7bff856b0f1e6,516,6,0
133682,6381c4dcef7cc119b296892a792ba0b6,516,6,0
133683,15ddd9afa0719defc5063e74434b0dc0,516,6,0
133684,8fc0fbe216d927cec478b1b798138c45,516,6,0
133685,27caf61e1082c06c21993fae1cf000b2,516,6,0
133690,e44d2cecfce6ed3f7a0f3831b3ddfaff,516,6,0
133694,37020d83153ba4af0572c173504a6478,516,6,0
133695,eb45902ad9436612a55b6037295d7ffc,516,6,0
133696,105fb684cfe7e87d3755842089b9309d,516,6,0
133697,4161d87e57a1253cde4cc9973eb8b05c,516,6,0
133698,65a9008b523137da244af85e467ec933,516,6,0
133699,eff595cd77b7d39f947d41d0b72c1dc0,516,6,0
133700,2b6a1e0393f058f77f95e15a74b5d2bb,516,6,0
133701,a21cbe415745fad210f1ca69895e72a6,516,6,0
133702,b231b7927698339e8d15c97c36317a9e,516,6,0
133703,26e85b929b9635fbddc34d0c0567ea4a,516,6,0
133704,d9150c48c2c7550c606fe9aee9159bb9,516,6,0
133705,2640fe25f978524ac2fb3c1c42b6f50a,516,6,0
133706,d10393f0e63eb3c2aef553795f156539,516,6,0
133707,cf92d9d50f73d78e568ed2b3a5ff5eea,516,6,0
133708,faa2adf04b05a9167847649843cd2f02,516,6,0
133709,cf1f5b6f6d1345b2c3685aa78e9c54b0,516,6,0
133710,7e9423caa2242b52876d0f77edb972da,516,6,0
133711,502209422b4cb4da88b6d24339d7c2e3,516,6,0
133712,0a219333f63ad8999e0425846661cae6,516,6,0
133713,aabb9d03479427a48c9167d3893eda08,516,6,0
133714,66a17893493571b89220716e994702da,516,6,0
133717,1481e781642aed2e477894ce44d7d1ec,516,6,0
133718,25b3ed60fcae6c86d5a604b2bb06cf45,516,6,0
133719,1170452f633127a7b13b92960318ea83,517,6,0
133720,0a0131e7c7aa772ef6e86e613621c92a,517,6,0
133721,38df03db074b210cfc1a8cc7fa7d73ad,517,6,0
133722,d6af0e7b22598c89e418ec896c2519fb,517,6,0
133723,e200a2d913c9aac34283b5402c451344,517,6,0
133724,abc119abafb7aa5e5dd1047f929cd014,517,6,0
133725,8802f9b34ae4b1c30e3bd55ec6a5cd4e,517,6,0
133726,622826f2a0ee309b5d77eff537df7e5c,517,6,0
133727,c21187a0a98f28bb6e92540f5e56cb0b,517,6,0
133728,c4f4e7816376231d5545833200e274dc,517,6,0
133729,48caccb8fb5ee6d00d1aaf3ad17227a7,517,6,0
133730,f1c24e47322c8b830960ca3ed0f2235f,517,6,0
133731,44713f3e28f04d5b435dce082e115e16,517,6,0
133732,1ba0b7b81053c43ff877660e3583c5df,517,6,0
133733,c6effc0846ceaeff709422e8892a857e,517,6,0
133734,19b803fbb54569f1e842cd71442e09d4,517,6,0
133735,2b41a60d14a56bb5e2adb4dc184bdce4,517,6,0
133736,91afda3a7117d7bde77fef59687cb6ea,517,6,0
133737,6449b23aae93630c456c5b0bb7a6f44e,517,6,0
133738,d92da850bb21fc2e863d95dd6e0903bd,517,6,0
133739,d651f1742f0853ac6fd30e7a769eeae7,517,6,0
133740,321b5751dd69ca00b323867066eb3942,517,6,0
133741,e2c0d1d3485350c2d4118f7e619e80de,517,6,0
133742,bd959403a139add821be246fc4040aba,517,6,0
133743,83660947a046485ecbf141283e5d6b8c,517,6,0
133744,ccaa4038b39528832a6a619e6e4d07c2,517,6,0
133745,9f634d1fece71b52546728bfb3ef6f6a,517,6,0
133746,315ec77f9f8e7761a949c6c287819d60,517,6,0
133747,c8b9d60e15516ee92460422c5513eb4b,517,6,0
133748,9d6e10fe6aea85e7ca29d6d9ce3963e9,517,6,0
133759,e836918fc6f9b9dc9702ebdab36a7cd2,517,6,0
133760,9e6705fab0fff961aa21c8cdc6138c3b,517,6,0
133761,247f40069b58dbdcbcaea44a21e0b3a5,517,6,0
133762,0526b016b87bedea8c1552732507ba86,517,6,0
133763,0d79aedb3bb7cd272fb563ff771667b3,517,6,0
133764,fce13d595e709684af6d5d2b1b96e69f,517,6,0
133765,07893cd71c7716ee43c9879ed41e2ee0,517,6,0
133766,7f9f6594e36547e74aafc9adb2550267,517,6,0
133767,aa9339a516932dc8236e7a41c259dfe4,517,6,0
133768,116a51525d3dab6dbb30f42268abaca9,517,6,0
133769,921532b40d79fcfa581cc9c9417fd460,517,6,0
133770,893d7b1b2009e72d7462da8f233ec005,517,6,0
133771,5152989a9aa14f7acc8170feb477302e,517,6,0
133772,fbd6f7b090fdc9caf9b73e0977c4a939,517,6,0
133773,32af8810f19b0d461c58baecb56b4228,517,6,0
133774,c81a131696eeaf4bff1502bfc1c39e30,517,6,0
133775,a923c976bc58d04919a72d7a703f3d4c,517,6,0
133776,e209621a706c61c05410d173dbb9119e,517,6,0
133777,ca7beb2618349603b00af878ebfab9ad,517,6,0
133779,cc3c3682fe3b25b7785dd63b95c2dc22,517,6,0
133780,e72f57b914abc03de05416dc539c8c6d,517,6,0
133781,2ecfa95771f2841739148466c397a2f5,517,6,0
133783,183372b9310ecd1aea79efff48f42974,517,6,0
133784,7c42cb3944ff64b0a203f61f953973e4,517,6,0
133785,56077831b88de1f87f446940b2e9691d,518,10,0
133786,816cfcfff67d3b469b7f201f156ea6eb,518,10,0
133787,8463712df339d4a2021de8c309735496,518,10,0
133788,58b87f2809c9b2f1453ed96684b387d3,518,10,0
133789,f655bbee6a35cb45b852421dc9aabc09,518,10,0
133790,f890924acc5f63aa4844d6d6d288a7c1,518,10,0
133791,160623bce1a58286f63b4dd6273d0f77,518,10,0
133792,b976d048c783ce04d63453c72c47c3d0,518,10,0
133793,72383c8d7d1b5a49ddfd134cf53516a0,518,10,0
133794,6fd50d75871687fc037d62ee27c4e7fb,518,10,0
133795,684f1d72297bc9c68ed0df8dd48f69f7,518,10,0
133796,5a0fb15682a1ff0a8e80da4ddc506f35,518,10,0
133797,cb815aaccf688de3893c6fe8e4ad628c,518,10,0
133798,29c3a2290eaa176e4737494249c9a737,518,10,0
133799,a5cd24dc306b7a2d560f95b4e1a5fc63,518,10,0
133800,fe7742be636dc10f33148cb826948b62,518,10,0
133801,13c98c12a0ee919c7e095ac643789e4b,518,10,0
133802,f02d84b8688b4422cdb6cdb61807b9ad,518,10,0
133803,c8c3d1a5c4edf456d984cb01f9bb5441,518,10,0
133804,e1c36573ba7b6a467c2ea3de40e55980,518,10,0
133805,b73eaf5a708f11fe9eb6832b3537b8f9,518,10,0
133806,aaaf73477877115a1a021eeba2cfd002,518,10,0
133807,c45c9804844d784799c097dd58ca4f0d,518,10,0
133808,fde6978aca4a3d63b5186b0b1d6e72bd,518,10,0
133809,de8e04d59f79bc6d8072ad3aaee34f52,518,10,0
133810,49b4cf57961b288cc532d5edd6f9a332,518,10,0
133811,6ad4567262ee063d06d143b3fc6f973d,518,10,0
133813,78b8358ca6c567a10444a2785a7d6fb1,518,10,0
133814,9174eb0056433834ec257436642487e1,518,10,0
133815,68c98ad4a4c583af23f0ea1e37048f11,518,10,0
133816,44bfe8bb1272b35c85995bb87a975a00,518,10,0
133817,fbaf0d45c967c38a4afeb65441a0c34c,518,10,0
133818,c149fef9ec44e27f4d81de7e727686ae,518,10,0
133819,12874ea80179be282164dd6574638e9a,518,10,0
133820,82335d234dec0592aa44f108410cc24d,518,10,0
133821,5c7c31e2817db5b2956a0f8957cd5392,518,10,0
133822,c9aba6c8b259a1ccee8b9f18c5c15299,518,10,0
133823,af3f5af278fc14aa55b7cff16967d93d,518,10,0
133824,fb01ad26858605f7d4f144b47f2cef51,518,10,0
133828,b03b4e2482c8e10fc16e256715a25014,518,10,0
133829,ca3795515071c53528b05007890cb474,518,10,0
133830,622f24a98a5ed370ace766cb8e9b5832,518,10,0
133833,22dbaab520ad0489a8bbee241ad09c79,518,10,0
133843,b18d48149a640f337e0dc81fd0c4c920,518,10,0
133844,136802c31221b88fa14295e5ba0c7d89,518,10,0
133845,b5d702b2fc47f5504a4848b7cfd9b829,518,10,0
133854,880c154eda0b1a3e292e107345de2f7f,518,10,0
133855,125aab354b5343bc615e7c50d515ca1a,518,10,0
133856,70e14ed0a7c9cc65488b35c7552f8cd5,518,10,0
133857,f99a36b89db499348822b3eca8ce2746,518,10,0
133858,5fd99fa616801cc6bce59bce05d3472c,518,10,0
133859,9a750a253a641e10fc1af2ae15f78b2e,518,10,0
133860,a0a03550faaa56bf19a4fc8f193536c9,518,10,0
133861,6180c443ab785a6a2ea3d5c576456c72,518,10,0
133862,5c1f096cfb500688236a735e1123b6a9,518,10,0
133863,3407a68d2f0fbcfa5a6a33b9077e0708,518,10,0
133864,21143e08cf39b7d96b4a53d1e73d3546,518,10,0
133865,97523e18dfb290d7880bd6ad777ae3f9,518,10,0
133866,4da66ecd73de5395799baf5c11f8123a,518,10,0
133867,c94c2dd2aaa890efbed6957c1a218dd7,518,10,0
133868,e251964d57509789d107e967fb63ebda,518,10,0
133869,62220b4d87bf204a67d13e7d716c8ac3,518,10,0
133870,8b49868875794d74cd718c45661c288f,518,10,0
133871,b41b389f1910eb2b5e7ac1bb08ce3aa6,518,10,0
133872,b9fe6d29a23b15a71310fcdd027f56df,518,10,0
133873,98170ec81430a251e2eb667987205b56,518,10,0
133874,5741fd137116fd91e9c38b96abebf9e3,518,10,0
133875,dcde6efeecb8a8c3c97735cd5ff99a39,518,10,0
133876,53f4b0d14b80d509b9d38c6ab111022e,518,10,0
133877,b5958d5c773cc228c9b9cca122d6694b,518,10,0
133878,e399f6ab9ae7f239858e8033a095e494,519,10,0
133879,43c6a4333e21eaccc9ddfe2cdea7a5f4,519,10,0
133880,ba0ce3164393e16528ce0a15a8ddb72e,519,10,0
133881,d84a1c6eba4391167503c6ff23ec2dc0,519,10,0
133882,9dc33d1b6513d6f3e753d789c3b36c25,519,10,0
133883,1dbf4f99d9c04014bf2b1c26e5ffce82,519,10,0
133884,6f43784c08a1a95b181cee0374c96d2c,519,10,0
133885,4ce6bf4190e19988081e1c5f30956911,519,10,0
133886,8b75a8b94e64f0e369abd6b1bb2af936,519,10,0
133887,7a48ef7dc26179150216932c4848992c,519,10,0
133888,ccf454eb97edd56b3ed611e5bc734271,519,10,0
133889,a44aad7399aeae9414f59b6aaea7ce07,519,10,0
133890,273f151da7eb67bb4d0baa11de620fb2,519,10,0
133891,7b34d1a936d1f5bf646917b80f6f8e0a,519,10,0
133892,27c15c0cc7e065e9725ccb8fed103d0e,519,10,0
133893,d3bb6921d99c88a4c88a58e825efff5c,519,10,0
133894,d287be311436009482a3902f2d445ce2,519,10,0
133895,fbbaaf0f366b13a72514b3fce254ac30,519,10,0
133896,d76955b0c7cca8ad572c9774d534a57b,519,10,0
133897,f8b4bc4c3605aae6a478ae256d933082,519,10,0
133898,8debd153347ebc7183c3f15496c3c205,519,10,0
133899,61b60fc9466120f4a404565a9b44df29,519,10,0
133900,7d13883ad2778e9f5aa6e0cc6f2326a0,519,10,0
133901,56241ea3a1c4e6676a5d1d1684ad8784,519,10,0
133902,f6d97f4009e4bc2ff61f6aa652ba2f31,519,10,0
133928,1264c584cc2f1108bfbf52d7b0c682ae,519,10,0
133930,15506b51418449b15915e98c9d912bbe,519,10,0
133931,433ef1434866cf749fa52588bb9916c4,519,10,0
133933,da1b4b98ac4b77622ce1bcab2a36b885,519,10,0
133934,d86b3de7f196f1dcbbf66f3e236caaf6,519,10,0
133935,069d24afa31458c59411df6ffb579b0b,519,10,0
133936,568bf48db2dc13f863eed7ee53ae6442,519,10,0
133937,d95d34fb61dc1e499eaef5c8c3a81019,519,10,0
133938,9a2cbf872e502a96863c9e2c4eda055c,519,10,0
133939,2cb09e0fa0a94c1297f47444d9f5dfb1,519,10,0
133940,b40fb5a17f9b8c89145d8ac9dc31f369,519,10,0
133941,c44a98513fde4db7ec66814b220328b4,519,10,0
133943,13b30f9a48709d2d093bc94d64adb2bf,519,10,0
133944,4e7f03177d88a73b813d3e00a877505f,519,10,0
133945,4ec5813947a7ff66e64ba001b3920887,519,10,0
133946,d22b7191e191c27e3ea2ab712b74ad43,519,10,0
133947,6f779d6fccef276c5f0ca43f5c72c7fa,519,10,0
133948,7120c9a1f4c4f1e68f6dfdf555ee02d1,519,10,0
133949,7dddd84773f7853cd001276a369e98ac,519,10,0
133950,626207a7ff5e30ca107365ab266edc95,519,10,0
133951,3e35f4946b4390d2f6ba01dc899be1bc,519,10,0
133952,8b365ff360ccb32616766613133434f2,519,10,0
133953,6c9d633bb87352975a1e775b276aed0f,519,10,0
133954,8f1404fc9dcdb9908f1154042d2bc781,519,10,0
133955,430bb34fc4188ade2560ce9e04dd3c74,519,10,0
133956,fdbe82bdafa7d60949f1224108991b02,519,10,0
133957,055836e5951038f9906021e3caeac55f,519,10,0
133958,ac19a6ef36305f67ceef20f890a0b09a,519,10,0
133959,08212ef948905d3b789f298025f1de96,519,10,0
133960,ad1588df51b06aaf5803989634557568,519,10,0
133961,437dcd2648a2e668b2fcafe815d0f70d,520,10,0
133962,7b6d67bf7005e50c542b34a35834fc9b,520,10,0
133963,044439d24520da10b559ba371d8098ab,520,10,0
133964,88e965a79da97e7f84cfefcc3c21a2f8,520,10,0
133965,54c66ab78eb8f22aaa8c3aa711209768,520,10,0
133966,1ea21dc69ffc9c6fd551c494cb85697c,520,10,0
133967,7f2965ab12a46f3961d1659101619b96,520,10,0
133968,4263097e8298860725be9d9e83db7c1f,520,10,0
133969,99dfbf13fec9457cd343378010ab226d,520,10,0
133970,8c40dc5081a79d9e973bcd4f941a6f79,520,10,0
133971,748ed3e567acc12cab17b6622fd760a2,520,10,0
133972,32057bba85d5e4dd2f87fbe1bcd451ea,520,10,0
133973,20d7c270887f1ac916a8c3a5632d8bb3,520,10,0
133974,9d0d8ccb5efbb6858ee18bb43bc30dbf,520,10,0
133975,0199c436d7bf0c4bdb87d406160485ed,520,10,0
133976,f5d735720a3de07385fbb1342e57149a,520,10,0
133977,113d5321ed2c199fb114669f0ae0f9e1,520,10,0
133978,13620808314b8b0406aa6e2cd68e26df,520,10,0
133979,59af93e7fc4131ae3cd1231b72a8961a,520,10,0
133980,ae297e88d93f3442f8c2b59c33df6fd8,520,10,0
133981,03a1150343bdeba88f675c9c63354174,520,10,0
133982,fc0998e6bebde3037e1608383d8c581b,520,10,0
133983,23527644b7ab5cd3a8f5c5eaeafe7558,520,10,0
133984,6f38dd81705c51b945dcb06092681d6e,520,10,0
133985,efc5c0eec714dc375fc6ff696c84e716,520,10,0
134008,8e4f660c13c4cafb68d3084f54aff71c,520,10,0
134011,6242190a643263503d560a738bef88e7,520,10,0
134016,6f2be07594534b0e7f07d13a160caeed,520,10,0
134017,f6c854bb8652de429f99c9a051053660,520,10,0
134018,d4e87c0e65e3262c3fe54a24d159cdf4,520,10,0
134019,8d913338e004931a1263a704a1b88d6f,520,10,0
134020,4a19586525d1d4f773f9d87ba5cef42e,520,10,0
134021,bd833ee3cb79e07e61b1ec7a4ec97498,520,10,0
134022,c4018119710cfc3098540c9e32b71ebd,520,10,0
134023,a81275dd8c74405385067abcf2bce21a,520,10,0
134024,9bca4eea245e40477bd798d68fd2d350,520,10,0
134025,b0865f0e55da4f167683d5d944495484,520,10,0
134026,f66a3c816b198e10e77db883be1d9f08,520,10,0
134027,1e365b1f33ae6ed41f7843bcf36031c1,520,10,0
134028,ae0e3774d7a4d1b662b9fda5d7703804,520,10,0
134108,5d3eac21f1b767946900369b44077c7f,521,2,0
134203,b32a51e55ec8301f9ec4efd1b5bd53fd,521,2,0
134204,13120f71a96eb8122eec735b3ca8f52f,521,2,0
134205,4fde2b8a674079615d1d1969bd40b0b0,521,2,0
134206,13a15ea616693d73d09f318b5e12a0cf,521,2,0
134207,589e4420345726e816b0c94fbfd53b81,521,2,0
134208,d5c6630aac80ec441bf8056171902c60,521,2,0
134209,d7e6ff77a4011c90eec23659ec37539a,521,2,0
134210,8deed742ee3e69338e9bf5ed76f67e1a,521,2,0
134211,5940026904b25595257c298b048f6eff,521,2,0
134213,8e8a9394eca159b4d2b0e02782d36afd,521,2,0
134215,ac4100ce58184ab6ae01238e62b0904f,521,2,0
134216,e8fc7f793ce468067c9c6489b106e0aa,521,2,0
134217,dd6e672a62bac1ce479eb265d90623f3,521,2,0
134218,775607698166f2a0e7843f00d87877d5,521,2,0
134219,499d7e5ec20ed9b9be21497e02e0b4e2,521,2,0
134220,2ede51adff1d6dc1158dab15c8630155,521,2,0
134221,bef7fcbfeb278ca9ae05de924436be07,521,2,0
134222,35e1bc06f45bcc2d43b42d68bc09a7a5,521,2,0
134223,6a204509fb357dc496050922191798d5,521,2,0
134224,b692bb975750d36dcd806befb226e30a,521,2,0
134225,e639639018ef3cf24923f4f8318758bb,521,2,0
134226,5b08010a08aabe447a3e4a357eb6bb6d,521,2,0
134227,8be5aa3dd6cc541a7e7f3fc5b1dcf585,521,2,0
134228,a6fe101062402c6f17fb716cb96bcfd9,521,2,0
134229,321c7275e21154b2d200528421519f74,521,2,0
134232,ff34d8de758aad9c8a09af2c6efa332b,521,2,0
134235,18c6ce5a3b371bf3a95057111a245724,521,2,0
134237,2038f79245c7c9c25141f88e5ce33ed9,521,2,0
134238,3f40780f9fb9919326cf5621e6fdcc88,521,2,0
134240,9bcbad755445546a15b588605b32790a,521,2,0
134244,f94657b0abe3c20e701abdeb21fa5582,521,2,0
134252,b02e4d8b2c684b376c03a9f6c3cd4c59,521,2,0
134254,afa2b72ceea8eb5b01ef56172b4992b0,521,2,0
134256,93b73dc53c9f4c712214877b64256e41,521,2,0
134257,a95c1898f999086f75112e08307932e8,521,2,0
134258,d1fd97441c2410352e6396091eeb2e5e,521,2,0
134260,f09d4c50f4ba3fdfd2c51706f8d57f97,521,2,0
134261,89dc9bafb67a268afda0933219011a98,521,2,0
134262,c619f9d446dc9c34e63b6304678e8ded,521,2,0
134263,f43ccc2c62a68d113991e04df66ce21a,521,2,0
134264,d618b7d21e5bb31729960306e1dae25c,521,2,0
134265,42e4523d905af8d190093293b51b09cf,521,2,0
134266,0b9e5880cfcad86147710b621013235a,521,2,0
134267,fd0d102917deb105a7e8b38d9b2e42a1,521,2,0
134268,55fb714763656b2396f9d42d3cb76910,521,2,0
134270,b548f280b3683b3d3aee7d1077a8bee7,521,2,0
134274,1df18c1e935104ae3bceb828f3ba19a9,521,2,0
134275,4972b41883fdd920bf6fa3ec0150f5e3,521,2,0
134276,9d4b809839de6449d100ae83644a49e2,521,2,0
134277,311e3b54b421bad9699a4863cf06428a,521,2,0
134278,402f1013f646eef7b0e53fab3596d19c,521,2,0
134279,adccd766a204439073d886f4f197dc51,521,2,0
134280,e45b242c6850185cbf990ded27daea11,521,2,0
134281,dce48c7dce04bcb8de5d7be5379e1d79,521,2,0
134282,89163ff518a1580faea5d133f5a69049,521,2,0
134283,c54eeca584b204450e0d42812cba6a4f,521,2,0
134284,fd9b82b1037c8c78d7bec228e59f173a,521,2,0
134285,a36f048ab4231c31ad2364b3f1a43467,521,2,0
134286,0c840fd48441830507badb87f1832003,521,2,0
134287,33ee88df3c0cb22c365565396c503081,521,2,0
134288,8f06981b50541a0b42114c7877e344c9,521,2,0
134289,b868d003874d3e32883bfdbe6741cd8b,521,2,0
134290,2383bc5d0d05ee6dd278d1707335837d,521,2,0
134291,dfa2958eda979d13cd7f787a799294c6,521,2,0
134292,7d153b860a7c4fabb2bb03dbcb670e6b,521,2,0
134293,0488f0c6c8ede2b4cdf4d3d49a1febd4,521,2,0
134294,6d384cf096363343c16b0c643ed2423e,521,2,0
134295,c2bb717e5a85643fb9da2a57bd8d745b,521,2,0
134296,88a74e723edb5709ed734141dc750a10,521,2,0
134297,aa3ce8bb28332216afc93ef469619197,521,2,0
134299,eb76748727f31d7f5b459b6742b316a4,521,2,0
134300,c70f4df2e81f9ff8fd4ecfdf6443166c,521,2,0
134301,3d23ec0edd7fd468e8ab82aa5ea23a2e,521,2,0
134302,ca6ab734d4b752156d68b6c3bc331f90,521,2,0
134303,34d518fde74b471b93349caf2a80a7b7,521,2,0
134304,cdc74d1ae4c849b8142fbd007102fe1a,521,2,0
134305,fe7f1278d1e3ca0da67fa76fe1d5a6c3,521,2,0
134306,923bf4ca98b9847f6c6cc33edad8f27d,521,2,0
134307,9adb5d9a9d87c684a1103d4357aa9742,521,2,0
134308,c6c6e4bbd635e4719e331dd926137111,521,2,0
134309,d17f3dada93db479529e067b5c40c779,521,2,0
134310,a574fb393be412bbd646bc82ccff55a9,521,2,0
134312,ddae7070de070fdc91eac7ab8a245ebe,521,2,0
134313,10813766fe4edf9b6bb65503e649d091,521,2,0
134314,6fd6f8da34291ae40c90cdaa2dead639,521,2,0
134315,1297f020cb5e67dbf8d1b906061cd852,521,2,0
134316,cee8a5ba75a8452548e9a21e2077b4db,521,2,0
134317,c546cecf755b4810d479f349debd5a31,521,2,0
134318,6ce5da92e6c3eb4bcc55f8f3dfa37ce0,521,2,0
134319,931f303909cc5c135cef48df944b9cd1,521,2,0
134320,194725abc80ce1eb688980280711c5ca,521,2,0
134321,f2c73553344fa7eb8a4a47e7af99fddf,521,2,0
134322,801eb9f07dd75bda4887a1d7529f4e68,521,2,0
134323,ffb9e69c39568b71846ec8476ff8d338,521,2,0
134327,ddab676ced3257a661c99f76ca347b8c,521,2,0
134328,10b14e2ce219c9760e5ba2453596433d,521,2,0
134329,73585ed7213511e3bcf233153ea791c6,521,2,0
134330,ab2d38a083c29bfb1fe2562e89f4c2e5,521,2,0
134331,8c20b878e0f2bc3b685a31cfd1f32f7e,521,2,0
134336,bc32e816abfb6def7c02e05662e67f98,521,2,0
134337,aae863943962ce476d4fc3238b544268,521,2,0
134338,4273d6d25bbbefb6a78ed673aff99031,521,2,0
134339,832cbe3cc7a47f920263d5c82e662fd6,521,2,0
134340,c1f3a35d6275fe369c307c3d1382a9b3,521,2,0
134341,28a930e3e72c04bcd82f51fc44461542,521,2,0
134342,a860568c61799690e78d246126d27445,521,2,0
134343,fbc058bdfe5c2832ab714ff82d53f969,521,2,0
134344,c33b33253179f5c6edac9ba02299f43f,521,2,0
134345,3d63b36b45c4a1df3179096a4d8da95c,521,2,0
134346,b0e57d74f29fea0c897cc81e3e20c07d,521,2,0
134347,ec9d67d091f6824d07d19ef0b6c56046,521,2,0
134348,befe4c3b7411ad91fd0dba7369543ddf,521,2,0
134350,79be382c01fdd2b7e641188f9d9dbb86,521,2,0
134351,86ff24ee4dc5e15e6d7bf27243564f8e,521,2,0
134352,46d384c2ec37125346ff95ebed45b5b2,521,2,0
134353,85c89048a4dd94307d57c60c59eb77a6,521,2,0
134354,4decb4b4ab2018d38b2b6e00e28e0460,521,2,0
134355,a68ba8a22eff5ef7743a21fe0bb5cff8,521,2,0
134356,9112653c99688362d5b8b15b676148ac,521,2,0
134357,e88e120ede1e75890faea10988ef89a0,521,2,0
134358,2e558c19b68e2936afe506f34325fbb0,521,2,0
134359,40c8230f84f28da8401ef24bf064c79e,521,2,0
134360,a5481656ed7bde7d442f748dec8c21b4,521,2,0
134361,48d64009dd77d1a056eb0b82154a925a,521,2,0
134362,eb7da46c8ea2a6821d300799d058df68,521,2,0
134363,efc3a0ef678d6170758b0c6f78722a1f,521,2,0
134364,e6efd85f8c1286efd636e5abc618d964,521,2,0
134365,d6a948c01cf68b05d6269955158f3bf6,521,2,0
134366,19769f209d1aa3a6bf288c2da4c13728,521,2,0
134367,5d59736036c7ab3b1be08ca060b92a40,521,2,0
134368,dbbf7ef2448bcd1fbeeaaaedb8b56f7c,521,2,0
134369,19cc7d5ec0705048b6c23dbc4e70a3df,521,2,0
134370,8225db9b00601c5af09a9adab82ee46e,521,2,0
134371,d379c6aee85138207e7401784c4fe3e8,521,2,0
134372,b5d5dfe881a153a67a9532d9b6f435e1,521,2,0
134374,3a80982419b2a9a2a34f60a848bb9790,521,2,0
134376,cfa0d70ed175bce471410191498ac52c,521,2,0
134377,dc8ca9c0661689b65c59744e3b8411f2,521,2,0
134378,2ad310638aa8c4ef7d916065ea28acbf,521,2,0
134379,be262378503b587b3ec08b8b8d85b975,521,2,0
134380,6a04aa050323c64dcdb9a866bab0832a,521,2,0
134381,4db1cbe66516c908f78b2afd4c65dd11,521,2,0
134382,75e5347028f933e83a21fa0cf822d5e5,521,2,0
134383,64a45da9c92b973b203db11fee5ee0be,521,2,0
134384,71e072508796bdaf660a58417366eccc,521,2,0
134385,8b9d0d72cd7bf1bce31e60d248b633c7,521,2,0
134386,e9ae3ec4d5b013248fd7dc72b9dd7a16,521,2,0
134387,f76b98bab974f93245780b429bf0e104,521,2,0
134388,434edba6dea4ff23fcb88fe15ef67758,521,2,0
134389,6654b3e7d24c6e3664e3f8ff027d2881,521,2,0
134390,b233bb82847fe618e56427c68fb34142,522,3,0
134391,7c2ba0f5768c55a0e13217d6d6cd938d,522,3,0
134392,6e374dfa225d9b257919b770f0f14652,522,3,0
134393,d5f127687877dcac6f60fdca2a6256e5,522,3,0
134394,01e5f4869f4b5f82ef7f911b2b444d72,522,3,0
134395,8730512b05b3e9b3a5816513507700d7,522,3,0
134396,bc608cf12dfdf52801a1666e779aaca1,522,3,0
134397,3f46323b9219ef64624bd328c5799b2c,522,3,0
134398,f3479332314bda38959b4656b1393857,522,3,0
134399,6c6527b737c75d0a36d4ee50ac3bc59f,522,3,0
134400,70eb84bbc3d46e682068fe0a64990173,522,3,0
134401,c6d2c48151416ea9041c1d3bd7c81b19,522,3,0
134402,a85076f9bd11bfea4dedf124b5e64882,522,3,0
134403,b5bf66d0166b1b79c87c896cdd44cb25,522,3,0
134404,15be0c779b06235d0e5c845669d3dd3f,522,3,0
134405,3d9be21714cf33e53a8f8548b7bc8fcb,522,3,0
134406,2f6d4a5b00e3bba88fa803bd38cf7218,522,3,0
134407,2d962fffd76e10b513884bd76cd2b930,522,3,0
134408,105eee80983d92fb1b2947c5556a7495,522,3,0
134409,c6963a335ff7cfcc1f42305b084dbfbb,522,3,0
134410,0321e42c551a0773f3dfb5c2abdeff68,522,3,0
134411,09c6703a65e938db52cc6b2fe57430c9,522,3,0
134412,3a9167d1a6def41c61eaa6313daa6553,522,3,0
134413,1cf7344b61a899dd883ca1cc92acd2c4,522,3,0
134414,cec7004fe8f20edf469c58f0fc753cf7,522,3,0
134415,d33323814df98cf39a31cec4102c30f1,522,3,0
134416,80f8a1d7799ef313072200184fd9181d,522,3,0
134417,ef15a7d351f79eea0ae0d65033242e6d,522,3,0
134418,6c9497c1df538652feae3acad411b924,522,3,0
134419,6bcf8a846ed67dbb45c3adac77ae7a0a,522,3,0
134420,164692836352080d7d06cded5af8bf50,522,3,0
134421,8044176709533d27da27d047cb5b4f54,522,3,0
134422,1ff0c6c00b1568b5088bba2d430f512f,522,3,0
134423,d893157e6d679338928cadcfb968f97b,522,3,0
134424,4650f39492b4197b5842fcab8597e77c,522,3,0
134425,4d33d1df64562bbb23c6c306d42bbcca,522,3,0
134426,95465fc1e46d4dfeb91f9760673cf25f,522,3,0
134427,3267b12e56b48b46f43fa4828885e2b4,522,3,0
134428,62196e945c5370a40a7c5032a392fac1,522,3,0
134429,5cb59b27f812e49a25915e93aedba7c8,522,3,0
134430,d870d5b2826272a13fa156f00ee22611,522,3,0
134431,f7f1a636a967432f6c0db2d65525b4ee,522,3,0
134432,1bb3d72a34e134cb454fa69f3ef8cce6,522,3,0
134433,0bce0ae176657c718b91eacc09c60a56,522,3,0
134434,1ebce3c25b594b4cba1e8d292f9fff4f,522,3,0
134435,37100b6f594cba3f6d553f188bb1bc7a,522,3,0
134436,f11498f7d1787c672ae4d386aa516466,522,3,0
134437,3902bb721c34986b04156c76b9954ecb,522,3,0
134438,586f817dffabf2616b24ab61f901de51,522,3,0
134439,828ce9b6295acde1dabf104349673f75,522,3,0
134440,dcf374dd065432f7ba8d90e3acc5d066,522,3,0
134441,a2b3793deca53eff75623c819cc9ab78,522,3,0
134442,d30acdb3093b57e955dfbb102d23c196,522,3,0
134444,f3ed4ae67e32ff8771e8828a4ab98349,522,3,0
134447,7c89a9a92f424d64e414ea8b1b9b2b1f,522,3,0
134448,f13bdd4bd81dcece3837095b89261224,522,3,0
134449,9e4424e6dab8d88fbff42fde1a8e998b,522,3,0
134450,75c293144f64c8f340c892f699c4a25e,522,3,0
134451,3209d81128baa1bcf3be9b7a721dc7eb,522,3,0
134452,1843bdf45e816174ad0d0f040d1563b2,522,3,0
134453,894bc61ae98b2d0c4e097b66d8883242,522,3,0
134454,1c53a0c110f16b3671274616e9d81c82,522,3,0
134455,a21eecd02f4639c6d4b886937b9b6267,522,3,0
134456,37354a00bf1ee4993063ee3d9f51e45b,522,3,0
134457,1205c20a1f0a5fa4d972c898d3136ca9,522,3,0
134458,8ae4a04cd99767bfcad1e02948b1235a,522,3,0
134459,98f9e156bd8c7a82b79a33d5a9e04fb0,522,3,0
134460,601b0bcfb6c1d6c81930d370f4ea3498,522,3,0
134461,a9574ff27dd0058a465a3c20b21fe55a,522,3,0
134462,47a12845f88f0183a197f49526ced04d,522,3,0
134463,142df4372f536e1645d23777c9e3fcf9,522,3,0
134464,66ed5acd0fdfd4604c37a394bd9f3f59,522,3,0
134465,a20f9dc1b4f08cf8a46b2350e50c18a4,522,3,0
134466,e78f81dc0668a51bdceaabf721dee510,522,3,0
134467,18fa8c374393e9a15e91d2893dc944bc,522,3,0
134468,ade982c9447d95ea7868804717652fe1,522,3,0
134469,caea7919ca726dbfc30943875b011c02,522,3,0
134470,789853e7c2fd045c588e67a50bb3a49a,522,3,0
134471,78af6ebedcb7da949b91d6781e8a9de8,522,3,0
134472,239958d81784035b493e68f5c74f3ca3,522,3,0
134473,9588bc93c7e662441031b1f76c59ad38,522,3,0
134474,1c50e3463f7dd4718a3adf90fa7e6f08,522,3,0
134475,c5b475123769d9b377d6aa0e9d40ac93,522,3,0
134476,aa137cc35f4f85f709da7b7556f2a8d5,522,3,0
134477,94d346c59a287c83e21be02cfc8a292c,522,3,0
134478,a47386c8043803d6a097e37698d526f4,522,3,0
134479,7c36a9e82f07260bd00221b1d84fd03b,522,3,0
134480,8f3700633e2d7b363f264031131d22d0,522,3,0
134481,ccc46ec24ba2f6d8949f62241709ab4f,522,3,0
134482,cc4c40f816f71ef7aae2f75175530712,522,3,0
134483,3532f0f0fa89218660a854ebc66c9f6e,522,3,0
134484,1768a37c791ae0a60dfe9202b0b87ecd,522,3,0
134485,4211df05afeaa3ab89e447dba6c3d413,522,3,0
134486,e1bdf706045390e8d553da90d204d5e3,522,3,0
134487,2e1f409fd7c716cd4e7084e584eff50d,522,3,0
134488,6b8d734e4a8ab105dea7b3715b1d2dcd,522,3,0
134489,9b53461ef38112b93641fb304cf5c739,522,3,0
134490,b78b6d29ebb761d1a8fd4b9a97777d4b,522,3,0
134491,ff773820458d34f6153059220f1ac282,522,3,0
134492,37effcbe2ebb1c6c330e6deafce791fd,522,3,0
134494,d6f19c1a0731ce1f5bb5740d1d93794b,522,3,0
134495,ae321cb484255c18c8c5f75402a724ce,522,3,0
134496,ab57adce6fe817fcc4d9fbe4984e300d,522,3,0
134497,71133bab6a5cd8064e721ae07a08ffc1,522,3,0
134498,07d30bf4c0b5d053287511a5e387f60a,522,3,0
134499,36c38e3dc2eb0ae9060ad86da798269d,522,3,0
134500,976e4619ed09ac90f6564357ee1b85d0,522,3,0
134501,4913bee5ac92e8708043af720fca7ff2,522,3,0
134502,92898285ff7a0f74da36009c8e70045d,522,3,0
134503,40843bb22f4e38e8d7ce33fe72e2387f,522,3,0
134504,533694573be716d03d5559d240c61f33,522,3,0
134505,73c76631a16be436e78be247fc4a6c80,522,3,0
134506,1033bfc63d9c68486a5bca26146e50ee,522,3,0
134507,91ab5bd1f8c15654efaf695875631e6f,522,3,0
134508,6154d54c06e360fb2257d0f77f9c7573,522,3,0
134509,0f9df5e92b8bfc7b1f59fc50000c0957,522,3,0
134510,23f80704ea8d4b9b345ee8cae7736e43,522,3,0
134511,46ff8771853c1ddc9fb8f5ddde4f0a72,522,3,0
134512,2786f82bd04c6e3217c8f658edb642b6,522,3,0
134513,0adb74fbeed88ac199b6b78261b18100,522,3,0
134514,1a9ad308a43aa1339130681358dda460,522,3,0
134515,bf4b0f1abb5db30b9bb1eb5f3d5099df,522,3,0
134516,72fa93633de277251df0019419a2e458,522,3,0
134517,85a884eb5c79840bd972fd787482392a,522,3,0
134518,10f65cb84a30b8094f4f5292e57ab1dc,522,3,0
134519,48e2eb8251ea631be19f4a3e78c4b8ae,522,3,0
134520,b7ea43f8d935df546483e0ba85e18867,522,3,0
134521,3948d9a2ecdf3f3a1b84b8954522ac14,522,3,0
134522,f390062f7df308040e55648ea44fd0c7,522,3,0
134523,07100802d207dd04ccae7414728e05e8,522,3,0
134524,03e61f07b38940a46fb7021d24cd2627,522,3,0
134525,12f08b5dea8edc7bd5ef4f32e06db59b,522,3,0
134526,74ddc9c2c23ba6538811ee7c7f0c88ad,522,3,0
134527,a83feaa2a9bc3ddae2130d1e9c88cc61,522,3,0
134528,550dd7b13d98bc0caffb4fbb03381e10,522,3,0
134529,cb12681bbabe7ef1dc6fa462ded88bf8,522,3,0
134530,1e6fd0917d729e22a70fd5b68caebf96,522,3,0
134531,aab45d908230644db24be9d38ee10cd0,522,3,0
134532,10246115c026bffc7b217bc986de25cb,522,3,0
134533,8b3146127b157f818b0f46147c3d08b2,522,3,0
134534,d48230e75db436057d875530b2710381,522,3,0
134535,ce5074def607829bd53d04d10eb9bd61,522,3,0
134537,0a990b307d514ec39fdc7b31d3e437ac,522,3,0
134538,23ecd03a46cd173584251d30a4960552,522,3,0
134539,de80683229553c038c766583f8c66317,522,3,0
134540,d2fa5cd84176763f224ea4bc22485069,522,3,0
134541,ba289f53e1f8ee28b589bbd9c123cb3e,522,3,0
134542,e0214cd5506333b937f3ceac337e1ce0,522,3,0
134543,e6acc89b884a397c0ce2490ed0cfa43a,522,3,0
134545,aafba2ae11b3822c4f8a4e053cad7055,522,3,0
134546,1dec99c533409b5b60aba8f66f019b03,522,3,0
134548,9ef07998b7d3559b37b5b3c73e1ec92d,522,3,0
134549,6825f4a2d5e43d298e232269fac11c29,522,3,0
134550,edcad992dd6e3446a5c1d3194934028f,522,3,0
134551,59034af14566f5c8d387f912e9f7db9f,522,3,0
134552,b887165d6c060d509e57ba6b161b0ccd,522,3,0
134554,a0028d440ca9aab4d3bb799e55eca2ce,522,3,0
134555,0e5792f637ce643c920ddbdec45885b2,522,3,0
134556,3c609768b42dccd2e67d379eda1a06b6,522,3,0
134557,2bd98c2a257af55a8106d4ea13fee4f1,522,3,0
134558,752dbadac7cdafa3876ea41394775a7e,522,3,0
134559,982b3effa344e8c77b7aa0131b0768d8,522,3,0
134560,acd1515416468315900599f1fe3b5927,522,3,0
134561,22c48f987957ab5388f2b8a483e4ca14,522,3,0
134562,5030e130152113e0568a988f5867fe8c,522,3,0
134563,a666899c44fc0d212a1b8019d03f52ce,522,3,0
134564,cf09c6784c43d5042d4536c491af3f82,522,3,0
134565,1e26086d946128a4d77f0ffd6872586a,522,3,0
134566,3edb7aed330b08262519b963a4d5ee9c,522,3,0
134567,5d814e148a7cbcbe4a692a9fc24fe73a,522,3,0
134568,e411ac1b68dbe46d7bb08d6f624052b8,522,3,0
134569,dec6dd8a329b97a156402bb7cfc836bd,522,3,0
134570,eae7aefd6de26d95f7fb727eb185816d,522,3,0
134571,994825a0a5e11e3d722ce1056f846aee,522,3,0
134572,ec689863a848cb4435e585a1463b38f8,522,3,0
134573,934f0ea67b0f71747567248cef788182,522,3,0
134574,f8d1caf25789c0c2033e2cd94e6c089d,522,3,0
134575,2cce92fe0b718fc5ea2afa06cf39493a,522,3,0
134576,be032afba67825c94dc9aacdd1339134,522,3,0
134577,464a6e1407e8bcaa2b439da1b1747369,522,3,0
134578,c6d52da0208af42cd057d2defe0012f8,522,3,0
134579,7dbc7a47c9751202080062f892ac3a49,522,3,0
134580,30d150d3628700cfb6e3800618573191,522,3,0
134581,e50549ce5b7c1c871243c4692ae059b1,522,3,0
134582,115b195782658c0d6e114eeec2935c26,522,3,0
134583,41aa8a467ef7355a23272bdbf7d795a1,522,3,0
134584,2437ee6557df8e92c145cba84c8aab86,522,3,0
134585,eae0bdd2e5182e54d84140e9ff234a9d,522,3,0
134587,4f8d5e8e94a33d4f843bb350be99d471,522,3,0
134588,98cce8b164e825e1fba8c03663e2fb00,522,3,0
134589,e5547171fd62fc58745b80bf1cbc0336,522,3,0
134590,40d4a78612d2fd7bcf5a907e0c392c16,522,3,0
134591,7b027dd1e1f593c40a0efa89404a4b9b,522,3,0
134592,4d860215f0264134d61bc3e11fc4d693,522,3,0
134593,ebf551f9f2111a3339452414c86490a6,522,3,0
134594,66b693293370114bb631daeac3ca8312,522,3,0
134595,d830db37b12f4c13c893aff6c304db62,522,3,0
134596,49575e4c6841f5eb1aa9ee5e14d9338e,522,3,0
134597,8d49eb5a59e7a2aebb56a520c63f8638,522,3,0
134598,36f701296729e6fa0d03801975ed5ea3,522,3,0
134599,f1b148abd652e3f57061f8806fd7a54c,522,3,0
134600,9f9dabd387c19ebfefdcaf81f7ced272,522,3,0
134601,04b0c98a7e78dc7f118522f9383c6048,522,3,0
134602,06b1e1af4a39d1bb7a9e9efc28255ec8,522,3,0
134603,c98d42a03fd879feaef798f9b2013ab5,522,3,0
134604,48d2b26774f544852df6cf2a7ded4d13,522,3,0
134605,e19b814facc37aba0e08e758d5da1328,522,3,0
134606,eee3402114478baa6058e0b385adcd0f,522,3,0
134607,f5b73cafc29bd7b0a0b874b224a81964,522,3,0
134608,e86daa13dcf71a87c077f2a630edd2a5,522,3,0
134609,28ec86db3f5571859607792652d29539,522,3,0
134610,6679ff185d511c475a201cf48db83970,522,3,0
134611,872434215bdcc47062178f288fe65028,522,3,0
134612,199909dbd803ea731ecd13a3a46504f8,522,3,0
134613,21544db6cda346ee51e784326dc479b8,522,3,0
134614,628203cce4c50f57020c73481dbef438,522,3,0
134615,ae95e55c65ec6ff072e757ac369cd2e9,522,3,0
134616,992fedf01cb5c054ccf93ba8fb890456,522,3,0
134617,138b4cc341060e6b59d8eb2fd1605503,522,3,0
134618,b19de3d5ded1a55187423034cf13f4e3,522,3,0
134619,0dfe2f7b94b1c2e6016348e2962b41a1,522,3,0
134620,50323b253f4e8f82bb5e9026b7dca4be,522,3,0
134621,af0357191957b433f16c713f60e898e7,522,3,0
134622,deab8ae21e008bbc6e5963cd0e2fc3eb,522,3,0
134623,09ed030eea6d84ccfb324004d9bd54f2,522,3,0
134624,7263b7d90a87785dac0468e58732b34a,522,3,0
134625,8d566918aeb2137fb411e4378c2313c9,522,3,0
134626,464d04a320d905cfe8ff5c1416bffc88,522,3,0
134627,a0ceae1c6867ed3bcd42aacf84f9b52f,522,3,0
134628,c5f97e8dbce5a85887f3bae7938a3fc6,522,3,0
134629,1c31dc991e7563735c4d08bb8a01cffd,522,3,0
134630,192581dbe5dfbc03d2fd6dd41816e917,522,3,0
134631,4f4d4a64c0a4456cd961bb9718866cae,522,3,0
134632,07bf415fb827b8234181b5951e422c10,522,3,0
134633,cbb3c41eb5ce9c3234b04d36c3b2e46d,522,3,0
134634,b41315a01ce08d36b400c91bf30ac51c,522,3,0
134635,23ef0ad276ba12ec4f80f3ea670837ce,522,3,0
134636,fc99e954c52dd63fbfebcac59f5c0e8d,522,3,0
134637,bedb05d60c93f905095f097cf8635eeb,522,3,0
134638,d608ce742db28d78cc0ac4c5fe075c9f,522,3,0
134639,ba9cda3e60ce88997859643742638103,522,3,0
134640,584035aaa6bc47dd155b03776748fa06,522,3,0
134641,1e31bbc7223d9b0cc616a06ae4da7714,522,3,0
134642,38cf4688479af41f4b4e91350ad6d90f,522,3,0
134643,d14a8c52373f074081756506444eaec5,522,3,0
134644,14dea247ec0ed3b20dbf484734ef8e95,522,3,0
134645,229012a91b1dbe17ab7b440bf8a80029,522,3,0
134646,8ad5b22149a1fc9e7a573781dcb222f7,522,3,0
134647,e7dbee5a0570e86cdf7cc843b32b02c1,522,3,0
134648,6c3a498f077016b05dc052af01dd2fcf,522,3,0
134649,26d02f5714dd7b25c299a5ad55451354,522,3,0
134650,cde3c67ca12c3e5e7876f246ba72fdf6,522,3,0
134651,f63526bb567249a73c5ba0ce3cca2987,522,3,0
134652,4921f38ab93b7512c5038cd294a13b39,522,3,0
134653,7da46da217754f9a997b3cf824292fb4,522,3,0
134654,d02cf57811a05a2f47cf96d1dece944c,522,3,0
134655,259c2ebcb52efcb0b8c97fd2cfd3660b,522,3,0
134656,39a51e06845c32eca3384cdeeb1906fb,522,3,0
134657,36c07190c353414f5a6a5e36f3c42610,522,3,0
134658,a90b031354301b655b109a98342a9521,522,3,0
134659,582350b53aff4bb09d14d36197423b33,522,3,0
134660,6f0d6e4eeb4f16808200dc4f531160fe,522,3,0
134661,e8607646c84336607cdedc6655a6e5ac,522,3,0
1,3055955122b63e02c8d7f9fcfb428989,1,1,1
2,880ab67fbe636a88537a640f0cd22810,1,1,1
3,45e90bab7a3897386ec27d4b82202f5f,1,1,1
4,6c42938e52188b1566a9099a7b93a966,1,1,1
14,017958f002b14606b20ead3d214a97a9,1,1,0
21,4cff4b743511f77352b1fdf89213211f,1,1,1
22,6babbcb43b72e1d3907771ace7bf89c0,1,1,1
23,48dce2bf314e0c1cfc4a8c0e83db6c5b,1,1,1
24,1885d0dad0a3a2f27609943f59979768,1,1,1
25,c2f31a11cd4ca5f224a29ced9912b599,1,1,1
26,80665a26453d825ad933893aad20e0b5,1,1,1
27,d6bc1759beebe2b2c25242488fad02a7,1,1,1
28,7075a6a0eae70f7e7bb52e66cc3729da,1,1,1
128,c18ac670b555139951ffa14c3a7910a9,1,1,0
283,73cd5cd049162d7c32383005571bae71,1,1,0
329,a5dbaee04184b279e21745b917f85786,1,1,0
344,e2d03a91cf3e44de6e9e5e71ea649f2b,1,1,0
1345,55c493171fc5bd7d0fe98dc07c3559a4,32,1,1
1348,bd002a18c039b4426b2083bbf10ad068,32,1,1
1349,d9ce6286acab588ae293fc74cdc05019,32,1,1
1351,7160587b45858de6b5e12814fe799e2b,32,1,1
1352,fd94d170622b15d1618d9f88d2e2348c,32,1,1
1353,62538fd4190bd18ce688f9ff51c0db05,32,1,1
1354,9cd28451cecd0698118e9371f4c1045d,32,1,1
1355,81ffd853298474dcf868048de8dd54d8,32,1,1
1356,7e2f2ee97f8c4f7ddeb10a386982f12e,32,1,1
1357,42167009b1d470acfc29976901d2fe40,32,1,1
2026,e4c5cd6789085380ba709b5294dfd123,22,1,1
2029,133968b2eab4f293f9e480e9fa330a00,22,1,1
2078,71869101abfba54ee2b7829d7a0a0ce2,43,1,0
2607,f4c73999ea1082b88636ff0d4c98c436,23,1,1
2641,876246f0649c26f3ff51ec722005499e,24,1,0
2988,3d1d933a6a5590707ac3dfb99cec0c58,51,6,1
2989,ef5596523de822721ad0e03e6cfc7b2c,51,6,1
2990,315989280b3d1ca94873222ddbcd9e30,51,6,1
2991,f447b7df69c26e2a3d5ebecf806f5457,51,6,1
2992,68e1769629536558a4430aab7ae539fb,51,6,1
2993,063f037be4468a2e3980edf76e30ae47,51,6,1
2994,7c09d0f052ea3b8c329fddc3c5df2de5,51,6,1
2996,94d2cdf256ec66b56ecc334fdb7e3681,51,6,1
2997,f284b337da2472eeb93bcb1b7a19b7d8,51,6,1
3011,ae327ac239fd14c5fa48c450f1fd4c0c,53,10,1
3013,a178eba799e3fae7677abb130a785ec0,53,10,1
3014,cb48ac2af573d239cd6ec1219f1a097b,53,10,1
3019,635bb8bcc6386ea01358ae02acfbbf68,53,10,1
3020,8abe6441a5293f757dec235ad6b39001,53,10,1
3021,7d5cb466129aec76b17cbe18f58a38c2,53,10,1
3023,2f8f123b70e15e1cfd07238884cec713,53,10,1
3024,a7106a1787973f2c6e7a2c8e8726a590,53,10,1
3025,8daa1dd60d887bd4a16df6b8ac272613,53,10,1
3043,d6a3bd2f11efd6c7002ee32e61f6f7c5,57,1,1
3044,585a676e68fae132840085c1e4b8bc65,57,1,1
3047,29eda9d92138da2ff894557fd0b2bfc8,57,1,1
3048,672dd4987d58fa6fb78926930fcbab35,57,1,1
3050,5b904729667644293f088e73a01b4a63,57,1,1
3053,62110268e1f422bb7892e40ca425ff9f,57,1,1
3055,abda3fb45b9a2c633a248cc32a63ea2e,57,1,1
3056,0474af51570ac388f2495a6b98d2b31e,57,1,1
3058,04b2492e8f74522611c1fbfa475f5a25,57,1,1
3078,9a1a8dbf365c63803574a95a90e46e59,55,2,1
3080,6e34b4ce3745f20474af0af00daef552,55,2,1
3081,d6e86c87f1d3374b8166c69a65caa447,55,2,1
3082,dc3a695d6139236779fc89512a41376b,55,2,1
3085,2558d4c6c3e46dbbc02d059857243688,55,2,1
3086,d053f697ab580b8061799d5d1aefb127,55,2,1
3087,5105fb033298a4a04aae630a3843b693,55,2,1
3088,a3641a35d993c2a338fc2d1edee6f570,55,2,1
3089,9951c8f33a4b22bed1d581e84e5e7ed1,55,2,1
3105,f70afbae1dcd2e7e21abde7f8977e386,52,5,1
3106,5faae78063d1b7331d1e45b8e2d3f84d,52,5,1
3107,a0eedb7c41e7360f4f01b4e8679743e4,52,5,1
3108,78a1d7698440497ccb1cb9f59eaa3867,52,5,1
3109,ff8005ba77caecfbb6531a091c7db6bc,52,5,1
3110,ac7a79f83513839d59780748508f7716,52,5,1
3113,ecf22d229498b8701a98dbf846ed968e,52,5,1
3115,3cad649a677cdad9c57a4cfd61ec305d,52,5,1
3116,571d6d6ce5e1db8208f68ade90557e5b,52,5,1
3129,9f90eda97cd69e16e22e64c8675d990a,56,4,1
3130,10cd84470417021399ff2a6daf74eea0,56,4,1
3131,c19e29aa83a9bc7c6838a0c0d4d5fc1e,56,4,1
3132,d88085365e5e7b5e57556462ec2892e3,56,4,1
3133,498569250e734fddd2c45d20d0db8ec8,56,4,1
3134,6b665de2e74d9e5698eb38dd185d97ce,56,4,1
3135,f71a095391d6cf9e0bee847ae03aa525,56,4,1
3136,0bf295c54d078e9c255551759740b335,56,4,1
3146,e47c7f8079f6460bf770d358b153c687,83,10,1
3152,9aa51f850f00a488659da1331954940d,83,10,1
3169,fe19129b9cda9306c604a846b5d22da3,83,10,1
3170,b8fe59031bf5a6a0628540d5d67f844d,83,10,1
3173,c5f3cbd51b62ed1e45e348b54c0b052c,83,10,1
3174,2413c1174504ea0c8705c8cc21ec4c0d,83,10,1
3178,850084d2e3c889aba1fc05fcd0712b3a,83,10,1
3179,5259b9a68f16928044a66c315a07b35a,83,10,1
3180,5a9e14a7545d21091b78fba469b9e01f,83,10,1
3181,50bd5fd92ae8d9573f105c8fe4b47f3d,83,10,1
3182,4833d1aa571b5e1077862cd3ad274a78,83,10,1
3183,a1c94e092460d4b37276fe9af875016b,83,10,1
3184,33af99c45eb23316498ded8c271c8c99,83,10,1
3185,ccf4e3e11e8353778d84c0513d603b35,83,10,1
3186,ac8e327db5fb172d1fb9aebb7e24e5b3,83,10,1
3187,57d0472dde8a9e6436fad19479367110,83,10,1
3188,4f9253e17118a66c63aa4c20a389f550,83,10,1
3189,36ff850cd1066baed826c8b8898374b8,83,10,1
3190,722f0d15230f8f1856cdc9ef4763872a,83,10,1
3191,a18fff4521fef4c778bfb1926a97dab9,83,10,1
3192,a1c6708cd4cbf04c2d25c2306921f1d0,83,10,1
3193,2dd1f852675b29b64ac63beb41db6087,83,10,1
3243,0e02d4f0cfdbcbf892008dcc07767ac5,80,6,1
3251,16988030d623a6014db8740c783d5cad,80,6,1
3252,357e4a974a7fb43155e089c90cc8d6b2,80,6,1
3255,a4909ddf52a7df44ac81b04f6cbe3877,80,6,1
3272,99e58acc9d36bc554659fe5d5c8f9ffe,80,6,1
3273,5a519942351e40b56ccc2a4ef2e1ed31,80,6,1
3274,b165418c6abc93a50effe9d5b3749593,80,6,1
3275,a323373c8c80cc4d752bbed159d202e2,80,6,1
3279,7ebfe0e097f1e847abce77782b61c96b,80,6,1
3280,891ce826e9e1cf624416e616d0d89882,80,6,1
3281,9d94a028f0b144a5ec14ac40dd21d712,80,6,1
3282,a30ce07466335a3c70943dd5c4e5d0ba,80,6,1
3288,3dbe556bd56ba279eceb11091dffd422,80,6,1
3609,501dd0867555e887ba61e4f66e56e6c4,77,1,1
3612,3c64f994aba8705db068cd4f4e511ea6,77,1,1
3613,aebdee9fe1bcd1eb1246336d4de3d687,77,1,1
3615,a209d9ff7d4a3e31d439618b0387c722,77,1,1
3617,20ea7af27bfa611acfae292228af6866,77,1,1
3622,6a54391f1e1144fc4fe5fb22767eefb8,77,1,1
3623,34c30e884860a0435770080fa860c3de,77,1,1
3624,ce5ddb74c9612b76d6ba2f0cc2c055b2,77,1,1
3625,92ce77d6343e32ee157343a7f777015a,77,1,1
3626,9c4174428bd5cba0b4014eef1ab0abe1,77,1,1
3627,955c1064240b6ec187ca7e813a1ef515,77,1,1
3628,970fd9b8dfc88dd8ad5765b0f8141d21,77,1,1
3629,d4512adb14d9c6ca4fbf9541c5364a0f,77,1,1
3630,85b0d73f18f446ac18199508f2eade06,77,1,1
3632,709b94fb9a941ff278ff2a00778b1899,77,1,1
3635,15e771fc9a167c8246be254775433f36,77,1,1
3637,4e7263bdc10c14b300dfe218596d264c,77,1,1
3638,24be5d2c45de698dced65eaa87b26d7d,77,1,1
3640,2829a83958457edaf8fd0c3d705b2816,77,1,1
3643,d356868d294cc7ff34741d520ff6c425,77,1,1
3657,89a64793eaafec8c298919c27ba6c8ff,77,1,1
3660,fad0d16cc23c7a45d26d7e971808f3ad,77,1,1
3662,ec50d5fa601c6d418cd78a4597b9c3ad,77,1,1
3663,e1527d18c4f9862002e7a40fb64960af,77,1,1
3664,c74e6dd2cb11ff6d406e049f180d0c9d,77,1,1
3665,4b477509a427b08772085044e1433282,77,1,1
3667,05232ee13b111d414f5081a2fe3b8050,77,1,1
3668,7bc3da0dea65faec65cc945f6cc05ba4,77,1,1
3669,42f0fc8c336b5a441a429bea8abb91f6,77,1,1
3677,c9c46b11bfbc1c83e422d3afdd024fbb,77,1,1
3683,5a9e8baaad59631cd68328816f962d32,77,1,1
3684,07dcb819e97cf56b14ef3ff12f21cfd2,77,1,1
3686,e8d7690acbe6a07166976738293f19ed,77,1,1
3689,acde1897422ae13d553c41d55a792f7d,77,1,1
3696,661cba9b3b9fd5d3bf47d79428c09633,77,1,1
3703,727ed9b58c00c754c00364db3c65b893,77,1,1
3705,7a184a63f6d2aacc3dcdb14ec49f04ef,77,1,1
3710,5ae9eecf04222c868535b3aa8e83f4e2,77,1,1
3723,52c99454194f90d9485eda8eb83b8544,77,1,1
3724,c04bb98bd1cf21471ab6bf11576a3fde,77,1,1
3728,8c2dde81f6b58e2c2dd2570aadb6db5c,77,1,1
3729,66018d54805ece60cd71e0c1a0f8e1ae,77,1,1
3730,97543e34a168bc6bcdb63e43c7a59927,77,1,1
3731,1a2d4cee7b53b3a899a2120e4e5b8b8f,77,1,1
3732,fb4862638c4cf6657e1c5a0565df06a6,77,1,1
3876,20079827e314fc20b8dac1b921b151f1,71,2,1
3895,c21f28916f97e247f95f6b97caa1f829,71,2,1
3896,f3b96b30dea70ec94e45c9b619a2cbc2,71,2,1
3898,51ab7729e06498b12dd94ef205977fff,71,2,1
3899,1d6f85ab0dda5d4ea0934d981ad68628,71,2,1
3900,d7aec6f798351490697cdd90d9f7ac97,71,2,1
3902,e67b43dbbff0a77c64a32045021b7100,71,2,1
3904,7715bdc85c0b62a2a395ad64340fee9c,71,2,1
3906,8c2bbb3217278117e897a6d3197eadbe,71,2,1
3907,44b27e3c7e499e5a3efd813c2455749d,71,2,1
3925,ee841b542d572c26474e4da5505fd7ae,71,2,1
3926,d8343304f70e0c4d88ffc9363fb32385,71,2,1
3927,fe2800ee3b993dcd617ceda8ffd748bf,71,2,1
3928,d1b829d7fbbe71e2c24d6200008a48ad,71,2,1
4003,18fbcb4242d97835dd32ada640b3d911,63,3,1
4017,0bbcc9071dcbb6d727fb6fb31c4ac4fb,63,3,1
4018,914d726ea5bc3961c06659b2d4ba93ce,63,3,1
4022,94d73c29465b1ce8028e0793446e11c8,63,3,1
4023,367e6167f9ff83b40ff8090ad341743f,63,3,1
4024,74a3c1b07187000f2686f57ed2d0dc83,63,3,1
4027,24dc7b1396a676c5c3362db0c7b3ee1b,63,3,1
4028,1ba864ea08b4b34b110e959b9de891f2,63,3,1
4029,3a7629419985def9e97ad07615bcffdf,63,3,1
4030,f7b6d8d2af1b824424a92fc32bcef636,63,3,1
4031,0b8f9659cafcb23470c1afbac518a138,63,3,1
4032,e5f7215d4dfe4512f78546c85b2e3be5,63,3,1
4033,4ca6d5c11499cc6ce24aea146ee93f6a,63,3,1
4034,2d804637eadf839cbec3108441bba713,63,3,1
4035,63dee762c0356c8c58a0b32630b4ec14,63,3,1
4036,a7356086880be919540619bea2caec37,63,3,1
4073,66102994fb248e21224d404a81e5fe00,62,5,1
4093,71e4201ec5499e4744c80d2695444abb,62,5,1
4094,c465dd10e7996ad6bfbed8d49bde1dbd,62,5,1
4095,3874e451746c4e2550d655f1f707c2dc,62,5,1
4097,3198dcd185d93eb26f04eefb8771a9d5,62,5,1
4098,869d0e3a42ed07e008b18bccc118a6cc,62,5,1
4099,b130681de976b5b8c11c18d23ba402d7,62,5,1
4100,213f4be00dc234a5df84965062876c22,62,5,1
4101,441c9cf76db021bd93aae94d1d3177d5,62,5,1
4102,2c0e0b22d9b0a11d6ae8fe856652a4cf,62,5,1
4103,2de7ed61aac7e68bc9c4dddd944a2876,62,5,1
4104,2fe3e0fcb002a70481be2b1e496e3ce5,62,5,1
4105,427f5a80c242438f5fe1bd3402f69787,62,5,1
4106,e23d5d60a0a9370eda83cbd85fc90b21,62,5,1
4589,800284b847ae01e9f9e6341c891550a5,65,4,1
4596,1d7db38a6651aacadd27a97af0b89ac2,65,4,1
4599,2c5949faa86747b5e86a9a3c15b16a5a,65,4,1
4605,a86890e0629c6182ca3cc5a3691b6be4,65,4,1
4606,7bdf9130bccbae7e8cf7baa6eb3ed644,65,4,1
4608,d3f84b9aa3340e2a76cc3efa14d0750f,65,4,1
4611,93804880515e438f54e0897289e5ceac,65,4,1
4931,1aa3e1559d7e15b6446d40131c10e917,103,10,1
6753,a08844143f2ae9427d7bf7c5210ffae1,108,10,0
10718,71170f27dbbb5aed523a2d4e61cc1287,95,1,1
10719,ea73b1a5c9daed44662fbfe5af8eb94d,95,1,1
10720,98ccba5423d10640bb24a681d2ad4271,95,1,1
10721,e69f5b8f1930e71b2f408b0805cc1a6c,95,1,1
10722,2b2cbb25079699257a719b086b174dce,95,1,1
10723,ef32e2738ac873f8b586cf96e3d09287,95,1,1
10724,d1baa7f2a78abdb9d336eacf8238d1aa,95,1,1
10725,50363f307444ba2adab0eab801062d1c,95,1,1
10726,e16972b82309de1c27ab0f0014995648,95,1,1
10727,6ecc86477c85bdbd7643be0040775add,95,1,1
10728,39a1810a39f7eb6b8cf45a16342f00ea,95,1,1
10729,43664c598da424a3a7a21219f583083c,95,1,1
10730,aff39fc7ed42916d30c48f6c79de1cb4,95,1,1
10731,687e53d017de5fcf1603019777a55a99,95,1,1
10732,b2252b457051614ffda612d6c821fe55,95,1,1
10807,54406c12cc876ef48bcd96947c8060f7,95,1,0
10812,5c7eef714a355a33849e0ee7d612033e,95,1,0
10862,7a01c6032ae7dbdc46f6b6bfc88c50f6,95,1,0
10901,05b9d346b4dac0bd3772d658b3c6660d,95,1,0
10904,5d298d442779d3ca6a64e49fe1779bd9,95,1,0
13274,d341a15dc27544e3b34bd74a8d4f188b,107,5,1
13476,6fc21e347696e949e21d99a89821f9b7,525,5,1
13477,25956609692ffc12c341ccaf07a1bfd9,525,5,1
13478,4e6f95e96270972af40b0fd6eea8c70e,525,5,1
13479,9fd10937e9e876af4d92caecc79699a3,525,5,1
13480,ba9d12618ccd7149df5073d31c9dd83e,525,5,1
13481,02f8f15fbe8156d716633142c2154180,525,5,1
13482,d00781bdedae83cb744432f9742c07af,525,5,1
13483,8a00d688f893891cd24fd04e970e63d5,525,5,1
13484,d8d7b3c16bfac20cb1c74579473a3de4,525,5,1
13485,e1a9499884b25152c212802f93ac909e,525,5,1
13486,bbf52b5f8fe9cec444da4d15d1f16a15,525,5,1
13488,39083961fe0c3335e52223d662ddacab,526,5,1
13493,2880dc9eda65f2a90312debc9987c346,526,5,1
14570,273fdcd2c8a989f01e784fbc1d50c666,87,6,1
14572,ea648243c85c278b0bad22a1b3b26dcf,87,6,1
14574,285317386bfd8194377b3761dff9a853,87,6,1
14575,d6e6797e74938be5abc8e453dbf5e762,87,6,1
14576,d92ac18175d40476800fd87508808e45,87,6,1
14577,0b3af22cd8bebcd9ed6842ff49817341,87,6,1
14582,c77ea359449500c3d41c976ccbc264d8,87,6,1
14776,52069d58d46fc0e7071c0c8feb3ce0df,87,6,1
15831,30aa88a4450a027e89d78b65fbb0436f,114,1,1
15836,b394f5e849c8a776994999df1cd41ea3,114,1,1
16030,4cfc4dfb3f58fd447e2d49c4041740f6,114,1,1
16032,ed0e50d7a03c3fa4dcb590fdd84ef76f,114,1,1
17099,62c7a059784488c9e60a6dbe9730d2f7,90,4,0
17674,0f27e739c0ca933870aaf57b320dd679,94,4,1
17675,a3071913ae7e2ec58a13847f2ddc2b8f,94,4,1
17677,d06ae89bd9e2745811d44452e645cbbb,94,4,1
17678,bdfdb178820003ebbf8840f0259e9e7b,94,4,1
17679,b74f7a9d310d9492f5bd7b8d6f173785,94,4,1
17680,3a0679111f9db4c0bed58f906c3f35f8,94,4,1
17681,86e9edcdd633520b8fc4e16e46e1982f,94,4,1
17723,513591247e51b55877d6904004bf3dd4,94,4,0
18667,9fe440b8ae11bb83b9cf75ccf2810cd6,145,10,1
18675,1c2118d479c74e7fbb94826a0d970d13,145,10,1
18678,9a395c2b60fd53adbdb98bdd3925a83b,145,10,1
18683,6d72f41b52eab4a9bdbbc3ae739d8934,145,10,1
18695,fa2c215021cc640847bc57217b57cb6f,145,10,1
18699,12d3abfd911d3eebf054b34e5c078d19,145,10,1
18866,b0badf7a3b2f8347a61ee819737bbe20,129,4,1
18868,6bb49ae6cc45bd965135637d1544ac47,129,4,1
18869,643ae428eb1d10cc04e2391f628d3b28,129,4,1
19718,89c79b0f40baf2ab9ddbc1405e9886ab,138,10,0
19745,df770fad1a2aa339b96dfdf56e747d90,138,10,0
19878,3ba13757c16272604e3cdd4fd12d78b9,138,10,0
22098,93c202a350d57557e7017dc3bd1beea9,124,3,0
25129,bca104b50e25000ae57ce361e5eb78fe,127,4,0
25418,558a05373244237df149d2c5175850ca,137,1,1
25419,56b22655d87709bb83871204ace1f1cf,137,1,1
25420,f122fc35e746478ab0ae05aac2cd7e1b,137,1,1
25421,93c60ba6efbe004a1fff9f00068d5ba6,137,1,1
25422,fcf7282f56331b4dc782ca3b98dfc662,137,1,1
25423,0c59ac9641c61f9c2be96bf7af3defb6,137,1,1
25424,02d1113b8a81fa0cb9eb2dd4b428aacf,137,1,1
25425,a29f08b5d7f95d04ad4b17eb86007038,137,1,1
25426,847f014d64b46ec3f9397008447d2a84,137,1,1
25427,f164e28165ef0079bcb0ec202caa572f,137,1,1
25458,ffd83235596161f95c401e5aaad73602,137,1,0
25460,6d29235a6176a10d544aba2355b9903d,137,1,0
25475,b3c1bd8e5c0968f4193b52f80fbd2f36,137,1,0
25489,2b2a82e47846138fb5a915b25aa7b3f7,137,1,0
25537,9b67d9574a6cc218547cb88073cec60a,137,1,0
25549,05c46f4841b4b06ededf43b762313e88,137,1,0
25552,5e7bb4b7fcee3890b1d85e001ee83884,137,1,0
25566,51e39f352dc6a3c3e1eed847c8521af4,137,1,0
25578,fcbe34ab3b05c1fc87b2564ebdf33527,137,1,0
26373,1cd58dbbcddf61fc7c29a02f6f7a1ecd,118,1,1
26384,d9be2ae4fa4d7ebff54c150150c3862c,118,1,1
26941,7924005b6182241372b26e014b265dd7,172,4,1
26982,3af2fcd1e4e73649457d6f939b12d1f9,172,4,0
28655,979b72d0d50d4e462b30cf7f758ae229,125,5,1
28661,70b2747400eb94ed884950c9096f2cfe,125,5,1
28663,b35e6a5d196942c08544468462dbac33,125,5,1
28665,7558a5afe0fa2b9898ed7339b2c39e9a,125,5,1
32668,b45100efd8efdcbf3a22fb0a82f98c20,116,5,1
32845,97ec2a86e674b07b0badaaa795a7f4ae,133,1,1
33419,4753fb0f67f092ed13d8d9f3a43ab378,164,10,0
33515,ef7d52396b78ddab0e70eaba30f72f59,164,10,1
33639,7258311015a4cf190d7c7f649d3dcff9,164,10,0
35023,9ea781ebc4aea271de5310e17d9c584f,160,3,1
35161,2a894ba36f3cbec011a6bbca95f5d946,160,3,0
35945,0fb68f7b7eac6f5f0a69180632af090f,152,6,0
37028,a321ce049b35bd67d3ca14b0b89a0315,126,2,0
37567,1b1a78b495cf707923ac1675bdc5cbc5,126,2,0
39739,3fbd77052f76c63aa9d48c328efd84f1,179,3,1
41672,a4ab4c49c33cb120a18b6bd382fe7f3a,194,6,1
41981,099a756140bc1b4511c7785686f94fdd,194,6,1
43599,391cd8d5b56f7090bf67a744c153be0a,204,1,1
49422,bab163e33ac1bb2c6f41caeade2e3503,195,2,0
50308,ac74be2165e157e4e5079d99fb9d3707,205,6,1
50309,e23030e07f273c1ebffbc3fb871bf27c,205,6,1
50312,f8ade1053028d9c3b7387bb5bd3c68ce,205,6,1
50319,56686f9d056e0d84a886cfde66df9417,205,6,1
51852,f92236ec6fd105f1c43f9a2e32be282a,192,5,1
52721,01b6246bef6b38e0eb889384ff1a3ccf,182,6,1
52722,6f6772dea4fad0946c45462839540428,182,6,1
52776,bc4a1e668132916235a5e59926fc827d,182,6,1
52901,0f0190a43fbd3149a097a2e9942ff68d,187,1,1
52902,875612ebe3854129d73f46ea07ec36a6,187,1,1
52903,1e8a6bb7166c0588dc578fdb947c593e,187,1,1
52904,476e0ce0649f16ecff9052b8b89d4651,187,1,1
52905,f1b5b93273655e76a672aa74a7a70819,187,1,1
52906,dc0ac38a8dc111cd5a8113210fff5803,187,1,1
52907,6da0ec241a27e8ef4d03eb87644ae884,187,1,1
52908,d52bb4a673b9a4d926302f006f7ab538,187,1,1
52909,c9c3455da8e2f8e5be1dcafd0211fd4b,187,1,1
52910,6c653f579f0565c51e47bf2d0d441dd0,187,1,1
52911,6fcce74dd32f397b722ebacbc25bb604,187,1,1
52912,22ca4e4ceeaf312f5975296476ca8c3c,187,1,1
52913,8596cce104764d0fd407234dec9963a9,187,1,1
52914,d4d0cf5a3ce4d16511c0228926f66f42,187,1,1
52915,df7ce74f00634d634a5d531393138a15,187,1,1
52916,6e5fd4597689fa8caa1fa6761a1ccaf2,187,1,1
52917,e0c9ee3f99ceafb4b5a62128345bbd85,187,1,1
52918,04a73c39889730ab44c9d84cbbab51b7,187,1,1
52919,7aa914127102224efb627d5f2e83da3f,187,1,1
52951,5252f199df26a3198a23ad266d80e4bc,187,1,0
52966,e0aafb96a39555ca37e84773f70a0b08,187,1,0
52972,15b1cea641154fd53be7c1e98db64249,187,1,1
52973,a99e68cadab1b311b0f21505f9e69d70,187,1,1
52974,02b105159ec2d1e57c9c70b7c8c67b32,187,1,1
52975,a7163b3a633f00fc3ebd8deb291eef39,187,1,1
52976,bde4f3ea83ead7626579e9eb92546de7,187,1,1
52977,a378ddc6318ba1a97fa26ebf72fc68ff,187,1,1
52978,1d57341a19149c9abd733af971ee3e61,187,1,1
52979,657deb3883a67e3a12a001c5dcfb5574,187,1,1
52980,6ed0d2105693bccc9276d746b6faedbf,187,1,1
52981,6698c8137c4aa70debcab0029e2f0c9a,187,1,1
52982,3a595f20225b090f351f420a50018e30,187,1,1
52983,15ef70a9e82676335eb9f70080619a46,187,1,1
52984,cb538fea990fe7fa13b01b9c48761adc,187,1,1
52985,ad48aa7bd0439697445bec49a698409f,187,1,1
52986,4ef128c48eb9e9eaac410ad37a4bbc49,187,1,1
52987,059946c73e8be9fa1882a2539ef5df8c,187,1,1
52988,b545fad3504823d79801eef347439667,187,1,1
52989,2859a063fb21b0b8112dced20a6241f2,187,1,1
53171,b6f4049e471136e4efee18c22183a51f,186,5,1
53214,51b571503b588a9556c5fd1a728fae4a,186,5,0
53649,942a4903ddad15f56eb596e852e386d6,183,2,1
53654,a20b5efe87be42e148cec72c2a92ed2b,183,2,1
53658,a2d21f6bbf4be90ed39afc75c7abe55e,183,2,1
54168,0c00d8262abe39620ad71454130c864f,231,3,1
58447,4ab4ee6511ce7eff3452c096072129b5,223,5,0
59238,6dd81a1598ec7d7a4c1db6fcf7702467,225,2,1
59261,57ef1e36ffca5870f050e4b4bf9ee65e,225,2,1
59269,77f14b1f188d9e7c1d61234ce907a995,225,2,1
59273,971c1537e24eccebacc7a530e22a1f6b,225,2,1
61527,9ec8b0fe8227b23b08b07bb105ffaf9d,227,1,1
61528,08698e4ca0e36d2329402e9112f564fa,227,1,1
61529,78e6bbedc3f4037f529af0accf36a7c2,227,1,1
61530,381ba929c4e06ea92cd7456806de3072,227,1,1
61531,571073cc5e2a522c9dc4a038564b4e26,227,1,1
61532,74da7a64f0e2b80b67843578281e7240,227,1,1
61533,e7425985cf12dd8cc0df965f4c13fd5a,227,1,1
61534,70a22d1f68de85d7c1a3599e478bc912,227,1,1
61535,7c525acfc367bf508e5f2ffd60b200fb,227,1,1
61536,f9f553aecdac9b64e7e28ec0a53783a1,227,1,1
61537,1ae3491dad69849483d673f5e93323d4,227,1,1
61538,70e5d812803a86cfdd0969834d0a142d,227,1,1
61539,190108e08094e3ef5942cebf0ff45c75,227,1,1
61540,2c862cc327f7074a5e5ec5f7e4ce5982,227,1,1
61604,6dd20a94e5384ad1a9c640394855fb1c,227,1,0
61613,c4f99fb7ae7c27112b6599fffd6e8fd1,227,1,0
61614,631b6c874bcc1dfc6f4095f7fdb7dda2,227,1,0
61618,4a65c1ec9db649db5cf00b9d93013d61,227,1,0
61620,ca0f3bc8f7b4528cd59418efde8f8c95,227,1,0
61622,49e2919de7ff7ad4a21e63f056e99085,227,1,1
61623,bdc3c1832b3c1c4daf8824b358cd7921,227,1,1
61624,530e2fb0820421125a54a369cc8fb9d3,227,1,1
61625,74a1817258cee54801e76b6f4539944e,227,1,1
61626,9ef8e40e8e9b411857b2d37b77918d7e,227,1,1
61627,d94acf8aa1b4870bcb16a273b3b73f00,227,1,1
61628,360f428d7f7481918d88da575492bede,227,1,1
61629,72ce1da414322f6b98742613a41a6d0c,227,1,1
61630,4819ff47ae82dda16363542c26e25edd,227,1,1
61631,984d6bf890e2329d3e18c685770215e4,227,1,1
61632,a9e2000beda770ccf2581ebfc783fdec,227,1,1
61633,bf5aeebdd809be4b7749cc5f1e30a54f,227,1,1
61634,3689ab3d3d844d7f67d48b94214802fd,227,1,1
61635,54a4b9439381f7c1058bcce0a366dbba,227,1,1
61636,c392456b7cb4af61fb76aa3feaa828d1,227,1,1
61637,69a2bff24fa53d7fdd9ce6b40af02cc2,227,1,1
61638,ac79391045f3d772f20db6cac55425fe,227,1,1
61639,17fcfaaa393093845b6c68f7679b4d27,227,1,1
61640,b05911d9a230b2b57daf3e8f32504f44,227,1,1
61641,55a135bbd383c3597393337f96258d8c,227,1,1
61642,e8b3065935a8da82a8de77ceebd151af,227,1,1
61643,d8a35b2cf8bf296b6e124e47d2f86b64,227,1,1
61644,95aa6350e0a60b8cdbe3be82185cd680,227,1,1
61645,49602c862e5942a105c273c0d0962fbc,227,1,1
61646,45aadae5772a860887dd880bced8aedf,227,1,1
61647,f709c385e7726154681be12edac02a14,227,1,1
61648,434a351a4974325b768b632bc38575e5,227,1,1
61649,988632b300f6ea3ecb6bd5e24e707d99,227,1,1
61650,6ca109b7bfef3e9fea1d670f2f521ac9,227,1,1
61651,b4502f0c20679317fc0ab0623bc927ae,227,1,1
61652,1450d81b89f8a08b76a6ca1d83915c06,227,1,1
61653,fb34321b4b611f8abf4f2a8492a0afb3,227,1,1
61654,a4330d28be64dcd9ea4d65705bc31eb8,227,1,1
61655,0f2714e0972bebecd062f50f01338a28,227,1,1
61656,e7fedcb34bd5189236876b92f90231d0,227,1,1
61657,6a536bdef5f1bb468370e98e5d8722e9,227,1,1
61658,2fbcdce9595ba59fc14d12609e051105,227,1,1
61659,44e784bb20ee68f71d5c92106f36dd2c,227,1,1
61660,23c6a46368644878d4612f2fdec9df82,227,1,1
61661,e0ee8d29e204bfd462febd6cde6bed77,227,1,1
61662,26006e7454819b79e21ba2b66467d799,227,1,1
61663,10d8a1fc3b7b8fbe9c3d0d76aafb3fcc,227,1,1
61664,450dd54e57dcb84e5433fce5a6208636,227,1,1
61665,a7e9e1d117616490a4fc720463a6ec04,227,1,1
61666,c162b88e3a0a7c63a5f59f46460c5145,227,1,1
61782,622db9cd49f437d7998c176e471616cf,227,1,0
61826,ac31df2ccf436669747add71ea85e2dc,227,1,0
61900,36c6bba6696192758838c2f498c5f919,227,1,0
61904,997cdfeeb65636ab77099ba6d2c89ecb,227,1,0
61927,b8ace2e74369ce4a6d17f0c61697a66a,227,1,0
61963,6083e32f644e2f7a8fe0ede8c99efe1b,227,1,0
61985,79601f5aa005873578f34b2a6f3e678e,227,1,0
62096,932a60b125d512f768a120238884da71,227,1,1
62097,87cdd28167e4485d7b5894e7903b0b7e,227,1,1
62098,ec8347965ad1ddb2a67228695c6b464c,227,1,1
62099,6ca6ff32cbdcd93a60ba8ddde5f9b630,227,1,1
62100,254f0ba06ccf78076b03f54be6f19f2d,227,1,1
62101,af6cddf3be5fe3e9c1c34a53d3e44e15,227,1,1
62102,b38842cbaa159971823200da4533884d,227,1,1
62103,dbdb4a88066f2a9c11529d5f16967d9d,227,1,1
62104,88a7eddd2706d019ee1bdd2917270ce3,227,1,1
62105,f7ed572eea0d6a1f44651eb9ca27b166,227,1,1
62106,8cc97e2d02854fbe95ef357b29310e91,227,1,1
62107,8943804c0ea27930b19a8a5e7ed9c670,227,1,1
62108,cf938e6e7c83ccf2254d6b807c2a3586,227,1,1
62109,5ecee70b324878653221986ff3550b30,227,1,1
62110,1c2d91116f40f82f28d03ae94c917cb6,227,1,1
62111,5014f2dd85457c3265b46f6815a90e8e,227,1,1
62112,15ba397ff98206fedefd0ee008e4c70d,227,1,1
62113,aee7421f413f9cc9fdd7b7e828594899,227,1,1
62114,3cbb64e25a1fee3d5d2efa966f44e851,227,1,1
62115,6c1f056c149560e8a7b3d6fbb374cabb,227,1,1
62116,a19f6572efec57acf5b6bcd94bf7cb29,227,1,1
62117,50cb180fa70aac55ec7da0844f14c455,227,1,1
62118,716611770d57dc4100f8e7e17dd2c408,227,1,1
62119,56cd5f85d30ecfb4352557fa997cbce1,227,1,1
62120,e9ce11898708e64220723db6b094046d,227,1,1
62121,7dcc110688a4433610e4781da12d052f,227,1,1
62122,ae70fe629569d80fab6c301a2b08a7a3,227,1,1
62123,920604135dd5417c6b015da85f4d849f,227,1,1
62124,86b5ac364de4e5520003fa4108ce53fd,227,1,1
62125,7d8bb6c29436ac9f192dab9921b46bc9,227,1,1
62126,0a310016ff39865635878505e4473d9d,227,1,1
62127,32f30cce3e0a389569af97b2820e456b,227,1,1
62128,f7f947dd7d22aa25b0178b6ad87171b1,227,1,1
62129,ccd9a5930cdd6200997e5809009289ff,227,1,1
62130,f22452f39948261a8ca0ad4c40c38db3,227,1,1
62131,53cb44b16ea8606aff965c70b85c022d,227,1,1
62132,0bf439c08fea15461b07290e250c1c97,227,1,1
62133,b02f38a6d97dd9c32d140f5788581163,227,1,1
62134,16bde78a6e4ebfc07c4fba3eb5859680,227,1,1
62135,2668ac2c78b79b931c5e6980c5f8c1fd,227,1,1
62136,450e75896102966517c00db4d49cfe09,227,1,1
62137,f37accd895ece171a4f4af7079e68a0c,227,1,1
62138,096c44847add7962d11d31f4a9e6d4c2,227,1,1
62139,93cc7bb1b22a7e03dc6035162099e5ce,227,1,1
62140,fcce3d13dd18e406efd06c823e891323,227,1,1
62141,d614ce4c2233b382fc7fd75a1d2682be,227,1,1
62142,3c0b3881c8275e46c1324665d9dd0a93,227,1,1
62143,40d327b6749c10a48025f405d9a52aca,227,1,1
62144,daa463872e181adaa6daf56138da02e2,227,1,1
62145,ec231ec845eaac9451c75dd5d71b517d,227,1,1
62146,f392a72c30e74872f5564749376c352f,227,1,1
62147,75db5be3c72be5f612c6327900845b5f,227,1,1
62318,e1d2f1d682ab28c94ede4aa3c3282954,227,1,0
62341,3866607b794286de126523c01882a113,227,1,0
62363,ac19a7ca9731d2c3d83737c82e8bdbc5,227,1,0
62377,8da95f6750e2b692a58ad9f30a1a3da3,227,1,0
66061,5a794052328059b2ae03db81e1b0bc08,249,2,1
66661,0fab55cd31f9b6ea8feeb7adb695ed68,240,4,1
66670,365989d0e12704da24ae47b4e282da4f,240,4,1
66988,67d3dd7cbe50548ac0f138f061508473,240,4,1
68173,2ed693fb8d901e3674c575c61851149b,244,1,1
68199,7de241f7e2df108e72e7d16ef234029c,244,1,1
68481,16a50f1caa46484fbcfb7c47872ba609,237,6,1
73099,8247e4692ef84090a0d7e9c9122f7ed9,250,5,1
73101,4af5c72565c5991ba54b76c099913e5c,250,5,1
73105,b445531fb45931107259f3dfebd176d8,250,5,1
73350,67679251363bbaff92553a16a48a80a9,250,5,1
73894,b85b010798aba1ceaf7933c1d0a181cf,252,6,1
73895,0b8cb8bc14e43ff3fb4da32fb72a3bbb,252,6,1
73896,cc73af2dfc578463b750428026932945,252,6,1
73897,6cb55622e31c12af4107c43e8e5014ff,252,6,1
73917,79089e6273bd08181d694da5b9727d12,253,6,1
73920,a8f1ea3c76da552345076aea81309d97,253,6,1
74208,13c04642924f959b7e5d3c860c36b22e,253,6,0
74440,051cb6be76d142a42f621c88308ea0b3,254,5,1
74923,8b767e93b5b1b38558a9d0be0eabe2f9,257,2,1
75614,55a54f4ed870a2db342754c1e3dbff37,268,5,1
75625,ef8eef410f0b71fc3f7a78b4ba43cd53,268,5,1
75629,787e3a46664a940c151594f518e74594,268,5,1
75641,9a786fc4fe1e348eef617bb70265e143,268,5,0
76102,2a1900ed02a309532a1383660f93964f,263,1,1
76242,1939efb4dd621854114d2519e515ddb9,263,1,1
76246,2f362f4cfa71d05b9691d386aa283ec9,263,1,1
78496,ab67c54b70f19e4a9d8589fbe26f62d6,269,1,1
78498,60299417b8eced77847bb26a1afe88eb,269,1,1
78542,9b54e35e95f5e3277a17a0425538c130,269,1,1
78545,7feb56985268b6ed9366cde4a4db436c,269,1,1
79602,2a8c450a57100b2be8f6e2f0df0e5fea,256,5,0
80435,5b61f41fe0eaf0795e352034786f5318,262,1,1
80436,2cca51df4464d4f214f5cad07e1af012,262,1,1
80437,eaf36e6f270195749f4b37f31590b7b7,262,1,1
80438,16fad5bf9a4377c49cb25edc87367906,262,1,1
80439,c876a67f9cd843ee101d51cc449970ea,262,1,1
80440,b4b589e36ffc915763d7c212e8732aa5,262,1,1
80441,eaeff75704fb7422a8b3a8fd059c8a43,262,1,1
80525,e2b3eaae6e6d47e38e0d205df5b9c8b5,262,1,0
80536,762a0037315005a53ae6881c490a1ecd,262,1,0
80623,8614b89cab5e4e0b67f954f03d62efe6,262,1,0
80650,fdb60f5f3ecc68ac18d2913f7fd5c87c,262,1,0
80677,052dfb9d74facdfa1e4c9c8eaccf6e88,262,1,0
81406,d69c69925347a074b1110e0c0ec10258,290,6,1
81633,f1339152cf33cae91eccadb686300744,290,6,1
81646,1de09bf0e337bc4f6d046218739b8985,290,6,1
81908,d303fb9c6698d5b8fc5aafc4e7f6c020,286,1,1
81909,4d51729ec024f678da90c614550b20b3,286,1,1
81910,bb49d076889c357f6fdd1b5987243f9b,286,1,1
81911,6f400087d1dfcad7afe0b12003f7dba9,286,1,1
81912,8b8f2b6af673d4be5408408398a9e071,286,1,1
81913,cd53142ff90685a75743d09a447d71d3,286,1,1
81914,5288246f74dc56d25840e723af91f1cb,286,1,1
81915,8f209c8378d4c818cdf82d7dcc53a85b,286,1,1
81916,fbf8b025af643f7775765dc718d2608f,286,1,1
81917,d6c8d1a197ecc0ff904a518c344dc140,286,1,1
81918,01d4464e5545feff8697b60cebf0af91,286,1,1
81919,e34cf47d7ba5f7fdffb28b026e87f956,286,1,1
81920,6ed78711c6f63ed031083f1ca7f04306,286,1,1
81921,66b82f938ed933bb7e6178035e5c8297,286,1,1
81922,bed46dd6807db139e22b8d45f1300cb8,286,1,1
81923,1b756961cd7463a3e96e26d66ce7dd46,286,1,1
81924,bae81b77284848461436b524a6a4a88d,286,1,1
81925,a8dfae3ea45e3872dd43ce8b73638605,286,1,1
81926,9baeeaf138d31692e655585f9116bbc5,286,1,1
81927,2f073768d34074dffb329f832ef0b010,286,1,1
81964,14bc09e73180e7f8617fe38cf87eb9fc,286,1,0
81989,0abe987d059f0478559c41ef70896045,286,1,0
82018,0c1612e95583aa786016ce652d8513c0,286,1,0
82033,00378656a8d980428df6ab10c038451f,286,1,0
82087,dcfc722d65e506918e934c363a217622,286,1,0
82156,01498c58df3025d34c7c68701f508b84,286,1,0
82165,eff43c42555168a825537f577328486b,286,1,0
82168,29169d807cf4057394a7a3f84d73b227,286,1,0
82289,bdc10d715fc3059a4cccd7a30f2d1253,286,1,0
82292,f504797bc4fa4803e498fe775d9ba0e5,286,1,0
82343,37afc603a350bacf841ad8ba3a626d0f,286,1,0
84568,003240a80d04ba47845bbb6e01838608,280,5,1
84912,9c99b1e602ab04d5c0ab57bdddee037d,284,6,1
84922,23901cf1bea25afe17f72c3374568ec2,284,6,1
84929,ed020d6429bca7c197e004a43d66b09b,284,6,1
85371,22b6cbb7175f56b6133293ddcdd7c349,289,5,1
85376,4fc8c3232e05f4bb7409f43d1a9eeffa,289,5,1
85755,9952e10b73154190c0036219b04d8d70,294,6,1
85756,7071ebb304957d3b33e8f307c7e9b3fe,294,6,1
85758,f7d58ac09cf7d983dbbd1b05d20ba3c3,294,6,1
85818,b8ef61ca57f384f320411d9c0557a67b,295,6,0
89300,057e70927279230aec8e3244a9ae0f14,299,2,0
91580,8587d1a297943569502a325860985722,305,4,0
91595,9a6f1ab7c762e83c1f40bcb0c305cf36,305,4,1
91744,b93a2383a4853422b214819c81b07526,317,3,1
91748,aa14daac264ebc69403f33d70f4a7eb7,317,3,1
91847,a88f721b9617adddf4f469470a294435,317,3,1
92210,b0566c97d28a1637be5a7d7f0fc207b3,320,4,1
92219,669ddb46c620903a0fe3240789d045dd,320,4,1
93557,eb5423d0ba19b96cd3affeece23783e4,319,3,1
93559,f7724baa865a876ed7984ba6f60ee377,319,3,1
93561,04821bd51acb6c7fe18b9d9a84b16d9c,319,3,1
93673,7bf99d27188a810223fea9fc696ab93d,316,4,1
94897,498ab49b717f541d691db52ba3a28852,332,2,1
95207,62e46d5660b8ecf299203537fee93b9c,329,4,1
95210,8b246502cc3c7d8b1faa52f1af4c4078,329,4,1
95212,c5d48eea1ea16a5c2a818c165a338f56,329,4,1
95263,d7bb92375f29694740063cf50198aa64,329,4,1
97840,a29fe7a44d3dd9e3060b41a0b9fc4cb8,334,2,1
100188,8c18481394b273900c78816ee1fee55b,337,6,1
100889,2697a2081cafdf1f12682fb25ded0a6e,340,1,1
100905,ce397788f70059fbdd94ed42f4c3dafd,340,1,1
100908,67284c74454c9f5de5b3faf039e90a3d,340,1,1
100917,6bace93c4fc4aa9f53788d6776df9db7,340,1,1
101058,0c1907776b2b269ea31f850e1832fa4d,340,1,1
101852,c1a1b01cd0977de443eb052d3b5db931,344,1,0
101880,e83dbcb151e49089be288d3a055fa6ea,344,1,1
101891,578d29e14c9ebe7ae580efb18e4e14bd,344,1,1
101914,5a6b3903e3113564b363dd3d172566de,344,1,1
102390,97b0e71ae03d854e2fdc2270136efc47,346,6,1
102491,2aa19962665df3fe5919a436dcca860d,346,6,1
102496,e88630f09a648c56876c77a98af0329b,348,2,1
102502,101bc04af48fbb8b951d841647356d4a,348,2,1
102504,312e5da617922a3148fdf0a3364581cd,348,2,1
102505,6cdc86aca3c2d1970763719f40c0df94,348,2,1
102507,bcb6fe26aae28e991691be72038c073c,348,2,1
102508,d6776826bf520471bb2838d2146063aa,348,2,1
102519,96d28f2c4701c84bee30f667b0e54ef6,348,2,1
102520,dbf2862fe83107d026f7874addb72f6f,348,2,1
102708,141d881e64bbe385edd253afb50486e5,343,6,1
102709,6a2a5bd79cf917d45c35b7957e80a1b4,343,6,1
102712,f89f30e20b1d8bf17ec63d4ac6357fd9,343,6,1
102715,9d1b6747c326248a40627a9308f4f6d7,343,6,1
102718,1e7ea6ce1658f6f123561a70631486a3,343,6,1
103396,621ccfdee9d2dad048db6847eb3be203,350,2,1
103412,5ef5696ab7e1dd21624ce872b4cecb3c,350,2,1
103413,984052c4a98e29b66e2885aa4f13bc42,350,2,1
103427,ffd9d48d8903b175454870ada00a6605,350,2,1
103458,39193a8a860e2ec51d7edc9f569e0255,350,2,0
104323,e61ca10f7893c5a8b4d3b44e3d1d3749,357,6,0
105340,4308eb13a971428e3bfa4bb3ae78e9c6,354,6,0
106015,9174dfe81cccdbe48f0b0ef5c5b4af47,358,2,1
106022,4196c3c269a25e4940dc5b99a7914170,358,2,1
106084,40320ee20acfc4ee0e58881e7c46c94e,358,2,1
106093,e43377a58b7463ef92d06f735dbffe66,358,2,1
106095,0dd88803540b320d5785992402c9638d,353,2,1
106107,32a4ad357fe3b445188ad96ec53353bc,353,2,1
106108,d76c8c2da36ce8d6c449cf81f065d287,353,2,1
106142,ca30b7395b707d8adda8f7edfc41289b,353,2,1
106171,8279cb3c8b58f2f4466dec114ef65e03,361,3,1
106548,58034f9dc471ae42e76a9fbf6558a8e6,361,3,1
106570,72ab3ad7e4123850edae6a6b05176b0a,360,3,1
106586,ae5709da914b5798e2bbd926fe2597b4,360,3,1
106651,d99fe6aa9ae5947438782d732b767ef2,364,4,1
106653,2bc26c066b04df7fd258ae30e27029fd,364,4,1
106655,ddc66f6ec7685926e18af67ec47a3bc3,364,4,1
106656,d0c85cfe0c1437f1107b761de77851ce,364,4,1
106657,d1e5e4d756a392783f6f294f55174d59,364,4,1
106658,3ffc0a8f84e92d777ce9417459eb7a4c,364,4,1
106666,18f7be83be7408163d44b5bbbeb59579,364,4,0
106685,97b6b7e30118e07bb162e74bf9e7b9ac,369,1,1
106686,831ec185466f7be7f93ffe67cd5b02fc,369,1,1
106687,99ce999378ce35b58db0adb98219dd7e,369,1,1
106697,fe824bfb61b3e3aa90921120f3ad9f5e,369,1,0
106698,9886bd8ed675e6afe91b51a755525627,369,1,0
106709,5537f2049e560dc85c743826237c27b2,369,1,0
106731,83eb8be83e651cbbd8b855f1d58d9726,369,1,0
106737,49367b4e555ff0351328e7c1ff1b4b79,369,1,0
110636,9443cba78bc50cb4a8fcf4f762cb636e,363,4,1
110642,0832563cd6570718285975182ecae8bf,363,4,1
110706,0dda57ac1a9c25094fe9e4551ea2b366,363,4,1
110782,0a0ce2662a40071ee88a2fb21036cf7d,374,3,1
110815,990bacfe29346b9f5a0e97fa3b622e03,374,3,1
110907,e4628fdf2bd24d9331f9e043b585efb2,378,1,1
111228,75331dc336db91c65487483ea1956203,375,5,0
111330,14b7b8f8991c40be7d1178cb84dd435b,381,4,1
111687,726cde47b40dc952994fc5edab265f28,376,3,1
111689,b0940efb274c0f41980b3cc9e91f42c1,376,3,1
111690,eb0b34a97772590f585b2a2428f04148,376,3,1
111691,079fbe1ed499a8fa316c1384a23281f5,376,3,1
111707,746b50606e682f5b12fb9743fb753a70,379,6,1
111716,13aa59dbd5291c9e6c68ca7d49898b0f,379,6,1
111976,45e1356cab678c98422276a106a54931,387,6,1
112919,681512012f37e76d31bf8b3ac4954142,386,3,1
112922,650f0fc98481a7227e913893772fb76e,386,3,1
112964,023e75cb361973cf85d22014a7497a35,385,6,1
113163,b6e42549aa56777a33a5c34d588a01a4,388,3,1
113188,039592ca4117f6dc191bbae8f84bde46,388,3,1
113492,1502af7120a60940ee42d67d83de232e,384,6,1
113497,caadf2c1378f83560eb5816538c4d627,389,6,1
113545,49d30545c1afc0d9b9e0dba7120d86bc,389,6,1
113549,69c6573fee9b967cccf5eea88663a856,389,6,1
113552,f3d0829124db457adf175ac90b7a3066,389,6,1
113553,4530db64e6200368a40eda7c200ea26a,389,6,1
113557,49a39238f4932c67eb464f6114191d73,390,3,1
113584,dfd9aa5ca656c1ba5770adaf830ec1eb,391,6,1
113587,f51d66f6017422bd69d4fd1728db2c10,391,6,1
113933,2f4ff86daca8ff22fb1cb2aacf21a615,393,1,1
113935,0e252934922074206e69641b9f0ecfe2,393,1,1
113938,c656ec9582981742d5ae1523140236db,394,5,1
113939,7471bf9ebba976bdb6d91476e5eea370,394,5,1
113954,99715e3c43f3b1d40b772f04d844ad80,394,5,1
114083,ec61ef538ab2434a0e4c9b89a7deb0ff,396,6,1
114105,c98795d765d122b641ce5cd3ea564ff5,395,5,1
114115,db17e2e4f0d3901bc3b2b164c718d8be,395,5,0
114814,e59de550cdff6b4de3f87ad42c78a478,397,6,1
114833,9c60a14abb85afeaae55437c08e43f8b,400,1,1
115305,1ae94d489f864ef56bb2b1936c4dedde,402,1,1
115910,f817a2fed2028c7b5e987ce367c27346,406,1,1
116360,3d3dde153019cc6d0e6cb5b2a5d455ff,408,6,1
116365,d85e020bfc467c9542ce1434ac6dc9ac,408,6,1
116488,9328d1ccff2710d277046ec16250497d,409,5,1
117222,69cb8ca37395c016dd4743802b69388a,411,3,0
117385,ffac75564714ee5de02d61d2b97495cb,412,1,1
117603,5d150905791ac4ede06ea5cc8b0205ee,415,6,1
117613,a66dd9db3d8c87cb6b6606ee2a057694,416,3,1
117699,04037b030960a77d3e7a14cf1ba6c7c7,414,6,1
117814,95365a1c360c98aa2625eeb0f0ddcd0a,414,6,1
117903,2302eac8cc12dc3539b5bf03b27be4f9,413,1,1
117904,b16d327cbd8fd1959d5e8d9c045126af,413,1,1
117905,f634bbbc517d6f60dcdda56a8b912069,413,1,1
117906,56afe52e21febd126ccf5af461d4d527,413,1,1
117913,de8b692a8f57530b1a2cd558e8fd2b85,410,6,1
117915,ffe3f05328f4885889d06b719c8b2181,410,6,1
117932,225a342901219aa4d629ef8e810e5f5d,410,6,0
118193,483e9bc59c08446661a9ce0447a05cc8,419,3,1
118195,bbd331d37f62df0921c4c6fe60fbe375,419,3,1
118196,ff352a35e225ee665d1fb2bc3a678d98,419,3,1
118198,9c08671865d7370eb8315152204e4057,419,3,1
118199,a9f5f4660e8d09ee00b9b08836bb3a76,419,3,1
118200,91830b80b0653ec264aabf778089b892,419,3,1
118204,1653ddcf43d274c9f8b9c153826ba78a,419,3,1
118583,058181f11c08300d5ccefc7de946ce46,424,1,0
118610,0b7cd4da72d54172f1f9daf40ce4047f,427,6,1
118611,45dc5a454b35601b9dafabf24822195d,427,6,1
118612,2bf7c535f1b19de2ba3871d5aa8a240d,427,6,1
118613,7ae0fe3cc2933cb827de7a39a65d0483,427,6,1
118614,b49bd984b8acd98e6cb5e75126f9f0c9,427,6,1
118615,e635dd4f58ae2b96828ee98edf0d0855,427,6,1
118616,8cdd2687859a4f15d5c1c6ff19e871f9,427,6,1
118617,d435e47304ba71080b195b5d75979c2f,427,6,1
118618,630f9c4de87b6497709db2f5022a9537,427,6,1
118619,ef4feb0eb8d0dc12e2271469f53a509d,427,6,1
118620,a5b5b4308941c2d34d7e82defb1e9152,427,6,1
118621,48f5a69e02645fd2b7f5abe92117ac2f,427,6,1
118622,2557ed43fef31406804122ca668244bc,427,6,1
118623,dc79e25f850bc1b40cdf3743f2bd4eec,427,6,1
118624,cec4d7b481dc26655921058af826f430,427,6,1
118627,8232b24ce420b573ef55e335bd7b35a2,427,6,1
118628,e57750dca29d78241f7bd5392e0f2d43,427,6,1
118661,e1cb1e3dfba2de8006bce7286ce55248,427,6,0
118698,5a0842c1f6b34acfcb5b3937ca365cd8,427,6,0
118746,21e7488150f4c5f80917095be52af980,427,6,0
118796,24450af1e8b38d537e02d630cdcf190b,427,6,0
118803,c3386f583818bb40275ad44e7d8ac1a8,427,6,0
118827,b32225079aedf99212a7aa02beb69c3e,427,6,0
118832,7ace67abee3d6e343bcadf968391c755,427,6,1
118833,3863d44027d54d0faab984f5fa0aae71,427,6,1
118834,d3bb4aca6b234e4afa018ee651a23416,427,6,1
118835,455c4f222e123367538fd4fe1bfd381e,427,6,1
118836,3558621d396ecfa853e8534495c1b920,427,6,1
118837,7b30bff963c9e5cc052e62080a966a72,427,6,1
118838,572c48c02632143a9498482254629968,427,6,1
118839,3fd95716221c3ab851f916bf352e0bd4,427,6,1
118840,f9808fd22cc771b3736680b0655910cb,427,6,1
118841,a3b1a54b8823150f85aa4da00480b1a3,427,6,1
118842,245cd65136e9360c31335e545c50ee19,427,6,1
118843,57937a8a60e00fcdfa5c80b0aef91839,427,6,1
118844,eca896b6d215a1788334b268449f9208,427,6,1
118845,bf8225624c429a82acb0a2bf40fd794c,427,6,1
118846,352d7f15e8647d9c151d0e06d9aa21f4,427,6,1
118847,e5696659d50c0bc57f8c407c947fdf63,427,6,1
118848,fff443e20b411df11e790cca8580f952,427,6,1
118849,46d379667a3dcac1ee5f3579221489f5,427,6,1
118850,2fdafbe8fe51f4ca43e7055ce97a63a4,427,6,1
118851,e6e1fdc2a8251cefbfc25879730173a0,427,6,1
119269,c54df76f6f669112b013468bfb828281,423,3,0
119847,ed32b1306998ff598d6b24977e23846b,429,3,1
119849,a83b4e5f268814f2df3d73205322c328,429,3,1
119865,eacf6495cad0862ced70b201733acf57,429,3,1
119870,af64338fbd50ec47512f226a2504eaa9,428,3,1
119871,7c5db12a194358fdae2782a589fdcc4d,428,3,1
119872,7887fdc1d737ff60043cfb320edbc853,428,3,1
119873,301307a55af23b185b244d89a719c0d9,428,3,1
119877,4cf1151e90e15f80182844b10d2c579c,431,4,1
119878,fc99e3e68b3e8889653f8e8f486ffe9f,431,4,1
119949,fd2d745b42f195b1886468d8ebb09314,433,1,1
120096,92a9892b0aa41e542fc6c0bf0ad1ce6a,434,4,1
120097,b3578488ae11ad4162d95f32dbd7cd3f,434,4,1
120200,8ba91483754287f5eba717acd4160d81,430,2,1
120205,26df77164d562c3467b05782dd4e5227,441,1,1
120213,54b2d6ec8246d38c07c79d4ad501ce96,441,1,1
120214,9d6574570f8f74db972c03b05edb1091,441,1,1
120315,596e53a196aec111d7d9d7a9c17fe77f,441,1,1
120347,bf7da0507b94ec246f58fc540faa3695,440,2,1
121520,dd50acf16b8cd74a315f8ee45b954303,435,6,1
121521,05d71baf4aba00358aeb46d09c67e557,435,6,1
121543,5c3b14167336b9953aaafd751456b613,435,6,1
121550,df9e3daf361a6ec18f5bbd903dc924ed,438,4,1
121570,1ee4b0cdd9177d9496d4ef9fcc4f95fd,438,4,1
121789,28e70b08a56d870bb381fae41c7e5708,436,4,1
121790,71838cd5b045a37fad4417630c76a6e3,436,4,1
121798,7ec34677fee785cb7f7661d2f288a517,436,4,1
121841,012a517a0649d1682a88669216618c60,436,4,0
121881,c51407229166a5531c065859e72eb54d,436,4,0
121902,b14ad2d056c3d266d0b5dfb5a9cabcf1,436,4,0
121906,91dae4961742854cdffb5d645108803b,436,4,0
121932,b111ea2dc72148fdf3b4d34a0ac20d9f,436,4,1
122136,8913d22490a5610f8999d0fe862212c6,439,6,1
123136,c71fa671497ad5913a97262f12eb0260,446,5,1
123314,82705f8e84d7e9d5571183bdf44501db,448,5,0
124082,06652e84752ef05915fda5e292ddc21b,449,4,1
124087,237107e03a50a4586998e9ce3ab81fb1,449,4,1
124089,755f969babf09f343973243eb3caea70,449,4,1
124099,d801066262f39d470a5cd6a2cb7d03ce,449,4,0
124124,d838ddc8bb51d5ea353f056ea4f0c1ad,447,2,1
124185,ebb41321014470b0ab4dd28b883fe04d,447,2,0
125185,0fe8e11805687bb9e517f3fdf0a27dad,444,4,1
125241,5b92924cf613d701b25245b535d5c816,444,4,1
125243,13c1036b104b55e049a26234d508b7c7,444,4,1
125313,7d92447f8de1772c3f582c2563115a83,450,3,1
125335,1804a460116084e7b9fc4eca1846dfb0,450,3,1
125341,2e2f97fedcc346aad7dc281376c0554e,450,3,0
125424,995fec64828c4251afd724ca54544209,450,3,1
125437,a204aebfbaaa9b18961d4328d99c3d5b,450,3,0
125456,55fc31e278c8d01cd20570f3291e9c04,452,1,1
125474,f117e54439913ce5ac2f60c2f079092b,452,1,0
125819,9f7b2cb8df6dd7cc12c8ea5f5b26f956,451,1,0
125821,24c7d548b2bac71b6b07068adb6b4e03,451,1,0
125850,5cd75ee4a3a779e1a696e0d345bdfcb3,451,1,0
125871,6b026e8d3f090a06625e2127417bfbe9,458,5,1
126113,34f13ce2e6881d8d58a94ef99bf5bbbc,456,2,1
126870,3fc1f4f7095436b4f2b29729a16fdb7e,457,4,0
126935,79fc40f67685117b17c42ebc2862e8e0,453,6,1
127177,84b528ee56113955aa8af06aafdc78af,453,6,1
127195,4e26f21aae6a15d9ce29aa234601f8c4,462,3,1
127389,d012f149e07b203311efbba6a4a5a53c,463,1,1
127808,da5b055491a10fe53d62ca43d91f5354,461,4,1
127985,862a109674b0e029ff142bce85ba5a38,461,4,0
128406,bcb779904c1fcc913979c15a5b9750ab,455,6,1
128426,9c40b6e6a6d6b06351c858b0ba07d4b8,455,6,1
128604,fd06cf071682ba9aff0c448ffd53842d,459,5,1
128630,97c83df4abf11ece5eaf061171ff0407,454,2,1
129136,6bd30f2f81e8d29be382a9f4ef80aa66,460,1,1
129482,103ba8b23200e6434a4b09c1888ccd6e,479,1,1
129483,fb86dd1fdbb0ecf6fd917b2251fe86cd,479,1,1
129579,f05bec958202f122c432b1f07a4306d7,479,1,1
129589,a36fc1ce5395933a6f88cbee7590794b,472,2,1
129807,f762cb4986ebc6d0666e85789f5bb1b7,472,2,1
130065,4ff0ba67e48bc43a83b1f3c9a3816890,464,5,1
130074,104783aabc3c9ff24f8c998133f3ef63,468,6,1
130106,70049b814c9a985528cf3e6afb0bc748,469,3,1
130258,2e8ba5c9f89bec86e1a5d2984cf1cc9c,467,5,1
130263,f591c62e85923df02db8b959c7fec4c3,467,5,1
130279,4520490bb9474bca0054962d648e53a2,473,2,1
130280,54826493d21a709e7d8df7c42ebdb4e5,473,2,0
130281,9f2c5145b23b5afeec84deea1fe73886,473,2,0
130312,beb1aade06bcd05d3911758bc1e336e4,473,2,1
130315,508691d00dddf49630b60b661906b3b5,473,2,1
130317,19316a09f7c3d1c96798b5e4f3b2a971,476,4,1
130343,9ae9ea741c09f6fef501cbd73f58f5f5,476,4,1
130552,2d9b38e57596c884f6adc8546560348d,475,1,0
130668,6a28b611cdeb519b7a384d6685e65fc2,475,1,1
130728,a7a0ca75779ed81eb5012ff4e6871a8c,478,1,1
130734,ae1aae10bad93808afb33eedcb44d718,478,1,1
130801,28642f659ca3acef26981cfab7dc0b85,470,2,1
130826,e58074c12079b7da24f6c377c23c21f1,470,2,1
130956,081ae1a8374b31d580ffa09712b54712,470,2,0
131436,4b95ff1f4803ff15044d3dbe4c97f36c,480,11,0
131458,fb4edb28549bd424b13ed0db862f8477,480,11,0
131500,d8efd74ad98e7664c1bfe05e57ff1f26,483,11,0
132430,918fe2f46b464a5b3dd9eeb570174065,499,5,0
133349,84b20e3a67cc8768a69ad9658d74e328,510,4,1
133351,d4a64d18b314c3aac60cdec6ed079f47,510,4,1
133988,5e362fab569e9e5700fef41bdf8376d1,520,10,0
134001,42f1269c3bcfff6b84e195012be0d6f2,520,10,0
134069,75c68fcd36c49cfbcf260152d6f03292,521,2,0
134099,8e7f1f3c5c79928af3f97712ad472ddb,521,2,0
134105,41e4f5f3f6549779ddd6031caca3df36,521,2,0
