image_id,dive_id,fold,label,p_slate
1346,32,3,1,1.00000
1347,32,3,1,1.00000
1350,32,3,1,1.00000
1372,25,4,0,0.00000
1373,25,4,0,0.00001
1374,25,4,0,0.00000
1375,25,4,0,0.00000
1376,25,4,0,0.00000
1377,25,4,0,0.00000
1378,25,4,0,0.00000
1379,25,4,0,0.00000
1380,25,4,0,0.00000
1381,25,4,0,0.00000
1393,5,1,0,0.00000
1394,5,1,0,0.00000
1395,5,1,0,0.00000
1396,5,1,0,0.00000
1397,5,1,0,0.00000
1398,5,1,0,0.00000
1400,5,1,0,0.00000
1401,5,1,0,0.00000
1402,5,1,0,0.00000
1403,5,1,0,0.00000
1404,5,1,0,0.00000
1405,5,1,0,0.00000
1406,5,1,0,0.00000
1407,5,1,0,0.00000
1408,5,1,0,0.00000
1409,5,1,0,0.00000
1428,28,4,0,0.00000
1429,28,4,0,0.00000
1430,28,4,0,0.00000
1431,28,4,0,0.00000
1432,28,4,0,0.00000
1433,28,4,0,0.00000
1434,28,4,0,0.00000
1435,28,4,0,0.00000
1436,28,4,0,0.00000
1446,20,1,0,0.00001
1447,20,1,0,0.00001
1448,20,1,0,0.00001
1449,20,1,0,0.00001
1853,8,4,0,0.00005
1854,8,4,0,0.00008
1857,39,1,0,0.00001
1858,39,1,0,0.00000
1859,39,1,0,0.00001
1866,16,4,0,0.00019
1867,16,4,0,0.00002
1868,16,4,0,0.00000
1872,35,2,0,0.00000
1873,35,2,0,0.00000
1874,35,2,0,0.00000
2025,22,1,1,1.00000
2027,22,1,1,1.00000
2028,22,1,1,1.00000
2030,22,1,1,1.00000
2031,22,1,1,1.00000
2032,22,1,1,1.00000
2033,22,1,1,1.00000
2034,22,1,1,1.00000
2035,22,1,1,1.00000
2036,22,1,1,1.00000
2608,23,4,1,1.00000
2609,23,4,1,1.00000
2610,23,4,1,1.00000
2611,23,4,1,1.00000
2612,23,4,1,1.00000
3145,83,4,1,1.00000
3147,83,4,1,1.00000
3148,83,4,1,1.00000
3149,83,4,1,1.00000
3150,83,4,1,1.00000
3151,83,4,1,1.00000
3153,83,4,1,1.00000
3154,83,4,1,1.00000
3155,83,4,1,1.00000
3156,83,4,1,1.00000
3157,83,4,1,1.00000
3158,83,4,1,1.00000
3159,83,4,1,1.00000
3160,83,4,1,1.00000
3161,83,4,1,1.00000
3162,83,4,1,1.00000
3163,83,4,1,1.00000
3164,83,4,1,1.00000
3165,83,4,1,1.00000
3166,83,4,1,1.00000
3167,83,4,1,1.00000
3168,83,4,1,1.00000
3171,83,4,1,1.00000
3172,83,4,1,1.00000
3175,83,4,1,1.00000
3176,83,4,1,1.00000
3177,83,4,1,1.00000
3244,80,3,1,1.00000
3245,80,3,1,1.00000
3246,80,3,1,1.00000
3247,80,3,1,1.00000
3248,80,3,1,1.00000
3249,80,3,1,1.00000
3250,80,3,1,1.00000
3253,80,3,1,1.00000
3254,80,3,1,1.00000
3256,80,3,1,1.00000
3257,80,3,1,1.00000
3258,80,3,1,1.00000
3259,80,3,1,1.00000
3260,80,3,1,1.00000
3261,80,3,1,1.00000
3262,80,3,1,1.00000
3263,80,3,1,1.00000
3264,80,3,1,1.00000
3265,80,3,1,1.00000
3266,80,3,1,1.00000
3267,80,3,1,1.00000
3268,80,3,1,1.00000
3269,80,3,1,1.00000
3270,80,3,1,1.00000
3271,80,3,1,1.00000
3276,80,3,1,1.00000
3277,80,3,1,1.00000
3278,80,3,1,1.00000
3283,80,3,1,1.00000
3284,80,3,1,1.00000
3285,80,3,1,1.00000
3286,80,3,1,1.00000
3287,80,3,1,1.00000
3289,80,3,1,1.00000
3290,80,3,1,1.00000
3339,61,0,0,0.00000
3340,61,0,0,0.00000
3342,61,0,0,0.00000
3343,61,0,0,0.00000
3344,61,0,0,0.00000
3345,61,0,0,0.00000
3346,61,0,0,0.00000
3347,61,0,0,0.00000
3348,61,0,0,0.00000
3349,61,0,0,0.00000
3350,61,0,0,0.00000
3351,61,0,0,0.00000
3352,61,0,0,0.00000
3353,61,0,0,0.00000
3354,61,0,0,0.00000
3355,61,0,0,0.00000
3357,61,0,0,0.00000
3359,61,0,0,0.00000
3365,61,0,0,0.00000
3366,61,0,0,0.00000
3367,61,0,0,0.00000
3368,61,0,0,0.00000
3369,61,0,0,0.00000
3370,61,0,0,0.00000
3371,61,0,0,0.00000
3372,61,0,0,0.00000
3373,61,0,0,0.00000
3374,61,0,0,0.00000
3376,61,0,0,0.00000
3377,61,0,0,0.00000
3378,61,0,0,0.00000
3379,61,0,0,0.00000
3380,61,0,0,0.00000
3381,61,0,0,0.00000
3382,61,0,0,0.00000
3383,61,0,0,0.00000
3384,61,0,0,0.00000
3385,61,0,0,0.00000
3386,61,0,0,0.00000
3387,61,0,0,0.00000
3388,61,0,0,0.00000
3389,61,0,0,0.00000
3390,61,0,0,0.00000
3391,61,0,0,0.00000
3392,61,0,0,0.00000
3393,61,0,0,0.00001
3394,61,0,0,0.00000
3396,61,0,0,0.00000
3397,61,0,0,0.00000
3398,61,0,0,0.00000
3399,61,0,0,0.00000
3400,61,0,0,0.00000
3402,61,0,0,0.00000
3403,61,0,0,0.00001
3404,61,0,0,0.00000
3405,61,0,0,0.00000
3406,61,0,0,0.00000
3407,61,0,0,0.00000
3408,61,0,0,0.00001
3409,61,0,0,0.00000
3410,61,0,0,0.00000
3411,61,0,0,0.00000
3412,61,0,0,0.00000
3413,61,0,0,0.00000
3414,61,0,0,0.00000
3415,61,0,0,0.00000
3416,61,0,0,0.00000
3417,61,0,0,0.00000
3418,61,0,0,0.00000
3499,66,1,0,0.00010
3500,66,1,0,0.00007
3501,66,1,0,0.00007
3502,66,1,0,0.00005
3503,66,1,0,0.00011
3504,66,1,0,0.00008
3505,66,1,0,0.00018
3506,66,1,0,0.00030
3507,66,1,0,0.00042
3508,66,1,0,0.00024
3509,66,1,0,0.00018
3510,66,1,0,0.00029
3511,66,1,0,0.00025
3514,66,1,0,0.00018
3516,66,1,0,0.00018
3517,66,1,0,0.00035
3518,66,1,0,0.00035
3519,66,1,0,0.00002
3520,66,1,0,0.00003
3521,66,1,0,0.00007
3522,66,1,0,0.00002
3523,66,1,0,0.00023
3524,66,1,0,0.00090
3525,66,1,0,0.00038
3526,66,1,0,0.00093
3527,66,1,0,0.00061
3528,66,1,0,0.00068
3529,66,1,0,0.00078
3530,66,1,0,0.00001
3531,66,1,0,0.00001
3532,66,1,0,0.00002
3533,66,1,0,0.00001
3534,66,1,0,0.00002
3535,66,1,0,0.00002
3536,66,1,0,0.00002
3537,66,1,0,0.00002
3538,66,1,0,0.00001
3539,66,1,0,0.00000
3540,66,1,0,0.00001
3541,66,1,0,0.00001
3542,66,1,0,0.00001
3543,66,1,0,0.00004
3544,66,1,0,0.00004
3545,66,1,0,0.00003
3547,66,1,0,0.00000
3548,66,1,0,0.00000
3549,66,1,0,0.00000
3550,66,1,0,0.00000
3551,66,1,0,0.00000
3552,66,1,0,0.00000
3553,66,1,0,0.00000
3610,77,1,1,0.99925
3611,77,1,1,0.99115
3614,77,1,1,1.00000
3616,77,1,1,1.00000
3618,77,1,1,1.00000
3619,77,1,1,1.00000
3620,77,1,1,1.00000
3621,77,1,1,1.00000
3631,77,1,1,1.00000
3633,77,1,1,1.00000
3634,77,1,1,1.00000
3636,77,1,1,1.00000
3639,77,1,1,1.00000
3641,77,1,1,1.00000
3642,77,1,1,1.00000
3644,77,1,1,1.00000
3645,77,1,1,1.00000
3646,77,1,1,1.00000
3647,77,1,1,1.00000
3648,77,1,1,1.00000
3649,77,1,1,1.00000
3650,77,1,1,1.00000
3651,77,1,1,1.00000
3652,77,1,1,1.00000
3653,77,1,1,1.00000
3654,77,1,1,1.00000
3655,77,1,1,1.00000
3656,77,1,1,1.00000
3658,77,1,1,1.00000
3659,77,1,1,1.00000
3661,77,1,1,1.00000
3666,77,1,1,1.00000
3670,77,1,1,1.00000
3671,77,1,1,1.00000
3672,77,1,1,1.00000
3673,77,1,1,1.00000
3674,77,1,1,1.00000
3675,77,1,1,1.00000
3676,77,1,1,1.00000
3678,77,1,1,1.00000
3679,77,1,1,1.00000
3680,77,1,1,1.00000
3681,77,1,1,1.00000
3682,77,1,1,1.00000
3685,77,1,1,1.00000
3687,77,1,1,1.00000
3688,77,1,1,1.00000
3690,77,1,1,1.00000
3691,77,1,1,1.00000
3692,77,1,1,1.00000
3693,77,1,1,1.00000
3694,77,1,1,1.00000
3695,77,1,1,1.00000
3697,77,1,1,1.00000
3698,77,1,1,1.00000
3699,77,1,1,1.00000
3700,77,1,1,1.00000
3701,77,1,1,1.00000
3702,77,1,1,1.00000
3704,77,1,1,1.00000
3706,77,1,1,1.00000
3707,77,1,1,1.00000
3708,77,1,1,1.00000
3709,77,1,1,1.00000
3711,77,1,1,1.00000
3712,77,1,1,1.00000
3713,77,1,1,1.00000
3714,77,1,1,1.00000
3715,77,1,1,1.00000
3716,77,1,1,1.00000
3717,77,1,1,1.00000
3718,77,1,1,1.00000
3719,77,1,1,1.00000
3720,77,1,1,1.00000
3721,77,1,1,1.00000
3722,77,1,1,1.00000
3725,77,1,1,1.00000
3726,77,1,1,1.00000
3727,77,1,1,1.00000
3877,71,4,1,1.00000
3878,71,4,1,1.00000
3879,71,4,1,1.00000
3880,71,4,1,1.00000
3881,71,4,1,1.00000
3882,71,4,1,1.00000
3883,71,4,1,1.00000
3884,71,4,1,1.00000
3885,71,4,1,1.00000
3886,71,4,1,1.00000
3887,71,4,1,1.00000
3888,71,4,1,1.00000
3889,71,4,1,1.00000
3890,71,4,1,1.00000
3891,71,4,1,1.00000
3892,71,4,1,1.00000
3893,71,4,1,1.00000
3894,71,4,1,1.00000
3897,71,4,1,1.00000
3901,71,4,1,1.00000
3903,71,4,1,1.00000
3905,71,4,1,1.00000
3908,71,4,1,1.00000
3909,71,4,1,1.00000
3910,71,4,1,1.00000
3911,71,4,1,1.00000
3912,71,4,1,1.00000
3913,71,4,1,1.00000
3914,71,4,1,1.00000
3915,71,4,1,1.00000
3916,71,4,1,1.00000
3917,71,4,1,1.00000
3918,71,4,1,1.00000
3919,71,4,1,1.00000
3920,71,4,1,1.00000
3921,71,4,1,1.00000
3922,71,4,1,1.00000
3923,71,4,1,1.00000
3924,71,4,1,1.00000
4001,63,0,1,1.00000
4002,63,0,1,1.00000
4004,63,0,1,1.00000
4005,63,0,1,1.00000
4006,63,0,1,1.00000
4007,63,0,1,1.00000
4008,63,0,1,1.00000
4009,63,0,1,1.00000
4010,63,0,1,1.00000
4011,63,0,1,1.00000
4012,63,0,1,1.00000
4013,63,0,1,1.00000
4014,63,0,1,1.00000
4015,63,0,1,1.00000
4016,63,0,1,1.00000
4019,63,0,1,1.00000
4020,63,0,1,1.00000
4021,63,0,1,1.00000
4025,63,0,1,1.00000
4026,63,0,1,1.00000
4074,62,3,1,1.00000
4075,62,3,1,1.00000
4076,62,3,1,1.00000
4077,62,3,1,1.00000
4078,62,3,1,1.00000
4079,62,3,1,1.00000
4080,62,3,1,1.00000
4081,62,3,1,1.00000
4082,62,3,1,1.00000
4083,62,3,1,1.00000
4084,62,3,1,1.00000
4085,62,3,1,1.00000
4086,62,3,1,1.00000
4087,62,3,1,1.00000
4088,62,3,1,1.00000
4089,62,3,1,1.00000
4090,62,3,1,1.00000
4091,62,3,1,1.00000
4092,62,3,1,1.00000
4096,62,3,1,1.00000
4141,76,1,0,0.00017
4142,76,1,0,0.00023
4143,76,1,0,0.00011
4144,76,1,0,0.00004
4145,76,1,0,0.00002
4146,76,1,0,0.00007
4147,76,1,0,0.00002
4148,76,1,0,0.00003
4149,76,1,0,0.00004
4150,76,1,0,0.00011
4151,76,1,0,0.00007
4152,76,1,0,0.00011
4153,76,1,0,0.00009
4154,76,1,0,0.00010
4155,76,1,0,0.00021
4156,76,1,0,0.00016
4157,76,1,0,0.00027
4158,76,1,0,0.00012
4159,76,1,0,0.00007
4160,76,1,0,0.00030
4161,76,1,0,0.00023
4162,76,1,0,0.00025
4163,76,1,0,0.00035
4164,76,1,0,0.00058
4165,76,1,0,0.00037
4166,76,1,0,0.00036
4167,76,1,0,0.00055
4168,76,1,0,0.00025
4171,76,1,0,0.00001
4172,76,1,0,0.00001
4173,76,1,0,0.00001
4174,76,1,0,0.00000
4175,76,1,0,0.00000
4176,76,1,0,0.00000
4177,76,1,0,0.00001
4178,76,1,0,0.00000
4179,76,1,0,0.00002
4180,76,1,0,0.00001
4181,76,1,0,0.00003
4182,76,1,0,0.00003
4183,76,1,0,0.00001
4184,76,1,0,0.00002
4185,76,1,0,0.00004
4186,76,1,0,0.00001
4188,76,1,0,0.00001
4189,76,1,0,0.00001
4190,76,1,0,0.00003
4191,76,1,0,0.00002
4192,76,1,0,0.00002
4193,76,1,0,0.00003
4194,76,1,0,0.00005
4195,76,1,0,0.00000
4196,76,1,0,0.00000
4197,76,1,0,0.00001
4198,76,1,0,0.00002
4199,76,1,0,0.00001
4200,76,1,0,0.00001
4201,76,1,0,0.00001
4202,76,1,0,0.00001
4203,76,1,0,0.00001
4204,76,1,0,0.00001
4205,76,1,0,0.00002
4206,76,1,0,0.00001
4207,76,1,0,0.00001
4208,76,1,0,0.00001
4209,76,1,0,0.00000
4210,76,1,0,0.00000
4211,76,1,0,0.00000
4212,76,1,0,0.00000
4213,76,1,0,0.00000
4214,76,1,0,0.00001
4215,76,1,0,0.00001
4216,76,1,0,0.00001
4217,76,1,0,0.00001
4218,76,1,0,0.00000
4219,76,1,0,0.00001
4220,76,1,0,0.00001
4221,76,1,0,0.00001
4222,76,1,0,0.00001
4223,76,1,0,0.00006
4224,76,1,0,0.00003
4225,76,1,0,0.00002
4226,76,1,0,0.00003
4227,76,1,0,0.00004
4228,76,1,0,0.00005
4229,76,1,0,0.00002
4230,76,1,0,0.00003
4231,76,1,0,0.00002
4232,76,1,0,0.00001
4233,76,1,0,0.00002
4234,76,1,0,0.00003
4330,59,1,0,0.00011
4331,59,1,0,0.00003
4332,59,1,0,0.00002
4333,59,1,0,0.00001
4334,59,1,0,0.00001
4335,59,1,0,0.00002
4336,59,1,0,0.00002
4337,59,1,0,0.00002
4338,59,1,0,0.00005
4339,59,1,0,0.00004
4340,59,1,0,0.00003
4341,59,1,0,0.00004
4342,59,1,0,0.00002
4343,59,1,0,0.00002
4344,59,1,0,0.00003
4345,59,1,0,0.00001
4346,59,1,0,0.00001
4347,59,1,0,0.00002
4349,59,1,0,0.00000
4350,59,1,0,0.00000
4351,59,1,0,0.00001
4352,59,1,0,0.00001
4353,59,1,0,0.00001
4354,59,1,0,0.00000
4355,59,1,0,0.00000
4356,59,1,0,0.00000
4357,59,1,0,0.00001
4358,59,1,0,0.00001
4359,59,1,0,0.00001
4360,59,1,0,0.00003
4361,59,1,0,0.00002
4362,59,1,0,0.00010
4363,59,1,0,0.00002
4364,59,1,0,0.00001
4365,59,1,0,0.00000
4366,59,1,0,0.00000
4367,59,1,0,0.00000
4368,59,1,0,0.00000
4369,59,1,0,0.00000
4370,59,1,0,0.00003
4371,59,1,0,0.00001
4372,59,1,0,0.00001
4373,59,1,0,0.00008
4374,59,1,0,0.00002
4375,59,1,0,0.00001
4376,59,1,0,0.00000
4377,59,1,0,0.00000
4379,59,1,0,0.00000
4380,59,1,0,0.00000
4381,59,1,0,0.00000
4382,59,1,0,0.00000
4383,59,1,0,0.00000
4384,59,1,0,0.00004
4385,59,1,0,0.00001
4386,59,1,0,0.00001
4387,59,1,0,0.00001
4388,59,1,0,0.00002
4389,59,1,0,0.00001
4390,59,1,0,0.00002
4391,59,1,0,0.00000
4392,59,1,0,0.00001
4393,59,1,0,0.00001
4394,59,1,0,0.00001
4395,59,1,0,0.00001
4396,59,1,0,0.00001
4397,59,1,0,0.00001
4398,59,1,0,0.00001
4399,59,1,0,0.00001
4400,59,1,0,0.00001
4401,59,1,0,0.00001
4402,59,1,0,0.00001
4403,59,1,0,0.00001
4404,59,1,0,0.00001
4405,59,1,0,0.00001
4406,59,1,0,0.00001
4407,59,1,0,0.00000
4408,59,1,0,0.00001
4409,59,1,0,0.00000
4410,59,1,0,0.00000
4411,59,1,0,0.00001
4412,59,1,0,0.00001
4413,59,1,0,0.00003
4415,59,1,0,0.00001
4416,59,1,0,0.00001
4418,59,1,0,0.00001
4421,59,1,0,0.00001
4517,58,1,0,0.00000
4518,58,1,0,0.00000
4519,58,1,0,0.00000
4520,58,1,0,0.00001
4521,58,1,0,0.00001
4522,58,1,0,0.00001
4523,58,1,0,0.00003
4524,58,1,0,0.00003
4525,58,1,0,0.00002
4526,58,1,0,0.00003
4527,58,1,0,0.00012
4528,58,1,0,0.00065
4530,58,1,0,0.00030
4531,58,1,0,0.00032
4532,58,1,0,0.00105
4533,58,1,0,0.00255
4534,58,1,0,0.00065
4535,58,1,0,0.00257
4536,58,1,0,0.00139
4537,58,1,0,0.00152
4538,58,1,0,0.00123
4539,58,1,0,0.05380
4540,58,1,0,0.00002
4541,58,1,0,0.00001
4542,58,1,0,0.00002
4573,65,2,1,1.00000
4574,65,2,1,1.00000
4575,65,2,1,1.00000
4576,65,2,1,1.00000
4577,65,2,1,1.00000
4578,65,2,1,1.00000
4579,65,2,1,1.00000
4580,65,2,1,1.00000
4581,65,2,1,1.00000
4582,65,2,1,1.00000
4583,65,2,1,1.00000
4584,65,2,1,1.00000
4585,65,2,1,1.00000
4586,65,2,1,1.00000
4587,65,2,1,1.00000
4588,65,2,1,1.00000
4590,65,2,1,1.00000
4591,65,2,1,1.00000
4592,65,2,1,1.00000
4593,65,2,1,1.00000
4594,65,2,1,1.00000
4595,65,2,1,1.00000
4597,65,2,1,1.00000
4598,65,2,1,1.00000
4600,65,2,1,1.00000
4601,65,2,1,1.00000
4602,65,2,1,1.00000
4603,65,2,1,1.00000
4604,65,2,1,1.00000
4607,65,2,1,1.00000
4609,65,2,1,1.00000
4610,65,2,1,1.00000
4651,60,4,0,0.00000
4652,60,4,0,0.00000
4653,60,4,0,0.00000
4654,60,4,0,0.00000
4655,60,4,0,0.00000
4656,60,4,0,0.00000
4657,60,4,0,0.00000
4658,60,4,0,0.00000
4659,60,4,0,0.00000
4660,60,4,0,0.00000
4661,60,4,0,0.00000
4662,60,4,0,0.00000
4663,60,4,0,0.00000
4664,60,4,0,0.00000
4665,60,4,0,0.00000
4666,60,4,0,0.00000
4667,60,4,0,0.00000
4668,60,4,0,0.00000
4669,60,4,0,0.00000
4670,60,4,0,0.00000
4671,60,4,0,0.00000
4672,60,4,0,0.00000
4673,60,4,0,0.00000
4674,60,4,0,0.00000
4675,60,4,0,0.00000
4676,60,4,0,0.00000
4677,60,4,0,0.00000
4678,60,4,0,0.00000
4679,60,4,0,0.00000
4680,60,4,0,0.00000
4681,60,4,0,0.00000
4682,60,4,0,0.00000
4683,60,4,0,0.00000
4684,60,4,0,0.00000
4685,60,4,0,0.00000
4686,60,4,0,0.00000
4687,60,4,0,0.00000
4688,60,4,0,0.00000
4689,60,4,0,0.00000
4690,60,4,0,0.00000
4691,60,4,0,0.00000
4692,60,4,0,0.00000
4693,60,4,0,0.00000
4694,60,4,0,0.00000
4695,60,4,0,0.00000
4696,60,4,0,0.00000
4697,60,4,0,0.00000
4698,60,4,0,0.00000
4699,60,4,0,0.00000
4700,60,4,0,0.00000
4701,60,4,0,0.00000
4702,60,4,0,0.00000
4703,60,4,0,0.00000
4704,60,4,0,0.00000
4705,60,4,0,0.00000
4706,60,4,0,0.00000
4707,60,4,0,0.00000
4708,60,4,0,0.00000
4709,60,4,0,0.00000
4710,60,4,0,0.00000
4711,60,4,0,0.00000
4712,60,4,0,0.00000
4713,60,4,0,0.00000
4714,60,4,0,0.00000
4715,60,4,0,0.00000
4716,60,4,0,0.00000
4717,60,4,0,0.00000
4718,60,4,0,0.00000
4719,60,4,0,0.00000
4720,60,4,0,0.00000
4721,60,4,0,0.00000
4722,60,4,0,0.00000
4723,60,4,0,0.00000
4724,60,4,0,0.00000
4725,60,4,0,0.00000
4726,60,4,0,0.00000
4727,60,4,0,0.00000
4728,60,4,0,0.00000
4729,60,4,0,0.00000
4730,60,4,0,0.00000
4731,60,4,0,0.00000
4732,60,4,0,0.00000
4733,60,4,0,0.00000
4734,60,4,0,0.00000
4735,60,4,0,0.00000
4736,60,4,0,0.00000
4737,60,4,0,0.00000
4738,60,4,0,0.00000
4739,60,4,0,0.00000
4740,60,4,0,0.00000
4741,60,4,0,0.00000
4742,60,4,0,0.00000
4743,60,4,0,0.00000
4744,60,4,0,0.00001
4745,60,4,0,0.00001
4746,60,4,0,0.00000
4747,60,4,0,0.00001
4748,60,4,0,0.00000
4749,60,4,0,0.00001
4750,60,4,0,0.00001
4751,60,4,0,0.00000
4752,60,4,0,0.00001
4753,60,4,0,0.00001
4857,84,3,0,0.00000
4858,84,3,0,0.00000
4859,84,3,0,0.00000
4860,84,3,0,0.00000
4861,84,3,0,0.00000
4862,84,3,0,0.00000
4863,84,3,0,0.00000
4864,84,3,0,0.00000
4865,84,3,0,0.00000
4866,84,3,0,0.00000
4867,84,3,0,0.00000
4868,84,3,0,0.00000
4869,84,3,0,0.00000
4870,84,3,0,0.00000
4871,84,3,0,0.00000
4872,84,3,0,0.00000
4873,84,3,0,0.00000
4874,84,3,0,0.00024
4875,84,3,0,0.00023
4876,84,3,0,0.00011
4877,84,3,0,0.00000
4879,84,3,0,0.00000
4880,84,3,0,0.00000
4881,84,3,0,0.00000
4882,84,3,0,0.00006
4883,84,3,0,0.00013
4884,84,3,0,0.00001
4885,84,3,0,0.00001
4886,84,3,0,0.00000
4887,84,3,0,0.00000
4888,84,3,0,0.00317
4889,84,3,0,0.00354
4890,84,3,0,0.00000
4893,84,3,0,0.00000
4894,84,3,0,0.00000
4895,84,3,0,0.00000
4896,84,3,0,0.00000
4897,84,3,0,0.00000
4898,84,3,0,0.00000
4899,84,3,0,0.00000
4900,84,3,0,0.00000
4901,84,3,0,0.00000
4902,84,3,0,0.00000
4903,84,3,0,0.00000
4904,84,3,0,0.00000
4905,84,3,0,0.00000
4906,84,3,0,0.00000
4907,84,3,0,0.00000
4908,84,3,0,0.00000
4909,84,3,0,0.00000
4910,84,3,0,0.00000
4911,84,3,0,0.00000
4912,84,3,0,0.00000
4913,84,3,0,0.00000
4914,84,3,0,0.00000
4915,84,3,0,0.00000
4916,84,3,0,0.00000
4917,84,3,0,0.00000
4918,84,3,0,0.00000
4919,84,3,0,0.00000
4920,84,3,0,0.00000
4922,84,3,0,0.00000
4923,84,3,0,0.00000
4924,84,3,0,0.00000
4925,84,3,0,0.00000
4926,84,3,0,0.00000
4927,84,3,0,0.00000
4928,84,3,0,0.00000
4929,84,3,0,0.00000
4932,103,2,1,1.00000
4933,103,2,1,1.00000
4934,103,2,1,1.00000
4935,103,2,1,1.00000
4936,103,2,1,1.00000
4937,103,2,1,1.00000
4938,103,2,1,1.00000
4939,103,2,1,1.00000
4940,103,2,1,1.00000
4941,103,2,1,1.00000
4942,103,2,1,1.00000
4943,103,2,1,1.00000
4944,103,2,1,1.00000
4945,103,2,1,1.00000
4946,103,2,1,1.00000
4947,103,2,1,1.00000
4948,103,2,1,1.00000
4949,103,2,0,0.00000
4950,103,2,0,0.00000
4952,103,2,0,0.00000
4953,103,2,0,0.00000
4954,103,2,0,0.00000
4955,103,2,0,0.00000
4956,103,2,0,0.00000
4957,103,2,0,0.00000
4958,103,2,0,0.00000
4959,103,2,0,0.00000
4960,103,2,0,0.00000
4961,103,2,0,0.00000
4962,103,2,0,0.00000
4963,103,2,0,0.00000
4964,103,2,0,0.00000
4965,103,2,0,0.00000
4966,103,2,0,0.00000
4967,103,2,0,0.00000
4968,103,2,0,0.00000
4970,103,2,0,0.00000
4971,103,2,0,0.00000
4972,103,2,0,0.00000
4973,103,2,0,0.00000
4974,103,2,0,0.00000
4975,103,2,0,0.00000
4976,103,2,0,0.00000
4980,103,2,0,0.00000
4981,103,2,0,0.00000
4982,103,2,0,0.00000
4983,103,2,0,0.00000
4984,103,2,0,0.00000
4985,103,2,0,0.00000
4987,103,2,0,0.00000
4988,103,2,0,0.00000
4989,103,2,0,0.00000
4991,103,2,0,0.00000
4992,103,2,0,0.00000
4993,103,2,0,0.00000
4994,103,2,0,0.00000
4995,103,2,0,0.00000
4996,103,2,0,0.00000
4997,103,2,0,0.00000
4998,103,2,0,0.00000
4999,103,2,0,0.00000
5000,103,2,0,0.00000
5001,103,2,0,0.00000
5002,103,2,0,0.00000
5003,103,2,0,0.00000
5004,103,2,0,0.00000
5005,103,2,0,0.00000
5006,103,2,0,0.00000
5008,103,2,0,0.00000
5009,103,2,0,0.00000
5010,103,2,0,0.00000
5012,103,2,0,0.00000
5014,103,2,0,0.00000
5017,103,2,0,0.00000
5018,103,2,0,0.00000
5019,103,2,0,0.00000
5020,103,2,0,0.00000
5021,103,2,0,0.00000
5022,103,2,0,0.00000
5023,103,2,0,0.00000
5024,103,2,0,0.00000
5025,103,2,0,0.00000
5026,103,2,0,0.00000
5027,103,2,0,0.00000
5028,103,2,0,0.00000
5029,103,2,0,0.00000
5030,103,2,0,0.00000
5031,103,2,0,0.00000
5032,103,2,0,0.00000
5033,103,2,0,0.00000
5034,103,2,0,0.00000
5035,103,2,0,0.00000
5037,103,2,0,0.00000
5038,103,2,0,0.00000
5039,103,2,0,0.00000
5040,103,2,0,0.00000
5041,103,2,0,0.00000
5042,103,2,0,0.00000
5043,103,2,0,0.00000
5044,103,2,0,0.00000
5045,103,2,0,0.00000
5046,103,2,0,0.00000
5047,103,2,0,0.00000
5048,103,2,0,0.00000
5049,103,2,0,0.00000
5050,103,2,0,0.00000
5051,103,2,0,0.00000
5052,103,2,0,0.00000
5053,103,2,0,0.00000
5054,103,2,0,0.00000
5055,103,2,0,0.00000
5056,103,2,0,0.00000
5057,103,2,0,0.00000
5059,103,2,0,0.00000
5060,103,2,0,0.00000
5061,103,2,0,0.00000
5063,103,2,0,0.00000
5064,103,2,0,0.00000
5065,103,2,0,0.00000
5066,103,2,0,0.00000
5067,103,2,0,0.00000
5068,103,2,0,0.00000
5069,103,2,0,0.00000
5070,103,2,0,0.00000
5071,103,2,0,0.00000
5072,103,2,0,0.00000
5073,103,2,0,0.00000
5074,103,2,0,0.00000
5075,103,2,0,0.00000
5076,103,2,0,0.00000
5077,103,2,0,0.00000
5078,103,2,0,0.00000
5079,103,2,0,0.00000
5080,103,2,0,0.00000
5081,103,2,0,0.00000
5082,103,2,0,0.00000
5083,103,2,0,0.00000
5084,103,2,0,0.00000
5085,103,2,0,0.00000
5086,103,2,0,0.00000
5087,103,2,0,0.00000
5088,103,2,0,0.00000
5089,103,2,0,0.00000
5090,103,2,0,0.00000
5091,103,2,0,0.00000
5092,103,2,0,0.00000
5093,103,2,0,0.00000
5094,103,2,0,0.00000
5095,103,2,0,0.00000
5096,103,2,0,0.00000
5097,103,2,0,0.00000
5098,103,2,0,0.00000
5099,103,2,0,0.00000
5100,103,2,0,0.00000
5101,103,2,0,0.00000
5102,103,2,0,0.00000
5103,103,2,0,0.00000
5104,103,2,0,0.00000
5105,103,2,0,0.00000
5106,103,2,0,0.00000
5107,103,2,0,0.00000
5109,103,2,0,0.00000
5110,103,2,0,0.00000
5111,103,2,0,0.00000
5112,103,2,0,0.00000
5113,103,2,0,0.00000
5114,103,2,0,0.00000
5115,103,2,0,0.00000
5116,103,2,0,0.00000
5117,103,2,0,0.00000
5118,103,2,0,0.00000
5119,103,2,0,0.00000
5120,103,2,0,0.00000
5121,103,2,0,0.00000
5122,103,2,0,0.00000
5123,103,2,0,0.00000
5124,103,2,0,0.00000
5125,103,2,0,0.00000
5126,103,2,0,0.00000
5127,103,2,0,0.00000
5128,103,2,0,0.00000
5129,103,2,0,0.00000
5130,103,2,0,0.00000
5131,103,2,0,0.00000
5132,103,2,0,0.00000
5133,103,2,0,0.00000
5134,103,2,0,0.00000
5135,103,2,0,0.00000
5136,103,2,0,0.00000
5137,103,2,0,0.00000
5138,103,2,0,0.00000
5139,103,2,0,0.00000
5140,103,2,0,0.00000
5141,103,2,0,0.00000
5142,103,2,0,0.00000
5143,103,2,0,0.00000
5144,103,2,0,0.00000
5145,103,2,0,0.00000
5146,103,2,0,0.00000
5147,103,2,0,0.00000
5148,103,2,0,0.00000
5149,103,2,0,0.00000
5150,103,2,0,0.00000
5151,103,2,0,0.00000
5152,103,2,0,0.00000
5153,103,2,0,0.00000
5154,103,2,0,0.00000
5155,103,2,0,0.00000
5156,103,2,0,0.00000
5157,103,2,0,0.00000
5158,103,2,0,0.00000
5159,103,2,0,0.00000
5160,103,2,0,0.00000
5161,103,2,0,0.00000
13275,107,4,1,0.99999
13276,107,4,1,0.99997
13277,107,4,1,0.99996
13278,107,4,1,0.99998
13279,107,4,1,0.99994
13280,107,4,1,1.00000
13281,107,4,1,0.99998
13282,107,4,1,1.00000
13283,107,4,1,1.00000
13284,107,4,1,1.00000
13285,107,4,1,1.00000
13286,107,4,1,1.00000
13287,107,4,1,1.00000
13288,107,4,1,1.00000
13289,107,4,1,1.00000
13290,107,4,1,1.00000
13291,107,4,1,1.00000
13292,107,4,1,1.00000
13293,107,4,0,0.00000
13294,107,4,0,0.00000
13295,107,4,0,0.00000
13297,107,4,0,0.00000
13298,107,4,0,0.00000
13299,107,4,0,0.00000
13301,107,4,0,0.00000
13302,107,4,0,0.00000
13303,107,4,0,0.00000
13304,107,4,0,0.00000
13305,107,4,0,0.00000
13306,107,4,0,0.00000
13307,107,4,0,0.00000
13308,107,4,0,0.00000
13309,107,4,0,0.00000
13311,107,4,0,0.00000
13312,107,4,0,0.00000
13313,107,4,0,0.00000
13314,107,4,0,0.00000
13315,107,4,0,0.00000
13316,107,4,0,0.00000
13317,107,4,0,0.00000
13318,107,4,0,0.00000
13319,107,4,0,0.00000
13320,107,4,0,0.00000
13321,107,4,0,0.00000
13322,107,4,0,0.00000
13323,107,4,0,0.00000
13324,107,4,0,0.00000
13325,107,4,0,0.00000
13326,107,4,0,0.00000
13327,107,4,0,0.00000
13328,107,4,0,0.00000
13329,107,4,0,0.00000
13330,107,4,0,0.00000
13331,107,4,0,0.00000
13332,107,4,0,0.00000
13333,107,4,0,0.00000
13334,107,4,0,0.00000
13335,107,4,0,0.00000
13336,107,4,0,0.00000
13337,107,4,0,0.00000
13338,107,4,0,0.00000
13339,107,4,0,0.00000
13340,107,4,0,0.00000
13341,107,4,0,0.00000
13342,107,4,0,0.00000
13343,107,4,0,0.00000
13344,107,4,0,0.00000
13345,107,4,0,0.00000
13346,107,4,0,0.00000
13347,107,4,0,0.00000
13348,107,4,0,0.00000
13349,107,4,0,0.00000
13350,107,4,0,0.00000
13351,107,4,0,0.00000
13352,107,4,0,0.00000
13353,107,4,0,0.00000
13354,107,4,0,0.00000
13355,107,4,0,0.00000
13356,107,4,0,0.00000
13357,107,4,0,0.00000
13358,107,4,0,0.00000
13359,107,4,0,0.00000
13360,107,4,0,0.00000
13361,107,4,0,0.00000
13362,107,4,0,0.00000
13363,107,4,0,0.00000
13364,107,4,0,0.00000
13365,107,4,0,0.00000
13366,107,4,0,0.00000
13367,107,4,0,0.00000
13368,107,4,0,0.00000
13369,107,4,0,0.00000
13370,107,4,0,0.00000
13371,107,4,0,0.00000
13372,107,4,0,0.00000
13373,107,4,0,0.00000
13374,107,4,0,0.00000
13375,107,4,0,0.00000
13376,107,4,0,0.00000
13377,107,4,0,0.00000
13378,107,4,0,0.00000
13379,107,4,0,0.00000
13380,107,4,0,0.00000
13381,107,4,0,0.00000
13382,107,4,0,0.00000
13383,107,4,0,0.00000
13384,107,4,0,0.00000
13385,107,4,0,0.00000
13386,107,4,0,0.00000
13387,107,4,0,0.00000
13388,107,4,0,0.00000
13389,107,4,0,0.00000
13390,107,4,0,0.00000
13391,107,4,0,0.00000
13392,107,4,0,0.00000
13393,107,4,0,0.00000
13394,107,4,0,0.00000
13395,107,4,0,0.00000
13396,107,4,0,0.00000
13397,107,4,0,0.00000
13398,107,4,0,0.00000
13399,107,4,0,0.00000
13400,107,4,0,0.00000
13401,107,4,0,0.00000
13402,107,4,0,0.00000
13403,107,4,0,0.00000
13404,107,4,0,0.00000
13405,107,4,0,0.00000
13406,107,4,0,0.00000
13407,107,4,0,0.00000
13408,107,4,0,0.00000
13409,107,4,0,0.00000
13410,107,4,0,0.00000
13411,107,4,0,0.00000
13412,107,4,0,0.00000
13413,107,4,0,0.00000
13414,107,4,0,0.00000
13415,107,4,0,0.00000
13416,107,4,0,0.00000
13417,107,4,0,0.00000
13418,107,4,0,0.00000
13419,107,4,0,0.00000
13420,107,4,0,0.00000
13421,107,4,0,0.00000
13422,107,4,0,0.00000
13423,107,4,0,0.00000
13424,107,4,0,0.00000
13425,107,4,0,0.00000
13426,107,4,0,0.00000
13427,107,4,0,0.00000
13428,107,4,0,0.00000
13429,107,4,0,0.00000
13430,107,4,0,0.00000
13431,107,4,0,0.00000
13432,107,4,0,0.00000
13433,107,4,0,0.00000
13434,107,4,0,0.00000
13435,107,4,0,0.00000
13436,107,4,0,0.00000
13437,107,4,0,0.00000
13438,107,4,0,0.00000
13439,107,4,0,0.00000
13440,107,4,0,0.00000
13441,107,4,0,0.00000
13442,107,4,0,0.00000
13443,107,4,0,0.00000
13444,107,4,0,0.00000
13445,107,4,0,0.00000
13446,107,4,0,0.00000
13447,107,4,0,0.00000
13448,107,4,0,0.00000
13449,107,4,0,0.00000
13450,107,4,0,0.00000
13451,107,4,0,0.00000
13452,107,4,0,0.00000
13453,107,4,0,0.00000
13454,107,4,0,0.00000
13455,107,4,0,0.00000
13456,107,4,0,0.00000
13457,107,4,0,0.00000
13458,107,4,0,0.00000
13459,107,4,0,0.00000
13460,107,4,0,0.00000
13461,107,4,0,0.00000
13462,107,4,0,0.00000
13463,107,4,0,0.00000
13464,107,4,0,0.00000
13465,107,4,0,0.00000
13466,107,4,0,0.00000
13467,107,4,0,0.00000
13468,107,4,0,0.00000
13469,107,4,0,0.00000
13470,107,4,0,0.00000
13471,107,4,0,0.00000
13472,107,4,0,0.00000
13473,107,4,0,0.00000
13474,107,4,0,0.00000
13475,107,4,0,0.00000
13487,525,4,1,0.00000
13489,526,1,1,1.00000
13490,526,1,1,1.00000
13491,526,1,1,1.00000
13492,526,1,1,1.00000
13494,526,1,1,1.00000
13495,526,1,1,1.00000
13496,526,1,1,1.00000
13497,526,1,1,1.00000
13498,526,1,1,1.00000
13499,526,1,1,1.00000
13500,526,1,1,1.00000
13501,526,1,1,1.00000
13502,526,1,1,1.00000
13503,526,1,1,1.00000
13504,526,1,1,1.00000
13505,526,1,1,1.00000
13506,526,1,1,1.00000
13507,526,1,1,1.00000
13508,526,1,1,0.00000
13509,526,1,1,0.00001
13510,526,1,0,0.00000
13511,526,1,0,0.00000
13512,526,1,0,0.00001
13514,526,1,0,0.00000
13515,526,1,0,0.00001
13516,526,1,0,0.00001
13517,526,1,0,0.00000
13518,526,1,0,0.00000
13519,526,1,0,0.00000
13520,526,1,0,0.00000
13521,526,1,0,0.00000
13522,526,1,0,0.00000
13523,526,1,0,0.00000
13524,526,1,0,0.00000
13525,526,1,0,0.00001
13526,526,1,0,0.00001
13527,526,1,0,0.00000
13528,526,1,0,0.00000
13529,526,1,0,0.00000
13530,526,1,0,0.00001
13531,526,1,0,0.00000
13532,526,1,0,0.00000
13533,526,1,0,0.00000
13535,526,1,0,0.00000
13536,526,1,0,0.00000
13537,526,1,0,0.00000
13538,526,1,0,0.00000
13539,526,1,0,0.00000
13540,526,1,0,0.00001
13541,526,1,0,0.00000
13542,526,1,0,0.00000
13543,526,1,0,0.00000
13544,526,1,0,0.00000
13545,526,1,0,0.00000
13546,526,1,0,0.00000
13547,526,1,0,0.00000
13549,526,1,0,0.00000
13550,526,1,0,0.00000
13551,526,1,0,0.00000
13552,526,1,0,0.00000
13553,526,1,0,0.00000
13554,526,1,0,0.00000
13555,526,1,0,0.00000
13556,526,1,0,0.00000
13557,526,1,0,0.00000
13558,526,1,0,0.00000
13559,526,1,0,0.00000
13560,526,1,0,0.00000
13561,526,1,0,0.00000
13562,526,1,0,0.00000
13563,526,1,0,0.00000
13564,526,1,0,0.00000
13565,526,1,0,0.00000
13566,526,1,0,0.00000
13567,526,1,0,0.00000
13568,526,1,0,0.00000
13569,526,1,0,0.00000
13570,526,1,0,0.00000
13571,526,1,0,0.00000
13572,526,1,0,0.00000
13573,526,1,0,0.00000
13574,526,1,0,0.00000
13575,526,1,0,0.00000
13576,526,1,0,0.00000
13577,526,1,0,0.00000
13578,526,1,0,0.00000
13579,526,1,0,0.00000
13580,526,1,0,0.00000
13581,526,1,0,0.00000
13582,526,1,0,0.00000
13583,526,1,0,0.00000
13584,526,1,0,0.00000
13585,526,1,0,0.00000
13586,526,1,0,0.00000
13587,526,1,0,0.00000
13588,526,1,0,0.00000
13589,526,1,0,0.00000
13590,526,1,0,0.00000
13591,526,1,0,0.00000
13592,526,1,0,0.00000
13593,526,1,0,0.00000
13594,526,1,0,0.00000
13595,526,1,0,0.00000
13596,526,1,0,0.00000
13598,526,1,0,0.00000
13600,526,1,0,0.00000
13601,526,1,0,0.00000
13602,526,1,0,0.00000
13603,526,1,0,0.00000
13604,526,1,0,0.00000
13605,526,1,0,0.00000
13606,526,1,0,0.00000
13607,526,1,0,0.00000
13608,526,1,0,0.00000
13609,526,1,0,0.00000
13610,526,1,0,0.00000
13611,526,1,0,0.00000
13612,526,1,0,0.00000
13613,526,1,0,0.00000
13614,526,1,0,0.00000
13615,526,1,0,0.00000
13616,526,1,0,0.00000
13617,526,1,0,0.00000
13618,526,1,0,0.00000
13619,526,1,0,0.00000
13620,526,1,0,0.00000
13621,526,1,0,0.00000
13622,526,1,0,0.00000
13623,526,1,0,0.00000
13624,526,1,0,0.00000
13625,526,1,0,0.00000
13626,526,1,0,0.00000
13627,526,1,0,0.00000
13628,526,1,0,0.00000
13629,526,1,0,0.00000
13630,526,1,0,0.00000
13631,526,1,0,0.00000
13632,526,1,0,0.00000
13633,526,1,0,0.00000
13634,526,1,0,0.00000
13635,526,1,0,0.00000
13636,526,1,0,0.00000
13637,526,1,0,0.00000
13638,526,1,0,0.00000
13639,526,1,0,0.00000
13640,526,1,0,0.00000
13641,526,1,0,0.00000
13642,526,1,0,0.00000
13643,526,1,0,0.00000
13644,526,1,0,0.00000
13645,526,1,0,0.00000
13646,526,1,0,0.00000
13647,526,1,0,0.00000
13648,526,1,0,0.00000
13649,526,1,0,0.00000
13650,526,1,0,0.00000
13651,526,1,0,0.00000
13652,526,1,0,0.00000
13653,526,1,0,0.00000
13654,526,1,0,0.00000
13655,526,1,0,0.00000
13656,526,1,0,0.00000
13657,526,1,0,0.00000
13658,526,1,0,0.00000
13659,526,1,0,0.00000
13660,526,1,0,0.00000
13661,526,1,0,0.00000
13662,526,1,0,0.00000
13663,526,1,0,0.00000
13664,526,1,0,0.00000
13665,526,1,0,0.00000
13666,526,1,0,0.00000
13667,526,1,0,0.00000
13668,526,1,0,0.00000
13669,526,1,0,0.00000
13670,526,1,0,0.00000
13671,526,1,0,0.00000
13672,526,1,0,0.00000
13673,526,1,0,0.00000
13674,526,1,0,0.00000
13675,526,1,0,0.00000
13676,526,1,0,0.00000
13677,526,1,0,0.00000
13678,526,1,0,0.00000
13679,526,1,0,0.00000
13680,526,1,0,0.00000
13681,526,1,0,0.00000
13682,526,1,0,0.00000
13683,526,1,0,0.00000
13684,526,1,0,0.00000
13685,526,1,0,0.00000
13686,526,1,0,0.00000
13687,526,1,0,0.00000
13688,526,1,0,0.00000
13689,526,1,0,0.00000
13690,526,1,0,0.00000
13691,526,1,0,0.00000
13692,526,1,0,0.00000
13693,526,1,0,0.00000
13694,526,1,0,0.00000
13695,526,1,0,0.00000
13696,526,1,0,0.00000
13697,526,1,0,0.00000
13698,526,1,0,0.00000
13699,526,1,0,0.00000
13700,526,1,0,0.00000
13701,526,1,0,0.00000
13702,526,1,0,0.00000
13703,526,1,0,0.00000
14564,87,0,1,1.00000
14565,87,0,1,1.00000
14566,87,0,1,1.00000
14567,87,0,1,1.00000
14568,87,0,1,1.00000
14569,87,0,1,1.00000
14571,87,0,1,1.00000
14573,87,0,1,1.00000
14578,87,0,1,1.00000
14579,87,0,1,1.00000
14580,87,0,1,1.00000
14581,87,0,1,1.00000
14583,87,0,0,0.00008
14584,87,0,0,0.00005
14585,87,0,0,0.00011
14586,87,0,0,0.00027
14587,87,0,0,0.00007
14588,87,0,0,0.00012
14589,87,0,0,0.00023
14590,87,0,0,0.00010
14591,87,0,0,0.00015
14592,87,0,0,0.00007
14593,87,0,0,0.00007
14594,87,0,0,0.00013
14595,87,0,0,0.00006
14596,87,0,0,0.00006
14597,87,0,0,0.00010
14598,87,0,0,0.00014
14599,87,0,0,0.00004
14600,87,0,0,0.00003
14601,87,0,0,0.00020
14602,87,0,0,0.00008
14603,87,0,0,0.00008
14604,87,0,0,0.00006
14605,87,0,0,0.00003
14606,87,0,0,0.00004
14607,87,0,0,0.00005
14608,87,0,0,0.00004
14609,87,0,0,0.00005
14610,87,0,0,0.00004
14611,87,0,0,0.00004
14612,87,0,0,0.00005
14613,87,0,0,0.00008
14614,87,0,0,0.00009
14615,87,0,0,0.00009
14616,87,0,0,0.00006
14617,87,0,0,0.00009
14618,87,0,0,0.00005
14619,87,0,0,0.00008
14620,87,0,0,0.00005
14621,87,0,0,0.00007
14622,87,0,0,0.00005
14623,87,0,0,0.00005
14624,87,0,0,0.00006
14625,87,0,0,0.00015
14626,87,0,0,0.00008
14627,87,0,0,0.00017
14628,87,0,0,0.00005
14629,87,0,0,0.00001
14631,87,0,0,0.00002
14632,87,0,0,0.00005
14633,87,0,0,0.00003
14634,87,0,0,0.00004
14635,87,0,0,0.00005
14636,87,0,0,0.00003
14637,87,0,0,0.00004
14639,87,0,0,0.00007
14640,87,0,0,0.00004
14641,87,0,0,0.00005
14642,87,0,0,0.00007
14643,87,0,0,0.00007
14644,87,0,0,0.00006
14645,87,0,0,0.00006
14646,87,0,0,0.00011
14647,87,0,0,0.00007
14648,87,0,0,0.00004
14649,87,0,0,0.00004
14650,87,0,0,0.00003
14651,87,0,0,0.00004
14652,87,0,0,0.00007
14653,87,0,0,0.00004
14654,87,0,0,0.00006
14656,87,0,0,0.00007
14657,87,0,0,0.00005
14658,87,0,0,0.00005
14659,87,0,0,0.00005
14660,87,0,0,0.00004
14661,87,0,0,0.00004
14662,87,0,0,0.00004
14663,87,0,0,0.00005
14664,87,0,0,0.00003
14665,87,0,0,0.00002
14666,87,0,0,0.00004
14667,87,0,0,0.00003
14668,87,0,0,0.00003
14669,87,0,0,0.00010
14670,87,0,0,0.00006
14671,87,0,0,0.00006
14672,87,0,0,0.00006
14673,87,0,0,0.00009
14674,87,0,0,0.00007
14676,87,0,0,0.00005
14677,87,0,0,0.00009
14678,87,0,0,0.00005
14679,87,0,0,0.00006
14680,87,0,0,0.00005
14681,87,0,0,0.00003
14683,87,0,0,0.00007
14684,87,0,0,0.00002
14685,87,0,0,0.00002
14686,87,0,0,0.00005
14687,87,0,0,0.00003
14688,87,0,0,0.00003
14689,87,0,0,0.00006
14690,87,0,0,0.00007
14691,87,0,0,0.00007
14692,87,0,0,0.00008
14693,87,0,0,0.00005
14694,87,0,0,0.00009
14695,87,0,0,0.00005
14696,87,0,0,0.00005
14697,87,0,0,0.00002
14698,87,0,0,0.00002
14699,87,0,0,0.00003
14700,87,0,0,0.00003
14701,87,0,0,0.00004
14702,87,0,0,0.00005
14703,87,0,0,0.00004
14704,87,0,0,0.00004
14705,87,0,0,0.00004
14706,87,0,0,0.00008
14707,87,0,0,0.00004
14708,87,0,0,0.00004
14709,87,0,0,0.00003
14710,87,0,0,0.00003
14711,87,0,0,0.00006
14712,87,0,0,0.00007
14713,87,0,0,0.00006
14714,87,0,0,0.00008
14715,87,0,0,0.00005
14716,87,0,0,0.00002
14717,87,0,0,0.00007
14718,87,0,0,0.00005
14719,87,0,0,0.00009
14720,87,0,0,0.00003
14721,87,0,0,0.00005
14722,87,0,0,0.00006
14723,87,0,0,0.00007
14724,87,0,0,0.00004
14726,87,0,0,0.00007
14727,87,0,0,0.00007
14728,87,0,0,0.00007
14729,87,0,0,0.00007
14730,87,0,0,0.00003
14731,87,0,0,0.00005
14732,87,0,0,0.00005
14733,87,0,0,0.00003
14734,87,0,0,0.00008
14735,87,0,0,0.00006
14736,87,0,0,0.00002
14737,87,0,0,0.00007
14738,87,0,0,0.00006
14739,87,0,0,0.00002
14740,87,0,0,0.00003
14741,87,0,0,0.00005
14742,87,0,0,0.00003
14743,87,0,0,0.00007
14744,87,0,0,0.00008
14745,87,0,0,0.00007
14746,87,0,0,0.00004
14747,87,0,0,0.00005
14748,87,0,0,0.00010
14749,87,0,0,0.00005
14750,87,0,0,0.00003
14751,87,0,0,0.00004
14752,87,0,0,0.00003
14753,87,0,0,0.00011
14754,87,0,0,0.00006
14755,87,0,0,0.00006
14756,87,0,0,0.00011
14757,87,0,0,0.00006
14758,87,0,0,0.00007
14759,87,0,0,0.00007
14760,87,0,0,0.00007
14761,87,0,0,0.00016
14762,87,0,0,0.00007
14763,87,0,0,0.00004
14764,87,0,0,0.00004
14765,87,0,0,0.00007
14766,87,0,0,0.00008
14767,87,0,0,0.00005
14768,87,0,0,0.00008
14769,87,0,0,0.00010
14770,87,0,0,0.00007
14771,87,0,0,0.00008
14772,87,0,0,0.00008
14773,87,0,0,0.00009
14774,87,0,0,0.00012
14775,87,0,0,0.00003
14777,87,0,1,1.00000
14778,87,0,1,1.00000
14779,87,0,1,1.00000
14780,87,0,1,1.00000
14781,87,0,1,1.00000
14782,87,0,1,1.00000
14783,87,0,1,1.00000
14784,87,0,1,1.00000
14785,87,0,1,1.00000
14786,87,0,1,1.00000
14787,87,0,1,1.00000
14788,87,0,1,1.00000
14789,87,0,1,1.00000
14790,87,0,1,1.00000
14791,87,0,1,1.00000
14792,87,0,1,1.00000
14793,87,0,1,1.00000
14794,87,0,1,1.00000
14795,87,0,0,0.00357
14796,87,0,0,0.00061
14797,87,0,0,0.00321
14798,87,0,0,0.00131
14799,87,0,0,0.00343
14800,87,0,0,0.00180
14801,87,0,0,0.00175
14802,87,0,0,0.00150
14803,87,0,0,0.00317
14804,87,0,0,0.00305
14805,87,0,0,0.00297
14806,87,0,0,0.00401
14807,87,0,0,0.00207
14808,87,0,0,0.00111
14809,87,0,0,0.00346
14810,87,0,0,0.00622
14811,87,0,0,0.00073
14812,87,0,0,0.00564
14813,87,0,0,0.01771
14814,87,0,0,0.01229
14815,87,0,0,0.00881
14816,87,0,0,0.01205
14817,87,0,0,0.01057
14818,87,0,0,0.00151
14820,87,0,0,0.00107
14821,87,0,0,0.00184
14822,87,0,0,0.02057
14823,87,0,0,0.00812
14824,87,0,0,0.00368
14825,87,0,0,0.00450
14826,87,0,0,0.00582
14827,87,0,0,0.00116
14828,87,0,0,0.00667
14829,87,0,0,0.00154
14830,87,0,0,0.00045
14831,87,0,0,0.00212
14832,87,0,0,0.00257
14833,87,0,0,0.00174
14834,87,0,0,0.00138
14835,87,0,0,0.00009
14836,87,0,0,0.00148
14837,87,0,0,0.00200
14838,87,0,0,0.00296
14839,87,0,0,0.00457
14840,87,0,0,0.00052
14841,87,0,0,0.00097
14842,87,0,0,0.01065
14843,87,0,0,0.01029
14844,87,0,0,0.00109
14845,87,0,0,0.01009
14846,87,0,0,0.01151
14847,87,0,0,0.00365
14848,87,0,0,0.01151
14849,87,0,0,0.00407
14850,87,0,0,0.00978
14851,87,0,0,0.00193
14852,87,0,0,0.00251
14853,87,0,0,0.00187
14854,87,0,0,0.00146
14855,87,0,0,0.00163
14856,87,0,0,0.00068
14857,87,0,0,0.00170
14858,87,0,0,0.00082
14859,87,0,0,0.00052
14860,87,0,0,0.00135
14861,87,0,0,0.00035
14862,87,0,0,0.19072
14863,87,0,0,0.00125
14864,87,0,0,0.00036
14865,87,0,0,0.00129
14866,87,0,0,0.00121
14867,87,0,0,0.00131
14868,87,0,0,0.00129
14869,87,0,0,0.00212
14870,87,0,0,0.00498
14871,87,0,0,0.00089
14872,87,0,0,0.00316
14873,87,0,0,0.00169
14874,87,0,0,0.00134
14875,87,0,0,0.00131
14876,87,0,0,0.00487
14877,87,0,0,0.00782
14878,87,0,0,0.00330
14879,87,0,0,0.00056
14880,87,0,0,0.00208
14881,87,0,0,0.00010
14882,87,0,0,0.00096
14883,87,0,0,0.00040
14884,87,0,0,0.00259
14885,87,0,0,0.00238
14886,87,0,0,0.00123
14887,87,0,0,0.00117
14889,87,0,0,0.00122
14890,87,0,0,0.00677
14891,87,0,0,0.00190
14892,87,0,0,0.00026
14893,87,0,0,0.00085
14894,87,0,0,0.00029
14895,87,0,0,0.00138
14896,87,0,0,0.00081
14897,87,0,0,0.00003
14898,87,0,0,0.00034
14899,87,0,0,0.00054
14900,87,0,0,0.00001
14901,87,0,0,0.00017
14902,87,0,0,0.00026
14903,87,0,0,0.00023
14904,87,0,0,0.00022
14905,87,0,0,0.00004
14906,87,0,0,0.00106
14907,87,0,0,0.00052
14908,87,0,0,0.00009
14909,87,0,0,0.00018
14910,87,0,0,0.00008
14911,87,0,0,0.00013
14912,87,0,0,0.00004
14913,87,0,0,0.00010
14914,87,0,0,0.00006
14915,87,0,0,0.00013
14916,87,0,0,0.00023
14917,87,0,0,0.00034
14918,87,0,0,0.00031
14919,87,0,0,0.00002
14920,87,0,0,0.00062
14921,87,0,0,0.00006
14922,87,0,0,0.00030
14923,87,0,0,0.00012
14924,87,0,0,0.00018
14925,87,0,0,0.00004
14926,87,0,0,0.00003
14927,87,0,0,0.00059
14928,87,0,0,0.00012
14929,87,0,0,0.00013
14930,87,0,0,0.00007
14931,87,0,0,0.00129
14932,87,0,0,0.00010
14933,87,0,0,0.00007
14934,87,0,0,0.00012
14935,87,0,0,0.00002
14936,87,0,0,0.00470
14937,87,0,0,0.00063
14938,87,0,0,0.00027
14939,87,0,0,0.00007
14940,87,0,0,0.00011
14941,87,0,0,0.00005
14942,87,0,0,0.00009
14943,87,0,0,0.00008
14944,87,0,0,0.00026
14945,87,0,0,0.00013
14946,87,0,0,0.00008
14947,87,0,0,0.00008
14948,87,0,0,0.00044
14949,87,0,0,0.00023
14950,87,0,0,0.00160
14951,87,0,0,0.00043
14953,87,0,0,0.00031
14954,87,0,0,0.00002
14955,87,0,0,0.00068
14956,87,0,0,0.00050
14957,87,0,0,0.00119
14958,87,0,0,0.00033
14959,87,0,0,0.00000
14960,87,0,0,0.00000
14961,87,0,0,0.00020
14962,87,0,0,0.00008
14963,87,0,0,0.00005
14964,87,0,0,0.00004
14965,87,0,0,0.00002
14966,87,0,0,0.00003
14967,87,0,0,0.00002
14968,87,0,0,0.00002
14969,87,0,0,0.00000
14970,87,0,0,0.00001
14971,87,0,0,0.00001
14972,87,0,0,0.00000
14973,87,0,0,0.00007
14974,87,0,0,0.00001
14975,87,0,0,0.00001
14976,87,0,0,0.00001
14977,87,0,0,0.00002
14978,87,0,0,0.00004
14979,87,0,0,0.00007
14980,87,0,0,0.00012
14981,87,0,0,0.00001
14982,87,0,0,0.00002
14983,87,0,0,0.00003
14984,87,0,0,0.00005
14985,87,0,0,0.00002
15830,114,4,1,1.00000
15832,114,4,1,1.00000
15833,114,4,1,1.00000
15834,114,4,1,1.00000
15835,114,4,1,1.00000
15837,114,4,1,1.00000
15838,114,4,1,1.00000
15839,114,4,1,1.00000
15840,114,4,1,1.00000
15841,114,4,1,1.00000
15842,114,4,1,1.00000
15843,114,4,1,1.00000
15844,114,4,1,1.00000
15845,114,4,1,1.00000
15847,114,4,0,0.00000
15848,114,4,0,0.00000
15849,114,4,0,0.00000
15850,114,4,0,0.00000
15851,114,4,0,0.00000
15852,114,4,0,0.00000
15853,114,4,0,0.00000
15854,114,4,0,0.00000
15855,114,4,0,0.00001
15856,114,4,0,0.00000
15857,114,4,0,0.00000
15858,114,4,0,0.00002
15859,114,4,0,0.00000
15860,114,4,0,0.00019
15861,114,4,0,0.00000
15862,114,4,0,0.00008
15863,114,4,0,0.00001
15864,114,4,0,0.00012
15865,114,4,0,0.00014
15866,114,4,0,0.00020
15867,114,4,0,0.00000
15868,114,4,0,0.00000
15869,114,4,0,0.00000
15870,114,4,0,0.00000
15871,114,4,0,0.00000
15872,114,4,0,0.00000
15873,114,4,0,0.00000
15874,114,4,0,0.00000
15875,114,4,0,0.00000
15876,114,4,0,0.00000
15877,114,4,0,0.00000
15878,114,4,0,0.00000
15879,114,4,0,0.00000
15880,114,4,0,0.00000
15881,114,4,0,0.00000
15882,114,4,0,0.00000
15883,114,4,0,0.00000
15884,114,4,0,0.00000
15885,114,4,0,0.00000
15887,114,4,0,0.00000
15888,114,4,0,0.00000
15889,114,4,0,0.00000
15890,114,4,0,0.00000
15891,114,4,0,0.00000
15892,114,4,0,0.00000
15893,114,4,0,0.00000
15894,114,4,0,0.00000
15895,114,4,0,0.00000
15896,114,4,0,0.00000
15897,114,4,0,0.00000
15898,114,4,0,0.00000
15899,114,4,0,0.00000
15900,114,4,0,0.00000
15901,114,4,0,0.00000
15904,114,4,0,0.00000
15905,114,4,0,0.00000
15906,114,4,0,0.00000
15907,114,4,0,0.00000
15908,114,4,0,0.00000
15909,114,4,0,0.00000
15910,114,4,0,0.00000
15911,114,4,0,0.00000
15912,114,4,0,0.00000
15913,114,4,0,0.00000
15914,114,4,0,0.00000
15915,114,4,0,0.00000
15916,114,4,0,0.00000
15917,114,4,0,0.00000
15919,114,4,0,0.00000
15920,114,4,0,0.00000
15921,114,4,0,0.00000
15922,114,4,0,0.00000
15923,114,4,0,0.00000
15924,114,4,0,0.00000
15925,114,4,0,0.00000
15926,114,4,0,0.00000
15927,114,4,0,0.00000
15928,114,4,0,0.00000
15929,114,4,0,0.00000
15930,114,4,0,0.00000
15931,114,4,0,0.00000
15932,114,4,0,0.00000
15933,114,4,0,0.00000
15934,114,4,0,0.00000
15935,114,4,0,0.00000
15936,114,4,0,0.00000
15937,114,4,0,0.00000
15938,114,4,0,0.00000
15939,114,4,0,0.00000
15940,114,4,0,0.00000
15941,114,4,0,0.00000
15942,114,4,0,0.00000
15943,114,4,0,0.00000
15944,114,4,0,0.00000
15945,114,4,0,0.00000
15946,114,4,0,0.00000
15947,114,4,0,0.00000
15948,114,4,0,0.00000
15949,114,4,0,0.00000
15950,114,4,0,0.00000
15951,114,4,0,0.00000
15952,114,4,0,0.00000
15953,114,4,0,0.00000
15954,114,4,0,0.00000
15955,114,4,0,0.00000
15956,114,4,0,0.00000
15957,114,4,0,0.00000
15958,114,4,0,0.00000
15959,114,4,0,0.00000
15960,114,4,0,0.00000
15961,114,4,0,0.00000
15962,114,4,0,0.00000
15963,114,4,0,0.00000
15964,114,4,0,0.00000
15965,114,4,0,0.00000
15966,114,4,0,0.00000
15967,114,4,0,0.00000
15968,114,4,0,0.00000
15969,114,4,0,0.00000
15970,114,4,0,0.00000
15971,114,4,0,0.00000
15972,114,4,0,0.00000
15973,114,4,0,0.00000
15974,114,4,0,0.00000
15975,114,4,0,0.00000
15976,114,4,0,0.00000
15977,114,4,0,0.00000
15978,114,4,0,0.00000
15979,114,4,0,0.00000
15980,114,4,0,0.00000
15981,114,4,0,0.00000
15982,114,4,0,0.00000
15983,114,4,0,0.00000
15984,114,4,0,0.00000
15985,114,4,0,0.00000
15986,114,4,0,0.00000
15987,114,4,0,0.00000
15988,114,4,0,0.00000
15989,114,4,0,0.00000
15990,114,4,0,0.00000
15991,114,4,0,0.00000
15992,114,4,0,0.00000
15993,114,4,0,0.00000
15994,114,4,0,0.00000
15995,114,4,0,0.00000
15996,114,4,0,0.00000
15997,114,4,0,0.00000
15998,114,4,0,0.00000
15999,114,4,0,0.00000
16000,114,4,0,0.00000
16001,114,4,0,0.00000
16002,114,4,0,0.00000
16003,114,4,0,0.00000
16004,114,4,0,0.00000
16005,114,4,0,0.00000
16006,114,4,0,0.00000
16007,114,4,0,0.00000
16008,114,4,0,0.00000
16009,114,4,0,0.00000
16010,114,4,0,0.00000
16011,114,4,0,0.00000
16012,114,4,0,0.00000
16013,114,4,0,0.00000
16014,114,4,0,0.00000
16015,114,4,0,0.00000
16016,114,4,0,0.00000
16017,114,4,0,0.00000
16018,114,4,0,0.00000
16019,114,4,0,0.00000
16020,114,4,0,0.00000
16021,114,4,0,0.00000
16022,114,4,0,0.00000
16023,114,4,0,0.00000
16024,114,4,0,0.00000
16025,114,4,0,0.00000
16026,114,4,0,0.00000
16027,114,4,0,0.00000
16028,114,4,0,0.00000
16029,114,4,0,0.00000
16031,114,4,1,1.00000
16033,114,4,1,1.00000
16034,114,4,1,1.00000
16035,114,4,1,1.00000
16036,114,4,1,1.00000
16037,114,4,1,1.00000
16038,114,4,1,1.00000
16039,114,4,1,1.00000
16040,114,4,1,1.00000
16041,114,4,1,1.00000
16042,114,4,1,1.00000
16043,114,4,1,1.00000
16044,114,4,1,1.00000
16045,114,4,1,1.00000
16046,114,4,1,1.00000
16047,114,4,0,0.00000
16048,114,4,0,0.00000
16049,114,4,0,0.00000
16050,114,4,0,0.00000
16051,114,4,0,0.00000
16052,114,4,0,0.00000
16053,114,4,0,0.00000
16054,114,4,0,0.00000
16055,114,4,0,0.00000
16056,114,4,0,0.00000
16057,114,4,0,0.00000
16058,114,4,0,0.00000
16059,114,4,0,0.00000
16060,114,4,0,0.00001
16061,114,4,0,0.00016
16062,114,4,0,0.00000
16063,114,4,0,0.00000
16064,114,4,0,0.00000
16065,114,4,0,0.00000
16067,114,4,0,0.00006
16068,114,4,0,0.00039
16070,114,4,0,0.00007
16071,114,4,0,0.00015
16072,114,4,0,0.00046
16073,114,4,0,0.00020
16074,114,4,0,0.00002
16075,114,4,0,0.00001
16077,114,4,0,0.00004
16078,114,4,0,0.00014
16079,114,4,0,0.00000
16080,114,4,0,0.00000
16081,114,4,0,0.00000
16082,114,4,0,0.00000
16083,114,4,0,0.00000
16084,114,4,0,0.00000
16085,114,4,0,0.00000
16086,114,4,0,0.00000
16087,114,4,0,0.00003
16088,114,4,0,0.00000
16089,114,4,0,0.00001
16090,114,4,0,0.00000
16091,114,4,0,0.00000
16092,114,4,0,0.00000
16093,114,4,0,0.00000
16094,114,4,0,0.00000
16095,114,4,0,0.00000
16096,114,4,0,0.00001
16097,114,4,0,0.00000
16098,114,4,0,0.00000
16100,114,4,0,0.00000
16101,114,4,0,0.00000
16102,114,4,0,0.00001
16103,114,4,0,0.00003
16104,114,4,0,0.00001
16105,114,4,0,0.00000
16107,114,4,0,0.00000
16108,114,4,0,0.00002
16109,114,4,0,0.00017
16110,114,4,0,0.00002
16111,114,4,0,0.00000
16112,114,4,0,0.00008
16113,114,4,0,0.00000
16114,114,4,0,0.00000
16115,114,4,0,0.00038
16116,114,4,0,0.00000
16117,114,4,0,0.00000
16118,114,4,0,0.00003
16119,114,4,0,0.00005
16120,114,4,0,0.00000
16121,114,4,0,0.00000
16122,114,4,0,0.00000
16123,114,4,0,0.00000
16124,114,4,0,0.00000
16125,114,4,0,0.00000
16126,114,4,0,0.00000
16127,114,4,0,0.00000
16128,114,4,0,0.00000
16129,114,4,0,0.00001
16130,114,4,0,0.00000
16131,114,4,0,0.00000
16132,114,4,0,0.00000
16133,114,4,0,0.00000
16134,114,4,0,0.00001
16135,114,4,0,0.00000
16136,114,4,0,0.00000
16137,114,4,0,0.00000
16138,114,4,0,0.00000
16139,114,4,0,0.00000
16140,114,4,0,0.00000
16142,114,4,0,0.00000
16143,114,4,0,0.00000
16144,114,4,0,0.00002
16145,114,4,0,0.00000
16146,114,4,0,0.00001
16147,114,4,0,0.00001
16148,114,4,0,0.00001
16149,114,4,0,0.00007
16150,114,4,0,0.00031
16151,114,4,0,0.00001
16152,114,4,0,0.00001
16153,114,4,0,0.00001
16154,114,4,0,0.00001
16155,114,4,0,0.00009
16156,114,4,0,0.00001
16157,114,4,0,0.00007
16158,114,4,0,0.00009
16159,114,4,0,0.00001
16160,114,4,0,0.00001
16161,114,4,0,0.00000
16162,114,4,0,0.00000
16163,114,4,0,0.00000
16164,114,4,0,0.00000
16165,114,4,0,0.00000
16166,114,4,0,0.00000
16167,114,4,0,0.00000
16168,114,4,0,0.00000
16169,114,4,0,0.00000
16170,114,4,0,0.00000
16171,114,4,0,0.00000
16172,114,4,0,0.00000
16173,114,4,0,0.00000
16174,114,4,0,0.00000
16175,114,4,0,0.00000
16176,114,4,0,0.00000
16177,114,4,0,0.00000
16178,114,4,0,0.00000
16179,114,4,0,0.00000
16180,114,4,0,0.00000
16181,114,4,0,0.00000
16182,114,4,0,0.00000
16183,114,4,0,0.00000
16184,114,4,0,0.00000
16185,114,4,0,0.00000
16187,114,4,0,0.00001
16188,114,4,0,0.00000
16189,114,4,0,0.00000
16190,114,4,0,0.00001
16192,114,4,0,0.00001
16193,114,4,0,0.00000
16194,114,4,0,0.00004
16195,114,4,0,0.00008
16196,114,4,0,0.00001
16197,114,4,0,0.00001
16198,114,4,0,0.00000
16199,114,4,0,0.00000
16200,114,4,0,0.00000
16201,114,4,0,0.00000
16202,114,4,0,0.00000
16203,114,4,0,0.00000
16204,114,4,0,0.00000
16205,114,4,0,0.00000
16206,114,4,0,0.00000
16207,114,4,0,0.00000
16208,114,4,0,0.00000
16209,114,4,0,0.00000
16210,114,4,0,0.00000
16211,114,4,0,0.00000
16212,114,4,0,0.00000
16213,114,4,0,0.00000
16214,114,4,0,0.00000
16215,114,4,0,0.00000
16217,114,4,0,0.00000
17508,94,1,0,0.00000
17509,94,1,0,0.00000
17510,94,1,0,0.00000
17511,94,1,0,0.00000
17512,94,1,0,0.00000
17513,94,1,0,0.00000
17514,94,1,0,0.00000
17515,94,1,0,0.00000
17516,94,1,0,0.00000
17517,94,1,0,0.00000
17518,94,1,0,0.00000
17520,94,1,0,0.00000
17521,94,1,0,0.00000
17522,94,1,0,0.00000
17523,94,1,0,0.00000
17524,94,1,0,0.00000
17525,94,1,0,0.00000
17526,94,1,0,0.00000
17527,94,1,0,0.00000
17528,94,1,0,0.00000
17529,94,1,0,0.00000
17530,94,1,0,0.00000
17531,94,1,0,0.00000
17532,94,1,0,0.00000
17533,94,1,0,0.00000
17534,94,1,0,0.00000
17535,94,1,0,0.00000
17536,94,1,0,0.00000
17537,94,1,0,0.00000
17538,94,1,0,0.00000
17539,94,1,0,0.00000
17540,94,1,0,0.00000
17541,94,1,0,0.00000
17542,94,1,0,0.00000
17543,94,1,0,0.00000
17544,94,1,0,0.00000
17545,94,1,0,0.00000
17546,94,1,0,0.00000
17547,94,1,0,0.00000
17548,94,1,0,0.00000
17549,94,1,0,0.00000
17550,94,1,0,0.00000
17551,94,1,0,0.00000
17553,94,1,0,0.00000
17554,94,1,0,0.00000
17555,94,1,0,0.00000
17556,94,1,0,0.00000
17557,94,1,0,0.00000
17558,94,1,0,0.00000
17559,94,1,0,0.00000
17560,94,1,0,0.00000
17561,94,1,0,0.00000
17562,94,1,0,0.00000
17563,94,1,0,0.00000
17564,94,1,0,0.00000
17565,94,1,0,0.00000
17566,94,1,0,0.00000
17567,94,1,0,0.00000
17568,94,1,0,0.00000
17569,94,1,0,0.00000
17570,94,1,0,0.00000
17571,94,1,0,0.00000
17572,94,1,0,0.00000
17573,94,1,0,0.00000
17574,94,1,0,0.00000
17575,94,1,0,0.00000
17577,94,1,0,0.00000
17578,94,1,0,0.00000
17579,94,1,0,0.00000
17580,94,1,0,0.00000
17581,94,1,0,0.00000
17583,94,1,0,0.00000
17584,94,1,0,0.00000
17585,94,1,0,0.00000
17586,94,1,0,0.00000
17587,94,1,0,0.00000
17588,94,1,0,0.00000
17589,94,1,0,0.00000
17590,94,1,0,0.00000
17591,94,1,0,0.00000
17592,94,1,0,0.00000
17593,94,1,0,0.00000
17594,94,1,0,0.00000
17595,94,1,0,0.00000
17597,94,1,0,0.00000
17598,94,1,0,0.00000
17599,94,1,0,0.00000
17600,94,1,0,0.00000
17602,94,1,0,0.00000
17603,94,1,0,0.00000
17604,94,1,0,0.00000
17605,94,1,0,0.00000
17606,94,1,0,0.00000
17607,94,1,0,0.00000
17608,94,1,0,0.00000
17609,94,1,0,0.00000
17610,94,1,0,0.00000
17611,94,1,0,0.00000
17612,94,1,0,0.00000
17613,94,1,0,0.00000
17614,94,1,0,0.00000
17615,94,1,0,0.00000
17616,94,1,0,0.00000
17617,94,1,0,0.00000
17618,94,1,0,0.00000
17619,94,1,0,0.00000
17620,94,1,0,0.00000
17621,94,1,0,0.00000
17622,94,1,0,0.00000
17623,94,1,0,0.00000
17624,94,1,0,0.00000
17625,94,1,0,0.00000
17626,94,1,0,0.00000
17627,94,1,0,0.00000
17628,94,1,0,0.00000
17629,94,1,0,0.00000
17630,94,1,0,0.00000
17631,94,1,0,0.00000
17632,94,1,0,0.00000
17633,94,1,0,0.00000
17634,94,1,0,0.00000
17635,94,1,0,0.00000
17636,94,1,0,0.00000
17637,94,1,0,0.00000
17638,94,1,0,0.00000
17639,94,1,0,0.00000
17640,94,1,0,0.00000
17641,94,1,0,0.00000
17642,94,1,0,0.00000
17643,94,1,0,0.00000
17644,94,1,0,0.00000
17645,94,1,0,0.00000
17646,94,1,0,0.00000
17647,94,1,0,0.00000
17648,94,1,0,0.00000
17649,94,1,0,0.00000
17650,94,1,0,0.00000
17651,94,1,0,0.00000
17652,94,1,0,0.00000
17653,94,1,0,0.00000
17654,94,1,0,0.00000
17655,94,1,0,0.00000
17656,94,1,0,0.00000
17658,94,1,0,0.00000
17659,94,1,0,0.00000
17660,94,1,0,0.00000
17661,94,1,0,0.00000
17662,94,1,0,0.00000
17663,94,1,0,0.00000
17664,94,1,0,0.00000
17665,94,1,0,0.00000
17666,94,1,0,0.00000
17667,94,1,1,1.00000
17668,94,1,1,1.00000
17669,94,1,1,1.00000
17670,94,1,1,1.00000
17671,94,1,1,1.00000
17672,94,1,1,1.00000
17673,94,1,1,1.00000
17676,94,1,1,1.00000
17682,94,1,1,1.00000
17683,94,1,1,1.00000
17684,94,1,1,1.00000
17685,94,1,1,1.00000
17686,94,1,1,1.00000
17687,94,1,1,1.00000
17688,94,1,1,1.00000
17689,94,1,1,1.00000
17690,94,1,1,1.00000
17691,94,1,1,1.00000
17692,94,1,1,1.00000
17693,94,1,1,1.00000
17694,94,1,1,1.00000
17695,94,1,0,0.00000
17696,94,1,0,0.00000
17698,94,1,0,0.00000
17700,94,1,0,0.00000
17701,94,1,0,0.00000
17702,94,1,0,0.00000
17705,94,1,0,0.00000
17706,94,1,0,0.00001
17707,94,1,0,0.00000
17709,94,1,0,0.00000
17710,94,1,0,0.00000
17711,94,1,0,0.00000
17712,94,1,0,0.00001
17713,94,1,0,0.00001
17715,94,1,0,0.00001
17717,94,1,0,0.00001
17718,94,1,0,0.00000
17719,94,1,0,0.00000
17720,94,1,0,0.00000
17721,94,1,0,0.00000
17722,94,1,0,0.00000
17724,94,1,0,0.00000
17727,94,1,0,0.00000
17728,94,1,0,0.00000
17729,94,1,0,0.00001
17730,94,1,0,0.00000
17732,94,1,0,0.00000
17733,94,1,0,0.00000
17734,94,1,0,0.00001
17735,94,1,0,0.00000
17736,94,1,0,0.00000
17737,94,1,0,0.00000
17738,94,1,0,0.00000
17739,94,1,0,0.00000
17740,94,1,0,0.00001
17741,94,1,0,0.00000
17742,94,1,0,0.00001
17743,94,1,0,0.00000
17744,94,1,0,0.00001
17745,94,1,0,0.00000
17746,94,1,0,0.00000
17747,94,1,0,0.00000
17748,94,1,0,0.00000
17749,94,1,0,0.00000
17750,94,1,0,0.00001
17751,94,1,0,0.00000
17752,94,1,0,0.00000
17753,94,1,0,0.00000
17754,94,1,0,0.00000
17755,94,1,0,0.00003
17756,94,1,0,0.00000
17757,94,1,0,0.00001
17759,94,1,0,0.00002
17760,94,1,0,0.00001
17761,94,1,0,0.00001
17762,94,1,0,0.00000
17763,94,1,0,0.00001
17764,94,1,0,0.00000
17765,94,1,0,0.00000
17766,94,1,0,0.00000
17767,94,1,0,0.00000
17768,94,1,0,0.00000
17769,94,1,0,0.00000
17770,94,1,0,0.00000
17771,94,1,0,0.00000
17772,94,1,0,0.00000
17773,94,1,0,0.00000
17774,94,1,0,0.00000
17775,94,1,0,0.00000
17776,94,1,0,0.00000
17777,94,1,0,0.00000
17778,94,1,0,0.00000
17779,94,1,0,0.00000
17780,94,1,0,0.00000
17781,94,1,0,0.00000
17782,94,1,0,0.00000
17783,94,1,0,0.00001
17784,94,1,0,0.00000
17785,94,1,0,0.00000
17786,94,1,0,0.00000
17787,94,1,0,0.00000
17788,94,1,0,0.00000
17789,94,1,0,0.00000
17790,94,1,0,0.00000
17791,94,1,0,0.00000
17792,94,1,0,0.00000
17793,94,1,0,0.00000
17794,94,1,0,0.00000
17795,94,1,0,0.00000
17796,94,1,0,0.00000
17797,94,1,0,0.00000
17798,94,1,0,0.00000
17799,94,1,0,0.00000
17800,94,1,0,0.00000
17801,94,1,0,0.00000
17802,94,1,0,0.00000
17803,94,1,0,0.00000
17804,94,1,0,0.00000
17805,94,1,0,0.00000
17806,94,1,0,0.00000
17807,94,1,0,0.00000
17808,94,1,0,0.00000
17809,94,1,0,0.00000
17810,94,1,0,0.00000
17811,94,1,0,0.00000
17812,94,1,0,0.00000
17813,94,1,0,0.00000
17814,94,1,0,0.00000
17815,94,1,0,0.00000
17816,94,1,0,0.00000
17817,94,1,0,0.00000
17818,94,1,0,0.00000
17819,94,1,0,0.00000
17820,94,1,0,0.00000
17821,94,1,0,0.00000
17822,94,1,0,0.00000
17823,94,1,0,0.00000
17824,94,1,0,0.00000
17825,94,1,0,0.00000
17826,94,1,0,0.00000
17827,94,1,0,0.00000
17828,94,1,0,0.00000
17829,94,1,0,0.00000
17830,94,1,0,0.00000
17831,94,1,0,0.00000
17832,94,1,0,0.00000
17833,94,1,0,0.00000
17834,94,1,0,0.00000
17835,94,1,0,0.00000
17836,94,1,0,0.00000
17837,94,1,0,0.00000
17838,94,1,0,0.00000
17839,94,1,0,0.00000
17840,94,1,0,0.00000
17841,94,1,0,0.00000
17842,94,1,0,0.00000
17843,94,1,0,0.00000
17844,94,1,0,0.00000
17845,94,1,0,0.00000
17846,94,1,0,0.00000
17847,94,1,0,0.00000
17848,94,1,0,0.00000
17849,94,1,0,0.00000
17850,94,1,0,0.00000
17851,94,1,0,0.00000
17852,94,1,0,0.00000
17853,94,1,0,0.00000
17854,94,1,0,0.00000
17855,94,1,0,0.00000
17856,94,1,0,0.00000
17857,94,1,0,0.00000
17858,94,1,0,0.00000
17859,94,1,0,0.00000
17860,94,1,0,0.00000
17861,94,1,0,0.00000
17862,94,1,0,0.00000
17863,94,1,0,0.00000
17864,94,1,0,0.00000
17865,94,1,0,0.00000
17866,94,1,0,0.00000
17867,94,1,0,0.00000
17868,94,1,0,0.00000
17869,94,1,0,0.00000
17870,94,1,0,0.00000
17871,94,1,0,0.00000
17872,94,1,0,0.00000
17873,94,1,0,0.00000
17875,94,1,0,0.00000
17876,94,1,0,0.00000
17877,94,1,0,0.00000
17878,94,1,0,0.00000
17879,94,1,0,0.00000
17880,94,1,0,0.00000
17881,94,1,0,0.00000
17882,94,1,0,0.00000
17883,94,1,0,0.00000
17884,94,1,0,0.00000
17885,94,1,0,0.00000
17886,94,1,0,0.00000
17887,94,1,0,0.00000
17888,94,1,0,0.00000
17889,94,1,0,0.00000
17890,94,1,0,0.00000
78666,279,0,1,1.00000
78667,279,0,1,1.00000
78668,279,0,1,1.00000
78669,279,0,1,1.00000
78670,279,0,1,1.00000
78671,279,0,1,1.00000
78672,279,0,1,1.00000
78673,279,0,1,1.00000
78674,279,0,1,1.00000
78675,279,0,1,1.00000
78676,279,0,1,1.00000
78677,279,0,1,1.00000
78678,279,0,1,1.00000
78679,279,0,1,1.00000
78680,279,0,1,1.00000
78681,279,0,1,1.00000
78682,279,0,1,1.00000
78683,279,0,1,1.00000
78684,279,0,1,1.00000
78685,279,0,1,1.00000
78686,279,0,1,1.00000
78687,279,0,1,1.00000
78688,279,0,1,1.00000
78689,279,0,1,1.00000
78690,279,0,1,1.00000
78691,279,0,1,1.00000
78692,279,0,1,1.00000
78693,279,0,1,1.00000
78694,279,0,1,1.00000
78695,279,0,1,1.00000
78696,279,0,1,1.00000
78697,279,0,1,1.00000
78698,279,0,1,1.00000
78699,279,0,0,0.00118
78700,279,0,0,0.00164
78701,279,0,0,0.00082
78702,279,0,0,0.00106
78703,279,0,0,0.00125
78704,279,0,0,0.00082
78705,279,0,0,0.00120
78706,279,0,0,0.00140
78707,279,0,0,0.00194
78708,279,0,0,0.00265
78709,279,0,0,0.00037
78710,279,0,0,0.00057
78711,279,0,0,0.00033
78712,279,0,0,0.00015
78713,279,0,0,0.00033
78714,279,0,0,0.00047
78715,279,0,0,0.00020
78716,279,0,0,0.00399
78717,279,0,0,0.00139
78718,279,0,0,0.00147
78719,279,0,0,0.00052
78720,279,0,0,0.00142
78721,279,0,0,0.00069
78722,279,0,0,0.00042
78723,279,0,0,0.00065
78724,279,0,0,0.00055
78725,279,0,0,0.00090
78726,279,0,0,0.00207
78727,279,0,0,0.00164
78728,279,0,0,0.00194
78729,279,0,0,0.00227
78730,279,0,0,0.00148
78731,279,0,0,0.00149
78732,279,0,0,0.00956
78733,279,0,0,0.02948
78734,279,0,0,0.01758
78735,279,0,0,0.02876
78736,279,0,0,0.01021
78737,279,0,0,0.00042
78738,279,0,0,0.00028
78739,279,0,0,0.00074
78740,279,0,0,0.00141
78741,279,0,0,0.00192
78742,279,0,0,0.01112
78743,279,0,0,0.01253
78744,279,0,0,0.00056
78745,279,0,0,0.00788
78746,279,0,0,0.00113
78747,279,0,0,0.00385
78748,279,0,0,0.00794
78749,279,0,0,0.00138
78750,279,0,0,0.00150
78751,279,0,0,0.00232
78752,279,0,0,0.00096
78753,279,0,0,0.00555
78754,279,0,0,0.00379
78755,279,0,0,0.00536
78756,279,0,0,0.00600
78757,279,0,0,0.00395
78758,279,0,0,0.00885
78759,279,0,0,0.00390
78760,279,0,0,0.00413
78761,279,0,0,0.00097
78762,279,0,0,0.00123
78763,279,0,0,0.00076
78764,279,0,0,0.00109
78765,279,0,0,0.00127
78766,279,0,0,0.00074
78767,279,0,0,0.00368
78768,279,0,0,0.00040
78769,279,0,0,0.00457
78770,279,0,0,0.00091
78771,279,0,0,0.00030
78772,279,0,0,0.00040
78773,279,0,0,0.00059
78774,279,0,0,0.00064
78775,279,0,0,0.00057
78776,279,0,0,0.00043
78777,279,0,0,0.00055
78778,279,0,0,0.00047
78779,279,0,0,0.00043
78780,279,0,0,0.00061
78781,279,0,0,0.00078
78782,279,0,0,0.00064
78783,279,0,0,0.00053
78784,279,0,0,0.00161
78785,279,0,0,0.00152
78786,279,0,0,0.00124
78787,279,0,0,0.00437
78788,279,0,0,0.00418
78789,279,0,0,0.00040
78790,279,0,0,0.00025
78791,279,0,0,0.00052
78792,279,0,0,0.00015
78793,279,0,0,0.00033
78794,279,0,0,0.00049
78795,279,0,0,0.00034
78796,279,0,0,0.00019
78797,279,0,1,1.00000
78798,279,0,1,1.00000
78799,279,0,1,1.00000
78800,279,0,1,1.00000
78801,279,0,1,1.00000
78802,279,0,1,1.00000
78803,279,0,1,1.00000
78804,279,0,1,1.00000
78805,279,0,1,1.00000
78806,279,0,1,1.00000
78807,279,0,1,1.00000
78808,279,0,1,1.00000
78809,279,0,1,1.00000
78810,279,0,1,1.00000
78811,279,0,1,1.00000
78812,279,0,1,1.00000
78813,279,0,1,1.00000
78814,279,0,1,1.00000
78815,279,0,1,1.00000
78816,279,0,1,1.00000
78817,279,0,1,1.00000
78818,279,0,1,1.00000
78819,279,0,1,1.00000
78820,279,0,1,1.00000
101258,341,3,1,1.00000
101259,341,3,1,1.00000
101260,341,3,1,1.00000
101261,341,3,1,1.00000
101262,341,3,1,1.00000
101263,341,3,1,1.00000
101264,341,3,1,1.00000
101265,341,3,1,1.00000
101266,341,3,1,1.00000
101267,341,3,1,1.00000
101268,341,3,1,1.00000
101269,341,3,1,1.00000
101270,341,3,1,1.00000
101271,341,3,1,1.00000
101272,341,3,1,1.00000
101273,341,3,1,1.00000
101274,341,3,1,1.00000
101275,341,3,1,1.00000
101276,341,3,1,1.00000
101277,341,3,1,1.00000
101278,341,3,1,1.00000
101279,341,3,1,1.00000
101280,341,3,1,1.00000
101281,341,3,1,1.00000
101282,341,3,1,1.00000
101283,341,3,1,1.00000
101284,341,3,1,1.00000
101285,341,3,1,1.00000
101286,341,3,1,1.00000
101287,341,3,1,1.00000
101288,341,3,1,1.00000
101289,341,3,1,1.00000
101290,341,3,1,1.00000
101291,341,3,1,1.00000
101292,341,3,1,1.00000
101293,341,3,0,0.00001
101294,341,3,0,0.00001
101295,341,3,0,0.00000
101296,341,3,0,0.00000
101297,341,3,0,0.00000
101298,341,3,0,0.00000
101299,341,3,0,0.00001
101300,341,3,0,0.00001
101301,341,3,0,0.00001
101302,341,3,0,0.00001
101303,341,3,0,0.00000
101304,341,3,0,0.00000
101305,341,3,0,0.00000
101306,341,3,0,0.00000
101307,341,3,0,0.00002
101308,341,3,0,0.00003
101309,341,3,0,0.00004
101310,341,3,0,0.00004
101311,341,3,0,0.00000
101312,341,3,0,0.00000
101313,341,3,0,0.00000
101314,341,3,0,0.00000
101315,341,3,0,0.00000
101316,341,3,0,0.00000
101317,341,3,0,0.00000
101318,341,3,0,0.00000
101320,341,3,0,0.00000
101321,341,3,0,0.00000
101322,341,3,0,0.00000
101323,341,3,0,0.00000
101324,341,3,0,0.00000
101325,341,3,0,0.00000
101326,341,3,0,0.00000
101327,341,3,0,0.00000
101328,341,3,0,0.00000
101329,341,3,0,0.00000
101330,341,3,0,0.00000
101331,341,3,0,0.00000
101332,341,3,0,0.00000
101333,341,3,0,0.00000
101334,341,3,0,0.00000
101335,341,3,0,0.00000
101336,341,3,0,0.00000
101337,341,3,0,0.00000
101338,341,3,0,0.00000
101339,341,3,0,0.00000
101340,341,3,0,0.00000
101341,341,3,0,0.00000
101342,341,3,0,0.00000
101343,341,3,0,0.00000
101344,341,3,0,0.00001
101345,341,3,0,0.00000
101346,341,3,0,0.00000
101347,341,3,0,0.00000
101348,341,3,0,0.00000
101349,341,3,0,0.00000
101350,341,3,0,0.00000
101351,341,3,0,0.00000
101352,341,3,0,0.00000
101353,341,3,0,0.00000
101354,341,3,0,0.00000
101355,341,3,0,0.00000
101356,341,3,0,0.00000
101357,341,3,0,0.00000
101358,341,3,0,0.00000
101359,341,3,0,0.00000
101360,341,3,0,0.00000
101361,341,3,0,0.00000
101362,341,3,0,0.00000
101363,341,3,0,0.00000
101364,341,3,0,0.00000
101365,341,3,0,0.00000
101366,341,3,0,0.00000
101367,341,3,0,0.00000
101368,341,3,0,0.00000
101369,341,3,0,0.00000
101370,341,3,0,0.00000
101371,341,3,0,0.00000
101372,341,3,0,0.00000
101373,341,3,0,0.00000
101374,341,3,0,0.00000
101375,341,3,0,0.00000
101376,341,3,0,0.00000
101377,341,3,0,0.00000
101378,341,3,0,0.00000
101379,341,3,0,0.00000
101380,341,3,0,0.00000
101381,341,3,0,0.00000
101382,341,3,0,0.00000
101383,341,3,0,0.00000
101384,341,3,0,0.00000
101385,341,3,0,0.00000
101386,341,3,0,0.00000
101387,341,3,0,0.00000
101388,341,3,0,0.00000
101389,341,3,0,0.00000
101390,341,3,0,0.00000
101391,341,3,0,0.00000
101392,341,3,0,0.00000
101393,341,3,0,0.00000
101394,341,3,0,0.00000
101395,341,3,0,0.00001
101396,341,3,0,0.00001
101397,341,3,0,0.00001
101398,341,3,0,0.00000
101399,341,3,0,0.00001
101400,341,3,0,0.00000
101401,341,3,0,0.00000
101402,341,3,0,0.00000
101403,341,3,0,0.00000
101404,341,3,0,0.00000
101405,341,3,0,0.00000
101406,341,3,0,0.00000
101407,341,3,0,0.00000
101408,341,3,0,0.00000
101409,341,3,0,0.00000
101410,341,3,0,0.00000
101411,341,3,0,0.00000
101412,341,3,0,0.00000
101413,341,3,0,0.00000
101414,341,3,0,0.00000
101415,341,3,0,0.00000
101416,341,3,0,0.00001
101417,341,3,0,0.00000
101418,341,3,0,0.00000
101419,341,3,0,0.00000
101420,341,3,0,0.00000
101421,341,3,0,0.00000
101422,341,3,0,0.00000
101423,341,3,0,0.00001
101424,341,3,0,0.00001
101425,341,3,0,0.00000
101426,341,3,0,0.00001
101427,341,3,0,0.00001
101428,341,3,0,0.00000
101429,341,3,0,0.00001
101430,341,3,0,0.00001
101431,341,3,0,0.00001
101432,341,3,0,0.00001
101433,341,3,0,0.00001
101434,341,3,0,0.00000
101435,341,3,0,0.00000
101436,341,3,0,0.00000
101437,341,3,0,0.00000
101438,341,3,0,0.00000
101439,341,3,0,0.00000
101440,341,3,0,0.00000
101441,341,3,0,0.00000
101442,341,3,0,0.00000
101443,341,3,0,0.00000
101444,341,3,0,0.00000
101445,341,3,0,0.00000
101446,341,3,0,0.00000
101447,341,3,0,0.00000
101448,341,3,0,0.00000
102533,349,2,1,1.00000
102534,349,2,1,1.00000
102535,349,2,1,1.00000
102536,349,2,1,1.00000
102537,349,2,1,1.00000
102538,349,2,1,1.00000
102539,349,2,1,1.00000
102540,349,2,1,1.00000
102541,349,2,1,1.00000
102542,349,2,1,1.00000
102543,349,2,1,1.00000
102544,349,2,1,1.00000
102545,349,2,0,0.00000
102546,349,2,0,0.00000
102547,349,2,0,0.00000
102548,349,2,0,0.00000
102549,349,2,0,0.00000
102550,349,2,0,0.00000
102551,349,2,0,0.00000
102552,349,2,0,0.00000
102553,349,2,0,0.00000
102554,349,2,0,0.00000
102555,349,2,0,0.00000
102556,349,2,0,0.00000
102557,349,2,0,0.00000
102558,349,2,0,0.00000
102559,349,2,0,0.00000
102560,349,2,0,0.00000
102561,349,2,0,0.00000
102562,349,2,0,0.00000
102563,349,2,0,0.00000
102564,349,2,0,0.00000
102565,349,2,0,0.00000
102566,349,2,0,0.00000
102567,349,2,0,0.00000
102568,349,2,0,0.00000
102569,349,2,0,0.00000
102570,349,2,0,0.00000
102571,349,2,0,0.00000
102572,349,2,0,0.00000
102573,349,2,0,0.00000
102574,349,2,0,0.00000
102575,349,2,0,0.00000
102576,349,2,0,0.00000
102577,349,2,0,0.00000
102578,349,2,0,0.00000
102579,349,2,0,0.00000
102580,349,2,0,0.00000
102581,349,2,0,0.00000
102582,349,2,0,0.00000
102583,349,2,0,0.00000
102584,349,2,0,0.00000
102585,349,2,0,0.00000
102586,349,2,0,0.00000
102587,349,2,0,0.00000
102588,349,2,0,0.00000
102589,349,2,0,0.00000
102590,349,2,0,0.00000
102591,349,2,0,0.00000
102592,349,2,0,0.00000
102593,349,2,0,0.00000
102594,349,2,0,0.00000
102595,349,2,0,0.00000
102596,349,2,0,0.00000
102597,349,2,0,0.00000
102598,349,2,0,0.00000
102599,349,2,0,0.00000
102600,349,2,0,0.00000
102601,349,2,0,0.00000
102602,349,2,0,0.00000
102603,349,2,0,0.00000
102604,349,2,0,0.00000
102605,349,2,0,0.00000
102606,349,2,0,0.00000
102607,349,2,0,0.00000
102608,349,2,0,0.00000
102609,349,2,0,0.00000
102610,349,2,0,0.00000
102611,349,2,0,0.00000
102612,349,2,0,0.00000
102613,349,2,0,0.00000
102614,349,2,0,0.00000
102615,349,2,0,0.00000
102616,349,2,0,0.00000
102617,349,2,0,0.00000
102618,349,2,0,0.00000
102619,349,2,0,0.00000
102620,349,2,0,0.00000
102621,349,2,0,0.00000
102622,349,2,0,0.00000
102623,349,2,0,0.00000
102624,349,2,0,0.00000
102625,349,2,0,0.00000
102626,349,2,0,0.00000
102627,349,2,0,0.00000
102628,349,2,0,0.00000
102629,349,2,0,0.00000
102630,349,2,0,0.00000
102631,349,2,0,0.00000
102632,349,2,0,0.00000
102633,349,2,0,0.00000
102634,349,2,0,0.00000
102635,349,2,0,0.00000
102636,349,2,0,0.00000
102637,349,2,0,0.00000
102638,349,2,0,0.00000
102639,349,2,0,0.00000
102640,349,2,0,0.00000
102641,349,2,0,0.00000
102642,349,2,0,0.00000
102643,349,2,0,0.00000
102644,349,2,0,0.00000
102645,349,2,0,0.00000
102646,349,2,0,0.00000
102647,349,2,0,0.00000
102648,349,2,0,0.00000
102649,349,2,0,0.00000
102650,349,2,0,0.00000
102651,349,2,0,0.00000
102652,349,2,0,0.00000
102653,349,2,0,0.00000
102654,349,2,0,0.00000
102655,349,2,0,0.00002
102656,349,2,0,0.00000
102657,349,2,0,0.00005
102658,349,2,0,0.00000
102659,349,2,0,0.00000
102660,349,2,0,0.00000
102661,349,2,0,0.00000
102662,349,2,0,0.00000
102663,349,2,0,0.00000
102664,349,2,0,0.00000
102665,349,2,0,0.00000
102666,349,2,0,0.00000
102667,349,2,0,0.00000
102668,349,2,0,0.00000
102669,349,2,0,0.00000
102670,349,2,0,0.00000
102671,349,2,0,0.00000
102672,349,2,0,0.00000
102673,349,2,0,0.00000
102674,349,2,0,0.00000
102675,349,2,0,0.00000
102676,349,2,0,0.00000
102677,349,2,0,0.00000
102678,349,2,0,0.00000
102679,349,2,0,0.00000
102680,349,2,0,0.00000
102681,349,2,0,0.00000
102682,349,2,0,0.00000
102683,349,2,0,0.00000
102684,349,2,0,0.00000
102685,349,2,0,0.00000
102686,349,2,0,0.00000
102687,349,2,0,0.00000
102688,349,2,0,0.00000
102689,349,2,0,0.00000
102690,349,2,0,0.00000
102691,349,2,0,0.00000
102692,349,2,0,0.00000
102693,349,2,0,0.00000
102694,349,2,0,0.00000
102695,349,2,0,0.00000
102696,349,2,0,0.00000
102697,349,2,0,0.00000
102698,349,2,0,0.00000
102699,349,2,0,0.00000
102700,349,2,0,0.00000
102701,349,2,0,0.00000
102702,349,2,0,0.00000
102703,349,2,0,0.00000
102704,349,2,0,0.00000
102705,349,2,0,0.00000
102706,349,2,0,0.00000
102731,347,3,1,1.00000
102732,347,3,1,1.00000
102733,347,3,1,1.00000
102734,347,3,1,1.00000
102735,347,3,1,1.00000
102736,347,3,1,1.00000
102737,347,3,1,1.00000
102738,347,3,1,1.00000
102739,347,3,1,1.00000
102740,347,3,1,1.00000
102741,347,3,1,1.00000
102742,347,3,1,1.00000
102743,347,3,1,1.00000
102744,347,3,1,1.00000
102745,347,3,1,1.00000
102746,347,3,1,1.00000
102747,347,3,1,1.00000
102748,347,3,1,1.00000
102749,347,3,1,1.00000
102750,347,3,1,1.00000
102751,347,3,1,1.00000
102752,347,3,1,1.00000
102753,347,3,1,1.00000
102754,347,3,1,1.00000
102755,347,3,1,1.00000
102757,347,3,1,1.00000
102758,347,3,1,1.00000
102759,347,3,1,1.00000
102760,347,3,0,0.00164
102761,347,3,0,0.00038
102762,347,3,0,0.00217
102763,347,3,0,0.00001
102764,347,3,0,0.00000
102765,347,3,0,0.00001
102766,347,3,0,0.00001
102767,347,3,0,0.00001
102768,347,3,0,0.00001
102769,347,3,0,0.00001
102770,347,3,0,0.00001
102771,347,3,0,0.00001
102772,347,3,0,0.00001
102773,347,3,0,0.00000
102774,347,3,0,0.00000
102775,347,3,0,0.00000
102776,347,3,0,0.00000
102777,347,3,0,0.00000
102778,347,3,0,0.00000
102779,347,3,0,0.00000
102780,347,3,0,0.00000
102781,347,3,0,0.00000
102782,347,3,0,0.00000
102783,347,3,0,0.00000
102784,347,3,0,0.00000
102785,347,3,0,0.00000
102786,347,3,0,0.00000
102787,347,3,0,0.00000
102788,347,3,0,0.00000
102789,347,3,0,0.00000
102790,347,3,0,0.00000
102802,347,3,0,0.00000
102803,347,3,0,0.00000
102804,347,3,0,0.00000
102805,347,3,0,0.00000
102806,347,3,0,0.00000
102807,347,3,0,0.00000
102808,347,3,0,0.00000
102809,347,3,0,0.00000
102810,347,3,0,0.00000
102812,347,3,0,0.00000
102813,347,3,0,0.00000
102814,347,3,0,0.00000
102816,347,3,0,0.00000
102819,347,3,0,0.00000
102821,347,3,0,0.00000
102822,347,3,0,0.00000
102823,347,3,0,0.00000
102824,347,3,0,0.00000
102825,347,3,0,0.00000
102826,347,3,0,0.00000
102827,347,3,0,0.00000
102830,347,3,0,0.00001
102831,347,3,0,0.00000
102832,347,3,0,0.00009
102834,347,3,0,0.00011
102835,347,3,0,0.00006
102836,347,3,0,0.00004
102837,347,3,0,0.00002
102838,347,3,0,0.00002
102839,347,3,0,0.00004
102840,347,3,0,0.00006
102841,347,3,0,0.00002
102842,347,3,0,0.00001
102843,347,3,0,0.00004
102844,347,3,0,0.00002
102845,347,3,0,0.00001
102846,347,3,0,0.00000
102847,347,3,0,0.00000
102848,347,3,0,0.00000
102849,347,3,0,0.00000
102850,347,3,0,0.00000
102851,347,3,0,0.00000
102852,347,3,0,0.00002
102853,347,3,0,0.00000
102854,347,3,0,0.00000
102856,347,3,0,0.00000
102857,347,3,0,0.00000
102858,347,3,0,0.00000
102859,347,3,0,0.00000
102860,347,3,0,0.00000
102861,347,3,0,0.00001
102862,347,3,0,0.00000
102863,347,3,0,0.00001
102864,347,3,0,0.00001
102865,347,3,0,0.00000
102866,347,3,0,0.00000
102867,347,3,0,0.00000
102868,347,3,0,0.00000
102869,347,3,0,0.00000
102870,347,3,0,0.00001
102871,347,3,0,0.00000
102872,347,3,0,0.00000
102874,347,3,0,0.00001
102875,347,3,0,0.00001
102876,347,3,0,0.00000
102877,347,3,0,0.00000
102878,347,3,0,0.00000
102879,347,3,0,0.00000
102880,347,3,0,0.00000
102881,347,3,0,0.00000
102882,347,3,0,0.00000
102883,347,3,0,0.00000
102884,347,3,0,0.00000
102885,347,3,0,0.00000
102886,347,3,0,0.00000
102887,347,3,0,0.00000
102888,347,3,0,0.00001
102889,347,3,0,0.00000
102890,347,3,0,0.00001
102891,347,3,0,0.00010
102892,347,3,0,0.00001
102893,347,3,0,0.00002
102894,347,3,0,0.00008
102895,347,3,0,0.00002
102896,347,3,0,0.00004
102897,347,3,0,0.00002
102898,347,3,0,0.00000
102899,347,3,0,0.00000
102900,347,3,0,0.00000
102901,347,3,0,0.00000
102902,347,3,0,0.00000
102903,347,3,0,0.00000
102904,347,3,0,0.00000
102905,347,3,0,0.00000
102906,347,3,0,0.00000
102907,347,3,0,0.00000
102908,347,3,0,0.00000
102909,347,3,0,0.00000
102910,347,3,0,0.00000
102911,347,3,0,0.00000
102912,347,3,0,0.00000
102913,347,3,0,0.00000
102914,347,3,0,0.00000
102915,347,3,0,0.00001
102916,347,3,0,0.00000
102917,347,3,0,0.00001
102918,347,3,0,0.00000
102919,347,3,0,0.00000
102920,347,3,0,0.00000
102921,347,3,0,0.00000
102922,347,3,0,0.00000
102923,347,3,0,0.00000
102924,347,3,0,0.00000
102925,347,3,0,0.00000
102926,347,3,0,0.00000
102927,347,3,0,0.00000
102928,347,3,0,0.00000
102929,347,3,0,0.00000
102930,347,3,0,0.00002
102931,347,3,0,0.00038
102932,347,3,0,0.00001
102933,347,3,0,0.00032
102934,347,3,0,0.00002
102935,347,3,0,0.00001
102936,347,3,0,0.00001
102937,347,3,0,0.00001
102938,347,3,0,0.00001
102940,347,3,0,0.00002
102941,347,3,0,0.00003
102942,347,3,0,0.00000
102943,347,3,0,0.00001
102944,347,3,0,0.00001
102948,347,3,0,0.00000
102949,347,3,0,0.00005
102950,347,3,0,0.00009
102951,347,3,0,0.00002
102953,347,3,0,0.00005
102954,347,3,0,0.00005
102955,347,3,0,0.00000
102956,347,3,0,0.00001
102961,347,3,0,0.00005
102962,347,3,0,0.00001
102964,347,3,0,0.00001
102965,347,3,0,0.00002
102966,347,3,0,0.00000
102967,347,3,0,0.00001
102968,347,3,0,0.00000
102969,347,3,0,0.00001
102970,347,3,0,0.00001
102971,347,3,0,0.00001
102972,347,3,0,0.00004
102973,347,3,0,0.00004
102974,347,3,0,0.00003
102975,347,3,0,0.00003
102976,347,3,0,0.00010
102977,347,3,0,0.00000
102978,347,3,0,0.00000
102979,347,3,0,0.00000
102980,347,3,0,0.00000
102981,347,3,0,0.00001
102982,347,3,0,0.00000
102983,347,3,0,0.03259
102984,347,3,0,0.04621
102985,347,3,0,0.00002
102986,347,3,0,0.00001
102987,347,3,0,0.00002
102988,347,3,0,0.00000
102989,347,3,0,0.00001
102990,347,3,0,0.00000
102991,347,3,0,0.00000
102992,347,3,0,0.00000
102993,347,3,0,0.00000
102994,347,3,0,0.00000
102995,347,3,0,0.00000
102996,347,3,0,0.00000
102997,347,3,0,0.00000
102998,347,3,0,0.00001
102999,347,3,0,0.00001
103000,347,3,0,0.00000
103001,347,3,0,0.00000
103005,347,3,0,0.00000
103006,347,3,0,0.00000
103007,347,3,0,0.00000
103008,347,3,0,0.00000
103010,347,3,0,0.00003
103011,347,3,0,0.00002
103012,347,3,0,0.00000
103013,347,3,0,0.00000
103014,347,3,0,0.00000
103015,347,3,0,0.00000
103016,347,3,0,0.00001
103018,347,3,0,0.00000
103019,347,3,0,0.00001
103023,347,3,0,0.00003
103024,347,3,0,0.00003
103025,347,3,0,0.00006
103026,347,3,0,0.00002
103027,347,3,0,0.00003
103028,347,3,0,0.00002
103029,347,3,0,0.00002
103030,347,3,0,0.00004
103031,347,3,0,0.00006
103032,347,3,0,0.00004
103033,347,3,0,0.00002
103034,347,3,0,0.00001
103035,347,3,0,0.00029
103036,347,3,0,0.00001
103037,347,3,0,0.00000
103038,347,3,0,0.00000
103039,347,3,0,0.00000
103040,347,3,0,0.00000
103041,347,3,0,0.00000
103042,347,3,0,0.00000
103043,347,3,0,0.00000
103044,347,3,0,0.00000
103045,347,3,0,0.00000
103046,347,3,0,0.00000
103047,347,3,0,0.00000
103048,347,3,0,0.00000
103049,347,3,0,0.00000
103050,347,3,0,0.00000
103051,347,3,0,0.00000
103052,347,3,0,0.00000
103053,347,3,0,0.00001
103054,347,3,0,0.00000
103055,347,3,0,0.00001
103056,347,3,0,0.00000
103057,347,3,0,0.00001
103058,347,3,0,0.00005
103059,347,3,0,0.00003
103060,347,3,0,0.00002
103061,347,3,0,0.00000
103062,347,3,0,0.00000
103063,347,3,0,0.20056
111909,383,2,1,0.00016
111910,383,2,1,0.00289
111911,383,2,1,0.00014
111912,383,2,1,0.00021
111913,383,2,1,0.00005
111914,383,2,0,0.00000
111915,383,2,0,0.00000
111916,383,2,0,0.00007
111917,383,2,0,0.00009
111918,383,2,0,0.00003
111919,383,2,0,0.00020
111922,383,2,0,0.00007
111923,383,2,0,0.00649
111924,383,2,0,0.00056
111925,383,2,0,0.00005
111926,383,2,0,0.00016
111927,383,2,0,0.00033
111928,383,2,0,0.00000
111929,383,2,0,0.00034
111933,383,2,0,0.00020
111934,383,2,0,0.00002
111935,383,2,0,0.00002
111936,383,2,0,0.00001
111937,383,2,0,0.00000
111942,383,2,0,0.00000
111943,383,2,0,0.00000
111945,383,2,1,0.00001
111946,383,2,1,0.00006
111947,383,2,1,0.00009
111948,383,2,1,0.00014
118625,427,4,1,0.00573
118626,427,4,1,0.00654
118629,427,4,1,0.00207
118630,427,4,0,0.30136
118634,427,4,0,0.44324
118635,427,4,0,0.02207
118637,427,4,0,0.06742
118638,427,4,0,0.02616
118640,427,4,0,0.00170
118641,427,4,0,0.00017
118642,427,4,0,0.24400
118643,427,4,0,0.23722
118644,427,4,0,0.08196
118646,427,4,0,0.27474
118649,427,4,0,0.38844
118650,427,4,0,0.45012
118652,427,4,0,0.20260
118653,427,4,0,0.16132
118654,427,4,0,0.00212
118655,427,4,0,0.03705
118656,427,4,0,0.05071
118657,427,4,0,0.01187
118658,427,4,0,0.02499
118659,427,4,0,0.02686
118660,427,4,0,0.00009
118662,427,4,0,0.00008
118663,427,4,0,0.00009
118664,427,4,0,0.00010
118665,427,4,0,0.00011
118666,427,4,0,0.00015
118667,427,4,0,0.00325
118668,427,4,0,0.00080
118669,427,4,0,0.00012
118670,427,4,0,0.00016
118671,427,4,0,0.00274
118672,427,4,0,0.00002
118673,427,4,0,0.00366
118674,427,4,0,0.00010
118675,427,4,0,0.00001
118676,427,4,0,0.00000
118677,427,4,0,0.00000
118678,427,4,0,0.00004
118679,427,4,0,0.00006
118680,427,4,0,0.00000
118683,427,4,0,0.00000
118684,427,4,0,0.00000
118685,427,4,0,0.00000
118686,427,4,0,0.00000
118688,427,4,0,0.00000
118692,427,4,0,0.00000
118693,427,4,0,0.00000
118694,427,4,0,0.00000
118695,427,4,0,0.00000
121791,436,0,1,1.00000
121792,436,0,1,1.00000
121793,436,0,1,1.00000
121794,436,0,1,1.00000
121795,436,0,1,1.00000
121796,436,0,1,1.00000
121797,436,0,1,1.00000
121799,436,0,1,1.00000
121800,436,0,1,1.00000
121801,436,0,1,1.00000
121802,436,0,1,1.00000
121926,436,0,0,0.23971
121933,436,0,1,1.00000
129151,466,2,0,0.06489
129152,466,2,1,0.95414
129153,466,2,1,1.00000
129154,466,2,1,1.00000
129155,466,2,1,1.00000
129156,466,2,1,1.00000
129157,466,2,1,1.00000
129158,466,2,1,1.00000
129159,466,2,0,0.00000
129160,466,2,0,0.00000
129161,466,2,0,0.00000
129162,466,2,0,0.00000
129163,466,2,0,0.00000
129164,466,2,0,0.00000
129165,466,2,0,0.00000
129166,466,2,0,0.00000
129167,466,2,0,0.00000
129168,466,2,0,0.00000
129169,466,2,0,0.00000
129170,466,2,0,0.00000
129171,466,2,0,0.00000
129172,466,2,0,0.00000
129173,466,2,0,0.00000
129174,466,2,0,0.00000
129175,466,2,0,0.00000
129176,466,2,0,0.00000
129177,466,2,0,0.00000
129178,466,2,0,0.00000
129179,466,2,0,0.00000
129180,466,2,0,0.00000
129181,466,2,0,0.00000
129182,466,2,0,0.00000
129183,466,2,0,0.00000
129184,466,2,0,0.00000
129185,466,2,0,0.00001
129186,466,2,0,0.00000
129187,466,2,0,0.00000
129188,466,2,0,0.00000
129189,466,2,0,0.00000
129190,466,2,0,0.00000
129191,466,2,0,0.00000
129192,466,2,0,0.00000
129193,466,2,0,0.00000
129194,466,2,0,0.00000
129195,466,2,0,0.00000
129196,466,2,0,0.00000
129197,466,2,0,0.00000
129198,466,2,0,0.00000
129199,466,2,0,0.00000
129200,466,2,0,0.00000
129201,466,2,0,0.00000
129202,466,2,0,0.00000
129203,466,2,0,0.00000
129204,466,2,0,0.00000
129205,466,2,0,0.00000
129206,466,2,0,0.00000
129207,466,2,0,0.00000
129208,466,2,0,0.00000
129209,466,2,0,0.00000
129210,466,2,0,0.00000
129211,466,2,0,0.00000
129212,466,2,0,0.00000
129213,466,2,0,0.00000
129214,466,2,0,0.00000
129215,466,2,0,0.00000
129216,466,2,0,0.00000
129217,466,2,0,0.00000
129218,466,2,0,0.00000
129219,466,2,0,0.00000
129220,466,2,0,0.00000
129221,466,2,0,0.00000
129222,466,2,0,0.00000
129223,466,2,0,0.00000
129224,466,2,0,0.00000
129225,466,2,0,0.00000
129226,466,2,0,0.00000
129227,466,2,0,0.00000
129228,466,2,0,0.00000
129229,466,2,0,0.00000
129230,466,2,0,0.00000
129231,466,2,0,0.00000
129232,466,2,0,0.00000
129233,466,2,0,0.00000
129234,466,2,0,0.00000
129235,466,2,0,0.00000
129236,466,2,0,0.00000
129237,466,2,0,0.00000
129238,466,2,0,0.00000
129239,466,2,0,0.00000
129240,466,2,0,0.00000
129241,466,2,0,0.00000
129242,466,2,0,0.00000
129243,466,2,0,0.00000
129244,466,2,0,0.00000
129245,466,2,0,0.00000
129246,466,2,0,0.00000
129247,466,2,0,0.00000
129248,466,2,0,0.00000
129249,466,2,0,0.00001
129250,466,2,0,0.00000
129251,466,2,0,0.00000
129252,466,2,0,0.00001
129253,466,2,1,1.00000
129254,466,2,1,1.00000
129255,466,2,1,1.00000
129256,466,2,1,1.00000
129257,466,2,1,1.00000
129258,465,0,1,0.99852
129259,465,0,1,0.99936
129260,465,0,1,0.99998
129261,465,0,1,0.99999
129262,465,0,1,1.00000
129263,465,0,1,1.00000
129264,465,0,1,1.00000
129265,465,0,1,1.00000
129266,465,0,0,0.00044
129267,465,0,0,0.00057
129268,465,0,0,0.00081
129269,465,0,0,0.00068
129270,465,0,0,0.00072
129271,465,0,0,0.00078
129272,465,0,0,0.00057
129273,465,0,0,0.00056
129274,465,0,0,0.00035
129275,465,0,0,0.00032
129276,465,0,0,0.00012
129277,465,0,0,0.00033
129278,465,0,0,0.00017
129279,465,0,0,0.00028
129280,465,0,0,0.00019
129281,465,0,0,0.00022
129282,465,0,0,0.00016
129283,465,0,0,0.00016
129284,465,0,0,0.00024
129285,465,0,0,0.00021
129286,465,0,0,0.00061
129287,465,0,0,0.00047
129288,465,0,0,0.00279
129289,465,0,0,0.00293
129290,465,0,0,0.00265
129291,465,0,0,0.00280
129292,465,0,0,0.00156
129293,465,0,0,0.00025
129294,465,0,0,0.00025
129295,465,0,0,0.00032
129296,465,0,0,0.00019
129297,465,0,0,0.00013
129298,465,0,0,0.00011
129299,465,0,0,0.00010
129300,465,0,0,0.00010
129301,465,0,0,0.00007
129302,465,0,0,0.00010
129303,465,0,0,0.00019
129304,465,0,0,0.00015
129305,465,0,0,0.00017
129306,465,0,0,0.00013
129307,465,0,0,0.00031
129308,465,0,0,0.00016
129309,465,0,0,0.00016
129310,465,0,0,0.00027
129311,465,0,0,0.00025
129312,465,0,0,0.00061
129313,465,0,0,0.00589
129314,465,0,0,0.00445
129315,465,0,0,0.00173
129316,465,0,0,0.00310
129317,465,0,0,0.00990
129318,465,0,0,0.04337
129319,465,0,0,0.00489
129320,465,0,0,0.00032
129321,465,0,0,0.00049
129322,465,0,0,0.00005
129323,465,0,0,0.17753
129324,465,0,0,0.00040
129325,465,0,0,0.00013
129326,465,0,0,0.00069
129327,465,0,0,0.00033
129328,465,0,0,0.00144
129329,465,0,0,0.00061
129330,465,0,0,0.00014
129331,465,0,0,0.00013
129332,465,0,0,0.00008
129333,465,0,0,0.00016
129334,465,0,0,0.00003
129335,465,0,0,0.00007
129336,465,0,0,0.00013
129337,465,0,0,0.00028
129338,465,0,0,0.00023
129339,465,0,0,0.00026
129340,465,0,0,0.00030
129341,465,0,0,0.00064
129342,465,0,0,0.00058
129343,465,0,0,0.00028
129344,465,0,0,0.00019
129345,465,0,0,0.00021
129346,465,0,0,0.00023
129347,465,0,0,0.00015
129348,465,0,0,0.00106
129349,465,0,0,0.00035
129350,465,0,0,0.00027
129351,465,0,0,0.00038
129352,465,0,0,0.00060
129353,465,0,0,0.00074
129354,465,0,0,0.00015
129355,465,0,0,0.00035
129356,465,0,0,0.00194
129357,465,0,0,0.00945
129358,465,0,0,0.00157
129359,465,0,0,0.00109
129360,465,0,0,0.00130
129361,465,0,0,0.00212
129362,465,0,0,0.00257
129363,465,0,0,0.00142
129364,465,0,0,0.00049
129365,465,0,0,0.00038
129366,465,0,0,0.00040
129367,465,0,0,0.00041
129368,465,0,0,0.00099
129369,465,0,0,0.00210
129370,465,0,0,0.00110
129371,465,0,0,0.00165
129372,465,0,0,0.00113
129373,465,0,0,0.00102
129374,465,0,0,0.00041
129375,465,0,0,0.00049
129376,465,0,0,0.00348
129377,465,0,0,0.00056
129378,465,0,0,0.00023
129379,465,0,0,0.00028
129380,465,0,0,0.00046
129381,465,0,0,0.00014
129382,465,0,0,0.00024
129383,465,0,0,0.00017
129384,465,0,0,0.00047
129385,465,0,0,0.00089
129386,465,0,0,0.00135
129387,465,0,0,0.00188
129388,465,0,0,0.00161
129389,465,0,0,0.00011
129390,465,0,0,0.00041
129391,465,0,0,0.00033
129392,465,0,1,1.00000
129393,465,0,1,1.00000
129394,465,0,1,1.00000
129395,465,0,1,1.00000
129396,465,0,0,0.16640
129397,471,4,0,0.00003
129398,471,4,1,1.00000
129399,471,4,1,0.13881
129400,471,4,1,0.24563
129401,471,4,0,0.00008
129402,471,4,0,0.00022
129403,471,4,0,0.00001
129404,471,4,0,0.00000
129405,471,4,0,0.00005
129406,471,4,0,0.00000
129407,471,4,0,0.00000
129408,471,4,0,0.00001
129409,471,4,0,0.00001
129410,471,4,0,0.00001
129411,471,4,0,0.00001
129412,471,4,0,0.00006
129413,471,4,0,0.00006
129414,471,4,0,0.00001
129415,471,4,0,0.00003
129416,471,4,0,0.00013
129417,471,4,0,0.00003
129418,471,4,0,0.00011
129419,471,4,0,0.00006
129420,471,4,0,0.00004
129421,471,4,0,0.00014
129422,471,4,0,0.00011
129423,471,4,0,0.00050
129424,471,4,0,0.00000
129425,471,4,0,0.00002
129426,471,4,0,0.00001
129427,471,4,0,0.00000
129428,471,4,0,0.00001
129429,471,4,0,0.00002
129430,471,4,0,0.00010
129431,471,4,0,0.00352
129432,471,4,0,0.00000
129433,471,4,0,0.00000
129434,471,4,0,0.00001
129435,471,4,0,0.00004
129436,471,4,0,0.00005
129437,471,4,0,0.00001
129438,471,4,0,0.00000
129439,471,4,0,0.00001
129440,471,4,0,0.00000
129441,471,4,0,0.00000
129442,471,4,0,0.00135
129443,471,4,0,0.00001
129444,471,4,0,0.00000
129445,471,4,0,0.00001
129446,471,4,0,0.00000
129447,471,4,0,0.00122
129448,471,4,0,0.00001
129449,471,4,0,0.00002
129450,471,4,0,0.00001
129451,471,4,0,0.00012
129452,471,4,0,0.00011
129453,471,4,0,0.00000
129454,471,4,0,0.00002
129455,471,4,0,0.00001
129456,471,4,0,0.00003
129457,471,4,0,0.00018
129458,471,4,0,0.00040
129459,471,4,0,0.00008
129460,471,4,0,0.00006
129461,471,4,0,0.00001
129462,471,4,0,0.00005
129463,471,4,0,0.00000
129464,471,4,0,0.00000
129465,471,4,0,0.00000
129466,471,4,0,0.00015
129467,471,4,0,0.00004
129468,471,4,0,0.00009
129469,471,4,0,0.00001
129470,471,4,0,0.00002
129471,471,4,1,1.00000
129472,471,4,1,1.00000
129473,471,4,0,0.00000
129474,471,4,0,0.00025
129475,471,4,0,0.00028
131945,489,2,0,0.00001
131946,489,2,0,0.00000
131947,489,2,0,0.00000
131948,489,2,0,0.00000
131949,489,2,0,0.00000
131950,489,2,0,0.00000
131951,489,2,0,0.00000
131953,489,2,0,0.00000
131954,489,2,0,0.00000
131955,489,2,0,0.00000
131956,489,2,0,0.00000
131957,489,2,0,0.00000
131958,489,2,0,0.00000
131959,489,2,0,0.00000
131960,489,2,0,0.00000
131961,489,2,0,0.00000
131962,489,2,0,0.00000
131963,489,2,0,0.00000
131964,489,2,0,0.00000
131965,489,2,0,0.00000
131966,489,2,0,0.00000
131967,489,2,0,0.00000
131968,489,2,0,0.00000
131969,489,2,0,0.00000
131970,489,2,0,0.00000
131971,489,2,0,0.00000
131972,489,2,0,0.00000
131973,489,2,0,0.00000
131974,489,2,0,0.00000
131975,489,2,0,0.00000
131976,489,2,0,0.00000
131977,489,2,0,0.00000
131978,489,2,0,0.00000
131979,489,2,0,0.00000
131980,489,2,0,0.00000
131981,489,2,0,0.00000
131982,489,2,0,0.00000
131983,489,2,0,0.00000
131984,489,2,0,0.00000
131985,489,2,0,0.00000
131986,489,2,0,0.00000
131987,489,2,0,0.00000
131988,489,2,0,0.00000
131989,489,2,0,0.00000
131990,489,2,0,0.00000
131991,489,2,0,0.00000
131992,489,2,0,0.00000
131993,489,2,0,0.00000
131994,489,2,0,0.00000
131995,489,2,0,0.00000
131996,527,1,0,0.00006
131997,527,1,0,0.00001
131998,527,1,0,0.00000
131999,527,1,0,0.00000
132000,527,1,0,0.00000
132001,527,1,0,0.00000
132002,527,1,0,0.00000
132003,527,1,0,0.00000
132004,527,1,0,0.00000
132005,527,1,0,0.00000
132006,527,1,0,0.00000
132007,527,1,0,0.00000
132008,527,1,0,0.00000
132009,527,1,0,0.00000
132010,527,1,0,0.00000
132011,527,1,0,0.00000
132012,527,1,0,0.00000
132013,527,1,0,0.00000
132014,527,1,0,0.00000
132015,527,1,0,0.00000
132016,527,1,0,0.00000
132017,527,1,0,0.00000
132018,527,1,0,0.00000
132019,527,1,0,0.00000
132020,527,1,0,0.00000
132021,527,1,0,0.00000
132022,527,1,0,0.00000
132023,527,1,0,0.00000
132024,527,1,0,0.00000
132025,527,1,0,0.00000
132026,527,1,0,0.00000
132027,527,1,0,0.00000
132028,527,1,0,0.00000
132029,527,1,0,0.00000
132032,527,1,0,0.00000
132034,527,1,0,0.00000
132035,527,1,0,0.00000
132036,527,1,0,0.00000
132037,527,1,0,0.00000
132038,527,1,0,0.00000
132039,527,1,0,0.00000
132040,527,1,0,0.00000
132041,527,1,0,0.00000
132042,527,1,0,0.00000
132043,527,1,0,0.00000
132044,527,1,0,0.00000
132045,527,1,0,0.00000
132046,527,1,0,0.00000
132047,527,1,0,0.00000
132048,527,1,0,0.00000
132049,527,1,0,0.00000
132050,527,1,0,0.00000
132051,527,1,0,0.00000
132052,527,1,0,0.00000
132053,527,1,0,0.00000
132054,527,1,0,0.00000
132055,527,1,0,0.00000
132056,527,1,0,0.00000
132057,527,1,0,0.00000
132058,527,1,0,0.00000
132059,527,1,0,0.00000
132060,527,1,0,0.00000
132061,527,1,0,0.00000
132062,527,1,0,0.00000
132064,527,1,0,0.00002
132065,527,1,0,0.00007
132066,490,2,0,0.00000
132067,490,2,0,0.00000
132069,490,2,0,0.00000
132070,490,2,0,0.00000
132071,490,2,0,0.00000
132072,490,2,0,0.00000
132073,490,2,0,0.00000
132074,490,2,0,0.00000
132075,490,2,0,0.00000
132076,490,2,0,0.00000
132077,490,2,0,0.00000
132078,490,2,0,0.00000
132079,490,2,0,0.00000
132080,490,2,0,0.00000
132081,490,2,0,0.00000
132082,490,2,0,0.00000
132083,490,2,0,0.00000
132084,490,2,0,0.00000
132085,490,2,0,0.00000
132086,490,2,0,0.00000
132087,490,2,0,0.00000
132088,490,2,0,0.00000
132089,490,2,0,0.00000
132090,490,2,0,0.00000
132091,490,2,0,0.00000
132092,490,2,0,0.00000
132093,490,2,0,0.00000
132094,490,2,0,0.00000
132095,490,2,0,0.00000
132096,490,2,0,0.00000
132097,490,2,0,0.00000
132098,490,2,0,0.00000
132099,490,2,0,0.00000
132100,490,2,0,0.00000
132101,490,2,0,0.00000
132102,490,2,0,0.00000
132103,490,2,0,0.00000
132104,490,2,0,0.00000
132105,490,2,0,0.00000
132106,490,2,0,0.00000
132107,490,2,0,0.00000
132108,490,2,0,0.00000
132109,490,2,0,0.00000
132110,490,2,0,0.00000
132111,490,2,0,0.00000
132112,490,2,0,0.00000
132113,490,2,0,0.00000
132114,490,2,0,0.00000
132115,490,2,0,0.00000
132116,490,2,0,0.00000
132117,490,2,0,0.00000
132118,490,2,0,0.00000
132119,490,2,0,0.00000
132120,490,2,0,0.00000
132121,490,2,0,0.00000
132122,490,2,0,0.00000
132128,490,2,0,0.00005
132130,491,4,0,0.00000
132131,491,4,0,0.00000
132132,491,4,0,0.00000
132133,491,4,0,0.00000
132134,491,4,0,0.00000
132135,491,4,0,0.00000
132136,491,4,0,0.00000
132137,491,4,0,0.00000
132138,491,4,0,0.00000
132139,491,4,0,0.00000
132140,491,4,0,0.00000
132141,491,4,0,0.00000
132142,491,4,0,0.00000
132144,491,4,0,0.00000
132145,491,4,0,0.00000
132146,491,4,0,0.00000
132147,491,4,0,0.00000
132148,491,4,0,0.00000
132149,491,4,0,0.00000
132150,491,4,0,0.00000
132151,491,4,0,0.00000
132152,491,4,0,0.00000
132153,491,4,0,0.00000
132154,491,4,0,0.00000
132155,491,4,0,0.00000
132156,491,4,0,0.00000
132158,491,4,0,0.00000
132159,491,4,0,0.00000
132160,492,3,0,0.00000
132163,492,3,0,0.00000
132165,492,3,0,0.00000
132166,492,3,0,0.00000
132168,492,3,0,0.00000
132169,492,3,0,0.00000
132171,492,3,0,0.00000
132172,492,3,0,0.00000
132176,492,3,0,0.00000
132177,492,3,0,0.00000
132178,492,3,0,0.00000
132179,492,3,0,0.00000
132180,492,3,0,0.00000
132181,492,3,0,0.00000
132182,492,3,0,0.00000
132183,492,3,0,0.00000
132184,492,3,0,0.00000
132185,492,3,0,0.00000
132186,492,3,0,0.00000
132187,492,3,0,0.00000
132192,493,2,0,0.00000
132193,493,2,0,0.00000
132194,493,2,0,0.00000
132195,493,2,0,0.00000
132196,493,2,0,0.00000
132197,493,2,0,0.00000
132198,493,2,0,0.00000
132199,493,2,0,0.00000
132200,493,2,0,0.00000
132203,493,2,0,0.00000
132204,493,2,0,0.00000
132206,493,2,0,0.00000
132207,493,2,0,0.00000
132208,493,2,0,0.00000
132209,493,2,0,0.00000
132210,493,2,0,0.00000
132212,493,2,0,0.00000
132213,493,2,0,0.00000
132214,493,2,0,0.00000
132215,493,2,0,0.00000
132216,493,2,0,0.00000
132217,493,2,0,0.00000
132219,493,2,0,0.00000
132220,493,2,0,0.00000
132221,493,2,0,0.00000
132223,493,2,0,0.00000
132224,493,2,0,0.00000
132227,494,0,0,0.00000
132228,494,0,0,0.00000
132229,494,0,0,0.00000
132230,494,0,0,0.00000
132231,494,0,0,0.00000
132232,494,0,0,0.00000
132233,494,0,0,0.00000
132234,494,0,0,0.00000
132235,494,0,0,0.00000
132236,494,0,0,0.00000
132237,494,0,0,0.00000
132238,494,0,0,0.00000
132239,494,0,0,0.00000
132240,494,0,0,0.00000
132241,494,0,0,0.00000
132242,494,0,0,0.00000
132243,494,0,0,0.00000
132244,494,0,0,0.00000
132245,494,0,0,0.00000
132246,494,0,0,0.00000
132247,494,0,0,0.00000
132248,494,0,0,0.00000
132249,494,0,0,0.00000
132250,494,0,0,0.00000
132251,494,0,0,0.00000
132252,494,0,0,0.00000
132253,494,0,0,0.00000
132254,494,0,0,0.00000
132255,494,0,0,0.00000
132256,494,0,0,0.00000
132257,494,0,0,0.00000
132258,494,0,0,0.00000
132259,494,0,0,0.00000
132260,494,0,0,0.00000
132261,494,0,0,0.00000
132262,494,0,0,0.00000
132263,494,0,0,0.00000
132264,494,0,0,0.00000
132265,494,0,0,0.00000
132266,494,0,0,0.00001
132267,494,0,0,0.00001
132268,495,3,0,0.00385
132269,495,3,0,0.00560
132270,495,3,0,0.00338
132271,495,3,0,0.00375
132272,495,3,0,0.00000
132273,495,3,0,0.00000
132274,495,3,0,0.00000
132275,495,3,0,0.00000
132276,495,3,0,0.00000
132277,495,3,0,0.00000
132278,495,3,0,0.00000
132279,495,3,0,0.00000
132280,495,3,0,0.00000
132281,495,3,0,0.00000
132282,495,3,0,0.00000
132284,495,3,0,0.00000
132285,495,3,0,0.00000
132286,495,3,0,0.00000
132287,495,3,0,0.00000
132288,495,3,0,0.00000
132295,495,3,0,0.00000
132296,495,3,0,0.00000
132297,495,3,0,0.00000
132298,495,3,0,0.00000
132299,495,3,0,0.00000
132300,495,3,0,0.00000
132301,495,3,0,0.00000
132302,495,3,0,0.00000
132303,495,3,0,0.00000
132304,495,3,0,0.00000
132306,496,4,0,0.00000
132307,496,4,0,0.00000
132308,496,4,0,0.00000
132309,496,4,0,0.00000
132310,496,4,0,0.00000
132311,496,4,0,0.00000
132312,496,4,0,0.00000
132313,496,4,0,0.00000
132314,496,4,0,0.00000
132315,496,4,0,0.00000
132316,496,4,0,0.00000
132317,496,4,0,0.00000
132318,496,4,0,0.00000
132319,496,4,0,0.00000
132320,496,4,0,0.00000
132321,496,4,0,0.00000
132322,496,4,0,0.00000
132323,496,4,0,0.00000
132324,496,4,0,0.00000
132325,496,4,0,0.00000
132326,496,4,0,0.00000
132327,496,4,0,0.00000
132328,496,4,0,0.00000
132329,496,4,0,0.00000
132330,496,4,0,0.00000
132331,496,4,0,0.00000
132332,496,4,0,0.00000
132333,496,4,0,0.00000
132334,496,4,0,0.00000
132335,496,4,0,0.00000
132336,496,4,0,0.00000
132337,496,4,0,0.00000
132338,496,4,0,0.00000
132339,496,4,0,0.00000
132340,496,4,0,0.00000
132341,496,4,0,0.00000
132342,497,4,0,0.00000
132343,497,4,0,0.00000
132344,497,4,0,0.00000
132345,497,4,0,0.00000
132346,497,4,0,0.00000
132347,497,4,0,0.00000
132348,497,4,0,0.00000
132349,497,4,0,0.00000
132350,497,4,0,0.00000
132351,497,4,0,0.00000
132352,497,4,0,0.00000
132353,497,4,0,0.00000
132354,497,4,0,0.00000
132355,497,4,0,0.00000
132356,497,4,0,0.00000
132357,497,4,0,0.00000
132358,497,4,0,0.00000
132359,497,4,0,0.00000
132360,497,4,0,0.00000
132362,497,4,0,0.00000
132363,497,4,0,0.00000
132364,497,4,0,0.00000
132365,497,4,0,0.00000
132366,497,4,0,0.00000
132367,497,4,0,0.00000
132368,497,4,0,0.00000
132369,497,4,0,0.00000
132370,497,4,0,0.00000
132371,497,4,0,0.00000
132372,497,4,0,0.00000
132373,497,4,0,0.00000
132374,497,4,0,0.00000
132375,497,4,0,0.00000
132376,497,4,0,0.00000
132377,497,4,0,0.00000
132378,497,4,0,0.00000
132379,497,4,0,0.00000
132380,497,4,0,0.00000
132381,497,4,0,0.00000
132382,497,4,0,0.00000
132383,497,4,0,0.00000
132384,497,4,0,0.00000
132387,498,2,0,0.00000
132388,498,2,0,0.00000
132391,498,2,0,0.00000
132392,498,2,0,0.00000
132393,498,2,0,0.00000
132394,498,2,0,0.00000
132395,498,2,0,0.00000
132396,498,2,0,0.00000
132397,498,2,0,0.00000
132398,498,2,0,0.00000
132399,498,2,0,0.00000
132400,498,2,0,0.00000
132401,498,2,0,0.00000
132402,498,2,0,0.00000
132403,498,2,0,0.00000
132404,498,2,0,0.00000
132405,498,2,0,0.00000
132406,498,2,0,0.00000
132408,498,2,0,0.00000
132409,498,2,0,0.00000
132412,498,2,0,0.00000
132413,498,2,0,0.00000
132414,498,2,0,0.00000
132415,498,2,0,0.00000
132416,498,2,0,0.00000
132417,498,2,0,0.00000
132418,498,2,0,0.00000
132419,498,2,0,0.00000
132420,498,2,0,0.00000
132421,498,2,0,0.00000
132422,498,2,0,0.00000
132423,498,2,0,0.00000
132424,498,2,0,0.00000
132425,498,2,0,0.00000
132426,498,2,0,0.00000
132427,498,2,0,0.00000
132428,498,2,0,0.00000
132431,499,1,0,0.00000
132432,499,1,0,0.00000
132433,499,1,0,0.00000
132434,499,1,0,0.00000
132435,499,1,0,0.00000
132436,499,1,0,0.00000
132437,499,1,0,0.00000
132438,499,1,0,0.00000
132439,499,1,0,0.00000
132440,499,1,0,0.00000
132441,499,1,0,0.00000
132442,499,1,0,0.00000
132443,499,1,0,0.00000
132444,499,1,0,0.00000
132445,499,1,0,0.00000
132446,499,1,0,0.00000
132447,499,1,0,0.00000
132448,499,1,0,0.00000
132449,499,1,0,0.00000
132450,499,1,0,0.00000
132451,499,1,0,0.00000
132452,499,1,0,0.00000
132453,499,1,0,0.00000
132454,499,1,0,0.00000
132455,499,1,0,0.00000
132458,499,1,0,0.00000
132459,499,1,0,0.00000
132460,499,1,0,0.00000
132461,499,1,0,0.00000
132462,499,1,0,0.00000
132463,499,1,0,0.00000
132464,499,1,0,0.00000
132465,499,1,0,0.00000
132467,499,1,0,0.00000
132468,499,1,0,0.00000
132469,499,1,0,0.00000
132470,499,1,0,0.00000
132471,499,1,0,0.00000
132472,499,1,0,0.00000
132473,499,1,0,0.00000
132474,499,1,0,0.00000
132475,499,1,0,0.00000
132476,499,1,0,0.00000
132477,499,1,0,0.00000
132478,499,1,0,0.00000
132479,499,1,0,0.00000
132480,499,1,0,0.00000
132481,499,1,0,0.00000
132482,499,1,0,0.00000
132483,499,1,0,0.00000
132484,499,1,0,0.00000
132485,499,1,0,0.00000
132486,499,1,0,0.00000
132487,499,1,0,0.00000
132488,499,1,0,0.00000
132490,500,0,0,0.00000
132492,500,0,0,0.00000
132493,500,0,0,0.00002
132494,500,0,0,0.00000
132495,500,0,0,0.00000
132496,500,0,0,0.00000
132497,500,0,0,0.00000
132498,500,0,0,0.00000
132499,500,0,0,0.00000
132500,500,0,0,0.00000
132501,500,0,0,0.00000
132502,500,0,0,0.00000
132503,500,0,0,0.00000
132504,500,0,0,0.00000
132505,500,0,0,0.00000
132506,500,0,0,0.00000
132507,500,0,0,0.00000
132508,500,0,0,0.00000
132509,500,0,0,0.00000
132510,500,0,0,0.00000
132511,500,0,0,0.00000
132512,500,0,0,0.00000
132513,500,0,0,0.00000
132514,500,0,0,0.00000
132515,500,0,0,0.00000
132516,500,0,0,0.00000
132521,500,0,0,0.00000
132522,500,0,0,0.00000
132523,500,0,0,0.00000
132524,500,0,0,0.00000
132525,500,0,0,0.00000
132526,500,0,0,0.00000
132527,500,0,0,0.00000
132528,500,0,0,0.00000
132529,500,0,0,0.00000
132530,500,0,0,0.00000
132531,500,0,0,0.00000
132532,500,0,0,0.00000
132533,500,0,0,0.00000
132534,500,0,0,0.00000
132535,500,0,0,0.00000
132536,500,0,0,0.00000
132537,500,0,0,0.00000
132538,500,0,0,0.00001
132539,500,0,0,0.00001
132540,500,0,0,0.00001
132541,500,0,0,0.00000
132542,500,0,0,0.00000
132543,500,0,0,0.00000
132544,500,0,0,0.00001
132546,501,3,0,0.00092
132547,501,3,0,0.00000
132548,501,3,0,0.00000
132549,501,3,0,0.00000
132550,501,3,0,0.00000
132551,501,3,0,0.00000
132552,501,3,0,0.00000
132553,501,3,0,0.00000
132554,501,3,0,0.00000
132555,501,3,0,0.00000
132556,501,3,0,0.00000
132557,501,3,0,0.00000
132558,501,3,0,0.00000
132559,501,3,0,0.00000
132560,501,3,0,0.00000
132561,501,3,0,0.00000
132562,501,3,0,0.00000
132563,501,3,0,0.00000
132564,501,3,0,0.00000
132565,501,3,0,0.00000
132566,501,3,0,0.00000
132568,501,3,0,0.00000
132569,501,3,0,0.00000
132572,501,3,0,0.00010
132573,501,3,0,0.00011
132575,501,3,0,0.00000
132576,501,3,0,0.00001
132577,501,3,0,0.00000
132578,501,3,0,0.00000
132580,501,3,0,0.00000
132581,501,3,0,0.00000
132585,501,3,0,0.00000
132586,501,3,0,0.00000
132587,501,3,0,0.00000
132588,501,3,0,0.00000
132589,501,3,0,0.00000
132590,501,3,0,0.00000
132591,501,3,0,0.00000
132592,501,3,0,0.00000
132593,501,3,0,0.00000
132594,501,3,0,0.00000
132595,501,3,0,0.00000
132596,501,3,0,0.00000
132597,501,3,0,0.00000
132598,501,3,0,0.00000
132599,501,3,0,0.00086
132600,501,3,0,0.00276
132601,501,3,0,0.00573
132602,501,3,0,0.00068
132604,502,1,0,0.00000
132605,502,1,0,0.00000
132606,502,1,0,0.00000
132607,502,1,0,0.00000
132608,502,1,0,0.00000
132609,502,1,0,0.00000
132610,502,1,0,0.00000
132611,502,1,0,0.00000
132612,502,1,0,0.00000
132613,502,1,0,0.00000
132614,502,1,0,0.00000
132615,502,1,0,0.00000
132616,502,1,0,0.00000
132617,502,1,0,0.00000
132618,502,1,0,0.00000
132619,502,1,0,0.00000
132620,502,1,0,0.00000
132621,502,1,0,0.00000
132622,502,1,0,0.00000
132623,502,1,0,0.00000
132624,502,1,0,0.00000
132625,502,1,0,0.00000
132626,502,1,0,0.00000
132627,502,1,0,0.00000
132628,502,1,0,0.00000
132629,502,1,0,0.00000
132630,502,1,0,0.00000
132631,502,1,0,0.00000
132632,502,1,0,0.00000
132633,502,1,0,0.00000
132634,502,1,0,0.00000
132635,502,1,0,0.00000
132636,502,1,0,0.00000
132637,502,1,0,0.00000
132638,502,1,0,0.00000
132639,502,1,0,0.00000
132640,502,1,0,0.00000
132641,502,1,0,0.00000
132642,502,1,0,0.00000
132643,502,1,0,0.00000
132644,502,1,0,0.00000
132645,502,1,0,0.00000
132646,502,1,0,0.00000
132647,502,1,0,0.00000
132648,502,1,0,0.00000
132649,502,1,0,0.00000
132650,502,1,0,0.00000
132651,503,0,0,0.00000
132652,503,0,0,0.00000
132653,503,0,0,0.00000
132654,503,0,0,0.00000
132655,503,0,0,0.00000
132656,503,0,0,0.00000
132657,503,0,0,0.00000
132658,503,0,0,0.00000
132659,503,0,0,0.00000
132660,503,0,0,0.00000
132661,503,0,0,0.00000
132662,503,0,0,0.00000
132663,503,0,0,0.00000
132664,503,0,0,0.00001
132665,503,0,0,0.00000
132666,503,0,0,0.00000
132667,503,0,0,0.00001
132668,503,0,0,0.00000
132670,503,0,0,0.00002
132671,503,0,0,0.00000
132672,503,0,0,0.00000
132673,503,0,0,0.00001
132674,503,0,0,0.00001
132675,503,0,0,0.00000
132676,503,0,0,0.00002
132677,503,0,0,0.00000
132678,503,0,0,0.00001
132679,503,0,0,0.00000
132680,503,0,0,0.00000
132681,503,0,0,0.00000
132682,503,0,0,0.00000
132683,503,0,0,0.00000
132684,503,0,0,0.00000
132685,503,0,0,0.00000
132686,503,0,0,0.00000
132687,503,0,0,0.00000
132688,503,0,0,0.00000
132689,503,0,0,0.00000
132690,503,0,0,0.00000
132691,503,0,0,0.00000
132692,503,0,0,0.00000
132693,503,0,0,0.00000
132694,503,0,0,0.00000
132695,503,0,0,0.00000
132696,504,4,0,0.00014
132697,504,4,0,0.00000
132698,504,4,0,0.00000
132699,504,4,0,0.00000
132700,504,4,0,0.00000
132701,504,4,0,0.00000
132702,504,4,0,0.00000
132703,504,4,0,0.00000
132704,504,4,0,0.00000
132705,504,4,0,0.00000
132706,504,4,0,0.00000
132707,504,4,0,0.00000
132708,504,4,0,0.00000
132709,504,4,0,0.00000
132710,504,4,0,0.00000
132711,504,4,0,0.00000
132712,504,4,0,0.00000
132713,504,4,0,0.00000
132714,504,4,0,0.00000
132715,504,4,0,0.00000
132716,504,4,0,0.00000
132717,504,4,0,0.00000
132718,504,4,0,0.00000
132719,504,4,0,0.00000
132720,504,4,0,0.00000
132721,504,4,0,0.00000
132722,504,4,0,0.00000
132724,504,4,0,0.00000
132725,504,4,0,0.00000
132726,504,4,0,0.00000
132727,504,4,0,0.00000
132728,504,4,0,0.00000
132729,504,4,0,0.00000
132730,504,4,0,0.00000
132731,504,4,0,0.00000
132732,504,4,0,0.00000
132733,504,4,0,0.00000
132734,504,4,0,0.00000
132735,504,4,0,0.00000
132736,504,4,0,0.00000
132737,504,4,0,0.00000
132738,504,4,0,0.00000
132739,504,4,0,0.00000
132740,504,4,0,0.00000
132741,504,4,0,0.00000
132742,504,4,0,0.00000
132743,504,4,0,0.00000
132744,504,4,0,0.00001
132745,504,4,0,0.00005
132746,504,4,0,0.00135
132747,505,3,0,0.00000
132748,505,3,0,0.00000
132749,505,3,0,0.00000
132750,505,3,0,0.00000
132751,505,3,0,0.00000
132752,505,3,0,0.00000
132753,505,3,0,0.00000
132754,505,3,0,0.00000
132755,505,3,0,0.00000
132756,505,3,0,0.00000
132757,505,3,0,0.00000
132758,505,3,0,0.00000
132759,505,3,0,0.00000
132760,505,3,0,0.00000
132761,505,3,0,0.00000
132762,505,3,0,0.00000
132763,505,3,0,0.00000
132764,505,3,0,0.00000
132765,505,3,0,0.00000
132766,505,3,0,0.00000
132767,505,3,0,0.00000
132768,505,3,0,0.00000
132769,505,3,0,0.00000
132772,505,3,0,0.00000
132776,505,3,0,0.00000
132777,505,3,0,0.00000
132778,505,3,0,0.00000
132779,505,3,0,0.00001
132780,505,3,0,0.00000
132781,505,3,0,0.00000
132782,505,3,0,0.00000
132783,505,3,0,0.00000
132784,505,3,0,0.00000
132785,505,3,0,0.00000
132786,505,3,0,0.00000
132787,505,3,0,0.00000
132788,505,3,0,0.00000
132789,505,3,0,0.00000
132790,505,3,0,0.00000
132791,505,3,0,0.00000
132792,505,3,0,0.00000
132793,505,3,0,0.00000
132794,505,3,0,0.00000
132795,505,3,0,0.00000
132796,506,2,0,0.00000
132797,506,2,0,0.00000
132798,506,2,0,0.00000
132799,506,2,0,0.00000
132800,506,2,0,0.00000
132801,506,2,0,0.00000
132802,506,2,0,0.00000
132803,506,2,0,0.00000
132804,506,2,0,0.00000
132805,506,2,0,0.00000
132806,506,2,0,0.00000
132807,506,2,0,0.00000
132808,506,2,0,0.00000
132809,506,2,0,0.00000
132810,506,2,0,0.00000
132811,506,2,0,0.00000
132812,506,2,0,0.00000
132813,506,2,0,0.00000
132814,506,2,0,0.00000
132815,506,2,0,0.00000
132816,506,2,0,0.00000
132817,506,2,0,0.00000
132819,506,2,0,0.00000
132820,506,2,0,0.00000
132821,506,2,0,0.00000
132822,506,2,0,0.00000
132823,506,2,0,0.00000
132824,506,2,0,0.00000
132825,506,2,0,0.00000
132826,506,2,0,0.00000
132827,506,2,0,0.00000
132828,506,2,0,0.00000
132829,506,2,0,0.00000
132830,506,2,0,0.00000
132831,506,2,0,0.00000
132832,506,2,0,0.00000
132833,506,2,0,0.00000
132834,506,2,0,0.00000
132835,506,2,0,0.00000
132836,506,2,0,0.00000
132837,506,2,0,0.00000
132838,506,2,0,0.00000
132839,506,2,0,0.00000
132840,506,2,0,0.00000
132841,506,2,0,0.00000
132842,506,2,0,0.00000
132843,506,2,0,0.00000
132844,506,2,0,0.00000
132845,506,2,0,0.00000
132847,507,2,0,0.00000
132848,507,2,0,0.00000
132849,507,2,0,0.00000
132850,507,2,0,0.00000
132851,507,2,0,0.00000
132853,507,2,0,0.00000
132854,507,2,0,0.00000
132855,507,2,0,0.00000
132856,507,2,0,0.00000
132857,507,2,0,0.00000
132858,507,2,0,0.00000
132859,507,2,0,0.00000
132860,507,2,0,0.00000
132861,507,2,0,0.00000
132862,507,2,0,0.00000
132863,507,2,0,0.00000
132864,507,2,0,0.00000
132865,507,2,0,0.00000
132866,507,2,0,0.00000
132867,507,2,0,0.00000
132868,507,2,0,0.00000
132869,507,2,0,0.00000
132870,507,2,0,0.00000
132871,507,2,0,0.00000
132872,507,2,0,0.00000
132874,507,2,0,0.00000
132875,507,2,0,0.00000
132876,507,2,0,0.00000
132877,507,2,0,0.00000
132878,507,2,0,0.00000
132879,507,2,0,0.00000
132880,507,2,0,0.00000
132881,507,2,0,0.00000
132882,507,2,0,0.00000
132883,507,2,0,0.00000
132884,507,2,0,0.00000
132886,507,2,0,0.00000
132887,507,2,0,0.00000
132888,507,2,0,0.00000
132889,507,2,0,0.00000
132890,507,2,0,0.00000
132891,507,2,0,0.00000
132892,507,2,0,0.00000
132894,508,2,1,1.00000
132895,508,2,1,1.00000
132896,508,2,1,0.99930
132897,508,2,1,1.00000
132898,508,2,1,1.00000
132899,508,2,1,1.00000
132900,508,2,1,1.00000
132901,508,2,1,0.99764
132902,508,2,1,0.99988
132903,508,2,1,1.00000
132904,508,2,1,1.00000
132905,508,2,1,1.00000
132906,508,2,1,1.00000
132907,508,2,1,1.00000
132908,508,2,1,1.00000
132909,508,2,1,1.00000
132910,508,2,1,1.00000
132911,508,2,1,1.00000
132912,508,2,1,1.00000
132913,508,2,1,1.00000
132914,508,2,1,1.00000
132915,508,2,1,1.00000
132916,508,2,1,1.00000
132917,508,2,1,1.00000
132918,508,2,1,1.00000
132919,508,2,1,1.00000
132920,508,2,1,1.00000
132921,508,2,1,1.00000
132922,508,2,1,1.00000
132923,508,2,1,1.00000
132924,508,2,1,1.00000
132925,508,2,1,1.00000
132926,508,2,1,1.00000
132927,508,2,1,1.00000
132928,508,2,1,1.00000
132929,508,2,1,1.00000
132930,508,2,1,1.00000
132931,508,2,1,1.00000
132932,508,2,1,1.00000
132933,508,2,1,1.00000
132934,508,2,1,1.00000
132935,508,2,1,1.00000
132936,508,2,1,0.99997
132937,508,2,1,1.00000
132938,508,2,1,1.00000
132939,508,2,1,1.00000
132940,508,2,1,1.00000
132942,509,2,0,0.00001
132943,509,2,0,0.00000
132944,509,2,0,0.00000
132945,509,2,0,0.00001
132946,509,2,0,0.00000
132947,509,2,0,0.00000
132948,509,2,0,0.00000
132949,509,2,0,0.00000
132950,509,2,0,0.00000
132951,509,2,0,0.00000
132952,509,2,0,0.00000
132953,509,2,0,0.00000
132954,509,2,0,0.00000
132955,509,2,0,0.00000
132956,509,2,0,0.00000
132957,509,2,0,0.00000
132958,509,2,0,0.00000
132959,509,2,0,0.00000
132960,509,2,0,0.00000
132961,509,2,0,0.00000
132962,509,2,0,0.00000
132963,509,2,0,0.00000
132964,509,2,0,0.00000
132966,509,2,0,0.00000
132967,509,2,0,0.00000
132975,509,2,0,0.00000
132976,509,2,0,0.00000
132977,509,2,0,0.00000
132978,509,2,0,0.00000
132979,509,2,0,0.00000
132980,509,2,0,0.00000
132981,509,2,0,0.00000
132982,509,2,0,0.00000
132983,509,2,0,0.00000
132984,509,2,0,0.00000
132985,509,2,0,0.00001
132986,509,2,0,0.00000
132987,509,2,0,0.00000
132988,509,2,0,0.00000
132989,509,2,0,0.00000
132990,509,2,0,0.00000
132991,509,2,0,0.00001
132992,509,2,0,0.00001
132993,509,2,0,0.00000
132994,509,2,0,0.00000
132995,509,2,0,0.00000
132996,509,2,0,0.00000
132997,509,2,0,0.00000
132998,509,2,0,0.00000
132999,509,2,0,0.00002
133000,509,2,0,0.00001
133001,509,2,0,0.00000
133002,509,2,0,0.00000
133003,509,2,0,0.00000
133004,509,2,0,0.00000
133005,509,2,0,0.00000
133006,509,2,0,0.00000
133007,509,2,0,0.00000
133008,509,2,0,0.00000
133011,509,2,0,0.00000
133012,509,2,0,0.00000
133013,509,2,0,0.00000
133014,509,2,0,0.00000
133015,509,2,0,0.00000
133016,509,2,0,0.00000
133017,509,2,0,0.00000
133018,509,2,0,0.00000
133019,509,2,0,0.00000
133020,509,2,0,0.00000
133021,509,2,0,0.00000
133022,509,2,0,0.00000
133023,509,2,0,0.00001
133024,509,2,0,0.00000
133025,509,2,0,0.00000
133027,509,2,0,0.00000
133028,509,2,0,0.00000
133029,509,2,0,0.00000
133030,509,2,0,0.00000
133031,509,2,0,0.00000
133032,509,2,0,0.00000
133033,509,2,0,0.00000
133034,509,2,0,0.00000
133035,509,2,0,0.00000
133036,509,2,0,0.00000
133037,509,2,0,0.00000
133038,509,2,0,0.00000
133039,509,2,0,0.00000
133040,509,2,0,0.00000
133041,509,2,0,0.00000
133042,509,2,0,0.00000
133043,509,2,0,0.00000
133044,509,2,0,0.00000
133045,509,2,0,0.00000
133046,509,2,0,0.00000
133047,509,2,0,0.00000
133048,509,2,0,0.00000
133049,509,2,0,0.00000
133050,509,2,0,0.00000
133051,509,2,0,0.00000
133052,509,2,0,0.00000
133053,509,2,0,0.00000
133067,509,2,0,0.00000
133068,509,2,0,0.00000
133069,509,2,0,0.00000
133072,509,2,0,0.00000
133073,509,2,0,0.00000
133074,509,2,0,0.00000
133075,509,2,0,0.00000
133076,509,2,0,0.00000
133077,509,2,0,0.00000
133078,509,2,0,0.00000
133079,509,2,0,0.00000
133080,509,2,0,0.00000
133081,509,2,0,0.00000
133082,509,2,0,0.00000
133083,509,2,0,0.00000
133084,509,2,0,0.00000
133085,509,2,0,0.00000
133086,509,2,0,0.00000
133087,509,2,0,0.00000
133088,509,2,0,0.00000
133089,509,2,0,0.00000
133090,509,2,0,0.00000
133091,509,2,0,0.00000
133092,509,2,0,0.00000
133093,509,2,0,0.00000
133094,509,2,0,0.00000
133095,509,2,0,0.00000
133096,509,2,0,0.00000
133097,509,2,0,0.00000
133098,509,2,0,0.00000
133099,509,2,0,0.00000
133100,509,2,0,0.00000
133101,509,2,0,0.00000
133102,509,2,0,0.00000
133103,509,2,0,0.00000
133104,509,2,0,0.00000
133105,509,2,0,0.00001
133106,509,2,0,0.00001
133107,509,2,0,0.00000
133108,509,2,0,0.00000
133110,509,2,0,0.00000
133111,509,2,0,0.00000
133112,509,2,0,0.00000
133113,509,2,0,0.00000
133114,509,2,0,0.00000
133115,509,2,0,0.00000
133116,509,2,0,0.00000
133117,509,2,0,0.00000
133118,509,2,0,0.00000
133120,509,2,0,0.00000
133121,509,2,0,0.00000
133123,509,2,0,0.00000
133124,509,2,0,0.00000
133125,509,2,0,0.00000
133126,509,2,0,0.00000
133127,509,2,0,0.00000
133128,509,2,0,0.00000
133129,509,2,0,0.00000
133130,509,2,0,0.00000
133131,509,2,0,0.00000
133132,509,2,0,0.00000
133133,509,2,0,0.00000
133134,509,2,0,0.00000
133135,509,2,0,0.00000
133136,509,2,0,0.00000
133137,509,2,0,0.00000
133138,509,2,0,0.00000
133139,509,2,0,0.00002
133142,509,2,0,0.00000
133143,509,2,0,0.00062
133144,509,2,0,0.00000
133145,509,2,0,0.00000
133146,509,2,0,0.00000
133147,509,2,0,0.00000
133148,509,2,0,0.00001
133149,509,2,0,0.00002
133150,509,2,0,0.00001
133151,509,2,0,0.00008
133157,509,2,0,0.00000
133176,509,2,0,0.00000
133177,509,2,0,0.00000
133178,509,2,0,0.00000
133179,509,2,0,0.00000
133180,509,2,0,0.00000
133181,509,2,0,0.00000
133182,509,2,0,0.00000
133183,509,2,0,0.00000
133184,509,2,0,0.00000
133185,509,2,0,0.00000
133186,509,2,0,0.00000
133187,509,2,0,0.00000
133188,509,2,0,0.00000
133189,509,2,0,0.00000
133190,509,2,0,0.00000
133191,509,2,0,0.00000
133192,509,2,0,0.00000
133193,509,2,0,0.00000
133194,509,2,0,0.00000
133195,509,2,0,0.00001
133196,509,2,0,0.00000
133197,509,2,0,0.00000
133198,509,2,0,0.00000
133200,509,2,0,0.00000
133201,509,2,0,0.00000
133202,509,2,0,0.00000
133203,509,2,0,0.00000
133204,509,2,0,0.00000
133205,509,2,0,0.00000
133206,509,2,0,0.00000
133207,509,2,0,0.00000
133208,509,2,0,0.00000
133209,509,2,0,0.00000
133210,509,2,0,0.00000
133211,509,2,0,0.00000
133212,509,2,0,0.00000
133213,509,2,0,0.00000
133214,509,2,0,0.00000
133215,509,2,0,0.00000
133216,509,2,0,0.00000
133217,509,2,0,0.00000
133218,509,2,0,0.00000
133219,509,2,0,0.00000
133220,509,2,0,0.00000
133241,509,2,0,0.00000
133242,509,2,0,0.00000
133243,509,2,0,0.00000
133244,509,2,0,0.00000
133245,509,2,0,0.00000
133246,509,2,0,0.00000
133247,509,2,0,0.00000
133248,509,2,0,0.00000
133249,509,2,0,0.00000
133250,509,2,0,0.00000
133251,509,2,0,0.00000
133252,509,2,0,0.00000
133253,509,2,0,0.00000
133254,509,2,0,0.00000
133255,509,2,0,0.00000
133256,509,2,0,0.00000
133257,509,2,0,0.00000
133258,509,2,0,0.00000
133259,509,2,0,0.00000
133260,509,2,0,0.00000
133261,509,2,0,0.00000
133262,509,2,0,0.00000
133263,509,2,0,0.00000
133264,509,2,0,0.00000
133265,509,2,0,0.00000
133266,509,2,0,0.00000
133267,509,2,0,0.00000
133268,509,2,0,0.00000
133269,509,2,0,0.00000
133270,509,2,0,0.00000
133271,509,2,0,0.00000
133272,509,2,0,0.00000
133273,509,2,0,0.00000
133274,509,2,0,0.00000
133275,509,2,0,0.00000
133276,509,2,0,0.00000
133277,509,2,0,0.00000
133278,509,2,0,0.00000
133279,509,2,0,0.00000
133280,509,2,0,0.00000
133282,509,2,0,0.00000
133283,509,2,0,0.00000
133284,509,2,0,0.00000
133285,509,2,0,0.00000
133286,509,2,0,0.00000
133287,509,2,0,0.00000
133288,509,2,0,0.00000
133289,509,2,0,0.00000
133290,509,2,0,0.00000
133291,509,2,0,0.00000
133293,509,2,0,0.00000
133294,509,2,0,0.00000
133295,509,2,0,0.00000
133296,509,2,0,0.00000
133297,509,2,0,0.00000
133298,509,2,0,0.00000
133299,509,2,0,0.00000
133300,509,2,0,0.00000
133301,509,2,0,0.00000
133302,509,2,0,0.00000
133303,509,2,0,0.00000
133304,509,2,0,0.00000
133305,509,2,0,0.00000
133306,509,2,0,0.00000
133307,509,2,0,0.00000
133308,509,2,0,0.00000
133309,509,2,0,0.00000
133310,509,2,0,0.00000
133311,509,2,0,0.00002
133312,509,2,0,0.00003
133313,509,2,0,0.00002
133315,509,2,0,0.00004
133316,509,2,0,0.00000
133317,509,2,0,0.00000
133318,509,2,0,0.00000
133319,509,2,0,0.00000
133332,509,2,0,0.00000
133333,509,2,0,0.00000
133334,509,2,0,0.00000
133335,509,2,0,0.00000
133336,509,2,0,0.00000
133337,509,2,0,0.00000
133338,509,2,0,0.00000
133339,509,2,0,0.00000
133340,509,2,0,0.00000
133341,509,2,0,0.00000
133342,509,2,0,0.00000
133343,509,2,0,0.00000
133344,510,3,1,1.00000
133345,510,3,1,1.00000
133346,510,3,1,1.00000
133347,510,3,1,1.00000
133348,510,3,1,1.00000
133350,510,3,1,1.00000
133352,510,3,0,0.95293
133353,510,3,0,0.98604
133354,510,3,0,0.99909
133355,510,3,0,0.99956
133356,510,3,0,0.99956
133357,510,3,0,0.99973
133358,510,3,0,0.99986
133359,510,3,0,0.99973
133360,510,3,0,0.99743
133361,510,3,0,0.11676
133362,510,3,0,0.00017
133363,510,3,0,0.00004
133364,510,3,0,0.00018
133365,510,3,0,0.00002
133366,510,3,0,0.00007
133367,510,3,0,0.00018
133368,510,3,0,0.99935
133370,510,3,0,0.98379
133371,510,3,0,0.98854
133372,510,3,0,0.84947
133373,510,3,0,0.99926
133374,510,3,0,0.99990
133375,510,3,0,0.99577
133376,510,3,0,0.77999
133377,510,3,0,0.38624
133429,512,0,0,0.00062
133430,512,0,0,0.00000
133431,512,0,0,0.00000
133432,512,0,0,0.00000
133433,512,0,0,0.00000
133434,512,0,0,0.00000
133435,512,0,0,0.00000
133436,512,0,0,0.00000
133437,512,0,0,0.00000
133438,512,0,0,0.00000
133439,512,0,0,0.00000
133440,512,0,0,0.00000
133441,512,0,0,0.00000
133442,512,0,0,0.00000
133443,512,0,0,0.00000
133444,512,0,0,0.00000
133445,512,0,0,0.00000
133446,512,0,0,0.00000
133447,512,0,0,0.00000
133448,512,0,0,0.00000
133449,512,0,0,0.00000
133450,512,0,0,0.00000
133451,512,0,0,0.00000
133452,512,0,0,0.00000
133453,512,0,0,0.00000
133454,512,0,0,0.00000
133455,512,0,0,0.00000
133456,512,0,0,0.00000
133457,512,0,0,0.00000
133458,512,0,0,0.00000
133460,512,0,0,0.00000
133461,512,0,0,0.00000
133462,512,0,0,0.00000
133464,512,0,0,0.00000
133465,512,0,0,0.00000
133467,512,0,0,0.00000
133468,512,0,0,0.00000
133469,512,0,0,0.00000
133470,512,0,0,0.00000
133471,512,0,0,0.00000
133472,512,0,0,0.00000
133473,512,0,0,0.00000
133474,512,0,0,0.00000
133475,512,0,0,0.00000
133476,512,0,0,0.00000
133477,512,0,0,0.00000
133478,512,0,0,0.00000
133479,512,0,0,0.00000
133480,512,0,0,0.00000
133481,512,0,0,0.00000
133482,512,0,0,0.00000
133483,512,0,0,0.00000
133484,512,0,0,0.00001
133485,512,0,0,0.00000
133486,512,0,0,0.00000
133487,512,0,0,0.00001
133488,512,0,0,0.00002
133489,512,0,0,0.00000
133490,513,1,0,0.00000
133491,513,1,0,0.00000
133492,513,1,0,0.00000
133493,513,1,0,0.00000
133494,513,1,0,0.00000
133495,513,1,0,0.00000
133496,513,1,0,0.00000
133497,513,1,0,0.00000
133498,513,1,0,0.00000
133499,513,1,0,0.00000
133500,513,1,0,0.00000
133501,513,1,0,0.00000
133502,513,1,0,0.00000
133503,513,1,0,0.00000
133504,513,1,0,0.00000
133505,513,1,0,0.00000
133506,513,1,0,0.00000
133507,513,1,0,0.00000
133508,513,1,0,0.00000
133509,513,1,0,0.00000
133510,513,1,0,0.00000
133511,513,1,0,0.00000
133520,513,1,0,0.00000
133522,513,1,0,0.00000
133523,513,1,0,0.00000
133524,513,1,0,0.00000
133525,513,1,0,0.00000
133526,513,1,0,0.00000
133527,513,1,0,0.00000
133528,513,1,0,0.00000
133529,513,1,0,0.00000
133530,513,1,0,0.00000
133531,513,1,0,0.00000
133532,513,1,0,0.00000
133533,513,1,0,0.00000
133534,513,1,0,0.00000
133536,513,1,0,0.00000
133537,513,1,0,0.00000
133538,513,1,0,0.00000
133540,514,1,0,0.00001
133541,514,1,0,0.00000
133542,514,1,0,0.00000
133543,514,1,0,0.00000
133544,514,1,0,0.00000
133545,514,1,0,0.00000
133546,514,1,0,0.00000
133547,514,1,0,0.00000
133548,514,1,0,0.00000
133549,514,1,0,0.00000
133550,514,1,0,0.00000
133551,514,1,0,0.00000
133552,514,1,0,0.00000
133553,514,1,0,0.00001
133566,514,1,0,0.00001
133567,514,1,0,0.00000
133568,514,1,0,0.00000
133569,514,1,0,0.00000
133570,514,1,0,0.00000
133571,514,1,0,0.00000
133572,514,1,0,0.00000
133573,514,1,0,0.00000
133574,514,1,0,0.00000
133575,514,1,0,0.00000
133576,514,1,0,0.00000
133577,514,1,0,0.00000
133578,514,1,0,0.00000
133579,514,1,0,0.00000
133580,514,1,0,0.00000
133581,514,1,0,0.00000
133582,514,1,0,0.00000
133583,514,1,0,0.00000
133584,514,1,0,0.00000
133585,514,1,0,0.00000
133586,514,1,0,0.00000
133587,514,1,0,0.00000
133588,514,1,0,0.00001
133589,514,1,0,0.00000
133590,514,1,0,0.00000
133591,514,1,0,0.00001
133592,514,1,0,0.00000
133593,514,1,0,0.00000
133594,514,1,0,0.00001
133595,514,1,0,0.00001
133600,515,3,0,0.04485
133601,515,3,0,0.00065
133602,515,3,0,0.00002
133603,515,3,0,0.00000
133604,515,3,0,0.00000
133605,515,3,0,0.00000
133606,515,3,0,0.00000
133607,515,3,0,0.00000
133608,515,3,0,0.00000
133609,515,3,0,0.00000
133610,515,3,0,0.00000
133611,515,3,0,0.00000
133612,515,3,0,0.00000
133613,515,3,0,0.00000
133614,515,3,0,0.00000
133615,515,3,0,0.00000
133616,515,3,0,0.00000
133617,515,3,0,0.00000
133618,515,3,0,0.00000
133619,515,3,0,0.00000
133620,515,3,0,0.00000
133621,515,3,0,0.00000
133622,515,3,0,0.00000
133623,515,3,0,0.00000
133624,515,3,0,0.00000
133625,515,3,0,0.00000
133626,515,3,0,0.00002
133628,515,3,0,0.00000
133629,515,3,0,0.00000
133630,515,3,0,0.00000
133631,515,3,0,0.00000
133632,515,3,0,0.00000
133633,515,3,0,0.00000
133634,515,3,0,0.00000
133635,515,3,0,0.00000
133636,515,3,0,0.00000
133637,515,3,0,0.00000
133638,515,3,0,0.00000
133639,515,3,0,0.00000
133640,515,3,0,0.00000
133641,515,3,0,0.00000
133642,515,3,0,0.00000
133643,515,3,0,0.00000
133644,515,3,0,0.00000
133645,515,3,0,0.00000
133646,515,3,0,0.00000
133647,515,3,0,0.00000
133648,515,3,0,0.00000
133649,515,3,0,0.00000
133650,515,3,0,0.00000
133651,515,3,0,0.00000
133652,515,3,0,0.00000
133653,515,3,0,0.00000
133654,515,3,0,0.00000
133655,515,3,0,0.00003
133656,515,3,0,0.00003
133657,515,3,0,0.00430
133658,515,3,0,0.10913
133659,516,3,0,0.00000
133660,516,3,0,0.00000
133661,516,3,0,0.00000
133662,516,3,0,0.00000
133663,516,3,0,0.00000
133664,516,3,0,0.00000
133665,516,3,0,0.00000
133666,516,3,0,0.00000
133667,516,3,0,0.00000
133668,516,3,0,0.00000
133669,516,3,0,0.00000
133670,516,3,0,0.00000
133671,516,3,0,0.00000
133672,516,3,0,0.00000
133673,516,3,0,0.00000
133674,516,3,0,0.00000
133675,516,3,0,0.00000
133676,516,3,0,0.00000
133677,516,3,0,0.00000
133678,516,3,0,0.00000
133679,516,3,0,0.00000
133680,516,3,0,0.00000
133681,516,3,0,0.00000
133682,516,3,0,0.00000
133683,516,3,0,0.00000
133684,516,3,0,0.00000
133685,516,3,0,0.00000
133690,516,3,0,0.00000
133694,516,3,0,0.00000
133695,516,3,0,0.00000
133696,516,3,0,0.00000
133697,516,3,0,0.00000
133698,516,3,0,0.00000
133699,516,3,0,0.00000
133700,516,3,0,0.00000
133701,516,3,0,0.00000
133702,516,3,0,0.00000
133703,516,3,0,0.00000
133704,516,3,0,0.00000
133705,516,3,0,0.00000
133706,516,3,0,0.00000
133707,516,3,0,0.00000
133708,516,3,0,0.00000
133709,516,3,0,0.00000
133710,516,3,0,0.00000
133711,516,3,0,0.00000
133712,516,3,0,0.00000
133713,516,3,0,0.00000
133714,516,3,0,0.00000
133717,516,3,0,0.00049
133718,516,3,0,0.00014
133719,517,0,0,0.00004
133720,517,0,0,0.00001
133721,517,0,0,0.00001
133722,517,0,0,0.00000
133723,517,0,0,0.00000
133724,517,0,0,0.00000
133725,517,0,0,0.00000
133726,517,0,0,0.00000
133727,517,0,0,0.00000
133728,517,0,0,0.00000
133729,517,0,0,0.00000
133730,517,0,0,0.00000
133731,517,0,0,0.00000
133732,517,0,0,0.00000
133733,517,0,0,0.00000
133734,517,0,0,0.00000
133735,517,0,0,0.00000
133736,517,0,0,0.00000
133737,517,0,0,0.00000
133738,517,0,0,0.00000
133739,517,0,0,0.00000
133740,517,0,0,0.00000
133741,517,0,0,0.00000
133742,517,0,0,0.00000
133743,517,0,0,0.00000
133744,517,0,0,0.00000
133745,517,0,0,0.00000
133746,517,0,0,0.00000
133747,517,0,0,0.00000
133748,517,0,0,0.00000
133759,517,0,0,0.00000
133760,517,0,0,0.00000
133761,517,0,0,0.00000
133762,517,0,0,0.00000
133763,517,0,0,0.00000
133764,517,0,0,0.00000
133765,517,0,0,0.00000
133766,517,0,0,0.00000
133767,517,0,0,0.00000
133768,517,0,0,0.00000
133769,517,0,0,0.00000
133770,517,0,0,0.00000
133771,517,0,0,0.00000
133772,517,0,0,0.00000
133773,517,0,0,0.00000
133774,517,0,0,0.00000
133775,517,0,0,0.00000
133776,517,0,0,0.00000
133777,517,0,0,0.00000
133779,517,0,0,0.00001
133780,517,0,0,0.00002
133781,517,0,0,0.00001
133783,517,0,0,0.00003
133784,517,0,0,0.00009
133785,518,4,0,0.00000
133786,518,4,0,0.00000
133787,518,4,0,0.00000
133788,518,4,0,0.00000
133789,518,4,0,0.00000
133790,518,4,0,0.00000
133791,518,4,0,0.00000
133792,518,4,0,0.00000
133793,518,4,0,0.00000
133794,518,4,0,0.00000
133795,518,4,0,0.00000
133796,518,4,0,0.00000
133797,518,4,0,0.00000
133798,518,4,0,0.00000
133799,518,4,0,0.00000
133800,518,4,0,0.00000
133801,518,4,0,0.00000
133802,518,4,0,0.00000
133803,518,4,0,0.00000
133804,518,4,0,0.00000
133805,518,4,0,0.00000
133806,518,4,0,0.00000
133807,518,4,0,0.00000
133808,518,4,0,0.00000
133809,518,4,0,0.00000
133810,518,4,0,0.00000
133811,518,4,0,0.00000
133813,518,4,0,0.00000
133814,518,4,0,0.00000
133815,518,4,0,0.00000
133816,518,4,0,0.00000
133817,518,4,0,0.00000
133818,518,4,0,0.00000
133819,518,4,0,0.00000
133820,518,4,0,0.00000
133821,518,4,0,0.00000
133822,518,4,0,0.00000
133823,518,4,0,0.00000
133824,518,4,0,0.00000
133828,518,4,0,0.00000
133829,518,4,0,0.00000
133830,518,4,0,0.00000
133833,518,4,0,0.00000
133843,518,4,0,0.00000
133844,518,4,0,0.00000
133845,518,4,0,0.00000
133854,518,4,0,0.00000
133855,518,4,0,0.00000
133856,518,4,0,0.00000
133857,518,4,0,0.00000
133858,518,4,0,0.00000
133859,518,4,0,0.00000
133860,518,4,0,0.00000
133861,518,4,0,0.00000
133862,518,4,0,0.00000
133863,518,4,0,0.00000
133864,518,4,0,0.00000
133865,518,4,0,0.00000
133866,518,4,0,0.00000
133867,518,4,0,0.00000
133868,518,4,0,0.00000
133869,518,4,0,0.00000
133870,518,4,0,0.00000
133871,518,4,0,0.00000
133872,518,4,0,0.00000
133873,518,4,0,0.00000
133874,518,4,0,0.00000
133875,518,4,0,0.00000
133876,518,4,0,0.00000
133877,518,4,0,0.00000
133878,519,4,0,0.00000
133879,519,4,0,0.00000
133880,519,4,0,0.00000
133881,519,4,0,0.00000
133882,519,4,0,0.00000
133883,519,4,0,0.00000
133884,519,4,0,0.00000
133885,519,4,0,0.00000
133886,519,4,0,0.00000
133887,519,4,0,0.00000
133888,519,4,0,0.00000
133889,519,4,0,0.00000
133890,519,4,0,0.00000
133891,519,4,0,0.00000
133892,519,4,0,0.00000
133893,519,4,0,0.00000
133894,519,4,0,0.00000
133895,519,4,0,0.00000
133896,519,4,0,0.00000
133897,519,4,0,0.00000
133898,519,4,0,0.00000
133899,519,4,0,0.00000
133900,519,4,0,0.00000
133901,519,4,0,0.00000
133902,519,4,0,0.00000
133928,519,4,0,0.00000
133930,519,4,0,0.00000
133931,519,4,0,0.00000
133933,519,4,0,0.00000
133934,519,4,0,0.00000
133935,519,4,0,0.00000
133936,519,4,0,0.00000
133937,519,4,0,0.00000
133938,519,4,0,0.00000
133939,519,4,0,0.00000
133940,519,4,0,0.00000
133941,519,4,0,0.00000
133943,519,4,0,0.00000
133944,519,4,0,0.00000
133945,519,4,0,0.00000
133946,519,4,0,0.00000
133947,519,4,0,0.00000
133948,519,4,0,0.00000
133949,519,4,0,0.00000
133950,519,4,0,0.00000
133951,519,4,0,0.00000
133952,519,4,0,0.00000
133953,519,4,0,0.00000
133954,519,4,0,0.00000
133955,519,4,0,0.00000
133956,519,4,0,0.00000
133957,519,4,0,0.00000
133958,519,4,0,0.00000
133959,519,4,0,0.00000
133960,519,4,0,0.00000
133961,520,3,0,0.00000
133962,520,3,0,0.00000
133963,520,3,0,0.00000
133964,520,3,0,0.00000
133965,520,3,0,0.00000
133966,520,3,0,0.00000
133967,520,3,0,0.00001
133968,520,3,0,0.00000
133969,520,3,0,0.00001
133970,520,3,0,0.00000
133971,520,3,0,0.00004
133972,520,3,0,0.00005
133973,520,3,0,0.00003
133974,520,3,0,0.00035
133975,520,3,0,0.00005
133976,520,3,0,0.00001
133977,520,3,0,0.00001
133978,520,3,0,0.00000
133979,520,3,0,0.00000
133980,520,3,0,0.00000
133981,520,3,0,0.00000
133982,520,3,0,0.00000
133983,520,3,0,0.00000
133984,520,3,0,0.00000
133985,520,3,0,0.00000
134008,520,3,0,0.00000
134011,520,3,0,0.00000
134016,520,3,0,0.00003
134017,520,3,0,0.00000
134018,520,3,0,0.00000
134019,520,3,0,0.00000
134020,520,3,0,0.00000
134021,520,3,0,0.00000
134022,520,3,0,0.00000
134023,520,3,0,0.00000
134024,520,3,0,0.00000
134025,520,3,0,0.00000
134026,520,3,0,0.00000
134027,520,3,0,0.00000
134028,520,3,0,0.00000
134108,521,0,0,0.00000
134203,521,0,0,0.00000
134204,521,0,0,0.00003
134205,521,0,0,0.00000
134206,521,0,0,0.00000
134207,521,0,0,0.00000
134208,521,0,0,0.00000
134209,521,0,0,0.00000
134210,521,0,0,0.00000
134211,521,0,0,0.00000
134213,521,0,0,0.00000
134215,521,0,0,0.00000
134216,521,0,0,0.00000
134217,521,0,0,0.00000
134218,521,0,0,0.00000
134219,521,0,0,0.00000
134220,521,0,0,0.00000
134221,521,0,0,0.00000
134222,521,0,0,0.00000
134223,521,0,0,0.00000
134224,521,0,0,0.00000
134225,521,0,0,0.00000
134226,521,0,0,0.00000
134227,521,0,0,0.00000
134228,521,0,0,0.00000
134229,521,0,0,0.00000
134232,521,0,0,0.00000
134235,521,0,0,0.00000
134237,521,0,0,0.00000
134238,521,0,0,0.00000
134240,521,0,0,0.00000
134244,521,0,0,0.00000
134252,521,0,0,0.00000
134254,521,0,0,0.00000
134256,521,0,0,0.00000
134257,521,0,0,0.00000
134258,521,0,0,0.00000
134260,521,0,0,0.00000
134261,521,0,0,0.00000
134262,521,0,0,0.00000
134263,521,0,0,0.00000
134264,521,0,0,0.00000
134265,521,0,0,0.00000
134266,521,0,0,0.00000
134267,521,0,0,0.00000
134268,521,0,0,0.00000
134270,521,0,0,0.00000
134274,521,0,0,0.00000
134275,521,0,0,0.00000
134276,521,0,0,0.00000
134277,521,0,0,0.00000
134278,521,0,0,0.00000
134279,521,0,0,0.00000
134280,521,0,0,0.00000
134281,521,0,0,0.00000
134282,521,0,0,0.00000
134283,521,0,0,0.00000
134284,521,0,0,0.00000
134285,521,0,0,0.00000
134286,521,0,0,0.00000
134287,521,0,0,0.00000
134288,521,0,0,0.00000
134289,521,0,0,0.00000
134290,521,0,0,0.00000
134291,521,0,0,0.00000
134292,521,0,0,0.00000
134293,521,0,0,0.00000
134294,521,0,0,0.00000
134295,521,0,0,0.00000
134296,521,0,0,0.00000
134297,521,0,0,0.00000
134299,521,0,0,0.00000
134300,521,0,0,0.00000
134301,521,0,0,0.00000
134302,521,0,0,0.00000
134303,521,0,0,0.00000
134304,521,0,0,0.00000
134305,521,0,0,0.00000
134306,521,0,0,0.00000
134307,521,0,0,0.00000
134308,521,0,0,0.00000
134309,521,0,0,0.00000
134310,521,0,0,0.00000
134312,521,0,0,0.00000
134313,521,0,0,0.00000
134314,521,0,0,0.00000
134315,521,0,0,0.00000
134316,521,0,0,0.00000
134317,521,0,0,0.00000
134318,521,0,0,0.00000
134319,521,0,0,0.00000
134320,521,0,0,0.00000
134321,521,0,0,0.00000
134322,521,0,0,0.00000
134323,521,0,0,0.00000
134327,521,0,0,0.00000
134328,521,0,0,0.00000
134329,521,0,0,0.00000
134330,521,0,0,0.00000
134331,521,0,0,0.00000
134336,521,0,0,0.00000
134337,521,0,0,0.00000
134338,521,0,0,0.00000
134339,521,0,0,0.00000
134340,521,0,0,0.00000
134341,521,0,0,0.00000
134342,521,0,0,0.00000
134343,521,0,0,0.00000
134344,521,0,0,0.00000
134345,521,0,0,0.00000
134346,521,0,0,0.00000
134347,521,0,0,0.00000
134348,521,0,0,0.00000
134350,521,0,0,0.00000
134351,521,0,0,0.00000
134352,521,0,0,0.00001
134353,521,0,0,0.00000
134354,521,0,0,0.00000
134355,521,0,0,0.00000
134356,521,0,0,0.00000
134357,521,0,0,0.00000
134358,521,0,0,0.00000
134359,521,0,0,0.00000
134360,521,0,0,0.00000
134361,521,0,0,0.00000
134362,521,0,0,0.00000
134363,521,0,0,0.00000
134364,521,0,0,0.00000
134365,521,0,0,0.00000
134366,521,0,0,0.00000
134367,521,0,0,0.00000
134368,521,0,0,0.00000
134369,521,0,0,0.00000
134370,521,0,0,0.00000
134371,521,0,0,0.00000
134372,521,0,0,0.00000
134374,521,0,0,0.00000
134376,521,0,0,0.00000
134377,521,0,0,0.00000
134378,521,0,0,0.00000
134379,521,0,0,0.00000
134380,521,0,0,0.00000
134381,521,0,0,0.00000
134382,521,0,0,0.00000
134383,521,0,0,0.00000
134384,521,0,0,0.00000
134385,521,0,0,0.00000
134386,521,0,0,0.00000
134387,521,0,0,0.00000
134388,521,0,0,0.00002
134389,521,0,0,0.00004
134390,522,3,0,0.00022
134391,522,3,0,0.00026
134392,522,3,0,0.00000
134393,522,3,0,0.00000
134394,522,3,0,0.00001
134395,522,3,0,0.00000
134396,522,3,0,0.00000
134397,522,3,0,0.00000
134398,522,3,0,0.00000
134399,522,3,0,0.00000
134400,522,3,0,0.00000
134401,522,3,0,0.00000
134402,522,3,0,0.00000
134403,522,3,0,0.00000
134404,522,3,0,0.00000
134405,522,3,0,0.00000
134406,522,3,0,0.00000
134407,522,3,0,0.00000
134408,522,3,0,0.00000
134409,522,3,0,0.00000
134410,522,3,0,0.00000
134411,522,3,0,0.00000
134412,522,3,0,0.00000
134413,522,3,0,0.00000
134414,522,3,0,0.00000
134415,522,3,0,0.00000
134416,522,3,0,0.00000
134417,522,3,0,0.00000
134418,522,3,0,0.00000
134419,522,3,0,0.00000
134420,522,3,0,0.00000
134421,522,3,0,0.00000
134422,522,3,0,0.00000
134423,522,3,0,0.00000
134424,522,3,0,0.00000
134425,522,3,0,0.00000
134426,522,3,0,0.00000
134427,522,3,0,0.00000
134428,522,3,0,0.00000
134429,522,3,0,0.00000
134430,522,3,0,0.00000
134431,522,3,0,0.00000
134432,522,3,0,0.00000
134433,522,3,0,0.00000
134434,522,3,0,0.00000
134435,522,3,0,0.00000
134436,522,3,0,0.00000
134437,522,3,0,0.00000
134438,522,3,0,0.00000
134439,522,3,0,0.00000
134440,522,3,0,0.00000
134441,522,3,0,0.00000
134442,522,3,0,0.00000
134444,522,3,0,0.00000
134447,522,3,0,0.00000
134448,522,3,0,0.00000
134449,522,3,0,0.00000
134450,522,3,0,0.00000
134451,522,3,0,0.00000
134452,522,3,0,0.00000
134453,522,3,0,0.00000
134454,522,3,0,0.00000
134455,522,3,0,0.00000
134456,522,3,0,0.00000
134457,522,3,0,0.00000
134458,522,3,0,0.00000
134459,522,3,0,0.00000
134460,522,3,0,0.00000
134461,522,3,0,0.00000
134462,522,3,0,0.00000
134463,522,3,0,0.00000
134464,522,3,0,0.00000
134465,522,3,0,0.00000
134466,522,3,0,0.00000
134467,522,3,0,0.00000
134468,522,3,0,0.00000
134469,522,3,0,0.00000
134470,522,3,0,0.00000
134471,522,3,0,0.00000
134472,522,3,0,0.00000
134473,522,3,0,0.00000
134474,522,3,0,0.00000
134475,522,3,0,0.00000
134476,522,3,0,0.00000
134477,522,3,0,0.00000
134478,522,3,0,0.00000
134479,522,3,0,0.00000
134480,522,3,0,0.00000
134481,522,3,0,0.00000
134482,522,3,0,0.00000
134483,522,3,0,0.00000
134484,522,3,0,0.00000
134485,522,3,0,0.00000
134486,522,3,0,0.00000
134487,522,3,0,0.00000
134488,522,3,0,0.00003
134489,522,3,0,0.00002
134490,522,3,0,0.00005
134491,522,3,0,0.00091
134492,522,3,0,0.00005
134494,522,3,0,0.00000
134495,522,3,0,0.00000
134496,522,3,0,0.00000
134497,522,3,0,0.00000
134498,522,3,0,0.00000
134499,522,3,0,0.00000
134500,522,3,0,0.00000
134501,522,3,0,0.00000
134502,522,3,0,0.00000
134503,522,3,0,0.00000
134504,522,3,0,0.00000
134505,522,3,0,0.00000
134506,522,3,0,0.00000
134507,522,3,0,0.00000
134508,522,3,0,0.00000
134509,522,3,0,0.00000
134510,522,3,0,0.00000
134511,522,3,0,0.00000
134512,522,3,0,0.00000
134513,522,3,0,0.00000
134514,522,3,0,0.00000
134515,522,3,0,0.00000
134516,522,3,0,0.00000
134517,522,3,0,0.00000
134518,522,3,0,0.00000
134519,522,3,0,0.00000
134520,522,3,0,0.00000
134521,522,3,0,0.00000
134522,522,3,0,0.00000
134523,522,3,0,0.00000
134524,522,3,0,0.00000
134525,522,3,0,0.00000
134526,522,3,0,0.00000
134527,522,3,0,0.00000
134528,522,3,0,0.00000
134529,522,3,0,0.00000
134530,522,3,0,0.00000
134531,522,3,0,0.00000
134532,522,3,0,0.00000
134533,522,3,0,0.00000
134534,522,3,0,0.00000
134535,522,3,0,0.00000
134537,522,3,0,0.00000
134538,522,3,0,0.00000
134539,522,3,0,0.00000
134540,522,3,0,0.00000
134541,522,3,0,0.00000
134542,522,3,0,0.00000
134543,522,3,0,0.00000
134545,522,3,0,0.00000
134546,522,3,0,0.00000
134548,522,3,0,0.00000
134549,522,3,0,0.00000
134550,522,3,0,0.00000
134551,522,3,0,0.00000
134552,522,3,0,0.00000
134554,522,3,0,0.00000
134555,522,3,0,0.00000
134556,522,3,0,0.00000
134557,522,3,0,0.00000
134558,522,3,0,0.00000
134559,522,3,0,0.00000
134560,522,3,0,0.00000
134561,522,3,0,0.00000
134562,522,3,0,0.00000
134563,522,3,0,0.00001
134564,522,3,0,0.00001
134565,522,3,0,0.00001
134566,522,3,0,0.00000
134567,522,3,0,0.00001
134568,522,3,0,0.00000
134569,522,3,0,0.00000
134570,522,3,0,0.00000
134571,522,3,0,0.00000
134572,522,3,0,0.00000
134573,522,3,0,0.00000
134574,522,3,0,0.00000
134575,522,3,0,0.00000
134576,522,3,0,0.00000
134577,522,3,0,0.00000
134578,522,3,0,0.00000
134579,522,3,0,0.00000
134580,522,3,0,0.00000
134581,522,3,0,0.00000
134582,522,3,0,0.00000
134583,522,3,0,0.00000
134584,522,3,0,0.00000
134585,522,3,0,0.00001
134587,522,3,0,0.00000
134588,522,3,0,0.00000
134589,522,3,0,0.00000
134590,522,3,0,0.00000
134591,522,3,0,0.00000
134592,522,3,0,0.00000
134593,522,3,0,0.00000
134594,522,3,0,0.00000
134595,522,3,0,0.00000
134596,522,3,0,0.00000
134597,522,3,0,0.00000
134598,522,3,0,0.00000
134599,522,3,0,0.00000
134600,522,3,0,0.00000
134601,522,3,0,0.00000
134602,522,3,0,0.00000
134603,522,3,0,0.00000
134604,522,3,0,0.00000
134605,522,3,0,0.00000
134606,522,3,0,0.00000
134607,522,3,0,0.00000
134608,522,3,0,0.00000
134609,522,3,0,0.00000
134610,522,3,0,0.00000
134611,522,3,0,0.00000
134612,522,3,0,0.00000
134613,522,3,0,0.00000
134614,522,3,0,0.00000
134615,522,3,0,0.00000
134616,522,3,0,0.00000
134617,522,3,0,0.00000
134618,522,3,0,0.00000
134619,522,3,0,0.00000
134620,522,3,0,0.00000
134621,522,3,0,0.00000
134622,522,3,0,0.00000
134623,522,3,0,0.00000
134624,522,3,0,0.00000
134625,522,3,0,0.00000
134626,522,3,0,0.00000
134627,522,3,0,0.00000
134628,522,3,0,0.00000
134629,522,3,0,0.00000
134630,522,3,0,0.00000
134631,522,3,0,0.00000
134632,522,3,0,0.00000
134633,522,3,0,0.00000
134634,522,3,0,0.00000
134635,522,3,0,0.00000
134636,522,3,0,0.00000
134637,522,3,0,0.00000
134638,522,3,0,0.00000
134639,522,3,0,0.00000
134640,522,3,0,0.00000
134641,522,3,0,0.00000
134642,522,3,0,0.00000
134643,522,3,0,0.00000
134644,522,3,0,0.00000
134645,522,3,0,0.00000
134646,522,3,0,0.00000
134647,522,3,0,0.00000
134648,522,3,0,0.00000
134649,522,3,0,0.00000
134650,522,3,0,0.00000
134651,522,3,0,0.00000
134652,522,3,0,0.00000
134653,522,3,0,0.00000
134654,522,3,0,0.00000
134655,522,3,0,0.00000
134656,522,3,0,0.00000
134657,522,3,0,0.00000
134658,522,3,0,0.00000
134659,522,3,0,0.00000
134660,522,3,0,0.00000
134661,522,3,0,0.00000
