image_id,dive_id,fold,label,p_slate
1346,32,1,1,1.00000
1347,32,1,1,1.00000
1350,32,1,1,1.00000
1372,25,4,0,0.00000
1373,25,4,0,0.00000
1374,25,4,0,0.00001
1375,25,4,0,0.00000
1376,25,4,0,0.00000
1377,25,4,0,0.00000
1378,25,4,0,0.00000
1379,25,4,0,0.00000
1380,25,4,0,0.00000
1381,25,4,0,0.00000
1393,5,1,0,0.00001
1394,5,1,0,0.00000
1395,5,1,0,0.00000
1396,5,1,0,0.00000
1397,5,1,0,0.00009
1398,5,1,0,0.00009
1400,5,1,0,0.00003
1401,5,1,0,0.00001
1402,5,1,0,0.00000
1403,5,1,0,0.00002
1404,5,1,0,0.00001
1405,5,1,0,0.00001
1406,5,1,0,0.00001
1407,5,1,0,0.00001
1408,5,1,0,0.00000
1409,5,1,0,0.00000
1428,28,1,0,0.00003
1429,28,1,0,0.00001
1430,28,1,0,0.00000
1431,28,1,0,0.00001
1432,28,1,0,0.00000
1433,28,1,0,0.00001
1434,28,1,0,0.00001
1435,28,1,0,0.00002
1436,28,1,0,0.00002
1446,20,4,0,0.00000
1447,20,4,0,0.00001
1448,20,4,0,0.00002
1449,20,4,0,0.00001
1853,8,2,0,0.00002
1854,8,2,0,0.00002
1857,39,1,0,0.00000
1858,39,1,0,0.00000
1859,39,1,0,0.00000
1866,16,1,0,0.00000
1867,16,1,0,0.00002
1868,16,1,0,0.00014
1872,35,4,0,0.00000
1873,35,4,0,0.00000
1874,35,4,0,0.00000
2025,22,0,1,1.00000
2027,22,0,1,1.00000
2028,22,0,1,1.00000
2030,22,0,1,1.00000
2031,22,0,1,1.00000
2032,22,0,1,1.00000
2033,22,0,1,1.00000
2034,22,0,1,1.00000
2035,22,0,1,1.00000
2036,22,0,1,1.00000
2608,23,1,1,1.00000
2609,23,1,1,1.00000
2610,23,1,1,1.00000
2611,23,1,1,1.00000
2612,23,1,1,1.00000
3145,83,2,1,1.00000
3147,83,2,1,1.00000
3148,83,2,1,1.00000
3149,83,2,1,1.00000
3150,83,2,1,1.00000
3151,83,2,1,1.00000
3153,83,2,1,1.00000
3154,83,2,1,1.00000
3155,83,2,1,1.00000
3156,83,2,1,1.00000
3157,83,2,1,1.00000
3158,83,2,1,1.00000
3159,83,2,1,1.00000
3160,83,2,1,1.00000
3161,83,2,1,1.00000
3162,83,2,1,1.00000
3163,83,2,1,1.00000
3164,83,2,1,1.00000
3165,83,2,1,1.00000
3166,83,2,1,1.00000
3167,83,2,1,1.00000
3168,83,2,1,1.00000
3171,83,2,1,1.00000
3172,83,2,1,1.00000
3175,83,2,1,1.00000
3176,83,2,1,1.00000
3177,83,2,1,1.00000
3244,80,0,1,1.00000
3245,80,0,1,1.00000
3246,80,0,1,1.00000
3247,80,0,1,1.00000
3248,80,0,1,1.00000
3249,80,0,1,1.00000
3250,80,0,1,1.00000
3253,80,0,1,1.00000
3254,80,0,1,1.00000
3256,80,0,1,1.00000
3257,80,0,1,1.00000
3258,80,0,1,1.00000
3259,80,0,1,1.00000
3260,80,0,1,1.00000
3261,80,0,1,1.00000
3262,80,0,1,1.00000
3263,80,0,1,1.00000
3264,80,0,1,1.00000
3265,80,0,1,1.00000
3266,80,0,1,1.00000
3267,80,0,1,1.00000
3268,80,0,1,1.00000
3269,80,0,1,1.00000
3270,80,0,1,1.00000
3271,80,0,1,1.00000
3276,80,0,1,1.00000
3277,80,0,1,1.00000
3278,80,0,1,1.00000
3283,80,0,1,1.00000
3284,80,0,1,1.00000
3285,80,0,1,1.00000
3286,80,0,1,1.00000
3287,80,0,1,1.00000
3289,80,0,1,1.00000
3290,80,0,1,1.00000
3339,61,1,0,0.00002
3340,61,1,0,0.00004
3342,61,1,0,0.00003
3343,61,1,0,0.00002
3344,61,1,0,0.00002
3345,61,1,0,0.00005
3346,61,1,0,0.00004
3347,61,1,0,0.00002
3348,61,1,0,0.00004
3349,61,1,0,0.00005
3350,61,1,0,0.00004
3351,61,1,0,0.00002
3352,61,1,0,0.00005
3353,61,1,0,0.00005
3354,61,1,0,0.00002
3355,61,1,0,0.00006
3357,61,1,0,0.00003
3359,61,1,0,0.00004
3365,61,1,0,0.00017
3366,61,1,0,0.00032
3367,61,1,0,0.00024
3368,61,1,0,0.00020
3369,61,1,0,0.00030
3370,61,1,0,0.00022
3371,61,1,0,0.00022
3372,61,1,0,0.00017
3373,61,1,0,0.00018
3374,61,1,0,0.00022
3376,61,1,0,0.00017
3377,61,1,0,0.00036
3378,61,1,0,0.00033
3379,61,1,0,0.00024
3380,61,1,0,0.00038
3381,61,1,0,0.00069
3382,61,1,0,0.00012
3383,61,1,0,0.00024
3384,61,1,0,0.00017
3385,61,1,0,0.00047
3386,61,1,0,0.00035
3387,61,1,0,0.00031
3388,61,1,0,0.00052
3389,61,1,0,0.00018
3390,61,1,0,0.00022
3391,61,1,0,0.00018
3392,61,1,0,0.00001
3393,61,1,0,0.00000
3394,61,1,0,0.00001
3396,61,1,0,0.00000
3397,61,1,0,0.00000
3398,61,1,0,0.00000
3399,61,1,0,0.00003
3400,61,1,0,0.00000
3402,61,1,0,0.00000
3403,61,1,0,0.00000
3404,61,1,0,0.00000
3405,61,1,0,0.00000
3406,61,1,0,0.00000
3407,61,1,0,0.00000
3408,61,1,0,0.00000
3409,61,1,0,0.00000
3410,61,1,0,0.00006
3411,61,1,0,0.00005
3412,61,1,0,0.00003
3413,61,1,0,0.00005
3414,61,1,0,0.00001
3415,61,1,0,0.00003
3416,61,1,0,0.00005
3417,61,1,0,0.00004
3418,61,1,0,0.00002
3499,66,1,0,0.00005
3500,66,1,0,0.00002
3501,66,1,0,0.00008
3502,66,1,0,0.00007
3503,66,1,0,0.00002
3504,66,1,0,0.00003
3505,66,1,0,0.00001
3506,66,1,0,0.00000
3507,66,1,0,0.00001
3508,66,1,0,0.00001
3509,66,1,0,0.00001
3510,66,1,0,0.00001
3511,66,1,0,0.00002
3514,66,1,0,0.00001
3516,66,1,0,0.00000
3517,66,1,0,0.00000
3518,66,1,0,0.00000
3519,66,1,0,0.00001
3520,66,1,0,0.00002
3521,66,1,0,0.00002
3522,66,1,0,0.00001
3523,66,1,0,0.00002
3524,66,1,0,0.00001
3525,66,1,0,0.00002
3526,66,1,0,0.00002
3527,66,1,0,0.00001
3528,66,1,0,0.00000
3529,66,1,0,0.00004
3530,66,1,0,0.00000
3531,66,1,0,0.00001
3532,66,1,0,0.00000
3533,66,1,0,0.00000
3534,66,1,0,0.00000
3535,66,1,0,0.00000
3536,66,1,0,0.00001
3537,66,1,0,0.00001
3538,66,1,0,0.00000
3539,66,1,0,0.00001
3540,66,1,0,0.00000
3541,66,1,0,0.00000
3542,66,1,0,0.00000
3543,66,1,0,0.00001
3544,66,1,0,0.00002
3545,66,1,0,0.00001
3547,66,1,0,0.00000
3548,66,1,0,0.00003
3549,66,1,0,0.00005
3550,66,1,0,0.00001
3551,66,1,0,0.00011
3552,66,1,0,0.00002
3553,66,1,0,0.00005
3610,77,4,1,1.00000
3611,77,4,1,0.99998
3614,77,4,1,1.00000
3616,77,4,1,1.00000
3618,77,4,1,1.00000
3619,77,4,1,1.00000
3620,77,4,1,1.00000
3621,77,4,1,1.00000
3631,77,4,1,1.00000
3633,77,4,1,1.00000
3634,77,4,1,1.00000
3636,77,4,1,1.00000
3639,77,4,1,1.00000
3641,77,4,1,1.00000
3642,77,4,1,1.00000
3644,77,4,1,1.00000
3645,77,4,1,1.00000
3646,77,4,1,1.00000
3647,77,4,1,1.00000
3648,77,4,1,1.00000
3649,77,4,1,1.00000
3650,77,4,1,1.00000
3651,77,4,1,1.00000
3652,77,4,1,1.00000
3653,77,4,1,1.00000
3654,77,4,1,1.00000
3655,77,4,1,1.00000
3656,77,4,1,1.00000
3658,77,4,1,1.00000
3659,77,4,1,1.00000
3661,77,4,1,1.00000
3666,77,4,1,1.00000
3670,77,4,1,1.00000
3671,77,4,1,1.00000
3672,77,4,1,1.00000
3673,77,4,1,1.00000
3674,77,4,1,1.00000
3675,77,4,1,1.00000
3676,77,4,1,1.00000
3678,77,4,1,1.00000
3679,77,4,1,1.00000
3680,77,4,1,1.00000
3681,77,4,1,1.00000
3682,77,4,1,1.00000
3685,77,4,1,1.00000
3687,77,4,1,1.00000
3688,77,4,1,1.00000
3690,77,4,1,1.00000
3691,77,4,1,1.00000
3692,77,4,1,1.00000
3693,77,4,1,1.00000
3694,77,4,1,1.00000
3695,77,4,1,1.00000
3697,77,4,1,1.00000
3698,77,4,1,1.00000
3699,77,4,1,1.00000
3700,77,4,1,1.00000
3701,77,4,1,1.00000
3702,77,4,1,1.00000
3704,77,4,1,1.00000
3706,77,4,1,1.00000
3707,77,4,1,1.00000
3708,77,4,1,1.00000
3709,77,4,1,1.00000
3711,77,4,1,1.00000
3712,77,4,1,1.00000
3713,77,4,1,1.00000
3714,77,4,1,1.00000
3715,77,4,1,1.00000
3716,77,4,1,1.00000
3717,77,4,1,1.00000
3718,77,4,1,1.00000
3719,77,4,1,1.00000
3720,77,4,1,1.00000
3721,77,4,1,1.00000
3722,77,4,1,1.00000
3725,77,4,1,1.00000
3726,77,4,1,1.00000
3727,77,4,1,1.00000
3877,71,3,1,1.00000
3878,71,3,1,1.00000
3879,71,3,1,1.00000
3880,71,3,1,1.00000
3881,71,3,1,1.00000
3882,71,3,1,1.00000
3883,71,3,1,1.00000
3884,71,3,1,1.00000
3885,71,3,1,1.00000
3886,71,3,1,1.00000
3887,71,3,1,1.00000
3888,71,3,1,1.00000
3889,71,3,1,1.00000
3890,71,3,1,1.00000
3891,71,3,1,1.00000
3892,71,3,1,1.00000
3893,71,3,1,1.00000
3894,71,3,1,1.00000
3897,71,3,1,1.00000
3901,71,3,1,1.00000
3903,71,3,1,1.00000
3905,71,3,1,1.00000
3908,71,3,1,1.00000
3909,71,3,1,1.00000
3910,71,3,1,1.00000
3911,71,3,1,1.00000
3912,71,3,1,1.00000
3913,71,3,1,1.00000
3914,71,3,1,1.00000
3915,71,3,1,1.00000
3916,71,3,1,1.00000
3917,71,3,1,1.00000
3918,71,3,1,1.00000
3919,71,3,1,1.00000
3920,71,3,1,1.00000
3921,71,3,1,1.00000
3922,71,3,1,1.00000
3923,71,3,1,1.00000
3924,71,3,1,1.00000
4001,63,1,1,1.00000
4002,63,1,1,1.00000
4004,63,1,1,1.00000
4005,63,1,1,1.00000
4006,63,1,1,1.00000
4007,63,1,1,1.00000
4008,63,1,1,1.00000
4009,63,1,1,1.00000
4010,63,1,1,1.00000
4011,63,1,1,1.00000
4012,63,1,1,1.00000
4013,63,1,1,1.00000
4014,63,1,1,1.00000
4015,63,1,1,1.00000
4016,63,1,1,1.00000
4019,63,1,1,1.00000
4020,63,1,1,1.00000
4021,63,1,1,1.00000
4025,63,1,1,1.00000
4026,63,1,1,1.00000
4074,62,2,1,1.00000
4075,62,2,1,1.00000
4076,62,2,1,1.00000
4077,62,2,1,1.00000
4078,62,2,1,1.00000
4079,62,2,1,1.00000
4080,62,2,1,1.00000
4081,62,2,1,1.00000
4082,62,2,1,1.00000
4083,62,2,1,1.00000
4084,62,2,1,1.00000
4085,62,2,1,1.00000
4086,62,2,1,1.00000
4087,62,2,1,1.00000
4088,62,2,1,1.00000
4089,62,2,1,1.00000
4090,62,2,1,1.00000
4091,62,2,1,1.00000
4092,62,2,1,1.00000
4096,62,2,1,1.00000
4141,76,4,0,0.00000
4142,76,4,0,0.00000
4143,76,4,0,0.00000
4144,76,4,0,0.00000
4145,76,4,0,0.00000
4146,76,4,0,0.00000
4147,76,4,0,0.00000
4148,76,4,0,0.00000
4149,76,4,0,0.00000
4150,76,4,0,0.00000
4151,76,4,0,0.00000
4152,76,4,0,0.00000
4153,76,4,0,0.00000
4154,76,4,0,0.00000
4155,76,4,0,0.00001
4156,76,4,0,0.00000
4157,76,4,0,0.00000
4158,76,4,0,0.00000
4159,76,4,0,0.00000
4160,76,4,0,0.00001
4161,76,4,0,0.00000
4162,76,4,0,0.00001
4163,76,4,0,0.00000
4164,76,4,0,0.00000
4165,76,4,0,0.00001
4166,76,4,0,0.00000
4167,76,4,0,0.00000
4168,76,4,0,0.00000
4171,76,4,0,0.00000
4172,76,4,0,0.00000
4173,76,4,0,0.00000
4174,76,4,0,0.00000
4175,76,4,0,0.00000
4176,76,4,0,0.00000
4177,76,4,0,0.00000
4178,76,4,0,0.00000
4179,76,4,0,0.00000
4180,76,4,0,0.00000
4181,76,4,0,0.00000
4182,76,4,0,0.00000
4183,76,4,0,0.00000
4184,76,4,0,0.00000
4185,76,4,0,0.00000
4186,76,4,0,0.00000
4188,76,4,0,0.00000
4189,76,4,0,0.00000
4190,76,4,0,0.00000
4191,76,4,0,0.00000
4192,76,4,0,0.00000
4193,76,4,0,0.00000
4194,76,4,0,0.00000
4195,76,4,0,0.00000
4196,76,4,0,0.00000
4197,76,4,0,0.00000
4198,76,4,0,0.00000
4199,76,4,0,0.00000
4200,76,4,0,0.00000
4201,76,4,0,0.00000
4202,76,4,0,0.00000
4203,76,4,0,0.00000
4204,76,4,0,0.00000
4205,76,4,0,0.00000
4206,76,4,0,0.00000
4207,76,4,0,0.00000
4208,76,4,0,0.00000
4209,76,4,0,0.00000
4210,76,4,0,0.00000
4211,76,4,0,0.00000
4212,76,4,0,0.00000
4213,76,4,0,0.00000
4214,76,4,0,0.00000
4215,76,4,0,0.00000
4216,76,4,0,0.00000
4217,76,4,0,0.00000
4218,76,4,0,0.00000
4219,76,4,0,0.00000
4220,76,4,0,0.00000
4221,76,4,0,0.00000
4222,76,4,0,0.00000
4223,76,4,0,0.00000
4224,76,4,0,0.00000
4225,76,4,0,0.00000
4226,76,4,0,0.00000
4227,76,4,0,0.00000
4228,76,4,0,0.00000
4229,76,4,0,0.00000
4230,76,4,0,0.00000
4231,76,4,0,0.00000
4232,76,4,0,0.00000
4233,76,4,0,0.00000
4234,76,4,0,0.00000
4330,59,4,0,0.00000
4331,59,4,0,0.00000
4332,59,4,0,0.00000
4333,59,4,0,0.00000
4334,59,4,0,0.00000
4335,59,4,0,0.00000
4336,59,4,0,0.00000
4337,59,4,0,0.00000
4338,59,4,0,0.00000
4339,59,4,0,0.00000
4340,59,4,0,0.00000
4341,59,4,0,0.00000
4342,59,4,0,0.00000
4343,59,4,0,0.00000
4344,59,4,0,0.00000
4345,59,4,0,0.00000
4346,59,4,0,0.00000
4347,59,4,0,0.00000
4349,59,4,0,0.00000
4350,59,4,0,0.00000
4351,59,4,0,0.00000
4352,59,4,0,0.00000
4353,59,4,0,0.00000
4354,59,4,0,0.00000
4355,59,4,0,0.00000
4356,59,4,0,0.00000
4357,59,4,0,0.00000
4358,59,4,0,0.00000
4359,59,4,0,0.00000
4360,59,4,0,0.00000
4361,59,4,0,0.00000
4362,59,4,0,0.00000
4363,59,4,0,0.00000
4364,59,4,0,0.00000
4365,59,4,0,0.00000
4366,59,4,0,0.00000
4367,59,4,0,0.00000
4368,59,4,0,0.00000
4369,59,4,0,0.00001
4370,59,4,0,0.00000
4371,59,4,0,0.00000
4372,59,4,0,0.00000
4373,59,4,0,0.00000
4374,59,4,0,0.00000
4375,59,4,0,0.00000
4376,59,4,0,0.00000
4377,59,4,0,0.00000
4379,59,4,0,0.00000
4380,59,4,0,0.00000
4381,59,4,0,0.00000
4382,59,4,0,0.00000
4383,59,4,0,0.00000
4384,59,4,0,0.00000
4385,59,4,0,0.00000
4386,59,4,0,0.00000
4387,59,4,0,0.00000
4388,59,4,0,0.00000
4389,59,4,0,0.00000
4390,59,4,0,0.00000
4391,59,4,0,0.00000
4392,59,4,0,0.00000
4393,59,4,0,0.00000
4394,59,4,0,0.00000
4395,59,4,0,0.00000
4396,59,4,0,0.00000
4397,59,4,0,0.00000
4398,59,4,0,0.00000
4399,59,4,0,0.00000
4400,59,4,0,0.00000
4401,59,4,0,0.00000
4402,59,4,0,0.00000
4403,59,4,0,0.00000
4404,59,4,0,0.00000
4405,59,4,0,0.00000
4406,59,4,0,0.00000
4407,59,4,0,0.00000
4408,59,4,0,0.00000
4409,59,4,0,0.00000
4410,59,4,0,0.00000
4411,59,4,0,0.00000
4412,59,4,0,0.00000
4413,59,4,0,0.00000
4415,59,4,0,0.00001
4416,59,4,0,0.00000
4418,59,4,0,0.00000
4421,59,4,0,0.00000
4517,58,3,0,0.00000
4518,58,3,0,0.00000
4519,58,3,0,0.00004
4520,58,3,0,0.00012
4521,58,3,0,0.00010
4522,58,3,0,0.00009
4523,58,3,0,0.00012
4524,58,3,0,0.00018
4525,58,3,0,0.00016
4526,58,3,0,0.00014
4527,58,3,0,0.00014
4528,58,3,0,0.00010
4530,58,3,0,0.00012
4531,58,3,0,0.00013
4532,58,3,0,0.00092
4533,58,3,0,0.00348
4534,58,3,0,0.00231
4535,58,3,0,0.00067
4536,58,3,0,0.00309
4537,58,3,0,0.00040
4538,58,3,0,0.00115
4539,58,3,0,0.00070
4540,58,3,0,0.00066
4541,58,3,0,0.00122
4542,58,3,0,0.00121
4573,65,2,1,1.00000
4574,65,2,1,1.00000
4575,65,2,1,1.00000
4576,65,2,1,1.00000
4577,65,2,1,1.00000
4578,65,2,1,1.00000
4579,65,2,1,1.00000
4580,65,2,1,1.00000
4581,65,2,1,1.00000
4582,65,2,1,1.00000
4583,65,2,1,1.00000
4584,65,2,1,1.00000
4585,65,2,1,1.00000
4586,65,2,1,1.00000
4587,65,2,1,1.00000
4588,65,2,1,1.00000
4590,65,2,1,1.00000
4591,65,2,1,1.00000
4592,65,2,1,1.00000
4593,65,2,1,1.00000
4594,65,2,1,1.00000
4595,65,2,1,1.00000
4597,65,2,1,1.00000
4598,65,2,1,1.00000
4600,65,2,1,1.00000
4601,65,2,1,1.00000
4602,65,2,1,1.00000
4603,65,2,1,1.00000
4604,65,2,1,1.00000
4607,65,2,1,1.00000
4609,65,2,1,1.00000
4610,65,2,1,1.00000
4651,60,3,0,0.00000
4652,60,3,0,0.00000
4653,60,3,0,0.00000
4654,60,3,0,0.00000
4655,60,3,0,0.00000
4656,60,3,0,0.00000
4657,60,3,0,0.00000
4658,60,3,0,0.00000
4659,60,3,0,0.00000
4660,60,3,0,0.00000
4661,60,3,0,0.00000
4662,60,3,0,0.00000
4663,60,3,0,0.00000
4664,60,3,0,0.00000
4665,60,3,0,0.00000
4666,60,3,0,0.00000
4667,60,3,0,0.00000
4668,60,3,0,0.00000
4669,60,3,0,0.00000
4670,60,3,0,0.00000
4671,60,3,0,0.00001
4672,60,3,0,0.00003
4673,60,3,0,0.00001
4674,60,3,0,0.00002
4675,60,3,0,0.00001
4676,60,3,0,0.00004
4677,60,3,0,0.00007
4678,60,3,0,0.00003
4679,60,3,0,0.00005
4680,60,3,0,0.00003
4681,60,3,0,0.00005
4682,60,3,0,0.00004
4683,60,3,0,0.00003
4684,60,3,0,0.00001
4685,60,3,0,0.00001
4686,60,3,0,0.00001
4687,60,3,0,0.00001
4688,60,3,0,0.00000
4689,60,3,0,0.00001
4690,60,3,0,0.00000
4691,60,3,0,0.00000
4692,60,3,0,0.00000
4693,60,3,0,0.00000
4694,60,3,0,0.00000
4695,60,3,0,0.00000
4696,60,3,0,0.00000
4697,60,3,0,0.00000
4698,60,3,0,0.00000
4699,60,3,0,0.00000
4700,60,3,0,0.00000
4701,60,3,0,0.00000
4702,60,3,0,0.00000
4703,60,3,0,0.00000
4704,60,3,0,0.00000
4705,60,3,0,0.00000
4706,60,3,0,0.00000
4707,60,3,0,0.00003
4708,60,3,0,0.00003
4709,60,3,0,0.00002
4710,60,3,0,0.00002
4711,60,3,0,0.00003
4712,60,3,0,0.00002
4713,60,3,0,0.00002
4714,60,3,0,0.00003
4715,60,3,0,0.00010
4716,60,3,0,0.00013
4717,60,3,0,0.00013
4718,60,3,0,0.00013
4719,60,3,0,0.00016
4720,60,3,0,0.00005
4721,60,3,0,0.00005
4722,60,3,0,0.00005
4723,60,3,0,0.00003
4724,60,3,0,0.00006
4725,60,3,0,0.00005
4726,60,3,0,0.00008
4727,60,3,0,0.00009
4728,60,3,0,0.00006
4729,60,3,0,0.00006
4730,60,3,0,0.00006
4731,60,3,0,0.00013
4732,60,3,0,0.00010
4733,60,3,0,0.00010
4734,60,3,0,0.00008
4735,60,3,0,0.00009
4736,60,3,0,0.00006
4737,60,3,0,0.00008
4738,60,3,0,0.00006
4739,60,3,0,0.00005
4740,60,3,0,0.00009
4741,60,3,0,0.00009
4742,60,3,0,0.00007
4743,60,3,0,0.00012
4744,60,3,0,0.00007
4745,60,3,0,0.00005
4746,60,3,0,0.00007
4747,60,3,0,0.00006
4748,60,3,0,0.00009
4749,60,3,0,0.00009
4750,60,3,0,0.00011
4751,60,3,0,0.00013
4752,60,3,0,0.00013
4753,60,3,0,0.00014
4857,84,0,0,0.00000
4858,84,0,0,0.00001
4859,84,0,0,0.00000
4860,84,0,0,0.00000
4861,84,0,0,0.00000
4862,84,0,0,0.00006
4863,84,0,0,0.00006
4864,84,0,0,0.00015
4865,84,0,0,0.00002
4866,84,0,0,0.00007
4867,84,0,0,0.00011
4868,84,0,0,0.00006
4869,84,0,0,0.00016
4870,84,0,0,0.00079
4871,84,0,0,0.00025
4872,84,0,0,0.00041
4873,84,0,0,0.00049
4874,84,0,0,0.00021
4875,84,0,0,0.00055
4876,84,0,0,0.00074
4877,84,0,0,0.00001
4879,84,0,0,0.00009
4880,84,0,0,0.00008
4881,84,0,0,0.00008
4882,84,0,0,0.00036
4883,84,0,0,0.00066
4884,84,0,0,0.00031
4885,84,0,0,0.00000
4886,84,0,0,0.00000
4887,84,0,0,0.00000
4888,84,0,0,0.00007
4889,84,0,0,0.00010
4890,84,0,0,0.00001
4893,84,0,0,0.00000
4894,84,0,0,0.00000
4895,84,0,0,0.00000
4896,84,0,0,0.00000
4897,84,0,0,0.00000
4898,84,0,0,0.00000
4899,84,0,0,0.00000
4900,84,0,0,0.00000
4901,84,0,0,0.00000
4902,84,0,0,0.00000
4903,84,0,0,0.00002
4904,84,0,0,0.00002
4905,84,0,0,0.00004
4906,84,0,0,0.00002
4907,84,0,0,0.00001
4908,84,0,0,0.00001
4909,84,0,0,0.00000
4910,84,0,0,0.00000
4911,84,0,0,0.00001
4912,84,0,0,0.00004
4913,84,0,0,0.00001
4914,84,0,0,0.00129
4915,84,0,0,0.00001
4916,84,0,0,0.00002
4917,84,0,0,0.00033
4918,84,0,0,0.00030
4919,84,0,0,0.00002
4920,84,0,0,0.00027
4922,84,0,0,0.00001
4923,84,0,0,0.00000
4924,84,0,0,0.00000
4925,84,0,0,0.00000
4926,84,0,0,0.00002
4927,84,0,0,0.00002
4928,84,0,0,0.00002
4929,84,0,0,0.00000
4932,103,1,1,1.00000
4933,103,1,1,1.00000
4934,103,1,1,1.00000
4935,103,1,1,1.00000
4936,103,1,1,1.00000
4937,103,1,1,1.00000
4938,103,1,1,1.00000
4939,103,1,1,1.00000
4940,103,1,1,1.00000
4941,103,1,1,1.00000
4942,103,1,1,1.00000
4943,103,1,1,1.00000
4944,103,1,1,1.00000
4945,103,1,1,1.00000
4946,103,1,1,1.00000
4947,103,1,1,1.00000
4948,103,1,1,1.00000
4949,103,1,0,0.00000
4950,103,1,0,0.00000
4952,103,1,0,0.00000
4953,103,1,0,0.00000
4954,103,1,0,0.00000
4955,103,1,0,0.00000
4956,103,1,0,0.00000
4957,103,1,0,0.00000
4958,103,1,0,0.00000
4959,103,1,0,0.00000
4960,103,1,0,0.00000
4961,103,1,0,0.00000
4962,103,1,0,0.00000
4963,103,1,0,0.00000
4964,103,1,0,0.00000
4965,103,1,0,0.00000
4966,103,1,0,0.00000
4967,103,1,0,0.00000
4968,103,1,0,0.00000
4970,103,1,0,0.00000
4971,103,1,0,0.00000
4972,103,1,0,0.00000
4973,103,1,0,0.00000
4974,103,1,0,0.00000
4975,103,1,0,0.00000
4976,103,1,0,0.00000
4980,103,1,0,0.00000
4981,103,1,0,0.00000
4982,103,1,0,0.00000
4983,103,1,0,0.00000
4984,103,1,0,0.00000
4985,103,1,0,0.00001
4987,103,1,0,0.00000
4988,103,1,0,0.00000
4989,103,1,0,0.00000
4991,103,1,0,0.00000
4992,103,1,0,0.00000
4993,103,1,0,0.00000
4994,103,1,0,0.00000
4995,103,1,0,0.00000
4996,103,1,0,0.00000
4997,103,1,0,0.00000
4998,103,1,0,0.00000
4999,103,1,0,0.00000
5000,103,1,0,0.00000
5001,103,1,0,0.00000
5002,103,1,0,0.00000
5003,103,1,0,0.00000
5004,103,1,0,0.00002
5005,103,1,0,0.00000
5006,103,1,0,0.00000
5008,103,1,0,0.00000
5009,103,1,0,0.00000
5010,103,1,0,0.00000
5012,103,1,0,0.00000
5014,103,1,0,0.00000
5017,103,1,0,0.00001
5018,103,1,0,0.00000
5019,103,1,0,0.00000
5020,103,1,0,0.00000
5021,103,1,0,0.00000
5022,103,1,0,0.00000
5023,103,1,0,0.00000
5024,103,1,0,0.00000
5025,103,1,0,0.00000
5026,103,1,0,0.00000
5027,103,1,0,0.00000
5028,103,1,0,0.00000
5029,103,1,0,0.00001
5030,103,1,0,0.00000
5031,103,1,0,0.00000
5032,103,1,0,0.00000
5033,103,1,0,0.00000
5034,103,1,0,0.00000
5035,103,1,0,0.00000
5037,103,1,0,0.00000
5038,103,1,0,0.00000
5039,103,1,0,0.00000
5040,103,1,0,0.00000
5041,103,1,0,0.00000
5042,103,1,0,0.00000
5043,103,1,0,0.00000
5044,103,1,0,0.00000
5045,103,1,0,0.00000
5046,103,1,0,0.00000
5047,103,1,0,0.00000
5048,103,1,0,0.00000
5049,103,1,0,0.00000
5050,103,1,0,0.00000
5051,103,1,0,0.00000
5052,103,1,0,0.00000
5053,103,1,0,0.00000
5054,103,1,0,0.00000
5055,103,1,0,0.00000
5056,103,1,0,0.00000
5057,103,1,0,0.00000
5059,103,1,0,0.00000
5060,103,1,0,0.00000
5061,103,1,0,0.00000
5063,103,1,0,0.00001
5064,103,1,0,0.00000
5065,103,1,0,0.00000
5066,103,1,0,0.00000
5067,103,1,0,0.00000
5068,103,1,0,0.00000
5069,103,1,0,0.00000
5070,103,1,0,0.00000
5071,103,1,0,0.00000
5072,103,1,0,0.00000
5073,103,1,0,0.00000
5074,103,1,0,0.00000
5075,103,1,0,0.00000
5076,103,1,0,0.00000
5077,103,1,0,0.00000
5078,103,1,0,0.00000
5079,103,1,0,0.00000
5080,103,1,0,0.00000
5081,103,1,0,0.00000
5082,103,1,0,0.00000
5083,103,1,0,0.00000
5084,103,1,0,0.00000
5085,103,1,0,0.00000
5086,103,1,0,0.00000
5087,103,1,0,0.00000
5088,103,1,0,0.00000
5089,103,1,0,0.00000
5090,103,1,0,0.00000
5091,103,1,0,0.00000
5092,103,1,0,0.00000
5093,103,1,0,0.00000
5094,103,1,0,0.00000
5095,103,1,0,0.00000
5096,103,1,0,0.00000
5097,103,1,0,0.00000
5098,103,1,0,0.00000
5099,103,1,0,0.00000
5100,103,1,0,0.00000
5101,103,1,0,0.00000
5102,103,1,0,0.00000
5103,103,1,0,0.00000
5104,103,1,0,0.00000
5105,103,1,0,0.00000
5106,103,1,0,0.00000
5107,103,1,0,0.00000
5109,103,1,0,0.00000
5110,103,1,0,0.00000
5111,103,1,0,0.00000
5112,103,1,0,0.00000
5113,103,1,0,0.00000
5114,103,1,0,0.00000
5115,103,1,0,0.00000
5116,103,1,0,0.00000
5117,103,1,0,0.00000
5118,103,1,0,0.00000
5119,103,1,0,0.00000
5120,103,1,0,0.00000
5121,103,1,0,0.00000
5122,103,1,0,0.00000
5123,103,1,0,0.00000
5124,103,1,0,0.00000
5125,103,1,0,0.00000
5126,103,1,0,0.00000
5127,103,1,0,0.00000
5128,103,1,0,0.00000
5129,103,1,0,0.00000
5130,103,1,0,0.00000
5131,103,1,0,0.00000
5132,103,1,0,0.00000
5133,103,1,0,0.00000
5134,103,1,0,0.00000
5135,103,1,0,0.00000
5136,103,1,0,0.00000
5137,103,1,0,0.00000
5138,103,1,0,0.00000
5139,103,1,0,0.00000
5140,103,1,0,0.00000
5141,103,1,0,0.00000
5142,103,1,0,0.00000
5143,103,1,0,0.00000
5144,103,1,0,0.00000
5145,103,1,0,0.00000
5146,103,1,0,0.00000
5147,103,1,0,0.00000
5148,103,1,0,0.00000
5149,103,1,0,0.00000
5150,103,1,0,0.00000
5151,103,1,0,0.00000
5152,103,1,0,0.00000
5153,103,1,0,0.00000
5154,103,1,0,0.00000
5155,103,1,0,0.00000
5156,103,1,0,0.00000
5157,103,1,0,0.00000
5158,103,1,0,0.00000
5159,103,1,0,0.00000
5160,103,1,0,0.00000
5161,103,1,0,0.00000
13275,107,2,1,1.00000
13276,107,2,1,1.00000
13277,107,2,1,1.00000
13278,107,2,1,1.00000
13279,107,2,1,1.00000
13280,107,2,1,1.00000
13281,107,2,1,1.00000
13282,107,2,1,1.00000
13283,107,2,1,1.00000
13284,107,2,1,1.00000
13285,107,2,1,1.00000
13286,107,2,1,1.00000
13287,107,2,1,1.00000
13288,107,2,1,1.00000
13289,107,2,1,1.00000
13290,107,2,1,1.00000
13291,107,2,1,1.00000
13292,107,2,1,1.00000
13293,107,2,0,0.00000
13294,107,2,0,0.00001
13295,107,2,0,0.00001
13297,107,2,0,0.00001
13298,107,2,0,0.00000
13299,107,2,0,0.00000
13301,107,2,0,0.00000
13302,107,2,0,0.00000
13303,107,2,0,0.00000
13304,107,2,0,0.00000
13305,107,2,0,0.00000
13306,107,2,0,0.00000
13307,107,2,0,0.00000
13308,107,2,0,0.00000
13309,107,2,0,0.00000
13311,107,2,0,0.00000
13312,107,2,0,0.00000
13313,107,2,0,0.00000
13314,107,2,0,0.00000
13315,107,2,0,0.00000
13316,107,2,0,0.00000
13317,107,2,0,0.00000
13318,107,2,0,0.00000
13319,107,2,0,0.00000
13320,107,2,0,0.00000
13321,107,2,0,0.00000
13322,107,2,0,0.00000
13323,107,2,0,0.00000
13324,107,2,0,0.00000
13325,107,2,0,0.00000
13326,107,2,0,0.00000
13327,107,2,0,0.00000
13328,107,2,0,0.00000
13329,107,2,0,0.00000
13330,107,2,0,0.00000
13331,107,2,0,0.00000
13332,107,2,0,0.00000
13333,107,2,0,0.00000
13334,107,2,0,0.00000
13335,107,2,0,0.00000
13336,107,2,0,0.00000
13337,107,2,0,0.00000
13338,107,2,0,0.00000
13339,107,2,0,0.00000
13340,107,2,0,0.00000
13341,107,2,0,0.00000
13342,107,2,0,0.00000
13343,107,2,0,0.00000
13344,107,2,0,0.00000
13345,107,2,0,0.00000
13346,107,2,0,0.00000
13347,107,2,0,0.00000
13348,107,2,0,0.00000
13349,107,2,0,0.00000
13350,107,2,0,0.00000
13351,107,2,0,0.00000
13352,107,2,0,0.00000
13353,107,2,0,0.00000
13354,107,2,0,0.00000
13355,107,2,0,0.00001
13356,107,2,0,0.00000
13357,107,2,0,0.00000
13358,107,2,0,0.00000
13359,107,2,0,0.00000
13360,107,2,0,0.00000
13361,107,2,0,0.00000
13362,107,2,0,0.00000
13363,107,2,0,0.00000
13364,107,2,0,0.00000
13365,107,2,0,0.00000
13366,107,2,0,0.00000
13367,107,2,0,0.00000
13368,107,2,0,0.00000
13369,107,2,0,0.00000
13370,107,2,0,0.00000
13371,107,2,0,0.00000
13372,107,2,0,0.00000
13373,107,2,0,0.00000
13374,107,2,0,0.00000
13375,107,2,0,0.00000
13376,107,2,0,0.00000
13377,107,2,0,0.00000
13378,107,2,0,0.00000
13379,107,2,0,0.00000
13380,107,2,0,0.00000
13381,107,2,0,0.00000
13382,107,2,0,0.00000
13383,107,2,0,0.00000
13384,107,2,0,0.00000
13385,107,2,0,0.00000
13386,107,2,0,0.00000
13387,107,2,0,0.00000
13388,107,2,0,0.00000
13389,107,2,0,0.00000
13390,107,2,0,0.00000
13391,107,2,0,0.00000
13392,107,2,0,0.00000
13393,107,2,0,0.00000
13394,107,2,0,0.00000
13395,107,2,0,0.00000
13396,107,2,0,0.00000
13397,107,2,0,0.00000
13398,107,2,0,0.00003
13399,107,2,0,0.00003
13400,107,2,0,0.00003
13401,107,2,0,0.00003
13402,107,2,0,0.00002
13403,107,2,0,0.00002
13404,107,2,0,0.00001
13405,107,2,0,0.00002
13406,107,2,0,0.00001
13407,107,2,0,0.00000
13408,107,2,0,0.00001
13409,107,2,0,0.00001
13410,107,2,0,0.00001
13411,107,2,0,0.00001
13412,107,2,0,0.00001
13413,107,2,0,0.00002
13414,107,2,0,0.00001
13415,107,2,0,0.00001
13416,107,2,0,0.00001
13417,107,2,0,0.00001
13418,107,2,0,0.00003
13419,107,2,0,0.00001
13420,107,2,0,0.00002
13421,107,2,0,0.00001
13422,107,2,0,0.00004
13423,107,2,0,0.00001
13424,107,2,0,0.00003
13425,107,2,0,0.00002
13426,107,2,0,0.00003
13427,107,2,0,0.00003
13428,107,2,0,0.00004
13429,107,2,0,0.00002
13430,107,2,0,0.00002
13431,107,2,0,0.00006
13432,107,2,0,0.00002
13433,107,2,0,0.00003
13434,107,2,0,0.00001
13435,107,2,0,0.00002
13436,107,2,0,0.00001
13437,107,2,0,0.00005
13438,107,2,0,0.00002
13439,107,2,0,0.00003
13440,107,2,0,0.00002
13441,107,2,0,0.00003
13442,107,2,0,0.00004
13443,107,2,0,0.00006
13444,107,2,0,0.00005
13445,107,2,0,0.00002
13446,107,2,0,0.00002
13447,107,2,0,0.00003
13448,107,2,0,0.00002
13449,107,2,0,0.00008
13450,107,2,0,0.00012
13451,107,2,0,0.00004
13452,107,2,0,0.00007
13453,107,2,0,0.00005
13454,107,2,0,0.00009
13455,107,2,0,0.00004
13456,107,2,0,0.00004
13457,107,2,0,0.00023
13458,107,2,0,0.00012
13459,107,2,0,0.00010
13460,107,2,0,0.00010
13461,107,2,0,0.00015
13462,107,2,0,0.00014
13463,107,2,0,0.00006
13464,107,2,0,0.00003
13465,107,2,0,0.00011
13466,107,2,0,0.00004
13467,107,2,0,0.00003
13468,107,2,0,0.00007
13469,107,2,0,0.00003
13470,107,2,0,0.00002
13471,107,2,0,0.00005
13472,107,2,0,0.00003
13473,107,2,0,0.00004
13474,107,2,0,0.00006
13475,107,2,0,0.00006
13487,525,4,1,1.00000
13489,526,3,1,1.00000
13490,526,3,1,1.00000
13491,526,3,1,1.00000
13492,526,3,1,1.00000
13494,526,3,1,1.00000
13495,526,3,1,1.00000
13496,526,3,1,1.00000
13497,526,3,1,1.00000
13498,526,3,1,1.00000
13499,526,3,1,1.00000
13500,526,3,1,1.00000
13501,526,3,1,1.00000
13502,526,3,1,1.00000
13503,526,3,1,1.00000
13504,526,3,1,1.00000
13505,526,3,1,1.00000
13506,526,3,1,1.00000
13507,526,3,1,1.00000
13508,526,3,1,0.00001
13509,526,3,1,0.00004
13510,526,3,0,0.00001
13511,526,3,0,0.00001
13512,526,3,0,0.00001
13514,526,3,0,0.00002
13515,526,3,0,0.00002
13516,526,3,0,0.00003
13517,526,3,0,0.00003
13518,526,3,0,0.00002
13519,526,3,0,0.00002
13520,526,3,0,0.00003
13521,526,3,0,0.00011
13522,526,3,0,0.00003
13523,526,3,0,0.00003
13524,526,3,0,0.00005
13525,526,3,0,0.00003
13526,526,3,0,0.00003
13527,526,3,0,0.00004
13528,526,3,0,0.00001
13529,526,3,0,0.00005
13530,526,3,0,0.00003
13531,526,3,0,0.00000
13532,526,3,0,0.00000
13533,526,3,0,0.00000
13535,526,3,0,0.00000
13536,526,3,0,0.00000
13537,526,3,0,0.00000
13538,526,3,0,0.00000
13539,526,3,0,0.00000
13540,526,3,0,0.00000
13541,526,3,0,0.00000
13542,526,3,0,0.00000
13543,526,3,0,0.00000
13544,526,3,0,0.00000
13545,526,3,0,0.00000
13546,526,3,0,0.00000
13547,526,3,0,0.00000
13549,526,3,0,0.00001
13550,526,3,0,0.00001
13551,526,3,0,0.00000
13552,526,3,0,0.00002
13553,526,3,0,0.00003
13554,526,3,0,0.00002
13555,526,3,0,0.00001
13556,526,3,0,0.00001
13557,526,3,0,0.00001
13558,526,3,0,0.00000
13559,526,3,0,0.00001
13560,526,3,0,0.00001
13561,526,3,0,0.00000
13562,526,3,0,0.00001
13563,526,3,0,0.00000
13564,526,3,0,0.00000
13565,526,3,0,0.00001
13566,526,3,0,0.00002
13567,526,3,0,0.00002
13568,526,3,0,0.00000
13569,526,3,0,0.00000
13570,526,3,0,0.00000
13571,526,3,0,0.00001
13572,526,3,0,0.00001
13573,526,3,0,0.00000
13574,526,3,0,0.00001
13575,526,3,0,0.00000
13576,526,3,0,0.00000
13577,526,3,0,0.00005
13578,526,3,0,0.00000
13579,526,3,0,0.00000
13580,526,3,0,0.00001
13581,526,3,0,0.00001
13582,526,3,0,0.00001
13583,526,3,0,0.00000
13584,526,3,0,0.00001
13585,526,3,0,0.00001
13586,526,3,0,0.00001
13587,526,3,0,0.00000
13588,526,3,0,0.00002
13589,526,3,0,0.00001
13590,526,3,0,0.00001
13591,526,3,0,0.00007
13592,526,3,0,0.00001
13593,526,3,0,0.00003
13594,526,3,0,0.00001
13595,526,3,0,0.00003
13596,526,3,0,0.00001
13598,526,3,0,0.00001
13600,526,3,0,0.00001
13601,526,3,0,0.00002
13602,526,3,0,0.00001
13603,526,3,0,0.00003
13604,526,3,0,0.00002
13605,526,3,0,0.00003
13606,526,3,0,0.00002
13607,526,3,0,0.00004
13608,526,3,0,0.00002
13609,526,3,0,0.00002
13610,526,3,0,0.00004
13611,526,3,0,0.00001
13612,526,3,0,0.00002
13613,526,3,0,0.00001
13614,526,3,0,0.00004
13615,526,3,0,0.00003
13616,526,3,0,0.00003
13617,526,3,0,0.00002
13618,526,3,0,0.00001
13619,526,3,0,0.00001
13620,526,3,0,0.00001
13621,526,3,0,0.00002
13622,526,3,0,0.00006
13623,526,3,0,0.00007
13624,526,3,0,0.00003
13625,526,3,0,0.00004
13626,526,3,0,0.00001
13627,526,3,0,0.00003
13628,526,3,0,0.00001
13629,526,3,0,0.00002
13630,526,3,0,0.00001
13631,526,3,0,0.00004
13632,526,3,0,0.00013
13633,526,3,0,0.00005
13634,526,3,0,0.00001
13635,526,3,0,0.00002
13636,526,3,0,0.00004
13637,526,3,0,0.00002
13638,526,3,0,0.00001
13639,526,3,0,0.00002
13640,526,3,0,0.00003
13641,526,3,0,0.00001
13642,526,3,0,0.00000
13643,526,3,0,0.00002
13644,526,3,0,0.00003
13645,526,3,0,0.00001
13646,526,3,0,0.00001
13647,526,3,0,0.00001
13648,526,3,0,0.00002
13649,526,3,0,0.00001
13650,526,3,0,0.00001
13651,526,3,0,0.00003
13652,526,3,0,0.00001
13653,526,3,0,0.00001
13654,526,3,0,0.00001
13655,526,3,0,0.00002
13656,526,3,0,0.00003
13657,526,3,0,0.00001
13658,526,3,0,0.00001
13659,526,3,0,0.00001
13660,526,3,0,0.00001
13661,526,3,0,0.00000
13662,526,3,0,0.00001
13663,526,3,0,0.00001
13664,526,3,0,0.00002
13665,526,3,0,0.00001
13666,526,3,0,0.00001
13667,526,3,0,0.00001
13668,526,3,0,0.00001
13669,526,3,0,0.00001
13670,526,3,0,0.00001
13671,526,3,0,0.00002
13672,526,3,0,0.00001
13673,526,3,0,0.00000
13674,526,3,0,0.00001
13675,526,3,0,0.00001
13676,526,3,0,0.00001
13677,526,3,0,0.00001
13678,526,3,0,0.00000
13679,526,3,0,0.00002
13680,526,3,0,0.00003
13681,526,3,0,0.00002
13682,526,3,0,0.00002
13683,526,3,0,0.00003
13684,526,3,0,0.00001
13685,526,3,0,0.00001
13686,526,3,0,0.00004
13687,526,3,0,0.00004
13688,526,3,0,0.00002
13689,526,3,0,0.00002
13690,526,3,0,0.00002
13691,526,3,0,0.00002
13692,526,3,0,0.00003
13693,526,3,0,0.00001
13694,526,3,0,0.00003
13695,526,3,0,0.00002
13696,526,3,0,0.00008
13697,526,3,0,0.00006
13698,526,3,0,0.00002
13699,526,3,0,0.00004
13700,526,3,0,0.00001
13701,526,3,0,0.00001
13702,526,3,0,0.00003
13703,526,3,0,0.00001
14564,87,0,1,1.00000
14565,87,0,1,1.00000
14566,87,0,1,1.00000
14567,87,0,1,1.00000
14568,87,0,1,1.00000
14569,87,0,1,1.00000
14571,87,0,1,1.00000
14573,87,0,1,1.00000
14578,87,0,1,1.00000
14579,87,0,1,1.00000
14580,87,0,1,1.00000
14581,87,0,1,1.00000
14583,87,0,0,0.00000
14584,87,0,0,0.00000
14585,87,0,0,0.00000
14586,87,0,0,0.00000
14587,87,0,0,0.00000
14588,87,0,0,0.00000
14589,87,0,0,0.00000
14590,87,0,0,0.00000
14591,87,0,0,0.00000
14592,87,0,0,0.00000
14593,87,0,0,0.00000
14594,87,0,0,0.00000
14595,87,0,0,0.00000
14596,87,0,0,0.00000
14597,87,0,0,0.00000
14598,87,0,0,0.00000
14599,87,0,0,0.00000
14600,87,0,0,0.00000
14601,87,0,0,0.00000
14602,87,0,0,0.00000
14603,87,0,0,0.00000
14604,87,0,0,0.00000
14605,87,0,0,0.00000
14606,87,0,0,0.00000
14607,87,0,0,0.00000
14608,87,0,0,0.00000
14609,87,0,0,0.00000
14610,87,0,0,0.00000
14611,87,0,0,0.00000
14612,87,0,0,0.00000
14613,87,0,0,0.00000
14614,87,0,0,0.00000
14615,87,0,0,0.00000
14616,87,0,0,0.00000
14617,87,0,0,0.00000
14618,87,0,0,0.00000
14619,87,0,0,0.00000
14620,87,0,0,0.00000
14621,87,0,0,0.00000
14622,87,0,0,0.00000
14623,87,0,0,0.00000
14624,87,0,0,0.00000
14625,87,0,0,0.00000
14626,87,0,0,0.00000
14627,87,0,0,0.00000
14628,87,0,0,0.00000
14629,87,0,0,0.00000
14631,87,0,0,0.00000
14632,87,0,0,0.00000
14633,87,0,0,0.00000
14634,87,0,0,0.00000
14635,87,0,0,0.00000
14636,87,0,0,0.00000
14637,87,0,0,0.00000
14639,87,0,0,0.00000
14640,87,0,0,0.00000
14641,87,0,0,0.00000
14642,87,0,0,0.00000
14643,87,0,0,0.00000
14644,87,0,0,0.00000
14645,87,0,0,0.00000
14646,87,0,0,0.00000
14647,87,0,0,0.00000
14648,87,0,0,0.00000
14649,87,0,0,0.00000
14650,87,0,0,0.00000
14651,87,0,0,0.00000
14652,87,0,0,0.00000
14653,87,0,0,0.00000
14654,87,0,0,0.00000
14656,87,0,0,0.00000
14657,87,0,0,0.00000
14658,87,0,0,0.00000
14659,87,0,0,0.00000
14660,87,0,0,0.00000
14661,87,0,0,0.00000
14662,87,0,0,0.00000
14663,87,0,0,0.00000
14664,87,0,0,0.00000
14665,87,0,0,0.00000
14666,87,0,0,0.00000
14667,87,0,0,0.00000
14668,87,0,0,0.00000
14669,87,0,0,0.00000
14670,87,0,0,0.00000
14671,87,0,0,0.00000
14672,87,0,0,0.00000
14673,87,0,0,0.00000
14674,87,0,0,0.00000
14676,87,0,0,0.00000
14677,87,0,0,0.00000
14678,87,0,0,0.00000
14679,87,0,0,0.00000
14680,87,0,0,0.00000
14681,87,0,0,0.00000
14683,87,0,0,0.00000
14684,87,0,0,0.00000
14685,87,0,0,0.00000
14686,87,0,0,0.00000
14687,87,0,0,0.00000
14688,87,0,0,0.00000
14689,87,0,0,0.00000
14690,87,0,0,0.00000
14691,87,0,0,0.00000
14692,87,0,0,0.00000
14693,87,0,0,0.00000
14694,87,0,0,0.00000
14695,87,0,0,0.00000
14696,87,0,0,0.00000
14697,87,0,0,0.00000
14698,87,0,0,0.00000
14699,87,0,0,0.00000
14700,87,0,0,0.00000
14701,87,0,0,0.00000
14702,87,0,0,0.00000
14703,87,0,0,0.00000
14704,87,0,0,0.00000
14705,87,0,0,0.00000
14706,87,0,0,0.00000
14707,87,0,0,0.00000
14708,87,0,0,0.00000
14709,87,0,0,0.00000
14710,87,0,0,0.00000
14711,87,0,0,0.00000
14712,87,0,0,0.00000
14713,87,0,0,0.00000
14714,87,0,0,0.00000
14715,87,0,0,0.00000
14716,87,0,0,0.00000
14717,87,0,0,0.00000
14718,87,0,0,0.00000
14719,87,0,0,0.00000
14720,87,0,0,0.00000
14721,87,0,0,0.00000
14722,87,0,0,0.00000
14723,87,0,0,0.00000
14724,87,0,0,0.00000
14726,87,0,0,0.00000
14727,87,0,0,0.00000
14728,87,0,0,0.00000
14729,87,0,0,0.00000
14730,87,0,0,0.00000
14731,87,0,0,0.00000
14732,87,0,0,0.00000
14733,87,0,0,0.00000
14734,87,0,0,0.00000
14735,87,0,0,0.00000
14736,87,0,0,0.00000
14737,87,0,0,0.00000
14738,87,0,0,0.00000
14739,87,0,0,0.00000
14740,87,0,0,0.00000
14741,87,0,0,0.00000
14742,87,0,0,0.00000
14743,87,0,0,0.00000
14744,87,0,0,0.00000
14745,87,0,0,0.00000
14746,87,0,0,0.00000
14747,87,0,0,0.00000
14748,87,0,0,0.00000
14749,87,0,0,0.00000
14750,87,0,0,0.00000
14751,87,0,0,0.00000
14752,87,0,0,0.00000
14753,87,0,0,0.00001
14754,87,0,0,0.00000
14755,87,0,0,0.00000
14756,87,0,0,0.00000
14757,87,0,0,0.00000
14758,87,0,0,0.00000
14759,87,0,0,0.00000
14760,87,0,0,0.00000
14761,87,0,0,0.00000
14762,87,0,0,0.00000
14763,87,0,0,0.00000
14764,87,0,0,0.00000
14765,87,0,0,0.00000
14766,87,0,0,0.00000
14767,87,0,0,0.00000
14768,87,0,0,0.00000
14769,87,0,0,0.00000
14770,87,0,0,0.00000
14771,87,0,0,0.00000
14772,87,0,0,0.00000
14773,87,0,0,0.00000
14774,87,0,0,0.00000
14775,87,0,0,0.00000
14777,87,0,1,1.00000
14778,87,0,1,1.00000
14779,87,0,1,1.00000
14780,87,0,1,1.00000
14781,87,0,1,1.00000
14782,87,0,1,1.00000
14783,87,0,1,1.00000
14784,87,0,1,1.00000
14785,87,0,1,1.00000
14786,87,0,1,1.00000
14787,87,0,1,1.00000
14788,87,0,1,1.00000
14789,87,0,1,1.00000
14790,87,0,1,1.00000
14791,87,0,1,1.00000
14792,87,0,1,1.00000
14793,87,0,1,1.00000
14794,87,0,1,1.00000
14795,87,0,0,0.09041
14796,87,0,0,0.04586
14797,87,0,0,0.07343
14798,87,0,0,0.06706
14799,87,0,0,0.09106
14800,87,0,0,0.08021
14801,87,0,0,0.07491
14802,87,0,0,0.07822
14803,87,0,0,0.06979
14804,87,0,0,0.03890
14805,87,0,0,0.06572
14806,87,0,0,0.08434
14807,87,0,0,0.08914
14808,87,0,0,0.10484
14809,87,0,0,0.07504
14810,87,0,0,0.12646
14811,87,0,0,0.14682
14812,87,0,0,0.16858
14813,87,0,0,0.31870
14814,87,0,0,0.08123
14815,87,0,0,0.16013
14816,87,0,0,0.13432
14817,87,0,0,0.19483
14818,87,0,0,0.10302
14820,87,0,0,0.11260
14821,87,0,0,0.12614
14822,87,0,0,0.22833
14823,87,0,0,0.30075
14824,87,0,0,0.22372
14825,87,0,0,0.34422
14826,87,0,0,0.24328
14827,87,0,0,0.19900
14828,87,0,0,0.32167
14829,87,0,0,0.23669
14830,87,0,0,0.15948
14831,87,0,0,0.42596
14832,87,0,0,0.26077
14833,87,0,0,0.21207
14834,87,0,0,0.14854
14835,87,0,0,0.17838
14836,87,0,0,0.15870
14837,87,0,0,0.24799
14838,87,0,0,0.23828
14839,87,0,0,0.17653
14840,87,0,0,0.18595
14841,87,0,0,0.17120
14842,87,0,0,0.12940
14843,87,0,0,0.25572
14844,87,0,0,0.28977
14845,87,0,0,0.19027
14846,87,0,0,0.10669
14847,87,0,0,0.24981
14848,87,0,0,0.18170
14849,87,0,0,0.19284
14850,87,0,0,0.23388
14851,87,0,0,0.15559
14852,87,0,0,0.24599
14853,87,0,0,0.09236
14854,87,0,0,0.20339
14855,87,0,0,0.25128
14856,87,0,0,0.22542
14857,87,0,0,0.23758
14858,87,0,0,0.22017
14859,87,0,0,0.11536
14860,87,0,0,0.21519
14861,87,0,0,0.24781
14862,87,0,0,0.25036
14863,87,0,0,0.23196
14864,87,0,0,0.10632
14865,87,0,0,0.12507
14866,87,0,0,0.19300
14867,87,0,0,0.10141
14868,87,0,0,0.14199
14869,87,0,0,0.55163
14870,87,0,0,0.31647
14871,87,0,0,0.17301
14872,87,0,0,0.26058
14873,87,0,0,0.18565
14874,87,0,0,0.13742
14875,87,0,0,0.15610
14876,87,0,0,0.21634
14877,87,0,0,0.21436
14878,87,0,0,0.18788
14879,87,0,0,0.03108
14880,87,0,0,0.16305
14881,87,0,0,0.02727
14882,87,0,0,0.10650
14883,87,0,0,0.08571
14884,87,0,0,0.12528
14885,87,0,0,0.13707
14886,87,0,0,0.24653
14887,87,0,0,0.11086
14889,87,0,0,0.12432
14890,87,0,0,0.17924
14891,87,0,0,0.06525
14892,87,0,0,0.20244
14893,87,0,0,0.15355
14894,87,0,0,0.01248
14895,87,0,0,0.00465
14896,87,0,0,0.01548
14897,87,0,0,0.00038
14898,87,0,0,0.00097
14899,87,0,0,0.02088
14900,87,0,0,0.00047
14901,87,0,0,0.00504
14902,87,0,0,0.00009
14903,87,0,0,0.00043
14904,87,0,0,0.00011
14905,87,0,0,0.00045
14906,87,0,0,0.00008
14907,87,0,0,0.00006
14908,87,0,0,0.00021
14909,87,0,0,0.00006
14910,87,0,0,0.00006
14911,87,0,0,0.00619
14912,87,0,0,0.00151
14913,87,0,0,0.04193
14914,87,0,0,0.00218
14915,87,0,0,0.01496
14916,87,0,0,0.00178
14917,87,0,0,0.01751
14918,87,0,0,0.08898
14919,87,0,0,0.04115
14920,87,0,0,0.00398
14921,87,0,0,0.02909
14922,87,0,0,0.04162
14923,87,0,0,0.04337
14924,87,0,0,0.05792
14925,87,0,0,0.05686
14926,87,0,0,0.03091
14927,87,0,0,0.05802
14928,87,0,0,0.07356
14929,87,0,0,0.04603
14930,87,0,0,0.09843
14931,87,0,0,0.18654
14932,87,0,0,0.04569
14933,87,0,0,0.01833
14934,87,0,0,0.03234
14935,87,0,0,0.05194
14936,87,0,0,0.02153
14937,87,0,0,0.07303
14938,87,0,0,0.06348
14939,87,0,0,0.04394
14940,87,0,0,0.00938
14941,87,0,0,0.02909
14942,87,0,0,0.03027
14943,87,0,0,0.04001
14944,87,0,0,0.05165
14945,87,0,0,0.03346
14946,87,0,0,0.01061
14947,87,0,0,0.02898
14948,87,0,0,0.04077
14949,87,0,0,0.00079
14950,87,0,0,0.08065
14951,87,0,0,0.03186
14953,87,0,0,0.02954
14954,87,0,0,0.07682
14955,87,0,0,0.04009
14956,87,0,0,0.03455
14957,87,0,0,0.03027
14958,87,0,0,0.04085
14959,87,0,0,0.00975
14960,87,0,0,0.00720
14961,87,0,0,0.02769
14962,87,0,0,0.01450
14963,87,0,0,0.06188
14964,87,0,0,0.06755
14965,87,0,0,0.05572
14966,87,0,0,0.01718
14967,87,0,0,0.02898
14968,87,0,0,0.07043
14969,87,0,0,0.04913
14970,87,0,0,0.03898
14971,87,0,0,0.05541
14972,87,0,0,0.02267
14973,87,0,0,0.02307
14974,87,0,0,0.13319
14975,87,0,0,0.04046
14976,87,0,0,0.05686
14977,87,0,0,0.01164
14978,87,0,0,0.13916
14979,87,0,0,0.03192
14980,87,0,0,0.24781
14981,87,0,0,0.15317
14982,87,0,0,0.16027
14983,87,0,0,0.12907
14984,87,0,0,0.14487
14985,87,0,0,0.15406
15830,114,2,1,1.00000
15832,114,2,1,1.00000
15833,114,2,1,1.00000
15834,114,2,1,1.00000
15835,114,2,1,1.00000
15837,114,2,1,1.00000
15838,114,2,1,1.00000
15839,114,2,1,1.00000
15840,114,2,1,1.00000
15841,114,2,1,1.00000
15842,114,2,1,1.00000
15843,114,2,1,1.00000
15844,114,2,1,1.00000
15845,114,2,1,1.00000
15847,114,2,0,0.00002
15848,114,2,0,0.00001
15849,114,2,0,0.00002
15850,114,2,0,0.00001
15851,114,2,0,0.00002
15852,114,2,0,0.00002
15853,114,2,0,0.00005
15854,114,2,0,0.00010
15855,114,2,0,0.00009
15856,114,2,0,0.00003
15857,114,2,0,0.00003
15858,114,2,0,0.00005
15859,114,2,0,0.00006
15860,114,2,0,0.00016
15861,114,2,0,0.00005
15862,114,2,0,0.00004
15863,114,2,0,0.00003
15864,114,2,0,0.00005
15865,114,2,0,0.00008
15866,114,2,0,0.00003
15867,114,2,0,0.00000
15868,114,2,0,0.00000
15869,114,2,0,0.00000
15870,114,2,0,0.00000
15871,114,2,0,0.00000
15872,114,2,0,0.00000
15873,114,2,0,0.00000
15874,114,2,0,0.00000
15875,114,2,0,0.00001
15876,114,2,0,0.00000
15877,114,2,0,0.00000
15878,114,2,0,0.00000
15879,114,2,0,0.00000
15880,114,2,0,0.00000
15881,114,2,0,0.00000
15882,114,2,0,0.00000
15883,114,2,0,0.00000
15884,114,2,0,0.00000
15885,114,2,0,0.00000
15887,114,2,0,0.00000
15888,114,2,0,0.00000
15889,114,2,0,0.00000
15890,114,2,0,0.00000
15891,114,2,0,0.00000
15892,114,2,0,0.00000
15893,114,2,0,0.00000
15894,114,2,0,0.00000
15895,114,2,0,0.00000
15896,114,2,0,0.00000
15897,114,2,0,0.00000
15898,114,2,0,0.00000
15899,114,2,0,0.00000
15900,114,2,0,0.00000
15901,114,2,0,0.00000
15904,114,2,0,0.00000
15905,114,2,0,0.00000
15906,114,2,0,0.00000
15907,114,2,0,0.00000
15908,114,2,0,0.00000
15909,114,2,0,0.00000
15910,114,2,0,0.00000
15911,114,2,0,0.00000
15912,114,2,0,0.00000
15913,114,2,0,0.00000
15914,114,2,0,0.00000
15915,114,2,0,0.00000
15916,114,2,0,0.00000
15917,114,2,0,0.00000
15919,114,2,0,0.00000
15920,114,2,0,0.00000
15921,114,2,0,0.00000
15922,114,2,0,0.00000
15923,114,2,0,0.00000
15924,114,2,0,0.00000
15925,114,2,0,0.00000
15926,114,2,0,0.00000
15927,114,2,0,0.00000
15928,114,2,0,0.00001
15929,114,2,0,0.00000
15930,114,2,0,0.00001
15931,114,2,0,0.00000
15932,114,2,0,0.00002
15933,114,2,0,0.00000
15934,114,2,0,0.00000
15935,114,2,0,0.00000
15936,114,2,0,0.00001
15937,114,2,0,0.00000
15938,114,2,0,0.00000
15939,114,2,0,0.00001
15940,114,2,0,0.00000
15941,114,2,0,0.00000
15942,114,2,0,0.00000
15943,114,2,0,0.00000
15944,114,2,0,0.00000
15945,114,2,0,0.00000
15946,114,2,0,0.00000
15947,114,2,0,0.00000
15948,114,2,0,0.00000
15949,114,2,0,0.00000
15950,114,2,0,0.00001
15951,114,2,0,0.00001
15952,114,2,0,0.00000
15953,114,2,0,0.00000
15954,114,2,0,0.00000
15955,114,2,0,0.00000
15956,114,2,0,0.00001
15957,114,2,0,0.00000
15958,114,2,0,0.00000
15959,114,2,0,0.00000
15960,114,2,0,0.00000
15961,114,2,0,0.00000
15962,114,2,0,0.00001
15963,114,2,0,0.00001
15964,114,2,0,0.00001
15965,114,2,0,0.00001
15966,114,2,0,0.00001
15967,114,2,0,0.00001
15968,114,2,0,0.00001
15969,114,2,0,0.00001
15970,114,2,0,0.00000
15971,114,2,0,0.00001
15972,114,2,0,0.00000
15973,114,2,0,0.00000
15974,114,2,0,0.00000
15975,114,2,0,0.00000
15976,114,2,0,0.00001
15977,114,2,0,0.00003
15978,114,2,0,0.00002
15979,114,2,0,0.00001
15980,114,2,0,0.00001
15981,114,2,0,0.00001
15982,114,2,0,0.00001
15983,114,2,0,0.00001
15984,114,2,0,0.00000
15985,114,2,0,0.00000
15986,114,2,0,0.00001
15987,114,2,0,0.00000
15988,114,2,0,0.00001
15989,114,2,0,0.00002
15990,114,2,0,0.00002
15991,114,2,0,0.00001
15992,114,2,0,0.00001
15993,114,2,0,0.00001
15994,114,2,0,0.00001
15995,114,2,0,0.00001
15996,114,2,0,0.00003
15997,114,2,0,0.00001
15998,114,2,0,0.00003
15999,114,2,0,0.00001
16000,114,2,0,0.00002
16001,114,2,0,0.00001
16002,114,2,0,0.00001
16003,114,2,0,0.00001
16004,114,2,0,0.00000
16005,114,2,0,0.00002
16006,114,2,0,0.00005
16007,114,2,0,0.00003
16008,114,2,0,0.00003
16009,114,2,0,0.00003
16010,114,2,0,0.00018
16011,114,2,0,0.00015
16012,114,2,0,0.00004
16013,114,2,0,0.00014
16014,114,2,0,0.00002
16015,114,2,0,0.00004
16016,114,2,0,0.00003
16017,114,2,0,0.00007
16018,114,2,0,0.00010
16019,114,2,0,0.00001
16020,114,2,0,0.00002
16021,114,2,0,0.00001
16022,114,2,0,0.00003
16023,114,2,0,0.00007
16024,114,2,0,0.00006
16025,114,2,0,0.00008
16026,114,2,0,0.00001
16027,114,2,0,0.00004
16028,114,2,0,0.00000
16029,114,2,0,0.00000
16031,114,2,1,1.00000
16033,114,2,1,1.00000
16034,114,2,1,1.00000
16035,114,2,1,1.00000
16036,114,2,1,0.99998
16037,114,2,1,1.00000
16038,114,2,1,1.00000
16039,114,2,1,1.00000
16040,114,2,1,1.00000
16041,114,2,1,1.00000
16042,114,2,1,1.00000
16043,114,2,1,1.00000
16044,114,2,1,1.00000
16045,114,2,1,1.00000
16046,114,2,1,1.00000
16047,114,2,0,0.00001
16048,114,2,0,0.00000
16049,114,2,0,0.00000
16050,114,2,0,0.00000
16051,114,2,0,0.00000
16052,114,2,0,0.00000
16053,114,2,0,0.00000
16054,114,2,0,0.00000
16055,114,2,0,0.00000
16056,114,2,0,0.00000
16057,114,2,0,0.00014
16058,114,2,0,0.00000
16059,114,2,0,0.00018
16060,114,2,0,0.01287
16061,114,2,0,0.00758
16062,114,2,0,0.00385
16063,114,2,0,0.00381
16064,114,2,0,0.01124
16065,114,2,0,0.00718
16067,114,2,0,0.02732
16068,114,2,0,0.02229
16070,114,2,0,0.02346
16071,114,2,0,0.04443
16072,114,2,0,0.02920
16073,114,2,0,0.03423
16074,114,2,0,0.01417
16075,114,2,0,0.01272
16077,114,2,0,0.01074
16078,114,2,0,0.01691
16079,114,2,0,0.01698
16080,114,2,0,0.01033
16081,114,2,0,0.00888
16082,114,2,0,0.01353
16083,114,2,0,0.02298
16084,114,2,0,0.00707
16085,114,2,0,0.02014
16086,114,2,0,0.04069
16087,114,2,0,0.02378
16088,114,2,0,0.01001
16089,114,2,0,0.01920
16090,114,2,0,0.02920
16091,114,2,0,0.02926
16092,114,2,0,0.02646
16093,114,2,0,0.03677
16094,114,2,0,0.02854
16095,114,2,0,0.03508
16096,114,2,0,0.04435
16097,114,2,0,0.02696
16098,114,2,0,0.02396
16100,114,2,0,0.04131
16101,114,2,0,0.03174
16102,114,2,0,0.02887
16103,114,2,0,0.03162
16104,114,2,0,0.03595
16105,114,2,0,0.03365
16107,114,2,0,0.03890
16108,114,2,0,0.04612
16109,114,2,0,0.02738
16110,114,2,0,0.02166
16111,114,2,0,0.00136
16112,114,2,0,0.03180
16113,114,2,0,0.01901
16114,114,2,0,0.04638
16115,114,2,0,0.01169
16116,114,2,0,0.01417
16117,114,2,0,0.04418
16118,114,2,0,0.02656
16119,114,2,0,0.02571
16120,114,2,0,0.02717
16121,114,2,0,0.02452
16122,114,2,0,0.02333
16123,114,2,0,0.01869
16124,114,2,0,0.03296
16125,114,2,0,0.01187
16126,114,2,0,0.03079
16127,114,2,0,0.02827
16128,114,2,0,0.01738
16129,114,2,0,0.02909
16130,114,2,0,0.02780
16131,114,2,0,0.01578
16132,114,2,0,0.01187
16133,114,2,0,0.01778
16134,114,2,0,0.01380
16135,114,2,0,0.02993
16136,114,2,0,0.02822
16137,114,2,0,0.01591
16138,114,2,0,0.02355
16139,114,2,0,0.01428
16140,114,2,0,0.00000
16142,114,2,0,0.01272
16143,114,2,0,0.00003
16144,114,2,0,0.00659
16145,114,2,0,0.00257
16146,114,2,0,0.00878
16147,114,2,0,0.00819
16148,114,2,0,0.00610
16149,114,2,0,0.00560
16150,114,2,0,0.00365
16151,114,2,0,0.00364
16152,114,2,0,0.00038
16153,114,2,0,0.00395
16154,114,2,0,0.00075
16155,114,2,0,0.00659
16156,114,2,0,0.00369
16157,114,2,0,0.00430
16158,114,2,0,0.02170
16159,114,2,0,0.01049
16160,114,2,0,0.01025
16161,114,2,0,0.01724
16162,114,2,0,0.02424
16163,114,2,0,0.01844
16164,114,2,0,0.01876
16165,114,2,0,0.01155
16166,114,2,0,0.00485
16167,114,2,0,0.01385
16168,114,2,0,0.00895
16169,114,2,0,0.01169
16170,114,2,0,0.01358
16171,114,2,0,0.01025
16172,114,2,0,0.00005
16173,114,2,0,0.00138
16174,114,2,0,0.00693
16175,114,2,0,0.01758
16176,114,2,0,0.03462
16177,114,2,0,0.02707
16178,114,2,0,0.02707
16179,114,2,0,0.01267
16180,114,2,0,0.00518
16181,114,2,0,0.00587
16182,114,2,0,0.01178
16183,114,2,0,0.01445
16184,114,2,0,0.01406
16185,114,2,0,0.02324
16187,114,2,0,0.01450
16188,114,2,0,0.00800
16189,114,2,0,0.01025
16190,114,2,0,0.00701
16192,114,2,0,0.02696
16193,114,2,0,0.01187
16194,114,2,0,0.01074
16195,114,2,0,0.01698
16196,114,2,0,0.00941
16197,114,2,0,0.00457
16198,114,2,0,0.00825
16199,114,2,0,0.02065
16200,114,2,0,0.01513
16201,114,2,0,0.02415
16202,114,2,0,0.01215
16203,114,2,0,0.02267
16204,114,2,0,0.01666
16205,114,2,0,0.01173
16206,114,2,0,0.01916
16207,114,2,0,0.01428
16208,114,2,0,0.00564
16209,114,2,0,0.01333
16210,114,2,0,0.01744
16211,114,2,0,0.01049
16212,114,2,0,0.01615
16213,114,2,0,0.02186
16214,114,2,0,0.02263
16215,114,2,0,0.00677
16217,114,2,0,0.01082
17508,94,3,0,0.00000
17509,94,3,0,0.00000
17510,94,3,0,0.00000
17511,94,3,0,0.00000
17512,94,3,0,0.00000
17513,94,3,0,0.00000
17514,94,3,0,0.00000
17515,94,3,0,0.00000
17516,94,3,0,0.00000
17517,94,3,0,0.00000
17518,94,3,0,0.00000
17520,94,3,0,0.00000
17521,94,3,0,0.00000
17522,94,3,0,0.00000
17523,94,3,0,0.00000
17524,94,3,0,0.00000
17525,94,3,0,0.00000
17526,94,3,0,0.00000
17527,94,3,0,0.00000
17528,94,3,0,0.00000
17529,94,3,0,0.00000
17530,94,3,0,0.00000
17531,94,3,0,0.00000
17532,94,3,0,0.00000
17533,94,3,0,0.00000
17534,94,3,0,0.00000
17535,94,3,0,0.00000
17536,94,3,0,0.00000
17537,94,3,0,0.00000
17538,94,3,0,0.00000
17539,94,3,0,0.00000
17540,94,3,0,0.00000
17541,94,3,0,0.00000
17542,94,3,0,0.00000
17543,94,3,0,0.00000
17544,94,3,0,0.00000
17545,94,3,0,0.00000
17546,94,3,0,0.00000
17547,94,3,0,0.00000
17548,94,3,0,0.00000
17549,94,3,0,0.00000
17550,94,3,0,0.00000
17551,94,3,0,0.00000
17553,94,3,0,0.00000
17554,94,3,0,0.00000
17555,94,3,0,0.00000
17556,94,3,0,0.00000
17557,94,3,0,0.00000
17558,94,3,0,0.00000
17559,94,3,0,0.00000
17560,94,3,0,0.00000
17561,94,3,0,0.00000
17562,94,3,0,0.00000
17563,94,3,0,0.00000
17564,94,3,0,0.00000
17565,94,3,0,0.00000
17566,94,3,0,0.00000
17567,94,3,0,0.00000
17568,94,3,0,0.00000
17569,94,3,0,0.00000
17570,94,3,0,0.00000
17571,94,3,0,0.00000
17572,94,3,0,0.00000
17573,94,3,0,0.00000
17574,94,3,0,0.00000
17575,94,3,0,0.00000
17577,94,3,0,0.00000
17578,94,3,0,0.00000
17579,94,3,0,0.00000
17580,94,3,0,0.00000
17581,94,3,0,0.00000
17583,94,3,0,0.00000
17584,94,3,0,0.00000
17585,94,3,0,0.00000
17586,94,3,0,0.00000
17587,94,3,0,0.00000
17588,94,3,0,0.00000
17589,94,3,0,0.00000
17590,94,3,0,0.00000
17591,94,3,0,0.00000
17592,94,3,0,0.00000
17593,94,3,0,0.00000
17594,94,3,0,0.00000
17595,94,3,0,0.00000
17597,94,3,0,0.00000
17598,94,3,0,0.00000
17599,94,3,0,0.00000
17600,94,3,0,0.00000
17602,94,3,0,0.00000
17603,94,3,0,0.00000
17604,94,3,0,0.00000
17605,94,3,0,0.00000
17606,94,3,0,0.00000
17607,94,3,0,0.00000
17608,94,3,0,0.00000
17609,94,3,0,0.00000
17610,94,3,0,0.00000
17611,94,3,0,0.00000
17612,94,3,0,0.00000
17613,94,3,0,0.00000
17614,94,3,0,0.00000
17615,94,3,0,0.00000
17616,94,3,0,0.00000
17617,94,3,0,0.00000
17618,94,3,0,0.00000
17619,94,3,0,0.00000
17620,94,3,0,0.00000
17621,94,3,0,0.00000
17622,94,3,0,0.00000
17623,94,3,0,0.00000
17624,94,3,0,0.00000
17625,94,3,0,0.00000
17626,94,3,0,0.00000
17627,94,3,0,0.00000
17628,94,3,0,0.00000
17629,94,3,0,0.00000
17630,94,3,0,0.00000
17631,94,3,0,0.00000
17632,94,3,0,0.00000
17633,94,3,0,0.00000
17634,94,3,0,0.00000
17635,94,3,0,0.00000
17636,94,3,0,0.00000
17637,94,3,0,0.00000
17638,94,3,0,0.00000
17639,94,3,0,0.00000
17640,94,3,0,0.00000
17641,94,3,0,0.00000
17642,94,3,0,0.00000
17643,94,3,0,0.00000
17644,94,3,0,0.00000
17645,94,3,0,0.00000
17646,94,3,0,0.00000
17647,94,3,0,0.00000
17648,94,3,0,0.00000
17649,94,3,0,0.00000
17650,94,3,0,0.00000
17651,94,3,0,0.00000
17652,94,3,0,0.00000
17653,94,3,0,0.00000
17654,94,3,0,0.00000
17655,94,3,0,0.00000
17656,94,3,0,0.00000
17658,94,3,0,0.00000
17659,94,3,0,0.00000
17660,94,3,0,0.00000
17661,94,3,0,0.00000
17662,94,3,0,0.00000
17663,94,3,0,0.00000
17664,94,3,0,0.00000
17665,94,3,0,0.00000
17666,94,3,0,0.00000
17667,94,3,1,1.00000
17668,94,3,1,1.00000
17669,94,3,1,1.00000
17670,94,3,1,1.00000
17671,94,3,1,1.00000
17672,94,3,1,1.00000
17673,94,3,1,1.00000
17676,94,3,1,1.00000
17682,94,3,1,1.00000
17683,94,3,1,1.00000
17684,94,3,1,1.00000
17685,94,3,1,1.00000
17686,94,3,1,1.00000
17687,94,3,1,1.00000
17688,94,3,1,1.00000
17689,94,3,1,1.00000
17690,94,3,1,1.00000
17691,94,3,1,1.00000
17692,94,3,1,1.00000
17693,94,3,1,1.00000
17694,94,3,1,1.00000
17695,94,3,0,0.00000
17696,94,3,0,0.00000
17698,94,3,0,0.00002
17700,94,3,0,0.00001
17701,94,3,0,0.00000
17702,94,3,0,0.00000
17705,94,3,0,0.00000
17706,94,3,0,0.00000
17707,94,3,0,0.00001
17709,94,3,0,0.00001
17710,94,3,0,0.00000
17711,94,3,0,0.00000
17712,94,3,0,0.00001
17713,94,3,0,0.00000
17715,94,3,0,0.00002
17717,94,3,0,0.00000
17718,94,3,0,0.00000
17719,94,3,0,0.00000
17720,94,3,0,0.00000
17721,94,3,0,0.00000
17722,94,3,0,0.00000
17724,94,3,0,0.00000
17727,94,3,0,0.00000
17728,94,3,0,0.00000
17729,94,3,0,0.00000
17730,94,3,0,0.00000
17732,94,3,0,0.00001
17733,94,3,0,0.00001
17734,94,3,0,0.00001
17735,94,3,0,0.00001
17736,94,3,0,0.00000
17737,94,3,0,0.00001
17738,94,3,0,0.00001
17739,94,3,0,0.00001
17740,94,3,0,0.00001
17741,94,3,0,0.00001
17742,94,3,0,0.00001
17743,94,3,0,0.00001
17744,94,3,0,0.00001
17745,94,3,0,0.00002
17746,94,3,0,0.00001
17747,94,3,0,0.00001
17748,94,3,0,0.00001
17749,94,3,0,0.00002
17750,94,3,0,0.00001
17751,94,3,0,0.00001
17752,94,3,0,0.00001
17753,94,3,0,0.00001
17754,94,3,0,0.00001
17755,94,3,0,0.00007
17756,94,3,0,0.00004
17757,94,3,0,0.00009
17759,94,3,0,0.00006
17760,94,3,0,0.00002
17761,94,3,0,0.00002
17762,94,3,0,0.00005
17763,94,3,0,0.00002
17764,94,3,0,0.00000
17765,94,3,0,0.00000
17766,94,3,0,0.00000
17767,94,3,0,0.00000
17768,94,3,0,0.00000
17769,94,3,0,0.00000
17770,94,3,0,0.00000
17771,94,3,0,0.00000
17772,94,3,0,0.00000
17773,94,3,0,0.00000
17774,94,3,0,0.00000
17775,94,3,0,0.00000
17776,94,3,0,0.00000
17777,94,3,0,0.00001
17778,94,3,0,0.00000
17779,94,3,0,0.00001
17780,94,3,0,0.00001
17781,94,3,0,0.00001
17782,94,3,0,0.00001
17783,94,3,0,0.00002
17784,94,3,0,0.00001
17785,94,3,0,0.00001
17786,94,3,0,0.00001
17787,94,3,0,0.00001
17788,94,3,0,0.00001
17789,94,3,0,0.00001
17790,94,3,0,0.00001
17791,94,3,0,0.00001
17792,94,3,0,0.00001
17793,94,3,0,0.00001
17794,94,3,0,0.00001
17795,94,3,0,0.00002
17796,94,3,0,0.00001
17797,94,3,0,0.00001
17798,94,3,0,0.00001
17799,94,3,0,0.00001
17800,94,3,0,0.00001
17801,94,3,0,0.00001
17802,94,3,0,0.00001
17803,94,3,0,0.00001
17804,94,3,0,0.00001
17805,94,3,0,0.00001
17806,94,3,0,0.00001
17807,94,3,0,0.00001
17808,94,3,0,0.00001
17809,94,3,0,0.00001
17810,94,3,0,0.00002
17811,94,3,0,0.00001
17812,94,3,0,0.00001
17813,94,3,0,0.00001
17814,94,3,0,0.00001
17815,94,3,0,0.00000
17816,94,3,0,0.00001
17817,94,3,0,0.00001
17818,94,3,0,0.00001
17819,94,3,0,0.00000
17820,94,3,0,0.00001
17821,94,3,0,0.00000
17822,94,3,0,0.00001
17823,94,3,0,0.00000
17824,94,3,0,0.00001
17825,94,3,0,0.00001
17826,94,3,0,0.00001
17827,94,3,0,0.00001
17828,94,3,0,0.00001
17829,94,3,0,0.00001
17830,94,3,0,0.00000
17831,94,3,0,0.00001
17832,94,3,0,0.00001
17833,94,3,0,0.00001
17834,94,3,0,0.00002
17835,94,3,0,0.00000
17836,94,3,0,0.00001
17837,94,3,0,0.00001
17838,94,3,0,0.00002
17839,94,3,0,0.00001
17840,94,3,0,0.00000
17841,94,3,0,0.00000
17842,94,3,0,0.00001
17843,94,3,0,0.00001
17844,94,3,0,0.00001
17845,94,3,0,0.00001
17846,94,3,0,0.00001
17847,94,3,0,0.00001
17848,94,3,0,0.00002
17849,94,3,0,0.00001
17850,94,3,0,0.00003
17851,94,3,0,0.00001
17852,94,3,0,0.00001
17853,94,3,0,0.00001
17854,94,3,0,0.00001
17855,94,3,0,0.00006
17856,94,3,0,0.00004
17857,94,3,0,0.00002
17858,94,3,0,0.00001
17859,94,3,0,0.00002
17860,94,3,0,0.00001
17861,94,3,0,0.00001
17862,94,3,0,0.00001
17863,94,3,0,0.00001
17864,94,3,0,0.00000
17865,94,3,0,0.00001
17866,94,3,0,0.00001
17867,94,3,0,0.00002
17868,94,3,0,0.00001
17869,94,3,0,0.00002
17870,94,3,0,0.00001
17871,94,3,0,0.00003
17872,94,3,0,0.00003
17873,94,3,0,0.00003
17875,94,3,0,0.00001
17876,94,3,0,0.00001
17877,94,3,0,0.00001
17878,94,3,0,0.00004
17879,94,3,0,0.00001
17880,94,3,0,0.00001
17881,94,3,0,0.00001
17882,94,3,0,0.00002
17883,94,3,0,0.00002
17884,94,3,0,0.00002
17885,94,3,0,0.00004
17886,94,3,0,0.00002
17887,94,3,0,0.00004
17888,94,3,0,0.00011
17889,94,3,0,0.00003
17890,94,3,0,0.00002
78666,279,0,1,1.00000
78667,279,0,1,1.00000
78668,279,0,1,1.00000
78669,279,0,1,1.00000
78670,279,0,1,1.00000
78671,279,0,1,1.00000
78672,279,0,1,1.00000
78673,279,0,1,1.00000
78674,279,0,1,1.00000
78675,279,0,1,1.00000
78676,279,0,1,1.00000
78677,279,0,1,1.00000
78678,279,0,1,1.00000
78679,279,0,1,1.00000
78680,279,0,1,1.00000
78681,279,0,1,1.00000
78682,279,0,1,1.00000
78683,279,0,1,1.00000
78684,279,0,1,1.00000
78685,279,0,1,1.00000
78686,279,0,1,1.00000
78687,279,0,1,1.00000
78688,279,0,1,1.00000
78689,279,0,1,1.00000
78690,279,0,1,1.00000
78691,279,0,1,1.00000
78692,279,0,1,1.00000
78693,279,0,1,1.00000
78694,279,0,1,1.00000
78695,279,0,1,1.00000
78696,279,0,1,1.00000
78697,279,0,1,1.00000
78698,279,0,1,1.00000
78699,279,0,0,0.00000
78700,279,0,0,0.00000
78701,279,0,0,0.00000
78702,279,0,0,0.00001
78703,279,0,0,0.00001
78704,279,0,0,0.00001
78705,279,0,0,0.00001
78706,279,0,0,0.00001
78707,279,0,0,0.00000
78708,279,0,0,0.00001
78709,279,0,0,0.00000
78710,279,0,0,0.00000
78711,279,0,0,0.00000
78712,279,0,0,0.00000
78713,279,0,0,0.00000
78714,279,0,0,0.00000
78715,279,0,0,0.00000
78716,279,0,0,0.00002
78717,279,0,0,0.00003
78718,279,0,0,0.00001
78719,279,0,0,0.00004
78720,279,0,0,0.00003
78721,279,0,0,0.00001
78722,279,0,0,0.00000
78723,279,0,0,0.00000
78724,279,0,0,0.00001
78725,279,0,0,0.00001
78726,279,0,0,0.00002
78727,279,0,0,0.00002
78728,279,0,0,0.00002
78729,279,0,0,0.00001
78730,279,0,0,0.00001
78731,279,0,0,0.00004
78732,279,0,0,0.00001
78733,279,0,0,0.00001
78734,279,0,0,0.00001
78735,279,0,0,0.00001
78736,279,0,0,0.00001
78737,279,0,0,0.00001
78738,279,0,0,0.00001
78739,279,0,0,0.00001
78740,279,0,0,0.00001
78741,279,0,0,0.00003
78742,279,0,0,0.00003
78743,279,0,0,0.00003
78744,279,0,0,0.00007
78745,279,0,0,0.00003
78746,279,0,0,0.00015
78747,279,0,0,0.00006
78748,279,0,0,0.00005
78749,279,0,0,0.00001
78750,279,0,0,0.00003
78751,279,0,0,0.00001
78752,279,0,0,0.00001
78753,279,0,0,0.00003
78754,279,0,0,0.00001
78755,279,0,0,0.00001
78756,279,0,0,0.00003
78757,279,0,0,0.00003
78758,279,0,0,0.00001
78759,279,0,0,0.00001
78760,279,0,0,0.00000
78761,279,0,0,0.00001
78762,279,0,0,0.00001
78763,279,0,0,0.00001
78764,279,0,0,0.00001
78765,279,0,0,0.00000
78766,279,0,0,0.00000
78767,279,0,0,0.00000
78768,279,0,0,0.00000
78769,279,0,0,0.00000
78770,279,0,0,0.00000
78771,279,0,0,0.00000
78772,279,0,0,0.00000
78773,279,0,0,0.00000
78774,279,0,0,0.00000
78775,279,0,0,0.00000
78776,279,0,0,0.00000
78777,279,0,0,0.00000
78778,279,0,0,0.00001
78779,279,0,0,0.00001
78780,279,0,0,0.00000
78781,279,0,0,0.00000
78782,279,0,0,0.00001
78783,279,0,0,0.00001
78784,279,0,0,0.00000
78785,279,0,0,0.00000
78786,279,0,0,0.00000
78787,279,0,0,0.00001
78788,279,0,0,0.00000
78789,279,0,0,0.00001
78790,279,0,0,0.00001
78791,279,0,0,0.00000
78792,279,0,0,0.00001
78793,279,0,0,0.00001
78794,279,0,0,0.00002
78795,279,0,0,0.00001
78796,279,0,0,0.00002
78797,279,0,1,1.00000
78798,279,0,1,1.00000
78799,279,0,1,1.00000
78800,279,0,1,1.00000
78801,279,0,1,1.00000
78802,279,0,1,1.00000
78803,279,0,1,1.00000
78804,279,0,1,1.00000
78805,279,0,1,1.00000
78806,279,0,1,1.00000
78807,279,0,1,1.00000
78808,279,0,1,1.00000
78809,279,0,1,1.00000
78810,279,0,1,1.00000
78811,279,0,1,1.00000
78812,279,0,1,1.00000
78813,279,0,1,1.00000
78814,279,0,1,1.00000
78815,279,0,1,1.00000
78816,279,0,1,1.00000
78817,279,0,1,1.00000
78818,279,0,1,1.00000
78819,279,0,1,1.00000
78820,279,0,1,1.00000
101258,341,0,1,1.00000
101259,341,0,1,1.00000
101260,341,0,1,1.00000
101261,341,0,1,1.00000
101262,341,0,1,1.00000
101263,341,0,1,1.00000
101264,341,0,1,1.00000
101265,341,0,1,1.00000
101266,341,0,1,1.00000
101267,341,0,1,1.00000
101268,341,0,1,1.00000
101269,341,0,1,1.00000
101270,341,0,1,1.00000
101271,341,0,1,1.00000
101272,341,0,1,1.00000
101273,341,0,1,1.00000
101274,341,0,1,1.00000
101275,341,0,1,1.00000
101276,341,0,1,1.00000
101277,341,0,1,1.00000
101278,341,0,1,1.00000
101279,341,0,1,1.00000
101280,341,0,1,1.00000
101281,341,0,1,1.00000
101282,341,0,1,1.00000
101283,341,0,1,1.00000
101284,341,0,1,1.00000
101285,341,0,1,1.00000
101286,341,0,1,1.00000
101287,341,0,1,1.00000
101288,341,0,1,1.00000
101289,341,0,1,1.00000
101290,341,0,1,1.00000
101291,341,0,1,1.00000
101292,341,0,1,1.00000
101293,341,0,0,0.00000
101294,341,0,0,0.00000
101295,341,0,0,0.00000
101296,341,0,0,0.00007
101297,341,0,0,0.00005
101298,341,0,0,0.00007
101299,341,0,0,0.00016
101300,341,0,0,0.00001
101301,341,0,0,0.00001
101302,341,0,0,0.00005
101303,341,0,0,0.00008
101304,341,0,0,0.00007
101305,341,0,0,0.00012
101306,341,0,0,0.00007
101307,341,0,0,0.00007
101308,341,0,0,0.00011
101309,341,0,0,0.00014
101310,341,0,0,0.00009
101311,341,0,0,0.00000
101312,341,0,0,0.00000
101313,341,0,0,0.00000
101314,341,0,0,0.00001
101315,341,0,0,0.00001
101316,341,0,0,0.00001
101317,341,0,0,0.00000
101318,341,0,0,0.00001
101320,341,0,0,0.00001
101321,341,0,0,0.00002
101322,341,0,0,0.00001
101323,341,0,0,0.00000
101324,341,0,0,0.00000
101325,341,0,0,0.00000
101326,341,0,0,0.00000
101327,341,0,0,0.00000
101328,341,0,0,0.00000
101329,341,0,0,0.00000
101330,341,0,0,0.00000
101331,341,0,0,0.00000
101332,341,0,0,0.00000
101333,341,0,0,0.00000
101334,341,0,0,0.00001
101335,341,0,0,0.00001
101336,341,0,0,0.00000
101337,341,0,0,0.00000
101338,341,0,0,0.00000
101339,341,0,0,0.03309
101340,341,0,0,0.01603
101341,341,0,0,0.01935
101342,341,0,0,0.02942
101343,341,0,0,0.01187
101344,341,0,0,0.00963
101345,341,0,0,0.01317
101346,341,0,0,0.02527
101347,341,0,0,0.01603
101348,341,0,0,0.02527
101349,341,0,0,0.02289
101350,341,0,0,0.03521
101351,341,0,0,0.03861
101352,341,0,0,0.00892
101353,341,0,0,0.02641
101354,341,0,0,0.01496
101355,341,0,0,0.01718
101356,341,0,0,0.01282
101357,341,0,0,0.00002
101358,341,0,0,0.00001
101359,341,0,0,0.00001
101360,341,0,0,0.00000
101361,341,0,0,0.00001
101362,341,0,0,0.00000
101363,341,0,0,0.00003
101364,341,0,0,0.00007
101365,341,0,0,0.00008
101366,341,0,0,0.00001
101367,341,0,0,0.00001
101368,341,0,0,0.00001
101369,341,0,0,0.00005
101370,341,0,0,0.00002
101371,341,0,0,0.00001
101372,341,0,0,0.00000
101373,341,0,0,0.00001
101374,341,0,0,0.00006
101375,341,0,0,0.00001
101376,341,0,0,0.00000
101377,341,0,0,0.00000
101378,341,0,0,0.00000
101379,341,0,0,0.00000
101380,341,0,0,0.00000
101381,341,0,0,0.00000
101382,341,0,0,0.00000
101383,341,0,0,0.00000
101384,341,0,0,0.00000
101385,341,0,0,0.00000
101386,341,0,0,0.00001
101387,341,0,0,0.00002
101388,341,0,0,0.00002
101389,341,0,0,0.00001
101390,341,0,0,0.00001
101391,341,0,0,0.00000
101392,341,0,0,0.00000
101393,341,0,0,0.00001
101394,341,0,0,0.00000
101395,341,0,0,0.00002
101396,341,0,0,0.00016
101397,341,0,0,0.00002
101398,341,0,0,0.00014
101399,341,0,0,0.00009
101400,341,0,0,0.00000
101401,341,0,0,0.00000
101402,341,0,0,0.00000
101403,341,0,0,0.00000
101404,341,0,0,0.00000
101405,341,0,0,0.00000
101406,341,0,0,0.00000
101407,341,0,0,0.00006
101408,341,0,0,0.00007
101409,341,0,0,0.00006
101410,341,0,0,0.00002
101411,341,0,0,0.00004
101412,341,0,0,0.00013
101413,341,0,0,0.00020
101414,341,0,0,0.00056
101415,341,0,0,0.00019
101416,341,0,0,0.00017
101417,341,0,0,0.00053
101418,341,0,0,0.00012
101419,341,0,0,0.00011
101420,341,0,0,0.00008
101421,341,0,0,0.00010
101422,341,0,0,0.00000
101423,341,0,0,0.00000
101424,341,0,0,0.00000
101425,341,0,0,0.00000
101426,341,0,0,0.00000
101427,341,0,0,0.00001
101428,341,0,0,0.00000
101429,341,0,0,0.00002
101430,341,0,0,0.00001
101431,341,0,0,0.00000
101432,341,0,0,0.00000
101433,341,0,0,0.00000
101434,341,0,0,0.00000
101435,341,0,0,0.00000
101436,341,0,0,0.00000
101437,341,0,0,0.00000
101438,341,0,0,0.00002
101439,341,0,0,0.00001
101440,341,0,0,0.00001
101441,341,0,0,0.00014
101442,341,0,0,0.00013
101443,341,0,0,0.00047
101444,341,0,0,0.00053
101445,341,0,0,0.00091
101446,341,0,0,0.00022
101447,341,0,0,0.00041
101448,341,0,0,0.00073
102533,349,1,1,1.00000
102534,349,1,1,1.00000
102535,349,1,1,1.00000
102536,349,1,1,1.00000
102537,349,1,1,1.00000
102538,349,1,1,1.00000
102539,349,1,1,1.00000
102540,349,1,1,1.00000
102541,349,1,1,1.00000
102542,349,1,1,1.00000
102543,349,1,1,1.00000
102544,349,1,1,1.00000
102545,349,1,0,0.00014
102546,349,1,0,0.00003
102547,349,1,0,0.00007
102548,349,1,0,0.00008
102549,349,1,0,0.00002
102550,349,1,0,0.00002
102551,349,1,0,0.00002
102552,349,1,0,0.00003
102553,349,1,0,0.00007
102554,349,1,0,0.00001
102555,349,1,0,0.00000
102556,349,1,0,0.00001
102557,349,1,0,0.00000
102558,349,1,0,0.00002
102559,349,1,0,0.00003
102560,349,1,0,0.00004
102561,349,1,0,0.00002
102562,349,1,0,0.00004
102563,349,1,0,0.00001
102564,349,1,0,0.00014
102565,349,1,0,0.00003
102566,349,1,0,0.00010
102567,349,1,0,0.00008
102568,349,1,0,0.00000
102569,349,1,0,0.00000
102570,349,1,0,0.00001
102571,349,1,0,0.00001
102572,349,1,0,0.00001
102573,349,1,0,0.00000
102574,349,1,0,0.00001
102575,349,1,0,0.00001
102576,349,1,0,0.00000
102577,349,1,0,0.00000
102578,349,1,0,0.00000
102579,349,1,0,0.00002
102580,349,1,0,0.00000
102581,349,1,0,0.00002
102582,349,1,0,0.00002
102583,349,1,0,0.00000
102584,349,1,0,0.00001
102585,349,1,0,0.00000
102586,349,1,0,0.00007
102587,349,1,0,0.00005
102588,349,1,0,0.00005
102589,349,1,0,0.00006
102590,349,1,0,0.00007
102591,349,1,0,0.00005
102592,349,1,0,0.00005
102593,349,1,0,0.00005
102594,349,1,0,0.00048
102595,349,1,0,0.00036
102596,349,1,0,0.00034
102597,349,1,0,0.00000
102598,349,1,0,0.00000
102599,349,1,0,0.00004
102600,349,1,0,0.00002
102601,349,1,0,0.00003
102602,349,1,0,0.00007
102603,349,1,0,0.00009
102604,349,1,0,0.00000
102605,349,1,0,0.00016
102606,349,1,0,0.00001
102607,349,1,0,0.00002
102608,349,1,0,0.00004
102609,349,1,0,0.00030
102610,349,1,0,0.00026
102611,349,1,0,0.00017
102612,349,1,0,0.00036
102613,349,1,0,0.00018
102614,349,1,0,0.00007
102615,349,1,0,0.00000
102616,349,1,0,0.00002
102617,349,1,0,0.00000
102618,349,1,0,0.00001
102619,349,1,0,0.00001
102620,349,1,0,0.00000
102621,349,1,0,0.00017
102622,349,1,0,0.00002
102623,349,1,0,0.00008
102624,349,1,0,0.00001
102625,349,1,0,0.00000
102626,349,1,0,0.00000
102627,349,1,0,0.00002
102628,349,1,0,0.00002
102629,349,1,0,0.00001
102630,349,1,0,0.00002
102631,349,1,0,0.00001
102632,349,1,0,0.00002
102633,349,1,0,0.00001
102634,349,1,0,0.00000
102635,349,1,0,0.00000
102636,349,1,0,0.00001
102637,349,1,0,0.00001
102638,349,1,0,0.00016
102639,349,1,0,0.00001
102640,349,1,0,0.00002
102641,349,1,0,0.00001
102642,349,1,0,0.00002
102643,349,1,0,0.00023
102644,349,1,0,0.00005
102645,349,1,0,0.00007
102646,349,1,0,0.00009
102647,349,1,0,0.00033
102648,349,1,0,0.00009
102649,349,1,0,0.00000
102650,349,1,0,0.00001
102651,349,1,0,0.00000
102652,349,1,0,0.00001
102653,349,1,0,0.00001
102654,349,1,0,0.00002
102655,349,1,0,0.00001
102656,349,1,0,0.00001
102657,349,1,0,0.00000
102658,349,1,0,0.00002
102659,349,1,0,0.00004
102660,349,1,0,0.00002
102661,349,1,0,0.00002
102662,349,1,0,0.00005
102663,349,1,0,0.00281
102664,349,1,0,0.00012
102665,349,1,0,0.00001
102666,349,1,0,0.00002
102667,349,1,0,0.00001
102668,349,1,0,0.00001
102669,349,1,0,0.00028
102670,349,1,0,0.00035
102671,349,1,0,0.00016
102672,349,1,0,0.00003
102673,349,1,0,0.00028
102674,349,1,0,0.00017
102675,349,1,0,0.00011
102676,349,1,0,0.00024
102677,349,1,0,0.00012
102678,349,1,0,0.00021
102679,349,1,0,0.00020
102680,349,1,0,0.00023
102681,349,1,0,0.00023
102682,349,1,0,0.00007
102683,349,1,0,0.00015
102684,349,1,0,0.00012
102685,349,1,0,0.00006
102686,349,1,0,0.00008
102687,349,1,0,0.00002
102688,349,1,0,0.00005
102689,349,1,0,0.00005
102690,349,1,0,0.00003
102691,349,1,0,0.00002
102692,349,1,0,0.00004
102693,349,1,0,0.00003
102694,349,1,0,0.00002
102695,349,1,0,0.00012
102696,349,1,0,0.00013
102697,349,1,0,0.00006
102698,349,1,0,0.00002
102699,349,1,0,0.00001
102700,349,1,0,0.00001
102701,349,1,0,0.00003
102702,349,1,0,0.00002
102703,349,1,0,0.00002
102704,349,1,0,0.00024
102705,349,1,0,0.00011
102706,349,1,0,0.00024
102731,347,4,1,1.00000
102732,347,4,1,1.00000
102733,347,4,1,1.00000
102734,347,4,1,1.00000
102735,347,4,1,1.00000
102736,347,4,1,1.00000
102737,347,4,1,1.00000
102738,347,4,1,1.00000
102739,347,4,1,1.00000
102740,347,4,1,1.00000
102741,347,4,1,1.00000
102742,347,4,1,1.00000
102743,347,4,1,1.00000
102744,347,4,1,1.00000
102745,347,4,1,1.00000
102746,347,4,1,1.00000
102747,347,4,1,1.00000
102748,347,4,1,1.00000
102749,347,4,1,1.00000
102750,347,4,1,1.00000
102751,347,4,1,1.00000
102752,347,4,1,1.00000
102753,347,4,1,1.00000
102754,347,4,1,1.00000
102755,347,4,1,1.00000
102757,347,4,1,1.00000
102758,347,4,1,1.00000
102759,347,4,1,1.00000
102760,347,4,0,0.01169
102761,347,4,0,0.00305
102762,347,4,0,0.00064
102763,347,4,0,0.00001
102764,347,4,0,0.00001
102765,347,4,0,0.00000
102766,347,4,0,0.00001
102767,347,4,0,0.00001
102768,347,4,0,0.00001
102769,347,4,0,0.00001
102770,347,4,0,0.00001
102771,347,4,0,0.00001
102772,347,4,0,0.00001
102773,347,4,0,0.00000
102774,347,4,0,0.00000
102775,347,4,0,0.00000
102776,347,4,0,0.00000
102777,347,4,0,0.00000
102778,347,4,0,0.00001
102779,347,4,0,0.00001
102780,347,4,0,0.00001
102781,347,4,0,0.00001
102782,347,4,0,0.00001
102783,347,4,0,0.00000
102784,347,4,0,0.00000
102785,347,4,0,0.00000
102786,347,4,0,0.00000
102787,347,4,0,0.00000
102788,347,4,0,0.00000
102789,347,4,0,0.00000
102790,347,4,0,0.00000
102802,347,4,0,0.00000
102803,347,4,0,0.00001
102804,347,4,0,0.00001
102805,347,4,0,0.00000
102806,347,4,0,0.00000
102807,347,4,0,0.00000
102808,347,4,0,0.00000
102809,347,4,0,0.00000
102810,347,4,0,0.00001
102812,347,4,0,0.00000
102813,347,4,0,0.00000
102814,347,4,0,0.00000
102816,347,4,0,0.00000
102819,347,4,0,0.00001
102821,347,4,0,0.00000
102822,347,4,0,0.00000
102823,347,4,0,0.00001
102824,347,4,0,0.00001
102825,347,4,0,0.00000
102826,347,4,0,0.00000
102827,347,4,0,0.00000
102830,347,4,0,0.00023
102831,347,4,0,0.00038
102832,347,4,0,0.00001
102834,347,4,0,0.00002
102835,347,4,0,0.00002
102836,347,4,0,0.00001
102837,347,4,0,0.00003
102838,347,4,0,0.00002
102839,347,4,0,0.00001
102840,347,4,0,0.00003
102841,347,4,0,0.00005
102842,347,4,0,0.00003
102843,347,4,0,0.00002
102844,347,4,0,0.00001
102845,347,4,0,0.00006
102846,347,4,0,0.00000
102847,347,4,0,0.00000
102848,347,4,0,0.00000
102849,347,4,0,0.00001
102850,347,4,0,0.00001
102851,347,4,0,0.00001
102852,347,4,0,0.00000
102853,347,4,0,0.00001
102854,347,4,0,0.00000
102856,347,4,0,0.00002
102857,347,4,0,0.00006
102858,347,4,0,0.00003
102859,347,4,0,0.00001
102860,347,4,0,0.00002
102861,347,4,0,0.00003
102862,347,4,0,0.00003
102863,347,4,0,0.00005
102864,347,4,0,0.00002
102865,347,4,0,0.00002
102866,347,4,0,0.00002
102867,347,4,0,0.00002
102868,347,4,0,0.00005
102869,347,4,0,0.00003
102870,347,4,0,0.00002
102871,347,4,0,0.00002
102872,347,4,0,0.00002
102874,347,4,0,0.00000
102875,347,4,0,0.00000
102876,347,4,0,0.00000
102877,347,4,0,0.00000
102878,347,4,0,0.00000
102879,347,4,0,0.00000
102880,347,4,0,0.00000
102881,347,4,0,0.00000
102882,347,4,0,0.00000
102883,347,4,0,0.00000
102884,347,4,0,0.00000
102885,347,4,0,0.00000
102886,347,4,0,0.00000
102887,347,4,0,0.00001
102888,347,4,0,0.00001
102889,347,4,0,0.00002
102890,347,4,0,0.00001
102891,347,4,0,0.00001
102892,347,4,0,0.00002
102893,347,4,0,0.00001
102894,347,4,0,0.00002
102895,347,4,0,0.00001
102896,347,4,0,0.00000
102897,347,4,0,0.00006
102898,347,4,0,0.00000
102899,347,4,0,0.00000
102900,347,4,0,0.00000
102901,347,4,0,0.00000
102902,347,4,0,0.00000
102903,347,4,0,0.00000
102904,347,4,0,0.00000
102905,347,4,0,0.00000
102906,347,4,0,0.00000
102907,347,4,0,0.00000
102908,347,4,0,0.00000
102909,347,4,0,0.00000
102910,347,4,0,0.00000
102911,347,4,0,0.00000
102912,347,4,0,0.00000
102913,347,4,0,0.00000
102914,347,4,0,0.00000
102915,347,4,0,0.00000
102916,347,4,0,0.00000
102917,347,4,0,0.00000
102918,347,4,0,0.00000
102919,347,4,0,0.00000
102920,347,4,0,0.00001
102921,347,4,0,0.00001
102922,347,4,0,0.00000
102923,347,4,0,0.00000
102924,347,4,0,0.00000
102925,347,4,0,0.00000
102926,347,4,0,0.00000
102927,347,4,0,0.00000
102928,347,4,0,0.00000
102929,347,4,0,0.00000
102930,347,4,0,0.00000
102931,347,4,0,0.00001
102932,347,4,0,0.00000
102933,347,4,0,0.00002
102934,347,4,0,0.00000
102935,347,4,0,0.00002
102936,347,4,0,0.00001
102937,347,4,0,0.00000
102938,347,4,0,0.00000
102940,347,4,0,0.00000
102941,347,4,0,0.00001
102942,347,4,0,0.00000
102943,347,4,0,0.00001
102944,347,4,0,0.00001
102948,347,4,0,0.00001
102949,347,4,0,0.00000
102950,347,4,0,0.00002
102951,347,4,0,0.00000
102953,347,4,0,0.00002
102954,347,4,0,0.00001
102955,347,4,0,0.00000
102956,347,4,0,0.00000
102961,347,4,0,0.00001
102962,347,4,0,0.00000
102964,347,4,0,0.00002
102965,347,4,0,0.00000
102966,347,4,0,0.00001
102967,347,4,0,0.00001
102968,347,4,0,0.00001
102969,347,4,0,0.00003
102970,347,4,0,0.00002
102971,347,4,0,0.00001
102972,347,4,0,0.00005
102973,347,4,0,0.00004
102974,347,4,0,0.00005
102975,347,4,0,0.00004
102976,347,4,0,0.00006
102977,347,4,0,0.00000
102978,347,4,0,0.00000
102979,347,4,0,0.00000
102980,347,4,0,0.00000
102981,347,4,0,0.00001
102982,347,4,0,0.00000
102983,347,4,0,0.00016
102984,347,4,0,0.00018
102985,347,4,0,0.00001
102986,347,4,0,0.00001
102987,347,4,0,0.00000
102988,347,4,0,0.00001
102989,347,4,0,0.00001
102990,347,4,0,0.00000
102991,347,4,0,0.00000
102992,347,4,0,0.00000
102993,347,4,0,0.00000
102994,347,4,0,0.00000
102995,347,4,0,0.00000
102996,347,4,0,0.00000
102997,347,4,0,0.00000
102998,347,4,0,0.00006
102999,347,4,0,0.00005
103000,347,4,0,0.00000
103001,347,4,0,0.00001
103005,347,4,0,0.00006
103006,347,4,0,0.00008
103007,347,4,0,0.00006
103008,347,4,0,0.00007
103010,347,4,0,0.00000
103011,347,4,0,0.00000
103012,347,4,0,0.00000
103013,347,4,0,0.00000
103014,347,4,0,0.00000
103015,347,4,0,0.00000
103016,347,4,0,0.00000
103018,347,4,0,0.00000
103019,347,4,0,0.00001
103023,347,4,0,0.00000
103024,347,4,0,0.00001
103025,347,4,0,0.00000
103026,347,4,0,0.00000
103027,347,4,0,0.00000
103028,347,4,0,0.00000
103029,347,4,0,0.00024
103030,347,4,0,0.00016
103031,347,4,0,0.00009
103032,347,4,0,0.00010
103033,347,4,0,0.00012
103034,347,4,0,0.00010
103035,347,4,0,0.00001
103036,347,4,0,0.00004
103037,347,4,0,0.00000
103038,347,4,0,0.00000
103039,347,4,0,0.00000
103040,347,4,0,0.00000
103041,347,4,0,0.00000
103042,347,4,0,0.00016
103043,347,4,0,0.00021
103044,347,4,0,0.00025
103045,347,4,0,0.00009
103046,347,4,0,0.00005
103047,347,4,0,0.00007
103048,347,4,0,0.00019
103049,347,4,0,0.00006
103050,347,4,0,0.00005
103051,347,4,0,0.00004
103052,347,4,0,0.00006
103053,347,4,0,0.00002
103054,347,4,0,0.00002
103055,347,4,0,0.00003
103056,347,4,0,0.00002
103057,347,4,0,0.00001
103058,347,4,0,0.00001
103059,347,4,0,0.00000
103060,347,4,0,0.00000
103061,347,4,0,0.00000
103062,347,4,0,0.00000
103063,347,4,0,0.07094
111909,383,2,1,0.99958
111910,383,2,1,0.99999
111911,383,2,1,1.00000
111912,383,2,1,1.00000
111913,383,2,1,1.00000
111914,383,2,0,0.02712
111915,383,2,0,0.14928
111916,383,2,0,0.00114
111917,383,2,0,0.00560
111918,383,2,0,0.00001
111919,383,2,0,0.00677
111922,383,2,0,0.04435
111923,383,2,0,0.00121
111924,383,2,0,0.00002
111925,383,2,0,0.00094
111926,383,2,0,0.00001
111927,383,2,0,0.00012
111928,383,2,0,0.00006
111929,383,2,0,0.00522
111933,383,2,0,0.00357
111934,383,2,0,0.00005
111935,383,2,0,0.00782
111936,383,2,0,0.00003
111937,383,2,0,0.00085
111942,383,2,0,0.00004
111943,383,2,0,0.01519
111945,383,2,1,0.57481
111946,383,2,1,1.00000
111947,383,2,1,1.00000
111948,383,2,1,1.00000
118625,427,3,1,0.99998
118626,427,3,1,0.91150
118629,427,3,1,0.99986
118630,427,3,0,0.00004
118634,427,3,0,0.00001
118635,427,3,0,0.00536
118637,427,3,0,0.00246
118638,427,3,0,0.00468
118640,427,3,0,0.00461
118641,427,3,0,0.00425
118642,427,3,0,0.00188
118643,427,3,0,0.00027
118644,427,3,0,0.00043
118646,427,3,0,0.00043
118649,427,3,0,0.01537
118650,427,3,0,0.01771
118652,427,3,0,0.01806
118653,427,3,0,0.01679
118654,427,3,0,0.01169
118655,427,3,0,0.01537
118656,427,3,0,0.01972
118657,427,3,0,0.01456
118658,427,3,0,0.01005
118659,427,3,0,0.00941
118660,427,3,0,0.00639
118662,427,3,0,0.01234
118663,427,3,0,0.01164
118664,427,3,0,0.00978
118665,427,3,0,0.00325
118666,427,3,0,0.01647
118667,427,3,0,0.02717
118668,427,3,0,0.02025
118669,427,3,0,0.01554
118670,427,3,0,0.00420
118671,427,3,0,0.00707
118672,427,3,0,0.00605
118673,427,3,0,0.00788
118674,427,3,0,0.00225
118675,427,3,0,0.00491
118676,427,3,0,0.01297
118677,427,3,0,0.01182
118678,427,3,0,0.00452
118679,427,3,0,0.00868
118680,427,3,0,0.02088
118683,427,3,0,0.00596
118684,427,3,0,0.00287
118685,427,3,0,0.00221
118686,427,3,0,0.00449
118688,427,3,0,0.01679
118692,427,3,0,0.00551
118693,427,3,0,0.00179
118694,427,3,0,0.00215
118695,427,3,0,0.00528
121791,436,1,1,1.00000
121792,436,1,1,1.00000
121793,436,1,1,1.00000
121794,436,1,1,1.00000
121795,436,1,1,1.00000
121796,436,1,1,1.00000
121797,436,1,1,1.00000
121799,436,1,1,1.00000
121800,436,1,1,1.00000
121801,436,1,1,1.00000
121802,436,1,1,1.00000
121926,436,1,0,0.01434
121933,436,1,1,1.00000
129151,466,3,0,0.04603
129152,466,3,1,0.99891
129153,466,3,1,1.00000
129154,466,3,1,1.00000
129155,466,3,1,1.00000
129156,466,3,1,1.00000
129157,466,3,1,1.00000
129158,466,3,1,1.00000
129159,466,3,0,0.00244
129160,466,3,0,0.00000
129161,466,3,0,0.00000
129162,466,3,0,0.00005
129163,466,3,0,0.00089
129164,466,3,0,0.00005
129165,466,3,0,0.00150
129166,466,3,0,0.00391
129167,466,3,0,0.00049
129168,466,3,0,0.00031
129169,466,3,0,0.00002
129170,466,3,0,0.00058
129171,466,3,0,0.00093
129172,466,3,0,0.00033
129173,466,3,0,0.00013
129174,466,3,0,0.00013
129175,466,3,0,0.00000
129176,466,3,0,0.00000
129177,466,3,0,0.00000
129178,466,3,0,0.00001
129179,466,3,0,0.00002
129180,466,3,0,0.00238
129181,466,3,0,0.00001
129182,466,3,0,0.00002
129183,466,3,0,0.00007
129184,466,3,0,0.00243
129185,466,3,0,0.00106
129186,466,3,0,0.01138
129187,466,3,0,0.00014
129188,466,3,0,0.00006
129189,466,3,0,0.00011
129190,466,3,0,0.00004
129191,466,3,0,0.00365
129192,466,3,0,0.00002
129193,466,3,0,0.00001
129194,466,3,0,0.00001
129195,466,3,0,0.00001
129196,466,3,0,0.00067
129197,466,3,0,0.00005
129198,466,3,0,0.00007
129199,466,3,0,0.00004
129200,466,3,0,0.00002
129201,466,3,0,0.00027
129202,466,3,0,0.00021
129203,466,3,0,0.00002
129204,466,3,0,0.00000
129205,466,3,0,0.00007
129206,466,3,0,0.00007
129207,466,3,0,0.00006
129208,466,3,0,0.00002
129209,466,3,0,0.00003
129210,466,3,0,0.00009
129211,466,3,0,0.00017
129212,466,3,0,0.00001
129213,466,3,0,0.00001
129214,466,3,0,0.00000
129215,466,3,0,0.00028
129216,466,3,0,0.00000
129217,466,3,0,0.00042
129218,466,3,0,0.00086
129219,466,3,0,0.00164
129220,466,3,0,0.00200
129221,466,3,0,0.00159
129222,466,3,0,0.00207
129223,466,3,0,0.00017
129224,466,3,0,0.00001
129225,466,3,0,0.00001
129226,466,3,0,0.00014
129227,466,3,0,0.00059
129228,466,3,0,0.00038
129229,466,3,0,0.00091
129230,466,3,0,0.00514
129231,466,3,0,0.00516
129232,466,3,0,0.00004
129233,466,3,0,0.00004
129234,466,3,0,0.00001
129235,466,3,0,0.00014
129236,466,3,0,0.00010
129237,466,3,0,0.00069
129238,466,3,0,0.00022
129239,466,3,0,0.00001
129240,466,3,0,0.00002
129241,466,3,0,0.00133
129242,466,3,0,0.00001
129243,466,3,0,0.00001
129244,466,3,0,0.00001
129245,466,3,0,0.00001
129246,466,3,0,0.00017
129247,466,3,0,0.00074
129248,466,3,0,0.00031
129249,466,3,0,0.01744
129250,466,3,0,0.00816
129251,466,3,0,0.00755
129252,466,3,0,0.00452
129253,466,3,1,1.00000
129254,466,3,1,1.00000
129255,466,3,1,1.00000
129256,466,3,1,1.00000
129257,466,3,1,1.00000
129258,465,2,1,0.52196
129259,465,2,1,0.34378
129260,465,2,1,0.82977
129261,465,2,1,0.99582
129262,465,2,1,0.10503
129263,465,2,1,1.00000
129264,465,2,1,1.00000
129265,465,2,1,1.00000
129266,465,2,0,0.00002
129267,465,2,0,0.00000
129268,465,2,0,0.00001
129269,465,2,0,0.00001
129270,465,2,0,0.00000
129271,465,2,0,0.00003
129272,465,2,0,0.00002
129273,465,2,0,0.00000
129274,465,2,0,0.00000
129275,465,2,0,0.00001
129276,465,2,0,0.00002
129277,465,2,0,0.00001
129278,465,2,0,0.00002
129279,465,2,0,0.00008
129280,465,2,0,0.00016
129281,465,2,0,0.00029
129282,465,2,0,0.00036
129283,465,2,0,0.00006
129284,465,2,0,0.00007
129285,465,2,0,0.00005
129286,465,2,0,0.00007
129287,465,2,0,0.00017
129288,465,2,0,0.00017
129289,465,2,0,0.00010
129290,465,2,0,0.00004
129291,465,2,0,0.00008
129292,465,2,0,0.00016
129293,465,2,0,0.00007
129294,465,2,0,0.00013
129295,465,2,0,0.00006
129296,465,2,0,0.00003
129297,465,2,0,0.00005
129298,465,2,0,0.00004
129299,465,2,0,0.00002
129300,465,2,0,0.00005
129301,465,2,0,0.00004
129302,465,2,0,0.00002
129303,465,2,0,0.00002
129304,465,2,0,0.00002
129305,465,2,0,0.00001
129306,465,2,0,0.00002
129307,465,2,0,0.00007
129308,465,2,0,0.00007
129309,465,2,0,0.00010
129310,465,2,0,0.00013
129311,465,2,0,0.00005
129312,465,2,0,0.00010
129313,465,2,0,0.00012
129314,465,2,0,0.00043
129315,465,2,0,0.00015
129316,465,2,0,0.00052
129317,465,2,0,0.00076
129318,465,2,0,0.00026
129319,465,2,0,0.01061
129320,465,2,0,0.00002
129321,465,2,0,0.00002
129322,465,2,0,0.00001
129323,465,2,0,0.00099
129324,465,2,0,0.00039
129325,465,2,0,0.00012
129326,465,2,0,0.00037
129327,465,2,0,0.00084
129328,465,2,0,0.00064
129329,465,2,0,0.00026
129330,465,2,0,0.00001
129331,465,2,0,0.00000
129332,465,2,0,0.00000
129333,465,2,0,0.00000
129334,465,2,0,0.00000
129335,465,2,0,0.00000
129336,465,2,0,0.00000
129337,465,2,0,0.00001
129338,465,2,0,0.00002
129339,465,2,0,0.00001
129340,465,2,0,0.00002
129341,465,2,0,0.00000
129342,465,2,0,0.00000
129343,465,2,0,0.00004
129344,465,2,0,0.00004
129345,465,2,0,0.00002
129346,465,2,0,0.00001
129347,465,2,0,0.00008
129348,465,2,0,0.00015
129349,465,2,0,0.00004
129350,465,2,0,0.00002
129351,465,2,0,0.00003
129352,465,2,0,0.00003
129353,465,2,0,0.00002
129354,465,2,0,0.00001
129355,465,2,0,0.00026
129356,465,2,0,0.00007
129357,465,2,0,0.00059
129358,465,2,0,0.00033
129359,465,2,0,0.00020
129360,465,2,0,0.00004
129361,465,2,0,0.00028
129362,465,2,0,0.00014
129363,465,2,0,0.00010
129364,465,2,0,0.00003
129365,465,2,0,0.00002
129366,465,2,0,0.00001
129367,465,2,0,0.00001
129368,465,2,0,0.00002
129369,465,2,0,0.00000
129370,465,2,0,0.00002
129371,465,2,0,0.00002
129372,465,2,0,0.00002
129373,465,2,0,0.00420
129374,465,2,0,0.00247
129375,465,2,0,0.00159
129376,465,2,0,0.00624
129377,465,2,0,0.00094
129378,465,2,0,0.00003
129379,465,2,0,0.00004
129380,465,2,0,0.00003
129381,465,2,0,0.00001
129382,465,2,0,0.00004
129383,465,2,0,0.00002
129384,465,2,0,0.00001
129385,465,2,0,0.00001
129386,465,2,0,0.00001
129387,465,2,0,0.00001
129388,465,2,0,0.00000
129389,465,2,0,0.00012
129390,465,2,0,0.00014
129391,465,2,0,0.00029
129392,465,2,1,1.00000
129393,465,2,1,1.00000
129394,465,2,1,1.00000
129395,465,2,1,1.00000
129396,465,2,0,0.00298
129397,471,2,0,0.00002
129398,471,2,1,1.00000
129399,471,2,1,0.00351
129400,471,2,1,0.00262
129401,471,2,0,0.00010
129402,471,2,0,0.00003
129403,471,2,0,0.00000
129404,471,2,0,0.00000
129405,471,2,0,0.00000
129406,471,2,0,0.00000
129407,471,2,0,0.00002
129408,471,2,0,0.00003
129409,471,2,0,0.00002
129410,471,2,0,0.00003
129411,471,2,0,0.00002
129412,471,2,0,0.00041
129413,471,2,0,0.00167
129414,471,2,0,0.00000
129415,471,2,0,0.00000
129416,471,2,0,0.00012
129417,471,2,0,0.00013
129418,471,2,0,0.00008
129419,471,2,0,0.00010
129420,471,2,0,0.00012
129421,471,2,0,0.00015
129422,471,2,0,0.00020
129423,471,2,0,0.00053
129424,471,2,0,0.00000
129425,471,2,0,0.00012
129426,471,2,0,0.00001
129427,471,2,0,0.00001
129428,471,2,0,0.00002
129429,471,2,0,0.00016
129430,471,2,0,0.00024
129431,471,2,0,0.00047
129432,471,2,0,0.00008
129433,471,2,0,0.00006
129434,471,2,0,0.00000
129435,471,2,0,0.00001
129436,471,2,0,0.00000
129437,471,2,0,0.00014
129438,471,2,0,0.00021
129439,471,2,0,0.00003
129440,471,2,0,0.00000
129441,471,2,0,0.00001
129442,471,2,0,0.00044
129443,471,2,0,0.00002
129444,471,2,0,0.00016
129445,471,2,0,0.00004
129446,471,2,0,0.00002
129447,471,2,0,0.00027
129448,471,2,0,0.00001
129449,471,2,0,0.00001
129450,471,2,0,0.00002
129451,471,2,0,0.00003
129452,471,2,0,0.00040
129453,471,2,0,0.00001
129454,471,2,0,0.00005
129455,471,2,0,0.00000
129456,471,2,0,0.00007
129457,471,2,0,0.00016
129458,471,2,0,0.00026
129459,471,2,0,0.00003
129460,471,2,0,0.00001
129461,471,2,0,0.00001
129462,471,2,0,0.00001
129463,471,2,0,0.00004
129464,471,2,0,0.00003
129465,471,2,0,0.00000
129466,471,2,0,0.00002
129467,471,2,0,0.00001
129468,471,2,0,0.00000
129469,471,2,0,0.00002
129470,471,2,0,0.00000
129471,471,2,1,1.00000
129472,471,2,1,1.00000
129473,471,2,0,0.00000
129474,471,2,0,0.00232
129475,471,2,0,0.00159
131945,489,2,0,0.00003
131946,489,2,0,0.00000
131947,489,2,0,0.00000
131948,489,2,0,0.00000
131949,489,2,0,0.00000
131950,489,2,0,0.00000
131951,489,2,0,0.00000
131953,489,2,0,0.00000
131954,489,2,0,0.00000
131955,489,2,0,0.00000
131956,489,2,0,0.00000
131957,489,2,0,0.00000
131958,489,2,0,0.00001
131959,489,2,0,0.00000
131960,489,2,0,0.00000
131961,489,2,0,0.00000
131962,489,2,0,0.00000
131963,489,2,0,0.00000
131964,489,2,0,0.00000
131965,489,2,0,0.00000
131966,489,2,0,0.00000
131967,489,2,0,0.00000
131968,489,2,0,0.00000
131969,489,2,0,0.00000
131970,489,2,0,0.00000
131971,489,2,0,0.00000
131972,489,2,0,0.00000
131973,489,2,0,0.00001
131974,489,2,0,0.00001
131975,489,2,0,0.00000
131976,489,2,0,0.00001
131977,489,2,0,0.00000
131978,489,2,0,0.00001
131979,489,2,0,0.00000
131980,489,2,0,0.00000
131981,489,2,0,0.00001
131982,489,2,0,0.00000
131983,489,2,0,0.00000
131984,489,2,0,0.00000
131985,489,2,0,0.00000
131986,489,2,0,0.00000
131987,489,2,0,0.00000
131988,489,2,0,0.00000
131989,489,2,0,0.00000
131990,489,2,0,0.00000
131991,489,2,0,0.00000
131992,489,2,0,0.00000
131993,489,2,0,0.00000
131994,489,2,0,0.00000
131995,489,2,0,0.00000
131996,527,4,0,0.00000
131997,527,4,0,0.00000
131998,527,4,0,0.00000
131999,527,4,0,0.00000
132000,527,4,0,0.00000
132001,527,4,0,0.00000
132002,527,4,0,0.00000
132003,527,4,0,0.00000
132004,527,4,0,0.00000
132005,527,4,0,0.00000
132006,527,4,0,0.00000
132007,527,4,0,0.00000
132008,527,4,0,0.00000
132009,527,4,0,0.00000
132010,527,4,0,0.00000
132011,527,4,0,0.00000
132012,527,4,0,0.00000
132013,527,4,0,0.00000
132014,527,4,0,0.00000
132015,527,4,0,0.00000
132016,527,4,0,0.00000
132017,527,4,0,0.00000
132018,527,4,0,0.00000
132019,527,4,0,0.00000
132020,527,4,0,0.00000
132021,527,4,0,0.00000
132022,527,4,0,0.00000
132023,527,4,0,0.00000
132024,527,4,0,0.00000
132025,527,4,0,0.00000
132026,527,4,0,0.00000
132027,527,4,0,0.00000
132028,527,4,0,0.00000
132029,527,4,0,0.00000
132032,527,4,0,0.00000
132034,527,4,0,0.00000
132035,527,4,0,0.00000
132036,527,4,0,0.00000
132037,527,4,0,0.00000
132038,527,4,0,0.00000
132039,527,4,0,0.00000
132040,527,4,0,0.00000
132041,527,4,0,0.00000
132042,527,4,0,0.00000
132043,527,4,0,0.00000
132044,527,4,0,0.00000
132045,527,4,0,0.00000
132046,527,4,0,0.00000
132047,527,4,0,0.00000
132048,527,4,0,0.00000
132049,527,4,0,0.00000
132050,527,4,0,0.00000
132051,527,4,0,0.00000
132052,527,4,0,0.00000
132053,527,4,0,0.00000
132054,527,4,0,0.00000
132055,527,4,0,0.00000
132056,527,4,0,0.00000
132057,527,4,0,0.00000
132058,527,4,0,0.00000
132059,527,4,0,0.00000
132060,527,4,0,0.00000
132061,527,4,0,0.00000
132062,527,4,0,0.00000
132064,527,4,0,0.00000
132065,527,4,0,0.00338
132066,490,1,0,0.00000
132067,490,1,0,0.00000
132069,490,1,0,0.00000
132070,490,1,0,0.00000
132071,490,1,0,0.00000
132072,490,1,0,0.00000
132073,490,1,0,0.00000
132074,490,1,0,0.00000
132075,490,1,0,0.00000
132076,490,1,0,0.00000
132077,490,1,0,0.00000
132078,490,1,0,0.00000
132079,490,1,0,0.00000
132080,490,1,0,0.00001
132081,490,1,0,0.00000
132082,490,1,0,0.00000
132083,490,1,0,0.00000
132084,490,1,0,0.00000
132085,490,1,0,0.00000
132086,490,1,0,0.00000
132087,490,1,0,0.00000
132088,490,1,0,0.00000
132089,490,1,0,0.00000
132090,490,1,0,0.00000
132091,490,1,0,0.00000
132092,490,1,0,0.00000
132093,490,1,0,0.00000
132094,490,1,0,0.00000
132095,490,1,0,0.00000
132096,490,1,0,0.00000
132097,490,1,0,0.00000
132098,490,1,0,0.00000
132099,490,1,0,0.00000
132100,490,1,0,0.00000
132101,490,1,0,0.00000
132102,490,1,0,0.00000
132103,490,1,0,0.00000
132104,490,1,0,0.00000
132105,490,1,0,0.00000
132106,490,1,0,0.00000
132107,490,1,0,0.00000
132108,490,1,0,0.00000
132109,490,1,0,0.00000
132110,490,1,0,0.00001
132111,490,1,0,0.00000
132112,490,1,0,0.00000
132113,490,1,0,0.00000
132114,490,1,0,0.00000
132115,490,1,0,0.00000
132116,490,1,0,0.00000
132117,490,1,0,0.00000
132118,490,1,0,0.00000
132119,490,1,0,0.00000
132120,490,1,0,0.00000
132121,490,1,0,0.00000
132122,490,1,0,0.00000
132128,490,1,0,0.00000
132130,491,1,0,0.00000
132131,491,1,0,0.00000
132132,491,1,0,0.00000
132133,491,1,0,0.00000
132134,491,1,0,0.00000
132135,491,1,0,0.00000
132136,491,1,0,0.00000
132137,491,1,0,0.00000
132138,491,1,0,0.00000
132139,491,1,0,0.00000
132140,491,1,0,0.00000
132141,491,1,0,0.00000
132142,491,1,0,0.00000
132144,491,1,0,0.00000
132145,491,1,0,0.00000
132146,491,1,0,0.00000
132147,491,1,0,0.00000
132148,491,1,0,0.00000
132149,491,1,0,0.00000
132150,491,1,0,0.00000
132151,491,1,0,0.00000
132152,491,1,0,0.00000
132153,491,1,0,0.00000
132154,491,1,0,0.00000
132155,491,1,0,0.00000
132156,491,1,0,0.00000
132158,491,1,0,0.00000
132159,491,1,0,0.00000
132160,492,2,0,0.00002
132163,492,2,0,0.00000
132165,492,2,0,0.00000
132166,492,2,0,0.00000
132168,492,2,0,0.00000
132169,492,2,0,0.00000
132171,492,2,0,0.00001
132172,492,2,0,0.00001
132176,492,2,0,0.00001
132177,492,2,0,0.00000
132178,492,2,0,0.00000
132179,492,2,0,0.00000
132180,492,2,0,0.00000
132181,492,2,0,0.00000
132182,492,2,0,0.00000
132183,492,2,0,0.00000
132184,492,2,0,0.00000
132185,492,2,0,0.00000
132186,492,2,0,0.00000
132187,492,2,0,0.00000
132192,493,4,0,0.00000
132193,493,4,0,0.00000
132194,493,4,0,0.00000
132195,493,4,0,0.00000
132196,493,4,0,0.00000
132197,493,4,0,0.00000
132198,493,4,0,0.00000
132199,493,4,0,0.00000
132200,493,4,0,0.00000
132203,493,4,0,0.00000
132204,493,4,0,0.00000
132206,493,4,0,0.00000
132207,493,4,0,0.00000
132208,493,4,0,0.00000
132209,493,4,0,0.00000
132210,493,4,0,0.00000
132212,493,4,0,0.00000
132213,493,4,0,0.00000
132214,493,4,0,0.00000
132215,493,4,0,0.00000
132216,493,4,0,0.00000
132217,493,4,0,0.00000
132219,493,4,0,0.00000
132220,493,4,0,0.00000
132221,493,4,0,0.00000
132223,493,4,0,0.00000
132224,493,4,0,0.00000
132227,494,2,0,0.00000
132228,494,2,0,0.00000
132229,494,2,0,0.00000
132230,494,2,0,0.00000
132231,494,2,0,0.00000
132232,494,2,0,0.00000
132233,494,2,0,0.00001
132234,494,2,0,0.00000
132235,494,2,0,0.00000
132236,494,2,0,0.00000
132237,494,2,0,0.00000
132238,494,2,0,0.00000
132239,494,2,0,0.00000
132240,494,2,0,0.00000
132241,494,2,0,0.00000
132242,494,2,0,0.00000
132243,494,2,0,0.00000
132244,494,2,0,0.00000
132245,494,2,0,0.00000
132246,494,2,0,0.00000
132247,494,2,0,0.00000
132248,494,2,0,0.00000
132249,494,2,0,0.00000
132250,494,2,0,0.00000
132251,494,2,0,0.00000
132252,494,2,0,0.00000
132253,494,2,0,0.00001
132254,494,2,0,0.00000
132255,494,2,0,0.00000
132256,494,2,0,0.00000
132257,494,2,0,0.00000
132258,494,2,0,0.00000
132259,494,2,0,0.00000
132260,494,2,0,0.00000
132261,494,2,0,0.00000
132262,494,2,0,0.00000
132263,494,2,0,0.00000
132264,494,2,0,0.00000
132265,494,2,0,0.00000
132266,494,2,0,0.00000
132267,494,2,0,0.00000
132268,495,2,0,0.00116
132269,495,2,0,0.00019
132270,495,2,0,0.00041
132271,495,2,0,0.00043
132272,495,2,0,0.00000
132273,495,2,0,0.00000
132274,495,2,0,0.00000
132275,495,2,0,0.00000
132276,495,2,0,0.00000
132277,495,2,0,0.00000
132278,495,2,0,0.00000
132279,495,2,0,0.00001
132280,495,2,0,0.00001
132281,495,2,0,0.00001
132282,495,2,0,0.00001
132284,495,2,0,0.00000
132285,495,2,0,0.00001
132286,495,2,0,0.00001
132287,495,2,0,0.00001
132288,495,2,0,0.00001
132295,495,2,0,0.00000
132296,495,2,0,0.00000
132297,495,2,0,0.00000
132298,495,2,0,0.00000
132299,495,2,0,0.00000
132300,495,2,0,0.00000
132301,495,2,0,0.00001
132302,495,2,0,0.00002
132303,495,2,0,0.00000
132304,495,2,0,0.00000
132306,496,3,0,0.00000
132307,496,3,0,0.00001
132308,496,3,0,0.00000
132309,496,3,0,0.00000
132310,496,3,0,0.00000
132311,496,3,0,0.00000
132312,496,3,0,0.00000
132313,496,3,0,0.00000
132314,496,3,0,0.00000
132315,496,3,0,0.00000
132316,496,3,0,0.00000
132317,496,3,0,0.00000
132318,496,3,0,0.00000
132319,496,3,0,0.00000
132320,496,3,0,0.00000
132321,496,3,0,0.00000
132322,496,3,0,0.00000
132323,496,3,0,0.00000
132324,496,3,0,0.00000
132325,496,3,0,0.00000
132326,496,3,0,0.00000
132327,496,3,0,0.00000
132328,496,3,0,0.00000
132329,496,3,0,0.00000
132330,496,3,0,0.00000
132331,496,3,0,0.00000
132332,496,3,0,0.00000
132333,496,3,0,0.00000
132334,496,3,0,0.00000
132335,496,3,0,0.00000
132336,496,3,0,0.00000
132337,496,3,0,0.00000
132338,496,3,0,0.00000
132339,496,3,0,0.00000
132340,496,3,0,0.00000
132341,496,3,0,0.00000
132342,497,3,0,0.00000
132343,497,3,0,0.00000
132344,497,3,0,0.00000
132345,497,3,0,0.00000
132346,497,3,0,0.00000
132347,497,3,0,0.00000
132348,497,3,0,0.00000
132349,497,3,0,0.00000
132350,497,3,0,0.00000
132351,497,3,0,0.00000
132352,497,3,0,0.00000
132353,497,3,0,0.00000
132354,497,3,0,0.00000
132355,497,3,0,0.00000
132356,497,3,0,0.00001
132357,497,3,0,0.00000
132358,497,3,0,0.00000
132359,497,3,0,0.00001
132360,497,3,0,0.00000
132362,497,3,0,0.00000
132363,497,3,0,0.00000
132364,497,3,0,0.00000
132365,497,3,0,0.00000
132366,497,3,0,0.00000
132367,497,3,0,0.00000
132368,497,3,0,0.00000
132369,497,3,0,0.00000
132370,497,3,0,0.00000
132371,497,3,0,0.00000
132372,497,3,0,0.00000
132373,497,3,0,0.00000
132374,497,3,0,0.00000
132375,497,3,0,0.00000
132376,497,3,0,0.00000
132377,497,3,0,0.00000
132378,497,3,0,0.00000
132379,497,3,0,0.00000
132380,497,3,0,0.00000
132381,497,3,0,0.00000
132382,497,3,0,0.00000
132383,497,3,0,0.00000
132384,497,3,0,0.00000
132387,498,4,0,0.00088
132388,498,4,0,0.00000
132391,498,4,0,0.00000
132392,498,4,0,0.00000
132393,498,4,0,0.00000
132394,498,4,0,0.00000
132395,498,4,0,0.00000
132396,498,4,0,0.00000
132397,498,4,0,0.00000
132398,498,4,0,0.00000
132399,498,4,0,0.00000
132400,498,4,0,0.00000
132401,498,4,0,0.00000
132402,498,4,0,0.00000
132403,498,4,0,0.00000
132404,498,4,0,0.00000
132405,498,4,0,0.00000
132406,498,4,0,0.00000
132408,498,4,0,0.00000
132409,498,4,0,0.00000
132412,498,4,0,0.00000
132413,498,4,0,0.00000
132414,498,4,0,0.00000
132415,498,4,0,0.00000
132416,498,4,0,0.00000
132417,498,4,0,0.00000
132418,498,4,0,0.00000
132419,498,4,0,0.00000
132420,498,4,0,0.00000
132421,498,4,0,0.00000
132422,498,4,0,0.00000
132423,498,4,0,0.00000
132424,498,4,0,0.00000
132425,498,4,0,0.00000
132426,498,4,0,0.00000
132427,498,4,0,0.00000
132428,498,4,0,0.00000
132431,499,4,0,0.00000
132432,499,4,0,0.00000
132433,499,4,0,0.00000
132434,499,4,0,0.00000
132435,499,4,0,0.00000
132436,499,4,0,0.00000
132437,499,4,0,0.00000
132438,499,4,0,0.00000
132439,499,4,0,0.00000
132440,499,4,0,0.00000
132441,499,4,0,0.00000
132442,499,4,0,0.00000
132443,499,4,0,0.00000
132444,499,4,0,0.00000
132445,499,4,0,0.00000
132446,499,4,0,0.00000
132447,499,4,0,0.00000
132448,499,4,0,0.00000
132449,499,4,0,0.00000
132450,499,4,0,0.00000
132451,499,4,0,0.00000
132452,499,4,0,0.00000
132453,499,4,0,0.00000
132454,499,4,0,0.00000
132455,499,4,0,0.00000
132458,499,4,0,0.00000
132459,499,4,0,0.00000
132460,499,4,0,0.00000
132461,499,4,0,0.00000
132462,499,4,0,0.00000
132463,499,4,0,0.00000
132464,499,4,0,0.00000
132465,499,4,0,0.00000
132467,499,4,0,0.00000
132468,499,4,0,0.00000
132469,499,4,0,0.00000
132470,499,4,0,0.00000
132471,499,4,0,0.00000
132472,499,4,0,0.00000
132473,499,4,0,0.00000
132474,499,4,0,0.00000
132475,499,4,0,0.00000
132476,499,4,0,0.00000
132477,499,4,0,0.00000
132478,499,4,0,0.00000
132479,499,4,0,0.00000
132480,499,4,0,0.00000
132481,499,4,0,0.00000
132482,499,4,0,0.00000
132483,499,4,0,0.00000
132484,499,4,0,0.00000
132485,499,4,0,0.00000
132486,499,4,0,0.00000
132487,499,4,0,0.00000
132488,499,4,0,0.00000
132490,500,3,0,0.00002
132492,500,3,0,0.00000
132493,500,3,0,0.00000
132494,500,3,0,0.00000
132495,500,3,0,0.00000
132496,500,3,0,0.00000
132497,500,3,0,0.00000
132498,500,3,0,0.00000
132499,500,3,0,0.00000
132500,500,3,0,0.00000
132501,500,3,0,0.00000
132502,500,3,0,0.00000
132503,500,3,0,0.00000
132504,500,3,0,0.00000
132505,500,3,0,0.00000
132506,500,3,0,0.00000
132507,500,3,0,0.00001
132508,500,3,0,0.00001
132509,500,3,0,0.00000
132510,500,3,0,0.00001
132511,500,3,0,0.00000
132512,500,3,0,0.00000
132513,500,3,0,0.00000
132514,500,3,0,0.00000
132515,500,3,0,0.00000
132516,500,3,0,0.00000
132521,500,3,0,0.00003
132522,500,3,0,0.00000
132523,500,3,0,0.00048
132524,500,3,0,0.00000
132525,500,3,0,0.00005
132526,500,3,0,0.00002
132527,500,3,0,0.00001
132528,500,3,0,0.00000
132529,500,3,0,0.00000
132530,500,3,0,0.00000
132531,500,3,0,0.00000
132532,500,3,0,0.00000
132533,500,3,0,0.00000
132534,500,3,0,0.00000
132535,500,3,0,0.00000
132536,500,3,0,0.00000
132537,500,3,0,0.00000
132538,500,3,0,0.00000
132539,500,3,0,0.00000
132540,500,3,0,0.00000
132541,500,3,0,0.00000
132542,500,3,0,0.00000
132543,500,3,0,0.00004
132544,500,3,0,0.00002
132546,501,1,0,0.00000
132547,501,1,0,0.00000
132548,501,1,0,0.00000
132549,501,1,0,0.00000
132550,501,1,0,0.00000
132551,501,1,0,0.00000
132552,501,1,0,0.00000
132553,501,1,0,0.00000
132554,501,1,0,0.00000
132555,501,1,0,0.00000
132556,501,1,0,0.00000
132557,501,1,0,0.00001
132558,501,1,0,0.00000
132559,501,1,0,0.00000
132560,501,1,0,0.00000
132561,501,1,0,0.00000
132562,501,1,0,0.00000
132563,501,1,0,0.00000
132564,501,1,0,0.00000
132565,501,1,0,0.00000
132566,501,1,0,0.00000
132568,501,1,0,0.00000
132569,501,1,0,0.00000
132572,501,1,0,0.00000
132573,501,1,0,0.00000
132575,501,1,0,0.00000
132576,501,1,0,0.00000
132577,501,1,0,0.00000
132578,501,1,0,0.00000
132580,501,1,0,0.00000
132581,501,1,0,0.00000
132585,501,1,0,0.00000
132586,501,1,0,0.00000
132587,501,1,0,0.00000
132588,501,1,0,0.00000
132589,501,1,0,0.00000
132590,501,1,0,0.00000
132591,501,1,0,0.00000
132592,501,1,0,0.00000
132593,501,1,0,0.00000
132594,501,1,0,0.00000
132595,501,1,0,0.00000
132596,501,1,0,0.00000
132597,501,1,0,0.00000
132598,501,1,0,0.00000
132599,501,1,0,0.00000
132600,501,1,0,0.00015
132601,501,1,0,0.00019
132602,501,1,0,0.00000
132604,502,4,0,0.00000
132605,502,4,0,0.00000
132606,502,4,0,0.00000
132607,502,4,0,0.00000
132608,502,4,0,0.00000
132609,502,4,0,0.00000
132610,502,4,0,0.00000
132611,502,4,0,0.00000
132612,502,4,0,0.00000
132613,502,4,0,0.00000
132614,502,4,0,0.00000
132615,502,4,0,0.00000
132616,502,4,0,0.00000
132617,502,4,0,0.00000
132618,502,4,0,0.00000
132619,502,4,0,0.00000
132620,502,4,0,0.00000
132621,502,4,0,0.00000
132622,502,4,0,0.00000
132623,502,4,0,0.00000
132624,502,4,0,0.00000
132625,502,4,0,0.00000
132626,502,4,0,0.00000
132627,502,4,0,0.00000
132628,502,4,0,0.00000
132629,502,4,0,0.00000
132630,502,4,0,0.00000
132631,502,4,0,0.00000
132632,502,4,0,0.00000
132633,502,4,0,0.00000
132634,502,4,0,0.00000
132635,502,4,0,0.00000
132636,502,4,0,0.00000
132637,502,4,0,0.00000
132638,502,4,0,0.00000
132639,502,4,0,0.00000
132640,502,4,0,0.00000
132641,502,4,0,0.00000
132642,502,4,0,0.00000
132643,502,4,0,0.00000
132644,502,4,0,0.00000
132645,502,4,0,0.00000
132646,502,4,0,0.00000
132647,502,4,0,0.00000
132648,502,4,0,0.00000
132649,502,4,0,0.00000
132650,502,4,0,0.00000
132651,503,2,0,0.00003
132652,503,2,0,0.00000
132653,503,2,0,0.00000
132654,503,2,0,0.00000
132655,503,2,0,0.00000
132656,503,2,0,0.00000
132657,503,2,0,0.00001
132658,503,2,0,0.00001
132659,503,2,0,0.00003
132660,503,2,0,0.00009
132661,503,2,0,0.00013
132662,503,2,0,0.00011
132663,503,2,0,0.00006
132664,503,2,0,0.00002
132665,503,2,0,0.00000
132666,503,2,0,0.00000
132667,503,2,0,0.00001
132668,503,2,0,0.00000
132670,503,2,0,0.00000
132671,503,2,0,0.00000
132672,503,2,0,0.00000
132673,503,2,0,0.00001
132674,503,2,0,0.00003
132675,503,2,0,0.00003
132676,503,2,0,0.00006
132677,503,2,0,0.00006
132678,503,2,0,0.00003
132679,503,2,0,0.00004
132680,503,2,0,0.00002
132681,503,2,0,0.00001
132682,503,2,0,0.00001
132683,503,2,0,0.00000
132684,503,2,0,0.00000
132685,503,2,0,0.00000
132686,503,2,0,0.00000
132687,503,2,0,0.00000
132688,503,2,0,0.00000
132689,503,2,0,0.00000
132690,503,2,0,0.00000
132691,503,2,0,0.00000
132692,503,2,0,0.00000
132693,503,2,0,0.00000
132694,503,2,0,0.00003
132695,503,2,0,0.00024
132696,504,4,0,0.00060
132697,504,4,0,0.00000
132698,504,4,0,0.00000
132699,504,4,0,0.00000
132700,504,4,0,0.00000
132701,504,4,0,0.00000
132702,504,4,0,0.00000
132703,504,4,0,0.00000
132704,504,4,0,0.00000
132705,504,4,0,0.00000
132706,504,4,0,0.00000
132707,504,4,0,0.00000
132708,504,4,0,0.00000
132709,504,4,0,0.00000
132710,504,4,0,0.00000
132711,504,4,0,0.00000
132712,504,4,0,0.00000
132713,504,4,0,0.00000
132714,504,4,0,0.00000
132715,504,4,0,0.00000
132716,504,4,0,0.00000
132717,504,4,0,0.00000
132718,504,4,0,0.00000
132719,504,4,0,0.00000
132720,504,4,0,0.00000
132721,504,4,0,0.00000
132722,504,4,0,0.00000
132724,504,4,0,0.00000
132725,504,4,0,0.00000
132726,504,4,0,0.00000
132727,504,4,0,0.00000
132728,504,4,0,0.00000
132729,504,4,0,0.00000
132730,504,4,0,0.00000
132731,504,4,0,0.00000
132732,504,4,0,0.00000
132733,504,4,0,0.00000
132734,504,4,0,0.00000
132735,504,4,0,0.00000
132736,504,4,0,0.00000
132737,504,4,0,0.00000
132738,504,4,0,0.00000
132739,504,4,0,0.00000
132740,504,4,0,0.00000
132741,504,4,0,0.00000
132742,504,4,0,0.00000
132743,504,4,0,0.00000
132744,504,4,0,0.00000
132745,504,4,0,0.00050
132746,504,4,0,0.24400
132747,505,3,0,0.00003
132748,505,3,0,0.00000
132749,505,3,0,0.00000
132750,505,3,0,0.00000
132751,505,3,0,0.00000
132752,505,3,0,0.00000
132753,505,3,0,0.00000
132754,505,3,0,0.00000
132755,505,3,0,0.00000
132756,505,3,0,0.00000
132757,505,3,0,0.00000
132758,505,3,0,0.00000
132759,505,3,0,0.00000
132760,505,3,0,0.00000
132761,505,3,0,0.00000
132762,505,3,0,0.00000
132763,505,3,0,0.00000
132764,505,3,0,0.00000
132765,505,3,0,0.00000
132766,505,3,0,0.00000
132767,505,3,0,0.00000
132768,505,3,0,0.00000
132769,505,3,0,0.00000
132772,505,3,0,0.00000
132776,505,3,0,0.00000
132777,505,3,0,0.00000
132778,505,3,0,0.00000
132779,505,3,0,0.00002
132780,505,3,0,0.00000
132781,505,3,0,0.00000
132782,505,3,0,0.00000
132783,505,3,0,0.00000
132784,505,3,0,0.00000
132785,505,3,0,0.00000
132786,505,3,0,0.00000
132787,505,3,0,0.00000
132788,505,3,0,0.00000
132789,505,3,0,0.00000
132790,505,3,0,0.00000
132791,505,3,0,0.00000
132792,505,3,0,0.00000
132793,505,3,0,0.00000
132794,505,3,0,0.00000
132795,505,3,0,0.00000
132796,506,0,0,0.00000
132797,506,0,0,0.00000
132798,506,0,0,0.00000
132799,506,0,0,0.00000
132800,506,0,0,0.00000
132801,506,0,0,0.00000
132802,506,0,0,0.00000
132803,506,0,0,0.00000
132804,506,0,0,0.00000
132805,506,0,0,0.00000
132806,506,0,0,0.00000
132807,506,0,0,0.00000
132808,506,0,0,0.00000
132809,506,0,0,0.00000
132810,506,0,0,0.00000
132811,506,0,0,0.00000
132812,506,0,0,0.00000
132813,506,0,0,0.00000
132814,506,0,0,0.00001
132815,506,0,0,0.00002
132816,506,0,0,0.00019
132817,506,0,0,0.00038
132819,506,0,0,0.00054
132820,506,0,0,0.00000
132821,506,0,0,0.00001
132822,506,0,0,0.00000
132823,506,0,0,0.00000
132824,506,0,0,0.00000
132825,506,0,0,0.00000
132826,506,0,0,0.00000
132827,506,0,0,0.00000
132828,506,0,0,0.00000
132829,506,0,0,0.00000
132830,506,0,0,0.00000
132831,506,0,0,0.00000
132832,506,0,0,0.00000
132833,506,0,0,0.00000
132834,506,0,0,0.00000
132835,506,0,0,0.00000
132836,506,0,0,0.00000
132837,506,0,0,0.00000
132838,506,0,0,0.00000
132839,506,0,0,0.00000
132840,506,0,0,0.00000
132841,506,0,0,0.00000
132842,506,0,0,0.00000
132843,506,0,0,0.00000
132844,506,0,0,0.00000
132845,506,0,0,0.00000
132847,507,1,0,0.00108
132848,507,1,0,0.00144
132849,507,1,0,0.00000
132850,507,1,0,0.00000
132851,507,1,0,0.00000
132853,507,1,0,0.00000
132854,507,1,0,0.00000
132855,507,1,0,0.00000
132856,507,1,0,0.00000
132857,507,1,0,0.00000
132858,507,1,0,0.00000
132859,507,1,0,0.00000
132860,507,1,0,0.00001
132861,507,1,0,0.00001
132862,507,1,0,0.00000
132863,507,1,0,0.00000
132864,507,1,0,0.00000
132865,507,1,0,0.00000
132866,507,1,0,0.00000
132867,507,1,0,0.00000
132868,507,1,0,0.00000
132869,507,1,0,0.00000
132870,507,1,0,0.00000
132871,507,1,0,0.00000
132872,507,1,0,0.00000
132874,507,1,0,0.00000
132875,507,1,0,0.00000
132876,507,1,0,0.00000
132877,507,1,0,0.00000
132878,507,1,0,0.00000
132879,507,1,0,0.00000
132880,507,1,0,0.00000
132881,507,1,0,0.00000
132882,507,1,0,0.00000
132883,507,1,0,0.00000
132884,507,1,0,0.00000
132886,507,1,0,0.00000
132887,507,1,0,0.00000
132888,507,1,0,0.00000
132889,507,1,0,0.00000
132890,507,1,0,0.00000
132891,507,1,0,0.00000
132892,507,1,0,0.00000
132894,508,3,1,0.90261
132895,508,3,1,0.11280
132896,508,3,1,0.00553
132897,508,3,1,0.00271
132898,508,3,1,0.00624
132899,508,3,1,0.01591
132900,508,3,1,0.01519
132901,508,3,1,0.00551
132902,508,3,1,0.00577
132903,508,3,1,0.23406
132904,508,3,1,0.31806
132905,508,3,1,0.42000
132906,508,3,1,0.98642
132907,508,3,1,0.63068
132908,508,3,1,0.80069
132909,508,3,1,0.47716
132910,508,3,1,0.75779
132911,508,3,1,0.71997
132912,508,3,1,0.72827
132913,508,3,1,0.49652
132914,508,3,1,0.69181
132915,508,3,1,0.86927
132916,508,3,1,0.33058
132917,508,3,1,0.74688
132918,508,3,1,0.65235
132919,508,3,1,0.27747
132920,508,3,1,0.71063
132921,508,3,1,0.87408
132922,508,3,1,0.79645
132923,508,3,1,0.90227
132924,508,3,1,0.89912
132925,508,3,1,0.33123
132926,508,3,1,0.99804
132927,508,3,1,0.99268
132928,508,3,1,0.99930
132929,508,3,1,0.98776
132930,508,3,1,0.99498
132931,508,3,1,0.96051
132932,508,3,1,0.94590
132933,508,3,1,0.79085
132934,508,3,1,0.81018
132935,508,3,1,0.94101
132936,508,3,1,0.81611
132937,508,3,1,0.86838
132938,508,3,1,0.82963
132939,508,3,1,0.12560
132940,508,3,1,0.42746
132942,509,1,0,0.00001
132943,509,1,0,0.00000
132944,509,1,0,0.00000
132945,509,1,0,0.00000
132946,509,1,0,0.00000
132947,509,1,0,0.00000
132948,509,1,0,0.00000
132949,509,1,0,0.00000
132950,509,1,0,0.00000
132951,509,1,0,0.00000
132952,509,1,0,0.00000
132953,509,1,0,0.00004
132954,509,1,0,0.00001
132955,509,1,0,0.00002
132956,509,1,0,0.00001
132957,509,1,0,0.00003
132958,509,1,0,0.00002
132959,509,1,0,0.00001
132960,509,1,0,0.00001
132961,509,1,0,0.00000
132962,509,1,0,0.00023
132963,509,1,0,0.00009
132964,509,1,0,0.00007
132966,509,1,0,0.00007
132967,509,1,0,0.00002
132975,509,1,0,0.00011
132976,509,1,0,0.00007
132977,509,1,0,0.00001
132978,509,1,0,0.00001
132979,509,1,0,0.00001
132980,509,1,0,0.00001
132981,509,1,0,0.00000
132982,509,1,0,0.00000
132983,509,1,0,0.00000
132984,509,1,0,0.00000
132985,509,1,0,0.00000
132986,509,1,0,0.00000
132987,509,1,0,0.00000
132988,509,1,0,0.00000
132989,509,1,0,0.00000
132990,509,1,0,0.00000
132991,509,1,0,0.00000
132992,509,1,0,0.00000
132993,509,1,0,0.00000
132994,509,1,0,0.00000
132995,509,1,0,0.00000
132996,509,1,0,0.00000
132997,509,1,0,0.00000
132998,509,1,0,0.00000
132999,509,1,0,0.00001
133000,509,1,0,0.00000
133001,509,1,0,0.00000
133002,509,1,0,0.00001
133003,509,1,0,0.00001
133004,509,1,0,0.00001
133005,509,1,0,0.00002
133006,509,1,0,0.00002
133007,509,1,0,0.00003
133008,509,1,0,0.00002
133011,509,1,0,0.00014
133012,509,1,0,0.00044
133013,509,1,0,0.00136
133014,509,1,0,0.00038
133015,509,1,0,0.00003
133016,509,1,0,0.00007
133017,509,1,0,0.00034
133018,509,1,0,0.00022
133019,509,1,0,0.00986
133020,509,1,0,0.00440
133021,509,1,0,0.00159
133022,509,1,0,0.00021
133023,509,1,0,0.00089
133024,509,1,0,0.00016
133025,509,1,0,0.01531
133027,509,1,0,0.00000
133028,509,1,0,0.00000
133029,509,1,0,0.00000
133030,509,1,0,0.00000
133031,509,1,0,0.00000
133032,509,1,0,0.00000
133033,509,1,0,0.00000
133034,509,1,0,0.00000
133035,509,1,0,0.00000
133036,509,1,0,0.00001
133037,509,1,0,0.00001
133038,509,1,0,0.00001
133039,509,1,0,0.00000
133040,509,1,0,0.00000
133041,509,1,0,0.00000
133042,509,1,0,0.00000
133043,509,1,0,0.00000
133044,509,1,0,0.00000
133045,509,1,0,0.00000
133046,509,1,0,0.00000
133047,509,1,0,0.00000
133048,509,1,0,0.00000
133049,509,1,0,0.00000
133050,509,1,0,0.00000
133051,509,1,0,0.00000
133052,509,1,0,0.00000
133053,509,1,0,0.00000
133067,509,1,0,0.00000
133068,509,1,0,0.00000
133069,509,1,0,0.00000
133072,509,1,0,0.00000
133073,509,1,0,0.00000
133074,509,1,0,0.00001
133075,509,1,0,0.00000
133076,509,1,0,0.00000
133077,509,1,0,0.00000
133078,509,1,0,0.00001
133079,509,1,0,0.00000
133080,509,1,0,0.00001
133081,509,1,0,0.00000
133082,509,1,0,0.00001
133083,509,1,0,0.00001
133084,509,1,0,0.00002
133085,509,1,0,0.00000
133086,509,1,0,0.00000
133087,509,1,0,0.00000
133088,509,1,0,0.00000
133089,509,1,0,0.00000
133090,509,1,0,0.00000
133091,509,1,0,0.00000
133092,509,1,0,0.00000
133093,509,1,0,0.00000
133094,509,1,0,0.00000
133095,509,1,0,0.00000
133096,509,1,0,0.00000
133097,509,1,0,0.00000
133098,509,1,0,0.00000
133099,509,1,0,0.00000
133100,509,1,0,0.00000
133101,509,1,0,0.00000
133102,509,1,0,0.00000
133103,509,1,0,0.00000
133104,509,1,0,0.00000
133105,509,1,0,0.00000
133106,509,1,0,0.00002
133107,509,1,0,0.00000
133108,509,1,0,0.00000
133110,509,1,0,0.00000
133111,509,1,0,0.00000
133112,509,1,0,0.00000
133113,509,1,0,0.00000
133114,509,1,0,0.00002
133115,509,1,0,0.00000
133116,509,1,0,0.00000
133117,509,1,0,0.00000
133118,509,1,0,0.00000
133120,509,1,0,0.00000
133121,509,1,0,0.00000
133123,509,1,0,0.00001
133124,509,1,0,0.00000
133125,509,1,0,0.00001
133126,509,1,0,0.00000
133127,509,1,0,0.00001
133128,509,1,0,0.00000
133129,509,1,0,0.00000
133130,509,1,0,0.00001
133131,509,1,0,0.00000
133132,509,1,0,0.00000
133133,509,1,0,0.00000
133134,509,1,0,0.00000
133135,509,1,0,0.00000
133136,509,1,0,0.00000
133137,509,1,0,0.00001
133138,509,1,0,0.00000
133139,509,1,0,0.00000
133142,509,1,0,0.00000
133143,509,1,0,0.00000
133144,509,1,0,0.00000
133145,509,1,0,0.00001
133146,509,1,0,0.00001
133147,509,1,0,0.00001
133148,509,1,0,0.00001
133149,509,1,0,0.00002
133150,509,1,0,0.00002
133151,509,1,0,0.00003
133157,509,1,0,0.00001
133176,509,1,0,0.00000
133177,509,1,0,0.00000
133178,509,1,0,0.00000
133179,509,1,0,0.00001
133180,509,1,0,0.00001
133181,509,1,0,0.00000
133182,509,1,0,0.00001
133183,509,1,0,0.00000
133184,509,1,0,0.00001
133185,509,1,0,0.00000
133186,509,1,0,0.00000
133187,509,1,0,0.00001
133188,509,1,0,0.00000
133189,509,1,0,0.00002
133190,509,1,0,0.00001
133191,509,1,0,0.00000
133192,509,1,0,0.00000
133193,509,1,0,0.00000
133194,509,1,0,0.00001
133195,509,1,0,0.00000
133196,509,1,0,0.00000
133197,509,1,0,0.00000
133198,509,1,0,0.00000
133200,509,1,0,0.00000
133201,509,1,0,0.00000
133202,509,1,0,0.00000
133203,509,1,0,0.00000
133204,509,1,0,0.00000
133205,509,1,0,0.00000
133206,509,1,0,0.00000
133207,509,1,0,0.00000
133208,509,1,0,0.00000
133209,509,1,0,0.00000
133210,509,1,0,0.00000
133211,509,1,0,0.00000
133212,509,1,0,0.00000
133213,509,1,0,0.00000
133214,509,1,0,0.00000
133215,509,1,0,0.00000
133216,509,1,0,0.00000
133217,509,1,0,0.00000
133218,509,1,0,0.00000
133219,509,1,0,0.00000
133220,509,1,0,0.00000
133241,509,1,0,0.00000
133242,509,1,0,0.00000
133243,509,1,0,0.00000
133244,509,1,0,0.00000
133245,509,1,0,0.00000
133246,509,1,0,0.00000
133247,509,1,0,0.00000
133248,509,1,0,0.00000
133249,509,1,0,0.00000
133250,509,1,0,0.00000
133251,509,1,0,0.00000
133252,509,1,0,0.00000
133253,509,1,0,0.00000
133254,509,1,0,0.00000
133255,509,1,0,0.00000
133256,509,1,0,0.00000
133257,509,1,0,0.00000
133258,509,1,0,0.00000
133259,509,1,0,0.00000
133260,509,1,0,0.00000
133261,509,1,0,0.00000
133262,509,1,0,0.00000
133263,509,1,0,0.00000
133264,509,1,0,0.00000
133265,509,1,0,0.00000
133266,509,1,0,0.00000
133267,509,1,0,0.00000
133268,509,1,0,0.00000
133269,509,1,0,0.00000
133270,509,1,0,0.00000
133271,509,1,0,0.00000
133272,509,1,0,0.00000
133273,509,1,0,0.00000
133274,509,1,0,0.00000
133275,509,1,0,0.00000
133276,509,1,0,0.00000
133277,509,1,0,0.00000
133278,509,1,0,0.00000
133279,509,1,0,0.00000
133280,509,1,0,0.00000
133282,509,1,0,0.00000
133283,509,1,0,0.00000
133284,509,1,0,0.00000
133285,509,1,0,0.00000
133286,509,1,0,0.00000
133287,509,1,0,0.00000
133288,509,1,0,0.00001
133289,509,1,0,0.00001
133290,509,1,0,0.00001
133291,509,1,0,0.00000
133293,509,1,0,0.00000
133294,509,1,0,0.00000
133295,509,1,0,0.00001
133296,509,1,0,0.00001
133297,509,1,0,0.00001
133298,509,1,0,0.00001
133299,509,1,0,0.00002
133300,509,1,0,0.00000
133301,509,1,0,0.00002
133302,509,1,0,0.00004
133303,509,1,0,0.00004
133304,509,1,0,0.00001
133305,509,1,0,0.00000
133306,509,1,0,0.00000
133307,509,1,0,0.00000
133308,509,1,0,0.00000
133309,509,1,0,0.00000
133310,509,1,0,0.00000
133311,509,1,0,0.00000
133312,509,1,0,0.00001
133313,509,1,0,0.00001
133315,509,1,0,0.00001
133316,509,1,0,0.00005
133317,509,1,0,0.00000
133318,509,1,0,0.00000
133319,509,1,0,0.00000
133332,509,1,0,0.00000
133333,509,1,0,0.00000
133334,509,1,0,0.00002
133335,509,1,0,0.00000
133336,509,1,0,0.00001
133337,509,1,0,0.00003
133338,509,1,0,0.00001
133339,509,1,0,0.00002
133340,509,1,0,0.00003
133341,509,1,0,0.00000
133342,509,1,0,0.00000
133343,509,1,0,0.00008
133344,510,3,1,0.97916
133345,510,3,1,0.91993
133346,510,3,1,0.99997
133347,510,3,1,0.93991
133348,510,3,1,0.85919
133350,510,3,1,0.99989
133352,510,3,0,0.00005
133353,510,3,0,0.00002
133354,510,3,0,0.00000
133355,510,3,0,0.00000
133356,510,3,0,0.00000
133357,510,3,0,0.00000
133358,510,3,0,0.00000
133359,510,3,0,0.00001
133360,510,3,0,0.00001
133361,510,3,0,0.00001
133362,510,3,0,0.00001
133363,510,3,0,0.00001
133364,510,3,0,0.00002
133365,510,3,0,0.00003
133366,510,3,0,0.00006
133367,510,3,0,0.00029
133368,510,3,0,0.00268
133370,510,3,0,0.00007
133371,510,3,0,0.00003
133372,510,3,0,0.00002
133373,510,3,0,0.00001
133374,510,3,0,0.00001
133375,510,3,0,0.00001
133376,510,3,0,0.00018
133377,510,3,0,0.00008
133429,512,3,0,0.00013
133430,512,3,0,0.00000
133431,512,3,0,0.00000
133432,512,3,0,0.00000
133433,512,3,0,0.00000
133434,512,3,0,0.00000
133435,512,3,0,0.00000
133436,512,3,0,0.00000
133437,512,3,0,0.00000
133438,512,3,0,0.00000
133439,512,3,0,0.00000
133440,512,3,0,0.00000
133441,512,3,0,0.00000
133442,512,3,0,0.00000
133443,512,3,0,0.00000
133444,512,3,0,0.00000
133445,512,3,0,0.00000
133446,512,3,0,0.00000
133447,512,3,0,0.00000
133448,512,3,0,0.00000
133449,512,3,0,0.00000
133450,512,3,0,0.00000
133451,512,3,0,0.00000
133452,512,3,0,0.00000
133453,512,3,0,0.00000
133454,512,3,0,0.00000
133455,512,3,0,0.00000
133456,512,3,0,0.00000
133457,512,3,0,0.00000
133458,512,3,0,0.00000
133460,512,3,0,0.00000
133461,512,3,0,0.00000
133462,512,3,0,0.00000
133464,512,3,0,0.00000
133465,512,3,0,0.00000
133467,512,3,0,0.00000
133468,512,3,0,0.00000
133469,512,3,0,0.00000
133470,512,3,0,0.00000
133471,512,3,0,0.00000
133472,512,3,0,0.00000
133473,512,3,0,0.00000
133474,512,3,0,0.00000
133475,512,3,0,0.00000
133476,512,3,0,0.00000
133477,512,3,0,0.00000
133478,512,3,0,0.00000
133479,512,3,0,0.00000
133480,512,3,0,0.00000
133481,512,3,0,0.00000
133482,512,3,0,0.00000
133483,512,3,0,0.00000
133484,512,3,0,0.00000
133485,512,3,0,0.00000
133486,512,3,0,0.00000
133487,512,3,0,0.00000
133488,512,3,0,0.00002
133489,512,3,0,0.00019
133490,513,1,0,0.00000
133491,513,1,0,0.00000
133492,513,1,0,0.00000
133493,513,1,0,0.00000
133494,513,1,0,0.00000
133495,513,1,0,0.00000
133496,513,1,0,0.00000
133497,513,1,0,0.00000
133498,513,1,0,0.00000
133499,513,1,0,0.00000
133500,513,1,0,0.00000
133501,513,1,0,0.00000
133502,513,1,0,0.00000
133503,513,1,0,0.00000
133504,513,1,0,0.00000
133505,513,1,0,0.00000
133506,513,1,0,0.00000
133507,513,1,0,0.00000
133508,513,1,0,0.00000
133509,513,1,0,0.00000
133510,513,1,0,0.00000
133511,513,1,0,0.00000
133520,513,1,0,0.00000
133522,513,1,0,0.00000
133523,513,1,0,0.00000
133524,513,1,0,0.00000
133525,513,1,0,0.00000
133526,513,1,0,0.00000
133527,513,1,0,0.00000
133528,513,1,0,0.00000
133529,513,1,0,0.00000
133530,513,1,0,0.00000
133531,513,1,0,0.00000
133532,513,1,0,0.00000
133533,513,1,0,0.00000
133534,513,1,0,0.00000
133536,513,1,0,0.00000
133537,513,1,0,0.00000
133538,513,1,0,0.00000
133540,514,0,0,0.00003
133541,514,0,0,0.00020
133542,514,0,0,0.00003
133543,514,0,0,0.00004
133544,514,0,0,0.00002
133545,514,0,0,0.00000
133546,514,0,0,0.00000
133547,514,0,0,0.00001
133548,514,0,0,0.00001
133549,514,0,0,0.00001
133550,514,0,0,0.00000
133551,514,0,0,0.00000
133552,514,0,0,0.00001
133553,514,0,0,0.00005
133566,514,0,0,0.00061
133567,514,0,0,0.00010
133568,514,0,0,0.00023
133569,514,0,0,0.00051
133570,514,0,0,0.00007
133571,514,0,0,0.00001
133572,514,0,0,0.00001
133573,514,0,0,0.00000
133574,514,0,0,0.00000
133575,514,0,0,0.00000
133576,514,0,0,0.00000
133577,514,0,0,0.00000
133578,514,0,0,0.00000
133579,514,0,0,0.00000
133580,514,0,0,0.00000
133581,514,0,0,0.00000
133582,514,0,0,0.00000
133583,514,0,0,0.00000
133584,514,0,0,0.00000
133585,514,0,0,0.00001
133586,514,0,0,0.00001
133587,514,0,0,0.00001
133588,514,0,0,0.00001
133589,514,0,0,0.00001
133590,514,0,0,0.00003
133591,514,0,0,0.00002
133592,514,0,0,0.00004
133593,514,0,0,0.00002
133594,514,0,0,0.00002
133595,514,0,0,0.00001
133600,515,0,0,0.00000
133601,515,0,0,0.00002
133602,515,0,0,0.00000
133603,515,0,0,0.00000
133604,515,0,0,0.00000
133605,515,0,0,0.00000
133606,515,0,0,0.00000
133607,515,0,0,0.00000
133608,515,0,0,0.00000
133609,515,0,0,0.00000
133610,515,0,0,0.00000
133611,515,0,0,0.00000
133612,515,0,0,0.00000
133613,515,0,0,0.00000
133614,515,0,0,0.00000
133615,515,0,0,0.00000
133616,515,0,0,0.00000
133617,515,0,0,0.00000
133618,515,0,0,0.00000
133619,515,0,0,0.00000
133620,515,0,0,0.00000
133621,515,0,0,0.00000
133622,515,0,0,0.00000
133623,515,0,0,0.00000
133624,515,0,0,0.00000
133625,515,0,0,0.00000
133626,515,0,0,0.00000
133628,515,0,0,0.00000
133629,515,0,0,0.00000
133630,515,0,0,0.00000
133631,515,0,0,0.00000
133632,515,0,0,0.00000
133633,515,0,0,0.00000
133634,515,0,0,0.00000
133635,515,0,0,0.00000
133636,515,0,0,0.00000
133637,515,0,0,0.00000
133638,515,0,0,0.00000
133639,515,0,0,0.00000
133640,515,0,0,0.00000
133641,515,0,0,0.00000
133642,515,0,0,0.00000
133643,515,0,0,0.00000
133644,515,0,0,0.00000
133645,515,0,0,0.00000
133646,515,0,0,0.00000
133647,515,0,0,0.00000
133648,515,0,0,0.00000
133649,515,0,0,0.00000
133650,515,0,0,0.00000
133651,515,0,0,0.00000
133652,515,0,0,0.00000
133653,515,0,0,0.00000
133654,515,0,0,0.00000
133655,515,0,0,0.00002
133656,515,0,0,0.00000
133657,515,0,0,0.00001
133658,515,0,0,0.00000
133659,516,0,0,0.00000
133660,516,0,0,0.00000
133661,516,0,0,0.00000
133662,516,0,0,0.00000
133663,516,0,0,0.00000
133664,516,0,0,0.00000
133665,516,0,0,0.00000
133666,516,0,0,0.00000
133667,516,0,0,0.00000
133668,516,0,0,0.00000
133669,516,0,0,0.00000
133670,516,0,0,0.00000
133671,516,0,0,0.00000
133672,516,0,0,0.00000
133673,516,0,0,0.00000
133674,516,0,0,0.00000
133675,516,0,0,0.00000
133676,516,0,0,0.00000
133677,516,0,0,0.00000
133678,516,0,0,0.00000
133679,516,0,0,0.00000
133680,516,0,0,0.00000
133681,516,0,0,0.00000
133682,516,0,0,0.00000
133683,516,0,0,0.00000
133684,516,0,0,0.00000
133685,516,0,0,0.00000
133690,516,0,0,0.00000
133694,516,0,0,0.00000
133695,516,0,0,0.00000
133696,516,0,0,0.00000
133697,516,0,0,0.00000
133698,516,0,0,0.00000
133699,516,0,0,0.00000
133700,516,0,0,0.00000
133701,516,0,0,0.00000
133702,516,0,0,0.00000
133703,516,0,0,0.00000
133704,516,0,0,0.00000
133705,516,0,0,0.00000
133706,516,0,0,0.00000
133707,516,0,0,0.00000
133708,516,0,0,0.00000
133709,516,0,0,0.00000
133710,516,0,0,0.00000
133711,516,0,0,0.00000
133712,516,0,0,0.00000
133713,516,0,0,0.00000
133714,516,0,0,0.00000
133717,516,0,0,0.00000
133718,516,0,0,0.00000
133719,517,2,0,0.00002
133720,517,2,0,0.00000
133721,517,2,0,0.00000
133722,517,2,0,0.00000
133723,517,2,0,0.00000
133724,517,2,0,0.00000
133725,517,2,0,0.00000
133726,517,2,0,0.00000
133727,517,2,0,0.00000
133728,517,2,0,0.00000
133729,517,2,0,0.00000
133730,517,2,0,0.00000
133731,517,2,0,0.00000
133732,517,2,0,0.00000
133733,517,2,0,0.00000
133734,517,2,0,0.00000
133735,517,2,0,0.00000
133736,517,2,0,0.00000
133737,517,2,0,0.00000
133738,517,2,0,0.00000
133739,517,2,0,0.00000
133740,517,2,0,0.00000
133741,517,2,0,0.00000
133742,517,2,0,0.00000
133743,517,2,0,0.00000
133744,517,2,0,0.00000
133745,517,2,0,0.00000
133746,517,2,0,0.00000
133747,517,2,0,0.00000
133748,517,2,0,0.00000
133759,517,2,0,0.00000
133760,517,2,0,0.00000
133761,517,2,0,0.00000
133762,517,2,0,0.00000
133763,517,2,0,0.00000
133764,517,2,0,0.00000
133765,517,2,0,0.00000
133766,517,2,0,0.00000
133767,517,2,0,0.00000
133768,517,2,0,0.00000
133769,517,2,0,0.00000
133770,517,2,0,0.00000
133771,517,2,0,0.00000
133772,517,2,0,0.00000
133773,517,2,0,0.00000
133774,517,2,0,0.00000
133775,517,2,0,0.00000
133776,517,2,0,0.00000
133777,517,2,0,0.00000
133779,517,2,0,0.00000
133780,517,2,0,0.00000
133781,517,2,0,0.00000
133783,517,2,0,0.00002
133784,517,2,0,0.00016
133785,518,2,0,0.00000
133786,518,2,0,0.00000
133787,518,2,0,0.00000
133788,518,2,0,0.00000
133789,518,2,0,0.00000
133790,518,2,0,0.00000
133791,518,2,0,0.00000
133792,518,2,0,0.00000
133793,518,2,0,0.00000
133794,518,2,0,0.00000
133795,518,2,0,0.00000
133796,518,2,0,0.00000
133797,518,2,0,0.00000
133798,518,2,0,0.00000
133799,518,2,0,0.00000
133800,518,2,0,0.00000
133801,518,2,0,0.00000
133802,518,2,0,0.00000
133803,518,2,0,0.00001
133804,518,2,0,0.00001
133805,518,2,0,0.00000
133806,518,2,0,0.00000
133807,518,2,0,0.00001
133808,518,2,0,0.00001
133809,518,2,0,0.00000
133810,518,2,0,0.00000
133811,518,2,0,0.00001
133813,518,2,0,0.00000
133814,518,2,0,0.00000
133815,518,2,0,0.00000
133816,518,2,0,0.00000
133817,518,2,0,0.00000
133818,518,2,0,0.00000
133819,518,2,0,0.00000
133820,518,2,0,0.00000
133821,518,2,0,0.00000
133822,518,2,0,0.00000
133823,518,2,0,0.00000
133824,518,2,0,0.00000
133828,518,2,0,0.00000
133829,518,2,0,0.00000
133830,518,2,0,0.00000
133833,518,2,0,0.00000
133843,518,2,0,0.00000
133844,518,2,0,0.00000
133845,518,2,0,0.00000
133854,518,2,0,0.00000
133855,518,2,0,0.00000
133856,518,2,0,0.00000
133857,518,2,0,0.00000
133858,518,2,0,0.00001
133859,518,2,0,0.00001
133860,518,2,0,0.00001
133861,518,2,0,0.00001
133862,518,2,0,0.00000
133863,518,2,0,0.00000
133864,518,2,0,0.00000
133865,518,2,0,0.00000
133866,518,2,0,0.00000
133867,518,2,0,0.00000
133868,518,2,0,0.00000
133869,518,2,0,0.00000
133870,518,2,0,0.00000
133871,518,2,0,0.00000
133872,518,2,0,0.00000
133873,518,2,0,0.00000
133874,518,2,0,0.00000
133875,518,2,0,0.00000
133876,518,2,0,0.00000
133877,518,2,0,0.00000
133878,519,3,0,0.00007
133879,519,3,0,0.00001
133880,519,3,0,0.00000
133881,519,3,0,0.00000
133882,519,3,0,0.00000
133883,519,3,0,0.00000
133884,519,3,0,0.00000
133885,519,3,0,0.00000
133886,519,3,0,0.00000
133887,519,3,0,0.00000
133888,519,3,0,0.00000
133889,519,3,0,0.00000
133890,519,3,0,0.00000
133891,519,3,0,0.00000
133892,519,3,0,0.00000
133893,519,3,0,0.00000
133894,519,3,0,0.00000
133895,519,3,0,0.00000
133896,519,3,0,0.00000
133897,519,3,0,0.00000
133898,519,3,0,0.00000
133899,519,3,0,0.00000
133900,519,3,0,0.00000
133901,519,3,0,0.00000
133902,519,3,0,0.00000
133928,519,3,0,0.00000
133930,519,3,0,0.00048
133931,519,3,0,0.00142
133933,519,3,0,0.00087
133934,519,3,0,0.00021
133935,519,3,0,0.00031
133936,519,3,0,0.00014
133937,519,3,0,0.00013
133938,519,3,0,0.00009
133939,519,3,0,0.00011
133940,519,3,0,0.00003
133941,519,3,0,0.00001
133943,519,3,0,0.00001
133944,519,3,0,0.00000
133945,519,3,0,0.00001
133946,519,3,0,0.00001
133947,519,3,0,0.00000
133948,519,3,0,0.00000
133949,519,3,0,0.00000
133950,519,3,0,0.00000
133951,519,3,0,0.00000
133952,519,3,0,0.00000
133953,519,3,0,0.00000
133954,519,3,0,0.00000
133955,519,3,0,0.00000
133956,519,3,0,0.00000
133957,519,3,0,0.00000
133958,519,3,0,0.00000
133959,519,3,0,0.00001
133960,519,3,0,0.00003
133961,520,4,0,0.00000
133962,520,4,0,0.00000
133963,520,4,0,0.00000
133964,520,4,0,0.00000
133965,520,4,0,0.00000
133966,520,4,0,0.00000
133967,520,4,0,0.00000
133968,520,4,0,0.00000
133969,520,4,0,0.00000
133970,520,4,0,0.00000
133971,520,4,0,0.00000
133972,520,4,0,0.00000
133973,520,4,0,0.00000
133974,520,4,0,0.00000
133975,520,4,0,0.00000
133976,520,4,0,0.00000
133977,520,4,0,0.00000
133978,520,4,0,0.00000
133979,520,4,0,0.00000
133980,520,4,0,0.00000
133981,520,4,0,0.00000
133982,520,4,0,0.00000
133983,520,4,0,0.00004
133984,520,4,0,0.00003
133985,520,4,0,0.00002
134008,520,4,0,0.00000
134011,520,4,0,0.00000
134016,520,4,0,0.00000
134017,520,4,0,0.00000
134018,520,4,0,0.00000
134019,520,4,0,0.00000
134020,520,4,0,0.00000
134021,520,4,0,0.00000
134022,520,4,0,0.00000
134023,520,4,0,0.00000
134024,520,4,0,0.00000
134025,520,4,0,0.00000
134026,520,4,0,0.00000
134027,520,4,0,0.00000
134028,520,4,0,0.00000
134108,521,0,0,0.00000
134203,521,0,0,0.00000
134204,521,0,0,0.00000
134205,521,0,0,0.00000
134206,521,0,0,0.00000
134207,521,0,0,0.00000
134208,521,0,0,0.00000
134209,521,0,0,0.00000
134210,521,0,0,0.00000
134211,521,0,0,0.00000
134213,521,0,0,0.00000
134215,521,0,0,0.00000
134216,521,0,0,0.00000
134217,521,0,0,0.00000
134218,521,0,0,0.00000
134219,521,0,0,0.00000
134220,521,0,0,0.00000
134221,521,0,0,0.00000
134222,521,0,0,0.00000
134223,521,0,0,0.00000
134224,521,0,0,0.00000
134225,521,0,0,0.00000
134226,521,0,0,0.00000
134227,521,0,0,0.00000
134228,521,0,0,0.00000
134229,521,0,0,0.00000
134232,521,0,0,0.00000
134235,521,0,0,0.00000
134237,521,0,0,0.00000
134238,521,0,0,0.00000
134240,521,0,0,0.00000
134244,521,0,0,0.00000
134252,521,0,0,0.00000
134254,521,0,0,0.00000
134256,521,0,0,0.00000
134257,521,0,0,0.00000
134258,521,0,0,0.00000
134260,521,0,0,0.00000
134261,521,0,0,0.00000
134262,521,0,0,0.00000
134263,521,0,0,0.00000
134264,521,0,0,0.00000
134265,521,0,0,0.00000
134266,521,0,0,0.00000
134267,521,0,0,0.00000
134268,521,0,0,0.00000
134270,521,0,0,0.00000
134274,521,0,0,0.00000
134275,521,0,0,0.00000
134276,521,0,0,0.00000
134277,521,0,0,0.00000
134278,521,0,0,0.00000
134279,521,0,0,0.00000
134280,521,0,0,0.00000
134281,521,0,0,0.00000
134282,521,0,0,0.00000
134283,521,0,0,0.00000
134284,521,0,0,0.00000
134285,521,0,0,0.00000
134286,521,0,0,0.00000
134287,521,0,0,0.00000
134288,521,0,0,0.00000
134289,521,0,0,0.00000
134290,521,0,0,0.00000
134291,521,0,0,0.00000
134292,521,0,0,0.00000
134293,521,0,0,0.00000
134294,521,0,0,0.00000
134295,521,0,0,0.00000
134296,521,0,0,0.00000
134297,521,0,0,0.00000
134299,521,0,0,0.00000
134300,521,0,0,0.00000
134301,521,0,0,0.00000
134302,521,0,0,0.00000
134303,521,0,0,0.00000
134304,521,0,0,0.00000
134305,521,0,0,0.00000
134306,521,0,0,0.00000
134307,521,0,0,0.00000
134308,521,0,0,0.00000
134309,521,0,0,0.00000
134310,521,0,0,0.00000
134312,521,0,0,0.00000
134313,521,0,0,0.00000
134314,521,0,0,0.00000
134315,521,0,0,0.00000
134316,521,0,0,0.00000
134317,521,0,0,0.00000
134318,521,0,0,0.00000
134319,521,0,0,0.00000
134320,521,0,0,0.00000
134321,521,0,0,0.00000
134322,521,0,0,0.00000
134323,521,0,0,0.00000
134327,521,0,0,0.00000
134328,521,0,0,0.00000
134329,521,0,0,0.00000
134330,521,0,0,0.00000
134331,521,0,0,0.00000
134336,521,0,0,0.00000
134337,521,0,0,0.00000
134338,521,0,0,0.00000
134339,521,0,0,0.00000
134340,521,0,0,0.00000
134341,521,0,0,0.00000
134342,521,0,0,0.00000
134343,521,0,0,0.00000
134344,521,0,0,0.00000
134345,521,0,0,0.00000
134346,521,0,0,0.00000
134347,521,0,0,0.00000
134348,521,0,0,0.00000
134350,521,0,0,0.00008
134351,521,0,0,0.00021
134352,521,0,0,0.00010
134353,521,0,0,0.00020
134354,521,0,0,0.00012
134355,521,0,0,0.00015
134356,521,0,0,0.00012
134357,521,0,0,0.00044
134358,521,0,0,0.00026
134359,521,0,0,0.00011
134360,521,0,0,0.00000
134361,521,0,0,0.00002
134362,521,0,0,0.00002
134363,521,0,0,0.00000
134364,521,0,0,0.00000
134365,521,0,0,0.00000
134366,521,0,0,0.00000
134367,521,0,0,0.00000
134368,521,0,0,0.00000
134369,521,0,0,0.00000
134370,521,0,0,0.00001
134371,521,0,0,0.00000
134372,521,0,0,0.00000
134374,521,0,0,0.00001
134376,521,0,0,0.00000
134377,521,0,0,0.00000
134378,521,0,0,0.00000
134379,521,0,0,0.00000
134380,521,0,0,0.00000
134381,521,0,0,0.00000
134382,521,0,0,0.00003
134383,521,0,0,0.00014
134384,521,0,0,0.00011
134385,521,0,0,0.00003
134386,521,0,0,0.00001
134387,521,0,0,0.00011
134388,521,0,0,0.00022
134389,521,0,0,0.00002
134390,522,4,0,0.00000
134391,522,4,0,0.00000
134392,522,4,0,0.00000
134393,522,4,0,0.00000
134394,522,4,0,0.00000
134395,522,4,0,0.00000
134396,522,4,0,0.00000
134397,522,4,0,0.00000
134398,522,4,0,0.00000
134399,522,4,0,0.00000
134400,522,4,0,0.00000
134401,522,4,0,0.00000
134402,522,4,0,0.00000
134403,522,4,0,0.00000
134404,522,4,0,0.00000
134405,522,4,0,0.00000
134406,522,4,0,0.00000
134407,522,4,0,0.00000
134408,522,4,0,0.00000
134409,522,4,0,0.00000
134410,522,4,0,0.00000
134411,522,4,0,0.00000
134412,522,4,0,0.00000
134413,522,4,0,0.00000
134414,522,4,0,0.00000
134415,522,4,0,0.00000
134416,522,4,0,0.00000
134417,522,4,0,0.00000
134418,522,4,0,0.00000
134419,522,4,0,0.00000
134420,522,4,0,0.00000
134421,522,4,0,0.00000
134422,522,4,0,0.00000
134423,522,4,0,0.00000
134424,522,4,0,0.00000
134425,522,4,0,0.00000
134426,522,4,0,0.00000
134427,522,4,0,0.00000
134428,522,4,0,0.00000
134429,522,4,0,0.00000
134430,522,4,0,0.00000
134431,522,4,0,0.00000
134432,522,4,0,0.00000
134433,522,4,0,0.00000
134434,522,4,0,0.00000
134435,522,4,0,0.00000
134436,522,4,0,0.00000
134437,522,4,0,0.00000
134438,522,4,0,0.00000
134439,522,4,0,0.00000
134440,522,4,0,0.00000
134441,522,4,0,0.00000
134442,522,4,0,0.00000
134444,522,4,0,0.00000
134447,522,4,0,0.00000
134448,522,4,0,0.00000
134449,522,4,0,0.00000
134450,522,4,0,0.00000
134451,522,4,0,0.00000
134452,522,4,0,0.00000
134453,522,4,0,0.00000
134454,522,4,0,0.00000
134455,522,4,0,0.00000
134456,522,4,0,0.00000
134457,522,4,0,0.00000
134458,522,4,0,0.00000
134459,522,4,0,0.00000
134460,522,4,0,0.00000
134461,522,4,0,0.00000
134462,522,4,0,0.00000
134463,522,4,0,0.00000
134464,522,4,0,0.00000
134465,522,4,0,0.00000
134466,522,4,0,0.00000
134467,522,4,0,0.00000
134468,522,4,0,0.00000
134469,522,4,0,0.00000
134470,522,4,0,0.00000
134471,522,4,0,0.00000
134472,522,4,0,0.00000
134473,522,4,0,0.00000
134474,522,4,0,0.00000
134475,522,4,0,0.00000
134476,522,4,0,0.00000
134477,522,4,0,0.00000
134478,522,4,0,0.00000
134479,522,4,0,0.00000
134480,522,4,0,0.00000
134481,522,4,0,0.00000
134482,522,4,0,0.00000
134483,522,4,0,0.00000
134484,522,4,0,0.00000
134485,522,4,0,0.00000
134486,522,4,0,0.00000
134487,522,4,0,0.00000
134488,522,4,0,0.00000
134489,522,4,0,0.00000
134490,522,4,0,0.00000
134491,522,4,0,0.00000
134492,522,4,0,0.00000
134494,522,4,0,0.00000
134495,522,4,0,0.00000
134496,522,4,0,0.00000
134497,522,4,0,0.00000
134498,522,4,0,0.00000
134499,522,4,0,0.00000
134500,522,4,0,0.00000
134501,522,4,0,0.00000
134502,522,4,0,0.00000
134503,522,4,0,0.00000
134504,522,4,0,0.00000
134505,522,4,0,0.00000
134506,522,4,0,0.00000
134507,522,4,0,0.00000
134508,522,4,0,0.00000
134509,522,4,0,0.00000
134510,522,4,0,0.00000
134511,522,4,0,0.00000
134512,522,4,0,0.00000
134513,522,4,0,0.00000
134514,522,4,0,0.00000
134515,522,4,0,0.00000
134516,522,4,0,0.00000
134517,522,4,0,0.00000
134518,522,4,0,0.00000
134519,522,4,0,0.00000
134520,522,4,0,0.00000
134521,522,4,0,0.00000
134522,522,4,0,0.00000
134523,522,4,0,0.00000
134524,522,4,0,0.00000
134525,522,4,0,0.00000
134526,522,4,0,0.00000
134527,522,4,0,0.00000
134528,522,4,0,0.00000
134529,522,4,0,0.00000
134530,522,4,0,0.00000
134531,522,4,0,0.00000
134532,522,4,0,0.00000
134533,522,4,0,0.00000
134534,522,4,0,0.00000
134535,522,4,0,0.00000
134537,522,4,0,0.00000
134538,522,4,0,0.00000
134539,522,4,0,0.00000
134540,522,4,0,0.00000
134541,522,4,0,0.00000
134542,522,4,0,0.00000
134543,522,4,0,0.00000
134545,522,4,0,0.00000
134546,522,4,0,0.00000
134548,522,4,0,0.00000
134549,522,4,0,0.00000
134550,522,4,0,0.00000
134551,522,4,0,0.00000
134552,522,4,0,0.00000
134554,522,4,0,0.00000
134555,522,4,0,0.00000
134556,522,4,0,0.00000
134557,522,4,0,0.00000
134558,522,4,0,0.00000
134559,522,4,0,0.00000
134560,522,4,0,0.00000
134561,522,4,0,0.00000
134562,522,4,0,0.00000
134563,522,4,0,0.00000
134564,522,4,0,0.00000
134565,522,4,0,0.00000
134566,522,4,0,0.00000
134567,522,4,0,0.00000
134568,522,4,0,0.00000
134569,522,4,0,0.00000
134570,522,4,0,0.00000
134571,522,4,0,0.00000
134572,522,4,0,0.00000
134573,522,4,0,0.00000
134574,522,4,0,0.00000
134575,522,4,0,0.00000
134576,522,4,0,0.00000
134577,522,4,0,0.00000
134578,522,4,0,0.00000
134579,522,4,0,0.00000
134580,522,4,0,0.00000
134581,522,4,0,0.00000
134582,522,4,0,0.00000
134583,522,4,0,0.00000
134584,522,4,0,0.00000
134585,522,4,0,0.00000
134587,522,4,0,0.00000
134588,522,4,0,0.00000
134589,522,4,0,0.00000
134590,522,4,0,0.00000
134591,522,4,0,0.00000
134592,522,4,0,0.00000
134593,522,4,0,0.00000
134594,522,4,0,0.00000
134595,522,4,0,0.00000
134596,522,4,0,0.00000
134597,522,4,0,0.00000
134598,522,4,0,0.00000
134599,522,4,0,0.00000
134600,522,4,0,0.00000
134601,522,4,0,0.00000
134602,522,4,0,0.00000
134603,522,4,0,0.00000
134604,522,4,0,0.00000
134605,522,4,0,0.00000
134606,522,4,0,0.00000
134607,522,4,0,0.00000
134608,522,4,0,0.00000
134609,522,4,0,0.00000
134610,522,4,0,0.00000
134611,522,4,0,0.00000
134612,522,4,0,0.00000
134613,522,4,0,0.00000
134614,522,4,0,0.00000
134615,522,4,0,0.00000
134616,522,4,0,0.00000
134617,522,4,0,0.00000
134618,522,4,0,0.00000
134619,522,4,0,0.00000
134620,522,4,0,0.00000
134621,522,4,0,0.00000
134622,522,4,0,0.00000
134623,522,4,0,0.00000
134624,522,4,0,0.00000
134625,522,4,0,0.00000
134626,522,4,0,0.00000
134627,522,4,0,0.00000
134628,522,4,0,0.00000
134629,522,4,0,0.00000
134630,522,4,0,0.00000
134631,522,4,0,0.00000
134632,522,4,0,0.00000
134633,522,4,0,0.00000
134634,522,4,0,0.00000
134635,522,4,0,0.00001
134636,522,4,0,0.00000
134637,522,4,0,0.00000
134638,522,4,0,0.00000
134639,522,4,0,0.00000
134640,522,4,0,0.00000
134641,522,4,0,0.00000
134642,522,4,0,0.00000
134643,522,4,0,0.00000
134644,522,4,0,0.00000
134645,522,4,0,0.00000
134646,522,4,0,0.00000
134647,522,4,0,0.00000
134648,522,4,0,0.00000
134649,522,4,0,0.00000
134650,522,4,0,0.00000
134651,522,4,0,0.00000
134652,522,4,0,0.00000
134653,522,4,0,0.00000
134654,522,4,0,0.00000
134655,522,4,0,0.00000
134656,522,4,0,0.00000
134657,522,4,0,0.00000
134658,522,4,0,0.00000
134659,522,4,0,0.00000
134660,522,4,0,0.00000
134661,522,4,0,0.00000
1,1,2,1,1.00000
2,1,2,1,1.00000
3,1,2,1,1.00000
4,1,2,1,1.00000
14,1,2,0,0.00007
21,1,2,1,1.00000
22,1,2,1,1.00000
23,1,2,1,1.00000
24,1,2,1,1.00000
25,1,2,1,1.00000
26,1,2,1,1.00000
27,1,2,1,1.00000
28,1,2,1,1.00000
128,1,2,0,0.00003
283,1,2,0,0.00032
329,1,2,0,0.00002
344,1,2,0,0.00002
1345,32,1,1,1.00000
1348,32,1,1,1.00000
1349,32,1,1,1.00000
1351,32,1,1,1.00000
1352,32,1,1,1.00000
1353,32,1,1,1.00000
1354,32,1,1,1.00000
1355,32,1,1,1.00000
1356,32,1,1,1.00000
1357,32,1,1,1.00000
2026,22,0,1,1.00000
2029,22,0,1,1.00000
2078,43,2,0,0.00004
2607,23,1,1,1.00000
2641,24,2,0,0.00005
2988,51,1,1,1.00000
2989,51,1,1,1.00000
2990,51,1,1,1.00000
2991,51,1,1,1.00000
2992,51,1,1,1.00000
2993,51,1,1,1.00000
2994,51,1,1,1.00000
2996,51,1,1,1.00000
2997,51,1,1,1.00000
3011,53,4,1,1.00000
3013,53,4,1,1.00000
3014,53,4,1,1.00000
3019,53,4,1,1.00000
3020,53,4,1,1.00000
3021,53,4,1,1.00000
3023,53,4,1,1.00000
3024,53,4,1,1.00000
3025,53,4,1,1.00000
3043,57,0,1,1.00000
3044,57,0,1,1.00000
3047,57,0,1,1.00000
3048,57,0,1,1.00000
3050,57,0,1,1.00000
3053,57,0,1,1.00000
3055,57,0,1,1.00000
3056,57,0,1,1.00000
3058,57,0,1,1.00000
3078,55,2,1,1.00000
3080,55,2,1,1.00000
3081,55,2,1,1.00000
3082,55,2,1,1.00000
3085,55,2,1,1.00000
3086,55,2,1,1.00000
3087,55,2,1,1.00000
3088,55,2,1,1.00000
3089,55,2,1,1.00000
3105,52,2,1,1.00000
3106,52,2,1,1.00000
3107,52,2,1,1.00000
3108,52,2,1,1.00000
3109,52,2,1,1.00000
3110,52,2,1,1.00000
3113,52,2,1,1.00000
3115,52,2,1,1.00000
3116,52,2,1,1.00000
3129,56,0,1,1.00000
3130,56,0,1,1.00000
3131,56,0,1,1.00000
3132,56,0,1,1.00000
3133,56,0,1,1.00000
3134,56,0,1,1.00000
3135,56,0,1,1.00000
3136,56,0,1,1.00000
3146,83,2,1,1.00000
3152,83,2,1,1.00000
3169,83,2,1,1.00000
3170,83,2,1,1.00000
3173,83,2,1,1.00000
3174,83,2,1,1.00000
3178,83,2,1,1.00000
3179,83,2,1,1.00000
3180,83,2,1,1.00000
3181,83,2,1,1.00000
3182,83,2,1,1.00000
3183,83,2,1,1.00000
3184,83,2,1,1.00000
3185,83,2,1,1.00000
3186,83,2,1,1.00000
3187,83,2,1,1.00000
3188,83,2,1,1.00000
3189,83,2,1,1.00000
3190,83,2,1,1.00000
3191,83,2,1,1.00000
3192,83,2,1,1.00000
3193,83,2,1,1.00000
3243,80,0,1,1.00000
3251,80,0,1,1.00000
3252,80,0,1,1.00000
3255,80,0,1,1.00000
3272,80,0,1,1.00000
3273,80,0,1,1.00000
3274,80,0,1,1.00000
3275,80,0,1,1.00000
3279,80,0,1,1.00000
3280,80,0,1,1.00000
3281,80,0,1,1.00000
3282,80,0,1,1.00000
3288,80,0,1,1.00000
3609,77,4,1,0.99995
3612,77,4,1,1.00000
3613,77,4,1,0.99997
3615,77,4,1,1.00000
3617,77,4,1,1.00000
3622,77,4,1,1.00000
3623,77,4,1,1.00000
3624,77,4,1,1.00000
3625,77,4,1,1.00000
3626,77,4,1,1.00000
3627,77,4,1,1.00000
3628,77,4,1,1.00000
3629,77,4,1,1.00000
3630,77,4,1,1.00000
3632,77,4,1,1.00000
3635,77,4,1,1.00000
3637,77,4,1,1.00000
3638,77,4,1,1.00000
3640,77,4,1,1.00000
3643,77,4,1,1.00000
3657,77,4,1,1.00000
3660,77,4,1,1.00000
3662,77,4,1,1.00000
3663,77,4,1,1.00000
3664,77,4,1,1.00000
3665,77,4,1,1.00000
3667,77,4,1,1.00000
3668,77,4,1,1.00000
3669,77,4,1,1.00000
3677,77,4,1,1.00000
3683,77,4,1,1.00000
3684,77,4,1,1.00000
3686,77,4,1,1.00000
3689,77,4,1,1.00000
3696,77,4,1,1.00000
3703,77,4,1,1.00000
3705,77,4,1,1.00000
3710,77,4,1,1.00000
3723,77,4,1,1.00000
3724,77,4,1,1.00000
3728,77,4,1,1.00000
3729,77,4,1,1.00000
3730,77,4,1,1.00000
3731,77,4,1,1.00000
3732,77,4,1,1.00000
3876,71,3,1,1.00000
3895,71,3,1,1.00000
3896,71,3,1,1.00000
3898,71,3,1,1.00000
3899,71,3,1,1.00000
3900,71,3,1,1.00000
3902,71,3,1,1.00000
3904,71,3,1,1.00000
3906,71,3,1,1.00000
3907,71,3,1,1.00000
3925,71,3,1,1.00000
3926,71,3,1,1.00000
3927,71,3,1,1.00000
3928,71,3,1,1.00000
4003,63,1,1,1.00000
4017,63,1,1,1.00000
4018,63,1,1,1.00000
4022,63,1,1,1.00000
4023,63,1,1,1.00000
4024,63,1,1,1.00000
4027,63,1,1,1.00000
4028,63,1,1,1.00000
4029,63,1,1,1.00000
4030,63,1,1,1.00000
4031,63,1,1,1.00000
4032,63,1,1,1.00000
4033,63,1,1,1.00000
4034,63,1,1,1.00000
4035,63,1,1,1.00000
4036,63,1,1,1.00000
4073,62,2,1,1.00000
4093,62,2,1,1.00000
4094,62,2,1,1.00000
4095,62,2,1,1.00000
4097,62,2,1,1.00000
4098,62,2,1,1.00000
4099,62,2,1,1.00000
4100,62,2,1,1.00000
4101,62,2,1,1.00000
4102,62,2,1,1.00000
4103,62,2,1,1.00000
4104,62,2,1,1.00000
4105,62,2,1,1.00000
4106,62,2,1,1.00000
4589,65,2,1,1.00000
4596,65,2,1,1.00000
4599,65,2,1,1.00000
4605,65,2,1,1.00000
4606,65,2,1,1.00000
4608,65,2,1,1.00000
4611,65,2,1,1.00000
4931,103,1,1,1.00000
6753,108,1,0,0.00506
10718,95,0,1,1.00000
10719,95,0,1,1.00000
10720,95,0,1,1.00000
10721,95,0,1,1.00000
10722,95,0,1,1.00000
10723,95,0,1,1.00000
10724,95,0,1,1.00000
10725,95,0,1,1.00000
10726,95,0,1,1.00000
10727,95,0,1,1.00000
10728,95,0,1,1.00000
10729,95,0,1,1.00000
10730,95,0,1,0.99989
10731,95,0,1,1.00000
10732,95,0,1,0.99997
10807,95,0,0,0.00011
10812,95,0,0,0.00000
10862,95,0,0,0.00004
10901,95,0,0,0.07185
10904,95,0,0,0.05943
13274,107,2,1,1.00000
13476,525,4,1,1.00000
13477,525,4,1,1.00000
13478,525,4,1,1.00000
13479,525,4,1,1.00000
13480,525,4,1,1.00000
13481,525,4,1,1.00000
13482,525,4,1,1.00000
13483,525,4,1,1.00000
13484,525,4,1,1.00000
13485,525,4,1,1.00000
13486,525,4,1,1.00000
13488,526,3,1,1.00000
13493,526,3,1,1.00000
14570,87,0,1,1.00000
14572,87,0,1,1.00000
14574,87,0,1,1.00000
14575,87,0,1,1.00000
14576,87,0,1,1.00000
14577,87,0,1,1.00000
14582,87,0,1,1.00000
14776,87,0,1,1.00000
15831,114,2,1,1.00000
15836,114,2,1,1.00000
16030,114,2,1,1.00000
16032,114,2,1,1.00000
17099,90,0,0,0.00009
17674,94,3,1,1.00000
17675,94,3,1,1.00000
17677,94,3,1,1.00000
17678,94,3,1,1.00000
17679,94,3,1,1.00000
17680,94,3,1,1.00000
17681,94,3,1,1.00000
17723,94,3,0,0.00000
18667,145,3,1,1.00000
18675,145,3,1,1.00000
18678,145,3,1,1.00000
18683,145,3,1,1.00000
18695,145,3,1,0.08632
18699,145,3,1,0.11879
18866,129,0,1,1.00000
18868,129,0,1,1.00000
18869,129,0,1,1.00000
19718,138,2,0,0.00003
19745,138,2,0,0.01364
19878,138,2,0,0.05470
22098,124,2,0,0.02338
25129,127,4,0,0.00002
25418,137,2,1,1.00000
25419,137,2,1,1.00000
25420,137,2,1,1.00000
25421,137,2,1,1.00000
25422,137,2,1,1.00000
25423,137,2,1,1.00000
25424,137,2,1,1.00000
25425,137,2,1,1.00000
25426,137,2,1,1.00000
25427,137,2,1,1.00000
25458,137,2,0,0.00014
25460,137,2,0,0.00017
25475,137,2,0,0.00011
25489,137,2,0,0.00516
25537,137,2,0,0.00002
25549,137,2,0,0.00006
25552,137,2,0,0.00005
25566,137,2,0,0.00007
25578,137,2,0,0.00010
26373,118,2,1,1.00000
26384,118,2,1,1.00000
26941,172,2,1,1.00000
26982,172,2,0,0.00004
28655,125,1,1,1.00000
28661,125,1,1,1.00000
28663,125,1,1,1.00000
28665,125,1,1,1.00000
32668,116,0,1,1.00000
32845,133,1,1,1.00000
33419,164,1,0,0.00007
33515,164,1,1,1.00000
33639,164,1,0,0.04170
35023,160,3,1,1.00000
35161,160,3,0,0.00238
35945,152,4,0,0.00596
37028,126,4,0,0.00009
37567,126,4,0,0.00388
39739,179,3,1,1.00000
41672,194,2,1,1.00000
41981,194,2,1,1.00000
43599,204,4,1,1.00000
49422,195,1,0,0.00014
50308,205,2,1,1.00000
50309,205,2,1,1.00000
50312,205,2,1,1.00000
50319,205,2,1,1.00000
51852,192,1,1,1.00000
52721,182,0,1,1.00000
52722,182,0,1,1.00000
52776,182,0,1,1.00000
52901,187,4,1,1.00000
52902,187,4,1,1.00000
52903,187,4,1,1.00000
52904,187,4,1,1.00000
52905,187,4,1,1.00000
52906,187,4,1,1.00000
52907,187,4,1,1.00000
52908,187,4,1,1.00000
52909,187,4,1,1.00000
52910,187,4,1,1.00000
52911,187,4,1,1.00000
52912,187,4,1,1.00000
52913,187,4,1,1.00000
52914,187,4,1,1.00000
52915,187,4,1,1.00000
52916,187,4,1,1.00000
52917,187,4,1,1.00000
52918,187,4,1,1.00000
52919,187,4,1,1.00000
52951,187,4,0,0.00001
52966,187,4,0,0.00000
52972,187,4,1,1.00000
52973,187,4,1,1.00000
52974,187,4,1,1.00000
52975,187,4,1,1.00000
52976,187,4,1,1.00000
52977,187,4,1,1.00000
52978,187,4,1,1.00000
52979,187,4,1,1.00000
52980,187,4,1,1.00000
52981,187,4,1,1.00000
52982,187,4,1,1.00000
52983,187,4,1,1.00000
52984,187,4,1,1.00000
52985,187,4,1,1.00000
52986,187,4,1,1.00000
52987,187,4,1,1.00000
52988,187,4,1,1.00000
52989,187,4,1,1.00000
53171,186,4,1,1.00000
53214,186,4,0,0.00001
53649,183,1,1,1.00000
53654,183,1,1,1.00000
53658,183,1,1,1.00000
54168,231,4,1,1.00000
58447,223,1,0,0.00000
59238,225,0,1,1.00000
59261,225,0,1,1.00000
59269,225,0,1,1.00000
59273,225,0,1,1.00000
61527,227,1,1,1.00000
61528,227,1,1,1.00000
61529,227,1,1,1.00000
61530,227,1,1,1.00000
61531,227,1,1,1.00000
61532,227,1,1,1.00000
61533,227,1,1,1.00000
61534,227,1,1,1.00000
61535,227,1,1,1.00000
61536,227,1,1,1.00000
61537,227,1,1,1.00000
61538,227,1,1,1.00000
61539,227,1,1,1.00000
61540,227,1,1,1.00000
61604,227,1,0,0.00003
61613,227,1,0,0.00712
61614,227,1,0,0.00129
61618,227,1,0,0.03192
61620,227,1,0,0.00927
61622,227,1,1,1.00000
61623,227,1,1,1.00000
61624,227,1,1,1.00000
61625,227,1,1,1.00000
61626,227,1,1,1.00000
61627,227,1,1,1.00000
61628,227,1,1,1.00000
61629,227,1,1,1.00000
61630,227,1,1,1.00000
61631,227,1,1,1.00000
61632,227,1,1,1.00000
61633,227,1,1,1.00000
61634,227,1,1,1.00000
61635,227,1,1,1.00000
61636,227,1,1,1.00000
61637,227,1,1,1.00000
61638,227,1,1,1.00000
61639,227,1,1,1.00000
61640,227,1,1,1.00000
61641,227,1,1,1.00000
61642,227,1,1,1.00000
61643,227,1,1,1.00000
61644,227,1,1,1.00000
61645,227,1,1,1.00000
61646,227,1,1,1.00000
61647,227,1,1,1.00000
61648,227,1,1,1.00000
61649,227,1,1,1.00000
61650,227,1,1,1.00000
61651,227,1,1,1.00000
61652,227,1,1,1.00000
61653,227,1,1,1.00000
61654,227,1,1,1.00000
61655,227,1,1,1.00000
61656,227,1,1,1.00000
61657,227,1,1,1.00000
61658,227,1,1,1.00000
61659,227,1,1,1.00000
61660,227,1,1,1.00000
61661,227,1,1,1.00000
61662,227,1,1,1.00000
61663,227,1,1,1.00000
61664,227,1,1,1.00000
61665,227,1,1,1.00000
61666,227,1,1,1.00000
61782,227,1,0,0.00001
61826,227,1,0,0.00002
61900,227,1,0,0.00016
61904,227,1,0,0.00137
61927,227,1,0,0.00039
61963,227,1,0,0.00000
61985,227,1,0,0.00001
62096,227,1,1,0.99998
62097,227,1,1,0.99999
62098,227,1,1,0.99997
62099,227,1,1,0.99998
62100,227,1,1,0.99998
62101,227,1,1,0.99995
62102,227,1,1,0.99991
62103,227,1,1,1.00000
62104,227,1,1,1.00000
62105,227,1,1,1.00000
62106,227,1,1,1.00000
62107,227,1,1,1.00000
62108,227,1,1,1.00000
62109,227,1,1,1.00000
62110,227,1,1,1.00000
62111,227,1,1,1.00000
62112,227,1,1,1.00000
62113,227,1,1,1.00000
62114,227,1,1,1.00000
62115,227,1,1,1.00000
62116,227,1,1,1.00000
62117,227,1,1,1.00000
62118,227,1,1,1.00000
62119,227,1,1,1.00000
62120,227,1,1,1.00000
62121,227,1,1,1.00000
62122,227,1,1,1.00000
62123,227,1,1,1.00000
62124,227,1,1,1.00000
62125,227,1,1,1.00000
62126,227,1,1,1.00000
62127,227,1,1,1.00000
62128,227,1,1,1.00000
62129,227,1,1,1.00000
62130,227,1,1,1.00000
62131,227,1,1,1.00000
62132,227,1,1,1.00000
62133,227,1,1,1.00000
62134,227,1,1,1.00000
62135,227,1,1,1.00000
62136,227,1,1,1.00000
62137,227,1,1,1.00000
62138,227,1,1,1.00000
62139,227,1,1,1.00000
62140,227,1,1,1.00000
62141,227,1,1,1.00000
62142,227,1,1,1.00000
62143,227,1,1,1.00000
62144,227,1,1,1.00000
62145,227,1,1,1.00000
62146,227,1,1,1.00000
62147,227,1,1,1.00000
62318,227,1,0,0.00084
62341,227,1,0,0.00000
62363,227,1,0,0.00000
62377,227,1,0,0.00010
66061,249,0,1,1.00000
66661,240,4,1,1.00000
66670,240,4,1,1.00000
66988,240,4,1,1.00000
68173,244,0,1,1.00000
68199,244,0,1,1.00000
68481,237,2,1,1.00000
73099,250,3,1,1.00000
73101,250,3,1,1.00000
73105,250,3,1,1.00000
73350,250,3,1,1.00000
73894,252,3,1,1.00000
73895,252,3,1,1.00000
73896,252,3,1,1.00000
73897,252,3,1,1.00000
73917,253,4,1,1.00000
73920,253,4,1,1.00000
74208,253,4,0,0.01609
74440,254,1,1,1.00000
74923,257,2,1,1.00000
75614,268,2,1,1.00000
75625,268,2,1,1.00000
75629,268,2,1,1.00000
75641,268,2,0,0.00007
76102,263,2,1,1.00000
76242,263,2,1,1.00000
76246,263,2,1,1.00000
78496,269,3,1,1.00000
78498,269,3,1,1.00000
78542,269,3,1,1.00000
78545,269,3,1,1.00000
79602,256,4,0,0.00000
80435,262,4,1,1.00000
80436,262,4,1,1.00000
80437,262,4,1,1.00000
80438,262,4,1,1.00000
80439,262,4,1,1.00000
80440,262,4,1,1.00000
80441,262,4,1,1.00000
80525,262,4,0,0.00001
80536,262,4,0,0.00000
80623,262,4,0,0.00000
80650,262,4,0,0.00001
80677,262,4,0,0.00001
81406,290,0,1,1.00000
81633,290,0,1,1.00000
81646,290,0,1,1.00000
81908,286,4,1,1.00000
81909,286,4,1,1.00000
81910,286,4,1,1.00000
81911,286,4,1,1.00000
81912,286,4,1,1.00000
81913,286,4,1,1.00000
81914,286,4,1,1.00000
81915,286,4,1,1.00000
81916,286,4,1,1.00000
81917,286,4,1,1.00000
81918,286,4,1,1.00000
81919,286,4,1,1.00000
81920,286,4,1,1.00000
81921,286,4,1,1.00000
81922,286,4,1,1.00000
81923,286,4,1,1.00000
81924,286,4,1,1.00000
81925,286,4,1,1.00000
81926,286,4,1,1.00000
81927,286,4,1,1.00000
81964,286,4,0,0.00000
81989,286,4,0,0.00000
82018,286,4,0,0.01142
82033,286,4,0,0.00000
82087,286,4,0,0.00001
82156,286,4,0,0.00001
82165,286,4,0,0.00003
82168,286,4,0,0.00000
82289,286,4,0,0.00000
82292,286,4,0,0.00000
82343,286,4,0,0.00000
84568,280,0,1,1.00000
84912,284,3,1,1.00000
84922,284,3,1,1.00000
84929,284,3,1,1.00000
85371,289,1,1,1.00000
85376,289,1,1,1.00000
85755,294,3,1,1.00000
85756,294,3,1,1.00000
85758,294,3,1,1.00000
85818,295,2,0,0.02557
89300,299,0,0,0.00001
91580,305,4,0,0.00005
91595,305,4,1,1.00000
91744,317,2,1,1.00000
91748,317,2,1,1.00000
91847,317,2,1,1.00000
92210,320,0,1,1.00000
92219,320,0,1,1.00000
93557,319,0,1,1.00000
93559,319,0,1,1.00000
93561,319,0,1,1.00000
93673,316,0,1,1.00000
94897,332,4,1,1.00000
95207,329,2,1,1.00000
95210,329,2,1,1.00000
95212,329,2,1,1.00000
95263,329,2,1,1.00000
97840,334,1,1,1.00000
100188,337,1,1,0.99975
100889,340,0,1,1.00000
100905,340,0,1,1.00000
100908,340,0,1,1.00000
100917,340,0,1,1.00000
101058,340,0,1,1.00000
101852,344,3,0,0.00001
101880,344,3,1,0.99934
101891,344,3,1,1.00000
101914,344,3,1,1.00000
102390,346,1,1,1.00000
102491,346,1,1,1.00000
102496,348,3,1,1.00000
102502,348,3,1,1.00000
102504,348,3,1,1.00000
102505,348,3,1,1.00000
102507,348,3,1,1.00000
102508,348,3,1,1.00000
102519,348,3,1,0.99320
102520,348,3,1,0.66530
102708,343,3,1,1.00000
102709,343,3,1,1.00000
102712,343,3,1,1.00000
102715,343,3,1,1.00000
102718,343,3,1,1.00000
103396,350,1,1,1.00000
103412,350,1,1,1.00000
103413,350,1,1,1.00000
103427,350,1,1,1.00000
103458,350,1,0,0.00020
104323,357,1,0,0.07752
105340,354,1,0,0.00109
106015,358,4,1,1.00000
106022,358,4,1,1.00000
106084,358,4,1,1.00000
106093,358,4,1,1.00000
106095,353,1,1,1.00000
106107,353,1,1,1.00000
106108,353,1,1,1.00000
106142,353,1,1,1.00000
106171,361,3,1,1.00000
106548,361,3,1,1.00000
106570,360,4,1,1.00000
106586,360,4,1,1.00000
106651,364,0,1,1.00000
106653,364,0,1,1.00000
106655,364,0,1,1.00000
106656,364,0,1,1.00000
106657,364,0,1,1.00000
106658,364,0,1,1.00000
106666,364,0,0,0.03265
106685,369,0,1,1.00000
106686,369,0,1,1.00000
106687,369,0,1,1.00000
106697,369,0,0,0.01560
106698,369,0,0,0.00758
106709,369,0,0,0.00007
106731,369,0,0,0.00011
106737,369,0,0,0.00021
110636,363,3,1,1.00000
110642,363,3,1,1.00000
110706,363,3,1,1.00000
110782,374,2,1,0.63409
110815,374,2,1,1.00000
110907,378,3,1,1.00000
111228,375,1,0,0.00065
111330,381,1,1,1.00000
111687,376,4,1,1.00000
111689,376,4,1,0.99906
111690,376,4,1,0.98599
111691,376,4,1,0.99819
111707,379,0,1,1.00000
111716,379,0,1,1.00000
111976,387,3,1,1.00000
112919,386,3,1,1.00000
112922,386,3,1,1.00000
112964,385,3,1,1.00000
113163,388,1,1,0.99855
113188,388,1,1,0.99886
113492,384,3,1,1.00000
113497,389,1,1,1.00000
113545,389,1,1,1.00000
113549,389,1,1,1.00000
113552,389,1,1,1.00000
113553,389,1,1,1.00000
113557,390,0,1,0.11163
113584,391,1,1,0.99997
113587,391,1,1,1.00000
113933,393,4,1,1.00000
113935,393,4,1,1.00000
113938,394,2,1,1.00000
113939,394,2,1,1.00000
113954,394,2,1,1.00000
114083,396,0,1,1.00000
114105,395,0,1,1.00000
114115,395,0,0,0.00000
114814,397,1,1,1.00000
114833,400,3,1,1.00000
115305,402,3,1,1.00000
115910,406,0,1,1.00000
116360,408,1,1,1.00000
116365,408,1,1,1.00000
116488,409,3,1,1.00000
117222,411,0,0,0.00000
117385,412,1,1,1.00000
117603,415,4,1,1.00000
117613,416,1,1,1.00000
117699,414,1,1,1.00000
117814,414,1,1,1.00000
117903,413,2,1,1.00000
117904,413,2,1,1.00000
117905,413,2,1,1.00000
117906,413,2,1,1.00000
117913,410,4,1,1.00000
117915,410,4,1,1.00000
117932,410,4,0,0.00000
118193,419,1,1,1.00000
118195,419,1,1,1.00000
118196,419,1,1,1.00000
118198,419,1,1,1.00000
118199,419,1,1,1.00000
118200,419,1,1,1.00000
118204,419,1,1,1.00000
118583,424,0,0,0.00000
118610,427,3,1,1.00000
118611,427,3,1,1.00000
118612,427,3,1,1.00000
118613,427,3,1,1.00000
118614,427,3,1,1.00000
118615,427,3,1,1.00000
118616,427,3,1,0.03138
118617,427,3,1,0.98971
118618,427,3,1,0.95328
118619,427,3,1,0.98752
118620,427,3,1,0.99963
118621,427,3,1,0.99981
118622,427,3,1,0.99999
118623,427,3,1,0.99997
118624,427,3,1,0.99999
118627,427,3,1,0.99997
118628,427,3,1,0.99280
118661,427,3,0,0.00504
118698,427,3,0,0.04922
118746,427,3,0,0.00002
118796,427,3,0,0.00007
118803,427,3,0,0.00025
118827,427,3,0,0.00006
118832,427,3,1,1.00000
118833,427,3,1,1.00000
118834,427,3,1,1.00000
118835,427,3,1,1.00000
118836,427,3,1,1.00000
118837,427,3,1,1.00000
118838,427,3,1,1.00000
118839,427,3,1,1.00000
118840,427,3,1,1.00000
118841,427,3,1,1.00000
118842,427,3,1,1.00000
118843,427,3,1,1.00000
118844,427,3,1,1.00000
118845,427,3,1,1.00000
118846,427,3,1,1.00000
118847,427,3,1,1.00000
118848,427,3,1,1.00000
118849,427,3,1,1.00000
118850,427,3,1,1.00000
118851,427,3,1,1.00000
119269,423,1,0,0.00001
119847,429,4,1,1.00000
119849,429,4,1,1.00000
119865,429,4,1,0.99999
119870,428,4,1,0.93021
119871,428,4,1,0.99876
119872,428,4,1,0.84997
119873,428,4,1,1.00000
119877,431,4,1,0.99959
119878,431,4,1,0.92414
119949,433,1,1,1.00000
120096,434,2,1,0.99960
120097,434,2,1,0.98208
120200,430,3,1,1.00000
120205,441,0,1,1.00000
120213,441,0,1,1.00000
120214,441,0,1,1.00000
120315,441,0,1,1.00000
120347,440,1,1,1.00000
121520,435,1,1,1.00000
121521,435,1,1,1.00000
121543,435,1,1,0.97707
121550,438,1,1,0.99999
121570,438,1,1,0.99986
121789,436,1,1,1.00000
121790,436,1,1,1.00000
121798,436,1,1,1.00000
121841,436,1,0,0.00005
121881,436,1,0,0.00008
121902,436,1,0,0.00011
121906,436,1,0,0.00022
121932,436,1,1,1.00000
122136,439,0,1,1.00000
123136,446,2,1,1.00000
123314,448,1,0,0.00078
124082,449,3,1,1.00000
124087,449,3,1,1.00000
124089,449,3,1,1.00000
124099,449,3,0,0.00020
124124,447,1,1,1.00000
124185,447,1,0,0.00064
125185,444,4,1,1.00000
125241,444,4,1,1.00000
125243,444,4,1,1.00000
125313,450,3,1,1.00000
125335,450,3,1,1.00000
125341,450,3,0,0.02096
125424,450,3,1,1.00000
125437,450,3,0,0.06442
125456,452,0,1,1.00000
125474,452,0,0,0.00039
125819,451,0,0,0.01653
125821,451,0,0,0.05582
125850,451,0,0,0.17610
125871,458,4,1,1.00000
126113,456,0,1,1.00000
126870,457,4,0,0.00000
126935,453,2,1,1.00000
127177,453,2,1,1.00000
127195,462,1,1,0.99999
127389,463,3,1,1.00000
127808,461,3,1,1.00000
127985,461,3,0,0.00004
128406,455,4,1,1.00000
128426,455,4,1,1.00000
128604,459,0,1,1.00000
128630,454,0,1,1.00000
129136,460,3,1,1.00000
129482,479,3,1,1.00000
129483,479,3,1,1.00000
129579,479,3,1,1.00000
129589,472,4,1,1.00000
129807,472,4,1,1.00000
130065,464,0,1,1.00000
130074,468,1,1,1.00000
130106,469,1,1,0.99999
130258,467,0,1,1.00000
130263,467,0,1,1.00000
130279,473,0,1,1.00000
130280,473,0,0,0.01809
130281,473,0,0,0.01609
130312,473,0,1,1.00000
130315,473,0,1,1.00000
130317,476,4,1,1.00000
130343,476,4,1,1.00000
130552,475,2,0,0.00382
130668,475,2,1,1.00000
130728,478,3,1,1.00000
130734,478,3,1,1.00000
130801,470,2,1,1.00000
130826,470,2,1,1.00000
130956,470,2,0,0.00043
131436,480,1,0,0.00000
131458,480,1,0,0.15304
131500,483,1,0,0.00000
132430,499,4,0,0.11417
133349,510,3,1,0.99953
133351,510,3,1,0.99703
133988,520,4,0,0.00264
134001,520,4,0,0.00001
134069,521,0,0,0.00000
134099,521,0,0,0.00000
134105,521,0,0,0.00000
