laser_label_id,dive_id,image_id,image_path,x,y,label,superseded
3217,83,3145,2024.06.20.REEF/08_2023/082923_Pool Calibration/082929_Slate_FSL07/P8290018.ORF,2033.5409992784394,1338.208678754614,Red Laser,f
6823,83,3146,2024.06.20.REEF/08_2023/082923_Pool Calibration/082929_Slate_FSL07/P8290017.ORF,2027.851974917052,1339.0890159595936,Red Laser,t
22042,83,3147,2024.06.20.REEF/08_2023/082923_Pool Calibration/082929_Slate_FSL07/P8290019.ORF,2037.1476521497834,1340.5636478098636,Green Laser,f
6818,83,3148,2024.06.20.REEF/08_2023/082923_Pool Calibration/082929_Slate_FSL07/P8290021.ORF,2032.9628883172818,1336.4491605605717,Red Laser,f
21772,83,3149,2024.06.20.REEF/08_2023/082923_Pool Calibration/082929_Slate_FSL07/P8290020.ORF,2033.747951663048,1335.2083538401089,Red Laser,f
6808,83,3150,2024.06.20.REEF/08_2023/082923_Pool Calibration/082929_Slate_FSL07/P8290022.ORF,2032.810180327899,1336.6706856631727,Green Laser,f
3424,83,3151,2024.06.20.REEF/08_2023/082923_Pool Calibration/082929_Slate_FSL07/P8290024.ORF,2033.6769228369187,1334.8844938803782,Red Laser,f
6992,83,3152,2024.06.20.REEF/08_2023/082923_Pool Calibration/082929_Slate_FSL07/P8290023.ORF,,,,f
21770,83,3153,2024.06.20.REEF/08_2023/082923_Pool Calibration/082929_Slate_FSL07/P8290025.ORF,2034.187886451979,1334.4889934650623,Red Laser,f
6833,83,3154,2024.06.20.REEF/08_2023/082923_Pool Calibration/082929_Slate_FSL07/P8290026.ORF,2033.8651557193284,1338.5700430810925,Red Laser,f
6564,83,3155,2024.06.20.REEF/08_2023/082923_Pool Calibration/082929_Slate_FSL07/P8290029.ORF,2049.067021209326,1385.6007362026044,Red Laser,f
24909,83,3156,2024.06.20.REEF/08_2023/082923_Pool Calibration/082929_Slate_FSL07/P8290031.ORF,2049.039780299601,1386.6841673286915,Red Laser,f
24890,83,3157,2024.06.20.REEF/08_2023/082923_Pool Calibration/082929_Slate_FSL07/P8290030.ORF,2051.1053321586896,1388.9607342790957,Red Laser,f
23768,83,3158,2024.06.20.REEF/08_2023/082923_Pool Calibration/082929_Slate_FSL07/P8290028.ORF,2049.9268507483985,1388.197084222549,Green Laser,f
22694,83,3159,2024.06.20.REEF/08_2023/082923_Pool Calibration/082929_Slate_FSL07/P8290027.ORF,2048.365413422578,1386.900353887638,Red Laser,f
24912,83,3160,2024.06.20.REEF/08_2023/082923_Pool Calibration/082929_Slate_FSL07/P8290032.ORF,2049.5132773667715,1384.604625999252,Red Laser,f
546,83,3161,2024.06.20.REEF/08_2023/082923_Pool Calibration/082929_Slate_FSL07/P8290033.ORF,2049.366155833403,1388.392841028287,Green Laser,f
18743,83,3162,2024.06.20.REEF/08_2023/082923_Pool Calibration/082929_Slate_FSL07/P8290034.ORF,2050.5092396812533,1390.3407290458265,Red Laser,f
6809,83,3163,2024.06.20.REEF/08_2023/082923_Pool Calibration/082929_Slate_FSL07/P8290035.ORF,2051.0293557925916,1388.7392308053015,Red Laser,f
6919,83,3164,2024.06.20.REEF/08_2023/082923_Pool Calibration/082929_Slate_FSL07/P8290036.ORF,2050.23489925348,1388.7306267516376,Red Laser,f
22902,83,3165,2024.06.20.REEF/08_2023/082923_Pool Calibration/082929_Slate_FSL07/P8290037.ORF,2054.632321839603,1410.794992665114,Red Laser,f
22059,83,3166,2024.06.20.REEF/08_2023/082923_Pool Calibration/082929_Slate_FSL07/P8290039.ORF,2055.4987289578917,1410.7347350275495,Green Laser,f
25507,83,3167,2024.06.20.REEF/08_2023/082923_Pool Calibration/082929_Slate_FSL07/P8290038.ORF,2055.140273310064,1408.8604964213237,Red Laser,f
6663,83,3168,2024.06.20.REEF/08_2023/082923_Pool Calibration/082929_Slate_FSL07/P8290040.ORF,2054.2623579450124,1410.1298764189487,Green Laser,f
8389,83,3169,2024.06.20.REEF/08_2023/082923_Pool Calibration/082929_Slate_FSL07/P8290041.ORF,,,,f
61891,83,3170,2024.06.20.REEF/08_2023/082923_Pool Calibration/082929_Slate_FSL07/P8290042.ORF,,,,f
6563,83,3171,2024.06.20.REEF/08_2023/082923_Pool Calibration/082929_Slate_FSL07/P8290043.ORF,2056.7395538943747,1413.7248359610073,Red Laser,f
20610,83,3172,2024.06.20.REEF/08_2023/082923_Pool Calibration/082929_Slate_FSL07/P8290044.ORF,2056.066875027883,1415.2691492441618,Red Laser,f
67884,83,3173,2024.06.20.REEF/08_2023/082923_Pool Calibration/082929_Slate_FSL07/P8290045.ORF,,,,f
60248,83,3174,2024.06.20.REEF/08_2023/082923_Pool Calibration/082929_Slate_FSL07/P8290046.ORF,2075.7707620068663,1452.6809865842529,Red Laser,t
23651,83,3175,2024.06.20.REEF/08_2023/082923_Pool Calibration/082929_Slate_FSL07/P8290047.ORF,2064.0378363012924,1436.3072601461126,Red Laser,f
24915,83,3176,2024.06.20.REEF/08_2023/082923_Pool Calibration/082929_Slate_FSL07/P8290048.ORF,2063.3548965446253,1434.3144719091467,Green Laser,f
20597,83,3177,2024.06.20.REEF/08_2023/082923_Pool Calibration/082929_Slate_FSL07/P8290049.ORF,2063.929647300896,1435.3016087407927,Red Laser,f
372,83,3178,2024.06.20.REEF/08_2023/082923_Pool Calibration/082929_Slate_FSL07/P8290051.ORF,,,,f
377,83,3179,2024.06.20.REEF/08_2023/082923_Pool Calibration/082929_Slate_FSL07/P8290050.ORF,,,,f
66779,83,3180,2024.06.20.REEF/08_2023/082923_Pool Calibration/082929_Slate_FSL07/P8290053.ORF,2029.3086948641258,1373.664582721107,Red Laser,t
294,83,3181,2024.06.20.REEF/08_2023/082923_Pool Calibration/082929_Slate_FSL07/P8290052.ORF,,,,f
67614,83,3182,2024.06.20.REEF/08_2023/082923_Pool Calibration/082929_Slate_FSL07/P8290056.ORF,,,,f
192,83,3183,2024.06.20.REEF/08_2023/082923_Pool Calibration/082929_Slate_FSL07/P8290054.ORF,,,,f
66413,83,3184,2024.06.20.REEF/08_2023/082923_Pool Calibration/082929_Slate_FSL07/P8290055.ORF,1987.9985233554626,1475.900810788959,Green Laser,t
67885,83,3185,2024.06.20.REEF/08_2023/082923_Pool Calibration/082929_Slate_FSL07/P8290057.ORF,,,,f
66458,83,3186,2024.06.20.REEF/08_2023/082923_Pool Calibration/082929_Slate_FSL07/P8290058.ORF,1933.5286889083459,1573.6354153921068,Green Laser,t
60002,83,3187,2024.06.20.REEF/08_2023/082923_Pool Calibration/082929_Slate_FSL07/P8290060.ORF,1765.2317210189185,1506.5214238968,Green Laser,t
6817,83,3188,2024.06.20.REEF/08_2023/082923_Pool Calibration/082929_Slate_FSL07/P8290059.ORF,1666.6332515982588,1567.9386994432498,Green Laser,t
62455,83,3189,2024.06.20.REEF/08_2023/082923_Pool Calibration/082929_Slate_FSL07/P8290061.ORF,,,,f
67425,83,3190,2024.06.20.REEF/08_2023/082923_Pool Calibration/082929_Slate_FSL07/P8290062.ORF,,,,f
62257,83,3191,2024.06.20.REEF/08_2023/082923_Pool Calibration/082929_Slate_FSL07/P8290065.ORF,,,,f
317,83,3192,2024.06.20.REEF/08_2023/082923_Pool Calibration/082929_Slate_FSL07/P8290063.ORF,,,,f
2297,83,3193,2024.06.20.REEF/08_2023/082923_Pool Calibration/082929_Slate_FSL07/P8290064.ORF,,,,f
26851,80,3243,2024.06.20.REEF/08_2023/082923_Pool Calibration/082929_Slate_FSL06/P8290014.ORF,2055.7849973688785,1327.110312197257,Red Laser,t
26854,80,3244,2024.06.20.REEF/08_2023/082923_Pool Calibration/082929_Slate_FSL06/P8290015.ORF,2060.1940332239897,1322.5021375845963,Red Laser,f
26863,80,3245,2024.06.20.REEF/08_2023/082923_Pool Calibration/082929_Slate_FSL06/P8290017.ORF,2062.672556763087,1329.2135818306465,Red Laser,f
26867,80,3246,2024.06.20.REEF/08_2023/082923_Pool Calibration/082929_Slate_FSL06/P8290018.ORF,2063.579472508676,1328.3942385977302,Red Laser,f
26872,80,3247,2024.06.20.REEF/08_2023/082923_Pool Calibration/082929_Slate_FSL06/P8290019.ORF,2061.98538575083,1329.1520609903778,Red Laser,f
26858,80,3248,2024.06.20.REEF/08_2023/082923_Pool Calibration/082929_Slate_FSL06/P8290016.ORF,2062.021124738904,1327.97867393012,Red Laser,f
26881,80,3249,2024.06.20.REEF/08_2023/082923_Pool Calibration/082929_Slate_FSL06/P8290021.ORF,2063.2325746957154,1333.7529966821867,Red Laser,f
26886,80,3250,2024.06.20.REEF/08_2023/082923_Pool Calibration/082929_Slate_FSL06/P8290022.ORF,2062.8682160825965,1336.0361595002462,Red Laser,f
66048,80,3251,2024.06.20.REEF/08_2023/082923_Pool Calibration/082929_Slate_FSL06/P8290020.ORF,2069.260906466956,1385.2033499692063,Green Laser,t
66860,80,3252,2024.06.20.REEF/08_2023/082923_Pool Calibration/082929_Slate_FSL06/P8290025.ORF,,,,f
56184,80,3253,2024.06.20.REEF/08_2023/082923_Pool Calibration/082929_Slate_FSL06/P8290024.ORF,2080.1968741994765,1385.8098004762928,Red Laser,f
26890,80,3254,2024.06.20.REEF/08_2023/082923_Pool Calibration/082929_Slate_FSL06/P8290023.ORF,2079.667927901019,1385.4728360388572,Red Laser,f
66861,80,3255,2024.06.20.REEF/08_2023/082923_Pool Calibration/082929_Slate_FSL06/P8290026.ORF,,,,f
26909,80,3256,2024.06.20.REEF/08_2023/082923_Pool Calibration/082929_Slate_FSL06/P8290028.ORF,2078.250019631743,1389.9208424598223,Red Laser,f
26919,80,3257,2024.06.20.REEF/08_2023/082923_Pool Calibration/082929_Slate_FSL06/P8290030.ORF,2079.7771150061235,1388.475522208608,Red Laser,f
26904,80,3258,2024.06.20.REEF/08_2023/082923_Pool Calibration/082929_Slate_FSL06/P8290027.ORF,2079.696291243623,1390.890748135898,Red Laser,f
26914,80,3259,2024.06.20.REEF/08_2023/082923_Pool Calibration/082929_Slate_FSL06/P8290029.ORF,2079.7981051369816,1389.4021725465914,Red Laser,f
26924,80,3260,2024.06.20.REEF/08_2023/082923_Pool Calibration/082929_Slate_FSL06/P8290031.ORF,2082.1937537624945,1389.1180115268905,Red Laser,f
26927,80,3261,2024.06.20.REEF/08_2023/082923_Pool Calibration/082929_Slate_FSL06/P8290032.ORF,2080.59841411382,1389.9435294745872,Red Laser,f
26931,80,3262,2024.06.20.REEF/08_2023/082923_Pool Calibration/082929_Slate_FSL06/P8290033.ORF,2090.86444127759,1425.966315409291,Red Laser,f
26934,80,3263,2024.06.20.REEF/08_2023/082923_Pool Calibration/082929_Slate_FSL06/P8290034.ORF,2090.8116723098115,1424.525196089179,Red Laser,f
26949,80,3264,2024.06.20.REEF/08_2023/082923_Pool Calibration/082929_Slate_FSL06/P8290038.ORF,2089.2966707479013,1425.3101127992443,Red Laser,f
26943,80,3265,2024.06.20.REEF/08_2023/082923_Pool Calibration/082929_Slate_FSL06/P8290036.ORF,2089.083200523005,1426.101698010859,Red Laser,f
26938,80,3266,2024.06.20.REEF/08_2023/082923_Pool Calibration/082929_Slate_FSL06/P8290035.ORF,2090.481726180667,1423.130326165005,Red Laser,f
26947,80,3267,2024.06.20.REEF/08_2023/082923_Pool Calibration/082929_Slate_FSL06/P8290037.ORF,2090.2758982714527,1425.1391483848167,Red Laser,f
26957,80,3268,2024.06.20.REEF/08_2023/082923_Pool Calibration/082929_Slate_FSL06/P8290041.ORF,2089.833932262578,1423.8353391948012,Red Laser,f
26959,80,3269,2024.06.20.REEF/08_2023/082923_Pool Calibration/082929_Slate_FSL06/P8290042.ORF,2090.307821015101,1420.3366769497466,Red Laser,f
26955,80,3270,2024.06.20.REEF/08_2023/082923_Pool Calibration/082929_Slate_FSL06/P8290040.ORF,2090.9570841295426,1425.9285219325543,Red Laser,f
26952,80,3271,2024.06.20.REEF/08_2023/082923_Pool Calibration/082929_Slate_FSL06/P8290039.ORF,2091.132246189784,1424.2125867776529,Red Laser,f
66884,80,3272,2024.06.20.REEF/08_2023/082923_Pool Calibration/082929_Slate_FSL06/P8290043.ORF,,,,f
66887,80,3273,2024.06.20.REEF/08_2023/082923_Pool Calibration/082929_Slate_FSL06/P8290044.ORF,,,,f
66076,80,3274,2024.06.20.REEF/08_2023/082923_Pool Calibration/082929_Slate_FSL06/P8290046.ORF,2145.1931058684604,1426.6671318992353,Green Laser,t
66891,80,3275,2024.06.20.REEF/08_2023/082923_Pool Calibration/082929_Slate_FSL06/P8290045.ORF,,,,f
26965,80,3276,2024.06.20.REEF/08_2023/082923_Pool Calibration/082929_Slate_FSL06/P8290047.ORF,2097.933834478349,1448.5261167732629,Red Laser,f
56357,80,3277,2024.06.20.REEF/08_2023/082923_Pool Calibration/082929_Slate_FSL06/P8290048.ORF,2098.7868794997353,1449.7662131191628,Red Laser,f
26975,80,3278,2024.06.20.REEF/08_2023/082923_Pool Calibration/082929_Slate_FSL06/P8290050.ORF,2097.747634148163,1448.4042445978532,Red Laser,f
26970,80,3279,2024.06.20.REEF/08_2023/082923_Pool Calibration/082929_Slate_FSL06/P8290049.ORF,2124.9170584719086,1467.2077681837175,Green Laser,t
66080,80,3280,2024.06.20.REEF/08_2023/082923_Pool Calibration/082929_Slate_FSL06/P8290052.ORF,2052.4163224494646,1470.2349378917124,Red Laser,t
66903,80,3281,2024.06.20.REEF/08_2023/082923_Pool Calibration/082929_Slate_FSL06/P8290051.ORF,,,,f
66906,80,3282,2024.06.20.REEF/08_2023/082923_Pool Calibration/082929_Slate_FSL06/P8290053.ORF,,,,f
66083,80,3283,2024.06.20.REEF/08_2023/082923_Pool Calibration/082929_Slate_FSL06/P8290055.ORF,2099.12073286465,1454.2005996307075,Red Laser,f
26987,80,3284,2024.06.20.REEF/08_2023/082923_Pool Calibration/082929_Slate_FSL06/P8290054.ORF,2099.2756970272444,1460.7914503430893,Red Laser,f
66084,80,3285,2024.06.20.REEF/08_2023/082923_Pool Calibration/082929_Slate_FSL06/P8290056.ORF,2100.568807308463,1456.8462167688092,Red Laser,f
27006,80,3286,2024.06.20.REEF/08_2023/082923_Pool Calibration/082929_Slate_FSL06/P8290060.ORF,2102.1597899390563,1457.493598058355,Red Laser,f
66087,80,3287,2024.06.20.REEF/08_2023/082923_Pool Calibration/082929_Slate_FSL06/P8290059.ORF,2100.5300090867368,1458.9122853924084,Red Laser,f
66086,80,3288,2024.06.20.REEF/08_2023/082923_Pool Calibration/082929_Slate_FSL06/P8290058.ORF,2085.488506873256,1364.6464320372208,Red Laser,t
26997,80,3289,2024.06.20.REEF/08_2023/082923_Pool Calibration/082929_Slate_FSL06/P8290057.ORF,2098.9572536755877,1457.1771419058384,Red Laser,f
66088,80,3290,2024.06.20.REEF/08_2023/082923_Pool Calibration/082929_Slate_FSL06/P8290061.ORF,2099.522586769731,1457.1121385826689,Red Laser,f
66857,77,3609,2023-09-07 REEF Data Dump/082923_Pool Calibration/082929_Slate_FSL01/P8290023.ORF,,,,f
66052,77,3610,2023-09-07 REEF Data Dump/082923_Pool Calibration/082929_Slate_FSL01/P8290026.ORF,1808.711825636631,757.1783236347824,Green Laser,t
66050,77,3611,2023-09-07 REEF Data Dump/082923_Pool Calibration/082929_Slate_FSL01/P8290024.ORF,1982.03942810677,1299.7166412711204,Green Laser,t
66862,77,3612,2023-09-07 REEF Data Dump/082923_Pool Calibration/082929_Slate_FSL01/P8290027.ORF,,,,f
66858,77,3613,2023-09-07 REEF Data Dump/082923_Pool Calibration/082929_Slate_FSL01/P8290025.ORF,,,,f
66054,77,3614,2023-09-07 REEF Data Dump/082923_Pool Calibration/082929_Slate_FSL01/P8290029.ORF,1726.1685214626386,537.0302066772655,Red Laser,t
66864,77,3615,2023-09-07 REEF Data Dump/082923_Pool Calibration/082929_Slate_FSL01/P8290031.ORF,,,,f
66055,77,3616,2023-09-07 REEF Data Dump/082923_Pool Calibration/082929_Slate_FSL01/P8290030.ORF,1716.8863346171645,516.7706939663282,Green Laser,t
66863,77,3617,2023-09-07 REEF Data Dump/082923_Pool Calibration/082929_Slate_FSL01/P8290028.ORF,,,,f
66058,77,3618,2023-09-07 REEF Data Dump/082923_Pool Calibration/082929_Slate_FSL01/P8290034.ORF,1998.7864588213884,1058.6094441550597,Red Laser,t
66056,77,3619,2023-09-07 REEF Data Dump/082923_Pool Calibration/082929_Slate_FSL01/P8290032.ORF,2059.4327235114692,1443.6879977550332,Green Laser,t
66057,77,3620,2023-09-07 REEF Data Dump/082923_Pool Calibration/082929_Slate_FSL01/P8290033.ORF,2085.3932797596535,1433.1500586257357,Green Laser,t
66061,77,3621,2023-09-07 REEF Data Dump/082923_Pool Calibration/082929_Slate_FSL01/P8290035.ORF,1936.8310859991627,1253.0602290514669,Green Laser,t
26939,77,3622,2023-09-07 REEF Data Dump/082923_Pool Calibration/082929_Slate_FSL01/P8290036.ORF,1832.6076838897627,1397.6608622844894,Red Laser,t
66869,77,3623,2023-09-07 REEF Data Dump/082923_Pool Calibration/082929_Slate_FSL01/P8290037.ORF,,,,f
66871,77,3624,2023-09-07 REEF Data Dump/082923_Pool Calibration/082929_Slate_FSL01/P8290038.ORF,,,,f
66873,77,3625,2023-09-07 REEF Data Dump/082923_Pool Calibration/082929_Slate_FSL01/P8290039.ORF,,,,f
66874,77,3626,2023-09-07 REEF Data Dump/082923_Pool Calibration/082929_Slate_FSL01/P8290040.ORF,,,,f
66878,77,3627,2023-09-07 REEF Data Dump/082923_Pool Calibration/082929_Slate_FSL01/P8290042.ORF,,,,f
66880,77,3628,2023-09-07 REEF Data Dump/082923_Pool Calibration/082929_Slate_FSL01/P8290043.ORF,,,,f
66877,77,3629,2023-09-07 REEF Data Dump/082923_Pool Calibration/082929_Slate_FSL01/P8290041.ORF,,,,f
66885,77,3630,2023-09-07 REEF Data Dump/082923_Pool Calibration/082929_Slate_FSL01/P8290044.ORF,,,,f
66073,77,3631,2023-09-07 REEF Data Dump/082923_Pool Calibration/082929_Slate_FSL01/P8290046.ORF,2068.635331632928,1480.151418871046,Green Laser,t
66888,77,3632,2023-09-07 REEF Data Dump/082923_Pool Calibration/082929_Slate_FSL01/P8290045.ORF,,,,f
26976,77,3633,2023-09-07 REEF Data Dump/082923_Pool Calibration/082929_Slate_FSL01/P8290051.ORF,1933.5169669283114,1245.7452326691675,Red Laser,t
26971,77,3634,2023-09-07 REEF Data Dump/082923_Pool Calibration/082929_Slate_FSL01/P8290050.ORF,1931.9329398147327,1246.6244889134039,Red Laser,t
66896,77,3635,2023-09-07 REEF Data Dump/082923_Pool Calibration/082929_Slate_FSL01/P8290048.ORF,,,,f
66077,77,3636,2023-09-07 REEF Data Dump/082923_Pool Calibration/082929_Slate_FSL01/P8290047.ORF,2059.281840797225,1430.0845132326865,Green Laser,t
66899,77,3637,2023-09-07 REEF Data Dump/082923_Pool Calibration/082929_Slate_FSL01/P8290049.ORF,,,,f
66904,77,3638,2023-09-07 REEF Data Dump/082923_Pool Calibration/082929_Slate_FSL01/P8290052.ORF,,,,f
66081,77,3639,2023-09-07 REEF Data Dump/082923_Pool Calibration/082929_Slate_FSL01/P8290053.ORF,1841.7210866753999,1280.439366993582,Green Laser,t
66082,77,3640,2023-09-07 REEF Data Dump/082923_Pool Calibration/082929_Slate_FSL01/P8290054.ORF,2158.283062650672,1286.8277232412538,Red Laser,t
26991,77,3641,2023-09-07 REEF Data Dump/082923_Pool Calibration/082929_Slate_FSL01/P8290056.ORF,1967.6660282599235,1367.0565941975628,Red Laser,t
26988,77,3642,2023-09-07 REEF Data Dump/082923_Pool Calibration/082929_Slate_FSL01/P8290055.ORF,1967.6305233959786,1365.3122982973869,Red Laser,t
66910,77,3643,2023-09-07 REEF Data Dump/082923_Pool Calibration/082929_Slate_FSL01/P8290058.ORF,,,,f
26994,77,3644,2023-09-07 REEF Data Dump/082923_Pool Calibration/082929_Slate_FSL01/P8290057.ORF,1966.3105399425624,1368.6993825883737,Red Laser,t
26999,77,3645,2023-09-07 REEF Data Dump/082923_Pool Calibration/082929_Slate_FSL01/P8290059.ORF,1968.2651814757642,1369.9047608645692,Red Laser,t
27007,77,3646,2023-09-07 REEF Data Dump/082923_Pool Calibration/082929_Slate_FSL01/P8290061.ORF,1965.160870177841,1371.6684182908114,Red Laser,t
27002,77,3647,2023-09-07 REEF Data Dump/082923_Pool Calibration/082929_Slate_FSL01/P8290060.ORF,1968.3542257316262,1370.4134712939626,Red Laser,t
27011,77,3648,2023-09-07 REEF Data Dump/082923_Pool Calibration/082929_Slate_FSL01/P8290062.ORF,1965.7211333198056,1368.7941131067557,Red Laser,t
27016,77,3649,2023-09-07 REEF Data Dump/082923_Pool Calibration/082929_Slate_FSL01/P8290063.ORF,1967.2776257571595,1367.6486551253608,Red Laser,t
27020,77,3650,2023-09-07 REEF Data Dump/082923_Pool Calibration/082929_Slate_FSL01/P8290064.ORF,1966.9669210649015,1363.4643292656242,Red Laser,t
27028,77,3651,2023-09-07 REEF Data Dump/082923_Pool Calibration/082929_Slate_FSL01/P8290066.ORF,1965.3085969751708,1362.445070739994,Red Laser,t
27032,77,3652,2023-09-07 REEF Data Dump/082923_Pool Calibration/082929_Slate_FSL01/P8290067.ORF,1965.5273850172696,1361.2664071635047,Red Laser,t
66089,77,3653,2023-09-07 REEF Data Dump/082923_Pool Calibration/082929_Slate_FSL01/P8290065.ORF,1965.6398006576023,1363.943075003778,Green Laser,t
27037,77,3654,2023-09-07 REEF Data Dump/082923_Pool Calibration/082929_Slate_FSL01/P8290068.ORF,1965.8184582249044,1357.1884072097528,Red Laser,t
27040,77,3655,2023-09-07 REEF Data Dump/082923_Pool Calibration/082929_Slate_FSL01/P8290069.ORF,1966.7129016020735,1359.2699963709704,Red Laser,t
27045,77,3656,2023-09-07 REEF Data Dump/082923_Pool Calibration/082929_Slate_FSL01/P8290070.ORF,1964.1024875020214,1355.1584840005232,Red Laser,t
66915,77,3657,2023-09-07 REEF Data Dump/082923_Pool Calibration/082929_Slate_FSL01/P8290071.ORF,,,,f
27053,77,3658,2023-09-07 REEF Data Dump/082923_Pool Calibration/082929_Slate_FSL01/P8290072.ORF,1970.3447968184228,1377.7447896329372,Red Laser,t
66092,77,3659,2023-09-07 REEF Data Dump/082923_Pool Calibration/082929_Slate_FSL01/P8290074.ORF,1972.474867292954,1384.292071783478,Red Laser,t
66917,77,3660,2023-09-07 REEF Data Dump/082923_Pool Calibration/082929_Slate_FSL01/P8290075.ORF,,,,f
27073,77,3661,2023-09-07 REEF Data Dump/082923_Pool Calibration/082929_Slate_FSL01/P8290077.ORF,1974.405780053921,1388.8269016683698,Red Laser,t
66918,77,3662,2023-09-07 REEF Data Dump/082923_Pool Calibration/082929_Slate_FSL01/P8290076.ORF,,,,f
66916,77,3663,2023-09-07 REEF Data Dump/082923_Pool Calibration/082929_Slate_FSL01/P8290073.ORF,,,,f
66920,77,3664,2023-09-07 REEF Data Dump/082923_Pool Calibration/082929_Slate_FSL01/P8290080.ORF,,,,f
66919,77,3665,2023-09-07 REEF Data Dump/082923_Pool Calibration/082929_Slate_FSL01/P8290079.ORF,,,,f
27078,77,3666,2023-09-07 REEF Data Dump/082923_Pool Calibration/082929_Slate_FSL01/P8290078.ORF,1965.6773287350334,1364.3799472007358,Red Laser,t
66921,77,3667,2023-09-07 REEF Data Dump/082923_Pool Calibration/082929_Slate_FSL01/P8290081.ORF,,,,f
66922,77,3668,2023-09-07 REEF Data Dump/082923_Pool Calibration/082929_Slate_FSL01/P8290082.ORF,,,,f
66924,77,3669,2023-09-07 REEF Data Dump/082923_Pool Calibration/082929_Slate_FSL01/P8290083.ORF,,,,f
27094,77,3670,2023-09-07 REEF Data Dump/082923_Pool Calibration/082929_Slate_FSL01/P8290084.ORF,1973.3733760882028,1382.443198076132,Red Laser,t
27097,77,3671,2023-09-07 REEF Data Dump/082923_Pool Calibration/082929_Slate_FSL01/P8290085.ORF,1970.6209119366447,1385.1089706227585,Red Laser,t
27100,77,3672,2023-09-07 REEF Data Dump/082923_Pool Calibration/082929_Slate_FSL01/P8290086.ORF,1970.984627161658,1382.3313461487398,Red Laser,t
27108,77,3673,2023-09-07 REEF Data Dump/082923_Pool Calibration/082929_Slate_FSL01/P8290088.ORF,1969.732228832411,1380.210934068366,Red Laser,t
66098,77,3674,2023-09-07 REEF Data Dump/082923_Pool Calibration/082929_Slate_FSL01/P8290089.ORF,1970.034255516783,1380.1028211844882,Red Laser,t
27103,77,3675,2023-09-07 REEF Data Dump/082923_Pool Calibration/082929_Slate_FSL01/P8290087.ORF,1970.6801672260685,1380.116781577942,Red Laser,t
27123,77,3676,2023-09-07 REEF Data Dump/082923_Pool Calibration/082929_Slate_FSL01/P8290092.ORF,1987.8995398673749,1443.2449920182044,Red Laser,t
66932,77,3677,2023-09-07 REEF Data Dump/082923_Pool Calibration/082929_Slate_FSL01/P8290090.ORF,,,,f
66099,77,3678,2023-09-07 REEF Data Dump/082923_Pool Calibration/082929_Slate_FSL01/P8290091.ORF,2001.1628746766748,1259.3593660425686,Green Laser,t
66100,77,3679,2023-09-07 REEF Data Dump/082923_Pool Calibration/082929_Slate_FSL01/P8290093.ORF,1893.6002647088035,1506.229513869225,Green Laser,t
59359,77,3680,2023-09-07 REEF Data Dump/082923_Pool Calibration/082929_Slate_FSL01/P8290094.ORF,1990.4085201815108,1446.3473439072104,Red Laser,t
27136,77,3681,2023-09-07 REEF Data Dump/082923_Pool Calibration/082929_Slate_FSL01/P8290095.ORF,1989.875909960484,1445.1730733381928,Red Laser,t
27156,77,3682,2023-09-07 REEF Data Dump/082923_Pool Calibration/082929_Slate_FSL01/P8290100.ORF,1988.607569580728,1441.7019715523072,Red Laser,t
66935,77,3683,2023-09-07 REEF Data Dump/082923_Pool Calibration/082929_Slate_FSL01/P8290099.ORF,,,,f
66934,77,3684,2023-09-07 REEF Data Dump/082923_Pool Calibration/082929_Slate_FSL01/P8290098.ORF,,,,f
27144,77,3685,2023-09-07 REEF Data Dump/082923_Pool Calibration/082929_Slate_FSL01/P8290097.ORF,1994.973040397548,1418.7288942514535,Red Laser,t
66933,77,3686,2023-09-07 REEF Data Dump/082923_Pool Calibration/082929_Slate_FSL01/P8290096.ORF,,,,f
27161,77,3687,2023-09-07 REEF Data Dump/082923_Pool Calibration/082929_Slate_FSL01/P8290101.ORF,1990.4116981050079,1441.9523833252988,Red Laser,t
27165,77,3688,2023-09-07 REEF Data Dump/082923_Pool Calibration/082929_Slate_FSL01/P8290102.ORF,1991.594491711559,1446.3724778071562,Red Laser,t
66936,77,3689,2023-09-07 REEF Data Dump/082923_Pool Calibration/082929_Slate_FSL01/P8290103.ORF,,,,f
27174,77,3690,2023-09-07 REEF Data Dump/082923_Pool Calibration/082929_Slate_FSL01/P8290104.ORF,1891.1082993592338,1270.4074365842132,Red Laser,t
27194,77,3691,2023-09-07 REEF Data Dump/082923_Pool Calibration/082929_Slate_FSL01/P8290108.ORF,1898.2168717693864,1274.8391976916282,Red Laser,f
27184,77,3692,2023-09-07 REEF Data Dump/082923_Pool Calibration/082929_Slate_FSL01/P8290106.ORF,1898.7991192587936,1274.1764432350064,Red Laser,f
27179,77,3693,2023-09-07 REEF Data Dump/082923_Pool Calibration/082929_Slate_FSL01/P8290105.ORF,1902.6412478336222,1280.623916811092,Red Laser,f
27189,77,3694,2023-09-07 REEF Data Dump/082923_Pool Calibration/082929_Slate_FSL01/P8290107.ORF,1899.2597932912279,1274.983560350814,Red Laser,f
59360,77,3695,2023-09-07 REEF Data Dump/082923_Pool Calibration/082929_Slate_FSL01/P8290109.ORF,1929.5527863064397,1358.4641143525107,Red Laser,t
66937,77,3696,2023-09-07 REEF Data Dump/082923_Pool Calibration/082929_Slate_FSL01/P8290111.ORF,,,,f
27201,77,3697,2023-09-07 REEF Data Dump/082923_Pool Calibration/082929_Slate_FSL01/P8290110.ORF,1927.5621121271809,1358.402631158678,Red Laser,f
66101,77,3698,2023-09-07 REEF Data Dump/082923_Pool Calibration/082929_Slate_FSL01/P8290112.ORF,2083.9550782735405,1316.0748437064983,Green Laser,t
66102,77,3699,2023-09-07 REEF Data Dump/082923_Pool Calibration/082929_Slate_FSL01/P8290113.ORF,1926.1752452487492,1358.0110095955752,Red Laser,f
27221,77,3700,2023-09-07 REEF Data Dump/082923_Pool Calibration/082929_Slate_FSL01/P8290116.ORF,1926.7376522686152,1356.9172205039702,Red Laser,f
27217,77,3701,2023-09-07 REEF Data Dump/082923_Pool Calibration/082929_Slate_FSL01/P8290115.ORF,1925.8470290069154,1358.4678205674552,Green Laser,f
66103,77,3702,2023-09-07 REEF Data Dump/082923_Pool Calibration/082929_Slate_FSL01/P8290114.ORF,1926.5803489030232,1358.550498903379,Red Laser,f
66941,77,3703,2023-09-07 REEF Data Dump/082923_Pool Calibration/082929_Slate_FSL01/P8290119.ORF,,,,f
66106,77,3704,2023-09-07 REEF Data Dump/082923_Pool Calibration/082929_Slate_FSL01/P8290117.ORF,1988.3224925330678,1320.160859254609,Green Laser,t
66940,77,3705,2023-09-07 REEF Data Dump/082923_Pool Calibration/082929_Slate_FSL01/P8290118.ORF,,,,f
27232,77,3706,2023-09-07 REEF Data Dump/082923_Pool Calibration/082929_Slate_FSL01/P8290120.ORF,1942.595796543977,1404.9933694860379,Red Laser,f
66107,77,3707,2023-09-07 REEF Data Dump/082923_Pool Calibration/082929_Slate_FSL01/P8290122.ORF,1915.072667625815,1439.977342610404,Green Laser,t
27236,77,3708,2023-09-07 REEF Data Dump/082923_Pool Calibration/082929_Slate_FSL01/P8290121.ORF,1943.8431059580662,1401.2023776487076,Red Laser,t
27252,77,3709,2023-09-07 REEF Data Dump/082923_Pool Calibration/082929_Slate_FSL01/P8290126.ORF,1940.7875534947207,1408.7580027772685,Red Laser,f
66942,77,3710,2023-09-07 REEF Data Dump/082923_Pool Calibration/082929_Slate_FSL01/P8290127.ORF,,,,f
59362,77,3711,2023-09-07 REEF Data Dump/082923_Pool Calibration/082929_Slate_FSL01/P8290125.ORF,1941.7664649397,1408.0254944338346,Red Laser,f
27241,77,3712,2023-09-07 REEF Data Dump/082923_Pool Calibration/082929_Slate_FSL01/P8290123.ORF,1941.0852669185772,1408.0118284143255,Red Laser,f
27245,77,3713,2023-09-07 REEF Data Dump/082923_Pool Calibration/082929_Slate_FSL01/P8290124.ORF,1941.1897940767424,1407.8613133010115,Red Laser,f
27258,77,3714,2023-09-07 REEF Data Dump/082923_Pool Calibration/082929_Slate_FSL01/P8290128.ORF,1949.905789588061,1435.7221891196966,Red Laser,f
27265,77,3715,2023-09-07 REEF Data Dump/082923_Pool Calibration/082929_Slate_FSL01/P8290130.ORF,1948.6861113987623,1435.7367923625227,Red Laser,f
27261,77,3716,2023-09-07 REEF Data Dump/082923_Pool Calibration/082929_Slate_FSL01/P8290129.ORF,1949.1739695502642,1435.897844531141,Red Laser,f
27284,77,3717,2023-09-07 REEF Data Dump/082923_Pool Calibration/082929_Slate_FSL01/P8290135.ORF,1949.5305086583703,1434.2288633777507,Red Laser,f
27273,77,3718,2023-09-07 REEF Data Dump/082923_Pool Calibration/082929_Slate_FSL01/P8290132.ORF,1949.671470234416,1436.1736860900978,Red Laser,f
27269,77,3719,2023-09-07 REEF Data Dump/082923_Pool Calibration/082929_Slate_FSL01/P8290131.ORF,1950.298244895232,1434.3203353952445,Red Laser,f
27280,77,3720,2023-09-07 REEF Data Dump/082923_Pool Calibration/082929_Slate_FSL01/P8290134.ORF,1950.7351294625282,1436.1082824116666,Red Laser,f
27277,77,3721,2023-09-07 REEF Data Dump/082923_Pool Calibration/082929_Slate_FSL01/P8290133.ORF,1950.312648914363,1435.1326091015392,Red Laser,f
66109,77,3722,2023-09-07 REEF Data Dump/082923_Pool Calibration/082929_Slate_FSL01/P8290137.ORF,1948.3751619730742,1431.2033000961248,Red Laser,f
66943,77,3723,2023-09-07 REEF Data Dump/082923_Pool Calibration/082929_Slate_FSL01/P8290136.ORF,,,,f
66944,77,3724,2023-09-07 REEF Data Dump/082923_Pool Calibration/082929_Slate_FSL01/P8290139.ORF,,,,f
27292,77,3725,2023-09-07 REEF Data Dump/082923_Pool Calibration/082929_Slate_FSL01/P8290138.ORF,1949.7477854190267,1430.6137011388441,Red Laser,f
66110,77,3726,2023-09-07 REEF Data Dump/082923_Pool Calibration/082929_Slate_FSL01/P8290140.ORF,1886.1915340470262,1060.801114084445,Red Laser,t
66111,77,3727,2023-09-07 REEF Data Dump/082923_Pool Calibration/082929_Slate_FSL01/P8290142.ORF,1781.4771422645472,926.7748656236845,Red Laser,t
66945,77,3728,2023-09-07 REEF Data Dump/082923_Pool Calibration/082929_Slate_FSL01/P8290141.ORF,,,,f
66948,77,3729,2023-09-07 REEF Data Dump/082923_Pool Calibration/082929_Slate_FSL01/P8290145.ORF,,,,f
66947,77,3730,2023-09-07 REEF Data Dump/082923_Pool Calibration/082929_Slate_FSL01/P8290144.ORF,,,,f
66949,77,3731,2023-09-07 REEF Data Dump/082923_Pool Calibration/082929_Slate_FSL01/P8290146.ORF,,,,f
66946,77,3732,2023-09-07 REEF Data Dump/082923_Pool Calibration/082929_Slate_FSL01/P8290143.ORF,,,,f
26855,71,3857,2024.06.20.REEF/08_2023/082923_Pool Calibration/082923_Slate_FSL02/P8290016.ORF,2085.313464932986,1448.439109371633,Red Laser,f
26852,71,3858,2024.06.20.REEF/08_2023/082923_Pool Calibration/082923_Slate_FSL02/P8290015.ORF,2083.4597629745467,1447.8062423175181,Red Laser,f
26859,71,3859,2024.06.20.REEF/08_2023/082923_Pool Calibration/082923_Slate_FSL02/P8290017.ORF,2083.3553567011204,1445.447468417187,Red Laser,f
26873,71,3860,2024.06.20.REEF/08_2023/082923_Pool Calibration/082923_Slate_FSL02/P8290020.ORF,2083.367692558031,1443.1945977933585,Red Laser,f
26864,71,3861,2024.06.20.REEF/08_2023/082923_Pool Calibration/082923_Slate_FSL02/P8290018.ORF,2083.5530560773395,1442.5832024979004,Red Laser,f
26868,71,3862,2024.06.20.REEF/08_2023/082923_Pool Calibration/082923_Slate_FSL02/P8290019.ORF,2083.794674822782,1444.3618943153624,Red Laser,f
26877,71,3863,2024.06.20.REEF/08_2023/082923_Pool Calibration/082923_Slate_FSL02/P8290021.ORF,2083.870620839845,1443.6616222554323,Red Laser,f
26882,71,3864,2024.06.20.REEF/08_2023/082923_Pool Calibration/082923_Slate_FSL02/P8290022.ORF,2083.9004958023174,1444.7970907904319,Red Laser,f
26891,71,3865,2024.06.20.REEF/08_2023/082923_Pool Calibration/082923_Slate_FSL02/P8290024.ORF,2083.6204338138723,1444.1704250269295,Red Laser,f
26887,71,3866,2024.06.20.REEF/08_2023/082923_Pool Calibration/082923_Slate_FSL02/P8290023.ORF,2083.5557914543047,1443.955644951898,Red Laser,f
26897,71,3867,2024.06.20.REEF/08_2023/082923_Pool Calibration/082923_Slate_FSL02/P8290026.ORF,2083.6193723742704,1444.130169782823,Red Laser,f
26894,71,3868,2024.06.20.REEF/08_2023/082923_Pool Calibration/082923_Slate_FSL02/P8290025.ORF,2084.021485655394,1444.2798395307518,Red Laser,f
26901,71,3869,2024.06.20.REEF/08_2023/082923_Pool Calibration/082923_Slate_FSL02/P8290027.ORF,2084.3357128953417,1447.584233146873,Red Laser,f
26905,71,3870,2024.06.20.REEF/08_2023/082923_Pool Calibration/082923_Slate_FSL02/P8290028.ORF,2083.8516520898825,1443.0265797656855,Red Laser,f
26910,71,3871,2024.06.20.REEF/08_2023/082923_Pool Calibration/082923_Slate_FSL02/P8290029.ORF,2083.6787506320884,1441.7973728935333,Red Laser,f
26915,71,3872,2024.06.20.REEF/08_2023/082923_Pool Calibration/082923_Slate_FSL02/P8290030.ORF,2083.55370685158,1442.392754702571,Red Laser,f
26920,71,3873,2024.06.20.REEF/08_2023/082923_Pool Calibration/082923_Slate_FSL02/P8290031.ORF,2085.883124583997,1451.4925915054648,Red Laser,f
26925,71,3874,2024.06.20.REEF/08_2023/082923_Pool Calibration/082923_Slate_FSL02/P8290032.ORF,2085.1815050901246,1452.0051367645203,Red Laser,f
26928,71,3875,2024.06.20.REEF/08_2023/082923_Pool Calibration/082923_Slate_FSL02/P8290033.ORF,2086.0128347520476,1451.1290996050707,Red Laser,f
66059,71,3876,2024.06.20.REEF/08_2023/082923_Pool Calibration/082923_Slate_FSL02/P8290034.ORF,2032.8444397005633,1319.2382391070248,Green Laser,t
26935,71,3877,2024.06.20.REEF/08_2023/082923_Pool Calibration/082923_Slate_FSL02/P8290035.ORF,2035.2128731711325,1316.677639321276,Green Laser,f
26940,71,3878,2024.06.20.REEF/08_2023/082923_Pool Calibration/082923_Slate_FSL02/P8290036.ORF,2039.9548143545574,1316.2158245273092,Green Laser,f
26944,71,3879,2024.06.20.REEF/08_2023/082923_Pool Calibration/082923_Slate_FSL02/P8290037.ORF,2043.0843480771337,1322.0474965600667,Green Laser,f
26953,71,3880,2024.06.20.REEF/08_2023/082923_Pool Calibration/082923_Slate_FSL02/P8290040.ORF,2039.8022547638639,1321.9808539650467,Red Laser,f
66063,71,3881,2024.06.20.REEF/08_2023/082923_Pool Calibration/082923_Slate_FSL02/P8290038.ORF,2040.0575696554868,1322.6256009304834,Red Laser,f
26950,71,3882,2024.06.20.REEF/08_2023/082923_Pool Calibration/082923_Slate_FSL02/P8290039.ORF,2040.6483392598152,1322.6739279079031,Green Laser,f
26956,71,3883,2024.06.20.REEF/08_2023/082923_Pool Calibration/082923_Slate_FSL02/P8290041.ORF,2040.2570976570464,1324.4678321663848,Green Laser,f
66074,71,3884,2024.06.20.REEF/08_2023/082923_Pool Calibration/082923_Slate_FSL02/P8290046.ORF,2051.824427587223,1363.2969333770993,Red Laser,f
60852,71,3885,2024.06.20.REEF/08_2023/082923_Pool Calibration/082923_Slate_FSL02/P8290044.ORF,2053.091544835551,1361.606009562627,Red Laser,f
26960,71,3886,2024.06.20.REEF/08_2023/082923_Pool Calibration/082923_Slate_FSL02/P8290043.ORF,2052.018093705795,1345.7724711368862,Red Laser,f
26962,71,3887,2024.06.20.REEF/08_2023/082923_Pool Calibration/082923_Slate_FSL02/P8290045.ORF,2053.355014321578,1360.3374917081528,Red Laser,f
26958,71,3888,2024.06.20.REEF/08_2023/082923_Pool Calibration/082923_Slate_FSL02/P8290042.ORF,2049.5349084910067,1356.1789551817358,Red Laser,f
26966,71,3889,2024.06.20.REEF/08_2023/082923_Pool Calibration/082923_Slate_FSL02/P8290048.ORF,2071.0380452443887,1425.5580034010147,Red Laser,f
26964,71,3890,2024.06.20.REEF/08_2023/082923_Pool Calibration/082923_Slate_FSL02/P8290047.ORF,2072.095241486765,1425.2983356477237,Red Laser,f
26972,71,3891,2024.06.20.REEF/08_2023/082923_Pool Calibration/082923_Slate_FSL02/P8290050.ORF,2072.230994086062,1423.2300496613134,Red Laser,f
26968,71,3892,2024.06.20.REEF/08_2023/082923_Pool Calibration/082923_Slate_FSL02/P8290049.ORF,2072.064119264604,1425.1322818857561,Red Laser,f
26979,71,3893,2024.06.20.REEF/08_2023/082923_Pool Calibration/082923_Slate_FSL02/P8290052.ORF,2072.617516539057,1427.031511086667,Red Laser,f
26977,71,3894,2024.06.20.REEF/08_2023/082923_Pool Calibration/082923_Slate_FSL02/P8290051.ORF,2072.780000739417,1429.3290004843805,Red Laser,f
66907,71,3895,2024.06.20.REEF/08_2023/082923_Pool Calibration/082923_Slate_FSL02/P8290055.ORF,,,,f
66908,71,3896,2024.06.20.REEF/08_2023/082923_Pool Calibration/082923_Slate_FSL02/P8290056.ORF,,,,f
26984,71,3897,2024.06.20.REEF/08_2023/082923_Pool Calibration/082923_Slate_FSL02/P8290054.ORF,2071.238234872639,1428.1285263410255,Red Laser,f
66905,71,3898,2024.06.20.REEF/08_2023/082923_Pool Calibration/082923_Slate_FSL02/P8290053.ORF,,,,f
66909,71,3899,2024.06.20.REEF/08_2023/082923_Pool Calibration/082923_Slate_FSL02/P8290057.ORF,,,,f
66911,71,3900,2024.06.20.REEF/08_2023/082923_Pool Calibration/082923_Slate_FSL02/P8290059.ORF,,,,f
27003,71,3901,2024.06.20.REEF/08_2023/082923_Pool Calibration/082923_Slate_FSL02/P8290060.ORF,2072.260152675614,1427.5330636416982,Red Laser,f
66085,71,3902,2024.06.20.REEF/08_2023/082923_Pool Calibration/082923_Slate_FSL02/P8290058.ORF,2172.398394521222,1440.268256453532,Green Laser,t
27008,71,3903,2024.06.20.REEF/08_2023/082923_Pool Calibration/082923_Slate_FSL02/P8290061.ORF,2072.2699260252175,1428.3590701415103,Red Laser,f
66912,71,3904,2024.06.20.REEF/08_2023/082923_Pool Calibration/082923_Slate_FSL02/P8290063.ORF,,,,f
27012,71,3905,2024.06.20.REEF/08_2023/082923_Pool Calibration/082923_Slate_FSL02/P8290062.ORF,2072.1116750068436,1427.6198398827316,Red Laser,f
66913,71,3906,2024.06.20.REEF/08_2023/082923_Pool Calibration/082923_Slate_FSL02/P8290064.ORF,,,,f
66914,71,3907,2024.06.20.REEF/08_2023/082923_Pool Calibration/082923_Slate_FSL02/P8290066.ORF,,,,f
27033,71,3908,2024.06.20.REEF/08_2023/082923_Pool Calibration/082923_Slate_FSL02/P8290067.ORF,2083.7084443272183,1462.7536756034192,Red Laser,f
27024,71,3909,2024.06.20.REEF/08_2023/082923_Pool Calibration/082923_Slate_FSL02/P8290065.ORF,2084.1245744834605,1462.8900012623944,Red Laser,f
27041,71,3910,2024.06.20.REEF/08_2023/082923_Pool Calibration/082923_Slate_FSL02/P8290069.ORF,2083.433342114428,1461.9650009739587,Red Laser,f
66090,71,3911,2024.06.20.REEF/08_2023/082923_Pool Calibration/082923_Slate_FSL02/P8290068.ORF,2084.5564563459197,1464.8543656852335,Red Laser,f
27046,71,3912,2024.06.20.REEF/08_2023/082923_Pool Calibration/082923_Slate_FSL02/P8290070.ORF,2084.0931762474793,1465.4328306000668,Red Laser,f
27050,71,3913,2024.06.20.REEF/08_2023/082923_Pool Calibration/082923_Slate_FSL02/P8290071.ORF,2086.027499171477,1463.864385659129,Red Laser,f
27058,71,3914,2024.06.20.REEF/08_2023/082923_Pool Calibration/082923_Slate_FSL02/P8290073.ORF,2083.9735319419738,1466.5696731487658,Red Laser,f
27062,71,3915,2024.06.20.REEF/08_2023/082923_Pool Calibration/082923_Slate_FSL02/P8290074.ORF,2081.0748104125314,1463.0665611699283,Red Laser,f
27054,71,3916,2024.06.20.REEF/08_2023/082923_Pool Calibration/082923_Slate_FSL02/P8290072.ORF,2084.9768183806605,1464.8648956953173,Red Laser,f
27066,71,3917,2024.06.20.REEF/08_2023/082923_Pool Calibration/082923_Slate_FSL02/P8290075.ORF,2082.6778246561676,1464.1764476570647,Red Laser,f
66093,71,3918,2024.06.20.REEF/08_2023/082923_Pool Calibration/082923_Slate_FSL02/P8290076.ORF,2082.118314629156,1465.4384914827929,Red Laser,f
27074,71,3919,2024.06.20.REEF/08_2023/082923_Pool Calibration/082923_Slate_FSL02/P8290077.ORF,2093.1091439770817,1491.430355854232,Red Laser,f
66094,71,3920,2024.06.20.REEF/08_2023/082923_Pool Calibration/082923_Slate_FSL02/P8290078.ORF,2092.478987296523,1491.9194819604693,Green Laser,f
59357,71,3921,2024.06.20.REEF/08_2023/082923_Pool Calibration/082923_Slate_FSL02/P8290079.ORF,2094.072985443945,1489.9666009339187,Red Laser,f
27087,71,3922,2024.06.20.REEF/08_2023/082923_Pool Calibration/082923_Slate_FSL02/P8290081.ORF,2092.526926041293,1491.4866129005763,Red Laser,f
27084,71,3923,2024.06.20.REEF/08_2023/082923_Pool Calibration/082923_Slate_FSL02/P8290080.ORF,2093.5365110292946,1491.354773548639,Red Laser,f
27090,71,3924,2024.06.20.REEF/08_2023/082923_Pool Calibration/082923_Slate_FSL02/P8290082.ORF,2092.2480479588203,1491.4547698724364,Red Laser,f
66925,71,3925,2024.06.20.REEF/08_2023/082923_Pool Calibration/082923_Slate_FSL02/P8290083.ORF,,,,f
66929,71,3926,2024.06.20.REEF/08_2023/082923_Pool Calibration/082923_Slate_FSL02/P8290085.ORF,,,,f
66927,71,3927,2024.06.20.REEF/08_2023/082923_Pool Calibration/082923_Slate_FSL02/P8290084.ORF,,,,f
66930,71,3928,2024.06.20.REEF/08_2023/082923_Pool Calibration/082923_Slate_FSL02/P8290086.ORF,,,,f
26860,63,4001,2024.06.20.REEF/08_2023/082923_Pool Calibration/082923_Slate_FSL03/P8290017.ORF,1953.2647377348196,1329.4319485223828,Red Laser,f
26865,63,4002,2024.06.20.REEF/08_2023/082923_Pool Calibration/082923_Slate_FSL03/P8290018.ORF,1955.256209673151,1328.8764651794054,Red Laser,f
26856,63,4003,2024.06.20.REEF/08_2023/082923_Pool Calibration/082923_Slate_FSL03/P8290016.ORF,1951.621092677995,1335.113976935143,Red Laser,t
26869,63,4004,2024.06.20.REEF/08_2023/082923_Pool Calibration/082923_Slate_FSL03/P8290019.ORF,1956.9637407702098,1340.2023961304753,Red Laser,f
26874,63,4005,2024.06.20.REEF/08_2023/082923_Pool Calibration/082923_Slate_FSL03/P8290020.ORF,1956.8994264648322,1337.318695339654,Red Laser,f
26878,63,4006,2024.06.20.REEF/08_2023/082923_Pool Calibration/082923_Slate_FSL03/P8290021.ORF,1957.2403863681607,1338.9459009493444,Red Laser,f
26883,63,4007,2024.06.20.REEF/08_2023/082923_Pool Calibration/082923_Slate_FSL03/P8290022.ORF,1956.9689686312056,1340.3354114603287,Red Laser,f
26888,63,4008,2024.06.20.REEF/08_2023/082923_Pool Calibration/082923_Slate_FSL03/P8290023.ORF,1982.8857036711697,1425.4449176019134,Red Laser,f
26892,63,4009,2024.06.20.REEF/08_2023/082923_Pool Calibration/082923_Slate_FSL03/P8290024.ORF,1984.9722702924169,1425.979080130635,Red Laser,f
26895,63,4010,2024.06.20.REEF/08_2023/082923_Pool Calibration/082923_Slate_FSL03/P8290025.ORF,1983.206379302096,1426.3954975279885,Red Laser,f
26898,63,4011,2024.06.20.REEF/08_2023/082923_Pool Calibration/082923_Slate_FSL03/P8290026.ORF,1983.4859249910019,1427.3250066275673,Red Laser,f
26902,63,4012,2024.06.20.REEF/08_2023/082923_Pool Calibration/082923_Slate_FSL03/P8290027.ORF,1984.8380356370922,1429.6575635631161,Red Laser,f
26916,63,4013,2024.06.20.REEF/08_2023/082923_Pool Calibration/082923_Slate_FSL03/P8290030.ORF,1986.6605395561726,1429.7141266382494,Red Laser,f
26911,63,4014,2024.06.20.REEF/08_2023/082923_Pool Calibration/082923_Slate_FSL03/P8290029.ORF,1985.3223997484213,1429.7642255227465,Red Laser,f
26921,63,4015,2024.06.20.REEF/08_2023/082923_Pool Calibration/082923_Slate_FSL03/P8290031.ORF,1985.0518048226475,1428.9548523639196,Red Laser,f
26906,63,4016,2024.06.20.REEF/08_2023/082923_Pool Calibration/082923_Slate_FSL03/P8290028.ORF,1988.039555230307,1431.449699111944,Red Laser,f
66865,63,4017,2024.06.20.REEF/08_2023/082923_Pool Calibration/082923_Slate_FSL03/P8290032.ORF,,,,f
66867,63,4018,2024.06.20.REEF/08_2023/082923_Pool Calibration/082923_Slate_FSL03/P8290033.ORF,,,,f
66060,63,4019,2024.06.20.REEF/08_2023/082923_Pool Calibration/082923_Slate_FSL03/P8290034.ORF,1987.4883767228841,1436.26340352868,Red Laser,f
26936,63,4020,2024.06.20.REEF/08_2023/082923_Pool Calibration/082923_Slate_FSL03/P8290035.ORF,1987.8750682499115,1433.5387920223873,Red Laser,f
26941,63,4021,2024.06.20.REEF/08_2023/082923_Pool Calibration/082923_Slate_FSL03/P8290036.ORF,1994.9217208305352,1459.5139547803137,Red Laser,f
66872,63,4022,2024.06.20.REEF/08_2023/082923_Pool Calibration/082923_Slate_FSL03/P8290038.ORF,,,,f
66870,63,4023,2024.06.20.REEF/08_2023/082923_Pool Calibration/082923_Slate_FSL03/P8290037.ORF,,,,f
66875,63,4024,2024.06.20.REEF/08_2023/082923_Pool Calibration/082923_Slate_FSL03/P8290040.ORF,,,,f
66065,63,4025,2024.06.20.REEF/08_2023/082923_Pool Calibration/082923_Slate_FSL03/P8290039.ORF,1995.2812608333554,1468.5161605945812,Red Laser,f
66067,63,4026,2024.06.20.REEF/08_2023/082923_Pool Calibration/082923_Slate_FSL03/P8290041.ORF,1995.6284130780853,1466.4796624602996,Red Laser,f
66070,63,4027,2024.06.20.REEF/08_2023/082923_Pool Calibration/082923_Slate_FSL03/P8290042.ORF,1812.6856161904216,1283.9293438148534,Green Laser,t
66881,63,4028,2024.06.20.REEF/08_2023/082923_Pool Calibration/082923_Slate_FSL03/P8290043.ORF,,,,f
66075,63,4029,2024.06.20.REEF/08_2023/082923_Pool Calibration/082923_Slate_FSL03/P8290046.ORF,1747.0588351269498,1250.4402886405428,Red Laser,t
66886,63,4030,2024.06.20.REEF/08_2023/082923_Pool Calibration/082923_Slate_FSL03/P8290044.ORF,,,,f
66889,63,4031,2024.06.20.REEF/08_2023/082923_Pool Calibration/082923_Slate_FSL03/P8290045.ORF,,,,f
66894,63,4032,2024.06.20.REEF/08_2023/082923_Pool Calibration/082923_Slate_FSL03/P8290047.ORF,,,,f
66897,63,4033,2024.06.20.REEF/08_2023/082923_Pool Calibration/082923_Slate_FSL03/P8290048.ORF,,,,f
66902,63,4034,2024.06.20.REEF/08_2023/082923_Pool Calibration/082923_Slate_FSL03/P8290051.ORF,,,,f
66900,63,4035,2024.06.20.REEF/08_2023/082923_Pool Calibration/082923_Slate_FSL03/P8290049.ORF,,,,f
26973,63,4036,2024.06.20.REEF/08_2023/082923_Pool Calibration/082923_Slate_FSL03/P8290050.ORF,1850.825187968039,1697.3928757808612,Red Laser,t
26862,62,4073,2023-09-07 REEF Data Dump/082923_Pool Calibration/082929_Slate_FSL05/P8290017.ORF,1981.0736324449688,1312.6176330063208,Red Laser,t
26871,62,4074,2023-09-07 REEF Data Dump/082923_Pool Calibration/082929_Slate_FSL05/P8290019.ORF,1988.430226965408,1314.4329637364838,Red Laser,f
26866,62,4075,2023-09-07 REEF Data Dump/082923_Pool Calibration/082929_Slate_FSL05/P8290018.ORF,1989.1857345200401,1315.5266176201908,Red Laser,f
26876,62,4076,2023-09-07 REEF Data Dump/082923_Pool Calibration/082929_Slate_FSL05/P8290020.ORF,1988.7545188190406,1312.8240721286286,Red Laser,f
26880,62,4077,2023-09-07 REEF Data Dump/082923_Pool Calibration/082929_Slate_FSL05/P8290021.ORF,1988.0683591550064,1314.1271652445814,Red Laser,f
26885,62,4078,2023-09-07 REEF Data Dump/082923_Pool Calibration/082929_Slate_FSL05/P8290022.ORF,1988.7518216518397,1311.4560101334923,Red Laser,f
26900,62,4079,2023-09-07 REEF Data Dump/082923_Pool Calibration/082929_Slate_FSL05/P8290026.ORF,2006.9488849765412,1374.8503203928356,Red Laser,f
66049,62,4080,2023-09-07 REEF Data Dump/082923_Pool Calibration/082929_Slate_FSL05/P8290023.ORF,2006.8841299991598,1365.730074667299,Red Laser,f
26896,62,4081,2023-09-07 REEF Data Dump/082923_Pool Calibration/082929_Slate_FSL05/P8290025.ORF,2006.8261956656372,1369.0863123260824,Red Laser,f
26893,62,4082,2023-09-07 REEF Data Dump/082923_Pool Calibration/082929_Slate_FSL05/P8290024.ORF,2008.0587343156008,1370.626055475953,Red Laser,f
26903,62,4083,2023-09-07 REEF Data Dump/082923_Pool Calibration/082929_Slate_FSL05/P8290027.ORF,2007.194916237439,1372.6671997754527,Red Laser,f
26918,62,4084,2023-09-07 REEF Data Dump/082923_Pool Calibration/082929_Slate_FSL05/P8290030.ORF,2006.9463917210428,1371.7673576602463,Red Laser,f
26908,62,4085,2023-09-07 REEF Data Dump/082923_Pool Calibration/082929_Slate_FSL05/P8290028.ORF,2007.1884216947194,1373.4773664393197,Red Laser,f
26913,62,4086,2023-09-07 REEF Data Dump/082923_Pool Calibration/082929_Slate_FSL05/P8290029.ORF,2009.0372312215643,1369.8875178837452,Red Laser,f
26923,62,4087,2023-09-07 REEF Data Dump/082923_Pool Calibration/082929_Slate_FSL05/P8290031.ORF,2016.5134054671732,1399.39873201115,Red Laser,f
26926,62,4088,2023-09-07 REEF Data Dump/082923_Pool Calibration/082929_Slate_FSL05/P8290032.ORF,2014.022339105149,1398.1515143910447,Red Laser,f
26942,62,4089,2023-09-07 REEF Data Dump/082923_Pool Calibration/082929_Slate_FSL05/P8290036.ORF,2012.7457244168234,1397.2445904276265,Red Laser,f
26933,62,4090,2023-09-07 REEF Data Dump/082923_Pool Calibration/082929_Slate_FSL05/P8290034.ORF,2013.719885632579,1400.7338622843192,Red Laser,f
26930,62,4091,2023-09-07 REEF Data Dump/082923_Pool Calibration/082929_Slate_FSL05/P8290033.ORF,2015.7077430647594,1401.9915029666276,Red Laser,f
26937,62,4092,2023-09-07 REEF Data Dump/082923_Pool Calibration/082929_Slate_FSL05/P8290035.ORF,2015.2719508781074,1400.675935885988,Red Laser,f
66064,62,4093,2023-09-07 REEF Data Dump/082923_Pool Calibration/082929_Slate_FSL05/P8290038.ORF,2037.2696609069158,1295.5399622346977,Red Laser,t
66069,62,4094,2023-09-07 REEF Data Dump/082923_Pool Calibration/082929_Slate_FSL05/P8290041.ORF,2041.4231379897228,1441.6946625185658,Red Laser,t
66876,62,4095,2023-09-07 REEF Data Dump/082923_Pool Calibration/082929_Slate_FSL05/P8290040.ORF,,,,f
26946,62,4096,2023-09-07 REEF Data Dump/082923_Pool Calibration/082929_Slate_FSL05/P8290037.ORF,2015.7118562906417,1399.7127571261663,Red Laser,f
66066,62,4097,2023-09-07 REEF Data Dump/082923_Pool Calibration/082929_Slate_FSL05/P8290039.ORF,2023.08073512439,1409.288172615275,Green Laser,t
66883,62,4098,2023-09-07 REEF Data Dump/082923_Pool Calibration/082929_Slate_FSL05/P8290043.ORF,,,,f
66071,62,4099,2023-09-07 REEF Data Dump/082923_Pool Calibration/082929_Slate_FSL05/P8290042.ORF,1922.7620991250456,1804.3753811173779,Red Laser,t
26961,62,4100,2023-09-07 REEF Data Dump/082923_Pool Calibration/082929_Slate_FSL05/P8290044.ORF,1902.4879273555127,1830.2913248281789,Green Laser,t
66890,62,4101,2023-09-07 REEF Data Dump/082923_Pool Calibration/082929_Slate_FSL05/P8290045.ORF,,,,f
66893,62,4102,2023-09-07 REEF Data Dump/082923_Pool Calibration/082929_Slate_FSL05/P8290046.ORF,,,,f
66895,62,4103,2023-09-07 REEF Data Dump/082923_Pool Calibration/082929_Slate_FSL05/P8290047.ORF,,,,f
66901,62,4104,2023-09-07 REEF Data Dump/082923_Pool Calibration/082929_Slate_FSL05/P8290050.ORF,,,,f
66898,62,4105,2023-09-07 REEF Data Dump/082923_Pool Calibration/082929_Slate_FSL05/P8290048.ORF,,,,f
66079,62,4106,2023-09-07 REEF Data Dump/082923_Pool Calibration/082929_Slate_FSL05/P8290049.ORF,1962.9784000994205,1915.1645023741617,Red Laser,t
26846,65,4573,2024.06.20.REEF/08_2023/082923_Pool Calibration/082929_Slate_FSL04/P8290009.ORF,1991.7638933832984,1290.2238158782882,Red Laser,f
26847,65,4574,2024.06.20.REEF/08_2023/082923_Pool Calibration/082929_Slate_FSL04/P8290010.ORF,1994.0241003774863,1294.3088739079744,Red Laser,f
26848,65,4575,2024.06.20.REEF/08_2023/082923_Pool Calibration/082929_Slate_FSL04/P8290011.ORF,1997,1299.4366143518737,Red Laser,f
66047,65,4576,2024.06.20.REEF/08_2023/082923_Pool Calibration/082929_Slate_FSL04/P8290012.ORF,1995.7451413757558,1298.775708353912,Red Laser,f
26849,65,4577,2024.06.20.REEF/08_2023/082923_Pool Calibration/082929_Slate_FSL04/P8290013.ORF,1998.0518476223901,1299.8260222970862,Green Laser,f
26853,65,4578,2024.06.20.REEF/08_2023/082923_Pool Calibration/082929_Slate_FSL04/P8290015.ORF,2017.8108973208773,1362.3724035578475,Red Laser,f
26850,65,4579,2024.06.20.REEF/08_2023/082923_Pool Calibration/082929_Slate_FSL04/P8290014.ORF,2018.5984444075957,1362.5047106486402,Red Laser,f
26857,65,4580,2024.06.20.REEF/08_2023/082923_Pool Calibration/082929_Slate_FSL04/P8290016.ORF,2019.5663790080205,1361.2293232373993,Red Laser,f
26870,65,4581,2024.06.20.REEF/08_2023/082923_Pool Calibration/082929_Slate_FSL04/P8290019.ORF,2016.869472209959,1363.6536300397263,Red Laser,f
26861,65,4582,2024.06.20.REEF/08_2023/082923_Pool Calibration/082929_Slate_FSL04/P8290017.ORF,2017.5407811181838,1363.0945954733809,Red Laser,f
56183,65,4583,2024.06.20.REEF/08_2023/082923_Pool Calibration/082929_Slate_FSL04/P8290018.ORF,2017.6232192061343,1362.578358487068,Red Laser,f
26875,65,4584,2024.06.20.REEF/08_2023/082923_Pool Calibration/082929_Slate_FSL04/P8290020.ORF,2017.3627967285222,1362.7037010102288,Red Laser,f
26879,65,4585,2024.06.20.REEF/08_2023/082923_Pool Calibration/082929_Slate_FSL04/P8290021.ORF,2017.0023483546902,1362.4842902171135,Red Laser,f
26884,65,4586,2024.06.20.REEF/08_2023/082923_Pool Calibration/082929_Slate_FSL04/P8290022.ORF,2019.1320882383568,1361.1519549568163,Red Laser,f
26889,65,4587,2024.06.20.REEF/08_2023/082923_Pool Calibration/082929_Slate_FSL04/P8290023.ORF,2017.1929146959092,1364.2270049241015,Red Laser,f
66051,65,4588,2024.06.20.REEF/08_2023/082923_Pool Calibration/082929_Slate_FSL04/P8290024.ORF,2017.0897249884322,1362.8321417888112,Green Laser,f
66859,65,4589,2024.06.20.REEF/08_2023/082923_Pool Calibration/082929_Slate_FSL04/P8290025.ORF,,,,f
26899,65,4590,2024.06.20.REEF/08_2023/082923_Pool Calibration/082929_Slate_FSL04/P8290026.ORF,2033.9951979782174,1422.1924965230107,Red Laser,f
26912,65,4591,2024.06.20.REEF/08_2023/082923_Pool Calibration/082929_Slate_FSL04/P8290029.ORF,2035.8617201471793,1422.784609194879,Red Laser,f
26907,65,4592,2024.06.20.REEF/08_2023/082923_Pool Calibration/082929_Slate_FSL04/P8290028.ORF,2035.9983356172409,1423.0816357039555,Red Laser,f
66053,65,4593,2024.06.20.REEF/08_2023/082923_Pool Calibration/082929_Slate_FSL04/P8290027.ORF,2035.383361424113,1422.736332704913,Red Laser,f
26917,65,4594,2024.06.20.REEF/08_2023/082923_Pool Calibration/082929_Slate_FSL04/P8290030.ORF,2035.7412395056906,1422.6378849276302,Red Laser,f
26929,65,4595,2024.06.20.REEF/08_2023/082923_Pool Calibration/082929_Slate_FSL04/P8290033.ORF,2036.0278383027776,1422.4637509462884,Red Laser,f
66866,65,4596,2024.06.20.REEF/08_2023/082923_Pool Calibration/082929_Slate_FSL04/P8290032.ORF,,,,f
26922,65,4597,2024.06.20.REEF/08_2023/082923_Pool Calibration/082929_Slate_FSL04/P8290031.ORF,2035.6816953467708,1422.989412861998,Red Laser,f
26932,65,4598,2024.06.20.REEF/08_2023/082923_Pool Calibration/082929_Slate_FSL04/P8290034.ORF,2036.533856970158,1422.283481853504,Red Laser,f
66868,65,4599,2024.06.20.REEF/08_2023/082923_Pool Calibration/082929_Slate_FSL04/P8290035.ORF,,,,f
66062,65,4600,2024.06.20.REEF/08_2023/082923_Pool Calibration/082929_Slate_FSL04/P8290036.ORF,2042.5244450294506,1443.0861380143342,Red Laser,f
26945,65,4601,2024.06.20.REEF/08_2023/082923_Pool Calibration/082929_Slate_FSL04/P8290037.ORF,2042.340824489605,1444.202173350147,Red Laser,f
26948,65,4602,2024.06.20.REEF/08_2023/082923_Pool Calibration/082929_Slate_FSL04/P8290038.ORF,2040.9067253214596,1443.110886557643,Red Laser,f
26951,65,4603,2024.06.20.REEF/08_2023/082923_Pool Calibration/082929_Slate_FSL04/P8290039.ORF,2042.3945084152635,1444.5843298131256,Red Laser,f
26954,65,4604,2024.06.20.REEF/08_2023/082923_Pool Calibration/082929_Slate_FSL04/P8290040.ORF,2043.103679244705,1445.1902349287286,Red Laser,f
66882,65,4605,2024.06.20.REEF/08_2023/082923_Pool Calibration/082929_Slate_FSL04/P8290043.ORF,,,,f
66879,65,4606,2024.06.20.REEF/08_2023/082923_Pool Calibration/082929_Slate_FSL04/P8290042.ORF,,,,f
66068,65,4607,2024.06.20.REEF/08_2023/082923_Pool Calibration/082929_Slate_FSL04/P8290041.ORF,2042.5477239960933,1443.339743416141,Red Laser,f
66892,65,4608,2024.06.20.REEF/08_2023/082923_Pool Calibration/082929_Slate_FSL04/P8290046.ORF,,,,f
66072,65,4609,2024.06.20.REEF/08_2023/082923_Pool Calibration/082929_Slate_FSL04/P8290044.ORF,2044.4896432516223,1446.2312305396804,Red Laser,f
26963,65,4610,2024.06.20.REEF/08_2023/082923_Pool Calibration/082929_Slate_FSL04/P8290045.ORF,2043.6171408598777,1447.008196193269,Red Laser,f
66078,65,4611,2024.06.20.REEF/08_2023/082923_Pool Calibration/082929_Slate_FSL04/P8290047.ORF,2061.3480637911825,1459.140404953704,Green Laser,t
27388,107,13274,2023-09-07 REEF Data Dump/083123_Fish Degree Angle Tests/083123_Fish Deg Angle Test_FSL05/P8310001.ORF,1983.8231757752249,1380.8718217394764,Red Laser,t
27393,107,13275,2023-09-07 REEF Data Dump/083123_Fish Degree Angle Tests/083123_Fish Deg Angle Test_FSL05/P8310002.ORF,1989.8813367627133,1380.6232818015285,Red Laser,f
27408,107,13276,2023-09-07 REEF Data Dump/083123_Fish Degree Angle Tests/083123_Fish Deg Angle Test_FSL05/P8310005.ORF,1990.4257511007388,1376.3339221483477,Red Laser,f
27403,107,13277,2023-09-07 REEF Data Dump/083123_Fish Degree Angle Tests/083123_Fish Deg Angle Test_FSL05/P8310004.ORF,1989.3247181787578,1379.2353993083618,Red Laser,f
27398,107,13278,2023-09-07 REEF Data Dump/083123_Fish Degree Angle Tests/083123_Fish Deg Angle Test_FSL05/P8310003.ORF,1989.7688120095809,1379.158190074281,Red Laser,f
66121,107,13279,2023-09-07 REEF Data Dump/083123_Fish Degree Angle Tests/083123_Fish Deg Angle Test_FSL05/P8310007.ORF,1989.2511115738214,1377.0128304280352,Red Laser,f
66122,107,13280,2023-09-07 REEF Data Dump/083123_Fish Degree Angle Tests/083123_Fish Deg Angle Test_FSL05/P8310008.ORF,1989.6350223363452,1376.953253419616,Red Laser,f
27412,107,13281,2023-09-07 REEF Data Dump/083123_Fish Degree Angle Tests/083123_Fish Deg Angle Test_FSL05/P8310006.ORF,1989.0035439645144,1381.826552665428,Red Laser,f
66124,107,13282,2023-09-07 REEF Data Dump/083123_Fish Degree Angle Tests/083123_Fish Deg Angle Test_FSL05/P8310010.ORF,1989.4575776557479,1380.5382549806516,Red Laser,f
66123,107,13283,2023-09-07 REEF Data Dump/083123_Fish Degree Angle Tests/083123_Fish Deg Angle Test_FSL05/P8310009.ORF,1989.252448170696,1377.6764102153402,Green Laser,f
27440,107,13284,2023-09-07 REEF Data Dump/083123_Fish Degree Angle Tests/083123_Fish Deg Angle Test_FSL05/P8310014.ORF,1988.540038876167,1379.103166498202,Red Laser,f
60012,107,13285,2023-09-07 REEF Data Dump/083123_Fish Degree Angle Tests/083123_Fish Deg Angle Test_FSL05/P8310013.ORF,1988.447997123113,1379.512151229179,Red Laser,f
27429,107,13286,2023-09-07 REEF Data Dump/083123_Fish Degree Angle Tests/083123_Fish Deg Angle Test_FSL05/P8310011.ORF,1990.0434300603831,1378.206724954793,Red Laser,f
27433,107,13287,2023-09-07 REEF Data Dump/083123_Fish Degree Angle Tests/083123_Fish Deg Angle Test_FSL05/P8310012.ORF,1986.4122398310842,1376.99940077708,Red Laser,f
27451,107,13288,2023-09-07 REEF Data Dump/083123_Fish Degree Angle Tests/083123_Fish Deg Angle Test_FSL05/P8310017.ORF,1988.9093539805947,1377.8011708927188,Red Laser,f
59367,107,13289,2023-09-07 REEF Data Dump/083123_Fish Degree Angle Tests/083123_Fish Deg Angle Test_FSL05/P8310016.ORF,1987.992182998587,1378.4964616800582,Red Laser,f
27456,107,13290,2023-09-07 REEF Data Dump/083123_Fish Degree Angle Tests/083123_Fish Deg Angle Test_FSL05/P8310018.ORF,1988.1666122064348,1379.7430442096738,Red Laser,f
27444,107,13291,2023-09-07 REEF Data Dump/083123_Fish Degree Angle Tests/083123_Fish Deg Angle Test_FSL05/P8310015.ORF,1989.5,1380.0000000000002,Red Laser,f
27460,107,13292,2023-09-07 REEF Data Dump/083123_Fish Degree Angle Tests/083123_Fish Deg Angle Test_FSL05/P8310019.ORF,1988.7223745902625,1378.4045054680705,Red Laser,f
27468,107,13293,2023-09-07 REEF Data Dump/083123_Fish Degree Angle Tests/083123_Fish Deg Angle Test_FSL05/P8310021.ORF,1991.3839564858208,1379.5273176497824,Red Laser,f
27465,107,13294,2023-09-07 REEF Data Dump/083123_Fish Degree Angle Tests/083123_Fish Deg Angle Test_FSL05/P8310020.ORF,1990.9384872997107,1380.8872415790054,Red Laser,f
27472,107,13295,2023-09-07 REEF Data Dump/083123_Fish Degree Angle Tests/083123_Fish Deg Angle Test_FSL05/P8310022.ORF,1990.6960488041498,1379.3687388903286,Red Laser,f
27481,107,13296,2023-09-07 REEF Data Dump/083123_Fish Degree Angle Tests/083123_Fish Deg Angle Test_FSL05/P8310024.ORF,1990.4416499233807,1375.7756540083078,Red Laser,t
27476,107,13297,2023-09-07 REEF Data Dump/083123_Fish Degree Angle Tests/083123_Fish Deg Angle Test_FSL05/P8310023.ORF,1989.8516097703896,1381.3351065702782,Red Laser,f
27495,107,13298,2023-09-07 REEF Data Dump/083123_Fish Degree Angle Tests/083123_Fish Deg Angle Test_FSL05/P8310027.ORF,1991.9766911601712,1382.0082221576652,Red Laser,f
27485,107,13299,2023-09-07 REEF Data Dump/083123_Fish Degree Angle Tests/083123_Fish Deg Angle Test_FSL05/P8310025.ORF,1991.4030730337313,1383.226693879882,Red Laser,f
27490,107,13300,2023-09-07 REEF Data Dump/083123_Fish Degree Angle Tests/083123_Fish Deg Angle Test_FSL05/P8310026.ORF,1991.3670901042096,1378.2186228911416,Red Laser,t
27500,107,13301,2023-09-07 REEF Data Dump/083123_Fish Degree Angle Tests/083123_Fish Deg Angle Test_FSL05/P8310028.ORF,1992.1783431555114,1381.0384150357497,Red Laser,f
27510,107,13302,2023-09-07 REEF Data Dump/083123_Fish Degree Angle Tests/083123_Fish Deg Angle Test_FSL05/P8310030.ORF,1989.8813367627133,1382.48733133614,Red Laser,f
27505,107,13303,2023-09-07 REEF Data Dump/083123_Fish Degree Angle Tests/083123_Fish Deg Angle Test_FSL05/P8310029.ORF,1990.0757919254693,1380.621058467612,Red Laser,f
27518,107,13304,2023-09-07 REEF Data Dump/083123_Fish Degree Angle Tests/083123_Fish Deg Angle Test_FSL05/P8310032.ORF,1990.4914972404733,1381.4520471336964,Red Laser,f
61867,107,13305,2023-09-07 REEF Data Dump/083123_Fish Degree Angle Tests/083123_Fish Deg Angle Test_FSL05/P8310031.ORF,1989.8041150887098,1378.7538618005174,Red Laser,f
27526,107,13306,2023-09-07 REEF Data Dump/083123_Fish Degree Angle Tests/083123_Fish Deg Angle Test_FSL05/P8310034.ORF,1990.0510382456255,1379.9970946571993,Red Laser,f
61868,107,13307,2023-09-07 REEF Data Dump/083123_Fish Degree Angle Tests/083123_Fish Deg Angle Test_FSL05/P8310035.ORF,1990.2385363565672,1380.0637748857487,Red Laser,f
27522,107,13308,2023-09-07 REEF Data Dump/083123_Fish Degree Angle Tests/083123_Fish Deg Angle Test_FSL05/P8310033.ORF,1990.6281227868233,1378.8254213316168,Red Laser,f
27535,107,13309,2023-09-07 REEF Data Dump/083123_Fish Degree Angle Tests/083123_Fish Deg Angle Test_FSL05/P8310036.ORF,1989.6819299469084,1380.8733080916961,Red Laser,f
27540,107,13310,2023-09-07 REEF Data Dump/083123_Fish Degree Angle Tests/083123_Fish Deg Angle Test_FSL05/P8310037.ORF,1991.871682934405,1378.1600888532532,Red Laser,t
27559,107,13311,2023-09-07 REEF Data Dump/083123_Fish Degree Angle Tests/083123_Fish Deg Angle Test_FSL05/P8310041.ORF,1990.349502131901,1378.366901683112,Red Laser,f
27549,107,13312,2023-09-07 REEF Data Dump/083123_Fish Degree Angle Tests/083123_Fish Deg Angle Test_FSL05/P8310039.ORF,1989.8179724188622,1378.9346008037091,Red Laser,f
27554,107,13313,2023-09-07 REEF Data Dump/083123_Fish Degree Angle Tests/083123_Fish Deg Angle Test_FSL05/P8310040.ORF,1988.869961173139,1382.0595394733584,Red Laser,f
27544,107,13314,2023-09-07 REEF Data Dump/083123_Fish Degree Angle Tests/083123_Fish Deg Angle Test_FSL05/P8310038.ORF,1989.5469129622643,1378.6841504026074,Red Laser,f
27563,107,13315,2023-09-07 REEF Data Dump/083123_Fish Degree Angle Tests/083123_Fish Deg Angle Test_FSL05/P8310042.ORF,1989.4886198178483,1375.7090941230797,Red Laser,f
60860,107,13316,2023-09-07 REEF Data Dump/083123_Fish Degree Angle Tests/083123_Fish Deg Angle Test_FSL05/P8310043.ORF,1988.978876623882,1379.4831553053532,Red Laser,f
60013,107,13317,2023-09-07 REEF Data Dump/083123_Fish Degree Angle Tests/083123_Fish Deg Angle Test_FSL05/P8310044.ORF,1988.6783322256535,1380.565646847543,Red Laser,f
27576,107,13318,2023-09-07 REEF Data Dump/083123_Fish Degree Angle Tests/083123_Fish Deg Angle Test_FSL05/P8310045.ORF,1988.67595149957,1379.3711951154355,Red Laser,f
27581,107,13319,2023-09-07 REEF Data Dump/083123_Fish Degree Angle Tests/083123_Fish Deg Angle Test_FSL05/P8310046.ORF,1989.4555541033765,1380.2091993652723,Red Laser,f
27586,107,13320,2023-09-07 REEF Data Dump/083123_Fish Degree Angle Tests/083123_Fish Deg Angle Test_FSL05/P8310047.ORF,1989.276427751474,1379.5411134651488,Red Laser,f
27591,107,13321,2023-09-07 REEF Data Dump/083123_Fish Degree Angle Tests/083123_Fish Deg Angle Test_FSL05/P8310048.ORF,1990.0889069523387,1379.1131451958674,Red Laser,f
27600,107,13322,2023-09-07 REEF Data Dump/083123_Fish Degree Angle Tests/083123_Fish Deg Angle Test_FSL05/P8310050.ORF,1989.375901720512,1378.804104500249,Red Laser,f
56634,107,13323,2023-09-07 REEF Data Dump/083123_Fish Degree Angle Tests/083123_Fish Deg Angle Test_FSL05/P8310049.ORF,1989.1266568031006,1379.995988518486,Red Laser,f
27608,107,13324,2023-09-07 REEF Data Dump/083123_Fish Degree Angle Tests/083123_Fish Deg Angle Test_FSL05/P8310052.ORF,1988.98176402826,1378.784691115115,Red Laser,f
61470,107,13325,2023-09-07 REEF Data Dump/083123_Fish Degree Angle Tests/083123_Fish Deg Angle Test_FSL05/P8310051.ORF,1989.365256932883,1378.5949083409998,Red Laser,f
27613,107,13326,2023-09-07 REEF Data Dump/083123_Fish Degree Angle Tests/083123_Fish Deg Angle Test_FSL05/P8310053.ORF,1988.883034291837,1377.9296036208689,Red Laser,f
27618,107,13327,2023-09-07 REEF Data Dump/083123_Fish Degree Angle Tests/083123_Fish Deg Angle Test_FSL05/P8310054.ORF,1990.361212966313,1381.9607966773717,Red Laser,f
27623,107,13328,2023-09-07 REEF Data Dump/083123_Fish Degree Angle Tests/083123_Fish Deg Angle Test_FSL05/P8310055.ORF,1989.8079312846323,1381.392717643819,Red Laser,f
27635,107,13329,2023-09-07 REEF Data Dump/083123_Fish Degree Angle Tests/083123_Fish Deg Angle Test_FSL05/P8310058.ORF,1989.6154014988956,1379.7502657875345,Red Laser,f
59371,107,13330,2023-09-07 REEF Data Dump/083123_Fish Degree Angle Tests/083123_Fish Deg Angle Test_FSL05/P8310057.ORF,1989.5042280967177,1379.6167191537772,Red Laser,f
27628,107,13331,2023-09-07 REEF Data Dump/083123_Fish Degree Angle Tests/083123_Fish Deg Angle Test_FSL05/P8310056.ORF,1989.6350221130451,1378.913284181797,Red Laser,f
27645,107,13332,2023-09-07 REEF Data Dump/083123_Fish Degree Angle Tests/083123_Fish Deg Angle Test_FSL05/P8310060.ORF,1989.3935771344895,1379.436503597825,Red Laser,f
27640,107,13333,2023-09-07 REEF Data Dump/083123_Fish Degree Angle Tests/083123_Fish Deg Angle Test_FSL05/P8310059.ORF,1989.1228079580703,1381.2151039562493,Red Laser,f
27655,107,13334,2023-09-07 REEF Data Dump/083123_Fish Degree Angle Tests/083123_Fish Deg Angle Test_FSL05/P8310062.ORF,1989.0035439645144,1379.1131451958674,Red Laser,f
27650,107,13335,2023-09-07 REEF Data Dump/083123_Fish Degree Angle Tests/083123_Fish Deg Angle Test_FSL05/P8310061.ORF,1988.3561217285155,1381.5597449103204,Red Laser,f
27665,107,13336,2023-09-07 REEF Data Dump/083123_Fish Degree Angle Tests/083123_Fish Deg Angle Test_FSL05/P8310064.ORF,1988.9445932646656,1378.8344852975972,Red Laser,f
27660,107,13337,2023-09-07 REEF Data Dump/083123_Fish Degree Angle Tests/083123_Fish Deg Angle Test_FSL05/P8310063.ORF,1988.9349349316215,1380.1555974525636,Red Laser,f
27670,107,13338,2023-09-07 REEF Data Dump/083123_Fish Degree Angle Tests/083123_Fish Deg Angle Test_FSL05/P8310065.ORF,1988.607569580728,1379.504852080761,Red Laser,f
27679,107,13339,2023-09-07 REEF Data Dump/083123_Fish Degree Angle Tests/083123_Fish Deg Angle Test_FSL05/P8310067.ORF,1987.9329396550756,1381.5316892483868,Red Laser,f
27675,107,13340,2023-09-07 REEF Data Dump/083123_Fish Degree Angle Tests/083123_Fish Deg Angle Test_FSL05/P8310066.ORF,1988.77748343154,1379.6593599949101,Red Laser,f
27683,107,13341,2023-09-07 REEF Data Dump/083123_Fish Degree Angle Tests/083123_Fish Deg Angle Test_FSL05/P8310068.ORF,1989.1395590319896,1379.702686654024,Red Laser,f
27687,107,13342,2023-09-07 REEF Data Dump/083123_Fish Degree Angle Tests/083123_Fish Deg Angle Test_FSL05/P8310069.ORF,1988.3492824629511,1379.9206939834144,Red Laser,f
27697,107,13343,2023-09-07 REEF Data Dump/083123_Fish Degree Angle Tests/083123_Fish Deg Angle Test_FSL05/P8310071.ORF,1988.5642126871667,1381.140982474857,Red Laser,f
27706,107,13344,2023-09-07 REEF Data Dump/083123_Fish Degree Angle Tests/083123_Fish Deg Angle Test_FSL05/P8310073.ORF,1989.0104576357455,1377.3860494625187,Red Laser,f
61877,107,13345,2023-09-07 REEF Data Dump/083123_Fish Degree Angle Tests/083123_Fish Deg Angle Test_FSL05/P8310072.ORF,1989.2955481948445,1379.9814370615707,Red Laser,f
27692,107,13346,2023-09-07 REEF Data Dump/083123_Fish Degree Angle Tests/083123_Fish Deg Angle Test_FSL05/P8310070.ORF,1988.9973034297013,1379.2544514758608,Red Laser,f
27715,107,13347,2023-09-07 REEF Data Dump/083123_Fish Degree Angle Tests/083123_Fish Deg Angle Test_FSL05/P8310075.ORF,1988.596299835527,1381.0473681643368,Red Laser,f
27710,107,13348,2023-09-07 REEF Data Dump/083123_Fish Degree Angle Tests/083123_Fish Deg Angle Test_FSL05/P8310074.ORF,1989.1960929614934,1378.9696355256697,Red Laser,f
27719,107,13349,2023-09-07 REEF Data Dump/083123_Fish Degree Angle Tests/083123_Fish Deg Angle Test_FSL05/P8310076.ORF,1988.5289847835968,1382.9502759833495,Red Laser,f
27723,107,13350,2023-09-07 REEF Data Dump/083123_Fish Degree Angle Tests/083123_Fish Deg Angle Test_FSL05/P8310077.ORF,1988.4476267961934,1381.5081833474997,Red Laser,f
27728,107,13351,2023-09-07 REEF Data Dump/083123_Fish Degree Angle Tests/083123_Fish Deg Angle Test_FSL05/P8310078.ORF,1988.8517446643948,1382.1894942204167,Red Laser,f
27740,107,13352,2023-09-07 REEF Data Dump/083123_Fish Degree Angle Tests/083123_Fish Deg Angle Test_FSL05/P8310081.ORF,1988.6943631178628,1379.771830615006,Red Laser,f
27736,107,13353,2023-09-07 REEF Data Dump/083123_Fish Degree Angle Tests/083123_Fish Deg Angle Test_FSL05/P8310080.ORF,1989.3922256134886,1380.8271683705689,Red Laser,f
27733,107,13354,2023-09-07 REEF Data Dump/083123_Fish Degree Angle Tests/083123_Fish Deg Angle Test_FSL05/P8310079.ORF,1988.01661358446,1378.8817121669572,Red Laser,f
27745,107,13355,2023-09-07 REEF Data Dump/083123_Fish Degree Angle Tests/083123_Fish Deg Angle Test_FSL05/P8310082.ORF,1989.1698097795993,1380.7685632488092,Red Laser,f
27750,107,13356,2023-09-07 REEF Data Dump/083123_Fish Degree Angle Tests/083123_Fish Deg Angle Test_FSL05/P8310083.ORF,1989.392890861401,1383.793217719892,Red Laser,f
27764,107,13357,2023-09-07 REEF Data Dump/083123_Fish Degree Angle Tests/083123_Fish Deg Angle Test_FSL05/P8310086.ORF,1989.5991781829798,1376.8521644178124,Red Laser,f
27759,107,13358,2023-09-07 REEF Data Dump/083123_Fish Degree Angle Tests/083123_Fish Deg Angle Test_FSL05/P8310085.ORF,1990.866417227532,1384.2087992335275,Red Laser,f
27754,107,13359,2023-09-07 REEF Data Dump/083123_Fish Degree Angle Tests/083123_Fish Deg Angle Test_FSL05/P8310084.ORF,1989.3935771344895,1382.443836846999,Red Laser,f
27778,107,13360,2023-09-07 REEF Data Dump/083123_Fish Degree Angle Tests/083123_Fish Deg Angle Test_FSL05/P8310089.ORF,1988.986688379722,1379.3141623878976,Red Laser,f
27768,107,13361,2023-09-07 REEF Data Dump/083123_Fish Degree Angle Tests/083123_Fish Deg Angle Test_FSL05/P8310087.ORF,1989.6088111904437,1378.5474272598772,Red Laser,f
27773,107,13362,2023-09-07 REEF Data Dump/083123_Fish Degree Angle Tests/083123_Fish Deg Angle Test_FSL05/P8310088.ORF,1988.1675515147479,1379.120984891957,Red Laser,f
27783,107,13363,2023-09-07 REEF Data Dump/083123_Fish Degree Angle Tests/083123_Fish Deg Angle Test_FSL05/P8310090.ORF,1989.6831214346487,1379.9225192515094,Red Laser,f
27788,107,13364,2023-09-07 REEF Data Dump/083123_Fish Degree Angle Tests/083123_Fish Deg Angle Test_FSL05/P8310091.ORF,1988.2006367258061,1381.0374356206669,Red Laser,f
27797,107,13365,2023-09-07 REEF Data Dump/083123_Fish Degree Angle Tests/083123_Fish Deg Angle Test_FSL05/P8310093.ORF,1989.4870541928492,1381.8825517208375,Red Laser,f
27801,107,13366,2023-09-07 REEF Data Dump/083123_Fish Degree Angle Tests/083123_Fish Deg Angle Test_FSL05/P8310094.ORF,1988.104599784512,1379.5017941053043,Red Laser,f
27793,107,13367,2023-09-07 REEF Data Dump/083123_Fish Degree Angle Tests/083123_Fish Deg Angle Test_FSL05/P8310092.ORF,1989.0201738062356,1383.3620255295043,Red Laser,f
27806,107,13368,2023-09-07 REEF Data Dump/083123_Fish Degree Angle Tests/083123_Fish Deg Angle Test_FSL05/P8310095.ORF,1989.247168366979,1380.799504634951,Red Laser,f
27811,107,13369,2023-09-07 REEF Data Dump/083123_Fish Degree Angle Tests/083123_Fish Deg Angle Test_FSL05/P8310096.ORF,1990.150054180025,1380.1180721145788,Red Laser,f
27820,107,13370,2023-09-07 REEF Data Dump/083123_Fish Degree Angle Tests/083123_Fish Deg Angle Test_FSL05/P8310098.ORF,1989.1102598386462,1381.0263991888614,Red Laser,f
27816,107,13371,2023-09-07 REEF Data Dump/083123_Fish Degree Angle Tests/083123_Fish Deg Angle Test_FSL05/P8310097.ORF,1989.0035439645144,1380.198508183692,Red Laser,f
27825,107,13372,2023-09-07 REEF Data Dump/083123_Fish Degree Angle Tests/083123_Fish Deg Angle Test_FSL05/P8310099.ORF,1988.2995673612393,1379.2918799717652,Red Laser,f
27835,107,13373,2023-09-07 REEF Data Dump/083123_Fish Degree Angle Tests/083123_Fish Deg Angle Test_FSL05/P8310101.ORF,1987.6153796600931,1379.273171777868,Red Laser,f
27840,107,13374,2023-09-07 REEF Data Dump/083123_Fish Degree Angle Tests/083123_Fish Deg Angle Test_FSL05/P8310102.ORF,1988.5399675594738,1382.268636678353,Red Laser,f
27830,107,13375,2023-09-07 REEF Data Dump/083123_Fish Degree Angle Tests/083123_Fish Deg Angle Test_FSL05/P8310100.ORF,1989.2390540342244,1381.7491306249217,Red Laser,f
27850,107,13376,2023-09-07 REEF Data Dump/083123_Fish Degree Angle Tests/083123_Fish Deg Angle Test_FSL05/P8310104.ORF,1989.145487737545,1381.420032667854,Red Laser,f
60016,107,13377,2023-09-07 REEF Data Dump/083123_Fish Degree Angle Tests/083123_Fish Deg Angle Test_FSL05/P8310106.ORF,1988.2911684358005,1380.4597131373057,Red Laser,f
27854,107,13378,2023-09-07 REEF Data Dump/083123_Fish Degree Angle Tests/083123_Fish Deg Angle Test_FSL05/P8310105.ORF,1988.5092047994005,1381.9332519337338,Red Laser,f
27845,107,13379,2023-09-07 REEF Data Dump/083123_Fish Degree Angle Tests/083123_Fish Deg Angle Test_FSL05/P8310103.ORF,1989.5305673623186,1378.8212139258344,Red Laser,f
27861,107,13380,2023-09-07 REEF Data Dump/083123_Fish Degree Angle Tests/083123_Fish Deg Angle Test_FSL05/P8310107.ORF,1988.0490806938512,1382.1233261737975,Red Laser,f
27866,107,13381,2023-09-07 REEF Data Dump/083123_Fish Degree Angle Tests/083123_Fish Deg Angle Test_FSL05/P8310108.ORF,1988.2977657792264,1378.6848120822403,Red Laser,f
27876,107,13382,2023-09-07 REEF Data Dump/083123_Fish Degree Angle Tests/083123_Fish Deg Angle Test_FSL05/P8310110.ORF,1987.9240847513709,1376.7709127633304,Red Laser,f
27871,107,13383,2023-09-07 REEF Data Dump/083123_Fish Degree Angle Tests/083123_Fish Deg Angle Test_FSL05/P8310109.ORF,1988.7976867959833,1379.371822595771,Red Laser,f
27881,107,13384,2023-09-07 REEF Data Dump/083123_Fish Degree Angle Tests/083123_Fish Deg Angle Test_FSL05/P8310111.ORF,1988.672608894338,1378.5783402922393,Red Laser,f
27891,107,13385,2023-09-07 REEF Data Dump/083123_Fish Degree Angle Tests/083123_Fish Deg Angle Test_FSL05/P8310113.ORF,1987.9921438606098,1381.2603242721325,Red Laser,f
27886,107,13386,2023-09-07 REEF Data Dump/083123_Fish Degree Angle Tests/083123_Fish Deg Angle Test_FSL05/P8310112.ORF,1989.4788711574033,1383.9102457823756,Red Laser,f
27899,107,13387,2023-09-07 REEF Data Dump/083123_Fish Degree Angle Tests/083123_Fish Deg Angle Test_FSL05/P8310115.ORF,1988.0172872281016,1378.7592322669166,Red Laser,f
27895,107,13388,2023-09-07 REEF Data Dump/083123_Fish Degree Angle Tests/083123_Fish Deg Angle Test_FSL05/P8310114.ORF,1988.8117901636708,1379.9062956077755,Red Laser,f
60018,107,13389,2023-09-07 REEF Data Dump/083123_Fish Degree Angle Tests/083123_Fish Deg Angle Test_FSL05/P8310117.ORF,1987.8620077388953,1380.4064519319145,Red Laser,f
27902,107,13390,2023-09-07 REEF Data Dump/083123_Fish Degree Angle Tests/083123_Fish Deg Angle Test_FSL05/P8310116.ORF,1987.9253826488468,1379.5349929400238,Red Laser,f
27910,107,13391,2023-09-07 REEF Data Dump/083123_Fish Degree Angle Tests/083123_Fish Deg Angle Test_FSL05/P8310118.ORF,1988.515081953627,1381.3889451587556,Red Laser,f
27914,107,13392,2023-09-07 REEF Data Dump/083123_Fish Degree Angle Tests/083123_Fish Deg Angle Test_FSL05/P8310119.ORF,1988.0330457503374,1376.4204136829096,Red Laser,f
59450,107,13393,2023-09-07 REEF Data Dump/083123_Fish Degree Angle Tests/083123_Fish Deg Angle Test_FSL05/P8310121.ORF,1988.1459061163412,1380.6771351494867,Red Laser,f
27919,107,13394,2023-09-07 REEF Data Dump/083123_Fish Degree Angle Tests/083123_Fish Deg Angle Test_FSL05/P8310120.ORF,1987.2356077815516,1379.7608485632006,Red Laser,f
27938,107,13395,2023-09-07 REEF Data Dump/083123_Fish Degree Angle Tests/083123_Fish Deg Angle Test_FSL05/P8310124.ORF,1991.3132160517262,1384.8495572759618,Red Laser,f
27933,107,13396,2023-09-07 REEF Data Dump/083123_Fish Degree Angle Tests/083123_Fish Deg Angle Test_FSL05/P8310123.ORF,1988.8949225400609,1380.019819493464,Red Laser,f
27928,107,13397,2023-09-07 REEF Data Dump/083123_Fish Degree Angle Tests/083123_Fish Deg Angle Test_FSL05/P8310122.ORF,1988.7068107746663,1382.4177351024248,Red Laser,f
27958,107,13398,2023-09-07 REEF Data Dump/083123_Fish Degree Angle Tests/083123_Fish Deg Angle Test_FSL05/P8310129.ORF,1989.2529132705517,1380.8774940247904,Red Laser,f
27940,107,13399,2023-09-07 REEF Data Dump/083123_Fish Degree Angle Tests/083123_Fish Deg Angle Test_FSL05/P8310125.ORF,1988.3562779917531,1378.8262542726552,Red Laser,f
27954,107,13400,2023-09-07 REEF Data Dump/083123_Fish Degree Angle Tests/083123_Fish Deg Angle Test_FSL05/P8310128.ORF,1988.7933619133414,1378.9551518984288,Red Laser,f
27950,107,13401,2023-09-07 REEF Data Dump/083123_Fish Degree Angle Tests/083123_Fish Deg Angle Test_FSL05/P8310127.ORF,1988.7419048771178,1377.2403177801532,Red Laser,f
27945,107,13402,2023-09-07 REEF Data Dump/083123_Fish Degree Angle Tests/083123_Fish Deg Angle Test_FSL05/P8310126.ORF,1987.8336163995798,1379.3400130897485,Red Laser,f
27972,107,13403,2023-09-07 REEF Data Dump/083123_Fish Degree Angle Tests/083123_Fish Deg Angle Test_FSL05/P8310132.ORF,1988.0373662537072,1381.0733539444693,Red Laser,f
27389,87,14564,2025-02-10 REEF Data Dump SMILE 6/083123_Fish Degree Angle Tests/083123_Fish Deg Angle Tests_FSL06/P8310001.ORF,2073.341181586587,1380.9631957432953,Red Laser,f
27394,87,14565,2025-02-10 REEF Data Dump SMILE 6/083123_Fish Degree Angle Tests/083123_Fish Deg Angle Tests_FSL06/P8310002.ORF,2074.890171845755,1382.0239777783886,Red Laser,f
27399,87,14566,2025-02-10 REEF Data Dump SMILE 6/083123_Fish Degree Angle Tests/083123_Fish Deg Angle Tests_FSL06/P8310003.ORF,2073.681333216133,1381.551857879116,Red Laser,f
27404,87,14567,2025-02-10 REEF Data Dump SMILE 6/083123_Fish Degree Angle Tests/083123_Fish Deg Angle Tests_FSL06/P8310004.ORF,2074.8496340696315,1384.2406040931198,Red Laser,f
27413,87,14568,2025-02-10 REEF Data Dump SMILE 6/083123_Fish Degree Angle Tests/083123_Fish Deg Angle Tests_FSL06/P8310006.ORF,2071.9691881778604,1383.440122922496,Red Laser,f
27416,87,14569,2025-02-10 REEF Data Dump SMILE 6/083123_Fish Degree Angle Tests/083123_Fish Deg Angle Tests_FSL06/P8310007.ORF,2072.569297954364,1381.874306136056,Red Laser,f
66956,87,14570,2025-02-10 REEF Data Dump SMILE 6/083123_Fish Degree Angle Tests/083123_Fish Deg Angle Tests_FSL06/P8310005.ORF,,,,f
27420,87,14571,2025-02-10 REEF Data Dump SMILE 6/083123_Fish Degree Angle Tests/083123_Fish Deg Angle Tests_FSL06/P8310008.ORF,2072.5208661305023,1381.2446316463988,Red Laser,f
66958,87,14572,2025-02-10 REEF Data Dump SMILE 6/083123_Fish Degree Angle Tests/083123_Fish Deg Angle Tests_FSL06/P8310009.ORF,,,,f
66125,87,14573,2025-02-10 REEF Data Dump SMILE 6/083123_Fish Degree Angle Tests/083123_Fish Deg Angle Tests_FSL06/P8310010.ORF,2073.4483774883056,1379.885527920536,Red Laser,f
66961,87,14574,2025-02-10 REEF Data Dump SMILE 6/083123_Fish Degree Angle Tests/083123_Fish Deg Angle Tests_FSL06/P8310014.ORF,,,,f
66960,87,14575,2025-02-10 REEF Data Dump SMILE 6/083123_Fish Degree Angle Tests/083123_Fish Deg Angle Tests_FSL06/P8310013.ORF,,,,f
66126,87,14576,2025-02-10 REEF Data Dump SMILE 6/083123_Fish Degree Angle Tests/083123_Fish Deg Angle Tests_FSL06/P8310012.ORF,2075.9649948577426,1376.5486566774284,Red Laser,t
66959,87,14577,2025-02-10 REEF Data Dump SMILE 6/083123_Fish Degree Angle Tests/083123_Fish Deg Angle Tests_FSL06/P8310011.ORF,,,,f
27452,87,14578,2025-02-10 REEF Data Dump SMILE 6/083123_Fish Degree Angle Tests/083123_Fish Deg Angle Tests_FSL06/P8310017.ORF,2074.043173250435,1378.1378824220458,Red Laser,f
66127,87,14579,2025-02-10 REEF Data Dump SMILE 6/083123_Fish Degree Angle Tests/083123_Fish Deg Angle Tests_FSL06/P8310015.ORF,2073.92942611109,1376.9511882275879,Red Laser,f
27448,87,14580,2025-02-10 REEF Data Dump SMILE 6/083123_Fish Degree Angle Tests/083123_Fish Deg Angle Tests_FSL06/P8310016.ORF,2074.488439694793,1378.1104200016027,Red Laser,f
27457,87,14581,2025-02-10 REEF Data Dump SMILE 6/083123_Fish Degree Angle Tests/083123_Fish Deg Angle Tests_FSL06/P8310018.ORF,2073.1279173559005,1377.9296036208689,Red Laser,f
27461,87,14582,2025-02-10 REEF Data Dump SMILE 6/083123_Fish Degree Angle Tests/083123_Fish Deg Angle Tests_FSL06/P8310019.ORF,2075.2148642479738,1377.0580872624348,Red Laser,t
27466,87,14583,2025-02-10 REEF Data Dump SMILE 6/083123_Fish Degree Angle Tests/083123_Fish Deg Angle Tests_FSL06/P8310020.ORF,2074.8182556387233,1385.9971819107525,Red Laser,f
27473,87,14584,2025-02-10 REEF Data Dump SMILE 6/083123_Fish Degree Angle Tests/083123_Fish Deg Angle Tests_FSL06/P8310022.ORF,2075.6410618632403,1388.9949727926992,Red Laser,f
27477,87,14585,2025-02-10 REEF Data Dump SMILE 6/083123_Fish Degree Angle Tests/083123_Fish Deg Angle Tests_FSL06/P8310023.ORF,2075.19739299932,1387.981811197953,Red Laser,f
27469,87,14586,2025-02-10 REEF Data Dump SMILE 6/083123_Fish Degree Angle Tests/083123_Fish Deg Angle Tests_FSL06/P8310021.ORF,2075.2188537725115,1388.9110402405295,Red Laser,f
27491,87,14587,2025-02-10 REEF Data Dump SMILE 6/083123_Fish Degree Angle Tests/083123_Fish Deg Angle Tests_FSL06/P8310026.ORF,2074.4315461942233,1385.6426112431043,Red Laser,f
27486,87,14588,2025-02-10 REEF Data Dump SMILE 6/083123_Fish Degree Angle Tests/083123_Fish Deg Angle Tests_FSL06/P8310025.ORF,2078.0331237436963,1389.8331382081217,Red Laser,f
59453,107,13404,2023-09-07 REEF Data Dump/083123_Fish Degree Angle Tests/083123_Fish Deg Angle Test_FSL05/P8310131.ORF,1988.849721462075,1380.8484801097918,Red Laser,f
27963,107,13405,2023-09-07 REEF Data Dump/083123_Fish Degree Angle Tests/083123_Fish Deg Angle Test_FSL05/P8310130.ORF,1988.6508009934712,1379.9543015114314,Red Laser,f
27977,107,13406,2023-09-07 REEF Data Dump/083123_Fish Degree Angle Tests/083123_Fish Deg Angle Test_FSL05/P8310133.ORF,1989.3630884699612,1381.298520679675,Red Laser,f
27986,107,13407,2023-09-07 REEF Data Dump/083123_Fish Degree Angle Tests/083123_Fish Deg Angle Test_FSL05/P8310135.ORF,1987.3454695599896,1380.8802444088903,Red Laser,f
27982,107,13408,2023-09-07 REEF Data Dump/083123_Fish Degree Angle Tests/083123_Fish Deg Angle Test_FSL05/P8310134.ORF,1990.4426065002267,1384.8495572759618,Red Laser,f
27991,107,13409,2023-09-07 REEF Data Dump/083123_Fish Degree Angle Tests/083123_Fish Deg Angle Test_FSL05/P8310136.ORF,1988.87017831131,1377.7178046900956,Red Laser,f
28004,107,13410,2023-09-07 REEF Data Dump/083123_Fish Degree Angle Tests/083123_Fish Deg Angle Test_FSL05/P8310139.ORF,1988.0172872281016,1383.1086811810105,Red Laser,f
27996,107,13411,2023-09-07 REEF Data Dump/083123_Fish Degree Angle Tests/083123_Fish Deg Angle Test_FSL05/P8310137.ORF,1988.7335159019099,1379.8819824015593,Red Laser,f
28000,107,13412,2023-09-07 REEF Data Dump/083123_Fish Degree Angle Tests/083123_Fish Deg Angle Test_FSL05/P8310138.ORF,1990.1806501456074,1382.1963506778116,Red Laser,f
28009,107,13413,2023-09-07 REEF Data Dump/083123_Fish Degree Angle Tests/083123_Fish Deg Angle Test_FSL05/P8310140.ORF,1989.3800970043787,1381.6172915464876,Red Laser,f
28026,107,13414,2023-09-07 REEF Data Dump/083123_Fish Degree Angle Tests/083123_Fish Deg Angle Test_FSL05/P8310144.ORF,1988.905690527073,1379.4335932753263,Red Laser,f
28014,107,13415,2023-09-07 REEF Data Dump/083123_Fish Degree Angle Tests/083123_Fish Deg Angle Test_FSL05/P8310141.ORF,1989.0626692238409,1381.944115304098,Red Laser,f
28022,107,13416,2023-09-07 REEF Data Dump/083123_Fish Degree Angle Tests/083123_Fish Deg Angle Test_FSL05/P8310143.ORF,1987.9091846642812,1378.8384243127234,Red Laser,f
59454,107,13417,2023-09-07 REEF Data Dump/083123_Fish Degree Angle Tests/083123_Fish Deg Angle Test_FSL05/P8310142.ORF,1988.7415065170035,1381.8693722048768,Red Laser,f
28043,107,13418,2023-09-07 REEF Data Dump/083123_Fish Degree Angle Tests/083123_Fish Deg Angle Test_FSL05/P8310148.ORF,1987.9240847513709,1382.9222762275492,Red Laser,f
28034,107,13419,2023-09-07 REEF Data Dump/083123_Fish Degree Angle Tests/083123_Fish Deg Angle Test_FSL05/P8310146.ORF,1988.4134146676254,1380.7609689914216,Red Laser,f
28039,107,13420,2023-09-07 REEF Data Dump/083123_Fish Degree Angle Tests/083123_Fish Deg Angle Test_FSL05/P8310147.ORF,1987.6534670014871,1378.865459551522,Red Laser,f
28048,107,13421,2023-09-07 REEF Data Dump/083123_Fish Degree Angle Tests/083123_Fish Deg Angle Test_FSL05/P8310149.ORF,1987.2908370524449,1379.3423242657536,Red Laser,f
28029,107,13422,2023-09-07 REEF Data Dump/083123_Fish Degree Angle Tests/083123_Fish Deg Angle Test_FSL05/P8310145.ORF,1988.6023826268379,1379.672287007871,Red Laser,f
28053,107,13423,2023-09-07 REEF Data Dump/083123_Fish Degree Angle Tests/083123_Fish Deg Angle Test_FSL05/P8310150.ORF,1989.139534663193,1380.119562215457,Red Laser,f
28057,107,13424,2023-09-07 REEF Data Dump/083123_Fish Degree Angle Tests/083123_Fish Deg Angle Test_FSL05/P8310151.ORF,1988.081476261663,1380.0887622129655,Red Laser,f
28062,107,13425,2023-09-07 REEF Data Dump/083123_Fish Degree Angle Tests/083123_Fish Deg Angle Test_FSL05/P8310152.ORF,1987.758991975873,1379.3577497271474,Red Laser,f
28067,107,13426,2023-09-07 REEF Data Dump/083123_Fish Degree Angle Tests/083123_Fish Deg Angle Test_FSL05/P8310153.ORF,1988.7933619133407,1376.916528705671,Red Laser,f
28070,107,13427,2023-09-07 REEF Data Dump/083123_Fish Degree Angle Tests/083123_Fish Deg Angle Test_FSL05/P8310154.ORF,1988.8187380194624,1381.3043074047578,Red Laser,f
28080,107,13428,2023-09-07 REEF Data Dump/083123_Fish Degree Angle Tests/083123_Fish Deg Angle Test_FSL05/P8310156.ORF,1988.5777726897545,1380.7784183477033,Red Laser,f
28075,107,13429,2023-09-07 REEF Data Dump/083123_Fish Degree Angle Tests/083123_Fish Deg Angle Test_FSL05/P8310155.ORF,1989.1245674161848,1383.2839880184874,Red Laser,f
28090,107,13430,2023-09-07 REEF Data Dump/083123_Fish Degree Angle Tests/083123_Fish Deg Angle Test_FSL05/P8310158.ORF,1988.4251853560877,1382.0771136037768,Red Laser,f
28085,107,13431,2023-09-07 REEF Data Dump/083123_Fish Degree Angle Tests/083123_Fish Deg Angle Test_FSL05/P8310157.ORF,1986.847293696268,1380.7938133376194,Red Laser,f
28095,107,13432,2023-09-07 REEF Data Dump/083123_Fish Degree Angle Tests/083123_Fish Deg Angle Test_FSL05/P8310159.ORF,1988.6373940169099,1381.9186728931302,Red Laser,f
28100,107,13433,2023-09-07 REEF Data Dump/083123_Fish Degree Angle Tests/083123_Fish Deg Angle Test_FSL05/P8310160.ORF,1987.896618281187,1380.7094494050018,Red Laser,f
28110,107,13434,2023-09-07 REEF Data Dump/083123_Fish Degree Angle Tests/083123_Fish Deg Angle Test_FSL05/P8310162.ORF,1988.2995673612393,1382.5973854620568,Red Laser,f
28105,107,13435,2023-09-07 REEF Data Dump/083123_Fish Degree Angle Tests/083123_Fish Deg Angle Test_FSL05/P8310161.ORF,1988.6552969096383,1378.799492510673,Red Laser,f
28114,107,13436,2023-09-07 REEF Data Dump/083123_Fish Degree Angle Tests/083123_Fish Deg Angle Test_FSL05/P8310163.ORF,1987.7395065759029,1378.8017302491571,Red Laser,f
28133,107,13437,2023-09-07 REEF Data Dump/083123_Fish Degree Angle Tests/083123_Fish Deg Angle Test_FSL05/P8310167.ORF,1988.3029092661845,1380.4161651865716,Red Laser,f
28128,107,13438,2023-09-07 REEF Data Dump/083123_Fish Degree Angle Tests/083123_Fish Deg Angle Test_FSL05/P8310166.ORF,1987.9779126362375,1382.2169490068413,Red Laser,f
28119,107,13439,2023-09-07 REEF Data Dump/083123_Fish Degree Angle Tests/083123_Fish Deg Angle Test_FSL05/P8310164.ORF,1989.1259437338122,1380.1182563443379,Red Laser,f
28123,107,13440,2023-09-07 REEF Data Dump/083123_Fish Degree Angle Tests/083123_Fish Deg Angle Test_FSL05/P8310165.ORF,1988.5000000000002,1383.0000000000005,Red Laser,f
28137,107,13441,2023-09-07 REEF Data Dump/083123_Fish Degree Angle Tests/083123_Fish Deg Angle Test_FSL05/P8310168.ORF,1988.4210183384657,1378.437914443737,Red Laser,f
28150,107,13442,2023-09-07 REEF Data Dump/083123_Fish Degree Angle Tests/083123_Fish Deg Angle Test_FSL05/P8310171.ORF,1987.9244375824367,1379.0064762979314,Red Laser,f
28141,107,13443,2023-09-07 REEF Data Dump/083123_Fish Degree Angle Tests/083123_Fish Deg Angle Test_FSL05/P8310169.ORF,1987.9446346464065,1381.0634535517647,Red Laser,f
28146,107,13444,2023-09-07 REEF Data Dump/083123_Fish Degree Angle Tests/083123_Fish Deg Angle Test_FSL05/P8310170.ORF,1987,1378,Red Laser,f
28158,107,13445,2023-09-07 REEF Data Dump/083123_Fish Degree Angle Tests/083123_Fish Deg Angle Test_FSL05/P8310173.ORF,1987.3756225487446,1381.6734030435398,Red Laser,f
28166,107,13446,2023-09-07 REEF Data Dump/083123_Fish Degree Angle Tests/083123_Fish Deg Angle Test_FSL05/P8310175.ORF,1987.4653027387171,1379.3332244128708,Red Laser,f
28154,107,13447,2023-09-07 REEF Data Dump/083123_Fish Degree Angle Tests/083123_Fish Deg Angle Test_FSL05/P8310172.ORF,1988.2421167938562,1379.3914302682415,Red Laser,f
28162,107,13448,2023-09-07 REEF Data Dump/083123_Fish Degree Angle Tests/083123_Fish Deg Angle Test_FSL05/P8310174.ORF,1987.099343745891,1381.4296290112165,Red Laser,f
28180,107,13449,2023-09-07 REEF Data Dump/083123_Fish Degree Angle Tests/083123_Fish Deg Angle Test_FSL05/P8310178.ORF,1988.1912711717382,1383.1707060783137,Red Laser,f
28171,107,13450,2023-09-07 REEF Data Dump/083123_Fish Degree Angle Tests/083123_Fish Deg Angle Test_FSL05/P8310176.ORF,1988.5898185628168,1380.0250159903,Red Laser,f
61485,107,13451,2023-09-07 REEF Data Dump/083123_Fish Degree Angle Tests/083123_Fish Deg Angle Test_FSL05/P8310177.ORF,1987.9240847513709,1380.1883369101188,Red Laser,f
66140,107,13452,2023-09-07 REEF Data Dump/083123_Fish Degree Angle Tests/083123_Fish Deg Angle Test_FSL05/P8310179.ORF,1987.1544680419254,1378.1629409391824,Red Laser,f
28197,107,13453,2023-09-07 REEF Data Dump/083123_Fish Degree Angle Tests/083123_Fish Deg Angle Test_FSL05/P8310182.ORF,1987.100485531995,1378.1583869669264,Red Laser,f
28194,107,13454,2023-09-07 REEF Data Dump/083123_Fish Degree Angle Tests/083123_Fish Deg Angle Test_FSL05/P8310181.ORF,1986.3358103721646,1380.1276251462366,Red Laser,f
28189,107,13455,2023-09-07 REEF Data Dump/083123_Fish Degree Angle Tests/083123_Fish Deg Angle Test_FSL05/P8310180.ORF,1986.807173278459,1378.555152552472,Red Laser,f
28201,107,13456,2023-09-07 REEF Data Dump/083123_Fish Degree Angle Tests/083123_Fish Deg Angle Test_FSL05/P8310183.ORF,1987.278254234093,1379.8156337807577,Red Laser,f
28208,107,13457,2023-09-07 REEF Data Dump/083123_Fish Degree Angle Tests/083123_Fish Deg Angle Test_FSL05/P8310185.ORF,1987.5136040779064,1380.2937757129464,Red Laser,f
59458,107,13458,2023-09-07 REEF Data Dump/083123_Fish Degree Angle Tests/083123_Fish Deg Angle Test_FSL05/P8310186.ORF,1986.5378346915018,1378.508731082654,Red Laser,f
66141,107,13459,2023-09-07 REEF Data Dump/083123_Fish Degree Angle Tests/083123_Fish Deg Angle Test_FSL05/P8310184.ORF,1987.1458986651626,1379.8685392754533,Red Laser,f
28219,107,13460,2023-09-07 REEF Data Dump/083123_Fish Degree Angle Tests/083123_Fish Deg Angle Test_FSL05/P8310188.ORF,1988.0726089741029,1380.7355905344034,Red Laser,f
28215,107,13461,2023-09-07 REEF Data Dump/083123_Fish Degree Angle Tests/083123_Fish Deg Angle Test_FSL05/P8310187.ORF,1988.3622160900197,1380.5774617528707,Red Laser,f
28224,107,13462,2023-09-07 REEF Data Dump/083123_Fish Degree Angle Tests/083123_Fish Deg Angle Test_FSL05/P8310189.ORF,1988.1166078593878,1383.658586777293,Red Laser,f
28229,107,13463,2023-09-07 REEF Data Dump/083123_Fish Degree Angle Tests/083123_Fish Deg Angle Test_FSL05/P8310190.ORF,1987.718963234846,1379.2533421038308,Red Laser,f
28238,107,13464,2023-09-07 REEF Data Dump/083123_Fish Degree Angle Tests/083123_Fish Deg Angle Test_FSL05/P8310192.ORF,1988.4592622566506,1378.5658281772353,Red Laser,f
28242,107,13465,2023-09-07 REEF Data Dump/083123_Fish Degree Angle Tests/083123_Fish Deg Angle Test_FSL05/P8310193.ORF,1988.9612729799214,1376.0908453581194,Red Laser,f
28234,107,13466,2023-09-07 REEF Data Dump/083123_Fish Degree Angle Tests/083123_Fish Deg Angle Test_FSL05/P8310191.ORF,1987.5516848719838,1378.6397735423989,Red Laser,f
28245,107,13467,2023-09-07 REEF Data Dump/083123_Fish Degree Angle Tests/083123_Fish Deg Angle Test_FSL05/P8310194.ORF,1991.9020687531213,1383.8069589944241,Red Laser,f
28249,107,13468,2023-09-07 REEF Data Dump/083123_Fish Degree Angle Tests/083123_Fish Deg Angle Test_FSL05/P8310195.ORF,1987.6636290124104,1380.33783590669,Red Laser,f
28253,107,13469,2023-09-07 REEF Data Dump/083123_Fish Degree Angle Tests/083123_Fish Deg Angle Test_FSL05/P8310196.ORF,1987.743191156713,1380.9550565441973,Red Laser,f
28257,107,13470,2023-09-07 REEF Data Dump/083123_Fish Degree Angle Tests/083123_Fish Deg Angle Test_FSL05/P8310197.ORF,1988.5971952705966,1383.742310538184,Red Laser,f
28262,107,13471,2023-09-07 REEF Data Dump/083123_Fish Degree Angle Tests/083123_Fish Deg Angle Test_FSL05/P8310198.ORF,1988.0001610445045,1379.9490734435701,Red Laser,f
28267,107,13472,2023-09-07 REEF Data Dump/083123_Fish Degree Angle Tests/083123_Fish Deg Angle Test_FSL05/P8310199.ORF,1987.5701879976864,1377.3242533442224,Red Laser,f
28272,107,13473,2023-09-07 REEF Data Dump/083123_Fish Degree Angle Tests/083123_Fish Deg Angle Test_FSL05/P8310200.ORF,1987.4988361859398,1379.9765021180006,Red Laser,f
28281,107,13474,2023-09-07 REEF Data Dump/083123_Fish Degree Angle Tests/083123_Fish Deg Angle Test_FSL05/P8310202.ORF,1987.1380771976096,1377.9328369732384,Red Laser,f
28276,107,13475,2023-09-07 REEF Data Dump/083123_Fish Degree Angle Tests/083123_Fish Deg Angle Test_FSL05/P8310201.ORF,1987.1624633591346,1379.3628765369801,Red Laser,f
28106,87,14724,2025-02-10 REEF Data Dump SMILE 6/083123_Fish Degree Angle Tests/083123_Fish Deg Angle Tests_FSL06/P8310161.ORF,2078.8126975041855,1390.5339355084307,Red Laser,f
59457,87,14725,2025-02-10 REEF Data Dump SMILE 6/083123_Fish Degree Angle Tests/083123_Fish Deg Angle Tests_FSL06/P8310162.ORF,2071.992311974201,1388.3902394402703,Red Laser,t
28115,87,14726,2025-02-10 REEF Data Dump SMILE 6/083123_Fish Degree Angle Tests/083123_Fish Deg Angle Tests_FSL06/P8310163.ORF,2074.462664457443,1384.4175433192295,Red Laser,f
28120,87,14727,2025-02-10 REEF Data Dump SMILE 6/083123_Fish Degree Angle Tests/083123_Fish Deg Angle Tests_FSL06/P8310164.ORF,2074.767661833374,1384.3853027664109,Red Laser,f
28124,87,14728,2025-02-10 REEF Data Dump SMILE 6/083123_Fish Degree Angle Tests/083123_Fish Deg Angle Tests_FSL06/P8310165.ORF,2074.7252619324795,1387.7916181606518,Red Laser,f
28129,87,14729,2025-02-10 REEF Data Dump SMILE 6/083123_Fish Degree Angle Tests/083123_Fish Deg Angle Tests_FSL06/P8310166.ORF,2075.378899239954,1384.705632321939,Red Laser,f
28138,87,14730,2025-02-10 REEF Data Dump SMILE 6/083123_Fish Degree Angle Tests/083123_Fish Deg Angle Tests_FSL06/P8310168.ORF,2075.2179132922793,1390.2627635495462,Red Laser,f
28147,87,14731,2025-02-10 REEF Data Dump SMILE 6/083123_Fish Degree Angle Tests/083123_Fish Deg Angle Tests_FSL06/P8310170.ORF,2074.334997037558,1384.7517103535538,Red Laser,f
28134,87,14732,2025-02-10 REEF Data Dump SMILE 6/083123_Fish Degree Angle Tests/083123_Fish Deg Angle Tests_FSL06/P8310167.ORF,2075.3573462279733,1385.5141271789296,Red Laser,f
28151,87,14733,2025-02-10 REEF Data Dump SMILE 6/083123_Fish Degree Angle Tests/083123_Fish Deg Angle Tests_FSL06/P8310171.ORF,2074.929513412305,1385.4572825621276,Red Laser,f
28142,87,14734,2025-02-10 REEF Data Dump SMILE 6/083123_Fish Degree Angle Tests/083123_Fish Deg Angle Tests_FSL06/P8310169.ORF,2075.8702541290045,1388.9807266098098,Red Laser,f
28163,87,14735,2025-02-10 REEF Data Dump SMILE 6/083123_Fish Degree Angle Tests/083123_Fish Deg Angle Tests_FSL06/P8310174.ORF,2073.3105349399816,1386.4389780149938,Red Laser,f
28167,87,14736,2025-02-10 REEF Data Dump SMILE 6/083123_Fish Degree Angle Tests/083123_Fish Deg Angle Tests_FSL06/P8310175.ORF,2073.081855918155,1386.8329078742993,Red Laser,f
28172,87,14737,2025-02-10 REEF Data Dump SMILE 6/083123_Fish Degree Angle Tests/083123_Fish Deg Angle Tests_FSL06/P8310176.ORF,2073.4981555724294,1383.990551184541,Red Laser,f
28159,87,14738,2025-02-10 REEF Data Dump SMILE 6/083123_Fish Degree Angle Tests/083123_Fish Deg Angle Tests_FSL06/P8310173.ORF,2075.0397833043194,1387.3639536674434,Red Laser,f
28155,87,14739,2025-02-10 REEF Data Dump SMILE 6/083123_Fish Degree Angle Tests/083123_Fish Deg Angle Tests_FSL06/P8310172.ORF,2074.198286055764,1385.095841231622,Red Laser,f
28176,87,14740,2025-02-10 REEF Data Dump SMILE 6/083123_Fish Degree Angle Tests/083123_Fish Deg Angle Tests_FSL06/P8310177.ORF,2072.256327323113,1385.4801285447973,Red Laser,f
28185,87,14741,2025-02-10 REEF Data Dump SMILE 6/083123_Fish Degree Angle Tests/083123_Fish Deg Angle Tests_FSL06/P8310179.ORF,2075.353744463782,1385.0810620196203,Red Laser,f
28181,87,14742,2025-02-10 REEF Data Dump SMILE 6/083123_Fish Degree Angle Tests/083123_Fish Deg Angle Tests_FSL06/P8310178.ORF,2072.843905019421,1385.3840219965348,Red Laser,f
28190,87,14743,2025-02-10 REEF Data Dump SMILE 6/083123_Fish Degree Angle Tests/083123_Fish Deg Angle Tests_FSL06/P8310180.ORF,2073.139776383832,1384.9154188886353,Red Laser,f
28202,87,14744,2025-02-10 REEF Data Dump SMILE 6/083123_Fish Degree Angle Tests/083123_Fish Deg Angle Tests_FSL06/P8310183.ORF,2075.535833721984,1384.4463835199315,Red Laser,f
27482,87,14589,2025-02-10 REEF Data Dump SMILE 6/083123_Fish Degree Angle Tests/083123_Fish Deg Angle Tests_FSL06/P8310024.ORF,2076.2939663710595,1385.8801753289702,Red Laser,f
27496,87,14590,2025-02-10 REEF Data Dump SMILE 6/083123_Fish Degree Angle Tests/083123_Fish Deg Angle Tests_FSL06/P8310027.ORF,2075.410400958183,1387.734571321307,Red Laser,f
27501,87,14591,2025-02-10 REEF Data Dump SMILE 6/083123_Fish Degree Angle Tests/083123_Fish Deg Angle Tests_FSL06/P8310028.ORF,2074.4864186189716,1388.3501448176078,Red Laser,f
27519,87,14592,2025-02-10 REEF Data Dump SMILE 6/083123_Fish Degree Angle Tests/083123_Fish Deg Angle Tests_FSL06/P8310032.ORF,2077.4332400551075,1385.4977462378104,Red Laser,f
27506,87,14593,2025-02-10 REEF Data Dump SMILE 6/083123_Fish Degree Angle Tests/083123_Fish Deg Angle Tests_FSL06/P8310029.ORF,2075.285786760274,1389.6644511169118,Red Laser,f
27514,87,14594,2025-02-10 REEF Data Dump SMILE 6/083123_Fish Degree Angle Tests/083123_Fish Deg Angle Tests_FSL06/P8310031.ORF,2074.966346009143,1387.857761643975,Red Laser,f
27511,87,14595,2025-02-10 REEF Data Dump SMILE 6/083123_Fish Degree Angle Tests/083123_Fish Deg Angle Tests_FSL06/P8310030.ORF,2075.8262980530435,1386.80667041658,Red Laser,f
27523,87,14596,2025-02-10 REEF Data Dump SMILE 6/083123_Fish Degree Angle Tests/083123_Fish Deg Angle Tests_FSL06/P8310033.ORF,2075.0229370473253,1386.8754122146233,Red Laser,f
27531,87,14597,2025-02-10 REEF Data Dump SMILE 6/083123_Fish Degree Angle Tests/083123_Fish Deg Angle Tests_FSL06/P8310035.ORF,2075.728121638524,1387.2602141442999,Red Laser,f
27527,87,14598,2025-02-10 REEF Data Dump SMILE 6/083123_Fish Degree Angle Tests/083123_Fish Deg Angle Tests_FSL06/P8310034.ORF,2075.1888649723733,1388.3783085241264,Red Laser,f
27536,87,14599,2025-02-10 REEF Data Dump SMILE 6/083123_Fish Degree Angle Tests/083123_Fish Deg Angle Tests_FSL06/P8310036.ORF,2075.2921439820566,1385.336042491761,Red Laser,f
66132,87,14600,2025-02-10 REEF Data Dump SMILE 6/083123_Fish Degree Angle Tests/083123_Fish Deg Angle Tests_FSL06/P8310037.ORF,2076.2743453661496,1387.9198801482396,Red Laser,f
27545,87,14601,2025-02-10 REEF Data Dump SMILE 6/083123_Fish Degree Angle Tests/083123_Fish Deg Angle Tests_FSL06/P8310038.ORF,2075.8184582249055,1386.7620145106532,Red Laser,f
27550,87,14602,2025-02-10 REEF Data Dump SMILE 6/083123_Fish Degree Angle Tests/083123_Fish Deg Angle Tests_FSL06/P8310039.ORF,2075.705590319968,1388.1594995999346,Red Laser,f
27560,87,14603,2025-02-10 REEF Data Dump SMILE 6/083123_Fish Degree Angle Tests/083123_Fish Deg Angle Tests_FSL06/P8310041.ORF,2077.0348000628364,1388.7393825565212,Red Laser,f
27924,87,14684,2025-02-10 REEF Data Dump SMILE 6/083123_Fish Degree Angle Tests/083123_Fish Deg Angle Tests_FSL06/P8310121.ORF,2074.4747939201748,1383.3685918211197,Red Laser,f
27941,87,14685,2025-02-10 REEF Data Dump SMILE 6/083123_Fish Degree Angle Tests/083123_Fish Deg Angle Tests_FSL06/P8310125.ORF,2074.043173250435,1382.9222762275492,Red Laser,f
66137,87,14686,2025-02-10 REEF Data Dump SMILE 6/083123_Fish Degree Angle Tests/083123_Fish Deg Angle Tests_FSL06/P8310124.ORF,2073.817186042163,1383.5104578789303,Red Laser,f
27934,87,14687,2025-02-10 REEF Data Dump SMILE 6/083123_Fish Degree Angle Tests/083123_Fish Deg Angle Tests_FSL06/P8310123.ORF,2075.0010905219947,1385.448190868843,Red Laser,f
27929,87,14688,2025-02-10 REEF Data Dump SMILE 6/083123_Fish Degree Angle Tests/083123_Fish Deg Angle Tests_FSL06/P8310122.ORF,2073.6154449820606,1383.9365299674037,Red Laser,f
27946,87,14689,2025-02-10 REEF Data Dump SMILE 6/083123_Fish Degree Angle Tests/083123_Fish Deg Angle Tests_FSL06/P8310126.ORF,2075.670427896504,1383.1759506644992,Red Laser,f
27959,87,14690,2025-02-10 REEF Data Dump SMILE 6/083123_Fish Degree Angle Tests/083123_Fish Deg Angle Tests_FSL06/P8310129.ORF,2074.0078113706186,1383.8478475610477,Red Laser,f
27955,87,14691,2025-02-10 REEF Data Dump SMILE 6/083123_Fish Degree Angle Tests/083123_Fish Deg Angle Tests_FSL06/P8310128.ORF,2074.5479621525924,1383.4470220454436,Red Laser,f
27951,87,14692,2025-02-10 REEF Data Dump SMILE 6/083123_Fish Degree Angle Tests/083123_Fish Deg Angle Tests_FSL06/P8310127.ORF,2071.7514095061756,1384.1811722302637,Red Laser,f
27968,87,14693,2025-02-10 REEF Data Dump SMILE 6/083123_Fish Degree Angle Tests/083123_Fish Deg Angle Tests_FSL06/P8310131.ORF,2073.6515529913586,1383.8805210063551,Red Laser,f
27964,87,14694,2025-02-10 REEF Data Dump SMILE 6/083123_Fish Degree Angle Tests/083123_Fish Deg Angle Tests_FSL06/P8310130.ORF,2074.821222024529,1383.9232766191797,Red Laser,f
27973,87,14695,2025-02-10 REEF Data Dump SMILE 6/083123_Fish Degree Angle Tests/083123_Fish Deg Angle Tests_FSL06/P8310132.ORF,2074.0177543931445,1382.0354405398703,Red Laser,f
27978,87,14696,2025-02-10 REEF Data Dump SMILE 6/083123_Fish Degree Angle Tests/083123_Fish Deg Angle Tests_FSL06/P8310133.ORF,2073.6468491844917,1383.5898491434368,Red Laser,f
27983,87,14697,2025-02-10 REEF Data Dump SMILE 6/083123_Fish Degree Angle Tests/083123_Fish Deg Angle Tests_FSL06/P8310134.ORF,2073.914636673372,1383.5759511322492,Red Laser,f
27987,87,14698,2025-02-10 REEF Data Dump SMILE 6/083123_Fish Degree Angle Tests/083123_Fish Deg Angle Tests_FSL06/P8310135.ORF,2073.528681761144,1387.0696257053676,Red Laser,f
27997,87,14699,2025-02-10 REEF Data Dump SMILE 6/083123_Fish Degree Angle Tests/083123_Fish Deg Angle Tests_FSL06/P8310137.ORF,2074.001250587359,1383.777462666377,Red Laser,f
27992,87,14700,2025-02-10 REEF Data Dump SMILE 6/083123_Fish Degree Angle Tests/083123_Fish Deg Angle Tests_FSL06/P8310136.ORF,2073.319285028392,1384.9708846543922,Red Laser,f
28001,87,14701,2025-02-10 REEF Data Dump SMILE 6/083123_Fish Degree Angle Tests/083123_Fish Deg Angle Tests_FSL06/P8310138.ORF,2073.781480272289,1385.5513618134955,Red Laser,f
28010,87,14702,2025-02-10 REEF Data Dump SMILE 6/083123_Fish Degree Angle Tests/083123_Fish Deg Angle Tests_FSL06/P8310140.ORF,2074.633954226752,1383.386738317913,Red Laser,f
28005,87,14703,2025-02-10 REEF Data Dump SMILE 6/083123_Fish Degree Angle Tests/083123_Fish Deg Angle Tests_FSL06/P8310139.ORF,2074.3278752118817,1384.4166234318272,Red Laser,f
28015,87,14704,2025-02-10 REEF Data Dump SMILE 6/083123_Fish Degree Angle Tests/083123_Fish Deg Angle Tests_FSL06/P8310141.ORF,2074.5,1386,Red Laser,f
28019,87,14705,2025-02-10 REEF Data Dump SMILE 6/083123_Fish Degree Angle Tests/083123_Fish Deg Angle Tests_FSL06/P8310142.ORF,2075.7817326939476,1382.3804698574577,Red Laser,f
59455,87,14706,2025-02-10 REEF Data Dump SMILE 6/083123_Fish Degree Angle Tests/083123_Fish Deg Angle Tests_FSL06/P8310144.ORF,2073.2850267840954,1386.6092553403284,Red Laser,f
28023,87,14707,2025-02-10 REEF Data Dump SMILE 6/083123_Fish Degree Angle Tests/083123_Fish Deg Angle Tests_FSL06/P8310143.ORF,2073.483197039987,1386.5629657575826,Red Laser,f
28030,87,14708,2025-02-10 REEF Data Dump SMILE 6/083123_Fish Degree Angle Tests/083123_Fish Deg Angle Tests_FSL06/P8310145.ORF,2072.155360381121,1385.592315836895,Red Laser,f
28040,87,14709,2025-02-10 REEF Data Dump SMILE 6/083123_Fish Degree Angle Tests/083123_Fish Deg Angle Tests_FSL06/P8310147.ORF,2074.746552950326,1384.63730210699,Red Laser,f
28035,87,14710,2025-02-10 REEF Data Dump SMILE 6/083123_Fish Degree Angle Tests/083123_Fish Deg Angle Tests_FSL06/P8310146.ORF,2074.41553600917,1386.7019200309085,Red Laser,f
28054,87,14711,2025-02-10 REEF Data Dump SMILE 6/083123_Fish Degree Angle Tests/083123_Fish Deg Angle Tests_FSL06/P8310150.ORF,2074.5174719306874,1385.3371554047021,Red Laser,f
28049,87,14712,2025-02-10 REEF Data Dump SMILE 6/083123_Fish Degree Angle Tests/083123_Fish Deg Angle Tests_FSL06/P8310149.ORF,2073.7279841585914,1385.6161826666157,Red Laser,f
27555,87,14604,2025-02-10 REEF Data Dump SMILE 6/083123_Fish Degree Angle Tests/083123_Fish Deg Angle Tests_FSL06/P8310040.ORF,2075.8453912396276,1390.3590075827274,Red Laser,f
27572,87,14605,2025-02-10 REEF Data Dump SMILE 6/083123_Fish Degree Angle Tests/083123_Fish Deg Angle Tests_FSL06/P8310044.ORF,2074.2305788205,1386.9828222892309,Red Laser,f
27564,87,14606,2025-02-10 REEF Data Dump SMILE 6/083123_Fish Degree Angle Tests/083123_Fish Deg Angle Tests_FSL06/P8310042.ORF,2075.5930407613505,1385.6619480457337,Red Laser,f
27568,87,14607,2025-02-10 REEF Data Dump SMILE 6/083123_Fish Degree Angle Tests/083123_Fish Deg Angle Tests_FSL06/P8310043.ORF,2075.6424190318903,1387.7221712234393,Red Laser,f
27577,87,14608,2025-02-10 REEF Data Dump SMILE 6/083123_Fish Degree Angle Tests/083123_Fish Deg Angle Tests_FSL06/P8310045.ORF,2075.1383205956936,1385.8679378156894,Red Laser,f
27587,87,14609,2025-02-10 REEF Data Dump SMILE 6/083123_Fish Degree Angle Tests/083123_Fish Deg Angle Tests_FSL06/P8310047.ORF,2074.0640781195934,1385.5103996669686,Red Laser,f
27592,87,14610,2025-02-10 REEF Data Dump SMILE 6/083123_Fish Degree Angle Tests/083123_Fish Deg Angle Tests_FSL06/P8310048.ORF,2075.455297971538,1384.7802864194853,Red Laser,f
27582,87,14611,2025-02-10 REEF Data Dump SMILE 6/083123_Fish Degree Angle Tests/083123_Fish Deg Angle Tests_FSL06/P8310046.ORF,2075.740641084463,1384.8875453893543,Red Laser,f
27596,87,14612,2025-02-10 REEF Data Dump SMILE 6/083123_Fish Degree Angle Tests/083123_Fish Deg Angle Tests_FSL06/P8310049.ORF,2074.6214451282435,1382.9927362896335,Red Laser,f
27601,87,14613,2025-02-10 REEF Data Dump SMILE 6/083123_Fish Degree Angle Tests/083123_Fish Deg Angle Tests_FSL06/P8310050.ORF,2074.5762058611012,1385.621342523402,Red Laser,f
27604,87,14614,2025-02-10 REEF Data Dump SMILE 6/083123_Fish Degree Angle Tests/083123_Fish Deg Angle Tests_FSL06/P8310051.ORF,2075.121805770394,1385.2705678313455,Red Laser,f
27614,87,14615,2025-02-10 REEF Data Dump SMILE 6/083123_Fish Degree Angle Tests/083123_Fish Deg Angle Tests_FSL06/P8310053.ORF,2073.9157616418534,1385.7299729250203,Red Laser,f
27609,87,14616,2025-02-10 REEF Data Dump SMILE 6/083123_Fish Degree Angle Tests/083123_Fish Deg Angle Tests_FSL06/P8310052.ORF,2080.360485268631,1395.6187175043326,Red Laser,f
27624,87,14617,2025-02-10 REEF Data Dump SMILE 6/083123_Fish Degree Angle Tests/083123_Fish Deg Angle Tests_FSL06/P8310055.ORF,2073.652843431023,1385.8755664902162,Red Laser,f
27619,87,14618,2025-02-10 REEF Data Dump SMILE 6/083123_Fish Degree Angle Tests/083123_Fish Deg Angle Tests_FSL06/P8310054.ORF,2075.1055380004514,1384.798280180435,Red Laser,f
27629,87,14619,2025-02-10 REEF Data Dump SMILE 6/083123_Fish Degree Angle Tests/083123_Fish Deg Angle Tests_FSL06/P8310056.ORF,2075.508979358013,1385.8679378156894,Red Laser,f
27631,87,14620,2025-02-10 REEF Data Dump SMILE 6/083123_Fish Degree Angle Tests/083123_Fish Deg Angle Tests_FSL06/P8310057.ORF,2073.4981555724294,1387.130030901388,Red Laser,f
27641,87,14621,2025-02-10 REEF Data Dump SMILE 6/083123_Fish Degree Angle Tests/083123_Fish Deg Angle Tests_FSL06/P8310059.ORF,2075.929316577016,1384.4463835199315,Red Laser,f
27636,87,14622,2025-02-10 REEF Data Dump SMILE 6/083123_Fish Degree Angle Tests/083123_Fish Deg Angle Tests_FSL06/P8310058.ORF,2075.466882498174,1385.7274498244979,Red Laser,f
27646,87,14623,2025-02-10 REEF Data Dump SMILE 6/083123_Fish Degree Angle Tests/083123_Fish Deg Angle Tests_FSL06/P8310060.ORF,2074.92126943002,1384.462119286092,Red Laser,f
27651,87,14624,2025-02-10 REEF Data Dump SMILE 6/083123_Fish Degree Angle Tests/083123_Fish Deg Angle Tests_FSL06/P8310061.ORF,2074.012161627698,1385.1907865152443,Red Laser,f
27666,87,14625,2025-02-10 REEF Data Dump SMILE 6/083123_Fish Degree Angle Tests/083123_Fish Deg Angle Tests_FSL06/P8310064.ORF,2075.769699641564,1388.5068473942533,Red Laser,f
27661,87,14626,2025-02-10 REEF Data Dump SMILE 6/083123_Fish Degree Angle Tests/083123_Fish Deg Angle Tests_FSL06/P8310063.ORF,2074.9463102493696,1385.3588966530285,Red Laser,f
27671,87,14627,2025-02-10 REEF Data Dump SMILE 6/083123_Fish Degree Angle Tests/083123_Fish Deg Angle Tests_FSL06/P8310065.ORF,2074.0078113706186,1388.7405432236665,Red Laser,f
27656,87,14628,2025-02-10 REEF Data Dump SMILE 6/083123_Fish Degree Angle Tests/083123_Fish Deg Angle Tests_FSL06/P8310062.ORF,2075.289901496544,1386.1680046167253,Red Laser,f
27676,87,14629,2025-02-10 REEF Data Dump SMILE 6/083123_Fish Degree Angle Tests/083123_Fish Deg Angle Tests_FSL06/P8310066.ORF,2074.372448185057,1387.400837816066,Red Laser,f
66964,87,14630,2025-02-10 REEF Data Dump SMILE 6/083123_Fish Degree Angle Tests/083123_Fish Deg Angle Tests_FSL06/P8310067.ORF,,,,f
27684,87,14631,2025-02-10 REEF Data Dump SMILE 6/083123_Fish Degree Angle Tests/083123_Fish Deg Angle Tests_FSL06/P8310068.ORF,2074.9117325696493,1387.091202237803,Red Laser,f
27702,87,14632,2025-02-10 REEF Data Dump SMILE 6/083123_Fish Degree Angle Tests/083123_Fish Deg Angle Tests_FSL06/P8310072.ORF,2073.9110316933106,1390.013880674253,Red Laser,f
27707,87,14633,2025-02-10 REEF Data Dump SMILE 6/083123_Fish Degree Angle Tests/083123_Fish Deg Angle Tests_FSL06/P8310073.ORF,2075.168556557953,1388.4821187051807,Red Laser,f
27688,87,14634,2025-02-10 REEF Data Dump SMILE 6/083123_Fish Degree Angle Tests/083123_Fish Deg Angle Tests_FSL06/P8310069.ORF,2074.7844056475255,1387.6356244923982,Red Laser,f
27698,87,14635,2025-02-10 REEF Data Dump SMILE 6/083123_Fish Degree Angle Tests/083123_Fish Deg Angle Tests_FSL06/P8310071.ORF,2075.7670697870876,1387.762380030318,Red Laser,f
27693,87,14636,2025-02-10 REEF Data Dump SMILE 6/083123_Fish Degree Angle Tests/083123_Fish Deg Angle Tests_FSL06/P8310070.ORF,2074.824664440501,1394.0024131805683,Red Laser,f
27711,87,14637,2025-02-10 REEF Data Dump SMILE 6/083123_Fish Degree Angle Tests/083123_Fish Deg Angle Tests_FSL06/P8310074.ORF,2075.1888649723733,1386.234001634674,Red Laser,f
66965,87,14638,2025-02-10 REEF Data Dump SMILE 6/083123_Fish Degree Angle Tests/083123_Fish Deg Angle Tests_FSL06/P8310075.ORF,,,,f
61481,87,14639,2025-02-10 REEF Data Dump SMILE 6/083123_Fish Degree Angle Tests/083123_Fish Deg Angle Tests_FSL06/P8310076.ORF,2076.4182830324526,1385.6015367586315,Red Laser,f
27729,87,14640,2025-02-10 REEF Data Dump SMILE 6/083123_Fish Degree Angle Tests/083123_Fish Deg Angle Tests_FSL06/P8310078.ORF,2075.3447682681335,1384.8840021332712,Red Laser,f
60014,87,14641,2025-02-10 REEF Data Dump SMILE 6/083123_Fish Degree Angle Tests/083123_Fish Deg Angle Tests_FSL06/P8310079.ORF,2072.7712681007424,1385.8143512170675,Red Laser,f
27724,87,14642,2025-02-10 REEF Data Dump SMILE 6/083123_Fish Degree Angle Tests/083123_Fish Deg Angle Tests_FSL06/P8310077.ORF,2074.7252619324795,1387.7916181606518,Red Laser,f
27746,87,14643,2025-02-10 REEF Data Dump SMILE 6/083123_Fish Degree Angle Tests/083123_Fish Deg Angle Tests_FSL06/P8310082.ORF,2075.6983762054438,1387.2596342745726,Red Laser,f
66134,87,14644,2025-02-10 REEF Data Dump SMILE 6/083123_Fish Degree Angle Tests/083123_Fish Deg Angle Tests_FSL06/P8310080.ORF,2075.96401052936,1387.3369551555882,Red Laser,f
27741,87,14645,2025-02-10 REEF Data Dump SMILE 6/083123_Fish Degree Angle Tests/083123_Fish Deg Angle Tests_FSL06/P8310081.ORF,2074.7135714338483,1387.8288572651168,Red Laser,f
27751,87,14646,2025-02-10 REEF Data Dump SMILE 6/083123_Fish Degree Angle Tests/083123_Fish Deg Angle Tests_FSL06/P8310083.ORF,2072.779389967471,1388.5843616325255,Red Laser,f
56636,87,14647,2025-02-10 REEF Data Dump SMILE 6/083123_Fish Degree Angle Tests/083123_Fish Deg Angle Tests_FSL06/P8310086.ORF,2074.612596304127,1384.1290839721603,Red Laser,f
27760,87,14648,2025-02-10 REEF Data Dump SMILE 6/083123_Fish Degree Angle Tests/083123_Fish Deg Angle Tests_FSL06/P8310085.ORF,2075.1025747359395,1385.4511700961725,Red Laser,f
27755,87,14649,2025-02-10 REEF Data Dump SMILE 6/083123_Fish Degree Angle Tests/083123_Fish Deg Angle Tests_FSL06/P8310084.ORF,2075.0048259550567,1388.48007490367,Red Laser,f
27769,87,14650,2025-02-10 REEF Data Dump SMILE 6/083123_Fish Degree Angle Tests/083123_Fish Deg Angle Tests_FSL06/P8310087.ORF,2074.843855538933,1384.3610314119967,Red Laser,f
27784,87,14651,2025-02-10 REEF Data Dump SMILE 6/083123_Fish Degree Angle Tests/083123_Fish Deg Angle Tests_FSL06/P8310090.ORF,2075.6068530266166,1386.292948984946,Red Laser,f
27779,87,14652,2025-02-10 REEF Data Dump SMILE 6/083123_Fish Degree Angle Tests/083123_Fish Deg Angle Tests_FSL06/P8310089.ORF,2073.7635658202435,1388.0794799399753,Red Laser,f
27789,87,14653,2025-02-10 REEF Data Dump SMILE 6/083123_Fish Degree Angle Tests/083123_Fish Deg Angle Tests_FSL06/P8310091.ORF,2075.531592569137,1382.2967874140563,Red Laser,f
27774,87,14654,2025-02-10 REEF Data Dump SMILE 6/083123_Fish Degree Angle Tests/083123_Fish Deg Angle Tests_FSL06/P8310088.ORF,2075.4600316228966,1387.2516211429008,Red Laser,f
66966,87,14655,2025-02-10 REEF Data Dump SMILE 6/083123_Fish Degree Angle Tests/083123_Fish Deg Angle Tests_FSL06/P8310092.ORF,,,,f
27798,87,14656,2025-02-10 REEF Data Dump SMILE 6/083123_Fish Degree Angle Tests/083123_Fish Deg Angle Tests_FSL06/P8310093.ORF,2074.7063006100107,1387.3110508613347,Red Laser,f
27802,87,14657,2025-02-10 REEF Data Dump SMILE 6/083123_Fish Degree Angle Tests/083123_Fish Deg Angle Tests_FSL06/P8310094.ORF,2075.609313310488,1387.0664171617345,Red Laser,f
27807,87,14658,2025-02-10 REEF Data Dump SMILE 6/083123_Fish Degree Angle Tests/083123_Fish Deg Angle Tests_FSL06/P8310095.ORF,2074.6407074326735,1386.6140495223992,Red Laser,f
27812,87,14659,2025-02-10 REEF Data Dump SMILE 6/083123_Fish Degree Angle Tests/083123_Fish Deg Angle Tests_FSL06/P8310096.ORF,2074.9297598495664,1386.8288306552981,Red Laser,f
27817,87,14660,2025-02-10 REEF Data Dump SMILE 6/083123_Fish Degree Angle Tests/083123_Fish Deg Angle Tests_FSL06/P8310097.ORF,2072.6762035917195,1386.3397003743376,Red Laser,f
27821,87,14661,2025-02-10 REEF Data Dump SMILE 6/083123_Fish Degree Angle Tests/083123_Fish Deg Angle Tests_FSL06/P8310098.ORF,2075.0010905219947,1382.8295624686043,Red Laser,f
27841,87,14662,2025-02-10 REEF Data Dump SMILE 6/083123_Fish Degree Angle Tests/083123_Fish Deg Angle Tests_FSL06/P8310102.ORF,2074.127514186544,1383.6513747965803,Red Laser,f
27826,87,14663,2025-02-10 REEF Data Dump SMILE 6/083123_Fish Degree Angle Tests/083123_Fish Deg Angle Tests_FSL06/P8310099.ORF,2074.516569274539,1384.8728632140612,Red Laser,f
27831,87,14664,2025-02-10 REEF Data Dump SMILE 6/083123_Fish Degree Angle Tests/083123_Fish Deg Angle Tests_FSL06/P8310100.ORF,2073.733892716179,1384.2965102992234,Red Laser,f
27836,87,14665,2025-02-10 REEF Data Dump SMILE 6/083123_Fish Degree Angle Tests/083123_Fish Deg Angle Tests_FSL06/P8310101.ORF,2073.598908111352,1383.9475034715858,Red Laser,f
27855,87,14666,2025-02-10 REEF Data Dump SMILE 6/083123_Fish Degree Angle Tests/083123_Fish Deg Angle Tests_FSL06/P8310105.ORF,2073.9881141962105,1382.3360774629468,Red Laser,f
27851,87,14667,2025-02-10 REEF Data Dump SMILE 6/083123_Fish Degree Angle Tests/083123_Fish Deg Angle Tests_FSL06/P8310104.ORF,2072.906187801804,1381.782111108509,Red Laser,f
27846,87,14668,2025-02-10 REEF Data Dump SMILE 6/083123_Fish Degree Angle Tests/083123_Fish Deg Angle Tests_FSL06/P8310103.ORF,2074.7642497454076,1383.1204868280631,Red Laser,f
27862,87,14669,2025-02-10 REEF Data Dump SMILE 6/083123_Fish Degree Angle Tests/083123_Fish Deg Angle Tests_FSL06/P8310107.ORF,2074.44490323466,1384.7570555628574,Red Laser,f
27859,87,14670,2025-02-10 REEF Data Dump SMILE 6/083123_Fish Degree Angle Tests/083123_Fish Deg Angle Tests_FSL06/P8310106.ORF,2075.289901496544,1386.1680046167253,Red Laser,f
27867,87,14671,2025-02-10 REEF Data Dump SMILE 6/083123_Fish Degree Angle Tests/083123_Fish Deg Angle Tests_FSL06/P8310108.ORF,2075.000868450664,1382.6589625516467,Red Laser,f
27877,87,14672,2025-02-10 REEF Data Dump SMILE 6/083123_Fish Degree Angle Tests/083123_Fish Deg Angle Tests_FSL06/P8310110.ORF,2073.7056842634925,1384.0294083493704,Red Laser,f
27872,87,14673,2025-02-10 REEF Data Dump SMILE 6/083123_Fish Degree Angle Tests/083123_Fish Deg Angle Tests_FSL06/P8310109.ORF,2074.385023432631,1384.1077158098506,Red Laser,f
27892,87,14674,2025-02-10 REEF Data Dump SMILE 6/083123_Fish Degree Angle Tests/083123_Fish Deg Angle Tests_FSL06/P8310113.ORF,2074.7252619324795,1387.7916181606518,Red Laser,f
66967,87,14675,2025-02-10 REEF Data Dump SMILE 6/083123_Fish Degree Angle Tests/083123_Fish Deg Angle Tests_FSL06/P8310114.ORF,,,,f
27887,87,14676,2025-02-10 REEF Data Dump SMILE 6/083123_Fish Degree Angle Tests/083123_Fish Deg Angle Tests_FSL06/P8310112.ORF,2072.7814537367594,1385.6268320850277,Red Laser,f
27882,87,14677,2025-02-10 REEF Data Dump SMILE 6/083123_Fish Degree Angle Tests/083123_Fish Deg Angle Tests_FSL06/P8310111.ORF,2074.0292739933257,1383.260711750798,Red Laser,f
66136,87,14678,2025-02-10 REEF Data Dump SMILE 6/083123_Fish Degree Angle Tests/083123_Fish Deg Angle Tests_FSL06/P8310115.ORF,2073.47702439233,1386.418878650092,Red Laser,f
27920,87,14679,2025-02-10 REEF Data Dump SMILE 6/083123_Fish Degree Angle Tests/083123_Fish Deg Angle Tests_FSL06/P8310120.ORF,2073.913641141222,1385.8266260603912,Red Laser,f
27906,87,14680,2025-02-10 REEF Data Dump SMILE 6/083123_Fish Degree Angle Tests/083123_Fish Deg Angle Tests_FSL06/P8310117.ORF,2074.384915665114,1383.1086811810108,Red Laser,f
27915,87,14681,2025-02-10 REEF Data Dump SMILE 6/083123_Fish Degree Angle Tests/083123_Fish Deg Angle Tests_FSL06/P8310119.ORF,2073.1853953694153,1383.3647727913853,Red Laser,f
27903,87,14682,2025-02-10 REEF Data Dump SMILE 6/083123_Fish Degree Angle Tests/083123_Fish Deg Angle Tests_FSL06/P8310116.ORF,1464.7496845634375,836.7069681726122,Red Laser,t
27911,87,14683,2025-02-10 REEF Data Dump SMILE 6/083123_Fish Degree Angle Tests/083123_Fish Deg Angle Tests_FSL06/P8310118.ORF,2073.4528908978077,1383.730031025881,Red Laser,f
30210,87,14844,2025-02-10 REEF Data Dump SMILE 6/083123_Fish Degree Angle Tests/083123_Fish Deg Angle Tests_FSL06/P8310695.ORF,2096.881465626368,1460.1967110002374,Red Laser,f
30218,87,14845,2025-02-10 REEF Data Dump SMILE 6/083123_Fish Degree Angle Tests/083123_Fish Deg Angle Tests_FSL06/P8310699.ORF,2099.5109875120193,1462.029047003311,Red Laser,f
30220,87,14846,2025-02-10 REEF Data Dump SMILE 6/083123_Fish Degree Angle Tests/083123_Fish Deg Angle Tests_FSL06/P8310700.ORF,2098.1668471196986,1463.3816256748794,Red Laser,f
30225,87,14847,2025-02-10 REEF Data Dump SMILE 6/083123_Fish Degree Angle Tests/083123_Fish Deg Angle Tests_FSL06/P8310703.ORF,2098.0662596091465,1459.9823557007915,Red Laser,f
30227,87,14848,2025-02-10 REEF Data Dump SMILE 6/083123_Fish Degree Angle Tests/083123_Fish Deg Angle Tests_FSL06/P8310704.ORF,2099.3311331864484,1459.0218126082536,Red Laser,f
30223,87,14849,2025-02-10 REEF Data Dump SMILE 6/083123_Fish Degree Angle Tests/083123_Fish Deg Angle Tests_FSL06/P8310702.ORF,2104.966613672496,1476.8330683624802,Red Laser,f
30222,87,14850,2025-02-10 REEF Data Dump SMILE 6/083123_Fish Degree Angle Tests/083123_Fish Deg Angle Tests_FSL06/P8310701.ORF,2097.444928693652,1462.8603039721206,Red Laser,f
30229,87,14851,2025-02-10 REEF Data Dump SMILE 6/083123_Fish Degree Angle Tests/083123_Fish Deg Angle Tests_FSL06/P8310705.ORF,2097.8130389007338,1461.4435969775318,Red Laser,f
30237,87,14852,2025-02-10 REEF Data Dump SMILE 6/083123_Fish Degree Angle Tests/083123_Fish Deg Angle Tests_FSL06/P8310709.ORF,2098.537871623707,1460.489948787525,Red Laser,f
30231,87,14853,2025-02-10 REEF Data Dump SMILE 6/083123_Fish Degree Angle Tests/083123_Fish Deg Angle Tests_FSL06/P8310706.ORF,2098.515222933904,1460.4307082643757,Red Laser,f
28195,87,14745,2025-02-10 REEF Data Dump SMILE 6/083123_Fish Degree Angle Tests/083123_Fish Deg Angle Tests_FSL06/P8310181.ORF,2074.207453134603,1386.2021417207468,Red Laser,f
28198,87,14746,2025-02-10 REEF Data Dump SMILE 6/083123_Fish Degree Angle Tests/083123_Fish Deg Angle Tests_FSL06/P8310182.ORF,2074.1361296189734,1387.585221994107,Red Laser,f
28205,87,14747,2025-02-10 REEF Data Dump SMILE 6/083123_Fish Degree Angle Tests/083123_Fish Deg Angle Tests_FSL06/P8310184.ORF,2074.7396984311263,1383.997858752853,Red Laser,f
59459,87,14748,2025-02-10 REEF Data Dump SMILE 6/083123_Fish Degree Angle Tests/083123_Fish Deg Angle Tests_FSL06/P8310187.ORF,2073.572736304832,1385.5159350367273,Red Laser,f
28209,87,14749,2025-02-10 REEF Data Dump SMILE 6/083123_Fish Degree Angle Tests/083123_Fish Deg Angle Tests_FSL06/P8310185.ORF,2075.230985286273,1385.8864707538055,Red Laser,f
28211,87,14750,2025-02-10 REEF Data Dump SMILE 6/083123_Fish Degree Angle Tests/083123_Fish Deg Angle Tests_FSL06/P8310186.ORF,2072.755546274008,1386.3081605190423,Red Laser,f
28220,87,14751,2025-02-10 REEF Data Dump SMILE 6/083123_Fish Degree Angle Tests/083123_Fish Deg Angle Tests_FSL06/P8310188.ORF,2073.8552513177365,1387.0479014171779,Red Laser,f
28225,87,14752,2025-02-10 REEF Data Dump SMILE 6/083123_Fish Degree Angle Tests/083123_Fish Deg Angle Tests_FSL06/P8310189.ORF,2074.3464586943746,1387.1989397349278,Red Laser,f
28230,87,14753,2025-02-10 REEF Data Dump SMILE 6/083123_Fish Degree Angle Tests/083123_Fish Deg Angle Tests_FSL06/P8310190.ORF,2074.380862068119,1386.1990260461266,Red Laser,f
28235,87,14754,2025-02-10 REEF Data Dump SMILE 6/083123_Fish Degree Angle Tests/083123_Fish Deg Angle Tests_FSL06/P8310191.ORF,2074.384915665114,1386.2154304053633,Red Laser,f
28243,87,14755,2025-02-10 REEF Data Dump SMILE 6/083123_Fish Degree Angle Tests/083123_Fish Deg Angle Tests_FSL06/P8310193.ORF,2073.4528908978077,1387.1192119979025,Red Laser,f
28239,87,14756,2025-02-10 REEF Data Dump SMILE 6/083123_Fish Degree Angle Tests/083123_Fish Deg Angle Tests_FSL06/P8310192.ORF,2073.5684194468236,1383.6594178098671,Red Laser,f
28246,87,14757,2025-02-10 REEF Data Dump SMILE 6/083123_Fish Degree Angle Tests/083123_Fish Deg Angle Tests_FSL06/P8310194.ORF,2076.861922301933,1384.7616500122947,Red Laser,f
28250,87,14758,2025-02-10 REEF Data Dump SMILE 6/083123_Fish Degree Angle Tests/083123_Fish Deg Angle Tests_FSL06/P8310195.ORF,2073.882445900058,1386.8059176497932,Red Laser,f
28263,87,14759,2025-02-10 REEF Data Dump SMILE 6/083123_Fish Degree Angle Tests/083123_Fish Deg Angle Tests_FSL06/P8310198.ORF,2073.5908013287803,1386.808559827921,Red Laser,f
28258,87,14760,2025-02-10 REEF Data Dump SMILE 6/083123_Fish Degree Angle Tests/083123_Fish Deg Angle Tests_FSL06/P8310197.ORF,2074.421858579016,1385.8198850209558,Red Laser,f
28254,87,14761,2025-02-10 REEF Data Dump SMILE 6/083123_Fish Degree Angle Tests/083123_Fish Deg Angle Tests_FSL06/P8310196.ORF,2074.5085617803406,1383.6536407710648,Red Laser,f
28268,87,14762,2025-02-10 REEF Data Dump SMILE 6/083123_Fish Degree Angle Tests/083123_Fish Deg Angle Tests_FSL06/P8310199.ORF,2073.3414379530964,1386.2113432710617,Red Laser,f
28273,87,14763,2025-02-10 REEF Data Dump SMILE 6/083123_Fish Degree Angle Tests/083123_Fish Deg Angle Tests_FSL06/P8310200.ORF,2073.4843576630096,1386.6012665720154,Red Laser,f
28286,87,14764,2025-02-10 REEF Data Dump SMILE 6/083123_Fish Degree Angle Tests/083123_Fish Deg Angle Tests_FSL06/P8310203.ORF,2079.083859230166,1393.375357156857,Red Laser,f
28277,87,14765,2025-02-10 REEF Data Dump SMILE 6/083123_Fish Degree Angle Tests/083123_Fish Deg Angle Tests_FSL06/P8310201.ORF,2077.506960600958,1394.0024131805683,Red Laser,f
28290,87,14766,2025-02-10 REEF Data Dump SMILE 6/083123_Fish Degree Angle Tests/083123_Fish Deg Angle Tests_FSL06/P8310204.ORF,2074.906051264908,1384.8853542381084,Red Laser,f
28282,87,14767,2025-02-10 REEF Data Dump SMILE 6/083123_Fish Degree Angle Tests/083123_Fish Deg Angle Tests_FSL06/P8310202.ORF,2073.1705363775723,1385.5535309945565,Red Laser,f
28294,87,14768,2025-02-10 REEF Data Dump SMILE 6/083123_Fish Degree Angle Tests/083123_Fish Deg Angle Tests_FSL06/P8310205.ORF,2072.5729078235922,1385.1625223160895,Red Laser,f
28297,87,14769,2025-02-10 REEF Data Dump SMILE 6/083123_Fish Degree Angle Tests/083123_Fish Deg Angle Tests_FSL06/P8310206.ORF,2073.8578250201435,1385.1998653000633,Red Laser,f
28300,87,14770,2025-02-10 REEF Data Dump SMILE 6/083123_Fish Degree Angle Tests/083123_Fish Deg Angle Tests_FSL06/P8310207.ORF,2075.1404115679334,1384.5985533070548,Red Laser,f
28315,87,14771,2025-02-10 REEF Data Dump SMILE 6/083123_Fish Degree Angle Tests/083123_Fish Deg Angle Tests_FSL06/P8310211.ORF,2074.4370925934454,1383.740933196606,Red Laser,f
28308,87,14772,2025-02-10 REEF Data Dump SMILE 6/083123_Fish Degree Angle Tests/083123_Fish Deg Angle Tests_FSL06/P8310209.ORF,2079.083859230166,1390.3980937063861,Red Laser,f
28304,87,14773,2025-02-10 REEF Data Dump SMILE 6/083123_Fish Degree Angle Tests/083123_Fish Deg Angle Tests_FSL06/P8310208.ORF,2074.160281089969,1386.5606017573305,Red Laser,f
28311,87,14774,2025-02-10 REEF Data Dump SMILE 6/083123_Fish Degree Angle Tests/083123_Fish Deg Angle Tests_FSL06/P8310210.ORF,2074.1321566821134,1386.820718209421,Red Laser,f
28318,87,14775,2025-02-10 REEF Data Dump SMILE 6/083123_Fish Degree Angle Tests/083123_Fish Deg Angle Tests_FSL06/P8310212.ORF,2071.8995162856318,1386.8367802502341,Red Laser,f
30061,87,14776,2025-02-10 REEF Data Dump SMILE 6/083123_Fish Degree Angle Tests/083123_Fish Deg Angle Tests_FSL06/P8310630.ORF,2096.361756981654,1467.68504631202,Red Laser,t
30064,87,14777,2025-02-10 REEF Data Dump SMILE 6/083123_Fish Degree Angle Tests/083123_Fish Deg Angle Tests_FSL06/P8310631.ORF,2098.903168442248,1461.2377189504439,Red Laser,f
30067,87,14778,2025-02-10 REEF Data Dump SMILE 6/083123_Fish Degree Angle Tests/083123_Fish Deg Angle Tests_FSL06/P8310632.ORF,2097.624878226556,1462.1645893040954,Red Laser,f
30073,87,14779,2025-02-10 REEF Data Dump SMILE 6/083123_Fish Degree Angle Tests/083123_Fish Deg Angle Tests_FSL06/P8310634.ORF,2097.6714576349773,1460.7521210031382,Red Laser,f
30070,87,14780,2025-02-10 REEF Data Dump SMILE 6/083123_Fish Degree Angle Tests/083123_Fish Deg Angle Tests_FSL06/P8310633.ORF,2098.2618839719444,1461.1434062057551,Red Laser,f
30075,87,14781,2025-02-10 REEF Data Dump SMILE 6/083123_Fish Degree Angle Tests/083123_Fish Deg Angle Tests_FSL06/P8310635.ORF,2097.6729069564185,1459.2477253467348,Red Laser,f
30078,87,14782,2025-02-10 REEF Data Dump SMILE 6/083123_Fish Degree Angle Tests/083123_Fish Deg Angle Tests_FSL06/P8310636.ORF,2097.372998319989,1462.5850511688625,Red Laser,f
30086,87,14783,2025-02-10 REEF Data Dump SMILE 6/083123_Fish Degree Angle Tests/083123_Fish Deg Angle Tests_FSL06/P8310639.ORF,2097.537307601317,1460.6513154890486,Red Laser,f
30083,87,14784,2025-02-10 REEF Data Dump SMILE 6/083123_Fish Degree Angle Tests/083123_Fish Deg Angle Tests_FSL06/P8310638.ORF,2098.4094074170353,1461.3863346378075,Red Laser,f
30080,87,14785,2025-02-10 REEF Data Dump SMILE 6/083123_Fish Degree Angle Tests/083123_Fish Deg Angle Tests_FSL06/P8310637.ORF,2097.1282787385626,1461.6243821554629,Red Laser,f
30089,87,14786,2025-02-10 REEF Data Dump SMILE 6/083123_Fish Degree Angle Tests/083123_Fish Deg Angle Tests_FSL06/P8310640.ORF,2097.6660606008118,1461.183119687758,Red Laser,f
30098,87,14787,2025-02-10 REEF Data Dump SMILE 6/083123_Fish Degree Angle Tests/083123_Fish Deg Angle Tests_FSL06/P8310643.ORF,2098.1104402139536,1460.2030322356134,Red Laser,f
30095,87,14788,2025-02-10 REEF Data Dump SMILE 6/083123_Fish Degree Angle Tests/083123_Fish Deg Angle Tests_FSL06/P8310642.ORF,2097.8924029944174,1460.4682858920128,Red Laser,f
30092,87,14789,2025-02-10 REEF Data Dump SMILE 6/083123_Fish Degree Angle Tests/083123_Fish Deg Angle Tests_FSL06/P8310641.ORF,2098.3968858355665,1461.1693650558373,Red Laser,f
30105,87,14790,2025-02-10 REEF Data Dump SMILE 6/083123_Fish Degree Angle Tests/083123_Fish Deg Angle Tests_FSL06/P8310646.ORF,2096.984609801766,1461.9798322846525,Red Laser,f
30102,87,14791,2025-02-10 REEF Data Dump SMILE 6/083123_Fish Degree Angle Tests/083123_Fish Deg Angle Tests_FSL06/P8310645.ORF,2098.0662596091465,1461.2377189504439,Red Laser,f
66142,87,14792,2025-02-10 REEF Data Dump SMILE 6/083123_Fish Degree Angle Tests/083123_Fish Deg Angle Tests_FSL06/P8310644.ORF,2097.6701308789407,1462.0224700289195,Red Laser,f
30108,87,14793,2025-02-10 REEF Data Dump SMILE 6/083123_Fish Degree Angle Tests/083123_Fish Deg Angle Tests_FSL06/P8310647.ORF,2095.396929617052,1460.7381666480696,Red Laser,f
30111,87,14794,2025-02-10 REEF Data Dump SMILE 6/083123_Fish Degree Angle Tests/083123_Fish Deg Angle Tests_FSL06/P8310648.ORF,2098.1145138080055,1460.2461750784241,Red Laser,f
30117,87,14795,2025-02-10 REEF Data Dump SMILE 6/083123_Fish Degree Angle Tests/083123_Fish Deg Angle Tests_FSL06/P8310650.ORF,2097.6660817495663,1462.5573436897241,Red Laser,f
30114,87,14796,2025-02-10 REEF Data Dump SMILE 6/083123_Fish Degree Angle Tests/083123_Fish Deg Angle Tests_FSL06/P8310649.ORF,2097.085930447261,1462.3141777020317,Red Laser,f
30120,87,14797,2025-02-10 REEF Data Dump SMILE 6/083123_Fish Degree Angle Tests/083123_Fish Deg Angle Tests_FSL06/P8310651.ORF,2096.77072082489,1460.338929078888,Red Laser,f
30123,87,14798,2025-02-10 REEF Data Dump SMILE 6/083123_Fish Degree Angle Tests/083123_Fish Deg Angle Tests_FSL06/P8310652.ORF,2096.331057100846,1458.6327537498908,Red Laser,f
30129,87,14799,2025-02-10 REEF Data Dump SMILE 6/083123_Fish Degree Angle Tests/083123_Fish Deg Angle Tests_FSL06/P8310654.ORF,2097.1978839456333,1462.1744866849324,Red Laser,f
30126,87,14800,2025-02-10 REEF Data Dump SMILE 6/083123_Fish Degree Angle Tests/083123_Fish Deg Angle Tests_FSL06/P8310653.ORF,2097.4768149587085,1462.9121205125377,Red Laser,f
30132,87,14801,2025-02-10 REEF Data Dump SMILE 6/083123_Fish Degree Angle Tests/083123_Fish Deg Angle Tests_FSL06/P8310655.ORF,2097.636730573945,1461.7400452328889,Red Laser,f
30135,87,14802,2025-02-10 REEF Data Dump SMILE 6/083123_Fish Degree Angle Tests/083123_Fish Deg Angle Tests_FSL06/P8310656.ORF,2097.4612245321878,1462.5328836372416,Red Laser,f
30138,87,14803,2025-02-10 REEF Data Dump SMILE 6/083123_Fish Degree Angle Tests/083123_Fish Deg Angle Tests_FSL06/P8310657.ORF,2098.3090635531285,1461.518005524177,Red Laser,f
61524,87,14804,2025-02-10 REEF Data Dump SMILE 6/083123_Fish Degree Angle Tests/083123_Fish Deg Angle Tests_FSL06/P8310658.ORF,2097.1198809305697,1461.7129340323468,Red Laser,f
30142,87,14805,2025-02-10 REEF Data Dump SMILE 6/083123_Fish Degree Angle Tests/083123_Fish Deg Angle Tests_FSL06/P8310660.ORF,2096.578478146883,1458.5069400501075,Red Laser,f
56415,87,14806,2025-02-10 REEF Data Dump SMILE 6/083123_Fish Degree Angle Tests/083123_Fish Deg Angle Tests_FSL06/P8310659.ORF,2097.165655255554,1462.5892614789,Red Laser,f
30148,87,14807,2025-02-10 REEF Data Dump SMILE 6/083123_Fish Degree Angle Tests/083123_Fish Deg Angle Tests_FSL06/P8310663.ORF,2096.9644158972615,1462.1833881986804,Red Laser,f
30146,87,14808,2025-02-10 REEF Data Dump SMILE 6/083123_Fish Degree Angle Tests/083123_Fish Deg Angle Tests_FSL06/P8310662.ORF,2097.9611050097346,1460.91720450585,Red Laser,f
30144,87,14809,2025-02-10 REEF Data Dump SMILE 6/083123_Fish Degree Angle Tests/083123_Fish Deg Angle Tests_FSL06/P8310661.ORF,2097.444928693652,1460.5454477655628,Red Laser,f
30150,87,14810,2025-02-10 REEF Data Dump SMILE 6/083123_Fish Degree Angle Tests/083123_Fish Deg Angle Tests_FSL06/P8310664.ORF,2096.672428024069,1458.6575432810714,Red Laser,f
30152,87,14811,2025-02-10 REEF Data Dump SMILE 6/083123_Fish Degree Angle Tests/083123_Fish Deg Angle Tests_FSL06/P8310665.ORF,2096.2691711802167,1459.1258238150815,Red Laser,f
30156,87,14812,2025-02-10 REEF Data Dump SMILE 6/083123_Fish Degree Angle Tests/083123_Fish Deg Angle Tests_FSL06/P8310667.ORF,2096.233704291681,1460.6245833491216,Red Laser,f
30161,87,14813,2025-02-10 REEF Data Dump SMILE 6/083123_Fish Degree Angle Tests/083123_Fish Deg Angle Tests_FSL06/P8310670.ORF,2096.414198621362,1462.5395119257746,Red Laser,f
30158,87,14814,2025-02-10 REEF Data Dump SMILE 6/083123_Fish Degree Angle Tests/083123_Fish Deg Angle Tests_FSL06/P8310668.ORF,2096.9724149167023,1461.252852398208,Red Laser,f
30159,87,14815,2025-02-10 REEF Data Dump SMILE 6/083123_Fish Degree Angle Tests/083123_Fish Deg Angle Tests_FSL06/P8310669.ORF,2096.3186151671875,1460.1907944932677,Red Laser,f
30154,87,14816,2025-02-10 REEF Data Dump SMILE 6/083123_Fish Degree Angle Tests/083123_Fish Deg Angle Tests_FSL06/P8310666.ORF,2097.462226501,1462.9334418487156,Red Laser,f
30163,87,14817,2025-02-10 REEF Data Dump SMILE 6/083123_Fish Degree Angle Tests/083123_Fish Deg Angle Tests_FSL06/P8310671.ORF,2097.0121101157492,1460.9585249912857,Red Laser,f
30165,87,14818,2025-02-10 REEF Data Dump SMILE 6/083123_Fish Degree Angle Tests/083123_Fish Deg Angle Tests_FSL06/P8310672.ORF,2096.8535675627745,1461.6723970576547,Red Laser,f
30167,87,14819,2025-02-10 REEF Data Dump SMILE 6/083123_Fish Degree Angle Tests/083123_Fish Deg Angle Tests_FSL06/P8310673.ORF,2095.376788553259,1467.2432432432433,Red Laser,t
30171,87,14820,2025-02-10 REEF Data Dump SMILE 6/083123_Fish Degree Angle Tests/083123_Fish Deg Angle Tests_FSL06/P8310675.ORF,2096.4814814814813,1461.5679012345677,Red Laser,f
30169,87,14821,2025-02-10 REEF Data Dump SMILE 6/083123_Fish Degree Angle Tests/083123_Fish Deg Angle Tests_FSL06/P8310674.ORF,2096.949750644476,1459.895117462727,Red Laser,f
30173,87,14822,2025-02-10 REEF Data Dump SMILE 6/083123_Fish Degree Angle Tests/083123_Fish Deg Angle Tests_FSL06/P8310676.ORF,2097.2646844950414,1461.3569339401763,Red Laser,f
30177,87,14823,2025-02-10 REEF Data Dump SMILE 6/083123_Fish Degree Angle Tests/083123_Fish Deg Angle Tests_FSL06/P8310678.ORF,2097.606599473415,1460.508168982647,Red Laser,f
30175,87,14824,2025-02-10 REEF Data Dump SMILE 6/083123_Fish Degree Angle Tests/083123_Fish Deg Angle Tests_FSL06/P8310677.ORF,2096.972252898779,1462.4356300279753,Red Laser,f
30179,87,14825,2025-02-10 REEF Data Dump SMILE 6/083123_Fish Degree Angle Tests/083123_Fish Deg Angle Tests_FSL06/P8310679.ORF,2096.8507209659733,1459.8322937821622,Red Laser,f
30187,87,14826,2025-02-10 REEF Data Dump SMILE 6/083123_Fish Degree Angle Tests/083123_Fish Deg Angle Tests_FSL06/P8310683.ORF,2097.637343832182,1468.068987300636,Red Laser,f
30181,87,14827,2025-02-10 REEF Data Dump SMILE 6/083123_Fish Degree Angle Tests/083123_Fish Deg Angle Tests_FSL06/P8310680.ORF,2096.5481576705088,1462.1962506748143,Red Laser,f
30185,87,14828,2025-02-10 REEF Data Dump SMILE 6/083123_Fish Degree Angle Tests/083123_Fish Deg Angle Tests_FSL06/P8310682.ORF,2097.461880982212,1461.9653302921297,Red Laser,f
30183,87,14829,2025-02-10 REEF Data Dump SMILE 6/083123_Fish Degree Angle Tests/083123_Fish Deg Angle Tests_FSL06/P8310681.ORF,2096.3901589724255,1461.5654008983627,Red Laser,f
30195,87,14830,2025-02-10 REEF Data Dump SMILE 6/083123_Fish Degree Angle Tests/083123_Fish Deg Angle Tests_FSL06/P8310687.ORF,2098.9855784213946,1461.659115711766,Red Laser,f
30189,87,14831,2025-02-10 REEF Data Dump SMILE 6/083123_Fish Degree Angle Tests/083123_Fish Deg Angle Tests_FSL06/P8310684.ORF,2098.264038861183,1461.9516298374308,Red Laser,f
30191,87,14832,2025-02-10 REEF Data Dump SMILE 6/083123_Fish Degree Angle Tests/083123_Fish Deg Angle Tests_FSL06/P8310685.ORF,2098.759473773618,1462.307347051691,Red Laser,f
30193,87,14833,2025-02-10 REEF Data Dump SMILE 6/083123_Fish Degree Angle Tests/083123_Fish Deg Angle Tests_FSL06/P8310686.ORF,2097.6558404066095,1461.3155288858454,Red Laser,f
28058,87,14713,2025-02-10 REEF Data Dump SMILE 6/083123_Fish Degree Angle Tests/083123_Fish Deg Angle Tests_FSL06/P8310151.ORF,2075.2921439820566,1382.6450598773208,Red Laser,f
28044,87,14714,2025-02-10 REEF Data Dump SMILE 6/083123_Fish Degree Angle Tests/083123_Fish Deg Angle Tests_FSL06/P8310148.ORF,2073.2070790059647,1384.004304635171,Red Laser,f
28063,87,14715,2025-02-10 REEF Data Dump SMILE 6/083123_Fish Degree Angle Tests/083123_Fish Deg Angle Tests_FSL06/P8310152.ORF,2073.9571256506106,1384.3308454424148,Red Laser,f
59798,87,14716,2025-02-10 REEF Data Dump SMILE 6/083123_Fish Degree Angle Tests/083123_Fish Deg Angle Tests_FSL06/P8310153.ORF,2073.6290981476914,1385.3743405898113,Red Laser,f
28076,87,14717,2025-02-10 REEF Data Dump SMILE 6/083123_Fish Degree Angle Tests/083123_Fish Deg Angle Tests_FSL06/P8310155.ORF,2074.8863047921054,1385.2974003976133,Red Laser,f
28081,87,14718,2025-02-10 REEF Data Dump SMILE 6/083123_Fish Degree Angle Tests/083123_Fish Deg Angle Tests_FSL06/P8310156.ORF,2074.384915665114,1384.3513808707517,Red Laser,f
28071,87,14719,2025-02-10 REEF Data Dump SMILE 6/083123_Fish Degree Angle Tests/083123_Fish Deg Angle Tests_FSL06/P8310154.ORF,2073.5304042824487,1386.6419382014935,Red Laser,f
28086,87,14720,2025-02-10 REEF Data Dump SMILE 6/083123_Fish Degree Angle Tests/083123_Fish Deg Angle Tests_FSL06/P8310157.ORF,2073.301966209412,1384.304935130903,Red Laser,f
28096,87,14721,2025-02-10 REEF Data Dump SMILE 6/083123_Fish Degree Angle Tests/083123_Fish Deg Angle Tests_FSL06/P8310159.ORF,2074.328511616931,1384.7905492859402,Red Laser,f
28091,87,14722,2025-02-10 REEF Data Dump SMILE 6/083123_Fish Degree Angle Tests/083123_Fish Deg Angle Tests_FSL06/P8310158.ORF,2073.566685269572,1386.5059251920156,Red Laser,f
28101,87,14723,2025-02-10 REEF Data Dump SMILE 6/083123_Fish Degree Angle Tests/083123_Fish Deg Angle Tests_FSL06/P8310160.ORF,2073.2894888763763,1386.0682054446659,Red Laser,f
30293,87,14884,2025-02-10 REEF Data Dump SMILE 6/083123_Fish Degree Angle Tests/083123_Fish Deg Angle Tests_FSL06/P8310738.ORF,2097.4117778027157,1457.5421641142764,Red Laser,f
30295,87,14885,2025-02-10 REEF Data Dump SMILE 6/083123_Fish Degree Angle Tests/083123_Fish Deg Angle Tests_FSL06/P8310739.ORF,2096.922946944751,1461.667654710049,Red Laser,f
30297,87,14886,2025-02-10 REEF Data Dump SMILE 6/083123_Fish Degree Angle Tests/083123_Fish Deg Angle Tests_FSL06/P8310740.ORF,2096.4530135624213,1461.140519709973,Red Laser,f
30299,87,14887,2025-02-10 REEF Data Dump SMILE 6/083123_Fish Degree Angle Tests/083123_Fish Deg Angle Tests_FSL06/P8310741.ORF,2097.018747848128,1459.9443117035992,Red Laser,f
30301,87,14888,2025-02-10 REEF Data Dump SMILE 6/083123_Fish Degree Angle Tests/083123_Fish Deg Angle Tests_FSL06/P8310742.ORF,2095.376788553259,1467.2432432432433,Red Laser,t
30303,87,14889,2025-02-10 REEF Data Dump SMILE 6/083123_Fish Degree Angle Tests/083123_Fish Deg Angle Tests_FSL06/P8310743.ORF,2098.7350587931396,1458.75898726962,Red Laser,f
30305,87,14890,2025-02-10 REEF Data Dump SMILE 6/083123_Fish Degree Angle Tests/083123_Fish Deg Angle Tests_FSL06/P8310744.ORF,2098.8392691811378,1458.5908048372055,Red Laser,f
59862,87,14891,2025-02-10 REEF Data Dump SMILE 6/083123_Fish Degree Angle Tests/083123_Fish Deg Angle Tests_FSL06/P8310745.ORF,2096.5256928640893,1462.4728691430482,Red Laser,f
30308,87,14892,2025-02-10 REEF Data Dump SMILE 6/083123_Fish Degree Angle Tests/083123_Fish Deg Angle Tests_FSL06/P8310746.ORF,2097.206719282281,1461.3331260529835,Red Laser,f
30310,87,14893,2025-02-10 REEF Data Dump SMILE 6/083123_Fish Degree Angle Tests/083123_Fish Deg Angle Tests_FSL06/P8310747.ORF,2098.0321623274845,1461.9339014352722,Red Laser,f
56033,87,14894,2025-02-10 REEF Data Dump SMILE 6/083123_Fish Degree Angle Tests/083123_Fish Deg Angle Tests_FSL06/P8310749.ORF,2099.1461872841883,1460.164520222589,Red Laser,f
30312,87,14895,2025-02-10 REEF Data Dump SMILE 6/083123_Fish Degree Angle Tests/083123_Fish Deg Angle Tests_FSL06/P8310748.ORF,2099.597505063863,1463.180174495214,Red Laser,f
30315,87,14896,2025-02-10 REEF Data Dump SMILE 6/083123_Fish Degree Angle Tests/083123_Fish Deg Angle Tests_FSL06/P8310750.ORF,2098.377324752074,1461.4799137016798,Red Laser,f
30322,87,14897,2025-02-10 REEF Data Dump SMILE 6/083123_Fish Degree Angle Tests/083123_Fish Deg Angle Tests_FSL06/P8310754.ORF,2099.1875110967703,1460.658754013007,Red Laser,f
30319,87,14898,2025-02-10 REEF Data Dump SMILE 6/083123_Fish Degree Angle Tests/083123_Fish Deg Angle Tests_FSL06/P8310752.ORF,2099.530850067075,1462.0746277835456,Red Laser,f
30317,87,14899,2025-02-10 REEF Data Dump SMILE 6/083123_Fish Degree Angle Tests/083123_Fish Deg Angle Tests_FSL06/P8310751.ORF,2099.695229423257,1460.9784132098675,Red Laser,f
30320,87,14900,2025-02-10 REEF Data Dump SMILE 6/083123_Fish Degree Angle Tests/083123_Fish Deg Angle Tests_FSL06/P8310753.ORF,2099.8002668839,1463.6863321398112,Red Laser,f
30324,87,14901,2025-02-10 REEF Data Dump SMILE 6/083123_Fish Degree Angle Tests/083123_Fish Deg Angle Tests_FSL06/P8310755.ORF,2099.5142165040174,1459.9619560479844,Red Laser,f
30328,87,14902,2025-02-10 REEF Data Dump SMILE 6/083123_Fish Degree Angle Tests/083123_Fish Deg Angle Tests_FSL06/P8310757.ORF,2098.111938830412,1462.1277468857745,Red Laser,f
30326,87,14903,2025-02-10 REEF Data Dump SMILE 6/083123_Fish Degree Angle Tests/083123_Fish Deg Angle Tests_FSL06/P8310756.ORF,2099.120779076598,1461.6217138681109,Red Laser,f
30330,87,14904,2025-02-10 REEF Data Dump SMILE 6/083123_Fish Degree Angle Tests/083123_Fish Deg Angle Tests_FSL06/P8310758.ORF,2098.5703069745377,1461.8749109029188,Red Laser,f
30332,87,14905,2025-02-10 REEF Data Dump SMILE 6/083123_Fish Degree Angle Tests/083123_Fish Deg Angle Tests_FSL06/P8310759.ORF,2096.9468940448733,1461.8549392148561,Red Laser,f
30342,87,14906,2025-02-10 REEF Data Dump SMILE 6/083123_Fish Degree Angle Tests/083123_Fish Deg Angle Tests_FSL06/P8310764.ORF,2099.167887228678,1459.972687788776,Red Laser,f
30338,87,14907,2025-02-10 REEF Data Dump SMILE 6/083123_Fish Degree Angle Tests/083123_Fish Deg Angle Tests_FSL06/P8310762.ORF,2098.1091511868435,1462.0505666545937,Red Laser,f
30340,87,14908,2025-02-10 REEF Data Dump SMILE 6/083123_Fish Degree Angle Tests/083123_Fish Deg Angle Tests_FSL06/P8310763.ORF,2098.4445411450756,1461.8751087882074,Red Laser,f
30334,87,14909,2025-02-10 REEF Data Dump SMILE 6/083123_Fish Degree Angle Tests/083123_Fish Deg Angle Tests_FSL06/P8310760.ORF,2098.2298578523587,1460.7568712990947,Red Laser,f
30336,87,14910,2025-02-10 REEF Data Dump SMILE 6/083123_Fish Degree Angle Tests/083123_Fish Deg Angle Tests_FSL06/P8310761.ORF,2098.9494956334975,1461.358200878725,Red Laser,f
60068,87,14911,2025-02-10 REEF Data Dump SMILE 6/083123_Fish Degree Angle Tests/083123_Fish Deg Angle Tests_FSL06/P8310765.ORF,2097.6714576349773,1460.4622567148137,Red Laser,f
30350,87,14912,2025-02-10 REEF Data Dump SMILE 6/083123_Fish Degree Angle Tests/083123_Fish Deg Angle Tests_FSL06/P8310769.ORF,2098.1236518913925,1461.711602712053,Red Laser,f
30346,87,14913,2025-02-10 REEF Data Dump SMILE 6/083123_Fish Degree Angle Tests/083123_Fish Deg Angle Tests_FSL06/P8310767.ORF,2097.637343832182,1459.553439923827,Red Laser,f
30348,87,14914,2025-02-10 REEF Data Dump SMILE 6/083123_Fish Degree Angle Tests/083123_Fish Deg Angle Tests_FSL06/P8310768.ORF,2097.3744834097142,1462.1256668985213,Red Laser,f
60069,87,14915,2025-02-10 REEF Data Dump SMILE 6/083123_Fish Degree Angle Tests/083123_Fish Deg Angle Tests_FSL06/P8310766.ORF,2098.242554407797,1462.7037611381204,Red Laser,f
30352,87,14916,2025-02-10 REEF Data Dump SMILE 6/083123_Fish Degree Angle Tests/083123_Fish Deg Angle Tests_FSL06/P8310770.ORF,2097.3814356278717,1462.2659146631509,Red Laser,f
30354,87,14917,2025-02-10 REEF Data Dump SMILE 6/083123_Fish Degree Angle Tests/083123_Fish Deg Angle Tests_FSL06/P8310771.ORF,2098.0421736990897,1460.4557348726826,Red Laser,f
30356,87,14918,2025-02-10 REEF Data Dump SMILE 6/083123_Fish Degree Angle Tests/083123_Fish Deg Angle Tests_FSL06/P8310772.ORF,2098.5,1463.0000000000002,Red Laser,f
30358,87,14919,2025-02-10 REEF Data Dump SMILE 6/083123_Fish Degree Angle Tests/083123_Fish Deg Angle Tests_FSL06/P8310773.ORF,2097.0949606394593,1460.321767745874,Red Laser,f
30362,87,14920,2025-02-10 REEF Data Dump SMILE 6/083123_Fish Degree Angle Tests/083123_Fish Deg Angle Tests_FSL06/P8310775.ORF,2098.1572983883325,1460.695999574062,Red Laser,f
30360,87,14921,2025-02-10 REEF Data Dump SMILE 6/083123_Fish Degree Angle Tests/083123_Fish Deg Angle Tests_FSL06/P8310774.ORF,2099.5279462581157,1460.7509723820351,Red Laser,f
30197,87,14834,2025-02-10 REEF Data Dump SMILE 6/083123_Fish Degree Angle Tests/083123_Fish Deg Angle Tests_FSL06/P8310688.ORF,2098.435774554304,1459.204993422116,Red Laser,f
30205,87,14835,2025-02-10 REEF Data Dump SMILE 6/083123_Fish Degree Angle Tests/083123_Fish Deg Angle Tests_FSL06/P8310692.ORF,2099.5006705885326,1459.4257040530201,Red Laser,f
30203,87,14836,2025-02-10 REEF Data Dump SMILE 6/083123_Fish Degree Angle Tests/083123_Fish Deg Angle Tests_FSL06/P8310691.ORF,2099.8135732570736,1464.6262937657734,Red Laser,f
30206,87,14837,2025-02-10 REEF Data Dump SMILE 6/083123_Fish Degree Angle Tests/083123_Fish Deg Angle Tests_FSL06/P8310693.ORF,2098.720028654097,1460.3834078311033,Red Laser,f
30199,87,14838,2025-02-10 REEF Data Dump SMILE 6/083123_Fish Degree Angle Tests/083123_Fish Deg Angle Tests_FSL06/P8310689.ORF,2098.99091880669,1461.9589137074126,Red Laser,f
30201,87,14839,2025-02-10 REEF Data Dump SMILE 6/083123_Fish Degree Angle Tests/083123_Fish Deg Angle Tests_FSL06/P8310690.ORF,2098.435139296887,1462.3137458166789,Red Laser,f
30208,87,14840,2025-02-10 REEF Data Dump SMILE 6/083123_Fish Degree Angle Tests/083123_Fish Deg Angle Tests_FSL06/P8310694.ORF,2098.31643272945,1460.5490534605904,Red Laser,f
30216,87,14841,2025-02-10 REEF Data Dump SMILE 6/083123_Fish Degree Angle Tests/083123_Fish Deg Angle Tests_FSL06/P8310698.ORF,2097.91590607795,1462.3378666469252,Red Laser,f
30212,87,14842,2025-02-10 REEF Data Dump SMILE 6/083123_Fish Degree Angle Tests/083123_Fish Deg Angle Tests_FSL06/P8310696.ORF,2098.1995712577027,1461.9808872705876,Red Laser,f
30214,87,14843,2025-02-10 REEF Data Dump SMILE 6/083123_Fish Degree Angle Tests/083123_Fish Deg Angle Tests_FSL06/P8310697.ORF,2097.105307151057,1460.6469695744302,Red Laser,f
30370,87,14924,2025-02-10 REEF Data Dump SMILE 6/083123_Fish Degree Angle Tests/083123_Fish Deg Angle Tests_FSL06/P8310780.ORF,2097.39364552492,1459.5101797364835,Red Laser,f
30368,87,14925,2025-02-10 REEF Data Dump SMILE 6/083123_Fish Degree Angle Tests/083123_Fish Deg Angle Tests_FSL06/P8310779.ORF,2097.8612573621076,1462.365476917591,Red Laser,f
59870,87,14926,2025-02-10 REEF Data Dump SMILE 6/083123_Fish Degree Angle Tests/083123_Fish Deg Angle Tests_FSL06/P8310778.ORF,2096.8584479977385,1461.494497796963,Red Laser,f
30374,87,14927,2025-02-10 REEF Data Dump SMILE 6/083123_Fish Degree Angle Tests/083123_Fish Deg Angle Tests_FSL06/P8310782.ORF,2097.375322094494,1459.5786954349326,Red Laser,f
30376,87,14928,2025-02-10 REEF Data Dump SMILE 6/083123_Fish Degree Angle Tests/083123_Fish Deg Angle Tests_FSL06/P8310783.ORF,2097.638898383665,1460.1775995693938,Red Laser,f
30372,87,14929,2025-02-10 REEF Data Dump SMILE 6/083123_Fish Degree Angle Tests/083123_Fish Deg Angle Tests_FSL06/P8310781.ORF,2098.7200465453257,1460.9501742378063,Red Laser,f
30378,87,14930,2025-02-10 REEF Data Dump SMILE 6/083123_Fish Degree Angle Tests/083123_Fish Deg Angle Tests_FSL06/P8310784.ORF,2096.9756903845127,1461.0855808804265,Red Laser,f
30380,87,14931,2025-02-10 REEF Data Dump SMILE 6/083123_Fish Degree Angle Tests/083123_Fish Deg Angle Tests_FSL06/P8310785.ORF,2095.5531954254434,1459.5859178792239,Red Laser,f
30386,87,14932,2025-02-10 REEF Data Dump SMILE 6/083123_Fish Degree Angle Tests/083123_Fish Deg Angle Tests_FSL06/P8310788.ORF,2096.7862095210066,1463.3421879748178,Red Laser,f
30382,87,14933,2025-02-10 REEF Data Dump SMILE 6/083123_Fish Degree Angle Tests/083123_Fish Deg Angle Tests_FSL06/P8310786.ORF,2096.711434613277,1458.022493487684,Red Laser,f
30384,87,14934,2025-02-10 REEF Data Dump SMILE 6/083123_Fish Degree Angle Tests/083123_Fish Deg Angle Tests_FSL06/P8310787.ORF,2096.337627299296,1461.5788399599567,Red Laser,f
30392,87,14935,2025-02-10 REEF Data Dump SMILE 6/083123_Fish Degree Angle Tests/083123_Fish Deg Angle Tests_FSL06/P8310791.ORF,2097.4117168911876,1459.47053358993,Red Laser,f
30390,87,14936,2025-02-10 REEF Data Dump SMILE 6/083123_Fish Degree Angle Tests/083123_Fish Deg Angle Tests_FSL06/P8310790.ORF,2096.938263422532,1463.12272009932,Red Laser,f
30388,87,14937,2025-02-10 REEF Data Dump SMILE 6/083123_Fish Degree Angle Tests/083123_Fish Deg Angle Tests_FSL06/P8310789.ORF,2096.3137971651986,1463.5712318559424,Red Laser,f
30394,87,14938,2025-02-10 REEF Data Dump SMILE 6/083123_Fish Degree Angle Tests/083123_Fish Deg Angle Tests_FSL06/P8310792.ORF,2096.2218445910144,1461.9798322846525,Red Laser,f
30398,87,14939,2025-02-10 REEF Data Dump SMILE 6/083123_Fish Degree Angle Tests/083123_Fish Deg Angle Tests_FSL06/P8310794.ORF,2096.2513202510836,1457.3223275338917,Red Laser,f
30402,87,14940,2025-02-10 REEF Data Dump SMILE 6/083123_Fish Degree Angle Tests/083123_Fish Deg Angle Tests_FSL06/P8310796.ORF,2096.1094624212096,1459.005351561967,Red Laser,f
30396,87,14941,2025-02-10 REEF Data Dump SMILE 6/083123_Fish Degree Angle Tests/083123_Fish Deg Angle Tests_FSL06/P8310793.ORF,2097.1794074704358,1458.62347062978,Red Laser,f
30400,87,14942,2025-02-10 REEF Data Dump SMILE 6/083123_Fish Degree Angle Tests/083123_Fish Deg Angle Tests_FSL06/P8310795.ORF,2096.8709787003354,1459.8043361300026,Red Laser,f
30403,87,14943,2025-02-10 REEF Data Dump SMILE 6/083123_Fish Degree Angle Tests/083123_Fish Deg Angle Tests_FSL06/P8310797.ORF,2096.478034891784,1456.3589208665667,Red Laser,f
30405,87,14944,2025-02-10 REEF Data Dump SMILE 6/083123_Fish Degree Angle Tests/083123_Fish Deg Angle Tests_FSL06/P8310798.ORF,2099.2835560300546,1462.2668504642043,Red Laser,f
30409,87,14945,2025-02-10 REEF Data Dump SMILE 6/083123_Fish Degree Angle Tests/083123_Fish Deg Angle Tests_FSL06/P8310800.ORF,2096.3330838071224,1459.4066417427903,Red Laser,f
30413,87,14946,2025-02-10 REEF Data Dump SMILE 6/083123_Fish Degree Angle Tests/083123_Fish Deg Angle Tests_FSL06/P8310802.ORF,2096.2937829197526,1459.9525144016397,Red Laser,f
30407,87,14947,2025-02-10 REEF Data Dump SMILE 6/083123_Fish Degree Angle Tests/083123_Fish Deg Angle Tests_FSL06/P8310799.ORF,2096.1524673116564,1458.3463343693327,Red Laser,f
30411,87,14948,2025-02-10 REEF Data Dump SMILE 6/083123_Fish Degree Angle Tests/083123_Fish Deg Angle Tests_FSL06/P8310801.ORF,2095.5232029939534,1461.6477530304167,Red Laser,f
30415,87,14949,2025-02-10 REEF Data Dump SMILE 6/083123_Fish Degree Angle Tests/083123_Fish Deg Angle Tests_FSL06/P8310803.ORF,2096.768492992054,1460.4543018631493,Red Laser,f
61526,87,14950,2025-02-10 REEF Data Dump SMILE 6/083123_Fish Degree Angle Tests/083123_Fish Deg Angle Tests_FSL06/P8310805.ORF,2097.2797002665457,1460.7461814190747,Red Laser,f
30417,87,14951,2025-02-10 REEF Data Dump SMILE 6/083123_Fish Degree Angle Tests/083123_Fish Deg Angle Tests_FSL06/P8310804.ORF,2097.244592978168,1461.2847427655038,Red Laser,f
30422,87,14952,2025-02-10 REEF Data Dump SMILE 6/083123_Fish Degree Angle Tests/083123_Fish Deg Angle Tests_FSL06/P8310807.ORF,2095.376788553259,1472.0381558028616,Red Laser,t
30420,87,14953,2025-02-10 REEF Data Dump SMILE 6/083123_Fish Degree Angle Tests/083123_Fish Deg Angle Tests_FSL06/P8310806.ORF,2096.3101341692986,1458.2446540053747,Red Laser,f
30424,87,14954,2025-02-10 REEF Data Dump SMILE 6/083123_Fish Degree Angle Tests/083123_Fish Deg Angle Tests_FSL06/P8310808.ORF,2097.0388432461214,1458.0995943938758,Red Laser,f
30428,87,14955,2025-02-10 REEF Data Dump SMILE 6/083123_Fish Degree Angle Tests/083123_Fish Deg Angle Tests_FSL06/P8310810.ORF,2096.080874785322,1462.0901814047968,Red Laser,f
30426,87,14956,2025-02-10 REEF Data Dump SMILE 6/083123_Fish Degree Angle Tests/083123_Fish Deg Angle Tests_FSL06/P8310809.ORF,2096.636528810231,1462.5943016158483,Red Laser,f
30429,87,14957,2025-02-10 REEF Data Dump SMILE 6/083123_Fish Degree Angle Tests/083123_Fish Deg Angle Tests_FSL06/P8310811.ORF,2096.5258872350582,1461.7836808484142,Red Laser,f
30433,87,14958,2025-02-10 REEF Data Dump SMILE 6/083123_Fish Degree Angle Tests/083123_Fish Deg Angle Tests_FSL06/P8310813.ORF,2096.3458973030924,1462.0522881714492,Red Laser,f
30439,87,14959,2025-02-10 REEF Data Dump SMILE 6/083123_Fish Degree Angle Tests/083123_Fish Deg Angle Tests_FSL06/P8310816.ORF,2097.6714576349773,1458.4332066965435,Red Laser,f
30437,87,14960,2025-02-10 REEF Data Dump SMILE 6/083123_Fish Degree Angle Tests/083123_Fish Deg Angle Tests_FSL06/P8310815.ORF,2095.551828530954,1461.9389961959191,Red Laser,f
30431,87,14961,2025-02-10 REEF Data Dump SMILE 6/083123_Fish Degree Angle Tests/083123_Fish Deg Angle Tests_FSL06/P8310812.ORF,2098.4275002375866,1461.9400387528285,Red Laser,f
30435,87,14962,2025-02-10 REEF Data Dump SMILE 6/083123_Fish Degree Angle Tests/083123_Fish Deg Angle Tests_FSL06/P8310814.ORF,2095.946145988513,1461.438320873808,Red Laser,f
30443,87,14963,2025-02-10 REEF Data Dump SMILE 6/083123_Fish Degree Angle Tests/083123_Fish Deg Angle Tests_FSL06/P8310818.ORF,2097.4572933914515,1461.6221016805428,Red Laser,f
27533,114,15865,2023-09-07 REEF Data Dump/083123_Fish Degree Angle Tests/083123_Fish Degree Angle Test_FSL-01/P8310036.ORF,1960.9253828683413,1408.657891816911,Red Laser,f
27538,114,15866,2023-09-07 REEF Data Dump/083123_Fish Degree Angle Tests/083123_Fish Degree Angle Test_FSL-01/P8310037.ORF,1961.6014884852254,1408.2546470539003,Red Laser,f
27542,114,15867,2023-09-07 REEF Data Dump/083123_Fish Degree Angle Tests/083123_Fish Degree Angle Test_FSL-01/P8310038.ORF,1959.7213440004305,1408.479945830914,Red Laser,f
27552,114,15868,2023-09-07 REEF Data Dump/083123_Fish Degree Angle Tests/083123_Fish Degree Angle Test_FSL-01/P8310040.ORF,1958.3777325152028,1407.6979644358628,Red Laser,f
27547,114,15869,2023-09-07 REEF Data Dump/083123_Fish Degree Angle Tests/083123_Fish Degree Angle Test_FSL-01/P8310039.ORF,1961.636666450549,1411.8574906705473,Red Laser,f
27557,114,15870,2023-09-07 REEF Data Dump/083123_Fish Degree Angle Tests/083123_Fish Degree Angle Test_FSL-01/P8310041.ORF,1959.8225012531593,1410.122905836186,Red Laser,f
27574,114,15871,2023-09-07 REEF Data Dump/083123_Fish Degree Angle Tests/083123_Fish Degree Angle Test_FSL-01/P8310045.ORF,1960.747403538132,1409.4784505082816,Red Laser,f
27570,114,15872,2023-09-07 REEF Data Dump/083123_Fish Degree Angle Tests/083123_Fish Degree Angle Test_FSL-01/P8310044.ORF,1959.915328335091,1409.7137518113786,Red Laser,f
27566,114,15873,2023-09-07 REEF Data Dump/083123_Fish Degree Angle Tests/083123_Fish Degree Angle Test_FSL-01/P8310043.ORF,1960.187952855023,1410.0524002343132,Red Laser,f
61469,114,15874,2023-09-07 REEF Data Dump/083123_Fish Degree Angle Tests/083123_Fish Degree Angle Test_FSL-01/P8310042.ORF,1960.6603618532827,1409.942224428348,Red Laser,f
27579,114,15875,2023-09-07 REEF Data Dump/083123_Fish Degree Angle Tests/083123_Fish Degree Angle Test_FSL-01/P8310046.ORF,1959.779204886496,1407.0797278957066,Red Laser,f
27584,114,15876,2023-09-07 REEF Data Dump/083123_Fish Degree Angle Tests/083123_Fish Degree Angle Test_FSL-01/P8310047.ORF,1960.0950576290618,1407.8651076448211,Red Laser,f
59370,114,15877,2023-09-07 REEF Data Dump/083123_Fish Degree Angle Tests/083123_Fish Degree Angle Test_FSL-01/P8310051.ORF,1963.3306169965074,1406.3573923166473,Red Laser,f
27594,114,15878,2023-09-07 REEF Data Dump/083123_Fish Degree Angle Tests/083123_Fish Degree Angle Test_FSL-01/P8310049.ORF,1960.9489961558209,1409.041225108857,Red Laser,f
27589,114,15879,2023-09-07 REEF Data Dump/083123_Fish Degree Angle Tests/083123_Fish Degree Angle Test_FSL-01/P8310048.ORF,1961.1963504693315,1410.814620261344,Red Laser,f
27598,114,15880,2023-09-07 REEF Data Dump/083123_Fish Degree Angle Tests/083123_Fish Degree Angle Test_FSL-01/P8310050.ORF,1959.4422423752962,1406.4058028733077,Red Laser,f
27616,114,15881,2023-09-07 REEF Data Dump/083123_Fish Degree Angle Tests/083123_Fish Degree Angle Test_FSL-01/P8310054.ORF,1961.5547467959548,1406.0583862141566,Red Laser,f
27606,114,15882,2023-09-07 REEF Data Dump/083123_Fish Degree Angle Tests/083123_Fish Degree Angle Test_FSL-01/P8310052.ORF,1962.4000693117432,1410.063297831084,Red Laser,f
27611,114,15883,2023-09-07 REEF Data Dump/083123_Fish Degree Angle Tests/083123_Fish Degree Angle Test_FSL-01/P8310053.ORF,1963.106709684592,1408.3113258741416,Red Laser,f
27626,114,15884,2023-09-07 REEF Data Dump/083123_Fish Degree Angle Tests/083123_Fish Degree Angle Test_FSL-01/P8310056.ORF,1962.7120992241196,1406.28936457077,Red Laser,f
27621,114,15885,2023-09-07 REEF Data Dump/083123_Fish Degree Angle Tests/083123_Fish Degree Angle Test_FSL-01/P8310055.ORF,1962.1682257012978,1412.778486303769,Red Laser,f
66963,114,15886,2023-09-07 REEF Data Dump/083123_Fish Degree Angle Tests/083123_Fish Degree Angle Test_FSL-01/P8310057.ORF,,,,f
27638,114,15887,2023-09-07 REEF Data Dump/083123_Fish Degree Angle Tests/083123_Fish Degree Angle Test_FSL-01/P8310059.ORF,1961.0397136449737,1404.825306982577,Red Laser,f
27643,114,15888,2023-09-07 REEF Data Dump/083123_Fish Degree Angle Tests/083123_Fish Degree Angle Test_FSL-01/P8310060.ORF,1960.5846915770646,1408.89469974314,Red Laser,f
27633,114,15889,2023-09-07 REEF Data Dump/083123_Fish Degree Angle Tests/083123_Fish Degree Angle Test_FSL-01/P8310058.ORF,1962.4121507628197,1406.7899013853864,Red Laser,f
27648,114,15890,2023-09-07 REEF Data Dump/083123_Fish Degree Angle Tests/083123_Fish Degree Angle Test_FSL-01/P8310061.ORF,1960.5941677582139,1409.2048340332954,Red Laser,f
27653,114,15891,2023-09-07 REEF Data Dump/083123_Fish Degree Angle Tests/083123_Fish Degree Angle Test_FSL-01/P8310062.ORF,1959.9702485548064,1406.7898243413576,Red Laser,f
27668,114,15892,2023-09-07 REEF Data Dump/083123_Fish Degree Angle Tests/083123_Fish Degree Angle Test_FSL-01/P8310065.ORF,1960.2735093967265,1408.9998572467157,Red Laser,f
27658,114,15893,2023-09-07 REEF Data Dump/083123_Fish Degree Angle Tests/083123_Fish Degree Angle Test_FSL-01/P8310063.ORF,1960.9075036603463,1407.9586141281084,Red Laser,f
27663,114,15894,2023-09-07 REEF Data Dump/083123_Fish Degree Angle Tests/083123_Fish Degree Angle Test_FSL-01/P8310064.ORF,1959.737933984187,1408.758395476785,Red Laser,f
27673,114,15895,2023-09-07 REEF Data Dump/083123_Fish Degree Angle Tests/083123_Fish Degree Angle Test_FSL-01/P8310066.ORF,1961.5245718719805,1405.4827002758743,Red Laser,f
27681,114,15896,2023-09-07 REEF Data Dump/083123_Fish Degree Angle Tests/083123_Fish Degree Angle Test_FSL-01/P8310068.ORF,1960.4768857659344,1406.415406304877,Red Laser,f
27677,114,15897,2023-09-07 REEF Data Dump/083123_Fish Degree Angle Tests/083123_Fish Degree Angle Test_FSL-01/P8310067.ORF,1960.1386481802429,1400.8457538994799,Red Laser,f
56635,114,15898,2023-09-07 REEF Data Dump/083123_Fish Degree Angle Tests/083123_Fish Degree Angle Test_FSL-01/P8310069.ORF,1961.6099188211017,1405.7597073440202,Red Laser,f
27700,114,15899,2023-09-07 REEF Data Dump/083123_Fish Degree Angle Tests/083123_Fish Degree Angle Test_FSL-01/P8310072.ORF,1961.0994062451343,1408.914908198719,Red Laser,f
27695,114,15900,2023-09-07 REEF Data Dump/083123_Fish Degree Angle Tests/083123_Fish Degree Angle Test_FSL-01/P8310071.ORF,1960.0565442089248,1407.3413251309637,Red Laser,f
27690,114,15901,2023-09-07 REEF Data Dump/083123_Fish Degree Angle Tests/083123_Fish Degree Angle Test_FSL-01/P8310070.ORF,1960.8551553879945,1408.4976379761517,Red Laser,f
27704,114,15902,2023-09-07 REEF Data Dump/083123_Fish Degree Angle Tests/083123_Fish Degree Angle Test_FSL-01/P8310073.ORF,1964.8505218617552,1407.4138939828545,Red Laser,t
27709,114,15903,2023-09-07 REEF Data Dump/083123_Fish Degree Angle Tests/083123_Fish Degree Angle Test_FSL-01/P8310074.ORF,1964.5822922457094,1403.2563349341456,Red Laser,t
27726,114,15904,2023-09-07 REEF Data Dump/083123_Fish Degree Angle Tests/083123_Fish Degree Angle Test_FSL-01/P8310078.ORF,1960.6603618532827,1406.6804273199355,Red Laser,f
27717,114,15905,2023-09-07 REEF Data Dump/083123_Fish Degree Angle Tests/083123_Fish Degree Angle Test_FSL-01/P8310076.ORF,1960.0701745835704,1404.7757453799709,Red Laser,f
30233,87,14854,2025-02-10 REEF Data Dump SMILE 6/083123_Fish Degree Angle Tests/083123_Fish Deg Angle Tests_FSL06/P8310707.ORF,2097.6015851984703,1461.2809642917261,Red Laser,f
30235,87,14855,2025-02-10 REEF Data Dump SMILE 6/083123_Fish Degree Angle Tests/083123_Fish Deg Angle Tests_FSL06/P8310708.ORF,2097.6714576349773,1461.9115781564353,Red Laser,f
30241,87,14856,2025-02-10 REEF Data Dump SMILE 6/083123_Fish Degree Angle Tests/083123_Fish Deg Angle Tests_FSL06/P8310711.ORF,2097.2859020600135,1461.5450561145237,Red Laser,f
30239,87,14857,2025-02-10 REEF Data Dump SMILE 6/083123_Fish Degree Angle Tests/083123_Fish Deg Angle Tests_FSL06/P8310710.ORF,2097.048654550716,1459.7826388201645,Red Laser,f
30242,87,14858,2025-02-10 REEF Data Dump SMILE 6/083123_Fish Degree Angle Tests/083123_Fish Deg Angle Tests_FSL06/P8310712.ORF,2098.6500950991376,1460.6347511624272,Red Laser,f
30244,87,14859,2025-02-10 REEF Data Dump SMILE 6/083123_Fish Degree Angle Tests/083123_Fish Deg Angle Tests_FSL06/P8310713.ORF,2098.1635816450766,1461.8974018767758,Red Laser,f
30252,87,14860,2025-02-10 REEF Data Dump SMILE 6/083123_Fish Degree Angle Tests/083123_Fish Deg Angle Tests_FSL06/P8310717.ORF,2098.1747162485945,1461.5152647306195,Red Laser,f
30248,87,14861,2025-02-10 REEF Data Dump SMILE 6/083123_Fish Degree Angle Tests/083123_Fish Deg Angle Tests_FSL06/P8310715.ORF,2099.0029570623606,1460.4682858920128,Red Laser,f
30250,87,14862,2025-02-10 REEF Data Dump SMILE 6/083123_Fish Degree Angle Tests/083123_Fish Deg Angle Tests_FSL06/P8310716.ORF,2097.229350776045,1459.9823557007915,Red Laser,f
30246,87,14863,2025-02-10 REEF Data Dump SMILE 6/083123_Fish Degree Angle Tests/083123_Fish Deg Angle Tests_FSL06/P8310714.ORF,2097.3309581519075,1461.5381698826804,Red Laser,f
30256,87,14864,2025-02-10 REEF Data Dump SMILE 6/083123_Fish Degree Angle Tests/083123_Fish Deg Angle Tests_FSL06/P8310719.ORF,2097.593335509879,1461.7814802722885,Red Laser,f
30254,87,14865,2025-02-10 REEF Data Dump SMILE 6/083123_Fish Degree Angle Tests/083123_Fish Deg Angle Tests_FSL06/P8310718.ORF,2098.007211155371,1460.3820247598226,Red Laser,f
30260,87,14866,2025-02-10 REEF Data Dump SMILE 6/083123_Fish Degree Angle Tests/083123_Fish Deg Angle Tests_FSL06/P8310721.ORF,2096.4066011782775,1458.7077274191142,Red Laser,f
30258,87,14867,2025-02-10 REEF Data Dump SMILE 6/083123_Fish Degree Angle Tests/083123_Fish Deg Angle Tests_FSL06/P8310720.ORF,2097.4065040650403,1461.3739837398373,Red Laser,f
30264,87,14868,2025-02-10 REEF Data Dump SMILE 6/083123_Fish Degree Angle Tests/083123_Fish Deg Angle Tests_FSL06/P8310723.ORF,2098.4186761446495,1460.5695051899559,Red Laser,f
30262,87,14869,2025-02-10 REEF Data Dump SMILE 6/083123_Fish Degree Angle Tests/083123_Fish Deg Angle Tests_FSL06/P8310722.ORF,2100.171701112877,1467.2432432432433,Red Laser,f
30266,87,14870,2025-02-10 REEF Data Dump SMILE 6/083123_Fish Degree Angle Tests/083123_Fish Deg Angle Tests_FSL06/P8310724.ORF,2096.4989223267867,1462.6003837688809,Red Laser,f
30270,87,14871,2025-02-10 REEF Data Dump SMILE 6/083123_Fish Degree Angle Tests/083123_Fish Deg Angle Tests_FSL06/P8310726.ORF,2096.7475169487575,1460.6221102095144,Red Laser,f
30268,87,14872,2025-02-10 REEF Data Dump SMILE 6/083123_Fish Degree Angle Tests/083123_Fish Deg Angle Tests_FSL06/P8310725.ORF,2096.9513513060915,1457.070620977855,Red Laser,f
30274,87,14873,2025-02-10 REEF Data Dump SMILE 6/083123_Fish Degree Angle Tests/083123_Fish Deg Angle Tests_FSL06/P8310728.ORF,2095.7012749245587,1457.5809383655514,Red Laser,f
30272,87,14874,2025-02-10 REEF Data Dump SMILE 6/083123_Fish Degree Angle Tests/083123_Fish Deg Angle Tests_FSL06/P8310727.ORF,2096.917665957399,1462.128888905998,Red Laser,f
30276,87,14875,2025-02-10 REEF Data Dump SMILE 6/083123_Fish Degree Angle Tests/083123_Fish Deg Angle Tests_FSL06/P8310729.ORF,2097.244592978168,1460.6720836542315,Red Laser,f
30280,87,14876,2025-02-10 REEF Data Dump SMILE 6/083123_Fish Degree Angle Tests/083123_Fish Deg Angle Tests_FSL06/P8310731.ORF,2097.2863651903003,1460.5189188764134,Red Laser,f
30282,87,14877,2025-02-10 REEF Data Dump SMILE 6/083123_Fish Degree Angle Tests/083123_Fish Deg Angle Tests_FSL06/P8310732.ORF,2097.809480762627,1459.972845373142,Red Laser,f
30278,87,14878,2025-02-10 REEF Data Dump SMILE 6/083123_Fish Degree Angle Tests/083123_Fish Deg Angle Tests_FSL06/P8310730.ORF,2098.3132691884884,1461.4586652059297,Red Laser,f
30283,87,14879,2025-02-10 REEF Data Dump SMILE 6/083123_Fish Degree Angle Tests/083123_Fish Deg Angle Tests_FSL06/P8310733.ORF,2097.5344841922197,1461.6356903945602,Red Laser,f
30285,87,14880,2025-02-10 REEF Data Dump SMILE 6/083123_Fish Degree Angle Tests/083123_Fish Deg Angle Tests_FSL06/P8310734.ORF,2097.307062299391,1461.7030590660638,Red Laser,f
30287,87,14881,2025-02-10 REEF Data Dump SMILE 6/083123_Fish Degree Angle Tests/083123_Fish Deg Angle Tests_FSL06/P8310735.ORF,2098.46508392812,1459.1700002877867,Red Laser,f
30289,87,14882,2025-02-10 REEF Data Dump SMILE 6/083123_Fish Degree Angle Tests/083123_Fish Deg Angle Tests_FSL06/P8310736.ORF,2098.3831325178426,1460.5850251500044,Red Laser,f
30291,87,14883,2025-02-10 REEF Data Dump SMILE 6/083123_Fish Degree Angle Tests/083123_Fish Deg Angle Tests_FSL06/P8310737.ORF,2097.5914864858287,1459.8129757769764,Red Laser,f
30445,87,14964,2025-02-10 REEF Data Dump SMILE 6/083123_Fish Degree Angle Tests/083123_Fish Deg Angle Tests_FSL06/P8310819.ORF,2097.6958447624393,1461.4829441930715,Red Laser,f
30447,87,14965,2025-02-10 REEF Data Dump SMILE 6/083123_Fish Degree Angle Tests/083123_Fish Deg Angle Tests_FSL06/P8310820.ORF,2098.464414673628,1462.6443048116898,Red Laser,f
30441,87,14966,2025-02-10 REEF Data Dump SMILE 6/083123_Fish Degree Angle Tests/083123_Fish Deg Angle Tests_FSL06/P8310817.ORF,2096.958320457936,1459.8801544463563,Red Laser,f
60071,87,14967,2025-02-10 REEF Data Dump SMILE 6/083123_Fish Degree Angle Tests/083123_Fish Deg Angle Tests_FSL06/P8310821.ORF,2096.9468940448733,1460.2438897111356,Red Laser,f
30452,87,14968,2025-02-10 REEF Data Dump SMILE 6/083123_Fish Degree Angle Tests/083123_Fish Deg Angle Tests_FSL06/P8310823.ORF,2096.952557049593,1459.9224138628024,Red Laser,f
30450,87,14969,2025-02-10 REEF Data Dump SMILE 6/083123_Fish Degree Angle Tests/083123_Fish Deg Angle Tests_FSL06/P8310822.ORF,2096.598039215686,1461.6078431372548,Red Laser,f
30453,87,14970,2025-02-10 REEF Data Dump SMILE 6/083123_Fish Degree Angle Tests/083123_Fish Deg Angle Tests_FSL06/P8310824.ORF,2096.971847314558,1461.3590033697312,Red Laser,f
30455,87,14971,2025-02-10 REEF Data Dump SMILE 6/083123_Fish Degree Angle Tests/083123_Fish Deg Angle Tests_FSL06/P8310825.ORF,2096.544246370095,1461.9653302921297,Red Laser,f
30457,87,14972,2025-02-10 REEF Data Dump SMILE 6/083123_Fish Degree Angle Tests/083123_Fish Deg Angle Tests_FSL06/P8310826.ORF,2097.001247920728,1462.1658471101532,Red Laser,f
30461,87,14973,2025-02-10 REEF Data Dump SMILE 6/083123_Fish Degree Angle Tests/083123_Fish Deg Angle Tests_FSL06/P8310828.ORF,2096.232066100838,1461.9755078713924,Red Laser,f
30459,87,14974,2025-02-10 REEF Data Dump SMILE 6/083123_Fish Degree Angle Tests/083123_Fish Deg Angle Tests_FSL06/P8310827.ORF,2096.8018647700037,1460.4622567148137,Red Laser,f
30463,87,14975,2025-02-10 REEF Data Dump SMILE 6/083123_Fish Degree Angle Tests/083123_Fish Deg Angle Tests_FSL06/P8310829.ORF,2096.958668552258,1461.8527047495274,Red Laser,f
30465,87,14976,2025-02-10 REEF Data Dump SMILE 6/083123_Fish Degree Angle Tests/083123_Fish Deg Angle Tests_FSL06/P8310830.ORF,2097.596921419009,1457.6296915885569,Red Laser,f
30467,87,14977,2025-02-10 REEF Data Dump SMILE 6/083123_Fish Degree Angle Tests/083123_Fish Deg Angle Tests_FSL06/P8310831.ORF,2096.649455313099,1461.9219579264643,Red Laser,f
30469,87,14978,2025-02-10 REEF Data Dump SMILE 6/083123_Fish Degree Angle Tests/083123_Fish Deg Angle Tests_FSL06/P8310832.ORF,2096.097621785828,1461.6847043499406,Red Laser,f
30471,87,14979,2025-02-10 REEF Data Dump SMILE 6/083123_Fish Degree Angle Tests/083123_Fish Deg Angle Tests_FSL06/P8310833.ORF,2095.3983150013005,1462.5140846062477,Red Laser,f
30472,87,14980,2025-02-10 REEF Data Dump SMILE 6/083123_Fish Degree Angle Tests/083123_Fish Deg Angle Tests_FSL06/P8310834.ORF,2097.050945652946,1461.129482157327,Red Laser,f
30476,87,14981,2025-02-10 REEF Data Dump SMILE 6/083123_Fish Degree Angle Tests/083123_Fish Deg Angle Tests_FSL06/P8310836.ORF,2097.059119325892,1461.317066501082,Red Laser,f
30477,87,14982,2025-02-10 REEF Data Dump SMILE 6/083123_Fish Degree Angle Tests/083123_Fish Deg Angle Tests_FSL06/P8310837.ORF,2097.416046972416,1460.5246525272064,Red Laser,f
30474,87,14983,2025-02-10 REEF Data Dump SMILE 6/083123_Fish Degree Angle Tests/083123_Fish Deg Angle Tests_FSL06/P8310835.ORF,2097.199207796514,1462.058566289676,Red Laser,f
30479,87,14984,2025-02-10 REEF Data Dump SMILE 6/083123_Fish Degree Angle Tests/083123_Fish Deg Angle Tests_FSL06/P8310838.ORF,2097.425638225264,1460.8926761965465,Red Laser,f
30481,87,14985,2025-02-10 REEF Data Dump SMILE 6/083123_Fish Degree Angle Tests/083123_Fish Deg Angle Tests_FSL06/P8310839.ORF,2095.9074152328503,1461.114084691008,Red Laser,f
27391,114,15830,2023-09-07 REEF Data Dump/083123_Fish Degree Angle Tests/083123_Fish Degree Angle Test_FSL-01/P8310002.ORF,1958.8331663104693,1405.8917635129617,Red Laser,f
66955,114,15831,2023-09-07 REEF Data Dump/083123_Fish Degree Angle Tests/083123_Fish Degree Angle Test_FSL-01/P8310001.ORF,,,,f
27396,114,15832,2023-09-07 REEF Data Dump/083123_Fish Degree Angle Tests/083123_Fish Degree Angle Test_FSL-01/P8310003.ORF,1960.1882812154358,1406.6166375443242,Red Laser,f
27401,114,15833,2023-09-07 REEF Data Dump/083123_Fish Degree Angle Tests/083123_Fish Degree Angle Test_FSL-01/P8310004.ORF,1960.4864167564663,1406.871547444169,Red Laser,f
27406,114,15834,2023-09-07 REEF Data Dump/083123_Fish Degree Angle Tests/083123_Fish Degree Angle Test_FSL-01/P8310005.ORF,1961.4697201800816,1406.9484642496716,Red Laser,f
27410,114,15835,2023-09-07 REEF Data Dump/083123_Fish Degree Angle Tests/083123_Fish Degree Angle Test_FSL-01/P8310006.ORF,1960.5327018392043,1405.1088812842816,Red Laser,f
66957,114,15836,2023-09-07 REEF Data Dump/083123_Fish Degree Angle Tests/083123_Fish Degree Angle Test_FSL-01/P8310007.ORF,,,,f
27418,114,15837,2023-09-07 REEF Data Dump/083123_Fish Degree Angle Tests/083123_Fish Degree Angle Test_FSL-01/P8310008.ORF,1960.8777287020723,1407.6279684158883,Red Laser,f
27425,114,15838,2023-09-07 REEF Data Dump/083123_Fish Degree Angle Tests/083123_Fish Degree Angle Test_FSL-01/P8310010.ORF,1960.0533625054939,1407.898144747188,Red Laser,f
27427,114,15839,2023-09-07 REEF Data Dump/083123_Fish Degree Angle Tests/083123_Fish Degree Angle Test_FSL-01/P8310011.ORF,1960.0902544437663,1406.9014232659822,Red Laser,f
27422,114,15840,2023-09-07 REEF Data Dump/083123_Fish Degree Angle Tests/083123_Fish Degree Angle Test_FSL-01/P8310009.ORF,1960.3202569246466,1408.0675230821514,Red Laser,f
27431,114,15841,2023-09-07 REEF Data Dump/083123_Fish Degree Angle Tests/083123_Fish Degree Angle Test_FSL-01/P8310012.ORF,1960.8710150316804,1408.7300614126716,Red Laser,f
27438,114,15842,2023-09-07 REEF Data Dump/083123_Fish Degree Angle Tests/083123_Fish Degree Angle Test_FSL-01/P8310014.ORF,1961.7016951328958,1407.8215081674077,Red Laser,f
27442,114,15843,2023-09-07 REEF Data Dump/083123_Fish Degree Angle Tests/083123_Fish Degree Angle Test_FSL-01/P8310015.ORF,1961.122082166038,1407.8651076448211,Red Laser,f
27435,114,15844,2023-09-07 REEF Data Dump/083123_Fish Degree Angle Tests/083123_Fish Degree Angle Test_FSL-01/P8310013.ORF,1960.6640719336715,1405.0477107826478,Red Laser,f
27446,114,15845,2023-09-07 REEF Data Dump/083123_Fish Degree Angle Tests/083123_Fish Degree Angle Test_FSL-01/P8310016.ORF,1960.6471119461896,1407.693043077019,Red Laser,f
27450,114,15846,2023-09-07 REEF Data Dump/083123_Fish Degree Angle Tests/083123_Fish Degree Angle Test_FSL-01/P8310017.ORF,1953.0663584541308,1406.8442452550673,Red Laser,t
27458,114,15847,2023-09-07 REEF Data Dump/083123_Fish Degree Angle Tests/083123_Fish Degree Angle Test_FSL-01/P8310019.ORF,1960.364761490333,1405.6305363756653,Red Laser,f
27454,114,15848,2023-09-07 REEF Data Dump/083123_Fish Degree Angle Tests/083123_Fish Degree Angle Test_FSL-01/P8310018.ORF,1959.3411278021051,1403.373388726405,Red Laser,f
27479,114,15849,2023-09-07 REEF Data Dump/083123_Fish Degree Angle Tests/083123_Fish Degree Angle Test_FSL-01/P8310024.ORF,1960.4575462669234,1408.3403616401029,Red Laser,f
27470,114,15850,2023-09-07 REEF Data Dump/083123_Fish Degree Angle Tests/083123_Fish Degree Angle Test_FSL-01/P8310022.ORF,1960.0720779550466,1405.750669528095,Red Laser,f
27474,114,15851,2023-09-07 REEF Data Dump/083123_Fish Degree Angle Tests/083123_Fish Degree Angle Test_FSL-01/P8310023.ORF,1960.0831119464892,1406.3496256141239,Red Laser,f
27463,114,15852,2023-09-07 REEF Data Dump/083123_Fish Degree Angle Tests/083123_Fish Degree Angle Test_FSL-01/P8310020.ORF,1960.414960892862,1403.0841339757803,Red Laser,f
60858,114,15853,2023-09-07 REEF Data Dump/083123_Fish Degree Angle Tests/083123_Fish Degree Angle Test_FSL-01/P8310021.ORF,1959.4790087030926,1403.8713789597039,Red Laser,f
27488,114,15854,2023-09-07 REEF Data Dump/083123_Fish Degree Angle Tests/083123_Fish Degree Angle Test_FSL-01/P8310026.ORF,1960.3679463598903,1407.303850304966,Red Laser,f
27493,114,15855,2023-09-07 REEF Data Dump/083123_Fish Degree Angle Tests/083123_Fish Degree Angle Test_FSL-01/P8310027.ORF,1960.0166571444765,1404.643999069354,Red Laser,f
27483,114,15856,2023-09-07 REEF Data Dump/083123_Fish Degree Angle Tests/083123_Fish Degree Angle Test_FSL-01/P8310025.ORF,1960.4826031389762,1409.2328018535295,Red Laser,f
61468,114,15857,2023-09-07 REEF Data Dump/083123_Fish Degree Angle Tests/083123_Fish Degree Angle Test_FSL-01/P8310031.ORF,1961.9365387093678,1408.2213250621885,Red Laser,f
27498,114,15858,2023-09-07 REEF Data Dump/083123_Fish Degree Angle Tests/083123_Fish Degree Angle Test_FSL-01/P8310028.ORF,1960.6258323549328,1405.239188272618,Red Laser,f
27508,114,15859,2023-09-07 REEF Data Dump/083123_Fish Degree Angle Tests/083123_Fish Degree Angle Test_FSL-01/P8310030.ORF,1960.9523214144951,1408.006169464976,Red Laser,f
27503,114,15860,2023-09-07 REEF Data Dump/083123_Fish Degree Angle Tests/083123_Fish Degree Angle Test_FSL-01/P8310029.ORF,1961.1710385514666,1408.9604831814736,Red Laser,f
27516,114,15861,2023-09-07 REEF Data Dump/083123_Fish Degree Angle Tests/083123_Fish Degree Angle Test_FSL-01/P8310032.ORF,1961.7774981457387,1410.033450155956,Red Laser,f
27521,114,15862,2023-09-07 REEF Data Dump/083123_Fish Degree Angle Tests/083123_Fish Degree Angle Test_FSL-01/P8310033.ORF,1962.693433494944,1408.1022147555084,Red Laser,f
27525,114,15863,2023-09-07 REEF Data Dump/083123_Fish Degree Angle Tests/083123_Fish Degree Angle Test_FSL-01/P8310034.ORF,1965.3656845753899,1416.5268630849218,Red Laser,f
27529,114,15864,2023-09-07 REEF Data Dump/083123_Fish Degree Angle Tests/083123_Fish Degree Angle Test_FSL-01/P8310035.ORF,1960.357618920979,1406.0296902823397,Red Laser,f
27713,114,15906,2023-09-07 REEF Data Dump/083123_Fish Degree Angle Tests/083123_Fish Degree Angle Test_FSL-01/P8310075.ORF,1962.4861959249884,1408.7115244419024,Red Laser,f
27721,114,15907,2023-09-07 REEF Data Dump/083123_Fish Degree Angle Tests/083123_Fish Degree Angle Test_FSL-01/P8310077.ORF,1960.6603618532827,1405.0495287657293,Red Laser,f
27735,114,15908,2023-09-07 REEF Data Dump/083123_Fish Degree Angle Tests/083123_Fish Degree Angle Test_FSL-01/P8310080.ORF,1964.5822922457094,1409.1573864871516,Red Laser,f
27731,114,15909,2023-09-07 REEF Data Dump/083123_Fish Degree Angle Tests/083123_Fish Degree Angle Test_FSL-01/P8310079.ORF,1960.7534486345107,1407.007567635883,Red Laser,f
27748,114,15910,2023-09-07 REEF Data Dump/083123_Fish Degree Angle Tests/083123_Fish Degree Angle Test_FSL-01/P8310083.ORF,1960.2341042766154,1408.1074635548655,Red Laser,f
30363,87,14922,2025-02-10 REEF Data Dump SMILE 6/083123_Fish Degree Angle Tests/083123_Fish Deg Angle Tests_FSL06/P8310776.ORF,2098.2754868174225,1460.1915829090667,Red Laser,f
30365,87,14923,2025-02-10 REEF Data Dump SMILE 6/083123_Fish Degree Angle Tests/083123_Fish Deg Angle Tests_FSL06/P8310777.ORF,2098.5393313007976,1461.087619363433,Red Laser,f
28098,114,15988,2023-09-07 REEF Data Dump/083123_Fish Degree Angle Tests/083123_Fish Degree Angle Test_FSL-01/P8310160.ORF,1959.839874116057,1404.3742936557483,Red Laser,f
28093,114,15989,2023-09-07 REEF Data Dump/083123_Fish Degree Angle Tests/083123_Fish Degree Angle Test_FSL-01/P8310159.ORF,1960.8090725474433,1405.725078122916,Red Laser,f
28103,114,15990,2023-09-07 REEF Data Dump/083123_Fish Degree Angle Tests/083123_Fish Degree Angle Test_FSL-01/P8310161.ORF,1958.82249418016,1405.976541874535,Red Laser,f
28108,114,15991,2023-09-07 REEF Data Dump/083123_Fish Degree Angle Tests/083123_Fish Degree Angle Test_FSL-01/P8310162.ORF,1961.920593743537,1407.9626749758343,Red Laser,f
28112,114,15992,2023-09-07 REEF Data Dump/083123_Fish Degree Angle Tests/083123_Fish Degree Angle Test_FSL-01/P8310163.ORF,1960.8288922716,1404.3023153505594,Red Laser,f
28131,114,15993,2023-09-07 REEF Data Dump/083123_Fish Degree Angle Tests/083123_Fish Degree Angle Test_FSL-01/P8310167.ORF,1960.852294625763,1405.512861656052,Red Laser,f
28117,114,15994,2023-09-07 REEF Data Dump/083123_Fish Degree Angle Tests/083123_Fish Degree Angle Test_FSL-01/P8310164.ORF,1961.245985494673,1407.0932983077262,Red Laser,f
28126,114,15995,2023-09-07 REEF Data Dump/083123_Fish Degree Angle Tests/083123_Fish Degree Angle Test_FSL-01/P8310166.ORF,1960.688330077268,1406.561950125546,Red Laser,f
28122,114,15996,2023-09-07 REEF Data Dump/083123_Fish Degree Angle Tests/083123_Fish Degree Angle Test_FSL-01/P8310165.ORF,1959.8574384399587,1406.5171224679498,Red Laser,f
28144,114,15997,2023-09-07 REEF Data Dump/083123_Fish Degree Angle Tests/083123_Fish Degree Angle Test_FSL-01/P8310170.ORF,1961.3376005559728,1403.3498127869202,Red Laser,f
28136,114,15998,2023-09-07 REEF Data Dump/083123_Fish Degree Angle Tests/083123_Fish Degree Angle Test_FSL-01/P8310168.ORF,1963.3306169965074,1406.3573923166473,Red Laser,f
28140,114,15999,2023-09-07 REEF Data Dump/083123_Fish Degree Angle Tests/083123_Fish Degree Angle Test_FSL-01/P8310169.ORF,1960.2341042766154,1407.736804792546,Red Laser,f
28149,114,16000,2023-09-07 REEF Data Dump/083123_Fish Degree Angle Tests/083123_Fish Degree Angle Test_FSL-01/P8310171.ORF,1960.0283886635275,1407.760897612097,Red Laser,f
28153,114,16001,2023-09-07 REEF Data Dump/083123_Fish Degree Angle Tests/083123_Fish Degree Angle Test_FSL-01/P8310172.ORF,1960.0565442089248,1402.9918762168695,Red Laser,f
28161,114,16002,2023-09-07 REEF Data Dump/083123_Fish Degree Angle Tests/083123_Fish Degree Angle Test_FSL-01/P8310174.ORF,1960.4512991428494,1404.5138207528378,Red Laser,f
28157,114,16003,2023-09-07 REEF Data Dump/083123_Fish Degree Angle Tests/083123_Fish Degree Angle Test_FSL-01/P8310173.ORF,1959.7262739164275,1406.6496692538271,Red Laser,f
28170,114,16004,2023-09-07 REEF Data Dump/083123_Fish Degree Angle Tests/083123_Fish Degree Angle Test_FSL-01/P8310176.ORF,1960.6178680579708,1405.5991129684583,Red Laser,f
28165,114,16005,2023-09-07 REEF Data Dump/083123_Fish Degree Angle Tests/083123_Fish Degree Angle Test_FSL-01/P8310175.ORF,1959.9544695203367,1406.416833264758,Red Laser,f
28175,114,16006,2023-09-07 REEF Data Dump/083123_Fish Degree Angle Tests/083123_Fish Degree Angle Test_FSL-01/P8310177.ORF,1962.0163847547983,1410.2604329209817,Red Laser,f
28179,114,16007,2023-09-07 REEF Data Dump/083123_Fish Degree Angle Tests/083123_Fish Degree Angle Test_FSL-01/P8310178.ORF,1959.258460027551,1403.3882221292397,Red Laser,f
28184,114,16008,2023-09-07 REEF Data Dump/083123_Fish Degree Angle Tests/083123_Fish Degree Angle Test_FSL-01/P8310179.ORF,1959.5385537809748,1406.3968733667607,Red Laser,f
28188,114,16009,2023-09-07 REEF Data Dump/083123_Fish Degree Angle Tests/083123_Fish Degree Angle Test_FSL-01/P8310180.ORF,1959.7064502202472,1402.2317059455104,Red Laser,f
28196,114,16010,2023-09-07 REEF Data Dump/083123_Fish Degree Angle Tests/083123_Fish Degree Angle Test_FSL-01/P8310182.ORF,1960.7846236709192,1404.9612785047489,Red Laser,f
28193,114,16011,2023-09-07 REEF Data Dump/083123_Fish Degree Angle Tests/083123_Fish Degree Angle Test_FSL-01/P8310181.ORF,1960.954395145932,1405.683040806573,Red Laser,f
28200,114,16012,2023-09-07 REEF Data Dump/083123_Fish Degree Angle Tests/083123_Fish Degree Angle Test_FSL-01/P8310183.ORF,1959.66319932236,1406.237794505655,Red Laser,f
28204,114,16013,2023-09-07 REEF Data Dump/083123_Fish Degree Angle Tests/083123_Fish Degree Angle Test_FSL-01/P8310184.ORF,1958.8339784102216,1406.5023823702982,Red Laser,f
28207,114,16014,2023-09-07 REEF Data Dump/083123_Fish Degree Angle Tests/083123_Fish Degree Angle Test_FSL-01/P8310185.ORF,1960.1270105895258,1408.8020985727107,Red Laser,f
61486,114,16015,2023-09-07 REEF Data Dump/083123_Fish Degree Angle Tests/083123_Fish Degree Angle Test_FSL-01/P8310186.ORF,1961.4770629095615,1407.5759334318805,Red Laser,f
28218,114,16016,2023-09-07 REEF Data Dump/083123_Fish Degree Angle Tests/083123_Fish Degree Angle Test_FSL-01/P8310188.ORF,1960.0669666151273,1407.6841830164708,Red Laser,f
28214,114,16017,2023-09-07 REEF Data Dump/083123_Fish Degree Angle Tests/083123_Fish Degree Angle Test_FSL-01/P8310187.ORF,1960.9262551062736,1408.3343491995583,Red Laser,f
28223,114,16018,2023-09-07 REEF Data Dump/083123_Fish Degree Angle Tests/083123_Fish Degree Angle Test_FSL-01/P8310189.ORF,1961.154239489911,1406.4577404396307,Red Laser,f
28237,114,16019,2023-09-07 REEF Data Dump/083123_Fish Degree Angle Tests/083123_Fish Degree Angle Test_FSL-01/P8310192.ORF,1960.2951952934118,1408.0348443377047,Red Laser,f
28233,114,16020,2023-09-07 REEF Data Dump/083123_Fish Degree Angle Tests/083123_Fish Degree Angle Test_FSL-01/P8310191.ORF,1957.7220478304198,1406.361785375521,Red Laser,f
28228,114,16021,2023-09-07 REEF Data Dump/083123_Fish Degree Angle Tests/083123_Fish Degree Angle Test_FSL-01/P8310190.ORF,1958.9510879862737,1407.2004930543726,Red Laser,f
28244,114,16022,2023-09-07 REEF Data Dump/083123_Fish Degree Angle Tests/083123_Fish Degree Angle Test_FSL-01/P8310194.ORF,1959.8518743425557,1404.120526271535,Red Laser,f
27922,114,15947,2023-09-07 REEF Data Dump/083123_Fish Degree Angle Tests/083123_Fish Degree Angle Test_FSL-01/P8310121.ORF,1959.411600769785,1407.0294083493707,Red Laser,f
27908,114,15948,2023-09-07 REEF Data Dump/083123_Fish Degree Angle Tests/083123_Fish Degree Angle Test_FSL-01/P8310118.ORF,1960.0280003192083,1403.6923085890862,Red Laser,f
27904,114,15949,2023-09-07 REEF Data Dump/083123_Fish Degree Angle Tests/083123_Fish Degree Angle Test_FSL-01/P8310117.ORF,1964.774613942633,1410.696498801278,Red Laser,f
27917,114,15950,2023-09-07 REEF Data Dump/083123_Fish Degree Angle Tests/083123_Fish Degree Angle Test_FSL-01/P8310120.ORF,1959.7338294860458,1407.0637780271743,Red Laser,f
27943,114,15951,2023-09-07 REEF Data Dump/083123_Fish Degree Angle Tests/083123_Fish Degree Angle Test_FSL-01/P8310126.ORF,1959.9012067477074,1408.2112149137824,Red Laser,f
27936,114,15952,2023-09-07 REEF Data Dump/083123_Fish Degree Angle Tests/083123_Fish Degree Angle Test_FSL-01/P8310124.ORF,1958.6891734575088,1406.3573923166473,Red Laser,f
59451,114,15953,2023-09-07 REEF Data Dump/083123_Fish Degree Angle Tests/083123_Fish Degree Angle Test_FSL-01/P8310125.ORF,1958.648313655755,1404.6940525621399,Red Laser,f
27926,114,15954,2023-09-07 REEF Data Dump/083123_Fish Degree Angle Tests/083123_Fish Degree Angle Test_FSL-01/P8310122.ORF,1960.2781070375868,1404.0238944479142,Red Laser,f
27931,114,15955,2023-09-07 REEF Data Dump/083123_Fish Degree Angle Tests/083123_Fish Degree Angle Test_FSL-01/P8310123.ORF,1960.4535086135907,1404.6921834499296,Red Laser,f
27948,114,15956,2023-09-07 REEF Data Dump/083123_Fish Degree Angle Tests/083123_Fish Degree Angle Test_FSL-01/P8310127.ORF,1960.5189282605106,1402.9298951297085,Red Laser,f
27956,114,15957,2023-09-07 REEF Data Dump/083123_Fish Degree Angle Tests/083123_Fish Degree Angle Test_FSL-01/P8310129.ORF,1959.264359989842,1404.7166803317011,Red Laser,f
61483,114,15958,2023-09-07 REEF Data Dump/083123_Fish Degree Angle Tests/083123_Fish Degree Angle Test_FSL-01/P8310128.ORF,1959.9241010762855,1403.8845343379087,Red Laser,f
27970,114,15959,2023-09-07 REEF Data Dump/083123_Fish Degree Angle Tests/083123_Fish Degree Angle Test_FSL-01/P8310132.ORF,1960.0360712368768,1404.1195673965392,Red Laser,f
27966,114,15960,2023-09-07 REEF Data Dump/083123_Fish Degree Angle Tests/083123_Fish Degree Angle Test_FSL-01/P8310131.ORF,1960.001135949045,1410.2604329209817,Red Laser,f
27961,114,15961,2023-09-07 REEF Data Dump/083123_Fish Degree Angle Tests/083123_Fish Degree Angle Test_FSL-01/P8310130.ORF,1961.4651540481875,1406.7175131147465,Red Laser,f
59792,114,15962,2023-09-07 REEF Data Dump/083123_Fish Degree Angle Tests/083123_Fish Degree Angle Test_FSL-01/P8310135.ORF,1960.0283886635275,1404.6214178952503,Red Laser,f
27980,114,15963,2023-09-07 REEF Data Dump/083123_Fish Degree Angle Tests/083123_Fish Degree Angle Test_FSL-01/P8310134.ORF,1960.5000000000002,1405.0000000000002,Red Laser,f
27989,114,15964,2023-09-07 REEF Data Dump/083123_Fish Degree Angle Tests/083123_Fish Degree Angle Test_FSL-01/P8310136.ORF,1959.2177219183498,1404.793790766994,Red Laser,f
27975,114,15965,2023-09-07 REEF Data Dump/083123_Fish Degree Angle Tests/083123_Fish Degree Angle Test_FSL-01/P8310133.ORF,1960.39410106131,1406.1194482857907,Red Laser,f
27994,114,15966,2023-09-07 REEF Data Dump/083123_Fish Degree Angle Tests/083123_Fish Degree Angle Test_FSL-01/P8310137.ORF,1959.741305250646,1406.1676602407126,Red Laser,f
28007,114,15967,2023-09-07 REEF Data Dump/083123_Fish Degree Angle Tests/083123_Fish Degree Angle Test_FSL-01/P8310140.ORF,1959.4518467183607,1406.292664390339,Red Laser,f
28012,114,15968,2023-09-07 REEF Data Dump/083123_Fish Degree Angle Tests/083123_Fish Degree Angle Test_FSL-01/P8310141.ORF,1960.2375340997326,1405.409737074061,Red Laser,f
27998,114,15969,2023-09-07 REEF Data Dump/083123_Fish Degree Angle Tests/083123_Fish Degree Angle Test_FSL-01/P8310138.ORF,1960.3806792397436,1405.7855689469247,Red Laser,f
28002,114,15970,2023-09-07 REEF Data Dump/083123_Fish Degree Angle Tests/083123_Fish Degree Angle Test_FSL-01/P8310139.ORF,1960.5016405512638,1405.7175094825684,Red Laser,f
5648,114,15971,2023-09-07 REEF Data Dump/083123_Fish Degree Angle Tests/083123_Fish Degree Angle Test_FSL-01/P8310143.ORF,1960.249461856248,1405.6823511549474,Red Laser,f
28017,114,15972,2023-09-07 REEF Data Dump/083123_Fish Degree Angle Tests/083123_Fish Degree Angle Test_FSL-01/P8310142.ORF,1959.7969311621127,1407.9516450036817,Red Laser,f
28032,114,15973,2023-09-07 REEF Data Dump/083123_Fish Degree Angle Tests/083123_Fish Degree Angle Test_FSL-01/P8310146.ORF,1958.9453134550106,1408.6447994387345,Red Laser,f
59796,114,15974,2023-09-07 REEF Data Dump/083123_Fish Degree Angle Tests/083123_Fish Degree Angle Test_FSL-01/P8310144.ORF,1959.7756554774307,1405.111632098853,Red Laser,f
28028,114,15975,2023-09-07 REEF Data Dump/083123_Fish Degree Angle Tests/083123_Fish Degree Angle Test_FSL-01/P8310145.ORF,1959.9385328289782,1408.1124743028743,Red Laser,f
28037,114,15976,2023-09-07 REEF Data Dump/083123_Fish Degree Angle Tests/083123_Fish Degree Angle Test_FSL-01/P8310147.ORF,1962.4036443463274,1408.2777933192049,Red Laser,f
28041,114,15977,2023-09-07 REEF Data Dump/083123_Fish Degree Angle Tests/083123_Fish Degree Angle Test_FSL-01/P8310148.ORF,1959.915328335091,1404.6299803533466,Red Laser,f
28046,114,15978,2023-09-07 REEF Data Dump/083123_Fish Degree Angle Tests/083123_Fish Degree Angle Test_FSL-01/P8310149.ORF,1959.4764835338774,1406.6737186219561,Red Laser,f
28056,114,15979,2023-09-07 REEF Data Dump/083123_Fish Degree Angle Tests/083123_Fish Degree Angle Test_FSL-01/P8310151.ORF,1961.2306495534317,1404.3658301641533,Red Laser,f
28051,114,15980,2023-09-07 REEF Data Dump/083123_Fish Degree Angle Tests/083123_Fish Degree Angle Test_FSL-01/P8310150.ORF,1959.4898109181029,1403.2651850824275,Red Laser,f
28060,114,15981,2023-09-07 REEF Data Dump/083123_Fish Degree Angle Tests/083123_Fish Degree Angle Test_FSL-01/P8310152.ORF,1958.7630164586446,1407.0835371636724,Red Laser,f
56685,114,15982,2023-09-07 REEF Data Dump/083123_Fish Degree Angle Tests/083123_Fish Degree Angle Test_FSL-01/P8310154.ORF,1960.9120517553943,1406.7290552784932,Red Laser,f
28065,114,15983,2023-09-07 REEF Data Dump/083123_Fish Degree Angle Tests/083123_Fish Degree Angle Test_FSL-01/P8310153.ORF,1960.7884892412449,1405.3739050040151,Red Laser,f
28073,114,15984,2023-09-07 REEF Data Dump/083123_Fish Degree Angle Tests/083123_Fish Degree Angle Test_FSL-01/P8310155.ORF,1959.925615620983,1406.4822908883514,Red Laser,f
28078,114,15985,2023-09-07 REEF Data Dump/083123_Fish Degree Angle Tests/083123_Fish Degree Angle Test_FSL-01/P8310156.ORF,1959.801852590847,1407.4726235503804,Red Laser,f
28083,114,15986,2023-09-07 REEF Data Dump/083123_Fish Degree Angle Tests/083123_Fish Degree Angle Test_FSL-01/P8310157.ORF,1959.4927867519764,1405.5128522186285,Red Laser,f
28088,114,15987,2023-09-07 REEF Data Dump/083123_Fish Degree Angle Tests/083123_Fish Degree Angle Test_FSL-01/P8310158.ORF,1960.3905205467647,1406.9299571101806,Red Laser,f
29320,114,16070,2023-09-07 REEF Data Dump/083123_Fish Degree Angle Tests/083123_Fish Degree Angle Test_FSL-01/P8310448.ORF,1996.9289723605555,1480.8339787011314,Red Laser,f
29334,114,16071,2023-09-07 REEF Data Dump/083123_Fish Degree Angle Tests/083123_Fish Degree Angle Test_FSL-01/P8310451.ORF,1998.3771707037254,1482.880550366102,Red Laser,f
29330,114,16072,2023-09-07 REEF Data Dump/083123_Fish Degree Angle Tests/083123_Fish Degree Angle Test_FSL-01/P8310450.ORF,1996.5046565798675,1482.6686119264798,Red Laser,f
29325,114,16073,2023-09-07 REEF Data Dump/083123_Fish Degree Angle Tests/083123_Fish Degree Angle Test_FSL-01/P8310449.ORF,1997.291991650986,1483.1765888579166,Red Laser,f
29339,114,16074,2023-09-07 REEF Data Dump/083123_Fish Degree Angle Tests/083123_Fish Degree Angle Test_FSL-01/P8310452.ORF,1994.8248082326465,1479.8393196211684,Red Laser,f
29343,114,16075,2023-09-07 REEF Data Dump/083123_Fish Degree Angle Tests/083123_Fish Degree Angle Test_FSL-01/P8310453.ORF,1996.3818363872938,1482.788121402812,Red Laser,f
29348,114,16076,2023-09-07 REEF Data Dump/083123_Fish Degree Angle Tests/083123_Fish Degree Angle Test_FSL-01/P8310454.ORF,1993.900042414876,1483.0716712041094,Red Laser,t
29353,114,16077,2023-09-07 REEF Data Dump/083123_Fish Degree Angle Tests/083123_Fish Degree Angle Test_FSL-01/P8310455.ORF,1994.601605535649,1479.5427228622998,Red Laser,f
29358,114,16078,2023-09-07 REEF Data Dump/083123_Fish Degree Angle Tests/083123_Fish Degree Angle Test_FSL-01/P8310456.ORF,1995.7194593536167,1478.2969512606755,Red Laser,f
29363,114,16079,2023-09-07 REEF Data Dump/083123_Fish Degree Angle Tests/083123_Fish Degree Angle Test_FSL-01/P8310457.ORF,1995.886140295523,1482.181412376744,Red Laser,f
29368,114,16080,2023-09-07 REEF Data Dump/083123_Fish Degree Angle Tests/083123_Fish Degree Angle Test_FSL-01/P8310458.ORF,1994.415901125559,1478.6241828179882,Red Laser,f
29372,114,16081,2023-09-07 REEF Data Dump/083123_Fish Degree Angle Tests/083123_Fish Degree Angle Test_FSL-01/P8310459.ORF,1994.3754248767245,1480.3327115213913,Red Laser,f
29377,114,16082,2023-09-07 REEF Data Dump/083123_Fish Degree Angle Tests/083123_Fish Degree Angle Test_FSL-01/P8310460.ORF,1994.90052593927,1482.541381491629,Red Laser,f
29387,114,16083,2023-09-07 REEF Data Dump/083123_Fish Degree Angle Tests/083123_Fish Degree Angle Test_FSL-01/P8310462.ORF,1994.4651683143006,1481.5154961603457,Red Laser,f
29382,114,16084,2023-09-07 REEF Data Dump/083123_Fish Degree Angle Tests/083123_Fish Degree Angle Test_FSL-01/P8310461.ORF,1994.4338275018254,1482.5365817278628,Red Laser,f
56192,114,16085,2023-09-07 REEF Data Dump/083123_Fish Degree Angle Tests/083123_Fish Degree Angle Test_FSL-01/P8310463.ORF,1999.4785373608902,1491.2178060413355,Red Laser,f
29401,114,16086,2023-09-07 REEF Data Dump/083123_Fish Degree Angle Tests/083123_Fish Degree Angle Test_FSL-01/P8310465.ORF,1995.0694915253282,1480.116988253297,Red Laser,f
29406,114,16087,2023-09-07 REEF Data Dump/083123_Fish Degree Angle Tests/083123_Fish Degree Angle Test_FSL-01/P8310466.ORF,1993.986867349276,1481.8108743071064,Red Laser,f
29396,114,16088,2023-09-07 REEF Data Dump/083123_Fish Degree Angle Tests/083123_Fish Degree Angle Test_FSL-01/P8310464.ORF,1994.3998639502965,1481.7898317932595,Red Laser,f
29411,114,16089,2023-09-07 REEF Data Dump/083123_Fish Degree Angle Tests/083123_Fish Degree Angle Test_FSL-01/P8310467.ORF,1994.3796187581827,1480.2647485445248,Red Laser,f
56016,114,16090,2023-09-07 REEF Data Dump/083123_Fish Degree Angle Tests/083123_Fish Degree Angle Test_FSL-01/P8310468.ORF,1995.3584793499992,1482.3922834492687,Red Laser,f
29420,114,16091,2023-09-07 REEF Data Dump/083123_Fish Degree Angle Tests/083123_Fish Degree Angle Test_FSL-01/P8310469.ORF,1995.4248243943669,1478.7740139044913,Red Laser,f
29425,114,16092,2023-09-07 REEF Data Dump/083123_Fish Degree Angle Tests/083123_Fish Degree Angle Test_FSL-01/P8310470.ORF,1996.069605065836,1482.3994447904063,Red Laser,f
29430,114,16093,2023-09-07 REEF Data Dump/083123_Fish Degree Angle Tests/083123_Fish Degree Angle Test_FSL-01/P8310471.ORF,1996.5129685355312,1480.3112005468802,Red Laser,f
29440,114,16094,2023-09-07 REEF Data Dump/083123_Fish Degree Angle Tests/083123_Fish Degree Angle Test_FSL-01/P8310473.ORF,1996.397186708564,1480.962548821397,Red Laser,f
29435,114,16095,2023-09-07 REEF Data Dump/083123_Fish Degree Angle Tests/083123_Fish Degree Angle Test_FSL-01/P8310472.ORF,1997.2690193576486,1482.6584052281187,Red Laser,f
29448,114,16096,2023-09-07 REEF Data Dump/083123_Fish Degree Angle Tests/083123_Fish Degree Angle Test_FSL-01/P8310475.ORF,1995.117982148613,1482.5958647929433,Red Laser,f
29452,114,16097,2023-09-07 REEF Data Dump/083123_Fish Degree Angle Tests/083123_Fish Degree Angle Test_FSL-01/P8310476.ORF,1995.1619167054112,1479.8287593859961,Red Laser,f
29443,114,16098,2023-09-07 REEF Data Dump/083123_Fish Degree Angle Tests/083123_Fish Degree Angle Test_FSL-01/P8310474.ORF,1996.5324993067954,1483.0241414614075,Red Laser,f
29457,114,16099,2023-09-07 REEF Data Dump/083123_Fish Degree Angle Tests/083123_Fish Degree Angle Test_FSL-01/P8310477.ORF,1995.4631379962193,1488.0453686200376,Red Laser,t
29461,114,16100,2023-09-07 REEF Data Dump/083123_Fish Degree Angle Tests/083123_Fish Degree Angle Test_FSL-01/P8310478.ORF,1995.6314830422293,1481.199852244667,Red Laser,f
29475,114,16101,2023-09-07 REEF Data Dump/083123_Fish Degree Angle Tests/083123_Fish Degree Angle Test_FSL-01/P8310481.ORF,1995.0063704493007,1482.2535648355351,Red Laser,f
29466,114,16102,2023-09-07 REEF Data Dump/083123_Fish Degree Angle Tests/083123_Fish Degree Angle Test_FSL-01/P8310479.ORF,1996.8927809469806,1483.4023381343957,Red Laser,f
29471,114,16103,2023-09-07 REEF Data Dump/083123_Fish Degree Angle Tests/083123_Fish Degree Angle Test_FSL-01/P8310480.ORF,1996.1711560960573,1482.8962929156264,Red Laser,f
29480,114,16104,2023-09-07 REEF Data Dump/083123_Fish Degree Angle Tests/083123_Fish Degree Angle Test_FSL-01/P8310482.ORF,1994.7603255231593,1482.1081329759168,Red Laser,f
29485,114,16105,2023-09-07 REEF Data Dump/083123_Fish Degree Angle Tests/083123_Fish Degree Angle Test_FSL-01/P8310483.ORF,1997.6706392708957,1484.0925098303853,Red Laser,f
29490,114,16106,2023-09-07 REEF Data Dump/083123_Fish Degree Angle Tests/083123_Fish Degree Angle Test_FSL-01/P8310484.ORF,1993.630588553231,1482.4440475596991,Red Laser,t
29495,114,16107,2023-09-07 REEF Data Dump/083123_Fish Degree Angle Tests/083123_Fish Degree Angle Test_FSL-01/P8310485.ORF,1994.907320816803,1479.5904011013345,Red Laser,f
29515,114,16108,2023-09-07 REEF Data Dump/083123_Fish Degree Angle Tests/083123_Fish Degree Angle Test_FSL-01/P8310489.ORF,1995.3599316752982,1482.058500700997,Red Laser,f
29510,114,16109,2023-09-07 REEF Data Dump/083123_Fish Degree Angle Tests/083123_Fish Degree Angle Test_FSL-01/P8310488.ORF,1996.8724256262403,1482.099292336012,Red Laser,f
29505,114,16110,2023-09-07 REEF Data Dump/083123_Fish Degree Angle Tests/083123_Fish Degree Angle Test_FSL-01/P8310487.ORF,1994.4054017091828,1480.0319422724417,Red Laser,f
29702,114,16152,2023-09-07 REEF Data Dump/083123_Fish Degree Angle Tests/083123_Fish Degree Angle Test_FSL-01/P8310530.ORF,1996.3459289544867,1481.4817469063928,Red Laser,f
29706,114,16153,2023-09-07 REEF Data Dump/083123_Fish Degree Angle Tests/083123_Fish Degree Angle Test_FSL-01/P8310531.ORF,1996.4815731420267,1480.573923393878,Red Laser,f
29710,114,16154,2023-09-07 REEF Data Dump/083123_Fish Degree Angle Tests/083123_Fish Degree Angle Test_FSL-01/P8310532.ORF,1996.2196232984793,1483.1671225975267,Red Laser,f
29715,114,16155,2023-09-07 REEF Data Dump/083123_Fish Degree Angle Tests/083123_Fish Degree Angle Test_FSL-01/P8310533.ORF,1995.8207217694994,1475.9790454016295,Red Laser,f
56023,114,16156,2023-09-07 REEF Data Dump/083123_Fish Degree Angle Tests/083123_Fish Degree Angle Test_FSL-01/P8310534.ORF,1997.1678507415909,1480.645556221706,Red Laser,f
56024,114,16157,2023-09-07 REEF Data Dump/083123_Fish Degree Angle Tests/083123_Fish Degree Angle Test_FSL-01/P8310536.ORF,1995.639755434348,1482.7162018477752,Red Laser,f
29737,114,16158,2023-09-07 REEF Data Dump/083123_Fish Degree Angle Tests/083123_Fish Degree Angle Test_FSL-01/P8310538.ORF,1995.4336351939617,1482.786502326479,Red Laser,f
29732,114,16159,2023-09-07 REEF Data Dump/083123_Fish Degree Angle Tests/083123_Fish Degree Angle Test_FSL-01/P8310537.ORF,1995.3622799357481,1481.0716810624806,Red Laser,f
29723,114,16160,2023-09-07 REEF Data Dump/083123_Fish Degree Angle Tests/083123_Fish Degree Angle Test_FSL-01/P8310535.ORF,1997.2538967160217,1483.0300032126634,Red Laser,f
29742,114,16161,2023-09-07 REEF Data Dump/083123_Fish Degree Angle Tests/083123_Fish Degree Angle Test_FSL-01/P8310539.ORF,1995.7758805615576,1480.107038529422,Red Laser,f
29746,114,16162,2023-09-07 REEF Data Dump/083123_Fish Degree Angle Tests/083123_Fish Degree Angle Test_FSL-01/P8310540.ORF,1997.0255702700795,1483.0119415931824,Red Laser,f
29751,114,16163,2023-09-07 REEF Data Dump/083123_Fish Degree Angle Tests/083123_Fish Degree Angle Test_FSL-01/P8310541.ORF,1998.0556540534972,1480.486622111782,Red Laser,f
27738,114,15911,2023-09-07 REEF Data Dump/083123_Fish Degree Angle Tests/083123_Fish Degree Angle Test_FSL-01/P8310081.ORF,1960.6778940537956,1409.2053746655756,Red Laser,f
27743,114,15912,2023-09-07 REEF Data Dump/083123_Fish Degree Angle Tests/083123_Fish Degree Angle Test_FSL-01/P8310082.ORF,1962.1682257012978,1404.7315978223971,Red Laser,f
27753,114,15913,2023-09-07 REEF Data Dump/083123_Fish Degree Angle Tests/083123_Fish Degree Angle Test_FSL-01/P8310084.ORF,1962.4830818266357,1404.3382389750393,Red Laser,f
27766,114,15914,2023-09-07 REEF Data Dump/083123_Fish Degree Angle Tests/083123_Fish Degree Angle Test_FSL-01/P8310087.ORF,1960.269674851219,1409.4365199214053,Red Laser,f
27762,114,15915,2023-09-07 REEF Data Dump/083123_Fish Degree Angle Tests/083123_Fish Degree Angle Test_FSL-01/P8310086.ORF,1959.4891956622525,1406.019484845647,Red Laser,f
27757,114,15916,2023-09-07 REEF Data Dump/083123_Fish Degree Angle Tests/083123_Fish Degree Angle Test_FSL-01/P8310085.ORF,1960.57845036727,1404.8831229113905,Red Laser,f
27771,114,15917,2023-09-07 REEF Data Dump/083123_Fish Degree Angle Tests/083123_Fish Degree Angle Test_FSL-01/P8310088.ORF,1961.4504680468676,1408.0520052613017,Red Laser,f
27781,114,15918,2023-09-07 REEF Data Dump/083123_Fish Degree Angle Tests/083123_Fish Degree Angle Test_FSL-01/P8310090.ORF,1967.9720605355064,1406.3573923166473,Red Laser,t
27791,114,15919,2023-09-07 REEF Data Dump/083123_Fish Degree Angle Tests/083123_Fish Degree Angle Test_FSL-01/P8310092.ORF,1960.7623725766243,1405.6574325357276,Red Laser,f
27786,114,15920,2023-09-07 REEF Data Dump/083123_Fish Degree Angle Tests/083123_Fish Degree Angle Test_FSL-01/P8310091.ORF,1959.5929400523319,1408.1083502983154,Red Laser,f
27776,114,15921,2023-09-07 REEF Data Dump/083123_Fish Degree Angle Tests/083123_Fish Degree Angle Test_FSL-01/P8310089.ORF,1960.365207180172,1405.4630492143874,Red Laser,f
27795,114,15922,2023-09-07 REEF Data Dump/083123_Fish Degree Angle Tests/083123_Fish Degree Angle Test_FSL-01/P8310093.ORF,1959.991305100757,1406.7104589620458,Red Laser,f
27799,114,15923,2023-09-07 REEF Data Dump/083123_Fish Degree Angle Tests/083123_Fish Degree Angle Test_FSL-01/P8310094.ORF,1960.6268284768219,1408.5092310719244,Red Laser,f
27804,114,15924,2023-09-07 REEF Data Dump/083123_Fish Degree Angle Tests/083123_Fish Degree Angle Test_FSL-01/P8310095.ORF,1959.8001247398,1405.284597357367,Red Laser,f
56637,114,15925,2023-09-07 REEF Data Dump/083123_Fish Degree Angle Tests/083123_Fish Degree Angle Test_FSL-01/P8310098.ORF,1961.7729851381384,1403.991995369942,Red Laser,f
27809,114,15926,2023-09-07 REEF Data Dump/083123_Fish Degree Angle Tests/083123_Fish Degree Angle Test_FSL-01/P8310096.ORF,1960.8828437241468,1407.9458496917046,Red Laser,f
27814,114,15927,2023-09-07 REEF Data Dump/083123_Fish Degree Angle Tests/083123_Fish Degree Angle Test_FSL-01/P8310097.ORF,1959.5896001949036,1405.2505730668536,Red Laser,f
27828,114,15928,2023-09-07 REEF Data Dump/083123_Fish Degree Angle Tests/083123_Fish Degree Angle Test_FSL-01/P8310100.ORF,1959.9136261712001,1406.9592686586518,Red Laser,f
27823,114,15929,2023-09-07 REEF Data Dump/083123_Fish Degree Angle Tests/083123_Fish Degree Angle Test_FSL-01/P8310099.ORF,1960.4174681706393,1406.8500207860457,Red Laser,f
27838,114,15930,2023-09-07 REEF Data Dump/083123_Fish Degree Angle Tests/083123_Fish Degree Angle Test_FSL-01/P8310102.ORF,1959.5500936014796,1405.017261076201,Red Laser,f
27843,114,15931,2023-09-07 REEF Data Dump/083123_Fish Degree Angle Tests/083123_Fish Degree Angle Test_FSL-01/P8310103.ORF,1960.8581083029806,1404.1504959377232,Red Laser,f
27833,114,15932,2023-09-07 REEF Data Dump/083123_Fish Degree Angle Tests/083123_Fish Degree Angle Test_FSL-01/P8310101.ORF,1960.7267628868397,1408.4102881650538,Red Laser,f
27852,114,15933,2023-09-07 REEF Data Dump/083123_Fish Degree Angle Tests/083123_Fish Degree Angle Test_FSL-01/P8310105.ORF,1959.4061921042842,1405.9677705098445,Red Laser,f
27848,114,15934,2023-09-07 REEF Data Dump/083123_Fish Degree Angle Tests/083123_Fish Degree Angle Test_FSL-01/P8310104.ORF,1959.4171435079904,1408.1359821838244,Red Laser,f
27857,114,15935,2023-09-07 REEF Data Dump/083123_Fish Degree Angle Tests/083123_Fish Degree Angle Test_FSL-01/P8310106.ORF,1959.5255222584542,1406.2897217033728,Red Laser,f
27860,114,15936,2023-09-07 REEF Data Dump/083123_Fish Degree Angle Tests/083123_Fish Degree Angle Test_FSL-01/P8310107.ORF,1960.0950576290618,1407.8651076448211,Red Laser,f
27864,114,15937,2023-09-07 REEF Data Dump/083123_Fish Degree Angle Tests/083123_Fish Degree Angle Test_FSL-01/P8310108.ORF,1960.6222746255776,1408.1544536462036,Red Laser,f
27879,114,15938,2023-09-07 REEF Data Dump/083123_Fish Degree Angle Tests/083123_Fish Degree Angle Test_FSL-01/P8310111.ORF,1959.646532528708,1403.6072138645375,Red Laser,f
27869,114,15939,2023-09-07 REEF Data Dump/083123_Fish Degree Angle Tests/083123_Fish Degree Angle Test_FSL-01/P8310109.ORF,1959.970935741819,1408.504854564229,Red Laser,f
27874,114,15940,2023-09-07 REEF Data Dump/083123_Fish Degree Angle Tests/083123_Fish Degree Angle Test_FSL-01/P8310110.ORF,1961.032322907652,1407.6618719668234,Red Laser,f
59448,114,15941,2023-09-07 REEF Data Dump/083123_Fish Degree Angle Tests/083123_Fish Degree Angle Test_FSL-01/P8310114.ORF,1961.998945521383,1407.8576800392514,Red Laser,f
27884,114,15942,2023-09-07 REEF Data Dump/083123_Fish Degree Angle Tests/083123_Fish Degree Angle Test_FSL-01/P8310112.ORF,1959.8219281864021,1408.6815615875555,Red Laser,f
27889,114,15943,2023-09-07 REEF Data Dump/083123_Fish Degree Angle Tests/083123_Fish Degree Angle Test_FSL-01/P8310113.ORF,1959.9167489533054,1407.810893181377,Red Laser,f
27897,114,15944,2023-09-07 REEF Data Dump/083123_Fish Degree Angle Tests/083123_Fish Degree Angle Test_FSL-01/P8310115.ORF,1959.7776929527831,1404.7829833990259,Red Laser,f
27900,114,15945,2023-09-07 REEF Data Dump/083123_Fish Degree Angle Tests/083123_Fish Degree Angle Test_FSL-01/P8310116.ORF,1960.2937728704721,1406.5315659782934,Red Laser,f
27913,114,15946,2023-09-07 REEF Data Dump/083123_Fish Degree Angle Tests/083123_Fish Degree Angle Test_FSL-01/P8310119.ORF,1959.1727850223872,1405.7527608026555,Red Laser,f
28256,114,16029,2023-09-07 REEF Data Dump/083123_Fish Degree Angle Tests/083123_Fish Degree Angle Test_FSL-01/P8310197.ORF,1960.0720779550466,1406.5025028403884,Red Laser,f
29146,114,16030,2023-09-07 REEF Data Dump/083123_Fish Degree Angle Tests/083123_Fish Degree Angle Test_FSL-01/P8310408.ORF,1987.7254394544057,1486.677361895483,Red Laser,t
29150,114,16031,2023-09-07 REEF Data Dump/083123_Fish Degree Angle Tests/083123_Fish Degree Angle Test_FSL-01/P8310409.ORF,1996.9877481401807,1483.8832641707606,Red Laser,f
29154,114,16032,2023-09-07 REEF Data Dump/083123_Fish Degree Angle Tests/083123_Fish Degree Angle Test_FSL-01/P8310410.ORF,2000.873759296696,1483.6581623438508,Red Laser,t
29169,114,16033,2023-09-07 REEF Data Dump/083123_Fish Degree Angle Tests/083123_Fish Degree Angle Test_FSL-01/P8310414.ORF,1995.5405711992478,1481.2932291226712,Red Laser,f
29166,114,16034,2023-09-07 REEF Data Dump/083123_Fish Degree Angle Tests/083123_Fish Degree Angle Test_FSL-01/P8310413.ORF,1997.2379879261705,1482.7108964994836,Red Laser,f
29162,114,16035,2023-09-07 REEF Data Dump/083123_Fish Degree Angle Tests/083123_Fish Degree Angle Test_FSL-01/P8310412.ORF,1995.923993805593,1484.0540110761867,Red Laser,f
29158,114,16036,2023-09-07 REEF Data Dump/083123_Fish Degree Angle Tests/083123_Fish Degree Angle Test_FSL-01/P8310411.ORF,1996.37137502688,1482.1081329759168,Red Laser,f
29173,114,16037,2023-09-07 REEF Data Dump/083123_Fish Degree Angle Tests/083123_Fish Degree Angle Test_FSL-01/P8310415.ORF,1996.1878732022797,1478.4370744039486,Red Laser,f
29177,114,16038,2023-09-07 REEF Data Dump/083123_Fish Degree Angle Tests/083123_Fish Degree Angle Test_FSL-01/P8310416.ORF,1996.6856085815257,1482.8924659701624,Red Laser,f
29184,114,16039,2023-09-07 REEF Data Dump/083123_Fish Degree Angle Tests/083123_Fish Degree Angle Test_FSL-01/P8310418.ORF,1997.3914251301223,1481.3396981115718,Red Laser,f
29180,114,16040,2023-09-07 REEF Data Dump/083123_Fish Degree Angle Tests/083123_Fish Degree Angle Test_FSL-01/P8310417.ORF,1998.362171913621,1480.2784410395482,Red Laser,f
56012,114,16041,2023-09-07 REEF Data Dump/083123_Fish Degree Angle Tests/083123_Fish Degree Angle Test_FSL-01/P8310419.ORF,1995.9212840709622,1479.3844463872892,Red Laser,f
29197,114,16042,2023-09-07 REEF Data Dump/083123_Fish Degree Angle Tests/083123_Fish Degree Angle Test_FSL-01/P8310421.ORF,1997.431102712271,1479.8005412983905,Red Laser,f
29192,114,16043,2023-09-07 REEF Data Dump/083123_Fish Degree Angle Tests/083123_Fish Degree Angle Test_FSL-01/P8310420.ORF,1998.4027324611118,1482.5504359460897,Red Laser,f
29210,114,16044,2023-09-07 REEF Data Dump/083123_Fish Degree Angle Tests/083123_Fish Degree Angle Test_FSL-01/P8310424.ORF,1997.539641270376,1481.806383206952,Red Laser,f
29206,114,16045,2023-09-07 REEF Data Dump/083123_Fish Degree Angle Tests/083123_Fish Degree Angle Test_FSL-01/P8310423.ORF,1998.3674566751856,1479.428917883009,Red Laser,f
29201,114,16046,2023-09-07 REEF Data Dump/083123_Fish Degree Angle Tests/083123_Fish Degree Angle Test_FSL-01/P8310422.ORF,1997.1749373780908,1482.638770728037,Red Laser,f
29215,114,16047,2023-09-07 REEF Data Dump/083123_Fish Degree Angle Tests/083123_Fish Degree Angle Test_FSL-01/P8310425.ORF,2004.273449920509,1491.2178060413355,Red Laser,f
29220,114,16048,2023-09-07 REEF Data Dump/083123_Fish Degree Angle Tests/083123_Fish Degree Angle Test_FSL-01/P8310426.ORF,1998.3202832161794,1481.4934248899483,Red Laser,f
29225,114,16049,2023-09-07 REEF Data Dump/083123_Fish Degree Angle Tests/083123_Fish Degree Angle Test_FSL-01/P8310427.ORF,1998.494391384816,1481.5353904759902,Red Laser,f
29234,114,16050,2023-09-07 REEF Data Dump/083123_Fish Degree Angle Tests/083123_Fish Degree Angle Test_FSL-01/P8310429.ORF,1996.9600534604765,1483.6135368421346,Red Laser,f
29230,114,16051,2023-09-07 REEF Data Dump/083123_Fish Degree Angle Tests/083123_Fish Degree Angle Test_FSL-01/P8310428.ORF,1999.333413081395,1480.768309234012,Red Laser,f
29238,114,16052,2023-09-07 REEF Data Dump/083123_Fish Degree Angle Tests/083123_Fish Degree Angle Test_FSL-01/P8310430.ORF,1996.5565915399952,1483.0071548775722,Red Laser,f
29243,114,16053,2023-09-07 REEF Data Dump/083123_Fish Degree Angle Tests/083123_Fish Degree Angle Test_FSL-01/P8310431.ORF,1998.633918684805,1484.4196462149637,Red Laser,f
29253,114,16054,2023-09-07 REEF Data Dump/083123_Fish Degree Angle Tests/083123_Fish Degree Angle Test_FSL-01/P8310433.ORF,1997.821064918909,1480.502314152403,Red Laser,f
29248,114,16055,2023-09-07 REEF Data Dump/083123_Fish Degree Angle Tests/083123_Fish Degree Angle Test_FSL-01/P8310432.ORF,1998.5378710280647,1484.2311283574065,Red Laser,f
29258,114,16056,2023-09-07 REEF Data Dump/083123_Fish Degree Angle Tests/083123_Fish Degree Angle Test_FSL-01/P8310434.ORF,1998.8796597133842,1480.6975971463262,Red Laser,f
29271,114,16057,2023-09-07 REEF Data Dump/083123_Fish Degree Angle Tests/083123_Fish Degree Angle Test_FSL-01/P8310437.ORF,1997.3874065718815,1481.96218158373,Red Laser,f
29263,114,16058,2023-09-07 REEF Data Dump/083123_Fish Degree Angle Tests/083123_Fish Degree Angle Test_FSL-01/P8310435.ORF,1997.732703200438,1482.6242782814975,Red Laser,f
29267,114,16059,2023-09-07 REEF Data Dump/083123_Fish Degree Angle Tests/083123_Fish Degree Angle Test_FSL-01/P8310436.ORF,1996.885020087782,1481.2021173022695,Red Laser,f
60996,114,16060,2023-09-07 REEF Data Dump/083123_Fish Degree Angle Tests/083123_Fish Degree Angle Test_FSL-01/P8310440.ORF,1999.080788531357,1483.1714971494669,Red Laser,f
29280,114,16061,2023-09-07 REEF Data Dump/083123_Fish Degree Angle Tests/083123_Fish Degree Angle Test_FSL-01/P8310439.ORF,1999.3014975305728,1483.253712355135,Red Laser,f
29275,114,16062,2023-09-07 REEF Data Dump/083123_Fish Degree Angle Tests/083123_Fish Degree Angle Test_FSL-01/P8310438.ORF,1997.8474920902393,1483.4571358074268,Red Laser,f
29293,114,16063,2023-09-07 REEF Data Dump/083123_Fish Degree Angle Tests/083123_Fish Degree Angle Test_FSL-01/P8310442.ORF,1998.5,1482.0000000000002,Red Laser,f
29289,114,16064,2023-09-07 REEF Data Dump/083123_Fish Degree Angle Tests/083123_Fish Degree Angle Test_FSL-01/P8310441.ORF,1997.8056265883677,1484.1477728825532,Red Laser,f
29297,114,16065,2023-09-07 REEF Data Dump/083123_Fish Degree Angle Tests/083123_Fish Degree Angle Test_FSL-01/P8310443.ORF,1998.0554824493051,1482.6024702661132,Red Laser,f
29311,114,16066,2023-09-07 REEF Data Dump/083123_Fish Degree Angle Tests/083123_Fish Degree Angle Test_FSL-01/P8310446.ORF,1996.727902946274,1489.7053726169843,Red Laser,t
29302,114,16067,2023-09-07 REEF Data Dump/083123_Fish Degree Angle Tests/083123_Fish Degree Angle Test_FSL-01/P8310444.ORF,1997.0748282851837,1482.4214821043906,Red Laser,f
29307,114,16068,2023-09-07 REEF Data Dump/083123_Fish Degree Angle Tests/083123_Fish Degree Angle Test_FSL-01/P8310445.ORF,1999.053090947431,1483.7899213188298,Red Laser,f
29315,114,16069,2023-09-07 REEF Data Dump/083123_Fish Degree Angle Tests/083123_Fish Degree Angle Test_FSL-01/P8310447.ORF,2000.6315428347093,1479.733464149309,Red Laser,t
29500,114,16111,2023-09-07 REEF Data Dump/083123_Fish Degree Angle Tests/083123_Fish Degree Angle Test_FSL-01/P8310486.ORF,1997.1017252359125,1483.0860446398942,Red Laser,f
29524,114,16112,2023-09-07 REEF Data Dump/083123_Fish Degree Angle Tests/083123_Fish Degree Angle Test_FSL-01/P8310491.ORF,1995.161118382696,1482.9258324219547,Red Laser,f
29532,114,16113,2023-09-07 REEF Data Dump/083123_Fish Degree Angle Tests/083123_Fish Degree Angle Test_FSL-01/P8310493.ORF,1994.564269349636,1479.8015869822677,Red Laser,f
29527,114,16114,2023-09-07 REEF Data Dump/083123_Fish Degree Angle Tests/083123_Fish Degree Angle Test_FSL-01/P8310492.ORF,1996.2971203637585,1483.381631471122,Red Laser,f
29519,114,16115,2023-09-07 REEF Data Dump/083123_Fish Degree Angle Tests/083123_Fish Degree Angle Test_FSL-01/P8310490.ORF,1995.1069394522563,1480.6734863064146,Red Laser,f
29537,114,16116,2023-09-07 REEF Data Dump/083123_Fish Degree Angle Tests/083123_Fish Degree Angle Test_FSL-01/P8310494.ORF,1995.7421331626874,1479.3853544038147,Red Laser,f
29546,114,16117,2023-09-07 REEF Data Dump/083123_Fish Degree Angle Tests/083123_Fish Degree Angle Test_FSL-01/P8310496.ORF,1997.301430901576,1482.780427452708,Red Laser,f
56019,114,16118,2023-09-07 REEF Data Dump/083123_Fish Degree Angle Tests/083123_Fish Degree Angle Test_FSL-01/P8310498.ORF,1998.201360224248,1479.5477883419408,Red Laser,f
60999,114,16119,2023-09-07 REEF Data Dump/083123_Fish Degree Angle Tests/083123_Fish Degree Angle Test_FSL-01/P8310495.ORF,1997.0301278237423,1483.51804111025,Red Laser,f
29551,114,16120,2023-09-07 REEF Data Dump/083123_Fish Degree Angle Tests/083123_Fish Degree Angle Test_FSL-01/P8310497.ORF,1995.3639955643973,1481.107516175764,Red Laser,f
29569,114,16121,2023-09-07 REEF Data Dump/083123_Fish Degree Angle Tests/083123_Fish Degree Angle Test_FSL-01/P8310501.ORF,1996.5910635955695,1481.9512125697104,Red Laser,f
29560,114,16122,2023-09-07 REEF Data Dump/083123_Fish Degree Angle Tests/083123_Fish Degree Angle Test_FSL-01/P8310499.ORF,1994.9081841346572,1481.9854254882073,Red Laser,f
29564,114,16123,2023-09-07 REEF Data Dump/083123_Fish Degree Angle Tests/083123_Fish Degree Angle Test_FSL-01/P8310500.ORF,1996.2411205094438,1481.6268772898272,Red Laser,f
29578,114,16124,2023-09-07 REEF Data Dump/083123_Fish Degree Angle Tests/083123_Fish Degree Angle Test_FSL-01/P8310503.ORF,1997.2957077240176,1479.6562028449098,Red Laser,f
29573,114,16125,2023-09-07 REEF Data Dump/083123_Fish Degree Angle Tests/083123_Fish Degree Angle Test_FSL-01/P8310502.ORF,1994.6724584808605,1482.2159857922084,Red Laser,f
29588,114,16126,2023-09-07 REEF Data Dump/083123_Fish Degree Angle Tests/083123_Fish Degree Angle Test_FSL-01/P8310505.ORF,1998.4200727327288,1483.2884862471687,Red Laser,f
29593,114,16127,2023-09-07 REEF Data Dump/083123_Fish Degree Angle Tests/083123_Fish Degree Angle Test_FSL-01/P8310506.ORF,1998.2307437370212,1482.6730925857364,Red Laser,f
28241,114,16023,2023-09-07 REEF Data Dump/083123_Fish Degree Angle Tests/083123_Fish Degree Angle Test_FSL-01/P8310193.ORF,1963.3765751323062,1409.2089855070903,Red Laser,f
28248,114,16024,2023-09-07 REEF Data Dump/083123_Fish Degree Angle Tests/083123_Fish Degree Angle Test_FSL-01/P8310195.ORF,1959.497116810624,1404.7745245140327,Red Laser,f
28252,114,16025,2023-09-07 REEF Data Dump/083123_Fish Degree Angle Tests/083123_Fish Degree Angle Test_FSL-01/P8310196.ORF,1961.2873299007958,1408.618907619014,Red Laser,f
28271,114,16026,2023-09-07 REEF Data Dump/083123_Fish Degree Angle Tests/083123_Fish Degree Angle Test_FSL-01/P8310200.ORF,1959.838254078463,1403.0998722664585,Red Laser,f
28266,114,16027,2023-09-07 REEF Data Dump/083123_Fish Degree Angle Tests/083123_Fish Degree Angle Test_FSL-01/P8310199.ORF,1959.287998041199,1406.5788066525686,Red Laser,f
28261,114,16028,2023-09-07 REEF Data Dump/083123_Fish Degree Angle Tests/083123_Fish Degree Angle Test_FSL-01/P8310198.ORF,1960.1350638053812,1406.448877369077,Red Laser,f
29887,114,16193,2023-09-07 REEF Data Dump/083123_Fish Degree Angle Tests/083123_Fish Degree Angle Test_FSL-01/P8310574.ORF,1994.502059625741,1484.1727521046712,Red Laser,f
29881,114,16194,2023-09-07 REEF Data Dump/083123_Fish Degree Angle Tests/083123_Fish Degree Angle Test_FSL-01/P8310572.ORF,1995.815691020096,1481.5699057668796,Red Laser,f
60064,114,16195,2023-09-07 REEF Data Dump/083123_Fish Degree Angle Tests/083123_Fish Degree Angle Test_FSL-01/P8310573.ORF,1994.5570040338882,1481.8206665579737,Red Laser,f
29873,114,16196,2023-09-07 REEF Data Dump/083123_Fish Degree Angle Tests/083123_Fish Degree Angle Test_FSL-01/P8310570.ORF,1997.8461931200673,1484.0620846411334,Red Laser,f
29891,114,16197,2023-09-07 REEF Data Dump/083123_Fish Degree Angle Tests/083123_Fish Degree Angle Test_FSL-01/P8310575.ORF,1997.8745881244315,1481.66017440532,Red Laser,f
29894,114,16198,2023-09-07 REEF Data Dump/083123_Fish Degree Angle Tests/083123_Fish Degree Angle Test_FSL-01/P8310576.ORF,1997.3811578408195,1482.4214821043906,Red Laser,f
29905,114,16199,2023-09-07 REEF Data Dump/083123_Fish Degree Angle Tests/083123_Fish Degree Angle Test_FSL-01/P8310579.ORF,1997.8461931200673,1483.6631193851524,Red Laser,f
29901,114,16200,2023-09-07 REEF Data Dump/083123_Fish Degree Angle Tests/083123_Fish Degree Angle Test_FSL-01/P8310578.ORF,1999.0419736963843,1483.6469079373464,Red Laser,f
29898,114,16201,2023-09-07 REEF Data Dump/083123_Fish Degree Angle Tests/083123_Fish Degree Angle Test_FSL-01/P8310577.ORF,1997.39783795984,1483.549151816294,Red Laser,f
29918,114,16202,2023-09-07 REEF Data Dump/083123_Fish Degree Angle Tests/083123_Fish Degree Angle Test_FSL-01/P8310583.ORF,1997.7723045237738,1481.8266597670554,Red Laser,f
29914,114,16203,2023-09-07 REEF Data Dump/083123_Fish Degree Angle Tests/083123_Fish Degree Angle Test_FSL-01/P8310582.ORF,1996.5129919097474,1482.471711338673,Red Laser,f
29909,114,16204,2023-09-07 REEF Data Dump/083123_Fish Degree Angle Tests/083123_Fish Degree Angle Test_FSL-01/P8310580.ORF,1998.0081846865628,1480.4866325522623,Red Laser,f
61513,114,16205,2023-09-07 REEF Data Dump/083123_Fish Degree Angle Tests/083123_Fish Degree Angle Test_FSL-01/P8310581.ORF,1996.7512152429658,1482.3562969765753,Red Laser,f
29921,114,16206,2023-09-07 REEF Data Dump/083123_Fish Degree Angle Tests/083123_Fish Degree Angle Test_FSL-01/P8310584.ORF,1996.1560258208303,1482.8618900471452,Red Laser,f
29925,114,16207,2023-09-07 REEF Data Dump/083123_Fish Degree Angle Tests/083123_Fish Degree Angle Test_FSL-01/P8310585.ORF,1996.9898750115638,1481.8755526534922,Red Laser,f
29929,114,16208,2023-09-07 REEF Data Dump/083123_Fish Degree Angle Tests/083123_Fish Degree Angle Test_FSL-01/P8310586.ORF,1997.669154557585,1481.1957125650617,Red Laser,f
29933,114,16209,2023-09-07 REEF Data Dump/083123_Fish Degree Angle Tests/083123_Fish Degree Angle Test_FSL-01/P8310587.ORF,1995.9216585508511,1481.349993717532,Red Laser,f
29939,114,16210,2023-09-07 REEF Data Dump/083123_Fish Degree Angle Tests/083123_Fish Degree Angle Test_FSL-01/P8310589.ORF,1998.1407137494268,1481.6156135458702,Red Laser,f
29935,114,16211,2023-09-07 REEF Data Dump/083123_Fish Degree Angle Tests/083123_Fish Degree Angle Test_FSL-01/P8310588.ORF,1996.5557616683732,1481.342647497671,Red Laser,f
29945,114,16212,2023-09-07 REEF Data Dump/083123_Fish Degree Angle Tests/083123_Fish Degree Angle Test_FSL-01/P8310591.ORF,1997.1547708871933,1481.6757884623444,Red Laser,f
29941,114,16213,2023-09-07 REEF Data Dump/083123_Fish Degree Angle Tests/083123_Fish Degree Angle Test_FSL-01/P8310590.ORF,1997.0701327480647,1480.2734398213104,Red Laser,f
29949,114,16214,2023-09-07 REEF Data Dump/083123_Fish Degree Angle Tests/083123_Fish Degree Angle Test_FSL-01/P8310592.ORF,1997.6874873964555,1480.2771752149383,Red Laser,f
29953,114,16215,2023-09-07 REEF Data Dump/083123_Fish Degree Angle Tests/083123_Fish Degree Angle Test_FSL-01/P8310593.ORF,1997.8566899505029,1480.5788383245203,Red Laser,f
29955,114,16216,2023-09-07 REEF Data Dump/083123_Fish Degree Angle Tests/083123_Fish Degree Angle Test_FSL-01/P8310594.ORF,1993.544434317059,1483.3754610056183,Red Laser,t
29959,114,16217,2023-09-07 REEF Data Dump/083123_Fish Degree Angle Tests/083123_Fish Degree Angle Test_FSL-01/P8310595.ORF,1995.5885508826495,1481.6319596228595,Red Laser,f
66969,94,17674,2024.06.20.REEF/08_2023/083123_Fish Degree Angle Tests/083123_Fish Deg Angle Tests_FSL04/P8310169.ORF,,,,f
66968,94,17675,2024.06.20.REEF/08_2023/083123_Fish Degree Angle Tests/083123_Fish Deg Angle Tests_FSL04/P8310168.ORF,,,,f
28145,94,17676,2024.06.20.REEF/08_2023/083123_Fish Degree Angle Tests/083123_Fish Deg Angle Tests_FSL04/P8310170.ORF,2019.770004847539,1384.4833427555031,Red Laser,f
66970,94,17677,2024.06.20.REEF/08_2023/083123_Fish Degree Angle Tests/083123_Fish Deg Angle Tests_FSL04/P8310171.ORF,,,,f
66139,94,17678,2024.06.20.REEF/08_2023/083123_Fish Degree Angle Tests/083123_Fish Deg Angle Tests_FSL04/P8310172.ORF,2005.1857744799836,1548.493438538847,Red Laser,t
66971,94,17679,2024.06.20.REEF/08_2023/083123_Fish Degree Angle Tests/083123_Fish Deg Angle Tests_FSL04/P8310173.ORF,,,,f
66972,94,17680,2024.06.20.REEF/08_2023/083123_Fish Degree Angle Tests/083123_Fish Deg Angle Tests_FSL04/P8310174.ORF,,,,f
56186,94,17681,2024.06.20.REEF/08_2023/083123_Fish Degree Angle Tests/083123_Fish Deg Angle Tests_FSL04/P8310348.ORF,2042.182113538547,1453.8863689718057,Red Laser,t
28885,94,17682,2024.06.20.REEF/08_2023/083123_Fish Degree Angle Tests/083123_Fish Deg Angle Tests_FSL04/P8310347.ORF,2039.73233333507,1452.8352442596997,Red Laser,f
28881,94,17683,2024.06.20.REEF/08_2023/083123_Fish Degree Angle Tests/083123_Fish Deg Angle Tests_FSL04/P8310346.ORF,2036.5854951350677,1455.0905036767551,Red Laser,f
28897,94,17684,2024.06.20.REEF/08_2023/083123_Fish Degree Angle Tests/083123_Fish Deg Angle Tests_FSL04/P8310350.ORF,2039.8874123660323,1452.6664088611724,Red Laser,f
28893,94,17685,2024.06.20.REEF/08_2023/083123_Fish Degree Angle Tests/083123_Fish Deg Angle Tests_FSL04/P8310349.ORF,2038.8997786298737,1453.61914015059,Red Laser,f
28901,94,17686,2024.06.20.REEF/08_2023/083123_Fish Degree Angle Tests/083123_Fish Deg Angle Tests_FSL04/P8310351.ORF,2038.829007105143,1453.5055137950303,Red Laser,f
29598,114,16128,2023-09-07 REEF Data Dump/083123_Fish Degree Angle Tests/083123_Fish Degree Angle Test_FSL-01/P8310507.ORF,1997.9408694058886,1480.0157218532843,Red Laser,f
29603,114,16129,2023-09-07 REEF Data Dump/083123_Fish Degree Angle Tests/083123_Fish Degree Angle Test_FSL-01/P8310508.ORF,1996.476093244622,1480.848062114078,Red Laser,f
29583,114,16130,2023-09-07 REEF Data Dump/083123_Fish Degree Angle Tests/083123_Fish Degree Angle Test_FSL-01/P8310504.ORF,1998.7746959395727,1482.1717814940598,Red Laser,f
29607,114,16131,2023-09-07 REEF Data Dump/083123_Fish Degree Angle Tests/083123_Fish Degree Angle Test_FSL-01/P8310509.ORF,1997.5000000000002,1484.0000000000005,Red Laser,f
29621,114,16132,2023-09-07 REEF Data Dump/083123_Fish Degree Angle Tests/083123_Fish Degree Angle Test_FSL-01/P8310512.ORF,1997.5369737334763,1481.2439990859123,Red Laser,f
29625,114,16133,2023-09-07 REEF Data Dump/083123_Fish Degree Angle Tests/083123_Fish Degree Angle Test_FSL-01/P8310513.ORF,1997.2982451173225,1482.7615580158567,Red Laser,f
29616,114,16134,2023-09-07 REEF Data Dump/083123_Fish Degree Angle Tests/083123_Fish Degree Angle Test_FSL-01/P8310511.ORF,1996.1865854449225,1481.1378122583483,Red Laser,f
29611,114,16135,2023-09-07 REEF Data Dump/083123_Fish Degree Angle Tests/083123_Fish Degree Angle Test_FSL-01/P8310510.ORF,1995.6944990708516,1482.3221153480165,Red Laser,f
29630,114,16136,2023-09-07 REEF Data Dump/083123_Fish Degree Angle Tests/083123_Fish Degree Angle Test_FSL-01/P8310514.ORF,2000.4814687995593,1483.6346101862173,Red Laser,f
29635,114,16137,2023-09-07 REEF Data Dump/083123_Fish Degree Angle Tests/083123_Fish Degree Angle Test_FSL-01/P8310515.ORF,1997.6371996369467,1482.788121402812,Red Laser,f
29640,114,16138,2023-09-07 REEF Data Dump/083123_Fish Degree Angle Tests/083123_Fish Degree Angle Test_FSL-01/P8310516.ORF,1996.784713888077,1482.342485416605,Red Laser,f
29645,114,16139,2023-09-07 REEF Data Dump/083123_Fish Degree Angle Tests/083123_Fish Degree Angle Test_FSL-01/P8310517.ORF,1995.6247349304056,1481.5353904759902,Red Laser,f
29649,114,16140,2023-09-07 REEF Data Dump/083123_Fish Degree Angle Tests/083123_Fish Degree Angle Test_FSL-01/P8310518.ORF,1996.8454208281175,1479.4468925029096,Red Laser,f
66981,114,16141,2023-09-07 REEF Data Dump/083123_Fish Degree Angle Tests/083123_Fish Degree Angle Test_FSL-01/P8310522.ORF,,,,f
29657,114,16142,2023-09-07 REEF Data Dump/083123_Fish Degree Angle Tests/083123_Fish Degree Angle Test_FSL-01/P8310520.ORF,1999.4785373608902,1486.422893481717,Red Laser,f
29653,114,16143,2023-09-07 REEF Data Dump/083123_Fish Degree Angle Tests/083123_Fish Degree Angle Test_FSL-01/P8310519.ORF,1995.834193584858,1482.2223678932269,Red Laser,f
29662,114,16144,2023-09-07 REEF Data Dump/083123_Fish Degree Angle Tests/083123_Fish Degree Angle Test_FSL-01/P8310521.ORF,1996.1558396182754,1478.1328683254858,Red Laser,f
29671,114,16145,2023-09-07 REEF Data Dump/083123_Fish Degree Angle Tests/083123_Fish Degree Angle Test_FSL-01/P8310523.ORF,1996.6765052420312,1479.6586601860793,Red Laser,f
29685,114,16146,2023-09-07 REEF Data Dump/083123_Fish Degree Angle Tests/083123_Fish Degree Angle Test_FSL-01/P8310526.ORF,1996.8661563534042,1483.2284361548193,Red Laser,f
29680,114,16147,2023-09-07 REEF Data Dump/083123_Fish Degree Angle Tests/083123_Fish Degree Angle Test_FSL-01/P8310525.ORF,1997.9869217012806,1485.592904179046,Red Laser,f
29675,114,16148,2023-09-07 REEF Data Dump/083123_Fish Degree Angle Tests/083123_Fish Degree Angle Test_FSL-01/P8310524.ORF,1996.764167274303,1483.608715032064,Red Laser,f
29690,114,16149,2023-09-07 REEF Data Dump/083123_Fish Degree Angle Tests/083123_Fish Degree Angle Test_FSL-01/P8310527.ORF,1995.456275320481,1482.6076614542264,Red Laser,f
29693,114,16150,2023-09-07 REEF Data Dump/083123_Fish Degree Angle Tests/083123_Fish Degree Angle Test_FSL-01/P8310528.ORF,1999.4785373608902,1486.422893481717,Red Laser,f
29698,114,16151,2023-09-07 REEF Data Dump/083123_Fish Degree Angle Tests/083123_Fish Degree Angle Test_FSL-01/P8310529.ORF,1995.637029756122,1481.814181140874,Red Laser,f
27387,94,17507,2024.06.20.REEF/08_2023/083123_Fish Degree Angle Tests/083123_Fish Deg Angle Tests_FSL04/P8310001.ORF,2017.84207978189,1386.8367802502341,Red Laser,t
27392,94,17508,2024.06.20.REEF/08_2023/083123_Fish Degree Angle Tests/083123_Fish Deg Angle Tests_FSL04/P8310002.ORF,2021.2849123934,1383.947095268302,Red Laser,f
27407,94,17509,2024.06.20.REEF/08_2023/083123_Fish Degree Angle Tests/083123_Fish Deg Angle Tests_FSL04/P8310005.ORF,2022.6459310740165,1385.645222573298,Red Laser,f
27580,94,17551,2024.06.20.REEF/08_2023/083123_Fish Degree Angle Tests/083123_Fish Deg Angle Tests_FSL04/P8310046.ORF,2022.5761499492219,1380.6822871804088,Red Laser,f
27575,94,17552,2024.06.20.REEF/08_2023/083123_Fish Degree Angle Tests/083123_Fish Deg Angle Tests_FSL04/P8310045.ORF,2028.0901213171578,1390.3916811091854,Red Laser,t
27585,94,17553,2024.06.20.REEF/08_2023/083123_Fish Degree Angle Tests/083123_Fish Deg Angle Tests_FSL04/P8310047.ORF,2022.670592721991,1383.6049756617756,Red Laser,f
27590,94,17554,2024.06.20.REEF/08_2023/083123_Fish Degree Angle Tests/083123_Fish Deg Angle Tests_FSL04/P8310048.ORF,2024.1996995573697,1383.8770138286998,Red Laser,f
27599,94,17555,2024.06.20.REEF/08_2023/083123_Fish Degree Angle Tests/083123_Fish Deg Angle Tests_FSL04/P8310050.ORF,2022.9997283044356,1383.3050184925871,Red Laser,f
27595,94,17556,2024.06.20.REEF/08_2023/083123_Fish Degree Angle Tests/083123_Fish Deg Angle Tests_FSL04/P8310049.ORF,2022.2069851892002,1383.4360226501794,Red Laser,f
27603,94,17557,2024.06.20.REEF/08_2023/083123_Fish Degree Angle Tests/083123_Fish Deg Angle Tests_FSL04/P8310051.ORF,2023.4250832714552,1383.7725919008874,Red Laser,f
27607,94,17558,2024.06.20.REEF/08_2023/083123_Fish Degree Angle Tests/083123_Fish Deg Angle Tests_FSL04/P8310052.ORF,2022.4027574297315,1383.2384067458986,Red Laser,f
27612,94,17559,2024.06.20.REEF/08_2023/083123_Fish Degree Angle Tests/083123_Fish Deg Angle Tests_FSL04/P8310053.ORF,2023.770578921585,1385.2705678313455,Red Laser,f
27617,94,17560,2024.06.20.REEF/08_2023/083123_Fish Degree Angle Tests/083123_Fish Deg Angle Tests_FSL04/P8310054.ORF,2022.3694858980627,1384.4390482869478,Red Laser,f
27622,94,17561,2024.06.20.REEF/08_2023/083123_Fish Degree Angle Tests/083123_Fish Deg Angle Tests_FSL04/P8310055.ORF,2022.0770400182305,1383.9077040018233,Red Laser,f
27630,94,17562,2024.06.20.REEF/08_2023/083123_Fish Degree Angle Tests/083123_Fish Deg Angle Tests_FSL04/P8310057.ORF,2024.6508104898753,1384.8675667779398,Red Laser,f
27627,94,17563,2024.06.20.REEF/08_2023/083123_Fish Degree Angle Tests/083123_Fish Deg Angle Tests_FSL04/P8310056.ORF,2021.77483855012,1382.4731191150313,Red Laser,f
27634,94,17564,2024.06.20.REEF/08_2023/083123_Fish Degree Angle Tests/083123_Fish Deg Angle Tests_FSL04/P8310058.ORF,2023.5131535091998,1383.4299298065323,Red Laser,f
27644,94,17565,2024.06.20.REEF/08_2023/083123_Fish Degree Angle Tests/083123_Fish Deg Angle Tests_FSL04/P8310060.ORF,2020.5856202537002,1383.509811076126,Red Laser,f
27639,94,17566,2024.06.20.REEF/08_2023/083123_Fish Degree Angle Tests/083123_Fish Deg Angle Tests_FSL04/P8310059.ORF,2021.4404832450011,1383.383574213633,Red Laser,f
27649,94,17567,2024.06.20.REEF/08_2023/083123_Fish Degree Angle Tests/083123_Fish Deg Angle Tests_FSL04/P8310061.ORF,2022.649796587067,1382.3692341593403,Red Laser,f
27654,94,17568,2024.06.20.REEF/08_2023/083123_Fish Degree Angle Tests/083123_Fish Deg Angle Tests_FSL04/P8310062.ORF,2023.9879079909838,1386.1031739733019,Red Laser,f
27659,94,17569,2024.06.20.REEF/08_2023/083123_Fish Degree Angle Tests/083123_Fish Deg Angle Tests_FSL04/P8310063.ORF,2023.2976081380507,1382.8830087183187,Red Laser,f
27664,94,17570,2024.06.20.REEF/08_2023/083123_Fish Degree Angle Tests/083123_Fish Deg Angle Tests_FSL04/P8310064.ORF,2024.5991616392166,1384.2201968123009,Red Laser,f
27678,94,17571,2024.06.20.REEF/08_2023/083123_Fish Degree Angle Tests/083123_Fish Deg Angle Tests_FSL04/P8310067.ORF,2024.9146895029567,1385.2873045034205,Red Laser,f
27682,94,17572,2024.06.20.REEF/08_2023/083123_Fish Degree Angle Tests/083123_Fish Deg Angle Tests_FSL04/P8310068.ORF,2024.7484182241858,1385.8010494406067,Red Laser,f
27674,94,17573,2024.06.20.REEF/08_2023/083123_Fish Degree Angle Tests/083123_Fish Deg Angle Tests_FSL04/P8310066.ORF,2022.5729263033845,1383.7691844539768,Red Laser,f
27669,94,17574,2024.06.20.REEF/08_2023/083123_Fish Degree Angle Tests/083123_Fish Deg Angle Tests_FSL04/P8310065.ORF,2024.7724083919845,1384.768056875055,Red Laser,f
27686,94,17575,2024.06.20.REEF/08_2023/083123_Fish Degree Angle Tests/083123_Fish Deg Angle Tests_FSL04/P8310069.ORF,2023.977909499987,1385.4511700961725,Red Laser,f
27691,94,17576,2024.06.20.REEF/08_2023/083123_Fish Degree Angle Tests/083123_Fish Deg Angle Tests_FSL04/P8310070.ORF,2026.2652421076177,1386.6605710262077,Red Laser,t
27696,94,17577,2024.06.20.REEF/08_2023/083123_Fish Degree Angle Tests/083123_Fish Deg Angle Tests_FSL04/P8310071.ORF,2023.7339116082157,1385.5784095099004,Red Laser,f
27701,94,17578,2024.06.20.REEF/08_2023/083123_Fish Degree Angle Tests/083123_Fish Deg Angle Tests_FSL04/P8310072.ORF,2024.170448910243,1383.0457679398428,Red Laser,f
27705,94,17579,2024.06.20.REEF/08_2023/083123_Fish Degree Angle Tests/083123_Fish Deg Angle Tests_FSL04/P8310073.ORF,2024.28178881787,1385.1774498067293,Red Laser,f
66133,94,17580,2024.06.20.REEF/08_2023/083123_Fish Degree Angle Tests/083123_Fish Deg Angle Tests_FSL04/P8310074.ORF,2023.9447669739852,1382.7858321782112,Red Laser,f
27727,94,17581,2024.06.20.REEF/08_2023/083123_Fish Degree Angle Tests/083123_Fish Deg Angle Tests_FSL04/P8310078.ORF,2022.3604109902053,1384.913875494851,Red Laser,f
27722,94,17582,2024.06.20.REEF/08_2023/083123_Fish Degree Angle Tests/083123_Fish Deg Angle Tests_FSL04/P8310077.ORF,2027.2305333950324,1384.969060408781,Red Laser,t
27718,94,17583,2024.06.20.REEF/08_2023/083123_Fish Degree Angle Tests/083123_Fish Deg Angle Tests_FSL04/P8310076.ORF,2022.9661839265957,1385.593209683529,Red Laser,f
27714,94,17584,2024.06.20.REEF/08_2023/083123_Fish Degree Angle Tests/083123_Fish Deg Angle Tests_FSL04/P8310075.ORF,2025.060468512503,1384.4390482869478,Red Laser,f
27732,94,17585,2024.06.20.REEF/08_2023/083123_Fish Degree Angle Tests/083123_Fish Deg Angle Tests_FSL04/P8310079.ORF,2023.5027076698213,1384.7610482557016,Red Laser,f
59372,94,17586,2024.06.20.REEF/08_2023/083123_Fish Degree Angle Tests/083123_Fish Deg Angle Tests_FSL04/P8310080.ORF,2023.3099343375818,1383.1241508560715,Red Laser,f
27749,94,17587,2024.06.20.REEF/08_2023/083123_Fish Degree Angle Tests/083123_Fish Deg Angle Tests_FSL04/P8310083.ORF,2022.81264965135,1384.4229302468282,Red Laser,f
27744,94,17588,2024.06.20.REEF/08_2023/083123_Fish Degree Angle Tests/083123_Fish Deg Angle Tests_FSL04/P8310082.ORF,2023.0317690393606,1383.49777438704,Red Laser,f
27739,94,17589,2024.06.20.REEF/08_2023/083123_Fish Degree Angle Tests/083123_Fish Deg Angle Tests_FSL04/P8310081.ORF,2022.1478581730653,1381.8429383101534,Red Laser,f
27758,94,17590,2024.06.20.REEF/08_2023/083123_Fish Degree Angle Tests/083123_Fish Deg Angle Tests_FSL04/P8310085.ORF,2022.7615905094494,1385.354205295664,Red Laser,f
27767,94,17591,2024.06.20.REEF/08_2023/083123_Fish Degree Angle Tests/083123_Fish Deg Angle Tests_FSL04/P8310087.ORF,2023.6693830034926,1383.1501746216532,Red Laser,f
27944,94,17633,2024.06.20.REEF/08_2023/083123_Fish Degree Angle Tests/083123_Fish Deg Angle Tests_FSL04/P8310126.ORF,2022.26721572225,1385.2029469462486,Red Laser,f
27949,94,17634,2024.06.20.REEF/08_2023/083123_Fish Degree Angle Tests/083123_Fish Deg Angle Tests_FSL04/P8310127.ORF,2021.354927804811,1383.9062968374444,Red Laser,f
27953,94,17635,2024.06.20.REEF/08_2023/083123_Fish Degree Angle Tests/083123_Fish Deg Angle Tests_FSL04/P8310128.ORF,2021.1671194401963,1382.3873045975333,Red Laser,f
27962,94,17636,2024.06.20.REEF/08_2023/083123_Fish Degree Angle Tests/083123_Fish Deg Angle Tests_FSL04/P8310130.ORF,2021.4301946215414,1384.8450234032848,Red Laser,f
27967,94,17637,2024.06.20.REEF/08_2023/083123_Fish Degree Angle Tests/083123_Fish Deg Angle Tests_FSL04/P8310131.ORF,2022.3602347213746,1383.140750877957,Red Laser,f
27971,94,17638,2024.06.20.REEF/08_2023/083123_Fish Degree Angle Tests/083123_Fish Deg Angle Tests_FSL04/P8310132.ORF,2022.0331130712573,1383.4299298065328,Red Laser,f
27976,94,17639,2024.06.20.REEF/08_2023/083123_Fish Degree Angle Tests/083123_Fish Deg Angle Tests_FSL04/P8310133.ORF,2021.72440772622,1385.6056770034565,Red Laser,f
27985,94,17640,2024.06.20.REEF/08_2023/083123_Fish Degree Angle Tests/083123_Fish Deg Angle Tests_FSL04/P8310135.ORF,2022.6042179903827,1386.315431321147,Red Laser,f
27981,94,17641,2024.06.20.REEF/08_2023/083123_Fish Degree Angle Tests/083123_Fish Deg Angle Tests_FSL04/P8310134.ORF,2020.2187429385199,1380.940170222412,Red Laser,f
27990,94,17642,2024.06.20.REEF/08_2023/083123_Fish Degree Angle Tests/083123_Fish Deg Angle Tests_FSL04/P8310136.ORF,2020.0037037292389,1380.8038111691255,Red Laser,f
27995,94,17643,2024.06.20.REEF/08_2023/083123_Fish Degree Angle Tests/083123_Fish Deg Angle Tests_FSL04/P8310137.ORF,2020.5614376159072,1381.2684211111455,Red Laser,f
27999,94,17644,2024.06.20.REEF/08_2023/083123_Fish Degree Angle Tests/083123_Fish Deg Angle Tests_FSL04/P8310138.ORF,2020.6514825347112,1381.420032667854,Red Laser,f
28008,94,17645,2024.06.20.REEF/08_2023/083123_Fish Degree Angle Tests/083123_Fish Deg Angle Tests_FSL04/P8310140.ORF,2020.3286480189045,1382.60689812472,Red Laser,f
28003,94,17646,2024.06.20.REEF/08_2023/083123_Fish Degree Angle Tests/083123_Fish Deg Angle Tests_FSL04/P8310139.ORF,2019.0330877960032,1381.1517158252577,Red Laser,f
28013,94,17647,2024.06.20.REEF/08_2023/083123_Fish Degree Angle Tests/083123_Fish Deg Angle Tests_FSL04/P8310141.ORF,2021.1896214140647,1383.4571010524578,Red Laser,f
28021,94,17648,2024.06.20.REEF/08_2023/083123_Fish Degree Angle Tests/083123_Fish Deg Angle Tests_FSL04/P8310143.ORF,2019.706129316502,1381.8659814912696,Red Laser,f
28025,94,17649,2024.06.20.REEF/08_2023/083123_Fish Degree Angle Tests/083123_Fish Deg Angle Tests_FSL04/P8310144.ORF,2021.578340609929,1381.250155927044,Red Laser,f
28018,94,17650,2024.06.20.REEF/08_2023/083123_Fish Degree Angle Tests/083123_Fish Deg Angle Tests_FSL04/P8310142.ORF,2020.1139687591888,1382.6180616285535,Red Laser,f
28038,94,17651,2024.06.20.REEF/08_2023/083123_Fish Degree Angle Tests/083123_Fish Deg Angle Tests_FSL04/P8310147.ORF,2020.3742129495504,1380.9432802051012,Red Laser,f
28033,94,17652,2024.06.20.REEF/08_2023/083123_Fish Degree Angle Tests/083123_Fish Deg Angle Tests_FSL04/P8310146.ORF,2021.4724916932494,1380.8510714676938,Red Laser,f
56684,94,17653,2024.06.20.REEF/08_2023/083123_Fish Degree Angle Tests/083123_Fish Deg Angle Tests_FSL04/P8310145.ORF,2019.600948884357,1379.3455410790693,Red Laser,f
28042,94,17654,2024.06.20.REEF/08_2023/083123_Fish Degree Angle Tests/083123_Fish Deg Angle Tests_FSL04/P8310148.ORF,2020.3318856778415,1380.7063899732702,Red Laser,f
28047,94,17655,2024.06.20.REEF/08_2023/083123_Fish Degree Angle Tests/083123_Fish Deg Angle Tests_FSL04/P8310149.ORF,2022.0331130712577,1383.9232766191797,Red Laser,f
28052,94,17656,2024.06.20.REEF/08_2023/083123_Fish Degree Angle Tests/083123_Fish Deg Angle Tests_FSL04/P8310150.ORF,2019.433376501882,1381.6326754039046,Red Laser,f
59797,94,17657,2024.06.20.REEF/08_2023/083123_Fish Degree Angle Tests/083123_Fish Deg Angle Tests_FSL04/P8310151.ORF,2018.481156465128,1382.1602502954752,Red Laser,t
28074,94,17658,2024.06.20.REEF/08_2023/083123_Fish Degree Angle Tests/083123_Fish Deg Angle Tests_FSL04/P8310155.ORF,2019.3599506137161,1379.7103994142624,Red Laser,f
29761,114,16164,2023-09-07 REEF Data Dump/083123_Fish Degree Angle Tests/083123_Fish Degree Angle Test_FSL-01/P8310543.ORF,1997.427972428671,1483.415803027638,Red Laser,f
29756,114,16165,2023-09-07 REEF Data Dump/083123_Fish Degree Angle Tests/083123_Fish Degree Angle Test_FSL-01/P8310542.ORF,1998.3003560220277,1482.0190098850105,Red Laser,f
29766,114,16166,2023-09-07 REEF Data Dump/083123_Fish Degree Angle Tests/083123_Fish Degree Angle Test_FSL-01/P8310544.ORF,2001.164461247637,1488.0453686200376,Red Laser,f
29781,114,16167,2023-09-07 REEF Data Dump/083123_Fish Degree Angle Tests/083123_Fish Degree Angle Test_FSL-01/P8310547.ORF,1994.5807640426317,1482.798301202816,Red Laser,f
29771,114,16168,2023-09-07 REEF Data Dump/083123_Fish Degree Angle Tests/083123_Fish Degree Angle Test_FSL-01/P8310545.ORF,1995.9159167836767,1479.804110135726,Red Laser,f
29776,114,16169,2023-09-07 REEF Data Dump/083123_Fish Degree Angle Tests/083123_Fish Degree Angle Test_FSL-01/P8310546.ORF,1995.4001247731399,1482.5629175718539,Red Laser,f
29786,114,16170,2023-09-07 REEF Data Dump/083123_Fish Degree Angle Tests/083123_Fish Degree Angle Test_FSL-01/P8310548.ORF,1996.2021686952482,1478.7110540063488,Red Laser,f
29790,114,16171,2023-09-07 REEF Data Dump/083123_Fish Degree Angle Tests/083123_Fish Degree Angle Test_FSL-01/P8310549.ORF,1996.8540537504998,1483.3398334235376,Red Laser,f
29797,114,16172,2023-09-07 REEF Data Dump/083123_Fish Degree Angle Tests/083123_Fish Degree Angle Test_FSL-01/P8310551.ORF,1997.5965646006282,1483.87835078147,Red Laser,f
29802,114,16173,2023-09-07 REEF Data Dump/083123_Fish Degree Angle Tests/083123_Fish Degree Angle Test_FSL-01/P8310552.ORF,1997.5808397620685,1480.9300292721925,Red Laser,f
29793,114,16174,2023-09-07 REEF Data Dump/083123_Fish Degree Angle Tests/083123_Fish Degree Angle Test_FSL-01/P8310550.ORF,1995.2748091981616,1485.802391590534,Red Laser,f
29812,114,16175,2023-09-07 REEF Data Dump/083123_Fish Degree Angle Tests/083123_Fish Degree Angle Test_FSL-01/P8310554.ORF,1995.7204826169716,1485.6705241214659,Red Laser,f
29816,114,16176,2023-09-07 REEF Data Dump/083123_Fish Degree Angle Tests/083123_Fish Degree Angle Test_FSL-01/P8310555.ORF,1996.3198327739306,1480.9594983217967,Red Laser,f
29807,114,16177,2023-09-07 REEF Data Dump/083123_Fish Degree Angle Tests/083123_Fish Degree Angle Test_FSL-01/P8310553.ORF,1997.0540936251327,1482.6793672508861,Red Laser,f
29821,114,16178,2023-09-07 REEF Data Dump/083123_Fish Degree Angle Tests/083123_Fish Degree Angle Test_FSL-01/P8310556.ORF,1995.0836861735493,1481.961987770936,Red Laser,f
29835,114,16179,2023-09-07 REEF Data Dump/083123_Fish Degree Angle Tests/083123_Fish Degree Angle Test_FSL-01/P8310560.ORF,1996.1656503707775,1480.0140374878215,Red Laser,f
29829,114,16180,2023-09-07 REEF Data Dump/083123_Fish Degree Angle Tests/083123_Fish Degree Angle Test_FSL-01/P8310558.ORF,1996.9100259586796,1479.2968945809046,Red Laser,f
29825,114,16181,2023-09-07 REEF Data Dump/083123_Fish Degree Angle Tests/083123_Fish Degree Angle Test_FSL-01/P8310557.ORF,1997.0679409602042,1481.2973620386185,Red Laser,f
29832,114,16182,2023-09-07 REEF Data Dump/083123_Fish Degree Angle Tests/083123_Fish Degree Angle Test_FSL-01/P8310559.ORF,1995.8207217694994,1480.6204889406288,Red Laser,f
61505,114,16183,2023-09-07 REEF Data Dump/083123_Fish Degree Angle Tests/083123_Fish Degree Angle Test_FSL-01/P8310565.ORF,1998.3213878567647,1482.0162527180935,Red Laser,f
29839,114,16184,2023-09-07 REEF Data Dump/083123_Fish Degree Angle Tests/083123_Fish Degree Angle Test_FSL-01/P8310561.ORF,1997.305110737775,1482.127385062198,Red Laser,f
29850,114,16185,2023-09-07 REEF Data Dump/083123_Fish Degree Angle Tests/083123_Fish Degree Angle Test_FSL-01/P8310564.ORF,1997.4184652226525,1482.5447463213468,Red Laser,f
29843,114,16186,2023-09-07 REEF Data Dump/083123_Fish Degree Angle Tests/083123_Fish Degree Angle Test_FSL-01/P8310562.ORF,1995.4842313266863,1488.653938942702,Red Laser,t
29847,114,16187,2023-09-07 REEF Data Dump/083123_Fish Degree Angle Tests/083123_Fish Degree Angle Test_FSL-01/P8310563.ORF,1997.4799150696335,1482.359999810374,Red Laser,f
29857,114,16188,2023-09-07 REEF Data Dump/083123_Fish Degree Angle Tests/083123_Fish Degree Angle Test_FSL-01/P8310566.ORF,1995.919130416193,1478.0632479719318,Red Laser,f
29861,114,16189,2023-09-07 REEF Data Dump/083123_Fish Degree Angle Tests/083123_Fish Degree Angle Test_FSL-01/P8310567.ORF,1997.8133289802388,1483.9696250346976,Red Laser,f
29869,114,16190,2023-09-07 REEF Data Dump/083123_Fish Degree Angle Tests/083123_Fish Degree Angle Test_FSL-01/P8310569.ORF,1997.3528169360304,1482.329936403839,Red Laser,f
29865,114,16191,2023-09-07 REEF Data Dump/083123_Fish Degree Angle Tests/083123_Fish Degree Angle Test_FSL-01/P8310568.ORF,2001.164461247637,1482.34404536862,Red Laser,t
29877,114,16192,2023-09-07 REEF Data Dump/083123_Fish Degree Angle Tests/083123_Fish Degree Angle Test_FSL-01/P8310571.ORF,1994.5983518367484,1482.7027530189691,Red Laser,f
27402,94,17510,2024.06.20.REEF/08_2023/083123_Fish Degree Angle Tests/083123_Fish Deg Angle Tests_FSL04/P8310004.ORF,2021.3078538927234,1385.263750323713,Red Laser,f
27397,94,17511,2024.06.20.REEF/08_2023/083123_Fish Degree Angle Tests/083123_Fish Deg Angle Tests_FSL04/P8310003.ORF,2021.5701788511135,1384.3513808707517,Red Laser,f
27411,94,17512,2024.06.20.REEF/08_2023/083123_Fish Degree Angle Tests/083123_Fish Deg Angle Tests_FSL04/P8310006.ORF,2024.6119714100962,1384.8875453893543,Red Laser,f
27415,94,17513,2024.06.20.REEF/08_2023/083123_Fish Degree Angle Tests/083123_Fish Deg Angle Tests_FSL04/P8310007.ORF,2023.770578921585,1386.2975923683214,Red Laser,f
27419,94,17514,2024.06.20.REEF/08_2023/083123_Fish Degree Angle Tests/083123_Fish Deg Angle Tests_FSL04/P8310008.ORF,2024.3044446933795,1384.1388766687235,Red Laser,f
59366,94,17515,2024.06.20.REEF/08_2023/083123_Fish Degree Angle Tests/083123_Fish Deg Angle Tests_FSL04/P8310010.ORF,2023.2213671712868,1383.8656336822482,Red Laser,f
27432,94,17516,2024.06.20.REEF/08_2023/083123_Fish Degree Angle Tests/083123_Fish Deg Angle Tests_FSL04/P8310012.ORF,2024.6770048129163,1385.8853542084012,Red Laser,f
27423,94,17517,2024.06.20.REEF/08_2023/083123_Fish Degree Angle Tests/083123_Fish Deg Angle Tests_FSL04/P8310009.ORF,2024.3733711689993,1384.948920637834,Red Laser,f
27428,94,17518,2024.06.20.REEF/08_2023/083123_Fish Degree Angle Tests/083123_Fish Deg Angle Tests_FSL04/P8310011.ORF,2023.9874113955875,1384.0146440040908,Red Laser,f
27447,94,17519,2024.06.20.REEF/08_2023/083123_Fish Degree Angle Tests/083123_Fish Deg Angle Tests_FSL04/P8310016.ORF,2026.7640632310288,1385.0148155047902,Red Laser,t
27436,94,17520,2024.06.20.REEF/08_2023/083123_Fish Degree Angle Tests/083123_Fish Deg Angle Tests_FSL04/P8310013.ORF,2024.362524282673,1386.4193721340016,Red Laser,f
27439,94,17521,2024.06.20.REEF/08_2023/083123_Fish Degree Angle Tests/083123_Fish Deg Angle Tests_FSL04/P8310014.ORF,2025.0323586009474,1383.4169745988372,Red Laser,f
27443,94,17522,2024.06.20.REEF/08_2023/083123_Fish Degree Angle Tests/083123_Fish Deg Angle Tests_FSL04/P8310015.ORF,2023.1843378585706,1384.879136068684,Red Laser,f
59368,94,17523,2024.06.20.REEF/08_2023/083123_Fish Degree Angle Tests/083123_Fish Deg Angle Tests_FSL04/P8310017.ORF,2022.475738090107,1385.5272374085039,Red Laser,f
27455,94,17524,2024.06.20.REEF/08_2023/083123_Fish Degree Angle Tests/083123_Fish Deg Angle Tests_FSL04/P8310018.ORF,2023.3344003529983,1384.5575118464722,Red Laser,f
27459,94,17525,2024.06.20.REEF/08_2023/083123_Fish Degree Angle Tests/083123_Fish Deg Angle Tests_FSL04/P8310019.ORF,2021.7326894546086,1381.7606793848272,Red Laser,f
27475,94,17526,2024.06.20.REEF/08_2023/083123_Fish Degree Angle Tests/083123_Fish Deg Angle Tests_FSL04/P8310023.ORF,2022.998916530767,1385.7191692028127,Red Laser,f
27467,94,17527,2024.06.20.REEF/08_2023/083123_Fish Degree Angle Tests/083123_Fish Deg Angle Tests_FSL04/P8310021.ORF,2022.8462643697005,1384.651464289976,Red Laser,f
27464,94,17528,2024.06.20.REEF/08_2023/083123_Fish Degree Angle Tests/083123_Fish Deg Angle Tests_FSL04/P8310020.ORF,2022.6153629877647,1385.8667331546715,Red Laser,f
27471,94,17529,2024.06.20.REEF/08_2023/083123_Fish Degree Angle Tests/083123_Fish Deg Angle Tests_FSL04/P8310022.ORF,2022.8032863753774,1383.874154624622,Red Laser,f
27484,94,17530,2024.06.20.REEF/08_2023/083123_Fish Degree Angle Tests/083123_Fish Deg Angle Tests_FSL04/P8310025.ORF,2022.21210198052,1382.9977648458735,Red Laser,f
27489,94,17531,2024.06.20.REEF/08_2023/083123_Fish Degree Angle Tests/083123_Fish Deg Angle Tests_FSL04/P8310026.ORF,2022.3457106500011,1383.1595096470344,Red Laser,f
27480,94,17532,2024.06.20.REEF/08_2023/083123_Fish Degree Angle Tests/083123_Fish Deg Angle Tests_FSL04/P8310024.ORF,2021.8841640179244,1383.6536407710648,Red Laser,f
27499,94,17533,2024.06.20.REEF/08_2023/083123_Fish Degree Angle Tests/083123_Fish Deg Angle Tests_FSL04/P8310028.ORF,2023.1227271181624,1384.2035567344815,Red Laser,f
27494,94,17534,2024.06.20.REEF/08_2023/083123_Fish Degree Angle Tests/083123_Fish Deg Angle Tests_FSL04/P8310027.ORF,2024.0092538555343,1383.7341795523232,Red Laser,f
27504,94,17535,2024.06.20.REEF/08_2023/083123_Fish Degree Angle Tests/083123_Fish Deg Angle Tests_FSL04/P8310029.ORF,2023.6660583464381,1385.9484220888655,Red Laser,f
60859,94,17536,2024.06.20.REEF/08_2023/083123_Fish Degree Angle Tests/083123_Fish Deg Angle Tests_FSL04/P8310033.ORF,2023.213100551203,1386.261904552563,Red Laser,f
27509,94,17537,2024.06.20.REEF/08_2023/083123_Fish Degree Angle Tests/083123_Fish Deg Angle Tests_FSL04/P8310030.ORF,2022.3251594691437,1391.1257420877755,Red Laser,f
27517,94,17538,2024.06.20.REEF/08_2023/083123_Fish Degree Angle Tests/083123_Fish Deg Angle Tests_FSL04/P8310032.ORF,2022.1047968371795,1385.1625223160895,Red Laser,f
27513,94,17539,2024.06.20.REEF/08_2023/083123_Fish Degree Angle Tests/083123_Fish Deg Angle Tests_FSL04/P8310031.ORF,2022.5047763463097,1381.7906914301736,Red Laser,f
59369,94,17540,2024.06.20.REEF/08_2023/083123_Fish Degree Angle Tests/083123_Fish Deg Angle Tests_FSL04/P8310034.ORF,2022.577951338987,1382.7928603443556,Red Laser,f
27530,94,17541,2024.06.20.REEF/08_2023/083123_Fish Degree Angle Tests/083123_Fish Deg Angle Tests_FSL04/P8310035.ORF,2023.5928077757687,1386.2908117192542,Red Laser,f
27539,94,17542,2024.06.20.REEF/08_2023/083123_Fish Degree Angle Tests/083123_Fish Deg Angle Tests_FSL04/P8310037.ORF,2022.7818459349328,1384.804311014327,Red Laser,f
27534,94,17543,2024.06.20.REEF/08_2023/083123_Fish Degree Angle Tests/083123_Fish Deg Angle Tests_FSL04/P8310036.ORF,2021.8236113285818,1385.009183239855,Red Laser,f
27543,94,17544,2024.06.20.REEF/08_2023/083123_Fish Degree Angle Tests/083123_Fish Deg Angle Tests_FSL04/P8310038.ORF,2022.8382867576508,1382.6385785806838,Red Laser,f
27548,94,17545,2024.06.20.REEF/08_2023/083123_Fish Degree Angle Tests/083123_Fish Deg Angle Tests_FSL04/P8310039.ORF,2023.1843378585706,1384.879136068684,Red Laser,f
27553,94,17546,2024.06.20.REEF/08_2023/083123_Fish Degree Angle Tests/083123_Fish Deg Angle Tests_FSL04/P8310040.ORF,2024.2778410688031,1386.1680046167253,Red Laser,f
27562,94,17547,2024.06.20.REEF/08_2023/083123_Fish Degree Angle Tests/083123_Fish Deg Angle Tests_FSL04/P8310042.ORF,2023.165861154817,1385.3650579088053,Red Laser,f
27558,94,17548,2024.06.20.REEF/08_2023/083123_Fish Degree Angle Tests/083123_Fish Deg Angle Tests_FSL04/P8310041.ORF,2023.69027790505,1384.5652308389658,Red Laser,f
27571,94,17549,2024.06.20.REEF/08_2023/083123_Fish Degree Angle Tests/083123_Fish Deg Angle Tests_FSL04/P8310044.ORF,2022.743554384609,1384.7570555628572,Red Laser,f
27567,94,17550,2024.06.20.REEF/08_2023/083123_Fish Degree Angle Tests/083123_Fish Deg Angle Tests_FSL04/P8310043.ORF,2021.9285391239782,1384.95623607912,Red Laser,f
60015,94,17592,2024.06.20.REEF/08_2023/083123_Fish Degree Angle Tests/083123_Fish Deg Angle Tests_FSL04/P8310084.ORF,2022.3085543224604,1382.8048601619935,Red Laser,f
27763,94,17593,2024.06.20.REEF/08_2023/083123_Fish Degree Angle Tests/083123_Fish Deg Angle Tests_FSL04/P8310086.ORF,2023.411538112021,1383.8117869843895,Red Laser,f
27782,94,17594,2024.06.20.REEF/08_2023/083123_Fish Degree Angle Tests/083123_Fish Deg Angle Tests_FSL04/P8310090.ORF,2024.2527799568106,1380.0597114304092,Red Laser,f
27772,94,17595,2024.06.20.REEF/08_2023/083123_Fish Degree Angle Tests/083123_Fish Deg Angle Tests_FSL04/P8310088.ORF,2023.6931979209887,1386.771494632608,Red Laser,f
27787,94,17596,2024.06.20.REEF/08_2023/083123_Fish Degree Angle Tests/083123_Fish Deg Angle Tests_FSL04/P8310091.ORF,2017.7422090591863,1382.2551365005381,Red Laser,t
27777,94,17597,2024.06.20.REEF/08_2023/083123_Fish Degree Angle Tests/083123_Fish Deg Angle Tests_FSL04/P8310089.ORF,2022.2545539043736,1384.2500494780554,Red Laser,f
27792,94,17598,2024.06.20.REEF/08_2023/083123_Fish Degree Angle Tests/083123_Fish Deg Angle Tests_FSL04/P8310092.ORF,2022.2156070284152,1383.4034940017161,Red Laser,f
27796,94,17599,2024.06.20.REEF/08_2023/083123_Fish Degree Angle Tests/083123_Fish Deg Angle Tests_FSL04/P8310093.ORF,2023.352739789972,1380.115970629297,Red Laser,f
27805,94,17600,2024.06.20.REEF/08_2023/083123_Fish Degree Angle Tests/083123_Fish Deg Angle Tests_FSL04/P8310095.ORF,2022.7367762999495,1380.3651601914798,Red Laser,f
27810,94,17601,2024.06.20.REEF/08_2023/083123_Fish Degree Angle Tests/083123_Fish Deg Angle Tests_FSL04/P8310096.ORF,2026.5000000000005,1385.0000000000002,Red Laser,t
27800,94,17602,2024.06.20.REEF/08_2023/083123_Fish Degree Angle Tests/083123_Fish Deg Angle Tests_FSL04/P8310094.ORF,2024.1588756997257,1381.774254385995,Red Laser,f
27815,94,17603,2024.06.20.REEF/08_2023/083123_Fish Degree Angle Tests/083123_Fish Deg Angle Tests_FSL04/P8310097.ORF,2023.8409824662042,1382.2525576381493,Red Laser,f
27819,94,17604,2024.06.20.REEF/08_2023/083123_Fish Degree Angle Tests/083123_Fish Deg Angle Tests_FSL04/P8310098.ORF,2022.8665287996466,1384.475886784206,Red Laser,f
27824,94,17605,2024.06.20.REEF/08_2023/083123_Fish Degree Angle Tests/083123_Fish Deg Angle Tests_FSL04/P8310099.ORF,2023.19849999547,1382.8975472465925,Red Laser,f
27829,94,17606,2024.06.20.REEF/08_2023/083123_Fish Degree Angle Tests/083123_Fish Deg Angle Tests_FSL04/P8310100.ORF,2023.2949962997593,1382.1308109871618,Red Laser,f
27844,94,17607,2024.06.20.REEF/08_2023/083123_Fish Degree Angle Tests/083123_Fish Deg Angle Tests_FSL04/P8310103.ORF,2025.0095545529398,1386.144510481159,Red Laser,f
27834,94,17608,2024.06.20.REEF/08_2023/083123_Fish Degree Angle Tests/083123_Fish Deg Angle Tests_FSL04/P8310101.ORF,2023.7643095063536,1383.5806199508504,Red Laser,f
27839,94,17609,2024.06.20.REEF/08_2023/083123_Fish Degree Angle Tests/083123_Fish Deg Angle Tests_FSL04/P8310102.ORF,2024.1487807073265,1382.9222762275492,Red Laser,f
27849,94,17610,2024.06.20.REEF/08_2023/083123_Fish Degree Angle Tests/083123_Fish Deg Angle Tests_FSL04/P8310104.ORF,2024.6030107030801,1384.538964286403,Red Laser,f
27853,94,17611,2024.06.20.REEF/08_2023/083123_Fish Degree Angle Tests/083123_Fish Deg Angle Tests_FSL04/P8310105.ORF,2024.310962285806,1384.3711251875343,Red Laser,f
27858,94,17612,2024.06.20.REEF/08_2023/083123_Fish Degree Angle Tests/083123_Fish Deg Angle Tests_FSL04/P8310106.ORF,2024.661512799527,1380.9055626975937,Red Laser,f
66135,94,17613,2024.06.20.REEF/08_2023/083123_Fish Degree Angle Tests/083123_Fish Deg Angle Tests_FSL04/P8310107.ORF,2025.2493381779275,1386.8447826564536,Red Laser,f
27865,94,17614,2024.06.20.REEF/08_2023/083123_Fish Degree Angle Tests/083123_Fish Deg Angle Tests_FSL04/P8310108.ORF,2023.8576808287753,1381.8092243682897,Red Laser,f
27875,94,17615,2024.06.20.REEF/08_2023/083123_Fish Degree Angle Tests/083123_Fish Deg Angle Tests_FSL04/P8310110.ORF,2023.8147412806181,1382.7140943598688,Red Laser,f
28908,94,17687,2024.06.20.REEF/08_2023/083123_Fish Degree Angle Tests/083123_Fish Deg Angle Tests_FSL04/P8310353.ORF,2039.5523526457346,1453.767956753442,Red Laser,f
60931,94,17688,2024.06.20.REEF/08_2023/083123_Fish Degree Angle Tests/083123_Fish Deg Angle Tests_FSL04/P8310352.ORF,2039.3128994657086,1452.3066183508838,Red Laser,f
28912,94,17689,2024.06.20.REEF/08_2023/083123_Fish Degree Angle Tests/083123_Fish Deg Angle Tests_FSL04/P8310354.ORF,2039.9009279462216,1453.0788156904446,Red Laser,f
28916,94,17690,2024.06.20.REEF/08_2023/083123_Fish Degree Angle Tests/083123_Fish Deg Angle Tests_FSL04/P8310355.ORF,2039.9257381753312,1454.0691500824973,Red Laser,f
28928,94,17691,2024.06.20.REEF/08_2023/083123_Fish Degree Angle Tests/083123_Fish Deg Angle Tests_FSL04/P8310358.ORF,2037.6695499518457,1453.215649506706,Red Laser,f
28920,94,17692,2024.06.20.REEF/08_2023/083123_Fish Degree Angle Tests/083123_Fish Deg Angle Tests_FSL04/P8310356.ORF,2039.5705162242455,1453.956051033379,Red Laser,f
28924,94,17693,2024.06.20.REEF/08_2023/083123_Fish Degree Angle Tests/083123_Fish Deg Angle Tests_FSL04/P8310357.ORF,2037.7983622654124,1452.4187921216353,Red Laser,f
28931,94,17694,2024.06.20.REEF/08_2023/083123_Fish Degree Angle Tests/083123_Fish Deg Angle Tests_FSL04/P8310359.ORF,2036.9896179083864,1450.2178718448924,Red Laser,f
28937,94,17695,2024.06.20.REEF/08_2023/083123_Fish Degree Angle Tests/083123_Fish Deg Angle Tests_FSL04/P8310361.ORF,2040.273016382382,1453.7419680085347,Red Laser,f
28934,94,17696,2024.06.20.REEF/08_2023/083123_Fish Degree Angle Tests/083123_Fish Deg Angle Tests_FSL04/P8310360.ORF,2039.0622961084853,1451.9052891564097,Red Laser,f
28941,94,17697,2024.06.20.REEF/08_2023/083123_Fish Degree Angle Tests/083123_Fish Deg Angle Tests_FSL04/P8310362.ORF,2045.3381827485946,1452.662889061687,Red Laser,t
28069,94,17659,2024.06.20.REEF/08_2023/083123_Fish Degree Angle Tests/083123_Fish Deg Angle Tests_FSL04/P8310154.ORF,2018.9661555187492,1378.852205364848,Red Laser,f
28061,94,17660,2024.06.20.REEF/08_2023/083123_Fish Degree Angle Tests/083123_Fish Deg Angle Tests_FSL04/P8310152.ORF,2018.9915016165885,1381.4003458929997,Red Laser,f
28066,94,17661,2024.06.20.REEF/08_2023/083123_Fish Degree Angle Tests/083123_Fish Deg Angle Tests_FSL04/P8310153.ORF,2019.639024624413,1381.5043152690503,Red Laser,f
28084,94,17662,2024.06.20.REEF/08_2023/083123_Fish Degree Angle Tests/083123_Fish Deg Angle Tests_FSL04/P8310157.ORF,2019.8573894343167,1382.372817440246,Red Laser,f
28089,94,17663,2024.06.20.REEF/08_2023/083123_Fish Degree Angle Tests/083123_Fish Deg Angle Tests_FSL04/P8310158.ORF,2019.2120302335686,1382.0325170006893,Red Laser,f
28079,94,17664,2024.06.20.REEF/08_2023/083123_Fish Degree Angle Tests/083123_Fish Deg Angle Tests_FSL04/P8310156.ORF,2020.4337031873906,1382.99043649285,Red Laser,f
28094,94,17665,2024.06.20.REEF/08_2023/083123_Fish Degree Angle Tests/083123_Fish Deg Angle Tests_FSL04/P8310159.ORF,2020.1602976156166,1382.085851794805,Red Laser,f
28099,94,17666,2024.06.20.REEF/08_2023/083123_Fish Degree Angle Tests/083123_Fish Deg Angle Tests_FSL04/P8310160.ORF,2021.9298466678392,1380.4962000373603,Red Laser,f
28113,94,17667,2024.06.20.REEF/08_2023/083123_Fish Degree Angle Tests/083123_Fish Deg Angle Tests_FSL04/P8310163.ORF,2019.4587177762942,1383.4601532184827,Red Laser,f
28109,94,17668,2024.06.20.REEF/08_2023/083123_Fish Degree Angle Tests/083123_Fish Deg Angle Tests_FSL04/P8310162.ORF,2019.6037558657752,1381.8312411905565,Red Laser,f
28104,94,17669,2024.06.20.REEF/08_2023/083123_Fish Degree Angle Tests/083123_Fish Deg Angle Tests_FSL04/P8310161.ORF,2019.6399485843494,1383.0049790601254,Red Laser,f
28118,94,17670,2024.06.20.REEF/08_2023/083123_Fish Degree Angle Tests/083123_Fish Deg Angle Tests_FSL04/P8310164.ORF,2020.779177496842,1381.3297299055005,Red Laser,f
28132,94,17671,2024.06.20.REEF/08_2023/083123_Fish Degree Angle Tests/083123_Fish Deg Angle Tests_FSL04/P8310167.ORF,2022.446118106025,1386.1191750823623,Red Laser,f
28127,94,17672,2024.06.20.REEF/08_2023/083123_Fish Degree Angle Tests/083123_Fish Deg Angle Tests_FSL04/P8310166.ORF,2020.901359462305,1381.661707570454,Red Laser,f
66138,94,17673,2024.06.20.REEF/08_2023/083123_Fish Degree Angle Tests/083123_Fish Deg Angle Tests_FSL04/P8310165.ORF,2021.5817639478878,1385.5589436267767,Red Laser,f
29018,94,17715,2024.06.20.REEF/08_2023/083123_Fish Degree Angle Tests/083123_Fish Deg Angle Tests_FSL04/P8310380.ORF,2037.7412378245658,1451.449464882046,Red Laser,f
29028,94,17716,2024.06.20.REEF/08_2023/083123_Fish Degree Angle Tests/083123_Fish Deg Angle Tests_FSL04/P8310382.ORF,2043.7712305025998,1463.5701906412478,Red Laser,t
29023,94,17717,2024.06.20.REEF/08_2023/083123_Fish Degree Angle Tests/083123_Fish Deg Angle Tests_FSL04/P8310381.ORF,2038.523969531923,1452.146664309482,Red Laser,f
29046,94,17718,2024.06.20.REEF/08_2023/083123_Fish Degree Angle Tests/083123_Fish Deg Angle Tests_FSL04/P8310386.ORF,2036.3273238460492,1450.0492695454868,Red Laser,f
29041,94,17719,2024.06.20.REEF/08_2023/083123_Fish Degree Angle Tests/083123_Fish Deg Angle Tests_FSL04/P8310385.ORF,2037.9916737607102,1450.576429062434,Red Laser,f
29037,94,17720,2024.06.20.REEF/08_2023/083123_Fish Degree Angle Tests/083123_Fish Deg Angle Tests_FSL04/P8310384.ORF,2037.925121107576,1454.4020806070532,Red Laser,f
29051,94,17721,2024.06.20.REEF/08_2023/083123_Fish Degree Angle Tests/083123_Fish Deg Angle Tests_FSL04/P8310387.ORF,2037.5424883938053,1454.128930488255,Red Laser,f
29033,94,17722,2024.06.20.REEF/08_2023/083123_Fish Degree Angle Tests/083123_Fish Deg Angle Tests_FSL04/P8310383.ORF,2037.593713620489,1457.4132712456342,Red Laser,f
29056,94,17723,2024.06.20.REEF/08_2023/083123_Fish Degree Angle Tests/083123_Fish Deg Angle Tests_FSL04/P8310388.ORF,2043.7712305025998,1458.3431542461005,Red Laser,t
29074,94,17724,2024.06.20.REEF/08_2023/083123_Fish Degree Angle Tests/083123_Fish Deg Angle Tests_FSL04/P8310392.ORF,2038.0109955902778,1453.678041019441,Red Laser,f
29061,94,17725,2024.06.20.REEF/08_2023/083123_Fish Degree Angle Tests/083123_Fish Deg Angle Tests_FSL04/P8310389.ORF,2043.7712305025998,1447.8890814558058,Red Laser,t
29065,94,17726,2024.06.20.REEF/08_2023/083123_Fish Degree Angle Tests/083123_Fish Deg Angle Tests_FSL04/P8310390.ORF,2033.317157712305,1447.8890814558058,Red Laser,t
29070,94,17727,2024.06.20.REEF/08_2023/083123_Fish Degree Angle Tests/083123_Fish Deg Angle Tests_FSL04/P8310391.ORF,2038.5513091314237,1454.5192314634858,Red Laser,f
29093,94,17728,2024.06.20.REEF/08_2023/083123_Fish Degree Angle Tests/083123_Fish Deg Angle Tests_FSL04/P8310396.ORF,2036.373073000966,1453.672990469937,Red Laser,f
29079,94,17729,2024.06.20.REEF/08_2023/083123_Fish Degree Angle Tests/083123_Fish Deg Angle Tests_FSL04/P8310393.ORF,2038.5000000000002,1454,Red Laser,f
29088,94,17730,2024.06.20.REEF/08_2023/083123_Fish Degree Angle Tests/083123_Fish Deg Angle Tests_FSL04/P8310395.ORF,2038.4588413754489,1452.038833468173,Red Laser,f
29084,94,17731,2024.06.20.REEF/08_2023/083123_Fish Degree Angle Tests/083123_Fish Deg Angle Tests_FSL04/P8310394.ORF,2043.7712305025998,1458.3431542461005,Red Laser,t
29098,94,17732,2024.06.20.REEF/08_2023/083123_Fish Degree Angle Tests/083123_Fish Deg Angle Tests_FSL04/P8310397.ORF,2037.7962446280333,1453.291156306845,Red Laser,f
29103,94,17733,2024.06.20.REEF/08_2023/083123_Fish Degree Angle Tests/083123_Fish Deg Angle Tests_FSL04/P8310398.ORF,2037.4762106096257,1452.0638845448811,Red Laser,f
29116,94,17734,2024.06.20.REEF/08_2023/083123_Fish Degree Angle Tests/083123_Fish Deg Angle Tests_FSL04/P8310401.ORF,2038.3158748916087,1451.6099340166516,Red Laser,f
29112,94,17735,2024.06.20.REEF/08_2023/083123_Fish Degree Angle Tests/083123_Fish Deg Angle Tests_FSL04/P8310400.ORF,2037.4704174685285,1452.4703013471258,Red Laser,f
29107,94,17736,2024.06.20.REEF/08_2023/083123_Fish Degree Angle Tests/083123_Fish Deg Angle Tests_FSL04/P8310399.ORF,2037.7983622654128,1451.498192405223,Red Laser,f
29121,94,17737,2024.06.20.REEF/08_2023/083123_Fish Degree Angle Tests/083123_Fish Deg Angle Tests_FSL04/P8310402.ORF,2037.9331027602827,1451.981494751021,Red Laser,f
29125,94,17738,2024.06.20.REEF/08_2023/083123_Fish Degree Angle Tests/083123_Fish Deg Angle Tests_FSL04/P8310403.ORF,2039.7085568084199,1451.556089496763,Red Laser,f
29134,94,17739,2024.06.20.REEF/08_2023/083123_Fish Degree Angle Tests/083123_Fish Deg Angle Tests_FSL04/P8310405.ORF,2038.8559576127723,1452.970671665685,Red Laser,f
29130,94,17740,2024.06.20.REEF/08_2023/083123_Fish Degree Angle Tests/083123_Fish Deg Angle Tests_FSL04/P8310404.ORF,2039.5258141587456,1454.0823189056798,Red Laser,f
29151,94,17741,2024.06.20.REEF/08_2023/083123_Fish Degree Angle Tests/083123_Fish Deg Angle Tests_FSL04/P8310409.ORF,2038.1222740941541,1455.2774562999189,Red Laser,f
29142,94,17742,2024.06.20.REEF/08_2023/083123_Fish Degree Angle Tests/083123_Fish Deg Angle Tests_FSL04/P8310407.ORF,2037.866490691583,1453.773104447657,Red Laser,f
29138,94,17743,2024.06.20.REEF/08_2023/083123_Fish Degree Angle Tests/083123_Fish Deg Angle Tests_FSL04/P8310406.ORF,2038.5441941074523,1458.3431542461005,Red Laser,f
29147,94,17744,2024.06.20.REEF/08_2023/083123_Fish Degree Angle Tests/083123_Fish Deg Angle Tests_FSL04/P8310408.ORF,2038.0109955902778,1452.4048701058343,Red Laser,f
29155,94,17745,2024.06.20.REEF/08_2023/083123_Fish Degree Angle Tests/083123_Fish Deg Angle Tests_FSL04/P8310410.ORF,2037.2805824624136,1453.5805544412576,Red Laser,f
29159,94,17746,2024.06.20.REEF/08_2023/083123_Fish Degree Angle Tests/083123_Fish Deg Angle Tests_FSL04/P8310411.ORF,2038.0314985627194,1454.2043264631027,Red Laser,f
29170,94,17747,2024.06.20.REEF/08_2023/083123_Fish Degree Angle Tests/083123_Fish Deg Angle Tests_FSL04/P8310414.ORF,2038.3622295917155,1453.1897943841298,Red Laser,f
29167,94,17748,2024.06.20.REEF/08_2023/083123_Fish Degree Angle Tests/083123_Fish Deg Angle Tests_FSL04/P8310413.ORF,2038.0318803122516,1452.5199752147275,Red Laser,f
29163,94,17749,2024.06.20.REEF/08_2023/083123_Fish Degree Angle Tests/083123_Fish Deg Angle Tests_FSL04/P8310412.ORF,2037.7004918557784,1453.6103027387192,Red Laser,f
29174,94,17750,2024.06.20.REEF/08_2023/083123_Fish Degree Angle Tests/083123_Fish Deg Angle Tests_FSL04/P8310415.ORF,2037.7379551838712,1453.4713845426847,Red Laser,f
29185,94,17751,2024.06.20.REEF/08_2023/083123_Fish Degree Angle Tests/083123_Fish Deg Angle Tests_FSL04/P8310418.ORF,2038.2112273831247,1453.0275736367905,Red Laser,f
29189,94,17752,2024.06.20.REEF/08_2023/083123_Fish Degree Angle Tests/083123_Fish Deg Angle Tests_FSL04/P8310419.ORF,2038.2214770253547,1452.2645537394394,Red Laser,f
29178,94,17753,2024.06.20.REEF/08_2023/083123_Fish Degree Angle Tests/083123_Fish Deg Angle Tests_FSL04/P8310416.ORF,2037.8287058339588,1453.8850269349432,Red Laser,f
29181,94,17754,2024.06.20.REEF/08_2023/083123_Fish Degree Angle Tests/083123_Fish Deg Angle Tests_FSL04/P8310417.ORF,2037.1711843865385,1452.2629145607689,Red Laser,f
29202,94,17755,2024.06.20.REEF/08_2023/083123_Fish Degree Angle Tests/083123_Fish Deg Angle Tests_FSL04/P8310422.ORF,2037.7558911869012,1453.4622874312593,Red Laser,f
29574,94,17838,2024.06.20.REEF/08_2023/083123_Fish Degree Angle Tests/083123_Fish Deg Angle Tests_FSL04/P8310502.ORF,2037.5,1454,Red Laser,f
29584,94,17839,2024.06.20.REEF/08_2023/083123_Fish Degree Angle Tests/083123_Fish Deg Angle Tests_FSL04/P8310504.ORF,2036.9962212989826,1452.3171864180906,Red Laser,f
29594,94,17840,2024.06.20.REEF/08_2023/083123_Fish Degree Angle Tests/083123_Fish Deg Angle Tests_FSL04/P8310506.ORF,2037.7772252905768,1452.5008866620074,Red Laser,f
29579,94,17841,2024.06.20.REEF/08_2023/083123_Fish Degree Angle Tests/083123_Fish Deg Angle Tests_FSL04/P8310503.ORF,2037.3796856635217,1454.3751066600032,Red Laser,f
29612,94,17842,2024.06.20.REEF/08_2023/083123_Fish Degree Angle Tests/083123_Fish Deg Angle Tests_FSL04/P8310510.ORF,2038.5000000000002,1454,Red Laser,f
29617,94,17843,2024.06.20.REEF/08_2023/083123_Fish Degree Angle Tests/083123_Fish Deg Angle Tests_FSL04/P8310511.ORF,2036.6425851567562,1451.1866243856105,Red Laser,f
60060,94,17844,2024.06.20.REEF/08_2023/083123_Fish Degree Angle Tests/083123_Fish Deg Angle Tests_FSL04/P8310509.ORF,2036.8483277136418,1453.5154267409414,Red Laser,f
29599,94,17845,2024.06.20.REEF/08_2023/083123_Fish Degree Angle Tests/083123_Fish Deg Angle Tests_FSL04/P8310507.ORF,2036.6301378202295,1453.3948713835616,Red Laser,f
29604,94,17846,2024.06.20.REEF/08_2023/083123_Fish Degree Angle Tests/083123_Fish Deg Angle Tests_FSL04/P8310508.ORF,2037.7579274228658,1455.1140106263608,Red Laser,f
29622,94,17847,2024.06.20.REEF/08_2023/083123_Fish Degree Angle Tests/083123_Fish Deg Angle Tests_FSL04/P8310512.ORF,2037.8378378378377,1457.6534181240065,Red Laser,f
29636,94,17848,2024.06.20.REEF/08_2023/083123_Fish Degree Angle Tests/083123_Fish Deg Angle Tests_FSL04/P8310515.ORF,2037.5321398414694,1454.027728762254,Red Laser,f
29626,94,17849,2024.06.20.REEF/08_2023/083123_Fish Degree Angle Tests/083123_Fish Deg Angle Tests_FSL04/P8310513.ORF,2037.641537825626,1451.7748369934006,Red Laser,f
29631,94,17850,2024.06.20.REEF/08_2023/083123_Fish Degree Angle Tests/083123_Fish Deg Angle Tests_FSL04/P8310514.ORF,2037.5284687898757,1451.0490906226653,Red Laser,f
29641,94,17851,2024.06.20.REEF/08_2023/083123_Fish Degree Angle Tests/083123_Fish Deg Angle Tests_FSL04/P8310516.ORF,2036.4181066291076,1451.7735696990012,Red Laser,f
29650,94,17852,2024.06.20.REEF/08_2023/083123_Fish Degree Angle Tests/083123_Fish Deg Angle Tests_FSL04/P8310518.ORF,2036.7994861580605,1453.536254549816,Red Laser,f
29654,94,17853,2024.06.20.REEF/08_2023/083123_Fish Degree Angle Tests/083123_Fish Deg Angle Tests_FSL04/P8310519.ORF,2036.7999570868728,1452.3460566417332,Red Laser,f
29646,94,17854,2024.06.20.REEF/08_2023/083123_Fish Degree Angle Tests/083123_Fish Deg Angle Tests_FSL04/P8310517.ORF,2037.1698902774845,1454.8530933648035,Red Laser,f
29658,94,17855,2024.06.20.REEF/08_2023/083123_Fish Degree Angle Tests/083123_Fish Deg Angle Tests_FSL04/P8310520.ORF,2036.5774168915216,1451.3290322073324,Red Laser,f
29667,94,17856,2024.06.20.REEF/08_2023/083123_Fish Degree Angle Tests/083123_Fish Deg Angle Tests_FSL04/P8310522.ORF,2036.49412708377,1452.7081430699525,Red Laser,f
29672,94,17857,2024.06.20.REEF/08_2023/083123_Fish Degree Angle Tests/083123_Fish Deg Angle Tests_FSL04/P8310523.ORF,2036.2705054511655,1453.062888676513,Red Laser,f
29676,94,17858,2024.06.20.REEF/08_2023/083123_Fish Degree Angle Tests/083123_Fish Deg Angle Tests_FSL04/P8310524.ORF,2036.651903855226,1452.3985130711017,Red Laser,f
29663,94,17859,2024.06.20.REEF/08_2023/083123_Fish Degree Angle Tests/083123_Fish Deg Angle Tests_FSL04/P8310521.ORF,2036.5820182537273,1452.8229450631102,Red Laser,f
29681,94,17860,2024.06.20.REEF/08_2023/083123_Fish Degree Angle Tests/083123_Fish Deg Angle Tests_FSL04/P8310525.ORF,2037.0342673458445,1453.2186823300822,Red Laser,f
29686,94,17861,2024.06.20.REEF/08_2023/083123_Fish Degree Angle Tests/083123_Fish Deg Angle Tests_FSL04/P8310526.ORF,2037.8081613940878,1450.1771148048972,Red Laser,f
29703,94,17862,2024.06.20.REEF/08_2023/083123_Fish Degree Angle Tests/083123_Fish Deg Angle Tests_FSL04/P8310530.ORF,2036.5537315204585,1453.1808774433632,Red Laser,f
29694,94,17863,2024.06.20.REEF/08_2023/083123_Fish Degree Angle Tests/083123_Fish Deg Angle Tests_FSL04/P8310528.ORF,2038.0586858704196,1453.9640474495302,Red Laser,f
29691,94,17864,2024.06.20.REEF/08_2023/083123_Fish Degree Angle Tests/083123_Fish Deg Angle Tests_FSL04/P8310527.ORF,2036.7764802922093,1452.8072975231753,Red Laser,f
29699,94,17865,2024.06.20.REEF/08_2023/083123_Fish Degree Angle Tests/083123_Fish Deg Angle Tests_FSL04/P8310529.ORF,2037.4597549413882,1454.242666191124,Red Laser,f
29716,94,17866,2024.06.20.REEF/08_2023/083123_Fish Degree Angle Tests/083123_Fish Deg Angle Tests_FSL04/P8310533.ORF,2036.6020770513273,1454.3667016732045,Red Laser,f
29711,94,17867,2024.06.20.REEF/08_2023/083123_Fish Degree Angle Tests/083123_Fish Deg Angle Tests_FSL04/P8310532.ORF,2037.3215620834253,1453.5657962581201,Red Laser,f
29719,94,17868,2024.06.20.REEF/08_2023/083123_Fish Degree Angle Tests/083123_Fish Deg Angle Tests_FSL04/P8310534.ORF,2037.260723883387,1454.240630137759,Red Laser,f
29724,94,17869,2024.06.20.REEF/08_2023/083123_Fish Degree Angle Tests/083123_Fish Deg Angle Tests_FSL04/P8310535.ORF,2037.0898213751973,1452.9257852183819,Red Laser,f
29707,94,17870,2024.06.20.REEF/08_2023/083123_Fish Degree Angle Tests/083123_Fish Deg Angle Tests_FSL04/P8310531.ORF,2036.7564774436241,1453.7953780833545,Red Laser,f
29728,94,17871,2024.06.20.REEF/08_2023/083123_Fish Degree Angle Tests/083123_Fish Deg Angle Tests_FSL04/P8310536.ORF,2036.483298137732,1451.592781921939,Red Laser,f
29733,94,17872,2024.06.20.REEF/08_2023/083123_Fish Degree Angle Tests/083123_Fish Deg Angle Tests_FSL04/P8310537.ORF,2037.492217136649,1454.0874864822981,Red Laser,f
29738,94,17873,2024.06.20.REEF/08_2023/083123_Fish Degree Angle Tests/083123_Fish Deg Angle Tests_FSL04/P8310538.ORF,2035.9571628325891,1452.879091979841,Red Laser,f
56025,94,17874,2024.06.20.REEF/08_2023/083123_Fish Degree Angle Tests/083123_Fish Deg Angle Tests_FSL04/P8310539.ORF,2029.6710775047256,1459.538752362949,Red Laser,t
29747,94,17875,2024.06.20.REEF/08_2023/083123_Fish Degree Angle Tests/083123_Fish Deg Angle Tests_FSL04/P8310540.ORF,2037.4796085572218,1452.4886023692372,Red Laser,f
28946,94,17698,2024.06.20.REEF/08_2023/083123_Fish Degree Angle Tests/083123_Fish Deg Angle Tests_FSL04/P8310363.ORF,2039.1000302147268,1451.5315379915419,Red Laser,f
66980,94,17699,2024.06.20.REEF/08_2023/083123_Fish Degree Angle Tests/083123_Fish Deg Angle Tests_FSL04/P8310364.ORF,,,,f
28954,94,17700,2024.06.20.REEF/08_2023/083123_Fish Degree Angle Tests/083123_Fish Deg Angle Tests_FSL04/P8310365.ORF,2038.4921048558529,1453.7315583490722,Red Laser,f
28962,94,17701,2024.06.20.REEF/08_2023/083123_Fish Degree Angle Tests/083123_Fish Deg Angle Tests_FSL04/P8310367.ORF,2039.2841665038845,1452.82926041037,Red Laser,f
60932,94,17702,2024.06.20.REEF/08_2023/083123_Fish Degree Angle Tests/083123_Fish Deg Angle Tests_FSL04/P8310366.ORF,2038.287208882099,1453.9946767090535,Red Laser,f
28966,94,17703,2024.06.20.REEF/08_2023/083123_Fish Degree Angle Tests/083123_Fish Deg Angle Tests_FSL04/P8310368.ORF,2046.8766006984868,1452.7718277066356,Red Laser,t
28971,94,17704,2024.06.20.REEF/08_2023/083123_Fish Degree Angle Tests/083123_Fish Deg Angle Tests_FSL04/P8310369.ORF,2048.9083189381636,1463.3732976303932,Red Laser,t
28978,94,17705,2024.06.20.REEF/08_2023/083123_Fish Degree Angle Tests/083123_Fish Deg Angle Tests_FSL04/P8310371.ORF,2038.291469996013,1449.5370043068615,Red Laser,f
28974,94,17706,2024.06.20.REEF/08_2023/083123_Fish Degree Angle Tests/083123_Fish Deg Angle Tests_FSL04/P8310370.ORF,2037.8845977655535,1450.263282848543,Red Laser,f
28987,94,17707,2024.06.20.REEF/08_2023/083123_Fish Degree Angle Tests/083123_Fish Deg Angle Tests_FSL04/P8310373.ORF,2039.189596503617,1453.4052006113245,Red Laser,f
28983,94,17708,2024.06.20.REEF/08_2023/083123_Fish Degree Angle Tests/083123_Fish Deg Angle Tests_FSL04/P8310372.ORF,2047.408861738545,1458.3215549221536,Red Laser,t
28991,94,17709,2024.06.20.REEF/08_2023/083123_Fish Degree Angle Tests/083123_Fish Deg Angle Tests_FSL04/P8310374.ORF,2038.808283682128,1454.1070963297245,Red Laser,f
28995,94,17710,2024.06.20.REEF/08_2023/083123_Fish Degree Angle Tests/083123_Fish Deg Angle Tests_FSL04/P8310375.ORF,2038.8256585567653,1452.7156441083694,Red Laser,f
29000,94,17711,2024.06.20.REEF/08_2023/083123_Fish Degree Angle Tests/083123_Fish Deg Angle Tests_FSL04/P8310376.ORF,2039.2451914063881,1453.833587134795,Red Laser,f
29004,94,17712,2024.06.20.REEF/08_2023/083123_Fish Degree Angle Tests/083123_Fish Deg Angle Tests_FSL04/P8310377.ORF,2038.1075931860448,1454.1138836727619,Red Laser,f
29009,94,17713,2024.06.20.REEF/08_2023/083123_Fish Degree Angle Tests/083123_Fish Deg Angle Tests_FSL04/P8310378.ORF,2039.596676244313,1455.819645087541,Red Laser,f
29014,94,17714,2024.06.20.REEF/08_2023/083123_Fish Degree Angle Tests/083123_Fish Deg Angle Tests_FSL04/P8310379.ORF,2043.7712305025998,1453.1161178509533,Red Laser,t
29193,94,17756,2024.06.20.REEF/08_2023/083123_Fish Degree Angle Tests/083123_Fish Deg Angle Tests_FSL04/P8310420.ORF,2037.2040000735044,1452.7075152076948,Red Laser,f
29198,94,17757,2024.06.20.REEF/08_2023/083123_Fish Degree Angle Tests/083123_Fish Deg Angle Tests_FSL04/P8310421.ORF,2037.6598521261951,1451.385165990139,Red Laser,f
29211,94,17758,2024.06.20.REEF/08_2023/083123_Fish Degree Angle Tests/083123_Fish Deg Angle Tests_FSL04/P8310424.ORF,2044.005961251863,1461.7019374068552,Red Laser,t
29207,94,17759,2024.06.20.REEF/08_2023/083123_Fish Degree Angle Tests/083123_Fish Deg Angle Tests_FSL04/P8310423.ORF,2037.6948892622254,1452.2799404310852,Red Laser,f
29221,94,17760,2024.06.20.REEF/08_2023/083123_Fish Degree Angle Tests/083123_Fish Deg Angle Tests_FSL04/P8310426.ORF,2038.173142167827,1452.3269935430133,Red Laser,f
29226,94,17761,2024.06.20.REEF/08_2023/083123_Fish Degree Angle Tests/083123_Fish Deg Angle Tests_FSL04/P8310427.ORF,2037.763855552118,1452.205890777632,Red Laser,f
29216,94,17762,2024.06.20.REEF/08_2023/083123_Fish Degree Angle Tests/083123_Fish Deg Angle Tests_FSL04/P8310425.ORF,2037.5090039875108,1452.3051047845502,Red Laser,f
29231,94,17763,2024.06.20.REEF/08_2023/083123_Fish Degree Angle Tests/083123_Fish Deg Angle Tests_FSL04/P8310428.ORF,2037.3955437937493,1453.5342845349653,Red Laser,f
29235,94,17764,2024.06.20.REEF/08_2023/083123_Fish Degree Angle Tests/083123_Fish Deg Angle Tests_FSL04/P8310429.ORF,2037.0961411985215,1453.5425071896498,Red Laser,f
29239,94,17765,2024.06.20.REEF/08_2023/083123_Fish Degree Angle Tests/083123_Fish Deg Angle Tests_FSL04/P8310430.ORF,2037.6970870592365,1453.986688513649,Red Laser,f
29244,94,17766,2024.06.20.REEF/08_2023/083123_Fish Degree Angle Tests/083123_Fish Deg Angle Tests_FSL04/P8310431.ORF,2038.1532735346714,1452.9783195180185,Red Laser,f
29254,94,17767,2024.06.20.REEF/08_2023/083123_Fish Degree Angle Tests/083123_Fish Deg Angle Tests_FSL04/P8310433.ORF,2038.2821026519055,1452.7062843491838,Red Laser,f
29249,94,17768,2024.06.20.REEF/08_2023/083123_Fish Degree Angle Tests/083123_Fish Deg Angle Tests_FSL04/P8310432.ORF,2035.938682292099,1452.6886440619612,Red Laser,f
29259,94,17769,2024.06.20.REEF/08_2023/083123_Fish Degree Angle Tests/083123_Fish Deg Angle Tests_FSL04/P8310434.ORF,2037.4124600847856,1453.2159118229322,Red Laser,f
29264,94,17770,2024.06.20.REEF/08_2023/083123_Fish Degree Angle Tests/083123_Fish Deg Angle Tests_FSL04/P8310435.ORF,2037.8558997476894,1450.4049802419838,Red Laser,f
29268,94,17771,2024.06.20.REEF/08_2023/083123_Fish Degree Angle Tests/083123_Fish Deg Angle Tests_FSL04/P8310436.ORF,2038.2272780423773,1451.4040401614993,Red Laser,f
29272,94,17772,2024.06.20.REEF/08_2023/083123_Fish Degree Angle Tests/083123_Fish Deg Angle Tests_FSL04/P8310437.ORF,2037.7557572131268,1453.5605887497813,Red Laser,f
29276,94,17773,2024.06.20.REEF/08_2023/083123_Fish Degree Angle Tests/083123_Fish Deg Angle Tests_FSL04/P8310438.ORF,2037.4800466725035,1454.108672604442,Red Laser,f
29294,94,17774,2024.06.20.REEF/08_2023/083123_Fish Degree Angle Tests/083123_Fish Deg Angle Tests_FSL04/P8310442.ORF,2037.4117168911882,1454.794257675808,Red Laser,f
29290,94,17775,2024.06.20.REEF/08_2023/083123_Fish Degree Angle Tests/083123_Fish Deg Angle Tests_FSL04/P8310441.ORF,2037.3351462785754,1451.9650638418384,Red Laser,f
29281,94,17776,2024.06.20.REEF/08_2023/083123_Fish Degree Angle Tests/083123_Fish Deg Angle Tests_FSL04/P8310439.ORF,2037.7308553301168,1454.0656650505587,Red Laser,f
29298,94,17777,2024.06.20.REEF/08_2023/083123_Fish Degree Angle Tests/083123_Fish Deg Angle Tests_FSL04/P8310443.ORF,2037.612065843167,1453.8984795128551,Red Laser,f
29285,94,17778,2024.06.20.REEF/08_2023/083123_Fish Degree Angle Tests/083123_Fish Deg Angle Tests_FSL04/P8310440.ORF,2037.3791176171796,1454.5007191857899,Red Laser,f
29316,94,17779,2024.06.20.REEF/08_2023/083123_Fish Degree Angle Tests/083123_Fish Deg Angle Tests_FSL04/P8310447.ORF,2038.4491342278452,1453.666381711419,Red Laser,f
29308,94,17780,2024.06.20.REEF/08_2023/083123_Fish Degree Angle Tests/083123_Fish Deg Angle Tests_FSL04/P8310445.ORF,2037.1079124781036,1454.2599915544586,Red Laser,f
29312,94,17781,2024.06.20.REEF/08_2023/083123_Fish Degree Angle Tests/083123_Fish Deg Angle Tests_FSL04/P8310446.ORF,2037.8264599591619,1451.9436004397621,Red Laser,f
29321,94,17782,2024.06.20.REEF/08_2023/083123_Fish Degree Angle Tests/083123_Fish Deg Angle Tests_FSL04/P8310448.ORF,2037.0228213679786,1453.4730124764033,Red Laser,f
29303,94,17783,2024.06.20.REEF/08_2023/083123_Fish Degree Angle Tests/083123_Fish Deg Angle Tests_FSL04/P8310444.ORF,2037.7499419162016,1453.3670711498617,Red Laser,f
29331,94,17784,2024.06.20.REEF/08_2023/083123_Fish Degree Angle Tests/083123_Fish Deg Angle Tests_FSL04/P8310450.ORF,2037.818857500185,1452.0558093388142,Red Laser,f
29326,94,17785,2024.06.20.REEF/08_2023/083123_Fish Degree Angle Tests/083123_Fish Deg Angle Tests_FSL04/P8310449.ORF,2036.5900751376228,1452.9366294621163,Red Laser,f
29335,94,17786,2024.06.20.REEF/08_2023/083123_Fish Degree Angle Tests/083123_Fish Deg Angle Tests_FSL04/P8310451.ORF,2037.5318522454193,1453.0010440723486,Red Laser,f
29344,94,17787,2024.06.20.REEF/08_2023/083123_Fish Degree Angle Tests/083123_Fish Deg Angle Tests_FSL04/P8310453.ORF,2037.0340400711045,1454.0270722979396,Red Laser,f
29340,94,17788,2024.06.20.REEF/08_2023/083123_Fish Degree Angle Tests/083123_Fish Deg Angle Tests_FSL04/P8310452.ORF,2037.7983622654128,1452.1886421925321,Red Laser,f
29349,94,17789,2024.06.20.REEF/08_2023/083123_Fish Degree Angle Tests/083123_Fish Deg Angle Tests_FSL04/P8310454.ORF,2037.519298174828,1452.4839846302293,Red Laser,f
29373,94,17790,2024.06.20.REEF/08_2023/083123_Fish Degree Angle Tests/083123_Fish Deg Angle Tests_FSL04/P8310459.ORF,2037.5188368058994,1454.527594840409,Red Laser,f
29354,94,17791,2024.06.20.REEF/08_2023/083123_Fish Degree Angle Tests/083123_Fish Deg Angle Tests_FSL04/P8310455.ORF,2036.986769599394,1454.469137509451,Red Laser,f
29364,94,17792,2024.06.20.REEF/08_2023/083123_Fish Degree Angle Tests/083123_Fish Deg Angle Tests_FSL04/P8310457.ORF,2037.707729712173,1451.7653355262132,Red Laser,f
29359,94,17793,2024.06.20.REEF/08_2023/083123_Fish Degree Angle Tests/083123_Fish Deg Angle Tests_FSL04/P8310456.ORF,2036.135005959623,1453.287085035978,Red Laser,f
56191,94,17794,2024.06.20.REEF/08_2023/083123_Fish Degree Angle Tests/083123_Fish Deg Angle Tests_FSL04/P8310458.ORF,2037.5103296291406,1452.0948560964225,Red Laser,f
29378,94,17795,2024.06.20.REEF/08_2023/083123_Fish Degree Angle Tests/083123_Fish Deg Angle Tests_FSL04/P8310460.ORF,2036.2103664893914,1452.9779886770943,Red Laser,f
29383,94,17796,2024.06.20.REEF/08_2023/083123_Fish Degree Angle Tests/083123_Fish Deg Angle Tests_FSL04/P8310461.ORF,2037.509752990566,1454.3183751911547,Red Laser,f
24113,436,121849,2025-02-10 REEF Data Dump SMILE 6/101624_Alligator/101624_Alligator_FSL04/101624_Alligator0_FSL04/PA160093.ORF,2005.617590291442,1403.6102137147277,Green Laser,f
22371,436,121850,2025-02-10 REEF Data Dump SMILE 6/101624_Alligator/101624_Alligator_FSL04/101624_Alligator0_FSL04/PA160092.ORF,2007.059635841434,1407.981008521826,Green Laser,f
9133,436,121851,2025-02-10 REEF Data Dump SMILE 6/101624_Alligator/101624_Alligator_FSL04/101624_Alligator0_FSL04/PA160090.ORF,2008.0316115092999,1409.5120479552927,Green Laser,f
23052,436,121852,2025-02-10 REEF Data Dump SMILE 6/101624_Alligator/101624_Alligator_FSL04/101624_Alligator0_FSL04/PA160091.ORF,2006.8694179864406,1408.2786703392037,Green Laser,f
20994,436,121853,2025-02-10 REEF Data Dump SMILE 6/101624_Alligator/101624_Alligator_FSL04/101624_Alligator0_FSL04/PA160094.ORF,,,,f
7733,436,121854,2025-02-10 REEF Data Dump SMILE 6/101624_Alligator/101624_Alligator_FSL04/101624_Alligator0_FSL04/PA160095.ORF,1963.6207396927307,1274.7351346329592,Green Laser,f
25676,436,121855,2025-02-10 REEF Data Dump SMILE 6/101624_Alligator/101624_Alligator_FSL04/101624_Alligator0_FSL04/PA160096.ORF,1960.9104859139488,1265.2269058367401,Green Laser,f
25712,436,121856,2025-02-10 REEF Data Dump SMILE 6/101624_Alligator/101624_Alligator_FSL04/101624_Alligator0_FSL04/PA160097.ORF,1957.3537691892154,1251.5077906763806,Green Laser,f
24203,436,121857,2025-02-10 REEF Data Dump SMILE 6/101624_Alligator/101624_Alligator_FSL04/101624_Alligator0_FSL04/PA160098.ORF,1953.2369500412033,1228.7277672491855,Green Laser,t
7209,436,121858,2025-02-10 REEF Data Dump SMILE 6/101624_Alligator/101624_Alligator_FSL04/101624_Alligator0_FSL04/PA160099.ORF,1949.1721888366367,1223.6417705158738,Green Laser,f
24202,436,121859,2025-02-10 REEF Data Dump SMILE 6/101624_Alligator/101624_Alligator_FSL04/101624_Alligator0_FSL04/PA160101.ORF,1943.707759661345,1211.52451964836,Green Laser,f
5846,436,121860,2025-02-10 REEF Data Dump SMILE 6/101624_Alligator/101624_Alligator_FSL04/101624_Alligator0_FSL04/PA160100.ORF,1946.613393254703,1214.9100783594722,Green Laser,f
12244,436,121861,2025-02-10 REEF Data Dump SMILE 6/101624_Alligator/101624_Alligator_FSL04/101624_Alligator0_FSL04/PA160102.ORF,1943.76864172297,1207.1457039088125,Green Laser,f
3539,436,121862,2025-02-10 REEF Data Dump SMILE 6/101624_Alligator/101624_Alligator_FSL04/101624_Alligator0_FSL04/PA160103.ORF,1940.246442862916,1196.8391818469368,Green Laser,f
20977,436,121863,2025-02-10 REEF Data Dump SMILE 6/101624_Alligator/101624_Alligator_FSL04/101624_Alligator0_FSL04/PA160106.ORF,,,,f
25022,436,121864,2025-02-10 REEF Data Dump SMILE 6/101624_Alligator/101624_Alligator_FSL04/101624_Alligator0_FSL04/PA160104.ORF,1938.0189972046555,1196.4921557512234,Green Laser,f
21013,436,121865,2025-02-10 REEF Data Dump SMILE 6/101624_Alligator/101624_Alligator_FSL04/101624_Alligator0_FSL04/PA160107.ORF,,,,f
22364,436,121866,2025-02-10 REEF Data Dump SMILE 6/101624_Alligator/101624_Alligator_FSL04/101624_Alligator0_FSL04/PA160105.ORF,1935.1555424425526,1180.5280412125292,Green Laser,f
21011,436,121867,2025-02-10 REEF Data Dump SMILE 6/101624_Alligator/101624_Alligator_FSL04/101624_Alligator0_FSL04/PA160108.ORF,,,,f
25027,436,121868,2025-02-10 REEF Data Dump SMILE 6/101624_Alligator/101624_Alligator_FSL04/101624_Alligator0_FSL04/PA160111.ORF,1992.2098539088893,1365.641450329562,Green Laser,f
25026,436,121869,2025-02-10 REEF Data Dump SMILE 6/101624_Alligator/101624_Alligator_FSL04/101624_Alligator0_FSL04/PA160109.ORF,1994.2460644884593,1368.2443710277478,Green Laser,f
27870,94,17616,2024.06.20.REEF/08_2023/083123_Fish Degree Angle Tests/083123_Fish Deg Angle Tests_FSL04/P8310109.ORF,2022.3694858980627,1383.0935569797275,Red Laser,f
27880,94,17617,2024.06.20.REEF/08_2023/083123_Fish Degree Angle Tests/083123_Fish Deg Angle Tests_FSL04/P8310111.ORF,2022.3156095997751,1382.7235842990035,Red Laser,f
27885,94,17618,2024.06.20.REEF/08_2023/083123_Fish Degree Angle Tests/083123_Fish Deg Angle Tests_FSL04/P8310112.ORF,2023.211503111906,1382.045936406821,Red Laser,f
27901,94,17619,2024.06.20.REEF/08_2023/083123_Fish Degree Angle Tests/083123_Fish Deg Angle Tests_FSL04/P8310116.ORF,2022.6010107069915,1383.4362879790017,Red Laser,f
27890,94,17620,2024.06.20.REEF/08_2023/083123_Fish Degree Angle Tests/083123_Fish Deg Angle Tests_FSL04/P8310113.ORF,2022.136046077586,1381.6469079373474,Red Laser,f
27905,94,17621,2024.06.20.REEF/08_2023/083123_Fish Degree Angle Tests/083123_Fish Deg Angle Tests_FSL04/P8310117.ORF,2022.881481325688,1383.8045851591507,Red Laser,f
27898,94,17622,2024.06.20.REEF/08_2023/083123_Fish Degree Angle Tests/083123_Fish Deg Angle Tests_FSL04/P8310115.ORF,2023.161873001801,1384.0190954256104,Red Laser,f
27894,94,17623,2024.06.20.REEF/08_2023/083123_Fish Degree Angle Tests/083123_Fish Deg Angle Tests_FSL04/P8310114.ORF,2023.553426409247,1382.5240139632513,Red Laser,f
27923,94,17624,2024.06.20.REEF/08_2023/083123_Fish Degree Angle Tests/083123_Fish Deg Angle Tests_FSL04/P8310121.ORF,2021.4724916932494,1384.4390482869478,Red Laser,f
27918,94,17625,2024.06.20.REEF/08_2023/083123_Fish Degree Angle Tests/083123_Fish Deg Angle Tests_FSL04/P8310120.ORF,2021.2100063989565,1383.2378271508014,Red Laser,f
27909,94,17626,2024.06.20.REEF/08_2023/083123_Fish Degree Angle Tests/083123_Fish Deg Angle Tests_FSL04/P8310118.ORF,2021.1891182258933,1382.4499063985195,Red Laser,f
61482,94,17627,2024.06.20.REEF/08_2023/083123_Fish Degree Angle Tests/083123_Fish Deg Angle Tests_FSL04/P8310119.ORF,2021.3690132963352,1384.2346266324698,Red Laser,f
27939,94,17628,2024.06.20.REEF/08_2023/083123_Fish Degree Angle Tests/083123_Fish Deg Angle Tests_FSL04/P8310125.ORF,2023.4492257629356,1390.3980937063861,Red Laser,f
27927,94,17629,2024.06.20.REEF/08_2023/083123_Fish Degree Angle Tests/083123_Fish Deg Angle Tests_FSL04/P8310122.ORF,2022.0490416330802,1384.2516310407366,Red Laser,f
27932,94,17630,2024.06.20.REEF/08_2023/083123_Fish Degree Angle Tests/083123_Fish Deg Angle Tests_FSL04/P8310123.ORF,2021.5701788511135,1384.3513808707517,Red Laser,f
27937,94,17631,2024.06.20.REEF/08_2023/083123_Fish Degree Angle Tests/083123_Fish Deg Angle Tests_FSL04/P8310124.ORF,2022.0119671059758,1384.6069825499046,Red Laser,f
27957,94,17632,2024.06.20.REEF/08_2023/083123_Fish Degree Angle Tests/083123_Fish Deg Angle Tests_FSL04/P8310129.ORF,2021.174249672231,1384.1321992102655,Red Laser,f
29388,94,17797,2024.06.20.REEF/08_2023/083123_Fish Degree Angle Tests/083123_Fish Deg Angle Tests_FSL04/P8310462.ORF,2036.7478647502908,1451.6856605113405,Red Laser,f
29392,94,17798,2024.06.20.REEF/08_2023/083123_Fish Degree Angle Tests/083123_Fish Deg Angle Tests_FSL04/P8310463.ORF,2038.6284325072127,1452.232704396459,Red Laser,f
29397,94,17799,2024.06.20.REEF/08_2023/083123_Fish Degree Angle Tests/083123_Fish Deg Angle Tests_FSL04/P8310464.ORF,2036.6814658892479,1451.4141415577926,Red Laser,f
29402,94,17800,2024.06.20.REEF/08_2023/083123_Fish Degree Angle Tests/083123_Fish Deg Angle Tests_FSL04/P8310465.ORF,2037.5471363988559,1453.4197175289778,Red Laser,f
29407,94,17801,2024.06.20.REEF/08_2023/083123_Fish Degree Angle Tests/083123_Fish Deg Angle Tests_FSL04/P8310466.ORF,2039.6724961462035,1452.762551838761,Red Laser,f
29412,94,17802,2024.06.20.REEF/08_2023/083123_Fish Degree Angle Tests/083123_Fish Deg Angle Tests_FSL04/P8310467.ORF,2037.1965300323498,1451.7842039676057,Red Laser,f
29421,94,17803,2024.06.20.REEF/08_2023/083123_Fish Degree Angle Tests/083123_Fish Deg Angle Tests_FSL04/P8310469.ORF,2037.4163721451564,1452.8493168583807,Red Laser,f
29416,94,17804,2024.06.20.REEF/08_2023/083123_Fish Degree Angle Tests/083123_Fish Deg Angle Tests_FSL04/P8310468.ORF,2037.8378378378377,1462.4483306836248,Red Laser,f
29426,94,17805,2024.06.20.REEF/08_2023/083123_Fish Degree Angle Tests/083123_Fish Deg Angle Tests_FSL04/P8310470.ORF,2035.0365631161767,1453.799691696253,Red Laser,f
29431,94,17806,2024.06.20.REEF/08_2023/083123_Fish Degree Angle Tests/083123_Fish Deg Angle Tests_FSL04/P8310471.ORF,2037.6306467103634,1453.98939824661,Red Laser,f
29444,94,17807,2024.06.20.REEF/08_2023/083123_Fish Degree Angle Tests/083123_Fish Deg Angle Tests_FSL04/P8310474.ORF,2038.074600478131,1452.809723260801,Red Laser,f
60998,94,17808,2024.06.20.REEF/08_2023/083123_Fish Degree Angle Tests/083123_Fish Deg Angle Tests_FSL04/P8310473.ORF,2036.7774075806226,1452.4646379188207,Red Laser,f
29436,94,17809,2024.06.20.REEF/08_2023/083123_Fish Degree Angle Tests/083123_Fish Deg Angle Tests_FSL04/P8310472.ORF,2037.5093282993446,1452.4698519432761,Red Laser,f
29453,94,17810,2024.06.20.REEF/08_2023/083123_Fish Degree Angle Tests/083123_Fish Deg Angle Tests_FSL04/P8310476.ORF,2037.6147712244958,1454.452580366309,Red Laser,f
29449,94,17811,2024.06.20.REEF/08_2023/083123_Fish Degree Angle Tests/083123_Fish Deg Angle Tests_FSL04/P8310475.ORF,2037.535337319909,1451.565765689828,Red Laser,f
29462,94,17812,2024.06.20.REEF/08_2023/083123_Fish Degree Angle Tests/083123_Fish Deg Angle Tests_FSL04/P8310478.ORF,2037.5312594298973,1453.789111939434,Red Laser,f
56017,94,17813,2024.06.20.REEF/08_2023/083123_Fish Degree Angle Tests/083123_Fish Deg Angle Tests_FSL04/P8310480.ORF,2037.298406784899,1452.3945803024585,Red Laser,f
29467,94,17814,2024.06.20.REEF/08_2023/083123_Fish Degree Angle Tests/083123_Fish Deg Angle Tests_FSL04/P8310479.ORF,2036.8728579553872,1453.6008791458892,Red Laser,f
29458,94,17815,2024.06.20.REEF/08_2023/083123_Fish Degree Angle Tests/083123_Fish Deg Angle Tests_FSL04/P8310477.ORF,2037.332151745344,1453.72010223415,Red Laser,f
29476,94,17816,2024.06.20.REEF/08_2023/083123_Fish Degree Angle Tests/083123_Fish Deg Angle Tests_FSL04/P8310481.ORF,2037.601252923858,1453.1850322656987,Red Laser,f
29501,94,17817,2024.06.20.REEF/08_2023/083123_Fish Degree Angle Tests/083123_Fish Deg Angle Tests_FSL04/P8310486.ORF,2039.0514621968312,1453.5968537187966,Red Laser,f
29491,94,17818,2024.06.20.REEF/08_2023/083123_Fish Degree Angle Tests/083123_Fish Deg Angle Tests_FSL04/P8310484.ORF,2037.4837685779576,1453.4818912100402,Red Laser,f
29496,94,17819,2024.06.20.REEF/08_2023/083123_Fish Degree Angle Tests/083123_Fish Deg Angle Tests_FSL04/P8310485.ORF,2036.4342994795118,1452.095990364343,Red Laser,f
29481,94,17820,2024.06.20.REEF/08_2023/083123_Fish Degree Angle Tests/083123_Fish Deg Angle Tests_FSL04/P8310482.ORF,2037.7652862403806,1454.0117670666043,Red Laser,f
29486,94,17821,2024.06.20.REEF/08_2023/083123_Fish Degree Angle Tests/083123_Fish Deg Angle Tests_FSL04/P8310483.ORF,2037.4269144669881,1454.312592108915,Red Laser,f
29506,94,17822,2024.06.20.REEF/08_2023/083123_Fish Degree Angle Tests/083123_Fish Deg Angle Tests_FSL04/P8310487.ORF,2038.0633931901582,1452.2489839685002,Red Laser,f
29511,94,17823,2024.06.20.REEF/08_2023/083123_Fish Degree Angle Tests/083123_Fish Deg Angle Tests_FSL04/P8310488.ORF,2036.9436199512143,1452.232704396459,Red Laser,f
29516,94,17824,2024.06.20.REEF/08_2023/083123_Fish Degree Angle Tests/083123_Fish Deg Angle Tests_FSL04/P8310489.ORF,2036.5083947258393,1452.8668697750916,Red Laser,f
29525,94,17825,2024.06.20.REEF/08_2023/083123_Fish Degree Angle Tests/083123_Fish Deg Angle Tests_FSL04/P8310491.ORF,2036.7279468777392,1452.5439876856756,Red Laser,f
29520,94,17826,2024.06.20.REEF/08_2023/083123_Fish Degree Angle Tests/083123_Fish Deg Angle Tests_FSL04/P8310490.ORF,2037.1173664449525,1453.1296353526473,Red Laser,f
29528,94,17827,2024.06.20.REEF/08_2023/083123_Fish Degree Angle Tests/083123_Fish Deg Angle Tests_FSL04/P8310492.ORF,2036.5305655118607,1450.9725617239772,Red Laser,f
29547,94,17828,2024.06.20.REEF/08_2023/083123_Fish Degree Angle Tests/083123_Fish Deg Angle Tests_FSL04/P8310496.ORF,2037.8144820960085,1451.0811942926814,Red Laser,f
29542,94,17829,2024.06.20.REEF/08_2023/083123_Fish Degree Angle Tests/083123_Fish Deg Angle Tests_FSL04/P8310495.ORF,2036.835564007339,1454.2085054724992,Red Laser,f
29538,94,17830,2024.06.20.REEF/08_2023/083123_Fish Degree Angle Tests/083123_Fish Deg Angle Tests_FSL04/P8310494.ORF,2037.7080980917206,1451.1789361062986,Red Laser,f
29533,94,17831,2024.06.20.REEF/08_2023/083123_Fish Degree Angle Tests/083123_Fish Deg Angle Tests_FSL04/P8310493.ORF,2036.2809851796355,1455.0982114172464,Red Laser,f
29552,94,17832,2024.06.20.REEF/08_2023/083123_Fish Degree Angle Tests/083123_Fish Deg Angle Tests_FSL04/P8310497.ORF,2036.9048692624258,1453.1610361148141,Red Laser,f
29565,94,17833,2024.06.20.REEF/08_2023/083123_Fish Degree Angle Tests/083123_Fish Deg Angle Tests_FSL04/P8310500.ORF,2035.1850098204484,1451.3290322073324,Red Laser,f
56409,94,17834,2024.06.20.REEF/08_2023/083123_Fish Degree Angle Tests/083123_Fish Deg Angle Tests_FSL04/P8310499.ORF,2037.6409446764105,1453.1314562874488,Red Laser,f
29570,94,17835,2024.06.20.REEF/08_2023/083123_Fish Degree Angle Tests/083123_Fish Deg Angle Tests_FSL04/P8310501.ORF,2037.7050393579827,1452.233332707944,Red Laser,f
29556,94,17836,2024.06.20.REEF/08_2023/083123_Fish Degree Angle Tests/083123_Fish Deg Angle Tests_FSL04/P8310498.ORF,2037.7356105682009,1451.1340621974427,Red Laser,f
29589,94,17837,2024.06.20.REEF/08_2023/083123_Fish Degree Angle Tests/083123_Fish Deg Angle Tests_FSL04/P8310505.ORF,2037.4904731526472,1454.3459788339583,Red Laser,f
29767,94,17879,2024.06.20.REEF/08_2023/083123_Fish Degree Angle Tests/083123_Fish Deg Angle Tests_FSL04/P8310544.ORF,2037.6656871242863,1457.1981211248783,Red Laser,f
29787,94,17880,2024.06.20.REEF/08_2023/083123_Fish Degree Angle Tests/083123_Fish Deg Angle Tests_FSL04/P8310548.ORF,2037.201006175359,1454.4099099706245,Red Laser,f
29772,94,17881,2024.06.20.REEF/08_2023/083123_Fish Degree Angle Tests/083123_Fish Deg Angle Tests_FSL04/P8310545.ORF,2036.7968591609308,1453.7028328866752,Red Laser,f
29777,94,17882,2024.06.20.REEF/08_2023/083123_Fish Degree Angle Tests/083123_Fish Deg Angle Tests_FSL04/P8310546.ORF,2036.4971446238742,1453.568760753366,Red Laser,f
29782,94,17883,2024.06.20.REEF/08_2023/083123_Fish Degree Angle Tests/083123_Fish Deg Angle Tests_FSL04/P8310547.ORF,2037.5904046759645,1452.7278716786168,Red Laser,f
56410,94,17884,2024.06.20.REEF/08_2023/083123_Fish Degree Angle Tests/083123_Fish Deg Angle Tests_FSL04/P8310549.ORF,2036.553460376174,1452.8686306194272,Red Laser,f
29798,94,17885,2024.06.20.REEF/08_2023/083123_Fish Degree Angle Tests/083123_Fish Deg Angle Tests_FSL04/P8310551.ORF,2036.7495245755665,1451.6462980275928,Red Laser,f
29794,94,17886,2024.06.20.REEF/08_2023/083123_Fish Degree Angle Tests/083123_Fish Deg Angle Tests_FSL04/P8310550.ORF,2037.022967471302,1451.991039281584,Red Laser,f
29803,94,17887,2024.06.20.REEF/08_2023/083123_Fish Degree Angle Tests/083123_Fish Deg Angle Tests_FSL04/P8310552.ORF,2036.5170411478741,1451.3590205153976,Red Laser,f
29808,94,17888,2024.06.20.REEF/08_2023/083123_Fish Degree Angle Tests/083123_Fish Deg Angle Tests_FSL04/P8310553.ORF,2036.475726638138,1455.0016563383822,Red Laser,f
29817,94,17889,2024.06.20.REEF/08_2023/083123_Fish Degree Angle Tests/083123_Fish Deg Angle Tests_FSL04/P8310555.ORF,2037.138370875413,1451.623264181261,Red Laser,f
29813,94,17890,2024.06.20.REEF/08_2023/083123_Fish Degree Angle Tests/083123_Fish Deg Angle Tests_FSL04/P8310554.ORF,2036.2989354773072,1452.9999206926198,Red Laser,f
7724,436,121809,2025-02-10 REEF Data Dump SMILE 6/101624_Alligator/101624_Alligator_FSL04/101624_Alligator0_FSL04/PA160053.ORF,1914.0264060262325,1481.3982678010607,Green Laser,t
24534,436,121810,2025-02-10 REEF Data Dump SMILE 6/101624_Alligator/101624_Alligator_FSL04/101624_Alligator0_FSL04/PA160054.ORF,2065.7183188422173,1367.8300897249958,Green Laser,t
20979,436,121811,2025-02-10 REEF Data Dump SMILE 6/101624_Alligator/101624_Alligator_FSL04/101624_Alligator0_FSL04/PA160050.ORF,,,,f
21028,436,121812,2025-02-10 REEF Data Dump SMILE 6/101624_Alligator/101624_Alligator_FSL04/101624_Alligator0_FSL04/PA160051.ORF,,,,f
7774,436,121813,2025-02-10 REEF Data Dump SMILE 6/101624_Alligator/101624_Alligator_FSL04/101624_Alligator0_FSL04/PA160052.ORF,2005.5711809460709,1441.2700107517574,Red Laser,t
21032,436,121814,2025-02-10 REEF Data Dump SMILE 6/101624_Alligator/101624_Alligator_FSL04/101624_Alligator0_FSL04/PA160055.ORF,,,,f
21012,436,121815,2025-02-10 REEF Data Dump SMILE 6/101624_Alligator/101624_Alligator_FSL04/101624_Alligator0_FSL04/PA160057.ORF,,,,f
21037,436,121816,2025-02-10 REEF Data Dump SMILE 6/101624_Alligator/101624_Alligator_FSL04/101624_Alligator0_FSL04/PA160056.ORF,,,,f
26213,436,121817,2025-02-10 REEF Data Dump SMILE 6/101624_Alligator/101624_Alligator_FSL04/101624_Alligator0_FSL04/PA160058.ORF,1939.9657110921294,1182.7433567417322,Green Laser,t
25677,436,121818,2025-02-10 REEF Data Dump SMILE 6/101624_Alligator/101624_Alligator_FSL04/101624_Alligator0_FSL04/PA160059.ORF,1934.7456391923727,1177.7021154307754,Green Laser,f
5875,436,121819,2025-02-10 REEF Data Dump SMILE 6/101624_Alligator/101624_Alligator_FSL04/101624_Alligator0_FSL04/PA160060.ORF,1919.6538633811485,1365.6777394875562,Green Laser,t
24198,436,121820,2025-02-10 REEF Data Dump SMILE 6/101624_Alligator/101624_Alligator_FSL04/101624_Alligator0_FSL04/PA160062.ORF,1977.8432960441287,1316.5085967515479,Green Laser,f
4394,436,121821,2025-02-10 REEF Data Dump SMILE 6/101624_Alligator/101624_Alligator_FSL04/101624_Alligator0_FSL04/PA160061.ORF,1977.4374236885303,1312.5686974456714,Green Laser,f
20995,436,121822,2025-02-10 REEF Data Dump SMILE 6/101624_Alligator/101624_Alligator_FSL04/101624_Alligator0_FSL04/PA160063.ORF,,,,f
25025,436,121823,2025-02-10 REEF Data Dump SMILE 6/101624_Alligator/101624_Alligator_FSL04/101624_Alligator0_FSL04/PA160066.ORF,2008.7057681648885,1408.2053660045578,Green Laser,f
21009,436,121824,2025-02-10 REEF Data Dump SMILE 6/101624_Alligator/101624_Alligator_FSL04/101624_Alligator0_FSL04/PA160067.ORF,,,,f
26212,436,121825,2025-02-10 REEF Data Dump SMILE 6/101624_Alligator/101624_Alligator_FSL04/101624_Alligator0_FSL04/PA160064.ORF,2010.2501720242713,1413.2739777572413,Green Laser,f
4393,436,121826,2025-02-10 REEF Data Dump SMILE 6/101624_Alligator/101624_Alligator_FSL04/101624_Alligator0_FSL04/PA160065.ORF,1993.8894445350466,1440.2903461025792,Red Laser,t
9109,436,121827,2025-02-10 REEF Data Dump SMILE 6/101624_Alligator/101624_Alligator_FSL04/101624_Alligator0_FSL04/PA160068.ORF,2008.6882155168992,1408.8662957287859,Green Laser,f
24094,436,121828,2025-02-10 REEF Data Dump SMILE 6/101624_Alligator/101624_Alligator_FSL04/101624_Alligator0_FSL04/PA160071.ORF,2061.244114852663,1447.6100575495525,Green Laser,t
21029,436,121829,2025-02-10 REEF Data Dump SMILE 6/101624_Alligator/101624_Alligator_FSL04/101624_Alligator0_FSL04/PA160070.ORF,,,,f
5876,436,121830,2025-02-10 REEF Data Dump SMILE 6/101624_Alligator/101624_Alligator_FSL04/101624_Alligator0_FSL04/PA160072.ORF,2005.4696023438537,1463.0525555082659,Red Laser,t
5869,436,121831,2025-02-10 REEF Data Dump SMILE 6/101624_Alligator/101624_Alligator_FSL04/101624_Alligator0_FSL04/PA160069.ORF,2008.0273930721835,1407.126738899085,Green Laser,f
24104,436,121832,2025-02-10 REEF Data Dump SMILE 6/101624_Alligator/101624_Alligator_FSL04/101624_Alligator0_FSL04/PA160076.ORF,2065.444304781038,1281.8271274687127,Green Laser,t
4327,436,121870,2025-02-10 REEF Data Dump SMILE 6/101624_Alligator/101624_Alligator_FSL04/101624_Alligator0_FSL04/PA160110.ORF,1992.707351661201,1366.7154184703238,Green Laser,f
4274,436,121871,2025-02-10 REEF Data Dump SMILE 6/101624_Alligator/101624_Alligator_FSL04/101624_Alligator0_FSL04/PA160115.ORF,1946.128041573168,1355.9832124827717,Red Laser,t
24199,436,121872,2025-02-10 REEF Data Dump SMILE 6/101624_Alligator/101624_Alligator_FSL04/101624_Alligator0_FSL04/PA160113.ORF,1992.7236226917992,1364.4030622859611,Green Laser,f
24544,436,121873,2025-02-10 REEF Data Dump SMILE 6/101624_Alligator/101624_Alligator_FSL04/101624_Alligator0_FSL04/PA160114.ORF,1916.8251665293647,1324.6526917059136,Green Laser,t
7722,436,121874,2025-02-10 REEF Data Dump SMILE 6/101624_Alligator/101624_Alligator_FSL04/101624_Alligator0_FSL04/PA160112.ORF,1992.4286838475327,1365.6007472156518,Green Laser,f
4559,436,121875,2025-02-10 REEF Data Dump SMILE 6/101624_Alligator/101624_Alligator_FSL04/101624_Alligator0_FSL04/PA160117.ORF,1970.2171727977218,1296.3988753959381,Green Laser,f
25705,436,121876,2025-02-10 REEF Data Dump SMILE 6/101624_Alligator/101624_Alligator_FSL04/101624_Alligator0_FSL04/PA160118.ORF,1970.1108640839773,1295.5855455652563,Green Laser,f
23050,436,121877,2025-02-10 REEF Data Dump SMILE 6/101624_Alligator/101624_Alligator_FSL04/101624_Alligator0_FSL04/PA160116.ORF,1970.3382885533938,1304.5584746313143,Green Laser,t
24201,436,121878,2025-02-10 REEF Data Dump SMILE 6/101624_Alligator/101624_Alligator_FSL04/101624_Alligator0_FSL04/PA160120.ORF,1968.794199869765,1291.4484476867156,Green Laser,f
23051,436,121879,2025-02-10 REEF Data Dump SMILE 6/101624_Alligator/101624_Alligator_FSL04/101624_Alligator0_FSL04/PA160123.ORF,1958.6861909328734,1261.655161705901,Green Laser,f
5844,436,121880,2025-02-10 REEF Data Dump SMILE 6/101624_Alligator/101624_Alligator_FSL04/101624_Alligator0_FSL04/PA160119.ORF,1968.2891940839536,1291.7056841170154,Green Laser,f
12260,436,121881,2025-02-10 REEF Data Dump SMILE 6/101624_Alligator/101624_Alligator_FSL04/101624_Alligator0_FSL04/PA160122.ORF,1965.9326445861689,1282.2759582938284,Green Laser,f
20665,436,121882,2025-02-10 REEF Data Dump SMILE 6/101624_Alligator/101624_Alligator_FSL04/101624_Alligator0_FSL04/PA160121.ORF,1966.287437626504,1287.4310182103372,Green Laser,f
3476,436,121883,2025-02-10 REEF Data Dump SMILE 6/101624_Alligator/101624_Alligator_FSL04/101624_Alligator0_FSL04/PA160124.ORF,1961.4555882126933,1259.906104849291,Green Laser,f
25709,436,121884,2025-02-10 REEF Data Dump SMILE 6/101624_Alligator/101624_Alligator_FSL04/101624_Alligator0_FSL04/PA160125.ORF,1946.5381230410235,1230.943335578387,Green Laser,t
24102,436,121885,2025-02-10 REEF Data Dump SMILE 6/101624_Alligator/101624_Alligator_FSL04/101624_Alligator0_FSL04/PA160127.ORF,2032.1208744378735,1356.4272949043473,Red Laser,t
24103,436,121886,2025-02-10 REEF Data Dump SMILE 6/101624_Alligator/101624_Alligator_FSL04/101624_Alligator0_FSL04/PA160126.ORF,2004.4526619316932,1414.245093584229,Green Laser,t
20989,436,121887,2025-02-10 REEF Data Dump SMILE 6/101624_Alligator/101624_Alligator_FSL04/101624_Alligator0_FSL04/PA160128.ORF,,,,f
20996,436,121888,2025-02-10 REEF Data Dump SMILE 6/101624_Alligator/101624_Alligator_FSL04/101624_Alligator0_FSL04/PA160129.ORF,,,,f
72094,496,132329,/fishsense_data/__unsorted-data/2023.08.14.FishSense.Host01s Pool/ED-00/FSL-04D/LaserCalibration/P8140024.ORF,1936.3179931640625,1421.255859375,Red Laser,f
72095,496,132333,/fishsense_data/__unsorted-data/2023.08.14.FishSense.Host01s Pool/ED-00/FSL-04D/LaserCalibration/P8140028.ORF,1929.6163330078123,1397.9862060546875,Red Laser,f
72097,496,132338,/fishsense_data/__unsorted-data/2023.08.14.FishSense.Host01s Pool/ED-00/FSL-04D/LaserCalibration/P8140033.ORF,1904.387939453125,1319.9559326171875,Red Laser,f
72224,499,132430,/fishsense_data/__unsorted-data/2023.08.14.FishSense.Host01s Pool/ED-00/FSL-05D/LaserCalibration/P8140001.ORF,,,,f
72219,499,132435,/fishsense_data/__unsorted-data/2023.08.14.FishSense.Host01s Pool/ED-00/FSL-05D/LaserCalibration/P8140006.ORF,1975.5187988281252,1201.5845947265627,Red Laser,f
72218,499,132440,/fishsense_data/__unsorted-data/2023.08.14.FishSense.Host01s Pool/ED-00/FSL-05D/LaserCalibration/P8140011.ORF,2007.4348144531252,1312.651611328125,Red Laser,f
72220,499,132445,/fishsense_data/__unsorted-data/2023.08.14.FishSense.Host01s Pool/ED-00/FSL-05D/LaserCalibration/P8140016.ORF,2018.8363037109377,1351.487060546875,Red Laser,f
72221,499,132450,/fishsense_data/__unsorted-data/2023.08.14.FishSense.Host01s Pool/ED-00/FSL-05D/LaserCalibration/P8140021.ORF,2026.9090576171877,1372.86083984375,Red Laser,f
72222,499,132459,/fishsense_data/__unsorted-data/2023.08.14.FishSense.Host01s Pool/ED-00/FSL-05D/LaserCalibration/P8140030.ORF,2033.613525390625,1399.290771484375,Red Laser,f
72223,499,132464,/fishsense_data/__unsorted-data/2023.08.14.FishSense.Host01s Pool/ED-00/FSL-05D/LaserCalibration/P8140035.ORF,2039.5447998046873,1416.781005859375,Red Laser,f
72225,499,132474,/fishsense_data/__unsorted-data/2023.08.14.FishSense.Host01s Pool/ED-00/FSL-05D/LaserCalibration/P8140045.ORF,2030.759521484375,1389.71484375,Red Laser,f
72226,499,132478,/fishsense_data/__unsorted-data/2023.08.14.FishSense.Host01s Pool/ED-00/FSL-05D/LaserCalibration/P8140049.ORF,2012.74365234375,1336.3807373046875,Red Laser,f
72228,499,132481,/fishsense_data/__unsorted-data/2023.08.14.FishSense.Host01s Pool/ED-00/FSL-05D/LaserCalibration/P8140052.ORF,2001.5057373046875,1298.742919921875,Red Laser,f
72231,499,132486,/fishsense_data/__unsorted-data/2023.08.14.FishSense.Host01s Pool/ED-00/FSL-05D/LaserCalibration/P8140057.ORF,1927.72021484375,1053.7781982421875,Red Laser,f
72229,499,132431,/fishsense_data/__unsorted-data/2023.08.14.FishSense.Host01s Pool/ED-00/FSL-05D/LaserCalibration/P8140002.ORF,1935.2498779296875,1099.7979736328125,Red Laser,t
72230,499,132436,/fishsense_data/__unsorted-data/2023.08.14.FishSense.Host01s Pool/ED-00/FSL-05D/LaserCalibration/P8140007.ORF,1978.399658203125,1213.6099853515625,Red Laser,f
72227,499,132441,/fishsense_data/__unsorted-data/2023.08.14.FishSense.Host01s Pool/ED-00/FSL-05D/LaserCalibration/P8140012.ORF,2012.94970703125,1322.600341796875,Red Laser,f
72232,499,132446,/fishsense_data/__unsorted-data/2023.08.14.FishSense.Host01s Pool/ED-00/FSL-05D/LaserCalibration/P8140017.ORF,2020.0069580078125,1353.967041015625,Red Laser,f
72233,499,132451,/fishsense_data/__unsorted-data/2023.08.14.FishSense.Host01s Pool/ED-00/FSL-05D/LaserCalibration/P8140022.ORF,2027.9973144531248,1376.9890136718748,Red Laser,f
72234,499,132455,/fishsense_data/__unsorted-data/2023.08.14.FishSense.Host01s Pool/ED-00/FSL-05D/LaserCalibration/P8140026.ORF,2032.5162353515627,1397.41162109375,Red Laser,f
72240,499,132460,/fishsense_data/__unsorted-data/2023.08.14.FishSense.Host01s Pool/ED-00/FSL-05D/LaserCalibration/P8140031.ORF,2034.296142578125,1403.8515625,Red Laser,f
72241,499,132472,/fishsense_data/__unsorted-data/2023.08.14.FishSense.Host01s Pool/ED-00/FSL-05D/LaserCalibration/P8140043.ORF,2033.0628662109375,1400.404541015625,Red Laser,f
72243,499,132484,/fishsense_data/__unsorted-data/2023.08.14.FishSense.Host01s Pool/ED-00/FSL-05D/LaserCalibration/P8140055.ORF,1972.210693359375,1203.0574951171875,Red Laser,f
71870,490,132092,/fishsense_data/__unsorted-data/2023.08.14.FishSense.Host01s Pool/ED-00/FSL-02D/LaserCalibration3/P8140237.ORF,2030.9141845703125,1473.212890625,Red Laser,f
71871,490,132096,/fishsense_data/__unsorted-data/2023.08.14.FishSense.Host01s Pool/ED-00/FSL-02D/LaserCalibration3/P8140241.ORF,2034.4205322265625,1478.7061767578125,Red Laser,f
71875,490,132101,/fishsense_data/__unsorted-data/2023.08.14.FishSense.Host01s Pool/ED-00/FSL-02D/LaserCalibration3/P8140246.ORF,2030.2169189453127,1468.2772216796873,Red Laser,f
71874,490,132106,/fishsense_data/__unsorted-data/2023.08.14.FishSense.Host01s Pool/ED-00/FSL-02D/LaserCalibration3/P8140251.ORF,2023.3048095703125,1446.5115966796875,Red Laser,f
71876,490,132111,/fishsense_data/__unsorted-data/2023.08.14.FishSense.Host01s Pool/ED-00/FSL-02D/LaserCalibration3/P8140256.ORF,2015.5322265625,1420.074951171875,Red Laser,f
71774,489,131947,/fishsense_data/__unsorted-data/2023.08.14.FishSense.Host01s Pool/ED-00/FSL-02D/LaserCalibration2/P8140092.ORF,1953.9212646484375,1221.5704345703125,Red Laser,f
71775,489,131952,/fishsense_data/__unsorted-data/2023.08.14.FishSense.Host01s Pool/ED-00/FSL-02D/LaserCalibration2/P8140097.ORF,1988.2523193359375,1350.6414794921875,Red Laser,t
71776,489,131957,/fishsense_data/__unsorted-data/2023.08.14.FishSense.Host01s Pool/ED-00/FSL-02D/LaserCalibration2/P8140102.ORF,2007.3848876953127,1400.57763671875,Red Laser,f
71777,489,131962,/fishsense_data/__unsorted-data/2023.08.14.FishSense.Host01s Pool/ED-00/FSL-02D/LaserCalibration2/P8140107.ORF,2015.945556640625,1429.2863769531252,Red Laser,f
25713,436,121833,2025-02-10 REEF Data Dump SMILE 6/101624_Alligator/101624_Alligator_FSL04/101624_Alligator0_FSL04/PA160075.ORF,1998.4160623798653,1373.1996835097827,Green Laser,f
7755,436,121834,2025-02-10 REEF Data Dump SMILE 6/101624_Alligator/101624_Alligator_FSL04/101624_Alligator0_FSL04/PA160074.ORF,1996.5456695939572,1372.7890884897017,Green Laser,f
3484,436,121835,2025-02-10 REEF Data Dump SMILE 6/101624_Alligator/101624_Alligator_FSL04/101624_Alligator0_FSL04/PA160073.ORF,1994.9833290757606,1378.4003619247526,Green Laser,f
21030,436,121836,2025-02-10 REEF Data Dump SMILE 6/101624_Alligator/101624_Alligator_FSL04/101624_Alligator0_FSL04/PA160077.ORF,,,,f
20982,436,121837,2025-02-10 REEF Data Dump SMILE 6/101624_Alligator/101624_Alligator_FSL04/101624_Alligator0_FSL04/PA160078.ORF,,,,f
25023,436,121838,2025-02-10 REEF Data Dump SMILE 6/101624_Alligator/101624_Alligator_FSL04/101624_Alligator0_FSL04/PA160081.ORF,2012.8347560138811,1424.7344355537396,Green Laser,f
21041,436,121839,2025-02-10 REEF Data Dump SMILE 6/101624_Alligator/101624_Alligator_FSL04/101624_Alligator0_FSL04/PA160080.ORF,,,,f
3541,436,121840,2025-02-10 REEF Data Dump SMILE 6/101624_Alligator/101624_Alligator_FSL04/101624_Alligator0_FSL04/PA160079.ORF,2012.6775187755984,1423.343431564518,Green Laser,f
21031,436,121841,2025-02-10 REEF Data Dump SMILE 6/101624_Alligator/101624_Alligator_FSL04/101624_Alligator0_FSL04/PA160082.ORF,,,,f
22372,436,121842,2025-02-10 REEF Data Dump SMILE 6/101624_Alligator/101624_Alligator_FSL04/101624_Alligator0_FSL04/PA160085.ORF,2013.0279616652392,1424.7252559606213,Green Laser,f
26181,436,121843,2025-02-10 REEF Data Dump SMILE 6/101624_Alligator/101624_Alligator_FSL04/101624_Alligator0_FSL04/PA160083.ORF,2010.1171024989835,1424.8945503859268,Green Laser,f
4786,436,121844,2025-02-10 REEF Data Dump SMILE 6/101624_Alligator/101624_Alligator_FSL04/101624_Alligator0_FSL04/PA160086.ORF,1821.9799937651994,822.7647270960223,Green Laser,f
24116,436,121845,2025-02-10 REEF Data Dump SMILE 6/101624_Alligator/101624_Alligator_FSL04/101624_Alligator0_FSL04/PA160084.ORF,2011.823738691166,1423.2067165104909,Green Laser,f
26186,436,121846,2025-02-10 REEF Data Dump SMILE 6/101624_Alligator/101624_Alligator_FSL04/101624_Alligator0_FSL04/PA160087.ORF,2012.0726905007584,1421.1825877633964,Green Laser,f
3538,436,121847,2025-02-10 REEF Data Dump SMILE 6/101624_Alligator/101624_Alligator_FSL04/101624_Alligator0_FSL04/PA160088.ORF,2011.3172851167244,1420.2912173495235,Green Laser,f
26178,436,121848,2025-02-10 REEF Data Dump SMILE 6/101624_Alligator/101624_Alligator_FSL04/101624_Alligator0_FSL04/PA160089.ORF,2008.861015855723,1412.7456134410102,Green Laser,f
24197,436,121889,2025-02-10 REEF Data Dump SMILE 6/101624_Alligator/101624_Alligator_FSL04/101624_Alligator0_FSL04/PA160130.ORF,1996.8332260922386,1379.0301664796157,Green Laser,f
24096,436,121890,2025-02-10 REEF Data Dump SMILE 6/101624_Alligator/101624_Alligator_FSL04/101624_Alligator0_FSL04/PA160135.ORF,1988.3015469147047,1347.2999446165184,Green Laser,f
4392,436,121891,2025-02-10 REEF Data Dump SMILE 6/101624_Alligator/101624_Alligator_FSL04/101624_Alligator0_FSL04/PA160131.ORF,1995.7251013442665,1375.419957458844,Green Laser,f
4396,436,121892,2025-02-10 REEF Data Dump SMILE 6/101624_Alligator/101624_Alligator_FSL04/101624_Alligator0_FSL04/PA160133.ORF,1992.4438964594124,1363.4735847250452,Green Laser,f
4273,436,121893,2025-02-10 REEF Data Dump SMILE 6/101624_Alligator/101624_Alligator_FSL04/101624_Alligator0_FSL04/PA160132.ORF,1993.4824205599245,1369.7927542402915,Green Laser,f
24539,436,121894,2025-02-10 REEF Data Dump SMILE 6/101624_Alligator/101624_Alligator_FSL04/101624_Alligator0_FSL04/PA160134.ORF,1989.8168507772193,1359.6365433516785,Green Laser,f
24163,436,121895,2025-02-10 REEF Data Dump SMILE 6/101624_Alligator/101624_Alligator_FSL04/101624_Alligator0_FSL04/PA160137.ORF,1988.5974500101916,1352.8779809754485,Green Laser,f
5842,436,121896,2025-02-10 REEF Data Dump SMILE 6/101624_Alligator/101624_Alligator_FSL04/101624_Alligator0_FSL04/PA160136.ORF,1988.1212427661885,1352.2762286463615,Green Laser,f
25028,436,121897,2025-02-10 REEF Data Dump SMILE 6/101624_Alligator/101624_Alligator_FSL04/101624_Alligator0_FSL04/PA160141.ORF,1989.809645319343,1359.2486705812644,Green Laser,f
24535,436,121898,2025-02-10 REEF Data Dump SMILE 6/101624_Alligator/101624_Alligator_FSL04/101624_Alligator0_FSL04/PA160142.ORF,1988.5009690126544,1357.1341633474447,Green Laser,f
5843,436,121899,2025-02-10 REEF Data Dump SMILE 6/101624_Alligator/101624_Alligator_FSL04/101624_Alligator0_FSL04/PA160139.ORF,1988.702755844885,1354.0736531032746,Green Laser,f
24101,436,121900,2025-02-10 REEF Data Dump SMILE 6/101624_Alligator/101624_Alligator_FSL04/101624_Alligator0_FSL04/PA160140.ORF,1988.5376164863856,1355.024295199661,Green Laser,f
22366,436,121901,2025-02-10 REEF Data Dump SMILE 6/101624_Alligator/101624_Alligator_FSL04/101624_Alligator0_FSL04/PA160138.ORF,1988.8278979169318,1352.896511858142,Green Laser,f
24097,436,121902,2025-02-10 REEF Data Dump SMILE 6/101624_Alligator/101624_Alligator_FSL04/101624_Alligator0_FSL04/PA160143.ORF,1988.821994733959,1354.4475467395605,Green Laser,f
24532,436,121903,2025-02-10 REEF Data Dump SMILE 6/101624_Alligator/101624_Alligator_FSL04/101624_Alligator0_FSL04/PA160144.ORF,1778.3741164550413,1638.53840783016,Green Laser,t
20992,436,121904,2025-02-10 REEF Data Dump SMILE 6/101624_Alligator/101624_Alligator_FSL04/101624_Alligator0_FSL04/PA160145.ORF,,,,f
25703,436,121905,2025-02-10 REEF Data Dump SMILE 6/101624_Alligator/101624_Alligator_FSL04/101624_Alligator0_FSL04/PA160147.ORF,2022.466931909941,1452.485716062866,Green Laser,f
20993,436,121906,2025-02-10 REEF Data Dump SMILE 6/101624_Alligator/101624_Alligator_FSL04/101624_Alligator0_FSL04/PA160148.ORF,,,,f
7686,436,121907,2025-02-10 REEF Data Dump SMILE 6/101624_Alligator/101624_Alligator_FSL04/101624_Alligator0_FSL04/PA160146.ORF,2018.8861803103491,1452.1720718051583,Green Laser,f
24533,436,121908,2025-02-10 REEF Data Dump SMILE 6/101624_Alligator/101624_Alligator_FSL04/101624_Alligator0_FSL04/PA160149.ORF,2021.3122609429277,1458.058870016671,Green Laser,f
20981,436,121909,2025-02-10 REEF Data Dump SMILE 6/101624_Alligator/101624_Alligator_FSL04/101624_Alligator0_FSL04/PA160150.ORF,,,,f
21000,436,121910,2025-02-10 REEF Data Dump SMILE 6/101624_Alligator/101624_Alligator_FSL04/101624_Alligator0_FSL04/PA160151.ORF,,,,f
24114,436,121911,2025-02-10 REEF Data Dump SMILE 6/101624_Alligator/101624_Alligator_FSL04/101624_Alligator0_FSL04/PA160152.ORF,1996.6084702227517,1380.1215946380207,Green Laser,f
1553,436,121912,2025-02-10 REEF Data Dump SMILE 6/101624_Alligator/101624_Alligator_FSL04/101624_Alligator0_FSL04/PA160153.ORF,1996.5393563422642,1379.8409906308516,Green Laser,f
24536,436,121913,2025-02-10 REEF Data Dump SMILE 6/101624_Alligator/101624_Alligator_FSL04/101624_Alligator0_FSL04/PA160155.ORF,1996.331158822105,1375.6645830341354,Green Laser,f
7689,436,121914,2025-02-10 REEF Data Dump SMILE 6/101624_Alligator/101624_Alligator_FSL04/101624_Alligator0_FSL04/PA160156.ORF,1996.195336981433,1374.102115540758,Green Laser,f
20990,436,121915,2025-02-10 REEF Data Dump SMILE 6/101624_Alligator/101624_Alligator_FSL04/101624_Alligator0_FSL04/PA160157.ORF,,,,f
24095,436,121916,2025-02-10 REEF Data Dump SMILE 6/101624_Alligator/101624_Alligator_FSL04/101624_Alligator0_FSL04/PA160154.ORF,1996.5699623254932,1379.410963512393,Green Laser,f
21010,436,121917,2025-02-10 REEF Data Dump SMILE 6/101624_Alligator/101624_Alligator_FSL04/101624_Alligator0_FSL04/PA160158.ORF,,,,f
5658,436,121918,2025-02-10 REEF Data Dump SMILE 6/101624_Alligator/101624_Alligator_FSL04/101624_Alligator0_FSL04/PA160160.ORF,2011.52899066232,1425.7746257478314,Green Laser,f
22370,436,121919,2025-02-10 REEF Data Dump SMILE 6/101624_Alligator/101624_Alligator_FSL04/101624_Alligator0_FSL04/PA160161.ORF,2053.619433219077,1424.47619223919,Red Laser,t
5724,436,121920,2025-02-10 REEF Data Dump SMILE 6/101624_Alligator/101624_Alligator_FSL04/101624_Alligator0_FSL04/PA160159.ORF,2243.814116104423,1308.6139782415457,Green Laser,t
21022,436,121921,2025-02-10 REEF Data Dump SMILE 6/101624_Alligator/101624_Alligator_FSL04/101624_Alligator0_FSL04/PA160162.ORF,,,,f
22367,436,121922,2025-02-10 REEF Data Dump SMILE 6/101624_Alligator/101624_Alligator_FSL04/101624_Alligator0_FSL04/PA160163.ORF,1995.0033961396068,1385.712793057398,Green Laser,t
24541,436,121923,2025-02-10 REEF Data Dump SMILE 6/101624_Alligator/101624_Alligator_FSL04/101624_Alligator0_FSL04/PA160164.ORF,1998.6121389763084,1385.8994519520868,Green Laser,f
24543,436,121924,2025-02-10 REEF Data Dump SMILE 6/101624_Alligator/101624_Alligator_FSL04/101624_Alligator0_FSL04/PA160165.ORF,2000.1700315608066,1389.701517385371,Green Laser,f
22369,436,121925,2025-02-10 REEF Data Dump SMILE 6/101624_Alligator/101624_Alligator_FSL04/101624_Alligator0_FSL04/PA160166.ORF,2001.3528186162603,1393.9505285892217,Green Laser,f
22368,436,121926,2025-02-10 REEF Data Dump SMILE 6/101624_Alligator/101624_Alligator_FSL04/101624_Alligator0_FSL04/PA160168.ORF,2005.6619094621667,1406.3655569795922,Green Laser,f
24542,436,121927,2025-02-10 REEF Data Dump SMILE 6/101624_Alligator/101624_Alligator_FSL04/101624_Alligator0_FSL04/PA160167.ORF,2002.3431387766384,1407.2621408888272,Green Laser,t
22365,436,121928,2025-02-10 REEF Data Dump SMILE 6/101624_Alligator/101624_Alligator_FSL04/101624_Alligator0_FSL04/PA160170.ORF,1978.4737394157978,1321.5355872235239,Green Laser,f
71745,489,131949,/fishsense_data/__unsorted-data/2023.08.14.FishSense.Host01s Pool/ED-00/FSL-02D/LaserCalibration2/P8140094.ORF,1974.2403564453123,1288.7576904296875,Red Laser,f
71734,489,131954,/fishsense_data/__unsorted-data/2023.08.14.FishSense.Host01s Pool/ED-00/FSL-02D/LaserCalibration2/P8140099.ORF,1999.7978515625,1375.5225830078125,Red Laser,f
71733,489,131959,/fishsense_data/__unsorted-data/2023.08.14.FishSense.Host01s Pool/ED-00/FSL-02D/LaserCalibration2/P8140104.ORF,2011.7814941406252,1414.571044921875,Red Laser,f
71735,489,131964,/fishsense_data/__unsorted-data/2023.08.14.FishSense.Host01s Pool/ED-00/FSL-02D/LaserCalibration2/P8140109.ORF,2017.1993408203125,1432.7080078125,Red Laser,f
71739,489,131969,/fishsense_data/__unsorted-data/2023.08.14.FishSense.Host01s Pool/ED-00/FSL-02D/LaserCalibration2/P8140114.ORF,2020.3927001953125,1442.2801513671875,Red Laser,f
71736,489,131973,/fishsense_data/__unsorted-data/2023.08.14.FishSense.Host01s Pool/ED-00/FSL-02D/LaserCalibration2/P8140118.ORF,2013.8525390625,1428.0322265625,Red Laser,f
71737,489,131978,/fishsense_data/__unsorted-data/2023.08.14.FishSense.Host01s Pool/ED-00/FSL-02D/LaserCalibration2/P8140123.ORF,2010.5705566406248,1408.7332763671875,Red Laser,f
71738,489,131981,/fishsense_data/__unsorted-data/2023.08.14.FishSense.Host01s Pool/ED-00/FSL-02D/LaserCalibration2/P8140126.ORF,2007.3031005859373,1395.6112060546875,Red Laser,f
71740,489,131986,/fishsense_data/__unsorted-data/2023.08.14.FishSense.Host01s Pool/ED-00/FSL-02D/LaserCalibration2/P8140131.ORF,1996.8846435546875,1364.446533203125,Red Laser,f
71741,489,131991,/fishsense_data/__unsorted-data/2023.08.14.FishSense.Host01s Pool/ED-00/FSL-02D/LaserCalibration2/P8140136.ORF,1972.1177978515625,1282.4041748046875,Red Laser,f
71742,489,131995,/fishsense_data/__unsorted-data/2023.08.14.FishSense.Host01s Pool/ED-00/FSL-02D/LaserCalibration2/P8140140.ORF,1915.9014892578125,1108.2745361328125,Red Laser,f
71792,490,132067,/fishsense_data/__unsorted-data/2023.08.14.FishSense.Host01s Pool/ED-00/FSL-02D/LaserCalibration3/P8140212.ORF,1956.74609375,1222.1358642578125,Red Laser,t
71756,489,131956,/fishsense_data/__unsorted-data/2023.08.14.FishSense.Host01s Pool/ED-00/FSL-02D/LaserCalibration2/P8140101.ORF,2005.2965087890625,1394.51025390625,Red Laser,f
71757,489,131961,/fishsense_data/__unsorted-data/2023.08.14.FishSense.Host01s Pool/ED-00/FSL-02D/LaserCalibration2/P8140106.ORF,2015.1654052734377,1416.4737548828125,Red Laser,f
71754,489,131966,/fishsense_data/__unsorted-data/2023.08.14.FishSense.Host01s Pool/ED-00/FSL-02D/LaserCalibration2/P8140111.ORF,2016.6445312499998,1432.1309814453125,Red Laser,f
71758,489,131970,/fishsense_data/__unsorted-data/2023.08.14.FishSense.Host01s Pool/ED-00/FSL-02D/LaserCalibration2/P8140115.ORF,2020.216064453125,1443.9061279296873,Red Laser,f
71759,489,131975,/fishsense_data/__unsorted-data/2023.08.14.FishSense.Host01s Pool/ED-00/FSL-02D/LaserCalibration2/P8140120.ORF,2013.9953613281252,1419.836181640625,Red Laser,f
71760,489,131980,/fishsense_data/__unsorted-data/2023.08.14.FishSense.Host01s Pool/ED-00/FSL-02D/LaserCalibration2/P8140125.ORF,2008.4559326171875,1403.3099365234375,Red Laser,f
71764,489,131982,/fishsense_data/__unsorted-data/2023.08.14.FishSense.Host01s Pool/ED-00/FSL-02D/LaserCalibration2/P8140127.ORF,2005.9730224609375,1390.931396484375,Red Laser,f
71762,489,131984,/fishsense_data/__unsorted-data/2023.08.14.FishSense.Host01s Pool/ED-00/FSL-02D/LaserCalibration2/P8140129.ORF,2001.757568359375,1385.078857421875,Red Laser,f
71761,489,131988,/fishsense_data/__unsorted-data/2023.08.14.FishSense.Host01s Pool/ED-00/FSL-02D/LaserCalibration2/P8140133.ORF,1989.7125244140625,1340.3292236328125,Red Laser,f
71763,489,131993,/fishsense_data/__unsorted-data/2023.08.14.FishSense.Host01s Pool/ED-00/FSL-02D/LaserCalibration2/P8140138.ORF,1955.3804931640625,1219.802001953125,Red Laser,f
71847,490,132070,/fishsense_data/__unsorted-data/2023.08.14.FishSense.Host01s Pool/ED-00/FSL-02D/LaserCalibration3/P8140215.ORF,1984.7489013671875,1307.5709228515625,Red Laser,t
71842,490,132074,/fishsense_data/__unsorted-data/2023.08.14.FishSense.Host01s Pool/ED-00/FSL-02D/LaserCalibration3/P8140219.ORF,2006.3118896484375,1377.6856689453125,Red Laser,t
71845,490,132079,/fishsense_data/__unsorted-data/2023.08.14.FishSense.Host01s Pool/ED-00/FSL-02D/LaserCalibration3/P8140224.ORF,2018.22509765625,1427.81298828125,Red Laser,f
71848,490,132084,/fishsense_data/__unsorted-data/2023.08.14.FishSense.Host01s Pool/ED-00/FSL-02D/LaserCalibration3/P8140229.ORF,2027.1153564453125,1451.4862060546875,Red Laser,f
71849,490,132089,/fishsense_data/__unsorted-data/2023.08.14.FishSense.Host01s Pool/ED-00/FSL-02D/LaserCalibration3/P8140234.ORF,2030.01904296875,1467.2841796875,Red Laser,f
71850,490,132094,/fishsense_data/__unsorted-data/2023.08.14.FishSense.Host01s Pool/ED-00/FSL-02D/LaserCalibration3/P8140239.ORF,2035.344482421875,1468.1368408203127,Red Laser,t
71851,490,132098,/fishsense_data/__unsorted-data/2023.08.14.FishSense.Host01s Pool/ED-00/FSL-02D/LaserCalibration3/P8140243.ORF,2032.1010742187502,1470.45556640625,Red Laser,f
71852,490,132103,/fishsense_data/__unsorted-data/2023.08.14.FishSense.Host01s Pool/ED-00/FSL-02D/LaserCalibration3/P8140248.ORF,2029.2487792968752,1463.59228515625,Red Laser,f
71853,490,132108,/fishsense_data/__unsorted-data/2023.08.14.FishSense.Host01s Pool/ED-00/FSL-02D/LaserCalibration3/P8140253.ORF,2021.4116210937502,1438.5582275390625,Red Laser,f
71766,489,131948,/fishsense_data/__unsorted-data/2023.08.14.FishSense.Host01s Pool/ED-00/FSL-02D/LaserCalibration2/P8140093.ORF,1966.4034423828125,1257.8984375,Red Laser,f
71765,489,131953,/fishsense_data/__unsorted-data/2023.08.14.FishSense.Host01s Pool/ED-00/FSL-02D/LaserCalibration2/P8140098.ORF,1995.4195556640625,1364.422607421875,Red Laser,f
71769,489,131958,/fishsense_data/__unsorted-data/2023.08.14.FishSense.Host01s Pool/ED-00/FSL-02D/LaserCalibration2/P8140103.ORF,2010.1375732421873,1410.986083984375,Red Laser,f
71767,489,131963,/fishsense_data/__unsorted-data/2023.08.14.FishSense.Host01s Pool/ED-00/FSL-02D/LaserCalibration2/P8140108.ORF,2017.270751953125,1430.81982421875,Red Laser,f
71779,489,131967,/fishsense_data/__unsorted-data/2023.08.14.FishSense.Host01s Pool/ED-00/FSL-02D/LaserCalibration2/P8140112.ORF,2017.9483642578125,1439.28271484375,Red Laser,f
71778,489,131971,/fishsense_data/__unsorted-data/2023.08.14.FishSense.Host01s Pool/ED-00/FSL-02D/LaserCalibration2/P8140116.ORF,2017.3621826171875,1433.3848876953125,Red Laser,f
71780,489,131976,/fishsense_data/__unsorted-data/2023.08.14.FishSense.Host01s Pool/ED-00/FSL-02D/LaserCalibration2/P8140121.ORF,2013.0449218749998,1415.2354736328125,Red Laser,f
71781,489,131983,/fishsense_data/__unsorted-data/2023.08.14.FishSense.Host01s Pool/ED-00/FSL-02D/LaserCalibration2/P8140128.ORF,2003.58056640625,1390.1881103515625,Red Laser,f
29752,94,17876,2024.06.20.REEF/08_2023/083123_Fish Degree Angle Tests/083123_Fish Deg Angle Tests_FSL04/P8310541.ORF,2036.6859226744868,1452.9107583627008,Red Laser,f
29757,94,17877,2024.06.20.REEF/08_2023/083123_Fish Degree Angle Tests/083123_Fish Deg Angle Tests_FSL04/P8310542.ORF,2036.9956154814918,1453.986688513649,Red Laser,f
29762,94,17878,2024.06.20.REEF/08_2023/083123_Fish Degree Angle Tests/083123_Fish Deg Angle Tests_FSL04/P8310543.ORF,2036.255837278394,1453.1195372727173,Red Laser,f
25681,436,121789,2025-02-10 REEF Data Dump SMILE 6/101624_Alligator/101624_Alligator_FSL04/101624_Alligator0_FSL04/PA160030.ORF,1988.419819422067,1361.0661293049002,Green Laser,t
9132,436,121790,2025-02-10 REEF Data Dump SMILE 6/101624_Alligator/101624_Alligator_FSL04/101624_Alligator0_FSL04/PA160031.ORF,1995.865793961851,1364.1845170439929,Green Laser,t
9120,436,121791,2025-02-10 REEF Data Dump SMILE 6/101624_Alligator/101624_Alligator_FSL04/101624_Alligator0_FSL04/PA160032.ORF,1995.4077828696347,1365.9249591944163,Green Laser,f
20666,436,121792,2025-02-10 REEF Data Dump SMILE 6/101624_Alligator/101624_Alligator_FSL04/101624_Alligator0_FSL04/PA160033.ORF,2014.8596885354732,1430.1877880220397,Green Laser,f
24540,436,121793,2025-02-10 REEF Data Dump SMILE 6/101624_Alligator/101624_Alligator_FSL04/101624_Alligator0_FSL04/PA160035.ORF,2015.7789566243089,1434.5604417215623,Green Laser,f
25711,436,121794,2025-02-10 REEF Data Dump SMILE 6/101624_Alligator/101624_Alligator_FSL04/101624_Alligator0_FSL04/PA160037.ORF,2016.5557133010673,1438.286826393066,Green Laser,f
25710,436,121795,2025-02-10 REEF Data Dump SMILE 6/101624_Alligator/101624_Alligator_FSL04/101624_Alligator0_FSL04/PA160036.ORF,2016.2188045998814,1437.3009310559748,Green Laser,f
12280,436,121796,2025-02-10 REEF Data Dump SMILE 6/101624_Alligator/101624_Alligator_FSL04/101624_Alligator0_FSL04/PA160034.ORF,2015.4566240589993,1431.5605465229537,Green Laser,f
25679,436,121797,2025-02-10 REEF Data Dump SMILE 6/101624_Alligator/101624_Alligator_FSL04/101624_Alligator0_FSL04/PA160038.ORF,2017.4915145934544,1439.5470922876893,Green Laser,f
26210,436,121798,2025-02-10 REEF Data Dump SMILE 6/101624_Alligator/101624_Alligator_FSL04/101624_Alligator0_FSL04/PA160039.ORF,2020.0183697791058,1440.3583801426464,Green Laser,t
23053,436,121799,2025-02-10 REEF Data Dump SMILE 6/101624_Alligator/101624_Alligator_FSL04/101624_Alligator0_FSL04/PA160040.ORF,2024.594000035883,1462.921882691581,Green Laser,f
26211,436,121800,2025-02-10 REEF Data Dump SMILE 6/101624_Alligator/101624_Alligator_FSL04/101624_Alligator0_FSL04/PA160042.ORF,2025.2520287237185,1465.083136675536,Green Laser,f
5591,436,121801,2025-02-10 REEF Data Dump SMILE 6/101624_Alligator/101624_Alligator_FSL04/101624_Alligator0_FSL04/PA160041.ORF,2024.8094553828166,1463.216914593769,Green Laser,f
7767,436,121802,2025-02-10 REEF Data Dump SMILE 6/101624_Alligator/101624_Alligator_FSL04/101624_Alligator0_FSL04/PA160043.ORF,2027.7038624271042,1464.955102092762,Green Laser,f
21046,436,121803,2025-02-10 REEF Data Dump SMILE 6/101624_Alligator/101624_Alligator_FSL04/101624_Alligator0_FSL04/PA160045.ORF,,,,f
21044,436,121804,2025-02-10 REEF Data Dump SMILE 6/101624_Alligator/101624_Alligator_FSL04/101624_Alligator0_FSL04/PA160044.ORF,,,,f
21034,436,121805,2025-02-10 REEF Data Dump SMILE 6/101624_Alligator/101624_Alligator_FSL04/101624_Alligator0_FSL04/PA160046.ORF,,,,f
21014,436,121806,2025-02-10 REEF Data Dump SMILE 6/101624_Alligator/101624_Alligator_FSL04/101624_Alligator0_FSL04/PA160047.ORF,,,,f
21035,436,121807,2025-02-10 REEF Data Dump SMILE 6/101624_Alligator/101624_Alligator_FSL04/101624_Alligator0_FSL04/PA160049.ORF,,,,f
21033,436,121808,2025-02-10 REEF Data Dump SMILE 6/101624_Alligator/101624_Alligator_FSL04/101624_Alligator0_FSL04/PA160048.ORF,,,,f
25704,436,121929,2025-02-10 REEF Data Dump SMILE 6/101624_Alligator/101624_Alligator_FSL04/101624_Alligator0_FSL04/PA160169.ORF,1974.8029446330318,1324.692312169189,Green Laser,t
24538,436,121930,2025-02-10 REEF Data Dump SMILE 6/101624_Alligator/101624_Alligator_FSL04/101624_Alligator0_FSL04/PA160172.ORF,2021.9871083090798,1454.2571729980502,Green Laser,f
20664,436,121931,2025-02-10 REEF Data Dump SMILE 6/101624_Alligator/101624_Alligator_FSL04/101624_Alligator0_FSL04/PA160171.ORF,2021.6257266395448,1456.4170283908188,Green Laser,f
25707,436,121932,2025-02-10 REEF Data Dump SMILE 6/101624_Alligator/101624_Alligator_FSL04/101624_Alligator0_FSL04/PA160173.ORF,1994.4708394926818,1383.6796830212843,Green Laser,t
24531,436,121933,2025-02-10 REEF Data Dump SMILE 6/101624_Alligator/101624_Alligator_FSL04/101624_Alligator0_FSL04/PA160174.ORF,1997.6220176173938,1383.5558572739965,Green Laser,f
72098,496,132334,/fishsense_data/__unsorted-data/2023.08.14.FishSense.Host01s Pool/ED-00/FSL-04D/LaserCalibration/P8140029.ORF,1922.749755859375,1378.3675537109375,Red Laser,f
72099,496,132339,/fishsense_data/__unsorted-data/2023.08.14.FishSense.Host01s Pool/ED-00/FSL-04D/LaserCalibration/P8140034.ORF,1894.2261962890623,1285.630859375,Red Laser,f
71797,490,132071,/fishsense_data/__unsorted-data/2023.08.14.FishSense.Host01s Pool/ED-00/FSL-02D/LaserCalibration3/P8140216.ORF,1984.4808349609375,1330.22802734375,Red Laser,t
71799,490,132076,/fishsense_data/__unsorted-data/2023.08.14.FishSense.Host01s Pool/ED-00/FSL-02D/LaserCalibration3/P8140221.ORF,2009.9471435546875,1399.7861328125,Red Laser,f
71800,490,132081,/fishsense_data/__unsorted-data/2023.08.14.FishSense.Host01s Pool/ED-00/FSL-02D/LaserCalibration3/P8140226.ORF,2021.1638183593752,1435.7603759765625,Red Laser,f
71801,490,132086,/fishsense_data/__unsorted-data/2023.08.14.FishSense.Host01s Pool/ED-00/FSL-02D/LaserCalibration3/P8140231.ORF,2027.3056640624998,1459.25927734375,Red Laser,f
71802,490,132091,/fishsense_data/__unsorted-data/2023.08.14.FishSense.Host01s Pool/ED-00/FSL-02D/LaserCalibration3/P8140236.ORF,2031.245361328125,1471.7301025390625,Red Laser,f
71805,490,132100,/fishsense_data/__unsorted-data/2023.08.14.FishSense.Host01s Pool/ED-00/FSL-02D/LaserCalibration3/P8140245.ORF,2031.3111572265627,1467.895751953125,Red Laser,f
71809,490,132105,/fishsense_data/__unsorted-data/2023.08.14.FishSense.Host01s Pool/ED-00/FSL-02D/LaserCalibration3/P8140250.ORF,2024.1588134765625,1450.1474609375,Red Laser,f
71803,490,132110,/fishsense_data/__unsorted-data/2023.08.14.FishSense.Host01s Pool/ED-00/FSL-02D/LaserCalibration3/P8140255.ORF,2018.3934326171875,1425.1068115234375,Red Laser,f
71746,489,131945,/fishsense_data/__unsorted-data/2023.08.14.FishSense.Host01s Pool/ED-00/FSL-02D/LaserCalibration2/P8140090.ORF,1915.5330810546875,1104.484375,Red Laser,f
71743,489,131950,/fishsense_data/__unsorted-data/2023.08.14.FishSense.Host01s Pool/ED-00/FSL-02D/LaserCalibration2/P8140095.ORF,1979.8740234375,1311.0882568359375,Red Laser,f
71749,489,131955,/fishsense_data/__unsorted-data/2023.08.14.FishSense.Host01s Pool/ED-00/FSL-02D/LaserCalibration2/P8140100.ORF,2003.18017578125,1386.966552734375,Red Laser,f
71744,489,131960,/fishsense_data/__unsorted-data/2023.08.14.FishSense.Host01s Pool/ED-00/FSL-02D/LaserCalibration2/P8140105.ORF,2012.2735595703125,1420.332763671875,Red Laser,f
71747,489,131965,/fishsense_data/__unsorted-data/2023.08.14.FishSense.Host01s Pool/ED-00/FSL-02D/LaserCalibration2/P8140110.ORF,2017.1665039062498,1434.16015625,Red Laser,f
71748,489,131974,/fishsense_data/__unsorted-data/2023.08.14.FishSense.Host01s Pool/ED-00/FSL-02D/LaserCalibration2/P8140119.ORF,2015.0778808593752,1425.3321533203125,Red Laser,f
71750,489,131979,/fishsense_data/__unsorted-data/2023.08.14.FishSense.Host01s Pool/ED-00/FSL-02D/LaserCalibration2/P8140124.ORF,2010.909423828125,1409.5616455078125,Red Laser,f
71752,489,131987,/fishsense_data/__unsorted-data/2023.08.14.FishSense.Host01s Pool/ED-00/FSL-02D/LaserCalibration2/P8140132.ORF,1992.57763671875,1355.1448974609375,Red Laser,f
71751,489,131992,/fishsense_data/__unsorted-data/2023.08.14.FishSense.Host01s Pool/ED-00/FSL-02D/LaserCalibration2/P8140137.ORF,1963.63525390625,1261.2105712890623,Red Laser,f
71821,490,132069,/fishsense_data/__unsorted-data/2023.08.14.FishSense.Host01s Pool/ED-00/FSL-02D/LaserCalibration3/P8140214.ORF,1969.849609375,1279.7962646484375,Red Laser,f
71822,490,132073,/fishsense_data/__unsorted-data/2023.08.14.FishSense.Host01s Pool/ED-00/FSL-02D/LaserCalibration3/P8140218.ORF,2000.3939208984375,1361.9605712890625,Red Laser,t
71823,490,132078,/fishsense_data/__unsorted-data/2023.08.14.FishSense.Host01s Pool/ED-00/FSL-02D/LaserCalibration3/P8140223.ORF,2015.1136474609375,1418.4378662109375,Red Laser,f
71824,490,132083,/fishsense_data/__unsorted-data/2023.08.14.FishSense.Host01s Pool/ED-00/FSL-02D/LaserCalibration3/P8140228.ORF,2026.9852294921873,1447.072265625,Red Laser,t
71825,490,132088,/fishsense_data/__unsorted-data/2023.08.14.FishSense.Host01s Pool/ED-00/FSL-02D/LaserCalibration3/P8140233.ORF,2029.9160156250002,1464.8009033203125,Red Laser,f
71826,490,132093,/fishsense_data/__unsorted-data/2023.08.14.FishSense.Host01s Pool/ED-00/FSL-02D/LaserCalibration3/P8140238.ORF,2032.9967041015625,1476.6617431640625,Red Laser,f
71828,490,132097,/fishsense_data/__unsorted-data/2023.08.14.FishSense.Host01s Pool/ED-00/FSL-02D/LaserCalibration3/P8140242.ORF,2035.9033203125,1476.343017578125,Red Laser,t
71827,490,132102,/fishsense_data/__unsorted-data/2023.08.14.FishSense.Host01s Pool/ED-00/FSL-02D/LaserCalibration3/P8140247.ORF,2029.21630859375,1464.7952880859375,Red Laser,f
71834,490,132107,/fishsense_data/__unsorted-data/2023.08.14.FishSense.Host01s Pool/ED-00/FSL-02D/LaserCalibration3/P8140252.ORF,2022.365966796875,1441.58740234375,Red Laser,f
71832,490,132112,/fishsense_data/__unsorted-data/2023.08.14.FishSense.Host01s Pool/ED-00/FSL-02D/LaserCalibration3/P8140257.ORF,2013.9609375,1413.6956787109375,Red Laser,f
71755,489,131946,/fishsense_data/__unsorted-data/2023.08.14.FishSense.Host01s Pool/ED-00/FSL-02D/LaserCalibration2/P8140091.ORF,1939.301513671875,1173.2041015625,Red Laser,f
71753,489,131951,/fishsense_data/__unsorted-data/2023.08.14.FishSense.Host01s Pool/ED-00/FSL-02D/LaserCalibration2/P8140096.ORF,1986.11962890625,1329.749755859375,Red Laser,f
71988,493,132191,/fishsense_data/__unsorted-data/2023.08.14.FishSense.Host01s Pool/ED-00/FSL-03D/LaserCalibration/P8140004.ORF,1908.835205078125,1091.0446777343748,Red Laser,t
71977,493,132196,/fishsense_data/__unsorted-data/2023.08.14.FishSense.Host01s Pool/ED-00/FSL-03D/LaserCalibration/P8140009.ORF,2008.1094970703123,1397.3380126953125,Red Laser,f
71976,493,132201,/fishsense_data/__unsorted-data/2023.08.14.FishSense.Host01s Pool/ED-00/FSL-03D/LaserCalibration/P8140014.ORF,,,,f
71980,493,132206,/fishsense_data/__unsorted-data/2023.08.14.FishSense.Host01s Pool/ED-00/FSL-03D/LaserCalibration/P8140019.ORF,2030.7681884765623,1469.4544677734375,Red Laser,f
71978,493,132211,/fishsense_data/__unsorted-data/2023.08.14.FishSense.Host01s Pool/ED-00/FSL-03D/LaserCalibration/P8140024.ORF,2022.1058349609373,1444.6573486328125,Red Laser,f
71979,493,132215,/fishsense_data/__unsorted-data/2023.08.14.FishSense.Host01s Pool/ED-00/FSL-03D/LaserCalibration/P8140028.ORF,2009.2070312499998,1403.9493408203125,Red Laser,f
71981,493,132220,/fishsense_data/__unsorted-data/2023.08.14.FishSense.Host01s Pool/ED-00/FSL-03D/LaserCalibration/P8140033.ORF,1997.332763671875,1363.893310546875,Red Laser,f
72102,496,132307,/fishsense_data/__unsorted-data/2023.08.14.FishSense.Host01s Pool/ED-00/FSL-04D/LaserCalibration/P8140002.ORF,1868.2247314453125,1203.799072265625,Red Laser,f
72106,496,132312,/fishsense_data/__unsorted-data/2023.08.14.FishSense.Host01s Pool/ED-00/FSL-04D/LaserCalibration/P8140007.ORF,1914.0106201171875,1354.742431640625,Red Laser,f
72104,496,132317,/fishsense_data/__unsorted-data/2023.08.14.FishSense.Host01s Pool/ED-00/FSL-04D/LaserCalibration/P8140012.ORF,1932.2127685546875,1412.879150390625,Red Laser,f
72105,496,132322,/fishsense_data/__unsorted-data/2023.08.14.FishSense.Host01s Pool/ED-00/FSL-04D/LaserCalibration/P8140017.ORF,1938.5675048828125,1435.8402099609375,Red Laser,f
71896,490,132115,/fishsense_data/__unsorted-data/2023.08.14.FishSense.Host01s Pool/ED-00/FSL-02D/LaserCalibration3/P8140260.ORF,2006.3881835937502,1393.7532958984375,Red Laser,f
71897,490,132120,/fishsense_data/__unsorted-data/2023.08.14.FishSense.Host01s Pool/ED-00/FSL-02D/LaserCalibration3/P8140265.ORF,1987.5311279296875,1324.8612060546875,Red Laser,f
71898,490,132124,/fishsense_data/__unsorted-data/2023.08.14.FishSense.Host01s Pool/ED-00/FSL-02D/LaserCalibration3/P8140269.ORF,1948.2440185546875,1195.6419677734373,Red Laser,t
71995,493,132188,/fishsense_data/__unsorted-data/2023.08.14.FishSense.Host01s Pool/ED-00/FSL-03D/LaserCalibration/P8140001.ORF,1930.7236328125,1122.2999267578123,Red Laser,t
71998,493,132193,/fishsense_data/__unsorted-data/2023.08.14.FishSense.Host01s Pool/ED-00/FSL-03D/LaserCalibration/P8140006.ORF,1977.7576904296875,1304.7731933593748,Red Laser,f
71996,493,132198,/fishsense_data/__unsorted-data/2023.08.14.FishSense.Host01s Pool/ED-00/FSL-03D/LaserCalibration/P8140011.ORF,2019.8018798828125,1428.8521728515625,Red Laser,f
71997,493,132203,/fishsense_data/__unsorted-data/2023.08.14.FishSense.Host01s Pool/ED-00/FSL-03D/LaserCalibration/P8140016.ORF,2027.9890136718748,1457.2923583984375,Red Laser,f
72006,493,132208,/fishsense_data/__unsorted-data/2023.08.14.FishSense.Host01s Pool/ED-00/FSL-03D/LaserCalibration/P8140021.ORF,2027.312255859375,1459.3189697265625,Red Laser,f
71999,493,132217,/fishsense_data/__unsorted-data/2023.08.14.FishSense.Host01s Pool/ED-00/FSL-03D/LaserCalibration/P8140030.ORF,2014.876708984375,1419.715087890625,Red Laser,f
72000,493,132222,/fishsense_data/__unsorted-data/2023.08.14.FishSense.Host01s Pool/ED-00/FSL-03D/LaserCalibration/P8140035.ORF,1972.9786376953125,1291.1971435546873,Red Laser,t
72103,496,132309,/fishsense_data/__unsorted-data/2023.08.14.FishSense.Host01s Pool/ED-00/FSL-04D/LaserCalibration/P8140004.ORF,1896.7396240234375,1295.125,Red Laser,f
72113,496,132314,/fishsense_data/__unsorted-data/2023.08.14.FishSense.Host01s Pool/ED-00/FSL-04D/LaserCalibration/P8140009.ORF,1920.3677978515625,1372.82958984375,Red Laser,f
72109,496,132319,/fishsense_data/__unsorted-data/2023.08.14.FishSense.Host01s Pool/ED-00/FSL-04D/LaserCalibration/P8140014.ORF,1934.9862060546875,1421.005126953125,Red Laser,f
72111,496,132324,/fishsense_data/__unsorted-data/2023.08.14.FishSense.Host01s Pool/ED-00/FSL-04D/LaserCalibration/P8140019.ORF,1940.882080078125,1444.5244140625,Red Laser,f
71900,490,132123,/fishsense_data/__unsorted-data/2023.08.14.FishSense.Host01s Pool/ED-00/FSL-02D/LaserCalibration3/P8140268.ORF,1959.5048828125,1231.541748046875,Red Laser,t
72235,499,132432,/fishsense_data/__unsorted-data/2023.08.14.FishSense.Host01s Pool/ED-00/FSL-05D/LaserCalibration/P8140003.ORF,1902.5,968.9739990234374,Red Laser,f
72238,499,132437,/fishsense_data/__unsorted-data/2023.08.14.FishSense.Host01s Pool/ED-00/FSL-05D/LaserCalibration/P8140008.ORF,1985.85693359375,1237.3831787109375,Red Laser,f
72237,499,132442,/fishsense_data/__unsorted-data/2023.08.14.FishSense.Host01s Pool/ED-00/FSL-05D/LaserCalibration/P8140013.ORF,2013.022705078125,1331.5406494140625,Red Laser,f
72236,499,132447,/fishsense_data/__unsorted-data/2023.08.14.FishSense.Host01s Pool/ED-00/FSL-05D/LaserCalibration/P8140018.ORF,2022.2491455078125,1362.0125732421875,Red Laser,f
72249,499,132452,/fishsense_data/__unsorted-data/2023.08.14.FishSense.Host01s Pool/ED-00/FSL-05D/LaserCalibration/P8140023.ORF,2027.9365234375,1376.997314453125,Red Laser,f
72247,499,132456,/fishsense_data/__unsorted-data/2023.08.14.FishSense.Host01s Pool/ED-00/FSL-05D/LaserCalibration/P8140027.ORF,,,,f
71782,489,131989,/fishsense_data/__unsorted-data/2023.08.14.FishSense.Host01s Pool/ED-00/FSL-02D/LaserCalibration2/P8140134.ORF,1983.793701171875,1326.7132568359375,Red Laser,f
71783,489,131994,/fishsense_data/__unsorted-data/2023.08.14.FishSense.Host01s Pool/ED-00/FSL-02D/LaserCalibration2/P8140139.ORF,1935.9737548828123,1168.7012939453125,Red Laser,f
71890,490,132066,/fishsense_data/__unsorted-data/2023.08.14.FishSense.Host01s Pool/ED-00/FSL-02D/LaserCalibration3/P8140211.ORF,1946.825439453125,1203.8966064453125,Red Laser,f
71902,490,132075,/fishsense_data/__unsorted-data/2023.08.14.FishSense.Host01s Pool/ED-00/FSL-02D/LaserCalibration3/P8140220.ORF,2006.2537841796877,1388.4136962890625,Red Laser,f
71904,490,132080,/fishsense_data/__unsorted-data/2023.08.14.FishSense.Host01s Pool/ED-00/FSL-02D/LaserCalibration3/P8140225.ORF,2019.0711669921873,1430.6182861328125,Red Laser,f
71905,490,132085,/fishsense_data/__unsorted-data/2023.08.14.FishSense.Host01s Pool/ED-00/FSL-02D/LaserCalibration3/P8140230.ORF,2025.864501953125,1455.0850830078125,Red Laser,f
71907,490,132090,/fishsense_data/__unsorted-data/2023.08.14.FishSense.Host01s Pool/ED-00/FSL-02D/LaserCalibration3/P8140235.ORF,2028.19091796875,1466.2698974609375,Red Laser,f
71906,490,132095,/fishsense_data/__unsorted-data/2023.08.14.FishSense.Host01s Pool/ED-00/FSL-02D/LaserCalibration3/P8140240.ORF,2033.5572509765625,1478.9114990234375,Red Laser,f
71891,490,132099,/fishsense_data/__unsorted-data/2023.08.14.FishSense.Host01s Pool/ED-00/FSL-02D/LaserCalibration3/P8140244.ORF,2033.185791015625,1470.3123779296875,Red Laser,f
71892,490,132104,/fishsense_data/__unsorted-data/2023.08.14.FishSense.Host01s Pool/ED-00/FSL-02D/LaserCalibration3/P8140249.ORF,2026.7935791015625,1459.427734375,Red Laser,f
71895,490,132109,/fishsense_data/__unsorted-data/2023.08.14.FishSense.Host01s Pool/ED-00/FSL-02D/LaserCalibration3/P8140254.ORF,2019.1993408203125,1430.4410400390625,Red Laser,f
71893,490,132114,/fishsense_data/__unsorted-data/2023.08.14.FishSense.Host01s Pool/ED-00/FSL-02D/LaserCalibration3/P8140259.ORF,2010.375,1397.0919189453125,Red Laser,f
71908,490,132119,/fishsense_data/__unsorted-data/2023.08.14.FishSense.Host01s Pool/ED-00/FSL-02D/LaserCalibration3/P8140264.ORF,1991.3804931640625,1341.3109130859375,Red Laser,f
71909,490,132113,/fishsense_data/__unsorted-data/2023.08.14.FishSense.Host01s Pool/ED-00/FSL-02D/LaserCalibration3/P8140258.ORF,2011.7049560546875,1407.2384033203125,Red Laser,f
71910,490,132118,/fishsense_data/__unsorted-data/2023.08.14.FishSense.Host01s Pool/ED-00/FSL-02D/LaserCalibration3/P8140263.ORF,1996.205810546875,1358.0875244140625,Red Laser,f
71894,490,132122,/fishsense_data/__unsorted-data/2023.08.14.FishSense.Host01s Pool/ED-00/FSL-02D/LaserCalibration3/P8140267.ORF,1976.172119140625,1288.5137939453125,Red Laser,f
71989,493,132190,/fishsense_data/__unsorted-data/2023.08.14.FishSense.Host01s Pool/ED-00/FSL-03D/LaserCalibration/P8140003.ORF,1942.163330078125,1166.9881591796875,Red Laser,t
71990,493,132195,/fishsense_data/__unsorted-data/2023.08.14.FishSense.Host01s Pool/ED-00/FSL-03D/LaserCalibration/P8140008.ORF,2003.2799072265625,1378.0728759765625,Red Laser,f
71992,493,132200,/fishsense_data/__unsorted-data/2023.08.14.FishSense.Host01s Pool/ED-00/FSL-03D/LaserCalibration/P8140013.ORF,2020.17529296875,1435.8050537109375,Red Laser,f
71993,493,132205,/fishsense_data/__unsorted-data/2023.08.14.FishSense.Host01s Pool/ED-00/FSL-03D/LaserCalibration/P8140018.ORF,2029.1264007231189,1465.7784113831615,Red Laser,f
71994,493,132210,/fishsense_data/__unsorted-data/2023.08.14.FishSense.Host01s Pool/ED-00/FSL-03D/LaserCalibration/P8140023.ORF,2024.5146375113502,1450.6123203374682,Red Laser,f
72005,493,132214,/fishsense_data/__unsorted-data/2023.08.14.FishSense.Host01s Pool/ED-00/FSL-03D/LaserCalibration/P8140027.ORF,2014.9232177734377,1420.35791015625,Red Laser,f
72001,493,132219,/fishsense_data/__unsorted-data/2023.08.14.FishSense.Host01s Pool/ED-00/FSL-03D/LaserCalibration/P8140032.ORF,2007.138671875,1392.7158203125,Red Laser,f
72002,493,132224,/fishsense_data/__unsorted-data/2023.08.14.FishSense.Host01s Pool/ED-00/FSL-03D/LaserCalibration/P8140037.ORF,1928.0377197265625,1137.4100341796875,Red Laser,f
72108,496,132306,/fishsense_data/__unsorted-data/2023.08.14.FishSense.Host01s Pool/ED-00/FSL-04D/LaserCalibration/P8140001.ORF,1841.3756103515625,1125.0655517578127,Red Laser,f
72101,496,132311,/fishsense_data/__unsorted-data/2023.08.14.FishSense.Host01s Pool/ED-00/FSL-04D/LaserCalibration/P8140006.ORF,1909.73486328125,1340.349853515625,Red Laser,f
71771,489,131968,/fishsense_data/__unsorted-data/2023.08.14.FishSense.Host01s Pool/ED-00/FSL-02D/LaserCalibration2/P8140113.ORF,2018.6029052734375,1441.174560546875,Red Laser,f
71768,489,131972,/fishsense_data/__unsorted-data/2023.08.14.FishSense.Host01s Pool/ED-00/FSL-02D/LaserCalibration2/P8140117.ORF,2015.9224853515625,1430.100341796875,Red Laser,f
71770,489,131977,/fishsense_data/__unsorted-data/2023.08.14.FishSense.Host01s Pool/ED-00/FSL-02D/LaserCalibration2/P8140122.ORF,2011.762451171875,1417.0074462890625,Red Laser,f
71772,489,131985,/fishsense_data/__unsorted-data/2023.08.14.FishSense.Host01s Pool/ED-00/FSL-02D/LaserCalibration2/P8140130.ORF,2000.591796875,1376.99560546875,Red Laser,f
71773,489,131990,/fishsense_data/__unsorted-data/2023.08.14.FishSense.Host01s Pool/ED-00/FSL-02D/LaserCalibration2/P8140135.ORF,1979.909423828125,1307.010498046875,Red Laser,f
71865,490,132068,/fishsense_data/__unsorted-data/2023.08.14.FishSense.Host01s Pool/ED-00/FSL-02D/LaserCalibration3/P8140213.ORF,1965.4268798828127,1247.8228759765625,Red Laser,t
71869,490,132072,/fishsense_data/__unsorted-data/2023.08.14.FishSense.Host01s Pool/ED-00/FSL-02D/LaserCalibration3/P8140217.ORF,1994.0625,1349.2337646484375,Red Laser,f
71872,490,132077,/fishsense_data/__unsorted-data/2023.08.14.FishSense.Host01s Pool/ED-00/FSL-02D/LaserCalibration3/P8140222.ORF,2012.45263671875,1410.5440673828125,Red Laser,f
71873,490,132082,/fishsense_data/__unsorted-data/2023.08.14.FishSense.Host01s Pool/ED-00/FSL-02D/LaserCalibration3/P8140227.ORF,2021.9338378906252,1440.988525390625,Red Laser,f
71877,490,132087,/fishsense_data/__unsorted-data/2023.08.14.FishSense.Host01s Pool/ED-00/FSL-02D/LaserCalibration3/P8140232.ORF,2028.03759765625,1461.7486572265625,Red Laser,f
71982,493,132192,/fishsense_data/__unsorted-data/2023.08.14.FishSense.Host01s Pool/ED-00/FSL-03D/LaserCalibration/P8140005.ORF,1945.3359375,1194.5723876953123,Red Laser,f
71983,493,132197,/fishsense_data/__unsorted-data/2023.08.14.FishSense.Host01s Pool/ED-00/FSL-03D/LaserCalibration/P8140010.ORF,2011.96142578125,1407.67724609375,Red Laser,f
71984,493,132202,/fishsense_data/__unsorted-data/2023.08.14.FishSense.Host01s Pool/ED-00/FSL-03D/LaserCalibration/P8140015.ORF,,,,f
71985,493,132207,/fishsense_data/__unsorted-data/2023.08.14.FishSense.Host01s Pool/ED-00/FSL-03D/LaserCalibration/P8140020.ORF,2027.2811279296875,1462.4476318359375,Red Laser,f
71986,493,132212,/fishsense_data/__unsorted-data/2023.08.14.FishSense.Host01s Pool/ED-00/FSL-03D/LaserCalibration/P8140025.ORF,2018.2525634765625,1436.1041259765625,Red Laser,f
71987,493,132216,/fishsense_data/__unsorted-data/2023.08.14.FishSense.Host01s Pool/ED-00/FSL-03D/LaserCalibration/P8140029.ORF,2010.087158203125,1402.6180419921875,Red Laser,f
71991,493,132221,/fishsense_data/__unsorted-data/2023.08.14.FishSense.Host01s Pool/ED-00/FSL-03D/LaserCalibration/P8140034.ORF,1987.8094482421875,1336.7508544921875,Red Laser,f
72107,496,132308,/fishsense_data/__unsorted-data/2023.08.14.FishSense.Host01s Pool/ED-00/FSL-04D/LaserCalibration/P8140003.ORF,1887.277099609375,1262.5986328125002,Red Laser,f
72096,496,132313,/fishsense_data/__unsorted-data/2023.08.14.FishSense.Host01s Pool/ED-00/FSL-04D/LaserCalibration/P8140008.ORF,1919.858154296875,1363.73291015625,Red Laser,f
72112,496,132318,/fishsense_data/__unsorted-data/2023.08.14.FishSense.Host01s Pool/ED-00/FSL-04D/LaserCalibration/P8140013.ORF,1936.3189697265625,1420.4427490234375,Red Laser,f
72100,496,132323,/fishsense_data/__unsorted-data/2023.08.14.FishSense.Host01s Pool/ED-00/FSL-04D/LaserCalibration/P8140018.ORF,1938.787109375,1439.2249755859375,Red Laser,f
71899,490,132116,/fishsense_data/__unsorted-data/2023.08.14.FishSense.Host01s Pool/ED-00/FSL-02D/LaserCalibration3/P8140261.ORF,2004.2110595703125,1380.7768554687502,Red Laser,f
71911,490,132125,/fishsense_data/__unsorted-data/2023.08.14.FishSense.Host01s Pool/ED-00/FSL-02D/LaserCalibration3/P8140270.ORF,1939.2695312499998,1167.500732421875,Red Laser,t
71912,490,132128,/fishsense_data/__unsorted-data/2023.08.14.FishSense.Host01s Pool/ED-00/FSL-02D/LaserCalibration3/P8140273.ORF,1893.83984375,1026.890380859375,Red Laser,f
72011,493,132189,/fishsense_data/__unsorted-data/2023.08.14.FishSense.Host01s Pool/ED-00/FSL-03D/LaserCalibration/P8140002.ORF,1939.7086181640625,1136.08349609375,Red Laser,t
72004,493,132194,/fishsense_data/__unsorted-data/2023.08.14.FishSense.Host01s Pool/ED-00/FSL-03D/LaserCalibration/P8140007.ORF,1992.5885009765625,1345.0128173828125,Red Laser,f
72003,493,132199,/fishsense_data/__unsorted-data/2023.08.14.FishSense.Host01s Pool/ED-00/FSL-03D/LaserCalibration/P8140012.ORF,2017.0433349609375,1424.786865234375,Red Laser,f
72012,493,132204,/fishsense_data/__unsorted-data/2023.08.14.FishSense.Host01s Pool/ED-00/FSL-03D/LaserCalibration/P8140017.ORF,2029.0433349609375,1461.184814453125,Red Laser,f
72007,493,132209,/fishsense_data/__unsorted-data/2023.08.14.FishSense.Host01s Pool/ED-00/FSL-03D/LaserCalibration/P8140022.ORF,2025.47265625,1451.4959716796875,Red Laser,f
72010,493,132213,/fishsense_data/__unsorted-data/2023.08.14.FishSense.Host01s Pool/ED-00/FSL-03D/LaserCalibration/P8140026.ORF,2016.2816162109375,1428.232177734375,Red Laser,f
72008,493,132218,/fishsense_data/__unsorted-data/2023.08.14.FishSense.Host01s Pool/ED-00/FSL-03D/LaserCalibration/P8140031.ORF,2019.9521484375,1437.44970703125,Red Laser,f
72009,493,132223,/fishsense_data/__unsorted-data/2023.08.14.FishSense.Host01s Pool/ED-00/FSL-03D/LaserCalibration/P8140036.ORF,1950.11328125,1209.0250244140625,Red Laser,f
72115,496,132310,/fishsense_data/__unsorted-data/2023.08.14.FishSense.Host01s Pool/ED-00/FSL-04D/LaserCalibration/P8140005.ORF,1903.3765869140627,1317.6536865234375,Red Laser,f
72116,496,132315,/fishsense_data/__unsorted-data/2023.08.14.FishSense.Host01s Pool/ED-00/FSL-04D/LaserCalibration/P8140010.ORF,1927.0162353515625,1395.415771484375,Red Laser,f
72114,496,132320,/fishsense_data/__unsorted-data/2023.08.14.FishSense.Host01s Pool/ED-00/FSL-04D/LaserCalibration/P8140015.ORF,1936.3087158203127,1426.2628173828125,Red Laser,f
72110,496,132325,/fishsense_data/__unsorted-data/2023.08.14.FishSense.Host01s Pool/ED-00/FSL-04D/LaserCalibration/P8140020.ORF,1944.056640625,1448.477294921875,Red Laser,f
72117,496,132330,/fishsense_data/__unsorted-data/2023.08.14.FishSense.Host01s Pool/ED-00/FSL-04D/LaserCalibration/P8140025.ORF,1934.3061523437498,1417.2152099609375,Red Laser,f
72118,496,132316,/fishsense_data/__unsorted-data/2023.08.14.FishSense.Host01s Pool/ED-00/FSL-04D/LaserCalibration/P8140011.ORF,1929.578369140625,1402.9276123046875,Red Laser,f
72119,496,132321,/fishsense_data/__unsorted-data/2023.08.14.FishSense.Host01s Pool/ED-00/FSL-04D/LaserCalibration/P8140016.ORF,1937.8153076171875,1430.109375,Red Laser,f
72120,496,132326,/fishsense_data/__unsorted-data/2023.08.14.FishSense.Host01s Pool/ED-00/FSL-04D/LaserCalibration/P8140021.ORF,1944.7335205078125,1446.90625,Red Laser,f
72121,496,132335,/fishsense_data/__unsorted-data/2023.08.14.FishSense.Host01s Pool/ED-00/FSL-04D/LaserCalibration/P8140030.ORF,1917.857177734375,1363.468505859375,Red Laser,f
72129,496,132340,/fishsense_data/__unsorted-data/2023.08.14.FishSense.Host01s Pool/ED-00/FSL-04D/LaserCalibration/P8140035.ORF,1883.4241943359375,1244.526123046875,Red Laser,f
72266,499,132434,/fishsense_data/__unsorted-data/2023.08.14.FishSense.Host01s Pool/ED-00/FSL-05D/LaserCalibration/P8140005.ORF,1962.936767578125,1169.1641845703125,Red Laser,f
72263,499,132439,/fishsense_data/__unsorted-data/2023.08.14.FishSense.Host01s Pool/ED-00/FSL-05D/LaserCalibration/P8140010.ORF,2002.419189453125,1292.2308349609375,Red Laser,f
72264,499,132444,/fishsense_data/__unsorted-data/2023.08.14.FishSense.Host01s Pool/ED-00/FSL-05D/LaserCalibration/P8140015.ORF,2016.2930908203125,1343.472412109375,Red Laser,f
72268,499,132449,/fishsense_data/__unsorted-data/2023.08.14.FishSense.Host01s Pool/ED-00/FSL-05D/LaserCalibration/P8140020.ORF,2024.5166015625,1369.14892578125,Red Laser,f
72267,499,132454,/fishsense_data/__unsorted-data/2023.08.14.FishSense.Host01s Pool/ED-00/FSL-05D/LaserCalibration/P8140025.ORF,2032.375,1394.959228515625,Red Laser,f
72269,499,132458,/fishsense_data/__unsorted-data/2023.08.14.FishSense.Host01s Pool/ED-00/FSL-05D/LaserCalibration/P8140029.ORF,2036.5302734375,1401.7840576171875,Red Laser,f
72270,499,132463,/fishsense_data/__unsorted-data/2023.08.14.FishSense.Host01s Pool/ED-00/FSL-05D/LaserCalibration/P8140034.ORF,2037.5133056640623,1410.888916015625,Red Laser,f
72272,499,132468,/fishsense_data/__unsorted-data/2023.08.14.FishSense.Host01s Pool/ED-00/FSL-05D/LaserCalibration/P8140039.ORF,2035.9755859375,1409.0872802734377,Red Laser,f
72271,499,132469,/fishsense_data/__unsorted-data/2023.08.14.FishSense.Host01s Pool/ED-00/FSL-05D/LaserCalibration/P8140040.ORF,2035.5334472656248,1408.9613037109375,Red Laser,f
72273,499,132470,/fishsense_data/__unsorted-data/2023.08.14.FishSense.Host01s Pool/ED-00/FSL-05D/LaserCalibration/P8140041.ORF,2034.626220703125,1405.709716796875,Red Laser,f
72274,499,132477,/fishsense_data/__unsorted-data/2023.08.14.FishSense.Host01s Pool/ED-00/FSL-05D/LaserCalibration/P8140048.ORF,2018.8629150390625,1354.10791015625,Red Laser,f
72275,499,132480,/fishsense_data/__unsorted-data/2023.08.14.FishSense.Host01s Pool/ED-00/FSL-05D/LaserCalibration/P8140051.ORF,2006.3121337890625,1312.654541015625,Red Laser,f
72276,499,132485,/fishsense_data/__unsorted-data/2023.08.14.FishSense.Host01s Pool/ED-00/FSL-05D/LaserCalibration/P8140056.ORF,1949.3876953125,1132.1284179687498,Red Laser,f
72411,502,132604,/fishsense_data/__unsorted-data/2023.08.14.FishSense.Host01s Pool/ED-00/FSL-06D/LaserCalibration/P8140002.ORF,2077.3837890624995,1132.867919921875,Red Laser,f
72408,502,132605,/fishsense_data/__unsorted-data/2023.08.14.FishSense.Host01s Pool/ED-00/FSL-06D/LaserCalibration/P8140003.ORF,2099.584228515625,1200.6402587890625,Red Laser,f
72412,502,132609,/fishsense_data/__unsorted-data/2023.08.14.FishSense.Host01s Pool/ED-00/FSL-06D/LaserCalibration/P8140007.ORF,2130.9550781249995,1305.3320312499998,Red Laser,f
72409,502,132610,/fishsense_data/__unsorted-data/2023.08.14.FishSense.Host01s Pool/ED-00/FSL-06D/LaserCalibration/P8140008.ORF,2135.6843261718745,1322.1812744140625,Red Laser,f
72414,502,132614,/fishsense_data/__unsorted-data/2023.08.14.FishSense.Host01s Pool/ED-00/FSL-06D/LaserCalibration/P8140012.ORF,2148.383056640625,1364.1944580078125,Red Laser,f
72410,502,132615,/fishsense_data/__unsorted-data/2023.08.14.FishSense.Host01s Pool/ED-00/FSL-06D/LaserCalibration/P8140013.ORF,2150.61279296875,1370.990234375,Red Laser,f
72413,502,132619,/fishsense_data/__unsorted-data/2023.08.14.FishSense.Host01s Pool/ED-00/FSL-06D/LaserCalibration/P8140017.ORF,2157.8017578125,1391.354736328125,Red Laser,f
72416,502,132620,/fishsense_data/__unsorted-data/2023.08.14.FishSense.Host01s Pool/ED-00/FSL-06D/LaserCalibration/P8140018.ORF,2157.0563964843755,1394.445068359375,Red Laser,f
72417,502,132624,/fishsense_data/__unsorted-data/2023.08.14.FishSense.Host01s Pool/ED-00/FSL-06D/LaserCalibration/P8140022.ORF,2162.14892578125,1407.58154296875,Red Laser,f
72424,502,132625,/fishsense_data/__unsorted-data/2023.08.14.FishSense.Host01s Pool/ED-00/FSL-06D/LaserCalibration/P8140023.ORF,2163.534912109375,1411.406494140625,Red Laser,f
72425,502,132628,/fishsense_data/__unsorted-data/2023.08.14.FishSense.Host01s Pool/ED-00/FSL-06D/LaserCalibration/P8140026.ORF,2163.1806640625,1413.4779052734375,Red Laser,f
72420,502,132629,/fishsense_data/__unsorted-data/2023.08.14.FishSense.Host01s Pool/ED-00/FSL-06D/LaserCalibration/P8140027.ORF,2160.3161621093755,1401.59716796875,Red Laser,f
72428,502,132633,/fishsense_data/__unsorted-data/2023.08.14.FishSense.Host01s Pool/ED-00/FSL-06D/LaserCalibration/P8140031.ORF,2157.26806640625,1393.2427978515625,Red Laser,f
72415,502,132603,/fishsense_data/__unsorted-data/2023.08.14.FishSense.Host01s Pool/ED-00/FSL-06D/LaserCalibration/P8140001.ORF,2054.991943359375,1073.375,Red Laser,t
72421,502,132608,/fishsense_data/__unsorted-data/2023.08.14.FishSense.Host01s Pool/ED-00/FSL-06D/LaserCalibration/P8140006.ORF,2121.812255859375,1274.2486572265625,Red Laser,f
72423,502,132613,/fishsense_data/__unsorted-data/2023.08.14.FishSense.Host01s Pool/ED-00/FSL-06D/LaserCalibration/P8140011.ORF,2146.334716796875,1356.6578369140625,Red Laser,f
72418,502,132618,/fishsense_data/__unsorted-data/2023.08.14.FishSense.Host01s Pool/ED-00/FSL-06D/LaserCalibration/P8140016.ORF,2155.2795410156245,1386.3258056640625,Red Laser,f
72419,502,132623,/fishsense_data/__unsorted-data/2023.08.14.FishSense.Host01s Pool/ED-00/FSL-06D/LaserCalibration/P8140021.ORF,2160.922607421875,1404.648681640625,Red Laser,f
72426,502,132632,/fishsense_data/__unsorted-data/2023.08.14.FishSense.Host01s Pool/ED-00/FSL-06D/LaserCalibration/P8140030.ORF,2157.550048828125,1396.6981201171875,Red Laser,f
72432,502,132637,/fishsense_data/__unsorted-data/2023.08.14.FishSense.Host01s Pool/ED-00/FSL-06D/LaserCalibration/P8140035.ORF,2152.4072265624995,1378.20849609375,Red Laser,f
72422,502,132642,/fishsense_data/__unsorted-data/2023.08.14.FishSense.Host01s Pool/ED-00/FSL-06D/LaserCalibration/P8140040.ORF,2142.34814453125,1343.1856689453125,Red Laser,f
72429,502,132647,/fishsense_data/__unsorted-data/2023.08.14.FishSense.Host01s Pool/ED-00/FSL-06D/LaserCalibration/P8140045.ORF,2105.328125,1226.8074951171875,Red Laser,f
72427,502,132634,/fishsense_data/__unsorted-data/2023.08.14.FishSense.Host01s Pool/ED-00/FSL-06D/LaserCalibration/P8140032.ORF,2157.04931640625,1389.18505859375,Red Laser,f
72437,502,132639,/fishsense_data/__unsorted-data/2023.08.14.FishSense.Host01s Pool/ED-00/FSL-06D/LaserCalibration/P8140037.ORF,2149.83984375,1367.8305664062502,Red Laser,f
72430,502,132643,/fishsense_data/__unsorted-data/2023.08.14.FishSense.Host01s Pool/ED-00/FSL-06D/LaserCalibration/P8140041.ORF,2133.54345703125,1314.301025390625,Red Laser,f
72431,502,132646,/fishsense_data/__unsorted-data/2023.08.14.FishSense.Host01s Pool/ED-00/FSL-06D/LaserCalibration/P8140044.ORF,2116.1955566406245,1261.9470214843752,Red Laser,f
72542,505,132749,/fishsense_data/__unsorted-data/2023.08.14.FishSense.Host01s Pool/ED-00/FSL-07D/LaserCalibration/P8140003.ORF,1967.720458984375,1123.5479736328125,Red Laser,f
72543,505,132752,/fishsense_data/__unsorted-data/2023.08.14.FishSense.Host01s Pool/ED-00/FSL-07D/LaserCalibration/P8140006.ORF,1998.4472656249998,1226.3627929687498,Red Laser,f
72544,505,132757,/fishsense_data/__unsorted-data/2023.08.14.FishSense.Host01s Pool/ED-00/FSL-07D/LaserCalibration/P8140011.ORF,2024.1053466796875,1302.369140625,Red Laser,f
72548,505,132762,/fishsense_data/__unsorted-data/2023.08.14.FishSense.Host01s Pool/ED-00/FSL-07D/LaserCalibration/P8140016.ORF,2021.70947265625,1298.8348388671875,Red Laser,f
72546,505,132767,/fishsense_data/__unsorted-data/2023.08.14.FishSense.Host01s Pool/ED-00/FSL-07D/LaserCalibration/P8140021.ORF,2039.278076171875,1347.3218994140627,Red Laser,f
72551,505,132771,/fishsense_data/__unsorted-data/2023.08.14.FishSense.Host01s Pool/ED-00/FSL-07D/LaserCalibration/P8140025.ORF,,,,f
72545,505,132774,/fishsense_data/__unsorted-data/2023.08.14.FishSense.Host01s Pool/ED-00/FSL-07D/LaserCalibration/P8140028.ORF,,,,f
72549,505,132779,/fishsense_data/__unsorted-data/2023.08.14.FishSense.Host01s Pool/ED-00/FSL-07D/LaserCalibration/P8140033.ORF,1911.91357421875,944.4351806640625,Red Laser,f
72550,505,132784,/fishsense_data/__unsorted-data/2023.08.14.FishSense.Host01s Pool/ED-00/FSL-07D/LaserCalibration/P8140038.ORF,2013.1837158203125,1268.4683837890625,Red Laser,f
71913,490,132117,/fishsense_data/__unsorted-data/2023.08.14.FishSense.Host01s Pool/ED-00/FSL-02D/LaserCalibration3/P8140262.ORF,2000.4691162109375,1371.2701416015625,Red Laser,f
71914,490,132121,/fishsense_data/__unsorted-data/2023.08.14.FishSense.Host01s Pool/ED-00/FSL-02D/LaserCalibration3/P8140266.ORF,1981.6475830078125,1308.4517822265625,Red Laser,f
71915,490,132126,/fishsense_data/__unsorted-data/2023.08.14.FishSense.Host01s Pool/ED-00/FSL-02D/LaserCalibration3/P8140271.ORF,1929.5299072265625,1126.6478271484375,Red Laser,t
71916,490,132127,/fishsense_data/__unsorted-data/2023.08.14.FishSense.Host01s Pool/ED-00/FSL-02D/LaserCalibration3/P8140272.ORF,1914.1744384765625,1071.1296386718752,Red Laser,t
72578,505,132758,/fishsense_data/__unsorted-data/2023.08.14.FishSense.Host01s Pool/ED-00/FSL-07D/LaserCalibration/P8140012.ORF,2026.26416015625,1312.7216796875,Red Laser,f
72244,499,132461,/fishsense_data/__unsorted-data/2023.08.14.FishSense.Host01s Pool/ED-00/FSL-05D/LaserCalibration/P8140032.ORF,2036.3551025390625,1404.0814208984375,Red Laser,f
72239,499,132466,/fishsense_data/__unsorted-data/2023.08.14.FishSense.Host01s Pool/ED-00/FSL-05D/LaserCalibration/P8140037.ORF,,,,f
72246,499,132467,/fishsense_data/__unsorted-data/2023.08.14.FishSense.Host01s Pool/ED-00/FSL-05D/LaserCalibration/P8140038.ORF,2036.7070327513877,1408.41972530427,Red Laser,f
72248,499,132476,/fishsense_data/__unsorted-data/2023.08.14.FishSense.Host01s Pool/ED-00/FSL-05D/LaserCalibration/P8140047.ORF,2023.9219970703127,1368.6884765625,Red Laser,f
72242,499,132483,/fishsense_data/__unsorted-data/2023.08.14.FishSense.Host01s Pool/ED-00/FSL-05D/LaserCalibration/P8140054.ORF,1983.8917236328125,1243.3861083984375,Red Laser,f
72250,499,132488,/fishsense_data/__unsorted-data/2023.08.14.FishSense.Host01s Pool/ED-00/FSL-05D/LaserCalibration/P8140059.ORF,1902.466796875,973.4584350585938,Red Laser,f
72122,496,132327,/fishsense_data/__unsorted-data/2023.08.14.FishSense.Host01s Pool/ED-00/FSL-04D/LaserCalibration/P8140022.ORF,1938.5091552734375,1432.1746826171875,Red Laser,f
72125,496,132331,/fishsense_data/__unsorted-data/2023.08.14.FishSense.Host01s Pool/ED-00/FSL-04D/LaserCalibration/P8140026.ORF,1933.9677734375,1408.719482421875,Red Laser,f
72123,496,132336,/fishsense_data/__unsorted-data/2023.08.14.FishSense.Host01s Pool/ED-00/FSL-04D/LaserCalibration/P8140031.ORF,1913.4346923828125,1342.581298828125,Red Laser,f
72127,496,132341,/fishsense_data/__unsorted-data/2023.08.14.FishSense.Host01s Pool/ED-00/FSL-04D/LaserCalibration/P8140036.ORF,1857.520751953125,1165.4537353515625,Red Laser,f
72245,499,132433,/fishsense_data/__unsorted-data/2023.08.14.FishSense.Host01s Pool/ED-00/FSL-05D/LaserCalibration/P8140004.ORF,1936.043701171875,1082.729736328125,Red Laser,f
72254,499,132438,/fishsense_data/__unsorted-data/2023.08.14.FishSense.Host01s Pool/ED-00/FSL-05D/LaserCalibration/P8140009.ORF,1993.3360595703125,1264.81591796875,Red Laser,f
72251,499,132443,/fishsense_data/__unsorted-data/2023.08.14.FishSense.Host01s Pool/ED-00/FSL-05D/LaserCalibration/P8140014.ORF,2015.3929443359375,1340.525634765625,Red Laser,f
72252,499,132448,/fishsense_data/__unsorted-data/2023.08.14.FishSense.Host01s Pool/ED-00/FSL-05D/LaserCalibration/P8140019.ORF,2023.469970703125,1361.404052734375,Red Laser,f
72253,499,132453,/fishsense_data/__unsorted-data/2023.08.14.FishSense.Host01s Pool/ED-00/FSL-05D/LaserCalibration/P8140024.ORF,2030.2377929687498,1391.874755859375,Red Laser,f
72257,499,132457,/fishsense_data/__unsorted-data/2023.08.14.FishSense.Host01s Pool/ED-00/FSL-05D/LaserCalibration/P8140028.ORF,,,,f
72255,499,132462,/fishsense_data/__unsorted-data/2023.08.14.FishSense.Host01s Pool/ED-00/FSL-05D/LaserCalibration/P8140033.ORF,2037.23583984375,1410.08447265625,Red Laser,f
72258,499,132465,/fishsense_data/__unsorted-data/2023.08.14.FishSense.Host01s Pool/ED-00/FSL-05D/LaserCalibration/P8140036.ORF,2040.1047363281248,1413.7535400390625,Red Laser,f
72256,499,132471,/fishsense_data/__unsorted-data/2023.08.14.FishSense.Host01s Pool/ED-00/FSL-05D/LaserCalibration/P8140042.ORF,2033.9370117187498,1403.3958740234375,Red Laser,f
72259,499,132473,/fishsense_data/__unsorted-data/2023.08.14.FishSense.Host01s Pool/ED-00/FSL-05D/LaserCalibration/P8140044.ORF,2033.5622558593752,1398.5345458984375,Red Laser,f
72260,499,132475,/fishsense_data/__unsorted-data/2023.08.14.FishSense.Host01s Pool/ED-00/FSL-05D/LaserCalibration/P8140046.ORF,2027.8223876953127,1382.8961181640625,Red Laser,f
72261,499,132479,/fishsense_data/__unsorted-data/2023.08.14.FishSense.Host01s Pool/ED-00/FSL-05D/LaserCalibration/P8140050.ORF,2009.50830078125,1325.22265625,Red Laser,f
72262,499,132482,/fishsense_data/__unsorted-data/2023.08.14.FishSense.Host01s Pool/ED-00/FSL-05D/LaserCalibration/P8140053.ORF,1988.02294921875,1249.9187011718752,Red Laser,f
72265,499,132487,/fishsense_data/__unsorted-data/2023.08.14.FishSense.Host01s Pool/ED-00/FSL-05D/LaserCalibration/P8140058.ORF,1910.1002197265625,994.5303955078124,Red Laser,f
72124,496,132328,/fishsense_data/__unsorted-data/2023.08.14.FishSense.Host01s Pool/ED-00/FSL-04D/LaserCalibration/P8140023.ORF,1936.0654296875,1426.7540283203125,Red Laser,f
72126,496,132332,/fishsense_data/__unsorted-data/2023.08.14.FishSense.Host01s Pool/ED-00/FSL-04D/LaserCalibration/P8140027.ORF,1931.41650390625,1406.96240234375,Red Laser,f
72128,496,132337,/fishsense_data/__unsorted-data/2023.08.14.FishSense.Host01s Pool/ED-00/FSL-04D/LaserCalibration/P8140032.ORF,1908.8118896484375,1332.5281982421875,Red Laser,f
72400,502,132606,/fishsense_data/__unsorted-data/2023.08.14.FishSense.Host01s Pool/ED-00/FSL-06D/LaserCalibration/P8140004.ORF,2110.375244140625,1241.8751220703125,Red Laser,f
72391,502,132607,/fishsense_data/__unsorted-data/2023.08.14.FishSense.Host01s Pool/ED-00/FSL-06D/LaserCalibration/P8140005.ORF,2116.338623046875,1256.6983642578125,Red Laser,f
72394,502,132611,/fishsense_data/__unsorted-data/2023.08.14.FishSense.Host01s Pool/ED-00/FSL-06D/LaserCalibration/P8140009.ORF,2138.3754882812495,1334.2708740234375,Red Laser,f
72392,502,132612,/fishsense_data/__unsorted-data/2023.08.14.FishSense.Host01s Pool/ED-00/FSL-06D/LaserCalibration/P8140010.ORF,2143.23486328125,1347.1925048828125,Red Laser,f
72399,502,132616,/fishsense_data/__unsorted-data/2023.08.14.FishSense.Host01s Pool/ED-00/FSL-06D/LaserCalibration/P8140014.ORF,2153.182373046875,1377.7451171875,Red Laser,f
72393,502,132617,/fishsense_data/__unsorted-data/2023.08.14.FishSense.Host01s Pool/ED-00/FSL-06D/LaserCalibration/P8140015.ORF,2154.3244628906245,1382.389404296875,Red Laser,f
72396,502,132621,/fishsense_data/__unsorted-data/2023.08.14.FishSense.Host01s Pool/ED-00/FSL-06D/LaserCalibration/P8140019.ORF,2160.96484375,1398.4315185546875,Red Laser,f
72395,502,132622,/fishsense_data/__unsorted-data/2023.08.14.FishSense.Host01s Pool/ED-00/FSL-06D/LaserCalibration/P8140020.ORF,2161.1826171875,1398.044677734375,Red Laser,f
72398,502,132626,/fishsense_data/__unsorted-data/2023.08.14.FishSense.Host01s Pool/ED-00/FSL-06D/LaserCalibration/P8140024.ORF,2163.496337890625,1409.0555419921875,Red Laser,f
72397,502,132627,/fishsense_data/__unsorted-data/2023.08.14.FishSense.Host01s Pool/ED-00/FSL-06D/LaserCalibration/P8140025.ORF,2164.2238769531255,1407.0330810546875,Red Laser,f
72401,502,132630,/fishsense_data/__unsorted-data/2023.08.14.FishSense.Host01s Pool/ED-00/FSL-06D/LaserCalibration/P8140028.ORF,2159.7717285156255,1400.336181640625,Red Laser,f
72402,502,132631,/fishsense_data/__unsorted-data/2023.08.14.FishSense.Host01s Pool/ED-00/FSL-06D/LaserCalibration/P8140029.ORF,2158.85546875,1396.79638671875,Red Laser,f
72403,502,132635,/fishsense_data/__unsorted-data/2023.08.14.FishSense.Host01s Pool/ED-00/FSL-06D/LaserCalibration/P8140033.ORF,2155.876220703125,1386.2186279296875,Red Laser,f
72405,502,132636,/fishsense_data/__unsorted-data/2023.08.14.FishSense.Host01s Pool/ED-00/FSL-06D/LaserCalibration/P8140034.ORF,2153.377197265625,1377.056884765625,Red Laser,f
72406,502,132640,/fishsense_data/__unsorted-data/2023.08.14.FishSense.Host01s Pool/ED-00/FSL-06D/LaserCalibration/P8140038.ORF,2148.0703125000005,1360.797119140625,Red Laser,f
72404,502,132641,/fishsense_data/__unsorted-data/2023.08.14.FishSense.Host01s Pool/ED-00/FSL-06D/LaserCalibration/P8140039.ORF,2146.16015625,1349.2147216796875,Red Laser,f
72407,502,132644,/fishsense_data/__unsorted-data/2023.08.14.FishSense.Host01s Pool/ED-00/FSL-06D/LaserCalibration/P8140042.ORF,2129.104736328125,1302.9200439453125,Red Laser,f
72547,505,132747,/fishsense_data/__unsorted-data/2023.08.14.FishSense.Host01s Pool/ED-00/FSL-07D/LaserCalibration/P8140001.ORF,1907.020263671875,940.4174804687501,Red Laser,t
72535,505,132755,/fishsense_data/__unsorted-data/2023.08.14.FishSense.Host01s Pool/ED-00/FSL-07D/LaserCalibration/P8140009.ORF,2017.4023437500002,1278.662109375,Red Laser,f
72536,505,132760,/fishsense_data/__unsorted-data/2023.08.14.FishSense.Host01s Pool/ED-00/FSL-07D/LaserCalibration/P8140014.ORF,2002.3482666015625,1237.5250244140625,Red Laser,f
72537,505,132765,/fishsense_data/__unsorted-data/2023.08.14.FishSense.Host01s Pool/ED-00/FSL-07D/LaserCalibration/P8140019.ORF,2032.4846191406252,1336.521240234375,Red Laser,f
72538,505,132776,/fishsense_data/__unsorted-data/2023.08.14.FishSense.Host01s Pool/ED-00/FSL-07D/LaserCalibration/P8140030.ORF,2041.6308652346206,1364.8906135620682,Red Laser,f
72541,505,132781,/fishsense_data/__unsorted-data/2023.08.14.FishSense.Host01s Pool/ED-00/FSL-07D/LaserCalibration/P8140035.ORF,1975.794677734375,1145.871337890625,Red Laser,f
72539,505,132786,/fishsense_data/__unsorted-data/2023.08.14.FishSense.Host01s Pool/ED-00/FSL-07D/LaserCalibration/P8140040.ORF,2025.2858886718748,1312.5592041015625,Red Laser,f
72540,505,132791,/fishsense_data/__unsorted-data/2023.08.14.FishSense.Host01s Pool/ED-00/FSL-07D/LaserCalibration/P8140045.ORF,2028.7225341796875,1323.4169921875,Red Laser,f
72435,502,132638,/fishsense_data/__unsorted-data/2023.08.14.FishSense.Host01s Pool/ED-00/FSL-06D/LaserCalibration/P8140036.ORF,2151.23388671875,1372.5963134765627,Red Laser,f
72436,502,132649,/fishsense_data/__unsorted-data/2023.08.14.FishSense.Host01s Pool/ED-00/FSL-06D/LaserCalibration/P8140047.ORF,2077.2993164062505,1134.7152099609375,Red Laser,f
72554,505,132750,/fishsense_data/__unsorted-data/2023.08.14.FishSense.Host01s Pool/ED-00/FSL-07D/LaserCalibration/P8140004.ORF,1980.663818359375,1161.5726318359375,Red Laser,f
72557,505,132754,/fishsense_data/__unsorted-data/2023.08.14.FishSense.Host01s Pool/ED-00/FSL-07D/LaserCalibration/P8140008.ORF,2010.8831787109373,1261.8153076171875,Red Laser,f
72558,505,132759,/fishsense_data/__unsorted-data/2023.08.14.FishSense.Host01s Pool/ED-00/FSL-07D/LaserCalibration/P8140013.ORF,2029.8876953125,1320.90283203125,Red Laser,f
72555,505,132764,/fishsense_data/__unsorted-data/2023.08.14.FishSense.Host01s Pool/ED-00/FSL-07D/LaserCalibration/P8140018.ORF,2030.021728515625,1327.178955078125,Red Laser,f
72556,505,132769,/fishsense_data/__unsorted-data/2023.08.14.FishSense.Host01s Pool/ED-00/FSL-07D/LaserCalibration/P8140023.ORF,2039.1232910156252,1352.9229736328125,Red Laser,f
72559,505,132775,/fishsense_data/__unsorted-data/2023.08.14.FishSense.Host01s Pool/ED-00/FSL-07D/LaserCalibration/P8140029.ORF,2041.8990478515625,1365.9866943359375,Red Laser,f
72560,505,132780,/fishsense_data/__unsorted-data/2023.08.14.FishSense.Host01s Pool/ED-00/FSL-07D/LaserCalibration/P8140034.ORF,1941.6923828125,1040.8093261718752,Red Laser,f
72561,505,132785,/fishsense_data/__unsorted-data/2023.08.14.FishSense.Host01s Pool/ED-00/FSL-07D/LaserCalibration/P8140039.ORF,2019.7954101562502,1290.398681640625,Red Laser,f
72565,505,132790,/fishsense_data/__unsorted-data/2023.08.14.FishSense.Host01s Pool/ED-00/FSL-07D/LaserCalibration/P8140044.ORF,2024.3427734375002,1311.6694335937498,Red Laser,f
72568,505,132792,/fishsense_data/__unsorted-data/2023.08.14.FishSense.Host01s Pool/ED-00/FSL-07D/LaserCalibration/P8140046.ORF,2029.930908203125,1323.8270263671875,Red Laser,f
72562,505,132795,/fishsense_data/__unsorted-data/2023.08.14.FishSense.Host01s Pool/ED-00/FSL-07D/LaserCalibration/P8140049.ORF,2033.0201416015625,1343.0010986328125,Red Laser,f
72438,502,132648,/fishsense_data/__unsorted-data/2023.08.14.FishSense.Host01s Pool/ED-00/FSL-06D/LaserCalibration/P8140046.ORF,2099.5019531250005,1191.7923583984375,Red Laser,t
72567,505,132753,/fishsense_data/__unsorted-data/2023.08.14.FishSense.Host01s Pool/ED-00/FSL-07D/LaserCalibration/P8140007.ORF,2007.150146484375,1247.243408203125,Red Laser,f
72743,509,133021,/fishsense_data/__unsorted-data/2023.08.18.FishSense.Host01s Pool/04/P8180081.ORF,2017.4566650390625,1428.293701171875,Red Laser,t
72740,509,133026,/fishsense_data/__unsorted-data/2023.08.18.FishSense.Host01s Pool/04/P8180086.ORF,,,,f
72747,509,133033,/fishsense_data/__unsorted-data/2023.08.18.FishSense.Host01s Pool/04/P8180093.ORF,1982.0632324218752,1323.049072265625,Red Laser,f
72745,509,133036,/fishsense_data/__unsorted-data/2023.08.18.FishSense.Host01s Pool/04/P8180096.ORF,1997.4176025390625,1368.1219482421875,Red Laser,t
72746,509,133047,/fishsense_data/__unsorted-data/2023.08.18.FishSense.Host01s Pool/04/P8180107.ORF,2012.4174676194682,1416.1204455906454,Red Laser,t
72744,509,133057,/fishsense_data/__unsorted-data/2023.08.18.FishSense.Host01s Pool/04/P8180117.ORF,,,,f
72748,509,133061,/fishsense_data/__unsorted-data/2023.08.18.FishSense.Host01s Pool/04/P8180121.ORF,,,,f
72749,509,133069,/fishsense_data/__unsorted-data/2023.08.18.FishSense.Host01s Pool/04/P8180129.ORF,2018.7911376953123,1438.6196289062498,Red Laser,f
72750,509,133074,/fishsense_data/__unsorted-data/2023.08.18.FishSense.Host01s Pool/04/P8180134.ORF,2010.8316403360916,1420.0039117937556,Red Laser,f
72751,509,132945,/fishsense_data/__unsorted-data/2023.08.18.FishSense.Host01s Pool/04/P8180005.ORF,1913.4627685546875,1093.0769042968748,Red Laser,t
72752,509,132958,/fishsense_data/__unsorted-data/2023.08.18.FishSense.Host01s Pool/04/P8180018.ORF,1999.2166748046875,1366.2667236328125,Red Laser,t
72753,509,132970,/fishsense_data/__unsorted-data/2023.08.18.FishSense.Host01s Pool/04/P8180030.ORF,,,,f
72755,509,132978,/fishsense_data/__unsorted-data/2023.08.18.FishSense.Host01s Pool/04/P8180038.ORF,1989.309326171875,1335.1378173828125,Red Laser,t
72754,509,132985,/fishsense_data/__unsorted-data/2023.08.18.FishSense.Host01s Pool/04/P8180045.ORF,1953.0797119140625,1224.6928710937502,Red Laser,t
72825,509,132989,/fishsense_data/__unsorted-data/2023.08.18.FishSense.Host01s Pool/04/P8180049.ORF,1925.1737060546875,1131.66748046875,Red Laser,t
72757,509,132993,/fishsense_data/__unsorted-data/2023.08.18.FishSense.Host01s Pool/04/P8180053.ORF,1874.883544921875,977.5139770507814,Red Laser,t
72756,509,132998,/fishsense_data/__unsorted-data/2023.08.18.FishSense.Host01s Pool/04/P8180058.ORF,1968.44384765625,1276.0286865234373,Red Laser,t
72758,509,133003,/fishsense_data/__unsorted-data/2023.08.18.FishSense.Host01s Pool/04/P8180063.ORF,1996.4256591796875,1360.47265625,Red Laser,t
72760,509,133006,/fishsense_data/__unsorted-data/2023.08.18.FishSense.Host01s Pool/04/P8180066.ORF,2003.3240966796875,1384.95947265625,Red Laser,t
72826,509,133015,/fishsense_data/__unsorted-data/2023.08.18.FishSense.Host01s Pool/04/P8180075.ORF,2014.029052734375,1417.988525390625,Red Laser,t
72759,509,133018,/fishsense_data/__unsorted-data/2023.08.18.FishSense.Host01s Pool/04/P8180078.ORF,2016.754150390625,1427.5406494140625,Red Laser,t
72763,509,133020,/fishsense_data/__unsorted-data/2023.08.18.FishSense.Host01s Pool/04/P8180080.ORF,2016.2049560546875,1429.7745361328123,Red Laser,f
72827,509,133025,/fishsense_data/__unsorted-data/2023.08.18.FishSense.Host01s Pool/04/P8180085.ORF,2019.052947693911,1434.387772692041,Red Laser,t
72761,509,133030,/fishsense_data/__unsorted-data/2023.08.18.FishSense.Host01s Pool/04/P8180090.ORF,1954.4990234375,1231.4619140625,Red Laser,t
72764,509,133032,/fishsense_data/__unsorted-data/2023.08.18.FishSense.Host01s Pool/04/P8180092.ORF,1971.67041015625,1286.175048828125,Red Laser,t
72784,509,133043,/fishsense_data/__unsorted-data/2023.08.18.FishSense.Host01s Pool/04/P8180103.ORF,2003.94189453125,1391.8035888671875,Red Laser,f
72786,509,133045,/fishsense_data/__unsorted-data/2023.08.18.FishSense.Host01s Pool/04/P8180105.ORF,2007.9981689453123,1405.957763671875,Red Laser,f
72787,509,133050,/fishsense_data/__unsorted-data/2023.08.18.FishSense.Host01s Pool/04/P8180110.ORF,2016.9296875,1430.4224853515625,Red Laser,t
72563,505,132763,/fishsense_data/__unsorted-data/2023.08.14.FishSense.Host01s Pool/ED-00/FSL-07D/LaserCalibration/P8140017.ORF,2026.2607421875,1314.580078125,Red Laser,f
72580,505,132768,/fishsense_data/__unsorted-data/2023.08.14.FishSense.Host01s Pool/ED-00/FSL-07D/LaserCalibration/P8140022.ORF,2037.2148437500002,1350.029296875,Red Laser,f
72564,505,132773,/fishsense_data/__unsorted-data/2023.08.14.FishSense.Host01s Pool/ED-00/FSL-07D/LaserCalibration/P8140027.ORF,,,,f
72566,505,132778,/fishsense_data/__unsorted-data/2023.08.14.FishSense.Host01s Pool/ED-00/FSL-07D/LaserCalibration/P8140032.ORF,2037.1019287109375,1350.9759521484375,Red Laser,f
72573,505,132783,/fishsense_data/__unsorted-data/2023.08.14.FishSense.Host01s Pool/ED-00/FSL-07D/LaserCalibration/P8140037.ORF,2003.99169921875,1241.2908935546875,Red Laser,f
72569,505,132788,/fishsense_data/__unsorted-data/2023.08.14.FishSense.Host01s Pool/ED-00/FSL-07D/LaserCalibration/P8140042.ORF,2008.3795166015625,1260.8970947265623,Red Laser,f
72574,505,132793,/fishsense_data/__unsorted-data/2023.08.14.FishSense.Host01s Pool/ED-00/FSL-07D/LaserCalibration/P8140047.ORF,2033.105712890625,1338.7769775390625,Red Laser,f
72571,505,132748,/fishsense_data/__unsorted-data/2023.08.14.FishSense.Host01s Pool/ED-00/FSL-07D/LaserCalibration/P8140002.ORF,1943.833740234375,1040.1004638671873,Red Laser,f
72570,505,132751,/fishsense_data/__unsorted-data/2023.08.14.FishSense.Host01s Pool/ED-00/FSL-07D/LaserCalibration/P8140005.ORF,1991.9842529296875,1203.7041015625002,Red Laser,f
72576,505,132756,/fishsense_data/__unsorted-data/2023.08.14.FishSense.Host01s Pool/ED-00/FSL-07D/LaserCalibration/P8140010.ORF,2018.66064453125,1290.710205078125,Red Laser,f
72572,505,132761,/fishsense_data/__unsorted-data/2023.08.14.FishSense.Host01s Pool/ED-00/FSL-07D/LaserCalibration/P8140015.ORF,2011.7335205078125,1274.06591796875,Red Laser,f
72577,505,132766,/fishsense_data/__unsorted-data/2023.08.14.FishSense.Host01s Pool/ED-00/FSL-07D/LaserCalibration/P8140020.ORF,2034.2882080078125,1341.022216796875,Red Laser,f
72583,505,132770,/fishsense_data/__unsorted-data/2023.08.14.FishSense.Host01s Pool/ED-00/FSL-07D/LaserCalibration/P8140024.ORF,,,,f
72575,505,132772,/fishsense_data/__unsorted-data/2023.08.14.FishSense.Host01s Pool/ED-00/FSL-07D/LaserCalibration/P8140026.ORF,2041.4697265625002,1362.22314453125,Red Laser,f
72582,505,132777,/fishsense_data/__unsorted-data/2023.08.14.FishSense.Host01s Pool/ED-00/FSL-07D/LaserCalibration/P8140031.ORF,2038.649169921875,1359.84765625,Red Laser,f
72581,505,132782,/fishsense_data/__unsorted-data/2023.08.14.FishSense.Host01s Pool/ED-00/FSL-07D/LaserCalibration/P8140036.ORF,1994.5172119140625,1212.1820068359375,Red Laser,f
72579,505,132787,/fishsense_data/__unsorted-data/2023.08.14.FishSense.Host01s Pool/ED-00/FSL-07D/LaserCalibration/P8140041.ORF,2029.1588134765625,1324.4232177734375,Red Laser,f
72902,509,133254,/fishsense_data/__unsorted-data/2023.08.18.FishSense.Host01s Pool/04/P8180314.ORF,1992.4208984375,1367.5927734375,Red Laser,f
72904,509,133257,/fishsense_data/__unsorted-data/2023.08.18.FishSense.Host01s Pool/04/P8180317.ORF,1990.30810546875,1360.9840087890625,Red Laser,f
72820,509,133260,/fishsense_data/__unsorted-data/2023.08.18.FishSense.Host01s Pool/04/P8180320.ORF,1987.8353271484375,1353.8057861328123,Red Laser,f
72903,509,133263,/fishsense_data/__unsorted-data/2023.08.18.FishSense.Host01s Pool/04/P8180323.ORF,1984.1092529296875,1340.2286376953125,Red Laser,f
72905,509,133270,/fishsense_data/__unsorted-data/2023.08.18.FishSense.Host01s Pool/04/P8180330.ORF,1958.9373779296875,1259.4111328125,Red Laser,f
72907,509,133275,/fishsense_data/__unsorted-data/2023.08.18.FishSense.Host01s Pool/04/P8180335.ORF,1940.3997802734375,1202.8239746093748,Red Laser,f
72906,509,133280,/fishsense_data/__unsorted-data/2023.08.18.FishSense.Host01s Pool/04/P8180340.ORF,1815.312255859375,804.1453247070312,Red Laser,f
72912,509,133285,/fishsense_data/__unsorted-data/2023.08.18.FishSense.Host01s Pool/04/P8180345.ORF,1921.461669921875,1141.5623779296875,Red Laser,f
72552,505,132789,/fishsense_data/__unsorted-data/2023.08.14.FishSense.Host01s Pool/ED-00/FSL-07D/LaserCalibration/P8140043.ORF,2018.3265380859377,1292.9407958984375,Red Laser,f
72553,505,132794,/fishsense_data/__unsorted-data/2023.08.14.FishSense.Host01s Pool/ED-00/FSL-07D/LaserCalibration/P8140048.ORF,2033.5377197265625,1345.3519287109375,Red Laser,f
72433,502,132645,/fishsense_data/__unsorted-data/2023.08.14.FishSense.Host01s Pool/ED-00/FSL-06D/LaserCalibration/P8140043.ORF,2123.7355957031245,1283.0091552734375,Red Laser,f
72434,502,132650,/fishsense_data/__unsorted-data/2023.08.14.FishSense.Host01s Pool/ED-00/FSL-06D/LaserCalibration/P8140048.ORF,2055.726806640625,1065.2447509765625,Red Laser,f
72737,509,132941,/fishsense_data/__unsorted-data/2023.08.18.FishSense.Host01s Pool/04/P8180001.ORF,,,,f
72729,509,132946,/fishsense_data/__unsorted-data/2023.08.18.FishSense.Host01s Pool/04/P8180006.ORF,1924.1724853515625,1123.9420166015623,Red Laser,t
72731,509,132949,/fishsense_data/__unsorted-data/2023.08.18.FishSense.Host01s Pool/04/P8180009.ORF,1968.0910644531252,1266.3801269531252,Red Laser,t
72730,509,132957,/fishsense_data/__unsorted-data/2023.08.18.FishSense.Host01s Pool/04/P8180017.ORF,1996.7662353515625,1357.3482666015625,Red Laser,t
72732,509,132960,/fishsense_data/__unsorted-data/2023.08.18.FishSense.Host01s Pool/04/P8180020.ORF,1998.8963623046875,1364.753662109375,Red Laser,t
72823,509,132971,/fishsense_data/__unsorted-data/2023.08.18.FishSense.Host01s Pool/04/P8180031.ORF,2019.9884033203123,1436.9580078125,Red Laser,t
72824,509,132974,/fishsense_data/__unsorted-data/2023.08.18.FishSense.Host01s Pool/04/P8180034.ORF,2011.9188232421875,1411.2099609375,Red Laser,t
72733,509,132976,/fishsense_data/__unsorted-data/2023.08.18.FishSense.Host01s Pool/04/P8180036.ORF,1998.0992431640625,1365.8502197265625,Red Laser,t
72736,509,132980,/fishsense_data/__unsorted-data/2023.08.18.FishSense.Host01s Pool/04/P8180040.ORF,1984.15234375,1321.5997314453125,Red Laser,t
72735,509,132983,/fishsense_data/__unsorted-data/2023.08.18.FishSense.Host01s Pool/04/P8180043.ORF,1955.7537841796875,1232.0018310546875,Red Laser,t
72734,509,132986,/fishsense_data/__unsorted-data/2023.08.18.FishSense.Host01s Pool/04/P8180046.ORF,1957.84130859375,1238.635986328125,Red Laser,t
72741,509,132995,/fishsense_data/__unsorted-data/2023.08.18.FishSense.Host01s Pool/04/P8180055.ORF,1933.3934326171875,1156.5811767578123,Red Laser,t
72738,509,133000,/fishsense_data/__unsorted-data/2023.08.18.FishSense.Host01s Pool/04/P8180060.ORF,1990.5052490234375,1343.984619140625,Red Laser,t
72739,509,133014,/fishsense_data/__unsorted-data/2023.08.18.FishSense.Host01s Pool/04/P8180074.ORF,2013.1995849609375,1416.206787109375,Red Laser,t
72742,509,133019,/fishsense_data/__unsorted-data/2023.08.18.FishSense.Host01s Pool/04/P8180079.ORF,2016.4058837890627,1427.73828125,Red Laser,t
72762,509,133035,/fishsense_data/__unsorted-data/2023.08.18.FishSense.Host01s Pool/04/P8180095.ORF,1991.7733154296873,1353.47998046875,Red Laser,f
72765,509,133040,/fishsense_data/__unsorted-data/2023.08.18.FishSense.Host01s Pool/04/P8180100.ORF,2005.51611328125,1394.328857421875,Red Laser,t
72766,509,133046,/fishsense_data/__unsorted-data/2023.08.18.FishSense.Host01s Pool/04/P8180106.ORF,2160.539794921875,1097.4624023437498,Red Laser,t
72828,509,133056,/fishsense_data/__unsorted-data/2023.08.18.FishSense.Host01s Pool/04/P8180116.ORF,,,,f
72775,509,133059,/fishsense_data/__unsorted-data/2023.08.18.FishSense.Host01s Pool/04/P8180119.ORF,,,,f
72767,509,133065,/fishsense_data/__unsorted-data/2023.08.18.FishSense.Host01s Pool/04/P8180125.ORF,,,,f
72829,509,133067,/fishsense_data/__unsorted-data/2023.08.18.FishSense.Host01s Pool/04/P8180127.ORF,2019.2951194191126,1443.03678072353,Red Laser,f
72769,509,133072,/fishsense_data/__unsorted-data/2023.08.18.FishSense.Host01s Pool/04/P8180132.ORF,2012.7210693359377,1428.513916015625,Red Laser,f
72830,509,133077,/fishsense_data/__unsorted-data/2023.08.18.FishSense.Host01s Pool/04/P8180137.ORF,2007.1485595703125,1409.1171875,Red Laser,f
72770,509,132944,/fishsense_data/__unsorted-data/2023.08.18.FishSense.Host01s Pool/04/P8180004.ORF,1898.0694580078125,1042.6470947265625,Red Laser,t
72772,509,132951,/fishsense_data/__unsorted-data/2023.08.18.FishSense.Host01s Pool/04/P8180011.ORF,1954.815185546875,1233.1177978515623,Red Laser,t
72771,509,132954,/fishsense_data/__unsorted-data/2023.08.18.FishSense.Host01s Pool/04/P8180014.ORF,1986.1530761718752,1322.7119140625,Red Laser,t
72831,509,132961,/fishsense_data/__unsorted-data/2023.08.18.FishSense.Host01s Pool/04/P8180021.ORF,2002.0974121093752,1376.1304931640625,Red Laser,t
72773,509,132972,/fishsense_data/__unsorted-data/2023.08.18.FishSense.Host01s Pool/04/P8180032.ORF,,,,f
72774,509,132975,/fishsense_data/__unsorted-data/2023.08.18.FishSense.Host01s Pool/04/P8180035.ORF,2002.3973388671875,1379.2059326171875,Red Laser,t
72832,509,132982,/fishsense_data/__unsorted-data/2023.08.18.FishSense.Host01s Pool/04/P8180042.ORF,1960.587646484375,1246.6685791015625,Red Laser,t
72768,509,132984,/fishsense_data/__unsorted-data/2023.08.18.FishSense.Host01s Pool/04/P8180044.ORF,1954.063720703125,1224.0220947265623,Red Laser,t
72833,509,132988,/fishsense_data/__unsorted-data/2023.08.18.FishSense.Host01s Pool/04/P8180048.ORF,1939.1318359375,1176.092041015625,Red Laser,t
72776,509,132992,/fishsense_data/__unsorted-data/2023.08.18.FishSense.Host01s Pool/04/P8180052.ORF,1817.6551513671875,794.0562744140625,Red Laser,t
72779,509,132997,/fishsense_data/__unsorted-data/2023.08.18.FishSense.Host01s Pool/04/P8180057.ORF,1961.72265625,1252.4249267578125,Red Laser,t
72778,509,133002,/fishsense_data/__unsorted-data/2023.08.18.FishSense.Host01s Pool/04/P8180062.ORF,1994.30712890625,1352.85888671875,Red Laser,t
72782,509,133011,/fishsense_data/__unsorted-data/2023.08.18.FishSense.Host01s Pool/04/P8180071.ORF,2010.6730957031248,1408.6871337890625,Red Laser,t
72780,509,133012,/fishsense_data/__unsorted-data/2023.08.18.FishSense.Host01s Pool/04/P8180072.ORF,2012.1021728515625,1412.1279296875002,Red Laser,t
72781,509,133017,/fishsense_data/__unsorted-data/2023.08.18.FishSense.Host01s Pool/04/P8180077.ORF,2015.038330078125,1423.3406982421875,Red Laser,t
72783,509,133024,/fishsense_data/__unsorted-data/2023.08.18.FishSense.Host01s Pool/04/P8180084.ORF,2019.3731689453125,1435.2744140625,Red Laser,t
72834,509,133029,/fishsense_data/__unsorted-data/2023.08.18.FishSense.Host01s Pool/04/P8180089.ORF,1945.660400390625,1204.2347412109373,Red Laser,t
72777,509,133031,/fishsense_data/__unsorted-data/2023.08.18.FishSense.Host01s Pool/04/P8180091.ORF,1956.9346923828125,1242.3061523437502,Red Laser,f
72785,509,133039,/fishsense_data/__unsorted-data/2023.08.18.FishSense.Host01s Pool/04/P8180099.ORF,2002.3465576171877,1386.9471435546875,Red Laser,f
72809,509,133023,/fishsense_data/__unsorted-data/2023.08.18.FishSense.Host01s Pool/04/P8180083.ORF,2018.200439453125,1431.19580078125,Red Laser,t
72808,509,133028,/fishsense_data/__unsorted-data/2023.08.18.FishSense.Host01s Pool/04/P8180088.ORF,1934.5638427734375,1166.7752685546877,Red Laser,t
72803,509,133038,/fishsense_data/__unsorted-data/2023.08.18.FishSense.Host01s Pool/04/P8180098.ORF,2001.2172851562498,1380.6214599609375,Red Laser,t
72811,509,133042,/fishsense_data/__unsorted-data/2023.08.18.FishSense.Host01s Pool/04/P8180102.ORF,2006.9920654296875,1401.074951171875,Red Laser,f
72812,509,133044,/fishsense_data/__unsorted-data/2023.08.18.FishSense.Host01s Pool/04/P8180104.ORF,2006.3603515625,1398.8970947265625,Red Laser,f
72843,509,133049,/fishsense_data/__unsorted-data/2023.08.18.FishSense.Host01s Pool/04/P8180109.ORF,2015.1560058593752,1426.4849853515627,Red Laser,f
72841,509,133052,/fishsense_data/__unsorted-data/2023.08.18.FishSense.Host01s Pool/04/P8180112.ORF,2018.1442933776573,1435.4082679047183,Red Laser,f
72813,509,133054,/fishsense_data/__unsorted-data/2023.08.18.FishSense.Host01s Pool/04/P8180114.ORF,,,,f
72814,509,133063,/fishsense_data/__unsorted-data/2023.08.18.FishSense.Host01s Pool/04/P8180123.ORF,,,,f
72842,509,132943,/fishsense_data/__unsorted-data/2023.08.18.FishSense.Host01s Pool/04/P8180003.ORF,1878.8626708984375,977.6912231445312,Red Laser,t
72815,509,132948,/fishsense_data/__unsorted-data/2023.08.18.FishSense.Host01s Pool/04/P8180008.ORF,1953.5225830078125,1218.6793212890623,Red Laser,t
72816,509,132953,/fishsense_data/__unsorted-data/2023.08.18.FishSense.Host01s Pool/04/P8180013.ORF,1982.940185546875,1314.66259765625,Red Laser,t
72844,509,132956,/fishsense_data/__unsorted-data/2023.08.18.FishSense.Host01s Pool/04/P8180016.ORF,1993.49853515625,1347.686767578125,Red Laser,t
72845,509,132962,/fishsense_data/__unsorted-data/2023.08.18.FishSense.Host01s Pool/04/P8180022.ORF,2002.9517822265625,1379.7000732421875,Red Laser,t
72846,509,132964,/fishsense_data/__unsorted-data/2023.08.18.FishSense.Host01s Pool/04/P8180024.ORF,2006.996826171875,1390.68994140625,Red Laser,t
72849,509,132966,/fishsense_data/__unsorted-data/2023.08.18.FishSense.Host01s Pool/04/P8180026.ORF,2005.044189453125,1387.077392578125,Red Laser,t
72847,509,132968,/fishsense_data/__unsorted-data/2023.08.18.FishSense.Host01s Pool/04/P8180028.ORF,2016.1806640625,1421.7064208984375,Red Laser,t
72848,509,132973,/fishsense_data/__unsorted-data/2023.08.18.FishSense.Host01s Pool/04/P8180033.ORF,1841.524169921875,864.7344970703125,Red Laser,t
72850,509,132979,/fishsense_data/__unsorted-data/2023.08.18.FishSense.Host01s Pool/04/P8180039.ORF,1987.422607421875,1330.775146484375,Red Laser,t
72851,509,132990,/fishsense_data/__unsorted-data/2023.08.18.FishSense.Host01s Pool/04/P8180050.ORF,1882.6922607421875,1001.5156860351561,Red Laser,t
72852,509,132994,/fishsense_data/__unsorted-data/2023.08.18.FishSense.Host01s Pool/04/P8180054.ORF,1906.2069091796875,1072.0611572265627,Red Laser,t
72853,509,132999,/fishsense_data/__unsorted-data/2023.08.18.FishSense.Host01s Pool/04/P8180059.ORF,1981.241943359375,1312.95703125,Red Laser,t
72855,509,133004,/fishsense_data/__unsorted-data/2023.08.18.FishSense.Host01s Pool/04/P8180064.ORF,1998.2354736328125,1369.5281982421875,Red Laser,t
72854,509,133007,/fishsense_data/__unsorted-data/2023.08.18.FishSense.Host01s Pool/04/P8180067.ORF,2005.2003173828125,1388.607666015625,Red Laser,t
72856,509,133009,/fishsense_data/__unsorted-data/2023.08.18.FishSense.Host01s Pool/04/P8180069.ORF,2013.92600752483,1421.2183187908179,Red Laser,t
72817,509,133013,/fishsense_data/__unsorted-data/2023.08.18.FishSense.Host01s Pool/04/P8180073.ORF,2013.0068359375,1413.9393310546875,Red Laser,t
72940,509,133253,/fishsense_data/__unsorted-data/2023.08.18.FishSense.Host01s Pool/04/P8180313.ORF,1993.991943359375,1370.45849609375,Red Laser,f
72941,509,133259,/fishsense_data/__unsorted-data/2023.08.18.FishSense.Host01s Pool/04/P8180319.ORF,1989.09228515625,1356.5445556640625,Red Laser,f
72943,509,133262,/fishsense_data/__unsorted-data/2023.08.18.FishSense.Host01s Pool/04/P8180322.ORF,1986.3397216796873,1347.6270751953125,Red Laser,f
73017,509,133268,/fishsense_data/__unsorted-data/2023.08.18.FishSense.Host01s Pool/04/P8180328.ORF,1968.499755859375,1290.8348388671877,Red Laser,f
72945,509,133273,/fishsense_data/__unsorted-data/2023.08.18.FishSense.Host01s Pool/04/P8180333.ORF,1943.215087890625,1207.2366943359375,Red Laser,f
73018,509,133278,/fishsense_data/__unsorted-data/2023.08.18.FishSense.Host01s Pool/04/P8180338.ORF,1911.69775390625,1109.342041015625,Red Laser,f
72944,509,133283,/fishsense_data/__unsorted-data/2023.08.18.FishSense.Host01s Pool/04/P8180343.ORF,1869.0924072265625,971.746826171875,Red Laser,f
72946,509,133288,/fishsense_data/__unsorted-data/2023.08.18.FishSense.Host01s Pool/04/P8180348.ORF,1955.2718505859375,1249.7647705078127,Red Laser,f
72949,509,133292,/fishsense_data/__unsorted-data/2023.08.18.FishSense.Host01s Pool/04/P8180352.ORF,1984.432861328125,1342.7144775390625,Red Laser,f
73020,509,133079,/fishsense_data/__unsorted-data/2023.08.18.FishSense.Host01s Pool/04/P8180139.ORF,2005.7508544921875,1400.54736328125,Red Laser,f
72947,509,133084,/fishsense_data/__unsorted-data/2023.08.18.FishSense.Host01s Pool/04/P8180144.ORF,1998.8891601562502,1375.00634765625,Red Laser,f
73019,509,133089,/fishsense_data/__unsorted-data/2023.08.18.FishSense.Host01s Pool/04/P8180149.ORF,1984.6103515625,1333.974609375,Red Laser,f
73021,509,133099,/fishsense_data/__unsorted-data/2023.08.18.FishSense.Host01s Pool/04/P8180159.ORF,1920.0076904296875,1124.3996582031252,Red Laser,f
72952,509,133104,/fishsense_data/__unsorted-data/2023.08.18.FishSense.Host01s Pool/04/P8180164.ORF,1919.8831787109375,1131.6513671875002,Red Laser,f
72948,509,133109,/fishsense_data/__unsorted-data/2023.08.18.FishSense.Host01s Pool/04/P8180169.ORF,1747.2,575.4666666666667,Red Laser,t
73022,509,133112,/fishsense_data/__unsorted-data/2023.08.18.FishSense.Host01s Pool/04/P8180172.ORF,1911.2652587890623,1100.47802734375,Red Laser,f
73023,509,133124,/fishsense_data/__unsorted-data/2023.08.18.FishSense.Host01s Pool/04/P8180184.ORF,1974.84619140625,1301.0035400390625,Red Laser,f
73024,509,133132,/fishsense_data/__unsorted-data/2023.08.18.FishSense.Host01s Pool/04/P8180192.ORF,1983.082763671875,1337.2694091796875,Red Laser,f
73025,509,133137,/fishsense_data/__unsorted-data/2023.08.18.FishSense.Host01s Pool/04/P8180197.ORF,1996.2877197265625,1377.8001708984375,Red Laser,f
73026,509,133144,/fishsense_data/__unsorted-data/2023.08.18.FishSense.Host01s Pool/04/P8180204.ORF,2001.9273681640625,1394.6011962890625,Red Laser,f
72950,509,133150,/fishsense_data/__unsorted-data/2023.08.18.FishSense.Host01s Pool/04/P8180210.ORF,2007.5257568359373,1412.33984375,Red Laser,f
72951,509,133156,/fishsense_data/__unsorted-data/2023.08.18.FishSense.Host01s Pool/04/P8180216.ORF,2006.9552001953125,1412.5496826171875,Red Laser,f
72953,509,133159,/fishsense_data/__unsorted-data/2023.08.18.FishSense.Host01s Pool/04/P8180219.ORF,,,,f
72954,509,133161,/fishsense_data/__unsorted-data/2023.08.18.FishSense.Host01s Pool/04/P8180221.ORF,,,,f
73029,509,133166,/fishsense_data/__unsorted-data/2023.08.18.FishSense.Host01s Pool/04/P8180226.ORF,2011.7311971808551,1429.9054000314102,Red Laser,f
72957,509,133082,/fishsense_data/__unsorted-data/2023.08.18.FishSense.Host01s Pool/04/P8180142.ORF,1998.4624023437502,1386.8140869140625,Red Laser,f
73028,509,133087,/fishsense_data/__unsorted-data/2023.08.18.FishSense.Host01s Pool/04/P8180147.ORF,1989.0311279296875,1348.375,Red Laser,f
72961,509,133093,/fishsense_data/__unsorted-data/2023.08.18.FishSense.Host01s Pool/04/P8180153.ORF,1970.6177978515625,1287.7596435546875,Red Laser,f
72956,509,133097,/fishsense_data/__unsorted-data/2023.08.18.FishSense.Host01s Pool/04/P8180157.ORF,1948.0506591796875,1216.515380859375,Red Laser,f
73030,509,133102,/fishsense_data/__unsorted-data/2023.08.18.FishSense.Host01s Pool/04/P8180162.ORF,1900.031982421875,1059.5161132812498,Red Laser,t
73027,509,133107,/fishsense_data/__unsorted-data/2023.08.18.FishSense.Host01s Pool/04/P8180167.ORF,1928.0849609375,1151.5943603515625,Red Laser,f
72958,509,133111,/fishsense_data/__unsorted-data/2023.08.18.FishSense.Host01s Pool/04/P8180171.ORF,1865.4327392578125,959.789794921875,Red Laser,f
72959,509,133117,/fishsense_data/__unsorted-data/2023.08.18.FishSense.Host01s Pool/04/P8180177.ORF,1981.32568359375,1324.1973876953125,Red Laser,f
72955,509,133120,/fishsense_data/__unsorted-data/2023.08.18.FishSense.Host01s Pool/04/P8180180.ORF,1987.90625,1346.3568115234375,Red Laser,f
72960,509,133122,/fishsense_data/__unsorted-data/2023.08.18.FishSense.Host01s Pool/04/P8180182.ORF,1994.5439453125,1373.1424560546875,Red Laser,f
72962,509,133126,/fishsense_data/__unsorted-data/2023.08.18.FishSense.Host01s Pool/04/P8180186.ORF,1976.5115966796875,1315.5655517578125,Red Laser,f
72908,509,133290,/fishsense_data/__unsorted-data/2023.08.18.FishSense.Host01s Pool/04/P8180350.ORF,1974.8118896484375,1311.67333984375,Red Laser,f
72910,509,133068,/fishsense_data/__unsorted-data/2023.08.18.FishSense.Host01s Pool/04/P8180128.ORF,2018.2591311177766,1439.3088515172965,Red Laser,f
72911,509,133073,/fishsense_data/__unsorted-data/2023.08.18.FishSense.Host01s Pool/04/P8180133.ORF,2013.3707275390625,1424.046875,Red Laser,f
72909,509,133078,/fishsense_data/__unsorted-data/2023.08.18.FishSense.Host01s Pool/04/P8180138.ORF,2006.8040771484375,1405.58935546875,Red Laser,f
72913,509,133083,/fishsense_data/__unsorted-data/2023.08.18.FishSense.Host01s Pool/04/P8180143.ORF,1998.2557373046875,1380.944580078125,Red Laser,f
72914,509,133088,/fishsense_data/__unsorted-data/2023.08.18.FishSense.Host01s Pool/04/P8180148.ORF,1987.7540283203125,1342.165771484375,Red Laser,f
72915,509,133091,/fishsense_data/__unsorted-data/2023.08.18.FishSense.Host01s Pool/04/P8180151.ORF,1979.93115234375,1319.025390625,Red Laser,f
72916,509,133094,/fishsense_data/__unsorted-data/2023.08.18.FishSense.Host01s Pool/04/P8180154.ORF,1970.596923828125,1288.9366455078125,Red Laser,f
72917,509,133098,/fishsense_data/__unsorted-data/2023.08.18.FishSense.Host01s Pool/04/P8180158.ORF,1944.50341796875,1204.9625244140627,Red Laser,f
72918,509,133103,/fishsense_data/__unsorted-data/2023.08.18.FishSense.Host01s Pool/04/P8180163.ORF,1940.9055175781248,1185.6794433593752,Red Laser,t
72922,509,133108,/fishsense_data/__unsorted-data/2023.08.18.FishSense.Host01s Pool/04/P8180168.ORF,1901.02880859375,1068.0974121093748,Red Laser,f
72835,509,133055,/fishsense_data/__unsorted-data/2023.08.18.FishSense.Host01s Pool/04/P8180115.ORF,,,,f
72788,509,133064,/fishsense_data/__unsorted-data/2023.08.18.FishSense.Host01s Pool/04/P8180124.ORF,,,,f
72789,509,133070,/fishsense_data/__unsorted-data/2023.08.18.FishSense.Host01s Pool/04/P8180130.ORF,2017.296142578125,1436.8338623046875,Red Laser,f
72836,509,133075,/fishsense_data/__unsorted-data/2023.08.18.FishSense.Host01s Pool/04/P8180135.ORF,2008.6536865234375,1416.1693115234375,Red Laser,f
72790,509,133080,/fishsense_data/__unsorted-data/2023.08.18.FishSense.Host01s Pool/04/P8180140.ORF,2004.9467773437502,1397.81884765625,Red Laser,f
72791,509,133085,/fishsense_data/__unsorted-data/2023.08.18.FishSense.Host01s Pool/04/P8180145.ORF,1994.8209228515625,1367.7216796875,Red Laser,f
72837,509,132942,/fishsense_data/__unsorted-data/2023.08.18.FishSense.Host01s Pool/04/P8180002.ORF,1813.141845703125,771.1624145507812,Red Laser,t
72838,509,132947,/fishsense_data/__unsorted-data/2023.08.18.FishSense.Host01s Pool/04/P8180007.ORF,1944.5369873046875,1187.0089111328125,Red Laser,t
72792,509,132950,/fishsense_data/__unsorted-data/2023.08.18.FishSense.Host01s Pool/04/P8180010.ORF,1978.004638671875,1298.1318359375002,Red Laser,t
72793,509,132952,/fishsense_data/__unsorted-data/2023.08.18.FishSense.Host01s Pool/04/P8180012.ORF,1972.1405029296875,1280.0906982421875,Red Laser,t
72794,509,132955,/fishsense_data/__unsorted-data/2023.08.18.FishSense.Host01s Pool/04/P8180015.ORF,1989.3701171875002,1334.2100830078125,Red Laser,t
72796,509,132959,/fishsense_data/__unsorted-data/2023.08.18.FishSense.Host01s Pool/04/P8180019.ORF,1997.493896484375,1359.4892578125,Red Laser,t
72795,509,132963,/fishsense_data/__unsorted-data/2023.08.18.FishSense.Host01s Pool/04/P8180023.ORF,2005.5335693359375,1386.481201171875,Red Laser,t
72797,509,132965,/fishsense_data/__unsorted-data/2023.08.18.FishSense.Host01s Pool/04/P8180025.ORF,2003.7845458984375,1382.640869140625,Red Laser,t
72798,509,132967,/fishsense_data/__unsorted-data/2023.08.18.FishSense.Host01s Pool/04/P8180027.ORF,2006.239501953125,1389.1798095703125,Red Laser,t
72839,509,132969,/fishsense_data/__unsorted-data/2023.08.18.FishSense.Host01s Pool/04/P8180029.ORF,2016.5286865234375,1423.57470703125,Red Laser,t
72799,509,132977,/fishsense_data/__unsorted-data/2023.08.18.FishSense.Host01s Pool/04/P8180037.ORF,1992.1329345703125,1346.4375,Red Laser,t
72804,509,132981,/fishsense_data/__unsorted-data/2023.08.18.FishSense.Host01s Pool/04/P8180041.ORF,1980.94384765625,1311.433837890625,Red Laser,t
72800,509,132987,/fishsense_data/__unsorted-data/2023.08.18.FishSense.Host01s Pool/04/P8180047.ORF,1953.277099609375,1222.6273193359375,Red Laser,t
72801,509,132991,/fishsense_data/__unsorted-data/2023.08.18.FishSense.Host01s Pool/04/P8180051.ORF,1851.5721435546875,898.7053833007812,Red Laser,t
72802,509,132996,/fishsense_data/__unsorted-data/2023.08.18.FishSense.Host01s Pool/04/P8180056.ORF,1955.3406982421875,1229.9587402343748,Red Laser,t
72805,509,133001,/fishsense_data/__unsorted-data/2023.08.18.FishSense.Host01s Pool/04/P8180061.ORF,1991.496337890625,1345.14404296875,Red Laser,t
72810,509,133005,/fishsense_data/__unsorted-data/2023.08.18.FishSense.Host01s Pool/04/P8180065.ORF,2001.0047607421875,1376.5118408203125,Red Laser,t
72806,509,133008,/fishsense_data/__unsorted-data/2023.08.18.FishSense.Host01s Pool/04/P8180068.ORF,2007.1317138671875,1397.46533203125,Red Laser,t
72807,509,133010,/fishsense_data/__unsorted-data/2023.08.18.FishSense.Host01s Pool/04/P8180070.ORF,2014.348388671875,1421.888427734375,Red Laser,t
72840,509,133016,/fishsense_data/__unsorted-data/2023.08.18.FishSense.Host01s Pool/04/P8180076.ORF,2014.2562255859375,1420.547607421875,Red Laser,t
72857,509,133022,/fishsense_data/__unsorted-data/2023.08.18.FishSense.Host01s Pool/04/P8180082.ORF,2018.0369873046875,1428.377685546875,Red Laser,t
72858,509,133027,/fishsense_data/__unsorted-data/2023.08.18.FishSense.Host01s Pool/04/P8180087.ORF,1925.366943359375,1148.3543701171875,Red Laser,f
72859,509,133034,/fishsense_data/__unsorted-data/2023.08.18.FishSense.Host01s Pool/04/P8180094.ORF,1988.7152099609375,1339.7513427734375,Red Laser,t
72862,509,133037,/fishsense_data/__unsorted-data/2023.08.18.FishSense.Host01s Pool/04/P8180097.ORF,1999.749267578125,1376.878662109375,Red Laser,f
72860,509,133041,/fishsense_data/__unsorted-data/2023.08.18.FishSense.Host01s Pool/04/P8180101.ORF,2006.2769775390625,1397.56298828125,Red Laser,f
72866,509,133048,/fishsense_data/__unsorted-data/2023.08.18.FishSense.Host01s Pool/04/P8180108.ORF,2013.7797851562498,1421.4871826171875,Red Laser,f
72864,509,133051,/fishsense_data/__unsorted-data/2023.08.18.FishSense.Host01s Pool/04/P8180111.ORF,2017.3035888671875,1432.66796875,Red Laser,f
72861,509,133053,/fishsense_data/__unsorted-data/2023.08.18.FishSense.Host01s Pool/04/P8180113.ORF,2021.4361572265625,1444.9310302734375,Red Laser,t
72865,509,133058,/fishsense_data/__unsorted-data/2023.08.18.FishSense.Host01s Pool/04/P8180118.ORF,2023.0557861328123,1451.621337890625,Red Laser,f
72877,509,133060,/fishsense_data/__unsorted-data/2023.08.18.FishSense.Host01s Pool/04/P8180120.ORF,3225.1011013480074,2498.1305714688006,Red Laser,t
72868,509,133062,/fishsense_data/__unsorted-data/2023.08.18.FishSense.Host01s Pool/04/P8180122.ORF,,,,f
72874,509,133066,/fishsense_data/__unsorted-data/2023.08.18.FishSense.Host01s Pool/04/P8180126.ORF,,,,f
72876,509,133071,/fishsense_data/__unsorted-data/2023.08.18.FishSense.Host01s Pool/04/P8180131.ORF,2015.16064453125,1433.408447265625,Red Laser,f
72863,509,133076,/fishsense_data/__unsorted-data/2023.08.18.FishSense.Host01s Pool/04/P8180136.ORF,2007.8859863281252,1412.3436279296875,Red Laser,f
72867,509,133081,/fishsense_data/__unsorted-data/2023.08.18.FishSense.Host01s Pool/04/P8180141.ORF,2003.0305175781252,1393.6981201171875,Red Laser,f
72878,509,133086,/fishsense_data/__unsorted-data/2023.08.18.FishSense.Host01s Pool/04/P8180146.ORF,1993.2113037109375,1361.443359375,Red Laser,f
72869,509,133096,/fishsense_data/__unsorted-data/2023.08.18.FishSense.Host01s Pool/04/P8180156.ORF,1950.8599853515625,1223.7825927734375,Red Laser,f
72870,509,133101,/fishsense_data/__unsorted-data/2023.08.18.FishSense.Host01s Pool/04/P8180161.ORF,1913.10498046875,1098.2244873046877,Red Laser,t
72880,509,133106,/fishsense_data/__unsorted-data/2023.08.18.FishSense.Host01s Pool/04/P8180166.ORF,1880.3486328125,999.9691162109375,Red Laser,f
72871,509,133113,/fishsense_data/__unsorted-data/2023.08.18.FishSense.Host01s Pool/04/P8180173.ORF,1931.344970703125,1161.8388671875,Red Laser,f
72872,509,133123,/fishsense_data/__unsorted-data/2023.08.18.FishSense.Host01s Pool/04/P8180183.ORF,1965.973388671875,1276.5003662109375,Red Laser,f
72873,509,133134,/fishsense_data/__unsorted-data/2023.08.18.FishSense.Host01s Pool/04/P8180194.ORF,1988.4178466796877,1354.51171875,Red Laser,f
72875,509,133139,/fishsense_data/__unsorted-data/2023.08.18.FishSense.Host01s Pool/04/P8180199.ORF,1999.2015380859377,1386.476806640625,Red Laser,f
72883,509,133141,/fishsense_data/__unsorted-data/2023.08.18.FishSense.Host01s Pool/04/P8180201.ORF,1999.9972204190822,1391.4226661386588,Red Laser,f
72884,509,133146,/fishsense_data/__unsorted-data/2023.08.18.FishSense.Host01s Pool/04/P8180206.ORF,2003.4173753627902,1399.2733731295511,Red Laser,f
72879,509,133151,/fishsense_data/__unsorted-data/2023.08.18.FishSense.Host01s Pool/04/P8180211.ORF,2008.3565673828127,1413.9434814453123,Red Laser,f
72881,509,133157,/fishsense_data/__unsorted-data/2023.08.18.FishSense.Host01s Pool/04/P8180217.ORF,2007.68347396541,1414.8670950621129,Red Laser,f
72882,509,133162,/fishsense_data/__unsorted-data/2023.08.18.FishSense.Host01s Pool/04/P8180222.ORF,,,,f
72885,509,133164,/fishsense_data/__unsorted-data/2023.08.18.FishSense.Host01s Pool/04/P8180224.ORF,2244.7513616062815,1431.4940044987159,Red Laser,t
72886,509,133171,/fishsense_data/__unsorted-data/2023.08.18.FishSense.Host01s Pool/04/P8180231.ORF,2007.1494140624998,1414.1035156250002,Red Laser,f
72887,509,133176,/fishsense_data/__unsorted-data/2023.08.18.FishSense.Host01s Pool/04/P8180236.ORF,1993.3101806640625,1369.5760498046875,Red Laser,f
72888,509,133178,/fishsense_data/__unsorted-data/2023.08.18.FishSense.Host01s Pool/04/P8180238.ORF,1991.1361083984377,1362.3682861328125,Red Laser,f
72891,509,133186,/fishsense_data/__unsorted-data/2023.08.18.FishSense.Host01s Pool/04/P8180246.ORF,1972.8292236328123,1300.8369140625,Red Laser,f
72889,509,133195,/fishsense_data/__unsorted-data/2023.08.18.FishSense.Host01s Pool/04/P8180255.ORF,1745.669501732318,586.8531836042243,Red Laser,f
72890,509,133200,/fishsense_data/__unsorted-data/2023.08.18.FishSense.Host01s Pool/04/P8180260.ORF,1822.5654296875,818.949951171875,Red Laser,f
72819,509,133205,/fishsense_data/__unsorted-data/2023.08.18.FishSense.Host01s Pool/04/P8180265.ORF,1952.4805908203125,1225.2442626953125,Red Laser,t
72894,509,133212,/fishsense_data/__unsorted-data/2023.08.18.FishSense.Host01s Pool/04/P8180272.ORF,1989.3502197265627,1352.434326171875,Red Laser,f
72893,509,133217,/fishsense_data/__unsorted-data/2023.08.18.FishSense.Host01s Pool/04/P8180277.ORF,1997.6129150390627,1376.38623046875,Red Laser,f
72892,509,133221,/fishsense_data/__unsorted-data/2023.08.18.FishSense.Host01s Pool/04/P8180281.ORF,2100.1699218750005,1376.8663330078125,Red Laser,t
72895,509,133226,/fishsense_data/__unsorted-data/2023.08.18.FishSense.Host01s Pool/04/P8180286.ORF,,,,f
72896,509,133231,/fishsense_data/__unsorted-data/2023.08.18.FishSense.Host01s Pool/04/P8180291.ORF,,,,f
72822,509,133236,/fishsense_data/__unsorted-data/2023.08.18.FishSense.Host01s Pool/04/P8180296.ORF,,,,f
72897,509,133242,/fishsense_data/__unsorted-data/2023.08.18.FishSense.Host01s Pool/04/P8180302.ORF,1994.96142578125,1373.8087158203125,Red Laser,f
72898,509,133244,/fishsense_data/__unsorted-data/2023.08.18.FishSense.Host01s Pool/04/P8180304.ORF,1997.2111816406248,1382.7213134765625,Red Laser,f
72899,509,133247,/fishsense_data/__unsorted-data/2023.08.18.FishSense.Host01s Pool/04/P8180307.ORF,1995.729736328125,1377.5096435546875,Red Laser,f
72900,509,133249,/fishsense_data/__unsorted-data/2023.08.18.FishSense.Host01s Pool/04/P8180309.ORF,1995.8455810546875,1376.8160400390623,Red Laser,f
72901,509,133252,/fishsense_data/__unsorted-data/2023.08.18.FishSense.Host01s Pool/04/P8180312.ORF,1994.513916015625,1372.74365234375,Red Laser,f
72974,509,133180,/fishsense_data/__unsorted-data/2023.08.18.FishSense.Host01s Pool/04/P8180240.ORF,1988.95751953125,1354.89208984375,Red Laser,f
73036,509,133185,/fishsense_data/__unsorted-data/2023.08.18.FishSense.Host01s Pool/04/P8180245.ORF,1974.7720947265625,1310.017333984375,Red Laser,f
72972,509,133190,/fishsense_data/__unsorted-data/2023.08.18.FishSense.Host01s Pool/04/P8180250.ORF,1900.8404541015625,1073.34814453125,Red Laser,f
72975,509,133194,/fishsense_data/__unsorted-data/2023.08.18.FishSense.Host01s Pool/04/P8180254.ORF,1802.9268798828125,767.2638549804688,Red Laser,f
73032,509,133199,/fishsense_data/__unsorted-data/2023.08.18.FishSense.Host01s Pool/04/P8180259.ORF,1771.466666666667,676,Red Laser,t
72976,509,133204,/fishsense_data/__unsorted-data/2023.08.18.FishSense.Host01s Pool/04/P8180264.ORF,1938.6510009765625,1184.95556640625,Red Laser,f
72977,509,133209,/fishsense_data/__unsorted-data/2023.08.18.FishSense.Host01s Pool/04/P8180269.ORF,1980.234375,1322.851806640625,Red Laser,f
72978,509,133211,/fishsense_data/__unsorted-data/2023.08.18.FishSense.Host01s Pool/04/P8180271.ORF,1985.7036132812498,1338.9060058593752,Red Laser,f
72980,509,133214,/fishsense_data/__unsorted-data/2023.08.18.FishSense.Host01s Pool/04/P8180274.ORF,1993.5079345703125,1366.770263671875,Red Laser,f
73033,509,133222,/fishsense_data/__unsorted-data/2023.08.18.FishSense.Host01s Pool/04/P8180282.ORF,,,,f
72982,509,133227,/fishsense_data/__unsorted-data/2023.08.18.FishSense.Host01s Pool/04/P8180287.ORF,,,,f
72979,509,133232,/fishsense_data/__unsorted-data/2023.08.18.FishSense.Host01s Pool/04/P8180292.ORF,,,,f
73035,509,133237,/fishsense_data/__unsorted-data/2023.08.18.FishSense.Host01s Pool/04/P8180297.ORF,,,,f
72981,509,133241,/fishsense_data/__unsorted-data/2023.08.18.FishSense.Host01s Pool/04/P8180301.ORF,1993.2862548828123,1368.694091796875,Red Laser,f
73083,509,133243,/fishsense_data/__unsorted-data/2023.08.18.FishSense.Host01s Pool/04/P8180303.ORF,1997.192138671875,1382.2609863281248,Red Laser,f
73034,509,133261,/fishsense_data/__unsorted-data/2023.08.18.FishSense.Host01s Pool/04/P8180321.ORF,1987.220458984375,1350.836669921875,Red Laser,f
72983,509,133266,/fishsense_data/__unsorted-data/2023.08.18.FishSense.Host01s Pool/04/P8180326.ORF,1974.185791015625,1307.9869384765625,Red Laser,f
73037,509,133271,/fishsense_data/__unsorted-data/2023.08.18.FishSense.Host01s Pool/04/P8180331.ORF,1958.0593261718748,1256.7161865234375,Red Laser,f
73038,509,133276,/fishsense_data/__unsorted-data/2023.08.18.FishSense.Host01s Pool/04/P8180336.ORF,1929.1416015624998,1163.7623291015623,Red Laser,f
72984,509,133281,/fishsense_data/__unsorted-data/2023.08.18.FishSense.Host01s Pool/04/P8180341.ORF,1701.4443191764994,504.1186793179511,Red Laser,t
72985,509,133286,/fishsense_data/__unsorted-data/2023.08.18.FishSense.Host01s Pool/04/P8180346.ORF,1937.229736328125,1189.77392578125,Red Laser,f
72991,509,133295,/fishsense_data/__unsorted-data/2023.08.18.FishSense.Host01s Pool/04/P8180355.ORF,1908.4185791015625,1101.3865966796875,Red Laser,f
72993,509,133300,/fishsense_data/__unsorted-data/2023.08.18.FishSense.Host01s Pool/04/P8180360.ORF,1965.6217041015625,1285.4530029296877,Red Laser,f
72986,509,133305,/fishsense_data/__unsorted-data/2023.08.18.FishSense.Host01s Pool/04/P8180365.ORF,1984.56201171875,1347.099853515625,Red Laser,t
73039,509,133310,/fishsense_data/__unsorted-data/2023.08.18.FishSense.Host01s Pool/04/P8180370.ORF,1996.6180419921875,1383.551025390625,Red Laser,f
72987,509,133090,/fishsense_data/__unsorted-data/2023.08.18.FishSense.Host01s Pool/04/P8180150.ORF,1985.4333496093752,1328.8414306640625,Red Laser,t
73040,509,133092,/fishsense_data/__unsorted-data/2023.08.18.FishSense.Host01s Pool/04/P8180152.ORF,1977.8867187500002,1308.1896972656248,Red Laser,f
72992,509,133095,/fishsense_data/__unsorted-data/2023.08.18.FishSense.Host01s Pool/04/P8180155.ORF,1960.73974609375,1255.724853515625,Red Laser,f
73041,509,133100,/fishsense_data/__unsorted-data/2023.08.18.FishSense.Host01s Pool/04/P8180160.ORF,1913.22314453125,1102.1773681640625,Red Laser,t
73042,509,133105,/fishsense_data/__unsorted-data/2023.08.18.FishSense.Host01s Pool/04/P8180165.ORF,1905.3363037109377,1081.3521728515623,Red Laser,f
72994,509,133110,/fishsense_data/__unsorted-data/2023.08.18.FishSense.Host01s Pool/04/P8180170.ORF,1817.614501953125,805.8627319335938,Red Laser,f
72995,509,133115,/fishsense_data/__unsorted-data/2023.08.18.FishSense.Host01s Pool/04/P8180175.ORF,1969.1506347656248,1285.2896728515625,Red Laser,f
72990,509,133116,/fishsense_data/__unsorted-data/2023.08.18.FishSense.Host01s Pool/04/P8180176.ORF,1976.7183837890625,1310.84326171875,Red Laser,f
73043,509,133119,/fishsense_data/__unsorted-data/2023.08.18.FishSense.Host01s Pool/04/P8180179.ORF,1989.2735595703125,1350.6236572265625,Red Laser,f
72999,509,133121,/fishsense_data/__unsorted-data/2023.08.18.FishSense.Host01s Pool/04/P8180181.ORF,1986.525146484375,1342.177734375,Red Laser,f
73044,509,133127,/fishsense_data/__unsorted-data/2023.08.18.FishSense.Host01s Pool/04/P8180187.ORF,1979.7995605468752,1324.0341796875,Red Laser,f
72988,509,133129,/fishsense_data/__unsorted-data/2023.08.18.FishSense.Host01s Pool/04/P8180189.ORF,1970.3096923828125,1310.67333984375,Red Laser,t
72996,509,133133,/fishsense_data/__unsorted-data/2023.08.18.FishSense.Host01s Pool/04/P8180193.ORF,1985.4173583984375,1343.3028564453125,Red Laser,f
72919,509,133114,/fishsense_data/__unsorted-data/2023.08.18.FishSense.Host01s Pool/04/P8180174.ORF,1944.6635742187498,1208.0565185546875,Red Laser,f
72935,509,133118,/fishsense_data/__unsorted-data/2023.08.18.FishSense.Host01s Pool/04/P8180178.ORF,1984.061279296875,1333.49609375,Red Laser,f
72920,509,133125,/fishsense_data/__unsorted-data/2023.08.18.FishSense.Host01s Pool/04/P8180185.ORF,1979.1455078125,1318.1240234375,Red Laser,f
72921,509,133130,/fishsense_data/__unsorted-data/2023.08.18.FishSense.Host01s Pool/04/P8180190.ORF,1976.50927734375,1319.6201171875,Red Laser,f
72821,509,133135,/fishsense_data/__unsorted-data/2023.08.18.FishSense.Host01s Pool/04/P8180195.ORF,1990.8302001953125,1360.5076904296875,Red Laser,f
72927,509,133142,/fishsense_data/__unsorted-data/2023.08.18.FishSense.Host01s Pool/04/P8180202.ORF,2000.5931396484373,1390.4371337890625,Red Laser,f
72924,509,133149,/fishsense_data/__unsorted-data/2023.08.18.FishSense.Host01s Pool/04/P8180209.ORF,2006.016272080722,1407.6536765478522,Red Laser,f
72926,509,133155,/fishsense_data/__unsorted-data/2023.08.18.FishSense.Host01s Pool/04/P8180215.ORF,,,,f
72923,509,133160,/fishsense_data/__unsorted-data/2023.08.18.FishSense.Host01s Pool/04/P8180220.ORF,,,,f
72818,509,133165,/fishsense_data/__unsorted-data/2023.08.18.FishSense.Host01s Pool/04/P8180225.ORF,2013.4903791460547,1431.0284096034777,Red Laser,f
72925,509,133170,/fishsense_data/__unsorted-data/2023.08.18.FishSense.Host01s Pool/04/P8180230.ORF,2008.6756591796875,1441.2034912109375,Red Laser,t
72929,509,133175,/fishsense_data/__unsorted-data/2023.08.18.FishSense.Host01s Pool/04/P8180235.ORF,1994.10888671875,1372.2822265625,Red Laser,f
72934,509,133177,/fishsense_data/__unsorted-data/2023.08.18.FishSense.Host01s Pool/04/P8180237.ORF,1991.296875,1364.108154296875,Red Laser,f
72928,509,133182,/fishsense_data/__unsorted-data/2023.08.18.FishSense.Host01s Pool/04/P8180242.ORF,1982.7049560546875,1336.4405517578125,Red Laser,f
72932,509,133184,/fishsense_data/__unsorted-data/2023.08.18.FishSense.Host01s Pool/04/P8180244.ORF,1977.2268066406252,1318.9466552734375,Red Laser,f
73013,509,133189,/fishsense_data/__unsorted-data/2023.08.18.FishSense.Host01s Pool/04/P8180249.ORF,1928.4189453125,1164.1422119140623,Red Laser,f
72933,509,133193,/fishsense_data/__unsorted-data/2023.08.18.FishSense.Host01s Pool/04/P8180253.ORF,1841.77294921875,887.6766357421875,Red Laser,f
73012,509,133198,/fishsense_data/__unsorted-data/2023.08.18.FishSense.Host01s Pool/04/P8180258.ORF,1939.68017578125,1189.7396240234373,Red Laser,f
72931,509,133203,/fishsense_data/__unsorted-data/2023.08.18.FishSense.Host01s Pool/04/P8180263.ORF,1924.112548828125,1141.1906738281252,Red Laser,f
72936,509,133208,/fishsense_data/__unsorted-data/2023.08.18.FishSense.Host01s Pool/04/P8180268.ORF,1973.834716796875,1305.4288330078125,Red Laser,f
72930,509,133216,/fishsense_data/__unsorted-data/2023.08.18.FishSense.Host01s Pool/04/P8180276.ORF,1997.5104980468748,1377.3184814453125,Red Laser,f
72937,509,133219,/fishsense_data/__unsorted-data/2023.08.18.FishSense.Host01s Pool/04/P8180279.ORF,2000.0074462890627,1385.8232421875,Red Laser,f
72938,509,133224,/fishsense_data/__unsorted-data/2023.08.18.FishSense.Host01s Pool/04/P8180284.ORF,,,,f
73015,509,133229,/fishsense_data/__unsorted-data/2023.08.18.FishSense.Host01s Pool/04/P8180289.ORF,,,,f
73014,509,133234,/fishsense_data/__unsorted-data/2023.08.18.FishSense.Host01s Pool/04/P8180294.ORF,,,,f
72939,509,133239,/fishsense_data/__unsorted-data/2023.08.18.FishSense.Host01s Pool/04/P8180299.ORF,,,,f
72942,509,133248,/fishsense_data/__unsorted-data/2023.08.18.FishSense.Host01s Pool/04/P8180308.ORF,1995.678955078125,1377.285400390625,Red Laser,f
73016,509,133251,/fishsense_data/__unsorted-data/2023.08.18.FishSense.Host01s Pool/04/P8180311.ORF,1994.9454345703127,1374.96826171875,Red Laser,f
73097,509,133246,/fishsense_data/__unsorted-data/2023.08.18.FishSense.Host01s Pool/04/P8180306.ORF,1997.0054931640625,1382.1005859374998,Red Laser,f
72963,509,133128,/fishsense_data/__unsorted-data/2023.08.18.FishSense.Host01s Pool/04/P8180188.ORF,1984.8535156250002,1340.1136474609375,Red Laser,f
72964,509,133131,/fishsense_data/__unsorted-data/2023.08.18.FishSense.Host01s Pool/04/P8180191.ORF,1981.5166015625,1333.5357666015625,Red Laser,f
72965,509,133136,/fishsense_data/__unsorted-data/2023.08.18.FishSense.Host01s Pool/04/P8180196.ORF,1993.6287841796875,1370.5909423828125,Red Laser,f
72966,509,133140,/fishsense_data/__unsorted-data/2023.08.18.FishSense.Host01s Pool/04/P8180200.ORF,2002.27294921875,1395.956787109375,Red Laser,f
72967,509,133143,/fishsense_data/__unsorted-data/2023.08.18.FishSense.Host01s Pool/04/P8180203.ORF,2000.69287109375,1391.1644287109375,Red Laser,f
72971,509,133147,/fishsense_data/__unsorted-data/2023.08.18.FishSense.Host01s Pool/04/P8180207.ORF,2003.9420166015625,1402.029052734375,Red Laser,f
73031,509,133152,/fishsense_data/__unsorted-data/2023.08.18.FishSense.Host01s Pool/04/P8180212.ORF,2008.2459957291683,1416.530156785377,Red Laser,f
72968,509,133158,/fishsense_data/__unsorted-data/2023.08.18.FishSense.Host01s Pool/04/P8180218.ORF,,,,f
72973,509,133163,/fishsense_data/__unsorted-data/2023.08.18.FishSense.Host01s Pool/04/P8180223.ORF,2015.3834228515623,1437.864501953125,Red Laser,f
72970,509,133168,/fishsense_data/__unsorted-data/2023.08.18.FishSense.Host01s Pool/04/P8180228.ORF,2009.9941406249998,1426.3731689453125,Red Laser,f
72969,509,133173,/fishsense_data/__unsorted-data/2023.08.18.FishSense.Host01s Pool/04/P8180233.ORF,2000.5777587890625,1396.363525390625,Red Laser,f
73051,509,133179,/fishsense_data/__unsorted-data/2023.08.18.FishSense.Host01s Pool/04/P8180239.ORF,1990.5084228515623,1360.5260009765625,Red Laser,f
73053,509,133181,/fishsense_data/__unsorted-data/2023.08.18.FishSense.Host01s Pool/04/P8180241.ORF,1986.426513671875,1348.759033203125,Red Laser,f
73087,509,133183,/fishsense_data/__unsorted-data/2023.08.18.FishSense.Host01s Pool/04/P8180243.ORF,1980.90966796875,1330.3790283203125,Red Laser,f
73050,509,133187,/fishsense_data/__unsorted-data/2023.08.18.FishSense.Host01s Pool/04/P8180247.ORF,1965.0633544921875,1278.9405517578123,Red Laser,f
73052,509,133188,/fishsense_data/__unsorted-data/2023.08.18.FishSense.Host01s Pool/04/P8180248.ORF,1942.4156494140625,1206.089111328125,Red Laser,f
73085,509,133191,/fishsense_data/__unsorted-data/2023.08.18.FishSense.Host01s Pool/04/P8180251.ORF,1879.5235595703125,1006.1491088867188,Red Laser,f
73086,509,133192,/fishsense_data/__unsorted-data/2023.08.18.FishSense.Host01s Pool/04/P8180252.ORF,1898.98583984375,1073.896240234375,Red Laser,f
73054,509,133196,/fishsense_data/__unsorted-data/2023.08.18.FishSense.Host01s Pool/04/P8180256.ORF,1833.5399169921875,857.2731323242188,Red Laser,f
73056,509,133197,/fishsense_data/__unsorted-data/2023.08.18.FishSense.Host01s Pool/04/P8180257.ORF,1928.92529296875,1159.8925781250002,Red Laser,f
73060,509,133201,/fishsense_data/__unsorted-data/2023.08.18.FishSense.Host01s Pool/04/P8180261.ORF,1861.0421142578125,941.6875,Red Laser,f
73055,509,133202,/fishsense_data/__unsorted-data/2023.08.18.FishSense.Host01s Pool/04/P8180262.ORF,1888.93896484375,1031.5294189453125,Red Laser,f
73003,509,133206,/fishsense_data/__unsorted-data/2023.08.18.FishSense.Host01s Pool/04/P8180266.ORF,1960.117919921875,1257.4108886718752,Red Laser,f
73058,509,133207,/fishsense_data/__unsorted-data/2023.08.18.FishSense.Host01s Pool/04/P8180267.ORF,1968.8975830078123,1287.3962402343748,Red Laser,f
73057,509,133210,/fishsense_data/__unsorted-data/2023.08.18.FishSense.Host01s Pool/04/P8180270.ORF,1984.5399169921875,1332.061279296875,Red Laser,f
73000,509,133213,/fishsense_data/__unsorted-data/2023.08.18.FishSense.Host01s Pool/04/P8180273.ORF,1992.32080078125,1357.7479248046875,Red Laser,f
73059,509,133215,/fishsense_data/__unsorted-data/2023.08.18.FishSense.Host01s Pool/04/P8180275.ORF,1995.3055419921873,1370.119140625,Red Laser,f
73001,509,133218,/fishsense_data/__unsorted-data/2023.08.18.FishSense.Host01s Pool/04/P8180278.ORF,1998.54248046875,1380.9813232421875,Red Laser,f
73008,509,133220,/fishsense_data/__unsorted-data/2023.08.18.FishSense.Host01s Pool/04/P8180280.ORF,2001.306884765625,1390.190185546875,Red Laser,f
73061,509,133223,/fishsense_data/__unsorted-data/2023.08.18.FishSense.Host01s Pool/04/P8180283.ORF,2011.26318359375,1420.1732177734375,Red Laser,f
73062,509,133225,/fishsense_data/__unsorted-data/2023.08.18.FishSense.Host01s Pool/04/P8180285.ORF,,,,f
73064,509,133228,/fishsense_data/__unsorted-data/2023.08.18.FishSense.Host01s Pool/04/P8180288.ORF,,,,f
73088,509,133230,/fishsense_data/__unsorted-data/2023.08.18.FishSense.Host01s Pool/04/P8180290.ORF,2009.4167971308186,1419.4858615103951,Red Laser,f
73063,509,133233,/fishsense_data/__unsorted-data/2023.08.18.FishSense.Host01s Pool/04/P8180293.ORF,2014.0406494140625,1433.3594970703125,Red Laser,f
73075,509,133235,/fishsense_data/__unsorted-data/2023.08.18.FishSense.Host01s Pool/04/P8180295.ORF,,,,f
73065,509,133238,/fishsense_data/__unsorted-data/2023.08.18.FishSense.Host01s Pool/04/P8180298.ORF,,,,f
73004,509,133240,/fishsense_data/__unsorted-data/2023.08.18.FishSense.Host01s Pool/04/P8180300.ORF,,,,f
73066,509,133245,/fishsense_data/__unsorted-data/2023.08.18.FishSense.Host01s Pool/04/P8180305.ORF,1997.17333984375,1382.3066406250002,Red Laser,f
73067,509,133256,/fishsense_data/__unsorted-data/2023.08.18.FishSense.Host01s Pool/04/P8180316.ORF,1991.025146484375,1361.590576171875,Red Laser,f
73068,509,133265,/fishsense_data/__unsorted-data/2023.08.18.FishSense.Host01s Pool/04/P8180325.ORF,1977.1010742187498,1318.25341796875,Red Laser,f
73089,509,133269,/fishsense_data/__unsorted-data/2023.08.18.FishSense.Host01s Pool/04/P8180329.ORF,1966.8785136644553,1286.699711159697,Red Laser,f
73002,509,133274,/fishsense_data/__unsorted-data/2023.08.18.FishSense.Host01s Pool/04/P8180334.ORF,1939.010498046875,1196.746826171875,Red Laser,f
73090,509,133279,/fishsense_data/__unsorted-data/2023.08.18.FishSense.Host01s Pool/04/P8180339.ORF,1872.3540039062498,984.5783081054689,Red Laser,f
73091,509,133284,/fishsense_data/__unsorted-data/2023.08.18.FishSense.Host01s Pool/04/P8180344.ORF,1888.08935546875,1036.7713623046873,Red Laser,f
73094,509,133289,/fishsense_data/__unsorted-data/2023.08.18.FishSense.Host01s Pool/04/P8180349.ORF,1961.8236083984375,1270.047119140625,Red Laser,f
73093,509,133293,/fishsense_data/__unsorted-data/2023.08.18.FishSense.Host01s Pool/04/P8180353.ORF,1793.157470703125,755.6884155273438,Red Laser,t
73069,509,133298,/fishsense_data/__unsorted-data/2023.08.18.FishSense.Host01s Pool/04/P8180358.ORF,1947.4047851562502,1224.01611328125,Red Laser,f
73092,509,133303,/fishsense_data/__unsorted-data/2023.08.18.FishSense.Host01s Pool/04/P8180363.ORF,1980.7947998046877,1332.517822265625,Red Laser,f
73071,509,133308,/fishsense_data/__unsorted-data/2023.08.18.FishSense.Host01s Pool/04/P8180368.ORF,1992.4526367187498,1371.3004150390625,Red Laser,f
73074,509,133313,/fishsense_data/__unsorted-data/2023.08.18.FishSense.Host01s Pool/04/P8180373.ORF,2001.505859375,1400.3922119140625,Red Laser,t
73070,509,133317,/fishsense_data/__unsorted-data/2023.08.18.FishSense.Host01s Pool/04/P8180377.ORF,2003.1292724609375,1404.3048095703123,Red Laser,f
73006,509,133322,/fishsense_data/__unsorted-data/2023.08.18.FishSense.Host01s Pool/04/P8180382.ORF,2007.38708588799,1420.6095148956376,Red Laser,t
73095,509,133327,/fishsense_data/__unsorted-data/2023.08.18.FishSense.Host01s Pool/04/P8180387.ORF,,,,f
73096,509,133332,/fishsense_data/__unsorted-data/2023.08.18.FishSense.Host01s Pool/04/P8180392.ORF,1993.4423828125,1374.19580078125,Red Laser,f
73076,509,133337,/fishsense_data/__unsorted-data/2023.08.18.FishSense.Host01s Pool/04/P8180397.ORF,1962.5469970703127,1275.8117675781248,Red Laser,f
73072,509,133341,/fishsense_data/__unsorted-data/2023.08.18.FishSense.Host01s Pool/04/P8180401.ORF,1854.5814208984375,933.9907226562501,Red Laser,f
73118,509,133297,/fishsense_data/__unsorted-data/2023.08.18.FishSense.Host01s Pool/04/P8180357.ORF,1937.9334716796873,1192.1092529296875,Red Laser,f
73010,509,133302,/fishsense_data/__unsorted-data/2023.08.18.FishSense.Host01s Pool/04/P8180362.ORF,1977.242431640625,1320.5897216796875,Red Laser,f
73011,509,133307,/fishsense_data/__unsorted-data/2023.08.18.FishSense.Host01s Pool/04/P8180367.ORF,1991.5218505859375,1363.8133544921875,Red Laser,f
73121,509,133312,/fishsense_data/__unsorted-data/2023.08.18.FishSense.Host01s Pool/04/P8180372.ORF,2000.7744140624998,1398.198974609375,Red Laser,t
73117,509,133316,/fishsense_data/__unsorted-data/2023.08.18.FishSense.Host01s Pool/04/P8180376.ORF,2002.0579833984375,1402.552490234375,Red Laser,t
73120,509,133321,/fishsense_data/__unsorted-data/2023.08.18.FishSense.Host01s Pool/04/P8180381.ORF,2007.6248399091075,1418.118710188068,Red Laser,f
73124,509,133326,/fishsense_data/__unsorted-data/2023.08.18.FishSense.Host01s Pool/04/P8180386.ORF,,,,f
73122,509,133331,/fishsense_data/__unsorted-data/2023.08.18.FishSense.Host01s Pool/04/P8180391.ORF,1997.434198681765,1392.5545983322945,Red Laser,t
73131,509,133336,/fishsense_data/__unsorted-data/2023.08.18.FishSense.Host01s Pool/04/P8180396.ORF,1968.1218261718752,1293.8885498046873,Red Laser,f
73123,509,133315,/fishsense_data/__unsorted-data/2023.08.18.FishSense.Host01s Pool/04/P8180375.ORF,2000.8800048828125,1398.2012939453125,Red Laser,t
73127,509,133319,/fishsense_data/__unsorted-data/2023.08.18.FishSense.Host01s Pool/04/P8180379.ORF,2005.2303466796875,1408.423583984375,Red Laser,f
73126,509,133324,/fishsense_data/__unsorted-data/2023.08.18.FishSense.Host01s Pool/04/P8180384.ORF,2012.0850830078125,1431.1640625,Red Laser,f
73129,509,133329,/fishsense_data/__unsorted-data/2023.08.18.FishSense.Host01s Pool/04/P8180389.ORF,,,,f
73125,509,133334,/fishsense_data/__unsorted-data/2023.08.18.FishSense.Host01s Pool/04/P8180394.ORF,1982.1444091796875,1337.849365234375,Red Laser,f
73128,509,133339,/fishsense_data/__unsorted-data/2023.08.18.FishSense.Host01s Pool/04/P8180399.ORF,1941.7828369140625,1208.36181640625,Red Laser,f
73130,509,133343,/fishsense_data/__unsorted-data/2023.08.18.FishSense.Host01s Pool/04/P8180403.ORF,1767.958638236289,658.520359931375,Red Laser,f
73531,518,133785,/fishsense_data/__unsorted-data/2023.08.18.FishSense.Host01s Pool/07/LaserCalibration/P8180001.ORF,1979.6395263671875,1194.7640380859375,Red Laser,t
73522,518,133786,/fishsense_data/__unsorted-data/2023.08.18.FishSense.Host01s Pool/07/LaserCalibration/P8180002.ORF,1975.5220947265625,1168.6208496093752,Red Laser,f
73523,518,133787,/fishsense_data/__unsorted-data/2023.08.18.FishSense.Host01s Pool/07/LaserCalibration/P8180003.ORF,1985.9556884765627,1200.5030517578127,Red Laser,f
73524,518,133788,/fishsense_data/__unsorted-data/2023.08.18.FishSense.Host01s Pool/07/LaserCalibration/P8180004.ORF,2003.946044921875,1257.7071533203123,Red Laser,f
73547,518,133796,/fishsense_data/__unsorted-data/2023.08.18.FishSense.Host01s Pool/07/LaserCalibration/P8180012.ORF,2035.0263671874998,1357.2369384765625,Red Laser,f
73549,518,133801,/fishsense_data/__unsorted-data/2023.08.18.FishSense.Host01s Pool/07/LaserCalibration/P8180017.ORF,2040.177978515625,1370.976806640625,Red Laser,f
73552,518,133797,/fishsense_data/__unsorted-data/2023.08.18.FishSense.Host01s Pool/07/LaserCalibration/P8180013.ORF,2036.7576904296875,1361.0618896484375,Red Laser,f
73551,518,133803,/fishsense_data/__unsorted-data/2023.08.18.FishSense.Host01s Pool/07/LaserCalibration/P8180019.ORF,2042.28857421875,1377.234619140625,Red Laser,f
73553,518,133806,/fishsense_data/__unsorted-data/2023.08.18.FishSense.Host01s Pool/07/LaserCalibration/P8180022.ORF,2043.209716796875,1387.037109375,Red Laser,f
73571,518,133810,/fishsense_data/__unsorted-data/2023.08.18.FishSense.Host01s Pool/07/LaserCalibration/P8180026.ORF,2047.0778808593752,1396.4788818359375,Red Laser,f
73554,518,133815,/fishsense_data/__unsorted-data/2023.08.18.FishSense.Host01s Pool/07/LaserCalibration/P8180031.ORF,2054.3168945312505,1416.605712890625,Red Laser,f
73559,518,133820,/fishsense_data/__unsorted-data/2023.08.18.FishSense.Host01s Pool/07/LaserCalibration/P8180036.ORF,2056.3884277343745,1423.303466796875,Red Laser,f
73556,518,133825,/fishsense_data/__unsorted-data/2023.08.18.FishSense.Host01s Pool/07/LaserCalibration/P8180041.ORF,,,,f
73567,518,133830,/fishsense_data/__unsorted-data/2023.08.18.FishSense.Host01s Pool/07/LaserCalibration/P8180046.ORF,2064.0549316406245,1448.33935546875,Red Laser,f
73557,518,133839,/fishsense_data/__unsorted-data/2023.08.18.FishSense.Host01s Pool/07/LaserCalibration/P8180055.ORF,,,,f
73558,518,133844,/fishsense_data/__unsorted-data/2023.08.18.FishSense.Host01s Pool/07/LaserCalibration/P8180060.ORF,2061.5686035156255,1443.498291015625,Red Laser,f
73560,518,133849,/fishsense_data/__unsorted-data/2023.08.18.FishSense.Host01s Pool/07/LaserCalibration/P8180065.ORF,,,,f
73564,518,133854,/fishsense_data/__unsorted-data/2023.08.18.FishSense.Host01s Pool/07/LaserCalibration/P8180070.ORF,2055.2910156249995,1422.9376220703125,Red Laser,f
73566,518,133859,/fishsense_data/__unsorted-data/2023.08.18.FishSense.Host01s Pool/07/LaserCalibration/P8180075.ORF,2048.4621582031245,1403.5628662109377,Red Laser,f
73561,518,133863,/fishsense_data/__unsorted-data/2023.08.18.FishSense.Host01s Pool/07/LaserCalibration/P8180079.ORF,2046.8638916015625,1397.28271484375,Red Laser,f
73568,518,133868,/fishsense_data/__unsorted-data/2023.08.18.FishSense.Host01s Pool/07/LaserCalibration/P8180084.ORF,2029.230712890625,1339.030029296875,Red Laser,f
73574,518,133873,/fishsense_data/__unsorted-data/2023.08.18.FishSense.Host01s Pool/07/LaserCalibration/P8180089.ORF,2000.3123779296875,1246.4906005859375,Red Laser,f
73601,518,133858,/fishsense_data/__unsorted-data/2023.08.18.FishSense.Host01s Pool/07/LaserCalibration/P8180074.ORF,2049.7900390625,1406.8653564453125,Red Laser,f
73608,518,133861,/fishsense_data/__unsorted-data/2023.08.18.FishSense.Host01s Pool/07/LaserCalibration/P8180077.ORF,2048.39208984375,1399.662109375,Red Laser,f
73610,518,133862,/fishsense_data/__unsorted-data/2023.08.18.FishSense.Host01s Pool/07/LaserCalibration/P8180078.ORF,2046.9791259765625,1398.5413818359375,Red Laser,f
73614,518,133864,/fishsense_data/__unsorted-data/2023.08.18.FishSense.Host01s Pool/07/LaserCalibration/P8180080.ORF,2044.9871826171877,1391.360107421875,Red Laser,f
73604,518,133866,/fishsense_data/__unsorted-data/2023.08.18.FishSense.Host01s Pool/07/LaserCalibration/P8180082.ORF,2033.6339111328125,1352.800048828125,Red Laser,f
73612,518,133867,/fishsense_data/__unsorted-data/2023.08.18.FishSense.Host01s Pool/07/LaserCalibration/P8180083.ORF,2032.1553955078125,1348.0545654296875,Red Laser,f
73607,518,133869,/fishsense_data/__unsorted-data/2023.08.18.FishSense.Host01s Pool/07/LaserCalibration/P8180085.ORF,2024.4570312499998,1324.850341796875,Red Laser,f
73605,518,133871,/fishsense_data/__unsorted-data/2023.08.18.FishSense.Host01s Pool/07/LaserCalibration/P8180087.ORF,2013.3062744140625,1287.9144287109377,Red Laser,f
73606,518,133872,/fishsense_data/__unsorted-data/2023.08.18.FishSense.Host01s Pool/07/LaserCalibration/P8180088.ORF,2007.5025634765625,1270.8388671875002,Red Laser,f
73609,518,133874,/fishsense_data/__unsorted-data/2023.08.18.FishSense.Host01s Pool/07/LaserCalibration/P8180090.ORF,1987.1102294921875,1205.9899902343752,Red Laser,f
73775,521,134031,/fishsense_data/__unsorted-data/2023.08.18.FishSense.Host01s Pool/08_18_Pool_Test_FSL-02/P8170003.ORF,,,,f
73766,521,134036,/fishsense_data/__unsorted-data/2023.08.18.FishSense.Host01s Pool/08_18_Pool_Test_FSL-02/P8170008.ORF,,,,f
73768,521,134041,/fishsense_data/__unsorted-data/2023.08.18.FishSense.Host01s Pool/08_18_Pool_Test_FSL-02/P8170013.ORF,,,,f
73769,521,134046,/fishsense_data/__unsorted-data/2023.08.18.FishSense.Host01s Pool/08_18_Pool_Test_FSL-02/P8170018.ORF,,,,f
73073,509,133250,/fishsense_data/__unsorted-data/2023.08.18.FishSense.Host01s Pool/04/P8180310.ORF,1995.3778076171875,1375.35400390625,Red Laser,f
73098,509,133255,/fishsense_data/__unsorted-data/2023.08.18.FishSense.Host01s Pool/04/P8180315.ORF,1992.2127685546875,1366.252685546875,Red Laser,f
73099,509,133258,/fishsense_data/__unsorted-data/2023.08.18.FishSense.Host01s Pool/04/P8180318.ORF,1990.06298828125,1361.4017333984375,Red Laser,f
73102,509,133264,/fishsense_data/__unsorted-data/2023.08.18.FishSense.Host01s Pool/04/P8180324.ORF,1980.5958251953125,1329.510986328125,Red Laser,f
73100,509,133267,/fishsense_data/__unsorted-data/2023.08.18.FishSense.Host01s Pool/04/P8180327.ORF,1971.8770751953125,1301.95947265625,Red Laser,f
73101,509,133272,/fishsense_data/__unsorted-data/2023.08.18.FishSense.Host01s Pool/04/P8180332.ORF,1951.047607421875,1233.4381103515627,Red Laser,f
73077,509,133277,/fishsense_data/__unsorted-data/2023.08.18.FishSense.Host01s Pool/04/P8180337.ORF,1919.4456787109375,1134.9660644531248,Red Laser,f
73103,509,133282,/fishsense_data/__unsorted-data/2023.08.18.FishSense.Host01s Pool/04/P8180342.ORF,1742.5801851008946,574.6382642998028,Red Laser,f
73078,509,133287,/fishsense_data/__unsorted-data/2023.08.18.FishSense.Host01s Pool/04/P8180347.ORF,1948.1209716796873,1224.4396972656248,Red Laser,f
73079,509,133291,/fishsense_data/__unsorted-data/2023.08.18.FishSense.Host01s Pool/04/P8180351.ORF,1977.0606689453125,1316.7203369140625,Red Laser,f
73080,509,133296,/fishsense_data/__unsorted-data/2023.08.18.FishSense.Host01s Pool/04/P8180356.ORF,1927.0711669921875,1160.3253173828123,Red Laser,f
73104,509,133301,/fishsense_data/__unsorted-data/2023.08.18.FishSense.Host01s Pool/04/P8180361.ORF,1972.220947265625,1303.5577392578125,Red Laser,f
73105,509,133306,/fishsense_data/__unsorted-data/2023.08.18.FishSense.Host01s Pool/04/P8180366.ORF,1988.4066162109373,1357.4422607421875,Red Laser,f
73106,509,133311,/fishsense_data/__unsorted-data/2023.08.18.FishSense.Host01s Pool/04/P8180371.ORF,1981.3033447265625,902.297119140625,Red Laser,t
73005,509,133320,/fishsense_data/__unsorted-data/2023.08.18.FishSense.Host01s Pool/04/P8180380.ORF,1997.6317798467205,1388.2262106999362,Red Laser,t
73007,509,133325,/fishsense_data/__unsorted-data/2023.08.18.FishSense.Host01s Pool/04/P8180385.ORF,,,,f
73107,509,133330,/fishsense_data/__unsorted-data/2023.08.18.FishSense.Host01s Pool/04/P8180390.ORF,,,,f
73108,509,133335,/fishsense_data/__unsorted-data/2023.08.18.FishSense.Host01s Pool/04/P8180395.ORF,1973.924072265625,1311.8154296875,Red Laser,f
73009,509,133340,/fishsense_data/__unsorted-data/2023.08.18.FishSense.Host01s Pool/04/P8180400.ORF,1919.3211669921877,1137.4570312499998,Red Laser,f
73831,521,134177,/fishsense_data/__unsorted-data/2023.08.18.FishSense.Host01s Pool/08_18_Pool_Test_FSL-02/P8170149.ORF,,,,f
73045,509,133138,/fishsense_data/__unsorted-data/2023.08.18.FishSense.Host01s Pool/04/P8180198.ORF,1998.260009765625,1379.484130859375,Red Laser,f
73046,509,133145,/fishsense_data/__unsorted-data/2023.08.18.FishSense.Host01s Pool/04/P8180205.ORF,2002.935302734375,1397.2506103515625,Red Laser,f
72989,509,133148,/fishsense_data/__unsorted-data/2023.08.18.FishSense.Host01s Pool/04/P8180208.ORF,2005.190185546875,1405.220947265625,Red Laser,f
72998,509,133153,/fishsense_data/__unsorted-data/2023.08.18.FishSense.Host01s Pool/04/P8180213.ORF,2010.450722189204,1423.5245855849319,Red Laser,f
73047,509,133154,/fishsense_data/__unsorted-data/2023.08.18.FishSense.Host01s Pool/04/P8180214.ORF,2010.6070556640623,1424.987060546875,Red Laser,f
72997,509,133167,/fishsense_data/__unsorted-data/2023.08.18.FishSense.Host01s Pool/04/P8180227.ORF,2012.3394775390625,1428.77880859375,Red Laser,f
73048,509,133169,/fishsense_data/__unsorted-data/2023.08.18.FishSense.Host01s Pool/04/P8180229.ORF,2008.1202392578125,1423.8785400390625,Red Laser,t
73084,509,133172,/fishsense_data/__unsorted-data/2023.08.18.FishSense.Host01s Pool/04/P8180232.ORF,2004.0379638671877,1404.6153564453125,Red Laser,f
73049,509,133174,/fishsense_data/__unsorted-data/2023.08.18.FishSense.Host01s Pool/04/P8180234.ORF,1996.9841308593752,1382.9864501953125,Red Laser,f
73081,509,133294,/fishsense_data/__unsorted-data/2023.08.18.FishSense.Host01s Pool/04/P8180354.ORF,1875.7803955078125,994.3345336914061,Red Laser,f
73082,509,133299,/fishsense_data/__unsorted-data/2023.08.18.FishSense.Host01s Pool/04/P8180359.ORF,1954.041259765625,1247.3618164062498,Red Laser,f
73109,509,133304,/fishsense_data/__unsorted-data/2023.08.18.FishSense.Host01s Pool/04/P8180364.ORF,1980.7001953125,1332.9671630859375,Red Laser,f
73111,509,133309,/fishsense_data/__unsorted-data/2023.08.18.FishSense.Host01s Pool/04/P8180369.ORF,1994.49267578125,1377.9453125,Red Laser,t
73110,509,133314,/fishsense_data/__unsorted-data/2023.08.18.FishSense.Host01s Pool/04/P8180374.ORF,1998.9043342662414,1395.0763080631284,Red Laser,t
73113,509,133318,/fishsense_data/__unsorted-data/2023.08.18.FishSense.Host01s Pool/04/P8180378.ORF,2002.97412109375,1407.6131591796875,Red Laser,t
73119,509,133323,/fishsense_data/__unsorted-data/2023.08.18.FishSense.Host01s Pool/04/P8180383.ORF,2004.7291259765625,1408.7545166015625,Red Laser,f
73112,509,133328,/fishsense_data/__unsorted-data/2023.08.18.FishSense.Host01s Pool/04/P8180388.ORF,,,,f
73116,509,133333,/fishsense_data/__unsorted-data/2023.08.18.FishSense.Host01s Pool/04/P8180393.ORF,1989.5859375,1361.2664794921875,Red Laser,f
73114,509,133338,/fishsense_data/__unsorted-data/2023.08.18.FishSense.Host01s Pool/04/P8180398.ORF,1951.746826171875,1240.950927734375,Red Laser,f
73115,509,133342,/fishsense_data/__unsorted-data/2023.08.18.FishSense.Host01s Pool/04/P8180402.ORF,1811.3743896484375,792.2001953125,Red Laser,f
73526,518,133789,/fishsense_data/__unsorted-data/2023.08.18.FishSense.Host01s Pool/07/LaserCalibration/P8180005.ORF,2013.29052734375,1276.66796875,Red Laser,t
73528,518,133790,/fishsense_data/__unsorted-data/2023.08.18.FishSense.Host01s Pool/07/LaserCalibration/P8180006.ORF,2020.0711669921875,1307.8237304687502,Red Laser,f
73525,518,133791,/fishsense_data/__unsorted-data/2023.08.18.FishSense.Host01s Pool/07/LaserCalibration/P8180007.ORF,2021.8040771484377,1313.2939453125,Red Laser,f
73529,518,133792,/fishsense_data/__unsorted-data/2023.08.18.FishSense.Host01s Pool/07/LaserCalibration/P8180008.ORF,2023.4754638671875,1318.84521484375,Red Laser,f
73527,518,133793,/fishsense_data/__unsorted-data/2023.08.18.FishSense.Host01s Pool/07/LaserCalibration/P8180009.ORF,2031.9210205078125,1346.1116943359375,Red Laser,f
73530,518,133794,/fishsense_data/__unsorted-data/2023.08.18.FishSense.Host01s Pool/07/LaserCalibration/P8180010.ORF,2032.541015625,1349.1881103515625,Red Laser,f
73532,518,133799,/fishsense_data/__unsorted-data/2023.08.18.FishSense.Host01s Pool/07/LaserCalibration/P8180015.ORF,2037.9888916015625,1366.6124267578125,Red Laser,f
73533,518,133795,/fishsense_data/__unsorted-data/2023.08.18.FishSense.Host01s Pool/07/LaserCalibration/P8180011.ORF,2033.7608642578125,1352.4443359375,Red Laser,f
73535,518,133800,/fishsense_data/__unsorted-data/2023.08.18.FishSense.Host01s Pool/07/LaserCalibration/P8180016.ORF,2038.9654541015627,1370.314453125,Red Laser,f
73534,518,133802,/fishsense_data/__unsorted-data/2023.08.18.FishSense.Host01s Pool/07/LaserCalibration/P8180018.ORF,2040.1219482421875,1374.8800048828125,Red Laser,f
73536,518,133808,/fishsense_data/__unsorted-data/2023.08.18.FishSense.Host01s Pool/07/LaserCalibration/P8180024.ORF,2046.0916748046875,1391.19775390625,Red Laser,f
73540,518,133812,/fishsense_data/__unsorted-data/2023.08.18.FishSense.Host01s Pool/07/LaserCalibration/P8180028.ORF,2050.7763671875,1409.5113525390625,Red Laser,f
73538,518,133817,/fishsense_data/__unsorted-data/2023.08.18.FishSense.Host01s Pool/07/LaserCalibration/P8180033.ORF,2054.275634765625,1418.7322998046875,Red Laser,f
73537,518,133822,/fishsense_data/__unsorted-data/2023.08.18.FishSense.Host01s Pool/07/LaserCalibration/P8180038.ORF,2057.2048339843755,1428.8310546875,Red Laser,f
73545,518,133827,/fishsense_data/__unsorted-data/2023.08.18.FishSense.Host01s Pool/07/LaserCalibration/P8180043.ORF,2061.676025390625,1437.676025390625,Red Laser,f
73539,518,133832,/fishsense_data/__unsorted-data/2023.08.18.FishSense.Host01s Pool/07/LaserCalibration/P8180048.ORF,2065.241363989522,1451.0574579829972,Red Laser,f
73543,518,133836,/fishsense_data/__unsorted-data/2023.08.18.FishSense.Host01s Pool/07/LaserCalibration/P8180052.ORF,,,,f
73542,518,133841,/fishsense_data/__unsorted-data/2023.08.18.FishSense.Host01s Pool/07/LaserCalibration/P8180057.ORF,,,,f
73541,518,133846,/fishsense_data/__unsorted-data/2023.08.18.FishSense.Host01s Pool/07/LaserCalibration/P8180062.ORF,,,,f
73544,518,133851,/fishsense_data/__unsorted-data/2023.08.18.FishSense.Host01s Pool/07/LaserCalibration/P8180067.ORF,2059.72998046875,1437.3079833984375,Red Laser,f
73550,518,133856,/fishsense_data/__unsorted-data/2023.08.18.FishSense.Host01s Pool/07/LaserCalibration/P8180072.ORF,2052.7353515625,1413.8353271484375,Red Laser,f
73555,518,133860,/fishsense_data/__unsorted-data/2023.08.18.FishSense.Host01s Pool/07/LaserCalibration/P8180076.ORF,2047.9403076171875,1402.8963623046875,Red Laser,f
73548,518,133865,/fishsense_data/__unsorted-data/2023.08.18.FishSense.Host01s Pool/07/LaserCalibration/P8180081.ORF,2044.0859375000002,1387.2138671875,Red Laser,f
73562,518,133870,/fishsense_data/__unsorted-data/2023.08.18.FishSense.Host01s Pool/07/LaserCalibration/P8180086.ORF,2016.6947021484377,1300.8455810546877,Red Laser,f
73546,518,133875,/fishsense_data/__unsorted-data/2023.08.18.FishSense.Host01s Pool/07/LaserCalibration/P8180091.ORF,1980.940673828125,1188.4555664062498,Red Laser,f
73563,518,133798,/fishsense_data/__unsorted-data/2023.08.18.FishSense.Host01s Pool/07/LaserCalibration/P8180014.ORF,2037.78515625,1363.3236083984375,Red Laser,f
73573,518,133804,/fishsense_data/__unsorted-data/2023.08.18.FishSense.Host01s Pool/07/LaserCalibration/P8180020.ORF,2043.0552978515625,1380.9648437500002,Red Laser,f
73565,518,133805,/fishsense_data/__unsorted-data/2023.08.18.FishSense.Host01s Pool/07/LaserCalibration/P8180021.ORF,2043.178955078125,1383.3348388671875,Red Laser,f
73569,518,133807,/fishsense_data/__unsorted-data/2023.08.18.FishSense.Host01s Pool/07/LaserCalibration/P8180023.ORF,2044.87060546875,1389.4156494140625,Red Laser,f
73570,518,133809,/fishsense_data/__unsorted-data/2023.08.18.FishSense.Host01s Pool/07/LaserCalibration/P8180025.ORF,2046.8388671875,1393.5321044921875,Red Laser,f
73576,518,133811,/fishsense_data/__unsorted-data/2023.08.18.FishSense.Host01s Pool/07/LaserCalibration/P8180027.ORF,2047.8082275390625,1398.46875,Red Laser,f
73575,518,133813,/fishsense_data/__unsorted-data/2023.08.18.FishSense.Host01s Pool/07/LaserCalibration/P8180029.ORF,2052.53271484375,1410.5050048828123,Red Laser,f
73572,518,133814,/fishsense_data/__unsorted-data/2023.08.18.FishSense.Host01s Pool/07/LaserCalibration/P8180030.ORF,2051.3935546875,1414.1490478515625,Red Laser,f
73577,518,133816,/fishsense_data/__unsorted-data/2023.08.18.FishSense.Host01s Pool/07/LaserCalibration/P8180032.ORF,2053.5087890625,1418.3206787109373,Red Laser,f
73578,518,133818,/fishsense_data/__unsorted-data/2023.08.18.FishSense.Host01s Pool/07/LaserCalibration/P8180034.ORF,2055.167236328125,1417.8187255859375,Red Laser,f
73579,518,133819,/fishsense_data/__unsorted-data/2023.08.18.FishSense.Host01s Pool/07/LaserCalibration/P8180035.ORF,2055.526611328125,1421.0455322265625,Red Laser,f
73580,518,133821,/fishsense_data/__unsorted-data/2023.08.18.FishSense.Host01s Pool/07/LaserCalibration/P8180037.ORF,2056.6379394531245,1429.2171630859375,Red Laser,f
73581,518,133823,/fishsense_data/__unsorted-data/2023.08.18.FishSense.Host01s Pool/07/LaserCalibration/P8180039.ORF,2058.732666015625,1431.0460205078125,Red Laser,f
73582,518,133824,/fishsense_data/__unsorted-data/2023.08.18.FishSense.Host01s Pool/07/LaserCalibration/P8180040.ORF,2060.7377929687505,1430.8806152343752,Red Laser,f
73583,518,133826,/fishsense_data/__unsorted-data/2023.08.18.FishSense.Host01s Pool/07/LaserCalibration/P8180042.ORF,1983.4376220703125,1283.9356689453127,Red Laser,t
73585,518,133828,/fishsense_data/__unsorted-data/2023.08.18.FishSense.Host01s Pool/07/LaserCalibration/P8180044.ORF,2062.45751953125,1439.4868164062498,Red Laser,f
73588,518,133829,/fishsense_data/__unsorted-data/2023.08.18.FishSense.Host01s Pool/07/LaserCalibration/P8180045.ORF,2061.830810546875,1441.18994140625,Red Laser,f
73584,518,133831,/fishsense_data/__unsorted-data/2023.08.18.FishSense.Host01s Pool/07/LaserCalibration/P8180047.ORF,,,,f
73586,518,133833,/fishsense_data/__unsorted-data/2023.08.18.FishSense.Host01s Pool/07/LaserCalibration/P8180049.ORF,2066.38134765625,1453.5888671875,Red Laser,f
73587,518,133834,/fishsense_data/__unsorted-data/2023.08.18.FishSense.Host01s Pool/07/LaserCalibration/P8180050.ORF,,,,f
73595,518,133835,/fishsense_data/__unsorted-data/2023.08.18.FishSense.Host01s Pool/07/LaserCalibration/P8180051.ORF,,,,f
73589,518,133837,/fishsense_data/__unsorted-data/2023.08.18.FishSense.Host01s Pool/07/LaserCalibration/P8180053.ORF,,,,f
73592,518,133838,/fishsense_data/__unsorted-data/2023.08.18.FishSense.Host01s Pool/07/LaserCalibration/P8180054.ORF,,,,f
73598,518,133840,/fishsense_data/__unsorted-data/2023.08.18.FishSense.Host01s Pool/07/LaserCalibration/P8180056.ORF,,,,f
73591,518,133842,/fishsense_data/__unsorted-data/2023.08.18.FishSense.Host01s Pool/07/LaserCalibration/P8180058.ORF,,,,f
73590,518,133843,/fishsense_data/__unsorted-data/2023.08.18.FishSense.Host01s Pool/07/LaserCalibration/P8180059.ORF,2063.996337890625,1444.210205078125,Red Laser,f
73594,518,133845,/fishsense_data/__unsorted-data/2023.08.18.FishSense.Host01s Pool/07/LaserCalibration/P8180061.ORF,2059.38513633217,1440.708392309785,Red Laser,f
73596,518,133847,/fishsense_data/__unsorted-data/2023.08.18.FishSense.Host01s Pool/07/LaserCalibration/P8180063.ORF,,,,f
73597,518,133848,/fishsense_data/__unsorted-data/2023.08.18.FishSense.Host01s Pool/07/LaserCalibration/P8180064.ORF,,,,f
73599,518,133850,/fishsense_data/__unsorted-data/2023.08.18.FishSense.Host01s Pool/07/LaserCalibration/P8180066.ORF,2060.193603515625,1438.9598388671877,Red Laser,f
73593,518,133852,/fishsense_data/__unsorted-data/2023.08.18.FishSense.Host01s Pool/07/LaserCalibration/P8180068.ORF,,,,f
73603,518,133853,/fishsense_data/__unsorted-data/2023.08.18.FishSense.Host01s Pool/07/LaserCalibration/P8180069.ORF,2057.4760742187495,1427.7325439453125,Red Laser,f
73600,518,133855,/fishsense_data/__unsorted-data/2023.08.18.FishSense.Host01s Pool/07/LaserCalibration/P8180071.ORF,2054.60400390625,1418.8985595703125,Red Laser,f
73602,518,133857,/fishsense_data/__unsorted-data/2023.08.18.FishSense.Host01s Pool/07/LaserCalibration/P8180073.ORF,2051.078125,1411.7794189453125,Red Laser,f
73782,521,134050,/fishsense_data/__unsorted-data/2023.08.18.FishSense.Host01s Pool/08_18_Pool_Test_FSL-02/P8170022.ORF,,,,f
73783,521,134054,/fishsense_data/__unsorted-data/2023.08.18.FishSense.Host01s Pool/08_18_Pool_Test_FSL-02/P8170026.ORF,,,,f
73784,521,134059,/fishsense_data/__unsorted-data/2023.08.18.FishSense.Host01s Pool/08_18_Pool_Test_FSL-02/P8170031.ORF,,,,f
73789,521,134064,/fishsense_data/__unsorted-data/2023.08.18.FishSense.Host01s Pool/08_18_Pool_Test_FSL-02/P8170036.ORF,,,,f
73788,521,134069,/fishsense_data/__unsorted-data/2023.08.18.FishSense.Host01s Pool/08_18_Pool_Test_FSL-02/P8170041.ORF,,,,f
73803,521,134074,/fishsense_data/__unsorted-data/2023.08.18.FishSense.Host01s Pool/08_18_Pool_Test_FSL-02/P8170046.ORF,,,,f
73785,521,134083,/fishsense_data/__unsorted-data/2023.08.18.FishSense.Host01s Pool/08_18_Pool_Test_FSL-02/P8170055.ORF,,,,f
73806,521,134088,/fishsense_data/__unsorted-data/2023.08.18.FishSense.Host01s Pool/08_18_Pool_Test_FSL-02/P8170060.ORF,,,,f
73797,521,134093,/fishsense_data/__unsorted-data/2023.08.18.FishSense.Host01s Pool/08_18_Pool_Test_FSL-02/P8170065.ORF,,,,f
73613,518,133877,/fishsense_data/__unsorted-data/2023.08.18.FishSense.Host01s Pool/07/LaserCalibration/P8180093.ORF,1955.8171386718752,1103.7869873046873,Red Laser,f
73793,521,134029,/fishsense_data/__unsorted-data/2023.08.18.FishSense.Host01s Pool/08_18_Pool_Test_FSL-02/P8170001.ORF,,,,f
73786,521,134034,/fishsense_data/__unsorted-data/2023.08.18.FishSense.Host01s Pool/08_18_Pool_Test_FSL-02/P8170006.ORF,,,,f
73787,521,134039,/fishsense_data/__unsorted-data/2023.08.18.FishSense.Host01s Pool/08_18_Pool_Test_FSL-02/P8170011.ORF,,,,f
73790,521,134044,/fishsense_data/__unsorted-data/2023.08.18.FishSense.Host01s Pool/08_18_Pool_Test_FSL-02/P8170016.ORF,,,,f
73940,521,134253,/fishsense_data/__unsorted-data/2023.08.18.FishSense.Host01s Pool/08_18_Pool_Test_FSL-02/P8180225.ORF,,,,f
73913,521,134257,/fishsense_data/__unsorted-data/2023.08.18.FishSense.Host01s Pool/08_18_Pool_Test_FSL-02/P8180229.ORF,2094.6948242187495,1480.9293212890625,Red Laser,f
73914,521,134262,/fishsense_data/__unsorted-data/2023.08.18.FishSense.Host01s Pool/08_18_Pool_Test_FSL-02/P8180234.ORF,2091.0048828124995,1469.4365234375,Red Laser,f
73918,521,134267,/fishsense_data/__unsorted-data/2023.08.18.FishSense.Host01s Pool/08_18_Pool_Test_FSL-02/P8180239.ORF,2090.73876953125,1473.068359375,Red Laser,f
73916,521,134272,/fishsense_data/__unsorted-data/2023.08.18.FishSense.Host01s Pool/08_18_Pool_Test_FSL-02/P8180244.ORF,2118.265625,1724.0755615234373,Red Laser,t
73920,521,134277,/fishsense_data/__unsorted-data/2023.08.18.FishSense.Host01s Pool/08_18_Pool_Test_FSL-02/P8180249.ORF,2077.1762695312505,1430.724853515625,Red Laser,f
73919,521,134281,/fishsense_data/__unsorted-data/2023.08.18.FishSense.Host01s Pool/08_18_Pool_Test_FSL-02/P8180253.ORF,2069.70751953125,1404.4906005859375,Red Laser,f
73922,521,134286,/fishsense_data/__unsorted-data/2023.08.18.FishSense.Host01s Pool/08_18_Pool_Test_FSL-02/P8180258.ORF,2063.97265625,1383.519287109375,Red Laser,f
73921,521,134291,/fishsense_data/__unsorted-data/2023.08.18.FishSense.Host01s Pool/08_18_Pool_Test_FSL-02/P8180263.ORF,2042.1387939453125,1318.4683837890625,Red Laser,f
73924,521,134097,/fishsense_data/__unsorted-data/2023.08.18.FishSense.Host01s Pool/08_18_Pool_Test_FSL-02/P8170069.ORF,,,,f
73942,521,134102,/fishsense_data/__unsorted-data/2023.08.18.FishSense.Host01s Pool/08_18_Pool_Test_FSL-02/P8170074.ORF,,,,f
73827,521,134181,/fishsense_data/__unsorted-data/2023.08.18.FishSense.Host01s Pool/08_18_Pool_Test_FSL-02/P8170153.ORF,,,,f
73825,521,134186,/fishsense_data/__unsorted-data/2023.08.18.FishSense.Host01s Pool/08_18_Pool_Test_FSL-02/P8170158.ORF,,,,f
73824,521,134191,/fishsense_data/__unsorted-data/2023.08.18.FishSense.Host01s Pool/08_18_Pool_Test_FSL-02/P8170163.ORF,,,,f
73834,521,134196,/fishsense_data/__unsorted-data/2023.08.18.FishSense.Host01s Pool/08_18_Pool_Test_FSL-02/P8170168.ORF,,,,f
73835,521,134201,/fishsense_data/__unsorted-data/2023.08.18.FishSense.Host01s Pool/08_18_Pool_Test_FSL-02/P8170173.ORF,,,,f
73836,521,134205,/fishsense_data/__unsorted-data/2023.08.18.FishSense.Host01s Pool/08_18_Pool_Test_FSL-02/P8180177.ORF,2018.5090332031248,1231.0343017578125,Red Laser,t
73842,521,134210,/fishsense_data/__unsorted-data/2023.08.18.FishSense.Host01s Pool/08_18_Pool_Test_FSL-02/P8180182.ORF,2056.155517578125,1352.7076416015625,Red Laser,f
73845,521,134215,/fishsense_data/__unsorted-data/2023.08.18.FishSense.Host01s Pool/08_18_Pool_Test_FSL-02/P8180187.ORF,2056.66845703125,1352.8316650390625,Red Laser,t
73840,521,134033,/fishsense_data/__unsorted-data/2023.08.18.FishSense.Host01s Pool/08_18_Pool_Test_FSL-02/P8170005.ORF,,,,f
73849,521,134038,/fishsense_data/__unsorted-data/2023.08.18.FishSense.Host01s Pool/08_18_Pool_Test_FSL-02/P8170010.ORF,,,,f
73837,521,134043,/fishsense_data/__unsorted-data/2023.08.18.FishSense.Host01s Pool/08_18_Pool_Test_FSL-02/P8170015.ORF,,,,f
73770,521,134051,/fishsense_data/__unsorted-data/2023.08.18.FishSense.Host01s Pool/08_18_Pool_Test_FSL-02/P8170023.ORF,,,,f
73767,521,134055,/fishsense_data/__unsorted-data/2023.08.18.FishSense.Host01s Pool/08_18_Pool_Test_FSL-02/P8170027.ORF,,,,f
73771,521,134060,/fishsense_data/__unsorted-data/2023.08.18.FishSense.Host01s Pool/08_18_Pool_Test_FSL-02/P8170032.ORF,,,,f
73774,521,134065,/fishsense_data/__unsorted-data/2023.08.18.FishSense.Host01s Pool/08_18_Pool_Test_FSL-02/P8170037.ORF,,,,f
73772,521,134070,/fishsense_data/__unsorted-data/2023.08.18.FishSense.Host01s Pool/08_18_Pool_Test_FSL-02/P8170042.ORF,,,,f
73773,521,134075,/fishsense_data/__unsorted-data/2023.08.18.FishSense.Host01s Pool/08_18_Pool_Test_FSL-02/P8170047.ORF,,,,f
73777,521,134079,/fishsense_data/__unsorted-data/2023.08.18.FishSense.Host01s Pool/08_18_Pool_Test_FSL-02/P8170051.ORF,,,,f
73779,521,134084,/fishsense_data/__unsorted-data/2023.08.18.FishSense.Host01s Pool/08_18_Pool_Test_FSL-02/P8170056.ORF,,,,f
73611,518,133876,/fishsense_data/__unsorted-data/2023.08.18.FishSense.Host01s Pool/07/LaserCalibration/P8180092.ORF,1963.43701171875,1130.5526123046873,Red Laser,f
73781,521,134030,/fishsense_data/__unsorted-data/2023.08.18.FishSense.Host01s Pool/08_18_Pool_Test_FSL-02/P8170002.ORF,,,,f
73776,521,134035,/fishsense_data/__unsorted-data/2023.08.18.FishSense.Host01s Pool/08_18_Pool_Test_FSL-02/P8170007.ORF,,,,f
73778,521,134040,/fishsense_data/__unsorted-data/2023.08.18.FishSense.Host01s Pool/08_18_Pool_Test_FSL-02/P8170012.ORF,,,,f
73780,521,134045,/fishsense_data/__unsorted-data/2023.08.18.FishSense.Host01s Pool/08_18_Pool_Test_FSL-02/P8170017.ORF,,,,f
73799,521,134049,/fishsense_data/__unsorted-data/2023.08.18.FishSense.Host01s Pool/08_18_Pool_Test_FSL-02/P8170021.ORF,,,,f
73791,521,134058,/fishsense_data/__unsorted-data/2023.08.18.FishSense.Host01s Pool/08_18_Pool_Test_FSL-02/P8170030.ORF,,,,f
73792,521,134063,/fishsense_data/__unsorted-data/2023.08.18.FishSense.Host01s Pool/08_18_Pool_Test_FSL-02/P8170035.ORF,,,,f
73795,521,134068,/fishsense_data/__unsorted-data/2023.08.18.FishSense.Host01s Pool/08_18_Pool_Test_FSL-02/P8170040.ORF,,,,f
73796,521,134073,/fishsense_data/__unsorted-data/2023.08.18.FishSense.Host01s Pool/08_18_Pool_Test_FSL-02/P8170045.ORF,,,,f
73794,521,134078,/fishsense_data/__unsorted-data/2023.08.18.FishSense.Host01s Pool/08_18_Pool_Test_FSL-02/P8170050.ORF,,,,f
73801,521,134082,/fishsense_data/__unsorted-data/2023.08.18.FishSense.Host01s Pool/08_18_Pool_Test_FSL-02/P8170054.ORF,2009.9035527420626,283.92992396630865,Red Laser,t
73800,521,134087,/fishsense_data/__unsorted-data/2023.08.18.FishSense.Host01s Pool/08_18_Pool_Test_FSL-02/P8170059.ORF,,,,f
73805,521,134092,/fishsense_data/__unsorted-data/2023.08.18.FishSense.Host01s Pool/08_18_Pool_Test_FSL-02/P8170064.ORF,,,,f
73798,521,134032,/fishsense_data/__unsorted-data/2023.08.18.FishSense.Host01s Pool/08_18_Pool_Test_FSL-02/P8170004.ORF,,,,f
73804,521,134037,/fishsense_data/__unsorted-data/2023.08.18.FishSense.Host01s Pool/08_18_Pool_Test_FSL-02/P8170009.ORF,,,,f
73808,521,134042,/fishsense_data/__unsorted-data/2023.08.18.FishSense.Host01s Pool/08_18_Pool_Test_FSL-02/P8170014.ORF,,,,f
73807,521,134047,/fishsense_data/__unsorted-data/2023.08.18.FishSense.Host01s Pool/08_18_Pool_Test_FSL-02/P8170019.ORF,,,,f
73802,521,134052,/fishsense_data/__unsorted-data/2023.08.18.FishSense.Host01s Pool/08_18_Pool_Test_FSL-02/P8170024.ORF,,,,f
73809,521,134056,/fishsense_data/__unsorted-data/2023.08.18.FishSense.Host01s Pool/08_18_Pool_Test_FSL-02/P8170028.ORF,,,,f
73810,521,134061,/fishsense_data/__unsorted-data/2023.08.18.FishSense.Host01s Pool/08_18_Pool_Test_FSL-02/P8170033.ORF,,,,f
73811,521,134066,/fishsense_data/__unsorted-data/2023.08.18.FishSense.Host01s Pool/08_18_Pool_Test_FSL-02/P8170038.ORF,,,,f
73812,521,134071,/fishsense_data/__unsorted-data/2023.08.18.FishSense.Host01s Pool/08_18_Pool_Test_FSL-02/P8170043.ORF,,,,f
73813,521,134076,/fishsense_data/__unsorted-data/2023.08.18.FishSense.Host01s Pool/08_18_Pool_Test_FSL-02/P8170048.ORF,,,,f
73875,521,134080,/fishsense_data/__unsorted-data/2023.08.18.FishSense.Host01s Pool/08_18_Pool_Test_FSL-02/P8170052.ORF,,,,f
73816,521,134085,/fishsense_data/__unsorted-data/2023.08.18.FishSense.Host01s Pool/08_18_Pool_Test_FSL-02/P8170057.ORF,,,,f
73814,521,134090,/fishsense_data/__unsorted-data/2023.08.18.FishSense.Host01s Pool/08_18_Pool_Test_FSL-02/P8170062.ORF,,,,f
73815,521,134095,/fishsense_data/__unsorted-data/2023.08.18.FishSense.Host01s Pool/08_18_Pool_Test_FSL-02/P8170067.ORF,,,,f
73873,521,134100,/fishsense_data/__unsorted-data/2023.08.18.FishSense.Host01s Pool/08_18_Pool_Test_FSL-02/P8170072.ORF,,,,f
73828,521,134104,/fishsense_data/__unsorted-data/2023.08.18.FishSense.Host01s Pool/08_18_Pool_Test_FSL-02/P8170076.ORF,,,,f
73826,521,134109,/fishsense_data/__unsorted-data/2023.08.18.FishSense.Host01s Pool/08_18_Pool_Test_FSL-02/P8170081.ORF,,,,f
73830,521,134114,/fishsense_data/__unsorted-data/2023.08.18.FishSense.Host01s Pool/08_18_Pool_Test_FSL-02/P8170086.ORF,,,,f
73820,521,134119,/fishsense_data/__unsorted-data/2023.08.18.FishSense.Host01s Pool/08_18_Pool_Test_FSL-02/P8170091.ORF,,,,f
73819,521,134124,/fishsense_data/__unsorted-data/2023.08.18.FishSense.Host01s Pool/08_18_Pool_Test_FSL-02/P8170096.ORF,,,,f
73817,521,134133,/fishsense_data/__unsorted-data/2023.08.18.FishSense.Host01s Pool/08_18_Pool_Test_FSL-02/P8170105.ORF,,,,f
73833,521,134138,/fishsense_data/__unsorted-data/2023.08.18.FishSense.Host01s Pool/08_18_Pool_Test_FSL-02/P8170110.ORF,3670.415094339623,1160.0000000000002,Green Laser,t
73818,521,134143,/fishsense_data/__unsorted-data/2023.08.18.FishSense.Host01s Pool/08_18_Pool_Test_FSL-02/P8170115.ORF,,,,f
73829,521,134148,/fishsense_data/__unsorted-data/2023.08.18.FishSense.Host01s Pool/08_18_Pool_Test_FSL-02/P8170120.ORF,,,,f
73832,521,134153,/fishsense_data/__unsorted-data/2023.08.18.FishSense.Host01s Pool/08_18_Pool_Test_FSL-02/P8170125.ORF,,,,f
73821,521,134157,/fishsense_data/__unsorted-data/2023.08.18.FishSense.Host01s Pool/08_18_Pool_Test_FSL-02/P8170129.ORF,,,,f
73822,521,134162,/fishsense_data/__unsorted-data/2023.08.18.FishSense.Host01s Pool/08_18_Pool_Test_FSL-02/P8170134.ORF,,,,f
73823,521,134167,/fishsense_data/__unsorted-data/2023.08.18.FishSense.Host01s Pool/08_18_Pool_Test_FSL-02/P8170139.ORF,,,,f
73874,521,134172,/fishsense_data/__unsorted-data/2023.08.18.FishSense.Host01s Pool/08_18_Pool_Test_FSL-02/P8170144.ORF,,,,f
73882,521,134182,/fishsense_data/__unsorted-data/2023.08.18.FishSense.Host01s Pool/08_18_Pool_Test_FSL-02/P8170154.ORF,,,,f
73880,521,134187,/fishsense_data/__unsorted-data/2023.08.18.FishSense.Host01s Pool/08_18_Pool_Test_FSL-02/P8170159.ORF,,,,f
73862,521,134192,/fishsense_data/__unsorted-data/2023.08.18.FishSense.Host01s Pool/08_18_Pool_Test_FSL-02/P8170164.ORF,2153.5439453125,1101.9298095703127,Red Laser,t
73884,521,134197,/fishsense_data/__unsorted-data/2023.08.18.FishSense.Host01s Pool/08_18_Pool_Test_FSL-02/P8170169.ORF,,,,f
73897,521,134202,/fishsense_data/__unsorted-data/2023.08.18.FishSense.Host01s Pool/08_18_Pool_Test_FSL-02/P8170174.ORF,,,,f
73886,521,134206,/fishsense_data/__unsorted-data/2023.08.18.FishSense.Host01s Pool/08_18_Pool_Test_FSL-02/P8180178.ORF,2027.76806640625,1262.0853271484375,Red Laser,f
73885,521,134211,/fishsense_data/__unsorted-data/2023.08.18.FishSense.Host01s Pool/08_18_Pool_Test_FSL-02/P8180183.ORF,2058.36083984375,1359.4356689453125,Red Laser,f
73866,521,134216,/fishsense_data/__unsorted-data/2023.08.18.FishSense.Host01s Pool/08_18_Pool_Test_FSL-02/P8180188.ORF,2062.431640625,1374.6397705078125,Red Laser,f
73871,521,134221,/fishsense_data/__unsorted-data/2023.08.18.FishSense.Host01s Pool/08_18_Pool_Test_FSL-02/P8180193.ORF,2075.7534179687505,1420.1866455078125,Red Laser,f
73868,521,134089,/fishsense_data/__unsorted-data/2023.08.18.FishSense.Host01s Pool/08_18_Pool_Test_FSL-02/P8170061.ORF,,,,f
73892,521,134094,/fishsense_data/__unsorted-data/2023.08.18.FishSense.Host01s Pool/08_18_Pool_Test_FSL-02/P8170066.ORF,,,,f
73890,521,134099,/fishsense_data/__unsorted-data/2023.08.18.FishSense.Host01s Pool/08_18_Pool_Test_FSL-02/P8170071.ORF,,,,f
73888,521,134108,/fishsense_data/__unsorted-data/2023.08.18.FishSense.Host01s Pool/08_18_Pool_Test_FSL-02/P8170080.ORF,1820.8880615234377,1405.2784423828125,Red Laser,t
73887,521,134113,/fishsense_data/__unsorted-data/2023.08.18.FishSense.Host01s Pool/08_18_Pool_Test_FSL-02/P8170085.ORF,,,,f
73865,521,134118,/fishsense_data/__unsorted-data/2023.08.18.FishSense.Host01s Pool/08_18_Pool_Test_FSL-02/P8170090.ORF,2044.1266508442982,1176.0540018856293,Red Laser,t
73889,521,134123,/fishsense_data/__unsorted-data/2023.08.18.FishSense.Host01s Pool/08_18_Pool_Test_FSL-02/P8170095.ORF,,,,f
73894,521,134128,/fishsense_data/__unsorted-data/2023.08.18.FishSense.Host01s Pool/08_18_Pool_Test_FSL-02/P8170100.ORF,,,,f
73896,521,134132,/fishsense_data/__unsorted-data/2023.08.18.FishSense.Host01s Pool/08_18_Pool_Test_FSL-02/P8170104.ORF,,,,f
73893,521,134137,/fishsense_data/__unsorted-data/2023.08.18.FishSense.Host01s Pool/08_18_Pool_Test_FSL-02/P8170109.ORF,,,,f
73898,521,134142,/fishsense_data/__unsorted-data/2023.08.18.FishSense.Host01s Pool/08_18_Pool_Test_FSL-02/P8170114.ORF,,,,f
73895,521,134147,/fishsense_data/__unsorted-data/2023.08.18.FishSense.Host01s Pool/08_18_Pool_Test_FSL-02/P8170119.ORF,,,,f
73901,521,134152,/fishsense_data/__unsorted-data/2023.08.18.FishSense.Host01s Pool/08_18_Pool_Test_FSL-02/P8170124.ORF,,,,f
73899,521,134156,/fishsense_data/__unsorted-data/2023.08.18.FishSense.Host01s Pool/08_18_Pool_Test_FSL-02/P8170128.ORF,1928.2142517173552,1675.8265161648787,Red Laser,t
73902,521,134161,/fishsense_data/__unsorted-data/2023.08.18.FishSense.Host01s Pool/08_18_Pool_Test_FSL-02/P8170133.ORF,1921.7304687500002,1819.849365234375,Red Laser,t
73900,521,134166,/fishsense_data/__unsorted-data/2023.08.18.FishSense.Host01s Pool/08_18_Pool_Test_FSL-02/P8170138.ORF,,,,f
73863,521,134171,/fishsense_data/__unsorted-data/2023.08.18.FishSense.Host01s Pool/08_18_Pool_Test_FSL-02/P8170143.ORF,,,,f
73906,521,134176,/fishsense_data/__unsorted-data/2023.08.18.FishSense.Host01s Pool/08_18_Pool_Test_FSL-02/P8170148.ORF,,,,f
73903,521,134180,/fishsense_data/__unsorted-data/2023.08.18.FishSense.Host01s Pool/08_18_Pool_Test_FSL-02/P8170152.ORF,2084.216796875,1820.98291015625,Red Laser,t
73904,521,134185,/fishsense_data/__unsorted-data/2023.08.18.FishSense.Host01s Pool/08_18_Pool_Test_FSL-02/P8170157.ORF,,,,f
73905,521,134190,/fishsense_data/__unsorted-data/2023.08.18.FishSense.Host01s Pool/08_18_Pool_Test_FSL-02/P8170162.ORF,,,,f
73867,521,134195,/fishsense_data/__unsorted-data/2023.08.18.FishSense.Host01s Pool/08_18_Pool_Test_FSL-02/P8170167.ORF,,,,f
73909,521,134200,/fishsense_data/__unsorted-data/2023.08.18.FishSense.Host01s Pool/08_18_Pool_Test_FSL-02/P8170172.ORF,,,,f
73864,521,134204,/fishsense_data/__unsorted-data/2023.08.18.FishSense.Host01s Pool/08_18_Pool_Test_FSL-02/P8180176.ORF,1982.29150390625,1116.8096923828125,Red Laser,f
73910,521,134209,/fishsense_data/__unsorted-data/2023.08.18.FishSense.Host01s Pool/08_18_Pool_Test_FSL-02/P8180181.ORF,2049.9653320312495,1332.3204345703125,Red Laser,f
73915,521,134214,/fishsense_data/__unsorted-data/2023.08.18.FishSense.Host01s Pool/08_18_Pool_Test_FSL-02/P8180186.ORF,2055.165771484375,1349.2578125,Red Laser,f
73911,521,134219,/fishsense_data/__unsorted-data/2023.08.18.FishSense.Host01s Pool/08_18_Pool_Test_FSL-02/P8180191.ORF,2072.1462402343755,1404.3529052734375,Red Laser,f
73917,521,134224,/fishsense_data/__unsorted-data/2023.08.18.FishSense.Host01s Pool/08_18_Pool_Test_FSL-02/P8180196.ORF,2082.4125976562505,1440.9986572265625,Red Laser,f
73907,521,134233,/fishsense_data/__unsorted-data/2023.08.18.FishSense.Host01s Pool/08_18_Pool_Test_FSL-02/P8180205.ORF,,,,f
73908,521,134238,/fishsense_data/__unsorted-data/2023.08.18.FishSense.Host01s Pool/08_18_Pool_Test_FSL-02/P8180210.ORF,2096.1730957031245,1485.8328857421875,Red Laser,f
73923,521,134243,/fishsense_data/__unsorted-data/2023.08.18.FishSense.Host01s Pool/08_18_Pool_Test_FSL-02/P8180215.ORF,,,,f
73912,521,134248,/fishsense_data/__unsorted-data/2023.08.18.FishSense.Host01s Pool/08_18_Pool_Test_FSL-02/P8180220.ORF,,,,f
73993,521,134256,/fishsense_data/__unsorted-data/2023.08.18.FishSense.Host01s Pool/08_18_Pool_Test_FSL-02/P8180228.ORF,2095.920654296875,1483.8238525390625,Red Laser,f
73997,521,134261,/fishsense_data/__unsorted-data/2023.08.18.FishSense.Host01s Pool/08_18_Pool_Test_FSL-02/P8180233.ORF,2091.7753906249995,1469.7335205078125,Red Laser,f
73995,521,134266,/fishsense_data/__unsorted-data/2023.08.18.FishSense.Host01s Pool/08_18_Pool_Test_FSL-02/P8180238.ORF,2092.516357421875,1473.4208984375,Red Laser,f
74013,521,134271,/fishsense_data/__unsorted-data/2023.08.18.FishSense.Host01s Pool/08_18_Pool_Test_FSL-02/P8180243.ORF,,,,f
73996,521,134276,/fishsense_data/__unsorted-data/2023.08.18.FishSense.Host01s Pool/08_18_Pool_Test_FSL-02/P8180248.ORF,2080.525146484375,1436.1395263671877,Red Laser,f
73999,521,134280,/fishsense_data/__unsorted-data/2023.08.18.FishSense.Host01s Pool/08_18_Pool_Test_FSL-02/P8180252.ORF,2070.36376953125,1408.0755615234375,Red Laser,f
74001,521,134285,/fishsense_data/__unsorted-data/2023.08.18.FishSense.Host01s Pool/08_18_Pool_Test_FSL-02/P8180257.ORF,2064.836669921875,1389.9091796875,Red Laser,f
73998,521,134290,/fishsense_data/__unsorted-data/2023.08.18.FishSense.Host01s Pool/08_18_Pool_Test_FSL-02/P8180262.ORF,2056.08642578125,1356.6314697265623,Red Laser,f
74014,521,134295,/fishsense_data/__unsorted-data/2023.08.18.FishSense.Host01s Pool/08_18_Pool_Test_FSL-02/P8180267.ORF,1983.951171875,1127.1785888671873,Red Laser,f
74002,521,134220,/fishsense_data/__unsorted-data/2023.08.18.FishSense.Host01s Pool/08_18_Pool_Test_FSL-02/P8180192.ORF,2073.6723632812495,1413.11328125,Red Laser,f
74005,521,134225,/fishsense_data/__unsorted-data/2023.08.18.FishSense.Host01s Pool/08_18_Pool_Test_FSL-02/P8180197.ORF,2084.913330078125,1446.1231689453125,Red Laser,f
74003,521,134229,/fishsense_data/__unsorted-data/2023.08.18.FishSense.Host01s Pool/08_18_Pool_Test_FSL-02/P8180201.ORF,2089.4206542968745,1462.8455810546875,Red Laser,f
74004,521,134234,/fishsense_data/__unsorted-data/2023.08.18.FishSense.Host01s Pool/08_18_Pool_Test_FSL-02/P8180206.ORF,,,,f
74009,521,134239,/fishsense_data/__unsorted-data/2023.08.18.FishSense.Host01s Pool/08_18_Pool_Test_FSL-02/P8180211.ORF,2098.13525390625,1489.1202392578127,Red Laser,f
74028,521,134244,/fishsense_data/__unsorted-data/2023.08.18.FishSense.Host01s Pool/08_18_Pool_Test_FSL-02/P8180216.ORF,2101.456787109375,1499.014892578125,Red Laser,f
73876,521,134048,/fishsense_data/__unsorted-data/2023.08.18.FishSense.Host01s Pool/08_18_Pool_Test_FSL-02/P8170020.ORF,,,,f
73838,521,134053,/fishsense_data/__unsorted-data/2023.08.18.FishSense.Host01s Pool/08_18_Pool_Test_FSL-02/P8170025.ORF,,,,f
73841,521,134057,/fishsense_data/__unsorted-data/2023.08.18.FishSense.Host01s Pool/08_18_Pool_Test_FSL-02/P8170029.ORF,,,,f
73839,521,134062,/fishsense_data/__unsorted-data/2023.08.18.FishSense.Host01s Pool/08_18_Pool_Test_FSL-02/P8170034.ORF,,,,f
73848,521,134067,/fishsense_data/__unsorted-data/2023.08.18.FishSense.Host01s Pool/08_18_Pool_Test_FSL-02/P8170039.ORF,,,,f
73877,521,134072,/fishsense_data/__unsorted-data/2023.08.18.FishSense.Host01s Pool/08_18_Pool_Test_FSL-02/P8170044.ORF,,,,f
73843,521,134077,/fishsense_data/__unsorted-data/2023.08.18.FishSense.Host01s Pool/08_18_Pool_Test_FSL-02/P8170049.ORF,,,,f
73847,521,134081,/fishsense_data/__unsorted-data/2023.08.18.FishSense.Host01s Pool/08_18_Pool_Test_FSL-02/P8170053.ORF,,,,f
73850,521,134086,/fishsense_data/__unsorted-data/2023.08.18.FishSense.Host01s Pool/08_18_Pool_Test_FSL-02/P8170058.ORF,,,,f
73851,521,134091,/fishsense_data/__unsorted-data/2023.08.18.FishSense.Host01s Pool/08_18_Pool_Test_FSL-02/P8170063.ORF,,,,f
73878,521,134096,/fishsense_data/__unsorted-data/2023.08.18.FishSense.Host01s Pool/08_18_Pool_Test_FSL-02/P8170068.ORF,,,,f
73854,521,134101,/fishsense_data/__unsorted-data/2023.08.18.FishSense.Host01s Pool/08_18_Pool_Test_FSL-02/P8170073.ORF,,,,f
73846,521,134105,/fishsense_data/__unsorted-data/2023.08.18.FishSense.Host01s Pool/08_18_Pool_Test_FSL-02/P8170077.ORF,,,,f
73844,521,134110,/fishsense_data/__unsorted-data/2023.08.18.FishSense.Host01s Pool/08_18_Pool_Test_FSL-02/P8170082.ORF,,,,f
73852,521,134115,/fishsense_data/__unsorted-data/2023.08.18.FishSense.Host01s Pool/08_18_Pool_Test_FSL-02/P8170087.ORF,,,,f
73853,521,134120,/fishsense_data/__unsorted-data/2023.08.18.FishSense.Host01s Pool/08_18_Pool_Test_FSL-02/P8170092.ORF,,,,f
73859,521,134125,/fishsense_data/__unsorted-data/2023.08.18.FishSense.Host01s Pool/08_18_Pool_Test_FSL-02/P8170097.ORF,,,,f
73857,521,134129,/fishsense_data/__unsorted-data/2023.08.18.FishSense.Host01s Pool/08_18_Pool_Test_FSL-02/P8170101.ORF,,,,f
73855,521,134134,/fishsense_data/__unsorted-data/2023.08.18.FishSense.Host01s Pool/08_18_Pool_Test_FSL-02/P8170106.ORF,,,,f
73856,521,134139,/fishsense_data/__unsorted-data/2023.08.18.FishSense.Host01s Pool/08_18_Pool_Test_FSL-02/P8170111.ORF,,,,f
73858,521,134144,/fishsense_data/__unsorted-data/2023.08.18.FishSense.Host01s Pool/08_18_Pool_Test_FSL-02/P8170116.ORF,,,,f
73860,521,134149,/fishsense_data/__unsorted-data/2023.08.18.FishSense.Host01s Pool/08_18_Pool_Test_FSL-02/P8170121.ORF,,,,f
73891,521,134158,/fishsense_data/__unsorted-data/2023.08.18.FishSense.Host01s Pool/08_18_Pool_Test_FSL-02/P8170130.ORF,,,,f
73879,521,134163,/fishsense_data/__unsorted-data/2023.08.18.FishSense.Host01s Pool/08_18_Pool_Test_FSL-02/P8170135.ORF,,,,f
73883,521,134168,/fishsense_data/__unsorted-data/2023.08.18.FishSense.Host01s Pool/08_18_Pool_Test_FSL-02/P8170140.ORF,,,,f
73881,521,134173,/fishsense_data/__unsorted-data/2023.08.18.FishSense.Host01s Pool/08_18_Pool_Test_FSL-02/P8170145.ORF,,,,f
73925,521,134106,/fishsense_data/__unsorted-data/2023.08.18.FishSense.Host01s Pool/08_18_Pool_Test_FSL-02/P8170078.ORF,,,,f
73929,521,134111,/fishsense_data/__unsorted-data/2023.08.18.FishSense.Host01s Pool/08_18_Pool_Test_FSL-02/P8170083.ORF,,,,f
73934,521,134116,/fishsense_data/__unsorted-data/2023.08.18.FishSense.Host01s Pool/08_18_Pool_Test_FSL-02/P8170088.ORF,,,,f
73933,521,134121,/fishsense_data/__unsorted-data/2023.08.18.FishSense.Host01s Pool/08_18_Pool_Test_FSL-02/P8170093.ORF,,,,f
73928,521,134126,/fishsense_data/__unsorted-data/2023.08.18.FishSense.Host01s Pool/08_18_Pool_Test_FSL-02/P8170098.ORF,,,,f
73926,521,134130,/fishsense_data/__unsorted-data/2023.08.18.FishSense.Host01s Pool/08_18_Pool_Test_FSL-02/P8170102.ORF,,,,f
73927,521,134135,/fishsense_data/__unsorted-data/2023.08.18.FishSense.Host01s Pool/08_18_Pool_Test_FSL-02/P8170107.ORF,,,,f
73935,521,134140,/fishsense_data/__unsorted-data/2023.08.18.FishSense.Host01s Pool/08_18_Pool_Test_FSL-02/P8170112.ORF,,,,f
73932,521,134145,/fishsense_data/__unsorted-data/2023.08.18.FishSense.Host01s Pool/08_18_Pool_Test_FSL-02/P8170117.ORF,,,,f
73930,521,134150,/fishsense_data/__unsorted-data/2023.08.18.FishSense.Host01s Pool/08_18_Pool_Test_FSL-02/P8170122.ORF,,,,f
73931,521,134154,/fishsense_data/__unsorted-data/2023.08.18.FishSense.Host01s Pool/08_18_Pool_Test_FSL-02/P8170126.ORF,,,,f
73941,521,134159,/fishsense_data/__unsorted-data/2023.08.18.FishSense.Host01s Pool/08_18_Pool_Test_FSL-02/P8170131.ORF,,,,f
73872,521,134164,/fishsense_data/__unsorted-data/2023.08.18.FishSense.Host01s Pool/08_18_Pool_Test_FSL-02/P8170136.ORF,,,,f
73937,521,134169,/fishsense_data/__unsorted-data/2023.08.18.FishSense.Host01s Pool/08_18_Pool_Test_FSL-02/P8170141.ORF,,,,f
73936,521,134174,/fishsense_data/__unsorted-data/2023.08.18.FishSense.Host01s Pool/08_18_Pool_Test_FSL-02/P8170146.ORF,,,,f
73938,521,134183,/fishsense_data/__unsorted-data/2023.08.18.FishSense.Host01s Pool/08_18_Pool_Test_FSL-02/P8170155.ORF,,,,f
73939,521,134188,/fishsense_data/__unsorted-data/2023.08.18.FishSense.Host01s Pool/08_18_Pool_Test_FSL-02/P8170160.ORF,,,,f
73943,521,134193,/fishsense_data/__unsorted-data/2023.08.18.FishSense.Host01s Pool/08_18_Pool_Test_FSL-02/P8170165.ORF,,,,f
73949,521,134198,/fishsense_data/__unsorted-data/2023.08.18.FishSense.Host01s Pool/08_18_Pool_Test_FSL-02/P8170170.ORF,,,,f
73945,521,134203,/fishsense_data/__unsorted-data/2023.08.18.FishSense.Host01s Pool/08_18_Pool_Test_FSL-02/P8180175.ORF,1952.9927978515625,1034.9028320312502,Red Laser,f
73952,521,134207,/fishsense_data/__unsorted-data/2023.08.18.FishSense.Host01s Pool/08_18_Pool_Test_FSL-02/P8180179.ORF,2036.3099365234375,1290.2008056640625,Red Laser,f
73951,521,134212,/fishsense_data/__unsorted-data/2023.08.18.FishSense.Host01s Pool/08_18_Pool_Test_FSL-02/P8180184.ORF,2061.340087890625,1368.5194091796875,Red Laser,t
73944,521,134217,/fishsense_data/__unsorted-data/2023.08.18.FishSense.Host01s Pool/08_18_Pool_Test_FSL-02/P8180189.ORF,2066.207763671875,1386.2747802734375,Red Laser,f
73947,521,134222,/fishsense_data/__unsorted-data/2023.08.18.FishSense.Host01s Pool/08_18_Pool_Test_FSL-02/P8180194.ORF,2078.8703613281245,1428.51611328125,Red Laser,f
73946,521,134227,/fishsense_data/__unsorted-data/2023.08.18.FishSense.Host01s Pool/08_18_Pool_Test_FSL-02/P8180199.ORF,2087.837890625,1456.4117431640625,Red Laser,f
73953,521,134231,/fishsense_data/__unsorted-data/2023.08.18.FishSense.Host01s Pool/08_18_Pool_Test_FSL-02/P8180203.ORF,2091.910814994365,1469.2191851224934,Red Laser,f
73948,521,134236,/fishsense_data/__unsorted-data/2023.08.18.FishSense.Host01s Pool/08_18_Pool_Test_FSL-02/P8180208.ORF,2099.0649414062495,1481.7080078125,Red Laser,t
73950,521,134241,/fishsense_data/__unsorted-data/2023.08.18.FishSense.Host01s Pool/08_18_Pool_Test_FSL-02/P8180213.ORF,,,,f
73956,521,134246,/fishsense_data/__unsorted-data/2023.08.18.FishSense.Host01s Pool/08_18_Pool_Test_FSL-02/P8180218.ORF,,,,f
73869,521,134251,/fishsense_data/__unsorted-data/2023.08.18.FishSense.Host01s Pool/08_18_Pool_Test_FSL-02/P8180223.ORF,,,,f
73967,521,134255,/fishsense_data/__unsorted-data/2023.08.18.FishSense.Host01s Pool/08_18_Pool_Test_FSL-02/P8180227.ORF,2095.336181640625,1485.1749267578125,Red Laser,f
73966,521,134260,/fishsense_data/__unsorted-data/2023.08.18.FishSense.Host01s Pool/08_18_Pool_Test_FSL-02/P8180232.ORF,2090.6601562499995,1469.5063476562502,Red Laser,f
73954,521,134265,/fishsense_data/__unsorted-data/2023.08.18.FishSense.Host01s Pool/08_18_Pool_Test_FSL-02/P8180237.ORF,2092.9946289062505,1477.3994140625,Red Laser,f
73870,521,134270,/fishsense_data/__unsorted-data/2023.08.18.FishSense.Host01s Pool/08_18_Pool_Test_FSL-02/P8180242.ORF,2088.6440429687505,1469.0819091796875,Red Laser,f
73955,521,134275,/fishsense_data/__unsorted-data/2023.08.18.FishSense.Host01s Pool/08_18_Pool_Test_FSL-02/P8180247.ORF,2081.16162109375,1442.8076171875,Red Laser,f
73958,521,134279,/fishsense_data/__unsorted-data/2023.08.18.FishSense.Host01s Pool/08_18_Pool_Test_FSL-02/P8180251.ORF,2076.2795410156255,1423.8118896484377,Red Laser,f
73963,521,134284,/fishsense_data/__unsorted-data/2023.08.18.FishSense.Host01s Pool/08_18_Pool_Test_FSL-02/P8180256.ORF,2066.947509765625,1394.7337646484375,Red Laser,f
73957,521,134289,/fishsense_data/__unsorted-data/2023.08.18.FishSense.Host01s Pool/08_18_Pool_Test_FSL-02/P8180261.ORF,2058.52099609375,1366.1942138671877,Red Laser,f
73962,521,134294,/fishsense_data/__unsorted-data/2023.08.18.FishSense.Host01s Pool/08_18_Pool_Test_FSL-02/P8180266.ORF,2014.006591796875,1222.6895751953127,Red Laser,f
73959,521,134098,/fishsense_data/__unsorted-data/2023.08.18.FishSense.Host01s Pool/08_18_Pool_Test_FSL-02/P8170070.ORF,,,,f
73961,521,134103,/fishsense_data/__unsorted-data/2023.08.18.FishSense.Host01s Pool/08_18_Pool_Test_FSL-02/P8170075.ORF,,,,f
73960,521,134107,/fishsense_data/__unsorted-data/2023.08.18.FishSense.Host01s Pool/08_18_Pool_Test_FSL-02/P8170079.ORF,,,,f
73969,521,134112,/fishsense_data/__unsorted-data/2023.08.18.FishSense.Host01s Pool/08_18_Pool_Test_FSL-02/P8170084.ORF,,,,f
73968,521,134117,/fishsense_data/__unsorted-data/2023.08.18.FishSense.Host01s Pool/08_18_Pool_Test_FSL-02/P8170089.ORF,,,,f
73970,521,134122,/fishsense_data/__unsorted-data/2023.08.18.FishSense.Host01s Pool/08_18_Pool_Test_FSL-02/P8170094.ORF,2012.92041015625,1747.436767578125,Green Laser,t
73965,521,134127,/fishsense_data/__unsorted-data/2023.08.18.FishSense.Host01s Pool/08_18_Pool_Test_FSL-02/P8170099.ORF,,,,f
73964,521,134131,/fishsense_data/__unsorted-data/2023.08.18.FishSense.Host01s Pool/08_18_Pool_Test_FSL-02/P8170103.ORF,,,,f
73971,521,134136,/fishsense_data/__unsorted-data/2023.08.18.FishSense.Host01s Pool/08_18_Pool_Test_FSL-02/P8170108.ORF,,,,f
73976,521,134141,/fishsense_data/__unsorted-data/2023.08.18.FishSense.Host01s Pool/08_18_Pool_Test_FSL-02/P8170113.ORF,2298.938232421875,1064.2080078125,Green Laser,t
73986,521,134146,/fishsense_data/__unsorted-data/2023.08.18.FishSense.Host01s Pool/08_18_Pool_Test_FSL-02/P8170118.ORF,,,,f
73975,521,134151,/fishsense_data/__unsorted-data/2023.08.18.FishSense.Host01s Pool/08_18_Pool_Test_FSL-02/P8170123.ORF,,,,f
73977,521,134155,/fishsense_data/__unsorted-data/2023.08.18.FishSense.Host01s Pool/08_18_Pool_Test_FSL-02/P8170127.ORF,,,,f
73981,521,134160,/fishsense_data/__unsorted-data/2023.08.18.FishSense.Host01s Pool/08_18_Pool_Test_FSL-02/P8170132.ORF,,,,f
73974,521,134165,/fishsense_data/__unsorted-data/2023.08.18.FishSense.Host01s Pool/08_18_Pool_Test_FSL-02/P8170137.ORF,,,,f
73972,521,134170,/fishsense_data/__unsorted-data/2023.08.18.FishSense.Host01s Pool/08_18_Pool_Test_FSL-02/P8170142.ORF,,,,f
73973,521,134175,/fishsense_data/__unsorted-data/2023.08.18.FishSense.Host01s Pool/08_18_Pool_Test_FSL-02/P8170147.ORF,,,,f
73990,521,134179,/fishsense_data/__unsorted-data/2023.08.18.FishSense.Host01s Pool/08_18_Pool_Test_FSL-02/P8170151.ORF,,,,f
73978,521,134184,/fishsense_data/__unsorted-data/2023.08.18.FishSense.Host01s Pool/08_18_Pool_Test_FSL-02/P8170156.ORF,,,,f
73980,521,134189,/fishsense_data/__unsorted-data/2023.08.18.FishSense.Host01s Pool/08_18_Pool_Test_FSL-02/P8170161.ORF,,,,f
73979,521,134194,/fishsense_data/__unsorted-data/2023.08.18.FishSense.Host01s Pool/08_18_Pool_Test_FSL-02/P8170166.ORF,,,,f
73985,521,134199,/fishsense_data/__unsorted-data/2023.08.18.FishSense.Host01s Pool/08_18_Pool_Test_FSL-02/P8170171.ORF,,,,f
73982,521,134208,/fishsense_data/__unsorted-data/2023.08.18.FishSense.Host01s Pool/08_18_Pool_Test_FSL-02/P8180180.ORF,2044.4505615234377,1318.65283203125,Red Laser,f
73984,521,134213,/fishsense_data/__unsorted-data/2023.08.18.FishSense.Host01s Pool/08_18_Pool_Test_FSL-02/P8180185.ORF,2045.9144287109375,1322.3504638671875,Red Laser,f
73983,521,134218,/fishsense_data/__unsorted-data/2023.08.18.FishSense.Host01s Pool/08_18_Pool_Test_FSL-02/P8180190.ORF,2068.2568359374995,1396.243408203125,Red Laser,f
73991,521,134223,/fishsense_data/__unsorted-data/2023.08.18.FishSense.Host01s Pool/08_18_Pool_Test_FSL-02/P8180195.ORF,2081.321533203125,1435.558837890625,Red Laser,f
73987,521,134228,/fishsense_data/__unsorted-data/2023.08.18.FishSense.Host01s Pool/08_18_Pool_Test_FSL-02/P8180200.ORF,2088.2431640625,1459.6036376953125,Red Laser,f
73994,521,134232,/fishsense_data/__unsorted-data/2023.08.18.FishSense.Host01s Pool/08_18_Pool_Test_FSL-02/P8180204.ORF,2092.093017578125,1472.0584716796875,Red Laser,f
73992,521,134237,/fishsense_data/__unsorted-data/2023.08.18.FishSense.Host01s Pool/08_18_Pool_Test_FSL-02/P8180209.ORF,2096.010009765625,1484.0247802734375,Red Laser,f
73989,521,134242,/fishsense_data/__unsorted-data/2023.08.18.FishSense.Host01s Pool/08_18_Pool_Test_FSL-02/P8180214.ORF,,,,f
74000,521,134247,/fishsense_data/__unsorted-data/2023.08.18.FishSense.Host01s Pool/08_18_Pool_Test_FSL-02/P8180219.ORF,,,,f
73988,521,134252,/fishsense_data/__unsorted-data/2023.08.18.FishSense.Host01s Pool/08_18_Pool_Test_FSL-02/P8180224.ORF,2097.337888273339,1489.743147946711,Red Laser,f
74070,521,134384,/fishsense_data/__unsorted-data/2023.08.18.FishSense.Host01s Pool/08_18_Pool_Test_FSL-02/P8180356.ORF,2033.5350341796877,1292.5382080078127,Red Laser,f
74067,521,134389,/fishsense_data/__unsorted-data/2023.08.18.FishSense.Host01s Pool/08_18_Pool_Test_FSL-02/P8180361.ORF,1899.22412109375,866.3101806640625,Red Laser,f
74133,522,134394,/fishsense_data/__unsorted-data/2023.08.18.FishSense.Host01s Pool/08_18_Pool_Test_FSL-03/P8180005.ORF,1920.872802734375,1259.2221679687502,Red Laser,f
74141,522,134399,/fishsense_data/__unsorted-data/2023.08.18.FishSense.Host01s Pool/08_18_Pool_Test_FSL-03/P8180010.ORF,1943.4520263671875,1335.173583984375,Red Laser,f
74136,522,134404,/fishsense_data/__unsorted-data/2023.08.18.FishSense.Host01s Pool/08_18_Pool_Test_FSL-03/P8180015.ORF,1960.6524658203125,1391.0760498046875,Red Laser,f
74207,522,134409,/fishsense_data/__unsorted-data/2023.08.18.FishSense.Host01s Pool/08_18_Pool_Test_FSL-03/P8180020.ORF,1968.3740234375,1417.7631835937498,Red Laser,f
74138,522,134414,/fishsense_data/__unsorted-data/2023.08.18.FishSense.Host01s Pool/08_18_Pool_Test_FSL-03/P8180025.ORF,1972.7586669921875,1431.3035888671875,Red Laser,f
74200,522,134418,/fishsense_data/__unsorted-data/2023.08.18.FishSense.Host01s Pool/08_18_Pool_Test_FSL-03/P8180029.ORF,1976.2075195312502,1446.488037109375,Red Laser,f
74134,522,134423,/fishsense_data/__unsorted-data/2023.08.18.FishSense.Host01s Pool/08_18_Pool_Test_FSL-03/P8180034.ORF,1963.80224609375,1406.7086181640625,Red Laser,f
74069,521,134296,/fishsense_data/__unsorted-data/2023.08.18.FishSense.Host01s Pool/08_18_Pool_Test_FSL-02/P8180268.ORF,1969.639404296875,1085.2615966796875,Red Laser,f
74095,521,134301,/fishsense_data/__unsorted-data/2023.08.18.FishSense.Host01s Pool/08_18_Pool_Test_FSL-02/P8180273.ORF,2022.1201171875002,1256.7518310546875,Red Laser,f
74074,521,134305,/fishsense_data/__unsorted-data/2023.08.18.FishSense.Host01s Pool/08_18_Pool_Test_FSL-02/P8180277.ORF,2056.034423828125,1364.197021484375,Red Laser,f
74072,521,134310,/fishsense_data/__unsorted-data/2023.08.18.FishSense.Host01s Pool/08_18_Pool_Test_FSL-02/P8180282.ORF,2069.8984375000005,1413.155517578125,Red Laser,f
74073,521,134315,/fishsense_data/__unsorted-data/2023.08.18.FishSense.Host01s Pool/08_18_Pool_Test_FSL-02/P8180287.ORF,2081.3828125,1449.780517578125,Red Laser,f
74071,521,134320,/fishsense_data/__unsorted-data/2023.08.18.FishSense.Host01s Pool/08_18_Pool_Test_FSL-02/P8180292.ORF,2087.2661132812495,1468.139892578125,Red Laser,f
74075,521,134325,/fishsense_data/__unsorted-data/2023.08.18.FishSense.Host01s Pool/08_18_Pool_Test_FSL-02/P8180297.ORF,2090.1589355468755,1482.83837890625,Red Laser,t
74081,521,134329,/fishsense_data/__unsorted-data/2023.08.18.FishSense.Host01s Pool/08_18_Pool_Test_FSL-02/P8180301.ORF,2093.1948242187495,1486.8236083984375,Red Laser,f
74083,521,134334,/fishsense_data/__unsorted-data/2023.08.18.FishSense.Host01s Pool/08_18_Pool_Test_FSL-02/P8180306.ORF,2078.3842773437495,1443.4859619140625,Red Laser,t
74077,521,134339,/fishsense_data/__unsorted-data/2023.08.18.FishSense.Host01s Pool/08_18_Pool_Test_FSL-02/P8180311.ORF,2065.826171875,1401.12841796875,Red Laser,f
74080,521,134344,/fishsense_data/__unsorted-data/2023.08.18.FishSense.Host01s Pool/08_18_Pool_Test_FSL-02/P8180316.ORF,2028.1146240234377,1275.6865234375,Red Laser,f
74088,521,134349,/fishsense_data/__unsorted-data/2023.08.18.FishSense.Host01s Pool/08_18_Pool_Test_FSL-02/P8180321.ORF,1952.8880615234375,1045.4833984375,Red Laser,t
74078,521,134358,/fishsense_data/__unsorted-data/2023.08.18.FishSense.Host01s Pool/08_18_Pool_Test_FSL-02/P8180330.ORF,2052.529052734375,1350.4844970703123,Red Laser,f
74079,521,134363,/fishsense_data/__unsorted-data/2023.08.18.FishSense.Host01s Pool/08_18_Pool_Test_FSL-02/P8180335.ORF,2071.400146484375,1412.003173828125,Red Laser,f
74086,521,134368,/fishsense_data/__unsorted-data/2023.08.18.FishSense.Host01s Pool/08_18_Pool_Test_FSL-02/P8180340.ORF,2079.9401855468745,1437.3890380859375,Red Laser,f
74084,521,134373,/fishsense_data/__unsorted-data/2023.08.18.FishSense.Host01s Pool/08_18_Pool_Test_FSL-02/P8180345.ORF,2090.5452915336123,1471.5638102629832,Red Laser,f
74082,521,134378,/fishsense_data/__unsorted-data/2023.08.18.FishSense.Host01s Pool/08_18_Pool_Test_FSL-02/P8180350.ORF,2076.0334472656255,1429.4099121093752,Red Laser,f
74099,521,134382,/fishsense_data/__unsorted-data/2023.08.18.FishSense.Host01s Pool/08_18_Pool_Test_FSL-02/P8180354.ORF,2052.9765625,1355.820068359375,Red Laser,f
74087,521,134387,/fishsense_data/__unsorted-data/2023.08.18.FishSense.Host01s Pool/08_18_Pool_Test_FSL-02/P8180359.ORF,1983.0784912109375,1133.8035888671873,Red Laser,f
74139,522,134392,/fishsense_data/__unsorted-data/2023.08.18.FishSense.Host01s Pool/08_18_Pool_Test_FSL-03/P8180003.ORF,1903.0125732421875,1202.0646972656252,Red Laser,f
74135,522,134397,/fishsense_data/__unsorted-data/2023.08.18.FishSense.Host01s Pool/08_18_Pool_Test_FSL-03/P8180008.ORF,1938.0748291015625,1311.658935546875,Red Laser,t
74140,522,134402,/fishsense_data/__unsorted-data/2023.08.18.FishSense.Host01s Pool/08_18_Pool_Test_FSL-03/P8180013.ORF,1953.1346435546875,1364.0523681640625,Red Laser,f
73861,521,134178,/fishsense_data/__unsorted-data/2023.08.18.FishSense.Host01s Pool/08_18_Pool_Test_FSL-02/P8170150.ORF,1608.1195068359375,723.384033203125,Green Laser,t
74032,521,134383,/fishsense_data/__unsorted-data/2023.08.18.FishSense.Host01s Pool/08_18_Pool_Test_FSL-02/P8180355.ORF,2044.1798095703125,1329.2154541015625,Red Laser,f
74037,521,134388,/fishsense_data/__unsorted-data/2023.08.18.FishSense.Host01s Pool/08_18_Pool_Test_FSL-02/P8180360.ORF,1948.9310302734373,1022.4253540039061,Red Laser,f
74137,522,134393,/fishsense_data/__unsorted-data/2023.08.18.FishSense.Host01s Pool/08_18_Pool_Test_FSL-03/P8180004.ORF,1911.7860107421873,1229.4296874999998,Red Laser,f
74128,522,134398,/fishsense_data/__unsorted-data/2023.08.18.FishSense.Host01s Pool/08_18_Pool_Test_FSL-03/P8180009.ORF,1941.7657470703127,1325.9083251953125,Red Laser,f
74130,522,134403,/fishsense_data/__unsorted-data/2023.08.18.FishSense.Host01s Pool/08_18_Pool_Test_FSL-03/P8180014.ORF,1955.5677490234375,1370.142822265625,Red Laser,f
74129,522,134408,/fishsense_data/__unsorted-data/2023.08.18.FishSense.Host01s Pool/08_18_Pool_Test_FSL-03/P8180019.ORF,1968.7861328125002,1413.749267578125,Red Laser,f
74127,522,134413,/fishsense_data/__unsorted-data/2023.08.18.FishSense.Host01s Pool/08_18_Pool_Test_FSL-03/P8180024.ORF,1972.7919921875,1428.606201171875,Red Laser,f
74132,522,134417,/fishsense_data/__unsorted-data/2023.08.18.FishSense.Host01s Pool/08_18_Pool_Test_FSL-03/P8180028.ORF,1976.7297363281248,1444.55029296875,Red Laser,f
74131,522,134422,/fishsense_data/__unsorted-data/2023.08.18.FishSense.Host01s Pool/08_18_Pool_Test_FSL-03/P8180033.ORF,1963.0209960937502,1403.506103515625,Red Laser,f
74033,521,134226,/fishsense_data/__unsorted-data/2023.08.18.FishSense.Host01s Pool/08_18_Pool_Test_FSL-02/P8180198.ORF,2086.4560546875,1451.380615234375,Red Laser,f
74034,521,134230,/fishsense_data/__unsorted-data/2023.08.18.FishSense.Host01s Pool/08_18_Pool_Test_FSL-02/P8180202.ORF,2090.9887695312495,1465.4185791015625,Red Laser,f
74046,521,134235,/fishsense_data/__unsorted-data/2023.08.18.FishSense.Host01s Pool/08_18_Pool_Test_FSL-02/P8180207.ORF,2095.2023925781255,1478.7333984375,Red Laser,f
74039,521,134240,/fishsense_data/__unsorted-data/2023.08.18.FishSense.Host01s Pool/08_18_Pool_Test_FSL-02/P8180212.ORF,2097.404296875,1491.355712890625,Red Laser,f
74040,521,134245,/fishsense_data/__unsorted-data/2023.08.18.FishSense.Host01s Pool/08_18_Pool_Test_FSL-02/P8180217.ORF,,,,f
74015,521,134249,/fishsense_data/__unsorted-data/2023.08.18.FishSense.Host01s Pool/08_18_Pool_Test_FSL-02/P8180221.ORF,,,,f
74010,521,134258,/fishsense_data/__unsorted-data/2023.08.18.FishSense.Host01s Pool/08_18_Pool_Test_FSL-02/P8180230.ORF,2093.811279296875,1478.8143310546875,Red Laser,f
74006,521,134263,/fishsense_data/__unsorted-data/2023.08.18.FishSense.Host01s Pool/08_18_Pool_Test_FSL-02/P8180235.ORF,2094.624755859375,1480.0299072265625,Red Laser,f
74007,521,134268,/fishsense_data/__unsorted-data/2023.08.18.FishSense.Host01s Pool/08_18_Pool_Test_FSL-02/P8180240.ORF,2089.467041015625,1470.7620849609375,Red Laser,f
74008,521,134273,/fishsense_data/__unsorted-data/2023.08.18.FishSense.Host01s Pool/08_18_Pool_Test_FSL-02/P8180245.ORF,2081.23681640625,1447.4400634765625,Red Laser,f
74011,521,134278,/fishsense_data/__unsorted-data/2023.08.18.FishSense.Host01s Pool/08_18_Pool_Test_FSL-02/P8180250.ORF,2077.90283203125,1428.4879150390623,Red Laser,f
74016,521,134282,/fishsense_data/__unsorted-data/2023.08.18.FishSense.Host01s Pool/08_18_Pool_Test_FSL-02/P8180254.ORF,2068.4565429687495,1402.0203857421875,Red Laser,f
74012,521,134287,/fishsense_data/__unsorted-data/2023.08.18.FishSense.Host01s Pool/08_18_Pool_Test_FSL-02/P8180259.ORF,2061.505126953125,1379.1865234375,Red Laser,f
74017,521,134292,/fishsense_data/__unsorted-data/2023.08.18.FishSense.Host01s Pool/08_18_Pool_Test_FSL-02/P8180264.ORF,2040.3641357421875,1308.3348388671875,Red Laser,f
74019,521,134297,/fishsense_data/__unsorted-data/2023.08.18.FishSense.Host01s Pool/08_18_Pool_Test_FSL-02/P8180269.ORF,1961.8052978515625,1058.79833984375,Red Laser,f
74023,521,134302,/fishsense_data/__unsorted-data/2023.08.18.FishSense.Host01s Pool/08_18_Pool_Test_FSL-02/P8180274.ORF,2033.7142333984375,1295.6650390625002,Red Laser,f
74022,521,134306,/fishsense_data/__unsorted-data/2023.08.18.FishSense.Host01s Pool/08_18_Pool_Test_FSL-02/P8180278.ORF,2060.1884765625005,1375.0601806640625,Red Laser,f
74018,521,134311,/fishsense_data/__unsorted-data/2023.08.18.FishSense.Host01s Pool/08_18_Pool_Test_FSL-02/P8180283.ORF,2072.947509765625,1425.8253173828125,Red Laser,t
74038,521,134316,/fishsense_data/__unsorted-data/2023.08.18.FishSense.Host01s Pool/08_18_Pool_Test_FSL-02/P8180288.ORF,2082.3681640625,1454.124755859375,Red Laser,f
74026,521,134321,/fishsense_data/__unsorted-data/2023.08.18.FishSense.Host01s Pool/08_18_Pool_Test_FSL-02/P8180293.ORF,2088.378173828125,1472.2252197265625,Red Laser,f
74025,521,134326,/fishsense_data/__unsorted-data/2023.08.18.FishSense.Host01s Pool/08_18_Pool_Test_FSL-02/P8180298.ORF,,,,f
74020,521,134330,/fishsense_data/__unsorted-data/2023.08.18.FishSense.Host01s Pool/08_18_Pool_Test_FSL-02/P8180302.ORF,2093.861328125,1487.7630615234375,Red Laser,f
74021,521,134335,/fishsense_data/__unsorted-data/2023.08.18.FishSense.Host01s Pool/08_18_Pool_Test_FSL-02/P8180307.ORF,2077.700439453125,1440.9317626953125,Red Laser,t
74031,521,134340,/fishsense_data/__unsorted-data/2023.08.18.FishSense.Host01s Pool/08_18_Pool_Test_FSL-02/P8180312.ORF,2061.9057617187505,1385.8304443359375,Red Laser,f
74029,521,134345,/fishsense_data/__unsorted-data/2023.08.18.FishSense.Host01s Pool/08_18_Pool_Test_FSL-02/P8180317.ORF,2012.4228515625002,1226.2237548828125,Red Laser,f
74024,521,134350,/fishsense_data/__unsorted-data/2023.08.18.FishSense.Host01s Pool/08_18_Pool_Test_FSL-02/P8180322.ORF,1967.5279541015625,1076.5135498046875,Red Laser,f
74045,521,134354,/fishsense_data/__unsorted-data/2023.08.18.FishSense.Host01s Pool/08_18_Pool_Test_FSL-02/P8180326.ORF,2026.982177734375,1267.1105957031252,Red Laser,f
74036,521,134359,/fishsense_data/__unsorted-data/2023.08.18.FishSense.Host01s Pool/08_18_Pool_Test_FSL-02/P8180331.ORF,2055.619384765625,1363.0718994140625,Red Laser,f
74027,521,134364,/fishsense_data/__unsorted-data/2023.08.18.FishSense.Host01s Pool/08_18_Pool_Test_FSL-02/P8180336.ORF,2072.563232421875,1414.744873046875,Red Laser,f
74030,521,134369,/fishsense_data/__unsorted-data/2023.08.18.FishSense.Host01s Pool/08_18_Pool_Test_FSL-02/P8180341.ORF,2079.980224609375,1438.9810791015625,Red Laser,f
74035,521,134374,/fishsense_data/__unsorted-data/2023.08.18.FishSense.Host01s Pool/08_18_Pool_Test_FSL-02/P8180346.ORF,2089.459228515625,1471.8736572265625,Red Laser,f
74150,522,134455,/fishsense_data/__unsorted-data/2023.08.18.FishSense.Host01s Pool/08_18_Pool_Test_FSL-03/P8180066.ORF,1981.453857421875,1463.1370849609377,Red Laser,f
74203,522,134456,/fishsense_data/__unsorted-data/2023.08.18.FishSense.Host01s Pool/08_18_Pool_Test_FSL-03/P8180067.ORF,1976.7093505859377,1447.3111572265625,Red Laser,f
74151,522,134461,/fishsense_data/__unsorted-data/2023.08.18.FishSense.Host01s Pool/08_18_Pool_Test_FSL-03/P8180072.ORF,1975.7928466796875,1442.3114013671875,Red Laser,f
74153,522,134465,/fishsense_data/__unsorted-data/2023.08.18.FishSense.Host01s Pool/08_18_Pool_Test_FSL-03/P8180076.ORF,1972.015380859375,1428.507568359375,Red Laser,f
74149,522,134470,/fishsense_data/__unsorted-data/2023.08.18.FishSense.Host01s Pool/08_18_Pool_Test_FSL-03/P8180081.ORF,1965.0045166015627,1409.827392578125,Red Laser,f
74152,522,134475,/fishsense_data/__unsorted-data/2023.08.18.FishSense.Host01s Pool/08_18_Pool_Test_FSL-03/P8180086.ORF,1950.4085693359373,1361.456787109375,Red Laser,f
74157,522,134480,/fishsense_data/__unsorted-data/2023.08.18.FishSense.Host01s Pool/08_18_Pool_Test_FSL-03/P8180091.ORF,1938.483154296875,1321.5643310546875,Red Laser,f
74156,522,134485,/fishsense_data/__unsorted-data/2023.08.18.FishSense.Host01s Pool/08_18_Pool_Test_FSL-03/P8180096.ORF,1920.9591064453125,1264.8365478515623,Red Laser,f
74155,522,134494,/fishsense_data/__unsorted-data/2023.08.18.FishSense.Host01s Pool/08_18_Pool_Test_FSL-03/P8180105.ORF,1795.5167236328123,865.3934326171875,Red Laser,f
74090,521,134299,/fishsense_data/__unsorted-data/2023.08.18.FishSense.Host01s Pool/08_18_Pool_Test_FSL-02/P8180271.ORF,1977.2753906249998,1108.9287109374998,Red Laser,f
74091,521,134308,/fishsense_data/__unsorted-data/2023.08.18.FishSense.Host01s Pool/08_18_Pool_Test_FSL-02/P8180280.ORF,2062.140869140625,1384.8590087890625,Red Laser,f
74089,521,134313,/fishsense_data/__unsorted-data/2023.08.18.FishSense.Host01s Pool/08_18_Pool_Test_FSL-02/P8180285.ORF,2078.19091796875,1439.6663818359375,Red Laser,f
74101,521,134318,/fishsense_data/__unsorted-data/2023.08.18.FishSense.Host01s Pool/08_18_Pool_Test_FSL-02/P8180290.ORF,2086.2541503906245,1461.89013671875,Red Laser,f
74094,521,134323,/fishsense_data/__unsorted-data/2023.08.18.FishSense.Host01s Pool/08_18_Pool_Test_FSL-02/P8180295.ORF,2090.4467773437495,1478.4095458984375,Red Laser,f
74097,521,134328,/fishsense_data/__unsorted-data/2023.08.18.FishSense.Host01s Pool/08_18_Pool_Test_FSL-02/P8180300.ORF,2094.2900390625005,1485.4073486328125,Red Laser,f
74093,521,134332,/fishsense_data/__unsorted-data/2023.08.18.FishSense.Host01s Pool/08_18_Pool_Test_FSL-02/P8180304.ORF,,,,f
74092,521,134337,/fishsense_data/__unsorted-data/2023.08.18.FishSense.Host01s Pool/08_18_Pool_Test_FSL-02/P8180309.ORF,2073.51904296875,1424.55517578125,Red Laser,f
74098,521,134342,/fishsense_data/__unsorted-data/2023.08.18.FishSense.Host01s Pool/08_18_Pool_Test_FSL-02/P8180314.ORF,2050.3381347656255,1347.765869140625,Red Laser,f
74100,521,134347,/fishsense_data/__unsorted-data/2023.08.18.FishSense.Host01s Pool/08_18_Pool_Test_FSL-02/P8180319.ORF,1956.5340576171875,1044.9554443359375,Red Laser,f
74117,521,134352,/fishsense_data/__unsorted-data/2023.08.18.FishSense.Host01s Pool/08_18_Pool_Test_FSL-02/P8180324.ORF,1976.698486328125,1104.9193115234377,Red Laser,f
74096,521,134356,/fishsense_data/__unsorted-data/2023.08.18.FishSense.Host01s Pool/08_18_Pool_Test_FSL-02/P8180328.ORF,2044.9083251953125,1326.65966796875,Red Laser,f
74105,521,134361,/fishsense_data/__unsorted-data/2023.08.18.FishSense.Host01s Pool/08_18_Pool_Test_FSL-02/P8180333.ORF,2065.0957031250005,1390.258056640625,Red Laser,f
74106,521,134366,/fishsense_data/__unsorted-data/2023.08.18.FishSense.Host01s Pool/08_18_Pool_Test_FSL-02/P8180338.ORF,2075.41845703125,1424.47607421875,Red Laser,f
74103,521,134371,/fishsense_data/__unsorted-data/2023.08.18.FishSense.Host01s Pool/08_18_Pool_Test_FSL-02/P8180343.ORF,2087.372314453125,1465.304931640625,Red Laser,f
74104,521,134376,/fishsense_data/__unsorted-data/2023.08.18.FishSense.Host01s Pool/08_18_Pool_Test_FSL-02/P8180348.ORF,2078.8542480468745,1438.679931640625,Red Laser,f
74107,521,134380,/fishsense_data/__unsorted-data/2023.08.18.FishSense.Host01s Pool/08_18_Pool_Test_FSL-02/P8180352.ORF,2071.1752929687495,1413.02734375,Red Laser,f
74102,521,134385,/fishsense_data/__unsorted-data/2023.08.18.FishSense.Host01s Pool/08_18_Pool_Test_FSL-02/P8180357.ORF,2020.2642822265625,1251.395751953125,Red Laser,f
74158,522,134390,/fishsense_data/__unsorted-data/2023.08.18.FishSense.Host01s Pool/08_18_Pool_Test_FSL-03/P8180001.ORF,1878.7584228515627,1134.5068359375,Red Laser,f
74159,522,134395,/fishsense_data/__unsorted-data/2023.08.18.FishSense.Host01s Pool/08_18_Pool_Test_FSL-03/P8180006.ORF,1927.7998046875,1283.9716796875,Red Laser,f
74160,522,134400,/fishsense_data/__unsorted-data/2023.08.18.FishSense.Host01s Pool/08_18_Pool_Test_FSL-03/P8180011.ORF,1947.140625,1345.0540771484373,Red Laser,f
74161,522,134405,/fishsense_data/__unsorted-data/2023.08.18.FishSense.Host01s Pool/08_18_Pool_Test_FSL-03/P8180016.ORF,1963.1329345703125,1397.7376708984375,Red Laser,f
74162,522,134410,/fishsense_data/__unsorted-data/2023.08.18.FishSense.Host01s Pool/08_18_Pool_Test_FSL-03/P8180021.ORF,1969.0028076171875,1420.451904296875,Red Laser,f
74163,522,134419,/fishsense_data/__unsorted-data/2023.08.18.FishSense.Host01s Pool/08_18_Pool_Test_FSL-03/P8180030.ORF,1977.102783203125,1448.527099609375,Red Laser,f
74164,522,134424,/fishsense_data/__unsorted-data/2023.08.18.FishSense.Host01s Pool/08_18_Pool_Test_FSL-03/P8180035.ORF,1964.40673828125,1410.2001953125,Red Laser,f
74204,522,134429,/fishsense_data/__unsorted-data/2023.08.18.FishSense.Host01s Pool/08_18_Pool_Test_FSL-03/P8180040.ORF,1972.2657470703125,1430.7080078124998,Red Laser,f
74165,522,134434,/fishsense_data/__unsorted-data/2023.08.18.FishSense.Host01s Pool/08_18_Pool_Test_FSL-03/P8180045.ORF,1977.305908203125,1451.440185546875,Red Laser,f
74205,522,134439,/fishsense_data/__unsorted-data/2023.08.18.FishSense.Host01s Pool/08_18_Pool_Test_FSL-03/P8180050.ORF,1986.0919189453125,1478.8817138671873,Red Laser,f
74166,522,134443,/fishsense_data/__unsorted-data/2023.08.18.FishSense.Host01s Pool/08_18_Pool_Test_FSL-03/P8180054.ORF,,,,f
74167,522,134448,/fishsense_data/__unsorted-data/2023.08.18.FishSense.Host01s Pool/08_18_Pool_Test_FSL-03/P8180059.ORF,1986.880859375,1476.728271484375,Red Laser,f
74168,522,134453,/fishsense_data/__unsorted-data/2023.08.18.FishSense.Host01s Pool/08_18_Pool_Test_FSL-03/P8180064.ORF,1982.513671875,1465.8350830078125,Red Laser,f
74171,522,134459,/fishsense_data/__unsorted-data/2023.08.18.FishSense.Host01s Pool/08_18_Pool_Test_FSL-03/P8180070.ORF,1975.3477783203125,1445.8632812499998,Red Laser,f
74181,522,134462,/fishsense_data/__unsorted-data/2023.08.18.FishSense.Host01s Pool/08_18_Pool_Test_FSL-03/P8180073.ORF,1975.0657958984373,1439.91162109375,Red Laser,f
74182,522,134466,/fishsense_data/__unsorted-data/2023.08.18.FishSense.Host01s Pool/08_18_Pool_Test_FSL-03/P8180077.ORF,1970.276611328125,1424.508056640625,Red Laser,f
74183,522,134471,/fishsense_data/__unsorted-data/2023.08.18.FishSense.Host01s Pool/08_18_Pool_Test_FSL-03/P8180082.ORF,1964.1956787109375,1404.6168212890625,Red Laser,f
74187,522,134476,/fishsense_data/__unsorted-data/2023.08.18.FishSense.Host01s Pool/08_18_Pool_Test_FSL-03/P8180087.ORF,1948.39892578125,1354.9754638671875,Red Laser,f
74184,522,134481,/fishsense_data/__unsorted-data/2023.08.18.FishSense.Host01s Pool/08_18_Pool_Test_FSL-03/P8180092.ORF,1935.7401123046873,1312.1126708984375,Red Laser,f
74185,522,134486,/fishsense_data/__unsorted-data/2023.08.18.FishSense.Host01s Pool/08_18_Pool_Test_FSL-03/P8180097.ORF,1916.2442626953125,1246.8215332031248,Red Laser,f
74186,522,134490,/fishsense_data/__unsorted-data/2023.08.18.FishSense.Host01s Pool/08_18_Pool_Test_FSL-03/P8180101.ORF,1891.7294921875,1170.4725341796875,Red Laser,f
74188,522,134495,/fishsense_data/__unsorted-data/2023.08.18.FishSense.Host01s Pool/08_18_Pool_Test_FSL-03/P8180106.ORF,1822.4018554687502,944.2222900390625,Red Laser,f
74219,522,134500,/fishsense_data/__unsorted-data/2023.08.18.FishSense.Host01s Pool/08_18_Pool_Test_FSL-03/P8180111.ORF,1886.7952880859375,1146.7574462890625,Red Laser,t
74189,522,134427,/fishsense_data/__unsorted-data/2023.08.18.FishSense.Host01s Pool/08_18_Pool_Test_FSL-03/P8180038.ORF,1969.1209716796875,1418.5797119140625,Red Laser,f
74221,522,134432,/fishsense_data/__unsorted-data/2023.08.18.FishSense.Host01s Pool/08_18_Pool_Test_FSL-03/P8180043.ORF,1976.240478515625,1443.312255859375,Red Laser,f
74190,522,134437,/fishsense_data/__unsorted-data/2023.08.18.FishSense.Host01s Pool/08_18_Pool_Test_FSL-03/P8180048.ORF,1985.5998535156252,1474.9278564453123,Red Laser,f
74191,522,134441,/fishsense_data/__unsorted-data/2023.08.18.FishSense.Host01s Pool/08_18_Pool_Test_FSL-03/P8180052.ORF,1986.455322265625,1480.1973876953125,Red Laser,f
74222,522,134446,/fishsense_data/__unsorted-data/2023.08.18.FishSense.Host01s Pool/08_18_Pool_Test_FSL-03/P8180057.ORF,,,,f
74192,522,134451,/fishsense_data/__unsorted-data/2023.08.18.FishSense.Host01s Pool/08_18_Pool_Test_FSL-03/P8180062.ORF,1983.5246582031252,1469.234375,Red Laser,f
74193,522,134460,/fishsense_data/__unsorted-data/2023.08.18.FishSense.Host01s Pool/08_18_Pool_Test_FSL-03/P8180071.ORF,1976.5499267578125,1443.6278076171875,Red Laser,f
74194,522,134469,/fishsense_data/__unsorted-data/2023.08.18.FishSense.Host01s Pool/08_18_Pool_Test_FSL-03/P8180080.ORF,1966.1507568359377,1413.693359375,Red Laser,f
74195,522,134474,/fishsense_data/__unsorted-data/2023.08.18.FishSense.Host01s Pool/08_18_Pool_Test_FSL-03/P8180085.ORF,1952.4757080078123,1367.6485595703125,Red Laser,f
74223,522,134479,/fishsense_data/__unsorted-data/2023.08.18.FishSense.Host01s Pool/08_18_Pool_Test_FSL-03/P8180090.ORF,1941.445556640625,1331.6292724609375,Red Laser,f
74196,522,134484,/fishsense_data/__unsorted-data/2023.08.18.FishSense.Host01s Pool/08_18_Pool_Test_FSL-03/P8180095.ORF,1926.4185791015625,1282.6795654296875,Red Laser,f
74224,522,134489,/fishsense_data/__unsorted-data/2023.08.18.FishSense.Host01s Pool/08_18_Pool_Test_FSL-03/P8180100.ORF,1897.90625,1190.8636474609373,Red Laser,f
74220,522,134493,/fishsense_data/__unsorted-data/2023.08.18.FishSense.Host01s Pool/08_18_Pool_Test_FSL-03/P8180104.ORF,1776.5364990234377,820.374755859375,Red Laser,t
74197,522,134498,/fishsense_data/__unsorted-data/2023.08.18.FishSense.Host01s Pool/08_18_Pool_Test_FSL-03/P8180109.ORF,1868.7774658203123,1083.0281982421875,Red Laser,t
74198,522,134503,/fishsense_data/__unsorted-data/2023.08.18.FishSense.Host01s Pool/08_18_Pool_Test_FSL-03/P8180114.ORF,1911.3404541015625,1232.4145507812502,Red Laser,f
74225,522,134508,/fishsense_data/__unsorted-data/2023.08.18.FishSense.Host01s Pool/08_18_Pool_Test_FSL-03/P8180119.ORF,1933.2178955078125,1305.9216308593748,Red Laser,f
74199,522,134513,/fishsense_data/__unsorted-data/2023.08.18.FishSense.Host01s Pool/08_18_Pool_Test_FSL-03/P8180124.ORF,1942.120849609375,1337.75,Red Laser,f
74226,522,134517,/fishsense_data/__unsorted-data/2023.08.18.FishSense.Host01s Pool/08_18_Pool_Test_FSL-03/P8180128.ORF,1953.961669921875,1376.5859374999998,Red Laser,f
74041,521,134250,/fishsense_data/__unsorted-data/2023.08.18.FishSense.Host01s Pool/08_18_Pool_Test_FSL-02/P8180222.ORF,,,,f
74051,521,134254,/fishsense_data/__unsorted-data/2023.08.18.FishSense.Host01s Pool/08_18_Pool_Test_FSL-02/P8180226.ORF,2095.2873535156245,1485.171875,Red Laser,f
74043,521,134259,/fishsense_data/__unsorted-data/2023.08.18.FishSense.Host01s Pool/08_18_Pool_Test_FSL-02/P8180231.ORF,,,,f
74044,521,134264,/fishsense_data/__unsorted-data/2023.08.18.FishSense.Host01s Pool/08_18_Pool_Test_FSL-02/P8180236.ORF,2093.1435546875,1477.39990234375,Red Laser,f
74048,521,134269,/fishsense_data/__unsorted-data/2023.08.18.FishSense.Host01s Pool/08_18_Pool_Test_FSL-02/P8180241.ORF,,,,f
74042,521,134274,/fishsense_data/__unsorted-data/2023.08.18.FishSense.Host01s Pool/08_18_Pool_Test_FSL-02/P8180246.ORF,2081.28662109375,1443.6605224609375,Red Laser,f
74142,522,134407,/fishsense_data/__unsorted-data/2023.08.18.FishSense.Host01s Pool/08_18_Pool_Test_FSL-03/P8180018.ORF,1965.3326416015627,1409.774658203125,Red Laser,f
74201,522,134412,/fishsense_data/__unsorted-data/2023.08.18.FishSense.Host01s Pool/08_18_Pool_Test_FSL-03/P8180023.ORF,1971.40869140625,1426.2546386718748,Red Laser,f
74143,522,134416,/fishsense_data/__unsorted-data/2023.08.18.FishSense.Host01s Pool/08_18_Pool_Test_FSL-03/P8180027.ORF,1975.170166015625,1441.38232421875,Red Laser,f
74202,522,134421,/fishsense_data/__unsorted-data/2023.08.18.FishSense.Host01s Pool/08_18_Pool_Test_FSL-03/P8180032.ORF,1978.80419921875,1450.983642578125,Red Laser,f
74144,522,134426,/fishsense_data/__unsorted-data/2023.08.18.FishSense.Host01s Pool/08_18_Pool_Test_FSL-03/P8180037.ORF,1966.317626953125,1412.6541748046875,Red Laser,f
74145,522,134431,/fishsense_data/__unsorted-data/2023.08.18.FishSense.Host01s Pool/08_18_Pool_Test_FSL-03/P8180042.ORF,1975.308349609375,1439.8463134765625,Red Laser,f
74147,522,134436,/fishsense_data/__unsorted-data/2023.08.18.FishSense.Host01s Pool/08_18_Pool_Test_FSL-03/P8180047.ORF,1984.8338623046875,1473.509765625,Red Laser,f
74146,522,134440,/fishsense_data/__unsorted-data/2023.08.18.FishSense.Host01s Pool/08_18_Pool_Test_FSL-03/P8180051.ORF,1987.568603515625,1480.0482177734375,Red Laser,f
74154,522,134445,/fishsense_data/__unsorted-data/2023.08.18.FishSense.Host01s Pool/08_18_Pool_Test_FSL-03/P8180056.ORF,,,,f
74148,522,134450,/fishsense_data/__unsorted-data/2023.08.18.FishSense.Host01s Pool/08_18_Pool_Test_FSL-03/P8180061.ORF,1984.0086669921875,1470.405517578125,Red Laser,f
74169,522,134464,/fishsense_data/__unsorted-data/2023.08.18.FishSense.Host01s Pool/08_18_Pool_Test_FSL-03/P8180075.ORF,1972.982177734375,1432.1146240234375,Red Laser,f
74170,522,134468,/fishsense_data/__unsorted-data/2023.08.18.FishSense.Host01s Pool/08_18_Pool_Test_FSL-03/P8180079.ORF,1968.1770019531252,1417.5572509765625,Red Laser,f
74173,522,134473,/fishsense_data/__unsorted-data/2023.08.18.FishSense.Host01s Pool/08_18_Pool_Test_FSL-03/P8180084.ORF,1954.6492919921875,1373.192626953125,Red Laser,f
74206,522,134478,/fishsense_data/__unsorted-data/2023.08.18.FishSense.Host01s Pool/08_18_Pool_Test_FSL-03/P8180089.ORF,1944.0504150390625,1339.5330810546875,Red Laser,f
74174,522,134483,/fishsense_data/__unsorted-data/2023.08.18.FishSense.Host01s Pool/08_18_Pool_Test_FSL-03/P8180094.ORF,1930.2282714843748,1291.2864990234377,Red Laser,f
74208,522,134488,/fishsense_data/__unsorted-data/2023.08.18.FishSense.Host01s Pool/08_18_Pool_Test_FSL-03/P8180099.ORF,1904.4456787109375,1207.3482666015627,Red Laser,f
74175,522,134492,/fishsense_data/__unsorted-data/2023.08.18.FishSense.Host01s Pool/08_18_Pool_Test_FSL-03/P8180103.ORF,1869.0196533203125,1090.99951171875,Red Laser,f
74172,522,134497,/fishsense_data/__unsorted-data/2023.08.18.FishSense.Host01s Pool/08_18_Pool_Test_FSL-03/P8180108.ORF,1851.9161376953125,1038.783447265625,Red Laser,f
74176,522,134502,/fishsense_data/__unsorted-data/2023.08.18.FishSense.Host01s Pool/08_18_Pool_Test_FSL-03/P8180113.ORF,1906.240234375,1215.0607910156248,Red Laser,f
74112,521,134300,/fishsense_data/__unsorted-data/2023.08.18.FishSense.Host01s Pool/08_18_Pool_Test_FSL-02/P8180272.ORF,2006.3402099609375,1197.982666015625,Red Laser,f
74109,521,134304,/fishsense_data/__unsorted-data/2023.08.18.FishSense.Host01s Pool/08_18_Pool_Test_FSL-02/P8180276.ORF,2049.514404296875,1342.1002197265625,Red Laser,f
74110,521,134309,/fishsense_data/__unsorted-data/2023.08.18.FishSense.Host01s Pool/08_18_Pool_Test_FSL-02/P8180281.ORF,2066.074462890625,1401.1237792968752,Red Laser,f
74108,521,134314,/fishsense_data/__unsorted-data/2023.08.18.FishSense.Host01s Pool/08_18_Pool_Test_FSL-02/P8180286.ORF,2080.197265625,1445.5858154296875,Red Laser,f
74125,521,134319,/fishsense_data/__unsorted-data/2023.08.18.FishSense.Host01s Pool/08_18_Pool_Test_FSL-02/P8180291.ORF,2086.527099609375,1465.0537109375,Red Laser,f
74116,521,134324,/fishsense_data/__unsorted-data/2023.08.18.FishSense.Host01s Pool/08_18_Pool_Test_FSL-02/P8180296.ORF,,,,f
74113,521,134333,/fishsense_data/__unsorted-data/2023.08.18.FishSense.Host01s Pool/08_18_Pool_Test_FSL-02/P8180305.ORF,2080.2299804687505,1448.9085693359375,Red Laser,t
74111,521,134338,/fishsense_data/__unsorted-data/2023.08.18.FishSense.Host01s Pool/08_18_Pool_Test_FSL-02/P8180310.ORF,2069.363525390625,1413.610107421875,Red Laser,f
74121,521,134343,/fishsense_data/__unsorted-data/2023.08.18.FishSense.Host01s Pool/08_18_Pool_Test_FSL-02/P8180315.ORF,2041.6844482421875,1317.50927734375,Red Laser,f
74124,521,134348,/fishsense_data/__unsorted-data/2023.08.18.FishSense.Host01s Pool/08_18_Pool_Test_FSL-02/P8180320.ORF,1905.5753173828125,880.0693359374999,Red Laser,f
74126,521,134353,/fishsense_data/__unsorted-data/2023.08.18.FishSense.Host01s Pool/08_18_Pool_Test_FSL-02/P8180325.ORF,2017.994140625,1242.29150390625,Red Laser,f
74114,521,134357,/fishsense_data/__unsorted-data/2023.08.18.FishSense.Host01s Pool/08_18_Pool_Test_FSL-02/P8180329.ORF,2049.6621093750005,1343.2939453125,Red Laser,f
74115,521,134362,/fishsense_data/__unsorted-data/2023.08.18.FishSense.Host01s Pool/08_18_Pool_Test_FSL-02/P8180334.ORF,2064.546142578125,1387.7178955078125,Red Laser,f
74120,521,134367,/fishsense_data/__unsorted-data/2023.08.18.FishSense.Host01s Pool/08_18_Pool_Test_FSL-02/P8180339.ORF,2077.318603515625,1431.5363769531248,Red Laser,f
74123,521,134372,/fishsense_data/__unsorted-data/2023.08.18.FishSense.Host01s Pool/08_18_Pool_Test_FSL-02/P8180344.ORF,2088.14599609375,1468.197021484375,Red Laser,f
74118,521,134377,/fishsense_data/__unsorted-data/2023.08.18.FishSense.Host01s Pool/08_18_Pool_Test_FSL-02/P8180349.ORF,2077.4533691406255,1433.5712890625,Red Laser,f
74119,521,134381,/fishsense_data/__unsorted-data/2023.08.18.FishSense.Host01s Pool/08_18_Pool_Test_FSL-02/P8180353.ORF,2067.8115234375005,1401.814453125,Red Laser,f
74122,521,134386,/fishsense_data/__unsorted-data/2023.08.18.FishSense.Host01s Pool/08_18_Pool_Test_FSL-02/P8180358.ORF,2007.956787109375,1211.115966796875,Red Laser,f
74209,522,134391,/fishsense_data/__unsorted-data/2023.08.18.FishSense.Host01s Pool/08_18_Pool_Test_FSL-03/P8180002.ORF,1888.48974609375,1154.094970703125,Red Laser,f
74210,522,134396,/fishsense_data/__unsorted-data/2023.08.18.FishSense.Host01s Pool/08_18_Pool_Test_FSL-03/P8180007.ORF,1934.739990234375,1302.3931884765623,Red Laser,t
74211,522,134401,/fishsense_data/__unsorted-data/2023.08.18.FishSense.Host01s Pool/08_18_Pool_Test_FSL-03/P8180012.ORF,1950.77587890625,1354.7088623046875,Red Laser,f
74212,522,134406,/fishsense_data/__unsorted-data/2023.08.18.FishSense.Host01s Pool/08_18_Pool_Test_FSL-03/P8180017.ORF,1964.8243408203125,1406.3385009765625,Red Laser,f
74213,522,134411,/fishsense_data/__unsorted-data/2023.08.18.FishSense.Host01s Pool/08_18_Pool_Test_FSL-03/P8180022.ORF,1970.9514160156252,1424.544677734375,Red Laser,f
74214,522,134415,/fishsense_data/__unsorted-data/2023.08.18.FishSense.Host01s Pool/08_18_Pool_Test_FSL-03/P8180026.ORF,1974.4498291015625,1438.896240234375,Red Laser,f
74177,522,134420,/fishsense_data/__unsorted-data/2023.08.18.FishSense.Host01s Pool/08_18_Pool_Test_FSL-03/P8180031.ORF,1977.4078369140625,1450.044189453125,Red Laser,f
74179,522,134425,/fishsense_data/__unsorted-data/2023.08.18.FishSense.Host01s Pool/08_18_Pool_Test_FSL-03/P8180036.ORF,1964.3892822265623,1408.8385009765623,Red Laser,f
74215,522,134430,/fishsense_data/__unsorted-data/2023.08.18.FishSense.Host01s Pool/08_18_Pool_Test_FSL-03/P8180041.ORF,1972.888671875,1435.3734130859375,Red Laser,f
74216,522,134435,/fishsense_data/__unsorted-data/2023.08.18.FishSense.Host01s Pool/08_18_Pool_Test_FSL-03/P8180046.ORF,1984.1888427734375,1472.9761962890625,Red Laser,f
74178,522,134444,/fishsense_data/__unsorted-data/2023.08.18.FishSense.Host01s Pool/08_18_Pool_Test_FSL-03/P8180055.ORF,1987.763386244187,1480.0048551352002,Red Laser,f
74218,522,134449,/fishsense_data/__unsorted-data/2023.08.18.FishSense.Host01s Pool/08_18_Pool_Test_FSL-03/P8180060.ORF,1984.248046875,1471.441650390625,Red Laser,f
74217,522,134454,/fishsense_data/__unsorted-data/2023.08.18.FishSense.Host01s Pool/08_18_Pool_Test_FSL-03/P8180065.ORF,1982.5075808105853,1463.8690501098663,Red Laser,f
74180,522,134457,/fishsense_data/__unsorted-data/2023.08.18.FishSense.Host01s Pool/08_18_Pool_Test_FSL-03/P8180068.ORF,1977.1072998046875,1447.0618896484375,Red Laser,f
74240,522,134594,/fishsense_data/__unsorted-data/2023.08.18.FishSense.Host01s Pool/08_18_Pool_Test_FSL-03/P8180205.ORF,1899.6265869140627,1197.1469726562498,Red Laser,f
74242,522,134599,/fishsense_data/__unsorted-data/2023.08.18.FishSense.Host01s Pool/08_18_Pool_Test_FSL-03/P8180210.ORF,1928.1025390625,1297.72119140625,Red Laser,f
74243,522,134604,/fishsense_data/__unsorted-data/2023.08.18.FishSense.Host01s Pool/08_18_Pool_Test_FSL-03/P8180215.ORF,1943.5487060546873,1342.390380859375,Red Laser,f
74244,522,134609,/fishsense_data/__unsorted-data/2023.08.18.FishSense.Host01s Pool/08_18_Pool_Test_FSL-03/P8180220.ORF,1953.5203857421875,1378.3983154296875,Red Laser,f
74245,522,134614,/fishsense_data/__unsorted-data/2023.08.18.FishSense.Host01s Pool/08_18_Pool_Test_FSL-03/P8180225.ORF,1962.454345703125,1404.8857421875,Red Laser,f
74246,522,134618,/fishsense_data/__unsorted-data/2023.08.18.FishSense.Host01s Pool/08_18_Pool_Test_FSL-03/P8180229.ORF,1967.070068359375,1421.526611328125,Red Laser,f
74247,522,134623,/fishsense_data/__unsorted-data/2023.08.18.FishSense.Host01s Pool/08_18_Pool_Test_FSL-03/P8180234.ORF,1972.0945276947664,1437.9728036714016,Red Laser,f
74248,522,134628,/fishsense_data/__unsorted-data/2023.08.18.FishSense.Host01s Pool/08_18_Pool_Test_FSL-03/P8180239.ORF,1965.1322021484375,1415.10498046875,Red Laser,f
74249,522,134633,/fishsense_data/__unsorted-data/2023.08.18.FishSense.Host01s Pool/08_18_Pool_Test_FSL-03/P8180244.ORF,1970.427001953125,1430.942626953125,Red Laser,f
74250,522,134428,/fishsense_data/__unsorted-data/2023.08.18.FishSense.Host01s Pool/08_18_Pool_Test_FSL-03/P8180039.ORF,1970.2901611328125,1424.1708984375,Red Laser,f
74253,522,134433,/fishsense_data/__unsorted-data/2023.08.18.FishSense.Host01s Pool/08_18_Pool_Test_FSL-03/P8180044.ORF,1978.3238525390625,1448.173828125,Red Laser,f
74251,522,134438,/fishsense_data/__unsorted-data/2023.08.18.FishSense.Host01s Pool/08_18_Pool_Test_FSL-03/P8180049.ORF,1985.7901611328125,1476.751953125,Red Laser,f
74252,522,134442,/fishsense_data/__unsorted-data/2023.08.18.FishSense.Host01s Pool/08_18_Pool_Test_FSL-03/P8180053.ORF,1986.898840806863,1482.5968674588737,Red Laser,f
74254,522,134447,/fishsense_data/__unsorted-data/2023.08.18.FishSense.Host01s Pool/08_18_Pool_Test_FSL-03/P8180058.ORF,1985.4842529296875,1478.24267578125,Red Laser,f
74261,522,134452,/fishsense_data/__unsorted-data/2023.08.18.FishSense.Host01s Pool/08_18_Pool_Test_FSL-03/P8180063.ORF,1983.7747802734375,1466.695068359375,Red Laser,f
74255,522,134458,/fishsense_data/__unsorted-data/2023.08.18.FishSense.Host01s Pool/08_18_Pool_Test_FSL-03/P8180069.ORF,1976.4432373046875,1445.8947753906248,Red Laser,f
74260,522,134463,/fishsense_data/__unsorted-data/2023.08.18.FishSense.Host01s Pool/08_18_Pool_Test_FSL-03/P8180074.ORF,1973.815673828125,1434.8306884765625,Red Laser,f
74263,522,134467,/fishsense_data/__unsorted-data/2023.08.18.FishSense.Host01s Pool/08_18_Pool_Test_FSL-03/P8180078.ORF,1969.3248291015625,1421.73291015625,Red Laser,f
74257,522,134472,/fishsense_data/__unsorted-data/2023.08.18.FishSense.Host01s Pool/08_18_Pool_Test_FSL-03/P8180083.ORF,1955.99169921875,1378.283447265625,Red Laser,f
74256,522,134477,/fishsense_data/__unsorted-data/2023.08.18.FishSense.Host01s Pool/08_18_Pool_Test_FSL-03/P8180088.ORF,1947.0234375,1343.4114990234375,Red Laser,f
74264,522,134482,/fishsense_data/__unsorted-data/2023.08.18.FishSense.Host01s Pool/08_18_Pool_Test_FSL-03/P8180093.ORF,1931.2244873046875,1302.6302490234375,Red Laser,f
74262,522,134487,/fishsense_data/__unsorted-data/2023.08.18.FishSense.Host01s Pool/08_18_Pool_Test_FSL-03/P8180098.ORF,1909.222412109375,1227.2684326171875,Red Laser,f
74259,522,134491,/fishsense_data/__unsorted-data/2023.08.18.FishSense.Host01s Pool/08_18_Pool_Test_FSL-03/P8180102.ORF,1882.776123046875,1139.50048828125,Red Laser,f
74258,522,134496,/fishsense_data/__unsorted-data/2023.08.18.FishSense.Host01s Pool/08_18_Pool_Test_FSL-03/P8180107.ORF,1838.343994140625,996.1947021484375,Red Laser,f
74267,522,134501,/fishsense_data/__unsorted-data/2023.08.18.FishSense.Host01s Pool/08_18_Pool_Test_FSL-03/P8180112.ORF,1899.9239501953125,1196.9589843749998,Red Laser,f
74266,522,134506,/fishsense_data/__unsorted-data/2023.08.18.FishSense.Host01s Pool/08_18_Pool_Test_FSL-03/P8180117.ORF,1925.4964599609375,1280.0350341796877,Red Laser,f
74265,522,134511,/fishsense_data/__unsorted-data/2023.08.18.FishSense.Host01s Pool/08_18_Pool_Test_FSL-03/P8180122.ORF,1942.50341796875,1337.5084228515625,Red Laser,f
74268,522,134515,/fishsense_data/__unsorted-data/2023.08.18.FishSense.Host01s Pool/08_18_Pool_Test_FSL-03/P8180126.ORF,1947.5291748046875,1354.3616943359375,Red Laser,f
74286,522,134520,/fishsense_data/__unsorted-data/2023.08.18.FishSense.Host01s Pool/08_18_Pool_Test_FSL-03/P8180131.ORF,1959.1029052734375,1392.5233154296875,Red Laser,f
74269,522,134525,/fishsense_data/__unsorted-data/2023.08.18.FishSense.Host01s Pool/08_18_Pool_Test_FSL-03/P8180136.ORF,1967.4539794921875,1416.32470703125,Red Laser,f
74271,522,134530,/fishsense_data/__unsorted-data/2023.08.18.FishSense.Host01s Pool/08_18_Pool_Test_FSL-03/P8180141.ORF,1972.3198242187498,1434.5916748046875,Red Laser,f
74270,522,134535,/fishsense_data/__unsorted-data/2023.08.18.FishSense.Host01s Pool/08_18_Pool_Test_FSL-03/P8180146.ORF,1975.233642578125,1447.0364990234375,Red Laser,f
74272,522,134544,/fishsense_data/__unsorted-data/2023.08.18.FishSense.Host01s Pool/08_18_Pool_Test_FSL-03/P8180155.ORF,1972.53125,1441.6943359375,Red Laser,f
74274,522,134549,/fishsense_data/__unsorted-data/2023.08.18.FishSense.Host01s Pool/08_18_Pool_Test_FSL-03/P8180160.ORF,1975.1885986328125,1449.07861328125,Red Laser,f
74273,522,134554,/fishsense_data/__unsorted-data/2023.08.18.FishSense.Host01s Pool/08_18_Pool_Test_FSL-03/P8180165.ORF,1969.3685302734375,1429.6766357421875,Red Laser,f
74288,522,134559,/fishsense_data/__unsorted-data/2023.08.18.FishSense.Host01s Pool/08_18_Pool_Test_FSL-03/P8180170.ORF,1965.8192138671875,1416.4759521484375,Red Laser,f
74278,522,134564,/fishsense_data/__unsorted-data/2023.08.18.FishSense.Host01s Pool/08_18_Pool_Test_FSL-03/P8180175.ORF,1937.995849609375,1323.6981201171875,Red Laser,f
74277,522,134568,/fishsense_data/__unsorted-data/2023.08.18.FishSense.Host01s Pool/08_18_Pool_Test_FSL-03/P8180179.ORF,1931.6663818359373,1305.101318359375,Red Laser,f
74276,522,134573,/fishsense_data/__unsorted-data/2023.08.18.FishSense.Host01s Pool/08_18_Pool_Test_FSL-03/P8180184.ORF,1915.435302734375,1250.4207763671875,Red Laser,f
74275,522,134578,/fishsense_data/__unsorted-data/2023.08.18.FishSense.Host01s Pool/08_18_Pool_Test_FSL-03/P8180189.ORF,1888.0889892578125,1158.7398681640625,Red Laser,f
74284,522,134583,/fishsense_data/__unsorted-data/2023.08.18.FishSense.Host01s Pool/08_18_Pool_Test_FSL-03/P8180194.ORF,1824.6346435546875,955.7859497070312,Red Laser,f
74363,522,134550,/fishsense_data/__unsorted-data/2023.08.18.FishSense.Host01s Pool/08_18_Pool_Test_FSL-03/P8180161.ORF,1976.1065673828125,1450.7857666015625,Red Laser,f
74365,522,134555,/fishsense_data/__unsorted-data/2023.08.18.FishSense.Host01s Pool/08_18_Pool_Test_FSL-03/P8180166.ORF,1968.3327636718748,1429.01708984375,Red Laser,f
74052,521,134283,/fishsense_data/__unsorted-data/2023.08.18.FishSense.Host01s Pool/08_18_Pool_Test_FSL-02/P8180255.ORF,2067.265869140625,1397.19140625,Red Laser,f
74050,521,134288,/fishsense_data/__unsorted-data/2023.08.18.FishSense.Host01s Pool/08_18_Pool_Test_FSL-02/P8180260.ORF,2058.772216796875,1372.3369140625,Red Laser,f
74047,521,134293,/fishsense_data/__unsorted-data/2023.08.18.FishSense.Host01s Pool/08_18_Pool_Test_FSL-02/P8180265.ORF,2037.663818359375,1305.5635986328125,Red Laser,f
74055,521,134298,/fishsense_data/__unsorted-data/2023.08.18.FishSense.Host01s Pool/08_18_Pool_Test_FSL-02/P8180270.ORF,1934.563720703125,984.5624389648439,Red Laser,t
74049,521,134303,/fishsense_data/__unsorted-data/2023.08.18.FishSense.Host01s Pool/08_18_Pool_Test_FSL-02/P8180275.ORF,2042.39208984375,1319.521484375,Red Laser,f
74366,522,134560,/fishsense_data/__unsorted-data/2023.08.18.FishSense.Host01s Pool/08_18_Pool_Test_FSL-03/P8180171.ORF,1963.7030029296875,1410.4873046875,Red Laser,f
74367,522,134569,/fishsense_data/__unsorted-data/2023.08.18.FishSense.Host01s Pool/08_18_Pool_Test_FSL-03/P8180180.ORF,1929.355224609375,1299.9404296875,Red Laser,f
74372,522,134574,/fishsense_data/__unsorted-data/2023.08.18.FishSense.Host01s Pool/08_18_Pool_Test_FSL-03/P8180185.ORF,1909.6971435546875,1232.9836425781252,Red Laser,f
74370,522,134579,/fishsense_data/__unsorted-data/2023.08.18.FishSense.Host01s Pool/08_18_Pool_Test_FSL-03/P8180190.ORF,1876.36962890625,1124.9250488281248,Red Laser,f
74368,522,134584,/fishsense_data/__unsorted-data/2023.08.18.FishSense.Host01s Pool/08_18_Pool_Test_FSL-03/P8180195.ORF,1804.899169921875,891.6554565429688,Red Laser,f
74369,522,134589,/fishsense_data/__unsorted-data/2023.08.18.FishSense.Host01s Pool/08_18_Pool_Test_FSL-03/P8180200.ORF,1819.264404296875,948.0637817382812,Red Laser,f
74371,522,134593,/fishsense_data/__unsorted-data/2023.08.18.FishSense.Host01s Pool/08_18_Pool_Test_FSL-03/P8180204.ORF,1889.2934570312502,1171.0439453125,Red Laser,f
74374,522,134598,/fishsense_data/__unsorted-data/2023.08.18.FishSense.Host01s Pool/08_18_Pool_Test_FSL-03/P8180209.ORF,1924.0855712890625,1285.0450439453125,Red Laser,f
74373,522,134603,/fishsense_data/__unsorted-data/2023.08.18.FishSense.Host01s Pool/08_18_Pool_Test_FSL-03/P8180214.ORF,1940.49169921875,1336.404052734375,Red Laser,f
74375,522,134608,/fishsense_data/__unsorted-data/2023.08.18.FishSense.Host01s Pool/08_18_Pool_Test_FSL-03/P8180219.ORF,1950.5820312499998,1372.03662109375,Red Laser,f
74380,522,134613,/fishsense_data/__unsorted-data/2023.08.18.FishSense.Host01s Pool/08_18_Pool_Test_FSL-03/P8180224.ORF,1961.1057128906248,1399.97900390625,Red Laser,f
74376,522,134617,/fishsense_data/__unsorted-data/2023.08.18.FishSense.Host01s Pool/08_18_Pool_Test_FSL-03/P8180228.ORF,1965.8428955078125,1416.64501953125,Red Laser,f
74381,522,134622,/fishsense_data/__unsorted-data/2023.08.18.FishSense.Host01s Pool/08_18_Pool_Test_FSL-03/P8180233.ORF,1972.3720703125,1431.69384765625,Red Laser,f
74377,522,134627,/fishsense_data/__unsorted-data/2023.08.18.FishSense.Host01s Pool/08_18_Pool_Test_FSL-03/P8180238.ORF,1964.8765869140625,1411.5386962890625,Red Laser,f
74378,522,134632,/fishsense_data/__unsorted-data/2023.08.18.FishSense.Host01s Pool/08_18_Pool_Test_FSL-03/P8180243.ORF,1969.088623046875,1430.8751220703125,Red Laser,f
74379,522,134637,/fishsense_data/__unsorted-data/2023.08.18.FishSense.Host01s Pool/08_18_Pool_Test_FSL-03/P8180248.ORF,1949.496826171875,1368.745361328125,Red Laser,f
74382,522,134641,/fishsense_data/__unsorted-data/2023.08.18.FishSense.Host01s Pool/08_18_Pool_Test_FSL-03/P8180252.ORF,1942.4779052734375,1338.088134765625,Red Laser,f
74383,522,134646,/fishsense_data/__unsorted-data/2023.08.18.FishSense.Host01s Pool/08_18_Pool_Test_FSL-03/P8180257.ORF,1911.77099609375,1242.810546875,Red Laser,f
74391,522,134651,/fishsense_data/__unsorted-data/2023.08.18.FishSense.Host01s Pool/08_18_Pool_Test_FSL-03/P8180262.ORF,1892.8763427734375,1176.6876220703127,Red Laser,f
74384,522,134656,/fishsense_data/__unsorted-data/2023.08.18.FishSense.Host01s Pool/08_18_Pool_Test_FSL-03/P8180267.ORF,1855.177490234375,1053.3367919921873,Red Laser,f
74385,522,134661,/fishsense_data/__unsorted-data/2023.08.18.FishSense.Host01s Pool/08_18_Pool_Test_FSL-03/P8180272.ORF,1762.53076171875,761.7442626953125,Red Laser,f
74388,522,134631,/fishsense_data/__unsorted-data/2023.08.18.FishSense.Host01s Pool/08_18_Pool_Test_FSL-03/P8180242.ORF,1968.4234619140623,1423.61181640625,Red Laser,f
74386,522,134636,/fishsense_data/__unsorted-data/2023.08.18.FishSense.Host01s Pool/08_18_Pool_Test_FSL-03/P8180247.ORF,1947.90087890625,1374.7255859375,Red Laser,t
74387,522,134640,/fishsense_data/__unsorted-data/2023.08.18.FishSense.Host01s Pool/08_18_Pool_Test_FSL-03/P8180251.ORF,1944.6412353515625,1346.4254150390625,Red Laser,f
74389,522,134645,/fishsense_data/__unsorted-data/2023.08.18.FishSense.Host01s Pool/08_18_Pool_Test_FSL-03/P8180256.ORF,1914.2578125,1253.107666015625,Red Laser,f
74390,522,134650,/fishsense_data/__unsorted-data/2023.08.18.FishSense.Host01s Pool/08_18_Pool_Test_FSL-03/P8180261.ORF,1898.3386230468752,1193.6092529296873,Red Laser,f
74396,522,134655,/fishsense_data/__unsorted-data/2023.08.18.FishSense.Host01s Pool/08_18_Pool_Test_FSL-03/P8180266.ORF,1864.9999999999998,1081.5902099609375,Red Laser,f
74393,522,134660,/fishsense_data/__unsorted-data/2023.08.18.FishSense.Host01s Pool/08_18_Pool_Test_FSL-03/P8180271.ORF,1782.8885498046875,823.6034545898438,Red Laser,f
74392,522,134638,/fishsense_data/__unsorted-data/2023.08.18.FishSense.Host01s Pool/08_18_Pool_Test_FSL-03/P8180249.ORF,1947.48388671875,1362.5184326171875,Red Laser,f
74394,522,134642,/fishsense_data/__unsorted-data/2023.08.18.FishSense.Host01s Pool/08_18_Pool_Test_FSL-03/P8180253.ORF,1940.81591796875,1330.593017578125,Red Laser,f
74399,522,134647,/fishsense_data/__unsorted-data/2023.08.18.FishSense.Host01s Pool/08_18_Pool_Test_FSL-03/P8180258.ORF,1909.451904296875,1232.8460693359375,Red Laser,f
74395,522,134652,/fishsense_data/__unsorted-data/2023.08.18.FishSense.Host01s Pool/08_18_Pool_Test_FSL-03/P8180263.ORF,1889.3892822265625,1159.7025146484375,Red Laser,f
74397,522,134657,/fishsense_data/__unsorted-data/2023.08.18.FishSense.Host01s Pool/08_18_Pool_Test_FSL-03/P8180268.ORF,1840.8087158203123,1007.0579223632811,Red Laser,f
74398,522,134662,/fishsense_data/__unsorted-data/2023.08.18.FishSense.Host01s Pool/08_18_Pool_Test_FSL-03/P8180273.ORF,1741.2145996093748,699.162109375,Red Laser,t
74227,522,134522,/fishsense_data/__unsorted-data/2023.08.18.FishSense.Host01s Pool/08_18_Pool_Test_FSL-03/P8180133.ORF,1962.2772216796875,1402.7218017578125,Red Laser,f
74228,522,134527,/fishsense_data/__unsorted-data/2023.08.18.FishSense.Host01s Pool/08_18_Pool_Test_FSL-03/P8180138.ORF,1969.5281982421875,1424.873046875,Red Laser,f
74229,522,134532,/fishsense_data/__unsorted-data/2023.08.18.FishSense.Host01s Pool/08_18_Pool_Test_FSL-03/P8180143.ORF,1973.152587890625,1440.7113037109375,Red Laser,f
74234,522,134537,/fishsense_data/__unsorted-data/2023.08.18.FishSense.Host01s Pool/08_18_Pool_Test_FSL-03/P8180148.ORF,1976.097412109375,1451.125,Red Laser,f
74230,522,134541,/fishsense_data/__unsorted-data/2023.08.18.FishSense.Host01s Pool/08_18_Pool_Test_FSL-03/P8180152.ORF,1972.0472412109375,1437.5107421875,Red Laser,f
74231,522,134546,/fishsense_data/__unsorted-data/2023.08.18.FishSense.Host01s Pool/08_18_Pool_Test_FSL-03/P8180157.ORF,1975.139892578125,1445.9688720703125,Red Laser,f
74232,522,134551,/fishsense_data/__unsorted-data/2023.08.18.FishSense.Host01s Pool/08_18_Pool_Test_FSL-03/P8180162.ORF,1977.150390625,1453.7508544921877,Red Laser,f
74233,522,134556,/fishsense_data/__unsorted-data/2023.08.18.FishSense.Host01s Pool/08_18_Pool_Test_FSL-03/P8180167.ORF,1967.81640625,1425.1534423828125,Red Laser,f
74235,522,134561,/fishsense_data/__unsorted-data/2023.08.18.FishSense.Host01s Pool/08_18_Pool_Test_FSL-03/P8180172.ORF,1962.011474609375,1406.1998291015625,Red Laser,f
74236,522,134565,/fishsense_data/__unsorted-data/2023.08.18.FishSense.Host01s Pool/08_18_Pool_Test_FSL-03/P8180176.ORF,1936.3560791015625,1321.5841064453125,Red Laser,f
74237,522,134570,/fishsense_data/__unsorted-data/2023.08.18.FishSense.Host01s Pool/08_18_Pool_Test_FSL-03/P8180181.ORF,1927.0072021484375,1290.6162109375,Red Laser,f
74238,522,134575,/fishsense_data/__unsorted-data/2023.08.18.FishSense.Host01s Pool/08_18_Pool_Test_FSL-03/P8180186.ORF,1905.5136718750002,1214.9909667968748,Red Laser,f
74239,522,134580,/fishsense_data/__unsorted-data/2023.08.18.FishSense.Host01s Pool/08_18_Pool_Test_FSL-03/P8180191.ORF,1868.1810302734373,1097.00732421875,Red Laser,f
74241,522,134585,/fishsense_data/__unsorted-data/2023.08.18.FishSense.Host01s Pool/08_18_Pool_Test_FSL-03/P8180196.ORF,1781.0311279296875,824.1000366210939,Red Laser,f
74279,522,134588,/fishsense_data/__unsorted-data/2023.08.18.FishSense.Host01s Pool/08_18_Pool_Test_FSL-03/P8180199.ORF,1851.7113037109375,1040.062255859375,Red Laser,f
74280,522,134592,/fishsense_data/__unsorted-data/2023.08.18.FishSense.Host01s Pool/08_18_Pool_Test_FSL-03/P8180203.ORF,1878.8116455078125,1137.8380126953125,Red Laser,f
74283,522,134597,/fishsense_data/__unsorted-data/2023.08.18.FishSense.Host01s Pool/08_18_Pool_Test_FSL-03/P8180208.ORF,1920.0465087890625,1270.7246093749998,Red Laser,f
74285,522,134602,/fishsense_data/__unsorted-data/2023.08.18.FishSense.Host01s Pool/08_18_Pool_Test_FSL-03/P8180213.ORF,1937.6033935546875,1329.2685546875,Red Laser,f
74281,522,134607,/fishsense_data/__unsorted-data/2023.08.18.FishSense.Host01s Pool/08_18_Pool_Test_FSL-03/P8180218.ORF,1948.0758056640625,1364.4635009765625,Red Laser,f
74282,522,134612,/fishsense_data/__unsorted-data/2023.08.18.FishSense.Host01s Pool/08_18_Pool_Test_FSL-03/P8180223.ORF,1959.2489013671875,1396.8504638671875,Red Laser,f
74289,522,134616,/fishsense_data/__unsorted-data/2023.08.18.FishSense.Host01s Pool/08_18_Pool_Test_FSL-03/P8180227.ORF,1964.5888671875,1414.572509765625,Red Laser,f
74287,522,134621,/fishsense_data/__unsorted-data/2023.08.18.FishSense.Host01s Pool/08_18_Pool_Test_FSL-03/P8180232.ORF,1969.7913818359373,1433.0601806640625,Red Laser,f
74290,522,134626,/fishsense_data/__unsorted-data/2023.08.18.FishSense.Host01s Pool/08_18_Pool_Test_FSL-03/P8180237.ORF,1962.5479736328123,1412.5723876953125,Red Laser,f
74294,522,134499,/fishsense_data/__unsorted-data/2023.08.18.FishSense.Host01s Pool/08_18_Pool_Test_FSL-03/P8180110.ORF,1877.396728515625,1112.8870849609375,Red Laser,t
74295,522,134504,/fishsense_data/__unsorted-data/2023.08.18.FishSense.Host01s Pool/08_18_Pool_Test_FSL-03/P8180115.ORF,1915.442626953125,1248.533935546875,Red Laser,f
74291,522,134509,/fishsense_data/__unsorted-data/2023.08.18.FishSense.Host01s Pool/08_18_Pool_Test_FSL-03/P8180120.ORF,1936.9688720703127,1318.598388671875,Red Laser,f
74292,522,134514,/fishsense_data/__unsorted-data/2023.08.18.FishSense.Host01s Pool/08_18_Pool_Test_FSL-03/P8180125.ORF,1945.3736572265625,1345.87744140625,Red Laser,f
74293,522,134518,/fishsense_data/__unsorted-data/2023.08.18.FishSense.Host01s Pool/08_18_Pool_Test_FSL-03/P8180129.ORF,1955.0068359375002,1380.8477783203125,Red Laser,f
74296,522,134523,/fishsense_data/__unsorted-data/2023.08.18.FishSense.Host01s Pool/08_18_Pool_Test_FSL-03/P8180134.ORF,1965.0023193359375,1407.4930419921875,Red Laser,f
74297,522,134528,/fishsense_data/__unsorted-data/2023.08.18.FishSense.Host01s Pool/08_18_Pool_Test_FSL-03/P8180139.ORF,1970.346923828125,1428.4171142578125,Red Laser,f
74302,522,134533,/fishsense_data/__unsorted-data/2023.08.18.FishSense.Host01s Pool/08_18_Pool_Test_FSL-03/P8180144.ORF,1974.0234375,1442.5028076171875,Red Laser,f
74298,522,134538,/fishsense_data/__unsorted-data/2023.08.18.FishSense.Host01s Pool/08_18_Pool_Test_FSL-03/P8180149.ORF,1971.1021728515627,1436.591796875,Red Laser,f
74305,522,134542,/fishsense_data/__unsorted-data/2023.08.18.FishSense.Host01s Pool/08_18_Pool_Test_FSL-03/P8180153.ORF,1972.1439208984375,1438.2496337890625,Red Laser,f
74299,522,134547,/fishsense_data/__unsorted-data/2023.08.18.FishSense.Host01s Pool/08_18_Pool_Test_FSL-03/P8180158.ORF,1976.0403595037706,1422.133105188887,Red Laser,t
74304,522,134552,/fishsense_data/__unsorted-data/2023.08.18.FishSense.Host01s Pool/08_18_Pool_Test_FSL-03/P8180163.ORF,1976.42626953125,1453.6827392578125,Red Laser,f
74300,522,134557,/fishsense_data/__unsorted-data/2023.08.18.FishSense.Host01s Pool/08_18_Pool_Test_FSL-03/P8180168.ORF,1966.966064453125,1422.3450927734375,Red Laser,f
74301,522,134562,/fishsense_data/__unsorted-data/2023.08.18.FishSense.Host01s Pool/08_18_Pool_Test_FSL-03/P8180173.ORF,1960.513671875,1401.871826171875,Red Laser,f
74306,522,134566,/fishsense_data/__unsorted-data/2023.08.18.FishSense.Host01s Pool/08_18_Pool_Test_FSL-03/P8180177.ORF,1934.7086181640625,1313.3896484375,Red Laser,f
74319,522,134571,/fishsense_data/__unsorted-data/2023.08.18.FishSense.Host01s Pool/08_18_Pool_Test_FSL-03/P8180182.ORF,1924.3873291015625,1277.3697509765625,Red Laser,f
74312,522,134576,/fishsense_data/__unsorted-data/2023.08.18.FishSense.Host01s Pool/08_18_Pool_Test_FSL-03/P8180187.ORF,1899.9830322265623,1201.7832031250002,Red Laser,f
74308,522,134581,/fishsense_data/__unsorted-data/2023.08.18.FishSense.Host01s Pool/08_18_Pool_Test_FSL-03/P8180192.ORF,1859.1689453125,1063.4704589843752,Red Laser,f
74303,522,134586,/fishsense_data/__unsorted-data/2023.08.18.FishSense.Host01s Pool/08_18_Pool_Test_FSL-03/P8180197.ORF,1739.4474894577131,661.1134681511346,Red Laser,t
74314,522,134590,/fishsense_data/__unsorted-data/2023.08.18.FishSense.Host01s Pool/08_18_Pool_Test_FSL-03/P8180201.ORF,1838.0274658203125,1001.140625,Red Laser,f
74307,522,134595,/fishsense_data/__unsorted-data/2023.08.18.FishSense.Host01s Pool/08_18_Pool_Test_FSL-03/P8180206.ORF,1904.7159423828125,1220.0977783203125,Red Laser,f
74316,522,134600,/fishsense_data/__unsorted-data/2023.08.18.FishSense.Host01s Pool/08_18_Pool_Test_FSL-03/P8180211.ORF,1933.2421875000002,1309.4804687500002,Red Laser,f
74311,522,134605,/fishsense_data/__unsorted-data/2023.08.18.FishSense.Host01s Pool/08_18_Pool_Test_FSL-03/P8180216.ORF,1943.9438476562498,1347.88671875,Red Laser,f
74309,522,134610,/fishsense_data/__unsorted-data/2023.08.18.FishSense.Host01s Pool/08_18_Pool_Test_FSL-03/P8180221.ORF,1955.4378662109375,1385.518798828125,Red Laser,f
74310,522,134619,/fishsense_data/__unsorted-data/2023.08.18.FishSense.Host01s Pool/08_18_Pool_Test_FSL-03/P8180230.ORF,1967.93994140625,1426.2410888671875,Red Laser,f
74313,522,134624,/fishsense_data/__unsorted-data/2023.08.18.FishSense.Host01s Pool/08_18_Pool_Test_FSL-03/P8180235.ORF,1959.26171875,1401.155517578125,Red Laser,f
74315,522,134629,/fishsense_data/__unsorted-data/2023.08.18.FishSense.Host01s Pool/08_18_Pool_Test_FSL-03/P8180240.ORF,1966.3358154296875,1418.1650390625,Red Laser,f
74318,522,134634,/fishsense_data/__unsorted-data/2023.08.18.FishSense.Host01s Pool/08_18_Pool_Test_FSL-03/P8180245.ORF,1969.790283203125,1433.1485595703125,Red Laser,f
74322,522,134639,/fishsense_data/__unsorted-data/2023.08.18.FishSense.Host01s Pool/08_18_Pool_Test_FSL-03/P8180250.ORF,1946.9106445312502,1356.4532470703125,Red Laser,f
74317,522,134643,/fishsense_data/__unsorted-data/2023.08.18.FishSense.Host01s Pool/08_18_Pool_Test_FSL-03/P8180254.ORF,1919.0338134765625,1269.576904296875,Red Laser,f
74324,522,134648,/fishsense_data/__unsorted-data/2023.08.18.FishSense.Host01s Pool/08_18_Pool_Test_FSL-03/P8180259.ORF,1906.7174072265625,1222.3046875,Red Laser,f
74320,522,134653,/fishsense_data/__unsorted-data/2023.08.18.FishSense.Host01s Pool/08_18_Pool_Test_FSL-03/P8180264.ORF,1879.2783203125,1135.0421142578125,Red Laser,f
74054,521,134307,/fishsense_data/__unsorted-data/2023.08.18.FishSense.Host01s Pool/08_18_Pool_Test_FSL-02/P8180279.ORF,2057.9885253906255,1369.849365234375,Red Laser,f
74056,521,134312,/fishsense_data/__unsorted-data/2023.08.18.FishSense.Host01s Pool/08_18_Pool_Test_FSL-02/P8180284.ORF,2076.171875,1432.341064453125,Red Laser,f
74060,521,134317,/fishsense_data/__unsorted-data/2023.08.18.FishSense.Host01s Pool/08_18_Pool_Test_FSL-02/P8180289.ORF,2083.380615234375,1457.3997802734375,Red Laser,f
74059,521,134322,/fishsense_data/__unsorted-data/2023.08.18.FishSense.Host01s Pool/08_18_Pool_Test_FSL-02/P8180294.ORF,2090.06103515625,1475.10546875,Red Laser,f
74053,521,134327,/fishsense_data/__unsorted-data/2023.08.18.FishSense.Host01s Pool/08_18_Pool_Test_FSL-02/P8180299.ORF,2092.4743652343745,1482.866943359375,Red Laser,f
74058,521,134331,/fishsense_data/__unsorted-data/2023.08.18.FishSense.Host01s Pool/08_18_Pool_Test_FSL-02/P8180303.ORF,2094.147216796875,1488.83984375,Red Laser,f
74062,521,134336,/fishsense_data/__unsorted-data/2023.08.18.FishSense.Host01s Pool/08_18_Pool_Test_FSL-02/P8180308.ORF,2075.2697753906245,1432.923583984375,Red Laser,f
74063,521,134341,/fishsense_data/__unsorted-data/2023.08.18.FishSense.Host01s Pool/08_18_Pool_Test_FSL-02/P8180313.ORF,2057.19921875,1367.947021484375,Red Laser,f
74085,521,134346,/fishsense_data/__unsorted-data/2023.08.18.FishSense.Host01s Pool/08_18_Pool_Test_FSL-02/P8180318.ORF,1989.0374755859375,1152.1275634765625,Red Laser,f
74057,521,134351,/fishsense_data/__unsorted-data/2023.08.18.FishSense.Host01s Pool/08_18_Pool_Test_FSL-02/P8180323.ORF,1983.089599609375,1129.1213378906252,Red Laser,f
74065,521,134355,/fishsense_data/__unsorted-data/2023.08.18.FishSense.Host01s Pool/08_18_Pool_Test_FSL-02/P8180327.ORF,2035.552490234375,1295.6973876953125,Red Laser,f
74061,521,134360,/fishsense_data/__unsorted-data/2023.08.18.FishSense.Host01s Pool/08_18_Pool_Test_FSL-02/P8180332.ORF,2060.726318359375,1376.8663330078125,Red Laser,f
74066,521,134365,/fishsense_data/__unsorted-data/2023.08.18.FishSense.Host01s Pool/08_18_Pool_Test_FSL-02/P8180337.ORF,2072.830322265625,1417.03564453125,Red Laser,f
74064,521,134370,/fishsense_data/__unsorted-data/2023.08.18.FishSense.Host01s Pool/08_18_Pool_Test_FSL-02/P8180342.ORF,2087.6594461266354,1463.1659429819485,Red Laser,f
74068,521,134375,/fishsense_data/__unsorted-data/2023.08.18.FishSense.Host01s Pool/08_18_Pool_Test_FSL-02/P8180347.ORF,,,,f
74076,521,134379,/fishsense_data/__unsorted-data/2023.08.18.FishSense.Host01s Pool/08_18_Pool_Test_FSL-02/P8180351.ORF,2074.29833984375,1422.4586181640625,Red Laser,f
74326,522,134658,/fishsense_data/__unsorted-data/2023.08.18.FishSense.Host01s Pool/08_18_Pool_Test_FSL-03/P8180269.ORF,1823.8157958984375,950.7418823242188,Red Laser,f
74321,522,134505,/fishsense_data/__unsorted-data/2023.08.18.FishSense.Host01s Pool/08_18_Pool_Test_FSL-03/P8180116.ORF,1920.5015869140625,1267.114990234375,Red Laser,f
74325,522,134510,/fishsense_data/__unsorted-data/2023.08.18.FishSense.Host01s Pool/08_18_Pool_Test_FSL-03/P8180121.ORF,1940.349853515625,1328.5679931640625,Red Laser,f
74323,522,134519,/fishsense_data/__unsorted-data/2023.08.18.FishSense.Host01s Pool/08_18_Pool_Test_FSL-03/P8180130.ORF,1957.84375,1386.6717529296875,Red Laser,f
74327,522,134524,/fishsense_data/__unsorted-data/2023.08.18.FishSense.Host01s Pool/08_18_Pool_Test_FSL-03/P8180135.ORF,1966.42822265625,1412.0870361328125,Red Laser,f
74328,522,134529,/fishsense_data/__unsorted-data/2023.08.18.FishSense.Host01s Pool/08_18_Pool_Test_FSL-03/P8180140.ORF,1971.1112060546875,1429.5313720703125,Red Laser,f
74329,522,134534,/fishsense_data/__unsorted-data/2023.08.18.FishSense.Host01s Pool/08_18_Pool_Test_FSL-03/P8180145.ORF,1975.494873046875,1445.5540771484375,Red Laser,f
74330,522,134539,/fishsense_data/__unsorted-data/2023.08.18.FishSense.Host01s Pool/08_18_Pool_Test_FSL-03/P8180150.ORF,1971.4176025390627,1436.083251953125,Red Laser,f
74331,522,134543,/fishsense_data/__unsorted-data/2023.08.18.FishSense.Host01s Pool/08_18_Pool_Test_FSL-03/P8180154.ORF,1973.2446289062498,1439.478271484375,Red Laser,f
74332,522,134548,/fishsense_data/__unsorted-data/2023.08.18.FishSense.Host01s Pool/08_18_Pool_Test_FSL-03/P8180159.ORF,1976.2191162109377,1447.6741943359377,Red Laser,f
74333,522,134553,/fishsense_data/__unsorted-data/2023.08.18.FishSense.Host01s Pool/08_18_Pool_Test_FSL-03/P8180164.ORF,,,,f
74336,522,134558,/fishsense_data/__unsorted-data/2023.08.18.FishSense.Host01s Pool/08_18_Pool_Test_FSL-03/P8180169.ORF,1966.410400390625,1419.116455078125,Red Laser,f
74334,522,134563,/fishsense_data/__unsorted-data/2023.08.18.FishSense.Host01s Pool/08_18_Pool_Test_FSL-03/P8180174.ORF,1960.6455078125,1397.186279296875,Red Laser,f
74335,522,134567,/fishsense_data/__unsorted-data/2023.08.18.FishSense.Host01s Pool/08_18_Pool_Test_FSL-03/P8180178.ORF,1932.6199951171875,1309.9229736328125,Red Laser,f
74337,522,134572,/fishsense_data/__unsorted-data/2023.08.18.FishSense.Host01s Pool/08_18_Pool_Test_FSL-03/P8180183.ORF,1919.270751953125,1266.3275146484373,Red Laser,f
74338,522,134577,/fishsense_data/__unsorted-data/2023.08.18.FishSense.Host01s Pool/08_18_Pool_Test_FSL-03/P8180188.ORF,1895.0899658203127,1184.7525634765625,Red Laser,f
74339,522,134582,/fishsense_data/__unsorted-data/2023.08.18.FishSense.Host01s Pool/08_18_Pool_Test_FSL-03/P8180193.ORF,1845.8704833984373,1011.4435424804688,Red Laser,t
74340,522,134587,/fishsense_data/__unsorted-data/2023.08.18.FishSense.Host01s Pool/08_18_Pool_Test_FSL-03/P8180198.ORF,1836.3529052734375,1006.5543823242189,Red Laser,t
74341,522,134591,/fishsense_data/__unsorted-data/2023.08.18.FishSense.Host01s Pool/08_18_Pool_Test_FSL-03/P8180202.ORF,1862.2384033203125,1087.4969482421875,Red Laser,f
74342,522,134596,/fishsense_data/__unsorted-data/2023.08.18.FishSense.Host01s Pool/08_18_Pool_Test_FSL-03/P8180207.ORF,1912.21044921875,1244.9554443359375,Red Laser,f
74343,522,134601,/fishsense_data/__unsorted-data/2023.08.18.FishSense.Host01s Pool/08_18_Pool_Test_FSL-03/P8180212.ORF,1935.0296630859375,1321.2314453125,Red Laser,f
74344,522,134606,/fishsense_data/__unsorted-data/2023.08.18.FishSense.Host01s Pool/08_18_Pool_Test_FSL-03/P8180217.ORF,1947.3837890625,1358.6025390625,Red Laser,f
74349,522,134611,/fishsense_data/__unsorted-data/2023.08.18.FishSense.Host01s Pool/08_18_Pool_Test_FSL-03/P8180222.ORF,1958.896484375,1393.333251953125,Red Laser,f
74345,522,134615,/fishsense_data/__unsorted-data/2023.08.18.FishSense.Host01s Pool/08_18_Pool_Test_FSL-03/P8180226.ORF,1963.3623046875,1409.852783203125,Red Laser,f
74362,522,134620,/fishsense_data/__unsorted-data/2023.08.18.FishSense.Host01s Pool/08_18_Pool_Test_FSL-03/P8180231.ORF,1969.4400634765625,1429.9658203124998,Red Laser,f
74350,522,134625,/fishsense_data/__unsorted-data/2023.08.18.FishSense.Host01s Pool/08_18_Pool_Test_FSL-03/P8180236.ORF,1961.0631103515625,1407.1204833984375,Red Laser,f
74353,522,134630,/fishsense_data/__unsorted-data/2023.08.18.FishSense.Host01s Pool/08_18_Pool_Test_FSL-03/P8180241.ORF,1967.3260498046875,1425.4521484375002,Red Laser,f
74346,522,134635,/fishsense_data/__unsorted-data/2023.08.18.FishSense.Host01s Pool/08_18_Pool_Test_FSL-03/P8180246.ORF,1971.1434326171875,1437.22119140625,Red Laser,f
74352,522,134644,/fishsense_data/__unsorted-data/2023.08.18.FishSense.Host01s Pool/08_18_Pool_Test_FSL-03/P8180255.ORF,1918.1617431640625,1265.0888671874998,Red Laser,f
74354,522,134649,/fishsense_data/__unsorted-data/2023.08.18.FishSense.Host01s Pool/08_18_Pool_Test_FSL-03/P8180260.ORF,1903.4686279296875,1210.3486328125,Red Laser,f
74347,522,134654,/fishsense_data/__unsorted-data/2023.08.18.FishSense.Host01s Pool/08_18_Pool_Test_FSL-03/P8180265.ORF,1872.072509765625,1108.3549804687502,Red Laser,f
74348,522,134659,/fishsense_data/__unsorted-data/2023.08.18.FishSense.Host01s Pool/08_18_Pool_Test_FSL-03/P8180270.ORF,1802.5343017578123,892.9197998046875,Red Laser,f
74356,522,134507,/fishsense_data/__unsorted-data/2023.08.18.FishSense.Host01s Pool/08_18_Pool_Test_FSL-03/P8180118.ORF,1928.447998046875,1294.30224609375,Red Laser,f
74360,522,134512,/fishsense_data/__unsorted-data/2023.08.18.FishSense.Host01s Pool/08_18_Pool_Test_FSL-03/P8180123.ORF,1944.3378906250002,1342.641357421875,Red Laser,f
74351,522,134516,/fishsense_data/__unsorted-data/2023.08.18.FishSense.Host01s Pool/08_18_Pool_Test_FSL-03/P8180127.ORF,1949.9934082031248,1361.1209716796875,Red Laser,f
74358,522,134521,/fishsense_data/__unsorted-data/2023.08.18.FishSense.Host01s Pool/08_18_Pool_Test_FSL-03/P8180132.ORF,1961.7867431640625,1397.3206787109375,Red Laser,f
74355,522,134526,/fishsense_data/__unsorted-data/2023.08.18.FishSense.Host01s Pool/08_18_Pool_Test_FSL-03/P8180137.ORF,1967.9501953125,1421.0238037109375,Red Laser,f
74359,522,134531,/fishsense_data/__unsorted-data/2023.08.18.FishSense.Host01s Pool/08_18_Pool_Test_FSL-03/P8180142.ORF,1973.0003662109375,1435.448486328125,Red Laser,f
74364,522,134536,/fishsense_data/__unsorted-data/2023.08.18.FishSense.Host01s Pool/08_18_Pool_Test_FSL-03/P8180147.ORF,,,,f
74357,522,134540,/fishsense_data/__unsorted-data/2023.08.18.FishSense.Host01s Pool/08_18_Pool_Test_FSL-03/P8180151.ORF,1973.1168212890625,1435.4935302734375,Red Laser,f
74361,522,134545,/fishsense_data/__unsorted-data/2023.08.18.FishSense.Host01s Pool/08_18_Pool_Test_FSL-03/P8180156.ORF,1973.9010009765625,1442.2320556640625,Red Laser,f
