slate_label_id,dive_id,image_id,image_path,reference_points,skipped_points,superseded,completed,upside_down
241,63,4014,2024.06.20.REEF/08_2023/082923_Pool Calibration/082923_Slate_FSL03/P8290029.ORF,"[[1928.853916122603, 1315.775991284316], [1998.3541999828144, 1327.7694031009007], [2049.403081048277, 1337.4563895681422], [2117.6514354091983, 1350.1558313930466], [1909.393061947651, 1431.014784121153], [1979.048523304415, 1443.3741634183023], [2026.8428860199788, 1453.0902072588358], [2096.5697888755726, 1464.878054565365]]",null,f,t,
234,63,4007,2024.06.20.REEF/08_2023/082923_Pool Calibration/082923_Slate_FSL03/P8290022.ORF,"[[1818.1028216891868, 1157.6631067720766], [1931.9462855541801, 1174.891642846601], [2014.710821598464, 1189.7554778912884], [2128.892099896291, 1208.3352716971478], [1790.0642237639809, 1349.5417046216799], [1903.5698731961397, 1367.7836839947056], [1982.956264912084, 1380.9584468752241], [2096.12409991141, 1398.1869829497482]]",null,f,t,
367,80,3246,2024.06.20.REEF/08_2023/082923_Pool Calibration/082929_Slate_FSL06/P8290018.ORF,"[[1935.6656967359045, 1166.950363140203], [2038.1206946728194, 1184.0687792543515], [2114.2593215685843, 1197.354714148914], [2215.1813270176667, 1214.473130263062], [1909.6048244427243, 1339.6675167695187], [2012.05982237964, 1357.2969303796112], [2083.343973063929, 1369.3053715343124], [2185.032474756929, 1385.6572914045435]]",null,f,t,
228,62,4096,2023-09-07 REEF Data Dump/082923_Pool Calibration/082929_Slate_FSL05/P8290037.ORF,"[[1932.123834474774, 1299.954349325236], [1991.2773955039042, 1302.954892275989], [2034.2137362992003, 1306.098318224397], [2093.010089834193, 1309.6703931657694], [1927.9564763912044, 1395.0451531175752], [1986.263680990383, 1399.7743898648778], [2027.565871557586, 1401.0072910758392], [2086.067034017698, 1405.0142200114633]]",null,f,t,
331,77,3672,2023-09-07 REEF Data Dump/082923_Pool Calibration/082929_Slate_FSL01/P8290086.ORF,"[[1866.927242048448, 1303.0534135538178], [1953.6488351837538, 1303.975983693555], [2014.9997494762852, 1303.975983693555], [2101.2600575417223, 1304.2835070734673], [1867.8498121881853, 1447.7431638026173], [1954.4176436335351, 1448.358210562442], [2014.077179336547, 1448.204448872486], [2100.337487401984, 1448.0506871825298]]",null,f,t,
209,62,4074,2023-09-07 REEF Data Dump/082923_Pool Calibration/082929_Slate_FSL05/P8290019.ORF,"[[1859.4837441930072, 1163.8107742062355], [1962.9069320913582, 1170.5670628629116], [2037.226107314796, 1174.9846362153537], [2140.3894379571198, 1181.221210359978], [1852.6234830930093, 1332.3401230965392], [1954.9812562416532, 1338.0829684547136], [2025.2466582710845, 1342.4745560815536], [2127.2666169868958, 1347.879587006894]]",null,f,t,
354,77,3714,2023-09-07 REEF Data Dump/082923_Pool Calibration/082929_Slate_FSL01/P8290128.ORF,"[[1857.1214832390447, 1357.8559317908055], [1912.8305262924127, 1357.974210013849], [1953.2816785732025, 1357.6193753447192], [2008.131929502773, 1357.9522787594797], [1857.9946250256849, 1451.3090118857674], [1913.73469553941, 1451.3090118857674], [1952.6742377574487, 1450.916476177924], [2007.7044472202838, 1450.7726490018763]]",null,f,t,
274,71,3878,2024.06.20.REEF/08_2023/082923_Pool Calibration/082923_Slate_FSL02/P8290036.ORF,"[[1860.7430147867894, 1130.4134477601854], [1993.687737487397, 1144.6068345253748], [2090.2027674906826, 1154.7787617070937], [2223.3840466373736, 1169.4452613644557], [1839.5913819009925, 1355.7553868039945], [1972.5392206810561, 1369.56463278726], [2065.7846755902033, 1379.2999811520285], [2198.1909753121004, 1392.5676880771268]]",null,f,t,
538,94,17671,2024.06.20.REEF/08_2023/083123_Fish Degree Angle Tests/083123_Fish Deg Angle Tests_FSL04/P8310167.ORF,"[[1923.3420520479053, 1294.5739868874512], [1990.9407619903673, 1308.5809267854384], [2039.5376775383588, 1318.174843877966], [2106.5273900939496, 1331.572786389084], [1901.9042681059632, 1410.742446682055], [1968.893980661554, 1423.22689311287], [2017.0047742242064, 1432.6663526093391], [2083.080990699493, 1445.7597964270228]]",null,f,t,
242,63,4015,2024.06.20.REEF/08_2023/082923_Pool Calibration/082923_Slate_FSL03/P8290031.ORF,"[[1897.26542206138, 1324.1649215649466], [1967.226990991459, 1336.0045716915754], [2017.1995402272282, 1345.8453198487732], [2086.5460623974827, 1357.8387316653582], [1878.6602575766779, 1440.101235791934], [1947.8530180569746, 1452.8634560583], [1996.287950393183, 1461.0128256259798], [2065.019425803612, 1472.3911906827395]]",null,f,t,
379,80,3259,2024.06.20.REEF/08_2023/082923_Pool Calibration/082929_Slate_FSL06/P8290029.ORF,"[[1970.8476024817078, 1288.000231088586], [2044.5845411465311, 1295.9717920253236], [2098.0604290971464, 1301.2861659831485], [2170.1366259001493, 1308.261281802794], [1959.5545578213282, 1411.915409648527], [2032.2950513690598, 1418.2023930553007], [2083.9239463944573, 1423.8313180153696], [2156.3674727102484, 1431.3316338048435]]",null,f,t,
352,77,3708,2023-09-07 REEF Data Dump/082923_Pool Calibration/082929_Slate_FSL01/P8290121.ORF,"[[1844.0616180079992, 1326.0673431681132], [1914.0231869380773, 1328.066245137544], [1965.3949675524486, 1330.265037303918], [2035.3565364825286, 1332.0640490764056], [1841.8628258416243, 1444.2024495614744], [1912.024284968646, 1445.4017907431328], [1960.9973832197015, 1447.0009123186776], [2030.1593913620077, 1448.7999240911654]]",null,f,t,
215,62,4082,2023-09-07 REEF Data Dump/082923_Pool Calibration/082929_Slate_FSL05/P8290024.ORF,"[[1900.053670447512, 1263.6207646492592], [1974.2715013411002, 1269.3298285641508], [2025.6530765751227, 1274.467986087553], [2099.870907468711, 1280.1770500024443], [1890.919168183687, 1382.3692940789997], [1963.9951862942976, 1388.0783579938914], [2013.6640423538506, 1392.0747027343152], [2086.7400604644604, 1398.9255794321848]]",null,f,t,
210,62,4075,2023-09-07 REEF Data Dump/082923_Pool Calibration/082929_Slate_FSL05/P8290018.ORF,"[[1844.5059852600393, 1154.587608953389], [1948.1890304144167, 1160.8241830980132], [2023.287777405933, 1164.9818991944294], [2126.710965304281, 1171.9980451071317], [1840.0884119075968, 1323.754682626319], [1941.6925990137638, 1328.9518277468392], [2011.59420088476, 1333.1095438432553], [2114.49767427106, 1339.6059752439055]]",null,f,t,
230,63,4012,2024.06.20.REEF/08_2023/082923_Pool Calibration/082923_Slate_FSL03/P8290027.ORF,"[[1914.1032655759404, 1315.2361653522482], [1983.9189827882788, 1326.3769712903875], [2035.1666901037183, 1334.918255842961], [2104.916328592121, 1346.6542567124543], [1896.9865091709985, 1432.0677089730827], [1966.9182552759753, 1442.9379285748928], [2015.7738533752222, 1451.6341042563408], [2084.9205280645133, 1461.9004227691614]]",null,f,t,
226,62,4092,2023-09-07 REEF Data Dump/082923_Pool Calibration/082929_Slate_FSL05/P8290035.ORF,"[[1950.1858267951225, 1321.7589435231973], [2009.2339550682505, 1325.1253237175051], [2052.1780483577973, 1328.3097374148235], [2111.954042618882, 1331.9490673546154], [1944.723000855996, 1418.1459780903865], [2003.4799886671449, 1421.6451535431595], [2044.8868981916262, 1423.832138201143], [2103.3522880483765, 1427.9145095627116]]",null,f,t,
434,436,121799,2025-02-10 REEF Data Dump SMILE 6/101624_Alligator/101624_Alligator_FSL04/101624_Alligator0_FSL04/PA160040.ORF,"[[1901.7727478136467, 1472.979304829486], [2017.9682017401974, 1398.9001455648668], [2118.9907033481786, 1511.8983206931314], [2155.4173684422303, 1481.2232342981397], [2026.5820055832673, 1335.7082932119001]]",[5],f,t,
362,77,3721,2023-09-07 REEF Data Dump/082923_Pool Calibration/082929_Slate_FSL01/P8290133.ORF,"[[1864.1282145500695, 1363.2579376727927], [1920.0065915198697, 1362.913057098993], [1959.9110811848864, 1364.0328509266217], [2015.3990282109585, 1363.892876698168], [1865.0514035469937, 1455.9169539675213], [1919.9392569784845, 1455.5088658379193], [1958.9116733554924, 1456.1209980323226], [2014.2076149165846, 1456.1209980323226]]",null,f,t,
217,62,4088,2023-09-07 REEF Data Dump/082923_Pool Calibration/082929_Slate_FSL05/P8290032.ORF,"[[1939.22197044848, 1323.4055971544085], [1998.5403964749044, 1327.0985730937969], [2041.6635842671362, 1329.7913680496008], [2101.1358842910327, 1334.0229029801499], [1933.3410265110865, 1420.0130961538823], [1992.485673569909, 1424.2760961538822], [2033.4677912169686, 1426.0314490950586], [2093.1497912169693, 1430.437743212706]]",null,f,t,
211,62,4076,2023-09-07 REEF Data Dump/082923_Pool Calibration/082929_Slate_FSL05/P8290020.ORF,"[[1857.1530443213992, 1183.5681022866981], [1960.4277423591643, 1190.8069829902797], [2035.2295096295088, 1195.6329034593339], [2137.5390235734617, 1202.8717841629157], [1850.8793477116283, 1351.9927266566963], [1951.9237327865153, 1358.0184262267805], [2021.962688774493, 1362.273338693061], [2123.6932296538903, 1369.5606267216713]]",null,f,t,
385,80,3266,2024.06.20.REEF/08_2023/082923_Pool Calibration/082929_Slate_FSL06/P8290035.ORF,"[[2022.6101638228633, 1347.3919230938018], [2077.4100742624264, 1355.090505658747], [2117.722652057048, 1361.179384596476], [2172.0326526970216, 1369.7877996463685], [2008.1101176470588, 1439.067], [2062.5977058823532, 1446.984], [2101.9319411764723, 1453.1098235294119], [2156.240411764705, 1461.2059411764706]]",null,f,t,
224,62,4090,2023-09-07 REEF Data Dump/082923_Pool Calibration/082929_Slate_FSL05/P8290034.ORF,"[[1948.9040390929817, 1336.9737067286298], [2007.870753125179, 1340.4908266709042], [2050.0212374333746, 1343.8430816158848], [2110.36182644302, 1347.6349765536493], [1942.865089750227, 1433.6314846682146], [2002.3982877571866, 1436.6324488273324], [2042.7968381993792, 1438.8348620134332], [2102.3878464061677, 1442.9879840215092]]",null,f,t,
213,62,4079,2023-09-07 REEF Data Dump/082923_Pool Calibration/082929_Slate_FSL05/P8290026.ORF,"[[1916.254357491553, 1281.8415911307395], [1989.897903849324, 1287.5844364889142], [2042.9347698042316, 1291.9760241157537], [2115.9026872963336, 1299.0701272052638], [1908.1468111035424, 1401.4279003539075], [1980.776914162811, 1406.495116846415], [2030.4356357893807, 1410.5488900404205], [2103.741367714317, 1416.291735398595]]",null,f,t,
236,63,4016,2024.06.20.REEF/08_2023/082923_Pool Calibration/082923_Slate_FSL03/P8290028.ORF,"[[1914.3700558917576, 1314.1800463806076], [1983.9019948970513, 1325.6379054040533], [2034.5990971514725, 1334.5844528607158], [2104.4449501026124, 1346.3562258300092], [1897.4187028159745, 1430.171249371377], [1966.7936848483437, 1441.7860653677462], [2014.8225185630595, 1450.1047849327133], [2084.3544575683522, 1461.4056869832348]]",null,f,t,
244,63,4020,2024.06.20.REEF/08_2023/082923_Pool Calibration/082923_Slate_FSL03/P8290035.ORF,"[[1934.7949671342508, 1308.3575137876899], [2002.142587335074, 1319.8896405344062], [2050.4237579813257, 1330.0379120715163], [2117.0025697323695, 1342.0313238881015], [1914.805947439942, 1420.7573091456843], [1982.461091020678, 1432.5969592723131], [2029.050883077411, 1441.6688989797299], [2095.475933138496, 1453.6623107963146]]",null,f,t,
220,62,4083,2023-09-07 REEF Data Dump/082923_Pool Calibration/082929_Slate_FSL05/P8290027.ORF,"[[1911.8669958662408, 1276.3618096936943], [1984.9135468006393, 1281.9507806726606], [2037.9437830661814, 1286.3699670281226], [2110.8603579313026, 1292.478842284202], [1903.0286231553168, 1394.3800805983813], [1976.3351262282717, 1400.0990276466262], [2026.115960761856, 1404.7781661406445], [2097.9927270727526, 1409.7172567732193]]",null,f,t,
372,80,3256,2024.06.20.REEF/08_2023/082923_Pool Calibration/082929_Slate_FSL06/P8290028.ORF,"[[1973.9294713656986, 1281.8664008440771], [2046.451808290161, 1289.3348257848077], [2100.3030828627975, 1295.230950738016], [2172.4323447903794, 1302.6993756787465], [1961.3510714655217, 1404.7023373692498], [2033.873408389983, 1411.3846123162198], [2085.5627704797757, 1417.2807372694276], [2157.6920324073585, 1424.3560872132778]]",null,f,t,
212,62,4077,2023-09-07 REEF Data Dump/082923_Pool Calibration/082929_Slate_FSL05/P8290021.ORF,"[[1864.9621874118643, 1187.3398063965876], [1968.2962442713992, 1194.190683094457], [2041.9431687734973, 1199.3288406178592], [2145.2772256330304, 1205.6088109242398], [1857.5404043225076, 1355.1862854943931], [1959.7326483990623, 1360.8953494092848], [2029.383228160737, 1365.4626005411978], [2131.5754722372917, 1372.3134772390677]]",null,f,t,
256,65,4580,2024.06.20.REEF/08_2023/082923_Pool Calibration/082929_Slate_FSL04/P8290016.ORF,"[[1904.3822319216265, 1243.440857229734], [1987.8885442132373, 1251.921967071851], [2048.23490270522, 1258.228433364707], [2131.197554109515, 1267.8512310701851], [1891.39783636336, 1382.6256184466274], [1974.6028627253977, 1390.6678434026906], [2032.0672036744304, 1396.873435669826], [2114.4095692280366, 1405.9174602743954]]",null,f,t,
250,65,4577,2024.06.20.REEF/08_2023/082923_Pool Calibration/082929_Slate_FSL04/P8290013.ORF,"[[1886.5416880518237, 1114.515409298895], [1998.4448377232034, 1126.004439039283], [2080.8901151402283, 1134.5063210471706], [2194.0340800235704, 1145.4898334789816], [1869.9030076349795, 1305.5940594778722], [1982.5697669802553, 1316.3090826010543], [2060.237067507495, 1324.2121687170475], [2174.038179846619, 1335.2905023838869]]",null,f,t,
439,436,121933,2025-02-10 REEF Data Dump SMILE 6/101624_Alligator/101624_Alligator_FSL04/101624_Alligator0_FSL04/PA160174.ORF,"[[1811.8438815486934, 1252.5019679900543], [1975.4829098524806, 1448.8688019545964], [2178.6311810260067, 1315.3039734471827], [2215.191972935322, 1393.4379238985396], [1953.6643727453065, 1560.6150933548395], [1751.4006368599075, 1309.7019166223683]]",null,f,t,
219,62,4084,2023-09-07 REEF Data Dump/082923_Pool Calibration/082929_Slate_FSL05/P8290030.ORF,"[[1919.2321980761722, 1263.018124296711], [1991.8788226435604, 1269.0370161202134], [2044.2291840851854, 1273.8661270018608], [2117.1557571094822, 1280.5848899676307], [1910.9737185974132, 1381.9262313679956], [1982.7804977940827, 1387.8751360772712], [2033.7311169511718, 1391.0945433317027], [2104.908012119798, 1397.6733320690191]]",null,f,t,
214,62,4078,2023-09-07 REEF Data Dump/082923_Pool Calibration/082929_Slate_FSL05/P8290022.ORF,"[[1859.7654542647, 1191.626106158015], [1963.6704175157242, 1197.9060764643953], [2037.3173420178214, 1201.33151481333], [2140.0804924858653, 1209.324204294178], [1854.6272967412974, 1358.9016788643312], [1955.1068216433855, 1364.6107427792228], [2025.3283077965493, 1369.177993911136], [2127.520551873105, 1376.5997770004944]]",null,f,t,
225,62,4091,2023-09-07 REEF Data Dump/082923_Pool Calibration/082929_Slate_FSL05/P8290033.ORF,"[[1928.1398122025507, 1324.5226115274231], [1987.1843011457372, 1328.520415466285], [2030.0838126435233, 1331.1343641955407], [2089.5895866565784, 1336.0547382741395], [1922.7581530540842, 1422.3150463395773], [1981.6488803073166, 1425.3902801387014], [2022.3957281457137, 1427.8504671780008], [2081.4691186233854, 1431.7264956339018]]",null,f,t,
313,77,3649,2023-09-07 REEF Data Dump/082923_Pool Calibration/082929_Slate_FSL01/P8290063.ORF,"[[1824.9994538250626, 1207.4681404278376], [1918.1011115140604, 1203.0765528009983], [1985.292402204704, 1200.0024414622105], [2078.833218656386, 1196.0500125980552], [1833.340471963104, 1364.6080208408998], [1926.2894135416395, 1359.8106561142658], [1992.0532883359097, 1357.4119737509488], [2085.0022299144443, 1352.6146090243146]]",null,f,t,
243,63,4013,2024.06.20.REEF/08_2023/082923_Pool Calibration/082923_Slate_FSL03/P8290030.ORF,"[[1910.3546119042926, 1323.087054812988], [1980.5416893145689, 1335.898981641848], [2030.1182757392867, 1345.3686666892663], [2100.491033248533, 1358.180593518126], [1890.858201512549, 1439.5084768665417], [1960.8595988238553, 1451.7633633984947], [2008.208024060948, 1460.8616882479748], [2077.4667009763793, 1472.9308946809588]]",null,f,t,
237,63,4010,2024.06.20.REEF/08_2023/082923_Pool Calibration/082923_Slate_FSL03/P8290025.ORF,"[[1891.4502677342093, 1324.4400477494464], [1963.8937222347854, 1334.0506669376161], [2015.5334275993923, 1342.0615997507416], [2088.124803398328, 1351.9212093668953], [1876.512932011618, 1444.3550495183406], [1948.9810626903513, 1455.3238652163118], [1998.5256010115259, 1461.2396309860048], [2070.007770728644, 1470.9759954819567]]",null,f,t,
433,436,121794,2025-02-10 REEF Data Dump SMILE 6/101624_Alligator/101624_Alligator_FSL04/101624_Alligator0_FSL04/PA160037.ORF,"[[1867.1077843756775, 1435.7701473153252], [2015.4443521948397, 1347.2281649736553], [2137.333314898957, 1493.2649410436823], [2184.8623443810648, 1454.1684813083996], [2031.1595958139242, 1265.968856504244]]",[5],f,t,
245,63,4021,2024.06.20.REEF/08_2023/082923_Pool Calibration/082923_Slate_FSL03/P8290036.ORF,"[[1926.9477980501401, 1290.238790704872], [1982.557250839705, 1299.8535091778338], [2022.8351255237353, 1306.6097978345101], [2079.743864593432, 1315.4449445393946], [1912.915506224736, 1383.787402874234], [1968.2651017582753, 1392.3626923230925], [2005.9444038820461, 1398.8591237237424], [2062.073571183663, 1408.2139849406785]]",null,f,t,
229,63,4001,2024.06.20.REEF/08_2023/082923_Pool Calibration/082923_Slate_FSL03/P8290017.ORF,"[[1783.028315670515, 1118.7250502364507], [1902.6582898342535, 1139.1702859339257], [1989.6772682160677, 1154.8843927096711], [2108.2934290394355, 1176.0055039673932], [1751.297952227586, 1320.7641285900647], [1870.853113530667, 1340.7594168916255], [1953.9585305340283, 1354.7144618520897], [2072.05570206512, 1375.3346029130741]]",null,f,t,
232,63,4004,2024.06.20.REEF/08_2023/082923_Pool Calibration/082923_Slate_FSL03/P8290019.ORF,"[[1814.0128642582126, 1149.0460709068736], [1928.9497275004846, 1169.834651388954], [2012.755477652559, 1184.647229015911], [2128.0403636557935, 1204.8154358539932], [1783.5899571211598, 1344.1840352527136], [1897.3867388928852, 1362.8448757243345], [1978.4411870763684, 1377.7277546280811], [2092.3524525319667, 1397.0754972029522]]",null,f,t,
223,62,4089,2023-09-07 REEF Data Dump/082923_Pool Calibration/082929_Slate_FSL05/P8290036.ORF,"[[1958.7242545792992, 1315.9066928874481], [2018.4989411764695, 1321.0284705882352], [2060.5915882352942, 1323.5361176470587], [2120.1823846328875, 1328.8783927496793], [1953.642011029618, 1413.2537170847859], [2012.549959528395, 1417.4632470805327], [2053.155696271199, 1420.1681573965493], [2111.4047550947284, 1424.6102750436082]]",null,f,t,
380,80,3261,2024.06.20.REEF/08_2023/082923_Pool Calibration/082929_Slate_FSL06/P8290032.ORF,"[[1975.0700103157137, 1297.232730328016], [2048.14265223581, 1303.2114010305693], [2101.6185401864245, 1307.5293298713023], [2174.691182106519, 1313.8401489462192], [1966.1020042618843, 1419.4633313579932], [2038.510349437251, 1425.7741504329103], [2089.993347153681, 1430.0920792736433], [2162.7338407014126, 1435.4064532314685]]",null,f,t,
216,62,4080,2023-09-07 REEF Data Dump/082923_Pool Calibration/082929_Slate_FSL05/P8290023.ORF,"[[1913.7754448936207, 1240.7742432607379], [1987.4189912513925, 1246.1792741860786], [2039.7802283406331, 1250.2330473800846], [2113.7615891312357, 1257.3271504695945], [1904.992269639943, 1361.0361813495738], [1978.2980015648786, 1365.7655834092468], [2028.9701664899508, 1369.4815421704188], [2102.6137128477217, 1374.8865730957598]]",null,f,t,
238,63,4011,2024.06.20.REEF/08_2023/082923_Pool Calibration/082923_Slate_FSL03/P8290026.ORF,"[[1888.6645134307987, 1330.795767190704], [1961.296343352124, 1340.622109060335], [2012.7473703759347, 1348.4284717811893], [2084.776218034795, 1359.1350609899123], [1873.7678681256498, 1450.3275709562533], [1945.2079148437674, 1460.6177763610153], [1994.7664902988877, 1468.5424173049125], [2066.9162063552653, 1477.8863969253287]]",null,f,t,
387,80,3268,2024.06.20.REEF/08_2023/082923_Pool Calibration/082929_Slate_FSL06/P8290041.ORF,"[[2035.8359228583654, 1323.3201678314742], [2091.125743097515, 1332.4884797951813], [2130.8784239783213, 1339.4172041036315], [2185.4683730752026, 1349.775297009194], [2019.503540880973, 1416.1621945061206], [2074.686725766654, 1424.9424977441752], [2112.869661085389, 1431.8534948409138], [2167.5945856111816, 1440.9206077064484]]",null,f,t,
436,436,121796,2025-02-10 REEF Data Dump SMILE 6/101624_Alligator/101624_Alligator_FSL04/101624_Alligator0_FSL04/PA160034.ORF,"[[1881.3942622620634, 1429.7516329964942], [2037.6621631647758, 1339.823878703423], [2162.3816387909055, 1495.2072443180082], [2212.2104600221473, 1455.4031563522224], [2054.173488543179, 1255.4981812351655]]",[5],f,t,
382,80,3262,2024.06.20.REEF/08_2023/082923_Pool Calibration/082929_Slate_FSL06/P8290033.ORF,"[[2040.395568078799, 1330.438535359997], [2094.944751319365, 1339.26266794303], [2136.257735685383, 1346.081315848101], [2190.021858147495, 1355.2438691430805], [2024.5099112349876, 1422.4182647786636], [2079.2397401299763, 1431.2069964260343], [2117.990056938837, 1437.7319638612034], [2172.0540728302362, 1446.387532907856]]",null,f,t,
246,65,4573,2024.06.20.REEF/08_2023/082923_Pool Calibration/082929_Slate_FSL04/P8290009.ORF,"[[1853.9304438356135, 1148.2570253081988], [1971.4155615844197, 1161.6310831361523], [2057.5314461351422, 1171.1995147528992], [2174.5816351740973, 1186.1501891540665], [1833.0927522312945, 1346.2908384663672], [1949.4034969787576, 1359.229842009849], [2031.916687899597, 1369.1167353019794], [2148.6606280387537, 1381.2376196941989]]",null,f,t,
249,65,4576,2024.06.20.REEF/08_2023/082923_Pool Calibration/082929_Slate_FSL04/P8290012.ORF,"[[1867.652717287399, 1135.114147122602], [1981.4409410024632, 1144.9380993563868], [2064.909197031959, 1152.1470427221861], [2177.213226524654, 1163.4551891783415], [1853.01863561256, 1325.8457064497604], [1966.945644968991, 1336.6316955012571], [2045.619918050495, 1343.4919017729808], [2159.1107293202854, 1353.2865315366562]]",null,f,t,
318,77,3650,2023-09-07 REEF Data Dump/082923_Pool Calibration/082929_Slate_FSL01/P8290064.ORF,"[[1815.9449752044325, 1243.1099203204888], [1910.8159379074173, 1239.419639761539], [1979.3936516278895, 1236.6519293423275], [2074.8796610907007, 1232.5003637135096], [1824.3551159312997, 1403.4607560801214], [1919.652035028977, 1399.147176873054], [1986.4129686029723, 1396.2935783206863], [2081.4444366725197, 1391.3827343003325]]",null,f,t,
251,65,4575,2024.06.20.REEF/08_2023/082923_Pool Calibration/082929_Slate_FSL04/P8290011.ORF,"[[1843.4615433719196, 1126.2458688499373], [1957.1706100617907, 1139.0261946228534], [2040.4218910311606, 1148.9399052691342], [2153.2948616424305, 1161.1230195573346], [1825.1868719396184, 1318.7868515222822], [1938.6570540356038, 1331.208850404369], [2017.488970018078, 1339.4503688934458], [2131.436921301836, 1351.8723677755324]]",null,f,t,
428,436,121791,2025-02-10 REEF Data Dump SMILE 6/101624_Alligator/101624_Alligator_FSL04/101624_Alligator0_FSL04/PA160032.ORF,"[[1769.1212874375015, 1374.923114544496], [1992.7823531500098, 1219.0764209218432], [2195.80426213952, 1439.367828393863], [2265.7246706296837, 1376.1867363846793], [2010.05185163252, 1091.4506150632924]]",[5],f,t,
247,65,4574,2024.06.20.REEF/08_2023/082923_Pool Calibration/082929_Slate_FSL04/P8290010.ORF,"[[1870.1537946135445, 1157.8133566401818], [1988.4733339654217, 1170.3906305082946], [2074.3404012378455, 1180.949329558068], [2190.6413657713833, 1193.0607784681029], [1852.4524462065697, 1355.7889638234394], [1968.6656918338772, 1367.564685506399], [2050.345847204994, 1375.9256462924188], [2166.0211178599307, 1387.8698759867334]]",null,f,t,
233,63,4005,2024.06.20.REEF/08_2023/082923_Pool Calibration/082923_Slate_FSL03/P8290020.ORF,"[[1847.2474024005, 1155.007108034474], [1961.1584295159932, 1174.8414562063413], [2046.0458003616436, 1189.4897592140044], [2159.1379782406834, 1210.3249231193142], [1817.0182226388629, 1348.4415490757722], [1930.3658116491883, 1368.4831016993776], [2011.3947379850247, 1382.2201924049616], [2124.0786994250325, 1401.465391944186]]",null,f,t,
240,63,4008,2024.06.20.REEF/08_2023/082923_Pool Calibration/082923_Slate_FSL03/P8290023.ORF,"[[1881.2317315021278, 1317.1126364108025], [1953.524020128562, 1328.2605126943185], [2005.547442784969, 1336.0302446494961], [2078.1775458442376, 1347.5159353658453], [1865.3544531589382, 1438.3880177981396], [1937.173628893203, 1448.8092045071005], [1987.5788990079777, 1456.2751625020358], [2058.900667503053, 1467.038480798971]]",null,f,t,
222,62,4087,2023-09-07 REEF Data Dump/082923_Pool Calibration/082929_Slate_FSL05/P8290031.ORF,"[[1925.1526049488798, 1327.358475188155], [1983.9748402429973, 1331.0482987175667], [2026.7839578900562, 1333.9858281293316], [2086.537604948879, 1338.284651658743], [1919.8148990665272, 1424.332769305802], [1978.6371343606438, 1428.3091810705077], [2018.8311343606442, 1430.3511222469785], [2077.872727166606, 1434.6464127080899]]",null,f,t,
315,77,3651,2023-09-07 REEF Data Dump/082923_Pool Calibration/082929_Slate_FSL01/P8290066.ORF,"[[1826.916686099717, 1209.7454149763835], [1922.8289598698907, 1204.607257452981], [1992.7393968875908, 1201.1818191040463], [2087.8209070102516, 1196.6145679721333], [1836.3799077924155, 1369.6995094941672], [1932.7869497780644, 1366.061507909803], [1999.310407320721, 1362.163649069413], [2094.678020282265, 1356.966503948893]]",null,f,t,
429,436,121792,2025-02-10 REEF Data Dump SMILE 6/101624_Alligator/101624_Alligator_FSL04/101624_Alligator0_FSL04/PA160033.ORF,"[[1852.43152841737, 1434.4898827895374], [2011.225386891062, 1341.7464281956973], [2138.2368677036848, 1502.418886974068], [2188.5326312920415, 1460.3426645168818], [2028.055875873937, 1256.8111698402608]]",[5],f,t,
235,63,4009,2024.06.20.REEF/08_2023/082923_Pool Calibration/082923_Slate_FSL03/P8290024.ORF,"[[1896.150938487232, 1315.6897829977897], [1968.5397455230473, 1325.824215982804], [2021.1422786357402, 1333.5456887332914], [2093.2694711390745, 1345.0079637408564], [1880.858679442414, 1437.0453181575062], [1952.6873546076754, 1446.92999822612], [2002.9893931790662, 1454.6180827239307], [2073.939430116007, 1463.843784121304]]",null,f,t,
239,63,4006,2024.06.20.REEF/08_2023/082923_Pool Calibration/082923_Slate_FSL03/P8290021.ORF,"[[1819.699358587101, 1168.232499823509], [1933.5194024540992, 1187.7938982498913], [2016.3141585843682, 1200.9864692816377], [2130.498135445346, 1220.2749179625362], [1790.6180545253023, 1360.7390021862848], [1903.8787562715274, 1379.9863254289492], [1985.2194136646972, 1393.1691216271524], [2098.0304909182582, 1412.1860063556244]]",null,f,t,
322,77,3653,2023-09-07 REEF Data Dump/082923_Pool Calibration/082929_Slate_FSL01/P8290065.ORF,"[[1820.4427909289984, 1233.3650382668886], [1915.4410321979153, 1229.3163676934068], [1984.8038933160356, 1225.1536667360006], [2080.328361750249, 1220.9469574602385], [1829.4150132343443, 1393.9467635429357], [1924.323357570231, 1389.2615843444087], [1991.9907314232491, 1386.7182013509223], [2085.6943153937978, 1381.2298485755043]]",null,f,t,
332,77,3655,2023-09-07 REEF Data Dump/082923_Pool Calibration/082929_Slate_FSL01/P8290069.ORF,"[[1844.3085186432395, 1236.3021823573501], [1940.8968314679619, 1233.1401962127527], [2011.2723741786926, 1230.301518859715], [2107.4325695128477, 1228.054232621893], [1852.1321514826564, 1398.8779944311555], [1948.1054155090037, 1395.9563201315736], [2015.5508449101503, 1393.2034454621394], [2111.5344083844343, 1389.3494209249309]]",null,f,t,
298,71,3903,2024.06.20.REEF/08_2023/082923_Pool Calibration/082923_Slate_FSL02/P8290061.ORF,"[[1983.2010836526993, 1322.6923425689056], [2060.956767558642, 1334.0302550736421], [2117.7863043107795, 1342.0087860954943], [2194.5685034780413, 1353.9707118311185], [1965.7806270707274, 1453.9822980611748], [2043.5363109766681, 1464.9002878805513], [2097.566363159736, 1472.8088317881763], [2174.6221759234136, 1483.3768860364187]]",null,f,t,
437,436,121797,2025-02-10 REEF Data Dump SMILE 6/101624_Alligator/101624_Alligator_FSL04/101624_Alligator0_FSL04/PA160038.ORF,"[[1865.536041024935, 1439.1541180274764], [2012.086266277005, 1350.5261246607479], [2132.117879340605, 1495.5061689279746], [2178.0020570088145, 1457.6473607378568], [2026.1894111318034, 1272.7149336340533]]",[5],f,t,
581,87,14782,2025-02-10 REEF Data Dump SMILE 6/083123_Fish Degree Angle Tests/083123_Fish Deg Angle Tests_FSL06/P8310636.ORF,"[[2047.4227755342704, 1405.5318731910872], [2081.4786692552857, 1408.8012389883047], [2105.9989127344165, 1410.9808161864494], [2139.7823593056632, 1415.0675234329715], [2041.1564910896036, 1462.7457746423925], [2076.5746205594583, 1465.4702461400734], [2100.0050754395174, 1468.7396119372906], [2133.788522010765, 1471.4640834349723]]",null,f,t,
231,63,4002,2024.06.20.REEF/08_2023/082923_Pool Calibration/082923_Slate_FSL03/P8290018.ORF,"[[1793.6616936300438, 1122.3525094471524], [1912.6732416561558, 1143.110337591242], [1999.7023581713743, 1159.2553150366443], [2117.1762892979245, 1180.16690487069], [1761.9683128992506, 1323.3510402493027], [1879.7738864759472, 1343.471299102748], [1964.0003850914632, 1357.4850956362586], [2081.0955572219405, 1378.7000520316733]]",null,f,t,
218,62,4081,2023-09-07 REEF Data Dump/082923_Pool Calibration/082929_Slate_FSL05/P8290025.ORF,"[[1903.849461804492, 1277.5485524313503], [1976.8693507477997, 1283.2654120639224], [2029.3605164650521, 1288.7224144404686], [2102.6402626643853, 1295.2188458411188], [1895.0143150996068, 1396.5631756912612], [1968.5539185549674, 1402.0201780678074], [2018.1866544559348, 1406.6976086762754], [2091.2065433992425, 1411.8947537967956]]",null,f,t,
435,436,121800,2025-02-10 REEF Data Dump SMILE 6/101624_Alligator/101624_Alligator_FSL04/101624_Alligator0_FSL04/PA160042.ORF,"[[1886.9613830418148, 1474.9766706656148], [1997.5282940578873, 1400.0860162707295], [2100.2023854786075, 1507.8378211631682], [2134.994106811665, 1475.404860598454], [2005.1451493158884, 1337.4915811753444]]",[5],f,t,
317,77,3642,2023-09-07 REEF Data Dump/082923_Pool Calibration/082929_Slate_FSL01/P8290055.ORF,"[[1854.0318449148767, 1197.5265777107923], [1947.3205998282124, 1198.0462922228442], [2015.4032009070256, 1197.5265777107923], [2109.211670332416, 1198.0462922228442], [1854.811416682955, 1354.7402176065261], [1948.4066304721969, 1355.8047216139153], [2014.2126123138746, 1356.0162030767165], [2108.1255214102107, 1355.77964663063]]",null,f,t,
569,87,14567,2025-02-10 REEF Data Dump SMILE 6/083123_Fish Degree Angle Tests/083123_Fish Deg Angle Tests_FSL06/P8310004.ORF,"[[2147.772343610123, 1523.7345846957635], [2076.581903375714, 1508.858970318424], [2026.6423408232163, 1497.5251688880703], [1954.0351754100125, 1483.7120983948264], [2174.335940712515, 1404.729669677049], [2101.3745940046115, 1389.8540552997097], [2052.143394041513, 1378.5202538693559], [1979.890409923009, 1363.998820786715]]",null,f,t,
227,62,4086,2023-09-07 REEF Data Dump/082923_Pool Calibration/082929_Slate_FSL05/P8290029.ORF,"[[1924.7992792785058, 1276.6853690895744], [1997.8434557490941, 1283.0261337954569], [2051.077220454977, 1286.6084867366335], [2123.4049263373295, 1292.913427913104], [1918.1002792785062, 1394.3656632072214], [1989.2816322196818, 1401.172133795457], [2039.7928086902698, 1405.0052514425158], [2111.475691043213, 1411.0236043836921]]",null,f,t,
430,436,121795,2025-02-10 REEF Data Dump SMILE 6/101624_Alligator/101624_Alligator_FSL04/101624_Alligator0_FSL04/PA160036.ORF,"[[1879.2317818523206, 1441.2097261917315], [2029.5703802741746, 1348.2201189782152], [2153.3405194921615, 1496.9386893998321], [2199.673320298899, 1458.3820229942276], [2044.1506322762925, 1267.8667301665355]]",[5],f,t,
319,77,3646,2023-09-07 REEF Data Dump/082923_Pool Calibration/082929_Slate_FSL01/P8290061.ORF,"[[1811.2234467281346, 1203.2021262071414], [1903.398527687074, 1199.341389831898], [1970.4788222069296, 1196.4458375504653], [2062.65390316587, 1193.5502852690324], [1817.979735384812, 1358.1141732637877], [1910.6374083906562, 1354.2534368885442], [1975.3047426759836, 1352.3230687009225], [2067.479823634923, 1348.4623323256787]]",null,f,t,
323,77,3654,2023-09-07 REEF Data Dump/082923_Pool Calibration/082929_Slate_FSL01/P8290068.ORF,"[[1836.5077992818092, 1228.7658811964639], [1931.8400470546635, 1223.2304603580399], [2001.9553776746993, 1220.3089882488719], [2098.056433897335, 1216.4649459999662], [1844.7232904332081, 1389.514426787977], [1940.4847488301043, 1385.2008475809098], [2007.6903128762146, 1382.526428472528], [2103.2390453845023, 1377.7440574745563]]",null,f,t,
295,71,3910,2024.06.20.REEF/08_2023/082923_Pool Calibration/082923_Slate_FSL02/P8290069.ORF,"[[1997.9981507706411, 1413.6095850539923], [2057.251729898129, 1418.4390303747282], [2100.3452419908476, 1421.1323748805228], [2159.413073221385, 1426.14756809821], [1991.2183525319156, 1513.3562057168795], [2050.5648056078803, 1518.1856510376151], [2092.079460576512, 1520.7861215949345], [2152.076031291804, 1526.0799366580484]]",null,f,t,
320,77,3645,2023-09-07 REEF Data Dump/082923_Pool Calibration/082929_Slate_FSL01/P8290059.ORF,"[[1860.5901285115792, 1253.2902220600815], [1952.0598826327337, 1249.9120777317435], [2019.622769199494, 1247.3135051714835], [2111.352380576676, 1244.7149326112235], [1867.8661316803086, 1407.9052893955552], [1959.855600313514, 1404.7870023232429], [2024.5600570639895, 1402.968001531061], [2115.510096673093, 1399.070142690671]]",null,f,t,
324,77,3658,2023-09-07 REEF Data Dump/082923_Pool Calibration/082929_Slate_FSL01/P8290072.ORF,"[[1853.496238044761, 1217.6932529611706], [1941.3279905815511, 1227.307971434133], [2006.292304588052, 1234.843831858887], [2092.5649135886883, 1244.4585503318494], [1839.4639462193586, 1363.2133163357341], [1926.775984244097, 1373.6076065767743], [1987.3227248981552, 1380.3638952334504], [2073.855191154816, 1389.7187564503868]]",null,f,t,
431,436,121793,2025-02-10 REEF Data Dump SMILE 6/101624_Alligator/101624_Alligator_FSL04/101624_Alligator0_FSL04/PA160035.ORF,"[[1864.2991927337443, 1463.8286528457043], [2017.044689898803, 1374.0328151183667], [2141.0925482025486, 1525.3897168546523], [2188.3047927808393, 1486.0461797060768], [2033.7078350440815, 1291.6428196778195]]",[5],f,t,
580,87,14781,2025-02-10 REEF Data Dump SMILE 6/083123_Fish Degree Angle Tests/083123_Fish Deg Angle Tests_FSL06/P8310635.ORF,"[[2046.7677779451246, 1412.2112615199537], [2079.9773121772137, 1416.8863901254424], [2105.448702510564, 1420.9166734060357], [2138.980659405103, 1424.3021113617342], [2039.835690702504, 1469.7637067668286], [2073.690070259487, 1473.6327787161983], [2098.3554039367195, 1476.5345826782254], [2130.7588815126915, 1480.242443296372]]",null,f,t,
574,87,14580,2025-02-10 REEF Data Dump SMILE 6/083123_Fish Degree Angle Tests/083123_Fish Deg Angle Tests_FSL06/P8310016.ORF,"[[2145.204070847741, 1513.8483063741996], [2072.4217608382573, 1501.7827897416116], [2020.6568023823152, 1491.6633241787956], [1948.652912800741, 1479.9870177601624], [2167.7782632570984, 1394.7499809041362], [2094.606743033661, 1381.12762341573], [2044.3986254335373, 1371.397368066869], [1971.6163154240544, 1359.331851434281]]",null,f,t,
438,436,121801,2025-02-10 REEF Data Dump SMILE 6/101624_Alligator/101624_Alligator_FSL04/101624_Alligator0_FSL04/PA160041.ORF,"[[1926.2567031531635, 1451.825663438897], [2038.9876456547554, 1378.013736800949], [2140.177086900233, 1488.8658302608487], [2174.8015906685787, 1456.3885825401512], [2047.677504791629, 1314.2666254215503]]",[5],f,t,
466,107,13285,2023-09-07 REEF Data Dump/083123_Fish Degree Angle Tests/083123_Fish Deg Angle Test_FSL05/P8310013.ORF,"[[2076.3921152616936, 1474.6499066408344], [2004.8623271869942, 1473.1060982651218], [1953.916650788467, 1473.1060982651218], [1882.3868627137686, 1471.562289889409], [2077.65482398249, 1356.4929594597638], [2006.6396386996962, 1353.9199455002422], [1958.7815790525951, 1353.9199455002422], [1886.2225853940868, 1351.8615343326253]]",null,f,t,
454,107,13275,2023-09-07 REEF Data Dump/083123_Fish Degree Angle Tests/083123_Fish Deg Angle Test_FSL05/P8310002.ORF,"[[2073.9030078483106, 1498.3341033897705], [2001.6527758649468, 1496.9961361308192], [1951.479003654275, 1495.6581688718682], [1880.566738929861, 1494.3202016129167], [2074.571991477784, 1377.9170500841615], [2002.9907431238967, 1377.2480664546858], [1955.4929054311292, 1375.9100991957348], [1883.2426734477626, 1374.5721319367835]]",null,f,t,
314,77,3648,2023-09-07 REEF Data Dump/082923_Pool Calibration/082929_Slate_FSL01/P8290062.ORF,"[[1812.0468492465975, 1192.827722796473], [1904.5960104312448, 1189.0298090545546], [1972.158896998007, 1186.6311266912378], [2065.70841876635, 1183.1553610067135], [1819.5049000300428, 1348.948775863759], [1912.0077166010237, 1346.2011674507598], [1977.492383777509, 1343.4535590377602], [2070.109684032364, 1340.0190485215107]]",null,f,t,
335,77,3680,2023-09-07 REEF Data Dump/082923_Pool Calibration/082929_Slate_FSL01/P8290094.ORF,"[[1913.9887305583875, 1384.0428355104846], [1968.6696629037629, 1387.7731486987716], [2008.7932754899725, 1389.8657634141518], [2063.11027484137, 1394.0509928449133], [1908.6678525129387, 1475.8557543486265], [1963.1518087615655, 1479.7811114270582], [2001.5418009886248, 1481.7437899662739], [2056.104264378821, 1485.7476541862736]]",null,f,t,
452,87,14780,2025-02-10 REEF Data Dump SMILE 6/083123_Fish Degree Angle Tests/083123_Fish Deg Angle Tests_FSL06/P8310633.ORF,"[[2048.1505678405815, 1411.3569602423383], [2080.425076351575, 1414.7101559317923], [2105.3644692918874, 1418.063351621246], [2139.525150378198, 1421.8356967718814], [2041.6537511922647, 1467.5229880406891], [2075.1857080868035, 1471.924057383097], [2099.9155262965246, 1475.0676783419601], [2131.770885346335, 1478.211299300823]]",null,f,t,
578,87,14778,2025-02-10 REEF Data Dump SMILE 6/083123_Fish Degree Angle Tests/083123_Fish Deg Angle Tests_FSL06/P8310632.ORF,"[[2044.399211463298, 1415.8075142934065], [2077.013503857024, 1420.023810648489], [2102.1872732711913, 1423.7440721382677], [2135.545617962874, 1427.96036849335], [2037.605252948912, 1473.1882237161421], [2070.939802223344, 1476.437818142266], [2095.0496963526507, 1479.5825869417408], [2128.4890712537313, 1483.565960754409]]",null,f,t,
571,87,14569,2025-02-10 REEF Data Dump SMILE 6/083123_Fish Degree Angle Tests/083123_Fish Deg Angle Tests_FSL06/P8310007.ORF,"[[2141.3687210602843, 1518.5510565066754], [2069.1157369417792, 1503.3212608346375], [2018.467811799885, 1491.6332781095853], [1945.5064650919844, 1476.7576637322459], [2167.2543863091155, 1397.953570175195], [2093.5846770118155, 1383.077955797856], [2044.707658343414, 1371.7441543675022], [1972.1004929302112, 1357.57690257956]]",null,f,t,
432,436,121802,2025-02-10 REEF Data Dump SMILE 6/101624_Alligator/101624_Alligator_FSL04/101624_Alligator0_FSL04/PA160043.ORF,"[[1879.2996766409797, 1473.0205217249713], [1989.1375750569468, 1398.0600611026225], [2090.2273222716385, 1505.629920318258], [2123.923904676537, 1470.6373155131716], [1993.9976590576534, 1336.8230026937215]]",[5],f,t,
455,107,13277,2023-09-07 REEF Data Dump/083123_Fish Degree Angle Tests/083123_Fish Deg Angle Test_FSL05/P8310004.ORF,"[[2073.6213272128875, 1484.8801530073815], [2001.9296919185458, 1484.1294552556085], [1952.7589891774028, 1483.0034086279488], [1880.6920050071762, 1481.8773620002887], [2074.37202496466, 1366.2699082272165], [2003.0557385462048, 1364.3931638477834], [1954.635733556835, 1364.017814971897], [1883.3194471383808, 1363.2671172201237]]",null,f,t,
325,77,3670,2023-09-07 REEF Data Dump/082923_Pool Calibration/082929_Slate_FSL01/P8290084.ORF,"[[1850.2214812080633, 1320.4813668630422], [1935.1948039285658, 1323.5996539353541], [1996.7809736067306, 1325.15879747151], [2080.4550100471047, 1327.7573700317703], [1847.3630513917783, 1462.3634286532415], [1932.0765168562552, 1464.9620012135017], [1991.5838284862116, 1467.3007165177357], [2075.51772218261, 1469.3795745659438]]",null,f,t,
340,77,3687,2023-09-07 REEF Data Dump/082923_Pool Calibration/082929_Slate_FSL01/P8290101.ORF,"[[1913.1763634541962, 1350.4613067047126], [1967.858603251157, 1354.383661458081], [2008.3896023692982, 1357.3831092106568], [2063.3025689164574, 1361.0747372138271], [1907.3983137337677, 1442.3825555628787], [1963.2592646277021, 1446.811828721446], [2001.9763229431796, 1448.6877561768395], [2056.169782765654, 1453.1170293354069]]",null,f,t,
460,107,13288,2023-09-07 REEF Data Dump/083123_Fish Degree Angle Tests/083123_Fish Deg Angle Test_FSL05/P8310017.ORF,"[[2086.3266582769925, 1491.1256965406196], [2014.7454099231022, 1489.118745652193], [1965.2406213419085, 1487.7807783932415], [1892.990389358542, 1486.4428111342904], [2089.6715764243695, 1370.039659605535], [2016.7523608115293, 1370.039659605535], [1967.9165558598102, 1368.7016923465842], [1896.3353075059208, 1366.6947414581573]]",null,f,t,
467,107,13290,2023-09-07 REEF Data Dump/083123_Fish Degree Angle Tests/083123_Fish Deg Angle Test_FSL05/P8310018.ORF,"[[2087.6878134451185, 1487.0027612027975], [2018.1135159796554, 1485.2634037661614], [1965.9327928805583, 1484.393725047843], [1895.4888166967771, 1483.5240463295245], [2091.1665283183906, 1368.7264555115105], [2019.8528734162924, 1368.7264555115105], [1969.4115077538304, 1365.2477406382377], [1898.9675315700501, 1363.5083832016012]]",null,f,t,
579,87,14779,2025-02-10 REEF Data Dump SMILE 6/083123_Fish Degree Angle Tests/083123_Fish Deg Angle Tests_FSL06/P8310634.ORF,"[[2047.4733566478212, 1405.292217087361], [2081.6340377341307, 1409.2741369685873], [2106.1542812132625, 1412.41775792745], [2139.476663377209, 1416.6092525392676], [2041.3956894606868, 1462.715693269257], [2074.9276463552246, 1466.6976131504834], [2099.867039295537, 1469.841234109346], [2132.351122537121, 1473.6135792599819]]",null,f,t,
441,87,14564,2025-02-10 REEF Data Dump SMILE 6/083123_Fish Degree Angle Tests/083123_Fish Deg Angle Tests_FSL06/P8310001.ORF,"[[2164.309076141614, 1437.4918335037594], [2093.083606987949, 1420.755794303718], [2043.2646996017788, 1409.0794878850843], [1971.2608100202046, 1392.732658898997], [2191.1645809044717, 1316.0582467499692], [2120.717532178716, 1300.8790484057456], [2071.7882481387264, 1288.6467273957485], [1999.3951483431988, 1273.0227173784335]]",null,f,t,
294,71,3915,2024.06.20.REEF/08_2023/082923_Pool Calibration/082923_Slate_FSL02/P8290074.ORF,"[[2002.9724346291018, 1400.242405483211], [2062.7720754240477, 1404.0109424031143], [2105.4269438581146, 1406.5371045142583], [2163.90138485705, 1411.3823662684192], [1997.189054074955, 1498.9714290021602], [2056.476995251425, 1504.0225466492186], [2097.3874658396594, 1505.9570172374538], [2157.064352941177, 1510.7857058823529]]",null,f,t,
456,107,13278,2023-09-07 REEF Data Dump/083123_Fish Degree Angle Tests/083123_Fish Deg Angle Test_FSL05/P8310003.ORF,"[[2079.6512169538605, 1487.0496229372086], [2007.6068260872585, 1485.862078032814], [1957.7299401026862, 1485.4662297313491], [1886.477245839012, 1484.2786848269545], [2080.442913556791, 1367.8992841962872], [2009.5860675945828, 1367.1075875933573], [1960.896726514406, 1366.3158909904278], [1889.248183949267, 1365.128346086033]]",null,f,t,
334,77,3666,2023-09-07 REEF Data Dump/082923_Pool Calibration/082929_Slate_FSL01/P8290078.ORF,"[[1780.1683887490467, 1205.3494501430146], [1875.094244375348, 1207.0385223071837], [1946.035275270447, 1209.0654089041866], [2041.29894532958, 1211.7679243668567], [1778.1415021520447, 1365.8113057390735], [1874.0808010768455, 1368.17600676891], [1940.9680587779399, 1369.1894500674116], [2036.2317288370746, 1371.891965530082]]",null,f,t,
326,77,3661,2023-09-07 REEF Data Dump/082923_Pool Calibration/082929_Slate_FSL01/P8290077.ORF,"[[1897.0991760459542, 1249.8912139143567], [1980.0122103992685, 1258.4072459734705], [2039.979269482193, 1264.202878902589], [2122.064356274205, 1272.2457980695299], [1884.9011353081692, 1386.1295153484346], [1966.1560268316975, 1393.9017223637288], [2023.9927127303704, 1399.3154183551915], [2104.4856102756207, 1407.8759935629444]]",null,f,t,
468,107,13292,2023-09-07 REEF Data Dump/083123_Fish Degree Angle Tests/083123_Fish Deg Angle Test_FSL05/P8310019.ORF,"[[2078.852304679252, 1492.3686806341784], [2008.756199982799, 1492.3686806341784], [1956.7494126273655, 1492.3686806341784], [1885.5227255970972, 1490.1075159665509], [2081.437669105782, 1373.9457131471988], [2010.9370866148906, 1372.9165075633903], [1959.9914102163634, 1370.858096395773], [1888.9762249335695, 1368.7996852281556]]",null,f,t,
461,107,13283,2023-09-07 REEF Data Dump/083123_Fish Degree Angle Tests/083123_Fish Deg Angle Test_FSL05/P8310009.ORF,"[[2075.994397582857, 1472.7947345524228], [2004.4131492289666, 1471.4567672934713], [1955.5773442772474, 1472.125750922947], [1882.6581286644073, 1470.1188000345203], [2077.332364841807, 1354.3846321352405], [2005.7511164879165, 1353.715648505765], [1957.5842951656746, 1352.377681246814], [1885.3340631823098, 1351.0397139878626]]",null,f,t,
444,87,14787,2025-02-10 REEF Data Dump SMILE 6/083123_Fish Degree Angle Tests/083123_Fish Deg Angle Tests_FSL06/P8310643.ORF,"[[2047.3570073102642, 1405.8764505312727], [2080.868006731744, 1408.3284748791857], [2105.6606973606417, 1411.870287826171], [2139.1716967821208, 1415.6845479229246], [2040.8182757158306, 1460.9107747844325], [2073.7843808377725, 1464.4525877314181], [2098.0321771671356, 1468.2668478281719], [2131.543176588613, 1471.8086607751575]]",null,f,t,
582,87,14784,2025-02-10 REEF Data Dump SMILE 6/083123_Fish Degree Angle Tests/083123_Fish Deg Angle Tests_FSL06/P8310638.ORF,"[[2061.2419163518703, 1400.7817170888068], [2094.9014250689147, 1404.0522766402605], [2120.111988278037, 1406.9140162477827], [2153.498950365793, 1411.0022156870998], [2054.97334387825, 1458.0165092392472], [2088.2240326513624, 1462.1047086785643], [2113.025775916553, 1465.3752682300178], [2146.0039180603767, 1467.8281878936082]]",null,f,t,
221,62,4085,2023-09-07 REEF Data Dump/082923_Pool Calibration/082929_Slate_FSL05/P8290028.ORF,"[[1925.4311473302946, 1273.3347667870269], [1996.991936314827, 1280.581953171456], [2050.1241656360967, 1283.8949526614808], [2124.666654161653, 1290.5623641351556], [1916.7759361626054, 1391.2361361382802], [1988.9165000578919, 1397.4894226757017], [2038.8185548763881, 1400.8024221657267], [2110.627818822674, 1407.2627711712748]]",null,f,t,
253,65,4581,2024.06.20.REEF/08_2023/082923_Pool Calibration/082929_Slate_FSL04/P8290019.ORF,"[[1909.8869967652286, 1232.7950214460536], [1992.1827393590543, 1238.2893671054383], [2052.6205416122825, 1242.8281743892778], [2134.4385150183357, 1249.1586161272644], [1901.5984097105488, 1370.9821989388329], [1983.7942110532108, 1377.5473587904835], [2041.5676177477349, 1381.158196708891], [2123.1773714907918, 1387.0595715094553]]",null,f,t,
328,77,3681,2023-09-07 REEF Data Dump/082923_Pool Calibration/082929_Slate_FSL01/P8290095.ORF,"[[1907.0336095786874, 1378.903568623436], [1962.6953413428378, 1383.0551342522538], [2001.2359557347359, 1385.9258156428616], [2057.1437016054765, 1390.037551414152], [1901.1593100340965, 1471.4408586765576], [1957.0394220360918, 1475.2789476051569], [1994.6219051492822, 1477.929998564443], [2049.8272353039533, 1481.7240178790498]]",null,f,t,
338,77,3688,2023-09-07 REEF Data Dump/082923_Pool Calibration/082929_Slate_FSL01/P8290102.ORF,"[[1906.9863824994486, 1355.0422673845085], [1961.9402645903087, 1359.864379554733], [2002.1548604250106, 1363.0487932520514], [2057.5636587583454, 1367.8709054222754], [1899.1111844011189, 1447.121218799601], [1954.8842082540782, 1451.9966618983249], [1994.217345189189, 1454.8619430044532], [2048.2295787629023, 1460.5699556098164]]",null,f,t,
449,87,14783,2025-02-10 REEF Data Dump SMILE 6/083123_Fish Degree Angle Tests/083123_Fish Deg Angle Tests_FSL06/P8310639.ORF,"[[2037.9427956146733, 1419.9836467054458], [2073.3963432139985, 1421.825389437878], [2097.7994344187305, 1425.048439219635], [2131.411239285622, 1428.7319246845], [2032.8780031004849, 1475.2359286784201], [2066.489807967377, 1479.3798498263932], [2091.353334855215, 1482.142463925042], [2124.9651397221082, 1486.2863850730153]]",null,f,t,
577,87,14579,2025-02-10 REEF Data Dump SMILE 6/083123_Fish Degree Angle Tests/083123_Fish Deg Angle Tests_FSL06/P8310015.ORF,"[[2152.221088581156, 1513.1164129472318], [2080.1273812578997, 1500.1227796505984], [2028.1528480713655, 1489.853617851646], [1955.2208418257464, 1477.0695592856036], [2174.0168605626045, 1391.7726439351231], [2101.0848543169864, 1378.569435907899], [2050.99649370577, 1368.7194235701286], [1978.274062190742, 1355.725790273495]]",null,f,t,
451,87,14793,2025-02-10 REEF Data Dump SMILE 6/083123_Fish Degree Angle Tests/083123_Fish Deg Angle Tests_FSL06/P8310647.ORF,"[[2053.3270221035104, 1386.9966895275907], [2087.697277920412, 1391.8169083311807], [2112.636670860725, 1394.7509545594526], [2145.959053024672, 1398.523299710088], [2047.249354916377, 1443.3722920565322], [2081.2004612720953, 1448.1925108601224], [2105.5111300206368, 1450.7074076272124], [2138.204787992809, 1455.527626430802]]",null,f,t,
445,87,14791,2025-02-10 REEF Data Dump SMILE 6/083123_Fish Degree Angle Tests/083123_Fish Deg Angle Tests_FSL06/P8310645.ORF,"[[2060.743141059594, 1412.0133448004533], [2093.8559484929515, 1415.366540489907], [2118.795341433263, 1418.9293109099517], [2150.8602752136644, 1423.3303802523596], [2054.2463244112782, 1468.5985220599857], [2086.311258191679, 1472.7900166718027], [2111.041076401401, 1475.5144881694841], [2144.1538838347565, 1479.2868333201195]]",null,f,t,
457,107,13279,2023-09-07 REEF Data Dump/083123_Fish Degree Angle Tests/083123_Fish Deg Angle Test_FSL05/P8310007.ORF,"[[2080.4306706702723, 1465.6517233951904], [2007.5247555017736, 1464.2559301124465], [1958.122887478959, 1464.7705329043506], [1885.049291028547, 1462.7121217367337], [2080.5983519521847, 1345.8972879744551], [2009.5831666693898, 1344.8680823906464], [1959.6666958546725, 1343.3242740149335], [1888.6515105718759, 1342.295068431125]]",null,f,t,
337,77,3682,2023-09-07 REEF Data Dump/082923_Pool Calibration/082929_Slate_FSL01/P8290100.ORF,"[[1909.2470191333691, 1344.3083103646795], [1964.8377839636937, 1348.3297699481495], [2005.1386513825378, 1350.4587779629285], [2059.696918844375, 1354.3619593233554], [1904.263952416712, 1436.7372471409046], [1959.9098078805814, 1440.2397863097256], [1997.9434129451652, 1442.4537090688605], [2052.920863034174, 1446.1296684302697]]",null,f,t,
348,77,3701,2023-09-07 REEF Data Dump/082923_Pool Calibration/082929_Slate_FSL01/P8290115.ORF,"[[1811.6110716598282, 1227.2638240693025], [1905.9392555972686, 1232.460969189823], [1974.0218566760818, 1236.8785425422648], [2069.389469637627, 1242.0756876627852], [1804.2390815749172, 1384.8179250187789], [1898.4398007431123, 1390.6936237998939], [1963.8306420168105, 1394.673935877423], [2058.0411422280863, 1400.1336875011323]]",null,f,t,
259,65,4587,2024.06.20.REEF/08_2023/082923_Pool Calibration/082929_Slate_FSL04/P8290023.ORF,"[[1889.200893532136, 1237.1644535169594], [1971.989070002725, 1243.9709241051946], [2030.4888935321355, 1248.1264535169594], [2112.345658238018, 1257.0465123404888], [1879.2592492420667, 1374.657087740252], [1961.9399551244192, 1381.7859700931933], [2017.753013947949, 1386.084793622605], [2099.359013947949, 1392.7479700931935]]",null,f,t,
465,107,13289,2023-09-07 REEF Data Dump/083123_Fish Degree Angle Tests/083123_Fish Deg Angle Test_FSL05/P8310016.ORF,"[[2088.7794167787774, 1487.0892342274385], [2015.2915650808832, 1483.6974872259973], [1966.676524726889, 1484.8280695598112], [1896.580420030436, 1481.4363225583697], [2089.909999112592, 1367.2475068431788], [2017.5527297485091, 1367.2475068431788], [1971.1988540621455, 1363.8557598417376], [1897.7110023642504, 1362.725177507924]]",null,f,t,
458,107,13287,2023-09-07 REEF Data Dump/083123_Fish Degree Angle Tests/083123_Fish Deg Angle Test_FSL05/P8310012.ORF,"[[2078.5914010637584, 1476.7144637044496], [2008.1474248799764, 1476.7144637044496], [1955.9667017808783, 1474.9751062678126], [1886.3924043154161, 1473.2357488311766], [2082.9397946553477, 1358.4381580131626], [2009.8867823166133, 1356.6988005765259], [1961.184774090791, 1354.089764421571], [1889.87111918869, 1353.2200857032526]]",null,f,t,
447,87,14788,2025-02-10 REEF Data Dump SMILE 6/083123_Fish Degree Angle Tests/083123_Fish Deg Angle Tests_FSL06/P8310642.ORF,"[[2049.701824173397, 1396.1868551963144], [2083.024206337343, 1400.5879245387225], [2108.592323469427, 1403.5219707669946], [2141.7051309027834, 1407.9230401094026], [2044.6720306392149, 1454.029480839392], [2076.7369644196156, 1458.0114007206182], [2101.257207898748, 1460.3167227571178], [2134.579590062694, 1464.0890679077531]]",null,f,t,
344,77,3695,2023-09-07 REEF Data Dump/082923_Pool Calibration/082929_Slate_FSL01/P8290109.ORF,"[[1797.7648520332882, 1192.1580175531471], [1890.7906744567995, 1201.3837189505207], [1957.984532967666, 1206.7653780989883], [2050.90133495521, 1215.639920793849], [1784.7045655028328, 1348.3991369482726], [1877.8778763754894, 1356.5333148815996], [1942.2118291208958, 1361.8328550502827], [2034.8921595127454, 1370.460013464417]]",null,f,t,
357,77,3716,2023-09-07 REEF Data Dump/082923_Pool Calibration/082929_Slate_FSL01/P8290129.ORF,"[[1855.482009788851, 1369.2125802969567], [1911.1217655991345, 1368.092786469328], [1951.568728511355, 1367.981485063058], [2007.1362730906371, 1367.8169925788968], [1857.1614608185587, 1462.0935663326566], [1913.9417549362065, 1461.1621545679504], [1951.771401995033, 1461.1979780973622], [2007.2620490538543, 1460.1232722150094]]",null,f,t,
260,65,4584,2024.06.20.REEF/08_2023/082923_Pool Calibration/082929_Slate_FSL04/P8290020.ORF,"[[1920.7346642126872, 1235.2505034129172], [2002.7198568344606, 1241.1509528819083], [2062.811276426554, 1245.1881025185862], [2145.262294006406, 1252.3307518757863], [1912.505089953304, 1373.1346910040802], [1994.0244576169985, 1379.6562404171757], [2052.097302390754, 1383.2275650957754], [2134.0824950125284, 1390.3702144529755]]",null,f,t,
469,107,13291,2023-09-07 REEF Data Dump/083123_Fish Degree Angle Tests/083123_Fish Deg Angle Test_FSL05/P8310015.ORF,"[[2089.3045069800296, 1481.3640144593028], [2017.0542749966648, 1479.357063570876], [1966.2115191565185, 1476.6811290529736], [1895.2992544321055, 1474.6741781645467], [2091.3114578684567, 1360.946961153694], [2019.7302095145665, 1360.2779775242184], [1969.5564373038965, 1356.9330593768402], [1899.9821398384343, 1356.9330593768402]]",null,f,t,
576,87,14566,2025-02-10 REEF Data Dump SMILE 6/083123_Fish Degree Angle Tests/083123_Fish Deg Angle Tests_FSL06/P8310003.ORF,"[[2152.1350821891124, 1520.997712104723], [2081.2988232494004, 1507.1846416114795], [2030.2967168128093, 1496.559202770523], [1958.397913989003, 1483.1003135719777], [2176.92777281801, 1401.2844344966115], [2104.320607404807, 1386.7630014139706], [2054.0268635576117, 1377.20010645711], [1983.1906046179015, 1363.3870359638663]]",null,f,t,
462,107,13280,2023-09-07 REEF Data Dump/083123_Fish Degree Angle Tests/083123_Fish Deg Angle Test_FSL05/P8310008.ORF,"[[2083.4785014831964, 1462.1080957023821], [2011.2951678627783, 1462.1080957023821], [1960.853802200319, 1460.3687382657456], [1889.540147298218, 1460.3687382657456], [2084.3481802015144, 1342.9621112927766], [2013.0345252994152, 1342.9621112927766], [1964.332517073592, 1341.2227538561403], [1891.279504734856, 1340.3530751378219]]",null,f,t,
375,80,3244,2024.06.20.REEF/08_2023/082923_Pool Calibration/082929_Slate_FSL06/P8290015.ORF,"[[1934.3514158331923, 1165.9764906271357], [2038.8162156167487, 1183.3894000583603], [2116.8894484175576, 1197.2383105330046], [2221.2756111201875, 1216.1074510547073], [1906.023337986508, 1343.3610464758626], [2009.5991274601934, 1361.6951517390205], [2084.4606486068483, 1374.901650405425], [2188.5048085521444, 1392.279959116461]]",null,f,t,
350,77,3706,2023-09-07 REEF Data Dump/082923_Pool Calibration/082929_Slate_FSL01/P8290120.ORF,"[[1847.4340463003368, 1330.0903565482242], [1917.995285821246, 1332.289148714598], [1967.9678350570143, 1334.288050684029], [2037.9294039870952, 1336.0870624565164], [1844.9836797658459, 1447.8046964587406], [1915.5449192867522, 1449.403818034285], [1963.7184567500349, 1451.00293960983], [2033.6800256801139, 1453.401621973147]]",null,f,t,
265,65,4594,2024.06.20.REEF/08_2023/082923_Pool Calibration/082929_Slate_FSL04/P8290030.ORF,"[[1972.3285552640396, 1354.8869310720256], [2025.8489082052151, 1361.0485781308491], [2062.1023199699216, 1364.845872248496], [2114.2972023228626, 1370.935872248496], [1962.9171566031441, 1442.0730062244045], [2016.2942154266734, 1447.9480650479338], [2051.580391897263, 1451.243829753816], [2103.381215426674, 1457.4413003420516]]",null,f,t,
575,87,14581,2025-02-10 REEF Data Dump SMILE 6/083123_Fish Degree Angle Tests/083123_Fish Deg Angle Tests_FSL06/P8310018.ORF,"[[2141.2947207078673, 1510.3005684501882], [2069.4105881152022, 1498.1452340759183], [2017.64562965926, 1488.5047964687387], [1945.761497066595, 1476.349462094469], [2163.300067419909, 1389.3759488992614], [2090.36806117429, 1376.1727408720371], [2040.0701258324839, 1367.580176917812], [1967.7668437786356, 1355.424842543542]]",null,f,t,
266,65,4597,2024.06.20.REEF/08_2023/082923_Pool Calibration/082929_Slate_FSL04/P8290031.ORF,"[[1972.4438333477606, 1362.0359027536], [2025.494065931653, 1368.054794577103], [2062.3072880149343, 1372.044060088029], [2114.1677396569717, 1377.5030549977166], [1963.914607158205, 1448.936468034105], [2015.0706071582058, 1454.9906445046934], [2051.4673130405586, 1458.823762151752], [2103.626371864087, 1464.197291563517]]",null,f,t,
273,65,4609,2024.06.20.REEF/08_2023/082923_Pool Calibration/082929_Slate_FSL04/P8290044.ORF,"[[1984.9172183917585, 1389.3072641991846], [2026.9382183917573, 1390.9551465521258], [2055.7332074935216, 1391.3387872726073], [2097.3672772152854, 1392.9970877285964], [1984.394941176471, 1456.0115294117647], [2025.2337647058835, 1458.053470588235], [2052.81788235294, 1458.9132352941176], [2093.871647058824, 1460.847705882353]]",null,f,t,
268,65,4600,2024.06.20.REEF/08_2023/082923_Pool Calibration/082929_Slate_FSL04/P8290036.ORF,"[[1988.1538409841946, 1382.7958624348832], [2030.3117594947603, 1385.9017994567814], [2060.7623502547417, 1388.0559628096728], [2103.392350254741, 1391.7816098684964], [1982.7861478155842, 1452.72265346702], [2025.2728536979362, 1456.8423593493733], [2054.6090588235297, 1457.7310588235293], [2097.2838802167603, 1462.785911586691]]",null,f,t,
583,87,14794,2025-02-10 REEF Data Dump SMILE 6/083123_Fish Degree Angle Tests/083123_Fish Deg Angle Tests_FSL06/P8310648.ORF,"[[2066.056923300776, 1396.8508846696247], [2101.0397821763277, 1400.7199566189945], [2124.737847866217, 1403.6217605810218], [2159.720706741769, 1407.4908325303913], [2060.8981607016162, 1454.2421185852759], [2094.913751589825, 1457.9499792034221], [2118.4506059484916, 1461.3354171591207], [2152.3049855054765, 1465.2044891084904]]",null,f,t,
270,65,4601,2024.06.20.REEF/08_2023/082923_Pool Calibration/082929_Slate_FSL04/P8290037.ORF,"[[1982.8695001238798, 1377.9651260067158], [2025.9045766619215, 1381.6954391950028], [2055.292165925742, 1383.4241209164038], [2098.6911754577627, 1387.063450856196], [1978.4370958789445, 1448.040954566602], [2020.7446841142405, 1451.9098957430724], [2050.084154702475, 1453.8443663313078], [2092.176801761298, 1457.0326604489549]]",null,f,t,
368,80,3245,2024.06.20.REEF/08_2023/082923_Pool Calibration/082929_Slate_FSL06/P8290017.ORF,"[[1941.7786680550757, 1150.4196920140582], [2043.7981114479567, 1169.2232367976903], [2119.174548176506, 1182.4069481646611], [2221.2050100600195, 1200.7495031100113], [1913.5281920418379, 1324.0233919681598], [2016.0633945944933, 1341.5247623482048], [2087.2102698351105, 1354.2703255597596], [2188.984543240808, 1372.152160513284]]",null,f,t,
373,80,3250,2024.06.20.REEF/08_2023/082923_Pool Calibration/082929_Slate_FSL06/P8290022.ORF,"[[1967.493115128978, 1153.4260154844876], [2066.494426937719, 1170.7517608276557], [2140.420501877235, 1183.8087716314833], [2239.5841737919777, 1201.2308753857255], [1939.9939764110673, 1321.1052248159572], [2039.0936304672236, 1338.2745678698925], [2108.2570016615578, 1349.6531737154628], [2206.610689866557, 1366.9390472434397]]",null,f,t,
464,107,13286,2023-09-07 REEF Data Dump/083123_Fish Degree Angle Tests/083123_Fish Deg Angle Test_FSL05/P8310011.ORF,"[[2081.771646317726, 1477.939218349182], [2010.2418582430269, 1476.3954099734685], [1958.7815790525951, 1474.8516015977557], [1888.7955993536084, 1472.278587638234], [2083.8300574853424, 1358.036767835477], [2013.329474994452, 1357.5221650435726], [1962.3837985959249, 1354.949151084051], [1891.368613313131, 1354.949151084051]]",null,f,t,
584,94,17667,2024.06.20.REEF/08_2023/083123_Fish Degree Angle Tests/083123_Fish Deg Angle Tests_FSL04/P8310163.ORF,"[[1926.5943916895644, 1282.9191698941431], [1993.8180014233499, 1295.8113690211703], [2043.0846195159197, 1306.4013897326572], [2109.8477935665956, 1320.2144602259007], [1905.8747859496993, 1398.4885263542815], [1973.5588313665935, 1411.841161164417], [2020.9837067267304, 1420.5894391434713], [2088.207316460515, 1433.481638270499]]",null,f,t,
587,107,13276,2023-09-07 REEF Data Dump/083123_Fish Degree Angle Tests/083123_Fish Deg Angle Test_FSL05/P8310005.ORF,null,null,f,f,
283,71,3877,2024.06.20.REEF/08_2023/082923_Pool Calibration/082923_Slate_FSL02/P8290035.ORF,"[[1877.2529451208725, 1103.0577092923882], [2009.4397326887424, 1117.1107896982746], [2107.372136767262, 1128.0897587653733], [2239.558924335132, 1142.1428391712598], [1856.159262830703, 1329.11631725998], [1988.787904951408, 1342.5832255368514], [2082.0360425655003, 1352.3773406473033], [2214.4606406214048, 1366.048292988976]]",null,f,t,
271,65,4603,2024.06.20.REEF/08_2023/082923_Pool Calibration/082929_Slate_FSL04/P8290039.ORF,"[[1975.576473624507, 1383.2803853111986], [2018.5212295139513, 1385.0611225370872], [2048.6695248731744, 1386.80044726935], [2090.9930933582395, 1388.167059558985], [1972.8812449606298, 1453.0832867343797], [2015.8694802547484, 1455.0535808520267], [2044.2058920194545, 1456.7372867343795], [2086.7642449606305, 1458.7075808520267]]",null,f,t,
269,65,4604,2024.06.20.REEF/08_2023/082923_Pool Calibration/082929_Slate_FSL04/P8290040.ORF,"[[1979.1985025297895, 1384.5410635617034], [2021.2911495886142, 1386.5113576793506], [2051.096326059203, 1388.1592400322916], [2094.0129142944975, 1390.2011812087621], [1975.866914294496, 1454.038710620527], [2018.6043848827308, 1456.797122385233], [2046.8691495886146, 1458.4091812087622], [2089.3558554709666, 1460.6660635617034]]",null,f,t,
573,87,14573,2025-02-10 REEF Data Dump SMILE 6/083123_Fish Degree Angle Tests/083123_Fish Deg Angle Tests_FSL06/P8310010.ORF,"[[2142.474508905419, 1513.9976437653636], [2069.7256709743356, 1499.2637019059034], [2018.6173101493328, 1488.6736811944168], [1945.8684722182502, 1474.4001750180648], [2167.441506604288, 1392.739650270567], [2094.0903508974866, 1378.9675965460249], [2044.6905929724976, 1367.8900750719365], [1970.7406523211507, 1353.8186288751217]]",null,f,t,
585,94,17669,2024.06.20.REEF/08_2023/083123_Fish Degree Angle Tests/083123_Fish Deg Angle Tests_FSL04/P8310161.ORF,"[[1949.0692830486037, 1290.3544050504818], [2017.6741998317134, 1303.7070398606174], [2066.019946558065, 1313.8366248889959], [2133.703991974959, 1326.728824016023], [1928.3496773087386, 1406.3841971937281], [1997.875465458063, 1418.8159606376475], [2043.9190337688756, 1428.4851099829182], [2111.6030791857706, 1440.9168734268374]]",null,f,t,
278,71,3882,2024.06.20.REEF/08_2023/082923_Pool Calibration/082923_Slate_FSL02/P8290039.ORF,"[[1867.7069212021138, 1160.1762321763015], [1997.328025835202, 1171.8621206129733], [2090.9688950185387, 1180.4727752505216], [2219.3599061319796, 1193.0812338269313], [1848.6404716475413, 1376.0576448748293], [1978.2615762806322, 1389.1273885211078], [2069.1347350447563, 1397.2767580887873], [2197.714578727659, 1409.9780906136727]]",null,f,t,
280,71,3883,2024.06.20.REEF/08_2023/082923_Pool Calibration/082923_Slate_FSL02/P8290041.ORF,"[[1877.6815835622888, 1150.2213337978876], [2006.5707825511886, 1160.0959095268756], [2100.379251976576, 1167.3719126956041], [2229.0085937094486, 1178.02606019267], [1861.0507191766233, 1367.7218570916546], [1991.2392044456524, 1377.856290076669], [2081.4096722866766, 1384.872435989371], [2210.8185857876283, 1395.5265834864372]]",null,f,t,
588,107,13282,2023-09-07 REEF Data Dump/083123_Fish Degree Angle Tests/083123_Fish Deg Angle Test_FSL05/P8310010.ORF,null,null,f,f,
568,87,14568,2025-02-10 REEF Data Dump SMILE 6/083123_Fish Degree Angle Tests/083123_Fish Deg Angle Tests_FSL06/P8310006.ORF,"[[2140.218222413862, 1522.6359364251525], [2067.747280575542, 1506.8340017386015], [2017.0721107186714, 1495.6636685981086], [1944.6011688803524, 1480.4066282110941], [2166.3731487916007, 1401.1245076285718], [2093.3573126537462, 1386.6848086908612], [2044.044378545715, 1375.5144755503684], [1972.1183310069314, 1360.2574351633534]]",null,f,t,
276,71,3880,2024.06.20.REEF/08_2023/082923_Pool Calibration/082923_Slate_FSL02/P8290040.ORF,"[[1875.2282143161697, 1162.8669852845894], [2004.2697556563485, 1174.3399729197836], [2098.4192211987706, 1182.9742832019406], [2226.7510932006903, 1195.5117748445246], [1857.9672767100406, 1380.667739831945], [1986.1245776678575, 1391.6026631218613], [2077.686335348752, 1400.2048027765948], [2205.989435283766, 1411.5771229981076]]",null,f,t,
277,71,3881,2024.06.20.REEF/08_2023/082923_Pool Calibration/082923_Slate_FSL02/P8290038.ORF,"[[1863.2739812538061, 1162.5397129537855], [1992.4230374987305, 1173.97343221893], [2086.4913641801454, 1182.808578923814], [2214.3411341449414, 1195.2817272130626], [1844.044544307882, 1379.2606644794748], [1974.2330295769139, 1390.9542410006457], [2064.6633546739617, 1399.7893877055294], [2193.812410918886, 1411.4829642266996]]",null,f,t,
279,71,3884,2024.06.20.REEF/08_2023/082923_Pool Calibration/082923_Slate_FSL02/P8290046.ORF,"[[1911.85885937179, 1188.8128272231534], [2022.9998077741134, 1200.298517939503], [2103.0618283557264, 1209.0816931931822], [2212.851519026716, 1220.2295694766979], [1895.3059521629352, 1375.2863941474156], [2005.7712716995898, 1386.4342704309315], [2082.455147952864, 1394.541816818943], [2192.2448386238534, 1405.0140642367912]]",null,f,t,
570,87,14578,2025-02-10 REEF Data Dump SMILE 6/083123_Fish Degree Angle Tests/083123_Fish Deg Angle Tests_FSL06/P8310017.ORF,"[[2137.8990134203036, 1510.4158641387344], [2065.7005187317523, 1498.700636698705], [2014.2080074255769, 1488.3476450075166], [1941.4646184374901, 1476.3599704177193], [2160.512126851059, 1389.176882491921], [2086.9513964136663, 1376.6443136025878], [2037.638462305636, 1367.6535576602398], [1963.8052847184758, 1354.5760944713702]]",null,f,t,
572,87,14571,2025-02-10 REEF Data Dump SMILE 6/083123_Fish Degree Angle Tests/083123_Fish Deg Angle Tests_FSL06/P8310008.ORF,"[[2139.9038677984577, 1521.3127268257297], [2068.5227145592103, 1506.873027888019], [2016.4853089535004, 1495.15780044799], [1944.2868142649472, 1480.1732072107434], [2165.2414527268925, 1401.163533777989], [2092.4980637388057, 1386.4513876905105], [2042.6402353312392, 1374.4637131007134], [1971.5315292417604, 1360.296461312771]]",null,f,t,
281,71,3885,2024.06.20.REEF/08_2023/082923_Pool Calibration/082923_Slate_FSL02/P8290044.ORF,"[[1889.9581163787411, 1180.699190833125], [2001.0990647810636, 1193.8739537136432], [2081.8367142283437, 1202.9949434001562], [2191.626404899331, 1217.183149579176], [1870.7026937072137, 1367.8483866230545], [1981.1680132438682, 1381.023149503573], [2058.189703929978, 1389.468510324418], [2168.992837899467, 1402.6432732049366]]",null,f,t,
356,77,3715,2023-09-07 REEF Data Dump/082923_Pool Calibration/082929_Slate_FSL01/P8290130.ORF,"[[1874.060863786271, 1360.851415035503], [1929.8335951135837, 1361.3973145264717], [1970.3211406937712, 1361.2153480294817], [2026.1848552695815, 1360.7604317870077], [1875.7709086908967, 1454.031099817594], [1931.1072384004942, 1454.1331963668733], [1970.3633615985405, 1454.1842446415135], [2025.342353385659, 1453.7248101697544]]",null,f,t,
282,71,3886,2024.06.20.REEF/08_2023/082923_Pool Calibration/082923_Slate_FSL02/P8290043.ORF,"[[1880.9023131840472, 1158.0176379380678], [1992.8408234721742, 1171.8561900341274], [2074.026995769055, 1181.8506998812813], [2185.1966976073995, 1195.9967753572532], [1860.298246729914, 1347.1445165842142], [1972.236757018039, 1360.521783610405], [2050.0401721358844, 1369.747485007778], [2160.7485889043605, 1383.5860371038375]]",null,f,t,
303,71,3922,2024.06.20.REEF/08_2023/082923_Pool Calibration/082923_Slate_FSL02/P8290081.ORF,"[[2027.9086936920944, 1433.0731243411567], [2074.007276622428, 1433.3626478906142], [2107.8360946133894, 1434.010140464387], [2153.999016110269, 1433.7527861982026], [2027.1046357413884, 1511.1347014247515], [2074.032886052459, 1510.8473856065204], [2105.829169936695, 1511.852990970329], [2153.188393975112, 1511.7093330612136]]",null,f,t,
463,107,13281,2023-09-07 REEF Data Dump/083123_Fish Degree Angle Tests/083123_Fish Deg Angle Test_FSL05/P8310006.ORF,"[[2090.664153260726, 1466.7300091791083], [2020.1635707698338, 1465.7008035952997], [1969.2178943713084, 1463.6423924276826], [1898.2027090885135, 1463.1277896357783], [2093.751770012151, 1347.8567642492128], [2021.7073791455482, 1347.8567642492128], [1972.3055111227336, 1345.283750289691], [1901.2903258399388, 1344.2545447058824]]",null,f,t,
365,77,3727,2023-09-07 REEF Data Dump/082923_Pool Calibration/082929_Slate_FSL01/P8290142.ORF,"[[1717.799090869497, 943.2718285878703], [1766.1748840941832, 942.9169939187407], [1802.486298568459, 942.7987156956973], [1851.3352046853183, 943.6266632570001], [1718.035647315582, 1025.9483064950975], [1768.0673356628745, 1025.9483064950975], [1801.8949074532425, 1026.5396976103134], [1851.8083175774905, 1026.0665847181406]]",null,f,t,
284,71,3887,2024.06.20.REEF/08_2023/082923_Pool Calibration/082923_Slate_FSL02/P8290045.ORF,"[[1897.1338805177124, 1181.3068833853551], [2007.6057408401025, 1194.199209697069], [2088.034932509508, 1203.8980239866146], [2197.2057323784234, 1217.2634631905014], [1877.9728083847072, 1367.8316411245505], [1987.8532775918816, 1380.4874109901773], [2065.3255136852063, 1388.8851648262475], [2173.904922438903, 1402.6054386992641]]",null,f,t,
459,107,13284,2023-09-07 REEF Data Dump/083123_Fish Degree Angle Tests/083123_Fish Deg Angle Test_FSL05/P8310014.ORF,"[[2078.0453042413524, 1477.01115918652], [2005.4127958982867, 1476.0554682872692], [1955.7168691372422, 1476.0554682872692], [1883.0843607941756, 1475.0997773880183], [2079.000995140604, 1360.4168694779148], [2006.3684867975376, 1357.549796780162], [1959.5396327342455, 1356.5941058809112], [1887.8628152904298, 1356.5941058809112]]",null,f,t,
297,71,3914,2024.06.20.REEF/08_2023/082923_Pool Calibration/082923_Slate_FSL02/P8290073.ORF,"[[1994.843359316042, 1400.916452961802], [2054.2986994947937, 1404.9030086416524], [2097.105137858865, 1406.7694271734524], [2156.8356404957026, 1411.3822778721392], [1989.8267895586437, 1500.3275016006583], [2049.0841793033064, 1503.9941265149987], [2090.245000922358, 1506.7145256449935], [2148.674443105719, 1510.8542634515068]]",null,f,t,
418,83,3171,2024.06.20.REEF/08_2023/082923_Pool Calibration/082929_Slate_FSL07/P8290043.ORF,"[[1992.130875265068, 1338.2388336240333], [2040.1420356246322, 1351.2564368702128], [2075.7654767660592, 1361.8244911184552], [2124.126572696757, 1376.1718495349435], [1969.7753006463786, 1419.8944093323917], [2017.5311948625763, 1433.7430691050977], [2052.5362721274155, 1443.2003575924098], [2100.678108497908, 1457.4286737163525]]",null,f,t,
376,80,3254,2024.06.20.REEF/08_2023/082923_Pool Calibration/082929_Slate_FSL06/P8290023.ORF,"[[2015.4050731780067, 1255.810146832872], [2089.0283600311463, 1265.918811977957], [2143.994996923038, 1272.6771579325407], [2217.033531535491, 1283.14554723543], [1998.918557705258, 1379.7184373692144], [2072.8605734792786, 1389.6281887086645], [2124.2184473230695, 1396.6992468691874], [2197.2841498353496, 1406.7427113864553]]",null,f,t,
448,87,14789,2025-02-10 REEF Data Dump SMILE 6/083123_Fish Degree Angle Tests/083123_Fish Deg Angle Tests_FSL06/P8310641.ORF,"[[2035.5380856673378, 1415.3974856936134], [2069.3215322385845, 1418.939298640599], [2092.2070928191056, 1421.9362172880483], [2128.1701165884965, 1426.8402659838744], [2029.27180122267, 1471.5215985458458], [2062.78280064415, 1475.8807529421358], [2085.66836122467, 1478.8776715895851], [2119.7242549456855, 1483.509273135643]]",null,f,t,
285,71,3888,2024.06.20.REEF/08_2023/082923_Pool Calibration/082923_Slate_FSL02/P8290042.ORF,"[[1928.4634275581225, 1155.9418028346488], [2042.021048441487, 1169.454380148001], [2123.876084089678, 1181.1479566691717], [2236.9139904609906, 1195.6999630066277], [1906.115703539885, 1346.9368860137633], [2019.1536099111977, 1360.7093205831416], [2098.929787511182, 1371.103610824182], [2210.928264858389, 1385.6556171616385]]",null,f,t,
302,71,3921,2024.06.20.REEF/08_2023/082923_Pool Calibration/082923_Slate_FSL02/P8290079.ORF,"[[2019.8578618686392, 1426.0038803460664], [2066.163267844034, 1426.616091242376], [2099.890522677076, 1426.3378135622352], [2146.7803117807657, 1427.3396132107414], [2019.9413451726828, 1504.2277362335883], [2067.1372397245264, 1504.2833917696162], [2098.7495841885016, 1504.561669449757], [2146.140273116443, 1504.6173249857848]]",null,f,t,
305,71,3923,2024.06.20.REEF/08_2023/082923_Pool Calibration/082923_Slate_FSL02/P8290080.ORF,"[[2014.1153095007999, 1436.1212778321503], [2060.8701458099035, 1436.0669117434186], [2095.0664156220278, 1436.6649387194655], [2141.1144927776227, 1437.969724849022], [2014.1696755895314, 1514.0278829844137], [2060.6259863017935, 1514.240189550153], [2093.212302646259, 1514.6297783023501], [2139.0731342913264, 1514.8880351493851]]",null,f,t,
470,114,15833,2023-09-07 REEF Data Dump/083123_Fish Degree Angle Tests/083123_Fish Degree Angle Test_FSL-01/P8310004.ORF,"[[2047.410992973792, 1521.0461283940058], [1973.8227937314746, 1517.9585116425799], [1921.3333089572357, 1514.3562920992497], [1846.715904131111, 1510.239469764015], [2053.0025259043064, 1397.2704544998148], [1979.9228394800252, 1392.3516294520264], [1928.860750888703, 1389.5408722818618], [1854.6099156435198, 1386.0274258191562]]",null,f,t,
377,80,3258,2024.06.20.REEF/08_2023/082923_Pool Calibration/082929_Slate_FSL06/P8290027.ORF,"[[1986.5507576637679, 1263.584682551993], [2059.634374683044, 1270.6709219392], [2113.8486588423707, 1276.568827137327], [2185.237879416463, 1284.4882898709754], [1973.954883702801, 1385.6111282018903], [2045.978986748452, 1393.423632085523], [2097.979604185442, 1398.6795293762486], [2169.4805520739005, 1406.4933814956692]]",null,f,t,
293,71,3905,2024.06.20.REEF/08_2023/082923_Pool Calibration/082923_Slate_FSL02/P8290062.ORF,"[[1971.5803242179913, 1328.4267164565963], [2049.2299776458817, 1339.805081513356], [2106.4293263095947, 1347.1856426312547], [2182.8488862178324, 1359.7941012076644], [1954.666538322807, 1459.1241529193803], [2032.0086683707837, 1470.1949945962278], [2086.1327832353722, 1478.036840783995], [2163.7824366632626, 1488.9539207708863]]",null,f,t,
304,71,3924,2024.06.20.REEF/08_2023/082923_Pool Calibration/082923_Slate_FSL02/P8290082.ORF,"[[2038.1174826251977, 1437.3004093328032], [2085.0814192755774, 1438.1786307661582], [2119.2484150399227, 1438.8895719264938], [2165.1668499839257, 1440.185994042399], [2037.5738217378826, 1515.211196491892], [2084.2031978422215, 1516.1730580617573], [2116.6555708081137, 1516.7167189490726], [2163.5776873902364, 1517.2185597681325]]",null,f,t,
442,87,14786,2025-02-10 REEF Data Dump SMILE 6/083123_Fish Degree Angle Tests/083123_Fish Deg Angle Tests_FSL06/P8310640.ORF,"[[2043.6481061591826, 1423.8205907112726], [2077.9861197098367, 1426.5611833420762], [2102.490242055846, 1429.4629873041038], [2136.183410281608, 1433.8156932471445], [2037.6832869039022, 1480.2445566395816], [2072.021300454558, 1483.6299945952796], [2096.8478454630135, 1485.7257419011885], [2128.1228437204195, 1490.0784478442297]]",null,f,t,
472,114,15834,2023-09-07 REEF Data Dump/083123_Fish Degree Angle Tests/083123_Fish Degree Angle Test_FSL-01/P8310005.ORF,"[[2039.670401918454, 1511.9225293757488], [1966.8343144489213, 1507.5681980596355], [1914.9781869570265, 1504.4014116479168], [1839.7670096787028, 1500.442928633268], [2046.7956713448216, 1388.022011017249], [1973.563735573824, 1384.0635280026008], [1922.4993046848572, 1380.896741590882], [1848.079824009465, 1376.1465619733037]]",null,f,t,
471,114,15832,2023-09-07 REEF Data Dump/083123_Fish Degree Angle Tests/083123_Fish Degree Angle Test_FSL-01/P8310003.ORF,"[[2038.9413988693545, 1521.5755284764502], [1966.1053113998219, 1518.8045903661962], [1912.6657907020658, 1514.846107351548], [1839.0380066296034, 1511.283472638364], [2043.6915784869311, 1398.0708584194156], [1970.8554910173984, 1394.9040720076969], [1920.1869084298974, 1391.341437294513], [1846.954972658899, 1387.7788025813293]]",null,f,t,
296,71,3911,2024.06.20.REEF/08_2023/082923_Pool Calibration/082923_Slate_FSL02/P8290068.ORF,"[[1996.7799835420014, 1392.0369856724647], [2056.2046998235014, 1395.6730224817147], [2098.8673622322954, 1398.9417281917945], [2158.4421702082986, 1402.9170230726108], [1990.952805398309, 1492.1481313970166], [2050.5675090215886, 1496.0371189721961], [2091.146100709117, 1498.6609965142654], [2151.047378430781, 1503.2813111598612]]",null,f,t,
443,87,14785,2025-02-10 REEF Data Dump SMILE 6/083123_Fish Degree Angle Tests/083123_Fish Deg Angle Tests_FSL06/P8310637.ORF,"[[2053.988914646687, 1394.749040508464], [2088.3591704635887, 1397.8926614673271], [2113.08898867331, 1401.6650066179627], [2147.04009502903, 1404.8086275768258], [2048.330396920734, 1451.3342177679967], [2082.2815032764533, 1455.106562918632], [2106.1730225638125, 1458.250183877495], [2139.7049794583486, 1461.393804836358]]",null,f,t,
450,87,14792,2025-02-10 REEF Data Dump SMILE 6/083123_Fish Degree Angle Tests/083123_Fish Deg Angle Tests_FSL06/P8310644.ORF,"[[2047.260418900452, 1425.7708087949718], [2079.825107807648, 1429.4786694131178], [2105.941343465894, 1431.7356280502502], [2139.150877697983, 1435.9271226620672], [2041.9404449700683, 1483.0008313793992], [2074.505133877264, 1486.5474806663217], [2099.9765242106146, 1488.8044393034538], [2131.7351564616924, 1492.351088590376]]",null,f,t,
479,114,15830,2023-09-07 REEF Data Dump/083123_Fish Degree Angle Tests/083123_Fish Degree Angle Test_FSL-01/P8310002.ORF,"[[2026.8357320408063, 1491.1736015621118], [1953.321047483047, 1485.9536239603774], [1901.5562695991816, 1481.168644492121], [1826.73659064099, 1476.3836650238645], [2035.5356947103633, 1368.069129787877], [1961.5860120191269, 1362.4141540526643], [1911.5612266691737, 1357.6291745844082], [1838.0465421114136, 1353.2791932496293]]",null,f,t,
488,114,16036,2023-09-07 REEF Data Dump/083123_Fish Degree Angle Tests/083123_Fish Degree Angle Test_FSL-01/P8310411.ORF,"[[1985.4041600762835, 1436.723041697559], [2017.4795800232191, 1445.236887732856], [2041.8331396125573, 1451.5727731544725], [2074.5025488177675, 1460.4826120286211], [1970.7524250387974, 1492.3600355561293], [2003.6198306634328, 1500.4778887525754], [2026.5874153167938, 1507.0117705936175], [2059.4548209414293, 1514.3376381123617]]",null,f,t,
440,87,14565,2025-02-10 REEF Data Dump SMILE 6/083123_Fish Degree Angle Tests/083123_Fish Deg Angle Tests_FSL06/P8310002.ORF,"[[2169.6783620372375, 1441.5320859323158], [2098.0898220275863, 1425.9693598432616], [2048.2890985426116, 1415.853587885376], [1975.922422228508, 1401.0689981007743], [2196.9131326930824, 1322.477231351049], [2125.324592683432, 1306.136368957542], [2077.080141807363, 1296.0205969996564], [2003.9353291888078, 1280.4578709106022]]",null,f,t,
453,87,14777,2025-02-10 REEF Data Dump SMILE 6/083123_Fish Degree Angle Tests/083123_Fish Deg Angle Tests_FSL06/P8310631.ORF,"[[2081.7394278978613, 1438.6600177959638], [2114.852235331218, 1441.1749145630545], [2139.1629040797566, 1444.737684983099], [2172.9044357048847, 1448.3004554031436], [2076.0809101719083, 1495.664344516678], [2109.403292335855, 1499.0175402061318], [2133.923535814986, 1502.3707358955855], [2167.0363432483414, 1505.0952073932667]]",null,f,t,
374,80,3257,2024.06.20.REEF/08_2023/082923_Pool Calibration/082929_Slate_FSL06/P8290030.ORF,"[[1968.8180613371928, 1293.363579636574], [2042.6600071797543, 1300.1020081545266], [2096.0058996135435, 1305.155829542991], [2167.8824704717013, 1312.1750259158578], [1958.6509203848868, 1416.566719767302], [2031.4946515188726, 1422.7739550017777], [2083.525888043149, 1427.8857957831094], [2154.726527497421, 1434.0930310175845]]",null,f,t,
498,114,16046,2023-09-07 REEF Data Dump/083123_Fish Degree Angle Tests/083123_Fish Degree Angle Test_FSL-01/P8310422.ORF,"[[1959.396715671724, 1417.4735040649223], [1991.472135618657, 1425.5913572613686], [2015.627698788569, 1432.1252391024104], [2047.9011151549298, 1440.0450958794313], [1945.3389698925107, 1472.7145050846418], [1977.2163934200194, 1480.6343618616625], [2000.777967331655, 1485.9802651861512], [2033.051383698015, 1494.8901040602998]]",null,f,t,
312,77,3633,2023-09-07 REEF Data Dump/082923_Pool Calibration/082929_Slate_FSL01/P8290051.ORF,"[[1748.3985136191473, 1069.9013265977085], [1899.3156123111735, 1086.2923227470412], [2009.0553304329255, 1097.2862835789108], [2157.2765014973243, 1114.221210163787], [1727.0190330156643, 1325.3785243638822], [1876.9994330743607, 1340.9591440628433], [1982.1347451299575, 1351.052675954779], [2131.099017816982, 1365.955877405959]]",null,f,t,
307,77,3636,2023-09-07 REEF Data Dump/082923_Pool Calibration/082929_Slate_FSL01/P8290047.ORF,"[[1777.0166596347358, 1031.833358361172], [1927.9392942794552, 1047.1171086018358], [2035.4541990257617, 1058.7083744600734], [2185.1944293985093, 1074.2028216787385], [1755.917180037793, 1286.0971945158726], [1907.1823066908378, 1300.7580106681057], [2010.4979405165764, 1309.7269805494718], [2159.5208246992775, 1324.7327570817574]]",null,f,t,
309,77,3634,2023-09-07 REEF Data Dump/082923_Pool Calibration/082929_Slate_FSL01/P8290050.ORF,"[[1766.7339878688067, 1075.6621225480123], [1917.4932306246951, 1091.038291543634], [2025.3993633395326, 1101.4103818720416], [2176.067622846924, 1118.0603163465903], [1745.0726096927624, 1330.8500255257661], [1896.1368789479052, 1345.2112923787215], [1999.9173545079416, 1355.0338569715448], [2150.033238216193, 1368.7854474014975]]",null,f,t,
446,87,14790,2025-02-10 REEF Data Dump SMILE 6/083123_Fish Degree Angle Tests/083123_Fish Deg Angle Tests_FSL06/P8310646.ORF,"[[2049.888779181372, 1406.1419603576317], [2083.8901834724325, 1408.97541071522], [2109.0370553960306, 1412.1630423675072], [2141.975915802996, 1416.41321790389], [2043.5135158767976, 1463.165148804099], [2076.452376283763, 1466.7069617510842], [2101.2450669126624, 1469.540412108673], [2134.5381086143266, 1474.4989502344529]]",null,f,t,
480,114,15842,2023-09-07 REEF Data Dump/083123_Fish Degree Angle Tests/083123_Fish Degree Angle Test_FSL-01/P8310014.ORF,"[[2041.1926513601543, 1514.6109329185554], [1968.8156542284155, 1515.7820817394572], [1916.1139572878287, 1516.0163115036373], [1843.0342708635467, 1517.4216900887202], [2039.3188132467126, 1392.1087662522127], [1966.4733565866113, 1393.0456853089343], [1916.5824168161894, 1392.811455544754], [1842.800041099366, 1393.2799150731148]]",null,f,t,
474,114,15840,2023-09-07 REEF Data Dump/083123_Fish Degree Angle Tests/083123_Fish Degree Angle Test_FSL-01/P8310009.ORF,"[[2058.353173921492, 1484.9638486334354], [1985.279577471079, 1487.0222598010528], [1932.790092696839, 1488.0514653848613], [1860.7457018302362, 1490.1098765524787], [2054.750954378161, 1363.0029869521138], [1982.1919607196528, 1365.5760009116354], [1931.76088711303, 1365.061398119731], [1858.6872906626181, 1367.119809287348]]",null,f,t,
369,80,3247,2024.06.20.REEF/08_2023/082923_Pool Calibration/082929_Slate_FSL06/P8290019.ORF,"[[1936.9114177648858, 1165.9464709535787], [2039.6349448859205, 1182.2250626831417], [2115.9759267900777, 1194.5743391676376], [2217.0154616632276, 1211.4142616464958], [1911.6515340465971, 1338.8363417365233], [2013.8137304183379, 1354.5536027167911], [2084.541404829542, 1366.3415484519917], [2187.2649319505776, 1382.620140181555]]",null,f,t,
473,114,15841,2023-09-07 REEF Data Dump/083123_Fish Degree Angle Tests/083123_Fish Degree Angle Test_FSL-01/P8310012.ORF,"[[2046.0710447919041, 1510.3451637219646], [1973.8201713793383, 1511.6064009137049], [1920.848209326235, 1512.5072846220912], [1847.8766289469609, 1513.408168330477], [2043.9089238917763, 1387.2844491564226], [1970.9373435125012, 1388.7258630898405], [1919.7671488761712, 1389.2663933148722], [1846.255038271866, 1391.4285142149988]]",null,f,t,
475,114,15839,2023-09-07 REEF Data Dump/083123_Fish Degree Angle Tests/083123_Fish Degree Angle Test_FSL-01/P8310011.ORF,"[[2056.3726064272573, 1494.3833614863345], [1983.9323672591895, 1495.9667546921937], [1930.8886948628983, 1495.9667546921937], [1858.4484556948305, 1496.7584512951235], [2055.185061522862, 1371.2745397307644], [1981.1614291489345, 1372.462084635159], [1930.8886948628983, 1372.0662363336942], [1858.4484556948305, 1373.6496295395539]]",null,f,t,
482,114,16031,2023-09-07 REEF Data Dump/083123_Fish Degree Angle Tests/083123_Fish Degree Angle Test_FSL-01/P8310409.ORF,"[[1975.497341693425, 1426.3759532097747], [2008.7070650207502, 1434.961881679766], [2032.1968693254444, 1441.9278236459852], [2064.5965994008834, 1449.3797615633362], [1963.347442915137, 1483.0754808417935], [1993.8031891860487, 1490.0414228080128], [2018.2649853930056, 1497.3313620749868], [2050.016720866936, 1504.6213013419606]]",null,f,t,
308,77,3639,2023-09-07 REEF Data Dump/082923_Pool Calibration/082929_Slate_FSL01/P8290053.ORF,"[[1732.8551655594333, 1022.1301920298018], [1883.2340983366134, 1037.5063610254235], [1991.4823280657897, 1047.6546325625338], [2139.40107380367, 1062.7232781782432], [1713.2916444925008, 1276.4245661503883], [1862.9987244529834, 1290.495461523842], [1967.8359535015502, 1298.5877361163007], [2116.3252809728488, 1313.3036982253393]]",null,f,t,
316,77,3647,2023-09-07 REEF Data Dump/082923_Pool Calibration/082929_Slate_FSL01/P8290060.ORF,"[[1853.2380535734878, 1252.841453460498], [1944.7078076946414, 1248.6837373640817], [2012.010837005379, 1244.526021267666], [2102.9608766144797, 1240.6281624272758], [1861.6133323134413, 1407.0118499863697], [1952.7691127423282, 1402.9068214637443], [2017.8458884392417, 1399.8884181382846], [2109.1224050011474, 1394.6967644184938]]",null,f,t,
481,114,15843,2023-09-07 REEF Data Dump/083123_Fish Degree Angle Tests/083123_Fish Degree Angle Test_FSL-01/P8310015.ORF,"[[2049.238152417364, 1518.9894352080173], [1976.4020649478302, 1519.781131810947], [1923.7542408530048, 1518.9894352080173], [1850.9181533834712, 1520.1769801124117], [2047.2589109100395, 1395.0889168495173], [1974.8186717419708, 1395.8806134524473], [1924.1500891544697, 1396.6723100553768], [1850.5223050820064, 1398.2557032612365]]",null,f,t,
476,114,15835,2023-09-07 REEF Data Dump/083123_Fish Degree Angle Tests/083123_Fish Degree Angle Test_FSL-01/P8310006.ORF,"[[2045.9692749529218, 1500.2303182156443], [1972.8956785025107, 1495.5988930885055], [1919.3769881444637, 1492.7000655270092], [1846.7540497603336, 1488.8755619374717], [2052.5951665220578, 1377.1245414470093], [1978.9064827109073, 1372.5570610454915], [1927.4462035204765, 1368.9030767242775], [1854.671015789629, 1364.6400950161947]]",null,f,t,
483,114,15845,2023-09-07 REEF Data Dump/083123_Fish Degree Angle Tests/083123_Fish Degree Angle Test_FSL-01/P8310016.ORF,"[[2054.9139480607214, 1516.6367393029989], [1981.834261636442, 1518.1592327701712], [1930.0694837525748, 1518.7682301570405], [1856.0763012479906, 1519.6817262373438], [2053.0869559001144, 1393.6192671554595], [1979.7027707823995, 1395.4462593160665], [1928.5469902854024, 1396.0552567029354], [1854.858306474252, 1396.6642540898047]]",null,f,t,
321,77,3652,2023-09-07 REEF Data Dump/082923_Pool Calibration/082929_Slate_FSL01/P8290067.ORF,"[[1828.9917761955207, 1206.6622850695292], [1924.593260687488, 1202.2706974426892], [1995.1964771497555, 1198.8925531143514], [2090.4601472088875, 1194.8387799203456], [1838.4505803148672, 1367.7997695312554], [1933.714250374001, 1363.4081819044159], [2001.614951373595, 1360.3678520089115], [2096.8786214327297, 1355.976264382072]]",null,f,t,
485,114,15844,2023-09-07 REEF Data Dump/083123_Fish Degree Angle Tests/083123_Fish Degree Angle Test_FSL-01/P8310013.ORF,"[[2046.9369957888189, 1504.8349789428644], [1974.7708054448399, 1506.052973716603], [1921.7880327872367, 1506.6619711034716], [1849.0128450563911, 1507.5754671837751], [2045.4145023216465, 1382.1220054887597], [1971.725818510496, 1383.3400002624976], [1921.483534093803, 1383.644498955932], [1847.7948502826525, 1384.5579950362355]]",null,f,t,
484,114,16033,2023-09-07 REEF Data Dump/083123_Fish Degree Angle Tests/083123_Fish Degree Angle Test_FSL-01/P8310414.ORF,"[[1951.6054810542496, 1423.946758188275], [1984.1634182753228, 1432.84748922713], [2008.7575435142621, 1439.8743821525416], [2040.6127914427957, 1446.4328155495923], [1938.0201547317852, 1478.5222932423053], [1970.3438621886794, 1486.720334988619], [1994.9379874276196, 1493.51299814985], [2025.6220865352502, 1501.4768101319833]]",null,f,t,
493,114,16038,2023-09-07 REEF Data Dump/083123_Fish Degree Angle Tests/083123_Fish Degree Angle Test_FSL-01/P8310416.ORF,"[[1960.4826498821144, 1417.0497695793658], [1991.8694382822864, 1425.7162708540402], [2015.5266444645054, 1432.2747042510914], [2048.3188114497584, 1441.4096650541262], [1946.1946342671104, 1472.5622236901174], [1977.8156524314631, 1480.5260356722506], [2001.0043990853214, 1487.0844690693013], [2032.8596470138532, 1495.750970343976]]",null,f,t,
486,114,16034,2023-09-07 REEF Data Dump/083123_Fish Degree Angle Tests/083123_Fish Degree Angle Test_FSL-01/P8310413.ORF,"[[1969.3158648074118, 1420.6277984275928], [2001.6090808157137, 1429.2208430306605], [2025.5864472081435, 1435.596327736162], [2058.0182607100437, 1443.9121773520337], [1955.3175179540272, 1476.4825883475319], [1987.7493314559292, 1484.38264548261], [2011.8652953419555, 1490.20374021372], [2043.7427188694633, 1498.519589829592]]",null,f,t,
329,77,3671,2023-09-07 REEF Data Dump/082923_Pool Calibration/082929_Slate_FSL01/P8290085.ORF,"[[1879.577061881791, 1342.1967586273518], [1965.0441133887439, 1342.8723874930192], [2026.86415459733, 1344.5614596571884], [2111.9933916714504, 1345.5749029556898], [1878.901433016123, 1485.4300781488864], [1964.7062989559104, 1486.105707014554], [2023.8238247018267, 1487.456964745889], [2109.2908762087804, 1487.794779178723]]",null,f,t,
495,114,16043,2023-09-07 REEF Data Dump/083123_Fish Degree Angle Tests/083123_Fish Degree Angle Test_FSL-01/P8310420.ORF,"[[1965.5444950337755, 1409.5244519083167], [1999.03935131157, 1417.7459166310484], [2022.1812520125927, 1423.8358904997383], [2054.7626122100833, 1432.3618539159047], [1953.364547296395, 1464.3342167265275], [1984.7279127201477, 1472.2511827558246], [2007.5653147277367, 1479.5591513982527], [2040.4511736186628, 1486.2581226538118]]",null,f,t,
327,77,3656,2023-09-07 REEF Data Dump/082923_Pool Calibration/082929_Slate_FSL01/P8290070.ORF,"[[1848.4957460323144, 1217.744448977178], [1945.247332481687, 1214.5509369550107], [2015.8594316385029, 1210.6477555945837], [2112.256183418747, 1206.7445742341565], [1857.8639285566364, 1380.5419377012863], [1953.1418868665874, 1376.8445840952284], [2021.211114793497, 1374.4744856298066], [2117.4371124896184, 1370.3031123306641]]",null,f,t,
490,114,16039,2023-09-07 REEF Data Dump/083123_Fish Degree Angle Tests/083123_Fish Degree Angle Test_FSL-01/P8310418.ORF,"[[1951.9333834664353, 1418.7683518796634], [1983.788631394968, 1427.669082918518], [2007.6800673413677, 1433.2905972588471], [2040.003774798261, 1442.191328297702], [1938.3480571439727, 1473.3438869336937], [1969.7348455441465, 1481.5419286800072], [1993.1578219621838, 1488.3345918412383], [2024.7788401265357, 1496.5326335875518]]",null,f,t,
491,114,16041,2023-09-07 REEF Data Dump/083123_Fish Degree Angle Tests/083123_Fish Degree Angle Test_FSL-01/P8310419.ORF,"[[1959.8227598010985, 1425.8784701039929], [1992.404119998589, 1433.7954361332902], [2016.4595167799157, 1441.1034047757182], [2048.7363782839725, 1449.6293681918842], [1947.3383133702832, 1480.0792375353346], [1978.3971801006032, 1488.9096996449352], [2001.539080801625, 1495.6086709004944], [2032.9024462253788, 1504.439133010095]]",null,f,t,
496,114,16044,2023-09-07 REEF Data Dump/083123_Fish Degree Angle Tests/083123_Fish Degree Angle Test_FSL-01/P8310424.ORF,"[[1942.1851097011427, 1465.669353755754], [1975.679965978938, 1473.5863197850513], [1999.1263653733945, 1481.1987871209137], [2031.4032268774522, 1488.506755763342], [1929.7006632703274, 1521.0881159608339], [1961.977524774387, 1528.396084603262], [1984.814926781973, 1535.3995545522555], [2017.7007856729, 1543.9255179684214]]",null,f,t,
330,77,3673,2023-09-07 REEF Data Dump/082923_Pool Calibration/082929_Slate_FSL01/P8290088.ORF,"[[1835.5050782033272, 1268.9278621372584], [1922.4890630280283, 1269.0706929826192], [1986.0487892135657, 1270.0705089001447], [2071.8901272753815, 1270.499001436227], [1836.2377955515017, 1414.941735541638], [1922.8515714239525, 1415.1100265569346], [1983.4363369305888, 1415.390511582428], [2069.0403667112646, 1414.997832546737]]",null,f,t,
487,114,16035,2023-09-07 REEF Data Dump/083123_Fish Degree Angle Tests/083123_Fish Degree Angle Test_FSL-01/P8310412.ORF,"[[1969.6570448935104, 1411.1881698768095], [2001.5483281703787, 1419.8366534773158], [2026.4127185218354, 1426.503192919373], [2058.6643552820574, 1434.2507928114937], [1955.2429055593325, 1465.9618993466847], [1987.1341888361999, 1473.8896759804825], [2010.3769885125625, 1480.916568905894], [2043.3493322394938, 1488.6641687980145]]",null,f,t,
494,114,16040,2023-09-07 REEF Data Dump/083123_Fish Degree Angle Tests/083123_Fish Degree Angle Test_FSL-01/P8310417.ORF,"[[1960.697677502199, 1417.0224058345939], [1992.0610429259536, 1425.2438705573254], [2016.1164397072785, 1432.247340506319], [2049.30679729164, 1440.164306535616], [1946.081740217343, 1472.4411680396736], [1978.96759910827, 1480.96713145584], [2001.805001115858, 1486.7526066310952], [2033.1683665396117, 1494.6695726603923]]",null,f,t,
339,77,3691,2023-09-07 REEF Data Dump/082923_Pool Calibration/082929_Slate_FSL01/P8290108.ORF,"[[1750.49222496639, 1070.6308942576004], [1884.8384263318362, 1083.8836143149267], [1984.1038981337701, 1094.797619068019], [2120.1725138973857, 1109.3306259750204], [1731.166201626455, 1297.727136593875], [1865.252545735873, 1311.2397139072273], [1960.8800159534435, 1321.1142896362153], [2093.4072165267057, 1334.1071524375159]]",null,f,t,
342,77,3693,2023-09-07 REEF Data Dump/082923_Pool Calibration/082929_Slate_FSL01/P8290105.ORF,"[[1734.2603515653332, 1110.3414930632905], [1870.165696466936, 1124.373784888695], [1969.6910255248972, 1133.9885033616572], [2104.816798658419, 1148.5405096991133], [1716.330200899541, 1338.2363065980978], [1850.9362595210118, 1351.7488839114503], [1945.5243007144777, 1360.8438878723607], [2079.6106448238975, 1373.317036161609]]",null,f,t,
347,77,3699,2023-09-07 REEF Data Dump/082923_Pool Calibration/082929_Slate_FSL01/P8290113.ORF,"[[1814.1235054028489, 1236.1232572081558], [1908.1890266374771, 1241.363205381154], [1975.9702917140035, 1246.4341229679262], [2070.965481172873, 1251.3360099684733], [1806.7409846711867, 1394.0149943102776], [1900.663398922215, 1399.4644176627266], [1965.9428133685929, 1402.693266498434], [2059.7384776664926, 1408.6002156359496]]",null,f,t,
489,114,16037,2023-09-07 REEF Data Dump/083123_Fish Degree Angle Tests/083123_Fish Degree Angle Test_FSL-01/P8310415.ORF,"[[1938.1142823986515, 1422.5720409555142], [1969.5010707988226, 1430.770082701828], [1992.689817452681, 1436.6258268063375], [2025.7162142021148, 1445.5265578451922], [1923.357807255286, 1477.1475760095448], [1954.9788254196378, 1485.5798475200386], [1978.8702613660384, 1491.904051152909], [2011.1939688229318, 1499.8678631350422]]",null,f,t,
492,114,16042,2023-09-07 REEF Data Dump/083123_Fish Degree Angle Tests/083123_Fish Degree Angle Test_FSL-01/P8310421.ORF,"[[1962.693958230287, 1413.7484181965829], [1996.026655440572, 1422.2167250554119], [2020.3505155669977, 1428.3427342724374], [2051.8814453605123, 1435.7299806812036], [1950.6221165379125, 1469.0626778914893], [1982.6935765564572, 1476.8102777836098], [2004.855315782756, 1482.5759335172809], [2038.188012993041, 1490.864063634433]]",null,f,t,
349,77,3704,2023-09-07 REEF Data Dump/082923_Pool Calibration/082929_Slate_FSL01/P8290117.ORF,"[[1841.9460318207598, 1310.4540932851335], [1911.730183416275, 1312.2282666307822], [1961.9984282096525, 1314.1207181994744], [2031.664301582125, 1315.7766133220794], [1839.8170238059824, 1427.4312558749011], [1909.1280625093245, 1428.85059455142], [1957.7404121800969, 1430.151655004896], [2027.0514508834372, 1432.0441065735877]]",null,f,t,
497,114,16045,2023-09-07 REEF Data Dump/083123_Fish Degree Angle Tests/083123_Fish Degree Angle Test_FSL-01/P8310423.ORF,"[[1964.604661646817, 1414.8561127071011], [1996.315768182009, 1422.4235358575445], [2021.7206887584985, 1429.2702520412793], [2053.792148777043, 1437.9187356417854], [1951.6319362460586, 1470.3505491436852], [1983.8835730062815, 1478.2783257774831], [2007.3065494243206, 1484.584511736186], [2038.837479217836, 1492.6924651116606]]",null,f,t,
370,80,3248,2024.06.20.REEF/08_2023/082923_Pool Calibration/082929_Slate_FSL06/P8290016.ORF,"[[1944.4455116575368, 1162.2349889392258], [2047.2497416109113, 1179.297035507118], [2123.273037710886, 1193.1194529798406], [2224.7814160261937, 1211.9093017318235], [1916.3687261660675, 1335.6631331672943], [2019.3889313924542, 1352.2932291891639], [2090.876746759192, 1365.6836961158644], [2191.953174528478, 1383.3936685027904]]",null,f,t,
333,77,3690,2023-09-07 REEF Data Dump/082923_Pool Calibration/082929_Slate_FSL01/P8290104.ORF,"[[1731.35976805777, 1047.5743267768146], [1868.2845529637812, 1062.1663111536598], [1969.0292122230962, 1074.9592837580167], [2105.1544363413336, 1089.7511583318048], [1709.771626787919, 1277.8478336552448], [1845.2971803153264, 1292.0400376382038], [1940.2450238632914, 1303.6336690609028], [2075.7705773907014, 1318.2256534377473]]",null,f,t,
355,77,3713,2023-09-07 REEF Data Dump/082923_Pool Calibration/082929_Slate_FSL01/P8290124.ORF,"[[1851.4805733440858, 1316.0604819590383], [1921.537674685083, 1321.6494529380047], [1971.838413495781, 1325.80868715491], [2041.5055866289445, 1331.9175624109898], [1844.112471565229, 1433.091295007725], [1912.665199579084, 1438.7984921124607], [1962.105453567779, 1442.382080992178], [2030.5918188246037, 1448.2220036109766]]",null,f,t,
341,77,3692,2023-09-07 REEF Data Dump/082923_Pool Calibration/082929_Slate_FSL01/P8290106.ORF,"[[1742.93725797241, 1089.5087314543405], [1879.0339263482288, 1103.2440435585725], [1978.1223525471564, 1112.3818811331134], [2113.762129044249, 1127.5164246159466], [1725.1184747020566, 1317.12655428767], [1859.6160215023297, 1331.40442549789], [1953.5644140655781, 1340.542263072431], [2087.7764034416464, 1352.8212323132204]]",null,f,t,
361,77,3718,2023-09-07 REEF Data Dump/082923_Pool Calibration/082929_Slate_FSL01/P8290132.ORF,"[[1858.6016872622163, 1358.6292732176032], [1914.01048559555, 1359.3571392055615], [1954.0431149332649, 1359.9940219450255], [2009.4519132665987, 1361.1768041754578], [1857.7828380257638, 1451.1592369368175], [1913.2826196075935, 1451.887102924776], [1951.7685337208964, 1452.4330024157448], [2006.8133990602505, 1452.9789019067136]]",null,f,t,
353,77,3711,2023-09-07 REEF Data Dump/082923_Pool Calibration/082929_Slate_FSL01/P8290125.ORF,"[[1856.8270269313675, 1329.1682972170559], [1926.4929003038346, 1335.7918777074779], [1976.761145097215, 1339.6950590679044], [2046.1904620235987, 1346.3186395583257], [1848.4563283943949, 1447.1340589340855], [1917.6490888746926, 1452.811413640161], [1966.8528296606823, 1456.5963167775449], [2035.572477248807, 1461.9188368144912]]",null,f,t,
351,77,3712,2023-09-07 REEF Data Dump/082923_Pool Calibration/082929_Slate_FSL01/P8290123.ORF,"[[1828.2531780615786, 1312.1257672354818], [1897.5824134146183, 1316.9478794057063], [1949.5338483051496, 1320.7691758424878], [2018.2262009187266, 1325.0453885217437], [1822.0198821090012, 1429.9826058774026], [1891.700776992398, 1433.7747634220766], [1940.5313741112209, 1437.1149600755375], [2009.6368766317814, 1441.8330982045106]]",null,f,t,
363,77,3720,2023-09-07 REEF Data Dump/082923_Pool Calibration/082929_Slate_FSL01/P8290134.ORF,"[[1867.4083626870574, 1357.9676396760776], [1923.2238561411655, 1358.121401366034], [1963.0481338398235, 1358.121401366034], [2019.0173889838875, 1358.8902098158146], [1867.869647756926, 1450.8397004096325], [1923.2238561411655, 1450.993462099589], [1961.9718020101304, 1450.993462099589], [2016.8647253245003, 1451.6085088594139]]",null,f,t,
371,80,3249,2024.06.20.REEF/08_2023/082923_Pool Calibration/082929_Slate_FSL06/P8290021.ORF,"[[1967.395547199902, 1159.4588696575415], [2066.5713925666882, 1176.3913310616272], [2141.1044592828853, 1189.0906771146913], [2239.524391194132, 1206.1743212098845], [1940.314203009893, 1327.2971259754408], [2039.3390119871633, 1344.8451917131913], [2109.5979970526528, 1356.3449807485742], [2208.6852203849207, 1372.5707104834294]]",null,f,t,
383,80,3260,2024.06.20.REEF/08_2023/082923_Pool Calibration/082929_Slate_FSL06/P8290031.ORF,"[[1967.8260968193658, 1290.4615138808283], [2041.2308871118262, 1296.0748213737809], [2094.773204736915, 1300.8245430985871], [2167.7462021453, 1307.7332292437598], [1957.8948604856819, 1413.5224858417155], [2031.2996507781404, 1418.704000450595], [2082.6830039828606, 1423.8855150594745], [2155.2242085071744, 1429.4988225524273]]",null,f,t,
392,80,3277,2024.06.20.REEF/08_2023/082923_Pool Calibration/082929_Slate_FSL06/P8290048.ORF,"[[2048.720445037395, 1382.5578332075518], [2092.3924043149023, 1389.9274763356307], [2124.236541288083, 1394.5676220088653], [2167.7265340686004, 1401.7552986399548], [2036.9836059815675, 1455.0714822579096], [2080.291632265093, 1461.622276149535], [2111.4079032503164, 1467.172254307718], [2153.9880635458826, 1473.9959979448286]]",null,f,t,
393,80,3278,2024.06.20.REEF/08_2023/082923_Pool Calibration/082929_Slate_FSL06/P8290050.ORF,"[[2047.9764445664064, 1388.138263026333], [2091.7883780723673, 1394.5770775351962], [2123.0726181317345, 1399.9660853306575], [2167.0245258661457, 1406.894809639108], [2036.9184805185782, 1460.0150293372271], [2080.100529996497, 1467.153714988358], [2110.8248731420485, 1471.702877413098], [2153.3770385919265, 1478.211679036188]]",null,f,t,
389,80,3269,2024.06.20.REEF/08_2023/082923_Pool Calibration/082929_Slate_FSL06/P8290042.ORF,"[[2031.6153999148387, 1327.9278312380677], [2086.589277551356, 1337.611264501422], [2127.2573332343013, 1344.823958057667], [2182.078383726141, 1353.4376490127588], [2015.4285274874678, 1419.8828672840111], [2071.614699490627, 1429.0682924310247], [2109.5493124354366, 1435.629310393177], [2164.184698374815, 1444.9340267758657]]",null,f,t,
390,80,3276,2024.06.20.REEF/08_2023/082923_Pool Calibration/082929_Slate_FSL06/P8290047.ORF,"[[2038.7376857594231, 1374.104396270398], [2081.790958947165, 1379.9473404887337], [2113.1583436982323, 1385.3289996372016], [2156.980425335754, 1391.9407523053192], [2027.051797322751, 1446.064867169907], [2070.1050705104913, 1452.5228581480685], [2101.0111701916917, 1457.7507556065798], [2143.4493966196073, 1464.2087465847405]]",null,f,t,
395,80,3285,2024.06.20.REEF/08_2023/082923_Pool Calibration/082929_Slate_FSL06/P8290056.ORF,"[[2049.9709530742853, 1403.8264978607801], [2089.712436016815, 1409.1490178977263], [2118.3357659932813, 1413.5253121503263], [2157.9589707127684, 1419.794057971618], [2041.454921015173, 1470.771972103256], [2081.0781257346594, 1475.8579356941154], [2109.7329230969194, 1479.4240138248908], [2148.291623809017, 1484.9830903079235]]",null,f,t,
381,80,3264,2024.06.20.REEF/08_2023/082923_Pool Calibration/082929_Slate_FSL06/P8290038.ORF,"[[2027.4620704480762, 1356.916008829461], [2082.3091150666082, 1365.771521241828], [2122.8730751490616, 1372.9130635098659], [2178.2914431490367, 1382.1970684583152], [2011.3221849223105, 1449.470396623232], [2066.026398695481, 1458.325909035599], [2105.5905428604106, 1465.0389587675547], [2159.5806024067774, 1473.6088094892002]]",null,f,t,
422,83,3172,2024.06.20.REEF/08_2023/082923_Pool Calibration/082929_Slate_FSL07/P8290044.ORF,"[[1997.947769749871, 1324.6562690305525], [2046.234737316981, 1338.695104369532], [2081.1454694431154, 1348.8825778013577], [2129.639499478352, 1362.838588153087], [1975.3801765338417, 1405.7441320126109], [2023.5628235926656, 1419.5361908361408], [2057.272764769135, 1429.9966614243758], [2105.2762941809, 1443.7528967184933]]",null,f,t,
533,94,17668,2024.06.20.REEF/08_2023/083123_Fish Degree Angle Tests/083123_Fish Deg Angle Tests_FSL04/P8310162.ORF,"[[1924.5040676579724, 1287.4918810855072], [1992.431636189342, 1300.356950883115], [2040.8042986283485, 1310.649006721201], [2108.217264367811, 1322.9994737269046], [1903.4053531898958, 1403.2775092639772], [1972.3621273050744, 1416.1425790615847], [2018.1617757845584, 1424.3762237320536], [2085.060138732118, 1437.2412935296616]]",null,f,t,
394,80,3284,2024.06.20.REEF/08_2023/082923_Pool Calibration/082929_Slate_FSL06/P8290054.ORF,"[[2049.4419214509167, 1399.6242844451347], [2089.280740318462, 1404.7002729494939], [2118.1215840932296, 1408.3149920359313], [2158.2680386277066, 1413.6986162072217], [2041.3664851939798, 1465.9966795854687], [2081.5129397284577, 1470.5343056726986], [2109.123240835503, 1473.8413890922054], [2148.6544240361186, 1478.7635597630992]]",null,f,t,
397,80,3290,2024.06.20.REEF/08_2023/082923_Pool Calibration/082929_Slate_FSL06/P8290061.ORF,"[[2051.285530806332, 1407.6872670147452], [2090.135377913614, 1413.5101949184127], [2118.9770676864678, 1417.05854160971], [2158.2818310362213, 1423.063436010367], [2041.732289714379, 1473.8320886704673], [2082.1288520460716, 1478.472234343702], [2109.150876849027, 1482.111564283494], [2148.2736737017935, 1487.6615424416773]]",null,f,t,
386,80,3267,2024.06.20.REEF/08_2023/082923_Pool Calibration/082929_Slate_FSL06/P8290037.ORF,"[[2028.109840079243, 1356.0138363215276], [2083.291987834966, 1365.2198336544338], [2122.915461735661, 1371.680182659982], [2178.797480633654, 1380.778507509462], [2012.730288973799, 1448.3501186022568], [2067.5044654443877, 1457.0552362493158], [2106.767053679682, 1463.503471543433], [2160.8964066208578, 1472.495177425786]]",null,f,t,
272,65,4595,2024.06.20.REEF/08_2023/082923_Pool Calibration/082929_Slate_FSL04/P8290033.ORF,"[[1989.6434657038621, 1339.8704138214025], [2041.4682434406755, 1346.4372520962727], [2078.9761305241686, 1350.1052158173716], [2131.0375510817, 1356.0804470404516], [1980.6664307006572, 1426.9416536061244], [2032.2881365830085, 1431.8136536061247], [2068.8281365830094, 1436.2199477237716], [2119.625901288892, 1442.3099477237718]]",null,f,t,
391,80,3270,2024.06.20.REEF/08_2023/082923_Pool Calibration/082929_Slate_FSL06/P8290040.ORF,"[[2037.7752690952743, 1323.139120067234], [2093.2477557025554, 1332.8379343567801], [2133.5806297603017, 1339.8163495163315], [2187.8703341371506, 1349.5151638058774], [2021.8818281234112, 1415.2351068473029], [2076.908656894508, 1425.0616337537253], [2115.8481991125486, 1431.813247928627], [2169.7040982286276, 1441.0770906337252]]",null,f,t,
396,80,3286,2024.06.20.REEF/08_2023/082923_Pool Calibration/082929_Slate_FSL06/P8290060.ORF,"[[2060.07356812425, 1396.2528427263744], [2098.6322688363484, 1402.0484756554933], [2127.965268151073, 1406.4247699080936], [2166.4475317643623, 1412.8332760521382], [2051.237574808038, 1462.3441263211619], [2091.1219289826345, 1467.830536709939], [2117.6293050183026, 1471.282660100631], [2157.513659192899, 1476.8307155499565]]",null,f,t,
388,80,3271,2024.06.20.REEF/08_2023/082923_Pool Calibration/082929_Slate_FSL06/P8290039.ORF,"[[2045.9147216848128, 1325.5102033822452], [2101.0044599623266, 1334.3453500871294], [2141.80204915841, 1341.8812105118836], [2195.5925011557924, 1351.7557862408719], [2029.2633703384813, 1417.4891935304267], [2083.402382052152, 1427.1445586768139], [2122.368677107215, 1434.0412480670907], [2176.7264868411417, 1444.231679534175]]",null,f,t,
536,94,17673,2024.06.20.REEF/08_2023/083123_Fish Degree Angle Tests/083123_Fish Deg Angle Tests_FSL04/P8310165.ORF,"[[1923.3007802745647, 1292.2518003375762], [1990.5949915235892, 1305.34524415526], [2039.6192811665446, 1315.6981997320331], [2106.304495028701, 1329.7051396300203], [1902.899367814452, 1408.2658025361222], [1969.5845816766082, 1421.3592463538057], [2016.7818791589566, 1431.1032045437098], [2083.7715917145474, 1442.9786535876556]]",null,f,t,
535,94,17670,2024.06.20.REEF/08_2023/083123_Fish Degree Angle Tests/083123_Fish Deg Angle Tests_FSL04/P8310164.ORF,"[[1935.2801669495134, 1289.6973395496436], [2002.178529897074, 1303.156181799449], [2050.8678709772507, 1313.0523893360703], [2116.9745373218816, 1326.5112315858755], [1913.9043586704115, 1404.8891952759168], [1981.198569919436, 1417.9521892242567], [2027.9086694922903, 1428.6400933638079], [2095.202880741315, 1440.1196941062888]]",null,f,t,
547,94,17690,2024.06.20.REEF/08_2023/083123_Fish Degree Angle Tests/083123_Fish Deg Angle Tests_FSL04/P8310355.ORF,"[[2003.1270997796696, 1441.2439533947136], [2037.0003272149866, 1443.9466045198717], [2061.3241873414113, 1446.2889021616757], [2095.9181217434375, 1448.8113765451567], [2000.2442719128353, 1498.1798037647152], [2033.396792381443, 1501.0626316315506], [2057.5404757661913, 1502.5040455649685], [2090.5128194931217, 1505.0265199484495]]",null,f,t,
410,83,3153,2024.06.20.REEF/08_2023/082923_Pool Calibration/082929_Slate_FSL07/P8290025.ORF,"[[1928.1512419849118, 1225.674521528829], [2016.0285534578156, 1238.1810946036721], [2079.7623811471644, 1247.167605720364], [2167.639692620069, 1261.372091033845], [1909.971987518266, 1373.1968807090727], [1996.539117647058, 1386.6571764705884], [2058.2630588235293, 1394.6816470588235], [2144.454470588235, 1407.7572352941174]]",null,f,t,
398,80,3289,2024.06.20.REEF/08_2023/082923_Pool Calibration/082929_Slate_FSL06/P8290057.ORF,"[[2066.00312201291, 1395.805715811287], [2105.721488810305, 1402.073037275746], [2133.497473383209, 1405.9440180108454], [2173.972991244948, 1412.463564512065], [2056.765602783175, 1461.8109589006162], [2096.415117647059, 1468.119882352941], [2124.0708823529408, 1471.2723529411767], [2163.3692941176464, 1477.6489411764708]]",null,f,t,
401,83,3147,2024.06.20.REEF/08_2023/082923_Pool Calibration/082929_Slate_FSL07/P8290019.ORF,"[[1923.229529749407, 1215.3321917082073], [2012.1361159351504, 1225.519923853754], [2075.745706143623, 1233.3054726553119], [2164.1199675400326, 1244.4868459341453], [1907.9484662518757, 1364.0406364486141], [1996.0385250754057, 1375.7191070368494], [2057.0818191930534, 1382.2031658603787], [2145.9599956636416, 1393.8458129192022]]",null,f,t,
540,94,17684,2024.06.20.REEF/08_2023/083123_Fish Degree Angle Tests/083123_Fish Deg Angle Tests_FSL04/P8310350.ORF,"[[2001.0192540296243, 1400.42583363444], [2035.2167995999594, 1402.768131276244], [2059.34246531054, 1405.110428918048], [2094.0084704092383, 1407.6869563240318], [1997.9742670952787, 1458.5148151511764], [2032.1718126656156, 1459.9201937362586], [2055.126329555295, 1461.5598020855214], [2089.08964536145, 1464.1363294915056]]",null,f,t,
542,94,17685,2024.06.20.REEF/08_2023/083123_Fish Degree Angle Tests/083123_Fish Deg Angle Tests_FSL04/P8310349.ORF,"[[1996.8859195116152, 1405.29993236223], [2029.912316261049, 1407.4080002398537], [2054.740671264172, 1409.7502978816576], [2088.703987070328, 1411.6241359951005], [1993.13824328473, 1462.2177650580643], [2027.5700186192466, 1464.7942924640486], [2050.758765273106, 1466.6681305774916], [2084.2536215509003, 1468.776198455115]]",null,f,t,
414,83,3162,2024.06.20.REEF/08_2023/082923_Pool Calibration/082929_Slate_FSL07/P8290034.ORF,"[[1971.0188233250879, 1300.3775277825039], [2034.1148986126086, 1306.8378767880517], [2079.714195343435, 1311.8984835090648], [2144.3176853989157, 1320.2431009745644], [1960.3101095994448, 1406.7039616413574], [2023.4311684229738, 1413.474608700181], [2067.171697834739, 1418.0600204648872], [2131.4749331288563, 1425.977020464887]]",null,f,t,
419,83,3168,2024.06.20.REEF/08_2023/082923_Pool Calibration/082929_Slate_FSL07/P8290040.ORF,"[[1997.203269355629, 1331.3620293116103], [2047.5939915989034, 1345.4994263854178], [2083.777329654145, 1355.9974935194336], [2134.0980647831916, 1370.5548132786025], [1974.5974314603795, 1415.9064632975499], [2024.2182954471623, 1429.274002114863], [2060.1216850454953, 1440.1919919342397], [2109.4626005753694, 1453.209595180419]]",null,f,t,
541,94,17682,2024.06.20.REEF/08_2023/083123_Fish Degree Angle Tests/083123_Fish Deg Angle Tests_FSL04/P8310347.ORF,"[[1983.7367690535152, 1409.0089194260574], [2017.8406227181808, 1412.358405053837], [2042.2005181929403, 1414.185397214444], [2075.390875777301, 1416.62138676192], [1980.0827847323021, 1466.5591724851784], [2012.9686436232282, 1468.9951620326542], [2037.3285390979877, 1471.1266528866959], [2070.823395375783, 1473.8671411276061]]",null,f,t,
543,94,17676,2024.06.20.REEF/08_2023/083123_Fish Degree Angle Tests/083123_Fish Deg Angle Tests_FSL04/P8310170.ORF,"[[1954.3936576215388, 1296.069789080098], [2023.2989714575265, 1313.4633634464637], [2072.80376003872, 1324.836085147549], [2140.3711066157553, 1340.8916922549636], [1930.9792305898923, 1411.1349733499017], [1998.5465771669283, 1427.1905804573164], [2045.3754312302203, 1437.894318528926], [2112.9427778072563, 1454.6189092658162]]",null,f,t,
548,94,17691,2024.06.20.REEF/08_2023/083123_Fish Degree Angle Tests/083123_Fish Deg Angle Tests_FSL04/P8310358.ORF,"[[1995.385366990357, 1450.9362742154094], [2029.184721961587, 1453.9812611497543], [2053.5446174363465, 1454.894757230058], [2087.039473714143, 1458.8532402447067], [1992.3403800560113, 1508.1820285810963], [2024.617241560069, 1509.400023354834], [2049.281635728264, 1511.8360129023101], [2082.7764920060586, 1515.18549853009]]",null,f,t,
415,83,3163,2024.06.20.REEF/08_2023/082923_Pool Calibration/082929_Slate_FSL07/P8290035.ORF,"[[1971.6517076707646, 1283.0649054150083], [2034.4678647604264, 1291.0636022095257], [2080.10981391195, 1296.5441196150693], [2142.411767242667, 1304.5044135044443], [1961.752124267267, 1387.9817953159297], [2023.153653679034, 1396.7585600218122], [2066.285183090797, 1400.6275011982825], [2128.7972419143266, 1408.7952659041648]]",null,f,t,
537,94,17672,2024.06.20.REEF/08_2023/083123_Fish Degree Angle Tests/083123_Fish Deg Angle Tests_FSL04/P8310166.ORF,"[[1928.916175065116, 1288.5208566816018], [1996.1401173848885, 1302.106183004064], [2044.3914488060477, 1312.1780628638207], [2111.1469315974596, 1325.7633891862833], [1907.1328069963415, 1403.9961304225326], [1975.0594386086527, 1418.0499162733558], [2022.3738509730915, 1427.8875663689323], [2088.426644471962, 1439.8332843421322]]",null,f,t,
423,83,3167,2024.06.20.REEF/08_2023/082923_Pool Calibration/082929_Slate_FSL07/P8290038.ORF,"[[1997.8743066503725, 1314.614632491814], [2048.6413654739013, 1327.7158089624022], [2086.204894885666, 1337.4393383741667], [2136.562541944489, 1350.7963971976963], [1975.8786940531386, 1400.5684876352452], [2026.676458759021, 1414.0381346940685], [2062.894046994314, 1423.3522523411275], [2113.6918117001965, 1436.4636641058335]]",null,f,t,
534,94,17686,2024.06.20.REEF/08_2023/083123_Fish Degree Angle Tests/083123_Fish Deg Angle Tests_FSL04/P8310351.ORF,"[[2001.9406979358187, 1398.9817776854993], [2034.5644156596231, 1400.7942064479328], [2059.938418333694, 1403.4595428632767], [2092.9885898839525, 1405.698425452165], [1997.8893865844962, 1456.1265904304644], [2031.7924657876652, 1458.1522461061252], [2055.1408127860745, 1460.2845152384002], [2088.6174381627893, 1462.5233978272886]]",null,f,t,
402,83,3151,2024.06.20.REEF/08_2023/082923_Pool Calibration/082929_Slate_FSL07/P8290024.ORF,"[[1932.6913250917373, 1198.678858779878], [2018.560325091737, 1212.0052117210546], [2083.9024427387953, 1221.9283293681135], [2170.738678032913, 1236.7950940739959], [1910.8618729047953, 1346.3848249114192], [1997.8772258459717, 1361.6814719702425], [2059.6369905518545, 1370.2432954996543], [2146.5090493753837, 1383.4621778525955]]",null,f,t,
412,83,3160,2024.06.20.REEF/08_2023/082923_Pool Calibration/082929_Slate_FSL07/P8290032.ORF,"[[1968.4132162967521, 1286.2982761290093], [2031.9641574732218, 1293.9286878937153], [2078.1765104143983, 1298.0125702466564], [2140.4736280614584, 1305.1414525995979], [1957.9890501643636, 1392.5691368468943], [2020.1786972231862, 1399.9487839057176], [2065.295024769262, 1404.204968409636], [2128.0791678114224, 1411.1257250821884]]",null,f,t,
411,83,3161,2024.06.20.REEF/08_2023/082923_Pool Calibration/082929_Slate_FSL07/P8290033.ORF,"[[1966.1927229906282, 1289.8113648451244], [2028.9197229906272, 1297.155188374536], [2075.7647098439797, 1301.8041207865751], [2139.1590211803264, 1308.7583058228868], [1956.4796330381773, 1396.3642912535615], [2019.3499271558253, 1403.2424089006206], [2063.412868332293, 1407.8994677241499], [2126.6055742146477, 1414.8134089006207]]",null,f,t,
539,94,17683,2024.06.20.REEF/08_2023/083123_Fish Degree Angle Tests/083123_Fish Deg Angle Tests_FSL04/P8310346.ORF,"[[1978.7991608294938, 1406.7376376635264], [2012.7624766356498, 1409.7826245978713], [2037.1223721104102, 1412.124922239675], [2071.319917680746, 1414.9356794098398], [1974.9274067528572, 1464.0122547488997], [2009.1609876715288, 1466.5070096336615], [2033.2769515575578, 1468.5859720376295], [2066.263155033848, 1471.7737143903798]]",null,f,t,
544,94,17687,2024.06.20.REEF/08_2023/083123_Fish Degree Angle Tests/083123_Fish Deg Angle Tests_FSL04/P8310353.ORF,"[[1987.5935273586233, 1400.4577494546463], [2021.4667547939403, 1402.4396936130956], [2045.250084695334, 1403.8811075465132], [2079.303488872328, 1405.6828749632857], [1984.5305227501099, 1457.7539533080028], [2018.2235734437513, 1459.1953672414204], [2042.006903345144, 1461.5376648832244], [2075.33960055543, 1463.3394322999966]]",null,f,t,
404,83,3150,2024.06.20.REEF/08_2023/082923_Pool Calibration/082929_Slate_FSL07/P8290022.ORF,"[[1935.0102799276215, 1194.208899733281], [2022.5629858099742, 1208.8248997332805], [2087.127221104092, 1220.3140173803397], [2175.2531034570343, 1234.6946056156337], [1912.564031199308, 1343.2899449343693], [2000.08091355225, 1358.4791214049574], [2061.6973841404856, 1367.1842390520162], [2149.6441488463665, 1382.2301214049576]]",null,f,t,
405,83,3154,2024.06.20.REEF/08_2023/082923_Pool Calibration/082929_Slate_FSL07/P8290026.ORF,"[[1923.594918847382, 1208.6709556803], [2010.4839211599178, 1221.2266439725827], [2074.627111348755, 1229.9610358280838], [2161.9710299037665, 1243.6085231023044], [1903.9527345749734, 1356.1670412060164], [1990.793711171655, 1369.2716948370874], [2053.3383973912482, 1377.5587740938154], [2139.7566432256367, 1390.6030376159872]]",null,f,t,
409,83,3156,2024.06.20.REEF/08_2023/082923_Pool Calibration/082929_Slate_FSL07/P8290031.ORF,"[[1959.1926050734041, 1307.3486720494705], [2022.2638328647495, 1315.7554082554082], [2068.1488758015917, 1321.1390324266981], [2131.261516086561, 1328.5482966045329], [1948.068604961259, 1413.0389570943462], [2009.8511877989845, 1421.4350516851136], [2053.8118717412112, 1426.1479538374786], [2117.099414930112, 1433.9499851317298]]",null,f,t,
545,94,17688,2024.06.20.REEF/08_2023/083123_Fish Degree Angle Tests/083123_Fish Deg Angle Tests_FSL04/P8310352.ORF,"[[1996.1086007271329, 1394.2931197412743], [2030.5403760616505, 1397.103876911439], [2054.900271536409, 1398.0407959681606], [2088.863587342567, 1400.148863845784], [1993.0636137927881, 1451.6794119654694], [2027.0269295989442, 1454.255939371454], [2050.4499060169833, 1455.4270881923558], [2084.1789920589586, 1458.0036155983398]]",null,f,t,
267,65,4598,2024.06.20.REEF/08_2023/082923_Pool Calibration/082929_Slate_FSL04/P8290034.ORF,"[[1972.652359367204, 1343.4781797506926], [2025.305386976523, 1349.749214499668], [2062.4583098289436, 1352.8255711689767], [2114.105605450221, 1358.3275167506247], [1964.0773843827587, 1430.23039046008], [2016.7030507089817, 1435.4730482655925], [2051.9416746928723, 1438.7248233601513], [2104.235527233936, 1444.8965597641093]]",null,f,t,
546,94,17689,2024.06.20.REEF/08_2023/083123_Fish Degree Angle Tests/083123_Fish Deg Angle Tests_FSL04/P8310354.ORF,"[[1987.3556648718145, 1400.248376305397], [2021.3120508032903, 1402.3273387093648], [2045.705209676515, 1405.2378860749202], [2079.80019310159, 1405.9308735429095], [1984.1679225190642, 1457.2119461741186], [2017.7085159697467, 1458.736518603695], [2043.210454791753, 1460.538286020467], [2075.0878783192616, 1463.3102358924243]]",null,f,t,
551,94,17694,2024.06.20.REEF/08_2023/083123_Fish Degree Angle Tests/083123_Fish Deg Angle Tests_FSL04/P8310359.ORF,"[[1996.883719373996, 1465.556438802158], [2031.2920717320944, 1468.2969270430683], [2054.738471126551, 1470.7329165905444], [2088.8423247912156, 1474.0824022183238], [1992.9252363593473, 1522.49769447441], [2025.5065965568397, 1524.6291853284513], [2049.5619933381645, 1527.3696735693622], [2083.3613483093945, 1531.023657890576]]",null,f,t,
264,65,4591,2024.06.20.REEF/08_2023/082923_Pool Calibration/082929_Slate_FSL04/P8290029.ORF,"[[1975.5199497366825, 1345.2580231818902], [2028.6521790579532, 1351.6769596938127], [2065.84059833348, 1355.7767965627181], [2118.9279400059545, 1362.570590107325], [1966.1577229268655, 1433.144898340645], [2018.8541346915704, 1439.3423689288804], [2055.250840573924, 1443.1396630465274], [2107.445722926866, 1450.0177806935862]]",null,f,t,
549,94,17692,2024.06.20.REEF/08_2023/083123_Fish Degree Angle Tests/083123_Fish Deg Angle Tests_FSL04/P8310356.ORF,"[[2012.1483504331686, 1441.0859887480315], [2047.048585296047, 1443.896745918196], [2071.1742510066265, 1446.0048137958197], [2105.1375668127826, 1447.8786519092628], [2009.3375932630038, 1497.7695916796852], [2042.5982197766193, 1499.8776595573086], [2066.489655723019, 1502.2199571991123], [2100.2187417649943, 1504.5622548409162]]",null,f,t,
424,83,3177,2024.06.20.REEF/08_2023/082923_Pool Calibration/082929_Slate_FSL07/P8290049.ORF,"[[2030.4349967537778, 1366.1583223154812], [2069.7033668041336, 1376.3302494972004], [2098.9180878958164, 1383.7817775489248], [2137.5950668309574, 1393.8354265076005], [2013.8760455277247, 1432.1575707736113], [2053.1444155780805, 1442.5660544014165], [2080.348406878026, 1449.4261913379246], [2119.8533333744695, 1459.8346749657305]]",null,f,t,
336,77,3675,2023-09-07 REEF Data Dump/082923_Pool Calibration/082929_Slate_FSL01/P8290087.ORF,"[[1867.219958905011, 1263.0719704913843], [1953.7996181726653, 1263.0719704913843], [2017.1967457238438, 1263.0719704913843], [2104.4860743297572, 1264.0181962757304], [1867.9296282432701, 1408.435906611531], [1955.337235072228, 1408.9090195037038], [2015.1860159321081, 1409.2638541728336], [2101.174284084547, 1408.9090195037036]]",null,f,t,
261,65,4590,2024.06.20.REEF/08_2023/082923_Pool Calibration/082929_Slate_FSL04/P8290026.ORF,"[[1984.7450116313607, 1349.7836805690408], [2037.6600415159296, 1356.3751013574677], [2076.071552661638, 1360.4776689976677], [2128.955229307707, 1366.5030064439359], [1974.4025934177985, 1437.9064945460077], [2028.1426867304458, 1444.614711332535], [2064.238735665876, 1448.1033594980886], [2117.748159480881, 1454.6103756251198]]",null,f,t,
550,94,17693,2024.06.20.REEF/08_2023/083123_Fish Degree Angle Tests/083123_Fish Deg Angle Tests_FSL04/P8310357.ORF,"[[2009.4833732781985, 1434.2287194049106], [2042.8160704884845, 1437.652077496778], [2067.68046083994, 1438.7331379468415], [2101.7338650169345, 1442.1564960387084], [2006.0600151863323, 1491.524923258267], [2039.753065879972, 1495.1284580918114], [2063.8967492647193, 1495.84916505852], [2096.3285627666196, 1499.813053375419]]",null,f,t,
311,77,3644,2023-09-07 REEF Data Dump/082923_Pool Calibration/082929_Slate_FSL01/P8290057.ORF,"[[1854.0875430937854, 1208.995356417731], [1946.8565834950691, 1208.995356417731], [2014.6793273178578, 1209.774928185809], [2106.668795951063, 1210.5544999538872], [1855.0880103651702, 1364.9655056375755], [1947.1454845685416, 1365.9860984779675], [2012.1572485015226, 1365.9860984779675], [2104.3167819889345, 1366.8025727502813]]",null,f,t,
477,114,15838,2023-09-07 REEF Data Dump/083123_Fish Degree Angle Tests/083123_Fish Degree Angle Test_FSL-01/P8310010.ORF,"[[2053.3271183696093, 1486.6931207872901], [1979.812433811851, 1487.8241159343324], [1927.2211594743762, 1487.2586183608114], [1853.7064749166188, 1488.389613507854], [2051.065128075525, 1362.8491521861424], [1977.550443517765, 1363.9801473331852], [1927.2211594743762, 1363.414649759664], [1853.7064749166188, 1366.2421376272698]]",null,f,t,
421,83,3176,2024.06.20.REEF/08_2023/082923_Pool Calibration/082929_Slate_FSL07/P8290048.ORF,"[[2026.3567425105625, 1370.597946357221], [2065.7648714444063, 1380.7729960409588], [2094.4595882773815, 1388.2023973973394], [2133.383191035809, 1398.5389558062166], [2010.0328624358021, 1437.4032592616616], [2049.106346967806, 1447.3138882266962], [2076.8466242144336, 1454.3793605510511], [2115.4933352503363, 1464.289989516086]]",null,f,t,
310,77,3641,2023-09-07 REEF Data Dump/082923_Pool Calibration/082929_Slate_FSL01/P8290056.ORF,"[[1835.501752478032, 1198.9696795419538], [1929.2144984276779, 1199.5995635699949], [1996.8220507707388, 1199.9494991411284], [2090.3948224919336, 1201.4892156541173], [1835.1516872116586, 1354.5414717949423], [1929.1534386556145, 1356.3646244606512], [1992.5262253156593, 1356.7292549937931], [2086.7467550794986, 1357.823146593218]]",null,f,t,
343,77,3694,2023-09-07 REEF Data Dump/082923_Pool Calibration/082929_Slate_FSL01/P8290107.ORF,"[[1754.6115126293976, 1077.6017564075205], [1889.6801742780804, 1091.8796276177407], [1989.6252727496217, 1101.58858004069], [2123.551704701487, 1117.5797957961365], [1734.3369355108848, 1304.905466074225], [1868.8344823111588, 1318.8977798602402], [1962.7828748744082, 1329.4634045558032], [2096.7093068262734, 1342.8846034934104]]",null,f,t,
478,114,15837,2023-09-07 REEF Data Dump/083123_Fish Degree Angle Tests/083123_Fish Degree Angle Test_FSL-01/P8310008.ORF,"[[2060.199743355051, 1497.4098319520235], [1986.9678075840534, 1499.3890734593479], [1934.319983489228, 1500.1807700622776], [1861.0880477182295, 1502.1600115696017], [2056.041506722509, 1373.9894543845105], [1982.4137226500475, 1375.176999288905], [1931.7451400625446, 1376.3645441932997], [1859.3049008944758, 1378.739634002089]]",null,f,t,
364,77,3719,2023-09-07 REEF Data Dump/082923_Pool Calibration/082929_Slate_FSL01/P8290131.ORF,"[[1858.0358708029503, 1341.1725642621345], [1913.8929728876305, 1342.6848354970296], [1953.6050975269077, 1343.0882489704209], [2009.1836120299117, 1343.9402746813466], [1857.664059213917, 1434.1414298556117], [1913.3590989394438, 1434.7910606900653], [1952.0689787551378, 1435.2525939815], [2007.2051624903029, 1435.9363683961096]]",null,f,t,
346,77,3697,2023-09-07 REEF Data Dump/082923_Pool Calibration/082929_Slate_FSL01/P8290110.ORF,"[[1786.6110639068124, 1191.2763204463085], [1878.8680778805433, 1200.5020218436819], [1947.1382682211038, 1206.4987277519745], [2039.7028055747464, 1216.0319525292598], [1774.6176520902286, 1347.344435751868], [1866.567142684045, 1355.9550903894162], [1931.3008141556134, 1361.336749537884], [2024.1728748891678, 1370.7162126252133]]",null,f,t,
360,77,3717,2023-09-07 REEF Data Dump/082923_Pool Calibration/082929_Slate_FSL01/P8290135.ORF,"[[1867.9509279184717, 1362.168148980263], [1924.0262478713744, 1362.103868117818], [1964.0456077288868, 1362.0666484550254], [2019.9654738792392, 1362.8752228130827], [1868.6502358992207, 1455.238712154464], [1924.2707746662722, 1454.753448485724], [1962.7217058823549, 1455.51], [2017.9615882352941, 1455.2592352941178]]",null,f,t,
358,77,3700,2023-09-07 REEF Data Dump/082923_Pool Calibration/082929_Slate_FSL01/P8290116.ORF,"[[1813.8182696415229, 1198.5487278790845], [1907.6129005148164, 1203.9303870275523], [1976.0368525453327, 1208.5432377262387], [2071.2153386282303, 1213.77113518475], [1806.8511382773427, 1355.5921369662126], [1900.2330178149564, 1361.7543929763087], [1965.6477354605936, 1365.4517465823665], [2059.88285044576, 1371.1399828993785]]",null,f,t,
345,77,3698,2023-09-07 REEF Data Dump/082923_Pool Calibration/082929_Slate_FSL01/P8290112.ORF,"[[1793.0792034646042, 1233.0194037956537], [1887.5835036761569, 1238.933314947816], [1955.7117601490659, 1242.4816616391133], [2050.570895029746, 1248.5138510143188], [1785.9407731803963, 1391.1121336271533], [1879.8980046334823, 1397.1683051691443], [1946.068309669898, 1400.1015390299503], [2039.4141637108355, 1405.8817351674204]]",null,f,t,
366,77,3725,2023-09-07 REEF Data Dump/082923_Pool Calibration/082929_Slate_FSL01/P8290138.ORF,"[[1864.4743751083756, 1398.0420700404607], [1921.4430812371534, 1395.8432778740869], [1963.0202422013149, 1394.6439366924283], [2019.789058133149, 1392.8449249199402], [1867.872508456408, 1493.5895841792537], [1925.4408851760159, 1491.5906822098227], [1965.219034367687, 1490.5912312251073], [2021.9878502995239, 1488.3924390587333]]",null,f,t,
359,77,3702,2023-09-07 REEF Data Dump/082923_Pool Calibration/082929_Slate_FSL01/P8290114.ORF,"[[1810.8121589118568, 1232.2868288346776], [1905.9199146173746, 1238.5234029793019], [1974.0025156961888, 1243.2008335877697], [2068.3306996336273, 1248.9176932203422], [1803.7960129991557, 1390.5398977545153], [1897.0847679124895, 1396.5166146431134], [1962.8286536870705, 1400.6743307395295], [2056.8969803684845, 1406.6510476281276]]",null,f,t,
378,80,3263,2024.06.20.REEF/08_2023/082923_Pool Calibration/082929_Slate_FSL06/P8290034.ORF,"[[2032.7965903014297, 1343.999103133081], [2087.876674720286, 1352.6892324613457], [2127.3656447560784, 1358.6956453794116], [2182.800660476713, 1367.833433731662], [2017.5029425540292, 1435.7598475727282], [2072.6826025327296, 1443.9814352168542], [2111.519693732164, 1450.3010802345136], [2165.523932973981, 1458.3442648024438]]",null,f,t,
384,80,3265,2024.06.20.REEF/08_2023/082923_Pool Calibration/082929_Slate_FSL06/P8290036.ORF,"[[2023.9849321175739, 1354.624080578315], [2078.7599997139127, 1362.505845376596], [2119.8823894842967, 1369.4279587314768], [2174.200191262647, 1378.0173701572703], [2009.4272446838672, 1446.9473785695088], [2064.4074775423855, 1455.2453660530102], [2103.2769978598385, 1460.1950427975542], [2158.111651990577, 1468.7356614940234]]",null,f,t,
403,83,3149,2024.06.20.REEF/08_2023/082923_Pool Calibration/082929_Slate_FSL07/P8290020.ORF,"[[1930.2748482794746, 1202.6790770488951], [2017.2185541618278, 1214.1067829312483], [2082.5248482794755, 1222.5969594018363], [2171.044789455947, 1235.0993711665421], [1912.04842498272, 1352.146461938392], [1999.422013218014, 1363.7532854678036], [2061.7549543944847, 1371.4911678207445], [2149.6300720415434, 1382.7755795854507]]",null,f,t,
399,83,3145,2024.06.20.REEF/08_2023/082923_Pool Calibration/082929_Slate_FSL07/P8290018.ORF,"[[1902.1983244838625, 1182.9975364798547], [1990.23623303892, 1193.9335813003647], [2055.3029519709994, 1202.1218761659725], [2143.8354555179408, 1213.6624259765608], [1885.9964711659154, 1333.449368775739], [1973.9440611163832, 1345.252665140811], [2036.1626990534028, 1352.1410242182185], [2124.259226497438, 1363.7209143429418]]",null,f,t,
413,83,3158,2024.06.20.REEF/08_2023/082923_Pool Calibration/082929_Slate_FSL07/P8290028.ORF,"[[1970.3299639533038, 1286.32745829447], [2034.5257286591864, 1295.6773994709406], [2079.3051404238927, 1300.9076347650584], [2142.175434541539, 1310.221752412117], [1956.8255489087983, 1392.647756556345], [2020.0182547911513, 1401.4961683210508], [2063.6154900852684, 1406.7264036151687], [2126.521607732327, 1415.646462438698]]",null,f,t,
400,83,3148,2024.06.20.REEF/08_2023/082923_Pool Calibration/082929_Slate_FSL07/P8290021.ORF,"[[1908.949934590994, 1205.8861593349995], [1998.016051179176, 1216.9381592036063], [2062.327688423649, 1225.7397518591479], [2150.1935878315303, 1237.9419598588768], [1892.4969574110323, 1356.1133430693633], [1981.2130106549607, 1366.965306741253], [2043.1742225880084, 1374.5166731673148], [2131.540212487683, 1385.3186277900254]]",null,f,t,
408,83,3157,2024.06.20.REEF/08_2023/082923_Pool Calibration/082929_Slate_FSL07/P8290030.ORF,"[[1966.9847058823539, 1302.4360588235295], [2030.822235294118, 1310.890411764706], [2076.3181176470584, 1316.4072352941178], [2138.7227058823532, 1324.109294117647], [1954.9273192526794, 1408.0935937182376], [2017.905083958563, 1416.3688290123555], [2061.9322016056217, 1421.599064306473], [2124.6592016056206, 1429.7310054829436]]",null,f,t,
406,83,3159,2024.06.20.REEF/08_2023/082923_Pool Calibration/082929_Slate_FSL07/P8290027.ORF,"[[1973.4096459576654, 1277.593093612909], [2036.8121736980142, 1285.8341798443457], [2082.324504192228, 1292.335941343519], [2145.89347277557, 1301.0069436496137], [1959.9444813835203, 1383.9523342630923], [2023.7291764705883, 1392.8904705882355], [2067.183117647059, 1398.2281764705886], [2130.6624117647057, 1407.0049411764705]]",null,f,t,
416,83,3164,2024.06.20.REEF/08_2023/082923_Pool Calibration/082929_Slate_FSL07/P8290036.ORF,"[[1980.109878438097, 1277.36376661097], [2042.2353541133248, 1284.5479352477264], [2087.996588235294, 1289.3246470588235], [2149.5941482791227, 1296.8968337489064], [1968.6841381574127, 1381.7118861914626], [2031.2174288279207, 1389.2952884251563], [2074.851769429118, 1394.0994332957162], [2136.9880233334657, 1401.484317146328]]",null,f,t,
407,83,3155,2024.06.20.REEF/08_2023/082923_Pool Calibration/082929_Slate_FSL07/P8290029.ORF,"[[1971.769320820034, 1291.4198169265776], [2034.219361207001, 1299.7105981503644], [2080.572365321808, 1305.4172397719317], [2142.9685694670593, 1313.492676028867], [1959.0758402457664, 1398.0221243819337], [2022.1842669657758, 1405.57651331082], [2066.344278469365, 1410.873422884369], [2128.5130801772007, 1419.0928455239095]]",null,f,t,
417,83,3166,2024.06.20.REEF/08_2023/082923_Pool Calibration/082929_Slate_FSL07/P8290039.ORF,"[[2000.0701449640587, 1331.717094550209], [2050.796262611118, 1345.0076239619736], [2088.2676743758225, 1355.2173298443265], [2138.743027316998, 1368.6153298443264], [1978.5383203764281, 1417.5987093659237], [2028.583790964662, 1430.1369446600415], [2065.2128235294117, 1440.4282941176468], [2115.365764705883, 1453.1814705882355]]",null,f,t,
420,83,3165,2024.06.20.REEF/08_2023/082923_Pool Calibration/082929_Slate_FSL07/P8290037.ORF,"[[1989.4475820345274, 1312.8742248576116], [2040.9078334219726, 1325.5149598474975], [2078.2439599216746, 1335.1863588823762], [2129.494200016675, 1348.317193179884], [1968.7826927688661, 1398.7265872739147], [2019.5894505878955, 1412.3692592931002], [2055.52387890581, 1420.9430047188669], [2106.7359016267797, 1434.4424026572742]]",null,f,t,
275,71,3879,2024.06.20.REEF/08_2023/082923_Pool Calibration/082923_Slate_FSL02/P8290037.ORF,"[[1877.6217511227119, 1145.1909273066094], [2006.5792203019487, 1156.603581220229], [2101.2964213149794, 1165.9830443075587], [2229.841194118377, 1176.9001242944503], [1860.044329773676, 1364.0281009711655], [1989.3579110268543, 1374.945180958057], [2081.768686690541, 1382.633265455868], [2210.159697803982, 1393.8578688226721]]",null,f,t,
290,71,3889,2024.06.20.REEF/08_2023/082923_Pool Calibration/082923_Slate_FSL02/P8290048.ORF,"[[1982.4504535450938, 1315.9394783806988], [2061.007300943725, 1325.7340980309095], [2117.5762266786173, 1333.3299255147467], [2196.1330740772487, 1344.123996149673], [1966.059457395761, 1447.4672279692463], [2044.4613603222065, 1458.1347409055168], [2099.1603073507845, 1464.8943413524382], [2177.105656336282, 1475.7759378724165]]",null,f,t,
288,71,3890,2024.06.20.REEF/08_2023/082923_Pool Calibration/082923_Slate_FSL02/P8290047.ORF,"[[1998.2113336995558, 1299.5139099559674], [2075.9370231279713, 1310.327918919921], [2133.555414639038, 1319.452238983257], [2211.112135177395, 1330.773154617396], [1980.8075380231908, 1430.4647997538434], [2058.195289671486, 1441.954684278045], [2113.2791478316253, 1449.558284330825], [2190.4979305898582, 1460.879199964964]]",null,f,t,
289,71,3891,2024.06.20.REEF/08_2023/082923_Pool Calibration/082923_Slate_FSL02/P8290050.ORF,"[[1975.356852942878, 1300.2911669575249], [2054.81914571112, 1310.6277253664018], [2111.1318545428144, 1317.5726005473664], [2189.625094960225, 1327.1554515722628], [1961.2517576140976, 1432.2976316375584], [2040.1756879652107, 1442.6880262881482], [2094.0119296781118, 1449.0945390519835], [2172.343661370382, 1458.731226318593]]",null,f,t,
287,71,3892,2024.06.20.REEF/08_2023/082923_Pool Calibration/082923_Slate_FSL02/P8290049.ORF,"[[1956.2474901565706, 1305.1565070102858], [2034.9253119741393, 1314.6163037684098], [2092.760817357141, 1321.384288440889], [2169.8235519233235, 1330.9209941157455], [1942.0193405610194, 1437.0552992068936], [2020.8509802120548, 1446.4381870482846], [2075.533220009013, 1452.898536053833], [2153.441952659255, 1462.204514978491]]",null,f,t,
286,71,3893,2024.06.20.REEF/08_2023/082923_Pool Calibration/082923_Slate_FSL02/P8290052.ORF,"[[1993.2751934931553, 1336.544983323698], [2071.0658709562117, 1345.4613416761886], [2127.8394180169666, 1350.465420343403], [2204.8112462435715, 1358.7448959564297], [1980.3555722068936, 1467.924794150193], [2057.6913334274773, 1475.6583702722517], [2112.008332778874, 1481.2083484304342], [2189.7990102419303, 1490.03372353443]]",null,f,t,
292,71,3901,2024.06.20.REEF/08_2023/082923_Pool Calibration/082923_Slate_FSL02/P8290060.ORF,"[[1970.9232729712717, 1328.0800007739574], [2048.51378728764, 1339.316431963066], [2105.2873343483957, 1346.1765688995733], [2182.2864575495473, 1356.8216089734656], [1954.7191564143473, 1459.1322719058712], [2032.7827836228867, 1469.1859208645471], [2087.3090444458226, 1476.400892470185], [2163.835054754802, 1486.454541428861]]",null,f,t,
291,71,3894,2024.06.20.REEF/08_2023/082923_Pool Calibration/082923_Slate_FSL02/P8290051.ORF,"[[1966.9168916559388, 1301.095617309693], [2044.98051886448, 1308.7837018075036], [2101.8723441482794, 1315.2890040748823], [2178.5166326803023, 1323.5684796879093], [1954.1428435672683, 1432.0296102185637], [2032.2064707758095, 1440.0725293855044], [2086.2546121998744, 1445.9030289154996], [2163.968411245984, 1453.556246812434]]",null,f,t,
300,71,3917,2024.06.20.REEF/08_2023/082923_Pool Calibration/082923_Slate_FSL02/P8290075.ORF,"[[2007.0562836452013, 1397.3003047238442], [2066.8693108067278, 1400.8835736321385], [2109.737794252102, 1403.9964120944653], [2168.8077455366806, 1408.3335217307683], [2001.2981181082064, 1496.8071760608789], [2060.4073936645423, 1500.3463496854004], [2101.8880871015194, 1504.1259374057724], [2161.0618854514246, 1508.3899099912537]]",null,f,t,
306,71,3919,2024.06.20.REEF/08_2023/082923_Pool Calibration/082923_Slate_FSL02/P8290077.ORF,"[[2037.6078331838703, 1415.2184409255965], [2083.568088196132, 1415.3020810621067], [2117.4005234144374, 1415.3439011303615], [2164.155359723541, 1416.1384824272068], [2037.064172296558, 1492.9619478116654], [2083.8190086056625, 1493.296508357705], [2116.1877414350397, 1493.8819893132757], [2163.0262178806556, 1494.1747297910604]]",null,f,t,
301,71,3918,2024.06.20.REEF/08_2023/082923_Pool Calibration/082923_Slate_FSL02/P8290076.ORF,"[[1991.8775178522951, 1389.669031439873], [2050.5928936823334, 1394.227418879669], [2095.0476262374127, 1397.15482365752], [2153.1357010436254, 1401.2531903465115], [1985.604507614044, 1489.158973818548], [2044.7380841266336, 1493.8010013948542], [2086.223591835607, 1496.7284061727048], [2144.897147597387, 1500.8685929299513]]",null,f,t,
299,71,3916,2024.06.20.REEF/08_2023/082923_Pool Calibration/082923_Slate_FSL02/P8290072.ORF,"[[2001.1455816616249, 1393.8164848542162], [2060.0892950643342, 1397.5623083678176], [2103.2016034284275, 1400.0359654051015], [2161.509233592979, 1404.064492580107], [1995.3135602801717, 1492.5728348223852], [2053.9466674857963, 1496.9139666325786], [2095.2709029866733, 1500.1698154902235], [2154.0988045683966, 1504.093530780206]]",null,f,t,
254,65,4579,2024.06.20.REEF/08_2023/082923_Pool Calibration/082929_Slate_FSL04/P8290014.ORF,"[[1899.698495326676, 1239.5191889677374], [1982.4720071082725, 1247.9995920507001], [2043.1486939553884, 1252.5383993345397], [2124.727782767554, 1261.4965716052754], [1888.299552999811, 1378.1044077490874], [1970.8321964295142, 1386.0432129259605], [2030.682539353866, 1390.6312237099978], [2110.482996586334, 1398.4669275209378]]",null,f,t,
257,65,4578,2024.06.20.REEF/08_2023/082923_Pool Calibration/082929_Slate_FSL04/P8290015.ORF,"[[1916.1303470041244, 1228.4672308246115], [1998.5455318948912, 1237.4254030953475], [2058.5055649603496, 1244.3530563180493], [2141.876288226664, 1253.5501131826713], [1902.6333674495504, 1367.4980644664286], [1985.167994637261, 1376.8145636279935], [2043.0975086546855, 1382.070024693492], [2125.0349243576807, 1390.550427776455]]",null,f,t,
252,65,4582,2024.06.20.REEF/08_2023/082923_Pool Calibration/082929_Slate_FSL04/P8290017.ORF,"[[1899.139053995836, 1234.129241892522], [1980.503146673505, 1240.3402413335652], [2041.8367661538082, 1243.8060201194805], [2123.669248883754, 1250.1204035092437], [1891.2970642634023, 1372.2341413770396], [1972.9656107773885, 1378.9953718073912], [2031.096844146297, 1382.673773469175], [2112.5049519616855, 1388.4699907657125]]",null,f,t,
258,65,4585,2024.06.20.REEF/08_2023/082923_Pool Calibration/082929_Slate_FSL04/P8290021.ORF,"[[1895.4759755256987, 1245.5923321455227], [1977.672065078878, 1251.9531645271102], [2038.1706486193093, 1255.6283121253607], [2120.084034511086, 1262.342524083703], [1887.3482452603362, 1384.046450318076], [1970.5337976284304, 1390.0539031229087], [2027.0038539938564, 1393.5876988904572], [2109.977378615897, 1399.241772118535]]",null,f,t,
263,65,4593,2024.06.20.REEF/08_2023/082923_Pool Calibration/082929_Slate_FSL04/P8290027.ORF,"[[1981.1853829042698, 1343.2647930889082], [2034.566087187292, 1349.3524296518285], [2071.6716814755687, 1353.8249789633621], [2125.8392231374723, 1360.699452905163], [1971.5250106807703, 1431.2207773522907], [2025.188657739593, 1437.6690126464084], [2060.9763636219454, 1441.6454244111142], [2113.995187151359, 1448.05783617582]]",null,f,t,
248,65,4583,2024.06.20.REEF/08_2023/082923_Pool Calibration/082929_Slate_FSL04/P8290018.ORF,"[[1916.0971558304714, 1219.9068635093154], [1999.2772715896922, 1225.5609367373931], [2059.1343352830913, 1230.0733221021092], [2142.3688171310437, 1236.2710562175018], [1909.3974334924073, 1357.9134635985356], [1991.4615213658703, 1364.7034389939663], [2049.0093456189447, 1367.4027324913302], [2130.8508113482944, 1374.1927078867607]]",null,f,t,
262,65,4592,2024.06.20.REEF/08_2023/082923_Pool Calibration/082929_Slate_FSL04/P8290028.ORF,"[[1976.739500870372, 1339.266249350442], [2030.1165596939004, 1346.1238964092654], [2067.2706773409595, 1349.9621317033832], [2120.1871479291954, 1356.7686022916184], [1965.890089105666, 1427.6480140563244], [2018.806559693901, 1433.7891905269128], [2055.858324399783, 1437.4227199386771], [2107.5272180573916, 1443.9221317033828]]",null,f,t,
255,65,4588,2024.06.20.REEF/08_2023/082923_Pool Calibration/082929_Slate_FSL04/P8290024.ORF,"[[1896.0138081038954, 1242.5682707037033], [1977.9063963391905, 1249.9479177625267], [2036.9435728097783, 1254.2467412919384], [2118.2629845744846, 1262.0562707037031], [1885.989551477352, 1379.6072560899438], [1968.777727947941, 1386.8436090311206], [2024.3758455949987, 1391.1782560899442], [2105.9346599349406, 1398.634796988547]]",null,f,t,
