dive_id,path,dive_datetime,kind,images,first_t,p90_t
1,2023-09-07 REEF Data Dump/080123_FSL-01 Photos,2023-08-01 12:46:27+00,headtail,440,2025-04-18 15:21:40.713275+00,2025-11-27 13:42:25.627812+00
1,2023-09-07 REEF Data Dump/080123_FSL-01 Photos,2023-08-01 12:46:27+00,laser,441,2024-10-24 15:12:58.018502+00,2025-01-31 15:57:21.882528+00
5,2023.08.03.FishSense.FSL-01D/Hogfish01_MolHITW_0926_080323,2023-08-03 09:27:23+00,headtail,17,2025-06-03 22:25:39.327801+00,2025-11-22 01:15:40.405962+00
5,2023.08.03.FishSense.FSL-01D/Hogfish01_MolHITW_0926_080323,2023-08-03 09:27:23+00,laser,17,2024-10-29 16:44:14.438773+00,2025-02-12 12:24:56.183895+00
5,2023.08.03.FishSense.FSL-01D/Hogfish01_MolHITW_0926_080323,2023-08-03 09:27:23+00,species,16,2026-09-16 04:12:33.254795+00,2026-09-16 04:21:05.371343+00
8,2023.08.03.FishSense.FSL-01D/DogSnapper01_MolPeLe_1024_080323,2023-08-03 10:24:59+00,headtail,2,2025-08-19 17:17:47.985131+00,2025-11-05 01:57:49.319039+00
8,2023.08.03.FishSense.FSL-01D/DogSnapper01_MolPeLe_1024_080323,2023-08-03 10:24:59+00,laser,2,2024-10-29 22:21:39.01959+00,2024-11-17 18:26:56.798082+00
8,2023.08.03.FishSense.FSL-01D/DogSnapper01_MolPeLe_1024_080323,2023-08-03 10:24:59+00,species,2,2026-09-16 04:45:05.008565+00,2026-09-16 04:45:23.101884+00
14,2023.08.03.FishSense.FSL-01D/Hogfish01_ConchLed_1419_080323,2023-08-03 14:19:28+00,headtail,5,2025-05-19 22:35:34.425957+00,2025-05-21 23:22:29.403137+00
14,2023.08.03.FishSense.FSL-01D/Hogfish01_ConchLed_1419_080323,2023-08-03 14:19:28+00,laser,5,2024-11-14 20:58:34.665312+00,2024-12-21 22:28:57.026669+00
15,2023-09-07 REEF Data Dump/080323_FSL-01 Photos/080323_1419_ConchReef,2023-08-03 15:02:25+00,laser,58,2025-04-22 20:38:15.07916+00,2025-05-23 02:32:59.725605+00
16,2025-02-10 REEF Data Dump SMILE 6/E4E Research Workspace Folders_Measured/Hogfish01_MolPeLe_1029_080323,2023-08-03 10:29:49+00,headtail,3,2025-05-21 16:01:46.405353+00,2025-09-20 05:12:50.729312+00
16,2025-02-10 REEF Data Dump SMILE 6/E4E Research Workspace Folders_Measured/Hogfish01_MolPeLe_1029_080323,2023-08-03 10:29:49+00,laser,3,2024-10-26 01:02:31.370445+00,2025-01-31 00:03:51.562173+00
16,2025-02-10 REEF Data Dump SMILE 6/E4E Research Workspace Folders_Measured/Hogfish01_MolPeLe_1029_080323,2023-08-03 10:29:49+00,species,3,2026-09-16 04:45:54.907276+00,2026-09-16 04:46:22.449356+00
17,2025-02-10 REEF Data Dump SMILE 6/E4E Research Workspace Folders_Measured/Nassau_ConchLe_1427_080323,2023-08-03 14:29:50+00,headtail,7,2025-08-16 16:27:38.439451+00,2025-12-04 11:51:15.071385+00
17,2025-02-10 REEF Data Dump SMILE 6/E4E Research Workspace Folders_Measured/Nassau_ConchLe_1427_080323,2023-08-03 14:29:50+00,laser,8,2024-10-28 18:49:21.337177+00,2025-01-19 04:33:23.894226+00
18,2024.06.20.REEF/08_2023/080323_FSL-01 Photos/080323_0855_MolHITW,2023-08-03 09:43:13+00,laser,33,2025-04-22 21:10:40.1284+00,2025-05-23 02:21:30.03032+00
20,2025-02-10 REEF Data Dump SMILE 6/E4E Research Workspace Folders_Measured/Hogfish02_MolHITW_0943_080323,2023-08-03 09:43:11+00,headtail,4,2025-05-22 20:34:57.079339+00,2025-10-19 23:50:30.164788+00
20,2025-02-10 REEF Data Dump SMILE 6/E4E Research Workspace Folders_Measured/Hogfish02_MolHITW_0943_080323,2023-08-03 09:43:11+00,laser,4,2024-11-06 20:02:00.403237+00,2024-12-13 13:03:20.608376+00
20,2025-02-10 REEF Data Dump SMILE 6/E4E Research Workspace Folders_Measured/Hogfish02_MolHITW_0943_080323,2023-08-03 09:43:11+00,species,4,2026-09-16 04:48:04.80214+00,2026-09-16 04:49:03.894203+00
22,2025-02-10 REEF Data Dump SMILE 6/E4E Research Workspace Folders_Measured/H Slate Dive 3,2023-08-03 14:14:57+00,headtail,12,2025-06-30 17:52:42.537856+00,2025-11-18 20:46:17.314656+00
22,2025-02-10 REEF Data Dump SMILE 6/E4E Research Workspace Folders_Measured/H Slate Dive 3,2023-08-03 14:14:57+00,laser,12,2024-10-29 22:02:37.813431+00,2024-11-20 03:33:11.029648+00
22,2025-02-10 REEF Data Dump SMILE 6/E4E Research Workspace Folders_Measured/H Slate Dive 3,2023-08-03 14:14:57+00,species,10,2026-09-16 01:29:19.272785+00,2026-09-16 01:31:12.352235+00
23,2025-02-10 REEF Data Dump SMILE 6/E4E Research Workspace Folders_Measured/H Slate Dive 4,2023-08-03 15:33:42+00,headtail,5,2025-05-19 23:16:59.312914+00,2026-05-16 04:54:29.944412+00
23,2025-02-10 REEF Data Dump SMILE 6/E4E Research Workspace Folders_Measured/H Slate Dive 4,2023-08-03 15:33:42+00,laser,6,2024-11-17 01:42:26.60677+00,2026-09-16 02:17:01.783792+00
23,2025-02-10 REEF Data Dump SMILE 6/E4E Research Workspace Folders_Measured/H Slate Dive 4,2023-08-03 15:33:42+00,species,5,2026-09-16 01:56:13.27309+00,2026-09-16 03:00:22.719437+00
24,2024.06.20.REEF/08_2023/080323_FSL-01 Photos/080323_1535_SnapperLedge,2023-08-03 16:21:31+00,laser,14,2025-05-13 13:55:37.316985+00,2025-06-12 01:34:24.853092+00
25,2025-02-10 REEF Data Dump SMILE 6/E4E Research Workspace Folders_Measured/BlueParrot01_MolHITW_0924_080323,2023-08-03 09:24:36+00,headtail,11,2025-05-16 21:20:29.963127+00,2025-12-10 19:00:28.171398+00
25,2025-02-10 REEF Data Dump SMILE 6/E4E Research Workspace Folders_Measured/BlueParrot01_MolHITW_0924_080323,2023-08-03 09:24:36+00,laser,11,2024-11-06 19:58:38.668034+00,2025-02-04 21:33:26.116739+00
25,2025-02-10 REEF Data Dump SMILE 6/E4E Research Workspace Folders_Measured/BlueParrot01_MolHITW_0924_080323,2023-08-03 09:24:36+00,species,10,2026-09-16 04:50:18.240031+00,2026-09-16 04:53:41.067665+00
26,2025-02-10 REEF Data Dump SMILE 6/080323_FSL-01 Photos/080323_1015_MolPeLe,2023-08-03 10:44:08+00,laser,13,2025-05-13 13:29:49.450495+00,2025-05-23 02:31:58.138287+00
28,2023.08.03.FishSense.FSL-01D/StoplightParrotIP01_MolHITW_0940_080323,2023-08-03 09:40:59+00,headtail,9,2025-05-28 19:59:41.839497+00,2025-11-20 21:15:46.555422+00
28,2023.08.03.FishSense.FSL-01D/StoplightParrotIP01_MolHITW_0940_080323,2023-08-03 09:40:59+00,laser,9,2024-10-29 22:04:24.123896+00,2024-12-05 20:48:03.716252+00
28,2023.08.03.FishSense.FSL-01D/StoplightParrotIP01_MolHITW_0940_080323,2023-08-03 09:40:59+00,species,9,2026-09-16 04:58:41.220913+00,2026-09-16 05:02:28.951466+00
32,2025-02-10 REEF Data Dump SMILE 6/E4E Research Workspace Folders_Measured/H Slate Dive 1,2023-08-03 09:11:50+00,headtail,3,2025-06-08 20:38:16.76349+00,2026-07-22 09:40:07.421818+00
32,2025-02-10 REEF Data Dump SMILE 6/E4E Research Workspace Folders_Measured/H Slate Dive 1,2023-08-03 09:11:50+00,laser,13,2024-11-07 18:49:13.085305+00,2026-09-16 03:45:26.070886+00
32,2025-02-10 REEF Data Dump SMILE 6/E4E Research Workspace Folders_Measured/H Slate Dive 1,2023-08-03 09:11:50+00,species,3,2026-09-16 01:57:51.294006+00,2026-09-16 03:54:19.134533+00
35,2023.08.03.FishSense.FSL-01D/GraySnapper01_MolPeLe_1040_080323,2023-08-03 10:41:00+00,headtail,3,2025-06-21 17:21:04.631803+00,2025-12-01 14:50:57.407417+00
35,2023.08.03.FishSense.FSL-01D/GraySnapper01_MolPeLe_1040_080323,2023-08-03 10:41:00+00,laser,3,2024-11-15 14:13:05.51697+00,2025-01-31 14:36:35.914117+00
35,2023.08.03.FishSense.FSL-01D/GraySnapper01_MolPeLe_1040_080323,2023-08-03 10:41:00+00,species,3,2026-09-16 05:03:47.152203+00,2026-09-16 05:04:25.86904+00
39,2023.08.03.FishSense.FSL-01D/BlueParrot01_MolPeLe_1037_080323,2023-08-03 10:29:30+00,headtail,3,2025-09-02 14:45:07.730585+00,2025-11-09 16:19:13.07301+00
39,2023.08.03.FishSense.FSL-01D/BlueParrot01_MolPeLe_1037_080323,2023-08-03 10:29:30+00,laser,3,2024-10-30 00:27:36.939191+00,2024-11-13 09:20:11.661578+00
39,2023.08.03.FishSense.FSL-01D/BlueParrot01_MolPeLe_1037_080323,2023-08-03 10:29:30+00,species,3,2026-09-16 04:56:51.337543+00,2026-09-16 04:57:18.760456+00
43,2023.08.03.FishSense.FSL-01D/BlackGrp_ConchLe_1430_080323,2023-08-03 14:30:29+00,headtail,3,2025-08-18 01:43:57.968393+00,2025-11-25 21:52:21.677571+00
43,2023.08.03.FishSense.FSL-01D/BlackGrp_ConchLe_1430_080323,2023-08-03 14:30:29+00,laser,5,2024-10-26 01:10:20.920304+00,2025-05-14 11:11:49.879532+00
45,2025-02-10 REEF Data Dump SMILE 6/8.17.2023_Pompano_FSL-01,2023-08-17 12:14:34+00,laser,103,2025-04-22 20:31:44.007759+00,2025-05-25 01:10:06.059967+00
48,2023-09-07 REEF Data Dump/082923_Pool Calibration/082323_Slate_FSL04,2023-08-23 12:03:58+00,headtail,3,2025-05-13 00:30:35.103304+00,2025-08-12 03:57:56.602328+00
49,2024.06.20.REEF/08_2023/082923_Pool Calibration/082323_Slate_FSL07,2023-08-23 07:14:57+00,headtail,4,2025-04-23 13:58:25.214252+00,2025-05-13 01:04:22.354538+00
50,2024.06.20.REEF/08_2023/082923_Pool Calibration/082329_Slate_FSL05,2023-08-23 10:06:58+00,headtail,3,2025-05-21 17:26:34.684001+00,2025-09-06 07:30:42.056046+00
51,2024.06.20.REEF/08_2023/082923_Pool Calibration/082323_Slate_FSL06,2023-08-23 07:11:25+00,laser,12,2024-10-29 16:03:17.056194+00,2025-04-24 22:28:34.279076+00
52,2023-09-07 REEF Data Dump/082923_Pool Calibration/082329_Slate_FSL05,2023-08-23 10:06:58+00,laser,12,2024-10-29 23:33:38.908283+00,2025-04-13 08:59:01.481455+00
53,2023-09-07 REEF Data Dump/082923_Pool Calibration/082323_Slate_FSL07,2023-08-23 07:14:57+00,headtail,5,2025-04-24 14:59:48.777036+00,2025-05-13 07:54:48.751478+00
53,2023-09-07 REEF Data Dump/082923_Pool Calibration/082323_Slate_FSL07,2023-08-23 07:14:57+00,laser,15,2025-04-18 15:40:15.651165+00,2025-06-26 23:53:51.456072+00
54,2023-09-07 REEF Data Dump/082923_Pool Calibration/082323_Slate_FSL01,2023-08-23 09:53:25+00,headtail,9,2025-04-24 14:33:24.033987+00,2025-09-21 01:25:50.255183+00
55,2023-09-07 REEF Data Dump/082923_Pool Calibration/082323_Slate_FSL02,2023-08-23 09:56:38+00,laser,14,2024-10-26 01:18:22.722578+00,2025-01-04 19:42:09.738725+00
56,2024.06.20.REEF/08_2023/082923_Pool Calibration/082323_Slate_FSL04,2023-08-23 12:03:58+00,laser,8,2024-11-08 05:03:08.324189+00,2025-03-04 21:13:40.914379+00
57,2024.06.20.REEF/08_2023/082923_Pool Calibration/082323_Slate_FSL01,2023-08-23 09:53:25+00,laser,18,2024-10-30 14:13:12.679276+00,2025-05-08 03:41:27.310352+00
58,2023-09-07 REEF Data Dump/082923_Pool Calibration/082923_FishModels_FSL02,2023-08-29 14:12:08+00,headtail,25,2026-07-22 01:26:56.422052+00,2026-07-22 01:32:50.571359+00
58,2023-09-07 REEF Data Dump/082923_Pool Calibration/082923_FishModels_FSL02,2023-08-29 14:12:08+00,laser,28,2024-10-29 22:22:50.732528+00,2025-02-01 07:48:05.25992+00
58,2023-09-07 REEF Data Dump/082923_Pool Calibration/082923_FishModels_FSL02,2023-08-29 14:12:08+00,species,25,2026-07-22 16:59:47.055691+00,2026-07-22 17:37:22.684164+00
59,2024.06.20.REEF/08_2023/082923_Pool Calibration/082929_FishModels_FSL01,2023-08-29 14:10:45+00,headtail,86,2026-07-22 01:34:08.545219+00,2026-07-22 05:08:12.41555+00
59,2024.06.20.REEF/08_2023/082923_Pool Calibration/082929_FishModels_FSL01,2023-08-29 14:10:45+00,laser,94,2024-10-29 17:17:21.286887+00,2025-05-07 02:08:31.869928+00
59,2024.06.20.REEF/08_2023/082923_Pool Calibration/082929_FishModels_FSL01,2023-08-29 14:10:45+00,species,86,2026-07-28 19:05:29.421983+00,2026-07-28 19:25:01.725878+00
60,2024.06.20.REEF/08_2023/082923_Pool Calibration/082929_FishModels_FSL04,2023-08-29 16:18:18+00,headtail,103,2026-07-22 00:19:45.882435+00,2026-07-22 00:48:20.443376+00
60,2024.06.20.REEF/08_2023/082923_Pool Calibration/082929_FishModels_FSL04,2023-08-29 16:18:18+00,laser,103,2024-10-26 01:19:42.446216+00,2025-02-07 22:40:55.037708+00
60,2024.06.20.REEF/08_2023/082923_Pool Calibration/082929_FishModels_FSL04,2023-08-29 16:18:18+00,species,103,2026-07-28 05:17:17.714262+00,2026-07-28 06:13:18.129544+00
61,2023-09-07 REEF Data Dump/082923_Pool Calibration/082929_FishModels_FSL06,2023-08-29 11:02:40+00,headtail,69,2026-05-05 07:00:00.983236+00,2026-05-05 07:17:00.647173+00
61,2023-09-07 REEF Data Dump/082923_Pool Calibration/082929_FishModels_FSL06,2023-08-29 11:02:40+00,laser,80,2024-10-26 01:03:29.6724+00,2025-02-12 19:05:25.888372+00
61,2023-09-07 REEF Data Dump/082923_Pool Calibration/082929_FishModels_FSL06,2023-08-29 11:02:40+00,species,69,2026-07-28 15:53:47.71634+00,2026-07-28 18:59:45.53508+00
62,2023-09-07 REEF Data Dump/082923_Pool Calibration/082929_Slate_FSL05,2023-08-29 13:46:42+00,headtail,20,2026-05-05 07:19:01.643089+00,2026-05-05 07:19:47.833215+00
62,2023-09-07 REEF Data Dump/082923_Pool Calibration/082929_Slate_FSL05,2023-08-29 13:46:42+00,laser,34,2024-11-11 00:20:46.710706+00,2025-06-15 18:58:44.512224+00
62,2023-09-07 REEF Data Dump/082923_Pool Calibration/082929_Slate_FSL05,2023-08-29 13:46:42+00,species,20,2026-05-07 06:11:50.115973+00,2026-05-07 06:22:41.758506+00
63,2024.06.20.REEF/08_2023/082923_Pool Calibration/082923_Slate_FSL03,2023-08-29 13:40:11+00,headtail,20,2026-05-05 07:20:28.511199+00,2026-05-05 07:21:11.007856+00
63,2024.06.20.REEF/08_2023/082923_Pool Calibration/082923_Slate_FSL03,2023-08-29 13:40:11+00,laser,36,2024-10-29 16:13:10.41576+00,2025-06-16 15:24:22.147523+00
63,2024.06.20.REEF/08_2023/082923_Pool Calibration/082923_Slate_FSL03,2023-08-29 13:40:11+00,species,20,2026-05-07 06:44:25.363096+00,2026-05-07 07:03:20.81352+00
64,2023-09-07 REEF Data Dump/082923_Pool Calibration/082929_FishModels_FSL07,2023-08-29 11:20:01+00,headtail,2,2025-04-30 00:45:24.812858+00,2025-05-12 04:35:17.535032+00
65,2024.06.20.REEF/08_2023/082923_Pool Calibration/082929_Slate_FSL04,2023-08-29 15:43:36+00,headtail,32,2026-05-05 07:21:51.722347+00,2026-05-05 07:23:31.976205+00
65,2024.06.20.REEF/08_2023/082923_Pool Calibration/082929_Slate_FSL04,2023-08-29 15:43:36+00,laser,39,2024-10-29 16:43:41.342721+00,2025-06-10 10:21:05.178122+00
65,2024.06.20.REEF/08_2023/082923_Pool Calibration/082929_Slate_FSL04,2023-08-29 15:43:36+00,species,32,2026-05-07 07:40:24.268765+00,2026-05-07 07:49:24.477079+00
66,2024.06.20.REEF/08_2023/082923_Pool Calibration/082929_FishModels_FSL07,2023-08-29 11:20:01+00,headtail,51,2025-05-03 00:40:37.39868+00,2026-05-05 07:35:04.305011+00
66,2024.06.20.REEF/08_2023/082923_Pool Calibration/082929_FishModels_FSL07,2023-08-29 11:20:01+00,laser,55,2025-04-16 01:48:09.360098+00,2025-06-27 09:39:41.247681+00
66,2024.06.20.REEF/08_2023/082923_Pool Calibration/082929_FishModels_FSL07,2023-08-29 11:20:01+00,species,51,2026-07-28 19:27:54.009814+00,2026-07-28 20:50:54.917899+00
68,2024.06.20.REEF/08_2023/082923_Pool Calibration/082929_Slate_FSL05,2023-08-29 13:46:42+00,headtail,1,2025-05-02 15:34:52.078804+00,2025-05-02 15:34:52.078804+00
70,2023-09-07 REEF Data Dump/082923_Pool Calibration/082929_FishModels_FSL04,2023-08-29 16:18:18+00,headtail,1,2025-04-19 11:49:10.360043+00,2025-04-19 11:49:10.360043+00
71,2024.06.20.REEF/08_2023/082923_Pool Calibration/082923_Slate_FSL02,2023-08-29 13:36:56+00,headtail,58,2026-05-05 07:36:49.384443+00,2026-05-05 07:39:53.187644+00
71,2024.06.20.REEF/08_2023/082923_Pool Calibration/082923_Slate_FSL02,2023-08-29 13:36:56+00,laser,72,2024-10-28 18:29:53.386201+00,2025-06-16 08:59:41.640505+00
71,2024.06.20.REEF/08_2023/082923_Pool Calibration/082923_Slate_FSL02,2023-08-29 13:36:56+00,species,58,2026-05-07 06:26:01.217555+00,2026-05-07 06:40:45.513186+00
73,2023-09-07 REEF Data Dump/082923_Pool Calibration/082923_Slate_FSL02,2023-08-29 13:36:56+00,headtail,4,2025-04-19 11:54:04.138125+00,2025-05-27 11:36:47.252629+00
74,2023-09-07 REEF Data Dump/082923_Pool Calibration/082929_Slate_FSL07,2023-08-29 10:51:01+00,headtail,8,2025-04-22 13:41:23.235449+00,2025-05-13 01:29:22.812792+00
76,2024.06.20.REEF/08_2023/082923_Pool Calibration/082923_FishModels_FSL03,2023-08-29 14:05:47+00,headtail,91,2026-05-06 16:58:48.863715+00,2026-05-07 02:06:44.393037+00
76,2024.06.20.REEF/08_2023/082923_Pool Calibration/082923_FishModels_FSL03,2023-08-29 14:05:47+00,laser,94,2024-10-26 01:07:26.566479+00,2025-02-03 09:02:51.085214+00
76,2024.06.20.REEF/08_2023/082923_Pool Calibration/082923_FishModels_FSL03,2023-08-29 14:05:47+00,species,91,2026-07-28 19:55:50.953392+00,2026-07-28 21:10:25.043895+00
77,2023-09-07 REEF Data Dump/082923_Pool Calibration/082929_Slate_FSL01,2023-08-29 13:31:52+00,headtail,79,2026-05-07 02:13:18.523235+00,2026-05-07 02:19:54.40617+00
77,2023-09-07 REEF Data Dump/082923_Pool Calibration/082929_Slate_FSL01,2023-08-29 13:31:52+00,laser,124,2024-10-29 16:09:44.447507+00,2025-06-19 13:58:55.847647+00
77,2023-09-07 REEF Data Dump/082923_Pool Calibration/082929_Slate_FSL01,2023-08-29 13:31:52+00,species,79,2026-05-07 07:07:16.564722+00,2026-05-07 07:34:16.708262+00
79,2023-09-07 REEF Data Dump/082923_Pool Calibration/082929_Slate_FSL06,2023-08-29 10:54:00+00,headtail,2,2025-04-22 13:40:40.261408+00,2025-05-04 16:50:41.682488+00
80,2024.06.20.REEF/08_2023/082923_Pool Calibration/082929_Slate_FSL06,2023-08-29 10:54:00+00,headtail,35,2026-05-07 02:22:00.658698+00,2026-05-07 02:24:01.220142+00
80,2024.06.20.REEF/08_2023/082923_Pool Calibration/082929_Slate_FSL06,2023-08-29 10:54:00+00,laser,48,2024-10-29 20:16:11.737818+00,2025-06-16 15:17:13.939415+00
80,2024.06.20.REEF/08_2023/082923_Pool Calibration/082929_Slate_FSL06,2023-08-29 10:54:00+00,species,35,2026-05-08 05:26:49.274009+00,2026-05-08 05:38:02.803156+00
81,2024.06.20.REEF/08_2023/082923_Pool Calibration/082929_Slate_FSL01,2023-08-29 13:31:52+00,headtail,4,2025-04-24 14:45:09.381869+00,2025-05-05 00:24:01.118826+00
82,2023-09-07 REEF Data Dump/082923_Pool Calibration/082929_Slate_FSL04,2023-08-29 15:43:36+00,headtail,2,2025-05-13 00:52:10.48489+00,2025-05-13 01:30:55.738451+00
83,2024.06.20.REEF/08_2023/082923_Pool Calibration/082929_Slate_FSL07,2023-08-29 10:51:01+00,headtail,29,2025-04-16 17:46:46.833574+00,2026-05-07 02:12:23.962889+00
83,2024.06.20.REEF/08_2023/082923_Pool Calibration/082929_Slate_FSL07,2023-08-29 10:51:01+00,laser,49,2025-04-16 01:47:52.199834+00,2025-06-29 13:50:45.508618+00
83,2024.06.20.REEF/08_2023/082923_Pool Calibration/082929_Slate_FSL07,2023-08-29 10:51:01+00,species,27,2026-05-08 05:40:23.533807+00,2026-05-08 05:47:22.664364+00
84,2025-02-10 REEF Data Dump SMILE 6/083123_Fish Degree Angle Tests/083023_FishModels_FSL05,2023-08-30 12:00:20+00,headtail,60,2026-07-29 04:23:14.967044+00,2026-08-04 18:08:12.274033+00
84,2025-02-10 REEF Data Dump SMILE 6/083123_Fish Degree Angle Tests/083023_FishModels_FSL05,2023-08-30 12:00:20+00,laser,74,2025-04-22 21:12:00.874013+00,2026-07-29 05:47:29.605545+00
84,2025-02-10 REEF Data Dump SMILE 6/083123_Fish Degree Angle Tests/083023_FishModels_FSL05,2023-08-30 12:00:20+00,species,69,2026-07-29 05:50:24.375815+00,2026-07-29 17:56:05.543288+00
87,2025-02-10 REEF Data Dump SMILE 6/083123_Fish Degree Angle Tests/083123_Fish Deg Angle Tests_FSL06,2023-08-31 19:47:37+00,headtail,405,2026-09-02 01:57:11.72619+00,2026-09-02 06:47:29.672672+00
87,2025-02-10 REEF Data Dump SMILE 6/083123_Fish Degree Angle Tests/083123_Fish Deg Angle Tests_FSL06,2023-08-31 19:47:37+00,laser,422,2024-10-26 01:13:04.052964+00,2025-02-13 15:00:46.477576+00
87,2025-02-10 REEF Data Dump SMILE 6/083123_Fish Degree Angle Tests/083123_Fish Deg Angle Tests_FSL06,2023-08-31 19:47:37+00,species,405,2026-09-08 16:47:50.323145+00,2026-09-09 06:30:32.290619+00
89,2023-09-07 REEF Data Dump/083123_Fish Degree Angle Tests/083123_Fish Deg Angle Tests_FSL06,2023-08-31 19:47:37+00,headtail,2,2025-05-13 00:24:54.940514+00,2025-05-13 00:58:47.497321+00
90,2023-09-07 REEF Data Dump/083123_Qui Lagoon Snorkel/083123_Qui Lagoon Snorkel_FSL04,2023-08-31 20:51:04+00,headtail,145,2025-05-19 17:14:23.710027+00,2025-12-06 02:01:33.749238+00
90,2023-09-07 REEF Data Dump/083123_Qui Lagoon Snorkel/083123_Qui Lagoon Snorkel_FSL04,2023-08-31 20:51:04+00,laser,145,2024-10-28 18:30:54.28236+00,2025-01-18 19:58:38.707342+00
91,2023-09-07 REEF Data Dump/083123_Fish Degree Angle Tests/083123_Fish Deg Angle Tests_FSL04,2023-08-31 21:41:38+00,headtail,2,2025-05-06 01:11:10.282815+00,2025-05-12 08:08:19.816846+00
94,2024.06.20.REEF/08_2023/083123_Fish Degree Angle Tests/083123_Fish Deg Angle Tests_FSL04,2023-08-31 21:41:38+00,headtail,356,2026-09-10 04:48:39.509599+00,2026-09-10 08:48:05.794477+00
94,2024.06.20.REEF/08_2023/083123_Fish Degree Angle Tests/083123_Fish Deg Angle Tests_FSL04,2023-08-31 21:41:38+00,laser,384,2024-10-26 01:06:28.18565+00,2025-02-07 18:33:37.100568+00
94,2024.06.20.REEF/08_2023/083123_Fish Degree Angle Tests/083123_Fish Deg Angle Tests_FSL04,2023-08-31 21:41:38+00,species,356,2026-09-10 08:21:33.701489+00,2026-09-10 08:48:51.502882+00
95,2023-09-07 REEF Data Dump/083123_Qui Lagoon Snorkel/083123_Qui Lagoon Snorkel_FSL01,2023-08-31 18:53:09+00,headtail,187,2025-05-16 21:27:44.788011+00,2025-11-21 00:14:37.503158+00
95,2023-09-07 REEF Data Dump/083123_Qui Lagoon Snorkel/083123_Qui Lagoon Snorkel_FSL01,2023-08-31 18:53:09+00,laser,189,2024-10-29 16:02:59.789681+00,2025-02-04 02:47:13.508071+00
103,2025-02-10 REEF Data Dump SMILE 6/083123_Fish Degree Angle Tests/083123_Fish Deg Angle Tests_FSL07,2023-08-31 11:24:08+00,headtail,214,2026-09-11 02:45:01.181445+00,2026-09-11 03:55:30.474481+00
103,2025-02-10 REEF Data Dump SMILE 6/083123_Fish Degree Angle Tests/083123_Fish Deg Angle Tests_FSL07,2023-08-31 11:24:08+00,laser,231,2024-10-26 01:14:13.545383+00,2025-02-13 19:01:02.538449+00
103,2025-02-10 REEF Data Dump SMILE 6/083123_Fish Degree Angle Tests/083123_Fish Deg Angle Tests_FSL07,2023-08-31 11:24:08+00,species,214,2026-09-10 04:47:18.473128+00,2026-09-10 05:35:42.060073+00
106,2025-02-10 REEF Data Dump SMILE 6/083123_Fish Degree Angle Tests/083123_Fish Degree Angle Test_FSL-01,2023-08-31 19:51:21+00,headtail,2,2025-04-25 11:47:31.041871+00,2025-05-11 06:22:33.304016+00
107,2023-09-07 REEF Data Dump/083123_Fish Degree Angle Tests/083123_Fish Deg Angle Test_FSL05,2023-08-31 14:13:48+00,headtail,198,2026-09-11 03:41:30.936903+00,2026-09-11 18:33:37.604744+00
107,2023-09-07 REEF Data Dump/083123_Fish Degree Angle Tests/083123_Fish Deg Angle Test_FSL05,2023-08-31 14:13:48+00,laser,202,2024-10-26 01:11:02.619846+00,2025-02-06 11:02:10.815138+00
107,2023-09-07 REEF Data Dump/083123_Fish Degree Angle Tests/083123_Fish Deg Angle Test_FSL05,2023-08-31 14:13:48+00,species,198,2026-09-09 06:40:30.21879+00,2026-09-09 17:17:33.643922+00
108,2025-02-10 REEF Data Dump SMILE 6/083123_Qui Lagoon Snorkel/083123_Qui Lagoon Snorkel_FSL07,2023-08-31 15:52:52+00,headtail,1568,2025-04-18 15:21:20.289852+00,2025-12-03 17:34:25.501837+00
108,2025-02-10 REEF Data Dump SMILE 6/083123_Qui Lagoon Snorkel/083123_Qui Lagoon Snorkel_FSL07,2023-08-31 15:52:52+00,laser,1581,2024-10-26 01:02:41.200168+00,2025-01-31 03:08:55.107208+00
109,2024.06.20.REEF/08_2023/083123_Qui Lagoon Snorkel/083123_Qui Lagoon Snorkel_FSL05,2023-08-31 18:55:51+00,headtail,189,2025-05-19 23:12:05.243871+00,2025-12-03 16:49:02.31836+00
109,2024.06.20.REEF/08_2023/083123_Qui Lagoon Snorkel/083123_Qui Lagoon Snorkel_FSL05,2023-08-31 18:55:51+00,laser,193,2024-10-26 01:03:39.977892+00,2025-02-11 16:55:00.989308+00
112,2025-02-10 REEF Data Dump SMILE 6/083123_Qui Lagoon Snorkel/083123_Qui Lagoon Snorkel_FSL06,2023-08-31 18:55:08+00,headtail,344,2025-05-19 23:33:15.796575+00,2025-12-04 15:27:20.56524+00
112,2025-02-10 REEF Data Dump SMILE 6/083123_Qui Lagoon Snorkel/083123_Qui Lagoon Snorkel_FSL06,2023-08-31 18:55:08+00,laser,355,2024-10-26 01:21:21.940065+00,2025-01-30 12:31:03.652733+00
113,2025-02-10 REEF Data Dump SMILE 6/083123_Fish Degree Angle Tests/083123_Fish Deg Angle Test_FSL05,2023-08-31 19:44:47+00,headtail,4,2025-04-15 14:09:01.594132+00,2025-05-02 14:26:23.626478+00
114,2023-09-07 REEF Data Dump/083123_Fish Degree Angle Tests/083123_Fish Degree Angle Test_FSL-01,2023-08-31 19:51:21+00,headtail,370,2026-09-10 19:49:05.667566+00,2026-09-10 22:36:30.687728+00
114,2023-09-07 REEF Data Dump/083123_Fish Degree Angle Tests/083123_Fish Degree Angle Test_FSL-01,2023-08-31 19:51:21+00,laser,388,2024-10-26 01:05:25.595903+00,2025-01-31 06:59:16.833517+00
114,2023-09-07 REEF Data Dump/083123_Fish Degree Angle Tests/083123_Fish Degree Angle Test_FSL-01,2023-08-31 19:51:21+00,species,370,2026-09-10 00:21:03.795727+00,2026-09-10 01:09:05.680511+00
116,2023-09-07 REEF Data Dump/090123_SMILE Dives/090123_FSL05_FH/090123_AlligatorMoor2_FSL05_Diver05,2023-09-01 13:51:36+00,headtail,54,2025-05-21 19:52:44.876077+00,2025-12-04 08:37:43.287752+00
116,2023-09-07 REEF Data Dump/090123_SMILE Dives/090123_FSL05_FH/090123_AlligatorMoor2_FSL05_Diver05,2023-09-01 13:51:36+00,laser,54,2024-10-26 01:30:32.901931+00,2025-01-21 22:11:44.112073+00
118,2023-09-07 REEF Data Dump/090123_SMILE Dives/090123_FSL01_DH/090123_DaveyCrocket_FSL01_Diver06,2023-09-01 12:43:25+00,headtail,164,2025-05-19 22:48:04.069346+00,2025-11-22 16:59:00.95481+00
118,2023-09-07 REEF Data Dump/090123_SMILE Dives/090123_FSL01_DH/090123_DaveyCrocket_FSL01_Diver06,2023-09-01 12:43:25+00,laser,164,2024-10-26 01:09:59.512977+00,2025-02-03 11:54:48.512457+00
124,2024.06.20.REEF/09_2023_Islamorada/090123_FSL03_BXS/090123_DavisReefBall 1_FSL03_Diver01,2023-09-01 10:40:03+00,headtail,988,2025-04-24 13:06:00.008058+00,2025-12-03 00:58:05.127584+00
124,2024.06.20.REEF/09_2023_Islamorada/090123_FSL03_BXS/090123_DavisReefBall 1_FSL03_Diver01,2023-09-01 10:40:03+00,laser,1000,2024-10-26 01:03:01.166735+00,2025-02-08 02:09:20.146385+00
125,2024.06.20.REEF/09_2023_Islamorada/090123_FSL05_FH/090123_DavyCrockett_FSL05_Diver05,2023-09-01 12:52:29+00,headtail,67,2025-04-18 15:20:55.529616+00,2025-12-02 21:43:35.810032+00
125,2024.06.20.REEF/09_2023_Islamorada/090123_FSL05_FH/090123_DavyCrockett_FSL05_Diver05,2023-09-01 12:52:29+00,laser,68,2024-10-29 16:08:48.389805+00,2025-02-02 22:36:32.524522+00
126,2024.06.20.REEF/09_2023_Islamorada/090123_FSL02_DT/090123_AlligatorMoorA3_Diver02,2023-09-01 14:51:53+00,headtail,460,2025-04-24 13:05:04.695413+00,2025-12-03 21:14:38.828768+00
126,2024.06.20.REEF/09_2023_Islamorada/090123_FSL02_DT/090123_AlligatorMoorA3_Diver02,2023-09-01 14:51:53+00,laser,478,2024-10-26 01:08:03.861738+00,2025-02-13 16:28:12.51078+00
127,2024.06.20.REEF/09_2023_Islamorada/090123_FSL04_SH/090123_DavyCrockett_FSL04_Diver07,2023-09-01 10:48:34+00,headtail,117,2025-05-19 23:37:28.001195+00,2025-12-03 19:07:23.242848+00
127,2024.06.20.REEF/09_2023_Islamorada/090123_FSL04_SH/090123_DavyCrockett_FSL04_Diver07,2023-09-01 10:48:34+00,laser,118,2024-10-26 01:25:16.673973+00,2025-02-02 18:39:47.513425+00
129,2024.06.20.REEF/09_2023_Islamorada/090123_FSL04_SH/090123_DavisReef_FSL04_Diver07,2023-09-01 10:01:18+00,headtail,49,2025-05-20 18:50:16.031519+00,2025-12-05 02:25:25.12176+00
129,2024.06.20.REEF/09_2023_Islamorada/090123_FSL04_SH/090123_DavisReef_FSL04_Diver07,2023-09-01 10:01:18+00,laser,49,2024-10-29 16:14:05.041247+00,2025-01-30 06:09:35.7077+00
130,2024.06.20.REEF/09_2023_Islamorada/090123_FSL02_DT/090123_RockyTop_FSL02_Diver02,2023-09-01 12:52:55+00,headtail,234,2025-05-19 22:54:58.5298+00,2025-12-04 18:15:06.019533+00
130,2024.06.20.REEF/09_2023_Islamorada/090123_FSL02_DT/090123_RockyTop_FSL02_Diver02,2023-09-01 12:52:55+00,laser,237,2024-10-26 01:14:34.070879+00,2025-02-07 21:54:34.295407+00
133,2024.06.20.REEF/09_2023_Islamorada/090123_FSL01_DH/090123_AlligatorMoor2_FSL01_Diver06,2023-09-01 14:01:41+00,headtail,101,2025-05-20 16:08:12.282336+00,2025-11-25 04:19:08.613023+00
133,2024.06.20.REEF/09_2023_Islamorada/090123_FSL01_DH/090123_AlligatorMoor2_FSL01_Diver06,2023-09-01 14:01:41+00,laser,102,2024-10-28 18:28:08.95459+00,2025-02-05 18:14:37.788147+00
137,2024.06.20.REEF/09_2023_Islamorada/090123_FSL01_DH/090123_DavisReef_FSL01_Diver06,2023-09-01 10:59:21+00,headtail,141,2025-05-19 17:23:43.06421+00,2025-12-03 17:57:13.531657+00
137,2024.06.20.REEF/09_2023_Islamorada/090123_FSL01_DH/090123_DavisReef_FSL01_Diver06,2023-09-01 10:59:21+00,laser,143,2024-10-26 01:15:35.481713+00,2025-02-10 22:34:44.454171+00
138,2024.06.20.REEF/09_2023_Islamorada/090123_FSL07_JH DE/090123_Davy Crockett_FSL07_Diver04,2023-09-01 10:30:48+00,headtail,160,2025-05-20 16:16:41.299473+00,2025-12-05 20:05:43.506495+00
138,2024.06.20.REEF/09_2023_Islamorada/090123_FSL07_JH DE/090123_Davy Crockett_FSL07_Diver04,2023-09-01 10:30:48+00,laser,166,2024-10-26 01:14:45.931441+00,2025-02-06 19:09:10.624288+00
141,2023-09-07 REEF Data Dump/090123_SMILE Dives/090123_FSL06_LB/090123_RockyTop_FSL06_Diver03,2023-09-01 12:51:53+00,headtail,301,2025-04-18 15:21:06.177752+00,2025-12-04 14:47:20.802843+00
141,2023-09-07 REEF Data Dump/090123_SMILE Dives/090123_FSL06_LB/090123_RockyTop_FSL06_Diver03,2023-09-01 12:51:53+00,laser,314,2024-10-26 01:18:16.329223+00,2025-02-14 18:30:21.027683+00
145,2024.06.20.REEF/09_2023_Islamorada/090123_FSL07_JH DE/090123_DavisReef_FSL07_Diver08,2023-09-01 09:58:18+00,headtail,55,2025-05-27 15:14:51.143067+00,2025-11-26 20:57:26.209784+00
145,2024.06.20.REEF/09_2023_Islamorada/090123_FSL07_JH DE/090123_DavisReef_FSL07_Diver08,2023-09-01 09:58:18+00,laser,56,2024-10-28 18:31:44.624083+00,2025-01-25 14:24:41.092707+00
152,2023-09-07 REEF Data Dump/090123_SMILE Dives/090123_FSL06_LB/090123_AlligatorMoorA23_FSL06_Diver03,2023-09-01 14:50:48+00,headtail,215,2025-05-19 22:31:05.43662+00,2025-11-30 23:08:41.964806+00
152,2023-09-07 REEF Data Dump/090123_SMILE Dives/090123_FSL06_LB/090123_AlligatorMoorA23_FSL06_Diver03,2023-09-01 14:50:48+00,laser,224,2024-10-28 18:31:20.563653+00,2025-02-11 16:33:22.60304+00
156,2023-09-07 REEF Data Dump/090123_SMILE Dives/090123_FSL06_LB/090123_DavisReefMoor1_FSL06_Diver03,2023-09-01 10:12:55+00,headtail,145,2025-05-19 23:59:12.466458+00,2025-12-04 16:18:26.427977+00
156,2023-09-07 REEF Data Dump/090123_SMILE Dives/090123_FSL06_LB/090123_DavisReefMoor1_FSL06_Diver03,2023-09-01 10:12:55+00,laser,150,2024-10-28 18:32:00.397679+00,2025-02-10 22:32:35.611038+00
160,2024.06.20.REEF/09_2023_Islamorada/090123_FSL03_BXS/090123_AlligatorMoorA3_FSL03_Diver01,2023-09-01 14:34:19+00,headtail,235,2025-05-19 23:26:08.498953+00,2025-12-03 20:24:24.788177+00
160,2024.06.20.REEF/09_2023_Islamorada/090123_FSL03_BXS/090123_AlligatorMoorA3_FSL03_Diver01,2023-09-01 14:34:19+00,laser,238,2024-10-26 01:06:52.880006+00,2025-01-21 07:24:10.054344+00
164,2024.06.20.REEF/09_2023_Islamorada/090123_FSL07_JH DE/090123_Alligator Moor2_FSL07_Diver04,2023-09-01 14:01:46+00,headtail,405,2025-05-19 17:15:37.703866+00,2025-12-04 15:33:54.325024+00
164,2024.06.20.REEF/09_2023_Islamorada/090123_FSL07_JH DE/090123_Alligator Moor2_FSL07_Diver04,2023-09-01 14:01:46+00,laser,423,2024-10-26 01:04:18.209744+00,2025-02-11 12:25:49.417601+00
167,2023-09-07 REEF Data Dump/090123_SMILE Dives/090123_FSL05_FH/090123_DavisReef_FSL05_Diver05,2023-09-01 11:01:09+00,headtail,142,2025-05-19 23:46:10.697245+00,2025-12-02 04:51:03.962317+00
167,2023-09-07 REEF Data Dump/090123_SMILE Dives/090123_FSL05_FH/090123_DavisReef_FSL05_Diver05,2023-09-01 11:01:09+00,laser,143,2024-10-28 18:07:55.584423+00,2025-02-01 16:56:13.628591+00
172,2024.06.20.REEF/09_2023_Islamorada/090123_FSL04_SH/090123_AlligatorMoor2_FSL04_Diver07,2023-09-01 12:47:33+00,headtail,134,2025-05-19 23:08:00.472956+00,2025-12-03 17:51:45.961866+00
172,2024.06.20.REEF/09_2023_Islamorada/090123_FSL04_SH/090123_AlligatorMoor2_FSL04_Diver07,2023-09-01 12:47:33+00,laser,135,2024-10-26 01:16:30.903378+00,2025-02-01 23:41:16.018836+00
174,2023-09-07 REEF Data Dump/090123_SMILE Dives/090123_FSL02_DT/090123_DavisReefBall1_FSL02_Diver02,2023-09-01 10:35:56+00,headtail,404,2025-05-19 23:25:54.945932+00,2025-11-30 18:01:41.4963+00
174,2023-09-07 REEF Data Dump/090123_SMILE Dives/090123_FSL02_DT/090123_DavisReefBall1_FSL02_Diver02,2023-09-01 10:35:56+00,laser,410,2024-10-26 01:13:48.902308+00,2025-02-07 19:00:49.516976+00
177,2024.06.20.REEF/09_2023_Islamorada/090123_FSL03_BXS/090123_RockyTop_FSL03_Diver01,2023-09-01 12:59:50+00,headtail,937,2025-05-19 22:47:16.269614+00,2025-12-03 18:54:43.742531+00
177,2024.06.20.REEF/09_2023_Islamorada/090123_FSL03_BXS/090123_RockyTop_FSL03_Diver01,2023-09-01 12:59:50+00,laser,941,2024-10-26 01:02:51.94872+00,2025-01-31 15:51:46.638363+00
179,2024.06.20.REEF/09_2023_Islamorada/092223_FSL03,2023-09-22 15:46:26+00,headtail,780,2025-05-19 23:14:51.257534+00,2025-12-03 16:42:15.146832+00
179,2024.06.20.REEF/09_2023_Islamorada/092223_FSL03,2023-09-22 15:46:26+00,laser,780,2024-11-20 22:38:24.712878+00,2025-02-26 23:38:24.012219+00
182,2024.06.20.REEF/09_2023_Islamorada/092623_Alligator/092623_Alligator_FSL06/092623_Alligator Deep_1300_FSL06,2023-09-26 13:17:32+00,headtail,61,2025-05-21 19:14:14.433872+00,2025-12-04 19:16:48.922983+00
182,2024.06.20.REEF/09_2023_Islamorada/092623_Alligator/092623_Alligator_FSL06/092623_Alligator Deep_1300_FSL06,2023-09-26 13:17:32+00,laser,61,2024-11-22 15:47:49.260873+00,2025-02-25 14:25:26.814249+00
183,2024.06.20.REEF/09_2023_Islamorada/092623_Alligator/092623_Alligator_FSL02/092623_Alligator Deep_1300,2023-09-26 13:21:00+00,headtail,167,2025-05-19 23:34:10.308683+00,2025-12-04 15:03:03.606864+00
183,2024.06.20.REEF/09_2023_Islamorada/092623_Alligator/092623_Alligator_FSL02/092623_Alligator Deep_1300,2023-09-26 13:21:00+00,laser,167,2024-11-22 15:32:04.297091+00,2025-02-21 13:27:40.514807+00
186,drive-download-20240307T1050Z/092623_SMILE Dives_Alligator/092623_Alligator_FSL05/092623_Alligator Deep_1300_FSL05,2023-09-26 13:20:22+00,headtail,134,2025-04-24 13:06:21.527998+00,2025-11-25 00:28:22.364758+00
186,drive-download-20240307T1050Z/092623_SMILE Dives_Alligator/092623_Alligator_FSL05/092623_Alligator Deep_1300_FSL05,2023-09-26 13:20:22+00,laser,134,2024-11-20 21:25:19.966639+00,2025-02-26 11:59:59.332971+00
187,2024.06.20.REEF/09_2023_Islamorada/092623_Alligator/092623_Alligator_FSL01/092623_Alligator Deep_1230_FSL01,2023-09-26 13:18:24+00,headtail,89,2025-04-24 13:05:18.861259+00,2025-12-05 22:03:18.495329+00
187,2024.06.20.REEF/09_2023_Islamorada/092623_Alligator/092623_Alligator_FSL01/092623_Alligator Deep_1230_FSL01,2023-09-26 13:18:24+00,laser,89,2024-11-21 06:00:54.179916+00,2025-02-27 15:16:54.049373+00
190,2025-02-10 REEF Data Dump SMILE 6/092623_SMILE Dives_Alligator/092623_Alligator_FSL01/092623_Alligator 4_1100_FSL01,2023-09-26 11:57:12+00,headtail,397,2025-05-19 22:24:45.162952+00,2025-12-03 20:08:43.49004+00
190,2025-02-10 REEF Data Dump SMILE 6/092623_SMILE Dives_Alligator/092623_Alligator_FSL01/092623_Alligator 4_1100_FSL01,2023-09-26 11:57:12+00,laser,397,2024-11-20 21:25:50.175917+00,2025-02-26 16:19:04.959549+00
192,drive-download-20240307T1050Z/092623_SMILE Dives_Alligator/092623_Alligator_FSL05/092623_Alligator 4_1100_FSL05,2023-09-26 12:10:43+00,headtail,248,2025-05-20 15:49:28.671245+00,2025-12-03 15:29:17.998623+00
192,drive-download-20240307T1050Z/092623_SMILE Dives_Alligator/092623_Alligator_FSL05/092623_Alligator 4_1100_FSL05,2023-09-26 12:10:43+00,laser,248,2024-11-20 21:27:31.411641+00,2025-03-01 13:35:18.499556+00
194,2025-02-10 REEF Data Dump SMILE 6/092623_SMILE Dives_Alligator/092623_Alligator_FSL06/092623_Alligator 1_0912_FSL06,2023-09-26 10:17:55+00,headtail,329,2025-04-18 15:19:59.645873+00,2025-12-02 19:43:49.999313+00
194,2025-02-10 REEF Data Dump SMILE 6/092623_SMILE Dives_Alligator/092623_Alligator_FSL06/092623_Alligator 1_0912_FSL06,2023-09-26 10:17:55+00,laser,329,2024-11-20 21:27:06.634495+00,2025-03-02 16:13:50.393666+00
195,drive-download-20240307T1050Z/092623_SMILE Dives_Alligator/092623_Alligator_FSL02/092623_Alligator 4_1100_FSL02,2023-09-26 11:46:48+00,headtail,288,2025-04-24 13:05:46.284706+00,2025-12-03 18:21:43.044785+00
195,drive-download-20240307T1050Z/092623_SMILE Dives_Alligator/092623_Alligator_FSL02/092623_Alligator 4_1100_FSL02,2023-09-26 11:46:48+00,laser,288,2024-11-21 17:02:28.969743+00,2025-02-26 17:24:52.813168+00
204,drive-download-20240307T1050Z/092623_SMILE Dives_Alligator/092623_Alligator_FSL01/092623_Alligator 1_0900_FSL01,2023-09-26 10:18:49+00,headtail,961,2025-05-19 17:21:03.456478+00,2025-12-02 19:53:02.304864+00
204,drive-download-20240307T1050Z/092623_SMILE Dives_Alligator/092623_Alligator_FSL01/092623_Alligator 1_0900_FSL01,2023-09-26 10:18:49+00,laser,961,2024-11-21 05:37:40.71047+00,2025-02-26 01:24:23.802003+00
205,2024.06.20.REEF/09_2023_Islamorada/092623_Alligator/092623_Alligator_FSL06/092623_Alligator 4_1115_FSL06,2023-09-26 11:56:20+00,headtail,83,2025-05-19 22:49:11.889221+00,2025-11-22 20:00:37.606196+00
205,2024.06.20.REEF/09_2023_Islamorada/092623_Alligator/092623_Alligator_FSL06/092623_Alligator 4_1115_FSL06,2023-09-26 11:56:20+00,laser,83,2024-11-25 19:11:35.93325+00,2025-03-04 18:43:09.461452+00
211,drive-download-20240307T1050Z/092623_SMILE Dives_Alligator/092623_Alligator_FSL02/092623_Alligator 1_0900_FSL02,2023-09-26 10:19:51+00,headtail,898,2025-05-19 22:25:53.892827+00,2025-12-03 19:18:32.230453+00
211,drive-download-20240307T1050Z/092623_SMILE Dives_Alligator/092623_Alligator_FSL02/092623_Alligator 1_0900_FSL02,2023-09-26 10:19:51+00,laser,898,2024-11-20 21:18:06.039521+00,2025-02-26 19:36:59.859614+00
215,2024.06.20.REEF/09_2023_Islamorada/092623_Alligator/092623_Alligator_FSL05/092623_Alligator 1_0915_FSL05,2023-09-26 10:18:20+00,headtail,287,2025-05-19 23:22:39.989233+00,2025-11-28 16:14:25.361263+00
215,2024.06.20.REEF/09_2023_Islamorada/092623_Alligator/092623_Alligator_FSL05/092623_Alligator 1_0915_FSL05,2023-09-26 10:18:20+00,laser,287,2024-11-20 21:17:50.288315+00,2025-02-24 20:44:08.01829+00
218,drive-download-20240307T1050Z/102023_Alligator Dives/101823_Alligator/101823_Alligator_FSL04,2023-10-18 13:55:45+00,headtail,890,2025-04-18 15:19:34.405366+00,2025-12-02 19:41:18.019599+00
218,drive-download-20240307T1050Z/102023_Alligator Dives/101823_Alligator/101823_Alligator_FSL04,2023-10-18 13:55:45+00,laser,890,2024-11-20 21:20:14.14467+00,2025-02-26 17:28:29.249243+00
222,drive-download-20240307T1050Z/102023_Alligator Dives/101823_Alligator/101823_Alligator_FSL03,2023-10-18 13:32:12+00,headtail,102,2025-05-20 16:17:32.91351+00,2025-12-03 18:55:47.670191+00
222,drive-download-20240307T1050Z/102023_Alligator Dives/101823_Alligator/101823_Alligator_FSL03,2023-10-18 13:32:12+00,laser,102,2024-11-24 13:40:22.033766+00,2025-03-01 00:54:01.206192+00
223,drive-download-20240307T1050Z/102023_Alligator Dives/101823_Alligator/101823_Alligator_FSL05,2023-10-18 13:24:44+00,headtail,650,2025-05-19 23:14:05.753508+00,2025-12-03 18:12:34.405776+00
223,drive-download-20240307T1050Z/102023_Alligator Dives/101823_Alligator/101823_Alligator_FSL05,2023-10-18 13:24:44+00,laser,650,2024-11-20 21:25:44.868645+00,2025-03-02 15:42:51.461427+00
225,2025-02-10 REEF Data Dump SMILE 6/102023_Alligator Dives/101823_Alligator/101823_Alligator_FSL02,2023-10-18 13:26:13+00,headtail,143,2025-05-21 16:22:37.451445+00,2025-12-03 20:52:46.340813+00
225,2025-02-10 REEF Data Dump SMILE 6/102023_Alligator Dives/101823_Alligator/101823_Alligator_FSL02,2023-10-18 13:26:13+00,laser,143,2024-11-21 05:55:34.764458+00,2025-03-05 11:48:46.169531+00
227,2025-02-10 REEF Data Dump SMILE 6/102023_Alligator Dives/101823_Alligator/101823_Alligator_FSL01,2023-10-18 13:54:47+00,headtail,776,2025-04-18 15:20:39.412225+00,2025-11-26 20:12:34.773926+00
227,2025-02-10 REEF Data Dump SMILE 6/102023_Alligator Dives/101823_Alligator/101823_Alligator_FSL01,2023-10-18 13:54:47+00,laser,776,2024-11-20 21:24:09.56604+00,2025-02-26 23:19:41.934312+00
228,2025-02-10 REEF Data Dump SMILE 6/102023_Alligator Dives/101823_Alligator/101823_Alligator_FSL06,2023-10-18 13:23:34+00,headtail,1431,2025-05-19 22:48:26.939071+00,2025-12-03 17:27:54.886305+00
228,2025-02-10 REEF Data Dump SMILE 6/102023_Alligator Dives/101823_Alligator/101823_Alligator_FSL06,2023-10-18 13:23:34+00,laser,1431,2024-11-20 21:29:46.012991+00,2025-02-26 17:03:44.033724+00
231,2024.06.20.REEF/102023_Alligator/101823_Alligator/101823_Alligator_FSL03,2023-10-18 11:50:09+00,headtail,640,2025-05-19 17:11:05.384742+00,2025-12-04 17:08:21.316759+00
231,2024.06.20.REEF/102023_Alligator/101823_Alligator/101823_Alligator_FSL03,2023-10-18 11:50:09+00,laser,640,2024-11-20 21:25:14.085189+00,2025-02-23 14:49:04.493788+00
237,2024.06.20.REEF/102023_Alligator/101923_Alligator/101923_Alligator_FSL06,2023-10-19 11:54:52+00,headtail,197,2025-05-19 23:09:16.449886+00,2025-12-04 15:01:08.063121+00
237,2024.06.20.REEF/102023_Alligator/101923_Alligator/101923_Alligator_FSL06,2023-10-19 11:54:52+00,laser,197,2024-11-21 18:51:51.214986+00,2025-02-27 20:48:08.544322+00
240,drive-download-20240307T1050Z/102023_Alligator Dives/101923_Alligator/101923_Alligator_FSL04,2023-10-19 11:38:19+00,headtail,547,2025-05-20 15:35:56.22951+00,2025-12-03 16:19:48.298677+00
240,drive-download-20240307T1050Z/102023_Alligator Dives/101923_Alligator/101923_Alligator_FSL04,2023-10-19 11:38:19+00,laser,547,2024-11-20 21:24:15.16242+00,2025-02-26 07:56:35.145578+00
242,drive-download-20240307T1050Z/102023_Alligator Dives/101923_Alligator/101923_Alligator_FSL03,2023-10-19 12:00:48+00,headtail,2,2025-11-13 15:30:28.105068+00,2025-11-13 19:38:07.184864+00
242,drive-download-20240307T1050Z/102023_Alligator Dives/101923_Alligator/101923_Alligator_FSL03,2023-10-19 12:00:48+00,laser,2,2025-01-27 16:32:12.639794+00,2025-02-07 08:57:02.83696+00
244,drive-download-20240307T1050Z/102023_Alligator Dives/101923_Alligator/101923_Alligator_FSL01,2023-10-19 11:42:17+00,headtail,93,2025-05-20 16:07:55.180355+00,2025-12-03 12:57:54.245221+00
244,drive-download-20240307T1050Z/102023_Alligator Dives/101923_Alligator/101923_Alligator_FSL01,2023-10-19 11:42:17+00,laser,93,2024-11-20 21:30:50.772625+00,2025-02-20 10:34:50.284656+00
246,2024.06.20.REEF/102023_Alligator/101923_Alligator/101923_Alligator_FSL05,2023-10-19 12:03:14+00,headtail,393,2025-05-19 17:15:00.749943+00,2025-12-02 22:16:43.640453+00
246,2024.06.20.REEF/102023_Alligator/101923_Alligator/101923_Alligator_FSL05,2023-10-19 12:03:14+00,laser,393,2024-11-21 17:05:19.289418+00,2025-02-24 21:38:38.997925+00
247,drive-download-20240307T1050Z/102023_Alligator Dives/101923_Alligator/101923_Alligator_FSL02,2023-10-19 11:59:57+00,headtail,842,2025-05-19 23:07:31.709902+00,2025-12-03 16:32:48.274334+00
247,drive-download-20240307T1050Z/102023_Alligator Dives/101923_Alligator/101923_Alligator_FSL02,2023-10-19 11:59:57+00,laser,842,2024-11-21 05:42:03.85917+00,2025-03-01 11:37:08.681332+00
249,2024.06.20.REEF/102023_Alligator/101923_Alligator/101923_Alligator_FSL02,2023-10-19 11:10:12+00,headtail,364,2025-04-18 15:21:25.068162+00,2025-12-02 22:16:29.577258+00
249,2024.06.20.REEF/102023_Alligator/101923_Alligator/101923_Alligator_FSL02,2023-10-19 11:10:12+00,laser,364,2024-11-21 18:39:50.333476+00,2025-02-25 02:36:25.109854+00
250,drive-download-20240307T1050Z/102223_Diver12 Deployment (FSL-05),2023-10-23 10:15:20+00,headtail,341,2025-04-18 15:20:03.895657+00,2025-12-03 20:53:53.120648+00
250,drive-download-20240307T1050Z/102223_Diver12 Deployment (FSL-05),2023-10-23 10:15:20+00,laser,341,2024-11-21 05:45:21.320375+00,2025-02-23 16:38:59.502257+00
253,2025-02-10 REEF Data Dump SMILE 6/102724_Islamorada_FSL06/102724_Victory_FSL06,2023-10-27 17:39:54+00,laser,53,2025-04-22 20:29:21.423428+00,2025-06-20 15:08:24.51383+00
254,2025-02-10 REEF Data Dump SMILE 6/11723_FSL-05_Photos,2023-11-07 16:51:01+00,laser,45,2025-04-22 20:22:03.782384+00,2025-06-19 12:12:22.410424+00
255,drive-download-20240307T1050Z/112023_Alligator/111423_Alligator/111423_Alligator_FSL02/111423_Alligator 0_FSL02,2023-11-13 12:09:11+00,headtail,256,2025-05-19 23:50:14.495072+00,2025-12-03 06:53:37.269666+00
255,drive-download-20240307T1050Z/112023_Alligator/111423_Alligator/111423_Alligator_FSL02/111423_Alligator 0_FSL02,2023-11-13 12:09:11+00,laser,256,2024-11-21 18:38:20.035057+00,2025-02-24 16:14:45.766019+00
256,drive-download-20240307T1050Z/112023_Alligator/111323_Alligator/111323_Alligator_FSL05/111323_Alligator Lighthouse_FSL05,2023-11-13 14:19:45+00,headtail,277,2025-05-19 23:23:20.294906+00,2025-12-03 20:09:34.078944+00
256,drive-download-20240307T1050Z/112023_Alligator/111323_Alligator/111323_Alligator_FSL05/111323_Alligator Lighthouse_FSL05,2023-11-13 14:19:45+00,laser,277,2024-11-21 05:40:51.89403+00,2025-03-03 02:47:55.598087+00
257,2025-02-10 REEF Data Dump SMILE 6/112023_Alligator/111423_Alligator/111423_Alligator_FSL02/111423_Alligator Deep_FSL02,2023-11-13 09:33:31+00,headtail,300,2025-05-20 15:27:51.879158+00,2025-12-04 15:11:55.183091+00
257,2025-02-10 REEF Data Dump SMILE 6/112023_Alligator/111423_Alligator/111423_Alligator_FSL02/111423_Alligator Deep_FSL02,2023-11-13 09:33:31+00,laser,300,2024-11-21 05:41:00.279951+00,2025-02-26 16:10:12.117932+00
259,2025-02-10 REEF Data Dump SMILE 6/112023_Alligator/111423_Alligator/111423_Alligator_FSL02/111423_Alligator 4_FSL02,2023-11-13 13:12:44+00,headtail,137,2025-05-19 22:55:19.331194+00,2025-11-24 09:13:18.958881+00
259,2025-02-10 REEF Data Dump SMILE 6/112023_Alligator/111423_Alligator/111423_Alligator_FSL02/111423_Alligator 4_FSL02,2023-11-13 13:12:44+00,laser,137,2024-11-21 18:53:21.413879+00,2025-03-04 16:04:19.236935+00
260,2024.06.20.REEF/112023_Alligator/111423_Alligator/111423_Alligator_FSL02/111423_Alligator 0_FSL02,2023-11-13 11:18:09+00,headtail,81,2025-04-18 15:22:58.243456+00,2025-11-26 20:04:33.585161+00
260,2024.06.20.REEF/112023_Alligator/111423_Alligator/111423_Alligator_FSL02/111423_Alligator 0_FSL02,2023-11-13 11:18:09+00,laser,81,2024-11-22 14:21:38.665653+00,2025-03-02 16:45:04.148066+00
262,drive-download-20240307T1050Z/112023_Alligator/111323_Alligator/111323_Alligator_FSL01/111323_Alligator Light Drift_FSL01,2023-11-13 14:32:01+00,headtail,291,2025-05-16 21:24:13.657928+00,2025-12-03 00:23:01.735145+00
262,drive-download-20240307T1050Z/112023_Alligator/111323_Alligator/111323_Alligator_FSL01/111323_Alligator Light Drift_FSL01,2023-11-13 14:32:01+00,laser,291,2024-11-21 18:54:39.311892+00,2025-02-26 00:48:17.084451+00
263,2025-02-10 REEF Data Dump SMILE 6/112023_Alligator/111323_Alligator/111323_Alligator_FSL01/111323_Alligator DeepCorner Drift1_FSL01,2023-11-13 10:48:03+00,headtail,146,2025-05-19 23:25:30.076025+00,2025-12-03 06:28:24.099544+00
263,2025-02-10 REEF Data Dump SMILE 6/112023_Alligator/111323_Alligator/111323_Alligator_FSL01/111323_Alligator DeepCorner Drift1_FSL01,2023-11-13 10:48:03+00,laser,146,2024-11-21 05:48:11.92415+00,2025-02-25 08:20:55.020405+00
268,drive-download-20240307T1050Z/112023_Alligator/111323_Alligator/111323_Alligator_FSL05/111323_Alligator DeepCorner Drift1_FSL05,2023-11-13 10:26:28+00,headtail,148,2025-05-20 16:19:24.271112+00,2025-12-04 18:19:47.55763+00
268,drive-download-20240307T1050Z/112023_Alligator/111323_Alligator/111323_Alligator_FSL05/111323_Alligator DeepCorner Drift1_FSL05,2023-11-13 10:26:28+00,laser,148,2024-11-22 18:36:42.643433+00,2025-02-19 21:15:32.349007+00
269,2024.06.20.REEF/112023_Alligator/111323_Alligator/111323_Alligator_FSL01/111323_Alligator DeepEast Drift2_FSL01,2023-11-13 12:26:17+00,headtail,59,2025-05-16 21:23:56.029178+00,2025-12-04 16:30:06.158393+00
269,2024.06.20.REEF/112023_Alligator/111323_Alligator/111323_Alligator_FSL01/111323_Alligator DeepEast Drift2_FSL01,2023-11-13 12:26:17+00,laser,59,2024-11-21 05:58:57.771542+00,2025-02-26 17:20:37.786964+00
279,drive-download-20240307T1050Z/112023_Alligator/111323_Alligator/111323_Alligator_FSL05/111323_Alligator DeepEast Drift2_FSL05,2023-11-13 12:34:08+00,headtail,99,2025-05-19 23:01:41.308204+00,2025-11-13 00:21:51.221782+00
279,drive-download-20240307T1050Z/112023_Alligator/111323_Alligator/111323_Alligator_FSL05/111323_Alligator DeepEast Drift2_FSL05,2023-11-13 12:34:08+00,laser,155,2024-11-21 05:53:37.988276+00,2025-10-17 18:33:50.402746+00
279,drive-download-20240307T1050Z/112023_Alligator/111323_Alligator/111323_Alligator_FSL05/111323_Alligator DeepEast Drift2_FSL05,2023-11-13 12:34:08+00,species,155,2025-10-15 21:10:56.570698+00,2025-10-21 01:53:32.847224+00
280,drive-download-20240307T1050Z/112023_Alligator/111423_Alligator/111423_Alligator_FSL05/111423_Alligator Ball0_FSL05,2023-11-14 13:08:24+00,headtail,293,2025-05-20 15:32:56.173081+00,2025-12-04 15:05:30.708978+00
280,drive-download-20240307T1050Z/112023_Alligator/111423_Alligator/111423_Alligator_FSL05/111423_Alligator Ball0_FSL05,2023-11-14 13:08:24+00,laser,293,2024-11-22 14:10:53.926859+00,2025-02-26 17:15:48.704817+00
284,drive-download-20240307T1050Z/112023_Alligator/111423_Alligator/111423_Alligator_FSL06/111423_Alligator Ball4_FSL06,2023-11-14 13:27:34+00,headtail,204,2025-05-19 22:44:41.739756+00,2025-12-02 21:32:22.141076+00
284,drive-download-20240307T1050Z/112023_Alligator/111423_Alligator/111423_Alligator_FSL06/111423_Alligator Ball4_FSL06,2023-11-14 13:27:34+00,laser,204,2024-11-21 21:49:55.137741+00,2025-02-20 17:23:42.674843+00
286,drive-download-20240307T1050Z/112023_Alligator/111423_Alligator/111423_Alligator Deep_FSL01,2023-11-14 10:50:44+00,headtail,444,2025-05-19 17:21:45.372098+00,2025-12-03 00:18:19.170148+00
286,drive-download-20240307T1050Z/112023_Alligator/111423_Alligator/111423_Alligator Deep_FSL01,2023-11-14 10:50:44+00,laser,444,2024-11-20 22:35:55.234017+00,2025-02-26 17:02:28.935724+00
289,drive-download-20240307T1050Z/112023_Alligator/111423_Alligator/111423_Alligator_FSL05/111423_Alligator Ball4_FSL05,2023-11-14 14:36:31+00,headtail,182,2025-05-20 15:25:24.456267+00,2025-12-03 13:55:54.14595+00
289,drive-download-20240307T1050Z/112023_Alligator/111423_Alligator/111423_Alligator_FSL05/111423_Alligator Ball4_FSL05,2023-11-14 14:36:31+00,laser,182,2024-11-20 22:35:18.119028+00,2025-02-27 16:45:16.39575+00
290,drive-download-20240307T1050Z/112023_Alligator/111423_Alligator/111423_Alligator_FSL06/111423_Alligator Deep_FSL06,2023-11-14 09:51:11+00,headtail,211,2025-05-19 23:44:53.790434+00,2025-12-02 20:57:06.42985+00
290,drive-download-20240307T1050Z/112023_Alligator/111423_Alligator/111423_Alligator_FSL06/111423_Alligator Deep_FSL06,2023-11-14 09:51:11+00,laser,211,2024-11-21 16:39:55.578131+00,2025-02-26 02:30:17.409804+00
291,drive-download-20240307T1050Z/112023_Alligator/111423_Alligator/111423_Alligator_FSL06/111423_Alligator Ball0_FSL06,2023-11-14 12:13:14+00,headtail,365,2025-05-19 17:24:43.66334+00,2025-12-03 01:39:04.675858+00
291,drive-download-20240307T1050Z/112023_Alligator/111423_Alligator/111423_Alligator_FSL06/111423_Alligator Ball0_FSL06,2023-11-14 12:13:14+00,laser,365,2024-11-21 05:51:10.112755+00,2025-02-24 22:24:46.61372+00
294,drive-download-20240307T1050Z/112023_Curacao Survey Trip_FSL06,2023-11-20 00:00:00+00,headtail,9,2025-05-25 19:22:54.647884+00,2025-11-28 20:22:12.004082+00
294,drive-download-20240307T1050Z/112023_Curacao Survey Trip_FSL06,2023-11-20 00:00:00+00,laser,9,2024-12-09 16:46:17.778848+00,2025-03-03 03:01:58.450265+00
295,2025-02-10 REEF Data Dump SMILE 6/120123_Alligator/120123_Alligator_FSL-06/120123_Alligator Deep_FSL-06,2023-12-01 09:33:22+00,headtail,77,2025-05-19 23:10:21.928699+00,2025-11-26 21:29:32.079205+00
295,2025-02-10 REEF Data Dump SMILE 6/120123_Alligator/120123_Alligator_FSL-06/120123_Alligator Deep_FSL-06,2023-12-01 09:33:22+00,laser,77,2024-11-21 20:26:53.568163+00,2025-02-25 01:08:41.371847+00
297,2025-02-10 REEF Data Dump SMILE 6/120123_Alligator/120123_Alligator_FSL-02/120123_Alligator Ball3_FSL-02,2023-12-01 12:46:47+00,headtail,331,2025-05-19 23:21:11.962162+00,2025-12-03 04:27:47.251213+00
297,2025-02-10 REEF Data Dump SMILE 6/120123_Alligator/120123_Alligator_FSL-02/120123_Alligator Ball3_FSL-02,2023-12-01 12:46:47+00,laser,331,2024-11-21 05:44:34.15683+00,2025-03-03 23:06:47.857129+00
299,2025-02-10 REEF Data Dump SMILE 6/120123_Alligator/120123_Alligator_FSL-02/120123_Alligator Ball0_FSL-02,2023-12-01 11:25:48+00,headtail,513,2025-04-18 15:19:15.81942+00,2025-12-03 12:36:27.368674+00
299,2025-02-10 REEF Data Dump SMILE 6/120123_Alligator/120123_Alligator_FSL-02/120123_Alligator Ball0_FSL-02,2023-12-01 11:25:48+00,laser,513,2024-11-20 22:36:31.76014+00,2025-02-26 17:01:52.418299+00
300,2025-02-10 REEF Data Dump SMILE 6/120123_Alligator/120123_Alligator_FSL-04/120123_Alligator Ball0_FSL-04,2023-12-01 11:22:44+00,headtail,299,2025-04-24 13:06:54.691085+00,2025-12-03 16:40:33.744471+00
300,2025-02-10 REEF Data Dump SMILE 6/120123_Alligator/120123_Alligator_FSL-04/120123_Alligator Ball0_FSL-04,2023-12-01 11:22:44+00,laser,299,2024-11-21 06:00:02.836074+00,2025-02-26 02:22:08.393811+00
303,drive-download-20240307T1050Z/120123_Alligator/120123_Alligator_FSL-03D/120123_Alligator Deep_FSL-03D,2023-12-01 09:46:14+00,headtail,405,2025-04-24 13:04:45.619624+00,2025-12-04 18:35:06.995893+00
303,drive-download-20240307T1050Z/120123_Alligator/120123_Alligator_FSL-03D/120123_Alligator Deep_FSL-03D,2023-12-01 09:46:14+00,laser,405,2024-11-21 05:56:20.095409+00,2025-02-26 17:44:51.621125+00
305,drive-download-20240307T1050Z/120123_Alligator/120123_Alligator_FSL-04/120123_Alligator Ball3_FSL-04,2023-12-01 12:52:16+00,headtail,136,2025-05-20 16:14:29.503401+00,2025-11-21 05:20:16.186148+00
305,drive-download-20240307T1050Z/120123_Alligator/120123_Alligator_FSL-04/120123_Alligator Ball3_FSL-04,2023-12-01 12:52:16+00,laser,136,2024-11-21 05:37:47.585323+00,2025-03-05 07:49:33.761014+00
308,2025-02-10 REEF Data Dump SMILE 6/120123_Alligator/120123_Alligator_FSL-02/120123_Alligator Deep_FSL-02,2023-12-01 09:46:56+00,headtail,322,2025-05-20 16:18:55.395335+00,2025-12-04 15:26:11.101271+00
308,2025-02-10 REEF Data Dump SMILE 6/120123_Alligator/120123_Alligator_FSL-02/120123_Alligator Deep_FSL-02,2023-12-01 09:46:56+00,laser,322,2024-11-21 18:56:29.919883+00,2025-02-28 22:09:42.134018+00
309,2025-02-10 REEF Data Dump SMILE 6/120123_Alligator/120123_Alligator_FSL-03D/120123_Alligator Ball3_FSL-03D,2023-12-01 12:41:19+00,headtail,276,2025-05-19 23:19:07.970454+00,2025-12-04 16:42:05.618674+00
309,2025-02-10 REEF Data Dump SMILE 6/120123_Alligator/120123_Alligator_FSL-03D/120123_Alligator Ball3_FSL-03D,2023-12-01 12:41:19+00,laser,276,2024-11-21 05:39:25.207044+00,2025-02-24 17:25:29.716511+00
312,2025-02-10 REEF Data Dump SMILE 6/120123_Alligator/120123_Alligator_FSL-03D/120123_Alligator Ball0_FSL-03D,2023-12-01 11:24:26+00,headtail,427,2025-05-19 22:51:37.79624+00,2025-12-02 23:51:36.553166+00
312,2025-02-10 REEF Data Dump SMILE 6/120123_Alligator/120123_Alligator_FSL-03D/120123_Alligator Ball0_FSL-03D,2023-12-01 11:24:26+00,laser,427,2024-11-21 20:20:22.26451+00,2025-02-25 23:47:02.677926+00
316,drive-download-20240307T1050Z/120723_Key Largo_Diver09_Diver10_Diver11/City of Washington/FSL-04,2023-12-07 16:39:47+00,headtail,158,2025-05-19 22:24:27.290464+00,2025-12-03 15:57:16.217516+00
316,drive-download-20240307T1050Z/120723_Key Largo_Diver09_Diver10_Diver11/City of Washington/FSL-04,2023-12-07 16:39:47+00,laser,158,2024-11-21 05:59:06.789986+00,2025-03-04 16:15:23.974723+00
317,drive-download-20240307T1050Z/120723_Key Largo_Diver09_Diver10_Diver11/South South Ledge/FSL-03D,2023-12-07 15:08:12+00,headtail,109,2025-05-20 15:34:27.239121+00,2025-11-26 20:34:24.917841+00
317,drive-download-20240307T1050Z/120723_Key Largo_Diver09_Diver10_Diver11/South South Ledge/FSL-03D,2023-12-07 15:08:12+00,laser,109,2024-11-22 14:15:02.961097+00,2025-02-26 22:34:45.107893+00
318,2025-02-10 REEF Data Dump SMILE 6/120723_Key Largo_Diver09_Diver10_Diver11/South South Ledge/FSL-02,2023-12-07 15:12:35+00,headtail,486,2025-05-19 22:54:45.919884+00,2025-12-03 17:28:39.498978+00
318,2025-02-10 REEF Data Dump SMILE 6/120723_Key Largo_Diver09_Diver10_Diver11/South South Ledge/FSL-02,2023-12-07 15:12:35+00,laser,486,2024-11-20 22:35:45.146949+00,2025-02-24 17:26:13.968234+00
319,2025-02-10 REEF Data Dump SMILE 6/120723_Key Largo_Diver09_Diver10_Diver11/City of Washington/FSL-03D,2023-12-07 16:39:22+00,headtail,90,2025-05-19 22:44:16.171831+00,2025-12-05 15:21:36.478634+00
319,2025-02-10 REEF Data Dump SMILE 6/120723_Key Largo_Diver09_Diver10_Diver11/City of Washington/FSL-03D,2023-12-07 16:39:22+00,laser,90,2024-12-06 16:08:59.092402+00,2025-02-23 22:18:53.370659+00
320,drive-download-20240307T1050Z/120723_Key Largo_Diver09_Diver10_Diver11/South South Ledge/FSL-04,2023-12-07 15:08:39+00,headtail,259,2025-05-19 17:24:22.253415+00,2025-12-03 18:17:07.804744+00
320,drive-download-20240307T1050Z/120723_Key Largo_Diver09_Diver10_Diver11/South South Ledge/FSL-04,2023-12-07 15:08:39+00,laser,259,2024-11-21 16:38:28.119045+00,2025-02-26 03:45:07.975808+00
321,drive-download-20240307T1050Z/120723_Key Largo_Diver09_Diver10_Diver11/City of Washington/FSL-02,2023-12-07 16:43:41+00,headtail,440,2025-04-18 15:19:45.947512+00,2025-12-03 21:02:18.538091+00
321,drive-download-20240307T1050Z/120723_Key Largo_Diver09_Diver10_Diver11/City of Washington/FSL-02,2023-12-07 16:43:41+00,laser,440,2024-11-21 05:40:05.901562+00,2025-02-26 02:59:36.489303+00
329,2025-02-10 REEF Data Dump SMILE 6/121123_Key Largo_Diver09_Diver11/Paul's Ledge/FSL-04,2023-12-11 11:40:56+00,headtail,63,2025-05-20 17:04:17.046488+00,2025-12-01 14:51:05.281897+00
329,2025-02-10 REEF Data Dump SMILE 6/121123_Key Largo_Diver09_Diver11/Paul's Ledge/FSL-04,2023-12-11 11:40:56+00,laser,64,2024-12-05 21:12:08.134063+00,2025-02-21 05:03:28.779342+00
330,drive-download-20240307T1050Z/121123_Key Largo_Diver09_Diver11/Fire Coral Cave/FSL-04,2023-12-11 12:19:24+00,headtail,95,2025-05-20 15:45:19.301057+00,2025-11-26 10:07:14.593894+00
330,drive-download-20240307T1050Z/121123_Key Largo_Diver09_Diver11/Fire Coral Cave/FSL-04,2023-12-11 12:19:24+00,laser,95,2024-11-21 05:48:19.490308+00,2025-03-05 17:31:15.395453+00
331,2025-02-10 REEF Data Dump SMILE 6/121123_Key Largo_Diver09_Diver11/Fire Coral Cave/FSL-02,2023-12-11 12:35:08+00,headtail,304,2025-05-20 16:16:46.230738+00,2025-11-26 21:11:59.392879+00
331,2025-02-10 REEF Data Dump SMILE 6/121123_Key Largo_Diver09_Diver11/Fire Coral Cave/FSL-02,2023-12-11 12:35:08+00,laser,304,2024-11-21 16:40:35.759374+00,2025-02-19 18:25:08.679382+00
332,2025-02-10 REEF Data Dump SMILE 6/121123_Key Largo_Diver09_Diver11/Paul's Ledge/FSL-02,2023-12-11 11:10:00+00,headtail,151,2025-05-19 23:32:23.001196+00,2025-12-03 21:08:34.886173+00
332,2025-02-10 REEF Data Dump SMILE 6/121123_Key Largo_Diver09_Diver11/Paul's Ledge/FSL-02,2023-12-11 11:10:00+00,laser,151,2024-11-21 05:44:04.221225+00,2025-02-24 16:24:59.924097+00
334,2024.06.20.REEF/02_2024_Caymans/SMILE Caymans 020324_FSL02,2024-02-03 13:03:58+00,headtail,1556,2025-04-18 15:22:21.843576+00,2025-12-03 09:50:26.250793+00
334,2024.06.20.REEF/02_2024_Caymans/SMILE Caymans 020324_FSL02,2024-02-03 13:03:58+00,laser,1565,2024-12-05 18:15:35.302235+00,2025-02-26 17:45:11.124436+00
337,2024.06.20.REEF/02_2024_Caymans/SMILE Caymans 020324_FSL06,2024-02-28 12:21:29+00,headtail,647,2025-05-19 22:55:37.991419+00,2025-11-26 20:28:11.267794+00
337,2024.06.20.REEF/02_2024_Caymans/SMILE Caymans 020324_FSL06,2024-02-28 12:21:29+00,laser,651,2024-12-05 18:15:52.130329+00,2025-02-26 17:43:22.260135+00
340,2025-02-10 REEF Data Dump SMILE 6/031424_Alligator_FSL01/031424_Alligator6_FSL01,2024-03-13 22:05:12+00,headtail,185,2025-05-19 23:18:53.602319+00,2025-12-03 07:24:07.55218+00
340,2025-02-10 REEF Data Dump SMILE 6/031424_Alligator_FSL01/031424_Alligator6_FSL01,2024-03-13 22:05:12+00,laser,185,2024-12-05 20:41:50.051348+00,2025-03-05 15:41:15.283416+00
341,2024.06.20.REEF/03_2024_Alligator/031424_Alligator_FSL01/031424_Alligator0_FSL01,2024-03-13 23:59:45+00,headtail,145,2025-05-19 22:43:58.119647+00,2025-11-22 07:02:49.037174+00
341,2024.06.20.REEF/03_2024_Alligator/031424_Alligator_FSL01/031424_Alligator0_FSL01,2024-03-13 23:59:45+00,laser,191,2024-12-05 21:00:55.564394+00,2025-10-29 17:52:49.977103+00
341,2024.06.20.REEF/03_2024_Alligator/031424_Alligator_FSL01/031424_Alligator0_FSL01,2024-03-13 23:59:45+00,species,191,2025-10-28 15:31:20.228067+00,2025-11-06 01:40:26.358546+00
342,2025-02-10 REEF Data Dump SMILE 6/031524_Islamorada_FSL01/031524_HensChicksnonum_FSL01,2024-03-14 23:33:27+00,laser,37,2025-04-22 20:28:01.893405+00,2025-06-20 14:52:03.166869+00
343,2025-02-10 REEF Data Dump SMILE 6/031424_Alligator_FSL06/031424_Alligator3_FSL06,2024-03-14 12:15:30+00,laser,2,2025-04-23 15:30:44.908362+00,2025-06-03 23:51:15.37046+00
344,2024.06.20.REEF/03_2024_Alligator/031424_Alligator_FSL01/031424_Alligator3_FSL01,2024-03-14 01:31:58+00,headtail,190,2025-05-19 22:37:24.110312+00,2025-12-03 19:35:51.973906+00
344,2024.06.20.REEF/03_2024_Alligator/031424_Alligator_FSL01/031424_Alligator3_FSL01,2024-03-14 01:31:58+00,laser,191,2024-12-05 20:37:40.222016+00,2025-02-26 00:21:16.751143+00
345,2025-02-10 REEF Data Dump SMILE 6/031424_Alligator_FSL02/031424_Alligator3_FSL02,2024-03-14 13:35:31+00,laser,20,2025-04-22 20:40:58.704845+00,2025-07-30 04:20:16.35157+00
346,2025-02-10 REEF Data Dump SMILE 6/031424_Alligator_FSL06/031424_Alligator6_FSL06,2024-03-14 09:04:17+00,laser,10,2025-05-07 21:26:09.13242+00,2025-06-28 05:56:33.825135+00
347,2025-02-10 REEF Data Dump SMILE 6/031424_Alligator_FSL02/031424_Alligator0_FSL02,2024-03-14 12:15:46+00,headtail,183,2025-05-19 22:48:09.90992+00,2025-11-20 15:17:03.470302+00
347,2025-02-10 REEF Data Dump SMILE 6/031424_Alligator_FSL02/031424_Alligator0_FSL02,2024-03-14 12:15:46+00,laser,333,2024-12-05 21:10:51.514937+00,2025-11-05 03:19:28.506244+00
347,2025-02-10 REEF Data Dump SMILE 6/031424_Alligator_FSL02/031424_Alligator0_FSL02,2024-03-14 12:15:46+00,species,333,2025-10-29 15:25:26.091983+00,2025-11-06 19:40:57.010652+00
348,2025-02-10 REEF Data Dump SMILE 6/031424_Alligator_FSL02/031424_Alligator6_FSL02,2024-03-14 09:30:28+00,laser,6,2025-04-22 20:26:24.849588+00,2025-06-20 14:59:48.463399+00
349,2025-02-10 REEF Data Dump SMILE 6/031424_Alligator_FSL06/031424_Alligator0_FSL06,2024-03-14 10:53:15+00,headtail,52,2025-11-25 03:35:33.789781+00,2025-11-25 03:49:19.028462+00
349,2025-02-10 REEF Data Dump SMILE 6/031424_Alligator_FSL06/031424_Alligator0_FSL06,2024-03-14 10:53:15+00,laser,174,2025-04-22 20:38:40.785392+00,2025-10-28 01:06:59.611842+00
349,2025-02-10 REEF Data Dump SMILE 6/031424_Alligator_FSL06/031424_Alligator0_FSL06,2024-03-14 10:53:15+00,species,174,2025-10-27 20:34:11.608314+00,2025-10-28 01:09:22.107387+00
350,2024.06.20.REEF/03_2024_Alligator/031424_Alligator_FSL02/031424_Alligator3_FSL02,2024-03-14 13:07:10+00,headtail,70,2025-05-20 16:44:12.377578+00,2025-12-03 01:32:07.644612+00
350,2024.06.20.REEF/03_2024_Alligator/031424_Alligator_FSL02/031424_Alligator3_FSL02,2024-03-14 13:07:10+00,laser,71,2024-12-10 22:52:03.232713+00,2025-02-24 16:09:45.368901+00
353,2025-02-10 REEF Data Dump SMILE 6/031524_Islamorada_FSL02/031524_CheecaRocks_FSL02,2024-03-15 13:16:50+00,laser,5,2025-04-22 20:35:53.909634+00,2025-06-19 12:05:15.331804+00
354,2025-02-10 REEF Data Dump SMILE 6/031524_Islamorada_FSL06/031524_HensChicksnonum_FSL06,2024-03-15 10:33:07+00,headtail,421,2025-05-19 17:20:01.476329+00,2025-12-03 00:20:09.763836+00
354,2025-02-10 REEF Data Dump SMILE 6/031524_Islamorada_FSL06/031524_HensChicksnonum_FSL06,2024-03-15 10:33:07+00,laser,427,2024-12-05 20:43:24.865244+00,2025-02-25 10:15:13.081312+00
356,2025-02-10 REEF Data Dump SMILE 6/031524_Islamorada_FSL01/031524_CheecaRocks_FSL01,2024-03-15 01:55:39+00,laser,19,2025-04-22 20:49:38.570792+00,2025-06-10 09:42:15.503111+00
357,2025-02-10 REEF Data Dump SMILE 6/031524_Islamorada_FSL06/031524_HensChicks10_FSL06,2024-03-15 08:48:46+00,headtail,159,2025-05-19 22:25:29.755065+00,2025-12-05 15:44:38.548256+00
357,2025-02-10 REEF Data Dump SMILE 6/031524_Islamorada_FSL06/031524_HensChicks10_FSL06,2024-03-15 08:48:46+00,laser,165,2024-12-05 20:35:23.20808+00,2025-03-06 17:31:28.329452+00
358,2025-02-10 REEF Data Dump SMILE 6/031524_Islamorada_FSL02/031524_HensChicksnonum_FSL02,2024-03-15 11:33:02+00,laser,7,2025-04-22 20:25:41.59774+00,2025-06-20 15:13:26.733228+00
359,2025-02-10 REEF Data Dump SMILE 6/031524_Islamorada_FSL02/031524_HensChicks10_FSL02,2024-03-15 09:49:09+00,laser,29,2025-04-22 21:29:10.759875+00,2025-06-18 09:23:13.851578+00
360,2025-02-10 REEF Data Dump SMILE 6/050824_St Lucia_FSL03/050824_StLucia2_FSL03,2024-05-08 10:36:53+00,laser,11,2025-04-22 21:19:31.07045+00,2025-07-21 16:50:15.9907+00
361,2025-02-10 REEF Data Dump SMILE 6/050824_St Lucia_FSL03/050824_StLucia1_FSL03,2024-05-08 09:15:57+00,laser,45,2025-04-22 21:03:41.488327+00,2025-06-17 19:36:43.162599+00
362,2025-02-10 REEF Data Dump SMILE 6/062024_Alligator_FSL02/062024_Alligator CenterDrift_FSL02,2024-06-20 09:18:04+00,headtail,558,2025-05-20 16:33:49.360508+00,2025-12-03 17:45:14.072606+00
362,2025-02-10 REEF Data Dump SMILE 6/062024_Alligator_FSL02/062024_Alligator CenterDrift_FSL02,2024-06-20 09:18:04+00,laser,562,2024-12-05 20:22:19.465741+00,2025-02-28 03:55:39.321162+00
363,2024.06.20.REEF/06_2024_Alligator/062024_Alligator_FSL04/062024_Alligator Anchor_FSL04,2024-06-20 11:02:09+00,laser,8,2025-04-22 20:30:47.004121+00,2025-05-22 09:38:17.391714+00
366,2025-02-10 REEF Data Dump SMILE 6/062024_Alligator_FSL02/062024_Alligator Anchor_FSL02,2024-06-20 11:01:07+00,headtail,588,2025-04-18 15:18:59.005227+00,2025-12-03 16:14:16.785721+00
366,2025-02-10 REEF Data Dump SMILE 6/062024_Alligator_FSL02/062024_Alligator Anchor_FSL02,2024-06-20 11:01:07+00,laser,591,2024-12-05 20:35:37.501361+00,2025-03-01 01:04:47.697977+00
369,2025-02-10 REEF Data Dump SMILE 6/062024_Alligator_FSL01/062024_Alligator CenterDrift_FSL01,2024-06-20 09:15:43+00,headtail,57,2025-05-25 19:43:59.444743+00,2025-11-25 21:41:51.882844+00
369,2025-02-10 REEF Data Dump SMILE 6/062024_Alligator_FSL01/062024_Alligator CenterDrift_FSL01,2024-06-20 09:15:43+00,laser,57,2024-12-12 03:43:00.75783+00,2025-02-19 08:46:44.849412+00
370,2025-02-10 REEF Data Dump SMILE 6/062024_Alligator_FSL01/062024_Alligator Anchor_FSL01,2024-06-20 11:01:43+00,headtail,500,2025-05-16 21:22:34.980623+00,2025-11-29 02:19:36.771147+00
370,2025-02-10 REEF Data Dump SMILE 6/062024_Alligator_FSL01/062024_Alligator Anchor_FSL01,2024-06-20 11:01:43+00,laser,511,2024-12-05 20:23:08.112372+00,2025-03-01 13:31:14.294561+00
374,2025-02-10 REEF Data Dump SMILE 6/CubaTrip2024_FSL03/062324_LosMogotes_FSL03,2024-06-23 16:01:43+00,laser,3,2025-04-22 21:05:59.348642+00,2025-06-13 07:39:15.635545+00
375,2025-02-10 REEF Data Dump SMILE 6/062524_Alligator_FSL05/062524_Alligator0_FSL05,2024-06-25 09:35:16+00,laser,42,2025-04-22 20:32:00.12428+00,2025-06-17 19:48:49.915361+00
378,2025-02-10 REEF Data Dump SMILE 6/062524_Alligator_FSL01/062524_Alligator0_FSL01,2024-06-25 09:33:33+00,laser,11,2025-04-22 21:21:38.125836+00,2025-09-05 01:04:22.63225+00
379,2025-02-10 REEF Data Dump SMILE 6/CubaTrip2024_FSL06/062524_Mambo5_FSL06,2024-06-25 16:51:45+00,laser,27,2025-04-22 20:47:19.100092+00,2025-07-29 18:05:13.798988+00
380,2025-02-10 REEF Data Dump SMILE 6/062524_Alligator_FSL01/062524_Alligator4_FSL01,2024-06-25 10:45:29+00,laser,9,2025-04-22 21:03:08.852875+00,2025-05-26 09:29:12.585451+00
381,2025-02-10 REEF Data Dump SMILE 6/082323_Pool Validation/062524_Alligator_FSL04/062524_Alligator4_FSL04,2024-06-25 10:41:08+00,laser,3,2025-04-22 20:27:44.161169+00,2025-04-23 11:33:38.428034+00
382,2025-02-10 REEF Data Dump SMILE 6/062524_Alligator_FSL05/062524_Alligator4_FSL05,2024-06-25 11:22:06+00,laser,19,2025-04-22 20:30:04.272279+00,2025-06-20 14:29:51.673213+00
383,2025-02-10 REEF Data Dump SMILE 6/CubaTrip2024_FSL03/062624_FiveSeas_FSL03,2024-06-26 07:52:45+00,headtail,21,2025-12-09 03:35:30.668935+00,2026-07-21 16:38:56.742154+00
383,2025-02-10 REEF Data Dump SMILE 6/CubaTrip2024_FSL03/062624_FiveSeas_FSL03,2024-06-26 07:52:45+00,laser,40,2025-05-14 18:02:01.925578+00,2025-12-09 01:21:19.69531+00
383,2025-02-10 REEF Data Dump SMILE 6/CubaTrip2024_FSL03/062624_FiveSeas_FSL03,2024-06-26 07:52:45+00,species,40,2025-12-09 00:59:46.458952+00,2025-12-09 01:21:33.941642+00
384,2025-02-10 REEF Data Dump SMILE 6/CubaTrip2024_FSL06/062624_CabezoDeLaCubera_FSL06,2024-06-26 17:05:28+00,laser,39,2025-04-22 20:31:05.819801+00,2025-06-17 19:53:28.471885+00
385,2025-02-10 REEF Data Dump SMILE 6/CubaTrip2024_FSL06/062624_LosSabalos_FSL06,2024-06-26 11:38:55+00,laser,17,2025-04-22 20:47:00.741859+00,2025-06-08 14:03:22.290627+00
386,2025-02-10 REEF Data Dump SMILE 6/CubaTrip2024_FSL03/062624_LosSabalos_FSL03,2024-06-26 10:40:37+00,laser,6,2025-04-22 21:11:34.527968+00,2025-06-11 17:36:50.805742+00
387,2025-02-10 REEF Data Dump SMILE 6/CubaTrip2024_FSL06/062624_FiveSeas_FSL06,2024-06-26 08:56:06+00,laser,91,2025-04-22 20:19:30.243757+00,2025-06-20 15:27:13.155066+00
388,2025-02-10 REEF Data Dump SMILE 6/CubaTrip2024_FSL03/062624_CabezoDeLaCubera_FSL03,2024-06-26 16:07:08+00,laser,3,2025-06-08 14:09:31.754089+00,2025-06-17 19:34:23.822004+00
389,2025-02-10 REEF Data Dump SMILE 6/CubaTrip2024_FSL06/062724_Farallon_FSL06,2024-06-27 11:50:27+00,laser,8,2025-04-22 21:00:34.758037+00,2025-06-11 08:20:26.475041+00
390,2025-02-10 REEF Data Dump SMILE 6/CubaTrip2024_FSL03/062724_CubaMangroves_FLS03,2024-06-27 15:58:19+00,laser,2,2025-04-22 21:30:51.28814+00,2025-06-14 17:28:48.645195+00
391,2025-02-10 REEF Data Dump SMILE 6/CubaTrip2024_FSL06/062724_CubaMangroves_FSL06,2024-06-27 16:51:42+00,laser,2,2025-04-22 21:20:21.8255+00,2025-05-11 15:54:49.851655+00
392,2025-02-10 REEF Data Dump SMILE 6/062824_Alligator_FSL01/062824_AlligatorDeep_FSL01,2024-06-27 21:13:52+00,laser,6,2025-04-22 20:46:45.521443+00,2025-07-04 18:18:08.797174+00
393,2025-02-10 REEF Data Dump SMILE 6/062824_Alligator_FSL01/062824_Alligator1_FSL01,2024-06-27 22:51:58+00,laser,241,2025-04-22 20:21:07.946692+00,2026-01-15 17:38:02.335677+00
394,2025-02-10 REEF Data Dump SMILE 6/062824_Alligator_FSL05/062824_AlligatorDeep_FSL05,2024-06-28 09:14:39+00,laser,1,2025-06-17 19:23:47.28148+00,2025-06-17 19:23:47.28148+00
395,2025-02-10 REEF Data Dump SMILE 6/062824_Alligator_FSL05/062824_Alligator1_FSL05,2024-06-28 10:47:57+00,laser,9,2025-04-22 20:32:16.985203+00,2025-06-20 14:36:53.010217+00
396,2025-02-10 REEF Data Dump SMILE 6/CubaTrip2024_FSL06/062824_LaPuntica_FSL06,2024-06-28 09:29:42+00,laser,9,2025-04-22 21:50:44.135967+00,2025-06-10 10:05:09.65062+00
397,2025-02-10 REEF Data Dump SMILE 6/CubaTrip2024_FSL06/062824_LaCana_FSL06,2024-06-28 12:00:47+00,laser,57,2025-04-22 20:42:07.606384+00,2025-06-20 14:41:39.714997+00
398,2025-02-10 REEF Data Dump SMILE 6/08_20_24_Alligator_FSL05/082024_Dive1_FSL05_fix site,2024-07-09 22:44:32+00,laser,14,2025-04-22 22:06:14.69568+00,2025-06-15 00:54:36.806737+00
399,2025-02-10 REEF Data Dump SMILE 6/07_2024_FSL01/070924_Dive2_FSL01,2024-07-09 23:59:38+00,laser,10,2025-04-22 21:37:20.474088+00,2025-06-21 15:40:45.410523+00
400,2025-02-10 REEF Data Dump SMILE 6/07_2024_FSL01/070924_Dive1_FSL01,2024-07-09 22:44:17+00,laser,17,2025-04-22 20:54:22.673593+00,2025-06-17 19:19:56.981674+00
401,2025-02-10 REEF Data Dump SMILE 6/07_2024_FSL01/071024_Dive?_FSL01,2024-07-10 00:17:08+00,laser,5,2025-05-07 21:37:44.973009+00,2025-06-19 11:53:26.095594+00
402,2025-02-10 REEF Data Dump SMILE 6/07_2024_FSL01/072324_Dive1_FSL01,2024-07-23 14:45:11+00,laser,27,2025-04-22 20:32:34.823395+00,2025-06-17 19:49:45.766089+00
403,2025-02-10 REEF Data Dump SMILE 6/07_2024_FSL01/072324_Dive2_FSL01,2024-07-23 16:15:22+00,laser,8,2025-04-22 20:48:01.06086+00,2025-06-17 19:21:16.688381+00
404,2025-02-10 REEF Data Dump SMILE 6/07_2024_FSL01/072924_FSL01,2024-07-29 15:07:08+00,laser,1,2025-04-22 22:04:44.886498+00,2025-04-22 22:04:44.886498+00
405,2025-02-10 REEF Data Dump SMILE 6/073124,2024-07-31 13:26:12+00,laser,12,2025-04-22 21:07:55.50181+00,2025-08-15 08:23:03.614506+00
406,2025-02-10 REEF Data Dump SMILE 6/07_2024_FSL01/073124_FSL01,2024-07-31 13:27:10+00,laser,9,2025-04-22 20:58:35.049765+00,2025-06-20 15:21:57.767572+00
407,2025-02-10 REEF Data Dump SMILE 6/081924_Molasses Northstar Dive1_FSL06,2024-08-19 15:31:19+00,headtail,82,2025-04-15 14:10:17.69494+00,2025-05-13 12:51:05.518608+00
407,2025-02-10 REEF Data Dump SMILE 6/081924_Molasses Northstar Dive1_FSL06,2024-08-19 15:31:19+00,laser,440,2025-04-16 01:45:18.07212+00,2025-06-27 00:06:06.43579+00
408,2025-02-10 REEF Data Dump SMILE 6/081924_Molasses Northstar Dive2_FSL06,2024-08-19 16:17:53+00,headtail,15,2025-04-22 13:40:35.896749+00,2025-05-10 10:24:00.357334+00
408,2025-02-10 REEF Data Dump SMILE 6/081924_Molasses Northstar Dive2_FSL06,2024-08-19 16:17:53+00,laser,106,2025-04-16 01:45:02.265207+00,2025-06-27 16:04:02.498217+00
409,2025-02-10 REEF Data Dump SMILE 6/08_20_24_Alligator_FSL05/082024_Alligator2_FSL05,2024-08-20 10:01:57+00,laser,39,2025-04-22 20:44:15.94257+00,2025-06-20 14:57:01.523383+00
410,2025-02-10 REEF Data Dump SMILE 6/08_20_24_Alligator_FSL06/082024_Alligator 60'drift_FSL06,2024-08-20 13:38:47+00,laser,3,2025-04-23 15:25:10.811667+00,2025-06-15 08:41:09.005376+00
411,2025-02-10 REEF Data Dump SMILE 6/08_20_2024_Alligator_FSL03/082024_Alligator1_FSL03,2024-08-20 10:02:47+00,laser,39,2025-04-22 20:55:40.266468+00,2025-06-20 15:09:03.586535+00
412,2025-02-10 REEF Data Dump SMILE 6/08_20_24_Alligator_FSL01/082024_Alligator 1_FSL01,2024-08-20 10:04:43+00,laser,7,2025-04-23 15:39:08.927378+00,2025-06-18 22:51:31.246161+00
414,2025-02-10 REEF Data Dump SMILE 6/08_20_24_Alligator_FSL06/082024_Alligator2_FSL06,2024-08-20 12:15:11+00,laser,7,2025-04-22 20:22:56.210476+00,2025-06-18 22:35:08.433196+00
415,2025-02-10 REEF Data Dump SMILE 6/08_20_24_Alligator_FSL06/082024_Alligator1_FSL06,2024-08-20 10:06:20+00,laser,10,2025-04-22 21:47:26.439311+00,2025-06-24 07:48:34.823679+00
416,2025-02-10 REEF Data Dump SMILE 6/08_20_2024_Alligator_FSL03/082024_Alligator2_FSL03,2024-08-20 12:12:10+00,laser,12,2025-04-22 21:47:48.768058+00,2025-06-20 15:24:29.103128+00
417,2025-02-10 REEF Data Dump SMILE 6/08_20_24_Alligator_FSL05/082024_Alligator 60'drift_FSL05,2024-08-20 13:52:19+00,laser,17,2025-04-22 20:25:26.377635+00,2025-06-20 14:50:39.070931+00
418,2025-02-10 REEF Data Dump SMILE 6/08_20_24_Alligator_FSL01/082024_Alligator2_FSL01,2024-08-20 12:15:31+00,laser,9,2025-04-22 22:10:21.953557+00,2025-07-04 03:06:27.472208+00
419,2025-02-10 REEF Data Dump SMILE 6/08_20_2024_Alligator_FSL03/082024_Alligator 60'drift_FSL03,2024-08-20 13:53:51+00,laser,3,2025-05-15 01:09:52.522415+00,2025-06-20 01:19:32.952539+00
421,2025-02-10 REEF Data Dump SMILE 6/082124_Alligator_FSL06/082124_Alligator4_FSL06,2024-08-21 11:28:01+00,headtail,101,2025-04-15 14:08:22.703591+00,2025-05-13 13:04:51.859043+00
421,2025-02-10 REEF Data Dump SMILE 6/082124_Alligator_FSL06/082124_Alligator4_FSL06,2024-08-21 11:28:01+00,laser,283,2025-04-16 01:50:56.06192+00,2025-06-29 04:28:09.315868+00
422,2025-02-10 REEF Data Dump SMILE 6/082124_Alligator_FSL01/082124_Alligator4_FSL01,2024-08-21 11:27:42+00,laser,13,2025-04-22 21:18:11.806453+00,2025-06-28 02:55:15.111896+00
423,2025-02-10 REEF Data Dump SMILE 6/082124_Alligator4_FSL03,2024-08-21 11:27:03+00,laser,31,2025-04-22 20:52:08.143795+00,2025-06-17 20:05:29.500528+00
424,2025-02-10 REEF Data Dump SMILE 6/082124_Alligator_FSL01/082124_Alligator Lighthouse drift_FSL01,2024-08-21 09:48:15+00,laser,295,2025-04-22 20:49:18.958957+00,2026-08-27 22:18:32.145368+00
425,2025-02-10 REEF Data Dump SMILE 6/082124_Alligator_FSL05/082124_Alligator Lighthouse drift_FSL05,2024-08-21 09:32:49+00,laser,110,2025-04-23 15:29:25.569709+00,2026-08-27 23:02:27.019592+00
426,2025-02-10 REEF Data Dump SMILE 6/082124_Alligator_FSL05/082124_Alligator4_FSL05,2024-08-21 11:26:36+00,laser,11,2025-04-22 21:39:54.868118+00,2025-06-08 14:05:32.667139+00
427,2025-02-10 REEF Data Dump SMILE 6/082124_Alligator_FSL06/082124_Alligator Lighthouse drift_FSL06,2024-08-21 09:55:29+00,headtail,118,2025-04-15 14:09:42.377822+00,2026-08-27 05:12:32.9931+00
427,2025-02-10 REEF Data Dump SMILE 6/082124_Alligator_FSL06/082124_Alligator Lighthouse drift_FSL06,2024-08-21 09:55:29+00,laser,242,2025-04-16 01:44:40.563998+00,2025-06-29 13:41:44.896532+00
427,2025-02-10 REEF Data Dump SMILE 6/082124_Alligator_FSL06/082124_Alligator Lighthouse drift_FSL06,2024-08-21 09:55:29+00,species,53,2026-08-27 04:38:52.423047+00,2026-08-27 05:47:48.675082+00
429,2025-02-10 REEF Data Dump SMILE 6/101524_Alligator/101524_FSL03/101524_Alligator2_FSL03,2024-10-14 21:57:23+00,laser,4,2025-05-15 01:00:41.603892+00,2025-06-14 04:11:50.023339+00
430,2025-02-10 REEF Data Dump SMILE 6/101524_Alligator/101524_AlligatorDeep_FSL02,2024-10-15 11:20:23+00,headtail,3,2025-08-23 15:18:53.125192+00,2025-11-06 02:43:07.211308+00
430,2025-02-10 REEF Data Dump SMILE 6/101524_Alligator/101524_AlligatorDeep_FSL02,2024-10-15 11:20:23+00,laser,13,2025-04-22 20:24:52.227628+00,2025-06-18 05:05:50.348594+00
431,2025-02-10 REEF Data Dump SMILE 6/101524_Alligator/101524_FSL04/101524_Alligator2_FSL04,2024-10-15 09:53:54+00,laser,4,2025-05-13 13:29:23.978089+00,2025-06-15 00:23:06.755371+00
432,2025-02-10 REEF Data Dump SMILE 6/101524_Alligator/101524_Alligator2_FSL06/101524_Alligator Deep_FSL06,2024-10-15 11:11:13+00,laser,13,2025-04-22 21:05:44.113418+00,2025-06-20 15:09:50.563468+00
433,2025-02-10 REEF Data Dump SMILE 6/101524_Alligator/101524_Alligator2_FSL01,2024-10-15 10:16:59+00,headtail,3,2025-06-08 20:58:43.354889+00,2025-11-22 12:59:58.871682+00
433,2025-02-10 REEF Data Dump SMILE 6/101524_Alligator/101524_Alligator2_FSL01,2024-10-15 10:16:59+00,laser,1,2025-04-23 15:49:42.021414+00,2025-04-23 15:49:42.021414+00
434,2025-02-10 REEF Data Dump SMILE 6/101524_Alligator/101524_FSL04/101524_AlligatorDeep_FSL04,2024-10-15 11:15:13+00,laser,2,2025-04-22 21:39:05.71479+00,2025-04-22 21:56:36.647827+00
435,2025-02-10 REEF Data Dump SMILE 6/101624_Alligator/101624_Alligator_FSL06/101624_Alligator2_FSL02,2024-10-16 10:05:18+00,laser,2,2025-04-23 15:46:06.155047+00,2025-07-18 07:38:36.146986+00
436,2025-02-10 REEF Data Dump SMILE 6/101624_Alligator/101624_Alligator_FSL04/101624_Alligator0_FSL04,2024-10-16 11:33:02+00,headtail,13,2026-08-27 06:01:33.075235+00,2026-08-27 06:07:16.682672+00
436,2025-02-10 REEF Data Dump SMILE 6/101624_Alligator/101624_Alligator_FSL04/101624_Alligator0_FSL04,2024-10-16 11:33:02+00,laser,145,2025-04-17 06:42:11.322867+00,2025-06-26 23:19:14.301361+00
436,2025-02-10 REEF Data Dump SMILE 6/101624_Alligator/101624_Alligator_FSL04/101624_Alligator0_FSL04,2024-10-16 11:33:02+00,species,13,2026-08-27 06:12:00.007378+00,2026-08-27 06:29:24.414589+00
437,2025-02-10 REEF Data Dump SMILE 6/101624_Alligator/101624_Alligator_FSL01/101624_Alligator0_FSL01,2024-10-16 10:44:47+00,headtail,47,2025-04-24 14:39:27.432063+00,2026-08-27 07:14:42.692771+00
437,2025-02-10 REEF Data Dump SMILE 6/101624_Alligator/101624_Alligator_FSL01/101624_Alligator0_FSL01,2024-10-16 10:44:47+00,laser,213,2025-04-17 06:39:17.209781+00,2025-06-26 23:54:43.980267+00
438,2025-02-10 REEF Data Dump SMILE 6/101624_Alligator/101624_Alligator_FSL04/101624_AlligatorDeep_FSL04,2024-10-16 10:07:27+00,laser,4,2025-04-22 22:07:43.951758+00,2025-05-13 18:05:32.480495+00
439,2025-02-10 REEF Data Dump SMILE 6/101624_Alligator/101624_Alligator_FSL06/101624_AlligatorDeep_FSL02,2024-10-16 11:45:19+00,laser,207,2025-04-22 20:45:44.713846+00,2026-02-04 08:39:21.3289+00
440,2025-02-10 REEF Data Dump SMILE 6/101624_Alligator/101624_Alligator_FSL02/101624_AlligatorDeep_FSL02,2024-10-16 10:04:06+00,headtail,27,2025-05-29 21:19:04.993472+00,2025-12-04 17:27:06.312164+00
440,2025-02-10 REEF Data Dump SMILE 6/101624_Alligator/101624_Alligator_FSL02/101624_AlligatorDeep_FSL02,2024-10-16 10:04:06+00,laser,1201,2025-04-22 20:23:25.627901+00,2026-02-10 08:12:53.774827+00
441,2025-02-10 REEF Data Dump SMILE 6/101624_Alligator/101624_Alligator_FSL01/101624_AlligatorDeep_FSL01,2024-10-16 09:01:48+00,headtail,2,2025-08-26 14:17:57.925065+00,2025-10-31 14:14:25.053948+00
441,2025-02-10 REEF Data Dump SMILE 6/101624_Alligator/101624_Alligator_FSL01/101624_AlligatorDeep_FSL01,2024-10-16 09:01:48+00,laser,13,2025-04-22 21:38:13.813537+00,2025-06-20 01:13:47.155346+00
442,2025-02-10 REEF Data Dump SMILE 6/101624_Alligator/101624_Alligator_FSL02/101624_Alligator0_FSL02,2024-10-18 10:49:09+00,headtail,5,2025-04-23 20:23:49.217639+00,2025-05-14 15:34:33.958413+00
442,2025-02-10 REEF Data Dump SMILE 6/101624_Alligator/101624_Alligator_FSL02/101624_Alligator0_FSL02,2024-10-18 10:49:09+00,laser,938,2025-04-17 05:50:25.793576+00,2025-06-27 00:17:21.347472+00
443,2025-02-10 REEF Data Dump SMILE 6/102724_Islamorada_FSL03/102724_Chutes_FSL03,2024-10-28 14:16:43+00,laser,2,2025-04-22 20:43:17.823605+00,2025-04-22 21:13:18.529146+00
444,2025-02-10 REEF Data Dump SMILE 6/102724_Islamorada_FSL04/102724_Victory_FSL04,2024-10-27 17:52:45+00,laser,6,2025-04-23 15:08:26.727059+00,2025-08-09 09:50:47.8427+00
445,2025-02-10 REEF Data Dump SMILE 6/102724_Islamorada_FSL02/102724_Victory_FSL02,2024-10-27 17:38:18+00,headtail,27,2025-05-22 20:08:50.796161+00,2025-11-29 07:20:23.019014+00
445,2025-02-10 REEF Data Dump SMILE 6/102724_Islamorada_FSL02/102724_Victory_FSL02,2024-10-27 17:38:18+00,laser,54,2025-04-22 20:19:10.212867+00,2025-06-20 15:11:32.958356+00
446,2025-02-10 REEF Data Dump SMILE 6/102724_Islamorada_FSL05/102724_Chutes_FSL05,2024-10-27 13:15:58+00,laser,15,2025-04-22 21:38:43.35153+00,2025-06-20 14:44:43.203044+00
447,2025-02-10 REEF Data Dump SMILE 6/102724_Islamorada_FSL02/102724_Chutes_FSL02,2024-10-27 16:20:42+00,headtail,20,2025-05-21 18:31:04.107865+00,2025-11-27 14:44:27.236853+00
447,2025-02-10 REEF Data Dump SMILE 6/102724_Islamorada_FSL02/102724_Chutes_FSL02,2024-10-27 16:20:42+00,laser,35,2025-04-22 20:37:57.633603+00,2025-06-20 15:01:46.314734+00
448,2025-02-10 REEF Data Dump SMILE 6/102724_Islamorada_FSL05/102724_Victory_FSL05,2024-10-27 14:54:19+00,laser,65,2025-04-22 20:21:36.814691+00,2025-06-20 14:21:00.482874+00
449,2025-02-10 REEF Data Dump SMILE 6/102724_Islamorada_FSL04/102724_Chutes_FSL04,2024-10-27 15:54:30+00,laser,6,2025-04-23 14:58:31.16325+00,2025-06-02 04:29:29.839987+00
450,2025-02-10 REEF Data Dump SMILE 6/102724_Islamorada_FSL03/102724_Victory_FSL03,2024-10-28 15:39:38+00,laser,9,2025-04-22 21:23:12.215166+00,2025-06-08 15:20:20.272538+00
451,2025-02-10 REEF Data Dump SMILE 6/102724_Islamorada_FSL01/102724_Victory_FSL01,2024-11-27 17:52:14+00,headtail,13,2025-05-22 20:27:30.89001+00,2025-12-10 22:03:28.908135+00
451,2025-02-10 REEF Data Dump SMILE 6/102724_Islamorada_FSL01/102724_Victory_FSL01,2024-11-27 17:52:14+00,laser,29,2025-04-22 20:37:07.767032+00,2025-06-20 14:45:25.809+00
452,2025-02-10 REEF Data Dump SMILE 6/102724_Islamorada_FSL01/102724_Chutes_FSL01,2024-11-27 16:20:35+00,headtail,2,2025-08-18 21:36:25.642635+00,2025-11-30 08:32:52.70019+00
452,2025-02-10 REEF Data Dump SMILE 6/102724_Islamorada_FSL01/102724_Chutes_FSL01,2024-11-27 16:20:35+00,laser,19,2025-04-22 20:39:30.703307+00,2025-06-17 19:04:49.681319+00
453,2025-02-10 REEF Data Dump SMILE 6/120624_ElbowReef_FSL06/120624_MikesWreck_FSL06,2024-12-06 15:28:11+00,laser,22,2025-04-22 20:37:39.349479+00,2025-06-08 13:55:26.741376+00
454,2025-02-10 REEF Data Dump SMILE 6/120624_ElbowReef_FSL02/120624_Fingers_FSL02,2024-12-06 16:35:59+00,headtail,9,2025-05-30 00:05:28.303826+00,2025-09-13 06:52:39.524391+00
454,2025-02-10 REEF Data Dump SMILE 6/120624_ElbowReef_FSL02/120624_Fingers_FSL02,2024-12-06 16:35:59+00,laser,9,2025-04-22 20:40:38.735135+00,2025-06-08 13:55:04.41084+00
455,2025-02-10 REEF Data Dump SMILE 6/120624_ElbowReef_FSL06/120624_Fingers_FSL06,2024-12-06 16:33:50+00,laser,28,2025-04-22 21:28:15.322501+00,2025-06-20 15:06:59.262834+00
456,2025-02-10 REEF Data Dump SMILE 6/120624_ElbowReef_FSL02/120624_MikesWreck_FSL02,2024-12-06 15:25:15+00,headtail,4,2025-06-03 17:12:22.415247+00,2025-11-20 14:45:35.520999+00
456,2025-02-10 REEF Data Dump SMILE 6/120624_ElbowReef_FSL02/120624_MikesWreck_FSL02,2024-12-06 15:25:15+00,laser,12,2025-04-22 20:49:02.649397+00,2025-06-29 16:36:47.377474+00
457,2025-02-10 REEF Data Dump SMILE 6/120624_ElbowReef_FSL04/120624_MikesWreck_FSL04,2024-12-06 15:27:50+00,laser,59,2025-04-22 20:19:51.573175+00,2025-06-20 14:56:06.99175+00
458,2025-02-10 REEF Data Dump SMILE 6/120624_ElbowReef_FSL05/120624_MikesWreck_FSL05,2024-12-06 15:23:40+00,laser,18,2025-04-22 22:11:08.764008+00,2025-06-18 15:41:40.501012+00
459,2025-02-10 REEF Data Dump SMILE 6/120624_ElbowReef_FSL05/120624_Fingers_FSL05,2024-12-06 16:34:53+00,laser,19,2025-04-22 21:00:49.225703+00,2025-06-20 15:00:18.54089+00
460,2025-02-10 REEF Data Dump SMILE 6/120624_ElbowReef_FSL01/120624_Fingers_FSL01,2024-12-06 16:39:31+00,headtail,58,2025-05-19 23:35:38.598252+00,2025-12-06 00:52:48.175127+00
460,2025-02-10 REEF Data Dump SMILE 6/120624_ElbowReef_FSL01/120624_Fingers_FSL01,2024-12-06 16:39:31+00,laser,131,2025-04-22 20:34:29.895202+00,2025-08-07 12:37:48.51404+00
461,2025-02-10 REEF Data Dump SMILE 6/120624_ElbowReef_FSL04/120624_Fingers_FSL04,2024-12-06 16:33:29+00,laser,33,2025-04-22 20:40:03.920146+00,2025-06-20 15:05:04.494779+00
462,2025-02-10 REEF Data Dump SMILE 6/120624_ElbowReef_FSL03D/120624_MikesWreck_FSL03D,2024-12-06 15:32:20+00,laser,13,2025-04-22 20:25:58.256931+00,2025-06-20 01:02:40.742989+00
463,2025-02-10 REEF Data Dump SMILE 6/120624_ElbowReef_FSL01/120624_MikesWreck_FSL01,2024-12-06 15:32:54+00,headtail,35,2025-05-21 17:32:26.20449+00,2025-12-02 22:56:15.704261+00
463,2025-02-10 REEF Data Dump SMILE 6/120624_ElbowReef_FSL01/120624_MikesWreck_FSL01,2024-12-06 15:32:54+00,laser,82,2025-04-22 20:35:18.078006+00,2025-08-08 10:38:56.903963+00
464,2025-03-13 Reef Data Dump/121024_Alligator_FSL05/121024_Alligator4_FSL05,2024-12-10 10:26:59+00,headtail,103,2025-04-16 17:46:19.137624+00,2025-05-13 13:08:06.519415+00
464,2025-03-13 Reef Data Dump/121024_Alligator_FSL05/121024_Alligator4_FSL05,2024-12-10 10:26:59+00,laser,252,2025-04-16 10:37:21.889702+00,2025-06-29 09:24:21.151045+00
465,2025-03-13 Reef Data Dump/121024_Alligator_FSL04/121024_Alligator2_FSL04,2024-12-10 10:13:46+00,headtail,69,2025-04-22 13:44:24.343446+00,2025-11-25 04:02:56.500542+00
465,2025-03-13 Reef Data Dump/121024_Alligator_FSL04/121024_Alligator2_FSL04,2024-12-10 10:13:46+00,laser,139,2025-04-16 10:48:46.586248+00,2025-11-14 03:06:57.043063+00
465,2025-03-13 Reef Data Dump/121024_Alligator_FSL04/121024_Alligator2_FSL04,2024-12-10 10:13:46+00,species,139,2025-11-11 22:27:36.896518+00,2025-11-14 03:23:39.805135+00
466,2025-03-13 Reef Data Dump/121024_Alligator_FSL06/121024_Alligator2_FSL06,2024-12-10 10:09:51+00,headtail,59,2025-04-16 17:42:20.261923+00,2025-11-25 04:09:16.306712+00
466,2025-03-13 Reef Data Dump/121024_Alligator_FSL06/121024_Alligator2_FSL06,2024-12-10 10:09:51+00,laser,107,2025-04-16 10:31:36.223661+00,2025-11-08 03:13:54.485028+00
466,2025-03-13 Reef Data Dump/121024_Alligator_FSL06/121024_Alligator2_FSL06,2024-12-10 10:09:51+00,species,107,2025-11-07 01:43:45.075071+00,2025-11-08 03:39:26.039401+00
467,2025-03-13 Reef Data Dump/121024_Alligator_FSL05/121024_AlligatorDeep_FSL05,2024-12-10 11:40:39+00,headtail,58,2025-04-16 17:44:44.527282+00,2025-05-13 13:01:45.771447+00
467,2025-03-13 Reef Data Dump/121024_Alligator_FSL05/121024_AlligatorDeep_FSL05,2024-12-10 11:40:39+00,laser,142,2025-04-16 10:41:14.967643+00,2025-06-27 13:53:29.719142+00
468,2025-03-13 Reef Data Dump/121024_Alligator_FSL06/121024_AlligatorDeep_FSL06,2024-12-10 11:33:27+00,headtail,8,2025-04-16 17:46:29.175406+00,2025-05-08 15:55:54.029738+00
468,2025-03-13 Reef Data Dump/121024_Alligator_FSL06/121024_AlligatorDeep_FSL06,2024-12-10 11:33:27+00,laser,33,2025-04-16 10:39:08.290224+00,2025-06-27 13:02:37.41194+00
469,2025-03-13 Reef Data Dump/121024_Alligator_FSL03/121024_AlligatorDeep_FSL03,2024-12-10 11:33:30+00,headtail,9,2025-04-22 13:41:53.719024+00,2025-05-13 12:47:32.167203+00
469,2025-03-13 Reef Data Dump/121024_Alligator_FSL03/121024_AlligatorDeep_FSL03,2024-12-10 11:33:30+00,laser,25,2025-04-17 05:50:11.307182+00,2025-06-27 09:35:29.384202+00
470,2025-03-13 Reef Data Dump/121024_Alligator_FSL02/121024_Fortress_FSL02,2024-12-10 13:19:31+00,headtail,168,2025-04-16 17:42:14.719163+00,2025-05-13 12:53:56.171054+00
470,2025-03-13 Reef Data Dump/121024_Alligator_FSL02/121024_Fortress_FSL02,2024-12-10 13:19:31+00,laser,522,2025-04-16 10:29:56.139899+00,2025-06-27 00:09:59.747253+00
471,2025-03-13 Reef Data Dump/121024_Alligator_FSL03/121024_Alligator2_FSL03,2024-12-10 10:18:21+00,headtail,38,2025-04-24 14:47:15.269732+00,2025-11-25 04:19:01.998055+00
471,2025-03-13 Reef Data Dump/121024_Alligator_FSL03/121024_Alligator2_FSL03,2024-12-10 10:18:21+00,laser,79,2025-04-18 12:10:26.758861+00,2025-11-06 19:51:25.216266+00
471,2025-03-13 Reef Data Dump/121024_Alligator_FSL03/121024_Alligator2_FSL03,2024-12-10 10:18:21+00,species,79,2025-11-06 01:54:08.120915+00,2025-11-07 01:26:01.281212+00
472,2025-03-13 Reef Data Dump/121024_Alligator_FSL02/121024_Alligator4_FSL02,2024-12-10 10:26:24+00,headtail,58,2025-04-19 11:51:32.251323+00,2025-05-13 13:07:01.985192+00
472,2025-03-13 Reef Data Dump/121024_Alligator_FSL02/121024_Alligator4_FSL02,2024-12-10 10:26:24+00,laser,238,2025-04-16 10:43:10.754948+00,2025-06-28 09:46:27.008493+00
473,2025-03-13 Reef Data Dump/121024_Alligator_FSL02/121024_AlligatorDeep_FSL02,2024-12-10 11:41:14+00,headtail,15,2025-04-15 14:06:46.917561+00,2025-05-13 08:09:27.821103+00
473,2025-03-13 Reef Data Dump/121024_Alligator_FSL02/121024_AlligatorDeep_FSL02,2024-12-10 11:41:14+00,laser,44,2025-04-18 12:07:22.776697+00,2025-06-30 08:35:24.622484+00
474,2025-03-13 Reef Data Dump/121024_Alligator_FSL04/121024_Fortress_FSL04,2024-12-10 13:25:42+00,headtail,9,2025-04-23 20:22:29.337137+00,2025-05-17 18:15:39.149618+00
474,2025-03-13 Reef Data Dump/121024_Alligator_FSL04/121024_Fortress_FSL04,2024-12-10 13:25:42+00,laser,44,2025-04-16 10:33:43.110724+00,2025-06-28 23:56:13.402076+00
475,2025-03-13 Reef Data Dump/121024_Alligator_FSL01/121024_AlligatorDeep_FSL01,2024-12-10 11:48:38+00,headtail,137,2025-04-16 17:46:32.633432+00,2025-05-13 13:01:12.851962+00
475,2025-03-13 Reef Data Dump/121024_Alligator_FSL01/121024_AlligatorDeep_FSL01,2024-12-10 11:48:38+00,laser,367,2025-04-16 01:58:55.537247+00,2025-06-27 21:36:08.325696+00
476,2025-03-13 Reef Data Dump/121024_Alligator_FSL04/121024_AlligatorDeep_FSL04,2024-12-10 11:41:35+00,headtail,8,2025-04-24 14:20:24.536057+00,2025-05-13 04:39:23.920737+00
476,2025-03-13 Reef Data Dump/121024_Alligator_FSL04/121024_AlligatorDeep_FSL04,2024-12-10 11:41:35+00,laser,29,2025-04-18 15:29:42.855174+00,2025-06-27 11:40:27.572194+00
477,2025-03-13 Reef Data Dump/121024_Alligator_FSL03/121024_Fortress_FSL03,2024-12-10 13:24:46+00,headtail,10,2025-04-19 11:50:23.336629+00,2025-05-13 02:09:22.319076+00
477,2025-03-13 Reef Data Dump/121024_Alligator_FSL03/121024_Fortress_FSL03,2024-12-10 13:24:46+00,laser,64,2025-04-16 10:48:55.583239+00,2025-06-29 13:51:53.550914+00
478,2025-03-13 Reef Data Dump/121024_Alligator_FSL01/121024_Fortress_FSL01,2024-12-10 13:04:55+00,headtail,30,2025-04-16 17:44:47.928881+00,2025-05-13 02:25:25.746296+00
478,2025-03-13 Reef Data Dump/121024_Alligator_FSL01/121024_Fortress_FSL01,2024-12-10 13:04:55+00,laser,84,2025-04-16 10:33:24.496001+00,2025-06-26 23:27:36.902644+00
479,2025-03-13 Reef Data Dump/121024_Alligator_FSL01/121024_Alligator4_FSL01,2024-12-10 10:25:29+00,headtail,28,2025-04-15 14:08:02.56829+00,2025-05-13 13:20:18.671675+00
479,2025-03-13 Reef Data Dump/121024_Alligator_FSL01/121024_Alligator4_FSL01,2024-12-10 10:25:29+00,laser,104,2025-04-16 10:31:48.08398+00,2025-06-27 10:46:29.657402+00
480,/fishsense_data/2025.01.17.FishSense.San Diego/ED-00/FSL-10D/LaserCalibration,2025-01-17 17:05:06+00,laser,4,2026-09-02 07:14:26.525108+00,2026-09-02 07:15:09.178794+00
488,/fishsense_data/__unsorted-data/2023.08.14.FishSense.Host01s Pool/ED-00/FSL-02D/LaserCalibration1,2023-08-14 18:32:58+00,laser,30,2026-09-03 04:45:40.290083+00,2026-09-03 04:52:17.282031+00
489,/fishsense_data/__unsorted-data/2023.08.14.FishSense.Host01s Pool/ED-00/FSL-02D/LaserCalibration2,2023-08-14 19:00:40+00,headtail,50,2026-09-10 05:46:00.255555+00,2026-09-10 05:49:15.585447+00
489,/fishsense_data/__unsorted-data/2023.08.14.FishSense.Host01s Pool/ED-00/FSL-02D/LaserCalibration2,2023-08-14 19:00:40+00,laser,51,2026-09-03 04:33:03.032263+00,2026-09-03 04:43:04.082995+00
489,/fishsense_data/__unsorted-data/2023.08.14.FishSense.Host01s Pool/ED-00/FSL-02D/LaserCalibration2,2023-08-14 19:00:40+00,species,50,2026-09-09 05:46:17.067646+00,2026-09-09 05:54:18.283364+00
490,/fishsense_data/__unsorted-data/2023.08.14.FishSense.Host01s Pool/ED-00/FSL-02D/LaserCalibration3,2023-08-14 19:08:53+00,headtail,50,2026-09-10 16:52:13.229778+00,2026-09-10 18:57:56.160689+00
490,/fishsense_data/__unsorted-data/2023.08.14.FishSense.Host01s Pool/ED-00/FSL-02D/LaserCalibration3,2023-08-14 19:08:53+00,laser,63,2026-09-02 20:16:56.859737+00,2026-09-03 04:20:22.504486+00
490,/fishsense_data/__unsorted-data/2023.08.14.FishSense.Host01s Pool/ED-00/FSL-02D/LaserCalibration3,2023-08-14 19:08:53+00,species,57,2026-09-09 18:19:33.456398+00,2026-09-10 00:16:52.583498+00
491,/fishsense_data/__unsorted-data/2023.08.14.FishSense.Host01s Pool/ED-00/FSL-02D/Box,2023-08-14 18:39:36+00,headtail,29,2026-09-11 02:33:01.892835+00,2026-09-11 02:40:05.648193+00
491,/fishsense_data/__unsorted-data/2023.08.14.FishSense.Host01s Pool/ED-00/FSL-02D/Box,2023-08-14 18:39:36+00,laser,31,2026-09-02 16:34:53.128213+00,2026-09-02 16:41:31.653269+00
491,/fishsense_data/__unsorted-data/2023.08.14.FishSense.Host01s Pool/ED-00/FSL-02D/Box,2023-08-14 18:39:36+00,species,29,2026-09-10 06:26:40.269826+00,2026-09-10 06:31:19.587411+00
492,/fishsense_data/__unsorted-data/2023.08.14.FishSense.Host01s Pool/ED-00/FSL-02D/Person01,2023-08-14 18:36:59+00,headtail,23,2026-09-10 09:14:57.665543+00,2026-09-10 09:27:34.469315+00
492,/fishsense_data/__unsorted-data/2023.08.14.FishSense.Host01s Pool/ED-00/FSL-02D/Person01,2023-08-14 18:36:59+00,laser,28,2026-09-03 04:23:34.499995+00,2026-09-03 04:28:52.859029+00
492,/fishsense_data/__unsorted-data/2023.08.14.FishSense.Host01s Pool/ED-00/FSL-02D/Person01,2023-08-14 18:36:59+00,species,23,2026-09-09 17:30:50.015721+00,2026-09-09 17:36:28.451651+00
493,/fishsense_data/__unsorted-data/2023.08.14.FishSense.Host01s Pool/ED-00/FSL-03D/LaserCalibration,2023-08-14 17:25:09+00,headtail,30,2026-09-11 01:28:40.569816+00,2026-09-11 01:33:07.154655+00
493,/fishsense_data/__unsorted-data/2023.08.14.FishSense.Host01s Pool/ED-00/FSL-03D/LaserCalibration,2023-08-14 17:25:09+00,laser,37,2026-09-03 04:54:22.331996+00,2026-09-03 05:04:21.81041+00
493,/fishsense_data/__unsorted-data/2023.08.14.FishSense.Host01s Pool/ED-00/FSL-03D/LaserCalibration,2023-08-14 17:25:09+00,species,30,2026-09-10 02:06:50.340014+00,2026-09-10 02:11:44.633092+00
494,/fishsense_data/__unsorted-data/2023.08.14.FishSense.Host01s Pool/ED-00/FSL-03D/Box,2023-08-14 17:36:17+00,headtail,42,2026-09-10 22:12:37.964839+00,2026-09-10 22:27:34.433+00
494,/fishsense_data/__unsorted-data/2023.08.14.FishSense.Host01s Pool/ED-00/FSL-03D/Box,2023-08-14 17:36:17+00,laser,43,2026-09-03 05:06:51.38928+00,2026-09-03 05:12:52.541319+00
494,/fishsense_data/__unsorted-data/2023.08.14.FishSense.Host01s Pool/ED-00/FSL-03D/Box,2023-08-14 17:36:17+00,species,42,2026-09-10 05:29:23.156306+00,2026-09-10 07:26:48.742117+00
495,/fishsense_data/__unsorted-data/2023.08.14.FishSense.Host01s Pool/ED-00/FSL-03D/Person01,2023-08-14 17:30:26+00,headtail,33,2026-09-10 09:46:27.959718+00,2026-09-10 16:12:43.367621+00
495,/fishsense_data/__unsorted-data/2023.08.14.FishSense.Host01s Pool/ED-00/FSL-03D/Person01,2023-08-14 17:30:26+00,laser,38,2026-09-05 04:22:04.576406+00,2026-09-05 05:21:35.749215+00
495,/fishsense_data/__unsorted-data/2023.08.14.FishSense.Host01s Pool/ED-00/FSL-03D/Person01,2023-08-14 17:30:26+00,species,33,2026-09-08 12:02:19.283618+00,2026-09-08 16:37:37.868139+00
496,/fishsense_data/__unsorted-data/2023.08.14.FishSense.Host01s Pool/ED-00/FSL-04D/LaserCalibration,2023-08-14 18:44:00+00,headtail,36,2026-09-11 03:18:17.059383+00,2026-09-11 03:19:53.982013+00
496,/fishsense_data/__unsorted-data/2023.08.14.FishSense.Host01s Pool/ED-00/FSL-04D/LaserCalibration,2023-08-14 18:44:00+00,laser,36,2026-09-05 05:22:04.826981+00,2026-09-05 05:24:32.461269+00
496,/fishsense_data/__unsorted-data/2023.08.14.FishSense.Host01s Pool/ED-00/FSL-04D/LaserCalibration,2023-08-14 18:44:00+00,species,36,2026-09-10 07:19:33.158215+00,2026-09-10 07:44:25.667036+00
497,/fishsense_data/__unsorted-data/2023.08.14.FishSense.Host01s Pool/ED-00/FSL-04D/Box,2023-08-14 18:48:45+00,headtail,43,2026-09-11 03:03:02.678022+00,2026-09-11 03:16:57.561136+00
497,/fishsense_data/__unsorted-data/2023.08.14.FishSense.Host01s Pool/ED-00/FSL-04D/Box,2023-08-14 18:48:45+00,laser,45,2026-09-05 06:22:07.30632+00,2026-09-05 07:33:34.782397+00
497,/fishsense_data/__unsorted-data/2023.08.14.FishSense.Host01s Pool/ED-00/FSL-04D/Box,2023-08-14 18:48:45+00,species,43,2026-09-10 01:53:43.537872+00,2026-09-10 02:05:21.728157+00
498,/fishsense_data/__unsorted-data/2023.08.14.FishSense.Host01s Pool/ED-00/FSL-04D/Person01,2023-08-14 18:46:26+00,headtail,40,2026-09-10 19:51:37.717836+00,2026-09-10 20:11:00.349068+00
498,/fishsense_data/__unsorted-data/2023.08.14.FishSense.Host01s Pool/ED-00/FSL-04D/Person01,2023-08-14 18:46:26+00,laser,43,2026-09-05 07:22:04.814704+00,2026-09-05 07:29:31.785834+00
498,/fishsense_data/__unsorted-data/2023.08.14.FishSense.Host01s Pool/ED-00/FSL-04D/Person01,2023-08-14 18:46:26+00,species,40,2026-09-10 01:14:54.47627+00,2026-09-10 01:45:19.167953+00
499,/fishsense_data/__unsorted-data/2023.08.14.FishSense.Host01s Pool/ED-00/FSL-05D/LaserCalibration,2023-08-14 18:07:36+00,headtail,54,2026-09-08 11:26:42.448435+00,2026-09-08 11:35:11.017433+00
499,/fishsense_data/__unsorted-data/2023.08.14.FishSense.Host01s Pool/ED-00/FSL-05D/LaserCalibration,2023-08-14 18:07:36+00,laser,59,2026-09-05 08:22:05.66691+00,2026-09-05 18:07:42.173526+00
499,/fishsense_data/__unsorted-data/2023.08.14.FishSense.Host01s Pool/ED-00/FSL-05D/LaserCalibration,2023-08-14 18:07:36+00,species,55,2026-09-08 11:49:33.25901+00,2026-09-08 11:59:49.605433+00
500,/fishsense_data/__unsorted-data/2023.08.14.FishSense.Host01s Pool/ED-00/FSL-05D/Box,2023-08-14 18:20:02+00,headtail,52,2026-09-08 11:02:19.545997+00,2026-09-08 11:11:54.805412+00
500,/fishsense_data/__unsorted-data/2023.08.14.FishSense.Host01s Pool/ED-00/FSL-05D/Box,2023-08-14 18:20:02+00,laser,56,2026-09-05 09:22:04.700763+00,2026-09-05 18:08:56.668965+00
500,/fishsense_data/__unsorted-data/2023.08.14.FishSense.Host01s Pool/ED-00/FSL-05D/Box,2023-08-14 18:20:02+00,species,53,2026-09-08 11:36:40.012742+00,2026-09-08 11:47:02.379455+00
501,/fishsense_data/__unsorted-data/2023.08.14.FishSense.Host01s Pool/ED-00/FSL-05D/Person01,2023-08-14 18:14:23+00,headtail,52,2026-09-11 03:22:00.32928+00,2026-09-11 03:38:33.044217+00
501,/fishsense_data/__unsorted-data/2023.08.14.FishSense.Host01s Pool/ED-00/FSL-05D/Person01,2023-08-14 18:14:23+00,laser,58,2026-09-05 10:22:05.113121+00,2026-09-07 04:21:55.322573+00
501,/fishsense_data/__unsorted-data/2023.08.14.FishSense.Host01s Pool/ED-00/FSL-05D/Person01,2023-08-14 18:14:23+00,species,52,2026-09-08 10:35:39.679016+00,2026-09-08 10:58:39.184938+00
502,/fishsense_data/__unsorted-data/2023.08.14.FishSense.Host01s Pool/ED-00/FSL-06D/LaserCalibration,2023-08-14 18:54:16+00,headtail,46,2026-09-08 09:50:28.296482+00,2026-09-08 09:57:27.217595+00
502,/fishsense_data/__unsorted-data/2023.08.14.FishSense.Host01s Pool/ED-00/FSL-06D/LaserCalibration,2023-08-14 18:54:16+00,laser,48,2026-09-05 11:22:15.23933+00,2026-09-05 13:23:30.615864+00
502,/fishsense_data/__unsorted-data/2023.08.14.FishSense.Host01s Pool/ED-00/FSL-06D/LaserCalibration,2023-08-14 18:54:16+00,species,47,2026-09-08 05:56:09.726905+00,2026-09-08 07:26:47.146861+00
503,/fishsense_data/__unsorted-data/2023.08.14.FishSense.Host01s Pool/ED-00/FSL-06D/Box,2023-08-14 18:58:05+00,headtail,44,2026-09-08 09:12:16.174802+00,2026-09-08 09:21:49.326132+00
503,/fishsense_data/__unsorted-data/2023.08.14.FishSense.Host01s Pool/ED-00/FSL-06D/Box,2023-08-14 18:58:05+00,laser,45,2026-09-05 12:22:04.644685+00,2026-09-05 18:06:16.5304+00
503,/fishsense_data/__unsorted-data/2023.08.14.FishSense.Host01s Pool/ED-00/FSL-06D/Box,2023-08-14 18:58:05+00,species,45,2026-09-08 09:58:38.241722+00,2026-09-08 10:29:13.155602+00
504,/fishsense_data/__unsorted-data/2023.08.14.FishSense.Host01s Pool/ED-00/FSL-06D/Person01,2023-08-14 18:56:25+00,headtail,51,2026-09-10 08:04:49.161199+00,2026-09-10 08:36:00.805418+00
504,/fishsense_data/__unsorted-data/2023.08.14.FishSense.Host01s Pool/ED-00/FSL-06D/Person01,2023-08-14 18:56:25+00,laser,51,2026-09-05 13:22:05.219884+00,2026-09-05 17:04:10.187442+00
504,/fishsense_data/__unsorted-data/2023.08.14.FishSense.Host01s Pool/ED-00/FSL-06D/Person01,2023-08-14 18:56:25+00,species,51,2026-09-08 09:23:50.841747+00,2026-09-08 09:45:36.198072+00
505,/fishsense_data/__unsorted-data/2023.08.14.FishSense.Host01s Pool/ED-00/FSL-07D/LaserCalibration,2023-08-14 17:45:59+00,headtail,44,2026-09-08 08:53:49.888845+00,2026-09-08 08:56:30.828218+00
505,/fishsense_data/__unsorted-data/2023.08.14.FishSense.Host01s Pool/ED-00/FSL-07D/LaserCalibration,2023-08-14 17:45:59+00,laser,49,2026-09-05 14:22:04.205098+00,2026-09-06 01:03:36.165337+00
505,/fishsense_data/__unsorted-data/2023.08.14.FishSense.Host01s Pool/ED-00/FSL-07D/LaserCalibration,2023-08-14 17:45:59+00,species,45,2026-09-08 08:59:57.104325+00,2026-09-08 09:09:02.190334+00
506,/fishsense_data/__unsorted-data/2023.08.14.FishSense.Host01s Pool/ED-00/FSL-07D/Box,2023-08-14 17:56:17+00,headtail,50,2026-09-07 21:26:59.156758+00,2026-09-07 21:36:44.848952+00
506,/fishsense_data/__unsorted-data/2023.08.14.FishSense.Host01s Pool/ED-00/FSL-07D/Box,2023-08-14 17:56:17+00,laser,50,2026-09-05 15:22:04.189414+00,2026-09-05 18:06:55.476313+00
506,/fishsense_data/__unsorted-data/2023.08.14.FishSense.Host01s Pool/ED-00/FSL-07D/Box,2023-08-14 17:56:17+00,species,50,2026-09-08 08:45:48.321364+00,2026-09-08 08:52:01.979561+00
507,/fishsense_data/__unsorted-data/2023.08.14.FishSense.Host01s Pool/ED-00/FSL-07D/Person01,2023-08-14 17:50:59+00,headtail,47,2026-09-10 23:03:07.851796+00,2026-09-11 01:08:09.455563+00
507,/fishsense_data/__unsorted-data/2023.08.14.FishSense.Host01s Pool/ED-00/FSL-07D/Person01,2023-08-14 17:50:59+00,laser,48,2026-09-05 16:22:04.245047+00,2026-09-05 16:58:45.831856+00
507,/fishsense_data/__unsorted-data/2023.08.14.FishSense.Host01s Pool/ED-00/FSL-07D/Person01,2023-08-14 17:50:59+00,species,47,2026-09-08 08:30:04.677376+00,2026-09-08 08:43:31.320776+00
508,/fishsense_data/__unsorted-data/2023.08.18.FishSense.Host01s Pool/04-slate,2023-08-18 14:07:33+00,headtail,45,2026-09-07 21:20:44.009748+00,2026-09-07 21:24:54.545116+00
508,/fishsense_data/__unsorted-data/2023.08.18.FishSense.Host01s Pool/04-slate,2023-08-18 14:07:33+00,laser,47,2026-09-05 17:22:04.695891+00,2026-09-05 17:39:36.86157+00
508,/fishsense_data/__unsorted-data/2023.08.18.FishSense.Host01s Pool/04-slate,2023-08-18 14:07:33+00,species,47,2026-09-08 08:19:57.895907+00,2026-09-08 08:27:21.94824+00
509,/fishsense_data/__unsorted-data/2023.08.18.FishSense.Host01s Pool/04,2023-08-18 09:53:06+00,headtail,239,2026-09-10 20:31:24.586329+00,2026-09-10 21:59:56.962015+00
509,/fishsense_data/__unsorted-data/2023.08.18.FishSense.Host01s Pool/04,2023-08-18 09:53:06+00,laser,403,2026-09-03 16:19:30.86517+00,2026-09-06 20:36:07.970752+00
509,/fishsense_data/__unsorted-data/2023.08.18.FishSense.Host01s Pool/04,2023-08-18 09:53:06+00,species,353,2026-09-10 06:52:38.337291+00,2026-09-10 15:55:03.983366+00
510,/fishsense_data/__unsorted-data/2023.08.18.FishSense.Host01s Pool/04-box-slate,2023-08-18 14:07:33+00,headtail,30,2026-09-07 21:13:28.178717+00,2026-09-07 21:19:06.825936+00
510,/fishsense_data/__unsorted-data/2023.08.18.FishSense.Host01s Pool/04-box-slate,2023-08-18 14:07:33+00,laser,34,2026-09-05 19:22:04.800957+00,2026-09-07 04:31:25.180092+00
510,/fishsense_data/__unsorted-data/2023.08.18.FishSense.Host01s Pool/04-box-slate,2023-08-18 14:07:33+00,species,31,2026-09-08 07:46:19.15695+00,2026-09-08 07:50:06.882122+00
512,/fishsense_data/__unsorted-data/2023.08.18.FishSense.Host01s Pool/05/LaserCalibration,2023-08-18 09:15:35+00,headtail,55,2026-09-07 21:08:42.134978+00,2026-09-07 21:12:25.858233+00
512,/fishsense_data/__unsorted-data/2023.08.18.FishSense.Host01s Pool/05/LaserCalibration,2023-08-18 09:15:35+00,laser,61,2026-09-05 20:22:05.432769+00,2026-09-07 04:26:05.76702+00
512,/fishsense_data/__unsorted-data/2023.08.18.FishSense.Host01s Pool/05/LaserCalibration,2023-08-18 09:15:35+00,species,58,2026-09-07 23:46:16.537667+00,2026-09-08 00:08:54.663402+00
513,/fishsense_data/__unsorted-data/2023.08.18.FishSense.Host01s Pool/05/Box,2023-08-18 09:13:44+00,headtail,43,2026-09-07 06:34:23.830127+00,2026-09-07 21:02:38.25718+00
513,/fishsense_data/__unsorted-data/2023.08.18.FishSense.Host01s Pool/05/Box,2023-08-18 09:13:44+00,laser,49,2026-09-05 21:22:04.745153+00,2026-09-07 04:18:43.699448+00
513,/fishsense_data/__unsorted-data/2023.08.18.FishSense.Host01s Pool/05/Box,2023-08-18 09:13:44+00,species,44,2026-09-08 07:40:03.544364+00,2026-09-08 07:44:46.863213+00
514,/fishsense_data/__unsorted-data/2023.08.18.FishSense.Host01s Pool/05/Person01,2023-08-18 09:30:00+00,headtail,45,2026-09-11 02:50:53.917179+00,2026-09-11 03:00:46.576534+00
514,/fishsense_data/__unsorted-data/2023.08.18.FishSense.Host01s Pool/05/Person01,2023-08-18 09:30:00+00,laser,61,2026-09-05 22:22:04.8751+00,2026-09-07 03:44:12.24717+00
514,/fishsense_data/__unsorted-data/2023.08.18.FishSense.Host01s Pool/05/Person01,2023-08-18 09:30:00+00,species,46,2026-09-07 23:32:08.088929+00,2026-09-07 23:43:25.650919+00
515,/fishsense_data/__unsorted-data/2023.08.18.FishSense.Host01s Pool/06/LaserCalibration,2023-08-18 08:58:07+00,headtail,58,2026-09-07 06:26:52.302153+00,2026-09-07 06:29:45.029779+00
515,/fishsense_data/__unsorted-data/2023.08.18.FishSense.Host01s Pool/06/LaserCalibration,2023-08-18 08:58:07+00,laser,59,2026-09-05 23:22:04.921402+00,2026-09-05 23:22:29.427782+00
515,/fishsense_data/__unsorted-data/2023.08.18.FishSense.Host01s Pool/06/LaserCalibration,2023-08-18 08:58:07+00,species,58,2026-09-07 23:03:21.186635+00,2026-09-07 23:28:05.529056+00
516,/fishsense_data/__unsorted-data/2023.08.18.FishSense.Host01s Pool/06/Box,2023-08-18 09:18:34+00,headtail,56,2026-09-07 06:07:06.3409+00,2026-09-07 13:45:58.771986+00
516,/fishsense_data/__unsorted-data/2023.08.18.FishSense.Host01s Pool/06/Box,2023-08-18 09:18:34+00,laser,60,2026-09-06 00:22:04.637957+00,2026-09-07 04:28:41.543013+00
516,/fishsense_data/__unsorted-data/2023.08.18.FishSense.Host01s Pool/06/Box,2023-08-18 09:18:34+00,species,56,2026-09-08 04:48:04.862646+00,2026-09-08 05:45:27.07986+00
517,/fishsense_data/__unsorted-data/2023.08.18.FishSense.Host01s Pool/06/Person01,2023-08-18 09:08:17+00,headtail,63,2026-09-10 19:27:10.434301+00,2026-09-10 19:33:48.891748+00
517,/fishsense_data/__unsorted-data/2023.08.18.FishSense.Host01s Pool/06/Person01,2023-08-18 09:08:17+00,laser,66,2026-09-06 01:22:05.826808+00,2026-09-07 04:15:54.652313+00
517,/fishsense_data/__unsorted-data/2023.08.18.FishSense.Host01s Pool/06/Person01,2023-08-18 09:08:17+00,species,64,2026-09-07 21:39:55.160441+00,2026-09-07 22:02:45.982919+00
518,/fishsense_data/__unsorted-data/2023.08.18.FishSense.Host01s Pool/07/LaserCalibration,2023-08-18 10:04:13+00,headtail,76,2026-09-07 05:47:54.214488+00,2026-09-07 21:38:42.084509+00
518,/fishsense_data/__unsorted-data/2023.08.18.FishSense.Host01s Pool/07/LaserCalibration,2023-08-18 10:04:13+00,laser,93,2026-09-05 18:21:59.814011+00,2026-09-07 03:33:19.963479+00
518,/fishsense_data/__unsorted-data/2023.08.18.FishSense.Host01s Pool/07/LaserCalibration,2023-08-18 10:04:13+00,species,76,2026-09-08 07:54:23.571209+00,2026-09-08 08:17:52.732307+00
519,/fishsense_data/__unsorted-data/2023.08.18.FishSense.Host01s Pool/07/Box,2023-08-18 10:08:44+00,headtail,60,2026-09-07 05:00:26.087404+00,2026-09-07 05:45:24.817867+00
519,/fishsense_data/__unsorted-data/2023.08.18.FishSense.Host01s Pool/07/Box,2023-08-18 10:08:44+00,laser,83,2026-09-05 18:16:32.921218+00,2026-09-07 03:51:44.21824+00
519,/fishsense_data/__unsorted-data/2023.08.18.FishSense.Host01s Pool/07/Box,2023-08-18 10:08:44+00,species,60,2026-09-08 07:28:51.287848+00,2026-09-08 07:38:23.673381+00
520,/fishsense_data/__unsorted-data/2023.08.18.FishSense.Host01s Pool/07/Person01,2023-08-18 10:13:00+00,headtail,50,2026-09-11 01:09:49.50454+00,2026-09-11 01:22:58.229793+00
520,/fishsense_data/__unsorted-data/2023.08.18.FishSense.Host01s Pool/07/Person01,2023-08-18 10:13:00+00,laser,68,2026-09-04 14:16:53.968175+00,2026-09-04 18:52:35.518399+00
520,/fishsense_data/__unsorted-data/2023.08.18.FishSense.Host01s Pool/07/Person01,2023-08-18 10:13:00+00,species,50,2026-09-08 00:30:54.577669+00,2026-09-08 00:40:15.571729+00
521,/fishsense_data/__unsorted-data/2023.08.18.FishSense.Host01s Pool/08_18_Pool_Test_FSL-02,2023-08-18 10:05:30+00,headtail,155,2026-09-10 08:59:51.338671+00,2026-09-11 03:53:20.601096+00
521,/fishsense_data/__unsorted-data/2023.08.18.FishSense.Host01s Pool/08_18_Pool_Test_FSL-02,2023-08-18 10:05:30+00,laser,361,2026-09-05 03:23:56.477626+00,2026-09-05 05:02:39.687471+00
521,/fishsense_data/__unsorted-data/2023.08.18.FishSense.Host01s Pool/08_18_Pool_Test_FSL-02,2023-08-18 10:05:30+00,species,167,2026-09-10 07:20:07.469841+00,2026-09-10 09:16:17.833028+00
522,/fishsense_data/__unsorted-data/2023.08.18.FishSense.Host01s Pool/08_18_Pool_Test_FSL-03,2023-08-18 09:44:51+00,headtail,256,2026-09-10 23:08:20.439777+00,2026-09-11 02:45:15.826814+00
522,/fishsense_data/__unsorted-data/2023.08.18.FishSense.Host01s Pool/08_18_Pool_Test_FSL-03,2023-08-18 09:44:51+00,laser,273,2026-09-04 18:17:05.391512+00,2026-09-05 03:12:06.210571+00
522,/fishsense_data/__unsorted-data/2023.08.18.FishSense.Host01s Pool/08_18_Pool_Test_FSL-03,2023-08-18 09:44:51+00,species,264,2026-09-08 16:42:48.617328+00,2026-09-09 05:37:59.365633+00
525,2023-09-07 REEF Data Dump/083123_Fish Degree Angle Tests/083123_Fish Deg Angle Test_FSL05 [split B P8310203-P8310214],2023-08-31 18:09:48+00,headtail,1,2026-09-11 03:01:49.694293+00,2026-09-11 03:01:49.694293+00
525,2023-09-07 REEF Data Dump/083123_Fish Degree Angle Tests/083123_Fish Deg Angle Test_FSL05 [split B P8310203-P8310214],2023-08-31 18:09:48+00,laser,12,2024-11-07 18:53:44.180623+00,2025-06-22 04:50:43.1788+00
525,2023-09-07 REEF Data Dump/083123_Fish Degree Angle Tests/083123_Fish Deg Angle Test_FSL05 [split B P8310203-P8310214],2023-08-31 18:09:48+00,species,1,2026-09-10 05:28:21.737531+00,2026-09-10 05:28:21.737531+00
526,2023-09-07 REEF Data Dump/083123_Fish Degree Angle Tests/083123_Fish Deg Angle Test_FSL05 [split C P8310443-P8310658],2023-08-31 19:44:47+00,headtail,209,2026-09-10 05:06:19.871681+00,2026-09-11 19:34:09.529287+00
526,2023-09-07 REEF Data Dump/083123_Fish Degree Angle Tests/083123_Fish Deg Angle Test_FSL05 [split C P8310443-P8310658],2023-08-31 19:44:47+00,laser,216,2024-10-26 01:33:55.822127+00,2025-01-30 06:32:45.538279+00
526,2023-09-07 REEF Data Dump/083123_Fish Degree Angle Tests/083123_Fish Deg Angle Test_FSL05 [split C P8310443-P8310658],2023-08-31 19:44:47+00,species,209,2026-09-10 07:12:08.568325+00,2026-09-10 07:45:49.496379+00
527,/fishsense_data/__unsorted-data/2023.08.14.FishSense.Host01s Pool/ED-00/FSL-02D/LaserCalibration3 [split A fish 19:00:49-19:02:33],2023-08-14 19:02:33+00,headtail,63,2026-09-10 16:48:11.872386+00,2026-09-10 18:54:29.09408+00
527,/fishsense_data/__unsorted-data/2023.08.14.FishSense.Host01s Pool/ED-00/FSL-02D/LaserCalibration3 [split A fish 19:00:49-19:02:33],2023-08-14 19:02:33+00,laser,70,2026-09-02 16:42:33.463617+00,2026-09-03 04:12:35.35595+00
527,/fishsense_data/__unsorted-data/2023.08.14.FishSense.Host01s Pool/ED-00/FSL-02D/LaserCalibration3 [split A fish 19:00:49-19:02:33],2023-08-14 19:02:33+00,species,67,2026-09-09 18:15:53.440977+00,2026-09-10 00:10:19.306116+00
