image_id,arm,model,dive_id,range_m,status,n_instances,score,err_head_px,err_tail_px,human_len_px,pred_len_px,len_err_pct,error
78699,baseline,fishial,279,0.7578057051074436,predicted,6,,16.80050104605193,23.84823140781747,689.8041918217663,678.3219665399974,-1.6645629901790495,
78699,recommended,fishial,279,0.7578057051074436,predicted,4,,16.442795261218652,23.53539102948645,689.8041918217663,682.3066193111958,-1.086913155857955,
78699,recommended-dot,fishial,279,0.7578057051074436,predicted,4,,16.442795261218652,23.53539102948645,689.8041918217663,682.3066193111958,-1.086913155857955,
78699,gentle-denoise,fishial,279,0.7578057051074436,predicted,4,,16.442795261218652,23.53539102948645,689.8041918217663,682.3066193111958,-1.086913155857955,
78699,bm3d,fishial,279,0.7578057051074436,predicted,4,,24.507206461314652,16.632723470226757,689.8041918217663,677.0921626196408,-1.842846035561643,
78700,baseline,fishial,279,0.7566757096290404,predicted,6,,23.247429252191246,34.516203764270465,742.9761645267929,712.4688507646631,-4.106095890917326,
78700,recommended,fishial,279,0.7566757096290404,predicted,6,,32.52431947977081,57.503161531712195,742.9761645267929,703.9689928407378,-5.2501242366098095,
78700,recommended-dot,fishial,279,0.7566757096290404,predicted,6,,32.52431947977081,57.503161531712195,742.9761645267929,703.9689928407378,-5.2501242366098095,
78700,gentle-denoise,fishial,279,0.7566757096290404,predicted,6,,32.52431947977081,57.503161531712195,742.9761645267929,703.9689928407378,-5.2501242366098095,
78700,bm3d,fishial,279,0.7566757096290404,predicted,5,,41.87943291358877,57.11186648037091,742.9761645267929,700.3326252899876,-5.739556835442396,
78701,baseline,fishial,279,0.7535321367974736,predicted,6,,26.42381570277085,140.98517149542278,728.8295054232657,773.563754770797,6.1378208503718605,
78701,recommended,fishial,279,0.7535321367974736,predicted,5,,21.02346081871863,22.82958515060557,728.8295054232657,700.3419288424275,-3.908674987615125,
78701,recommended-dot,fishial,279,0.7535321367974736,predicted,5,,21.02346081871863,22.82958515060557,728.8295054232657,700.3419288424275,-3.908674987615125,
78701,gentle-denoise,fishial,279,0.7535321367974736,predicted,5,,21.02346081871863,22.82958515060557,728.8295054232657,700.3419288424275,-3.908674987615125,
78701,bm3d,fishial,279,0.7535321367974736,predicted,5,,24.597345524741428,15.77662892730895,728.8295054232657,698.3923596967128,-4.17616815730815,
78703,baseline,fishial,279,0.7629455820030021,predicted,5,,21.51948485364547,115.44803319803482,708.7000729767794,732.3673990393646,3.339540514391994,
78703,recommended,fishial,279,0.7629455820030021,predicted,4,,17.992853170379814,116.01172621473084,708.7000729767794,737.3062418085856,4.036428091738524,
78703,recommended-dot,fishial,279,0.7629455820030021,predicted,4,,17.992853170379814,116.01172621473084,708.7000729767794,737.3062418085856,4.036428091738524,
78703,gentle-denoise,fishial,279,0.7629455820030021,predicted,4,,17.992853170379814,116.01172621473084,708.7000729767794,737.3062418085856,4.036428091738524,
78703,bm3d,fishial,279,0.7629455820030021,predicted,4,,32.32518936601392,115.44803319803482,708.7000729767794,729.162741826439,2.887352440039888,
78704,baseline,fishial,279,0.7540829880314227,predicted,5,,7.200120086693294,95.18046536901032,727.0468700646545,822.941981404033,13.189673910686217,
78704,recommended,fishial,279,0.7540829880314227,predicted,5,,4.569036216336049,2.26401901506315,727.0468700646545,727.3147960133906,0.03685126224561923,
78704,recommended-dot,fishial,279,0.7540829880314227,predicted,5,,4.569036216336049,2.26401901506315,727.0468700646545,727.3147960133906,0.03685126224561923,
78704,gentle-denoise,fishial,279,0.7540829880314227,predicted,5,,4.569036216336049,2.26401901506315,727.0468700646545,727.3147960133906,0.03685126224561923,
78704,bm3d,fishial,279,0.7540829880314227,predicted,3,,5.164385359469561,1.2606056984439151,727.0468700646545,722.7672601129585,-0.5886291693017554,
78705,baseline,fishial,279,0.7661807183683258,predicted,4,,26.399634751980603,103.78637347649014,718.8028085489733,717.667873244268,-0.15789244159971833,
78705,recommended,fishial,279,0.7661807183683258,predicted,3,,33.743076692864406,103.78637347649014,718.8028085489733,710.7018140349049,-1.1270120842212077,
78705,recommended-dot,fishial,279,0.7661807183683258,predicted,3,,33.743076692864406,103.78637347649014,718.8028085489733,710.7018140349049,-1.1270120842212077,
78705,gentle-denoise,fishial,279,0.7661807183683258,predicted,3,,33.743076692864406,103.78637347649014,718.8028085489733,710.7018140349049,-1.1270120842212077,
78705,bm3d,fishial,279,0.7661807183683258,predicted,3,,32.783151084673,29.414131924898452,718.8028085489733,673.2991549091828,-6.3304779973867165,
78706,baseline,fishial,279,0.900510716289386,predicted,3,,13.226114398502055,93.77717915739899,597.6084509899636,644.3019478474359,7.8133929967226265,
78706,recommended,fishial,279,0.900510716289386,predicted,3,,6.942837118237967,93.09584128026404,597.6084509899636,640.0453108960334,7.101114422958939,
78706,recommended-dot,fishial,279,0.900510716289386,predicted,3,,6.942837118237967,93.09584128026404,597.6084509899636,640.0453108960334,7.101114422958939,
78706,gentle-denoise,fishial,279,0.900510716289386,predicted,3,,6.942837118237967,93.09584128026404,597.6084509899636,640.0453108960334,7.101114422958939,
78706,bm3d,fishial,279,0.900510716289386,predicted,3,,10.234521334661675,101.64132396889711,597.6084509899636,648.9884436567419,8.597601419736485,
78708,baseline,fishial,279,0.8845138052939466,predicted,3,,7.321273129345273,196.48021648629148,607.7268723141113,741.7337797350206,22.05051537553963,
78708,recommended,fishial,279,0.8845138052939466,predicted,3,,10.306716197907717,123.44824494692688,607.7268723141113,659.310245635543,8.487920424682176,
78708,recommended-dot,fishial,279,0.8845138052939466,predicted,3,,10.306716197907717,123.44824494692688,607.7268723141113,659.310245635543,8.487920424682176,
78708,gentle-denoise,fishial,279,0.8845138052939466,predicted,3,,10.306716197907717,123.44824494692688,607.7268723141113,659.310245635543,8.487920424682176,
78708,bm3d,fishial,279,0.8845138052939466,predicted,3,,11.360679407856786,110.85819237056356,607.7268723141113,638.4770943424674,5.059875320514437,
78713,baseline,fishial,279,1.6638365727492443,predicted,1,,15.012113940618868,17.367498990401657,365.95890846752235,352.08663706536777,-3.790663673210103,
78713,recommended,fishial,279,1.6638365727492443,predicted,1,,19.007235172568926,24.56042644973881,365.95890846752235,331.2823569102345,-9.47553147496757,
78713,recommended-dot,fishial,279,1.6638365727492443,predicted,1,,19.007235172568926,21.62742420428642,365.95890846752235,334.07334524023315,-8.712880733198201,
78713,gentle-denoise,fishial,279,1.6638365727492443,predicted,1,,19.007235172568926,24.56042644973881,365.95890846752235,331.2823569102345,-9.47553147496757,
78713,bm3d,fishial,279,1.6638365727492443,predicted,1,,20.946399348468482,9.611408257860417,365.95890846752235,349.31074990615446,-4.549187948746263,
78765,baseline,fishial,279,1.2620543238564523,laser_off_all_fish,3,,,,,,,
78765,recommended,fishial,279,1.2620543238564523,predicted,4,,22.859510983988102,51.06836127183912,398.18585038712365,361.45954130441766,-9.223408879798214,
78765,recommended-dot,fishial,279,1.2620543238564523,predicted,4,,22.859510983988102,51.06836127183912,398.18585038712365,361.45954130441766,-9.223408879798214,
78765,gentle-denoise,fishial,279,1.2620543238564523,predicted,4,,22.859510983988102,51.06836127183912,398.18585038712365,361.45954130441766,-9.223408879798214,
78765,bm3d,fishial,279,1.2620543238564523,predicted,4,,15.598486440276535,38.5174722913234,398.18585038712365,381.3578968706758,-4.226155575364469,
78767,baseline,fishial,279,1.3106500002679926,predicted,3,,20.11473589663725,64.86723096807387,403.1714907257691,375.2505829442507,-6.925317990926535,
78767,recommended,fishial,279,1.3106500002679926,laser_off_all_fish,1,,,,,,,
78767,recommended-dot,fishial,279,1.3106500002679926,laser_off_all_fish,1,,,,,,,
78767,gentle-denoise,fishial,279,1.3106500002679926,laser_off_all_fish,1,,,,,,,
78767,bm3d,fishial,279,1.3106500002679926,predicted,3,,26.95992633755018,74.25038709767573,403.1714907257691,319.8076837823088,-20.6770093771742,
78770,baseline,fishial,279,1.1875939629689722,laser_off_all_fish,1,,,,,,,
78770,recommended,fishial,279,1.1875939629689722,laser_off_all_fish,1,,,,,,,
78770,recommended-dot,fishial,279,1.1875939629689722,laser_off_all_fish,1,,,,,,,
78770,gentle-denoise,fishial,279,1.1875939629689722,laser_off_all_fish,1,,,,,,,
78770,bm3d,fishial,279,1.1875939629689722,predicted,2,,13.788357164918295,49.50021646772398,471.42189841196944,470.1967673219373,-0.2598799703957617,
78771,baseline,fishial,279,1.171464773435535,predicted,1,,32.009061769365154,15.262148665520877,493.4564897531311,470.5581791872287,-4.640391005366674,
78771,recommended,fishial,279,1.171464773435535,predicted,3,,53.98500526269832,16.19692969704974,493.4564897531311,446.4439606237141,-9.527188334869544,
78771,recommended-dot,fishial,279,1.171464773435535,predicted,3,,53.98500526269832,16.19692969704974,493.4564897531311,446.4439606237141,-9.527188334869544,
78771,gentle-denoise,fishial,279,1.171464773435535,predicted,3,,53.98500526269832,16.19692969704974,493.4564897531311,446.4439606237141,-9.527188334869544,
78771,bm3d,fishial,279,1.171464773435535,predicted,3,,46.77037124665091,24.74151493652738,493.4564897531311,446.87451156884623,-9.439936276365348,
78772,baseline,fishial,279,1.1814404460464454,no_detections,0,,,,,,,
78772,recommended,fishial,279,1.1814404460464454,predicted,2,,25.216100224741265,121.29666922346708,499.6287312399361,418.3897704294406,-16.25986572247027,
78772,recommended-dot,fishial,279,1.1814404460464454,predicted,2,,25.216100224741265,121.29666922346708,499.6287312399361,418.3897704294406,-16.25986572247027,
78772,gentle-denoise,fishial,279,1.1814404460464454,predicted,2,,25.216100224741265,121.29666922346708,499.6287312399361,418.3897704294406,-16.25986572247027,
78772,bm3d,fishial,279,1.1814404460464454,predicted,2,,29.009958122935497,106.26236845813533,499.6287312399361,424.7423483713391,-14.988406027561767,
78773,baseline,fishial,279,1.1735076547449181,no_detections,0,,,,,,,
78773,recommended,fishial,279,1.1735076547449181,predicted,3,,63.648441672046374,52.267004095571316,500.44368349419955,549.9863634673136,9.899751282141676,
78773,recommended-dot,fishial,279,1.1735076547449181,predicted,3,,63.648441672046374,52.267004095571316,500.44368349419955,549.9863634673136,9.899751282141676,
78773,gentle-denoise,fishial,279,1.1735076547449181,predicted,3,,63.648441672046374,52.267004095571316,500.44368349419955,549.9863634673136,9.899751282141676,
78773,bm3d,fishial,279,1.1735076547449181,predicted,3,,17.899973640679956,51.65783288778792,500.44368349419955,517.732616373926,3.4547209706018527,
78776,baseline,fishial,279,1.8480443435015845,no_detections,0,,,,,,,
78776,recommended,fishial,279,1.8480443435015845,no_detections,0,,,,,,,
78776,recommended-dot,fishial,279,1.8480443435015845,no_detections,0,,,,,,,
78776,gentle-denoise,fishial,279,1.8480443435015845,no_detections,0,,,,,,,
78776,bm3d,fishial,279,1.8480443435015845,predicted,1,,8.467181721662094,109.63632095159383,306.9286077449381,385.5191305240247,25.605473323749735,
78778,baseline,fishial,279,1.892276780057122,no_detections,0,,,,,,,
78778,recommended,fishial,279,1.892276780057122,no_detections,0,,,,,,,
78778,recommended-dot,fishial,279,1.892276780057122,no_detections,0,,,,,,,
78778,gentle-denoise,fishial,279,1.892276780057122,no_detections,0,,,,,,,
78778,bm3d,fishial,279,1.892276780057122,no_detections,0,,,,,,,
78779,baseline,fishial,279,1.8000229490059976,no_detections,0,,,,,,,
78779,recommended,fishial,279,1.8000229490059976,no_detections,0,,,,,,,
78779,recommended-dot,fishial,279,1.8000229490059976,no_detections,0,,,,,,,
78779,gentle-denoise,fishial,279,1.8000229490059976,no_detections,0,,,,,,,
78779,bm3d,fishial,279,1.8000229490059976,no_detections,0,,,,,,,
78781,baseline,fishial,279,1.8208701578498903,no_detections,0,,,,,,,
78781,recommended,fishial,279,1.8208701578498903,no_detections,0,,,,,,,
78781,recommended-dot,fishial,279,1.8208701578498903,no_detections,0,,,,,,,
78781,gentle-denoise,fishial,279,1.8208701578498903,no_detections,0,,,,,,,
78781,bm3d,fishial,279,1.8208701578498903,no_detections,0,,,,,,,
78782,baseline,fishial,279,1.76239700062193,no_detections,0,,,,,,,
78782,recommended,fishial,279,1.76239700062193,no_detections,0,,,,,,,
78782,recommended-dot,fishial,279,1.76239700062193,no_detections,0,,,,,,,
78782,gentle-denoise,fishial,279,1.76239700062193,no_detections,0,,,,,,,
78782,bm3d,fishial,279,1.76239700062193,no_detections,0,,,,,,,
78789,baseline,fishial,279,1.4265409007664283,predicted,1,,4.125465161577401,43.96017194036678,380.45153048682556,377.52892377790505,-0.7681942309919862,
78789,recommended,fishial,279,1.4265409007664283,predicted,1,,16.021189965552658,6.317279067600453,380.45153048682556,372.61696323830324,-2.0592813067402336,
78789,recommended-dot,fishial,279,1.4265409007664283,predicted,1,,16.021189965552658,6.317279067600453,380.45153048682556,372.61696323830324,-2.0592813067402336,
78789,gentle-denoise,fishial,279,1.4265409007664283,predicted,1,,16.021189965552658,6.317279067600453,380.45153048682556,372.61696323830324,-2.0592813067402336,
78789,bm3d,fishial,279,1.4265409007664283,predicted,1,,16.40045631303896,13.162740916946207,380.45153048682556,369.05507819709953,-2.9955070163978927,
78790,baseline,fishial,279,1.4316055199926465,predicted,1,,2.660703603975795,32.59600518004624,414.5604601533485,415.84251826863493,0.30925721059171357,
78790,recommended,fishial,279,1.4316055199926465,predicted,1,,7.44052342989207,15.78122632160141,414.5604601533485,414.8409333708524,0.06765556401595058,
78790,recommended-dot,fishial,279,1.4316055199926465,predicted,1,,5.638945578270928,15.78122632160141,414.5604601533485,414.004830889689,-0.13402852347616098,
78790,gentle-denoise,fishial,279,1.4316055199926465,predicted,1,,7.44052342989207,15.78122632160141,414.5604601533485,414.8409333708524,0.06765556401595058,
78790,bm3d,fishial,279,1.4316055199926465,predicted,1,,1.913400489559788,20.230935367077326,414.5604601533485,414.004830889689,-0.13402852347616098,
78791,baseline,fishial,279,1.4273380319512645,predicted,1,,7.982818484138039,8.491268846396432,422.07849689712947,428.4448622635123,1.5083368172471583,
78791,recommended,fishial,279,1.4273380319512645,predicted,1,,4.25608583094196,8.491268846396432,422.07849689712947,424.5903908474614,0.595124833128876,
78791,recommended-dot,fishial,279,1.4273380319512645,predicted,1,,4.25608583094196,8.491268846396432,422.07849689712947,424.5903908474614,0.595124833128876,
78791,gentle-denoise,fishial,279,1.4273380319512645,predicted,1,,4.25608583094196,8.491268846396432,422.07849689712947,424.5903908474614,0.595124833128876,
78791,bm3d,fishial,279,1.4273380319512645,predicted,1,,7.135953730454924,3.8801112329757843,422.07849689712947,423.9339571206817,0.4396007465892005,
78792,baseline,fishial,279,1.4287205581779994,predicted,1,,53.0313664442231,39.72080720305917,397.76534513422666,347.85054261852173,-12.548806256327104,
78792,recommended,fishial,279,1.4287205581779994,predicted,1,,10.506236353560185,38.70938278864677,397.76534513422666,400.7043798113517,0.738886560399893,
78792,recommended-dot,fishial,279,1.4287205581779994,predicted,1,,10.506236353560185,38.70938278864677,397.76534513422666,400.7043798113517,0.738886560399893,
78792,gentle-denoise,fishial,279,1.4287205581779994,predicted,1,,10.506236353560185,38.70938278864677,397.76534513422666,400.7043798113517,0.738886560399893,
78792,bm3d,fishial,279,1.4287205581779994,predicted,1,,9.196526918141979,37.77994900259258,397.76534513422666,401.67773152117854,0.9835915659348448,
78793,baseline,fishial,279,1.4281066752103235,predicted,1,,29.342039768434056,5.358200341533298,418.11666354068615,392.44473892808884,-6.139895118076112,
78793,recommended,fishial,279,1.4281066752103235,predicted,1,,41.76341637419111,6.348575343295727,418.11666354068615,384.29285707647495,-8.089561936562204,
78793,recommended-dot,fishial,279,1.4281066752103235,predicted,1,,41.76341637419111,6.348575343295727,418.11666354068615,384.29285707647495,-8.089561936562204,
78793,gentle-denoise,fishial,279,1.4281066752103235,predicted,1,,41.76341637419111,6.348575343295727,418.11666354068615,384.29285707647495,-8.089561936562204,
78793,bm3d,fishial,279,1.4281066752103235,predicted,1,,41.76341637419111,9.188772880442471,418.11666354068615,382.9699727132664,-8.405953144701614,
78794,baseline,fishial,279,1.4163991464131616,predicted,1,,15.302872610513168,49.788567042498535,353.787647258476,379.92894072444653,7.388978577556665,
78794,recommended,fishial,279,1.4163991464131616,predicted,1,,17.22964513062612,20.662892046721822,353.787647258476,362.62915959616004,2.4991014825411524,
78794,recommended-dot,fishial,279,1.4163991464131616,predicted,1,,17.22964513062612,20.662892046721822,353.787647258476,362.62915959616004,2.4991014825411524,
78794,gentle-denoise,fishial,279,1.4163991464131616,predicted,1,,17.22964513062612,20.662892046721822,353.787647258476,362.62915959616004,2.4991014825411524,
78794,bm3d,fishial,279,1.4163991464131616,predicted,1,,17.031884447856,44.45850309461052,353.787647258476,366.2093925633509,3.5110737757894657,
78795,baseline,fishial,279,1.4506625014347079,predicted,1,,16.692263010952463,18.103450412030707,395.1720434727586,381.08398024582453,-3.5650455186881786,
78795,recommended,fishial,279,1.4506625014347079,predicted,1,,9.943028448912205,22.16245638854859,395.1720434727586,377.1604433129222,-4.557913561281073,
78795,recommended-dot,fishial,279,1.4506625014347079,predicted,1,,9.943028448912205,22.16245638854859,395.1720434727586,377.1604433129222,-4.557913561281073,
78795,gentle-denoise,fishial,279,1.4506625014347079,predicted,1,,9.943028448912205,22.16245638854859,395.1720434727586,377.1604433129222,-4.557913561281073,
78795,bm3d,fishial,279,1.4506625014347079,laser_off_all_fish,1,,,,,,,
78796,baseline,fishial,279,1.4436357418613686,predicted,1,,7.9601000689057555,13.73832620008838,332.43000873893544,343.11076928595526,3.2129351340864205,
78796,recommended,fishial,279,1.4436357418613686,laser_off_all_fish,1,,,,,,,
78796,recommended-dot,fishial,279,1.4436357418613686,laser_off_all_fish,1,,,,,,,
78796,gentle-denoise,fishial,279,1.4436357418613686,laser_off_all_fish,1,,,,,,,
78796,bm3d,fishial,279,1.4436357418613686,laser_off_all_fish,1,,,,,,,
101293,baseline,fishial,341,1.0258615126563888,predicted,1,,5.933353157651328,116.88719026673975,614.03667899464,649.979230437404,5.853486065622748,
101293,recommended,fishial,341,1.0258615126563888,predicted,1,,17.60901757053522,117.16194005867612,614.03667899464,644.9379815145019,5.0324847972366085,
101293,recommended-dot,fishial,341,1.0258615126563888,predicted,1,,17.60901757053522,117.16194005867612,614.03667899464,644.9379815145019,5.0324847972366085,
101293,gentle-denoise,fishial,341,1.0258615126563888,predicted,1,,17.60901757053522,117.16194005867612,614.03667899464,644.9379815145019,5.0324847972366085,
101293,bm3d,fishial,341,1.0258615126563888,predicted,1,,29.877466654503735,116.88719026673975,614.03667899464,662.5299993207855,7.897463129652667,
101294,baseline,fishial,341,1.0136811772051697,predicted,1,,16.92682843490648,86.17536148645335,614.8168915673792,620.0853392478009,0.8569132944591994,
101294,recommended,fishial,341,1.0136811772051697,predicted,1,,14.666306205112255,96.83576371517195,614.8168915673792,630.2864428178667,2.516123330809973,
101294,recommended-dot,fishial,341,1.0136811772051697,predicted,1,,14.666306205112255,96.83576371517195,614.8168915673792,630.2864428178667,2.516123330809973,
101294,gentle-denoise,fishial,341,1.0136811772051697,predicted,1,,14.666306205112255,96.83576371517195,614.8168915673792,630.2864428178667,2.516123330809973,
101294,bm3d,fishial,341,1.0136811772051697,predicted,1,,21.648033977931455,100.72979694803243,614.8168915673792,632.8427924848319,2.931913739633672,
101297,baseline,fishial,341,0.9791540391905085,predicted,1,,25.064916209551797,91.25754663354057,439.2889050427105,465.67148015385015,6.005745833388297,
101297,recommended,fishial,341,0.9791540391905085,predicted,1,,30.680613335096126,91.02162408116519,439.2889050427105,464.7173913167936,5.788556456168817,
101297,recommended-dot,fishial,341,0.9791540391905085,predicted,1,,30.680613335096126,91.02162408116519,439.2889050427105,464.7173913167936,5.788556456168817,
101297,gentle-denoise,fishial,341,0.9791540391905085,predicted,1,,30.680613335096126,91.02162408116519,439.2889050427105,464.7173913167936,5.788556456168817,
101297,bm3d,fishial,341,0.9791540391905085,predicted,1,,27.498848293292795,97.4997626563825,439.2889050427105,460.9152339913658,4.923030994045406,
101302,baseline,fishial,341,1.3002900256065415,no_detections,0,,,,,,,
101302,recommended,fishial,341,1.3002900256065415,no_detections,0,,,,,,,
101302,recommended-dot,fishial,341,1.3002900256065415,no_detections,0,,,,,,,
101302,gentle-denoise,fishial,341,1.3002900256065415,no_detections,0,,,,,,,
101302,bm3d,fishial,341,1.3002900256065415,no_detections,0,,,,,,,
101304,baseline,fishial,341,1.2463625621624315,no_detections,0,,,,,,,
101304,recommended,fishial,341,1.2463625621624315,predicted,1,,55.445350355463624,83.16095176122896,413.84797461619644,342.752128279401,-17.179218142297273,
101304,recommended-dot,fishial,341,1.2463625621624315,predicted,1,,59.40983930364766,83.16095176122896,413.84797461619644,338.5065634566277,-18.20509360458766,
101304,gentle-denoise,fishial,341,1.2463625621624315,predicted,1,,55.445350355463624,83.16095176122896,413.84797461619644,342.752128279401,-17.179218142297273,
101304,bm3d,fishial,341,1.2463625621624315,no_detections,0,,,,,,,
101306,baseline,fishial,341,1.350613202104569,no_detections,0,,,,,,,
101306,recommended,fishial,341,1.350613202104569,predicted,1,,32.121029790775346,74.66426812056929,432.8322305108404,404.64923081602416,-6.51129876847524,
101306,recommended-dot,fishial,341,1.350613202104569,predicted,1,,28.98971658039513,28.22610958806499,432.8322305108404,408.57767296747875,-5.603685639291644,
101306,gentle-denoise,fishial,341,1.350613202104569,predicted,1,,32.121029790775346,74.66426812056929,432.8322305108404,404.64923081602416,-6.51129876847524,
101306,bm3d,fishial,341,1.350613202104569,no_detections,0,,,,,,,
101308,baseline,fishial,341,1.2257887232691922,no_detections,0,,,,,,,
101308,recommended,fishial,341,1.2257887232691922,no_detections,0,,,,,,,
101308,recommended-dot,fishial,341,1.2257887232691922,no_detections,0,,,,,,,
101308,gentle-denoise,fishial,341,1.2257887232691922,no_detections,0,,,,,,,
101308,bm3d,fishial,341,1.2257887232691922,no_detections,0,,,,,,,
101310,baseline,fishial,341,1.2212220033332364,no_detections,0,,,,,,,
101310,recommended,fishial,341,1.2212220033332364,no_detections,0,,,,,,,
101310,recommended-dot,fishial,341,1.2212220033332364,no_detections,0,,,,,,,
101310,gentle-denoise,fishial,341,1.2212220033332364,no_detections,0,,,,,,,
101310,bm3d,fishial,341,1.2212220033332364,no_detections,0,,,,,,,
101312,baseline,fishial,341,0.9660607983172854,no_detections,0,,,,,,,
101312,recommended,fishial,341,0.9660607983172854,no_detections,0,,,,,,,
101312,recommended-dot,fishial,341,0.9660607983172854,no_detections,0,,,,,,,
101312,gentle-denoise,fishial,341,0.9660607983172854,no_detections,0,,,,,,,
101312,bm3d,fishial,341,0.9660607983172854,laser_off_all_fish,1,,,,,,,
101316,baseline,fishial,341,0.9502545189188953,predicted,1,,10.398173514559497,36.60151510056804,291.7297183364606,273.89048906451643,-6.114985258844857,
101316,recommended,fishial,341,0.9502545189188953,no_detections,0,,,,,,,
101316,recommended-dot,fishial,341,0.9502545189188953,no_detections,0,,,,,,,
101316,gentle-denoise,fishial,341,0.9502545189188953,no_detections,0,,,,,,,
101316,bm3d,fishial,341,0.9502545189188953,no_detections,0,,,,,,,
101318,baseline,fishial,341,0.9387024997995137,no_detections,0,,,,,,,
101318,recommended,fishial,341,0.9387024997995137,no_detections,0,,,,,,,
101318,recommended-dot,fishial,341,0.9387024997995137,no_detections,0,,,,,,,
101318,gentle-denoise,fishial,341,0.9387024997995137,no_detections,0,,,,,,,
101318,bm3d,fishial,341,0.9387024997995137,no_detections,0,,,,,,,
101319,baseline,fishial,341,0.9352016053820759,no_detections,0,,,,,,,
101319,recommended,fishial,341,0.9352016053820759,no_detections,0,,,,,,,
101319,recommended-dot,fishial,341,0.9352016053820759,no_detections,0,,,,,,,
101319,gentle-denoise,fishial,341,0.9352016053820759,no_detections,0,,,,,,,
101319,bm3d,fishial,341,0.9352016053820759,no_detections,0,,,,,,,
101337,baseline,fishial,341,1.031665824628824,laser_off_all_fish,3,,,,,,,
101337,recommended,fishial,341,1.031665824628824,predicted,3,,19.425995800563655,35.16938750851007,491.7150997720745,519.3081936576776,5.611601900855478,
101337,recommended-dot,fishial,341,1.031665824628824,predicted,3,,15.619467034857418,35.16938750851007,491.7150997720745,520.2124565982633,5.795501671475667,
101337,gentle-denoise,fishial,341,1.031665824628824,predicted,3,,19.425995800563655,35.16938750851007,491.7150997720745,519.3081936576776,5.611601900855478,
101337,bm3d,fishial,341,1.031665824628824,predicted,3,,15.619467034857418,26.2251189269841,491.7150997720745,516.3303206281809,5.005992467491093,
101346,baseline,fishial,341,0.548733415909505,no_detections,0,,,,,,,
101346,recommended,fishial,341,0.548733415909505,no_detections,0,,,,,,,
101346,recommended-dot,fishial,341,0.548733415909505,no_detections,0,,,,,,,
101346,gentle-denoise,fishial,341,0.548733415909505,no_detections,0,,,,,,,
101346,bm3d,fishial,341,0.548733415909505,no_detections,0,,,,,,,
101359,baseline,fishial,341,0.8289171410397868,no_detections,0,,,,,,,
101359,recommended,fishial,341,0.8289171410397868,no_detections,0,,,,,,,
101359,recommended-dot,fishial,341,0.8289171410397868,no_detections,0,,,,,,,
101359,gentle-denoise,fishial,341,0.8289171410397868,no_detections,0,,,,,,,
101359,bm3d,fishial,341,0.8289171410397868,no_detections,0,,,,,,,
101361,baseline,fishial,341,0.7623497073729202,predicted,1,,12.669876219731945,86.38051804629507,695.3600063623627,702.5667228100118,1.0364007681933873,
101361,recommended,fishial,341,0.7623497073729202,predicted,1,,8.109971154692648,83.71839182145436,695.3600063623627,707.7153382540187,1.7768252097629862,
101361,recommended-dot,fishial,341,0.7623497073729202,predicted,1,,8.109971154692648,83.71839182145436,695.3600063623627,707.7153382540187,1.7768252097629862,
101361,gentle-denoise,fishial,341,0.7623497073729202,predicted,1,,8.109971154692648,83.71839182145436,695.3600063623627,707.7153382540187,1.7768252097629862,
101361,bm3d,fishial,341,0.7623497073729202,predicted,1,,4.6703834795978345,81.48325892907245,695.3600063623627,709.7901098212062,2.07519893678265,
101363,baseline,fishial,341,0.7871135124178267,no_detections,0,,,,,,,
101363,recommended,fishial,341,0.7871135124178267,no_detections,0,,,,,,,
101363,recommended-dot,fishial,341,0.7871135124178267,no_detections,0,,,,,,,
101363,gentle-denoise,fishial,341,0.7871135124178267,no_detections,0,,,,,,,
101363,bm3d,fishial,341,0.7871135124178267,predicted,1,,35.42718465102872,64.5681055704389,672.3404678641203,641.1429089388571,-4.640142965716628,
101367,baseline,fishial,341,0.5225574237759518,predicted,2,,15.429461016991777,151.6271844121522,980.7742163727945,1007.9310492290631,2.7689179020940133,
101367,recommended,fishial,341,0.5225574237759518,predicted,2,,14.973819534802342,146.37214498167134,980.7742163727945,1000.9795202700203,2.0601381602333766,
101367,recommended-dot,fishial,341,0.5225574237759518,predicted,2,,14.973819534802342,146.37214498167134,980.7742163727945,1000.9795202700203,2.0601381602333766,
101367,gentle-denoise,fishial,341,0.5225574237759518,predicted,2,,14.973819534802342,146.37214498167134,980.7742163727945,1000.9795202700203,2.0601381602333766,
101367,bm3d,fishial,341,0.5225574237759518,predicted,2,,12.550993968633447,142.6950119400668,980.7742163727945,1004.4366580327502,2.4126288461646843,
101370,baseline,fishial,341,0.48025229793563023,predicted,4,,16.815516669894183,155.5274325957633,1079.1548847466206,1125.1777637333578,4.26471488358625,
101370,recommended,fishial,341,0.48025229793563023,predicted,4,,17.914415537963997,152.14478846451675,1079.1548847466206,1122.0984805265534,3.9793727839183837,
101370,recommended-dot,fishial,341,0.48025229793563023,predicted,4,,17.914415537963997,152.14478846451675,1079.1548847466206,1122.0984805265534,3.9793727839183837,
101370,gentle-denoise,fishial,341,0.48025229793563023,predicted,4,,17.914415537963997,152.14478846451675,1079.1548847466206,1122.0984805265534,3.9793727839183837,
101370,bm3d,fishial,341,0.48025229793563023,predicted,4,,14.780811342361744,146.62367758452427,1079.1548847466206,1118.4971348658896,3.6456537124887634,
101374,baseline,fishial,341,0.6272108158136459,predicted,1,,9.58949742242271,57.908474475798094,724.796431191551,751.3641699580976,3.665544920367461,
101374,recommended,fishial,341,0.6272108158136459,predicted,1,,134.09704852966496,57.743575334084,724.796431191551,758.9363206260172,4.7102728387253245,
101374,recommended-dot,fishial,341,0.6272108158136459,predicted,1,,134.09704852966496,57.743575334084,724.796431191551,758.9363206260172,4.7102728387253245,
101374,gentle-denoise,fishial,341,0.6272108158136459,predicted,1,,134.09704852966496,57.743575334084,724.796431191551,758.9363206260172,4.7102728387253245,
101374,bm3d,fishial,341,0.6272108158136459,predicted,1,,3.962542385374647,57.743575334084,724.796431191551,748.7302585043561,3.3021447516592124,
101376,baseline,fishial,341,0.8472903563752083,laser_off_all_fish,1,,,,,,,
101376,recommended,fishial,341,0.8472903563752083,laser_off_all_fish,1,,,,,,,
101376,recommended-dot,fishial,341,0.8472903563752083,laser_off_all_fish,1,,,,,,,
101376,gentle-denoise,fishial,341,0.8472903563752083,laser_off_all_fish,1,,,,,,,
101376,bm3d,fishial,341,0.8472903563752083,laser_off_all_fish,1,,,,,,,
101395,baseline,fishial,341,0.7575554780321557,laser_off_all_fish,1,,,,,,,
101395,recommended,fishial,341,0.7575554780321557,laser_off_all_fish,1,,,,,,,
101395,recommended-dot,fishial,341,0.7575554780321557,laser_off_all_fish,1,,,,,,,
101395,gentle-denoise,fishial,341,0.7575554780321557,laser_off_all_fish,1,,,,,,,
101395,bm3d,fishial,341,0.7575554780321557,laser_off_all_fish,1,,,,,,,
101397,baseline,fishial,341,0.6585091356363432,laser_off_all_fish,1,,,,,,,
101397,recommended,fishial,341,0.6585091356363432,laser_off_all_fish,1,,,,,,,
101397,recommended-dot,fishial,341,0.6585091356363432,laser_off_all_fish,1,,,,,,,
101397,gentle-denoise,fishial,341,0.6585091356363432,laser_off_all_fish,1,,,,,,,
101397,bm3d,fishial,341,0.6585091356363432,laser_off_all_fish,1,,,,,,,
101399,baseline,fishial,341,0.6058633052074658,predicted,1,,16.62537399875938,75.88646451828761,780.0642097558036,729.3243877041272,-6.504569933744351,
101399,recommended,fishial,341,0.6058633052074658,predicted,1,,3.977371460959409,73.7373050512268,780.0642097558036,728.3790651165092,-6.625755161292977,
101399,recommended-dot,fishial,341,0.6058633052074658,predicted,1,,3.977371460959409,73.7373050512268,780.0642097558036,728.3790651165092,-6.625755161292977,
101399,gentle-denoise,fishial,341,0.6058633052074658,predicted,1,,3.977371460959409,73.7373050512268,780.0642097558036,728.3790651165092,-6.625755161292977,
101399,bm3d,fishial,341,0.6058633052074658,predicted,1,,3.3965593301439516,51.421655414510035,780.0642097558036,730.1231488591496,-6.402173086788314,
101401,baseline,fishial,341,0.987152302986713,predicted,3,,10.468162673166503,30.686068031329068,392.11486936192745,404.9493795525559,3.2731505978116924,
101401,recommended,fishial,341,0.987152302986713,predicted,3,,16.287639752112316,34.432020262361824,392.11486936192745,392.0571111180149,-0.014729929524610596,
101401,recommended-dot,fishial,341,0.987152302986713,predicted,3,,13.134572053708938,26.99046178632306,392.11486936192745,389.5959445374143,-0.6423946198755683,
101401,gentle-denoise,fishial,341,0.987152302986713,predicted,3,,16.287639752112316,34.432020262361824,392.11486936192745,392.0571111180149,-0.014729929524610596,
101401,bm3d,fishial,341,0.987152302986713,predicted,3,,13.134572053708938,34.83045769424865,392.11486936192745,392.86766219682676,0.19198273101050697,
101403,baseline,fishial,341,0.9813629149162857,predicted,6,,101.46478751902596,17.202287936449316,450.18277777879746,400.77502070846896,-10.97504380645267,
101403,recommended,fishial,341,0.9813629149162857,predicted,6,,77.01859834935372,21.872128744658287,450.18277777879746,431.8143406447916,-4.080217645072015,
101403,recommended-dot,fishial,341,0.9813629149162857,predicted,6,,77.01859834935372,22.107884041593106,450.18277777879746,431.8759555857316,-4.066530995119745,
101403,gentle-denoise,fishial,341,0.9813629149162857,predicted,6,,77.01859834935372,21.872128744658287,450.18277777879746,431.8143406447916,-4.080217645072015,
101403,bm3d,fishial,341,0.9813629149162857,predicted,5,,90.265451607511,17.973439436245997,450.18277777879746,469.44431140815266,4.278602954202654,
101410,baseline,fishial,341,0.5885117405721974,predicted,2,,191.6116467236394,32.73456087649612,515.4863319941117,574.3094115437573,11.41118122804419,
101410,recommended,fishial,341,0.5885117405721974,predicted,2,,155.59365113120032,28.767292704691915,515.4863319941117,571.41173038743,10.849055527229222,
101410,recommended-dot,fishial,341,0.5885117405721974,predicted,2,,157.6570368298521,28.767292704691915,515.4863319941117,571.8900702654822,10.941849428514985,
101410,gentle-denoise,fishial,341,0.5885117405721974,predicted,2,,155.59365113120032,28.767292704691915,515.4863319941117,571.41173038743,10.849055527229222,
101410,bm3d,fishial,341,0.5885117405721974,predicted,2,,186.33808507925406,20.499458977476486,515.4863319941117,568.8287413238579,10.34797743781024,
101412,baseline,fishial,341,0.6005816313005057,predicted,2,,121.79846607198036,39.05067773320916,568.4780314592094,609.3488327715087,7.189512883618247,
101412,recommended,fishial,341,0.6005816313005057,predicted,2,,121.96529268395419,19.883983019293957,568.4780314592094,559.2041501030475,-1.6313526368568896,
101412,recommended-dot,fishial,341,0.6005816313005057,predicted,2,,121.96529268395419,19.883983019293957,568.4780314592094,559.2041501030475,-1.6313526368568896,
101412,gentle-denoise,fishial,341,0.6005816313005057,predicted,2,,121.96529268395419,19.883983019293957,568.4780314592094,559.2041501030475,-1.6313526368568896,
101412,bm3d,fishial,341,0.6005816313005057,predicted,2,,121.79846607198036,45.25817584553686,568.4780314592094,619.3302834514069,8.94533283224091,
101415,baseline,fishial,341,0.8770978399012215,predicted,1,,3.7391838005009053,111.09995991149344,697.6575973649715,602.1627686929838,-13.687922131525308,
101415,recommended,fishial,341,0.8770978399012215,predicted,1,,4.8432195517872065,106.29527228882026,697.6575973649715,604.0033112492017,-13.424104671044756,
101415,recommended-dot,fishial,341,0.8770978399012215,predicted,1,,4.8432195517872065,106.29527228882026,697.6575973649715,604.0033112492017,-13.424104671044756,
101415,gentle-denoise,fishial,341,0.8770978399012215,predicted,1,,4.8432195517872065,106.29527228882026,697.6575973649715,604.0033112492017,-13.424104671044756,
101415,bm3d,fishial,341,0.8770978399012215,predicted,1,,3.7391838005009053,108.32397172654021,697.6575973649715,603.9114173452924,-13.437276448182478,
101417,baseline,fishial,341,0.8992765217585122,predicted,1,,1.8214514085757048,37.71903316598383,696.1534795925202,732.9570246610643,5.286699865392672,
101417,recommended,fishial,341,0.8992765217585122,predicted,1,,3.837367015876348,42.355295570964756,696.1534795925202,738.6108583009053,6.098853191574468,
101417,recommended-dot,fishial,341,0.8992765217585122,predicted,1,,3.837367015876348,42.355295570964756,696.1534795925202,738.6108583009053,6.098853191574468,
101417,gentle-denoise,fishial,341,0.8992765217585122,predicted,1,,3.837367015876348,42.355295570964756,696.1534795925202,738.6108583009053,6.098853191574468,
101417,bm3d,fishial,341,0.8992765217585122,predicted,1,,3.837367015876348,33.48526187857413,696.1534795925202,725.7527127059188,4.2518257799593275,
101419,baseline,fishial,341,0.8599509614023607,predicted,1,,4.81134756567612,14.94950685436809,662.0400974998398,650.6804131061576,-1.7158604798382224,
101419,recommended,fishial,341,0.8599509614023607,predicted,1,,4.81134756567612,5.445052567072798,662.0400974998398,668.674061108998,1.0020486121929764,
101419,recommended-dot,fishial,341,0.8599509614023607,predicted,1,,4.81134756567612,5.445052567072798,662.0400974998398,668.674061108998,1.0020486121929764,
101419,gentle-denoise,fishial,341,0.8599509614023607,predicted,1,,4.81134756567612,5.445052567072798,662.0400974998398,668.674061108998,1.0020486121929764,
101419,bm3d,fishial,341,0.8599509614023607,predicted,1,,1.5772406688479979,69.05138144796977,662.0400974998398,603.9685422271593,-8.771606960361572,
101421,baseline,fishial,341,0.8620052303901705,predicted,1,,8.638318369400897,28.397452091916062,680.6070982965635,693.1574878729325,1.8439992189003482,
101421,recommended,fishial,341,0.8620052303901705,predicted,1,,10.56086340651426,27.76796834611907,680.6070982965635,690.2811021605619,1.421378632137487,
101421,recommended-dot,fishial,341,0.8620052303901705,predicted,1,,10.56086340651426,27.76796834611907,680.6070982965635,690.2811021605619,1.421378632137487,
101421,gentle-denoise,fishial,341,0.8620052303901705,predicted,1,,10.56086340651426,27.76796834611907,680.6070982965635,690.2811021605619,1.421378632137487,
101421,bm3d,fishial,341,0.8620052303901705,predicted,1,,8.84882067295486,6.171089861483835,680.6070982965635,684.1001388685723,0.5132242347679363,
101425,baseline,fishial,341,1.2870394269828307,laser_off_all_fish,3,,,,,,,
101425,recommended,fishial,341,1.2870394269828307,laser_off_all_fish,4,,,,,,,
101425,recommended-dot,fishial,341,1.2870394269828307,laser_off_all_fish,4,,,,,,,
101425,gentle-denoise,fishial,341,1.2870394269828307,laser_off_all_fish,4,,,,,,,
101425,bm3d,fishial,341,1.2870394269828307,laser_off_all_fish,5,,,,,,,
101428,baseline,fishial,341,0.5579158964895707,predicted,2,,16.92513575832564,190.75673309047335,1277.7806651846104,1471.9507890096668,15.195888395838516,
101428,recommended,fishial,341,0.5579158964895707,predicted,2,,16.92513575832564,190.75673309047335,1277.7806651846104,1471.9507890096668,15.195888395838516,
101428,recommended-dot,fishial,341,0.5579158964895707,predicted,2,,16.92513575832564,190.75673309047335,1277.7806651846104,1471.9507890096668,15.195888395838516,
101428,gentle-denoise,fishial,341,0.5579158964895707,predicted,2,,16.92513575832564,190.75673309047335,1277.7806651846104,1471.9507890096668,15.195888395838516,
101428,bm3d,fishial,341,0.5579158964895707,predicted,2,,22.525670270892647,27.070387563134602,1277.7806651846104,1292.509392932791,1.152680436438796,
101430,baseline,fishial,341,0.549464979457482,predicted,1,,14.217029418197646,29.516815201052598,1248.7502637712541,1250.4562417373909,0.136614823286175,
101430,recommended,fishial,341,0.549464979457482,predicted,1,,15.662271717940895,27.080554823810285,1248.7502637712541,1251.2589909766882,0.20089903307468837,
101430,recommended-dot,fishial,341,0.549464979457482,predicted,1,,15.662271717940895,27.080554823810285,1248.7502637712541,1251.2589909766882,0.20089903307468837,
101430,gentle-denoise,fishial,341,0.549464979457482,predicted,1,,15.662271717940895,27.080554823810285,1248.7502637712541,1251.2589909766882,0.20089903307468837,
101430,bm3d,fishial,341,0.549464979457482,predicted,1,,15.662271717940895,11.889575852540283,1248.7502637712541,1254.6109207638838,0.4693217821576519,
101432,baseline,fishial,341,0.5859709798774937,predicted,2,,5.293813747953559,148.90225029210683,1046.8085809117667,1193.4475271246743,14.008191075887577,
101432,recommended,fishial,341,0.5859709798774937,predicted,2,,6.407822954068539,136.39893854225699,1046.8085809117667,1178.2601580296264,12.557365263796916,
101432,recommended-dot,fishial,341,0.5859709798774937,predicted,2,,6.407822954068539,136.39893854225699,1046.8085809117667,1178.2601580296264,12.557365263796916,
101432,gentle-denoise,fishial,341,0.5859709798774937,predicted,2,,6.407822954068539,136.39893854225699,1046.8085809117667,1178.2601580296264,12.557365263796916,
101432,bm3d,fishial,341,0.5859709798774937,predicted,1,,6.1115390804289165,141.9367224897652,1046.8085809117667,1186.0178471358481,13.298445270942521,
101434,baseline,fishial,341,0.848428473229518,predicted,10,,77.89117527373878,86.14900362615765,477.47396951713665,493.40409523116034,3.3363338592329175,
101434,recommended,fishial,341,0.848428473229518,predicted,13,,79.84575267352345,55.286505218050316,477.47396951713665,545.127412542942,14.169032731610987,
101434,recommended-dot,fishial,341,0.848428473229518,predicted,13,,79.84575267352345,55.286505218050316,477.47396951713665,545.127412542942,14.169032731610987,
101434,gentle-denoise,fishial,341,0.848428473229518,predicted,13,,79.84575267352345,55.286505218050316,477.47396951713665,545.127412542942,14.169032731610987,
101434,bm3d,fishial,341,0.848428473229518,predicted,12,,73.14319569002166,55.334991350811094,477.47396951713665,548.8615490267103,14.951093476732783,
101438,baseline,fishial,341,1.5403701675887005,predicted,8,,77.5319317723862,13.29778855975123,434.2278837572935,467.57557496322806,7.679767341835157,
101438,recommended,fishial,341,1.5403701675887005,predicted,8,,80.53330903846428,8.56739882978237,434.2278837572935,478.4652547468834,10.187593345413951,
101438,recommended-dot,fishial,341,1.5403701675887005,predicted,8,,80.53330903846428,8.56739882978237,434.2278837572935,478.4652547468834,10.187593345413951,
101438,gentle-denoise,fishial,341,1.5403701675887005,predicted,8,,80.53330903846428,8.56739882978237,434.2278837572935,478.4652547468834,10.187593345413951,
101438,bm3d,fishial,341,1.5403701675887005,predicted,8,,74.64612431416789,11.125034368276246,434.2278837572935,471.0339867637881,8.476218221643943,
101441,baseline,fishial,341,0.8589701651698886,predicted,3,,12.191093505452349,10.659838206245947,979.6571351894868,980.5447853548459,0.09060824787311066,
101441,recommended,fishial,341,0.8589701651698886,predicted,3,,12.48204263619944,17.617798467338236,979.6571351894868,978.4547186948311,-0.12273850222334663,
101441,recommended-dot,fishial,341,0.8589701651698886,predicted,3,,12.48204263619944,17.617798467338236,979.6571351894868,978.4547186948311,-0.12273850222334663,
101441,gentle-denoise,fishial,341,0.8589701651698886,predicted,3,,12.48204263619944,17.617798467338236,979.6571351894868,978.4547186948311,-0.12273850222334663,
101441,bm3d,fishial,341,0.8589701651698886,predicted,3,,14.073110948972731,17.473092564543673,979.6571351894868,974.6042732759321,-0.5157786058055261,
101445,baseline,fishial,341,0.8225858660251033,predicted,1,,18.650047072654168,30.845726776582854,1003.6334336343234,1007.5209675237534,0.38734599298396766,
101445,recommended,fishial,341,0.8225858660251033,predicted,1,,13.692032868721466,34.852665415725426,1003.6334336343234,1004.8421828824663,0.12043732379119997,
101445,recommended-dot,fishial,341,0.8225858660251033,predicted,1,,13.692032868721466,34.852665415725426,1003.6334336343234,1004.8421828824663,0.12043732379119997,
101445,gentle-denoise,fishial,341,0.8225858660251033,predicted,1,,13.692032868721466,34.852665415725426,1003.6334336343234,1004.8421828824663,0.12043732379119997,
101445,bm3d,fishial,341,0.8225858660251033,predicted,1,,10.110997157044027,30.34754097291017,1003.6334336343234,1007.2652331933233,0.361865142918619,
102551,baseline,fishial,349,1.4902705372697738,predicted,9,,13.24470654426163,35.166790597107415,547.4393314683751,582.7941317480813,6.458213403278019,
102551,recommended,fishial,349,1.4902705372697738,predicted,8,,11.829923394967956,32.79463188086698,547.4393314683751,583.1588152586955,6.524829645416857,
102551,recommended-dot,fishial,349,1.4902705372697738,predicted,8,,11.829923394967956,32.79463188086698,547.4393314683751,583.1588152586955,6.524829645416857,
102551,gentle-denoise,fishial,349,1.4902705372697738,predicted,8,,11.829923394967956,32.79463188086698,547.4393314683751,583.1588152586955,6.524829645416857,
102551,bm3d,fishial,349,1.4902705372697738,predicted,9,,15.834218325954788,29.584150399437238,547.4393314683751,578.8134414472421,5.7310661063963755,
102552,baseline,fishial,349,1.477656627143205,predicted,9,,16.652738499638247,46.21712661566328,547.3781392269822,584.7683301958135,6.83077899706307,
102552,recommended,fishial,349,1.477656627143205,predicted,7,,13.27257171971359,47.25785323476539,547.3781392269822,583.5220647070684,6.603099921222525,
102552,recommended-dot,fishial,349,1.477656627143205,predicted,7,,13.27257171971359,47.25785323476539,547.3781392269822,583.5220647070684,6.603099921222525,
102552,gentle-denoise,fishial,349,1.477656627143205,predicted,7,,13.27257171971359,47.25785323476539,547.3781392269822,583.5220647070684,6.603099921222525,
102552,bm3d,fishial,349,1.477656627143205,predicted,8,,24.521952413163937,12.872217619315268,547.3781392269822,537.0409667800027,-1.8884883604555036,
102554,baseline,fishial,349,1.5059485370009889,predicted,8,,82.45078231206725,9.442977827832598,538.2723857028436,478.6207051897826,-11.082062185889669,
102554,recommended,fishial,349,1.5059485370009889,predicted,10,,79.26977910488169,27.045669677848323,538.2723857028436,480.5049427425279,-10.732009386824945,
102554,recommended-dot,fishial,349,1.5059485370009889,predicted,10,,79.26977910488169,27.045669677848323,538.2723857028436,480.5049427425279,-10.732009386824945,
102554,gentle-denoise,fishial,349,1.5059485370009889,predicted,10,,79.26977910488169,27.045669677848323,538.2723857028436,480.5049427425279,-10.732009386824945,
102554,bm3d,fishial,349,1.5059485370009889,predicted,10,,136.8817075330541,4.959925746986414,538.2723857028436,406.458570519464,-24.488310878379,
102562,baseline,fishial,349,1.2858470091638887,predicted,1,,7.233815692730883,43.32686782526853,425.9094939334705,421.91103617133126,-0.9388045627280229,
102562,recommended,fishial,349,1.2858470091638887,predicted,1,,6.592129442002434,58.8057786154904,425.9094939334705,421.9465783017454,-0.9304595666853505,
102562,recommended-dot,fishial,349,1.2858470091638887,predicted,1,,6.592129442002434,58.8057786154904,425.9094939334705,421.9465783017454,-0.9304595666853505,
102562,gentle-denoise,fishial,349,1.2858470091638887,predicted,1,,6.592129442002434,58.8057786154904,425.9094939334705,421.9465783017454,-0.9304595666853505,
102562,bm3d,fishial,349,1.2858470091638887,predicted,1,,10.268982628342972,58.8057786154904,425.9094939334705,417.8696745374613,-1.8876825970132187,
102565,baseline,fishial,349,1.2805572171625097,predicted,1,,10.04947323638916,56.513114888991154,423.6181336021388,424.8899139943801,0.3002185910756445,
102565,recommended,fishial,349,1.2805572171625097,predicted,1,,11.780997006972015,52.08846062494329,423.6181336021388,418.0248177472782,-1.320367427923627,
102565,recommended-dot,fishial,349,1.2805572171625097,predicted,1,,11.780997006972015,52.08846062494329,423.6181336021388,418.0248177472782,-1.320367427923627,
102565,gentle-denoise,fishial,349,1.2805572171625097,predicted,1,,11.780997006972015,52.08846062494329,423.6181336021388,418.0248177472782,-1.320367427923627,
102565,bm3d,fishial,349,1.2805572171625097,predicted,1,,9.916319859856346,52.08846062494329,423.6181336021388,421.9269882874024,-0.3992145709996231,
102566,baseline,fishial,349,1.2692842329863419,predicted,2,,9.193908281939542,54.880876724311676,427.77468989841236,424.65679395966663,-0.7288640521219636,
102566,recommended,fishial,349,1.2692842329863419,predicted,2,,11.017489865658277,54.880876724311676,427.77468989841236,427.428616676109,-0.08090081776122174,
102566,recommended-dot,fishial,349,1.2692842329863419,predicted,2,,11.017489865658277,54.880876724311676,427.77468989841236,427.428616676109,-0.08090081776122174,
102566,gentle-denoise,fishial,349,1.2692842329863419,predicted,2,,11.017489865658277,54.880876724311676,427.77468989841236,427.428616676109,-0.08090081776122174,
102566,bm3d,fishial,349,1.2692842329863419,predicted,2,,6.789650437451796,58.54863733508309,427.77468989841236,427.54755760658105,-0.05309624369904857,
102570,baseline,fishial,349,1.5930910287232622,no_detections,0,,,,,,,
102570,recommended,fishial,349,1.5930910287232622,laser_off_all_fish,1,,,,,,,
102570,recommended-dot,fishial,349,1.5930910287232622,laser_off_all_fish,1,,,,,,,
102570,gentle-denoise,fishial,349,1.5930910287232622,laser_off_all_fish,1,,,,,,,
102570,bm3d,fishial,349,1.5930910287232622,laser_off_all_fish,1,,,,,,,
102571,baseline,fishial,349,1.5950120522055418,no_detections,0,,,,,,,
102571,recommended,fishial,349,1.5950120522055418,laser_off_all_fish,1,,,,,,,
102571,recommended-dot,fishial,349,1.5950120522055418,laser_off_all_fish,1,,,,,,,
102571,gentle-denoise,fishial,349,1.5950120522055418,laser_off_all_fish,1,,,,,,,
102571,bm3d,fishial,349,1.5950120522055418,laser_off_all_fish,1,,,,,,,
102572,baseline,fishial,349,1.600463530597721,no_detections,0,,,,,,,
102572,recommended,fishial,349,1.600463530597721,no_detections,0,,,,,,,
102572,recommended-dot,fishial,349,1.600463530597721,no_detections,0,,,,,,,
102572,gentle-denoise,fishial,349,1.600463530597721,no_detections,0,,,,,,,
102572,bm3d,fishial,349,1.600463530597721,no_detections,0,,,,,,,
102578,baseline,fishial,349,1.5443221369289257,laser_off_all_fish,1,,,,,,,
102578,recommended,fishial,349,1.5443221369289257,laser_off_all_fish,1,,,,,,,
102578,recommended-dot,fishial,349,1.5443221369289257,laser_off_all_fish,1,,,,,,,
102578,gentle-denoise,fishial,349,1.5443221369289257,laser_off_all_fish,1,,,,,,,
102578,bm3d,fishial,349,1.5443221369289257,laser_off_all_fish,1,,,,,,,
102582,baseline,fishial,349,1.5274912069972977,laser_off_all_fish,1,,,,,,,
102582,recommended,fishial,349,1.5274912069972977,laser_off_all_fish,1,,,,,,,
102582,recommended-dot,fishial,349,1.5274912069972977,laser_off_all_fish,1,,,,,,,
102582,gentle-denoise,fishial,349,1.5274912069972977,laser_off_all_fish,1,,,,,,,
102582,bm3d,fishial,349,1.5274912069972977,laser_off_all_fish,1,,,,,,,
102584,baseline,fishial,349,1.4261688224363585,predicted,3,,101.59062122552312,106.4372532945535,1115.1709828486637,1183.1927146496466,6.09966837795796,
102584,recommended,fishial,349,1.4261688224363585,predicted,3,,39.051090308991476,121.55474304014483,1115.1709828486637,1113.8761151941449,-0.11611382240337233,
102584,recommended-dot,fishial,349,1.4261688224363585,predicted,3,,39.051090308991476,121.55474304014483,1115.1709828486637,1113.8761151941449,-0.11611382240337233,
102584,gentle-denoise,fishial,349,1.4261688224363585,predicted,3,,39.051090308991476,121.55474304014483,1115.1709828486637,1113.8761151941449,-0.11611382240337233,
102584,bm3d,fishial,349,1.4261688224363585,laser_off_all_fish,2,,,,,,,
102587,baseline,fishial,349,1.051619593451948,no_detections,0,,,,,,,
102587,recommended,fishial,349,1.051619593451948,predicted,1,,460.12411100795856,224.5592132996947,1600.8198516794027,1857.7765103747006,16.051566228750062,
102587,recommended-dot,fishial,349,1.051619593451948,predicted,1,,460.12411100795856,224.5592132996947,1600.8198516794027,1857.7765103747006,16.051566228750062,
102587,gentle-denoise,fishial,349,1.051619593451948,predicted,1,,460.12411100795856,224.5592132996947,1600.8198516794027,1857.7765103747006,16.051566228750062,
102587,bm3d,fishial,349,1.051619593451948,no_detections,0,,,,,,,
102591,baseline,fishial,349,1.078267531287543,predicted,1,,474.41036827926115,196.90622572279165,1541.2269603176157,2103.3368726858757,36.47158574571136,
102591,recommended,fishial,349,1.078267531287543,predicted,1,,767.6265569039398,180.32335710407588,1541.2269603176157,2135.2930858549607,38.54501256680067,
102591,recommended-dot,fishial,349,1.078267531287543,predicted,1,,767.6265569039398,180.32335710407588,1541.2269603176157,2135.2930858549607,38.54501256680067,
102591,gentle-denoise,fishial,349,1.078267531287543,predicted,1,,767.6265569039398,180.32335710407588,1541.2269603176157,2135.2930858549607,38.54501256680067,
102591,bm3d,fishial,349,1.078267531287543,predicted,1,,606.9908171008464,181.1068954008337,1541.2269603176157,2001.0389840342941,29.834153927720056,
102609,baseline,fishial,349,2.4180741260888103,predicted,4,,9.092643365989462,28.03177838445576,565.4075907831909,555.9253547015103,-1.6770620409510317,
102609,recommended,fishial,349,2.4180741260888103,predicted,4,,15.023997638439237,28.05143771102245,565.4075907831909,554.105273815348,-1.9989680280356976,
102609,recommended-dot,fishial,349,2.4180741260888103,predicted,4,,15.023997638439237,28.05143771102245,565.4075907831909,554.105273815348,-1.9989680280356976,
102609,gentle-denoise,fishial,349,2.4180741260888103,predicted,4,,15.023997638439237,28.05143771102245,565.4075907831909,554.105273815348,-1.9989680280356976,
102609,bm3d,fishial,349,2.4180741260888103,predicted,4,,25.714340477509044,22.309467010948815,565.4075907831909,548.64237485143,-2.965155792927741,
102611,baseline,fishial,349,2.365439881464784,predicted,5,,14.753334322093592,7.845028338864186,593.8603234127633,584.9187977830769,-1.5056613949727573,
102611,recommended,fishial,349,2.365439881464784,predicted,5,,14.378309311797413,20.12285303092864,593.8603234127633,587.6672539231377,-1.042849512834199,
102611,recommended-dot,fishial,349,2.365439881464784,predicted,5,,14.378309311797413,20.12285303092864,593.8603234127633,587.6672539231377,-1.042849512834199,
102611,gentle-denoise,fishial,349,2.365439881464784,predicted,5,,14.378309311797413,20.12285303092864,593.8603234127633,587.6672539231377,-1.042849512834199,
102611,bm3d,fishial,349,2.365439881464784,predicted,6,,23.56980980847129,8.069108888571664,593.8603234127633,582.5959148500785,-1.8968111050004208,
102613,baseline,fishial,349,2.406778099068736,predicted,3,,7.747872909780139,13.152000555611654,581.8511121194236,582.7864901190842,0.1607589949004963,
102613,recommended,fishial,349,2.406778099068736,predicted,5,,17.42259259091429,16.76649944341163,581.8511121194236,572.4978116480495,-1.607507535270365,
102613,recommended-dot,fishial,349,2.406778099068736,predicted,5,,17.42259259091429,16.76649944341163,581.8511121194236,572.4978116480495,-1.607507535270365,
102613,gentle-denoise,fishial,349,2.406778099068736,predicted,5,,17.42259259091429,16.76649944341163,581.8511121194236,572.4978116480495,-1.607507535270365,
102613,bm3d,fishial,349,2.406778099068736,predicted,5,,22.772366691272527,16.76649944341163,581.8511121194236,570.5461664405674,-1.9429275708827625,
102616,baseline,fishial,349,2.810024184488755,predicted,4,,9.218758845948484,24.052575627610572,473.2085728951587,447.8001786511479,-5.369385869017234,
102616,recommended,fishial,349,2.810024184488755,predicted,5,,0.6841520158268048,26.11289524892994,473.2085728951587,447.017896733453,-5.534700270003004,
102616,recommended-dot,fishial,349,2.810024184488755,predicted,5,,0.6841520158268048,26.11289524892994,473.2085728951587,447.017896733453,-5.534700270003004,
102616,gentle-denoise,fishial,349,2.810024184488755,predicted,5,,0.6841520158268048,26.11289524892994,473.2085728951587,447.017896733453,-5.534700270003004,
102616,bm3d,fishial,349,2.810024184488755,predicted,5,,5.680937710064744,28.657604587971914,473.2085728951587,441.2029011690653,-6.763544356408857,
102617,baseline,fishial,349,2.7525816837080477,predicted,6,,9.089007779251064,23.197583985887242,476.79292909828547,457.83184686083166,-3.9767960219781693,
102617,recommended,fishial,349,2.7525816837080477,predicted,6,,10.51926411576272,25.603665355160466,476.79292909828547,452.2233961218725,-5.153082497024247,
102617,recommended-dot,fishial,349,2.7525816837080477,predicted,6,,10.51926411576272,25.603665355160466,476.79292909828547,452.2233961218725,-5.153082497024247,
102617,gentle-denoise,fishial,349,2.7525816837080477,predicted,6,,10.51926411576272,25.603665355160466,476.79292909828547,452.2233961218725,-5.153082497024247,
102617,bm3d,fishial,349,2.7525816837080477,predicted,6,,13.065212308380609,25.972021916720212,476.79292909828547,448.7070313690215,-5.890586041697443,
102618,baseline,fishial,349,2.78508970039409,predicted,5,,21.805658229093662,13.500677269012336,466.46116444380937,457.90828776076984,-1.8335667221595295,
102618,recommended,fishial,349,2.78508970039409,predicted,6,,20.73029756568828,19.045869920356417,466.46116444380937,449.32504937962227,-3.6736423887762553,
102618,recommended-dot,fishial,349,2.78508970039409,predicted,6,,20.73029756568828,19.045869920356417,466.46116444380937,449.32504937962227,-3.6736423887762553,
102618,gentle-denoise,fishial,349,2.78508970039409,predicted,6,,20.73029756568828,19.045869920356417,466.46116444380937,449.32504937962227,-3.6736423887762553,
102618,bm3d,fishial,349,2.78508970039409,predicted,6,,19.33506854930182,19.157012951214828,466.46116444380937,448.2186966202994,-3.910822425112624,
102621,baseline,fishial,349,2.3307394390038154,predicted,1,,60.66672344995761,47.22347227445617,657.6593718380344,587.2125817474399,-10.711744271766243,
102621,recommended,fishial,349,2.3307394390038154,predicted,1,,42.6341526619467,36.3360508308253,657.6593718380344,611.7393235684624,-6.982345304566117,
102621,recommended-dot,fishial,349,2.3307394390038154,predicted,1,,42.6341526619467,36.3360508308253,657.6593718380344,611.7393235684624,-6.982345304566117,
102621,gentle-denoise,fishial,349,2.3307394390038154,predicted,1,,42.6341526619467,36.3360508308253,657.6593718380344,611.7393235684624,-6.982345304566117,
102621,bm3d,fishial,349,2.3307394390038154,no_detections,0,,,,,,,
102627,baseline,fishial,349,1.166582464950551,predicted,5,,15.896039522463877,16.888934811339332,509.3105182266604,504.47794798187164,-0.9488455611745509,
102627,recommended,fishial,349,1.166582464950551,predicted,8,,15.647074322335603,51.81493250728937,509.3105182266604,505.06112956297017,-0.8343414305453473,
102627,recommended-dot,fishial,349,1.166582464950551,predicted,8,,15.647074322335603,51.81493250728937,509.3105182266604,505.06112956297017,-0.8343414305453473,
102627,gentle-denoise,fishial,349,1.166582464950551,predicted,8,,15.647074322335603,51.81493250728937,509.3105182266604,505.06112956297017,-0.8343414305453473,
102627,bm3d,fishial,349,1.166582464950551,predicted,8,,13.295286080769582,51.07450110802891,509.3105182266604,507.735638199183,-0.30921804500737976,
102628,baseline,fishial,349,1.2367478986855394,predicted,4,,22.473703750144917,87.70923840955335,513.2863365631902,588.0620715536753,14.568035356475844,
102628,recommended,fishial,349,1.2367478986855394,predicted,6,,28.109127362160304,72.94005111991709,513.2863365631902,570.6356105256664,11.17295939464697,
102628,recommended-dot,fishial,349,1.2367478986855394,predicted,6,,28.109127362160304,72.94005111991709,513.2863365631902,570.6356105256664,11.17295939464697,
102628,gentle-denoise,fishial,349,1.2367478986855394,predicted,6,,28.109127362160304,72.94005111991709,513.2863365631902,570.6356105256664,11.17295939464697,
102628,bm3d,fishial,349,1.2367478986855394,predicted,6,,22.473703750144917,95.70864716629343,513.2863365631902,596.007550287746,16.11599760835872,
102629,baseline,fishial,349,1.1999862969095287,predicted,5,,10.850606318028177,117.11750478770315,515.7771957331852,624.0681052577515,20.99567612147512,
102629,recommended,fishial,349,1.1999862969095287,predicted,6,,16.46357505115639,196.55611888602027,515.7771957331852,701.2310603502957,35.956197007408406,
102629,recommended-dot,fishial,349,1.1999862969095287,predicted,6,,16.46357505115639,196.55611888602027,515.7771957331852,701.2310603502957,35.956197007408406,
102629,gentle-denoise,fishial,349,1.1999862969095287,predicted,6,,16.46357505115639,196.55611888602027,515.7771957331852,701.2310603502957,35.956197007408406,
102629,bm3d,fishial,349,1.1999862969095287,predicted,6,,9.081583355300763,206.13185079430949,515.7771957331852,719.0938742612121,39.419478063393086,
102634,baseline,fishial,349,2.9762828194332425,predicted,1,,6.085588296614472,65.06819772703689,466.77569260081333,475.573075657876,1.8847131923354485,
102634,recommended,fishial,349,2.9762828194332425,predicted,1,,10.144410521761511,14.171674477505254,466.77569260081333,455.2628464646079,-2.4664622255836335,
102634,recommended-dot,fishial,349,2.9762828194332425,predicted,1,,10.144410521761511,14.171674477505254,466.77569260081333,455.2628464646079,-2.4664622255836335,
102634,gentle-denoise,fishial,349,2.9762828194332425,predicted,1,,10.144410521761511,14.171674477505254,466.77569260081333,455.2628464646079,-2.4664622255836335,
102634,bm3d,fishial,349,2.9762828194332425,predicted,1,,9.804580575523358,72.76791714491804,466.77569260081333,469.56233991654216,0.5969992353719177,
102637,baseline,fishial,349,2.9830891393418146,predicted,1,,13.369547723113484,15.072050390386753,505.88693796622863,490.9038375029918,-2.9617488293870635,
102637,recommended,fishial,349,2.9830891393418146,predicted,1,,7.947076581243153,18.88924790319615,505.88693796622863,494.78736684932767,-2.194081381409759,
102637,recommended-dot,fishial,349,2.9830891393418146,predicted,1,,7.947076581243153,18.88924790319615,505.88693796622863,494.78736684932767,-2.194081381409759,
102637,gentle-denoise,fishial,349,2.9830891393418146,predicted,1,,7.947076581243153,18.88924790319615,505.88693796622863,494.78736684932767,-2.194081381409759,
102637,bm3d,fishial,349,2.9830891393418146,predicted,1,,3.3536066155834146,26.684783175144698,505.88693796622863,499.4734704650751,-1.2677669692238012,
102642,baseline,fishial,349,1.9449048834058902,predicted,3,,95.54107693596187,93.379289179374,442.4291873734519,547.9891901726919,23.85918601480906,
102642,recommended,fishial,349,1.9449048834058902,predicted,3,,88.19559220120367,95.50266776117294,442.4291873734519,549.228549877007,24.139312132091867,
102642,recommended-dot,fishial,349,1.9449048834058902,predicted,3,,88.19559220120367,95.50266776117294,442.4291873734519,549.228549877007,24.139312132091867,
102642,gentle-denoise,fishial,349,1.9449048834058902,predicted,3,,88.19559220120367,95.50266776117294,442.4291873734519,549.228549877007,24.139312132091867,
102642,bm3d,fishial,349,1.9449048834058902,predicted,4,,68.01508050944574,60.80390665287014,442.4291873734519,501.7907930602155,13.417199267338756,
102643,baseline,fishial,349,2.1032220579867595,predicted,7,,10.392269118775914,9.764199513486146,388.24796148266324,386.855270094644,-0.358711835266495,
102643,recommended,fishial,349,2.1032220579867595,predicted,7,,13.633639514909584,67.14784230173883,388.24796148266324,433.5204724116267,11.660720833169156,
102643,recommended-dot,fishial,349,2.1032220579867595,predicted,7,,13.633639514909584,67.14784230173883,388.24796148266324,433.5204724116267,11.660720833169156,
102643,gentle-denoise,fishial,349,2.1032220579867595,predicted,7,,13.633639514909584,67.14784230173883,388.24796148266324,433.5204724116267,11.660720833169156,
102643,bm3d,fishial,349,2.1032220579867595,predicted,10,,16.043775949252417,72.75383497374858,388.24796148266324,440.1136216933077,13.358900845886469,
102648,baseline,fishial,349,2.1332209455077056,predicted,7,,3.21990754410242,20.654522115552275,381.5082542239157,379.3925476167684,-0.5545637830172657,
102648,recommended,fishial,349,2.1332209455077056,predicted,7,,54.230248651864706,24.400561945356888,381.5082542239157,405.1913128387626,6.207744748019738,
102648,recommended-dot,fishial,349,2.1332209455077056,predicted,7,,54.230248651864706,24.400561945356888,381.5082542239157,405.1913128387626,6.207744748019738,
102648,gentle-denoise,fishial,349,2.1332209455077056,predicted,7,,54.230248651864706,24.400561945356888,381.5082542239157,405.1913128387626,6.207744748019738,
102648,bm3d,fishial,349,2.1332209455077056,predicted,10,,3.2657988430098226,28.216405913520582,381.5082542239157,379.5918861092792,-0.5023136703909266,
102653,baseline,fishial,349,1.6109119227571256,laser_off_all_fish,10,,,,,,,
102653,recommended,fishial,349,1.6109119227571256,laser_off_all_fish,10,,,,,,,
102653,recommended-dot,fishial,349,1.6109119227571256,laser_off_all_fish,10,,,,,,,
102653,gentle-denoise,fishial,349,1.6109119227571256,laser_off_all_fish,10,,,,,,,
102653,bm3d,fishial,349,1.6109119227571256,laser_off_all_fish,9,,,,,,,
102654,baseline,fishial,349,1.6014900937755325,laser_off_all_fish,9,,,,,,,
102654,recommended,fishial,349,1.6014900937755325,laser_off_all_fish,9,,,,,,,
102654,recommended-dot,fishial,349,1.6014900937755325,laser_off_all_fish,9,,,,,,,
102654,gentle-denoise,fishial,349,1.6014900937755325,laser_off_all_fish,9,,,,,,,
102654,bm3d,fishial,349,1.6014900937755325,laser_off_all_fish,11,,,,,,,
102656,baseline,fishial,349,1.2323089242618417,laser_off_all_fish,18,,,,,,,
102656,recommended,fishial,349,1.2323089242618417,laser_off_all_fish,18,,,,,,,
102656,recommended-dot,fishial,349,1.2323089242618417,laser_off_all_fish,18,,,,,,,
102656,gentle-denoise,fishial,349,1.2323089242618417,laser_off_all_fish,18,,,,,,,
102656,bm3d,fishial,349,1.2323089242618417,laser_off_all_fish,19,,,,,,,
102664,baseline,fishial,349,1.5874792712048282,predicted,9,,81.41547641692621,24.044925329314534,605.0983627878448,528.1350847095418,-12.719135071480487,
102664,recommended,fishial,349,1.5874792712048282,predicted,10,,41.127005983685684,31.130407533633612,605.0983627878448,574.9306042095728,-4.985595802851183,
102664,recommended-dot,fishial,349,1.5874792712048282,predicted,10,,41.127005983685684,31.130407533633612,605.0983627878448,574.9306042095728,-4.985595802851183,
102664,gentle-denoise,fishial,349,1.5874792712048282,predicted,10,,41.127005983685684,31.130407533633612,605.0983627878448,574.9306042095728,-4.985595802851183,
102664,bm3d,fishial,349,1.5874792712048282,predicted,11,,42.456293132340384,42.43251263184642,605.0983627878448,579.4911561016268,-4.231908109656596,
102672,baseline,fishial,349,1.3992559008751135,no_detections,0,,,,,,,
102672,recommended,fishial,349,1.3992559008751135,laser_off_all_fish,1,,,,,,,
102672,recommended-dot,fishial,349,1.3992559008751135,laser_off_all_fish,1,,,,,,,
102672,gentle-denoise,fishial,349,1.3992559008751135,laser_off_all_fish,1,,,,,,,
102672,bm3d,fishial,349,1.3992559008751135,laser_off_all_fish,2,,,,,,,
102674,baseline,fishial,349,1.2428929829234463,predicted,2,,23.331455506682094,4.198725992193511,746.5159529965794,737.6354112974783,-1.1895983821181315,
102674,recommended,fishial,349,1.2428929829234463,predicted,2,,12.350050720617876,8.663276527697755,746.5159529965794,735.4705976448005,-1.479587315909576,
102674,recommended-dot,fishial,349,1.2428929829234463,predicted,2,,12.350050720617876,8.663276527697755,746.5159529965794,735.4705976448005,-1.479587315909576,
102674,gentle-denoise,fishial,349,1.2428929829234463,predicted,2,,12.350050720617876,8.663276527697755,746.5159529965794,735.4705976448005,-1.479587315909576,
102674,bm3d,fishial,349,1.2428929829234463,predicted,3,,13.515569229134947,5.126116142238683,746.5159529965794,739.2678810823584,-0.9709198959682779,
102679,baseline,fishial,349,1.2310935947146646,predicted,2,,22.330314285592564,42.87075212721968,750.8201432317238,744.7986305035745,-0.8019913666981797,
102679,recommended,fishial,349,1.2310935947146646,predicted,2,,24.250697387078624,45.28811766015082,750.8201432317238,740.9119953959836,-1.3196433160534307,
102679,recommended-dot,fishial,349,1.2310935947146646,predicted,2,,24.250697387078624,45.28811766015082,750.8201432317238,740.9119953959836,-1.3196433160534307,
102679,gentle-denoise,fishial,349,1.2310935947146646,predicted,2,,24.250697387078624,45.28811766015082,750.8201432317238,740.9119953959836,-1.3196433160534307,
102679,bm3d,fishial,349,1.2310935947146646,predicted,2,,22.341841994371404,25.12024627779516,750.8201432317238,739.066333892185,-1.565462707080211,
102680,baseline,fishial,349,1.2390053238552408,predicted,3,,21.944388557841464,10.859252559359891,743.3081936204405,730.5080423924161,-1.7220516789514442,
102680,recommended,fishial,349,1.2390053238552408,predicted,4,,13.927748374482787,21.643499784962454,743.3081936204405,730.6435519458172,-1.7038210776256226,
102680,recommended-dot,fishial,349,1.2390053238552408,predicted,4,,13.927748374482787,21.643499784962454,743.3081936204405,730.6435519458172,-1.7038210776256226,
102680,gentle-denoise,fishial,349,1.2390053238552408,predicted,4,,13.927748374482787,21.643499784962454,743.3081936204405,730.6435519458172,-1.7038210776256226,
102680,bm3d,fishial,349,1.2390053238552408,predicted,5,,17.276901090924753,14.743959918317335,743.3081936204405,729.8664261356321,-1.8083706866377278,
111916,baseline,fishial,383,1.8797151280201756,predicted,1,,13.452244131606069,98.80802072319798,1007.3339524704954,989.5473712763832,-1.765708497215896,
111916,recommended,fishial,383,1.8797151280201756,predicted,1,,11.860483056352752,246.86978927655608,1007.3339524704954,851.824512443731,-15.437724465196089,
111916,recommended-dot,fishial,383,1.8797151280201756,predicted,1,,18.26891429931577,247.51644309153957,1007.3339524704954,849.5378155208866,-15.664729314703667,
111916,gentle-denoise,fishial,383,1.8797151280201756,predicted,1,,11.860483056352752,246.86978927655608,1007.3339524704954,851.824512443731,-15.437724465196089,
111916,bm3d,fishial,383,1.8797151280201756,predicted,1,,18.26891429931577,251.25067551390043,1007.3339524704954,848.904293781107,-15.727620249554612,
111919,baseline,fishial,383,1.4883469570691115,predicted,1,,20.25198217346185,107.15167248919931,1439.1707720256713,1449.873888303899,0.7437002255932998,
111919,recommended,fishial,383,1.4883469570691115,predicted,1,,48.74109415150056,110.16090088445068,1439.1707720256713,1436.1058820896856,-0.21296221376646363,
111919,recommended-dot,fishial,383,1.4883469570691115,predicted,1,,48.977337252212244,125.66218325408231,1439.1707720256713,1439.0636376111343,-0.007444176648077092,
111919,gentle-denoise,fishial,383,1.4883469570691115,predicted,1,,48.74109415150056,110.16090088445068,1439.1707720256713,1436.1058820896856,-0.21296221376646363,
111919,bm3d,fishial,383,1.4883469570691115,predicted,1,,53.120567258439436,110.16090088445068,1439.1707720256713,1434.8821385232507,-0.2979933713067501,
111923,baseline,fishial,383,2.709414150982673,no_detections,0,,,,,,,
111923,recommended,fishial,383,2.709414150982673,no_detections,0,,,,,,,
111923,recommended-dot,fishial,383,2.709414150982673,no_detections,0,,,,,,,
111923,gentle-denoise,fishial,383,2.709414150982673,no_detections,0,,,,,,,
111923,bm3d,fishial,383,2.709414150982673,no_detections,0,,,,,,,
111924,baseline,fishial,383,1.52708472293573,predicted,2,,24.150852110770366,82.81895556695125,384.0981604214933,415.30638755344967,8.125065503492593,
111924,recommended,fishial,383,1.52708472293573,predicted,2,,53.0850970141001,82.46589685341338,384.0981604214933,407.34840354097685,6.053203455587948,
111924,recommended-dot,fishial,383,1.52708472293573,predicted,2,,53.0850970141001,82.46589685341338,384.0981604214933,407.34840354097685,6.053203455587948,
111924,gentle-denoise,fishial,383,1.52708472293573,predicted,2,,53.0850970141001,82.46589685341338,384.0981604214933,407.34840354097685,6.053203455587948,
111924,bm3d,fishial,383,1.52708472293573,predicted,2,,44.36910172661422,82.81895556695125,384.0981604214933,409.6737672831448,6.658612171843239,
111925,baseline,fishial,383,1.5061361389505887,predicted,2,,9.78634452448041,79.42968839433983,388.91253921839524,428.31893686083214,10.132457472734787,
111925,recommended,fishial,383,1.5061361389505887,predicted,3,,10.726638713479613,64.57260131631323,388.91253921839524,375.8436855383071,-3.360358014260184,
111925,recommended-dot,fishial,383,1.5061361389505887,predicted,3,,267.7137096117001,68.45939226986624,388.91253921839524,656.3687987709349,68.77028446808413,
111925,gentle-denoise,fishial,383,1.5061361389505887,predicted,3,,10.726638713479613,64.57260131631323,388.91253921839524,375.8436855383071,-3.360358014260184,
111925,bm3d,fishial,383,1.5061361389505887,predicted,2,,18.748798784019424,79.42968839433983,388.91253921839524,423.15326690344233,8.804223117583536,
111926,baseline,fishial,383,1.9679565710574898,predicted,1,,0.22052237159501742,67.29503337430319,698.1505174800792,694.8431954606706,-0.4737262147059837,
111926,recommended,fishial,383,1.9679565710574898,predicted,1,,16.908483340729873,71.25153603206057,698.1505174800792,681.6010563372096,-2.370471800637439,
111926,recommended-dot,fishial,383,1.9679565710574898,predicted,1,,16.65357623800597,75.2126402741419,698.1505174800792,682.5720064360738,-2.2313971921463045,
111926,gentle-denoise,fishial,383,1.9679565710574898,predicted,1,,16.908483340729873,71.25153603206057,698.1505174800792,681.6010563372096,-2.370471800637439,
111926,bm3d,fishial,383,1.9679565710574898,predicted,1,,22.35967133069658,76.70648474875684,698.1505174800792,671.1810486001523,-3.8629877375542385,
111927,baseline,fishial,383,1.1174227152220912,predicted,1,,22.979298801698313,128.11052325318724,570.0509240924862,623.2090983579162,9.32516237037194,
111927,recommended,fishial,383,1.1174227152220912,predicted,1,,9.442542581455752,129.1177714608197,570.0509240924862,633.0259421588312,11.047261815529977,
111927,recommended-dot,fishial,383,1.1174227152220912,predicted,1,,9.442542581455752,129.1177714608197,570.0509240924862,633.0259421588312,11.047261815529977,
111927,gentle-denoise,fishial,383,1.1174227152220912,predicted,1,,9.442542581455752,129.1177714608197,570.0509240924862,633.0259421588312,11.047261815529977,
111927,bm3d,fishial,383,1.1174227152220912,predicted,1,,10.487365146816682,129.1177714608197,570.0509240924862,636.0476240915236,11.577334095914914,
111928,baseline,fishial,383,1.2555677591978873,laser_off_all_fish,2,,,,,,,
111928,recommended,fishial,383,1.2555677591978873,laser_off_all_fish,2,,,,,,,
111928,recommended-dot,fishial,383,1.2555677591978873,laser_off_all_fish,2,,,,,,,
111928,gentle-denoise,fishial,383,1.2555677591978873,laser_off_all_fish,2,,,,,,,
111928,bm3d,fishial,383,1.2555677591978873,laser_off_all_fish,2,,,,,,,
111929,baseline,fishial,383,0.7787377324386681,predicted,1,,30.63539712619754,81.7724211853819,2510.8612206845887,2490.040524268631,-0.829225297058865,
111929,recommended,fishial,383,0.7787377324386681,predicted,1,,36.17855031579671,13.960660578428167,2510.8612206845887,2508.41091380579,-0.0975883039099409,
111929,recommended-dot,fishial,383,0.7787377324386681,predicted,1,,31.268444942082933,13.960660578428167,2510.8612206845887,2510.962228409659,0.0040228318569818676,
111929,gentle-denoise,fishial,383,0.7787377324386681,predicted,1,,36.17855031579671,13.960660578428167,2510.8612206845887,2508.41091380579,-0.0975883039099409,
111929,bm3d,fishial,383,0.7787377324386681,predicted,1,,37.192453158736576,13.844374482601058,2510.8612206845887,2505.7993734535094,-0.20159804888377053,
129267,baseline,fishial,465,1.8414104088387153,laser_off_all_fish,1,,,,,,,
129267,recommended,fishial,465,1.8414104088387153,laser_off_all_fish,1,,,,,,,
129267,recommended-dot,fishial,465,1.8414104088387153,laser_off_all_fish,1,,,,,,,
129267,gentle-denoise,fishial,465,1.8414104088387153,laser_off_all_fish,1,,,,,,,
129267,bm3d,fishial,465,1.8414104088387153,laser_off_all_fish,1,,,,,,,
129268,baseline,fishial,465,1.86086155308659,laser_off_all_fish,2,,,,,,,
129268,recommended,fishial,465,1.86086155308659,laser_off_all_fish,1,,,,,,,
129268,recommended-dot,fishial,465,1.86086155308659,laser_off_all_fish,1,,,,,,,
129268,gentle-denoise,fishial,465,1.86086155308659,laser_off_all_fish,1,,,,,,,
129268,bm3d,fishial,465,1.86086155308659,laser_off_all_fish,1,,,,,,,
129269,baseline,fishial,465,1.8344048381107154,laser_off_all_fish,1,,,,,,,
129269,recommended,fishial,465,1.8344048381107154,laser_off_all_fish,1,,,,,,,
129269,recommended-dot,fishial,465,1.8344048381107154,laser_off_all_fish,1,,,,,,,
129269,gentle-denoise,fishial,465,1.8344048381107154,laser_off_all_fish,1,,,,,,,
129269,bm3d,fishial,465,1.8344048381107154,laser_off_all_fish,1,,,,,,,
129273,baseline,fishial,465,2.4021789338838953,laser_off_all_fish,2,,,,,,,
129273,recommended,fishial,465,2.4021789338838953,laser_off_all_fish,1,,,,,,,
129273,recommended-dot,fishial,465,2.4021789338838953,laser_off_all_fish,1,,,,,,,
129273,gentle-denoise,fishial,465,2.4021789338838953,laser_off_all_fish,1,,,,,,,
129273,bm3d,fishial,465,2.4021789338838953,laser_off_all_fish,2,,,,,,,
129275,baseline,fishial,465,2.2045976134819933,laser_off_all_fish,1,,,,,,,
129275,recommended,fishial,465,2.2045976134819933,laser_off_all_fish,1,,,,,,,
129275,recommended-dot,fishial,465,2.2045976134819933,laser_off_all_fish,1,,,,,,,
129275,gentle-denoise,fishial,465,2.2045976134819933,laser_off_all_fish,1,,,,,,,
129275,bm3d,fishial,465,2.2045976134819933,laser_off_all_fish,1,,,,,,,
129276,baseline,fishial,465,2.1302355036457095,laser_off_all_fish,2,,,,,,,
129276,recommended,fishial,465,2.1302355036457095,laser_off_all_fish,2,,,,,,,
129276,recommended-dot,fishial,465,2.1302355036457095,laser_off_all_fish,2,,,,,,,
129276,gentle-denoise,fishial,465,2.1302355036457095,laser_off_all_fish,2,,,,,,,
129276,bm3d,fishial,465,2.1302355036457095,laser_off_all_fish,3,,,,,,,
129278,baseline,fishial,465,2.1433347527969375,no_detections,0,,,,,,,
129278,recommended,fishial,465,2.1433347527969375,laser_off_all_fish,2,,,,,,,
129278,recommended-dot,fishial,465,2.1433347527969375,laser_off_all_fish,2,,,,,,,
129278,gentle-denoise,fishial,465,2.1433347527969375,laser_off_all_fish,2,,,,,,,
129278,bm3d,fishial,465,2.1433347527969375,laser_off_all_fish,3,,,,,,,
129280,baseline,fishial,465,1.8692768102789254,laser_off_all_fish,4,,,,,,,
129280,recommended,fishial,465,1.8692768102789254,laser_off_all_fish,3,,,,,,,
129280,recommended-dot,fishial,465,1.8692768102789254,laser_off_all_fish,3,,,,,,,
129280,gentle-denoise,fishial,465,1.8692768102789254,laser_off_all_fish,3,,,,,,,
129280,bm3d,fishial,465,1.8692768102789254,laser_off_all_fish,4,,,,,,,
129281,baseline,fishial,465,1.8998241437375265,laser_off_all_fish,1,,,,,,,
129281,recommended,fishial,465,1.8998241437375265,laser_off_all_fish,1,,,,,,,
129281,recommended-dot,fishial,465,1.8998241437375265,laser_off_all_fish,1,,,,,,,
129281,gentle-denoise,fishial,465,1.8998241437375265,laser_off_all_fish,1,,,,,,,
129281,bm3d,fishial,465,1.8998241437375265,predicted,2,,15.356858551087413,18.296355597320748,444.11188947434596,440.67221378253475,-0.774506554166435,
129282,baseline,fishial,465,1.9028706177609296,laser_off_all_fish,1,,,,,,,
129282,recommended,fishial,465,1.9028706177609296,laser_off_all_fish,1,,,,,,,
129282,recommended-dot,fishial,465,1.9028706177609296,laser_off_all_fish,1,,,,,,,
129282,gentle-denoise,fishial,465,1.9028706177609296,laser_off_all_fish,1,,,,,,,
129282,bm3d,fishial,465,1.9028706177609296,laser_off_all_fish,1,,,,,,,
129285,baseline,fishial,465,1.6997340907084524,predicted,1,,13.678074430390556,6.126848283086949,500.15662150789785,494.05594222865363,-1.2197537764973654,
129285,recommended,fishial,465,1.6997340907084524,predicted,1,,13.570149270740638,6.7201962819122425,500.15662150789785,489.42692580673855,-2.145267150280019,
129285,recommended-dot,fishial,465,1.6997340907084524,predicted,1,,13.570149270740638,6.7201962819122425,500.15662150789785,489.42692580673855,-2.145267150280019,
129285,gentle-denoise,fishial,465,1.6997340907084524,predicted,1,,13.570149270740638,6.7201962819122425,500.15662150789785,489.42692580673855,-2.145267150280019,
129285,bm3d,fishial,465,1.6997340907084524,predicted,1,,24.10152693586585,6.7201962819122425,500.15662150789785,484.19252453713864,-3.1918195789610535,
129287,baseline,fishial,465,2.536413863922832,no_detections,0,,,,,,,
129287,recommended,fishial,465,2.536413863922832,no_detections,0,,,,,,,
129287,recommended-dot,fishial,465,2.536413863922832,no_detections,0,,,,,,,
129287,gentle-denoise,fishial,465,2.536413863922832,no_detections,0,,,,,,,
129287,bm3d,fishial,465,2.536413863922832,no_detections,0,,,,,,,
129294,baseline,fishial,465,2.241994783403487,no_detections,0,,,,,,,
129294,recommended,fishial,465,2.241994783403487,laser_off_all_fish,1,,,,,,,
129294,recommended-dot,fishial,465,2.241994783403487,laser_off_all_fish,1,,,,,,,
129294,gentle-denoise,fishial,465,2.241994783403487,laser_off_all_fish,1,,,,,,,
129294,bm3d,fishial,465,2.241994783403487,laser_off_all_fish,2,,,,,,,
129298,baseline,fishial,465,1.6985772151237726,no_detections,0,,,,,,,
129298,recommended,fishial,465,1.6985772151237726,no_detections,0,,,,,,,
129298,recommended-dot,fishial,465,1.6985772151237726,no_detections,0,,,,,,,
129298,gentle-denoise,fishial,465,1.6985772151237726,no_detections,0,,,,,,,
129298,bm3d,fishial,465,1.6985772151237726,no_detections,0,,,,,,,
129299,baseline,fishial,465,1.6449089515719553,no_detections,0,,,,,,,
129299,recommended,fishial,465,1.6449089515719553,no_detections,0,,,,,,,
129299,recommended-dot,fishial,465,1.6449089515719553,no_detections,0,,,,,,,
129299,gentle-denoise,fishial,465,1.6449089515719553,no_detections,0,,,,,,,
129299,bm3d,fishial,465,1.6449089515719553,no_detections,0,,,,,,,
129301,baseline,fishial,465,1.652679214799659,no_detections,0,,,,,,,
129301,recommended,fishial,465,1.652679214799659,no_detections,0,,,,,,,
129301,recommended-dot,fishial,465,1.652679214799659,no_detections,0,,,,,,,
129301,gentle-denoise,fishial,465,1.652679214799659,no_detections,0,,,,,,,
129301,bm3d,fishial,465,1.652679214799659,no_detections,0,,,,,,,
129303,baseline,fishial,465,1.3145185555797891,no_detections,0,,,,,,,
129303,recommended,fishial,465,1.3145185555797891,predicted,2,,13.033253864625257,16.925866828393737,555.8852168012659,529.4183996860822,-4.761201830025597,
129303,recommended-dot,fishial,465,1.3145185555797891,predicted,2,,13.033253864625257,16.925866828393737,555.8852168012659,529.4183996860822,-4.761201830025597,
129303,gentle-denoise,fishial,465,1.3145185555797891,predicted,2,,13.033253864625257,16.925866828393737,555.8852168012659,529.4183996860822,-4.761201830025597,
129303,bm3d,fishial,465,1.3145185555797891,predicted,2,,11.534930604583215,69.60960035452645,555.8852168012659,550.3697143799079,-0.9922016730532689,
129304,baseline,fishial,465,1.3138178661850957,no_detections,0,,,,,,,
129304,recommended,fishial,465,1.3138178661850957,laser_off_all_fish,2,,,,,,,
129304,recommended-dot,fishial,465,1.3138178661850957,laser_off_all_fish,2,,,,,,,
129304,gentle-denoise,fishial,465,1.3138178661850957,laser_off_all_fish,2,,,,,,,
129304,bm3d,fishial,465,1.3138178661850957,laser_off_all_fish,1,,,,,,,
129306,baseline,fishial,465,1.258574157664789,laser_off_all_fish,2,,,,,,,
129306,recommended,fishial,465,1.258574157664789,laser_off_all_fish,1,,,,,,,
129306,recommended-dot,fishial,465,1.258574157664789,laser_off_all_fish,1,,,,,,,
129306,gentle-denoise,fishial,465,1.258574157664789,laser_off_all_fish,1,,,,,,,
129306,bm3d,fishial,465,1.258574157664789,laser_off_all_fish,2,,,,,,,
129309,baseline,fishial,465,1.1590247253181003,no_detections,0,,,,,,,
129309,recommended,fishial,465,1.1590247253181003,no_detections,0,,,,,,,
129309,recommended-dot,fishial,465,1.1590247253181003,no_detections,0,,,,,,,
129309,gentle-denoise,fishial,465,1.1590247253181003,no_detections,0,,,,,,,
129309,bm3d,fishial,465,1.1590247253181003,laser_off_all_fish,1,,,,,,,
129311,baseline,fishial,465,1.058319456564158,no_detections,0,,,,,,,
129311,recommended,fishial,465,1.058319456564158,no_detections,0,,,,,,,
129311,recommended-dot,fishial,465,1.058319456564158,no_detections,0,,,,,,,
129311,gentle-denoise,fishial,465,1.058319456564158,no_detections,0,,,,,,,
129311,bm3d,fishial,465,1.058319456564158,no_detections,0,,,,,,,
129312,baseline,fishial,465,1.0529840492979334,no_detections,0,,,,,,,
129312,recommended,fishial,465,1.0529840492979334,no_detections,0,,,,,,,
129312,recommended-dot,fishial,465,1.0529840492979334,no_detections,0,,,,,,,
129312,gentle-denoise,fishial,465,1.0529840492979334,no_detections,0,,,,,,,
129312,bm3d,fishial,465,1.0529840492979334,laser_off_all_fish,1,,,,,,,
129326,baseline,fishial,465,1.6790304534881728,no_detections,0,,,,,,,
129326,recommended,fishial,465,1.6790304534881728,no_detections,0,,,,,,,
129326,recommended-dot,fishial,465,1.6790304534881728,no_detections,0,,,,,,,
129326,gentle-denoise,fishial,465,1.6790304534881728,no_detections,0,,,,,,,
129326,bm3d,fishial,465,1.6790304534881728,no_detections,0,,,,,,,
129327,baseline,fishial,465,1.6638727613769209,no_detections,0,,,,,,,
129327,recommended,fishial,465,1.6638727613769209,no_detections,0,,,,,,,
129327,recommended-dot,fishial,465,1.6638727613769209,no_detections,0,,,,,,,
129327,gentle-denoise,fishial,465,1.6638727613769209,no_detections,0,,,,,,,
129327,bm3d,fishial,465,1.6638727613769209,no_detections,0,,,,,,,
129329,baseline,fishial,465,1.5915200848948128,no_detections,0,,,,,,,
129329,recommended,fishial,465,1.5915200848948128,no_detections,0,,,,,,,
129329,recommended-dot,fishial,465,1.5915200848948128,no_detections,0,,,,,,,
129329,gentle-denoise,fishial,465,1.5915200848948128,no_detections,0,,,,,,,
129329,bm3d,fishial,465,1.5915200848948128,no_detections,0,,,,,,,
129340,baseline,fishial,465,3.0803606126654035,no_detections,0,,,,,,,
129340,recommended,fishial,465,3.0803606126654035,no_detections,0,,,,,,,
129340,recommended-dot,fishial,465,3.0803606126654035,no_detections,0,,,,,,,
129340,gentle-denoise,fishial,465,3.0803606126654035,no_detections,0,,,,,,,
129340,bm3d,fishial,465,3.0803606126654035,laser_off_all_fish,1,,,,,,,
129342,baseline,fishial,465,1.4837591985939347,laser_off_all_fish,3,,,,,,,
129342,recommended,fishial,465,1.4837591985939347,predicted,4,,22.18254220690086,53.79731299369268,417.30180839961963,425.376303994475,1.9349294520964562,
129342,recommended-dot,fishial,465,1.4837591985939347,predicted,4,,22.18254220690086,53.79731299369268,417.30180839961963,425.376303994475,1.9349294520964562,
129342,gentle-denoise,fishial,465,1.4837591985939347,predicted,4,,22.18254220690086,53.79731299369268,417.30180839961963,425.376303994475,1.9349294520964562,
129342,bm3d,fishial,465,1.4837591985939347,predicted,6,,16.767213472300757,59.43558119886715,417.30180839961963,431.74182099954135,3.460328306579866,
129343,baseline,fishial,465,2.4629198966416217,predicted,3,,19.976999868123734,52.18838008073039,508.44859754544655,441.2629601496142,-13.213850469875105,
129343,recommended,fishial,465,2.4629198966416217,predicted,2,,19.976999868123734,44.213562538433145,508.44859754544655,470.9352397092407,-7.378003994366961,
129343,recommended-dot,fishial,465,2.4629198966416217,predicted,2,,19.976999868123734,44.213562538433145,508.44859754544655,470.9352397092407,-7.378003994366961,
129343,gentle-denoise,fishial,465,2.4629198966416217,predicted,2,,19.976999868123734,44.213562538433145,508.44859754544655,470.9352397092407,-7.378003994366961,
129343,bm3d,fishial,465,2.4629198966416217,predicted,3,,18.194712072290525,62.74304838180985,508.44859754544655,436.8822066644509,-14.075442675323504,
129344,baseline,fishial,465,2.5519768786987096,predicted,1,,6.228409805656853,7.59512088420312,531.9990950862637,525.8688049314202,-1.1523121395252445,
129344,recommended,fishial,465,2.5519768786987096,predicted,1,,1.5453688604824514,7.983447884155486,531.9990950862637,524.6150969996955,-1.387971926036979,
129344,recommended-dot,fishial,465,2.5519768786987096,predicted,1,,1.5453688604824514,7.983447884155486,531.9990950862637,524.6150969996955,-1.387971926036979,
129344,gentle-denoise,fishial,465,2.5519768786987096,predicted,1,,1.5453688604824514,7.983447884155486,531.9990950862637,524.6150969996955,-1.387971926036979,
129344,bm3d,fishial,465,2.5519768786987096,predicted,3,,8.974163984909556,4.51140605925383,531.9990950862637,535.7854048030797,0.7117135633853098,
129345,baseline,fishial,465,2.706730291338909,predicted,2,,29.03047488282837,58.900599084841694,472.4702760254879,410.1304962228243,-13.194434224958654,
129345,recommended,fishial,465,2.706730291338909,predicted,2,,14.4804476366827,40.35889689086951,472.4702760254879,428.5907138518052,-9.287264067235325,
129345,recommended-dot,fishial,465,2.706730291338909,predicted,2,,14.4804476366827,40.35889689086951,472.4702760254879,428.5907138518052,-9.287264067235325,
129345,gentle-denoise,fishial,465,2.706730291338909,predicted,2,,14.4804476366827,40.35889689086951,472.4702760254879,428.5907138518052,-9.287264067235325,
129345,bm3d,fishial,465,2.706730291338909,predicted,2,,9.562852417701897,8.696554233972451,472.4702760254879,458.5738762729512,-2.941222010712699,
129355,baseline,fishial,465,1.383555484941833,no_detections,0,,,,,,,
129355,recommended,fishial,465,1.383555484941833,no_detections,0,,,,,,,
129355,recommended-dot,fishial,465,1.383555484941833,no_detections,0,,,,,,,
129355,gentle-denoise,fishial,465,1.383555484941833,no_detections,0,,,,,,,
129355,bm3d,fishial,465,1.383555484941833,no_detections,0,,,,,,,
129357,baseline,fishial,465,1.5327761421217632,predicted,1,,16.609517292612804,75.67333176693374,368.0901386250039,403.43524883182926,9.602297507576976,
129357,recommended,fishial,465,1.5327761421217632,predicted,1,,12.176818274539182,74.72112198169621,368.0901386250039,399.5359808577946,8.542973291883413,
129357,recommended-dot,fishial,465,1.5327761421217632,predicted,1,,12.176818274539182,74.72112198169621,368.0901386250039,399.5359808577946,8.542973291883413,
129357,gentle-denoise,fishial,465,1.5327761421217632,predicted,1,,12.176818274539182,74.72112198169621,368.0901386250039,399.5359808577946,8.542973291883413,
129357,bm3d,fishial,465,1.5327761421217632,predicted,1,,8.547300062281039,68.40868729811453,368.0901386250039,384.32055589279577,4.4093594379953815,
129372,baseline,fishial,465,1.8193129378069082,laser_off_all_fish,1,,,,,,,
129372,recommended,fishial,465,1.8193129378069082,laser_off_all_fish,1,,,,,,,
129372,recommended-dot,fishial,465,1.8193129378069082,laser_off_all_fish,1,,,,,,,
129372,gentle-denoise,fishial,465,1.8193129378069082,laser_off_all_fish,1,,,,,,,
129372,bm3d,fishial,465,1.8193129378069082,laser_off_all_fish,1,,,,,,,
129410,baseline,fishial,471,2.2766508562389522,laser_off_all_fish,1,,,,,,,
129410,recommended,fishial,471,2.2766508562389522,no_detections,0,,,,,,,
129410,recommended-dot,fishial,471,2.2766508562389522,no_detections,0,,,,,,,
129410,gentle-denoise,fishial,471,2.2766508562389522,no_detections,0,,,,,,,
129410,bm3d,fishial,471,2.2766508562389522,no_detections,0,,,,,,,
129412,baseline,fishial,471,3.1601193621262995,no_detections,0,,,,,,,
129412,recommended,fishial,471,3.1601193621262995,laser_off_all_fish,1,,,,,,,
129412,recommended-dot,fishial,471,3.1601193621262995,laser_off_all_fish,1,,,,,,,
129412,gentle-denoise,fishial,471,3.1601193621262995,laser_off_all_fish,1,,,,,,,
129412,bm3d,fishial,471,3.1601193621262995,no_detections,0,,,,,,,
129417,baseline,fishial,471,1.7953939269091446,laser_off_all_fish,1,,,,,,,
129417,recommended,fishial,471,1.7953939269091446,laser_off_all_fish,1,,,,,,,
129417,recommended-dot,fishial,471,1.7953939269091446,laser_off_all_fish,1,,,,,,,
129417,gentle-denoise,fishial,471,1.7953939269091446,laser_off_all_fish,1,,,,,,,
129417,bm3d,fishial,471,1.7953939269091446,laser_off_all_fish,1,,,,,,,
129419,baseline,fishial,471,2.4661505570050064,no_detections,0,,,,,,,
129419,recommended,fishial,471,2.4661505570050064,no_detections,0,,,,,,,
129419,recommended-dot,fishial,471,2.4661505570050064,no_detections,0,,,,,,,
129419,gentle-denoise,fishial,471,2.4661505570050064,no_detections,0,,,,,,,
129419,bm3d,fishial,471,2.4661505570050064,no_detections,0,,,,,,,
129421,baseline,fishial,471,1.5782737565854263,predicted,1,,21.265537360863917,68.40069703671527,437.2026189298683,436.66589303182644,-0.12276365117748204,
129421,recommended,fishial,471,1.5782737565854263,predicted,1,,13.538809394732008,104.66269902749534,437.2026189298683,453.54414255310866,3.7377460508446037,
129421,recommended-dot,fishial,471,1.5782737565854263,predicted,1,,13.538809394732008,104.66269902749534,437.2026189298683,453.54414255310866,3.7377460508446037,
129421,gentle-denoise,fishial,471,1.5782737565854263,predicted,1,,13.538809394732008,104.66269902749534,437.2026189298683,453.54414255310866,3.7377460508446037,
129421,bm3d,fishial,471,1.5782737565854263,predicted,1,,17.235719218562785,84.40290023368689,437.2026189298683,454.1041209956624,3.86582818446137,
129422,baseline,fishial,471,1.4660498936993382,predicted,1,,11.591426083546706,105.73395623894804,513.1259605991729,567.6424931239733,10.624395706103403,
129422,recommended,fishial,471,1.4660498936993382,predicted,1,,10.173585383612584,104.30047384372551,513.1259605991729,571.2600108532016,11.329391751324772,
129422,recommended-dot,fishial,471,1.4660498936993382,predicted,1,,10.173585383612584,104.30047384372551,513.1259605991729,571.2600108532016,11.329391751324772,
129422,gentle-denoise,fishial,471,1.4660498936993382,predicted,1,,10.173585383612584,104.30047384372551,513.1259605991729,571.2600108532016,11.329391751324772,
129422,bm3d,fishial,471,1.4660498936993382,predicted,1,,7.907244556900019,105.73395623894804,513.1259605991729,573.2032798231357,11.708103630892314,
129423,baseline,fishial,471,1.4776411359798851,predicted,1,,16.10872728818613,102.62442661936751,581.5556613657163,599.7376172275232,3.1264343328906157,
129423,recommended,fishial,471,1.4776411359798851,predicted,1,,7.172238073570765,106.32850789150675,581.5556613657163,598.4188819710205,2.899674395001645,
129423,recommended-dot,fishial,471,1.4776411359798851,predicted,1,,7.172238073570765,106.32850789150675,581.5556613657163,598.4188819710205,2.899674395001645,
129423,gentle-denoise,fishial,471,1.4776411359798851,predicted,1,,7.172238073570765,106.32850789150675,581.5556613657163,598.4188819710205,2.899674395001645,
129423,bm3d,fishial,471,1.4776411359798851,predicted,1,,7.729908399279153,102.33395475809093,581.5556613657163,597.4093386799019,2.7260808151974727,
129425,baseline,fishial,471,2.2936999188062783,laser_off_all_fish,2,,,,,,,
129425,recommended,fishial,471,2.2936999188062783,laser_off_all_fish,1,,,,,,,
129425,recommended-dot,fishial,471,2.2936999188062783,laser_off_all_fish,1,,,,,,,
129425,gentle-denoise,fishial,471,2.2936999188062783,laser_off_all_fish,1,,,,,,,
129425,bm3d,fishial,471,2.2936999188062783,laser_off_all_fish,1,,,,,,,
129430,baseline,fishial,471,3.0278640672739816,no_detections,0,,,,,,,
129430,recommended,fishial,471,3.0278640672739816,no_detections,0,,,,,,,
129430,recommended-dot,fishial,471,3.0278640672739816,no_detections,0,,,,,,,
129430,gentle-denoise,fishial,471,3.0278640672739816,no_detections,0,,,,,,,
129430,bm3d,fishial,471,3.0278640672739816,no_detections,0,,,,,,,
129434,baseline,fishial,471,3.7272607021466717,laser_off_all_fish,1,,,,,,,
129434,recommended,fishial,471,3.7272607021466717,laser_off_all_fish,1,,,,,,,
129434,recommended-dot,fishial,471,3.7272607021466717,laser_off_all_fish,1,,,,,,,
129434,gentle-denoise,fishial,471,3.7272607021466717,laser_off_all_fish,1,,,,,,,
129434,bm3d,fishial,471,3.7272607021466717,laser_off_all_fish,2,,,,,,,
129440,baseline,fishial,471,1.9679870346588677,predicted,1,,7.011326157844961,25.998752968414767,609.4989497364816,590.5429704941039,-3.1100921913931674,
129440,recommended,fishial,471,1.9679870346588677,predicted,1,,5.235352169042791,48.92384690729448,609.4989497364816,566.9303308167591,-6.984198896179738,
129440,recommended-dot,fishial,471,1.9679870346588677,predicted,1,,5.235352169042791,48.92384690729448,609.4989497364816,566.9303308167591,-6.984198896179738,
129440,gentle-denoise,fishial,471,1.9679870346588677,predicted,1,,5.235352169042791,48.92384690729448,609.4989497364816,566.9303308167591,-6.984198896179738,
129440,bm3d,fishial,471,1.9679870346588677,predicted,1,,17.322975698117737,10.493973162461012,609.4989497364816,617.3476891988038,1.2877363391217715,
129441,baseline,fishial,471,1.7255786355774418,predicted,1,,13.601761007168554,30.36023365055206,713.0083266574669,700.2360522794144,-1.7913219103524458,
129441,recommended,fishial,471,1.7255786355774418,predicted,1,,13.674594229431776,3.0743950351301406,713.0083266574669,700.5936515468493,-1.7411683211073774,
129441,recommended-dot,fishial,471,1.7255786355774418,predicted,1,,13.674594229431776,3.0743950351301406,713.0083266574669,700.5936515468493,-1.7411683211073774,
129441,gentle-denoise,fishial,471,1.7255786355774418,predicted,1,,13.674594229431776,3.0743950351301406,713.0083266574669,700.5936515468493,-1.7411683211073774,
129441,bm3d,fishial,471,1.7255786355774418,predicted,1,,16.560463620404224,26.47489764316701,713.0083266574669,700.2360522794144,-1.7913219103524458,
129444,baseline,fishial,471,2.344061833649076,laser_off_all_fish,2,,,,,,,
129444,recommended,fishial,471,2.344061833649076,laser_off_all_fish,2,,,,,,,
129444,recommended-dot,fishial,471,2.344061833649076,laser_off_all_fish,2,,,,,,,
129444,gentle-denoise,fishial,471,2.344061833649076,laser_off_all_fish,2,,,,,,,
129444,bm3d,fishial,471,2.344061833649076,laser_off_all_fish,2,,,,,,,
129447,baseline,fishial,471,1.5458545068684946,laser_off_all_fish,1,,,,,,,
129447,recommended,fishial,471,1.5458545068684946,no_detections,0,,,,,,,
129447,recommended-dot,fishial,471,1.5458545068684946,no_detections,0,,,,,,,
129447,gentle-denoise,fishial,471,1.5458545068684946,no_detections,0,,,,,,,
129447,bm3d,fishial,471,1.5458545068684946,no_detections,0,,,,,,,
129457,baseline,fishial,471,1.6778586768912387,predicted,1,,37.494185815369235,50.817430055934715,318.2189198670714,329.77405016463246,3.631188963367715,
129457,recommended,fishial,471,1.6778586768912387,predicted,1,,21.554556197319783,54.79086433335426,318.2189198670714,315.87304599993615,-0.7371886838517295,
129457,recommended-dot,fishial,471,1.6778586768912387,predicted,1,,21.554556197319783,54.79086433335426,318.2189198670714,315.87304599993615,-0.7371886838517295,
129457,gentle-denoise,fishial,471,1.6778586768912387,predicted,1,,21.554556197319783,54.79086433335426,318.2189198670714,315.87304599993615,-0.7371886838517295,
129457,bm3d,fishial,471,1.6778586768912387,predicted,1,,33.046677124807566,54.79086433335426,318.2189198670714,313.9285276129901,-1.3482517808411698,
129458,baseline,fishial,471,1.6504530311462342,predicted,1,,12.3050141063342,81.39994418031938,323.54813991541795,328.8560742179144,1.6405392730380248,
129458,recommended,fishial,471,1.6504530311462342,no_detections,0,,,,,,,
129458,recommended-dot,fishial,471,1.6504530311462342,no_detections,0,,,,,,,
129458,gentle-denoise,fishial,471,1.6504530311462342,no_detections,0,,,,,,,
129458,bm3d,fishial,471,1.6504530311462342,predicted,1,,17.82695980529397,77.7793425447914,323.54813991541795,328.9053049645926,1.6557551684812952,
129459,baseline,fishial,471,1.9696012434074206,no_detections,0,,,,,,,
129459,recommended,fishial,471,1.9696012434074206,no_detections,0,,,,,,,
129459,recommended-dot,fishial,471,1.9696012434074206,no_detections,0,,,,,,,
129459,gentle-denoise,fishial,471,1.9696012434074206,no_detections,0,,,,,,,
129459,bm3d,fishial,471,1.9696012434074206,no_detections,0,,,,,,,
129461,baseline,fishial,471,1.7633055288849928,laser_off_all_fish,1,,,,,,,
129461,recommended,fishial,471,1.7633055288849928,laser_off_all_fish,1,,,,,,,
129461,recommended-dot,fishial,471,1.7633055288849928,laser_off_all_fish,1,,,,,,,
129461,gentle-denoise,fishial,471,1.7633055288849928,laser_off_all_fish,1,,,,,,,
129461,bm3d,fishial,471,1.7633055288849928,laser_off_all_fish,1,,,,,,,
129462,baseline,fishial,471,0.9586437752408011,predicted,4,,14.642370447621174,76.90223528263869,532.672628002719,545.6005865099487,2.426998840864739,
129462,recommended,fishial,471,0.9586437752408011,predicted,4,,18.625721724199867,64.47329866430886,532.672628002719,534.6550289672772,0.3721612225488907,
129462,recommended-dot,fishial,471,0.9586437752408011,predicted,4,,18.625721724199867,64.47329866430886,532.672628002719,534.6550289672772,0.3721612225488907,
129462,gentle-denoise,fishial,471,0.9586437752408011,predicted,4,,18.625721724199867,64.47329866430886,532.672628002719,534.6550289672772,0.3721612225488907,
129462,bm3d,fishial,471,0.9586437752408011,predicted,4,,14.642370447621174,61.494981161675064,532.672628002719,537.7443630573918,0.9521298426182503,
129468,baseline,fishial,471,1.5502015978540007,laser_off_all_fish,7,,,,,,,
129468,recommended,fishial,471,1.5502015978540007,laser_off_all_fish,8,,,,,,,
129468,recommended-dot,fishial,471,1.5502015978540007,laser_off_all_fish,8,,,,,,,
129468,gentle-denoise,fishial,471,1.5502015978540007,laser_off_all_fish,8,,,,,,,
129468,bm3d,fishial,471,1.5502015978540007,laser_off_all_fish,5,,,,,,,
